ISO-10303-21;
HEADER;
FILE_DESCRIPTION(('FreeCAD Model'),'2;1');
FILE_NAME('Open CASCADE Shape Model','2026-03-04T10:18:52',(''),(''),
  'Open CASCADE STEP processor 7.8','FreeCAD','Unknown');
FILE_SCHEMA(('AUTOMOTIVE_DESIGN { 1 0 10303 214 1 1 1 1 }'));
ENDSEC;
DATA;
#1 = APPLICATION_PROTOCOL_DEFINITION('international standard',
  'automotive_design',2000,#2);
#2 = APPLICATION_CONTEXT(
  'core data for automotive mechanical design processes');
#3 = SHAPE_DEFINITION_REPRESENTATION(#4,#10);
#4 = PRODUCT_DEFINITION_SHAPE('','',#5);
#5 = PRODUCT_DEFINITION('design','',#6,#9);
#6 = PRODUCT_DEFINITION_FORMATION('','',#7);
#7 = PRODUCT('Bottom','Bottom','',(#8));
#8 = PRODUCT_CONTEXT('',#2,'mechanical');
#9 = PRODUCT_DEFINITION_CONTEXT('part definition',#2,'design');
#10 = ADVANCED_BREP_SHAPE_REPRESENTATION('',(#11,#15),#3076);
#11 = AXIS2_PLACEMENT_3D('',#12,#13,#14);
#12 = CARTESIAN_POINT('',(0.,0.,0.));
#13 = DIRECTION('',(0.,0.,1.));
#14 = DIRECTION('',(1.,0.,-0.));
#15 = MANIFOLD_SOLID_BREP('',#16);
#16 = CLOSED_SHELL('',(#17,#50,#162,#323,#363,#396,#428,#475,#500,#524,
    #564,#597,#628,#661,#692,#723,#747,#787,#825,#858,#889,#922,#944,
    #975,#1008,#1039,#1072,#1089,#1130,#1205,#1245,#1279,#1324,#1349,
    #1399,#1417,#1443,#1467,#1496,#1513,#1530,#1547,#1564,#1581,#1598,
    #1615,#1632,#1656,#1752,#1778,#1899,#1925,#1950,#1975,#1999,#2024,
    #2057,#2084,#2101,#2140,#2165,#2182,#2251,#2265,#2306,#2325,#2344,
    #2356,#2381,#2398,#2423,#2435,#2447,#2459,#2492,#2531,#2555,#2586,
    #2625,#2649,#2680,#2719,#2743,#2774,#2813,#2835,#2857,#2879,#2906,
    #2916,#2933,#2955,#2965,#2992,#3003,#3020,#3042,#3052));
#17 = ADVANCED_FACE('',(#18),#45,.F.);
#18 = FACE_BOUND('',#19,.F.);
#19 = EDGE_LOOP('',(#20,#30,#37,#38));
#20 = ORIENTED_EDGE('',*,*,#21,.T.);
#21 = EDGE_CURVE('',#22,#24,#26,.T.);
#22 = VERTEX_POINT('',#23);
#23 = CARTESIAN_POINT('',(-8.4,-7.,-1.E-15));
#24 = VERTEX_POINT('',#25);
#25 = CARTESIAN_POINT('',(-8.,-6.6,1.E-15));
#26 = LINE('',#27,#28);
#27 = CARTESIAN_POINT('',(-8.2,-6.8,-1.E-15));
#28 = VECTOR('',#29,1.);
#29 = DIRECTION('',(0.707106781187,0.707106781187,9.E-17));
#30 = ORIENTED_EDGE('',*,*,#31,.F.);
#31 = EDGE_CURVE('',#24,#24,#32,.T.);
#32 = CIRCLE('',#33,8.);
#33 = AXIS2_PLACEMENT_3D('',#34,#35,#36);
#34 = CARTESIAN_POINT('',(0.,-6.6,0.));
#35 = DIRECTION('',(-0.,1.,0.));
#36 = DIRECTION('',(1.,0.,0.));
#37 = ORIENTED_EDGE('',*,*,#21,.F.);
#38 = ORIENTED_EDGE('',*,*,#39,.F.);
#39 = EDGE_CURVE('',#22,#22,#40,.T.);
#40 = CIRCLE('',#41,8.4);
#41 = AXIS2_PLACEMENT_3D('',#42,#43,#44);
#42 = CARTESIAN_POINT('',(0.,-7.,0.));
#43 = DIRECTION('',(0.,-1.,0.));
#44 = DIRECTION('',(1.,0.,0.));
#45 = CONICAL_SURFACE('',#46,8.2,0.785398163397);
#46 = AXIS2_PLACEMENT_3D('',#47,#48,#49);
#47 = CARTESIAN_POINT('',(0.,-6.8,0.));
#48 = DIRECTION('',(0.,-1.,0.));
#49 = DIRECTION('',(1.,0.,0.));
#50 = ADVANCED_FACE('',(#51,#154),#157,.T.);
#51 = FACE_BOUND('',#52,.T.);
#52 = EDGE_LOOP('',(#53,#64,#72,#81,#89,#98,#106,#115,#123,#131,#139,
    #148));
#53 = ORIENTED_EDGE('',*,*,#54,.F.);
#54 = EDGE_CURVE('',#55,#57,#59,.T.);
#55 = VERTEX_POINT('',#56);
#56 = CARTESIAN_POINT('',(-13.87333867194,-7.,-79.79293749911));
#57 = VERTEX_POINT('',#58);
#58 = CARTESIAN_POINT('',(-15.,-7.,-81.1211640736));
#59 = CIRCLE('',#60,3.);
#60 = AXIS2_PLACEMENT_3D('',#61,#62,#63);
#61 = CARTESIAN_POINT('',(-16.62595563098,-7.,-78.6));
#62 = DIRECTION('',(0.,1.,0.));
#63 = DIRECTION('',(0.548796030854,0.,-0.835956288641));
#64 = ORIENTED_EDGE('',*,*,#65,.F.);
#65 = EDGE_CURVE('',#66,#55,#68,.T.);
#66 = VERTEX_POINT('',#67);
#67 = CARTESIAN_POINT('',(3.832589708592,-7.,-38.9377889501));
#68 = LINE('',#69,#70);
#69 = CARTESIAN_POINT('',(-4.531199656162,-7.,-58.23662771109));
#70 = VECTOR('',#71,1.);
#71 = DIRECTION('',(-0.397645833037,0.,-0.917538986348));
#72 = ORIENTED_EDGE('',*,*,#73,.F.);
#73 = EDGE_CURVE('',#74,#66,#76,.T.);
#74 = VERTEX_POINT('',#75);
#75 = CARTESIAN_POINT('',(5.499029684109,-7.,-36.24122940696));
#76 = CIRCLE('',#77,11.);
#77 = AXIS2_PLACEMENT_3D('',#78,#79,#80);
#78 = CARTESIAN_POINT('',(13.925518558418,-7.,-43.31189311351));
#79 = DIRECTION('',(0.,-1.,0.));
#80 = DIRECTION('',(-0.850668509855,0.,0.525702469408));
#81 = ORIENTED_EDGE('',*,*,#82,.F.);
#82 = EDGE_CURVE('',#83,#74,#85,.T.);
#83 = VERTEX_POINT('',#84);
#84 = CARTESIAN_POINT('',(18.298133329357,-7.,-20.98785165575));
#85 = LINE('',#86,#87);
#86 = CARTESIAN_POINT('',(4.904976342083,-7.,-36.94919461151));
#87 = VECTOR('',#88,1.);
#88 = DIRECTION('',(-0.642787609687,0.,-0.766044443119));
#89 = ORIENTED_EDGE('',*,*,#90,.F.);
#90 = EDGE_CURVE('',#91,#83,#93,.T.);
#91 = VERTEX_POINT('',#92);
#92 = CARTESIAN_POINT('',(19.,-7.,-19.05948882669));
#93 = CIRCLE('',#94,3.);
#94 = AXIS2_PLACEMENT_3D('',#95,#96,#97);
#95 = CARTESIAN_POINT('',(16.,-7.,-19.05948882669));
#96 = DIRECTION('',(0.,1.,0.));
#97 = DIRECTION('',(0.939692620786,0.,-0.342020143326));
#98 = ORIENTED_EDGE('',*,*,#99,.F.);
#99 = EDGE_CURVE('',#100,#91,#102,.T.);
#100 = VERTEX_POINT('',#101);
#101 = CARTESIAN_POINT('',(19.,-7.,-9.E-14));
#102 = LINE('',#103,#104);
#103 = CARTESIAN_POINT('',(19.,-7.,-25.90768488188));
#104 = VECTOR('',#105,1.);
#105 = DIRECTION('',(-4.44E-15,0.,-1.));
#106 = ORIENTED_EDGE('',*,*,#107,.F.);
#107 = EDGE_CURVE('',#108,#100,#110,.T.);
#108 = VERTEX_POINT('',#109);
#109 = CARTESIAN_POINT('',(-18.93127906326,-7.,1.614519442112));
#110 = CIRCLE('',#111,19.);
#111 = AXIS2_PLACEMENT_3D('',#112,#113,#114);
#112 = CARTESIAN_POINT('',(0.,-7.,0.));
#113 = DIRECTION('',(-0.,1.,0.));
#114 = DIRECTION('',(1.,0.,0.));
#115 = ORIENTED_EDGE('',*,*,#116,.F.);
#116 = EDGE_CURVE('',#117,#108,#119,.T.);
#117 = VERTEX_POINT('',#118);
#118 = CARTESIAN_POINT('',(-21.,-7.,-22.64256432901));
#119 = LINE('',#120,#121);
#120 = CARTESIAN_POINT('',(-21.29610256171,-7.,-26.11455734501));
#121 = VECTOR('',#122,1.);
#122 = DIRECTION('',(8.497470747957E-02,0.,0.996383108593));
#123 = ORIENTED_EDGE('',*,*,#124,.F.);
#124 = EDGE_CURVE('',#125,#117,#127,.T.);
#125 = VERTEX_POINT('',#126);
#126 = CARTESIAN_POINT('',(-21.,-7.,-55.02857142857));
#127 = LINE('',#128,#129);
#128 = CARTESIAN_POINT('',(-21.,-7.,-26.95));
#129 = VECTOR('',#130,1.);
#130 = DIRECTION('',(-7.E-17,0.,1.));
#131 = ORIENTED_EDGE('',*,*,#132,.T.);
#132 = EDGE_CURVE('',#125,#133,#135,.T.);
#133 = VERTEX_POINT('',#134);
#134 = CARTESIAN_POINT('',(-17.72478758494,-7.,-56.43223389216));
#135 = LINE('',#136,#137);
#136 = CARTESIAN_POINT('',(-13.8474137931,-7.,-58.09396551724));
#137 = VECTOR('',#138,1.);
#138 = DIRECTION('',(0.919145030018,0.,-0.393919298579));
#139 = ORIENTED_EDGE('',*,*,#140,.F.);
#140 = EDGE_CURVE('',#141,#133,#143,.T.);
#141 = VERTEX_POINT('',#142);
#142 = CARTESIAN_POINT('',(-15.,-7.,-59.85297833414));
#143 = ELLIPSE('',#144,5.656854249492,4.);
#144 = AXIS2_PLACEMENT_3D('',#145,#146,#147);
#145 = CARTESIAN_POINT('',(-20.65685424949,-7.,-59.85297833414));
#146 = DIRECTION('',(0.,-1.,0.));
#147 = DIRECTION('',(1.,0.,0.));
#148 = ORIENTED_EDGE('',*,*,#149,.T.);
#149 = EDGE_CURVE('',#141,#57,#150,.T.);
#150 = LINE('',#151,#152);
#151 = CARTESIAN_POINT('',(-15.,-7.,-56.95));
#152 = VECTOR('',#153,1.);
#153 = DIRECTION('',(0.,0.,-1.));
#154 = FACE_BOUND('',#155,.T.);
#155 = EDGE_LOOP('',(#156));
#156 = ORIENTED_EDGE('',*,*,#39,.F.);
#157 = PLANE('',#158);
#158 = AXIS2_PLACEMENT_3D('',#159,#160,#161);
#159 = CARTESIAN_POINT('',(-1.,-7.,-31.3));
#160 = DIRECTION('',(0.,-1.,0.));
#161 = DIRECTION('',(1.,0.,0.));
#162 = ADVANCED_FACE('',(#163),#318,.F.);
#163 = FACE_BOUND('',#164,.F.);
#164 = EDGE_LOOP('',(#165,#173,#182,#190,#199,#207,#216,#224,#233,#241,
    #250,#258,#267,#275,#284,#292,#301,#309,#316,#317));
#165 = ORIENTED_EDGE('',*,*,#166,.T.);
#166 = EDGE_CURVE('',#24,#167,#169,.T.);
#167 = VERTEX_POINT('',#168);
#168 = CARTESIAN_POINT('',(-8.,-1.8,-1.E-15));
#169 = LINE('',#170,#171);
#170 = CARTESIAN_POINT('',(-8.,0.,-9.8E-16));
#171 = VECTOR('',#172,1.);
#172 = DIRECTION('',(0.,1.,0.));
#173 = ORIENTED_EDGE('',*,*,#174,.F.);
#174 = EDGE_CURVE('',#175,#167,#177,.T.);
#175 = VERTEX_POINT('',#176);
#176 = CARTESIAN_POINT('',(-6.5,-1.8,-4.663689526544));
#177 = CIRCLE('',#178,8.);
#178 = AXIS2_PLACEMENT_3D('',#179,#180,#181);
#179 = CARTESIAN_POINT('',(0.,-1.8,0.));
#180 = DIRECTION('',(-0.,1.,0.));
#181 = DIRECTION('',(1.,0.,0.));
#182 = ORIENTED_EDGE('',*,*,#183,.F.);
#183 = EDGE_CURVE('',#184,#175,#186,.T.);
#184 = VERTEX_POINT('',#185);
#185 = CARTESIAN_POINT('',(-6.5,-1.6,-4.663689526544));
#186 = LINE('',#187,#188);
#187 = CARTESIAN_POINT('',(-6.5,0.,-4.663689526544));
#188 = VECTOR('',#189,1.);
#189 = DIRECTION('',(0.,-1.,0.));
#190 = ORIENTED_EDGE('',*,*,#191,.F.);
#191 = EDGE_CURVE('',#192,#184,#194,.T.);
#192 = VERTEX_POINT('',#193);
#193 = CARTESIAN_POINT('',(-4.663689526544,-1.6,-6.5));
#194 = CIRCLE('',#195,8.);
#195 = AXIS2_PLACEMENT_3D('',#196,#197,#198);
#196 = CARTESIAN_POINT('',(0.,-1.6,0.));
#197 = DIRECTION('',(-0.,1.,0.));
#198 = DIRECTION('',(1.,0.,0.));
#199 = ORIENTED_EDGE('',*,*,#200,.F.);
#200 = EDGE_CURVE('',#201,#192,#203,.T.);
#201 = VERTEX_POINT('',#202);
#202 = CARTESIAN_POINT('',(-4.663689526544,-1.8,-6.5));
#203 = LINE('',#204,#205);
#204 = CARTESIAN_POINT('',(-4.663689526544,0.,-6.5));
#205 = VECTOR('',#206,1.);
#206 = DIRECTION('',(0.,1.,0.));
#207 = ORIENTED_EDGE('',*,*,#208,.F.);
#208 = EDGE_CURVE('',#209,#201,#211,.T.);
#209 = VERTEX_POINT('',#210);
#210 = CARTESIAN_POINT('',(4.663689526544,-1.8,-6.5));
#211 = CIRCLE('',#212,8.);
#212 = AXIS2_PLACEMENT_3D('',#213,#214,#215);
#213 = CARTESIAN_POINT('',(0.,-1.8,0.));
#214 = DIRECTION('',(-0.,1.,0.));
#215 = DIRECTION('',(1.,0.,0.));
#216 = ORIENTED_EDGE('',*,*,#217,.F.);
#217 = EDGE_CURVE('',#218,#209,#220,.T.);
#218 = VERTEX_POINT('',#219);
#219 = CARTESIAN_POINT('',(4.663689526544,-1.6,-6.5));
#220 = LINE('',#221,#222);
#221 = CARTESIAN_POINT('',(4.663689526544,0.,-6.5));
#222 = VECTOR('',#223,1.);
#223 = DIRECTION('',(0.,-1.,0.));
#224 = ORIENTED_EDGE('',*,*,#225,.F.);
#225 = EDGE_CURVE('',#226,#218,#228,.T.);
#226 = VERTEX_POINT('',#227);
#227 = CARTESIAN_POINT('',(6.5,-1.6,-4.663689526544));
#228 = CIRCLE('',#229,8.);
#229 = AXIS2_PLACEMENT_3D('',#230,#231,#232);
#230 = CARTESIAN_POINT('',(0.,-1.6,0.));
#231 = DIRECTION('',(-0.,1.,0.));
#232 = DIRECTION('',(1.,0.,0.));
#233 = ORIENTED_EDGE('',*,*,#234,.F.);
#234 = EDGE_CURVE('',#235,#226,#237,.T.);
#235 = VERTEX_POINT('',#236);
#236 = CARTESIAN_POINT('',(6.5,-1.8,-4.663689526544));
#237 = LINE('',#238,#239);
#238 = CARTESIAN_POINT('',(6.5,0.,-4.663689526544));
#239 = VECTOR('',#240,1.);
#240 = DIRECTION('',(0.,1.,0.));
#241 = ORIENTED_EDGE('',*,*,#242,.F.);
#242 = EDGE_CURVE('',#243,#235,#245,.T.);
#243 = VERTEX_POINT('',#244);
#244 = CARTESIAN_POINT('',(6.5,-1.8,4.663689526544));
#245 = CIRCLE('',#246,8.);
#246 = AXIS2_PLACEMENT_3D('',#247,#248,#249);
#247 = CARTESIAN_POINT('',(0.,-1.8,0.));
#248 = DIRECTION('',(-0.,1.,0.));
#249 = DIRECTION('',(1.,0.,0.));
#250 = ORIENTED_EDGE('',*,*,#251,.F.);
#251 = EDGE_CURVE('',#252,#243,#254,.T.);
#252 = VERTEX_POINT('',#253);
#253 = CARTESIAN_POINT('',(6.5,-1.6,4.663689526544));
#254 = LINE('',#255,#256);
#255 = CARTESIAN_POINT('',(6.5,0.,4.663689526544));
#256 = VECTOR('',#257,1.);
#257 = DIRECTION('',(0.,-1.,0.));
#258 = ORIENTED_EDGE('',*,*,#259,.F.);
#259 = EDGE_CURVE('',#260,#252,#262,.T.);
#260 = VERTEX_POINT('',#261);
#261 = CARTESIAN_POINT('',(4.663689526544,-1.6,6.5));
#262 = CIRCLE('',#263,8.);
#263 = AXIS2_PLACEMENT_3D('',#264,#265,#266);
#264 = CARTESIAN_POINT('',(0.,-1.6,0.));
#265 = DIRECTION('',(-0.,1.,0.));
#266 = DIRECTION('',(1.,0.,0.));
#267 = ORIENTED_EDGE('',*,*,#268,.F.);
#268 = EDGE_CURVE('',#269,#260,#271,.T.);
#269 = VERTEX_POINT('',#270);
#270 = CARTESIAN_POINT('',(4.663689526544,-1.8,6.5));
#271 = LINE('',#272,#273);
#272 = CARTESIAN_POINT('',(4.663689526544,0.,6.5));
#273 = VECTOR('',#274,1.);
#274 = DIRECTION('',(0.,1.,0.));
#275 = ORIENTED_EDGE('',*,*,#276,.F.);
#276 = EDGE_CURVE('',#277,#269,#279,.T.);
#277 = VERTEX_POINT('',#278);
#278 = CARTESIAN_POINT('',(-4.663689526544,-1.8,6.5));
#279 = CIRCLE('',#280,8.);
#280 = AXIS2_PLACEMENT_3D('',#281,#282,#283);
#281 = CARTESIAN_POINT('',(0.,-1.8,0.));
#282 = DIRECTION('',(-0.,1.,0.));
#283 = DIRECTION('',(1.,0.,0.));
#284 = ORIENTED_EDGE('',*,*,#285,.F.);
#285 = EDGE_CURVE('',#286,#277,#288,.T.);
#286 = VERTEX_POINT('',#287);
#287 = CARTESIAN_POINT('',(-4.663689526544,-1.6,6.5));
#288 = LINE('',#289,#290);
#289 = CARTESIAN_POINT('',(-4.663689526544,0.,6.5));
#290 = VECTOR('',#291,1.);
#291 = DIRECTION('',(0.,-1.,0.));
#292 = ORIENTED_EDGE('',*,*,#293,.F.);
#293 = EDGE_CURVE('',#294,#286,#296,.T.);
#294 = VERTEX_POINT('',#295);
#295 = CARTESIAN_POINT('',(-6.5,-1.6,4.663689526544));
#296 = CIRCLE('',#297,8.);
#297 = AXIS2_PLACEMENT_3D('',#298,#299,#300);
#298 = CARTESIAN_POINT('',(0.,-1.6,0.));
#299 = DIRECTION('',(-0.,1.,0.));
#300 = DIRECTION('',(1.,0.,0.));
#301 = ORIENTED_EDGE('',*,*,#302,.F.);
#302 = EDGE_CURVE('',#303,#294,#305,.T.);
#303 = VERTEX_POINT('',#304);
#304 = CARTESIAN_POINT('',(-6.5,-1.8,4.663689526544));
#305 = LINE('',#306,#307);
#306 = CARTESIAN_POINT('',(-6.5,0.,4.663689526544));
#307 = VECTOR('',#308,1.);
#308 = DIRECTION('',(0.,1.,0.));
#309 = ORIENTED_EDGE('',*,*,#310,.F.);
#310 = EDGE_CURVE('',#167,#303,#311,.T.);
#311 = CIRCLE('',#312,8.);
#312 = AXIS2_PLACEMENT_3D('',#313,#314,#315);
#313 = CARTESIAN_POINT('',(0.,-1.8,0.));
#314 = DIRECTION('',(-0.,1.,0.));
#315 = DIRECTION('',(1.,0.,0.));
#316 = ORIENTED_EDGE('',*,*,#166,.F.);
#317 = ORIENTED_EDGE('',*,*,#31,.T.);
#318 = CYLINDRICAL_SURFACE('',#319,8.);
#319 = AXIS2_PLACEMENT_3D('',#320,#321,#322);
#320 = CARTESIAN_POINT('',(0.,0.,0.));
#321 = DIRECTION('',(0.,-1.,0.));
#322 = DIRECTION('',(1.,0.,0.));
#323 = ADVANCED_FACE('',(#324),#358,.T.);
#324 = FACE_BOUND('',#325,.T.);
#325 = EDGE_LOOP('',(#326,#336,#344,#352));
#326 = ORIENTED_EDGE('',*,*,#327,.F.);
#327 = EDGE_CURVE('',#328,#330,#332,.T.);
#328 = VERTEX_POINT('',#329);
#329 = CARTESIAN_POINT('',(-22.,-1.,-22.6));
#330 = VERTEX_POINT('',#331);
#331 = CARTESIAN_POINT('',(-20.9963699792,0.,-22.6));
#332 = LINE('',#333,#334);
#333 = CARTESIAN_POINT('',(-21.07157793425,-7.493593604501E-02,-22.6));
#334 = VECTOR('',#335,1.);
#335 = DIRECTION('',(0.708386699591,0.705824541825,0.));
#336 = ORIENTED_EDGE('',*,*,#337,.T.);
#337 = EDGE_CURVE('',#328,#338,#340,.T.);
#338 = VERTEX_POINT('',#339);
#339 = CARTESIAN_POINT('',(-19.92766217185,-1.,1.699494149591));
#340 = LINE('',#341,#342);
#341 = CARTESIAN_POINT('',(-22.29248567031,-1.,-26.02958263753));
#342 = VECTOR('',#343,1.);
#343 = DIRECTION('',(8.497470747957E-02,0.,0.996383108593));
#344 = ORIENTED_EDGE('',*,*,#345,.T.);
#345 = EDGE_CURVE('',#338,#346,#348,.T.);
#346 = VERTEX_POINT('',#347);
#347 = CARTESIAN_POINT('',(-18.93127906326,0.,1.614519442112));
#348 = LINE('',#349,#350);
#349 = CARTESIAN_POINT('',(-19.92766217185,-1.,1.699494149591));
#350 = VECTOR('',#351,1.);
#351 = DIRECTION('',(0.704549252746,0.707106781187,-6.008619188815E-02)
  );
#352 = ORIENTED_EDGE('',*,*,#353,.T.);
#353 = EDGE_CURVE('',#346,#330,#354,.T.);
#354 = LINE('',#355,#356);
#355 = CARTESIAN_POINT('',(-21.29610256171,0.,-26.11455734501));
#356 = VECTOR('',#357,1.);
#357 = DIRECTION('',(-8.497470747957E-02,0.,-0.996383108593));
#358 = PLANE('',#359);
#359 = AXIS2_PLACEMENT_3D('',#360,#361,#362);
#360 = CARTESIAN_POINT('',(-21.79429411601,-0.5,-26.07206999127));
#361 = DIRECTION('',(-0.704549252746,0.707106781187,6.008619188815E-02)
  );
#362 = DIRECTION('',(8.497470747957E-02,9.020562075079E-17,
    0.996383108593));
#363 = ADVANCED_FACE('',(#364),#391,.T.);
#364 = FACE_BOUND('',#365,.T.);
#365 = EDGE_LOOP('',(#366,#367,#376,#384));
#366 = ORIENTED_EDGE('',*,*,#345,.F.);
#367 = ORIENTED_EDGE('',*,*,#368,.T.);
#368 = EDGE_CURVE('',#338,#369,#371,.T.);
#369 = VERTEX_POINT('',#370);
#370 = CARTESIAN_POINT('',(20.,-1.,-9.4E-14));
#371 = CIRCLE('',#372,20.);
#372 = AXIS2_PLACEMENT_3D('',#373,#374,#375);
#373 = CARTESIAN_POINT('',(0.,-1.,0.));
#374 = DIRECTION('',(-0.,1.,0.));
#375 = DIRECTION('',(1.,0.,0.));
#376 = ORIENTED_EDGE('',*,*,#377,.T.);
#377 = EDGE_CURVE('',#369,#378,#380,.T.);
#378 = VERTEX_POINT('',#379);
#379 = CARTESIAN_POINT('',(19.,0.,-9.E-14));
#380 = LINE('',#381,#382);
#381 = CARTESIAN_POINT('',(20.,-1.,-9.445E-14));
#382 = VECTOR('',#383,1.);
#383 = DIRECTION('',(-0.707106781187,0.707106781187,3.34E-15));
#384 = ORIENTED_EDGE('',*,*,#385,.T.);
#385 = EDGE_CURVE('',#378,#346,#386,.T.);
#386 = CIRCLE('',#387,19.);
#387 = AXIS2_PLACEMENT_3D('',#388,#389,#390);
#388 = CARTESIAN_POINT('',(0.,0.,0.));
#389 = DIRECTION('',(0.,-1.,0.));
#390 = DIRECTION('',(1.,0.,0.));
#391 = CONICAL_SURFACE('',#392,19.5,0.785398163397);
#392 = AXIS2_PLACEMENT_3D('',#393,#394,#395);
#393 = CARTESIAN_POINT('',(0.,-0.5,0.));
#394 = DIRECTION('',(0.,-1.,0.));
#395 = DIRECTION('',(1.,0.,0.));
#396 = ADVANCED_FACE('',(#397),#423,.T.);
#397 = FACE_BOUND('',#398,.T.);
#398 = EDGE_LOOP('',(#399,#410,#416,#417));
#399 = ORIENTED_EDGE('',*,*,#400,.F.);
#400 = EDGE_CURVE('',#401,#403,#405,.T.);
#401 = VERTEX_POINT('',#402);
#402 = CARTESIAN_POINT('',(19.,0.,-15.80441413102));
#403 = VERTEX_POINT('',#404);
#404 = CARTESIAN_POINT('',(20.,-1.,-16.80441413102));
#405 = ELLIPSE('',#406,1.414213562373,1.);
#406 = AXIS2_PLACEMENT_3D('',#407,#408,#409);
#407 = CARTESIAN_POINT('',(19.,-5.9E-16,-16.80441413102));
#408 = DIRECTION('',(0.707106781187,0.707106781187,-3.14E-15));
#409 = DIRECTION('',(0.707106781187,-0.707106781187,-3.29E-15));
#410 = ORIENTED_EDGE('',*,*,#411,.T.);
#411 = EDGE_CURVE('',#401,#378,#412,.T.);
#412 = LINE('',#413,#414);
#413 = CARTESIAN_POINT('',(19.,0.,-25.90768488188));
#414 = VECTOR('',#415,1.);
#415 = DIRECTION('',(4.44E-15,0.,1.));
#416 = ORIENTED_EDGE('',*,*,#377,.F.);
#417 = ORIENTED_EDGE('',*,*,#418,.T.);
#418 = EDGE_CURVE('',#369,#403,#419,.T.);
#419 = LINE('',#420,#421);
#420 = CARTESIAN_POINT('',(20.,-1.,-25.90768488188));
#421 = VECTOR('',#422,1.);
#422 = DIRECTION('',(-4.44E-15,0.,-1.));
#423 = PLANE('',#424);
#424 = AXIS2_PLACEMENT_3D('',#425,#426,#427);
#425 = CARTESIAN_POINT('',(19.5,-0.5,-25.90768488188));
#426 = DIRECTION('',(0.707106781187,0.707106781187,-3.14E-15));
#427 = DIRECTION('',(-4.440315292926E-15,-3.152929257636E-19,-1.));
#428 = ADVANCED_FACE('',(#429),#470,.T.);
#429 = FACE_BOUND('',#430,.T.);
#430 = EDGE_LOOP('',(#431,#439,#440,#448,#456,#464));
#431 = ORIENTED_EDGE('',*,*,#432,.F.);
#432 = EDGE_CURVE('',#403,#433,#435,.T.);
#433 = VERTEX_POINT('',#434);
#434 = CARTESIAN_POINT('',(20.,19.,-16.80441413102));
#435 = LINE('',#436,#437);
#436 = CARTESIAN_POINT('',(20.,0.,-16.80441413102));
#437 = VECTOR('',#438,1.);
#438 = DIRECTION('',(0.,1.,0.));
#439 = ORIENTED_EDGE('',*,*,#418,.F.);
#440 = ORIENTED_EDGE('',*,*,#441,.T.);
#441 = EDGE_CURVE('',#369,#442,#444,.T.);
#442 = VERTEX_POINT('',#443);
#443 = CARTESIAN_POINT('',(20.,-6.,-9.4E-14));
#444 = LINE('',#445,#446);
#445 = CARTESIAN_POINT('',(20.,0.,-9.445E-14));
#446 = VECTOR('',#447,1.);
#447 = DIRECTION('',(0.,-1.,0.));
#448 = ORIENTED_EDGE('',*,*,#449,.F.);
#449 = EDGE_CURVE('',#450,#442,#452,.T.);
#450 = VERTEX_POINT('',#451);
#451 = CARTESIAN_POINT('',(20.,-6.,-19.05948882669));
#452 = LINE('',#453,#454);
#453 = CARTESIAN_POINT('',(20.,-6.,-25.90768488188));
#454 = VECTOR('',#455,1.);
#455 = DIRECTION('',(4.44E-15,0.,1.));
#456 = ORIENTED_EDGE('',*,*,#457,.F.);
#457 = EDGE_CURVE('',#458,#450,#460,.T.);
#458 = VERTEX_POINT('',#459);
#459 = CARTESIAN_POINT('',(20.,19.,-19.05948882669));
#460 = LINE('',#461,#462);
#461 = CARTESIAN_POINT('',(20.,0.,-19.05948882669));
#462 = VECTOR('',#463,1.);
#463 = DIRECTION('',(0.,-1.,0.));
#464 = ORIENTED_EDGE('',*,*,#465,.F.);
#465 = EDGE_CURVE('',#433,#458,#466,.T.);
#466 = LINE('',#467,#468);
#467 = CARTESIAN_POINT('',(20.,19.,-34.78652732282));
#468 = VECTOR('',#469,1.);
#469 = DIRECTION('',(-4.44E-15,0.,-1.));
#470 = PLANE('',#471);
#471 = AXIS2_PLACEMENT_3D('',#472,#473,#474);
#472 = CARTESIAN_POINT('',(20.,0.,-20.51536976376));
#473 = DIRECTION('',(1.,0.,-4.44E-15));
#474 = DIRECTION('',(4.44E-15,0.,1.));
#475 = ADVANCED_FACE('',(#476),#495,.T.);
#476 = FACE_BOUND('',#477,.T.);
#477 = EDGE_LOOP('',(#478,#479,#487,#494));
#478 = ORIENTED_EDGE('',*,*,#368,.F.);
#479 = ORIENTED_EDGE('',*,*,#480,.T.);
#480 = EDGE_CURVE('',#338,#481,#483,.T.);
#481 = VERTEX_POINT('',#482);
#482 = CARTESIAN_POINT('',(-19.92766217185,-6.,1.699494149591));
#483 = LINE('',#484,#485);
#484 = CARTESIAN_POINT('',(-19.92766217185,0.,1.699494149591));
#485 = VECTOR('',#486,1.);
#486 = DIRECTION('',(0.,-1.,0.));
#487 = ORIENTED_EDGE('',*,*,#488,.F.);
#488 = EDGE_CURVE('',#442,#481,#489,.T.);
#489 = CIRCLE('',#490,20.);
#490 = AXIS2_PLACEMENT_3D('',#491,#492,#493);
#491 = CARTESIAN_POINT('',(0.,-6.,0.));
#492 = DIRECTION('',(0.,-1.,0.));
#493 = DIRECTION('',(1.,0.,0.));
#494 = ORIENTED_EDGE('',*,*,#441,.F.);
#495 = CYLINDRICAL_SURFACE('',#496,20.);
#496 = AXIS2_PLACEMENT_3D('',#497,#498,#499);
#497 = CARTESIAN_POINT('',(0.,0.,0.));
#498 = DIRECTION('',(0.,-1.,0.));
#499 = DIRECTION('',(1.,0.,0.));
#500 = ADVANCED_FACE('',(#501),#519,.T.);
#501 = FACE_BOUND('',#502,.T.);
#502 = EDGE_LOOP('',(#503,#504,#512,#518));
#503 = ORIENTED_EDGE('',*,*,#337,.F.);
#504 = ORIENTED_EDGE('',*,*,#505,.T.);
#505 = EDGE_CURVE('',#328,#506,#508,.T.);
#506 = VERTEX_POINT('',#507);
#507 = CARTESIAN_POINT('',(-22.,-6.,-22.6));
#508 = LINE('',#509,#510);
#509 = CARTESIAN_POINT('',(-22.,0.,-22.6));
#510 = VECTOR('',#511,1.);
#511 = DIRECTION('',(0.,-1.,0.));
#512 = ORIENTED_EDGE('',*,*,#513,.F.);
#513 = EDGE_CURVE('',#481,#506,#514,.T.);
#514 = LINE('',#515,#516);
#515 = CARTESIAN_POINT('',(-22.29248567031,-6.,-26.02958263753));
#516 = VECTOR('',#517,1.);
#517 = DIRECTION('',(-8.497470747957E-02,0.,-0.996383108593));
#518 = ORIENTED_EDGE('',*,*,#480,.F.);
#519 = PLANE('',#520);
#520 = AXIS2_PLACEMENT_3D('',#521,#522,#523);
#521 = CARTESIAN_POINT('',(-22.,-7.,-22.6));
#522 = DIRECTION('',(-0.996383108593,0.,8.497470747957E-02));
#523 = DIRECTION('',(8.497470747957E-02,5.E-17,0.996383108593));
#524 = ADVANCED_FACE('',(#525),#559,.T.);
#525 = FACE_BOUND('',#526,.T.);
#526 = EDGE_LOOP('',(#527,#537,#545,#553));
#527 = ORIENTED_EDGE('',*,*,#528,.T.);
#528 = EDGE_CURVE('',#529,#531,#533,.T.);
#529 = VERTEX_POINT('',#530);
#530 = CARTESIAN_POINT('',(-18.,19.,-82.6));
#531 = VERTEX_POINT('',#532);
#532 = CARTESIAN_POINT('',(-18.,20.,-81.6));
#533 = LINE('',#534,#535);
#534 = CARTESIAN_POINT('',(-18.,25.5,-76.1));
#535 = VECTOR('',#536,1.);
#536 = DIRECTION('',(0.,0.707106781187,0.707106781187));
#537 = ORIENTED_EDGE('',*,*,#538,.T.);
#538 = EDGE_CURVE('',#531,#539,#541,.T.);
#539 = VERTEX_POINT('',#540);
#540 = CARTESIAN_POINT('',(-16.62595563098,20.,-81.6));
#541 = LINE('',#542,#543);
#542 = CARTESIAN_POINT('',(-11.5,20.,-81.6));
#543 = VECTOR('',#544,1.);
#544 = DIRECTION('',(1.,0.,0.));
#545 = ORIENTED_EDGE('',*,*,#546,.T.);
#546 = EDGE_CURVE('',#539,#547,#549,.T.);
#547 = VERTEX_POINT('',#548);
#548 = CARTESIAN_POINT('',(-16.62595563098,19.,-82.6));
#549 = LINE('',#550,#551);
#550 = CARTESIAN_POINT('',(-16.62595563098,20.,-81.6));
#551 = VECTOR('',#552,1.);
#552 = DIRECTION('',(0.,-0.707106781187,-0.707106781187));
#553 = ORIENTED_EDGE('',*,*,#554,.T.);
#554 = EDGE_CURVE('',#547,#529,#555,.T.);
#555 = LINE('',#556,#557);
#556 = CARTESIAN_POINT('',(-11.5,19.,-82.6));
#557 = VECTOR('',#558,1.);
#558 = DIRECTION('',(-1.,0.,0.));
#559 = PLANE('',#560);
#560 = AXIS2_PLACEMENT_3D('',#561,#562,#563);
#561 = CARTESIAN_POINT('',(-11.5,19.5,-82.1));
#562 = DIRECTION('',(0.,0.707106781187,-0.707106781187));
#563 = DIRECTION('',(-1.,0.,0.));
#564 = ADVANCED_FACE('',(#565),#592,.T.);
#565 = FACE_BOUND('',#566,.T.);
#566 = EDGE_LOOP('',(#567,#577,#584,#585));
#567 = ORIENTED_EDGE('',*,*,#568,.T.);
#568 = EDGE_CURVE('',#569,#571,#573,.T.);
#569 = VERTEX_POINT('',#570);
#570 = CARTESIAN_POINT('',(-13.87333867194,20.,-79.79293749911));
#571 = VERTEX_POINT('',#572);
#572 = CARTESIAN_POINT('',(-12.95579968559,19.,-80.19058333214));
#573 = LINE('',#574,#575);
#574 = CARTESIAN_POINT('',(-13.87333867194,20.,-79.79293749911));
#575 = VECTOR('',#576,1.);
#576 = DIRECTION('',(0.64879803925,-0.707106781187,-0.281178065051));
#577 = ORIENTED_EDGE('',*,*,#578,.T.);
#578 = EDGE_CURVE('',#571,#547,#579,.T.);
#579 = CIRCLE('',#580,4.);
#580 = AXIS2_PLACEMENT_3D('',#581,#582,#583);
#581 = CARTESIAN_POINT('',(-16.62595563098,19.,-78.6));
#582 = DIRECTION('',(0.,1.,0.));
#583 = DIRECTION('',(0.548796030854,0.,-0.835956288641));
#584 = ORIENTED_EDGE('',*,*,#546,.F.);
#585 = ORIENTED_EDGE('',*,*,#586,.T.);
#586 = EDGE_CURVE('',#539,#569,#587,.T.);
#587 = CIRCLE('',#588,3.);
#588 = AXIS2_PLACEMENT_3D('',#589,#590,#591);
#589 = CARTESIAN_POINT('',(-16.62595563098,20.,-78.6));
#590 = DIRECTION('',(0.,-1.,0.));
#591 = DIRECTION('',(0.548796030854,0.,-0.835956288641));
#592 = CONICAL_SURFACE('',#593,3.5,0.785398163397);
#593 = AXIS2_PLACEMENT_3D('',#594,#595,#596);
#594 = CARTESIAN_POINT('',(-16.62595563098,19.5,-78.6));
#595 = DIRECTION('',(0.,-1.,0.));
#596 = DIRECTION('',(0.548796030854,0.,-0.835956288641));
#597 = ADVANCED_FACE('',(#598),#623,.T.);
#598 = FACE_BOUND('',#599,.T.);
#599 = EDGE_LOOP('',(#600,#610,#616,#617));
#600 = ORIENTED_EDGE('',*,*,#601,.T.);
#601 = EDGE_CURVE('',#602,#604,#606,.T.);
#602 = VERTEX_POINT('',#603);
#603 = CARTESIAN_POINT('',(3.832589708592,20.,-38.9377889501));
#604 = VERTEX_POINT('',#605);
#605 = CARTESIAN_POINT('',(4.75012869494,19.,-39.33543478314));
#606 = LINE('',#607,#608);
#607 = CARTESIAN_POINT('',(3.832589708592,20.,-38.9377889501));
#608 = VECTOR('',#609,1.);
#609 = DIRECTION('',(0.64879803925,-0.707106781187,-0.281178065051));
#610 = ORIENTED_EDGE('',*,*,#611,.T.);
#611 = EDGE_CURVE('',#604,#571,#612,.T.);
#612 = LINE('',#613,#614);
#613 = CARTESIAN_POINT('',(-6.853155652546,19.,-66.1091738091));
#614 = VECTOR('',#615,1.);
#615 = DIRECTION('',(-0.397645833037,0.,-0.917538986348));
#616 = ORIENTED_EDGE('',*,*,#568,.F.);
#617 = ORIENTED_EDGE('',*,*,#618,.T.);
#618 = EDGE_CURVE('',#569,#602,#619,.T.);
#619 = LINE('',#620,#621);
#620 = CARTESIAN_POINT('',(-7.770694638893,20.,-65.71152797606));
#621 = VECTOR('',#622,1.);
#622 = DIRECTION('',(0.397645833037,0.,0.917538986348));
#623 = PLANE('',#624);
#624 = AXIS2_PLACEMENT_3D('',#625,#626,#627);
#625 = CARTESIAN_POINT('',(-7.31192514572,19.5,-65.91035089258));
#626 = DIRECTION('',(0.64879803925,0.707106781186,-0.281178065051));
#627 = DIRECTION('',(-0.397645833037,1.110223024625E-16,-0.917538986348)
  );
#628 = ADVANCED_FACE('',(#629),#656,.F.);
#629 = FACE_BOUND('',#630,.F.);
#630 = EDGE_LOOP('',(#631,#640,#641,#650));
#631 = ORIENTED_EDGE('',*,*,#632,.F.);
#632 = EDGE_CURVE('',#602,#633,#635,.T.);
#633 = VERTEX_POINT('',#634);
#634 = CARTESIAN_POINT('',(5.499029684109,20.,-36.24122940696));
#635 = CIRCLE('',#636,11.);
#636 = AXIS2_PLACEMENT_3D('',#637,#638,#639);
#637 = CARTESIAN_POINT('',(13.925518558418,20.,-43.31189311351));
#638 = DIRECTION('',(0.,1.,0.));
#639 = DIRECTION('',(-0.850668509855,0.,0.525702469408));
#640 = ORIENTED_EDGE('',*,*,#601,.T.);
#641 = ORIENTED_EDGE('',*,*,#642,.F.);
#642 = EDGE_CURVE('',#643,#604,#645,.T.);
#643 = VERTEX_POINT('',#644);
#644 = CARTESIAN_POINT('',(6.265074127228,19.,-36.88401701665));
#645 = CIRCLE('',#646,10.);
#646 = AXIS2_PLACEMENT_3D('',#647,#648,#649);
#647 = CARTESIAN_POINT('',(13.925518558418,19.,-43.31189311351));
#648 = DIRECTION('',(0.,-1.,0.));
#649 = DIRECTION('',(-0.850668509855,0.,0.525702469408));
#650 = ORIENTED_EDGE('',*,*,#651,.F.);
#651 = EDGE_CURVE('',#633,#643,#652,.T.);
#652 = LINE('',#653,#654);
#653 = CARTESIAN_POINT('',(5.499029684109,20.,-36.24122940696));
#654 = VECTOR('',#655,1.);
#655 = DIRECTION('',(0.54167522042,-0.707106781187,-0.454519477672));
#656 = CONICAL_SURFACE('',#657,10.5,0.785398163397);
#657 = AXIS2_PLACEMENT_3D('',#658,#659,#660);
#658 = CARTESIAN_POINT('',(13.925518558418,19.5,-43.31189311351));
#659 = DIRECTION('',(0.,1.,0.));
#660 = DIRECTION('',(-0.850668509855,0.,0.525702469408));
#661 = ADVANCED_FACE('',(#662),#687,.T.);
#662 = FACE_BOUND('',#663,.T.);
#663 = EDGE_LOOP('',(#664,#674,#680,#681));
#664 = ORIENTED_EDGE('',*,*,#665,.T.);
#665 = EDGE_CURVE('',#666,#668,#670,.T.);
#666 = VERTEX_POINT('',#667);
#667 = CARTESIAN_POINT('',(18.298133329357,20.,-20.98785165575));
#668 = VERTEX_POINT('',#669);
#669 = CARTESIAN_POINT('',(19.064177772476,19.,-21.63063926544));
#670 = LINE('',#671,#672);
#671 = CARTESIAN_POINT('',(18.298133329357,20.,-20.98785165575));
#672 = VECTOR('',#673,1.);
#673 = DIRECTION('',(0.54167522042,-0.707106781187,-0.454519477672));
#674 = ORIENTED_EDGE('',*,*,#675,.T.);
#675 = EDGE_CURVE('',#668,#643,#676,.T.);
#676 = LINE('',#677,#678);
#677 = CARTESIAN_POINT('',(1.299044348396,19.,-42.8023008465));
#678 = VECTOR('',#679,1.);
#679 = DIRECTION('',(-0.642787609687,0.,-0.766044443119));
#680 = ORIENTED_EDGE('',*,*,#651,.F.);
#681 = ORIENTED_EDGE('',*,*,#682,.T.);
#682 = EDGE_CURVE('',#633,#666,#683,.T.);
#683 = LINE('',#684,#685);
#684 = CARTESIAN_POINT('',(0.532999905277,20.,-42.15951323681));
#685 = VECTOR('',#686,1.);
#686 = DIRECTION('',(0.642787609687,0.,0.766044443119));
#687 = PLANE('',#688);
#688 = AXIS2_PLACEMENT_3D('',#689,#690,#691);
#689 = CARTESIAN_POINT('',(0.916022126837,19.5,-42.48090704166));
#690 = DIRECTION('',(0.54167522042,0.707106781187,-0.454519477672));
#691 = DIRECTION('',(-0.642787609687,-1.665334536938E-16,-0.766044443119
    ));
#692 = ADVANCED_FACE('',(#693),#718,.T.);
#693 = FACE_BOUND('',#694,.T.);
#694 = EDGE_LOOP('',(#695,#703,#710,#711));
#695 = ORIENTED_EDGE('',*,*,#696,.T.);
#696 = EDGE_CURVE('',#697,#458,#699,.T.);
#697 = VERTEX_POINT('',#698);
#698 = CARTESIAN_POINT('',(19.,20.,-19.05948882669));
#699 = LINE('',#700,#701);
#700 = CARTESIAN_POINT('',(19.,20.,-19.05948882669));
#701 = VECTOR('',#702,1.);
#702 = DIRECTION('',(0.707106781187,-0.707106781187,-4.71E-15));
#703 = ORIENTED_EDGE('',*,*,#704,.T.);
#704 = EDGE_CURVE('',#458,#668,#705,.T.);
#705 = CIRCLE('',#706,4.);
#706 = AXIS2_PLACEMENT_3D('',#707,#708,#709);
#707 = CARTESIAN_POINT('',(16.,19.,-19.05948882669));
#708 = DIRECTION('',(0.,1.,0.));
#709 = DIRECTION('',(0.939692620786,0.,-0.342020143326));
#710 = ORIENTED_EDGE('',*,*,#665,.F.);
#711 = ORIENTED_EDGE('',*,*,#712,.T.);
#712 = EDGE_CURVE('',#666,#697,#713,.T.);
#713 = CIRCLE('',#714,3.);
#714 = AXIS2_PLACEMENT_3D('',#715,#716,#717);
#715 = CARTESIAN_POINT('',(16.,20.,-19.05948882669));
#716 = DIRECTION('',(0.,-1.,0.));
#717 = DIRECTION('',(0.939692620786,0.,-0.342020143326));
#718 = CONICAL_SURFACE('',#719,3.5,0.785398163397);
#719 = AXIS2_PLACEMENT_3D('',#720,#721,#722);
#720 = CARTESIAN_POINT('',(16.,19.5,-19.05948882669));
#721 = DIRECTION('',(0.,-1.,0.));
#722 = DIRECTION('',(0.939692620786,0.,-0.342020143326));
#723 = ADVANCED_FACE('',(#724),#742,.T.);
#724 = FACE_BOUND('',#725,.T.);
#725 = EDGE_LOOP('',(#726,#734,#735,#736));
#726 = ORIENTED_EDGE('',*,*,#727,.T.);
#727 = EDGE_CURVE('',#728,#433,#730,.T.);
#728 = VERTEX_POINT('',#729);
#729 = CARTESIAN_POINT('',(19.,20.,-16.80441413102));
#730 = LINE('',#731,#732);
#731 = CARTESIAN_POINT('',(19.,20.,-16.80441413102));
#732 = VECTOR('',#733,1.);
#733 = DIRECTION('',(0.707106781187,-0.707106781187,-3.14E-15));
#734 = ORIENTED_EDGE('',*,*,#465,.T.);
#735 = ORIENTED_EDGE('',*,*,#696,.F.);
#736 = ORIENTED_EDGE('',*,*,#737,.T.);
#737 = EDGE_CURVE('',#697,#728,#738,.T.);
#738 = LINE('',#739,#740);
#739 = CARTESIAN_POINT('',(19.,20.,-34.78652732282));
#740 = VECTOR('',#741,1.);
#741 = DIRECTION('',(4.44E-15,0.,1.));
#742 = PLANE('',#743);
#743 = AXIS2_PLACEMENT_3D('',#744,#745,#746);
#744 = CARTESIAN_POINT('',(19.5,19.5,-34.78652732282));
#745 = DIRECTION('',(0.707106781187,0.707106781187,-3.14E-15));
#746 = DIRECTION('',(-4.440315292926E-15,-3.152929257577E-19,-1.));
#747 = ADVANCED_FACE('',(#748),#782,.T.);
#748 = FACE_BOUND('',#749,.T.);
#749 = EDGE_LOOP('',(#750,#760,#768,#776));
#750 = ORIENTED_EDGE('',*,*,#751,.T.);
#751 = EDGE_CURVE('',#752,#754,#756,.T.);
#752 = VERTEX_POINT('',#753);
#753 = CARTESIAN_POINT('',(-16.,35.,-22.6));
#754 = VERTEX_POINT('',#755);
#755 = CARTESIAN_POINT('',(-16.,19.,-22.6));
#756 = LINE('',#757,#758);
#757 = CARTESIAN_POINT('',(-16.,13.75,-22.6));
#758 = VECTOR('',#759,1.);
#759 = DIRECTION('',(0.,-1.,0.));
#760 = ORIENTED_EDGE('',*,*,#761,.T.);
#761 = EDGE_CURVE('',#754,#762,#764,.T.);
#762 = VERTEX_POINT('',#763);
#763 = CARTESIAN_POINT('',(-15.,20.,-23.6));
#764 = LINE('',#765,#766);
#765 = CARTESIAN_POINT('',(-16.,19.,-22.6));
#766 = VECTOR('',#767,1.);
#767 = DIRECTION('',(0.57735026919,0.57735026919,-0.57735026919));
#768 = ORIENTED_EDGE('',*,*,#769,.T.);
#769 = EDGE_CURVE('',#762,#770,#772,.T.);
#770 = VERTEX_POINT('',#771);
#771 = CARTESIAN_POINT('',(-15.,34.,-23.6));
#772 = LINE('',#773,#774);
#773 = CARTESIAN_POINT('',(-15.,13.75,-23.6));
#774 = VECTOR('',#775,1.);
#775 = DIRECTION('',(0.,1.,0.));
#776 = ORIENTED_EDGE('',*,*,#777,.T.);
#777 = EDGE_CURVE('',#770,#752,#778,.T.);
#778 = LINE('',#779,#780);
#779 = CARTESIAN_POINT('',(-15.,34.,-23.6));
#780 = VECTOR('',#781,1.);
#781 = DIRECTION('',(-0.57735026919,0.57735026919,0.57735026919));
#782 = PLANE('',#783);
#783 = AXIS2_PLACEMENT_3D('',#784,#785,#786);
#784 = CARTESIAN_POINT('',(-15.5,13.75,-23.1));
#785 = DIRECTION('',(0.707106781187,0.,0.707106781187));
#786 = DIRECTION('',(0.707106781187,0.,-0.707106781187));
#787 = ADVANCED_FACE('',(#788),#820,.T.);
#788 = FACE_BOUND('',#789,.T.);
#789 = EDGE_LOOP('',(#790,#800,#808,#814));
#790 = ORIENTED_EDGE('',*,*,#791,.T.);
#791 = EDGE_CURVE('',#792,#794,#796,.T.);
#792 = VERTEX_POINT('',#793);
#793 = CARTESIAN_POINT('',(10.109928283911,20.,-19.08594381858));
#794 = VERTEX_POINT('',#795);
#795 = CARTESIAN_POINT('',(9.861346007933,19.,-18.11733303397));
#796 = LINE('',#797,#798);
#797 = CARTESIAN_POINT('',(10.109928283911,20.,-19.08594381858));
#798 = VECTOR('',#799,1.);
#799 = DIRECTION('',(-0.175774213026,-0.707106781187,0.684911254131));
#800 = ORIENTED_EDGE('',*,*,#801,.T.);
#801 = EDGE_CURVE('',#794,#802,#804,.T.);
#802 = VERTEX_POINT('',#803);
#803 = CARTESIAN_POINT('',(18.751417724022,19.,-15.83580334641));
#804 = LINE('',#805,#806);
#805 = CARTESIAN_POINT('',(6.110677568298,19.,-19.0798968542));
#806 = VECTOR('',#807,1.);
#807 = DIRECTION('',(0.968610784614,0.,0.248582275977));
#808 = ORIENTED_EDGE('',*,*,#809,.T.);
#809 = EDGE_CURVE('',#802,#728,#810,.T.);
#810 = LINE('',#811,#812);
#811 = CARTESIAN_POINT('',(18.751417724022,19.,-15.83580334641));
#812 = VECTOR('',#813,1.);
#813 = DIRECTION('',(0.175774213026,0.707106781187,-0.684911254131));
#814 = ORIENTED_EDGE('',*,*,#815,.T.);
#815 = EDGE_CURVE('',#728,#792,#816,.T.);
#816 = LINE('',#817,#818);
#817 = CARTESIAN_POINT('',(6.359259844275,20.,-20.04850763882));
#818 = VECTOR('',#819,1.);
#819 = DIRECTION('',(-0.968610784614,0.,-0.248582275977));
#820 = PLANE('',#821);
#821 = AXIS2_PLACEMENT_3D('',#822,#823,#824);
#822 = CARTESIAN_POINT('',(6.234968706286,19.5,-19.56420224651));
#823 = DIRECTION('',(-0.175774213026,0.707106781187,0.684911254131));
#824 = DIRECTION('',(0.968610784614,-1.52655665886E-16,0.248582275977));
#825 = ADVANCED_FACE('',(#826),#853,.T.);
#826 = FACE_BOUND('',#827,.T.);
#827 = EDGE_LOOP('',(#828,#838,#845,#846));
#828 = ORIENTED_EDGE('',*,*,#829,.T.);
#829 = EDGE_CURVE('',#830,#832,#834,.T.);
#830 = VERTEX_POINT('',#831);
#831 = CARTESIAN_POINT('',(9.355675111843,20.,-19.39369996107));
#832 = VERTEX_POINT('',#833);
#833 = CARTESIAN_POINT('',(8.855675111843,19.,-18.52767455728));
#834 = LINE('',#835,#836);
#835 = CARTESIAN_POINT('',(9.355675111843,20.,-19.39369996107));
#836 = VECTOR('',#837,1.);
#837 = DIRECTION('',(-0.353553390593,-0.707106781187,0.612372435696));
#838 = ORIENTED_EDGE('',*,*,#839,.T.);
#839 = EDGE_CURVE('',#832,#794,#840,.T.);
#840 = CIRCLE('',#841,4.);
#841 = AXIS2_PLACEMENT_3D('',#842,#843,#844);
#842 = CARTESIAN_POINT('',(10.855675111843,19.,-21.99177617242));
#843 = DIRECTION('',(0.,1.,0.));
#844 = DIRECTION('',(-0.377789354094,0.,0.92589157245));
#845 = ORIENTED_EDGE('',*,*,#791,.F.);
#846 = ORIENTED_EDGE('',*,*,#847,.T.);
#847 = EDGE_CURVE('',#792,#830,#848,.T.);
#848 = CIRCLE('',#849,3.);
#849 = AXIS2_PLACEMENT_3D('',#850,#851,#852);
#850 = CARTESIAN_POINT('',(10.855675111843,20.,-21.99177617242));
#851 = DIRECTION('',(0.,-1.,0.));
#852 = DIRECTION('',(-0.377789354094,0.,0.92589157245));
#853 = CONICAL_SURFACE('',#854,3.5,0.785398163397);
#854 = AXIS2_PLACEMENT_3D('',#855,#856,#857);
#855 = CARTESIAN_POINT('',(10.855675111843,19.5,-21.99177617242));
#856 = DIRECTION('',(0.,-1.,0.));
#857 = DIRECTION('',(-0.377789354094,0.,0.92589157245));
#858 = ADVANCED_FACE('',(#859),#884,.T.);
#859 = FACE_BOUND('',#860,.T.);
#860 = EDGE_LOOP('',(#861,#871,#877,#878));
#861 = ORIENTED_EDGE('',*,*,#862,.T.);
#862 = EDGE_CURVE('',#863,#865,#867,.T.);
#863 = VERTEX_POINT('',#864);
#864 = CARTESIAN_POINT('',(3.230403770386,20.,-22.93012701892));
#865 = VERTEX_POINT('',#866);
#866 = CARTESIAN_POINT('',(2.730403770386,19.,-22.06410161513));
#867 = LINE('',#868,#869);
#868 = CARTESIAN_POINT('',(3.230403770386,20.,-22.93012701892));
#869 = VECTOR('',#870,1.);
#870 = DIRECTION('',(-0.353553390593,-0.707106781187,0.612372435696));
#871 = ORIENTED_EDGE('',*,*,#872,.T.);
#872 = EDGE_CURVE('',#865,#832,#873,.T.);
#873 = LINE('',#874,#875);
#874 = CARTESIAN_POINT('',(-4.976881470689,19.,-26.51390482379));
#875 = VECTOR('',#876,1.);
#876 = DIRECTION('',(0.866025403784,0.,0.5));
#877 = ORIENTED_EDGE('',*,*,#829,.F.);
#878 = ORIENTED_EDGE('',*,*,#879,.T.);
#879 = EDGE_CURVE('',#830,#863,#880,.T.);
#880 = LINE('',#881,#882);
#881 = CARTESIAN_POINT('',(-4.476881470689,20.,-27.37993022757));
#882 = VECTOR('',#883,1.);
#883 = DIRECTION('',(-0.866025403784,0.,-0.5));
#884 = PLANE('',#885);
#885 = AXIS2_PLACEMENT_3D('',#886,#887,#888);
#886 = CARTESIAN_POINT('',(-4.726881470689,19.5,-26.94691752568));
#887 = DIRECTION('',(-0.353553390593,0.707106781187,0.612372435696));
#888 = DIRECTION('',(0.866025403784,2.775557561563E-16,0.5));
#889 = ADVANCED_FACE('',(#890),#917,.F.);
#890 = FACE_BOUND('',#891,.F.);
#891 = EDGE_LOOP('',(#892,#901,#902,#911));
#892 = ORIENTED_EDGE('',*,*,#893,.F.);
#893 = EDGE_CURVE('',#863,#894,#896,.T.);
#894 = VERTEX_POINT('',#895);
#895 = CARTESIAN_POINT('',(0.730403770386,20.,-23.6));
#896 = CIRCLE('',#897,5.);
#897 = AXIS2_PLACEMENT_3D('',#898,#899,#900);
#898 = CARTESIAN_POINT('',(0.730403770386,20.,-18.6));
#899 = DIRECTION('',(0.,1.,0.));
#900 = DIRECTION('',(0.258819045103,0.,-0.965925826289));
#901 = ORIENTED_EDGE('',*,*,#862,.T.);
#902 = ORIENTED_EDGE('',*,*,#903,.F.);
#903 = EDGE_CURVE('',#904,#865,#906,.T.);
#904 = VERTEX_POINT('',#905);
#905 = CARTESIAN_POINT('',(0.730403770386,19.,-22.6));
#906 = CIRCLE('',#907,4.);
#907 = AXIS2_PLACEMENT_3D('',#908,#909,#910);
#908 = CARTESIAN_POINT('',(0.730403770386,19.,-18.6));
#909 = DIRECTION('',(0.,-1.,0.));
#910 = DIRECTION('',(0.258819045103,0.,-0.965925826289));
#911 = ORIENTED_EDGE('',*,*,#912,.F.);
#912 = EDGE_CURVE('',#894,#904,#913,.T.);
#913 = LINE('',#914,#915);
#914 = CARTESIAN_POINT('',(0.730403770386,20.,-23.6));
#915 = VECTOR('',#916,1.);
#916 = DIRECTION('',(2.E-16,-0.707106781187,0.707106781187));
#917 = CONICAL_SURFACE('',#918,4.5,0.785398163397);
#918 = AXIS2_PLACEMENT_3D('',#919,#920,#921);
#919 = CARTESIAN_POINT('',(0.730403770386,19.5,-18.6));
#920 = DIRECTION('',(0.,1.,0.));
#921 = DIRECTION('',(0.258819045103,0.,-0.965925826289));
#922 = ADVANCED_FACE('',(#923),#939,.T.);
#923 = FACE_BOUND('',#924,.T.);
#924 = EDGE_LOOP('',(#925,#931,#932,#938));
#925 = ORIENTED_EDGE('',*,*,#926,.T.);
#926 = EDGE_CURVE('',#754,#904,#927,.T.);
#927 = LINE('',#928,#929);
#928 = CARTESIAN_POINT('',(-10.5,19.,-22.6));
#929 = VECTOR('',#930,1.);
#930 = DIRECTION('',(1.,0.,0.));
#931 = ORIENTED_EDGE('',*,*,#912,.F.);
#932 = ORIENTED_EDGE('',*,*,#933,.T.);
#933 = EDGE_CURVE('',#894,#762,#934,.T.);
#934 = LINE('',#935,#936);
#935 = CARTESIAN_POINT('',(-10.5,20.,-23.6));
#936 = VECTOR('',#937,1.);
#937 = DIRECTION('',(-1.,0.,0.));
#938 = ORIENTED_EDGE('',*,*,#761,.F.);
#939 = PLANE('',#940);
#940 = AXIS2_PLACEMENT_3D('',#941,#942,#943);
#941 = CARTESIAN_POINT('',(-10.5,19.5,-23.1));
#942 = DIRECTION('',(0.,0.707106781187,0.707106781187));
#943 = DIRECTION('',(1.,0.,-0.));
#944 = ADVANCED_FACE('',(#945),#970,.T.);
#945 = FACE_BOUND('',#946,.T.);
#946 = EDGE_LOOP('',(#947,#955,#963,#969));
#947 = ORIENTED_EDGE('',*,*,#948,.T.);
#948 = EDGE_CURVE('',#770,#949,#951,.T.);
#949 = VERTEX_POINT('',#950);
#950 = CARTESIAN_POINT('',(-15.,34.,-33.9431457505));
#951 = LINE('',#952,#953);
#952 = CARTESIAN_POINT('',(-15.,34.,-36.1));
#953 = VECTOR('',#954,1.);
#954 = DIRECTION('',(0.,0.,-1.));
#955 = ORIENTED_EDGE('',*,*,#956,.T.);
#956 = EDGE_CURVE('',#949,#957,#959,.T.);
#957 = VERTEX_POINT('',#958);
#958 = CARTESIAN_POINT('',(-16.,35.,-33.9431457505));
#959 = LINE('',#960,#961);
#960 = CARTESIAN_POINT('',(-15.,34.,-33.9431457505));
#961 = VECTOR('',#962,1.);
#962 = DIRECTION('',(-0.707106781187,0.707106781187,0.));
#963 = ORIENTED_EDGE('',*,*,#964,.T.);
#964 = EDGE_CURVE('',#957,#752,#965,.T.);
#965 = LINE('',#966,#967);
#966 = CARTESIAN_POINT('',(-16.,35.,-36.1));
#967 = VECTOR('',#968,1.);
#968 = DIRECTION('',(0.,0.,1.));
#969 = ORIENTED_EDGE('',*,*,#777,.F.);
#970 = PLANE('',#971);
#971 = AXIS2_PLACEMENT_3D('',#972,#973,#974);
#972 = CARTESIAN_POINT('',(-15.5,34.5,-36.1));
#973 = DIRECTION('',(0.707106781187,0.707106781187,0.));
#974 = DIRECTION('',(0.,0.,-1.));
#975 = ADVANCED_FACE('',(#976),#1003,.T.);
#976 = FACE_BOUND('',#977,.T.);
#977 = EDGE_LOOP('',(#978,#988,#995,#996));
#978 = ORIENTED_EDGE('',*,*,#979,.T.);
#979 = EDGE_CURVE('',#980,#982,#984,.T.);
#980 = VERTEX_POINT('',#981);
#981 = CARTESIAN_POINT('',(-15.,33.12132034356,-36.06446609406));
#982 = VERTEX_POINT('',#983);
#983 = CARTESIAN_POINT('',(-16.,33.828427124746,-36.77157287525));
#984 = LINE('',#985,#986);
#985 = CARTESIAN_POINT('',(-15.,33.12132034356,-36.06446609406));
#986 = VECTOR('',#987,1.);
#987 = DIRECTION('',(-0.707106781187,0.5,-0.5));
#988 = ORIENTED_EDGE('',*,*,#989,.T.);
#989 = EDGE_CURVE('',#982,#957,#990,.T.);
#990 = CIRCLE('',#991,4.);
#991 = AXIS2_PLACEMENT_3D('',#992,#993,#994);
#992 = CARTESIAN_POINT('',(-16.,31.,-33.9431457505));
#993 = DIRECTION('',(1.,0.,0.));
#994 = DIRECTION('',(0.,0.923879532511,-0.382683432365));
#995 = ORIENTED_EDGE('',*,*,#956,.F.);
#996 = ORIENTED_EDGE('',*,*,#997,.T.);
#997 = EDGE_CURVE('',#949,#980,#998,.T.);
#998 = CIRCLE('',#999,3.);
#999 = AXIS2_PLACEMENT_3D('',#1000,#1001,#1002);
#1000 = CARTESIAN_POINT('',(-15.,31.,-33.9431457505));
#1001 = DIRECTION('',(-1.,0.,0.));
#1002 = DIRECTION('',(0.,0.923879532511,-0.382683432365));
#1003 = CONICAL_SURFACE('',#1004,3.5,0.785398163397);
#1004 = AXIS2_PLACEMENT_3D('',#1005,#1006,#1007);
#1005 = CARTESIAN_POINT('',(-15.5,31.,-33.9431457505));
#1006 = DIRECTION('',(-1.,0.,0.));
#1007 = DIRECTION('',(0.,0.923879532511,-0.382683432365));
#1008 = ADVANCED_FACE('',(#1009),#1034,.T.);
#1009 = FACE_BOUND('',#1010,.T.);
#1010 = EDGE_LOOP('',(#1011,#1012,#1020,#1028));
#1011 = ORIENTED_EDGE('',*,*,#979,.F.);
#1012 = ORIENTED_EDGE('',*,*,#1013,.T.);
#1013 = EDGE_CURVE('',#980,#1014,#1016,.T.);
#1014 = VERTEX_POINT('',#1015);
#1015 = CARTESIAN_POINT('',(-15.,20.464466094067,-48.72132034356));
#1016 = LINE('',#1017,#1018);
#1017 = CARTESIAN_POINT('',(-15.,24.667893218814,-44.51789321881));
#1018 = VECTOR('',#1019,1.);
#1019 = DIRECTION('',(0.,-0.707106781187,-0.707106781187));
#1020 = ORIENTED_EDGE('',*,*,#1021,.T.);
#1021 = EDGE_CURVE('',#1014,#1022,#1024,.T.);
#1022 = VERTEX_POINT('',#1023);
#1023 = CARTESIAN_POINT('',(-16.,21.171572875254,-49.42842712474));
#1024 = LINE('',#1025,#1026);
#1025 = CARTESIAN_POINT('',(-15.,20.464466094067,-48.72132034356));
#1026 = VECTOR('',#1027,1.);
#1027 = DIRECTION('',(-0.707106781187,0.5,-0.5));
#1028 = ORIENTED_EDGE('',*,*,#1029,.T.);
#1029 = EDGE_CURVE('',#1022,#982,#1030,.T.);
#1030 = LINE('',#1031,#1032);
#1031 = CARTESIAN_POINT('',(-16.,25.375,-45.225));
#1032 = VECTOR('',#1033,1.);
#1033 = DIRECTION('',(0.,0.707106781187,0.707106781187));
#1034 = PLANE('',#1035);
#1035 = AXIS2_PLACEMENT_3D('',#1036,#1037,#1038);
#1036 = CARTESIAN_POINT('',(-15.5,25.021446609407,-44.8714466094));
#1037 = DIRECTION('',(0.707106781187,0.5,-0.5));
#1038 = DIRECTION('',(-0.57735026919,4.996003610813E-16,-0.816496580928)
  );
#1039 = ADVANCED_FACE('',(#1040),#1067,.F.);
#1040 = FACE_BOUND('',#1041,.F.);
#1041 = EDGE_LOOP('',(#1042,#1051,#1052,#1061));
#1042 = ORIENTED_EDGE('',*,*,#1043,.F.);
#1043 = EDGE_CURVE('',#1014,#1044,#1046,.T.);
#1044 = VERTEX_POINT('',#1045);
#1045 = CARTESIAN_POINT('',(-15.,20.,-49.25685424949));
#1046 = CIRCLE('',#1047,5.);
#1047 = AXIS2_PLACEMENT_3D('',#1048,#1049,#1050);
#1048 = CARTESIAN_POINT('',(-15.,24.,-52.25685424949));
#1049 = DIRECTION('',(1.,0.,0.));
#1050 = DIRECTION('',(0.,-0.923879532511,0.382683432365));
#1051 = ORIENTED_EDGE('',*,*,#1021,.T.);
#1052 = ORIENTED_EDGE('',*,*,#1053,.F.);
#1053 = EDGE_CURVE('',#1054,#1022,#1056,.T.);
#1054 = VERTEX_POINT('',#1055);
#1055 = CARTESIAN_POINT('',(-16.,20.,-52.25685424949));
#1056 = CIRCLE('',#1057,4.);
#1057 = AXIS2_PLACEMENT_3D('',#1058,#1059,#1060);
#1058 = CARTESIAN_POINT('',(-16.,24.,-52.25685424949));
#1059 = DIRECTION('',(-1.,0.,0.));
#1060 = DIRECTION('',(0.,-0.923879532511,0.382683432365));
#1061 = ORIENTED_EDGE('',*,*,#1062,.T.);
#1062 = EDGE_CURVE('',#1054,#1044,#1063,.T.);
#1063 = ( BOUNDED_CURVE() B_SPLINE_CURVE(2,(#1064,#1065,#1066),
.UNSPECIFIED.,.F.,.F.) B_SPLINE_CURVE_WITH_KNOTS((3,3),(0.319223718331,
0.638447436662),.PIECEWISE_BEZIER_KNOTS.) CURVE() 
GEOMETRIC_REPRESENTATION_ITEM() RATIONAL_B_SPLINE_CURVE((1.,
1.06066017178,1.)) REPRESENTATION_ITEM('') );
#1064 = CARTESIAN_POINT('',(-16.,20.,-52.25685424949));
#1065 = CARTESIAN_POINT('',(-16.,20.,-50.92352091615));
#1066 = CARTESIAN_POINT('',(-15.,20.,-49.25685424949));
#1067 = CONICAL_SURFACE('',#1068,4.5,0.785398163397);
#1068 = AXIS2_PLACEMENT_3D('',#1069,#1070,#1071);
#1069 = CARTESIAN_POINT('',(-15.5,24.,-52.25685424949));
#1070 = DIRECTION('',(1.,0.,0.));
#1071 = DIRECTION('',(0.,-0.923879532511,0.382683432365));
#1072 = ADVANCED_FACE('',(#1073),#1084,.T.);
#1073 = FACE_BOUND('',#1074,.T.);
#1074 = EDGE_LOOP('',(#1075,#1076,#1083));
#1075 = ORIENTED_EDGE('',*,*,#809,.F.);
#1076 = ORIENTED_EDGE('',*,*,#1077,.T.);
#1077 = EDGE_CURVE('',#802,#433,#1078,.T.);
#1078 = CIRCLE('',#1079,1.);
#1079 = AXIS2_PLACEMENT_3D('',#1080,#1081,#1082);
#1080 = CARTESIAN_POINT('',(19.,19.,-16.80441413102));
#1081 = DIRECTION('',(0.,1.,0.));
#1082 = DIRECTION('',(0.612950945844,-0.,0.79012096415));
#1083 = ORIENTED_EDGE('',*,*,#727,.F.);
#1084 = CONICAL_SURFACE('',#1085,1.,0.785398163397);
#1085 = AXIS2_PLACEMENT_3D('',#1086,#1087,#1088);
#1086 = CARTESIAN_POINT('',(19.,19.,-16.80441413102));
#1087 = DIRECTION('',(0.,-1.,0.));
#1088 = DIRECTION('',(0.612950945844,0.,0.79012096415));
#1089 = ADVANCED_FACE('',(#1090),#1125,.T.);
#1090 = FACE_BOUND('',#1091,.T.);
#1091 = EDGE_LOOP('',(#1092,#1093,#1094,#1095,#1096,#1097,#1098,#1099,
    #1100,#1101,#1102,#1103,#1104,#1112,#1118,#1119));
#1092 = ORIENTED_EDGE('',*,*,#933,.F.);
#1093 = ORIENTED_EDGE('',*,*,#893,.F.);
#1094 = ORIENTED_EDGE('',*,*,#879,.F.);
#1095 = ORIENTED_EDGE('',*,*,#847,.F.);
#1096 = ORIENTED_EDGE('',*,*,#815,.F.);
#1097 = ORIENTED_EDGE('',*,*,#737,.F.);
#1098 = ORIENTED_EDGE('',*,*,#712,.F.);
#1099 = ORIENTED_EDGE('',*,*,#682,.F.);
#1100 = ORIENTED_EDGE('',*,*,#632,.F.);
#1101 = ORIENTED_EDGE('',*,*,#618,.F.);
#1102 = ORIENTED_EDGE('',*,*,#586,.F.);
#1103 = ORIENTED_EDGE('',*,*,#538,.F.);
#1104 = ORIENTED_EDGE('',*,*,#1105,.T.);
#1105 = EDGE_CURVE('',#531,#1106,#1108,.T.);
#1106 = VERTEX_POINT('',#1107);
#1107 = CARTESIAN_POINT('',(-18.,20.,-52.25685424949));
#1108 = LINE('',#1109,#1110);
#1109 = CARTESIAN_POINT('',(-18.,20.,-50.82884244094));
#1110 = VECTOR('',#1111,1.);
#1111 = DIRECTION('',(0.,0.,1.));
#1112 = ORIENTED_EDGE('',*,*,#1113,.F.);
#1113 = EDGE_CURVE('',#1054,#1106,#1114,.T.);
#1114 = LINE('',#1115,#1116);
#1115 = CARTESIAN_POINT('',(-11.5,20.,-52.25685424949));
#1116 = VECTOR('',#1117,1.);
#1117 = DIRECTION('',(-1.,0.,0.));
#1118 = ORIENTED_EDGE('',*,*,#1062,.T.);
#1119 = ORIENTED_EDGE('',*,*,#1120,.T.);
#1120 = EDGE_CURVE('',#1044,#762,#1121,.T.);
#1121 = LINE('',#1122,#1123);
#1122 = CARTESIAN_POINT('',(-15.,20.,-42.82884244094));
#1123 = VECTOR('',#1124,1.);
#1124 = DIRECTION('',(0.,0.,1.));
#1125 = PLANE('',#1126);
#1126 = AXIS2_PLACEMENT_3D('',#1127,#1128,#1129);
#1127 = CARTESIAN_POINT('',(-1.,20.,-49.05768488188));
#1128 = DIRECTION('',(0.,1.,0.));
#1129 = DIRECTION('',(0.,-0.,1.));
#1130 = ADVANCED_FACE('',(#1131),#1200,.F.);
#1131 = FACE_BOUND('',#1132,.T.);
#1132 = EDGE_LOOP('',(#1133,#1134,#1142,#1150,#1158,#1167,#1175,#1184,
    #1192,#1199));
#1133 = ORIENTED_EDGE('',*,*,#528,.F.);
#1134 = ORIENTED_EDGE('',*,*,#1135,.F.);
#1135 = EDGE_CURVE('',#1136,#529,#1138,.T.);
#1136 = VERTEX_POINT('',#1137);
#1137 = CARTESIAN_POINT('',(-18.,13.,-82.6));
#1138 = LINE('',#1139,#1140);
#1139 = CARTESIAN_POINT('',(-18.,7.,-82.6));
#1140 = VECTOR('',#1141,1.);
#1141 = DIRECTION('',(0.,1.,0.));
#1142 = ORIENTED_EDGE('',*,*,#1143,.F.);
#1143 = EDGE_CURVE('',#1144,#1136,#1146,.T.);
#1144 = VERTEX_POINT('',#1145);
#1145 = CARTESIAN_POINT('',(-18.,13.,-35.6));
#1146 = LINE('',#1147,#1148);
#1147 = CARTESIAN_POINT('',(-18.,13.,-82.6));
#1148 = VECTOR('',#1149,1.);
#1149 = DIRECTION('',(1.3E-16,2.8E-16,-1.));
#1150 = ORIENTED_EDGE('',*,*,#1151,.F.);
#1151 = EDGE_CURVE('',#1152,#1144,#1154,.T.);
#1152 = VERTEX_POINT('',#1153);
#1153 = CARTESIAN_POINT('',(-18.,25.218975032409,-35.6));
#1154 = LINE('',#1155,#1156);
#1155 = CARTESIAN_POINT('',(-18.,13.,-35.6));
#1156 = VECTOR('',#1157,1.);
#1157 = DIRECTION('',(-0.,-1.,-0.));
#1158 = ORIENTED_EDGE('',*,*,#1159,.T.);
#1159 = EDGE_CURVE('',#1152,#1160,#1162,.T.);
#1160 = VERTEX_POINT('',#1161);
#1161 = CARTESIAN_POINT('',(-18.,26.781024967591,-35.6));
#1162 = CIRCLE('',#1163,3.1);
#1163 = AXIS2_PLACEMENT_3D('',#1164,#1165,#1166);
#1164 = CARTESIAN_POINT('',(-18.,26.,-32.6));
#1165 = DIRECTION('',(1.,0.,0.));
#1166 = DIRECTION('',(-0.,1.,0.));
#1167 = ORIENTED_EDGE('',*,*,#1168,.F.);
#1168 = EDGE_CURVE('',#1169,#1160,#1171,.T.);
#1169 = VERTEX_POINT('',#1170);
#1170 = CARTESIAN_POINT('',(-18.,34.640718884498,-35.6));
#1171 = LINE('',#1172,#1173);
#1172 = CARTESIAN_POINT('',(-18.,13.,-35.6));
#1173 = VECTOR('',#1174,1.);
#1174 = DIRECTION('',(-0.,-1.,-0.));
#1175 = ORIENTED_EDGE('',*,*,#1176,.F.);
#1176 = EDGE_CURVE('',#1177,#1169,#1179,.T.);
#1177 = VERTEX_POINT('',#1178);
#1178 = CARTESIAN_POINT('',(-18.,33.828427124746,-36.77157287525));
#1179 = CIRCLE('',#1180,4.);
#1180 = AXIS2_PLACEMENT_3D('',#1181,#1182,#1183);
#1181 = CARTESIAN_POINT('',(-18.,31.,-33.9431457505));
#1182 = DIRECTION('',(1.,0.,0.));
#1183 = DIRECTION('',(0.,0.923879532511,-0.382683432365));
#1184 = ORIENTED_EDGE('',*,*,#1185,.F.);
#1185 = EDGE_CURVE('',#1186,#1177,#1188,.T.);
#1186 = VERTEX_POINT('',#1187);
#1187 = CARTESIAN_POINT('',(-18.,21.171572875254,-49.42842712474));
#1188 = LINE('',#1189,#1190);
#1189 = CARTESIAN_POINT('',(-18.,18.,-52.6));
#1190 = VECTOR('',#1191,1.);
#1191 = DIRECTION('',(0.,0.707106781187,0.707106781187));
#1192 = ORIENTED_EDGE('',*,*,#1193,.F.);
#1193 = EDGE_CURVE('',#1106,#1186,#1194,.T.);
#1194 = CIRCLE('',#1195,4.);
#1195 = AXIS2_PLACEMENT_3D('',#1196,#1197,#1198);
#1196 = CARTESIAN_POINT('',(-18.,24.,-52.25685424949));
#1197 = DIRECTION('',(-1.,0.,0.));
#1198 = DIRECTION('',(0.,-0.923879532511,0.382683432365));
#1199 = ORIENTED_EDGE('',*,*,#1105,.F.);
#1200 = PLANE('',#1201);
#1201 = AXIS2_PLACEMENT_3D('',#1202,#1203,#1204);
#1202 = CARTESIAN_POINT('',(-18.,14.,-52.6));
#1203 = DIRECTION('',(1.,0.,0.));
#1204 = DIRECTION('',(0.,0.,-1.));
#1205 = ADVANCED_FACE('',(#1206),#1240,.T.);
#1206 = FACE_BOUND('',#1207,.T.);
#1207 = EDGE_LOOP('',(#1208,#1209,#1217,#1225,#1233,#1239));
#1208 = ORIENTED_EDGE('',*,*,#554,.F.);
#1209 = ORIENTED_EDGE('',*,*,#1210,.F.);
#1210 = EDGE_CURVE('',#1211,#547,#1213,.T.);
#1211 = VERTEX_POINT('',#1212);
#1212 = CARTESIAN_POINT('',(-16.62595563098,-5.374044369012,-82.6));
#1213 = LINE('',#1214,#1215);
#1214 = CARTESIAN_POINT('',(-16.62595563098,0.,-82.6));
#1215 = VECTOR('',#1216,1.);
#1216 = DIRECTION('',(0.,1.,0.));
#1217 = ORIENTED_EDGE('',*,*,#1218,.T.);
#1218 = EDGE_CURVE('',#1211,#1219,#1221,.T.);
#1219 = VERTEX_POINT('',#1220);
#1220 = CARTESIAN_POINT('',(-22.,0.,-82.6));
#1221 = LINE('',#1222,#1223);
#1222 = CARTESIAN_POINT('',(-18.5,-3.5,-82.6));
#1223 = VECTOR('',#1224,1.);
#1224 = DIRECTION('',(-0.707106781187,0.707106781187,0.));
#1225 = ORIENTED_EDGE('',*,*,#1226,.F.);
#1226 = EDGE_CURVE('',#1227,#1219,#1229,.T.);
#1227 = VERTEX_POINT('',#1228);
#1228 = CARTESIAN_POINT('',(-22.,13.,-82.6));
#1229 = LINE('',#1230,#1231);
#1230 = CARTESIAN_POINT('',(-22.,0.,-82.6));
#1231 = VECTOR('',#1232,1.);
#1232 = DIRECTION('',(0.,-1.,0.));
#1233 = ORIENTED_EDGE('',*,*,#1234,.T.);
#1234 = EDGE_CURVE('',#1227,#1136,#1235,.T.);
#1235 = LINE('',#1236,#1237);
#1236 = CARTESIAN_POINT('',(-22.,13.,-82.6));
#1237 = VECTOR('',#1238,1.);
#1238 = DIRECTION('',(1.,0.,0.));
#1239 = ORIENTED_EDGE('',*,*,#1135,.T.);
#1240 = PLANE('',#1241);
#1241 = AXIS2_PLACEMENT_3D('',#1242,#1243,#1244);
#1242 = CARTESIAN_POINT('',(-22.,0.,-82.6));
#1243 = DIRECTION('',(0.,0.,-1.));
#1244 = DIRECTION('',(1.,0.,0.));
#1245 = ADVANCED_FACE('',(#1246),#1274,.T.);
#1246 = FACE_BOUND('',#1247,.T.);
#1247 = EDGE_LOOP('',(#1248,#1249,#1257,#1266,#1273));
#1248 = ORIENTED_EDGE('',*,*,#578,.F.);
#1249 = ORIENTED_EDGE('',*,*,#1250,.T.);
#1250 = EDGE_CURVE('',#571,#1251,#1253,.T.);
#1251 = VERTEX_POINT('',#1252);
#1252 = CARTESIAN_POINT('',(-12.95579968559,-6.,-80.19058333214));
#1253 = LINE('',#1254,#1255);
#1254 = CARTESIAN_POINT('',(-12.95579968559,0.,-80.19058333214));
#1255 = VECTOR('',#1256,1.);
#1256 = DIRECTION('',(0.,-1.,0.));
#1257 = ORIENTED_EDGE('',*,*,#1258,.F.);
#1258 = EDGE_CURVE('',#1259,#1251,#1261,.T.);
#1259 = VERTEX_POINT('',#1260);
#1260 = CARTESIAN_POINT('',(-16.,-6.,-82.55071886471));
#1261 = CIRCLE('',#1262,4.);
#1262 = AXIS2_PLACEMENT_3D('',#1263,#1264,#1265);
#1263 = CARTESIAN_POINT('',(-16.62595563098,-6.,-78.6));
#1264 = DIRECTION('',(0.,-1.,0.));
#1265 = DIRECTION('',(0.548796030854,0.,-0.835956288641));
#1266 = ORIENTED_EDGE('',*,*,#1267,.T.);
#1267 = EDGE_CURVE('',#1259,#1211,#1268,.T.);
#1268 = ELLIPSE('',#1269,5.656854249492,4.);
#1269 = AXIS2_PLACEMENT_3D('',#1270,#1271,#1272);
#1270 = CARTESIAN_POINT('',(-16.62595563098,-5.374044369012,-78.6));
#1271 = DIRECTION('',(0.707106781187,0.707106781187,-3.08148791102E-33)
  );
#1272 = DIRECTION('',(0.707106781187,-0.707106781187,5.E-17));
#1273 = ORIENTED_EDGE('',*,*,#1210,.T.);
#1274 = CYLINDRICAL_SURFACE('',#1275,4.);
#1275 = AXIS2_PLACEMENT_3D('',#1276,#1277,#1278);
#1276 = CARTESIAN_POINT('',(-16.62595563098,0.,-78.6));
#1277 = DIRECTION('',(0.,-1.,0.));
#1278 = DIRECTION('',(0.548796030854,0.,-0.835956288641));
#1279 = ADVANCED_FACE('',(#1280,#1298),#1319,.T.);
#1280 = FACE_BOUND('',#1281,.T.);
#1281 = EDGE_LOOP('',(#1282,#1283,#1291,#1297));
#1282 = ORIENTED_EDGE('',*,*,#611,.F.);
#1283 = ORIENTED_EDGE('',*,*,#1284,.F.);
#1284 = EDGE_CURVE('',#1285,#604,#1287,.T.);
#1285 = VERTEX_POINT('',#1286);
#1286 = CARTESIAN_POINT('',(4.75012869494,-6.,-39.33543478314));
#1287 = LINE('',#1288,#1289);
#1288 = CARTESIAN_POINT('',(4.75012869494,0.,-39.33543478314));
#1289 = VECTOR('',#1290,1.);
#1290 = DIRECTION('',(0.,1.,0.));
#1291 = ORIENTED_EDGE('',*,*,#1292,.F.);
#1292 = EDGE_CURVE('',#1251,#1285,#1293,.T.);
#1293 = LINE('',#1294,#1295);
#1294 = CARTESIAN_POINT('',(-3.613660669814,-6.,-58.63427354413));
#1295 = VECTOR('',#1296,1.);
#1296 = DIRECTION('',(0.397645833037,0.,0.917538986348));
#1297 = ORIENTED_EDGE('',*,*,#1250,.F.);
#1298 = FACE_BOUND('',#1299,.T.);
#1299 = EDGE_LOOP('',(#1300));
#1300 = ORIENTED_EDGE('',*,*,#1301,.F.);
#1301 = EDGE_CURVE('',#1302,#1302,#1304,.T.);
#1302 = VERTEX_POINT('',#1303);
#1303 = CARTESIAN_POINT('',(-1.857673847492,10.,-54.58246101365));
#1304 = B_SPLINE_CURVE_WITH_KNOTS('',3,(#1305,#1306,#1307,#1308,#1309,
    #1310,#1311,#1312,#1313,#1314,#1315,#1316,#1317,#1318),
  .UNSPECIFIED.,.T.,.F.,(1,3,1,1,1,1,1,1,1,1,1,1,3,1),(-3.590391604103,
    -3.14159265359,-2.692793703077,-2.243994752564,-1.346396851538,
    -0.897597901026,-0.448798950513,0.149599650171,0.448798950513,
    1.346396851538,2.243994752564,2.692793703077,3.14159265359,
    3.590391604103),.UNSPECIFIED.);
#1305 = CARTESIAN_POINT('',(-1.857673847492,10.,-54.58246101365));
#1306 = CARTESIAN_POINT('',(-1.857673847492,9.373196622712,
    -54.58246101365));
#1307 = CARTESIAN_POINT('',(-1.982818221609,8.125702902767,
    -54.87122260156));
#1308 = CARTESIAN_POINT('',(-2.661458972629,6.15737346596,
    -56.43713702855));
#1309 = CARTESIAN_POINT('',(-3.753034306056,5.594824891527,
    -58.95586812478));
#1310 = CARTESIAN_POINT('',(-4.704801258275,6.658572906791,
    -61.1520014978));
#1311 = CARTESIAN_POINT('',(-5.273795741753,8.283205986452,
    -62.46491509637));
#1312 = CARTESIAN_POINT('',(-5.401126703884,10.229825049922,
    -62.75872207791));
#1313 = CARTESIAN_POINT('',(-5.078486402011,12.65357607854,
    -62.01425292737));
#1314 = CARTESIAN_POINT('',(-4.027921079429,14.553684815012,
    -59.59014946371));
#1315 = CARTESIAN_POINT('',(-2.660439248243,13.839044808757,
    -56.43478408832));
#1316 = CARTESIAN_POINT('',(-1.983096794344,11.876467825352,
    -54.87186538799));
#1317 = CARTESIAN_POINT('',(-1.857673847492,10.626803377288,
    -54.58246101365));
#1318 = CARTESIAN_POINT('',(-1.857673847492,10.,-54.58246101365));
#1319 = PLANE('',#1320);
#1320 = AXIS2_PLACEMENT_3D('',#1321,#1322,#1323);
#1321 = CARTESIAN_POINT('',(-14.,0.,-82.6));
#1322 = DIRECTION('',(0.917538986348,0.,-0.397645833037));
#1323 = DIRECTION('',(0.397645833037,0.,0.917538986348));
#1324 = ADVANCED_FACE('',(#1325),#1344,.F.);
#1325 = FACE_BOUND('',#1326,.F.);
#1326 = EDGE_LOOP('',(#1327,#1328,#1337,#1343));
#1327 = ORIENTED_EDGE('',*,*,#1284,.F.);
#1328 = ORIENTED_EDGE('',*,*,#1329,.T.);
#1329 = EDGE_CURVE('',#1285,#1330,#1332,.T.);
#1330 = VERTEX_POINT('',#1331);
#1331 = CARTESIAN_POINT('',(6.265074127228,-6.,-36.88401701665));
#1332 = CIRCLE('',#1333,10.);
#1333 = AXIS2_PLACEMENT_3D('',#1334,#1335,#1336);
#1334 = CARTESIAN_POINT('',(13.925518558418,-6.,-43.31189311351));
#1335 = DIRECTION('',(0.,1.,0.));
#1336 = DIRECTION('',(-0.850668509855,0.,0.525702469408));
#1337 = ORIENTED_EDGE('',*,*,#1338,.F.);
#1338 = EDGE_CURVE('',#643,#1330,#1339,.T.);
#1339 = LINE('',#1340,#1341);
#1340 = CARTESIAN_POINT('',(6.265074127228,0.,-36.88401701665));
#1341 = VECTOR('',#1342,1.);
#1342 = DIRECTION('',(0.,-1.,0.));
#1343 = ORIENTED_EDGE('',*,*,#642,.T.);
#1344 = CYLINDRICAL_SURFACE('',#1345,10.);
#1345 = AXIS2_PLACEMENT_3D('',#1346,#1347,#1348);
#1346 = CARTESIAN_POINT('',(13.925518558418,0.,-43.31189311351));
#1347 = DIRECTION('',(0.,-1.,0.));
#1348 = DIRECTION('',(-0.850668509855,0.,0.525702469408));
#1349 = ADVANCED_FACE('',(#1350,#1368),#1394,.T.);
#1350 = FACE_BOUND('',#1351,.T.);
#1351 = EDGE_LOOP('',(#1352,#1353,#1361,#1367));
#1352 = ORIENTED_EDGE('',*,*,#675,.F.);
#1353 = ORIENTED_EDGE('',*,*,#1354,.F.);
#1354 = EDGE_CURVE('',#1355,#668,#1357,.T.);
#1355 = VERTEX_POINT('',#1356);
#1356 = CARTESIAN_POINT('',(19.064177772476,-6.,-21.63063926544));
#1357 = LINE('',#1358,#1359);
#1358 = CARTESIAN_POINT('',(19.064177772476,0.,-21.63063926544));
#1359 = VECTOR('',#1360,1.);
#1360 = DIRECTION('',(0.,1.,0.));
#1361 = ORIENTED_EDGE('',*,*,#1362,.F.);
#1362 = EDGE_CURVE('',#1330,#1355,#1363,.T.);
#1363 = LINE('',#1364,#1365);
#1364 = CARTESIAN_POINT('',(5.671020785202,-6.,-37.5919822212));
#1365 = VECTOR('',#1366,1.);
#1366 = DIRECTION('',(0.642787609687,0.,0.766044443119));
#1367 = ORIENTED_EDGE('',*,*,#1338,.F.);
#1368 = FACE_BOUND('',#1369,.T.);
#1369 = EDGE_LOOP('',(#1370));
#1370 = ORIENTED_EDGE('',*,*,#1371,.F.);
#1371 = EDGE_CURVE('',#1372,#1372,#1374,.T.);
#1372 = VERTEX_POINT('',#1373);
#1373 = CARTESIAN_POINT('',(13.103787692194,10.,-28.73395555688));
#1374 = B_SPLINE_CURVE_WITH_KNOTS('',3,(#1375,#1376,#1377,#1378,#1379,
    #1380,#1381,#1382,#1383,#1384,#1385,#1386,#1387,#1388,#1389,#1390,
    #1391,#1392,#1393),.UNSPECIFIED.,.T.,.F.,(1,3,1,1,1,1,1,1,1,1,1,1,1,
    1,1,1,1,3,1),(-3.590391604103,-3.14159265359,-2.692793703077,
    -2.243994752564,-1.795195802051,-1.346396851538,-0.897597901026,
    -0.448798950513,-0.149599650171,0.149599650171,0.448798950513,
    0.747998250855,1.047197551197,1.346396851538,1.795195802051,
    2.243994752564,2.692793703077,3.14159265359,3.590391604103),
  .UNSPECIFIED.);
#1375 = CARTESIAN_POINT('',(13.103787692194,10.,-28.73395555688));
#1376 = CARTESIAN_POINT('',(13.103787692194,9.340952610655,
    -28.73395555688));
#1377 = CARTESIAN_POINT('',(12.844825748306,8.032603054756,
    -29.04257438385));
#1378 = CARTESIAN_POINT('',(11.871567111146,6.60902926829,
    -30.20245886121));
#1379 = CARTESIAN_POINT('',(10.568344673834,5.869321811193,
    -31.75557888282));
#1380 = CARTESIAN_POINT('',(9.151245803346,5.869549576406,
    -33.44441155279));
#1381 = CARTESIAN_POINT('',(7.847606035703,6.608437092997,
    -34.99802892933));
#1382 = CARTESIAN_POINT('',(6.983807110228,7.875261616618,
    -36.02746440204));
#1383 = CARTESIAN_POINT('',(6.602362911926,9.32865848137,-36.48205189574
    ));
#1384 = CARTESIAN_POINT('',(6.60233790944,10.67138992915,-36.48208169254
    ));
#1385 = CARTESIAN_POINT('',(6.929085023817,11.916542247727,
    -36.09267964512));
#1386 = CARTESIAN_POINT('',(7.513329044602,12.927571370069,
    -35.39640473439));
#1387 = CARTESIAN_POINT('',(8.2800028344,13.651425907757,-34.48271849105
    ));
#1388 = CARTESIAN_POINT('',(9.308817235996,14.130696884405,
    -33.25662523184));
#1389 = CARTESIAN_POINT('',(10.5682897783,14.130659176739,
    -31.75564430477));
#1390 = CARTESIAN_POINT('',(11.871673514626,13.390914904473,
    -30.20233205448));
#1391 = CARTESIAN_POINT('',(12.844520729882,11.967625853248,
    -29.04293789065));
#1392 = CARTESIAN_POINT('',(13.103787692194,10.659047389345,
    -28.73395555688));
#1393 = CARTESIAN_POINT('',(13.103787692194,10.,-28.73395555688));
#1394 = PLANE('',#1395);
#1395 = AXIS2_PLACEMENT_3D('',#1396,#1397,#1398);
#1396 = CARTESIAN_POINT('',(5.32912943991,0.,-37.99943246023));
#1397 = DIRECTION('',(0.766044443119,0.,-0.642787609687));
#1398 = DIRECTION('',(0.642787609687,0.,0.766044443119));
#1399 = ADVANCED_FACE('',(#1400),#1412,.T.);
#1400 = FACE_BOUND('',#1401,.T.);
#1401 = EDGE_LOOP('',(#1402,#1403,#1404,#1411));
#1402 = ORIENTED_EDGE('',*,*,#704,.F.);
#1403 = ORIENTED_EDGE('',*,*,#457,.T.);
#1404 = ORIENTED_EDGE('',*,*,#1405,.F.);
#1405 = EDGE_CURVE('',#1355,#450,#1406,.T.);
#1406 = CIRCLE('',#1407,4.);
#1407 = AXIS2_PLACEMENT_3D('',#1408,#1409,#1410);
#1408 = CARTESIAN_POINT('',(16.,-6.,-19.05948882669));
#1409 = DIRECTION('',(0.,-1.,0.));
#1410 = DIRECTION('',(0.939692620786,0.,-0.342020143326));
#1411 = ORIENTED_EDGE('',*,*,#1354,.T.);
#1412 = CYLINDRICAL_SURFACE('',#1413,4.);
#1413 = AXIS2_PLACEMENT_3D('',#1414,#1415,#1416);
#1414 = CARTESIAN_POINT('',(16.,0.,-19.05948882669));
#1415 = DIRECTION('',(0.,-1.,0.));
#1416 = DIRECTION('',(0.939692620786,0.,-0.342020143326));
#1417 = ADVANCED_FACE('',(#1418),#1438,.T.);
#1418 = FACE_BOUND('',#1419,.T.);
#1419 = EDGE_LOOP('',(#1420,#1421,#1429,#1436,#1437));
#1420 = ORIENTED_EDGE('',*,*,#1077,.F.);
#1421 = ORIENTED_EDGE('',*,*,#1422,.T.);
#1422 = EDGE_CURVE('',#802,#1423,#1425,.T.);
#1423 = VERTEX_POINT('',#1424);
#1424 = CARTESIAN_POINT('',(18.751417724022,0.,-15.83580334641));
#1425 = LINE('',#1426,#1427);
#1426 = CARTESIAN_POINT('',(18.751417724022,0.,-15.83580334641));
#1427 = VECTOR('',#1428,1.);
#1428 = DIRECTION('',(0.,-1.,0.));
#1429 = ORIENTED_EDGE('',*,*,#1430,.F.);
#1430 = EDGE_CURVE('',#401,#1423,#1431,.T.);
#1431 = CIRCLE('',#1432,1.);
#1432 = AXIS2_PLACEMENT_3D('',#1433,#1434,#1435);
#1433 = CARTESIAN_POINT('',(19.,0.,-16.80441413102));
#1434 = DIRECTION('',(0.,-1.,0.));
#1435 = DIRECTION('',(0.612950945844,0.,0.79012096415));
#1436 = ORIENTED_EDGE('',*,*,#400,.T.);
#1437 = ORIENTED_EDGE('',*,*,#432,.T.);
#1438 = CYLINDRICAL_SURFACE('',#1439,1.);
#1439 = AXIS2_PLACEMENT_3D('',#1440,#1441,#1442);
#1440 = CARTESIAN_POINT('',(19.,0.,-16.80441413102));
#1441 = DIRECTION('',(0.,-1.,0.));
#1442 = DIRECTION('',(0.612950945844,0.,0.79012096415));
#1443 = ADVANCED_FACE('',(#1444),#1462,.T.);
#1444 = FACE_BOUND('',#1445,.T.);
#1445 = EDGE_LOOP('',(#1446,#1447,#1455,#1461));
#1446 = ORIENTED_EDGE('',*,*,#801,.F.);
#1447 = ORIENTED_EDGE('',*,*,#1448,.F.);
#1448 = EDGE_CURVE('',#1449,#794,#1451,.T.);
#1449 = VERTEX_POINT('',#1450);
#1450 = CARTESIAN_POINT('',(9.861346007933,0.,-18.11733303397));
#1451 = LINE('',#1452,#1453);
#1452 = CARTESIAN_POINT('',(9.861346007933,0.,-18.11733303397));
#1453 = VECTOR('',#1454,1.);
#1454 = DIRECTION('',(0.,1.,0.));
#1455 = ORIENTED_EDGE('',*,*,#1456,.F.);
#1456 = EDGE_CURVE('',#1423,#1449,#1457,.T.);
#1457 = LINE('',#1458,#1459);
#1458 = CARTESIAN_POINT('',(2.913717600568,0.,-19.90035807311));
#1459 = VECTOR('',#1460,1.);
#1460 = DIRECTION('',(-0.968610784614,0.,-0.248582275977));
#1461 = ORIENTED_EDGE('',*,*,#1422,.F.);
#1462 = PLANE('',#1463);
#1463 = AXIS2_PLACEMENT_3D('',#1464,#1465,#1466);
#1464 = CARTESIAN_POINT('',(20.,0.,-15.51536976376));
#1465 = DIRECTION('',(-0.248582275977,0.,0.968610784614));
#1466 = DIRECTION('',(-0.968610784614,0.,-0.248582275977));
#1467 = ADVANCED_FACE('',(#1468),#1491,.T.);
#1468 = FACE_BOUND('',#1469,.T.);
#1469 = EDGE_LOOP('',(#1470,#1478,#1484,#1485));
#1470 = ORIENTED_EDGE('',*,*,#1471,.T.);
#1471 = EDGE_CURVE('',#506,#1472,#1474,.T.);
#1472 = VERTEX_POINT('',#1473);
#1473 = CARTESIAN_POINT('',(-22.,-6.,-55.02857142857));
#1474 = LINE('',#1475,#1476);
#1475 = CARTESIAN_POINT('',(-22.,-6.,-26.95));
#1476 = VECTOR('',#1477,1.);
#1477 = DIRECTION('',(7.E-17,0.,-1.));
#1478 = ORIENTED_EDGE('',*,*,#1479,.T.);
#1479 = EDGE_CURVE('',#1472,#125,#1480,.T.);
#1480 = LINE('',#1481,#1482);
#1481 = CARTESIAN_POINT('',(-19.75,-8.25,-55.02857142857));
#1482 = VECTOR('',#1483,1.);
#1483 = DIRECTION('',(0.707106781187,-0.707106781187,-5.8E-16));
#1484 = ORIENTED_EDGE('',*,*,#124,.T.);
#1485 = ORIENTED_EDGE('',*,*,#1486,.T.);
#1486 = EDGE_CURVE('',#117,#506,#1487,.T.);
#1487 = LINE('',#1488,#1489);
#1488 = CARTESIAN_POINT('',(-21.,-7.,-22.64256432901));
#1489 = VECTOR('',#1490,1.);
#1490 = DIRECTION('',(-0.706786728366,0.706786728366,3.008390285156E-02)
  );
#1491 = PLANE('',#1492);
#1492 = AXIS2_PLACEMENT_3D('',#1493,#1494,#1495);
#1493 = CARTESIAN_POINT('',(-21.5,-6.5,-26.95));
#1494 = DIRECTION('',(-0.707106781187,-0.707106781187,-5.E-17));
#1495 = DIRECTION('',(-7.035533905933E-17,-3.553390593274E-19,1.));
#1496 = ADVANCED_FACE('',(#1497),#1508,.T.);
#1497 = FACE_BOUND('',#1498,.T.);
#1498 = EDGE_LOOP('',(#1499,#1500,#1506,#1507));
#1499 = ORIENTED_EDGE('',*,*,#116,.T.);
#1500 = ORIENTED_EDGE('',*,*,#1501,.T.);
#1501 = EDGE_CURVE('',#108,#481,#1502,.T.);
#1502 = LINE('',#1503,#1504);
#1503 = CARTESIAN_POINT('',(-18.93127906326,-7.,1.614519442112));
#1504 = VECTOR('',#1505,1.);
#1505 = DIRECTION('',(-0.704549252746,0.707106781187,6.008619188815E-02)
  );
#1506 = ORIENTED_EDGE('',*,*,#513,.T.);
#1507 = ORIENTED_EDGE('',*,*,#1486,.F.);
#1508 = PLANE('',#1509);
#1509 = AXIS2_PLACEMENT_3D('',#1510,#1511,#1512);
#1510 = CARTESIAN_POINT('',(-21.79429411601,-6.5,-26.07206999127));
#1511 = DIRECTION('',(-0.704549252746,-0.707106781187,6.008619188815E-02
    ));
#1512 = DIRECTION('',(8.497470747957E-02,-6.938893903907E-18,
    0.996383108593));
#1513 = ADVANCED_FACE('',(#1514),#1525,.T.);
#1514 = FACE_BOUND('',#1515,.T.);
#1515 = EDGE_LOOP('',(#1516,#1517,#1518,#1524));
#1516 = ORIENTED_EDGE('',*,*,#1501,.F.);
#1517 = ORIENTED_EDGE('',*,*,#107,.T.);
#1518 = ORIENTED_EDGE('',*,*,#1519,.T.);
#1519 = EDGE_CURVE('',#100,#442,#1520,.T.);
#1520 = LINE('',#1521,#1522);
#1521 = CARTESIAN_POINT('',(19.,-7.,-8.973E-14));
#1522 = VECTOR('',#1523,1.);
#1523 = DIRECTION('',(0.707106781187,0.707106781187,-3.34E-15));
#1524 = ORIENTED_EDGE('',*,*,#488,.T.);
#1525 = CONICAL_SURFACE('',#1526,19.5,0.785398163397);
#1526 = AXIS2_PLACEMENT_3D('',#1527,#1528,#1529);
#1527 = CARTESIAN_POINT('',(0.,-6.5,0.));
#1528 = DIRECTION('',(0.,1.,0.));
#1529 = DIRECTION('',(1.,0.,0.));
#1530 = ADVANCED_FACE('',(#1531),#1542,.T.);
#1531 = FACE_BOUND('',#1532,.T.);
#1532 = EDGE_LOOP('',(#1533,#1534,#1535,#1541));
#1533 = ORIENTED_EDGE('',*,*,#1519,.F.);
#1534 = ORIENTED_EDGE('',*,*,#99,.T.);
#1535 = ORIENTED_EDGE('',*,*,#1536,.T.);
#1536 = EDGE_CURVE('',#91,#450,#1537,.T.);
#1537 = LINE('',#1538,#1539);
#1538 = CARTESIAN_POINT('',(19.,-7.,-19.05948882669));
#1539 = VECTOR('',#1540,1.);
#1540 = DIRECTION('',(0.707106781187,0.707106781187,-3.14E-15));
#1541 = ORIENTED_EDGE('',*,*,#449,.T.);
#1542 = PLANE('',#1543);
#1543 = AXIS2_PLACEMENT_3D('',#1544,#1545,#1546);
#1544 = CARTESIAN_POINT('',(19.5,-6.5,-25.90768488188));
#1545 = DIRECTION('',(0.707106781187,-0.707106781187,-3.14E-15));
#1546 = DIRECTION('',(-4.440315292926E-15,3.152929257609E-19,-1.));
#1547 = ADVANCED_FACE('',(#1548),#1559,.T.);
#1548 = FACE_BOUND('',#1549,.T.);
#1549 = EDGE_LOOP('',(#1550,#1556,#1557,#1558));
#1550 = ORIENTED_EDGE('',*,*,#1551,.T.);
#1551 = EDGE_CURVE('',#83,#1355,#1552,.T.);
#1552 = LINE('',#1553,#1554);
#1553 = CARTESIAN_POINT('',(18.298133329357,-7.,-20.98785165575));
#1554 = VECTOR('',#1555,1.);
#1555 = DIRECTION('',(0.54167522042,0.707106781187,-0.454519477672));
#1556 = ORIENTED_EDGE('',*,*,#1405,.T.);
#1557 = ORIENTED_EDGE('',*,*,#1536,.F.);
#1558 = ORIENTED_EDGE('',*,*,#90,.T.);
#1559 = CONICAL_SURFACE('',#1560,3.5,0.785398163397);
#1560 = AXIS2_PLACEMENT_3D('',#1561,#1562,#1563);
#1561 = CARTESIAN_POINT('',(16.,-6.5,-19.05948882669));
#1562 = DIRECTION('',(0.,1.,0.));
#1563 = DIRECTION('',(0.939692620786,0.,-0.342020143326));
#1564 = ADVANCED_FACE('',(#1565),#1576,.T.);
#1565 = FACE_BOUND('',#1566,.T.);
#1566 = EDGE_LOOP('',(#1567,#1568,#1569,#1575));
#1567 = ORIENTED_EDGE('',*,*,#1551,.F.);
#1568 = ORIENTED_EDGE('',*,*,#82,.T.);
#1569 = ORIENTED_EDGE('',*,*,#1570,.T.);
#1570 = EDGE_CURVE('',#74,#1330,#1571,.T.);
#1571 = LINE('',#1572,#1573);
#1572 = CARTESIAN_POINT('',(5.499029684109,-7.,-36.24122940696));
#1573 = VECTOR('',#1574,1.);
#1574 = DIRECTION('',(0.54167522042,0.707106781187,-0.454519477672));
#1575 = ORIENTED_EDGE('',*,*,#1362,.T.);
#1576 = PLANE('',#1577);
#1577 = AXIS2_PLACEMENT_3D('',#1578,#1579,#1580);
#1578 = CARTESIAN_POINT('',(5.287998563642,-6.5,-37.27058841636));
#1579 = DIRECTION('',(0.54167522042,-0.707106781187,-0.454519477672));
#1580 = DIRECTION('',(-0.642787609687,2.22044604925E-16,-0.766044443119)
  );
#1581 = ADVANCED_FACE('',(#1582),#1593,.F.);
#1582 = FACE_BOUND('',#1583,.F.);
#1583 = EDGE_LOOP('',(#1584,#1585,#1586,#1587));
#1584 = ORIENTED_EDGE('',*,*,#73,.F.);
#1585 = ORIENTED_EDGE('',*,*,#1570,.T.);
#1586 = ORIENTED_EDGE('',*,*,#1329,.F.);
#1587 = ORIENTED_EDGE('',*,*,#1588,.F.);
#1588 = EDGE_CURVE('',#66,#1285,#1589,.T.);
#1589 = LINE('',#1590,#1591);
#1590 = CARTESIAN_POINT('',(3.832589708592,-7.,-38.9377889501));
#1591 = VECTOR('',#1592,1.);
#1592 = DIRECTION('',(0.64879803925,0.707106781187,-0.281178065051));
#1593 = CONICAL_SURFACE('',#1594,10.5,0.785398163397);
#1594 = AXIS2_PLACEMENT_3D('',#1595,#1596,#1597);
#1595 = CARTESIAN_POINT('',(13.925518558418,-6.5,-43.31189311351));
#1596 = DIRECTION('',(0.,-1.,0.));
#1597 = DIRECTION('',(-0.850668509855,0.,0.525702469408));
#1598 = ADVANCED_FACE('',(#1599),#1610,.T.);
#1599 = FACE_BOUND('',#1600,.T.);
#1600 = EDGE_LOOP('',(#1601,#1602,#1603,#1609));
#1601 = ORIENTED_EDGE('',*,*,#1588,.F.);
#1602 = ORIENTED_EDGE('',*,*,#65,.T.);
#1603 = ORIENTED_EDGE('',*,*,#1604,.T.);
#1604 = EDGE_CURVE('',#55,#1251,#1605,.T.);
#1605 = LINE('',#1606,#1607);
#1606 = CARTESIAN_POINT('',(-13.87333867194,-7.,-79.79293749911));
#1607 = VECTOR('',#1608,1.);
#1608 = DIRECTION('',(0.64879803925,0.707106781187,-0.281178065051));
#1609 = ORIENTED_EDGE('',*,*,#1292,.T.);
#1610 = PLANE('',#1611);
#1611 = AXIS2_PLACEMENT_3D('',#1612,#1613,#1614);
#1612 = CARTESIAN_POINT('',(-4.072430162988,-6.5,-58.43545062761));
#1613 = DIRECTION('',(0.64879803925,-0.707106781187,-0.281178065051));
#1614 = DIRECTION('',(-0.397645833037,0.,-0.917538986348));
#1615 = ADVANCED_FACE('',(#1616),#1627,.T.);
#1616 = FACE_BOUND('',#1617,.T.);
#1617 = EDGE_LOOP('',(#1618,#1624,#1625,#1626));
#1618 = ORIENTED_EDGE('',*,*,#1619,.T.);
#1619 = EDGE_CURVE('',#57,#1259,#1620,.T.);
#1620 = B_SPLINE_CURVE_WITH_KNOTS('',2,(#1621,#1622,#1623),
  .UNSPECIFIED.,.F.,.F.,(3,3),(0.,0.280849868033),
  .PIECEWISE_BEZIER_KNOTS.);
#1621 = CARTESIAN_POINT('',(-15.,-7.,-81.1211640736));
#1622 = CARTESIAN_POINT('',(-15.38955650119,-6.610443498803,
    -81.83594146916));
#1623 = CARTESIAN_POINT('',(-16.,-6.,-82.55071886471));
#1624 = ORIENTED_EDGE('',*,*,#1258,.T.);
#1625 = ORIENTED_EDGE('',*,*,#1604,.F.);
#1626 = ORIENTED_EDGE('',*,*,#54,.T.);
#1627 = CONICAL_SURFACE('',#1628,3.5,0.785398163397);
#1628 = AXIS2_PLACEMENT_3D('',#1629,#1630,#1631);
#1629 = CARTESIAN_POINT('',(-16.62595563098,-6.5,-78.6));
#1630 = DIRECTION('',(0.,1.,0.));
#1631 = DIRECTION('',(0.548796030854,0.,-0.835956288641));
#1632 = ADVANCED_FACE('',(#1633),#1651,.F.);
#1633 = FACE_BOUND('',#1634,.T.);
#1634 = EDGE_LOOP('',(#1635,#1636,#1644,#1650));
#1635 = ORIENTED_EDGE('',*,*,#1479,.F.);
#1636 = ORIENTED_EDGE('',*,*,#1637,.F.);
#1637 = EDGE_CURVE('',#1638,#1472,#1640,.T.);
#1638 = VERTEX_POINT('',#1639);
#1639 = CARTESIAN_POINT('',(-22.,-2.724787584941,-56.43223389216));
#1640 = LINE('',#1641,#1642);
#1641 = CARTESIAN_POINT('',(-22.,-9.293103448276,-53.61724137931));
#1642 = VECTOR('',#1643,1.);
#1643 = DIRECTION('',(-3.E-17,-0.919145030018,0.393919298579));
#1644 = ORIENTED_EDGE('',*,*,#1645,.F.);
#1645 = EDGE_CURVE('',#133,#1638,#1646,.T.);
#1646 = LINE('',#1647,#1648);
#1647 = CARTESIAN_POINT('',(-16.36239379247,-8.362393792471,
    -56.43223389216));
#1648 = VECTOR('',#1649,1.);
#1649 = DIRECTION('',(-0.707106781187,0.707106781187,0.));
#1650 = ORIENTED_EDGE('',*,*,#132,.F.);
#1651 = PLANE('',#1652);
#1652 = AXIS2_PLACEMENT_3D('',#1653,#1654,#1655);
#1653 = CARTESIAN_POINT('',(-15.,-7.,-57.6));
#1654 = DIRECTION('',(0.366508333069,0.366508333069,0.855186110494));
#1655 = DIRECTION('',(0.919145030018,-2.914335439641E-16,-0.393919298579
    ));
#1656 = ADVANCED_FACE('',(#1657),#1695,.T.);
#1657 = FACE_BOUND('',#1658,.T.);
#1658 = EDGE_LOOP('',(#1659,#1667,#1678,#1693,#1694));
#1659 = ORIENTED_EDGE('',*,*,#1660,.T.);
#1660 = EDGE_CURVE('',#1302,#1661,#1663,.T.);
#1661 = VERTEX_POINT('',#1662);
#1662 = CARTESIAN_POINT('',(-3.255319680529,10.,-55.5));
#1663 = LINE('',#1664,#1665);
#1664 = CARTESIAN_POINT('',(-1.857673847492,10.,-54.58246101365));
#1665 = VECTOR('',#1666,1.);
#1666 = DIRECTION('',(-0.835956288641,0.,-0.548796030854));
#1667 = ORIENTED_EDGE('',*,*,#1668,.T.);
#1668 = EDGE_CURVE('',#1661,#1669,#1671,.T.);
#1669 = VERTEX_POINT('',#1670);
#1670 = CARTESIAN_POINT('',(-4.688988246604,13.103475295435,
    -58.60108542627));
#1671 = B_SPLINE_CURVE_WITH_KNOTS('',3,(#1672,#1673,#1674,#1675,#1676,
    #1677),.UNSPECIFIED.,.F.,.F.,(4,1,1,4),(-3.14159265359,
    -2.692793703077,-2.243994752564,-1.443098278016),.UNSPECIFIED.);
#1672 = CARTESIAN_POINT('',(-3.255319680529,10.,-55.5));
#1673 = CARTESIAN_POINT('',(-3.255319680529,10.398924964712,-55.5));
#1674 = CARTESIAN_POINT('',(-3.334804450432,11.197347097946,
    -55.65846175889));
#1675 = CARTESIAN_POINT('',(-3.762996986701,12.545841868196,
    -56.52339535851));
#1676 = CARTESIAN_POINT('',(-4.329813121434,13.102434586613,
    -57.76705251503));
#1677 = CARTESIAN_POINT('',(-4.688988246604,13.103475295435,
    -58.60108542627));
#1678 = ORIENTED_EDGE('',*,*,#1679,.T.);
#1679 = EDGE_CURVE('',#1669,#1661,#1680,.T.);
#1680 = B_SPLINE_CURVE_WITH_KNOTS('',3,(#1681,#1682,#1683,#1684,#1685,
    #1686,#1687,#1688,#1689,#1690,#1691,#1692),.UNSPECIFIED.,.F.,.F.,(4,
    1,1,1,1,1,1,1,1,4),(-1.443098278016,-1.346396851538,-0.448798950513,
    -0.149599650171,0.448798950513,0.897597901026,1.346396851538,
    2.243994752564,2.692793703077,3.14159265359),.UNSPECIFIED.);
#1681 = CARTESIAN_POINT('',(-4.688988246604,13.103475295435,
    -58.60108542627));
#1682 = CARTESIAN_POINT('',(-4.732355583162,13.103600952159,
    -58.70178779519));
#1683 = CARTESIAN_POINT('',(-5.177653462629,13.05157936901,
    -59.74277261811));
#1684 = CARTESIAN_POINT('',(-5.722740658105,12.227976429663,
    -61.11978172745));
#1685 = CARTESIAN_POINT('',(-5.993755227898,10.196913306278,
    -61.83718656064));
#1686 = CARTESIAN_POINT('',(-5.885925060154,8.543653081994,
    -61.54634905119));
#1687 = CARTESIAN_POINT('',(-5.409829343541,7.2796953723,-60.32655465848
    ));
#1688 = CARTESIAN_POINT('',(-4.626993408941,6.638527133354,
    -58.42150951897));
#1689 = CARTESIAN_POINT('',(-3.789090474999,7.369974875904,
    -56.57621143385));
#1690 = CARTESIAN_POINT('',(-3.334443667326,8.805741941684,
    -55.65800062133));
#1691 = CARTESIAN_POINT('',(-3.255319680529,9.601075035288,-55.5));
#1692 = CARTESIAN_POINT('',(-3.255319680529,10.,-55.5));
#1693 = ORIENTED_EDGE('',*,*,#1660,.F.);
#1694 = ORIENTED_EDGE('',*,*,#1301,.T.);
#1695 = B_SPLINE_SURFACE_WITH_KNOTS('',3,3,(
    (#1696,#1697,#1698,#1699,#1700,#1701,#1702,#1703,#1704,#1705,#1706
      ,#1707,#1708,#1709)
    ,(#1710,#1711,#1712,#1713,#1714,#1715,#1716,#1717,#1718,#1719,#1720
      ,#1721,#1722,#1723)
    ,(#1724,#1725,#1726,#1727,#1728,#1729,#1730,#1731,#1732,#1733,#1734
      ,#1735,#1736,#1737)
    ,(#1738,#1739,#1740,#1741,#1742,#1743,#1744,#1745,#1746,#1747,#1748
      ,#1749,#1750,#1751
    )),.UNSPECIFIED.,.F.,.T.,.F.,(4,4),(1,3,1,1,1,1,1,1,1,1,1,1,3,1),(0.
    ,1.),(-3.590391604103,-3.14159265359,-2.692793703077,-2.243994752564
    ,-1.346396851538,-0.448798950513,-0.149599650171,0.448798950513,
    0.897597901026,1.346396851538,2.243994752564,2.692793703077,
    3.14159265359,3.590391604103),.UNSPECIFIED.);
#1696 = CARTESIAN_POINT('',(-1.857673847492,10.,-54.58246101365));
#1697 = CARTESIAN_POINT('',(-1.857673847492,10.626803377288,
    -54.58246101365));
#1698 = CARTESIAN_POINT('',(-1.983096794344,11.876467825352,
    -54.87186538799));
#1699 = CARTESIAN_POINT('',(-2.660439248243,13.839044808757,
    -56.43478408832));
#1700 = CARTESIAN_POINT('',(-4.027921079429,14.553684815012,
    -59.59014946371));
#1701 = CARTESIAN_POINT('',(-5.078486402011,12.65357607854,
    -62.01425292737));
#1702 = CARTESIAN_POINT('',(-5.401126703884,10.229825049922,
    -62.75872207791));
#1703 = CARTESIAN_POINT('',(-5.273795741753,8.283205986452,
    -62.46491509637));
#1704 = CARTESIAN_POINT('',(-4.704801258275,6.658572906791,
    -61.1520014978));
#1705 = CARTESIAN_POINT('',(-3.753034306056,5.594824891527,
    -58.95586812478));
#1706 = CARTESIAN_POINT('',(-2.661458972629,6.15737346596,
    -56.43713702855));
#1707 = CARTESIAN_POINT('',(-1.982818221609,8.125702902767,
    -54.87122260156));
#1708 = CARTESIAN_POINT('',(-1.857673847492,9.373196622712,
    -54.58246101365));
#1709 = CARTESIAN_POINT('',(-1.857673847492,10.,-54.58246101365));
#1710 = CARTESIAN_POINT('',(-2.323555791837,10.,-54.88830734243));
#1711 = CARTESIAN_POINT('',(-2.323555791837,10.550843906429,
    -54.88830734243));
#1712 = CARTESIAN_POINT('',(-2.43366601304,11.65009424955,
    -55.13406417829));
#1713 = CARTESIAN_POINT('',(-3.036084677534,13.433568723025,
    -56.48073577751));
#1714 = CARTESIAN_POINT('',(-4.298664530373,14.222966607534,
    -59.35682260872));
#1715 = CARTESIAN_POINT('',(-5.293237820709,12.511709528914,
    -61.71609586073));
#1716 = CARTESIAN_POINT('',(-5.598669545222,10.218854468707,
    -62.45154357215));
#1717 = CARTESIAN_POINT('',(-5.477838847887,8.370021684966,
    -62.15872641464));
#1718 = CARTESIAN_POINT('',(-4.93981062003,6.865613728627,
    -60.87685255136));
#1719 = CARTESIAN_POINT('',(-4.044354007018,5.942725638802,
    -58.77774858951));
#1720 = CARTESIAN_POINT('',(-3.037336140086,6.561573935942,
    -56.48349516365));
#1721 = CARTESIAN_POINT('',(-2.433360036848,8.352382582406,
    -55.13348194148));
#1722 = CARTESIAN_POINT('',(-2.323555791837,9.449156093571,
    -54.88830734243));
#1723 = CARTESIAN_POINT('',(-2.323555791837,10.,-54.88830734243));
#1724 = CARTESIAN_POINT('',(-2.789437736183,10.,-55.19415367121));
#1725 = CARTESIAN_POINT('',(-2.789437736183,10.474884435571,
    -55.19415367121));
#1726 = CARTESIAN_POINT('',(-2.884235231736,11.423720673748,
    -55.39626296859));
#1727 = CARTESIAN_POINT('',(-3.411730106824,13.028092637293,
    -56.5266874667));
#1728 = CARTESIAN_POINT('',(-4.569407981316,13.892248400055,
    -59.12349575374));
#1729 = CARTESIAN_POINT('',(-5.507989239407,12.369842979289,
    -61.41793879409));
#1730 = CARTESIAN_POINT('',(-5.79621238656,10.207883887492,
    -62.14436506639));
#1731 = CARTESIAN_POINT('',(-5.68188195402,8.45683738348,-61.85253773292
    ));
#1732 = CARTESIAN_POINT('',(-5.174819981785,7.072654550464,
    -60.60170360492));
#1733 = CARTESIAN_POINT('',(-4.335673707979,6.290626386078,
    -58.59962905424));
#1734 = CARTESIAN_POINT('',(-3.413213307542,6.965774405923,
    -56.52985329875));
#1735 = CARTESIAN_POINT('',(-2.883901852087,8.579062262045,
    -55.39574128141));
#1736 = CARTESIAN_POINT('',(-2.789437736183,9.525115564429,
    -55.19415367121));
#1737 = CARTESIAN_POINT('',(-2.789437736183,10.,-55.19415367121));
#1738 = CARTESIAN_POINT('',(-3.255319680529,10.,-55.5));
#1739 = CARTESIAN_POINT('',(-3.255319680529,10.398924964712,-55.5));
#1740 = CARTESIAN_POINT('',(-3.334804450432,11.197347097946,
    -55.65846175889));
#1741 = CARTESIAN_POINT('',(-3.787375536115,12.62261655156,
    -56.57263915589));
#1742 = CARTESIAN_POINT('',(-4.84015143226,13.561530192576,
    -58.89016889875));
#1743 = CARTESIAN_POINT('',(-5.722740658105,12.227976429663,
    -61.11978172745));
#1744 = CARTESIAN_POINT('',(-5.993755227898,10.196913306278,
    -61.83718656064));
#1745 = CARTESIAN_POINT('',(-5.885925060154,8.543653081994,
    -61.54634905119));
#1746 = CARTESIAN_POINT('',(-5.409829343541,7.2796953723,-60.32655465848
    ));
#1747 = CARTESIAN_POINT('',(-4.626993408941,6.638527133354,
    -58.42150951897));
#1748 = CARTESIAN_POINT('',(-3.789090474999,7.369974875904,
    -56.57621143385));
#1749 = CARTESIAN_POINT('',(-3.334443667326,8.805741941684,
    -55.65800062133));
#1750 = CARTESIAN_POINT('',(-3.255319680529,9.601075035288,-55.5));
#1751 = CARTESIAN_POINT('',(-3.255319680529,10.,-55.5));
#1752 = ADVANCED_FACE('',(#1753),#1773,.F.);
#1753 = FACE_BOUND('',#1754,.F.);
#1754 = EDGE_LOOP('',(#1755,#1763,#1764,#1765,#1766));
#1755 = ORIENTED_EDGE('',*,*,#1756,.T.);
#1756 = EDGE_CURVE('',#1757,#1669,#1759,.T.);
#1757 = VERTEX_POINT('',#1758);
#1758 = CARTESIAN_POINT('',(-14.,13.1,-58.6));
#1759 = LINE('',#1760,#1761);
#1760 = CARTESIAN_POINT('',(-14.,13.1,-58.6));
#1761 = VECTOR('',#1762,1.);
#1762 = DIRECTION('',(1.,0.,1.2E-16));
#1763 = ORIENTED_EDGE('',*,*,#1679,.T.);
#1764 = ORIENTED_EDGE('',*,*,#1668,.T.);
#1765 = ORIENTED_EDGE('',*,*,#1756,.F.);
#1766 = ORIENTED_EDGE('',*,*,#1767,.F.);
#1767 = EDGE_CURVE('',#1757,#1757,#1768,.T.);
#1768 = CIRCLE('',#1769,3.1);
#1769 = AXIS2_PLACEMENT_3D('',#1770,#1771,#1772);
#1770 = CARTESIAN_POINT('',(-14.,10.,-58.6));
#1771 = DIRECTION('',(-1.,0.,-1.3E-16));
#1772 = DIRECTION('',(0.,-1.,-0.));
#1773 = CYLINDRICAL_SURFACE('',#1774,3.1);
#1774 = AXIS2_PLACEMENT_3D('',#1775,#1776,#1777);
#1775 = CARTESIAN_POINT('',(-14.,10.,-58.6));
#1776 = DIRECTION('',(1.,0.,1.2E-16));
#1777 = DIRECTION('',(0.,-1.,0.));
#1778 = ADVANCED_FACE('',(#1779),#1822,.T.);
#1779 = FACE_BOUND('',#1780,.T.);
#1780 = EDGE_LOOP('',(#1781,#1789,#1801,#1820,#1821));
#1781 = ORIENTED_EDGE('',*,*,#1782,.T.);
#1782 = EDGE_CURVE('',#1372,#1783,#1785,.T.);
#1783 = VERTEX_POINT('',#1784);
#1784 = CARTESIAN_POINT('',(11.461000082507,10.,-29.5));
#1785 = LINE('',#1786,#1787);
#1786 = CARTESIAN_POINT('',(13.103787692194,10.,-28.73395555688));
#1787 = VECTOR('',#1788,1.);
#1788 = DIRECTION('',(-0.906307787037,0.,-0.422618261741));
#1789 = ORIENTED_EDGE('',*,*,#1790,.T.);
#1790 = EDGE_CURVE('',#1783,#1791,#1793,.T.);
#1791 = VERTEX_POINT('',#1792);
#1792 = CARTESIAN_POINT('',(8.55723584517,13.100134772352,
    -32.59991554838));
#1793 = B_SPLINE_CURVE_WITH_KNOTS('',3,(#1794,#1795,#1796,#1797,#1798,
    #1799,#1800),.UNSPECIFIED.,.F.,.F.,(4,1,1,1,4),(-3.14159265359,
    -2.692793703077,-2.243994752564,-1.795195802051,-1.365035406173),
  .UNSPECIFIED.);
#1794 = CARTESIAN_POINT('',(11.461000082507,10.,-29.5));
#1795 = CARTESIAN_POINT('',(11.461000082507,10.338229904247,-29.5));
#1796 = CARTESIAN_POINT('',(11.338430127151,11.022230515872,
    -29.60309890761));
#1797 = CARTESIAN_POINT('',(10.711411897784,12.084572677582,
    -30.18906311852));
#1798 = CARTESIAN_POINT('',(9.710542472411,12.892348323592,
    -31.23925651233));
#1799 = CARTESIAN_POINT('',(8.931745878844,13.099899331492,
    -32.14411127963));
#1800 = CARTESIAN_POINT('',(8.55723584517,13.100134772352,
    -32.59991554838));
#1801 = ORIENTED_EDGE('',*,*,#1802,.T.);
#1802 = EDGE_CURVE('',#1791,#1783,#1803,.T.);
#1803 = B_SPLINE_CURVE_WITH_KNOTS('',3,(#1804,#1805,#1806,#1807,#1808,
    #1809,#1810,#1811,#1812,#1813,#1814,#1815,#1816,#1817,#1818,#1819),
  .UNSPECIFIED.,.F.,.F.,(4,1,1,1,1,1,1,1,1,1,1,1,1,4),(-1.365035406173,
    -1.346396851538,-1.047197551197,-0.747998250855,-0.448798950513,
    -0.149599650171,0.149599650171,0.448798950513,0.897597901026,
    1.346396851538,1.795195802051,2.243994752564,2.692793703077,
    3.14159265359),.UNSPECIFIED.);
#1804 = CARTESIAN_POINT('',(8.55723584517,13.100134772352,
    -32.59991554838));
#1805 = CARTESIAN_POINT('',(8.541008582524,13.100144973843,
    -32.61966523442));
#1806 = CARTESIAN_POINT('',(8.264502081342,13.097074527388,
    -32.95686615132));
#1807 = CARTESIAN_POINT('',(7.736314915565,12.98265104917,-33.6235311303
    ));
#1808 = CARTESIAN_POINT('',(7.059005645182,12.498088007609,
    -34.53405532073));
#1809 = CARTESIAN_POINT('',(6.538640667399,11.692364764905,
    -35.2783100135));
#1810 = CARTESIAN_POINT('',(6.246560314337,10.604685428512,
    -35.71792477034));
#1811 = CARTESIAN_POINT('',(6.246571887423,9.395385885258,
    -35.71805635252));
#1812 = CARTESIAN_POINT('',(6.587578696127,8.125340084954,
    -35.20408146014));
#1813 = CARTESIAN_POINT('',(7.35651166189,7.14981711637,-34.11394332124)
  );
#1814 = CARTESIAN_POINT('',(8.499586291121,6.789337051989,
    -32.64696303545));
#1815 = CARTESIAN_POINT('',(9.696561809506,7.096341050634,
    -31.25407411537));
#1816 = CARTESIAN_POINT('',(10.711632549704,7.915256050432,
    -30.18860754176));
#1817 = CARTESIAN_POINT('',(11.337887882175,8.977696188347,
    -29.60377606549));
#1818 = CARTESIAN_POINT('',(11.461000082507,9.661770095753,-29.5));
#1819 = CARTESIAN_POINT('',(11.461000082507,10.,-29.5));
#1820 = ORIENTED_EDGE('',*,*,#1782,.F.);
#1821 = ORIENTED_EDGE('',*,*,#1371,.T.);
#1822 = B_SPLINE_SURFACE_WITH_KNOTS('',3,3,(
    (#1823,#1824,#1825,#1826,#1827,#1828,#1829,#1830,#1831,#1832,#1833
      ,#1834,#1835,#1836,#1837,#1838,#1839,#1840,#1841)
    ,(#1842,#1843,#1844,#1845,#1846,#1847,#1848,#1849,#1850,#1851,#1852
      ,#1853,#1854,#1855,#1856,#1857,#1858,#1859,#1860)
    ,(#1861,#1862,#1863,#1864,#1865,#1866,#1867,#1868,#1869,#1870,#1871
      ,#1872,#1873,#1874,#1875,#1876,#1877,#1878,#1879)
    ,(#1880,#1881,#1882,#1883,#1884,#1885,#1886,#1887,#1888,#1889,#1890
      ,#1891,#1892,#1893,#1894,#1895,#1896,#1897,#1898
  )),.UNSPECIFIED.,.F.,.T.,.F.,(4,4),(1,3,1,1,1,1,1,1,1,1,1,1,1,1,1,1,1,
    3,1),(0.,1.),(-3.590391604103,-3.14159265359,-2.692793703077,
    -2.243994752564,-1.795195802051,-1.346396851538,-1.047197551197,
    -0.747998250855,-0.448798950513,-0.149599650171,0.149599650171,
    0.448798950513,0.897597901026,1.346396851538,1.795195802051,
    2.243994752564,2.692793703077,3.14159265359,3.590391604103),
  .UNSPECIFIED.);
#1823 = CARTESIAN_POINT('',(13.103787692194,10.,-28.73395555688));
#1824 = CARTESIAN_POINT('',(13.103787692194,10.659047389345,
    -28.73395555688));
#1825 = CARTESIAN_POINT('',(12.844520729882,11.967625853248,
    -29.04293789065));
#1826 = CARTESIAN_POINT('',(11.871673514626,13.390914904473,
    -30.20233205448));
#1827 = CARTESIAN_POINT('',(10.5682897783,14.130659176739,
    -31.75564430477));
#1828 = CARTESIAN_POINT('',(9.308817235996,14.130696884405,
    -33.25662523184));
#1829 = CARTESIAN_POINT('',(8.2800028344,13.651425907757,-34.48271849105
    ));
#1830 = CARTESIAN_POINT('',(7.513329044602,12.927571370069,
    -35.39640473439));
#1831 = CARTESIAN_POINT('',(6.929085023817,11.916542247727,
    -36.09267964512));
#1832 = CARTESIAN_POINT('',(6.60233790944,10.67138992915,-36.48208169254
    ));
#1833 = CARTESIAN_POINT('',(6.602362911926,9.32865848137,-36.48205189574
    ));
#1834 = CARTESIAN_POINT('',(6.983807110228,7.875261616618,
    -36.02746440204));
#1835 = CARTESIAN_POINT('',(7.847606035703,6.608437092997,
    -34.99802892933));
#1836 = CARTESIAN_POINT('',(9.151245803346,5.869549576406,
    -33.44441155279));
#1837 = CARTESIAN_POINT('',(10.568344673834,5.869321811193,
    -31.75557888282));
#1838 = CARTESIAN_POINT('',(11.871567111146,6.60902926829,
    -30.20245886121));
#1839 = CARTESIAN_POINT('',(12.844825748306,8.032603054756,
    -29.04257438385));
#1840 = CARTESIAN_POINT('',(13.103787692194,9.340952610655,
    -28.73395555688));
#1841 = CARTESIAN_POINT('',(13.103787692194,10.,-28.73395555688));
#1842 = CARTESIAN_POINT('',(12.556191822298,10.,-28.98930370458));
#1843 = CARTESIAN_POINT('',(12.556191822298,10.552108227645,
    -28.98930370458));
#1844 = CARTESIAN_POINT('',(12.342490528972,11.652494074122,
    -29.22965822964));
#1845 = CARTESIAN_POINT('',(11.484919642345,12.955467495509,
    -30.19790907583));
#1846 = CARTESIAN_POINT('',(10.277690737745,13.721668639153,
    -31.58842910945));
#1847 = CARTESIAN_POINT('',(9.083452065056,13.812745771798,
    -33.00178624981));
#1848 = CARTESIAN_POINT('',(8.098773528121,13.428500954895,
    -34.19632270414));
#1849 = CARTESIAN_POINT('',(7.361887911462,12.784410249249,
    -35.10895492984));
#1850 = CARTESIAN_POINT('',(6.798936905011,11.841816420119,
    -35.82122310124));
#1851 = CARTESIAN_POINT('',(6.483745377739,10.649155095604,
    -36.22736271848));
#1852 = CARTESIAN_POINT('',(6.483765903759,9.350900949333,
    -36.22738671467));
#1853 = CARTESIAN_POINT('',(6.851730972194,7.958621106063,
    -35.75300342141));
#1854 = CARTESIAN_POINT('',(7.683907911099,6.788897100788,
    -34.70333372663));
#1855 = CARTESIAN_POINT('',(8.934025965938,6.1761454016,-33.17859538034)
  );
#1856 = CARTESIAN_POINT('',(10.277750385725,6.27832822434,
    -31.58841062701));
#1857 = CARTESIAN_POINT('',(11.484922257332,7.044438195671,
    -30.19784175473));
#1858 = CARTESIAN_POINT('',(12.342513126262,8.347634099286,
    -29.22964161106));
#1859 = CARTESIAN_POINT('',(12.556191822298,9.447891772355,
    -28.98930370458));
#1860 = CARTESIAN_POINT('',(12.556191822298,10.,-28.98930370458));
#1861 = CARTESIAN_POINT('',(12.008595952403,10.,-29.24465185229));
#1862 = CARTESIAN_POINT('',(12.008595952403,10.445169065946,
    -29.24465185229));
#1863 = CARTESIAN_POINT('',(11.840460328062,11.337362294997,
    -29.41637856862));
#1864 = CARTESIAN_POINT('',(11.098165770064,12.520020086546,
    -30.19348609718));
#1865 = CARTESIAN_POINT('',(9.98709169719,13.312678101568,
    -31.42121391412));
#1866 = CARTESIAN_POINT('',(8.858086894115,13.494794659192,
    -32.74694726779));
#1867 = CARTESIAN_POINT('',(7.917544221843,13.205576002033,
    -33.90992691722));
#1868 = CARTESIAN_POINT('',(7.210446778322,12.641249128429,
    -34.82150512528));
#1869 = CARTESIAN_POINT('',(6.668788786205,11.767090592512,
    -35.54976655737));
#1870 = CARTESIAN_POINT('',(6.365152846038,10.626920262058,
    -35.97264374441));
#1871 = CARTESIAN_POINT('',(6.365168895591,9.373143417295,
    -35.97272153359));
#1872 = CARTESIAN_POINT('',(6.719654834161,8.041980595509,
    -35.47854244078));
#1873 = CARTESIAN_POINT('',(7.520209786495,6.969357108579,
    -34.40863852393));
#1874 = CARTESIAN_POINT('',(8.716806128529,6.482741226794,-32.9127792079
    ));
#1875 = CARTESIAN_POINT('',(9.987156097615,6.687334637487,
    -31.42124237119));
#1876 = CARTESIAN_POINT('',(11.098277403518,7.479847123051,
    -30.19322464825));
#1877 = CARTESIAN_POINT('',(11.840200504219,8.662665143817,
    -29.41670883827));
#1878 = CARTESIAN_POINT('',(12.008595952403,9.554830934054,
    -29.24465185229));
#1879 = CARTESIAN_POINT('',(12.008595952403,10.,-29.24465185229));
#1880 = CARTESIAN_POINT('',(11.461000082507,10.,-29.5));
#1881 = CARTESIAN_POINT('',(11.461000082507,10.338229904247,-29.5));
#1882 = CARTESIAN_POINT('',(11.338430127151,11.022230515872,
    -29.60309890761));
#1883 = CARTESIAN_POINT('',(10.711411897784,12.084572677582,
    -30.18906311852));
#1884 = CARTESIAN_POINT('',(9.696492656635,12.903687563983,
    -31.2539987188));
#1885 = CARTESIAN_POINT('',(8.632721723175,13.176843546585,
    -32.49210828576));
#1886 = CARTESIAN_POINT('',(7.736314915565,12.98265104917,-33.6235311303
    ));
#1887 = CARTESIAN_POINT('',(7.059005645182,12.498088007609,
    -34.53405532073));
#1888 = CARTESIAN_POINT('',(6.538640667399,11.692364764905,
    -35.2783100135));
#1889 = CARTESIAN_POINT('',(6.246560314337,10.604685428512,
    -35.71792477034));
#1890 = CARTESIAN_POINT('',(6.246571887423,9.395385885258,
    -35.71805635252));
#1891 = CARTESIAN_POINT('',(6.587578696127,8.125340084954,
    -35.20408146014));
#1892 = CARTESIAN_POINT('',(7.35651166189,7.14981711637,-34.11394332124)
  );
#1893 = CARTESIAN_POINT('',(8.499586291121,6.789337051989,
    -32.64696303545));
#1894 = CARTESIAN_POINT('',(9.696561809506,7.096341050634,
    -31.25407411537));
#1895 = CARTESIAN_POINT('',(10.711632549704,7.915256050432,
    -30.18860754176));
#1896 = CARTESIAN_POINT('',(11.337887882175,8.977696188347,
    -29.60377606549));
#1897 = CARTESIAN_POINT('',(11.461000082507,9.661770095753,-29.5));
#1898 = CARTESIAN_POINT('',(11.461000082507,10.,-29.5));
#1899 = ADVANCED_FACE('',(#1900),#1920,.F.);
#1900 = FACE_BOUND('',#1901,.F.);
#1901 = EDGE_LOOP('',(#1902,#1910,#1911,#1912,#1913));
#1902 = ORIENTED_EDGE('',*,*,#1903,.T.);
#1903 = EDGE_CURVE('',#1904,#1791,#1906,.T.);
#1904 = VERTEX_POINT('',#1905);
#1905 = CARTESIAN_POINT('',(-14.,13.1,-32.6));
#1906 = LINE('',#1907,#1908);
#1907 = CARTESIAN_POINT('',(-14.,13.1,-32.6));
#1908 = VECTOR('',#1909,1.);
#1909 = DIRECTION('',(1.,0.,1.2E-16));
#1910 = ORIENTED_EDGE('',*,*,#1802,.T.);
#1911 = ORIENTED_EDGE('',*,*,#1790,.T.);
#1912 = ORIENTED_EDGE('',*,*,#1903,.F.);
#1913 = ORIENTED_EDGE('',*,*,#1914,.F.);
#1914 = EDGE_CURVE('',#1904,#1904,#1915,.T.);
#1915 = CIRCLE('',#1916,3.1);
#1916 = AXIS2_PLACEMENT_3D('',#1917,#1918,#1919);
#1917 = CARTESIAN_POINT('',(-14.,10.,-32.6));
#1918 = DIRECTION('',(-1.,0.,-1.3E-16));
#1919 = DIRECTION('',(0.,-1.,-0.));
#1920 = CYLINDRICAL_SURFACE('',#1921,3.1);
#1921 = AXIS2_PLACEMENT_3D('',#1922,#1923,#1924);
#1922 = CARTESIAN_POINT('',(-14.,10.,-32.6));
#1923 = DIRECTION('',(1.,0.,1.2E-16));
#1924 = DIRECTION('',(0.,-1.,0.));
#1925 = ADVANCED_FACE('',(#1926),#1945,.F.);
#1926 = FACE_BOUND('',#1927,.F.);
#1927 = EDGE_LOOP('',(#1928,#1936,#1943,#1944));
#1928 = ORIENTED_EDGE('',*,*,#1929,.F.);
#1929 = EDGE_CURVE('',#1930,#141,#1932,.T.);
#1930 = VERTEX_POINT('',#1931);
#1931 = CARTESIAN_POINT('',(-22.,4.E-15,-59.85297833414));
#1932 = LINE('',#1933,#1934);
#1933 = CARTESIAN_POINT('',(-15.,-7.,-59.85297833414));
#1934 = VECTOR('',#1935,1.);
#1935 = DIRECTION('',(0.707106781187,-0.707106781187,0.));
#1936 = ORIENTED_EDGE('',*,*,#1937,.F.);
#1937 = EDGE_CURVE('',#1638,#1930,#1938,.T.);
#1938 = ELLIPSE('',#1939,5.656854249492,4.);
#1939 = AXIS2_PLACEMENT_3D('',#1940,#1941,#1942);
#1940 = CARTESIAN_POINT('',(-22.,-5.656854249492,-59.85297833414));
#1941 = DIRECTION('',(-1.,0.,-7.E-17));
#1942 = DIRECTION('',(0.,1.,0.));
#1943 = ORIENTED_EDGE('',*,*,#1645,.F.);
#1944 = ORIENTED_EDGE('',*,*,#140,.F.);
#1945 = CYLINDRICAL_SURFACE('',#1946,4.);
#1946 = AXIS2_PLACEMENT_3D('',#1947,#1948,#1949);
#1947 = CARTESIAN_POINT('',(-17.82842712474,-9.828427124746,
    -59.85297833414));
#1948 = DIRECTION('',(-0.707106781187,0.707106781187,0.));
#1949 = DIRECTION('',(0.616100855248,0.616100855248,0.490753983505));
#1950 = ADVANCED_FACE('',(#1951),#1970,.T.);
#1951 = FACE_BOUND('',#1952,.T.);
#1952 = EDGE_LOOP('',(#1953,#1954,#1962,#1969));
#1953 = ORIENTED_EDGE('',*,*,#839,.F.);
#1954 = ORIENTED_EDGE('',*,*,#1955,.T.);
#1955 = EDGE_CURVE('',#832,#1956,#1958,.T.);
#1956 = VERTEX_POINT('',#1957);
#1957 = CARTESIAN_POINT('',(8.855675111843,0.,-18.52767455728));
#1958 = LINE('',#1959,#1960);
#1959 = CARTESIAN_POINT('',(8.855675111843,0.,-18.52767455728));
#1960 = VECTOR('',#1961,1.);
#1961 = DIRECTION('',(0.,-1.,0.));
#1962 = ORIENTED_EDGE('',*,*,#1963,.F.);
#1963 = EDGE_CURVE('',#1449,#1956,#1964,.T.);
#1964 = CIRCLE('',#1965,4.);
#1965 = AXIS2_PLACEMENT_3D('',#1966,#1967,#1968);
#1966 = CARTESIAN_POINT('',(10.855675111843,0.,-21.99177617242));
#1967 = DIRECTION('',(0.,-1.,0.));
#1968 = DIRECTION('',(-0.377789354094,0.,0.92589157245));
#1969 = ORIENTED_EDGE('',*,*,#1448,.T.);
#1970 = CYLINDRICAL_SURFACE('',#1971,4.);
#1971 = AXIS2_PLACEMENT_3D('',#1972,#1973,#1974);
#1972 = CARTESIAN_POINT('',(10.855675111843,0.,-21.99177617242));
#1973 = DIRECTION('',(0.,1.,0.));
#1974 = DIRECTION('',(-0.377789354094,0.,0.92589157245));
#1975 = ADVANCED_FACE('',(#1976),#1994,.T.);
#1976 = FACE_BOUND('',#1977,.T.);
#1977 = EDGE_LOOP('',(#1978,#1979,#1987,#1993));
#1978 = ORIENTED_EDGE('',*,*,#872,.F.);
#1979 = ORIENTED_EDGE('',*,*,#1980,.F.);
#1980 = EDGE_CURVE('',#1981,#865,#1983,.T.);
#1981 = VERTEX_POINT('',#1982);
#1982 = CARTESIAN_POINT('',(2.730403770386,0.,-22.06410161513));
#1983 = LINE('',#1984,#1985);
#1984 = CARTESIAN_POINT('',(2.730403770386,0.,-22.06410161513));
#1985 = VECTOR('',#1986,1.);
#1986 = DIRECTION('',(0.,1.,0.));
#1987 = ORIENTED_EDGE('',*,*,#1988,.F.);
#1988 = EDGE_CURVE('',#1956,#1981,#1989,.T.);
#1989 = LINE('',#1990,#1991);
#1990 = CARTESIAN_POINT('',(-1.132229915662,0.,-24.29419421355));
#1991 = VECTOR('',#1992,1.);
#1992 = DIRECTION('',(-0.866025403784,0.,-0.5));
#1993 = ORIENTED_EDGE('',*,*,#1955,.F.);
#1994 = PLANE('',#1995);
#1995 = AXIS2_PLACEMENT_3D('',#1996,#1997,#1998);
#1996 = CARTESIAN_POINT('',(1.802200540111,0.,-22.6));
#1997 = DIRECTION('',(-0.5,0.,0.866025403784));
#1998 = DIRECTION('',(0.866025403784,0.,0.5));
#1999 = ADVANCED_FACE('',(#2000),#2019,.F.);
#2000 = FACE_BOUND('',#2001,.F.);
#2001 = EDGE_LOOP('',(#2002,#2003,#2012,#2018));
#2002 = ORIENTED_EDGE('',*,*,#1980,.F.);
#2003 = ORIENTED_EDGE('',*,*,#2004,.T.);
#2004 = EDGE_CURVE('',#1981,#2005,#2007,.T.);
#2005 = VERTEX_POINT('',#2006);
#2006 = CARTESIAN_POINT('',(0.730403770386,0.,-22.6));
#2007 = CIRCLE('',#2008,4.);
#2008 = AXIS2_PLACEMENT_3D('',#2009,#2010,#2011);
#2009 = CARTESIAN_POINT('',(0.730403770386,0.,-18.6));
#2010 = DIRECTION('',(0.,1.,0.));
#2011 = DIRECTION('',(0.258819045103,0.,-0.965925826289));
#2012 = ORIENTED_EDGE('',*,*,#2013,.F.);
#2013 = EDGE_CURVE('',#904,#2005,#2014,.T.);
#2014 = LINE('',#2015,#2016);
#2015 = CARTESIAN_POINT('',(0.730403770386,0.,-22.6));
#2016 = VECTOR('',#2017,1.);
#2017 = DIRECTION('',(0.,-1.,0.));
#2018 = ORIENTED_EDGE('',*,*,#903,.T.);
#2019 = CYLINDRICAL_SURFACE('',#2020,4.);
#2020 = AXIS2_PLACEMENT_3D('',#2021,#2022,#2023);
#2021 = CARTESIAN_POINT('',(0.730403770386,0.,-18.6));
#2022 = DIRECTION('',(0.,1.,0.));
#2023 = DIRECTION('',(0.258819045103,0.,-0.965925826289));
#2024 = ADVANCED_FACE('',(#2025,#2041),#2052,.F.);
#2025 = FACE_BOUND('',#2026,.T.);
#2026 = EDGE_LOOP('',(#2027,#2028,#2029,#2030,#2031,#2032,#2033,#2039,
    #2040));
#2027 = ORIENTED_EDGE('',*,*,#411,.F.);
#2028 = ORIENTED_EDGE('',*,*,#1430,.T.);
#2029 = ORIENTED_EDGE('',*,*,#1456,.T.);
#2030 = ORIENTED_EDGE('',*,*,#1963,.T.);
#2031 = ORIENTED_EDGE('',*,*,#1988,.T.);
#2032 = ORIENTED_EDGE('',*,*,#2004,.T.);
#2033 = ORIENTED_EDGE('',*,*,#2034,.F.);
#2034 = EDGE_CURVE('',#330,#2005,#2035,.T.);
#2035 = LINE('',#2036,#2037);
#2036 = CARTESIAN_POINT('',(-10.5,0.,-22.6));
#2037 = VECTOR('',#2038,1.);
#2038 = DIRECTION('',(1.,0.,0.));
#2039 = ORIENTED_EDGE('',*,*,#353,.F.);
#2040 = ORIENTED_EDGE('',*,*,#385,.F.);
#2041 = FACE_BOUND('',#2042,.T.);
#2042 = EDGE_LOOP('',(#2043));
#2043 = ORIENTED_EDGE('',*,*,#2044,.T.);
#2044 = EDGE_CURVE('',#2045,#2045,#2047,.T.);
#2045 = VERTEX_POINT('',#2046);
#2046 = CARTESIAN_POINT('',(6.5,0.,-1.E-15));
#2047 = CIRCLE('',#2048,6.5);
#2048 = AXIS2_PLACEMENT_3D('',#2049,#2050,#2051);
#2049 = CARTESIAN_POINT('',(0.,0.,0.));
#2050 = DIRECTION('',(0.,-1.,0.));
#2051 = DIRECTION('',(-1.,0.,0.));
#2052 = PLANE('',#2053);
#2053 = AXIS2_PLACEMENT_3D('',#2054,#2055,#2056);
#2054 = CARTESIAN_POINT('',(-1.,0.,-31.3));
#2055 = DIRECTION('',(0.,-1.,0.));
#2056 = DIRECTION('',(1.,0.,0.));
#2057 = ADVANCED_FACE('',(#2058),#2079,.T.);
#2058 = FACE_BOUND('',#2059,.T.);
#2059 = EDGE_LOOP('',(#2060,#2061,#2069,#2075,#2076,#2077,#2078));
#2060 = ORIENTED_EDGE('',*,*,#751,.F.);
#2061 = ORIENTED_EDGE('',*,*,#2062,.F.);
#2062 = EDGE_CURVE('',#2063,#752,#2065,.T.);
#2063 = VERTEX_POINT('',#2064);
#2064 = CARTESIAN_POINT('',(-22.,35.,-22.6));
#2065 = LINE('',#2066,#2067);
#2066 = CARTESIAN_POINT('',(-22.,35.,-22.6));
#2067 = VECTOR('',#2068,1.);
#2068 = DIRECTION('',(1.,0.,0.));
#2069 = ORIENTED_EDGE('',*,*,#2070,.T.);
#2070 = EDGE_CURVE('',#2063,#328,#2071,.T.);
#2071 = LINE('',#2072,#2073);
#2072 = CARTESIAN_POINT('',(-22.,0.,-22.6));
#2073 = VECTOR('',#2074,1.);
#2074 = DIRECTION('',(0.,-1.,0.));
#2075 = ORIENTED_EDGE('',*,*,#327,.T.);
#2076 = ORIENTED_EDGE('',*,*,#2034,.T.);
#2077 = ORIENTED_EDGE('',*,*,#2013,.F.);
#2078 = ORIENTED_EDGE('',*,*,#926,.F.);
#2079 = PLANE('',#2080);
#2080 = AXIS2_PLACEMENT_3D('',#2081,#2082,#2083);
#2081 = CARTESIAN_POINT('',(-20.,0.,-22.6));
#2082 = DIRECTION('',(0.,0.,1.));
#2083 = DIRECTION('',(-1.,0.,0.));
#2084 = ADVANCED_FACE('',(#2085),#2096,.F.);
#2085 = FACE_BOUND('',#2086,.F.);
#2086 = EDGE_LOOP('',(#2087,#2093,#2094,#2095));
#2087 = ORIENTED_EDGE('',*,*,#2088,.F.);
#2088 = EDGE_CURVE('',#1186,#1022,#2089,.T.);
#2089 = LINE('',#2090,#2091);
#2090 = CARTESIAN_POINT('',(-11.5,21.171572875254,-49.42842712474));
#2091 = VECTOR('',#2092,1.);
#2092 = DIRECTION('',(1.,0.,0.));
#2093 = ORIENTED_EDGE('',*,*,#1193,.F.);
#2094 = ORIENTED_EDGE('',*,*,#1113,.F.);
#2095 = ORIENTED_EDGE('',*,*,#1053,.T.);
#2096 = CYLINDRICAL_SURFACE('',#2097,4.);
#2097 = AXIS2_PLACEMENT_3D('',#2098,#2099,#2100);
#2098 = CARTESIAN_POINT('',(-11.5,24.,-52.25685424949));
#2099 = DIRECTION('',(1.,0.,0.));
#2100 = DIRECTION('',(0.,-0.923879532511,0.382683432365));
#2101 = ADVANCED_FACE('',(#2102),#2135,.T.);
#2102 = FACE_BOUND('',#2103,.T.);
#2103 = EDGE_LOOP('',(#2104,#2105,#2111,#2112,#2120,#2129));
#2104 = ORIENTED_EDGE('',*,*,#989,.F.);
#2105 = ORIENTED_EDGE('',*,*,#2106,.T.);
#2106 = EDGE_CURVE('',#982,#1177,#2107,.T.);
#2107 = LINE('',#2108,#2109);
#2108 = CARTESIAN_POINT('',(-22.,33.828427124746,-36.77157287525));
#2109 = VECTOR('',#2110,1.);
#2110 = DIRECTION('',(-1.,0.,0.));
#2111 = ORIENTED_EDGE('',*,*,#1176,.T.);
#2112 = ORIENTED_EDGE('',*,*,#2113,.T.);
#2113 = EDGE_CURVE('',#1169,#2114,#2116,.T.);
#2114 = VERTEX_POINT('',#2115);
#2115 = CARTESIAN_POINT('',(-22.,34.640718884498,-35.6));
#2116 = LINE('',#2117,#2118);
#2117 = CARTESIAN_POINT('',(-22.,34.640718884498,-35.6));
#2118 = VECTOR('',#2119,1.);
#2119 = DIRECTION('',(-1.,0.,0.));
#2120 = ORIENTED_EDGE('',*,*,#2121,.T.);
#2121 = EDGE_CURVE('',#2114,#2122,#2124,.T.);
#2122 = VERTEX_POINT('',#2123);
#2123 = CARTESIAN_POINT('',(-22.,35.,-33.9431457505));
#2124 = CIRCLE('',#2125,4.);
#2125 = AXIS2_PLACEMENT_3D('',#2126,#2127,#2128);
#2126 = CARTESIAN_POINT('',(-22.,31.,-33.9431457505));
#2127 = DIRECTION('',(1.,3.08148791102E-33,7.E-17));
#2128 = DIRECTION('',(2.678784026556E-17,0.923879532511,-0.382683432365)
  );
#2129 = ORIENTED_EDGE('',*,*,#2130,.T.);
#2130 = EDGE_CURVE('',#2122,#957,#2131,.T.);
#2131 = LINE('',#2132,#2133);
#2132 = CARTESIAN_POINT('',(-22.,35.,-33.9431457505));
#2133 = VECTOR('',#2134,1.);
#2134 = DIRECTION('',(1.,0.,0.));
#2135 = CYLINDRICAL_SURFACE('',#2136,4.);
#2136 = AXIS2_PLACEMENT_3D('',#2137,#2138,#2139);
#2137 = CARTESIAN_POINT('',(-22.,31.,-33.9431457505));
#2138 = DIRECTION('',(1.,0.,0.));
#2139 = DIRECTION('',(0.,0.923879532511,-0.382683432365));
#2140 = ADVANCED_FACE('',(#2141,#2149),#2160,.T.);
#2141 = FACE_BOUND('',#2142,.T.);
#2142 = EDGE_LOOP('',(#2143,#2144,#2145,#2146,#2147,#2148));
#2143 = ORIENTED_EDGE('',*,*,#769,.F.);
#2144 = ORIENTED_EDGE('',*,*,#1120,.F.);
#2145 = ORIENTED_EDGE('',*,*,#1043,.F.);
#2146 = ORIENTED_EDGE('',*,*,#1013,.F.);
#2147 = ORIENTED_EDGE('',*,*,#997,.F.);
#2148 = ORIENTED_EDGE('',*,*,#948,.F.);
#2149 = FACE_BOUND('',#2150,.T.);
#2150 = EDGE_LOOP('',(#2151));
#2151 = ORIENTED_EDGE('',*,*,#2152,.T.);
#2152 = EDGE_CURVE('',#2153,#2153,#2155,.T.);
#2153 = VERTEX_POINT('',#2154);
#2154 = CARTESIAN_POINT('',(-15.,22.9,-32.6));
#2155 = CIRCLE('',#2156,3.1);
#2156 = AXIS2_PLACEMENT_3D('',#2157,#2158,#2159);
#2157 = CARTESIAN_POINT('',(-15.,26.,-32.6));
#2158 = DIRECTION('',(-1.,0.,0.));
#2159 = DIRECTION('',(0.,1.,0.));
#2160 = PLANE('',#2161);
#2161 = AXIS2_PLACEMENT_3D('',#2162,#2163,#2164);
#2162 = CARTESIAN_POINT('',(-15.,27.5,-36.6));
#2163 = DIRECTION('',(1.,0.,0.));
#2164 = DIRECTION('',(0.,0.,-1.));
#2165 = ADVANCED_FACE('',(#2166),#2177,.T.);
#2166 = FACE_BOUND('',#2167,.T.);
#2167 = EDGE_LOOP('',(#2168,#2169,#2170,#2176));
#2168 = ORIENTED_EDGE('',*,*,#964,.F.);
#2169 = ORIENTED_EDGE('',*,*,#2130,.F.);
#2170 = ORIENTED_EDGE('',*,*,#2171,.F.);
#2171 = EDGE_CURVE('',#2063,#2122,#2172,.T.);
#2172 = LINE('',#2173,#2174);
#2173 = CARTESIAN_POINT('',(-22.,35.,-22.6));
#2174 = VECTOR('',#2175,1.);
#2175 = DIRECTION('',(-2.2E-16,0.,-1.));
#2176 = ORIENTED_EDGE('',*,*,#2062,.T.);
#2177 = PLANE('',#2178);
#2178 = AXIS2_PLACEMENT_3D('',#2179,#2180,#2181);
#2179 = CARTESIAN_POINT('',(-22.,35.,-35.6));
#2180 = DIRECTION('',(0.,1.,0.));
#2181 = DIRECTION('',(2.2E-16,-0.,1.));
#2182 = ADVANCED_FACE('',(#2183,#2213,#2224,#2235),#2246,.T.);
#2183 = FACE_BOUND('',#2184,.T.);
#2184 = EDGE_LOOP('',(#2185,#2186,#2187,#2188,#2189,#2190,#2198,#2204,
    #2205,#2211,#2212));
#2185 = ORIENTED_EDGE('',*,*,#1471,.F.);
#2186 = ORIENTED_EDGE('',*,*,#505,.F.);
#2187 = ORIENTED_EDGE('',*,*,#2070,.F.);
#2188 = ORIENTED_EDGE('',*,*,#2171,.T.);
#2189 = ORIENTED_EDGE('',*,*,#2121,.F.);
#2190 = ORIENTED_EDGE('',*,*,#2191,.T.);
#2191 = EDGE_CURVE('',#2114,#2192,#2194,.T.);
#2192 = VERTEX_POINT('',#2193);
#2193 = CARTESIAN_POINT('',(-22.,13.,-35.6));
#2194 = LINE('',#2195,#2196);
#2195 = CARTESIAN_POINT('',(-22.,17.5,-35.6));
#2196 = VECTOR('',#2197,1.);
#2197 = DIRECTION('',(0.,-1.,-0.));
#2198 = ORIENTED_EDGE('',*,*,#2199,.T.);
#2199 = EDGE_CURVE('',#2192,#1227,#2200,.T.);
#2200 = LINE('',#2201,#2202);
#2201 = CARTESIAN_POINT('',(-22.,13.,-29.1));
#2202 = VECTOR('',#2203,1.);
#2203 = DIRECTION('',(7.E-17,2.8E-16,-1.));
#2204 = ORIENTED_EDGE('',*,*,#1226,.T.);
#2205 = ORIENTED_EDGE('',*,*,#2206,.T.);
#2206 = EDGE_CURVE('',#1219,#1930,#2207,.T.);
#2207 = LINE('',#2208,#2209);
#2208 = CARTESIAN_POINT('',(-22.,5.E-15,-52.6));
#2209 = VECTOR('',#2210,1.);
#2210 = DIRECTION('',(-7.E-17,7.E-17,1.));
#2211 = ORIENTED_EDGE('',*,*,#1937,.F.);
#2212 = ORIENTED_EDGE('',*,*,#1637,.T.);
#2213 = FACE_BOUND('',#2214,.T.);
#2214 = EDGE_LOOP('',(#2215));
#2215 = ORIENTED_EDGE('',*,*,#2216,.T.);
#2216 = EDGE_CURVE('',#2217,#2217,#2219,.T.);
#2217 = VERTEX_POINT('',#2218);
#2218 = CARTESIAN_POINT('',(-22.,11.6,-32.6));
#2219 = CIRCLE('',#2220,1.6);
#2220 = AXIS2_PLACEMENT_3D('',#2221,#2222,#2223);
#2221 = CARTESIAN_POINT('',(-22.,10.,-32.6));
#2222 = DIRECTION('',(1.,0.,7.E-17));
#2223 = DIRECTION('',(0.,-1.,0.));
#2224 = FACE_BOUND('',#2225,.T.);
#2225 = EDGE_LOOP('',(#2226));
#2226 = ORIENTED_EDGE('',*,*,#2227,.T.);
#2227 = EDGE_CURVE('',#2228,#2228,#2230,.T.);
#2228 = VERTEX_POINT('',#2229);
#2229 = CARTESIAN_POINT('',(-22.,27.6,-32.6));
#2230 = CIRCLE('',#2231,1.6);
#2231 = AXIS2_PLACEMENT_3D('',#2232,#2233,#2234);
#2232 = CARTESIAN_POINT('',(-22.,26.,-32.6));
#2233 = DIRECTION('',(1.,0.,7.E-17));
#2234 = DIRECTION('',(0.,-1.,0.));
#2235 = FACE_BOUND('',#2236,.T.);
#2236 = EDGE_LOOP('',(#2237));
#2237 = ORIENTED_EDGE('',*,*,#2238,.T.);
#2238 = EDGE_CURVE('',#2239,#2239,#2241,.T.);
#2239 = VERTEX_POINT('',#2240);
#2240 = CARTESIAN_POINT('',(-22.,11.6,-58.6));
#2241 = CIRCLE('',#2242,1.6);
#2242 = AXIS2_PLACEMENT_3D('',#2243,#2244,#2245);
#2243 = CARTESIAN_POINT('',(-22.,10.,-58.6));
#2244 = DIRECTION('',(1.,0.,7.E-17));
#2245 = DIRECTION('',(0.,-1.,0.));
#2246 = PLANE('',#2247);
#2247 = AXIS2_PLACEMENT_3D('',#2248,#2249,#2250);
#2248 = CARTESIAN_POINT('',(-22.,0.,-22.6));
#2249 = DIRECTION('',(-1.,0.,-7.E-17));
#2250 = DIRECTION('',(7.E-17,0.,-1.));
#2251 = ADVANCED_FACE('',(#2252),#2260,.F.);
#2252 = FACE_BOUND('',#2253,.T.);
#2253 = EDGE_LOOP('',(#2254,#2255,#2256,#2257,#2258,#2259));
#2254 = ORIENTED_EDGE('',*,*,#1619,.F.);
#2255 = ORIENTED_EDGE('',*,*,#149,.F.);
#2256 = ORIENTED_EDGE('',*,*,#1929,.F.);
#2257 = ORIENTED_EDGE('',*,*,#2206,.F.);
#2258 = ORIENTED_EDGE('',*,*,#1218,.F.);
#2259 = ORIENTED_EDGE('',*,*,#1267,.F.);
#2260 = PLANE('',#2261);
#2261 = AXIS2_PLACEMENT_3D('',#2262,#2263,#2264);
#2262 = CARTESIAN_POINT('',(-15.,-7.,-82.6));
#2263 = DIRECTION('',(0.707106781187,0.707106781187,0.));
#2264 = DIRECTION('',(-0.707106781187,0.707106781187,0.));
#2265 = ADVANCED_FACE('',(#2266,#2290),#2301,.F.);
#2266 = FACE_BOUND('',#2267,.T.);
#2267 = EDGE_LOOP('',(#2268,#2274,#2283));
#2268 = ORIENTED_EDGE('',*,*,#2269,.F.);
#2269 = EDGE_CURVE('',#1160,#1152,#2270,.T.);
#2270 = LINE('',#2271,#2272);
#2271 = CARTESIAN_POINT('',(-18.,13.,-35.6));
#2272 = VECTOR('',#2273,1.);
#2273 = DIRECTION('',(-0.,-1.,-0.));
#2274 = ORIENTED_EDGE('',*,*,#2275,.F.);
#2275 = EDGE_CURVE('',#2276,#1160,#2278,.T.);
#2276 = VERTEX_POINT('',#2277);
#2277 = CARTESIAN_POINT('',(-18.,22.9,-32.6));
#2278 = CIRCLE('',#2279,3.1);
#2279 = AXIS2_PLACEMENT_3D('',#2280,#2281,#2282);
#2280 = CARTESIAN_POINT('',(-18.,26.,-32.6));
#2281 = DIRECTION('',(-1.,0.,-1.3E-16));
#2282 = DIRECTION('',(0.,1.,0.));
#2283 = ORIENTED_EDGE('',*,*,#2284,.F.);
#2284 = EDGE_CURVE('',#1152,#2276,#2285,.T.);
#2285 = CIRCLE('',#2286,3.1);
#2286 = AXIS2_PLACEMENT_3D('',#2287,#2288,#2289);
#2287 = CARTESIAN_POINT('',(-18.,26.,-32.6));
#2288 = DIRECTION('',(-1.,0.,-1.3E-16));
#2289 = DIRECTION('',(0.,1.,0.));
#2290 = FACE_BOUND('',#2291,.T.);
#2291 = EDGE_LOOP('',(#2292));
#2292 = ORIENTED_EDGE('',*,*,#2293,.F.);
#2293 = EDGE_CURVE('',#2294,#2294,#2296,.T.);
#2294 = VERTEX_POINT('',#2295);
#2295 = CARTESIAN_POINT('',(-18.,27.6,-32.6));
#2296 = CIRCLE('',#2297,1.6);
#2297 = AXIS2_PLACEMENT_3D('',#2298,#2299,#2300);
#2298 = CARTESIAN_POINT('',(-18.,26.,-32.6));
#2299 = DIRECTION('',(1.,0.,1.3E-16));
#2300 = DIRECTION('',(0.,-1.,0.));
#2301 = PLANE('',#2302);
#2302 = AXIS2_PLACEMENT_3D('',#2303,#2304,#2305);
#2303 = CARTESIAN_POINT('',(-18.,26.,-21.3));
#2304 = DIRECTION('',(-1.,0.,-1.3E-16));
#2305 = DIRECTION('',(-1.3E-16,0.,1.));
#2306 = ADVANCED_FACE('',(#2307),#2320,.F.);
#2307 = FACE_BOUND('',#2308,.F.);
#2308 = EDGE_LOOP('',(#2309,#2315,#2316,#2317,#2318,#2319));
#2309 = ORIENTED_EDGE('',*,*,#2310,.T.);
#2310 = EDGE_CURVE('',#2153,#2276,#2311,.T.);
#2311 = LINE('',#2312,#2313);
#2312 = CARTESIAN_POINT('',(-15.,22.9,-32.6));
#2313 = VECTOR('',#2314,1.);
#2314 = DIRECTION('',(-1.,0.,0.));
#2315 = ORIENTED_EDGE('',*,*,#2284,.F.);
#2316 = ORIENTED_EDGE('',*,*,#1159,.T.);
#2317 = ORIENTED_EDGE('',*,*,#2275,.F.);
#2318 = ORIENTED_EDGE('',*,*,#2310,.F.);
#2319 = ORIENTED_EDGE('',*,*,#2152,.T.);
#2320 = CYLINDRICAL_SURFACE('',#2321,3.1);
#2321 = AXIS2_PLACEMENT_3D('',#2322,#2323,#2324);
#2322 = CARTESIAN_POINT('',(-15.,26.,-32.6));
#2323 = DIRECTION('',(-1.,0.,0.));
#2324 = DIRECTION('',(0.,1.,0.));
#2325 = ADVANCED_FACE('',(#2326),#2339,.F.);
#2326 = FACE_BOUND('',#2327,.T.);
#2327 = EDGE_LOOP('',(#2328,#2329,#2330,#2331,#2332,#2338));
#2328 = ORIENTED_EDGE('',*,*,#2113,.F.);
#2329 = ORIENTED_EDGE('',*,*,#1168,.T.);
#2330 = ORIENTED_EDGE('',*,*,#2269,.T.);
#2331 = ORIENTED_EDGE('',*,*,#1151,.T.);
#2332 = ORIENTED_EDGE('',*,*,#2333,.F.);
#2333 = EDGE_CURVE('',#2192,#1144,#2334,.T.);
#2334 = LINE('',#2335,#2336);
#2335 = CARTESIAN_POINT('',(-22.,13.,-35.6));
#2336 = VECTOR('',#2337,1.);
#2337 = DIRECTION('',(1.,0.,0.));
#2338 = ORIENTED_EDGE('',*,*,#2191,.F.);
#2339 = PLANE('',#2340);
#2340 = AXIS2_PLACEMENT_3D('',#2341,#2342,#2343);
#2341 = CARTESIAN_POINT('',(-22.,35.,-35.6));
#2342 = DIRECTION('',(0.,-0.,1.));
#2343 = DIRECTION('',(-0.,-1.,0.));
#2344 = ADVANCED_FACE('',(#2345),#2351,.F.);
#2345 = FACE_BOUND('',#2346,.T.);
#2346 = EDGE_LOOP('',(#2347,#2348,#2349,#2350));
#2347 = ORIENTED_EDGE('',*,*,#2199,.F.);
#2348 = ORIENTED_EDGE('',*,*,#2333,.T.);
#2349 = ORIENTED_EDGE('',*,*,#1143,.T.);
#2350 = ORIENTED_EDGE('',*,*,#1234,.F.);
#2351 = PLANE('',#2352);
#2352 = AXIS2_PLACEMENT_3D('',#2353,#2354,#2355);
#2353 = CARTESIAN_POINT('',(-22.,13.,-35.6));
#2354 = DIRECTION('',(0.,-1.,-2.8E-16));
#2355 = DIRECTION('',(1.3E-16,2.8E-16,-1.));
#2356 = ADVANCED_FACE('',(#2357),#2376,.F.);
#2357 = FACE_BOUND('',#2358,.F.);
#2358 = EDGE_LOOP('',(#2359,#2367,#2374,#2375));
#2359 = ORIENTED_EDGE('',*,*,#2360,.T.);
#2360 = EDGE_CURVE('',#2239,#2361,#2363,.T.);
#2361 = VERTEX_POINT('',#2362);
#2362 = CARTESIAN_POINT('',(-14.,11.6,-58.6));
#2363 = LINE('',#2364,#2365);
#2364 = CARTESIAN_POINT('',(-22.,11.6,-58.6));
#2365 = VECTOR('',#2366,1.);
#2366 = DIRECTION('',(1.,0.,1.1E-16));
#2367 = ORIENTED_EDGE('',*,*,#2368,.T.);
#2368 = EDGE_CURVE('',#2361,#2361,#2369,.T.);
#2369 = CIRCLE('',#2370,1.6);
#2370 = AXIS2_PLACEMENT_3D('',#2371,#2372,#2373);
#2371 = CARTESIAN_POINT('',(-14.,10.,-58.6));
#2372 = DIRECTION('',(-1.,0.,-1.3E-16));
#2373 = DIRECTION('',(0.,-1.,-0.));
#2374 = ORIENTED_EDGE('',*,*,#2360,.F.);
#2375 = ORIENTED_EDGE('',*,*,#2238,.T.);
#2376 = CYLINDRICAL_SURFACE('',#2377,1.6);
#2377 = AXIS2_PLACEMENT_3D('',#2378,#2379,#2380);
#2378 = CARTESIAN_POINT('',(-22.,10.,-58.6));
#2379 = DIRECTION('',(1.,0.,1.1E-16));
#2380 = DIRECTION('',(0.,-1.,0.));
#2381 = ADVANCED_FACE('',(#2382),#2393,.F.);
#2382 = FACE_BOUND('',#2383,.F.);
#2383 = EDGE_LOOP('',(#2384,#2390,#2391,#2392));
#2384 = ORIENTED_EDGE('',*,*,#2385,.T.);
#2385 = EDGE_CURVE('',#2228,#2294,#2386,.T.);
#2386 = LINE('',#2387,#2388);
#2387 = CARTESIAN_POINT('',(-22.,27.6,-32.6));
#2388 = VECTOR('',#2389,1.);
#2389 = DIRECTION('',(1.,0.,1.1E-16));
#2390 = ORIENTED_EDGE('',*,*,#2293,.F.);
#2391 = ORIENTED_EDGE('',*,*,#2385,.F.);
#2392 = ORIENTED_EDGE('',*,*,#2227,.T.);
#2393 = CYLINDRICAL_SURFACE('',#2394,1.6);
#2394 = AXIS2_PLACEMENT_3D('',#2395,#2396,#2397);
#2395 = CARTESIAN_POINT('',(-22.,26.,-32.6));
#2396 = DIRECTION('',(1.,0.,1.1E-16));
#2397 = DIRECTION('',(0.,-1.,0.));
#2398 = ADVANCED_FACE('',(#2399),#2418,.F.);
#2399 = FACE_BOUND('',#2400,.F.);
#2400 = EDGE_LOOP('',(#2401,#2409,#2416,#2417));
#2401 = ORIENTED_EDGE('',*,*,#2402,.T.);
#2402 = EDGE_CURVE('',#2217,#2403,#2405,.T.);
#2403 = VERTEX_POINT('',#2404);
#2404 = CARTESIAN_POINT('',(-14.,11.6,-32.6));
#2405 = LINE('',#2406,#2407);
#2406 = CARTESIAN_POINT('',(-22.,11.6,-32.6));
#2407 = VECTOR('',#2408,1.);
#2408 = DIRECTION('',(1.,0.,1.1E-16));
#2409 = ORIENTED_EDGE('',*,*,#2410,.T.);
#2410 = EDGE_CURVE('',#2403,#2403,#2411,.T.);
#2411 = CIRCLE('',#2412,1.6);
#2412 = AXIS2_PLACEMENT_3D('',#2413,#2414,#2415);
#2413 = CARTESIAN_POINT('',(-14.,10.,-32.6));
#2414 = DIRECTION('',(-1.,0.,-1.3E-16));
#2415 = DIRECTION('',(0.,-1.,-0.));
#2416 = ORIENTED_EDGE('',*,*,#2402,.F.);
#2417 = ORIENTED_EDGE('',*,*,#2216,.T.);
#2418 = CYLINDRICAL_SURFACE('',#2419,1.6);
#2419 = AXIS2_PLACEMENT_3D('',#2420,#2421,#2422);
#2420 = CARTESIAN_POINT('',(-22.,10.,-32.6));
#2421 = DIRECTION('',(1.,0.,1.1E-16));
#2422 = DIRECTION('',(0.,-1.,0.));
#2423 = ADVANCED_FACE('',(#2424,#2427),#2430,.F.);
#2424 = FACE_BOUND('',#2425,.T.);
#2425 = EDGE_LOOP('',(#2426));
#2426 = ORIENTED_EDGE('',*,*,#1914,.F.);
#2427 = FACE_BOUND('',#2428,.T.);
#2428 = EDGE_LOOP('',(#2429));
#2429 = ORIENTED_EDGE('',*,*,#2410,.T.);
#2430 = PLANE('',#2431);
#2431 = AXIS2_PLACEMENT_3D('',#2432,#2433,#2434);
#2432 = CARTESIAN_POINT('',(-14.,10.,-32.6));
#2433 = DIRECTION('',(-1.,0.,-1.3E-16));
#2434 = DIRECTION('',(0.,-1.,-0.));
#2435 = ADVANCED_FACE('',(#2436,#2439),#2442,.F.);
#2436 = FACE_BOUND('',#2437,.T.);
#2437 = EDGE_LOOP('',(#2438));
#2438 = ORIENTED_EDGE('',*,*,#1767,.F.);
#2439 = FACE_BOUND('',#2440,.T.);
#2440 = EDGE_LOOP('',(#2441));
#2441 = ORIENTED_EDGE('',*,*,#2368,.T.);
#2442 = PLANE('',#2443);
#2443 = AXIS2_PLACEMENT_3D('',#2444,#2445,#2446);
#2444 = CARTESIAN_POINT('',(-14.,10.,-58.6));
#2445 = DIRECTION('',(-1.,0.,-1.3E-16));
#2446 = DIRECTION('',(0.,-1.,-0.));
#2447 = ADVANCED_FACE('',(#2448),#2454,.T.);
#2448 = FACE_BOUND('',#2449,.T.);
#2449 = EDGE_LOOP('',(#2450,#2451,#2452,#2453));
#2450 = ORIENTED_EDGE('',*,*,#1029,.F.);
#2451 = ORIENTED_EDGE('',*,*,#2088,.F.);
#2452 = ORIENTED_EDGE('',*,*,#1185,.T.);
#2453 = ORIENTED_EDGE('',*,*,#2106,.F.);
#2454 = PLANE('',#2455);
#2455 = AXIS2_PLACEMENT_3D('',#2456,#2457,#2458);
#2456 = CARTESIAN_POINT('',(-22.,20.,-50.6));
#2457 = DIRECTION('',(0.,0.707106781187,-0.707106781187));
#2458 = DIRECTION('',(1.6E-16,0.707106781187,0.707106781187));
#2459 = ADVANCED_FACE('',(#2460),#2487,.T.);
#2460 = FACE_BOUND('',#2461,.T.);
#2461 = EDGE_LOOP('',(#2462,#2472,#2480));
#2462 = ORIENTED_EDGE('',*,*,#2463,.F.);
#2463 = EDGE_CURVE('',#2464,#2466,#2468,.T.);
#2464 = VERTEX_POINT('',#2465);
#2465 = CARTESIAN_POINT('',(6.5,-1.4,2.692388155425));
#2466 = VERTEX_POINT('',#2467);
#2467 = CARTESIAN_POINT('',(6.5,-1.4,-1.E-15));
#2468 = LINE('',#2469,#2470);
#2469 = CARTESIAN_POINT('',(6.5,-1.4,-1.19E-15));
#2470 = VECTOR('',#2471,1.);
#2471 = DIRECTION('',(0.,0.,-1.));
#2472 = ORIENTED_EDGE('',*,*,#2473,.F.);
#2473 = EDGE_CURVE('',#2474,#2464,#2476,.T.);
#2474 = VERTEX_POINT('',#2475);
#2475 = CARTESIAN_POINT('',(4.596194063691,-1.4,4.596194091734));
#2476 = LINE('',#2477,#2478);
#2477 = CARTESIAN_POINT('',(2.692388155425,-1.4,6.5));
#2478 = VECTOR('',#2479,1.);
#2479 = DIRECTION('',(0.707106781187,0.,-0.707106781187));
#2480 = ORIENTED_EDGE('',*,*,#2481,.F.);
#2481 = EDGE_CURVE('',#2466,#2474,#2482,.T.);
#2482 = CIRCLE('',#2483,6.5);
#2483 = AXIS2_PLACEMENT_3D('',#2484,#2485,#2486);
#2484 = CARTESIAN_POINT('',(0.,-1.4,0.));
#2485 = DIRECTION('',(0.,-1.,0.));
#2486 = DIRECTION('',(-1.,0.,0.));
#2487 = PLANE('',#2488);
#2488 = AXIS2_PLACEMENT_3D('',#2489,#2490,#2491);
#2489 = CARTESIAN_POINT('',(5.548097031846,-1.4,2.298097045867));
#2490 = DIRECTION('',(0.,-1.,0.));
#2491 = DIRECTION('',(1.,0.,0.));
#2492 = ADVANCED_FACE('',(#2493),#2526,.F.);
#2493 = FACE_BOUND('',#2494,.T.);
#2494 = EDGE_LOOP('',(#2495,#2505,#2513,#2519,#2520));
#2495 = ORIENTED_EDGE('',*,*,#2496,.F.);
#2496 = EDGE_CURVE('',#2497,#2499,#2501,.T.);
#2497 = VERTEX_POINT('',#2498);
#2498 = CARTESIAN_POINT('',(2.692388155425,-1.6,6.5));
#2499 = VERTEX_POINT('',#2500);
#2500 = CARTESIAN_POINT('',(6.5,-1.6,2.692388155425));
#2501 = LINE('',#2502,#2503);
#2502 = CARTESIAN_POINT('',(3.644291116569,-1.6,5.548097038856));
#2503 = VECTOR('',#2504,1.);
#2504 = DIRECTION('',(0.707106781187,0.,-0.707106781187));
#2505 = ORIENTED_EDGE('',*,*,#2506,.T.);
#2506 = EDGE_CURVE('',#2497,#2507,#2509,.T.);
#2507 = VERTEX_POINT('',#2508);
#2508 = CARTESIAN_POINT('',(2.692388155425,-1.4,6.5));
#2509 = LINE('',#2510,#2511);
#2510 = CARTESIAN_POINT('',(2.692388155425,-1.6,6.5));
#2511 = VECTOR('',#2512,1.);
#2512 = DIRECTION('',(0.,1.,0.));
#2513 = ORIENTED_EDGE('',*,*,#2514,.T.);
#2514 = EDGE_CURVE('',#2507,#2474,#2515,.T.);
#2515 = LINE('',#2516,#2517);
#2516 = CARTESIAN_POINT('',(2.692388155425,-1.4,6.5));
#2517 = VECTOR('',#2518,1.);
#2518 = DIRECTION('',(0.707106781187,0.,-0.707106781187));
#2519 = ORIENTED_EDGE('',*,*,#2473,.T.);
#2520 = ORIENTED_EDGE('',*,*,#2521,.F.);
#2521 = EDGE_CURVE('',#2499,#2464,#2522,.T.);
#2522 = LINE('',#2523,#2524);
#2523 = CARTESIAN_POINT('',(6.5,-1.6,2.692388155425));
#2524 = VECTOR('',#2525,1.);
#2525 = DIRECTION('',(0.,1.,0.));
#2526 = PLANE('',#2527);
#2527 = AXIS2_PLACEMENT_3D('',#2528,#2529,#2530);
#2528 = CARTESIAN_POINT('',(2.692388155425,-1.6,6.5));
#2529 = DIRECTION('',(0.707106781187,0.,0.707106781187));
#2530 = DIRECTION('',(0.707106781187,0.,-0.707106781187));
#2531 = ADVANCED_FACE('',(#2532),#2550,.T.);
#2532 = FACE_BOUND('',#2533,.T.);
#2533 = EDGE_LOOP('',(#2534,#2542,#2549));
#2534 = ORIENTED_EDGE('',*,*,#2535,.F.);
#2535 = EDGE_CURVE('',#2536,#2507,#2538,.T.);
#2536 = VERTEX_POINT('',#2537);
#2537 = CARTESIAN_POINT('',(0.,-1.4,6.5));
#2538 = LINE('',#2539,#2540);
#2539 = CARTESIAN_POINT('',(4.663689526544,-1.4,6.5));
#2540 = VECTOR('',#2541,1.);
#2541 = DIRECTION('',(1.,0.,0.));
#2542 = ORIENTED_EDGE('',*,*,#2543,.F.);
#2543 = EDGE_CURVE('',#2474,#2536,#2544,.T.);
#2544 = CIRCLE('',#2545,6.5);
#2545 = AXIS2_PLACEMENT_3D('',#2546,#2547,#2548);
#2546 = CARTESIAN_POINT('',(0.,-1.4,0.));
#2547 = DIRECTION('',(0.,-1.,0.));
#2548 = DIRECTION('',(-1.,0.,0.));
#2549 = ORIENTED_EDGE('',*,*,#2514,.F.);
#2550 = PLANE('',#2551);
#2551 = AXIS2_PLACEMENT_3D('',#2552,#2553,#2554);
#2552 = CARTESIAN_POINT('',(2.298097031846,-1.4,5.548097045867));
#2553 = DIRECTION('',(0.,-1.,0.));
#2554 = DIRECTION('',(1.,0.,0.));
#2555 = ADVANCED_FACE('',(#2556),#2581,.T.);
#2556 = FACE_BOUND('',#2557,.T.);
#2557 = EDGE_LOOP('',(#2558,#2566,#2574));
#2558 = ORIENTED_EDGE('',*,*,#2559,.F.);
#2559 = EDGE_CURVE('',#2560,#2536,#2562,.T.);
#2560 = VERTEX_POINT('',#2561);
#2561 = CARTESIAN_POINT('',(-2.692388155425,-1.4,6.5));
#2562 = LINE('',#2563,#2564);
#2563 = CARTESIAN_POINT('',(0.,-1.4,6.5));
#2564 = VECTOR('',#2565,1.);
#2565 = DIRECTION('',(1.,0.,0.));
#2566 = ORIENTED_EDGE('',*,*,#2567,.F.);
#2567 = EDGE_CURVE('',#2568,#2560,#2570,.T.);
#2568 = VERTEX_POINT('',#2569);
#2569 = CARTESIAN_POINT('',(-4.596194077713,-1.4,4.596194077713));
#2570 = LINE('',#2571,#2572);
#2571 = CARTESIAN_POINT('',(-2.692388155425,-1.4,6.5));
#2572 = VECTOR('',#2573,1.);
#2573 = DIRECTION('',(0.707106781187,0.,0.707106781187));
#2574 = ORIENTED_EDGE('',*,*,#2575,.F.);
#2575 = EDGE_CURVE('',#2536,#2568,#2576,.T.);
#2576 = CIRCLE('',#2577,6.5);
#2577 = AXIS2_PLACEMENT_3D('',#2578,#2579,#2580);
#2578 = CARTESIAN_POINT('',(0.,-1.4,0.));
#2579 = DIRECTION('',(0.,-1.,0.));
#2580 = DIRECTION('',(-1.,0.,0.));
#2581 = PLANE('',#2582);
#2582 = AXIS2_PLACEMENT_3D('',#2583,#2584,#2585);
#2583 = CARTESIAN_POINT('',(-2.298097038856,-1.4,5.548097038856));
#2584 = DIRECTION('',(0.,-1.,0.));
#2585 = DIRECTION('',(1.,0.,0.));
#2586 = ADVANCED_FACE('',(#2587),#2620,.F.);
#2587 = FACE_BOUND('',#2588,.T.);
#2588 = EDGE_LOOP('',(#2589,#2599,#2607,#2613,#2614));
#2589 = ORIENTED_EDGE('',*,*,#2590,.F.);
#2590 = EDGE_CURVE('',#2591,#2593,#2595,.T.);
#2591 = VERTEX_POINT('',#2592);
#2592 = CARTESIAN_POINT('',(-6.5,-1.6,2.692388155425));
#2593 = VERTEX_POINT('',#2594);
#2594 = CARTESIAN_POINT('',(-2.692388155425,-1.6,6.5));
#2595 = LINE('',#2596,#2597);
#2596 = CARTESIAN_POINT('',(-5.548097038856,-1.6,3.644291116569));
#2597 = VECTOR('',#2598,1.);
#2598 = DIRECTION('',(0.707106781187,0.,0.707106781187));
#2599 = ORIENTED_EDGE('',*,*,#2600,.T.);
#2600 = EDGE_CURVE('',#2591,#2601,#2603,.T.);
#2601 = VERTEX_POINT('',#2602);
#2602 = CARTESIAN_POINT('',(-6.5,-1.4,2.692388155425));
#2603 = LINE('',#2604,#2605);
#2604 = CARTESIAN_POINT('',(-6.5,-1.6,2.692388155425));
#2605 = VECTOR('',#2606,1.);
#2606 = DIRECTION('',(0.,1.,0.));
#2607 = ORIENTED_EDGE('',*,*,#2608,.T.);
#2608 = EDGE_CURVE('',#2601,#2568,#2609,.T.);
#2609 = LINE('',#2610,#2611);
#2610 = CARTESIAN_POINT('',(-2.692388155425,-1.4,6.5));
#2611 = VECTOR('',#2612,1.);
#2612 = DIRECTION('',(0.707106781187,0.,0.707106781187));
#2613 = ORIENTED_EDGE('',*,*,#2567,.T.);
#2614 = ORIENTED_EDGE('',*,*,#2615,.F.);
#2615 = EDGE_CURVE('',#2593,#2560,#2616,.T.);
#2616 = LINE('',#2617,#2618);
#2617 = CARTESIAN_POINT('',(-2.692388155425,-1.6,6.5));
#2618 = VECTOR('',#2619,1.);
#2619 = DIRECTION('',(0.,1.,0.));
#2620 = PLANE('',#2621);
#2621 = AXIS2_PLACEMENT_3D('',#2622,#2623,#2624);
#2622 = CARTESIAN_POINT('',(-6.5,-1.6,2.692388155425));
#2623 = DIRECTION('',(-0.707106781187,0.,0.707106781187));
#2624 = DIRECTION('',(0.707106781187,0.,0.707106781187));
#2625 = ADVANCED_FACE('',(#2626),#2644,.T.);
#2626 = FACE_BOUND('',#2627,.T.);
#2627 = EDGE_LOOP('',(#2628,#2636,#2643));
#2628 = ORIENTED_EDGE('',*,*,#2629,.F.);
#2629 = EDGE_CURVE('',#2630,#2601,#2632,.T.);
#2630 = VERTEX_POINT('',#2631);
#2631 = CARTESIAN_POINT('',(-6.5,-1.4,1.E-15));
#2632 = LINE('',#2633,#2634);
#2633 = CARTESIAN_POINT('',(-6.5,-1.4,4.663689526544));
#2634 = VECTOR('',#2635,1.);
#2635 = DIRECTION('',(2.4E-16,0.,1.));
#2636 = ORIENTED_EDGE('',*,*,#2637,.F.);
#2637 = EDGE_CURVE('',#2568,#2630,#2638,.T.);
#2638 = CIRCLE('',#2639,6.5);
#2639 = AXIS2_PLACEMENT_3D('',#2640,#2641,#2642);
#2640 = CARTESIAN_POINT('',(0.,-1.4,0.));
#2641 = DIRECTION('',(0.,-1.,0.));
#2642 = DIRECTION('',(-1.,0.,0.));
#2643 = ORIENTED_EDGE('',*,*,#2608,.F.);
#2644 = PLANE('',#2645);
#2645 = AXIS2_PLACEMENT_3D('',#2646,#2647,#2648);
#2646 = CARTESIAN_POINT('',(-5.548097038856,-1.4,2.298097038856));
#2647 = DIRECTION('',(0.,-1.,0.));
#2648 = DIRECTION('',(1.,0.,0.));
#2649 = ADVANCED_FACE('',(#2650),#2675,.T.);
#2650 = FACE_BOUND('',#2651,.T.);
#2651 = EDGE_LOOP('',(#2652,#2660,#2668));
#2652 = ORIENTED_EDGE('',*,*,#2653,.F.);
#2653 = EDGE_CURVE('',#2654,#2630,#2656,.T.);
#2654 = VERTEX_POINT('',#2655);
#2655 = CARTESIAN_POINT('',(-6.5,-1.4,-2.692388155425));
#2656 = LINE('',#2657,#2658);
#2657 = CARTESIAN_POINT('',(-6.5,-1.4,0.));
#2658 = VECTOR('',#2659,1.);
#2659 = DIRECTION('',(0.,0.,1.));
#2660 = ORIENTED_EDGE('',*,*,#2661,.F.);
#2661 = EDGE_CURVE('',#2662,#2654,#2664,.T.);
#2662 = VERTEX_POINT('',#2663);
#2663 = CARTESIAN_POINT('',(-4.596194078032,-1.4,-4.596194077393));
#2664 = LINE('',#2665,#2666);
#2665 = CARTESIAN_POINT('',(-6.5,-1.4,-2.692388155425));
#2666 = VECTOR('',#2667,1.);
#2667 = DIRECTION('',(-0.707106781187,0.,0.707106781187));
#2668 = ORIENTED_EDGE('',*,*,#2669,.F.);
#2669 = EDGE_CURVE('',#2630,#2662,#2670,.T.);
#2670 = CIRCLE('',#2671,6.5);
#2671 = AXIS2_PLACEMENT_3D('',#2672,#2673,#2674);
#2672 = CARTESIAN_POINT('',(0.,-1.4,0.));
#2673 = DIRECTION('',(0.,-1.,0.));
#2674 = DIRECTION('',(-1.,0.,0.));
#2675 = PLANE('',#2676);
#2676 = AXIS2_PLACEMENT_3D('',#2677,#2678,#2679);
#2677 = CARTESIAN_POINT('',(-5.548097039016,-1.4,-2.298097038696));
#2678 = DIRECTION('',(0.,-1.,0.));
#2679 = DIRECTION('',(1.,0.,0.));
#2680 = ADVANCED_FACE('',(#2681),#2714,.F.);
#2681 = FACE_BOUND('',#2682,.T.);
#2682 = EDGE_LOOP('',(#2683,#2693,#2701,#2707,#2708));
#2683 = ORIENTED_EDGE('',*,*,#2684,.F.);
#2684 = EDGE_CURVE('',#2685,#2687,#2689,.T.);
#2685 = VERTEX_POINT('',#2686);
#2686 = CARTESIAN_POINT('',(-2.692388155425,-1.6,-6.5));
#2687 = VERTEX_POINT('',#2688);
#2688 = CARTESIAN_POINT('',(-6.5,-1.6,-2.692388155425));
#2689 = LINE('',#2690,#2691);
#2690 = CARTESIAN_POINT('',(-3.644291116569,-1.6,-5.548097038856));
#2691 = VECTOR('',#2692,1.);
#2692 = DIRECTION('',(-0.707106781187,0.,0.707106781187));
#2693 = ORIENTED_EDGE('',*,*,#2694,.T.);
#2694 = EDGE_CURVE('',#2685,#2695,#2697,.T.);
#2695 = VERTEX_POINT('',#2696);
#2696 = CARTESIAN_POINT('',(-2.692388155425,-1.4,-6.5));
#2697 = LINE('',#2698,#2699);
#2698 = CARTESIAN_POINT('',(-2.692388155425,-1.6,-6.5));
#2699 = VECTOR('',#2700,1.);
#2700 = DIRECTION('',(0.,1.,0.));
#2701 = ORIENTED_EDGE('',*,*,#2702,.T.);
#2702 = EDGE_CURVE('',#2695,#2662,#2703,.T.);
#2703 = LINE('',#2704,#2705);
#2704 = CARTESIAN_POINT('',(-6.5,-1.4,-2.692388155425));
#2705 = VECTOR('',#2706,1.);
#2706 = DIRECTION('',(-0.707106781187,0.,0.707106781187));
#2707 = ORIENTED_EDGE('',*,*,#2661,.T.);
#2708 = ORIENTED_EDGE('',*,*,#2709,.F.);
#2709 = EDGE_CURVE('',#2687,#2654,#2710,.T.);
#2710 = LINE('',#2711,#2712);
#2711 = CARTESIAN_POINT('',(-6.5,-1.6,-2.692388155425));
#2712 = VECTOR('',#2713,1.);
#2713 = DIRECTION('',(0.,1.,0.));
#2714 = PLANE('',#2715);
#2715 = AXIS2_PLACEMENT_3D('',#2716,#2717,#2718);
#2716 = CARTESIAN_POINT('',(-2.692388155425,-1.6,-6.5));
#2717 = DIRECTION('',(-0.707106781187,0.,-0.707106781187));
#2718 = DIRECTION('',(-0.707106781187,0.,0.707106781187));
#2719 = ADVANCED_FACE('',(#2720),#2738,.T.);
#2720 = FACE_BOUND('',#2721,.T.);
#2721 = EDGE_LOOP('',(#2722,#2730,#2737));
#2722 = ORIENTED_EDGE('',*,*,#2723,.F.);
#2723 = EDGE_CURVE('',#2724,#2695,#2726,.T.);
#2724 = VERTEX_POINT('',#2725);
#2725 = CARTESIAN_POINT('',(-0.,-1.4,-6.5));
#2726 = LINE('',#2727,#2728);
#2727 = CARTESIAN_POINT('',(-4.663689526544,-1.4,-6.5));
#2728 = VECTOR('',#2729,1.);
#2729 = DIRECTION('',(-1.,0.,2.4E-16));
#2730 = ORIENTED_EDGE('',*,*,#2731,.F.);
#2731 = EDGE_CURVE('',#2662,#2724,#2732,.T.);
#2732 = CIRCLE('',#2733,6.5);
#2733 = AXIS2_PLACEMENT_3D('',#2734,#2735,#2736);
#2734 = CARTESIAN_POINT('',(0.,-1.4,0.));
#2735 = DIRECTION('',(0.,-1.,0.));
#2736 = DIRECTION('',(-1.,0.,0.));
#2737 = ORIENTED_EDGE('',*,*,#2702,.F.);
#2738 = PLANE('',#2739);
#2739 = AXIS2_PLACEMENT_3D('',#2740,#2741,#2742);
#2740 = CARTESIAN_POINT('',(-2.298097039016,-1.4,-5.548097038696));
#2741 = DIRECTION('',(0.,-1.,0.));
#2742 = DIRECTION('',(1.,0.,0.));
#2743 = ADVANCED_FACE('',(#2744),#2769,.T.);
#2744 = FACE_BOUND('',#2745,.T.);
#2745 = EDGE_LOOP('',(#2746,#2754,#2762));
#2746 = ORIENTED_EDGE('',*,*,#2747,.F.);
#2747 = EDGE_CURVE('',#2748,#2724,#2750,.T.);
#2748 = VERTEX_POINT('',#2749);
#2749 = CARTESIAN_POINT('',(2.692388155425,-1.4,-6.5));
#2750 = LINE('',#2751,#2752);
#2751 = CARTESIAN_POINT('',(-8.E-16,-1.4,-6.5));
#2752 = VECTOR('',#2753,1.);
#2753 = DIRECTION('',(-1.,0.,-2.4E-16));
#2754 = ORIENTED_EDGE('',*,*,#2755,.F.);
#2755 = EDGE_CURVE('',#2756,#2748,#2758,.T.);
#2756 = VERTEX_POINT('',#2757);
#2757 = CARTESIAN_POINT('',(4.596194077713,-1.4,-4.596194077713));
#2758 = LINE('',#2759,#2760);
#2759 = CARTESIAN_POINT('',(2.692388155425,-1.4,-6.5));
#2760 = VECTOR('',#2761,1.);
#2761 = DIRECTION('',(-0.707106781187,0.,-0.707106781187));
#2762 = ORIENTED_EDGE('',*,*,#2763,.F.);
#2763 = EDGE_CURVE('',#2724,#2756,#2764,.T.);
#2764 = CIRCLE('',#2765,6.5);
#2765 = AXIS2_PLACEMENT_3D('',#2766,#2767,#2768);
#2766 = CARTESIAN_POINT('',(0.,-1.4,0.));
#2767 = DIRECTION('',(0.,-1.,0.));
#2768 = DIRECTION('',(-1.,0.,0.));
#2769 = PLANE('',#2770);
#2770 = AXIS2_PLACEMENT_3D('',#2771,#2772,#2773);
#2771 = CARTESIAN_POINT('',(2.298097038856,-1.4,-5.548097038856));
#2772 = DIRECTION('',(0.,-1.,0.));
#2773 = DIRECTION('',(1.,0.,0.));
#2774 = ADVANCED_FACE('',(#2775),#2808,.F.);
#2775 = FACE_BOUND('',#2776,.T.);
#2776 = EDGE_LOOP('',(#2777,#2787,#2795,#2801,#2802));
#2777 = ORIENTED_EDGE('',*,*,#2778,.F.);
#2778 = EDGE_CURVE('',#2779,#2781,#2783,.T.);
#2779 = VERTEX_POINT('',#2780);
#2780 = CARTESIAN_POINT('',(6.5,-1.6,-2.692388155425));
#2781 = VERTEX_POINT('',#2782);
#2782 = CARTESIAN_POINT('',(2.692388155425,-1.6,-6.5));
#2783 = LINE('',#2784,#2785);
#2784 = CARTESIAN_POINT('',(4.596194077713,-1.6,-4.596194077713));
#2785 = VECTOR('',#2786,1.);
#2786 = DIRECTION('',(-0.707106781187,0.,-0.707106781187));
#2787 = ORIENTED_EDGE('',*,*,#2788,.T.);
#2788 = EDGE_CURVE('',#2779,#2789,#2791,.T.);
#2789 = VERTEX_POINT('',#2790);
#2790 = CARTESIAN_POINT('',(6.5,-1.4,-2.692388155425));
#2791 = LINE('',#2792,#2793);
#2792 = CARTESIAN_POINT('',(6.5,-1.6,-2.692388155425));
#2793 = VECTOR('',#2794,1.);
#2794 = DIRECTION('',(0.,1.,0.));
#2795 = ORIENTED_EDGE('',*,*,#2796,.T.);
#2796 = EDGE_CURVE('',#2789,#2756,#2797,.T.);
#2797 = LINE('',#2798,#2799);
#2798 = CARTESIAN_POINT('',(2.692388155425,-1.4,-6.5));
#2799 = VECTOR('',#2800,1.);
#2800 = DIRECTION('',(-0.707106781187,0.,-0.707106781187));
#2801 = ORIENTED_EDGE('',*,*,#2755,.T.);
#2802 = ORIENTED_EDGE('',*,*,#2803,.F.);
#2803 = EDGE_CURVE('',#2781,#2748,#2804,.T.);
#2804 = LINE('',#2805,#2806);
#2805 = CARTESIAN_POINT('',(2.692388155425,-1.6,-6.5));
#2806 = VECTOR('',#2807,1.);
#2807 = DIRECTION('',(0.,1.,0.));
#2808 = PLANE('',#2809);
#2809 = AXIS2_PLACEMENT_3D('',#2810,#2811,#2812);
#2810 = CARTESIAN_POINT('',(6.5,-1.6,-2.692388155425));
#2811 = DIRECTION('',(0.707106781187,0.,-0.707106781187));
#2812 = DIRECTION('',(-0.707106781187,0.,-0.707106781187));
#2813 = ADVANCED_FACE('',(#2814),#2830,.T.);
#2814 = FACE_BOUND('',#2815,.T.);
#2815 = EDGE_LOOP('',(#2816,#2822,#2829));
#2816 = ORIENTED_EDGE('',*,*,#2817,.F.);
#2817 = EDGE_CURVE('',#2466,#2789,#2818,.T.);
#2818 = LINE('',#2819,#2820);
#2819 = CARTESIAN_POINT('',(6.5,-1.4,-4.663689526544));
#2820 = VECTOR('',#2821,1.);
#2821 = DIRECTION('',(0.,0.,-1.));
#2822 = ORIENTED_EDGE('',*,*,#2823,.F.);
#2823 = EDGE_CURVE('',#2756,#2466,#2824,.T.);
#2824 = CIRCLE('',#2825,6.5);
#2825 = AXIS2_PLACEMENT_3D('',#2826,#2827,#2828);
#2826 = CARTESIAN_POINT('',(0.,-1.4,0.));
#2827 = DIRECTION('',(0.,-1.,0.));
#2828 = DIRECTION('',(-1.,0.,0.));
#2829 = ORIENTED_EDGE('',*,*,#2796,.F.);
#2830 = PLANE('',#2831);
#2831 = AXIS2_PLACEMENT_3D('',#2832,#2833,#2834);
#2832 = CARTESIAN_POINT('',(5.548097038856,-1.4,-2.298097038856));
#2833 = DIRECTION('',(0.,-1.,0.));
#2834 = DIRECTION('',(1.,0.,0.));
#2835 = ADVANCED_FACE('',(#2836),#2852,.F.);
#2836 = FACE_BOUND('',#2837,.T.);
#2837 = EDGE_LOOP('',(#2838,#2839,#2845,#2846));
#2838 = ORIENTED_EDGE('',*,*,#2496,.T.);
#2839 = ORIENTED_EDGE('',*,*,#2840,.T.);
#2840 = EDGE_CURVE('',#2499,#252,#2841,.T.);
#2841 = LINE('',#2842,#2843);
#2842 = CARTESIAN_POINT('',(6.5,-1.6,2.331844763272));
#2843 = VECTOR('',#2844,1.);
#2844 = DIRECTION('',(0.,0.,1.));
#2845 = ORIENTED_EDGE('',*,*,#259,.F.);
#2846 = ORIENTED_EDGE('',*,*,#2847,.T.);
#2847 = EDGE_CURVE('',#260,#2497,#2848,.T.);
#2848 = LINE('',#2849,#2850);
#2849 = CARTESIAN_POINT('',(-2.331844763272,-1.6,6.5));
#2850 = VECTOR('',#2851,1.);
#2851 = DIRECTION('',(-1.,0.,0.));
#2852 = PLANE('',#2853);
#2853 = AXIS2_PLACEMENT_3D('',#2854,#2855,#2856);
#2854 = CARTESIAN_POINT('',(2.22E-15,-1.6,-3.33E-15));
#2855 = DIRECTION('',(0.,1.,0.));
#2856 = DIRECTION('',(-1.,0.,0.));
#2857 = ADVANCED_FACE('',(#2858),#2874,.F.);
#2858 = FACE_BOUND('',#2859,.T.);
#2859 = EDGE_LOOP('',(#2860,#2861,#2867,#2868));
#2860 = ORIENTED_EDGE('',*,*,#2778,.T.);
#2861 = ORIENTED_EDGE('',*,*,#2862,.T.);
#2862 = EDGE_CURVE('',#2781,#218,#2863,.T.);
#2863 = LINE('',#2864,#2865);
#2864 = CARTESIAN_POINT('',(2.331844763272,-1.6,-6.5));
#2865 = VECTOR('',#2866,1.);
#2866 = DIRECTION('',(1.,0.,0.));
#2867 = ORIENTED_EDGE('',*,*,#225,.F.);
#2868 = ORIENTED_EDGE('',*,*,#2869,.T.);
#2869 = EDGE_CURVE('',#226,#2779,#2870,.T.);
#2870 = LINE('',#2871,#2872);
#2871 = CARTESIAN_POINT('',(6.5,-1.6,2.331844763272));
#2872 = VECTOR('',#2873,1.);
#2873 = DIRECTION('',(0.,0.,1.));
#2874 = PLANE('',#2875);
#2875 = AXIS2_PLACEMENT_3D('',#2876,#2877,#2878);
#2876 = CARTESIAN_POINT('',(2.22E-15,-1.6,-3.33E-15));
#2877 = DIRECTION('',(0.,1.,0.));
#2878 = DIRECTION('',(-1.,0.,0.));
#2879 = ADVANCED_FACE('',(#2880),#2901,.T.);
#2880 = FACE_BOUND('',#2881,.T.);
#2881 = EDGE_LOOP('',(#2882,#2883,#2884,#2890,#2891,#2897,#2898,#2899,
    #2900));
#2882 = ORIENTED_EDGE('',*,*,#2847,.F.);
#2883 = ORIENTED_EDGE('',*,*,#268,.F.);
#2884 = ORIENTED_EDGE('',*,*,#2885,.F.);
#2885 = EDGE_CURVE('',#277,#269,#2886,.T.);
#2886 = LINE('',#2887,#2888);
#2887 = CARTESIAN_POINT('',(-4.663689526544,-1.8,6.5));
#2888 = VECTOR('',#2889,1.);
#2889 = DIRECTION('',(1.,0.,0.));
#2890 = ORIENTED_EDGE('',*,*,#285,.F.);
#2891 = ORIENTED_EDGE('',*,*,#2892,.F.);
#2892 = EDGE_CURVE('',#2593,#286,#2893,.T.);
#2893 = LINE('',#2894,#2895);
#2894 = CARTESIAN_POINT('',(-2.331844763272,-1.6,6.5));
#2895 = VECTOR('',#2896,1.);
#2896 = DIRECTION('',(-1.,0.,0.));
#2897 = ORIENTED_EDGE('',*,*,#2615,.T.);
#2898 = ORIENTED_EDGE('',*,*,#2559,.T.);
#2899 = ORIENTED_EDGE('',*,*,#2535,.T.);
#2900 = ORIENTED_EDGE('',*,*,#2506,.F.);
#2901 = PLANE('',#2902);
#2902 = AXIS2_PLACEMENT_3D('',#2903,#2904,#2905);
#2903 = CARTESIAN_POINT('',(-4.663689526544,-1.6,6.5));
#2904 = DIRECTION('',(0.,0.,-1.));
#2905 = DIRECTION('',(1.,0.,0.));
#2906 = ADVANCED_FACE('',(#2907),#2911,.T.);
#2907 = FACE_BOUND('',#2908,.T.);
#2908 = EDGE_LOOP('',(#2909,#2910));
#2909 = ORIENTED_EDGE('',*,*,#2885,.T.);
#2910 = ORIENTED_EDGE('',*,*,#276,.F.);
#2911 = PLANE('',#2912);
#2912 = AXIS2_PLACEMENT_3D('',#2913,#2914,#2915);
#2913 = CARTESIAN_POINT('',(0.,-1.8,7.25));
#2914 = DIRECTION('',(0.,-1.,0.));
#2915 = DIRECTION('',(1.,0.,0.));
#2916 = ADVANCED_FACE('',(#2917),#2928,.F.);
#2917 = FACE_BOUND('',#2918,.T.);
#2918 = EDGE_LOOP('',(#2919,#2920,#2921,#2922));
#2919 = ORIENTED_EDGE('',*,*,#2590,.T.);
#2920 = ORIENTED_EDGE('',*,*,#2892,.T.);
#2921 = ORIENTED_EDGE('',*,*,#293,.F.);
#2922 = ORIENTED_EDGE('',*,*,#2923,.T.);
#2923 = EDGE_CURVE('',#294,#2591,#2924,.T.);
#2924 = LINE('',#2925,#2926);
#2925 = CARTESIAN_POINT('',(-6.5,-1.6,-2.331844763272));
#2926 = VECTOR('',#2927,1.);
#2927 = DIRECTION('',(0.,0.,-1.));
#2928 = PLANE('',#2929);
#2929 = AXIS2_PLACEMENT_3D('',#2930,#2931,#2932);
#2930 = CARTESIAN_POINT('',(2.22E-15,-1.6,-3.33E-15));
#2931 = DIRECTION('',(0.,1.,0.));
#2932 = DIRECTION('',(-1.,0.,0.));
#2933 = ADVANCED_FACE('',(#2934),#2950,.T.);
#2934 = FACE_BOUND('',#2935,.T.);
#2935 = EDGE_LOOP('',(#2936,#2937,#2938,#2939,#2940,#2941,#2942,#2948,
    #2949));
#2936 = ORIENTED_EDGE('',*,*,#2521,.T.);
#2937 = ORIENTED_EDGE('',*,*,#2463,.T.);
#2938 = ORIENTED_EDGE('',*,*,#2817,.T.);
#2939 = ORIENTED_EDGE('',*,*,#2788,.F.);
#2940 = ORIENTED_EDGE('',*,*,#2869,.F.);
#2941 = ORIENTED_EDGE('',*,*,#234,.F.);
#2942 = ORIENTED_EDGE('',*,*,#2943,.F.);
#2943 = EDGE_CURVE('',#243,#235,#2944,.T.);
#2944 = LINE('',#2945,#2946);
#2945 = CARTESIAN_POINT('',(6.5,-1.8,4.663689526544));
#2946 = VECTOR('',#2947,1.);
#2947 = DIRECTION('',(0.,0.,-1.));
#2948 = ORIENTED_EDGE('',*,*,#251,.F.);
#2949 = ORIENTED_EDGE('',*,*,#2840,.F.);
#2950 = PLANE('',#2951);
#2951 = AXIS2_PLACEMENT_3D('',#2952,#2953,#2954);
#2952 = CARTESIAN_POINT('',(6.5,-1.6,4.663689526544));
#2953 = DIRECTION('',(-1.,0.,0.));
#2954 = DIRECTION('',(0.,0.,-1.));
#2955 = ADVANCED_FACE('',(#2956),#2960,.T.);
#2956 = FACE_BOUND('',#2957,.T.);
#2957 = EDGE_LOOP('',(#2958,#2959));
#2958 = ORIENTED_EDGE('',*,*,#2943,.T.);
#2959 = ORIENTED_EDGE('',*,*,#242,.F.);
#2960 = PLANE('',#2961);
#2961 = AXIS2_PLACEMENT_3D('',#2962,#2963,#2964);
#2962 = CARTESIAN_POINT('',(7.25,-1.8,5.6E-16));
#2963 = DIRECTION('',(0.,-1.,0.));
#2964 = DIRECTION('',(1.,0.,0.));
#2965 = ADVANCED_FACE('',(#2966),#2987,.T.);
#2966 = FACE_BOUND('',#2967,.T.);
#2967 = EDGE_LOOP('',(#2968,#2969,#2970,#2976,#2977,#2983,#2984,#2985,
    #2986));
#2968 = ORIENTED_EDGE('',*,*,#2923,.F.);
#2969 = ORIENTED_EDGE('',*,*,#302,.F.);
#2970 = ORIENTED_EDGE('',*,*,#2971,.F.);
#2971 = EDGE_CURVE('',#175,#303,#2972,.T.);
#2972 = LINE('',#2973,#2974);
#2973 = CARTESIAN_POINT('',(-6.5,-1.8,4.663689526544));
#2974 = VECTOR('',#2975,1.);
#2975 = DIRECTION('',(0.,0.,1.));
#2976 = ORIENTED_EDGE('',*,*,#183,.F.);
#2977 = ORIENTED_EDGE('',*,*,#2978,.F.);
#2978 = EDGE_CURVE('',#2687,#184,#2979,.T.);
#2979 = LINE('',#2980,#2981);
#2980 = CARTESIAN_POINT('',(-6.5,-1.6,-2.331844763272));
#2981 = VECTOR('',#2982,1.);
#2982 = DIRECTION('',(0.,0.,-1.));
#2983 = ORIENTED_EDGE('',*,*,#2709,.T.);
#2984 = ORIENTED_EDGE('',*,*,#2653,.T.);
#2985 = ORIENTED_EDGE('',*,*,#2629,.T.);
#2986 = ORIENTED_EDGE('',*,*,#2600,.F.);
#2987 = PLANE('',#2988);
#2988 = AXIS2_PLACEMENT_3D('',#2989,#2990,#2991);
#2989 = CARTESIAN_POINT('',(-6.5,-1.6,-4.663689526544));
#2990 = DIRECTION('',(1.,0.,0.));
#2991 = DIRECTION('',(0.,0.,1.));
#2992 = ADVANCED_FACE('',(#2993),#2998,.T.);
#2993 = FACE_BOUND('',#2994,.T.);
#2994 = EDGE_LOOP('',(#2995,#2996,#2997));
#2995 = ORIENTED_EDGE('',*,*,#174,.F.);
#2996 = ORIENTED_EDGE('',*,*,#2971,.T.);
#2997 = ORIENTED_EDGE('',*,*,#310,.F.);
#2998 = PLANE('',#2999);
#2999 = AXIS2_PLACEMENT_3D('',#3000,#3001,#3002);
#3000 = CARTESIAN_POINT('',(-7.25,-1.8,5.6E-16));
#3001 = DIRECTION('',(0.,-1.,0.));
#3002 = DIRECTION('',(1.,0.,0.));
#3003 = ADVANCED_FACE('',(#3004),#3015,.F.);
#3004 = FACE_BOUND('',#3005,.T.);
#3005 = EDGE_LOOP('',(#3006,#3007,#3008,#3009));
#3006 = ORIENTED_EDGE('',*,*,#2684,.T.);
#3007 = ORIENTED_EDGE('',*,*,#2978,.T.);
#3008 = ORIENTED_EDGE('',*,*,#191,.F.);
#3009 = ORIENTED_EDGE('',*,*,#3010,.T.);
#3010 = EDGE_CURVE('',#192,#2685,#3011,.T.);
#3011 = LINE('',#3012,#3013);
#3012 = CARTESIAN_POINT('',(2.331844763272,-1.6,-6.5));
#3013 = VECTOR('',#3014,1.);
#3014 = DIRECTION('',(1.,0.,0.));
#3015 = PLANE('',#3016);
#3016 = AXIS2_PLACEMENT_3D('',#3017,#3018,#3019);
#3017 = CARTESIAN_POINT('',(2.22E-15,-1.6,-3.33E-15));
#3018 = DIRECTION('',(0.,1.,0.));
#3019 = DIRECTION('',(-1.,0.,0.));
#3020 = ADVANCED_FACE('',(#3021),#3037,.T.);
#3021 = FACE_BOUND('',#3022,.T.);
#3022 = EDGE_LOOP('',(#3023,#3024,#3025,#3031,#3032,#3033,#3034,#3035,
    #3036));
#3023 = ORIENTED_EDGE('',*,*,#3010,.F.);
#3024 = ORIENTED_EDGE('',*,*,#200,.F.);
#3025 = ORIENTED_EDGE('',*,*,#3026,.F.);
#3026 = EDGE_CURVE('',#209,#201,#3027,.T.);
#3027 = LINE('',#3028,#3029);
#3028 = CARTESIAN_POINT('',(-4.663689526544,-1.8,-6.5));
#3029 = VECTOR('',#3030,1.);
#3030 = DIRECTION('',(-1.,0.,0.));
#3031 = ORIENTED_EDGE('',*,*,#217,.F.);
#3032 = ORIENTED_EDGE('',*,*,#2862,.F.);
#3033 = ORIENTED_EDGE('',*,*,#2803,.T.);
#3034 = ORIENTED_EDGE('',*,*,#2747,.T.);
#3035 = ORIENTED_EDGE('',*,*,#2723,.T.);
#3036 = ORIENTED_EDGE('',*,*,#2694,.F.);
#3037 = PLANE('',#3038);
#3038 = AXIS2_PLACEMENT_3D('',#3039,#3040,#3041);
#3039 = CARTESIAN_POINT('',(4.663689526544,-1.6,-6.5));
#3040 = DIRECTION('',(0.,0.,1.));
#3041 = DIRECTION('',(-1.,0.,0.));
#3042 = ADVANCED_FACE('',(#3043),#3047,.T.);
#3043 = FACE_BOUND('',#3044,.T.);
#3044 = EDGE_LOOP('',(#3045,#3046));
#3045 = ORIENTED_EDGE('',*,*,#208,.F.);
#3046 = ORIENTED_EDGE('',*,*,#3026,.T.);
#3047 = PLANE('',#3048);
#3048 = AXIS2_PLACEMENT_3D('',#3049,#3050,#3051);
#3049 = CARTESIAN_POINT('',(0.,-1.8,-7.25));
#3050 = DIRECTION('',(0.,-1.,0.));
#3051 = DIRECTION('',(1.,0.,0.));
#3052 = ADVANCED_FACE('',(#3053),#3071,.F.);
#3053 = FACE_BOUND('',#3054,.F.);
#3054 = EDGE_LOOP('',(#3055,#3056,#3057,#3058,#3059,#3060,#3061,#3062,
    #3068,#3069,#3070));
#3055 = ORIENTED_EDGE('',*,*,#2763,.F.);
#3056 = ORIENTED_EDGE('',*,*,#2731,.F.);
#3057 = ORIENTED_EDGE('',*,*,#2669,.F.);
#3058 = ORIENTED_EDGE('',*,*,#2637,.F.);
#3059 = ORIENTED_EDGE('',*,*,#2575,.F.);
#3060 = ORIENTED_EDGE('',*,*,#2543,.F.);
#3061 = ORIENTED_EDGE('',*,*,#2481,.F.);
#3062 = ORIENTED_EDGE('',*,*,#3063,.T.);
#3063 = EDGE_CURVE('',#2466,#2045,#3064,.T.);
#3064 = LINE('',#3065,#3066);
#3065 = CARTESIAN_POINT('',(6.5,0.,8.E-16));
#3066 = VECTOR('',#3067,1.);
#3067 = DIRECTION('',(0.,1.,0.));
#3068 = ORIENTED_EDGE('',*,*,#2044,.T.);
#3069 = ORIENTED_EDGE('',*,*,#3063,.F.);
#3070 = ORIENTED_EDGE('',*,*,#2823,.F.);
#3071 = CYLINDRICAL_SURFACE('',#3072,6.5);
#3072 = AXIS2_PLACEMENT_3D('',#3073,#3074,#3075);
#3073 = CARTESIAN_POINT('',(0.,0.,0.));
#3074 = DIRECTION('',(0.,-1.,0.));
#3075 = DIRECTION('',(-1.,0.,0.));
#3076 = ( GEOMETRIC_REPRESENTATION_CONTEXT(3) 
GLOBAL_UNCERTAINTY_ASSIGNED_CONTEXT((#3080)) 
GLOBAL_UNIT_ASSIGNED_CONTEXT((#3077,#3078,#3079)) REPRESENTATION_CONTEXT
('Context #1','3D Context with UNIT and UNCERTAINTY') );
#3077 = ( LENGTH_UNIT() NAMED_UNIT(*) SI_UNIT(.MILLI.,.METRE.) );
#3078 = ( NAMED_UNIT(*) PLANE_ANGLE_UNIT() SI_UNIT($,.RADIAN.) );
#3079 = ( NAMED_UNIT(*) SI_UNIT($,.STERADIAN.) SOLID_ANGLE_UNIT() );
#3080 = UNCERTAINTY_MEASURE_WITH_UNIT(LENGTH_MEASURE(1.E-04),#3077,
  'distance_accuracy_value','confusion accuracy');
#3081 = PRODUCT_RELATED_PRODUCT_CATEGORY('part',$,(#7));
#3082 = MECHANICAL_DESIGN_GEOMETRIC_PRESENTATION_REPRESENTATION('',(
    #3083),#3076);
#3083 = STYLED_ITEM('color',(#3084),#15);
#3084 = PRESENTATION_STYLE_ASSIGNMENT((#3085,#3091));
#3085 = SURFACE_STYLE_USAGE(.BOTH.,#3086);
#3086 = SURFACE_SIDE_STYLE('',(#3087));
#3087 = SURFACE_STYLE_FILL_AREA(#3088);
#3088 = FILL_AREA_STYLE('',(#3089));
#3089 = FILL_AREA_STYLE_COLOUR('',#3090);
#3090 = COLOUR_RGB('',0.274509816483,0.274509816483,0.274509816483);
#3091 = CURVE_STYLE('',#3092,POSITIVE_LENGTH_MEASURE(0.1),#3093);
#3092 = DRAUGHTING_PRE_DEFINED_CURVE_FONT('continuous');
#3093 = COLOUR_RGB('',9.803921802644E-02,9.803921802644E-02,
  9.803921802644E-02);
ENDSEC;
END-ISO-10303-21;
