ISO-10303-21;
HEADER;
FILE_DESCRIPTION(('FreeCAD Model'),'2;1');
FILE_NAME('Open CASCADE Shape Model','2026-03-04T14:39:59',(''),(''),
  'Open CASCADE STEP processor 7.8','FreeCAD','Unknown');
FILE_SCHEMA(('AUTOMOTIVE_DESIGN { 1 0 10303 214 1 1 1 1 }'));
ENDSEC;
DATA;
#1 = APPLICATION_PROTOCOL_DEFINITION('international standard',
  'automotive_design',2000,#2);
#2 = APPLICATION_CONTEXT(
  'core data for automotive mechanical design processes');
#3 = SHAPE_DEFINITION_REPRESENTATION(#4,#10);
#4 = PRODUCT_DEFINITION_SHAPE('','',#5);
#5 = PRODUCT_DEFINITION('design','',#6,#9);
#6 = PRODUCT_DEFINITION_FORMATION('','',#7);
#7 = PRODUCT('Chamfer001','Chamfer001','',(#8));
#8 = PRODUCT_CONTEXT('',#2,'mechanical');
#9 = PRODUCT_DEFINITION_CONTEXT('part definition',#2,'design');
#10 = ADVANCED_BREP_SHAPE_REPRESENTATION('',(#11,#15),#2546);
#11 = AXIS2_PLACEMENT_3D('',#12,#13,#14);
#12 = CARTESIAN_POINT('',(0.,0.,0.));
#13 = DIRECTION('',(0.,0.,1.));
#14 = DIRECTION('',(1.,0.,-0.));
#15 = MANIFOLD_SOLID_BREP('',#16);
#16 = CLOSED_SHELL('',(#17,#93,#118,#149,#221,#246,#270,#294,#325,#342,
    #367,#399,#587,#611,#635,#666,#690,#772,#797,#919,#943,#975,#992,
    #1017,#1048,#1095,#1151,#1175,#1207,#1224,#1266,#1290,#1314,#1331,
    #1373,#1397,#1421,#1438,#1480,#1504,#1528,#1545,#1569,#1602,#1661,
    #1708,#1734,#1817,#1841,#1865,#1882,#1899,#1925,#1950,#2011,#2035,
    #2066,#2083,#2103,#2142,#2159,#2185,#2202,#2232,#2273,#2296,#2353,
    #2373,#2385,#2408,#2425,#2442,#2454,#2467,#2479,#2492,#2504,#2529));
#17 = ADVANCED_FACE('',(#18,#29),#88,.T.);
#18 = FACE_BOUND('',#19,.T.);
#19 = EDGE_LOOP('',(#20));
#20 = ORIENTED_EDGE('',*,*,#21,.T.);
#21 = EDGE_CURVE('',#22,#22,#24,.T.);
#22 = VERTEX_POINT('',#23);
#23 = CARTESIAN_POINT('',(57.139907051952,34.828728074616,0.));
#24 = CIRCLE('',#25,8.5);
#25 = AXIS2_PLACEMENT_3D('',#26,#27,#28);
#26 = CARTESIAN_POINT('',(48.639907051952,34.828728074616,0.));
#27 = DIRECTION('',(0.,-0.,-1.));
#28 = DIRECTION('',(1.,0.,-0.));
#29 = FACE_BOUND('',#30,.T.);
#30 = EDGE_LOOP('',(#31,#41,#49,#57,#65,#73,#81));
#31 = ORIENTED_EDGE('',*,*,#32,.F.);
#32 = EDGE_CURVE('',#33,#35,#37,.T.);
#33 = VERTEX_POINT('',#34);
#34 = CARTESIAN_POINT('',(16.003819837543,-2.,-9.436895709314E-16));
#35 = VERTEX_POINT('',#36);
#36 = CARTESIAN_POINT('',(19.449348344356,37.382571043518,
    -3.441691376338E-15));
#37 = LINE('',#38,#39);
#38 = CARTESIAN_POINT('',(15.996194698092,-2.087155742748,0.));
#39 = VECTOR('',#40,1.);
#40 = DIRECTION('',(8.715574274766E-02,0.996194698092,0.));
#41 = ORIENTED_EDGE('',*,*,#42,.T.);
#42 = EDGE_CURVE('',#33,#43,#45,.T.);
#43 = VERTEX_POINT('',#44);
#44 = CARTESIAN_POINT('',(36.559508142896,-2.,0.));
#45 = LINE('',#46,#47);
#46 = CARTESIAN_POINT('',(31.848710441385,-2.,0.));
#47 = VECTOR('',#48,1.);
#48 = DIRECTION('',(1.,0.,0.));
#49 = ORIENTED_EDGE('',*,*,#50,.F.);
#50 = EDGE_CURVE('',#51,#43,#53,.T.);
#51 = VERTEX_POINT('',#52);
#52 = CARTESIAN_POINT('',(51.07234910649,-19.35216171734,
    1.143529715364E-14));
#53 = LINE('',#54,#55);
#54 = CARTESIAN_POINT('',(51.714937101288,-20.12046689145,0.));
#55 = VECTOR('',#56,1.);
#56 = DIRECTION('',(-0.641558423045,0.767074174914,0.));
#57 = ORIENTED_EDGE('',*,*,#58,.F.);
#58 = EDGE_CURVE('',#59,#51,#61,.T.);
#59 = VERTEX_POINT('',#60);
#60 = CARTESIAN_POINT('',(77.533136898806,2.851075559848,0.));
#61 = LINE('',#62,#63);
#62 = CARTESIAN_POINT('',(78.299181341925,3.493863169535,0.));
#63 = VECTOR('',#64,1.);
#64 = DIRECTION('',(-0.766044443119,-0.642787609687,0.));
#65 = ORIENTED_EDGE('',*,*,#66,.F.);
#66 = EDGE_CURVE('',#67,#59,#69,.T.);
#67 = VERTEX_POINT('',#68);
#68 = CARTESIAN_POINT('',(77.941968951611,3.727818726416,0.));
#69 = LINE('',#70,#71);
#70 = CARTESIAN_POINT('',(73.602221653851,-5.578799386894,0.));
#71 = VECTOR('',#72,1.);
#72 = DIRECTION('',(-0.422618261741,-0.906307787037,0.));
#73 = ORIENTED_EDGE('',*,*,#74,.F.);
#74 = EDGE_CURVE('',#75,#67,#77,.T.);
#75 = VERTEX_POINT('',#76);
#76 = CARTESIAN_POINT('',(77.941968951611,34.828728074616,0.));
#77 = LINE('',#78,#79);
#78 = CARTESIAN_POINT('',(77.941968951611,34.828728074616,0.));
#79 = VECTOR('',#80,1.);
#80 = DIRECTION('',(0.,-1.,0.));
#81 = ORIENTED_EDGE('',*,*,#82,.F.);
#82 = EDGE_CURVE('',#35,#75,#83,.T.);
#83 = CIRCLE('',#84,29.302061899659);
#84 = AXIS2_PLACEMENT_3D('',#85,#86,#87);
#85 = CARTESIAN_POINT('',(48.639907051952,34.828728074616,0.));
#86 = DIRECTION('',(0.,0.,-1.));
#87 = DIRECTION('',(-0.996194698092,8.715574274766E-02,0.));
#88 = PLANE('',#89);
#89 = AXIS2_PLACEMENT_3D('',#90,#91,#92);
#90 = CARTESIAN_POINT('',(40.106891823299,-1.289946087193,0.));
#91 = DIRECTION('',(0.,0.,1.));
#92 = DIRECTION('',(1.,0.,0.));
#93 = ADVANCED_FACE('',(#94),#113,.F.);
#94 = FACE_BOUND('',#95,.F.);
#95 = EDGE_LOOP('',(#96,#104,#105,#106));
#96 = ORIENTED_EDGE('',*,*,#97,.F.);
#97 = EDGE_CURVE('',#22,#98,#100,.T.);
#98 = VERTEX_POINT('',#99);
#99 = CARTESIAN_POINT('',(56.139907051952,34.828728074616,-1.));
#100 = LINE('',#101,#102);
#101 = CARTESIAN_POINT('',(56.139907051952,34.828728074616,-1.));
#102 = VECTOR('',#103,1.);
#103 = DIRECTION('',(-0.707106781187,0.,-0.707106781187));
#104 = ORIENTED_EDGE('',*,*,#21,.T.);
#105 = ORIENTED_EDGE('',*,*,#97,.T.);
#106 = ORIENTED_EDGE('',*,*,#107,.F.);
#107 = EDGE_CURVE('',#98,#98,#108,.T.);
#108 = CIRCLE('',#109,7.5);
#109 = AXIS2_PLACEMENT_3D('',#110,#111,#112);
#110 = CARTESIAN_POINT('',(48.639907051952,34.828728074616,-1.));
#111 = DIRECTION('',(0.,-0.,-1.));
#112 = DIRECTION('',(1.,0.,-0.));
#113 = CONICAL_SURFACE('',#114,7.5,0.785398163397);
#114 = AXIS2_PLACEMENT_3D('',#115,#116,#117);
#115 = CARTESIAN_POINT('',(48.639907051952,34.828728074616,-1.));
#116 = DIRECTION('',(0.,0.,1.));
#117 = DIRECTION('',(1.,0.,-0.));
#118 = ADVANCED_FACE('',(#119),#144,.T.);
#119 = FACE_BOUND('',#120,.F.);
#120 = EDGE_LOOP('',(#121,#129,#137,#143));
#121 = ORIENTED_EDGE('',*,*,#122,.F.);
#122 = EDGE_CURVE('',#123,#33,#125,.T.);
#123 = VERTEX_POINT('',#124);
#124 = CARTESIAN_POINT('',(15.,-2.,-1.));
#125 = LINE('',#126,#127);
#126 = CARTESIAN_POINT('',(24.14642000511,-2.,8.11161511561));
#127 = VECTOR('',#128,1.);
#128 = DIRECTION('',(0.70845343602,0.,0.705757556808));
#129 = ORIENTED_EDGE('',*,*,#130,.T.);
#130 = EDGE_CURVE('',#123,#131,#133,.T.);
#131 = VERTEX_POINT('',#132);
#132 = CARTESIAN_POINT('',(18.453153646264,37.469726786266,-1.));
#133 = LINE('',#134,#135);
#134 = CARTESIAN_POINT('',(15.,-2.,-1.));
#135 = VECTOR('',#136,1.);
#136 = DIRECTION('',(8.715574274766E-02,0.996194698092,0.));
#137 = ORIENTED_EDGE('',*,*,#138,.T.);
#138 = EDGE_CURVE('',#131,#35,#139,.T.);
#139 = LINE('',#140,#141);
#140 = CARTESIAN_POINT('',(18.95125099531,37.426148914892,-0.5));
#141 = VECTOR('',#142,1.);
#142 = DIRECTION('',(0.704416026403,-6.162841671622E-02,0.707106781187)
  );
#143 = ORIENTED_EDGE('',*,*,#32,.F.);
#144 = PLANE('',#145);
#145 = AXIS2_PLACEMENT_3D('',#146,#147,#148);
#146 = CARTESIAN_POINT('',(15.498097349046,-2.043577871374,-0.5));
#147 = DIRECTION('',(-0.704416026403,6.162841671622E-02,0.707106781187)
  );
#148 = DIRECTION('',(-8.715574274766E-02,-0.996194698092,
    6.245004513517E-17));
#149 = ADVANCED_FACE('',(#150),#216,.T.);
#150 = FACE_BOUND('',#151,.T.);
#151 = EDGE_LOOP('',(#152,#162,#170,#178,#186,#194,#202,#208,#209,#210)
  );
#152 = ORIENTED_EDGE('',*,*,#153,.T.);
#153 = EDGE_CURVE('',#154,#156,#158,.T.);
#154 = VERTEX_POINT('',#155);
#155 = CARTESIAN_POINT('',(15.,-2.,0.));
#156 = VERTEX_POINT('',#157);
#157 = CARTESIAN_POINT('',(15.,-2.,54.));
#158 = LINE('',#159,#160);
#159 = CARTESIAN_POINT('',(15.,-2.,30.));
#160 = VECTOR('',#161,1.);
#161 = DIRECTION('',(0.,0.,1.));
#162 = ORIENTED_EDGE('',*,*,#163,.F.);
#163 = EDGE_CURVE('',#164,#156,#166,.T.);
#164 = VERTEX_POINT('',#165);
#165 = CARTESIAN_POINT('',(16.,-2.,55.));
#166 = LINE('',#167,#168);
#167 = CARTESIAN_POINT('',(10.388282873267,-2.,49.388282873267));
#168 = VECTOR('',#169,1.);
#169 = DIRECTION('',(-0.707106781187,0.,-0.707106781187));
#170 = ORIENTED_EDGE('',*,*,#171,.T.);
#171 = EDGE_CURVE('',#164,#172,#174,.T.);
#172 = VERTEX_POINT('',#173);
#173 = CARTESIAN_POINT('',(25.,-2.,55.));
#174 = LINE('',#175,#176);
#175 = CARTESIAN_POINT('',(15.,-2.,55.));
#176 = VECTOR('',#177,1.);
#177 = DIRECTION('',(1.,0.,0.));
#178 = ORIENTED_EDGE('',*,*,#179,.F.);
#179 = EDGE_CURVE('',#180,#172,#182,.T.);
#180 = VERTEX_POINT('',#181);
#181 = CARTESIAN_POINT('',(25.,-2.,29.));
#182 = LINE('',#183,#184);
#183 = CARTESIAN_POINT('',(25.,-2.,30.));
#184 = VECTOR('',#185,1.);
#185 = DIRECTION('',(0.,0.,1.));
#186 = ORIENTED_EDGE('',*,*,#187,.T.);
#187 = EDGE_CURVE('',#180,#188,#190,.T.);
#188 = VERTEX_POINT('',#189);
#189 = CARTESIAN_POINT('',(35.255853251748,-2.,29.));
#190 = LINE('',#191,#192);
#191 = CARTESIAN_POINT('',(26.,-2.,29.));
#192 = VECTOR('',#193,1.);
#193 = DIRECTION('',(1.,0.,0.));
#194 = ORIENTED_EDGE('',*,*,#195,.F.);
#195 = EDGE_CURVE('',#196,#188,#198,.T.);
#196 = VERTEX_POINT('',#197);
#197 = CARTESIAN_POINT('',(35.255853251748,-2.,1.));
#198 = LINE('',#199,#200);
#199 = CARTESIAN_POINT('',(35.255853251748,-2.,0.));
#200 = VECTOR('',#201,1.);
#201 = DIRECTION('',(0.,0.,1.));
#202 = ORIENTED_EDGE('',*,*,#203,.F.);
#203 = EDGE_CURVE('',#43,#196,#204,.T.);
#204 = LINE('',#205,#206);
#205 = CARTESIAN_POINT('',(30.737349475442,-2.,4.466027556055));
#206 = VECTOR('',#207,1.);
#207 = DIRECTION('',(-0.793450209987,0.,0.608635165161));
#208 = ORIENTED_EDGE('',*,*,#42,.F.);
#209 = ORIENTED_EDGE('',*,*,#122,.F.);
#210 = ORIENTED_EDGE('',*,*,#211,.F.);
#211 = EDGE_CURVE('',#154,#123,#212,.T.);
#212 = LINE('',#213,#214);
#213 = CARTESIAN_POINT('',(15.,-2.,12.981301216798));
#214 = VECTOR('',#215,1.);
#215 = DIRECTION('',(0.,0.,-1.));
#216 = PLANE('',#217);
#217 = AXIS2_PLACEMENT_3D('',#218,#219,#220);
#218 = CARTESIAN_POINT('',(23.590529059471,-2.,25.962602433597));
#219 = DIRECTION('',(0.,1.,0.));
#220 = DIRECTION('',(0.,0.,1.));
#221 = ADVANCED_FACE('',(#222),#241,.T.);
#222 = FACE_BOUND('',#223,.F.);
#223 = EDGE_LOOP('',(#224,#225,#234,#240));
#224 = ORIENTED_EDGE('',*,*,#138,.F.);
#225 = ORIENTED_EDGE('',*,*,#226,.T.);
#226 = EDGE_CURVE('',#131,#227,#229,.T.);
#227 = VERTEX_POINT('',#228);
#228 = CARTESIAN_POINT('',(78.941968951611,34.828728074616,-1.));
#229 = CIRCLE('',#230,30.302061899659);
#230 = AXIS2_PLACEMENT_3D('',#231,#232,#233);
#231 = CARTESIAN_POINT('',(48.639907051952,34.828728074616,-1.));
#232 = DIRECTION('',(0.,0.,-1.));
#233 = DIRECTION('',(-0.996194698092,8.715574274766E-02,0.));
#234 = ORIENTED_EDGE('',*,*,#235,.T.);
#235 = EDGE_CURVE('',#227,#75,#236,.T.);
#236 = LINE('',#237,#238);
#237 = CARTESIAN_POINT('',(78.941968951611,34.828728074616,-1.));
#238 = VECTOR('',#239,1.);
#239 = DIRECTION('',(-0.707106781187,-2.498001805407E-16,0.707106781187)
  );
#240 = ORIENTED_EDGE('',*,*,#82,.F.);
#241 = CONICAL_SURFACE('',#242,30.302061899659,0.785398163397);
#242 = AXIS2_PLACEMENT_3D('',#243,#244,#245);
#243 = CARTESIAN_POINT('',(48.639907051952,34.828728074616,-1.));
#244 = DIRECTION('',(-0.,-0.,-1.));
#245 = DIRECTION('',(-0.996194698092,8.715574274766E-02,0.));
#246 = ADVANCED_FACE('',(#247),#265,.T.);
#247 = FACE_BOUND('',#248,.T.);
#248 = EDGE_LOOP('',(#249,#257,#258,#259));
#249 = ORIENTED_EDGE('',*,*,#250,.T.);
#250 = EDGE_CURVE('',#251,#51,#253,.T.);
#251 = VERTEX_POINT('',#252);
#252 = CARTESIAN_POINT('',(50.305274931576,-19.99372014039,1.));
#253 = LINE('',#254,#255);
#254 = CARTESIAN_POINT('',(50.305274931576,-19.99372014039,1.));
#255 = VECTOR('',#256,1.);
#256 = DIRECTION('',(0.542403350755,0.453650311463,-0.707106781187));
#257 = ORIENTED_EDGE('',*,*,#50,.T.);
#258 = ORIENTED_EDGE('',*,*,#203,.T.);
#259 = ORIENTED_EDGE('',*,*,#260,.F.);
#260 = EDGE_CURVE('',#251,#196,#261,.T.);
#261 = LINE('',#262,#263);
#262 = CARTESIAN_POINT('',(50.947862926374,-20.76202531449,1.));
#263 = VECTOR('',#264,1.);
#264 = DIRECTION('',(-0.641558423045,0.767074174914,0.));
#265 = PLANE('',#266);
#266 = AXIS2_PLACEMENT_3D('',#267,#268,#269);
#267 = CARTESIAN_POINT('',(51.331400013831,-20.44124610297,0.5));
#268 = DIRECTION('',(0.542403350755,0.453650311463,0.707106781187));
#269 = DIRECTION('',(-0.641558423045,0.767074174914,1.387778780781E-16)
  );
#270 = ADVANCED_FACE('',(#271),#289,.F.);
#271 = FACE_BOUND('',#272,.F.);
#272 = EDGE_LOOP('',(#273,#274,#282,#288));
#273 = ORIENTED_EDGE('',*,*,#235,.F.);
#274 = ORIENTED_EDGE('',*,*,#275,.T.);
#275 = EDGE_CURVE('',#227,#276,#278,.T.);
#276 = VERTEX_POINT('',#277);
#277 = CARTESIAN_POINT('',(78.941968951611,3.727818726416,-1.));
#278 = LINE('',#279,#280);
#279 = CARTESIAN_POINT('',(78.941968951611,34.828728074616,-1.));
#280 = VECTOR('',#281,1.);
#281 = DIRECTION('',(0.,-1.,0.));
#282 = ORIENTED_EDGE('',*,*,#283,.F.);
#283 = EDGE_CURVE('',#67,#276,#284,.T.);
#284 = LINE('',#285,#286);
#285 = CARTESIAN_POINT('',(78.191968951611,3.727818726416,-0.25));
#286 = VECTOR('',#287,1.);
#287 = DIRECTION('',(0.707106781187,-6.913508629979E-15,-0.707106781187)
  );
#288 = ORIENTED_EDGE('',*,*,#74,.F.);
#289 = PLANE('',#290);
#290 = AXIS2_PLACEMENT_3D('',#291,#292,#293);
#291 = CARTESIAN_POINT('',(78.441968951611,34.828728074616,-0.5));
#292 = DIRECTION('',(-0.707106781187,0.,-0.707106781187));
#293 = DIRECTION('',(0.,-1.,0.));
#294 = ADVANCED_FACE('',(#295),#320,.F.);
#295 = FACE_BOUND('',#296,.T.);
#296 = EDGE_LOOP('',(#297,#305,#306,#314));
#297 = ORIENTED_EDGE('',*,*,#298,.F.);
#298 = EDGE_CURVE('',#59,#299,#301,.T.);
#299 = VERTEX_POINT('',#300);
#300 = CARTESIAN_POINT('',(78.175924508492,2.085031116729,-1.));
#301 = LINE('',#302,#303);
#302 = CARTESIAN_POINT('',(77.628135756731,2.737860329624,
    -0.147791986799));
#303 = VECTOR('',#304,1.);
#304 = DIRECTION('',(0.454519477672,-0.54167522042,-0.707106781187));
#305 = ORIENTED_EDGE('',*,*,#58,.T.);
#306 = ORIENTED_EDGE('',*,*,#307,.T.);
#307 = EDGE_CURVE('',#51,#308,#310,.T.);
#308 = VERTEX_POINT('',#309);
#309 = CARTESIAN_POINT('',(51.715136716176,-20.11820616046,-1.));
#310 = LINE('',#311,#312);
#311 = CARTESIAN_POINT('',(51.07234910649,-19.35216171734,
    7.438494264989E-15));
#312 = VECTOR('',#313,1.);
#313 = DIRECTION('',(0.454519477672,-0.54167522042,-0.707106781187));
#314 = ORIENTED_EDGE('',*,*,#315,.F.);
#315 = EDGE_CURVE('',#299,#308,#316,.T.);
#316 = LINE('',#317,#318);
#317 = CARTESIAN_POINT('',(78.941968951611,2.727818726416,-1.));
#318 = VECTOR('',#319,1.);
#319 = DIRECTION('',(-0.766044443119,-0.642787609687,0.));
#320 = PLANE('',#321);
#321 = AXIS2_PLACEMENT_3D('',#322,#323,#324);
#322 = CARTESIAN_POINT('',(78.620575146768,3.110840947975,-0.5));
#323 = DIRECTION('',(-0.454519477672,0.54167522042,-0.707106781187));
#324 = DIRECTION('',(0.766044443119,0.642787609687,-3.330669073875E-16)
  );
#325 = ADVANCED_FACE('',(#326),#337,.T.);
#326 = FACE_BOUND('',#327,.T.);
#327 = EDGE_LOOP('',(#328,#329,#330,#331));
#328 = ORIENTED_EDGE('',*,*,#283,.F.);
#329 = ORIENTED_EDGE('',*,*,#66,.T.);
#330 = ORIENTED_EDGE('',*,*,#298,.T.);
#331 = ORIENTED_EDGE('',*,*,#332,.F.);
#332 = EDGE_CURVE('',#276,#299,#333,.T.);
#333 = LINE('',#334,#335);
#334 = CARTESIAN_POINT('',(78.661154743253,3.125610713214,-1.));
#335 = VECTOR('',#336,1.);
#336 = DIRECTION('',(-0.422618261741,-0.906307787037,-5.04238828594E-15)
  );
#337 = PLANE('',#338);
#338 = AXIS2_PLACEMENT_3D('',#339,#340,#341);
#339 = CARTESIAN_POINT('',(77.941968951611,3.727818726416,0.));
#340 = DIRECTION('',(0.671542934238,-0.313145613015,0.671542934238));
#341 = DIRECTION('',(-0.422618261741,-0.906307787037,-3.136380044566E-15
    ));
#342 = ADVANCED_FACE('',(#343),#362,.F.);
#343 = FACE_BOUND('',#344,.F.);
#344 = EDGE_LOOP('',(#345,#353,#360,#361));
#345 = ORIENTED_EDGE('',*,*,#346,.F.);
#346 = EDGE_CURVE('',#347,#98,#349,.T.);
#347 = VERTEX_POINT('',#348);
#348 = CARTESIAN_POINT('',(56.139907051952,34.828728074616,-1.7));
#349 = LINE('',#350,#351);
#350 = CARTESIAN_POINT('',(56.139907051952,34.828728074616,-2.7));
#351 = VECTOR('',#352,1.);
#352 = DIRECTION('',(0.,0.,1.));
#353 = ORIENTED_EDGE('',*,*,#354,.F.);
#354 = EDGE_CURVE('',#347,#347,#355,.T.);
#355 = CIRCLE('',#356,7.5);
#356 = AXIS2_PLACEMENT_3D('',#357,#358,#359);
#357 = CARTESIAN_POINT('',(48.639907051952,34.828728074616,-1.7));
#358 = DIRECTION('',(0.,0.,-1.));
#359 = DIRECTION('',(1.,0.,0.));
#360 = ORIENTED_EDGE('',*,*,#346,.T.);
#361 = ORIENTED_EDGE('',*,*,#107,.T.);
#362 = CYLINDRICAL_SURFACE('',#363,7.5);
#363 = AXIS2_PLACEMENT_3D('',#364,#365,#366);
#364 = CARTESIAN_POINT('',(48.639907051952,34.828728074616,-2.7));
#365 = DIRECTION('',(0.,0.,-1.));
#366 = DIRECTION('',(1.,0.,0.));
#367 = ADVANCED_FACE('',(#368),#394,.T.);
#368 = FACE_BOUND('',#369,.T.);
#369 = EDGE_LOOP('',(#370,#371,#379,#387,#393));
#370 = ORIENTED_EDGE('',*,*,#130,.T.);
#371 = ORIENTED_EDGE('',*,*,#372,.T.);
#372 = EDGE_CURVE('',#131,#373,#375,.T.);
#373 = VERTEX_POINT('',#374);
#374 = CARTESIAN_POINT('',(18.453153646264,37.469726786266,-8.8));
#375 = LINE('',#376,#377);
#376 = CARTESIAN_POINT('',(18.453153646264,37.469726786266,0.));
#377 = VECTOR('',#378,1.);
#378 = DIRECTION('',(0.,0.,-1.));
#379 = ORIENTED_EDGE('',*,*,#380,.F.);
#380 = EDGE_CURVE('',#381,#373,#383,.T.);
#381 = VERTEX_POINT('',#382);
#382 = CARTESIAN_POINT('',(15.,-2.,-8.8));
#383 = LINE('',#384,#385);
#384 = CARTESIAN_POINT('',(15.,-2.,-8.8));
#385 = VECTOR('',#386,1.);
#386 = DIRECTION('',(8.715574274766E-02,0.996194698092,0.));
#387 = ORIENTED_EDGE('',*,*,#388,.F.);
#388 = EDGE_CURVE('',#154,#381,#389,.T.);
#389 = LINE('',#390,#391);
#390 = CARTESIAN_POINT('',(15.,-2.,0.));
#391 = VECTOR('',#392,1.);
#392 = DIRECTION('',(0.,0.,-1.));
#393 = ORIENTED_EDGE('',*,*,#211,.T.);
#394 = PLANE('',#395);
#395 = AXIS2_PLACEMENT_3D('',#396,#397,#398);
#396 = CARTESIAN_POINT('',(18.453153646264,37.469726786266,0.));
#397 = DIRECTION('',(-0.996194698092,8.715574274766E-02,0.));
#398 = DIRECTION('',(-8.715574274766E-02,-0.996194698092,0.));
#399 = ADVANCED_FACE('',(#400,#450,#494,#538),#582,.T.);
#400 = FACE_BOUND('',#401,.T.);
#401 = EDGE_LOOP('',(#402,#412,#420,#428,#436,#442,#443,#444));
#402 = ORIENTED_EDGE('',*,*,#403,.F.);
#403 = EDGE_CURVE('',#404,#406,#408,.T.);
#404 = VERTEX_POINT('',#405);
#405 = CARTESIAN_POINT('',(15.,-72.11838309152,20.2));
#406 = VERTEX_POINT('',#407);
#407 = CARTESIAN_POINT('',(15.,-72.11838309152,-8.8));
#408 = LINE('',#409,#410);
#409 = CARTESIAN_POINT('',(15.,-72.11838309152,0.));
#410 = VECTOR('',#411,1.);
#411 = DIRECTION('',(0.,0.,-1.));
#412 = ORIENTED_EDGE('',*,*,#413,.F.);
#413 = EDGE_CURVE('',#414,#404,#416,.T.);
#414 = VERTEX_POINT('',#415);
#415 = CARTESIAN_POINT('',(15.,-22.208751,20.2));
#416 = LINE('',#417,#418);
#417 = CARTESIAN_POINT('',(15.,-22.208751,20.2));
#418 = VECTOR('',#419,1.);
#419 = DIRECTION('',(0.,-1.,0.));
#420 = ORIENTED_EDGE('',*,*,#421,.F.);
#421 = EDGE_CURVE('',#422,#414,#424,.T.);
#422 = VERTEX_POINT('',#423);
#423 = CARTESIAN_POINT('',(15.,-22.208751,53.577035437627));
#424 = LINE('',#425,#426);
#425 = CARTESIAN_POINT('',(15.,-22.208751,55.));
#426 = VECTOR('',#427,1.);
#427 = DIRECTION('',(0.,0.,-1.));
#428 = ORIENTED_EDGE('',*,*,#429,.F.);
#429 = EDGE_CURVE('',#430,#422,#432,.T.);
#430 = VERTEX_POINT('',#431);
#431 = CARTESIAN_POINT('',(15.,-21.78578643762,54.));
#432 = LINE('',#433,#434);
#433 = CARTESIAN_POINT('',(15.,-21.49289321881,54.292893218813));
#434 = VECTOR('',#435,1.);
#435 = DIRECTION('',(0.,-0.707106781187,-0.707106781187));
#436 = ORIENTED_EDGE('',*,*,#437,.F.);
#437 = EDGE_CURVE('',#156,#430,#438,.T.);
#438 = LINE('',#439,#440);
#439 = CARTESIAN_POINT('',(15.,-2.,54.));
#440 = VECTOR('',#441,1.);
#441 = DIRECTION('',(0.,-1.,0.));
#442 = ORIENTED_EDGE('',*,*,#153,.F.);
#443 = ORIENTED_EDGE('',*,*,#388,.T.);
#444 = ORIENTED_EDGE('',*,*,#445,.F.);
#445 = EDGE_CURVE('',#406,#381,#446,.T.);
#446 = LINE('',#447,#448);
#447 = CARTESIAN_POINT('',(15.,-72.11838309152,-8.8));
#448 = VECTOR('',#449,1.);
#449 = DIRECTION('',(2.533368228246E-17,1.,0.));
#450 = FACE_BOUND('',#451,.T.);
#451 = EDGE_LOOP('',(#452,#463,#472,#480,#488));
#452 = ORIENTED_EDGE('',*,*,#453,.F.);
#453 = EDGE_CURVE('',#454,#456,#458,.T.);
#454 = VERTEX_POINT('',#455);
#455 = CARTESIAN_POINT('',(15.,-17.,36.1));
#456 = VERTEX_POINT('',#457);
#457 = CARTESIAN_POINT('',(15.,-18.44999999998,41.511473670982));
#458 = CIRCLE('',#459,2.9);
#459 = AXIS2_PLACEMENT_3D('',#460,#461,#462);
#460 = CARTESIAN_POINT('',(15.,-17.,39.));
#461 = DIRECTION('',(-1.,-0.,-0.));
#462 = DIRECTION('',(0.,0.,-1.));
#463 = ORIENTED_EDGE('',*,*,#464,.F.);
#464 = EDGE_CURVE('',#465,#454,#467,.T.);
#465 = VERTEX_POINT('',#466);
#466 = CARTESIAN_POINT('',(15.,-15.54999999998,41.511473670968));
#467 = CIRCLE('',#468,2.9);
#468 = AXIS2_PLACEMENT_3D('',#469,#470,#471);
#469 = CARTESIAN_POINT('',(15.,-17.,39.));
#470 = DIRECTION('',(-1.,-0.,-0.));
#471 = DIRECTION('',(0.,0.,-1.));
#472 = ORIENTED_EDGE('',*,*,#473,.F.);
#473 = EDGE_CURVE('',#474,#465,#476,.T.);
#474 = VERTEX_POINT('',#475);
#475 = CARTESIAN_POINT('',(15.,-16.56935750345,42.099999999999));
#476 = LINE('',#477,#478);
#477 = CARTESIAN_POINT('',(15.,-17.15672370464,42.43911603437));
#478 = VECTOR('',#479,1.);
#479 = DIRECTION('',(0.,0.866025403783,-0.500000000003));
#480 = ORIENTED_EDGE('',*,*,#481,.T.);
#481 = EDGE_CURVE('',#474,#482,#484,.T.);
#482 = VERTEX_POINT('',#483);
#483 = CARTESIAN_POINT('',(15.,-17.43064249652,42.100000000001));
#484 = LINE('',#485,#486);
#485 = CARTESIAN_POINT('',(15.,-25.47975658217,42.100000000024));
#486 = VECTOR('',#487,1.);
#487 = DIRECTION('',(0.,-1.,2.89567915681E-12));
#488 = ORIENTED_EDGE('',*,*,#489,.T.);
#489 = EDGE_CURVE('',#482,#456,#490,.T.);
#490 = LINE('',#491,#492);
#491 = CARTESIAN_POINT('',(15.,-29.23992929621,35.281905087324));
#492 = VECTOR('',#493,1.);
#493 = DIRECTION('',(0.,-0.866025403786,-0.499999999997));
#494 = FACE_BOUND('',#495,.T.);
#495 = EDGE_LOOP('',(#496,#507,#516,#524,#532));
#496 = ORIENTED_EDGE('',*,*,#497,.F.);
#497 = EDGE_CURVE('',#498,#500,#502,.T.);
#498 = VERTEX_POINT('',#499);
#499 = CARTESIAN_POINT('',(15.,-17.,12.1));
#500 = VERTEX_POINT('',#501);
#501 = CARTESIAN_POINT('',(15.,-18.45,17.511473670975));
#502 = CIRCLE('',#503,2.9);
#503 = AXIS2_PLACEMENT_3D('',#504,#505,#506);
#504 = CARTESIAN_POINT('',(15.,-17.,15.));
#505 = DIRECTION('',(-1.,-0.,-0.));
#506 = DIRECTION('',(0.,0.,-1.));
#507 = ORIENTED_EDGE('',*,*,#508,.F.);
#508 = EDGE_CURVE('',#509,#498,#511,.T.);
#509 = VERTEX_POINT('',#510);
#510 = CARTESIAN_POINT('',(15.,-15.55,17.511473670975));
#511 = CIRCLE('',#512,2.9);
#512 = AXIS2_PLACEMENT_3D('',#513,#514,#515);
#513 = CARTESIAN_POINT('',(15.,-17.,15.));
#514 = DIRECTION('',(-1.,-0.,-0.));
#515 = DIRECTION('',(0.,0.,-1.));
#516 = ORIENTED_EDGE('',*,*,#517,.F.);
#517 = EDGE_CURVE('',#518,#509,#520,.T.);
#518 = VERTEX_POINT('',#519);
#519 = CARTESIAN_POINT('',(15.,-16.56935750346,18.1));
#520 = LINE('',#521,#522);
#521 = CARTESIAN_POINT('',(15.,-22.3528761274,21.439116034394));
#522 = VECTOR('',#523,1.);
#523 = DIRECTION('',(0.,0.866025403784,-0.5));
#524 = ORIENTED_EDGE('',*,*,#525,.T.);
#525 = EDGE_CURVE('',#518,#526,#528,.T.);
#526 = VERTEX_POINT('',#527);
#527 = CARTESIAN_POINT('',(15.,-17.43064249653,18.1));
#528 = LINE('',#529,#530);
#529 = CARTESIAN_POINT('',(15.,-25.47975658221,18.1));
#530 = VECTOR('',#531,1.);
#531 = DIRECTION('',(0.,-1.,0.));
#532 = ORIENTED_EDGE('',*,*,#533,.T.);
#533 = EDGE_CURVE('',#526,#500,#534,.T.);
#534 = LINE('',#535,#536);
#535 = CARTESIAN_POINT('',(15.,-24.04377687351,14.281905087266));
#536 = VECTOR('',#537,1.);
#537 = DIRECTION('',(0.,-0.866025403784,-0.5));
#538 = FACE_BOUND('',#539,.T.);
#539 = EDGE_LOOP('',(#540,#551,#560,#568,#576));
#540 = ORIENTED_EDGE('',*,*,#541,.F.);
#541 = EDGE_CURVE('',#542,#544,#546,.T.);
#542 = VERTEX_POINT('',#543);
#543 = CARTESIAN_POINT('',(15.,-56.,12.1));
#544 = VERTEX_POINT('',#545);
#545 = CARTESIAN_POINT('',(15.,-57.45,17.511473670975));
#546 = CIRCLE('',#547,2.9);
#547 = AXIS2_PLACEMENT_3D('',#548,#549,#550);
#548 = CARTESIAN_POINT('',(15.,-56.,15.));
#549 = DIRECTION('',(-1.,-0.,-0.));
#550 = DIRECTION('',(0.,0.,-1.));
#551 = ORIENTED_EDGE('',*,*,#552,.F.);
#552 = EDGE_CURVE('',#553,#542,#555,.T.);
#553 = VERTEX_POINT('',#554);
#554 = CARTESIAN_POINT('',(15.,-54.55,17.511473670975));
#555 = CIRCLE('',#556,2.9);
#556 = AXIS2_PLACEMENT_3D('',#557,#558,#559);
#557 = CARTESIAN_POINT('',(15.,-56.,15.));
#558 = DIRECTION('',(-1.,-0.,-0.));
#559 = DIRECTION('',(0.,0.,-1.));
#560 = ORIENTED_EDGE('',*,*,#561,.F.);
#561 = EDGE_CURVE('',#562,#553,#564,.T.);
#562 = VERTEX_POINT('',#563);
#563 = CARTESIAN_POINT('',(15.,-55.56935750346,18.1));
#564 = LINE('',#565,#566);
#565 = CARTESIAN_POINT('',(15.,-46.7278761274,12.995368347495));
#566 = VECTOR('',#567,1.);
#567 = DIRECTION('',(0.,0.866025403784,-0.5));
#568 = ORIENTED_EDGE('',*,*,#569,.T.);
#569 = EDGE_CURVE('',#562,#570,#572,.T.);
#570 = VERTEX_POINT('',#571);
#571 = CARTESIAN_POINT('',(15.,-56.43064249653,18.1));
#572 = LINE('',#573,#574);
#573 = CARTESIAN_POINT('',(15.,-44.97975658221,18.1));
#574 = VECTOR('',#575,1.);
#575 = DIRECTION('',(0.,-1.,0.));
#576 = ORIENTED_EDGE('',*,*,#577,.T.);
#577 = EDGE_CURVE('',#570,#544,#578,.T.);
#578 = LINE('',#579,#580);
#579 = CARTESIAN_POINT('',(15.,-48.41877687351,22.725652774164));
#580 = VECTOR('',#581,1.);
#581 = DIRECTION('',(0.,-0.866025403784,-0.5));
#582 = PLANE('',#583);
#583 = AXIS2_PLACEMENT_3D('',#584,#585,#586);
#584 = CARTESIAN_POINT('',(15.,-33.52887066788,17.792295118839));
#585 = DIRECTION('',(-1.,-0.,-0.));
#586 = DIRECTION('',(0.,0.,-1.));
#587 = ADVANCED_FACE('',(#588),#606,.F.);
#588 = FACE_BOUND('',#589,.F.);
#589 = EDGE_LOOP('',(#590,#591,#599,#605));
#590 = ORIENTED_EDGE('',*,*,#163,.F.);
#591 = ORIENTED_EDGE('',*,*,#592,.T.);
#592 = EDGE_CURVE('',#164,#593,#595,.T.);
#593 = VERTEX_POINT('',#594);
#594 = CARTESIAN_POINT('',(16.,-22.2,55.));
#595 = LINE('',#596,#597);
#596 = CARTESIAN_POINT('',(16.,-2.,55.));
#597 = VECTOR('',#598,1.);
#598 = DIRECTION('',(0.,-1.,0.));
#599 = ORIENTED_EDGE('',*,*,#600,.T.);
#600 = EDGE_CURVE('',#593,#430,#601,.T.);
#601 = LINE('',#602,#603);
#602 = CARTESIAN_POINT('',(13.612994231491,-21.21126983722,
    52.612994231491));
#603 = VECTOR('',#604,1.);
#604 = DIRECTION('',(-0.678598344546,0.281084637715,-0.678598344546));
#605 = ORIENTED_EDGE('',*,*,#437,.F.);
#606 = PLANE('',#607);
#607 = AXIS2_PLACEMENT_3D('',#608,#609,#610);
#608 = CARTESIAN_POINT('',(15.5,-2.,54.5));
#609 = DIRECTION('',(0.707106781187,0.,-0.707106781187));
#610 = DIRECTION('',(0.,-1.,0.));
#611 = ADVANCED_FACE('',(#612),#630,.F.);
#612 = FACE_BOUND('',#613,.F.);
#613 = EDGE_LOOP('',(#614,#615,#623,#629));
#614 = ORIENTED_EDGE('',*,*,#171,.T.);
#615 = ORIENTED_EDGE('',*,*,#616,.T.);
#616 = EDGE_CURVE('',#172,#617,#619,.T.);
#617 = VERTEX_POINT('',#618);
#618 = CARTESIAN_POINT('',(25.,-22.2,55.));
#619 = LINE('',#620,#621);
#620 = CARTESIAN_POINT('',(25.,-2.,55.));
#621 = VECTOR('',#622,1.);
#622 = DIRECTION('',(0.,-1.,0.));
#623 = ORIENTED_EDGE('',*,*,#624,.F.);
#624 = EDGE_CURVE('',#593,#617,#625,.T.);
#625 = LINE('',#626,#627);
#626 = CARTESIAN_POINT('',(15.,-22.2,55.));
#627 = VECTOR('',#628,1.);
#628 = DIRECTION('',(1.,0.,0.));
#629 = ORIENTED_EDGE('',*,*,#592,.F.);
#630 = PLANE('',#631);
#631 = AXIS2_PLACEMENT_3D('',#632,#633,#634);
#632 = CARTESIAN_POINT('',(15.,-2.,55.));
#633 = DIRECTION('',(0.,0.,-1.));
#634 = DIRECTION('',(0.,-1.,0.));
#635 = ADVANCED_FACE('',(#636),#661,.T.);
#636 = FACE_BOUND('',#637,.F.);
#637 = EDGE_LOOP('',(#638,#646,#654,#660));
#638 = ORIENTED_EDGE('',*,*,#639,.F.);
#639 = EDGE_CURVE('',#640,#180,#642,.T.);
#640 = VERTEX_POINT('',#641);
#641 = CARTESIAN_POINT('',(26.,-3.,30.));
#642 = LINE('',#643,#644);
#643 = CARTESIAN_POINT('',(25.666666666667,-2.666666666667,
    29.666666666667));
#644 = VECTOR('',#645,1.);
#645 = DIRECTION('',(-0.57735026919,0.57735026919,-0.57735026919));
#646 = ORIENTED_EDGE('',*,*,#647,.T.);
#647 = EDGE_CURVE('',#640,#648,#650,.T.);
#648 = VERTEX_POINT('',#649);
#649 = CARTESIAN_POINT('',(26.,-3.,54.));
#650 = LINE('',#651,#652);
#651 = CARTESIAN_POINT('',(26.,-3.,30.));
#652 = VECTOR('',#653,1.);
#653 = DIRECTION('',(0.,0.,1.));
#654 = ORIENTED_EDGE('',*,*,#655,.F.);
#655 = EDGE_CURVE('',#172,#648,#656,.T.);
#656 = LINE('',#657,#658);
#657 = CARTESIAN_POINT('',(29.5,-6.5,50.5));
#658 = VECTOR('',#659,1.);
#659 = DIRECTION('',(0.57735026919,-0.57735026919,-0.57735026919));
#660 = ORIENTED_EDGE('',*,*,#179,.F.);
#661 = PLANE('',#662);
#662 = AXIS2_PLACEMENT_3D('',#663,#664,#665);
#663 = CARTESIAN_POINT('',(25.5,-2.5,30.));
#664 = DIRECTION('',(0.707106781187,0.707106781187,1.401587864986E-17));
#665 = DIRECTION('',(9.910722837601E-18,9.910722837601E-18,-1.));
#666 = ADVANCED_FACE('',(#667),#685,.T.);
#667 = FACE_BOUND('',#668,.T.);
#668 = EDGE_LOOP('',(#669,#670,#678,#684));
#669 = ORIENTED_EDGE('',*,*,#639,.F.);
#670 = ORIENTED_EDGE('',*,*,#671,.T.);
#671 = EDGE_CURVE('',#640,#672,#674,.T.);
#672 = VERTEX_POINT('',#673);
#673 = CARTESIAN_POINT('',(34.78856913676,-3.,30.));
#674 = LINE('',#675,#676);
#675 = CARTESIAN_POINT('',(26.,-3.,30.));
#676 = VECTOR('',#677,1.);
#677 = DIRECTION('',(1.,0.,0.));
#678 = ORIENTED_EDGE('',*,*,#679,.F.);
#679 = EDGE_CURVE('',#188,#672,#680,.T.);
#680 = LINE('',#681,#682);
#681 = CARTESIAN_POINT('',(33.385908327381,-6.001730134598,
    33.001730134598));
#682 = VECTOR('',#683,1.);
#683 = DIRECTION('',(-0.313736862208,-0.671404937907,0.671404937907));
#684 = ORIENTED_EDGE('',*,*,#187,.F.);
#685 = PLANE('',#686);
#686 = AXIS2_PLACEMENT_3D('',#687,#688,#689);
#687 = CARTESIAN_POINT('',(26.,-2.5,29.5));
#688 = DIRECTION('',(-1.401587864986E-17,0.707106781187,0.707106781187)
  );
#689 = DIRECTION('',(1.,9.910722837601E-18,9.910722837601E-18));
#690 = ADVANCED_FACE('',(#691),#767,.F.);
#691 = FACE_BOUND('',#692,.F.);
#692 = EDGE_LOOP('',(#693,#704,#712,#718,#719,#720,#728,#736,#745,#753,
    #761));
#693 = ORIENTED_EDGE('',*,*,#694,.F.);
#694 = EDGE_CURVE('',#695,#697,#699,.T.);
#695 = VERTEX_POINT('',#696);
#696 = CARTESIAN_POINT('',(50.539867901175,-20.27420934002,
    18.778829606866));
#697 = VERTEX_POINT('',#698);
#698 = CARTESIAN_POINT('',(49.892341834552,-19.5,19.330127018922));
#699 = ELLIPSE('',#700,6.518274455742,5.);
#700 = AXIS2_PLACEMENT_3D('',#701,#702,#703);
#701 = CARTESIAN_POINT('',(47.801414894152,-17.,15.));
#702 = DIRECTION('',(-0.767074174914,-0.641558423045,0.));
#703 = DIRECTION('',(0.641558423045,-0.767074174914,0.));
#704 = ORIENTED_EDGE('',*,*,#705,.T.);
#705 = EDGE_CURVE('',#695,#706,#708,.T.);
#706 = VERTEX_POINT('',#707);
#707 = CARTESIAN_POINT('',(50.539867901175,-20.27420934002,29.));
#708 = LINE('',#709,#710);
#709 = CARTESIAN_POINT('',(50.539867901175,-20.27420934002,0.));
#710 = VECTOR('',#711,1.);
#711 = DIRECTION('',(0.,0.,1.));
#712 = ORIENTED_EDGE('',*,*,#713,.T.);
#713 = EDGE_CURVE('',#706,#188,#714,.T.);
#714 = LINE('',#715,#716);
#715 = CARTESIAN_POINT('',(50.947862926374,-20.76202531449,29.));
#716 = VECTOR('',#717,1.);
#717 = DIRECTION('',(-0.641558423045,0.767074174914,0.));
#718 = ORIENTED_EDGE('',*,*,#195,.F.);
#719 = ORIENTED_EDGE('',*,*,#260,.F.);
#720 = ORIENTED_EDGE('',*,*,#721,.F.);
#721 = EDGE_CURVE('',#722,#251,#724,.T.);
#722 = VERTEX_POINT('',#723);
#723 = CARTESIAN_POINT('',(50.539867901175,-20.27420934002,
    0.634924755055));
#724 = LINE('',#725,#726);
#725 = CARTESIAN_POINT('',(50.947862926374,-20.76202531449,0.));
#726 = VECTOR('',#727,1.);
#727 = DIRECTION('',(-0.454013882278,0.542838051279,0.706539627185));
#728 = ORIENTED_EDGE('',*,*,#729,.T.);
#729 = EDGE_CURVE('',#722,#730,#732,.T.);
#730 = VERTEX_POINT('',#731);
#731 = CARTESIAN_POINT('',(50.539867901175,-20.27420934002,
    11.221170393134));
#732 = LINE('',#733,#734);
#733 = CARTESIAN_POINT('',(50.539867901175,-20.27420934002,0.));
#734 = VECTOR('',#735,1.);
#735 = DIRECTION('',(0.,0.,1.));
#736 = ORIENTED_EDGE('',*,*,#737,.F.);
#737 = EDGE_CURVE('',#738,#730,#740,.T.);
#738 = VERTEX_POINT('',#739);
#739 = CARTESIAN_POINT('',(45.710487953751,-14.5,19.330127018922));
#740 = ELLIPSE('',#741,6.518274455742,5.);
#741 = AXIS2_PLACEMENT_3D('',#742,#743,#744);
#742 = CARTESIAN_POINT('',(47.801414894152,-17.,15.));
#743 = DIRECTION('',(-0.767074174914,-0.641558423045,0.));
#744 = DIRECTION('',(0.641558423045,-0.767074174914,0.));
#745 = ORIENTED_EDGE('',*,*,#746,.T.);
#746 = EDGE_CURVE('',#738,#747,#749,.T.);
#747 = VERTEX_POINT('',#748);
#748 = CARTESIAN_POINT('',(46.970617859581,-16.00666419935,20.2));
#749 = LINE('',#750,#751);
#750 = CARTESIAN_POINT('',(42.040657183127,-10.11219631863,
    16.796827382333));
#751 = VECTOR('',#752,1.);
#752 = DIRECTION('',(0.586605655542,-0.701370339881,0.404936354532));
#753 = ORIENTED_EDGE('',*,*,#754,.F.);
#754 = EDGE_CURVE('',#755,#747,#757,.T.);
#755 = VERTEX_POINT('',#756);
#756 = CARTESIAN_POINT('',(48.632211928722,-17.99333580064,20.2));
#757 = LINE('',#758,#759);
#758 = CARTESIAN_POINT('',(44.926561177423,-13.56270424712,20.2));
#759 = VECTOR('',#760,1.);
#760 = DIRECTION('',(-0.641558423045,0.767074174914,0.));
#761 = ORIENTED_EDGE('',*,*,#762,.F.);
#762 = EDGE_CURVE('',#697,#755,#763,.T.);
#763 = LINE('',#764,#765);
#764 = CARTESIAN_POINT('',(48.346578572028,-17.65182057218,
    20.397173909082));
#765 = VECTOR('',#766,1.);
#766 = DIRECTION('',(-0.586605655542,0.701370339881,0.404936354532));
#767 = PLANE('',#768);
#768 = AXIS2_PLACEMENT_3D('',#769,#770,#771);
#769 = CARTESIAN_POINT('',(50.947862926374,-20.76202531449,0.));
#770 = DIRECTION('',(-0.767074174914,-0.641558423045,0.));
#771 = DIRECTION('',(-0.641558423045,0.767074174914,0.));
#772 = ADVANCED_FACE('',(#773),#792,.T.);
#773 = FACE_BOUND('',#774,.F.);
#774 = EDGE_LOOP('',(#775,#776,#785,#791));
#775 = ORIENTED_EDGE('',*,*,#372,.T.);
#776 = ORIENTED_EDGE('',*,*,#777,.T.);
#777 = EDGE_CURVE('',#373,#778,#780,.T.);
#778 = VERTEX_POINT('',#779);
#779 = CARTESIAN_POINT('',(78.941968951611,34.828728074616,-8.8));
#780 = CIRCLE('',#781,30.302061899659);
#781 = AXIS2_PLACEMENT_3D('',#782,#783,#784);
#782 = CARTESIAN_POINT('',(48.639907051952,34.828728074616,-8.8));
#783 = DIRECTION('',(0.,0.,-1.));
#784 = DIRECTION('',(-0.996194698092,8.715574274766E-02,0.));
#785 = ORIENTED_EDGE('',*,*,#786,.F.);
#786 = EDGE_CURVE('',#227,#778,#787,.T.);
#787 = LINE('',#788,#789);
#788 = CARTESIAN_POINT('',(78.941968951611,34.828728074616,0.));
#789 = VECTOR('',#790,1.);
#790 = DIRECTION('',(0.,0.,-1.));
#791 = ORIENTED_EDGE('',*,*,#226,.F.);
#792 = CYLINDRICAL_SURFACE('',#793,30.302061899659);
#793 = AXIS2_PLACEMENT_3D('',#794,#795,#796);
#794 = CARTESIAN_POINT('',(48.639907051952,34.828728074616,0.));
#795 = DIRECTION('',(0.,0.,1.));
#796 = DIRECTION('',(-1.,0.,0.));
#797 = ADVANCED_FACE('',(#798),#854,.F.);
#798 = FACE_BOUND('',#799,.F.);
#799 = EDGE_LOOP('',(#800,#801,#802,#803,#811,#821));
#800 = ORIENTED_EDGE('',*,*,#721,.T.);
#801 = ORIENTED_EDGE('',*,*,#250,.T.);
#802 = ORIENTED_EDGE('',*,*,#307,.T.);
#803 = ORIENTED_EDGE('',*,*,#804,.T.);
#804 = EDGE_CURVE('',#308,#805,#807,.T.);
#805 = VERTEX_POINT('',#806);
#806 = CARTESIAN_POINT('',(50.947862926374,-20.76202531449,0.));
#807 = LINE('',#808,#809);
#808 = CARTESIAN_POINT('',(51.715136716176,-20.11820616046,-1.));
#809 = VECTOR('',#810,1.);
#810 = DIRECTION('',(-0.542109337396,-0.454883745067,0.706539627185));
#811 = ORIENTED_EDGE('',*,*,#812,.T.);
#812 = EDGE_CURVE('',#805,#813,#815,.T.);
#813 = VERTEX_POINT('',#814);
#814 = CARTESIAN_POINT('',(50.679101513298,-21.3383860248,0.306675836613
    ));
#815 = B_SPLINE_CURVE_WITH_KNOTS('',4,(#816,#817,#818,#819,#820),
  .UNSPECIFIED.,.F.,.F.,(5,5),(0.,1.),.PIECEWISE_BEZIER_KNOTS.);
#816 = CARTESIAN_POINT('',(50.947862926374,-20.76202531449,
    -6.836829644422E-15));
#817 = CARTESIAN_POINT('',(50.880672573105,-20.90611549207,
    7.66689591533E-02));
#818 = CARTESIAN_POINT('',(50.813482219836,-21.05020566965,
    0.153337918306));
#819 = CARTESIAN_POINT('',(50.746291866567,-21.19429584722,0.23000687746
    ));
#820 = CARTESIAN_POINT('',(50.679101513298,-21.3383860248,0.306675836613
    ));
#821 = ORIENTED_EDGE('',*,*,#822,.F.);
#822 = EDGE_CURVE('',#722,#813,#823,.T.);
#823 = B_SPLINE_CURVE_WITH_KNOTS('',8,(#824,#825,#826,#827,#828,#829,
    #830,#831,#832,#833,#834,#835,#836,#837,#838,#839,#840,#841,#842,
    #843,#844,#845,#846,#847,#848,#849,#850,#851,#852,#853),
  .UNSPECIFIED.,.F.,.F.,(9,7,7,7,9),(0.,0.389879674441,0.714667560769,
    0.923987085427,1.),.UNSPECIFIED.);
#824 = CARTESIAN_POINT('',(50.539867901175,-20.27420934002,
    0.634924755055));
#825 = CARTESIAN_POINT('',(50.567983826194,-20.30782591991,
    0.591170552913));
#826 = CARTESIAN_POINT('',(50.59509617781,-20.34366396665,0.548552886546
    ));
#827 = CARTESIAN_POINT('',(50.621093848736,-20.3818798654,0.507208714491
    ));
#828 = CARTESIAN_POINT('',(50.645797241199,-20.42262232338,
    0.467372357081));
#829 = CARTESIAN_POINT('',(50.66896233921,-20.46602163308,0.429371098734
    ));
#830 = CARTESIAN_POINT('',(50.690283125202,-20.51218057747,
    0.393622916651));
#831 = CARTESIAN_POINT('',(50.709392341031,-20.5611669772,0.360636335907
    ));
#832 = CARTESIAN_POINT('',(50.739579412776,-20.65619376076,
    0.306334304851));
#833 = CARTESIAN_POINT('',(50.751475917378,-20.70139369742,
    0.283970977249));
#834 = CARTESIAN_POINT('',(50.761258885724,-20.74850940564,
    0.264344568191));
#835 = CARTESIAN_POINT('',(50.768619754557,-20.79735176322,
    0.247912918138));
#836 = CARTESIAN_POINT('',(50.773263089364,-20.84762579184,
    0.235128543982));
#837 = CARTESIAN_POINT('',(50.77494274017,-20.89891398745,0.22638981779)
  );
#838 = CARTESIAN_POINT('',(50.77351964933,-20.95065727835,0.221961962943
    ));
#839 = CARTESIAN_POINT('',(50.766181366028,-21.03530792872,
    0.221770412727));
#840 = CARTESIAN_POINT('',(50.762041737592,-21.0683871576,0.223486064046
    ));
#841 = CARTESIAN_POINT('',(50.756652893226,-21.10118256954,
    0.226995392227));
#842 = CARTESIAN_POINT('',(50.750058229927,-21.13353303675,0.2322573375)
  );
#843 = CARTESIAN_POINT('',(50.74232221544,-21.16530254764,0.239198059199
    ));
#844 = CARTESIAN_POINT('',(50.733523813739,-21.19637841327,
    0.247720413008));
#845 = CARTESIAN_POINT('',(50.72375116185,-21.22666944333,0.257711670578
    ));
#846 = CARTESIAN_POINT('',(50.709228694854,-21.26679307789,
    0.273166727891));
#847 = CARTESIAN_POINT('',(50.705242994643,-21.27737109846,
    0.277462310611));
#848 = CARTESIAN_POINT('',(50.70114459237,-21.28783523115,0.281930688031
    ));
#849 = CARTESIAN_POINT('',(50.696937331111,-21.29818378918,
    0.286566660266));
#850 = CARTESIAN_POINT('',(50.692625681287,-21.3084139722,0.291364282775
    ));
#851 = CARTESIAN_POINT('',(50.688213106529,-21.31852544571,0.29631872171
    ));
#852 = CARTESIAN_POINT('',(50.683703872126,-21.32851623444,
    0.301424218727));
#853 = CARTESIAN_POINT('',(50.679101513298,-21.3383860248,0.306675836613
    ));
#854 = B_SPLINE_SURFACE_WITH_KNOTS('',3,3,(
    (#855,#856,#857,#858,#859,#860,#861,#862)
    ,(#863,#864,#865,#866,#867,#868,#869,#870)
    ,(#871,#872,#873,#874,#875,#876,#877,#878)
    ,(#879,#880,#881,#882,#883,#884,#885,#886)
    ,(#887,#888,#889,#890,#891,#892,#893,#894)
    ,(#895,#896,#897,#898,#899,#900,#901,#902)
    ,(#903,#904,#905,#906,#907,#908,#909,#910)
    ,(#911,#912,#913,#914,#915,#916,#917,#918
  )),.UNSPECIFIED.,.F.,.F.,.F.,(4,2,2,4),(4,2,2,4),(-4.460097184067,
    -1.347579357149,1.347579357149,4.46009718407),(-3.891583776221,
    -0.779065949298,0.777817709702,3.890335536624),.UNSPECIFIED.);
#855 = CARTESIAN_POINT('',(53.234302613239,-24.15963723746,
    -3.640681252988));
#856 = CARTESIAN_POINT('',(53.325555845906,-23.12615214911,
    -3.640681252987));
#857 = CARTESIAN_POINT('',(53.416809078573,-22.09266706075,
    -3.640681252986));
#858 = CARTESIAN_POINT('',(53.55370724395,-20.54223198677,
    -3.640681252984));
#859 = CARTESIAN_POINT('',(53.599352176662,-20.02528200115,
    -3.640681252982));
#860 = CARTESIAN_POINT('',(53.736250342039,-18.47484692717,
    -3.640681252981));
#861 = CARTESIAN_POINT('',(53.827503574706,-17.44136183882,
    -3.64068125298));
#862 = CARTESIAN_POINT('',(53.918756807372,-16.40787675046,
    -3.640681252979));
#863 = CARTESIAN_POINT('',(52.637301045668,-24.10692402122,
    -2.79378750199));
#864 = CARTESIAN_POINT('',(52.728554278334,-23.07343893286,
    -2.793787501989));
#865 = CARTESIAN_POINT('',(52.819807511,-22.03995384451,-2.793787501989)
  );
#866 = CARTESIAN_POINT('',(52.956705676377,-20.48951877053,
    -2.793787501988));
#867 = CARTESIAN_POINT('',(53.002350609089,-19.97256878491,
    -2.793787501987));
#868 = CARTESIAN_POINT('',(53.139248774466,-18.42213371093,
    -2.793787501987));
#869 = CARTESIAN_POINT('',(53.230502007132,-17.38864862257,
    -2.793787501986));
#870 = CARTESIAN_POINT('',(53.321755239799,-16.35516353422,
    -2.793787501986));
#871 = CARTESIAN_POINT('',(52.040299478098,-24.05421080497,
    -1.946893750994));
#872 = CARTESIAN_POINT('',(52.131552710764,-23.02072571662,
    -1.946893750994));
#873 = CARTESIAN_POINT('',(52.22280594343,-21.98724062826,
    -1.946893750994));
#874 = CARTESIAN_POINT('',(52.359704108805,-20.43680555429,
    -1.946893750993));
#875 = CARTESIAN_POINT('',(52.405349041517,-19.91985556866,
    -1.946893750993));
#876 = CARTESIAN_POINT('',(52.542247206893,-18.36942049469,
    -1.946893750993));
#877 = CARTESIAN_POINT('',(52.633500439559,-17.33593540633,
    -1.946893750993));
#878 = CARTESIAN_POINT('',(52.724753672225,-16.30245031798,
    -1.946893750993));
#879 = CARTESIAN_POINT('',(50.926348589512,-23.9558527147,
    -0.366666666667));
#880 = CARTESIAN_POINT('',(51.017601822177,-22.92236762635,
    -0.366666666667));
#881 = CARTESIAN_POINT('',(51.108855054841,-21.88888253799,
    -0.366666666667));
#882 = CARTESIAN_POINT('',(51.245753220215,-20.33844746402,
    -0.366666666667));
#883 = CARTESIAN_POINT('',(51.291398152924,-19.82149747839,
    -0.366666666667));
#884 = CARTESIAN_POINT('',(51.428296318298,-18.27106240442,
    -0.366666666667));
#885 = CARTESIAN_POINT('',(51.519549550963,-17.23757731606,
    -0.366666666667));
#886 = CARTESIAN_POINT('',(51.610802783628,-16.20409222771,
    -0.366666666667));
#887 = CARTESIAN_POINT('',(50.409399268492,-23.91020784068,
    0.366666666667));
#888 = CARTESIAN_POINT('',(50.500652501156,-22.87672275232,
    0.366666666667));
#889 = CARTESIAN_POINT('',(50.591905733821,-21.84323766397,
    0.366666666667));
#890 = CARTESIAN_POINT('',(50.728803899195,-20.29280258999,
    0.366666666667));
#891 = CARTESIAN_POINT('',(50.774448831904,-19.77585260437,
    0.366666666667));
#892 = CARTESIAN_POINT('',(50.911346997277,-18.22541753039,
    0.366666666666));
#893 = CARTESIAN_POINT('',(51.002600229941,-17.19193244203,
    0.366666666666));
#894 = CARTESIAN_POINT('',(51.093853462605,-16.15844735368,
    0.366666666665));
#895 = CARTESIAN_POINT('',(49.295448379898,-23.81184975041,
    1.946893750995));
#896 = CARTESIAN_POINT('',(49.386701612563,-22.77836466205,
    1.946893750994));
#897 = CARTESIAN_POINT('',(49.477954845228,-21.7448795737,1.946893750994
    ));
#898 = CARTESIAN_POINT('',(49.614853010603,-20.19444449972,
    1.946893750994));
#899 = CARTESIAN_POINT('',(49.660497943312,-19.6774945141,1.946893750995
    ));
#900 = CARTESIAN_POINT('',(49.797396108685,-18.12705944012,
    1.946893750994));
#901 = CARTESIAN_POINT('',(49.888649341349,-17.09357435176,
    1.946893750994));
#902 = CARTESIAN_POINT('',(49.979902574013,-16.06008926341,
    1.946893750993));
#903 = CARTESIAN_POINT('',(48.698446812326,-23.75913653416,
    2.793787501989));
#904 = CARTESIAN_POINT('',(48.789700044991,-22.72565144581,
    2.793787501989));
#905 = CARTESIAN_POINT('',(48.880953277656,-21.69216635745,
    2.793787501989));
#906 = CARTESIAN_POINT('',(49.017851443031,-20.14173128348,
    2.793787501989));
#907 = CARTESIAN_POINT('',(49.06349637574,-19.62478129785,2.793787501989
    ));
#908 = CARTESIAN_POINT('',(49.200394541113,-18.07434622388,
    2.793787501988));
#909 = CARTESIAN_POINT('',(49.291647773777,-17.04086113552,
    2.793787501988));
#910 = CARTESIAN_POINT('',(49.382901006441,-16.00737604717,
    2.793787501988));
#911 = CARTESIAN_POINT('',(48.101445244754,-23.70642331792,
    3.640681252983));
#912 = CARTESIAN_POINT('',(48.192698477419,-22.67293822957,
    3.640681252983));
#913 = CARTESIAN_POINT('',(48.283951710084,-21.63945314121,
    3.640681252983));
#914 = CARTESIAN_POINT('',(48.420849875458,-20.08901806723,
    3.640681252983));
#915 = CARTESIAN_POINT('',(48.466494808168,-19.57206808161,
    3.640681252984));
#916 = CARTESIAN_POINT('',(48.603392973541,-18.02163300763,
    3.640681252983));
#917 = CARTESIAN_POINT('',(48.694646206205,-16.98814791928,
    3.640681252982));
#918 = CARTESIAN_POINT('',(48.785899438869,-15.95466283092,
    3.640681252982));
#919 = ADVANCED_FACE('',(#920),#938,.F.);
#920 = FACE_BOUND('',#921,.F.);
#921 = EDGE_LOOP('',(#922,#923,#931,#937));
#922 = ORIENTED_EDGE('',*,*,#786,.T.);
#923 = ORIENTED_EDGE('',*,*,#924,.T.);
#924 = EDGE_CURVE('',#778,#925,#927,.T.);
#925 = VERTEX_POINT('',#926);
#926 = CARTESIAN_POINT('',(78.941968951611,3.727818726416,-8.8));
#927 = LINE('',#928,#929);
#928 = CARTESIAN_POINT('',(78.941968951611,34.828728074616,-8.8));
#929 = VECTOR('',#930,1.);
#930 = DIRECTION('',(0.,-1.,0.));
#931 = ORIENTED_EDGE('',*,*,#932,.F.);
#932 = EDGE_CURVE('',#276,#925,#933,.T.);
#933 = LINE('',#934,#935);
#934 = CARTESIAN_POINT('',(78.941968951611,3.727818726416,0.));
#935 = VECTOR('',#936,1.);
#936 = DIRECTION('',(0.,0.,-1.));
#937 = ORIENTED_EDGE('',*,*,#275,.F.);
#938 = PLANE('',#939);
#939 = AXIS2_PLACEMENT_3D('',#940,#941,#942);
#940 = CARTESIAN_POINT('',(78.941968951611,34.828728074616,0.));
#941 = DIRECTION('',(-1.,-0.,-0.));
#942 = DIRECTION('',(0.,-1.,0.));
#943 = ADVANCED_FACE('',(#944),#970,.F.);
#944 = FACE_BOUND('',#945,.F.);
#945 = EDGE_LOOP('',(#946,#954,#955,#956,#964));
#946 = ORIENTED_EDGE('',*,*,#947,.F.);
#947 = EDGE_CURVE('',#805,#948,#950,.T.);
#948 = VERTEX_POINT('',#949);
#949 = CARTESIAN_POINT('',(50.947862926374,-20.76202531449,-8.8));
#950 = LINE('',#951,#952);
#951 = CARTESIAN_POINT('',(50.947862926374,-20.76202531449,0.));
#952 = VECTOR('',#953,1.);
#953 = DIRECTION('',(0.,0.,-1.));
#954 = ORIENTED_EDGE('',*,*,#804,.F.);
#955 = ORIENTED_EDGE('',*,*,#315,.F.);
#956 = ORIENTED_EDGE('',*,*,#957,.T.);
#957 = EDGE_CURVE('',#299,#958,#960,.T.);
#958 = VERTEX_POINT('',#959);
#959 = CARTESIAN_POINT('',(78.175924508492,2.085031116729,-8.8));
#960 = LINE('',#961,#962);
#961 = CARTESIAN_POINT('',(78.175924508492,2.085031116729,0.));
#962 = VECTOR('',#963,1.);
#963 = DIRECTION('',(0.,0.,-1.));
#964 = ORIENTED_EDGE('',*,*,#965,.T.);
#965 = EDGE_CURVE('',#958,#948,#966,.T.);
#966 = LINE('',#967,#968);
#967 = CARTESIAN_POINT('',(78.941968951611,2.727818726416,-8.8));
#968 = VECTOR('',#969,1.);
#969 = DIRECTION('',(-0.766044443119,-0.642787609687,0.));
#970 = PLANE('',#971);
#971 = AXIS2_PLACEMENT_3D('',#972,#973,#974);
#972 = CARTESIAN_POINT('',(78.941968951611,2.727818726416,0.));
#973 = DIRECTION('',(-0.642787609687,0.766044443119,0.));
#974 = DIRECTION('',(-0.766044443119,-0.642787609687,0.));
#975 = ADVANCED_FACE('',(#976),#987,.T.);
#976 = FACE_BOUND('',#977,.F.);
#977 = EDGE_LOOP('',(#978,#979,#985,#986));
#978 = ORIENTED_EDGE('',*,*,#932,.T.);
#979 = ORIENTED_EDGE('',*,*,#980,.T.);
#980 = EDGE_CURVE('',#925,#958,#981,.T.);
#981 = LINE('',#982,#983);
#982 = CARTESIAN_POINT('',(78.661154743253,3.125610713214,-8.8));
#983 = VECTOR('',#984,1.);
#984 = DIRECTION('',(-0.422618261741,-0.906307787037,3.719794637169E-15)
  );
#985 = ORIENTED_EDGE('',*,*,#957,.F.);
#986 = ORIENTED_EDGE('',*,*,#332,.F.);
#987 = PLANE('',#988);
#988 = AXIS2_PLACEMENT_3D('',#989,#990,#991);
#989 = CARTESIAN_POINT('',(78.558946730052,2.906424921573,0.));
#990 = DIRECTION('',(0.906307787037,-0.422618261741,0.));
#991 = DIRECTION('',(0.,0.,1.));
#992 = ADVANCED_FACE('',(#993),#1012,.F.);
#993 = FACE_BOUND('',#994,.F.);
#994 = EDGE_LOOP('',(#995,#1003,#1004,#1005));
#995 = ORIENTED_EDGE('',*,*,#996,.F.);
#996 = EDGE_CURVE('',#347,#997,#999,.T.);
#997 = VERTEX_POINT('',#998);
#998 = CARTESIAN_POINT('',(57.139907051952,34.828728074616,-2.7));
#999 = LINE('',#1000,#1001);
#1000 = CARTESIAN_POINT('',(56.139907051952,34.828728074616,-1.7));
#1001 = VECTOR('',#1002,1.);
#1002 = DIRECTION('',(0.707106781187,0.,-0.707106781187));
#1003 = ORIENTED_EDGE('',*,*,#354,.T.);
#1004 = ORIENTED_EDGE('',*,*,#996,.T.);
#1005 = ORIENTED_EDGE('',*,*,#1006,.F.);
#1006 = EDGE_CURVE('',#997,#997,#1007,.T.);
#1007 = CIRCLE('',#1008,8.5);
#1008 = AXIS2_PLACEMENT_3D('',#1009,#1010,#1011);
#1009 = CARTESIAN_POINT('',(48.639907051952,34.828728074616,-2.7));
#1010 = DIRECTION('',(0.,0.,-1.));
#1011 = DIRECTION('',(1.,0.,0.));
#1012 = CONICAL_SURFACE('',#1013,7.5,0.785398163397);
#1013 = AXIS2_PLACEMENT_3D('',#1014,#1015,#1016);
#1014 = CARTESIAN_POINT('',(48.639907051952,34.828728074616,-1.7));
#1015 = DIRECTION('',(-0.,-0.,-1.));
#1016 = DIRECTION('',(1.,0.,0.));
#1017 = ADVANCED_FACE('',(#1018),#1043,.F.);
#1018 = FACE_BOUND('',#1019,.T.);
#1019 = EDGE_LOOP('',(#1020,#1028,#1029,#1037));
#1020 = ORIENTED_EDGE('',*,*,#1021,.F.);
#1021 = EDGE_CURVE('',#381,#1022,#1024,.T.);
#1022 = VERTEX_POINT('',#1023);
#1023 = CARTESIAN_POINT('',(16.,-2.,-9.8));
#1024 = LINE('',#1025,#1026);
#1025 = CARTESIAN_POINT('',(15.5,-2.,-9.3));
#1026 = VECTOR('',#1027,1.);
#1027 = DIRECTION('',(0.707106781187,-1.791361853435E-17,-0.707106781187
    ));
#1028 = ORIENTED_EDGE('',*,*,#380,.T.);
#1029 = ORIENTED_EDGE('',*,*,#1030,.T.);
#1030 = EDGE_CURVE('',#373,#1031,#1033,.T.);
#1031 = VERTEX_POINT('',#1032);
#1032 = CARTESIAN_POINT('',(19.449348344356,37.382571043518,-9.8));
#1033 = LINE('',#1034,#1035);
#1034 = CARTESIAN_POINT('',(18.95125099531,37.426148914892,-9.3));
#1035 = VECTOR('',#1036,1.);
#1036 = DIRECTION('',(0.704416026403,-6.162841671622E-02,-0.707106781187
    ));
#1037 = ORIENTED_EDGE('',*,*,#1038,.F.);
#1038 = EDGE_CURVE('',#1022,#1031,#1039,.T.);
#1039 = LINE('',#1040,#1041);
#1040 = CARTESIAN_POINT('',(15.996194698092,-2.087155742748,-9.8));
#1041 = VECTOR('',#1042,1.);
#1042 = DIRECTION('',(8.715574274766E-02,0.996194698092,0.));
#1043 = PLANE('',#1044);
#1044 = AXIS2_PLACEMENT_3D('',#1045,#1046,#1047);
#1045 = CARTESIAN_POINT('',(15.498097349046,-2.043577871374,-9.3));
#1046 = DIRECTION('',(0.704416026403,-6.162841671622E-02,0.707106781187)
  );
#1047 = DIRECTION('',(-8.715574274766E-02,-0.996194698092,
    -6.245004513517E-17));
#1048 = ADVANCED_FACE('',(#1049),#1090,.T.);
#1049 = FACE_BOUND('',#1050,.T.);
#1050 = EDGE_LOOP('',(#1051,#1059,#1067,#1075,#1083,#1089));
#1051 = ORIENTED_EDGE('',*,*,#1052,.F.);
#1052 = EDGE_CURVE('',#1053,#406,#1055,.T.);
#1053 = VERTEX_POINT('',#1054);
#1054 = CARTESIAN_POINT('',(27.,-72.11838309152,-8.8));
#1055 = LINE('',#1056,#1057);
#1056 = CARTESIAN_POINT('',(27.,-72.11838309152,-8.8));
#1057 = VECTOR('',#1058,1.);
#1058 = DIRECTION('',(-1.,0.,0.));
#1059 = ORIENTED_EDGE('',*,*,#1060,.T.);
#1060 = EDGE_CURVE('',#1053,#1061,#1063,.T.);
#1061 = VERTEX_POINT('',#1062);
#1062 = CARTESIAN_POINT('',(27.,-72.11838309152,29.));
#1063 = LINE('',#1064,#1065);
#1064 = CARTESIAN_POINT('',(27.,-72.11838309152,0.));
#1065 = VECTOR('',#1066,1.);
#1066 = DIRECTION('',(0.,0.,1.));
#1067 = ORIENTED_EDGE('',*,*,#1068,.F.);
#1068 = EDGE_CURVE('',#1069,#1061,#1071,.T.);
#1069 = VERTEX_POINT('',#1070);
#1070 = CARTESIAN_POINT('',(22.,-72.11838309152,29.));
#1071 = LINE('',#1072,#1073);
#1072 = CARTESIAN_POINT('',(15.,-72.11838309152,29.));
#1073 = VECTOR('',#1074,1.);
#1074 = DIRECTION('',(1.,0.,0.));
#1075 = ORIENTED_EDGE('',*,*,#1076,.F.);
#1076 = EDGE_CURVE('',#1077,#1069,#1079,.T.);
#1077 = VERTEX_POINT('',#1078);
#1078 = CARTESIAN_POINT('',(22.,-72.11838309152,20.2));
#1079 = LINE('',#1080,#1081);
#1080 = CARTESIAN_POINT('',(22.,-72.11838309152,20.2));
#1081 = VECTOR('',#1082,1.);
#1082 = DIRECTION('',(0.,0.,1.));
#1083 = ORIENTED_EDGE('',*,*,#1084,.F.);
#1084 = EDGE_CURVE('',#404,#1077,#1085,.T.);
#1085 = LINE('',#1086,#1087);
#1086 = CARTESIAN_POINT('',(15.,-72.11838309152,20.2));
#1087 = VECTOR('',#1088,1.);
#1088 = DIRECTION('',(1.,0.,0.));
#1089 = ORIENTED_EDGE('',*,*,#403,.T.);
#1090 = PLANE('',#1091);
#1091 = AXIS2_PLACEMENT_3D('',#1092,#1093,#1094);
#1092 = CARTESIAN_POINT('',(21.,-72.11838309152,10.1));
#1093 = DIRECTION('',(-0.,-1.,-0.));
#1094 = DIRECTION('',(0.,0.,-1.));
#1095 = ADVANCED_FACE('',(#1096),#1146,.F.);
#1096 = FACE_BOUND('',#1097,.F.);
#1097 = EDGE_LOOP('',(#1098,#1099,#1107,#1115,#1123,#1131,#1139,#1145));
#1098 = ORIENTED_EDGE('',*,*,#413,.F.);
#1099 = ORIENTED_EDGE('',*,*,#1100,.T.);
#1100 = EDGE_CURVE('',#414,#1101,#1103,.T.);
#1101 = VERTEX_POINT('',#1102);
#1102 = CARTESIAN_POINT('',(22.,-22.208751,20.2));
#1103 = LINE('',#1104,#1105);
#1104 = CARTESIAN_POINT('',(15.,-22.208751,20.2));
#1105 = VECTOR('',#1106,1.);
#1106 = DIRECTION('',(1.,0.,0.));
#1107 = ORIENTED_EDGE('',*,*,#1108,.T.);
#1108 = EDGE_CURVE('',#1101,#1109,#1111,.T.);
#1109 = VERTEX_POINT('',#1110);
#1110 = CARTESIAN_POINT('',(22.,-55.00666419935,20.2));
#1111 = LINE('',#1112,#1113);
#1112 = CARTESIAN_POINT('',(22.,-22.208751,20.2));
#1113 = VECTOR('',#1114,1.);
#1114 = DIRECTION('',(0.,-1.,0.));
#1115 = ORIENTED_EDGE('',*,*,#1116,.T.);
#1116 = EDGE_CURVE('',#1109,#1117,#1119,.T.);
#1117 = VERTEX_POINT('',#1118);
#1118 = CARTESIAN_POINT('',(19.6,-55.00666419935,20.2));
#1119 = LINE('',#1120,#1121);
#1120 = CARTESIAN_POINT('',(25.,-55.00666419935,20.2));
#1121 = VECTOR('',#1122,1.);
#1122 = DIRECTION('',(-1.,-0.,-0.));
#1123 = ORIENTED_EDGE('',*,*,#1124,.F.);
#1124 = EDGE_CURVE('',#1125,#1117,#1127,.T.);
#1125 = VERTEX_POINT('',#1126);
#1126 = CARTESIAN_POINT('',(19.6,-56.99333580064,20.2));
#1127 = LINE('',#1128,#1129);
#1128 = CARTESIAN_POINT('',(19.6,-56.99333580064,20.2));
#1129 = VECTOR('',#1130,1.);
#1130 = DIRECTION('',(0.,1.,0.));
#1131 = ORIENTED_EDGE('',*,*,#1132,.F.);
#1132 = EDGE_CURVE('',#1133,#1125,#1135,.T.);
#1133 = VERTEX_POINT('',#1134);
#1134 = CARTESIAN_POINT('',(22.,-56.99333580064,20.2));
#1135 = LINE('',#1136,#1137);
#1136 = CARTESIAN_POINT('',(25.,-56.99333580064,20.2));
#1137 = VECTOR('',#1138,1.);
#1138 = DIRECTION('',(-1.,-0.,-0.));
#1139 = ORIENTED_EDGE('',*,*,#1140,.T.);
#1140 = EDGE_CURVE('',#1133,#1077,#1141,.T.);
#1141 = LINE('',#1142,#1143);
#1142 = CARTESIAN_POINT('',(22.,-22.208751,20.2));
#1143 = VECTOR('',#1144,1.);
#1144 = DIRECTION('',(0.,-1.,0.));
#1145 = ORIENTED_EDGE('',*,*,#1084,.F.);
#1146 = PLANE('',#1147);
#1147 = AXIS2_PLACEMENT_3D('',#1148,#1149,#1150);
#1148 = CARTESIAN_POINT('',(15.,-22.208751,20.2));
#1149 = DIRECTION('',(0.,0.,-1.));
#1150 = DIRECTION('',(0.,-1.,0.));
#1151 = ADVANCED_FACE('',(#1152),#1170,.F.);
#1152 = FACE_BOUND('',#1153,.T.);
#1153 = EDGE_LOOP('',(#1154,#1162,#1163,#1164));
#1154 = ORIENTED_EDGE('',*,*,#1155,.F.);
#1155 = EDGE_CURVE('',#406,#1156,#1158,.T.);
#1156 = VERTEX_POINT('',#1157);
#1157 = CARTESIAN_POINT('',(16.,-71.11838309152,-9.8));
#1158 = LINE('',#1159,#1160);
#1159 = CARTESIAN_POINT('',(17.333333333333,-69.78504975818,
    -11.13333333333));
#1160 = VECTOR('',#1161,1.);
#1161 = DIRECTION('',(0.57735026919,0.57735026919,-0.57735026919));
#1162 = ORIENTED_EDGE('',*,*,#445,.T.);
#1163 = ORIENTED_EDGE('',*,*,#1021,.T.);
#1164 = ORIENTED_EDGE('',*,*,#1165,.F.);
#1165 = EDGE_CURVE('',#1156,#1022,#1166,.T.);
#1166 = LINE('',#1167,#1168);
#1167 = CARTESIAN_POINT('',(16.,-72.11838309152,-9.8));
#1168 = VECTOR('',#1169,1.);
#1169 = DIRECTION('',(2.533368228246E-17,1.,0.));
#1170 = PLANE('',#1171);
#1171 = AXIS2_PLACEMENT_3D('',#1172,#1173,#1174);
#1172 = CARTESIAN_POINT('',(15.5,-72.11838309152,-9.3));
#1173 = DIRECTION('',(0.707106781187,0.,0.707106781187));
#1174 = DIRECTION('',(-1.266684114123E-17,-1.,1.266684114123E-17));
#1175 = ADVANCED_FACE('',(#1176),#1202,.F.);
#1176 = FACE_BOUND('',#1177,.F.);
#1177 = EDGE_LOOP('',(#1178,#1179,#1187,#1195,#1201));
#1178 = ORIENTED_EDGE('',*,*,#421,.F.);
#1179 = ORIENTED_EDGE('',*,*,#1180,.T.);
#1180 = EDGE_CURVE('',#422,#1181,#1183,.T.);
#1181 = VERTEX_POINT('',#1182);
#1182 = CARTESIAN_POINT('',(16.,-22.208751,54.991249));
#1183 = LINE('',#1184,#1185);
#1184 = CARTESIAN_POINT('',(15.670791927628,-22.208751,54.525678479209)
  );
#1185 = VECTOR('',#1186,1.);
#1186 = DIRECTION('',(0.57735026919,0.,0.816496580928));
#1187 = ORIENTED_EDGE('',*,*,#1188,.T.);
#1188 = EDGE_CURVE('',#1181,#1189,#1191,.T.);
#1189 = VERTEX_POINT('',#1190);
#1190 = CARTESIAN_POINT('',(22.,-22.208751,54.991249));
#1191 = LINE('',#1192,#1193);
#1192 = CARTESIAN_POINT('',(15.,-22.208751,54.991249));
#1193 = VECTOR('',#1194,1.);
#1194 = DIRECTION('',(1.,0.,0.));
#1195 = ORIENTED_EDGE('',*,*,#1196,.T.);
#1196 = EDGE_CURVE('',#1189,#1101,#1197,.T.);
#1197 = LINE('',#1198,#1199);
#1198 = CARTESIAN_POINT('',(22.,-22.208751,55.));
#1199 = VECTOR('',#1200,1.);
#1200 = DIRECTION('',(0.,0.,-1.));
#1201 = ORIENTED_EDGE('',*,*,#1100,.F.);
#1202 = PLANE('',#1203);
#1203 = AXIS2_PLACEMENT_3D('',#1204,#1205,#1206);
#1204 = CARTESIAN_POINT('',(15.,-22.208751,55.));
#1205 = DIRECTION('',(0.,1.,0.));
#1206 = DIRECTION('',(0.,0.,-1.));
#1207 = ADVANCED_FACE('',(#1208),#1219,.F.);
#1208 = FACE_BOUND('',#1209,.F.);
#1209 = EDGE_LOOP('',(#1210,#1211,#1217,#1218));
#1210 = ORIENTED_EDGE('',*,*,#600,.F.);
#1211 = ORIENTED_EDGE('',*,*,#1212,.T.);
#1212 = EDGE_CURVE('',#593,#1181,#1213,.T.);
#1213 = LINE('',#1214,#1215);
#1214 = CARTESIAN_POINT('',(16.,-22.2,55.));
#1215 = VECTOR('',#1216,1.);
#1216 = DIRECTION('',(0.,-0.707106781187,-0.707106781187));
#1217 = ORIENTED_EDGE('',*,*,#1180,.F.);
#1218 = ORIENTED_EDGE('',*,*,#429,.F.);
#1219 = PLANE('',#1220);
#1220 = AXIS2_PLACEMENT_3D('',#1221,#1222,#1223);
#1221 = CARTESIAN_POINT('',(15.5,-21.8464466094,54.646446609407));
#1222 = DIRECTION('',(0.707106781187,0.5,-0.5));
#1223 = DIRECTION('',(-5.551115123126E-17,-0.707106781187,
    -0.707106781187));
#1224 = ADVANCED_FACE('',(#1225),#1261,.F.);
#1225 = FACE_BOUND('',#1226,.T.);
#1226 = EDGE_LOOP('',(#1227,#1238,#1244,#1245,#1246,#1254));
#1227 = ORIENTED_EDGE('',*,*,#1228,.T.);
#1228 = EDGE_CURVE('',#1229,#1231,#1233,.T.);
#1229 = VERTEX_POINT('',#1230);
#1230 = CARTESIAN_POINT('',(19.6,-17.,36.1));
#1231 = VERTEX_POINT('',#1232);
#1232 = CARTESIAN_POINT('',(19.6,-15.54999999998,41.511473670968));
#1233 = CIRCLE('',#1234,2.9);
#1234 = AXIS2_PLACEMENT_3D('',#1235,#1236,#1237);
#1235 = CARTESIAN_POINT('',(19.6,-17.,39.));
#1236 = DIRECTION('',(1.,-0.,0.));
#1237 = DIRECTION('',(0.,0.,-1.));
#1238 = ORIENTED_EDGE('',*,*,#1239,.T.);
#1239 = EDGE_CURVE('',#1231,#465,#1240,.T.);
#1240 = LINE('',#1241,#1242);
#1241 = CARTESIAN_POINT('',(25.,-15.54999999998,41.511473670968));
#1242 = VECTOR('',#1243,1.);
#1243 = DIRECTION('',(-1.,-0.,-0.));
#1244 = ORIENTED_EDGE('',*,*,#464,.T.);
#1245 = ORIENTED_EDGE('',*,*,#453,.T.);
#1246 = ORIENTED_EDGE('',*,*,#1247,.F.);
#1247 = EDGE_CURVE('',#1248,#456,#1250,.T.);
#1248 = VERTEX_POINT('',#1249);
#1249 = CARTESIAN_POINT('',(19.6,-18.44999999998,41.511473670982));
#1250 = LINE('',#1251,#1252);
#1251 = CARTESIAN_POINT('',(25.,-18.44999999998,41.511473670982));
#1252 = VECTOR('',#1253,1.);
#1253 = DIRECTION('',(-1.,-0.,-0.));
#1254 = ORIENTED_EDGE('',*,*,#1255,.T.);
#1255 = EDGE_CURVE('',#1248,#1229,#1256,.T.);
#1256 = CIRCLE('',#1257,2.9);
#1257 = AXIS2_PLACEMENT_3D('',#1258,#1259,#1260);
#1258 = CARTESIAN_POINT('',(19.6,-17.,39.));
#1259 = DIRECTION('',(1.,-0.,0.));
#1260 = DIRECTION('',(0.,0.,-1.));
#1261 = CYLINDRICAL_SURFACE('',#1262,2.9);
#1262 = AXIS2_PLACEMENT_3D('',#1263,#1264,#1265);
#1263 = CARTESIAN_POINT('',(19.6,-17.,39.));
#1264 = DIRECTION('',(-1.,-0.,-0.));
#1265 = DIRECTION('',(0.,0.,-1.));
#1266 = ADVANCED_FACE('',(#1267),#1285,.T.);
#1267 = FACE_BOUND('',#1268,.T.);
#1268 = EDGE_LOOP('',(#1269,#1277,#1278,#1279));
#1269 = ORIENTED_EDGE('',*,*,#1270,.F.);
#1270 = EDGE_CURVE('',#1248,#1271,#1273,.T.);
#1271 = VERTEX_POINT('',#1272);
#1272 = CARTESIAN_POINT('',(19.6,-17.43064249652,42.100000000001));
#1273 = LINE('',#1274,#1275);
#1274 = CARTESIAN_POINT('',(19.6,-18.44999999998,41.511473670981));
#1275 = VECTOR('',#1276,1.);
#1276 = DIRECTION('',(0.,0.866025403786,0.499999999997));
#1277 = ORIENTED_EDGE('',*,*,#1247,.T.);
#1278 = ORIENTED_EDGE('',*,*,#489,.F.);
#1279 = ORIENTED_EDGE('',*,*,#1280,.F.);
#1280 = EDGE_CURVE('',#1271,#482,#1281,.T.);
#1281 = LINE('',#1282,#1283);
#1282 = CARTESIAN_POINT('',(25.,-17.43064249652,42.100000000001));
#1283 = VECTOR('',#1284,1.);
#1284 = DIRECTION('',(-1.,-0.,-0.));
#1285 = PLANE('',#1286);
#1286 = AXIS2_PLACEMENT_3D('',#1287,#1288,#1289);
#1287 = CARTESIAN_POINT('',(25.,-18.44999999998,41.511473670982));
#1288 = DIRECTION('',(0.,0.499999999997,-0.866025403786));
#1289 = DIRECTION('',(0.,0.866025403786,0.499999999997));
#1290 = ADVANCED_FACE('',(#1291),#1309,.T.);
#1291 = FACE_BOUND('',#1292,.T.);
#1292 = EDGE_LOOP('',(#1293,#1301,#1302,#1303));
#1293 = ORIENTED_EDGE('',*,*,#1294,.F.);
#1294 = EDGE_CURVE('',#1271,#1295,#1297,.T.);
#1295 = VERTEX_POINT('',#1296);
#1296 = CARTESIAN_POINT('',(19.6,-16.56935750345,42.099999999999));
#1297 = LINE('',#1298,#1299);
#1298 = CARTESIAN_POINT('',(19.6,-17.21532124825,42.1));
#1299 = VECTOR('',#1300,1.);
#1300 = DIRECTION('',(0.,1.,-2.89567915681E-12));
#1301 = ORIENTED_EDGE('',*,*,#1280,.T.);
#1302 = ORIENTED_EDGE('',*,*,#481,.F.);
#1303 = ORIENTED_EDGE('',*,*,#1304,.F.);
#1304 = EDGE_CURVE('',#1295,#474,#1305,.T.);
#1305 = LINE('',#1306,#1307);
#1306 = CARTESIAN_POINT('',(25.,-16.56935750345,42.099999999999));
#1307 = VECTOR('',#1308,1.);
#1308 = DIRECTION('',(-1.,-0.,-0.));
#1309 = PLANE('',#1310);
#1310 = AXIS2_PLACEMENT_3D('',#1311,#1312,#1313);
#1311 = CARTESIAN_POINT('',(25.,-17.43064249652,42.100000000001));
#1312 = DIRECTION('',(0.,-2.89567915681E-12,-1.));
#1313 = DIRECTION('',(0.,1.,-2.89567915681E-12));
#1314 = ADVANCED_FACE('',(#1315),#1326,.F.);
#1315 = FACE_BOUND('',#1316,.F.);
#1316 = EDGE_LOOP('',(#1317,#1323,#1324,#1325));
#1317 = ORIENTED_EDGE('',*,*,#1318,.F.);
#1318 = EDGE_CURVE('',#1231,#1295,#1319,.T.);
#1319 = LINE('',#1320,#1321);
#1320 = CARTESIAN_POINT('',(19.6,-15.54999999998,41.511473670969));
#1321 = VECTOR('',#1322,1.);
#1322 = DIRECTION('',(0.,-0.866025403783,0.500000000003));
#1323 = ORIENTED_EDGE('',*,*,#1239,.T.);
#1324 = ORIENTED_EDGE('',*,*,#473,.F.);
#1325 = ORIENTED_EDGE('',*,*,#1304,.F.);
#1326 = PLANE('',#1327);
#1327 = AXIS2_PLACEMENT_3D('',#1328,#1329,#1330);
#1328 = CARTESIAN_POINT('',(25.,-15.54999999998,41.511473670968));
#1329 = DIRECTION('',(0.,0.500000000003,0.866025403783));
#1330 = DIRECTION('',(0.,-0.866025403783,0.500000000003));
#1331 = ADVANCED_FACE('',(#1332),#1368,.F.);
#1332 = FACE_BOUND('',#1333,.T.);
#1333 = EDGE_LOOP('',(#1334,#1335,#1343,#1352,#1361,#1367));
#1334 = ORIENTED_EDGE('',*,*,#497,.T.);
#1335 = ORIENTED_EDGE('',*,*,#1336,.F.);
#1336 = EDGE_CURVE('',#1337,#500,#1339,.T.);
#1337 = VERTEX_POINT('',#1338);
#1338 = CARTESIAN_POINT('',(19.6,-18.45,17.511473670975));
#1339 = LINE('',#1340,#1341);
#1340 = CARTESIAN_POINT('',(25.,-18.45,17.511473670975));
#1341 = VECTOR('',#1342,1.);
#1342 = DIRECTION('',(-1.,-0.,-0.));
#1343 = ORIENTED_EDGE('',*,*,#1344,.T.);
#1344 = EDGE_CURVE('',#1337,#1345,#1347,.T.);
#1345 = VERTEX_POINT('',#1346);
#1346 = CARTESIAN_POINT('',(19.6,-17.,12.1));
#1347 = CIRCLE('',#1348,2.9);
#1348 = AXIS2_PLACEMENT_3D('',#1349,#1350,#1351);
#1349 = CARTESIAN_POINT('',(19.6,-17.,15.));
#1350 = DIRECTION('',(1.,-0.,0.));
#1351 = DIRECTION('',(0.,0.,-1.));
#1352 = ORIENTED_EDGE('',*,*,#1353,.T.);
#1353 = EDGE_CURVE('',#1345,#1354,#1356,.T.);
#1354 = VERTEX_POINT('',#1355);
#1355 = CARTESIAN_POINT('',(19.6,-15.55,17.511473670975));
#1356 = CIRCLE('',#1357,2.9);
#1357 = AXIS2_PLACEMENT_3D('',#1358,#1359,#1360);
#1358 = CARTESIAN_POINT('',(19.6,-17.,15.));
#1359 = DIRECTION('',(1.,-0.,0.));
#1360 = DIRECTION('',(0.,0.,-1.));
#1361 = ORIENTED_EDGE('',*,*,#1362,.T.);
#1362 = EDGE_CURVE('',#1354,#509,#1363,.T.);
#1363 = LINE('',#1364,#1365);
#1364 = CARTESIAN_POINT('',(25.,-15.55,17.511473670975));
#1365 = VECTOR('',#1366,1.);
#1366 = DIRECTION('',(-1.,-0.,-0.));
#1367 = ORIENTED_EDGE('',*,*,#508,.T.);
#1368 = CYLINDRICAL_SURFACE('',#1369,2.9);
#1369 = AXIS2_PLACEMENT_3D('',#1370,#1371,#1372);
#1370 = CARTESIAN_POINT('',(19.6,-17.,15.));
#1371 = DIRECTION('',(-1.,-0.,-0.));
#1372 = DIRECTION('',(0.,0.,-1.));
#1373 = ADVANCED_FACE('',(#1374),#1392,.T.);
#1374 = FACE_BOUND('',#1375,.T.);
#1375 = EDGE_LOOP('',(#1376,#1384,#1385,#1386));
#1376 = ORIENTED_EDGE('',*,*,#1377,.F.);
#1377 = EDGE_CURVE('',#1337,#1378,#1380,.T.);
#1378 = VERTEX_POINT('',#1379);
#1379 = CARTESIAN_POINT('',(19.6,-17.43064249653,18.1));
#1380 = LINE('',#1381,#1382);
#1381 = CARTESIAN_POINT('',(19.6,-18.45,17.511473670975));
#1382 = VECTOR('',#1383,1.);
#1383 = DIRECTION('',(0.,0.866025403784,0.5));
#1384 = ORIENTED_EDGE('',*,*,#1336,.T.);
#1385 = ORIENTED_EDGE('',*,*,#533,.F.);
#1386 = ORIENTED_EDGE('',*,*,#1387,.F.);
#1387 = EDGE_CURVE('',#1378,#526,#1388,.T.);
#1388 = LINE('',#1389,#1390);
#1389 = CARTESIAN_POINT('',(25.,-17.43064249653,18.1));
#1390 = VECTOR('',#1391,1.);
#1391 = DIRECTION('',(-1.,-0.,-0.));
#1392 = PLANE('',#1393);
#1393 = AXIS2_PLACEMENT_3D('',#1394,#1395,#1396);
#1394 = CARTESIAN_POINT('',(25.,-18.45,17.511473670975));
#1395 = DIRECTION('',(0.,0.5,-0.866025403784));
#1396 = DIRECTION('',(0.,0.866025403784,0.5));
#1397 = ADVANCED_FACE('',(#1398),#1416,.T.);
#1398 = FACE_BOUND('',#1399,.T.);
#1399 = EDGE_LOOP('',(#1400,#1408,#1409,#1410));
#1400 = ORIENTED_EDGE('',*,*,#1401,.F.);
#1401 = EDGE_CURVE('',#1378,#1402,#1404,.T.);
#1402 = VERTEX_POINT('',#1403);
#1403 = CARTESIAN_POINT('',(19.6,-16.56935750346,18.1));
#1404 = LINE('',#1405,#1406);
#1405 = CARTESIAN_POINT('',(19.6,-17.21532124826,18.1));
#1406 = VECTOR('',#1407,1.);
#1407 = DIRECTION('',(0.,1.,0.));
#1408 = ORIENTED_EDGE('',*,*,#1387,.T.);
#1409 = ORIENTED_EDGE('',*,*,#525,.F.);
#1410 = ORIENTED_EDGE('',*,*,#1411,.F.);
#1411 = EDGE_CURVE('',#1402,#518,#1412,.T.);
#1412 = LINE('',#1413,#1414);
#1413 = CARTESIAN_POINT('',(25.,-16.56935750346,18.1));
#1414 = VECTOR('',#1415,1.);
#1415 = DIRECTION('',(-1.,-0.,-0.));
#1416 = PLANE('',#1417);
#1417 = AXIS2_PLACEMENT_3D('',#1418,#1419,#1420);
#1418 = CARTESIAN_POINT('',(25.,-17.43064249653,18.1));
#1419 = DIRECTION('',(0.,0.,-1.));
#1420 = DIRECTION('',(0.,1.,0.));
#1421 = ADVANCED_FACE('',(#1422),#1433,.F.);
#1422 = FACE_BOUND('',#1423,.F.);
#1423 = EDGE_LOOP('',(#1424,#1430,#1431,#1432));
#1424 = ORIENTED_EDGE('',*,*,#1425,.F.);
#1425 = EDGE_CURVE('',#1354,#1402,#1426,.T.);
#1426 = LINE('',#1427,#1428);
#1427 = CARTESIAN_POINT('',(19.6,-15.55,17.511473670975));
#1428 = VECTOR('',#1429,1.);
#1429 = DIRECTION('',(0.,-0.866025403784,0.5));
#1430 = ORIENTED_EDGE('',*,*,#1362,.T.);
#1431 = ORIENTED_EDGE('',*,*,#517,.F.);
#1432 = ORIENTED_EDGE('',*,*,#1411,.F.);
#1433 = PLANE('',#1434);
#1434 = AXIS2_PLACEMENT_3D('',#1435,#1436,#1437);
#1435 = CARTESIAN_POINT('',(25.,-15.55,17.511473670975));
#1436 = DIRECTION('',(0.,0.5,0.866025403784));
#1437 = DIRECTION('',(0.,-0.866025403784,0.5));
#1438 = ADVANCED_FACE('',(#1439),#1475,.F.);
#1439 = FACE_BOUND('',#1440,.T.);
#1440 = EDGE_LOOP('',(#1441,#1452,#1458,#1459,#1460,#1468));
#1441 = ORIENTED_EDGE('',*,*,#1442,.T.);
#1442 = EDGE_CURVE('',#1443,#1445,#1447,.T.);
#1443 = VERTEX_POINT('',#1444);
#1444 = CARTESIAN_POINT('',(19.6,-56.,12.1));
#1445 = VERTEX_POINT('',#1446);
#1446 = CARTESIAN_POINT('',(19.6,-54.55,17.511473670975));
#1447 = CIRCLE('',#1448,2.9);
#1448 = AXIS2_PLACEMENT_3D('',#1449,#1450,#1451);
#1449 = CARTESIAN_POINT('',(19.6,-56.,15.));
#1450 = DIRECTION('',(1.,-0.,0.));
#1451 = DIRECTION('',(0.,0.,-1.));
#1452 = ORIENTED_EDGE('',*,*,#1453,.T.);
#1453 = EDGE_CURVE('',#1445,#553,#1454,.T.);
#1454 = LINE('',#1455,#1456);
#1455 = CARTESIAN_POINT('',(25.,-54.55,17.511473670975));
#1456 = VECTOR('',#1457,1.);
#1457 = DIRECTION('',(-1.,-0.,-0.));
#1458 = ORIENTED_EDGE('',*,*,#552,.T.);
#1459 = ORIENTED_EDGE('',*,*,#541,.T.);
#1460 = ORIENTED_EDGE('',*,*,#1461,.F.);
#1461 = EDGE_CURVE('',#1462,#544,#1464,.T.);
#1462 = VERTEX_POINT('',#1463);
#1463 = CARTESIAN_POINT('',(19.6,-57.45,17.511473670975));
#1464 = LINE('',#1465,#1466);
#1465 = CARTESIAN_POINT('',(25.,-57.45,17.511473670975));
#1466 = VECTOR('',#1467,1.);
#1467 = DIRECTION('',(-1.,-0.,-0.));
#1468 = ORIENTED_EDGE('',*,*,#1469,.T.);
#1469 = EDGE_CURVE('',#1462,#1443,#1470,.T.);
#1470 = CIRCLE('',#1471,2.9);
#1471 = AXIS2_PLACEMENT_3D('',#1472,#1473,#1474);
#1472 = CARTESIAN_POINT('',(19.6,-56.,15.));
#1473 = DIRECTION('',(1.,-0.,0.));
#1474 = DIRECTION('',(0.,0.,-1.));
#1475 = CYLINDRICAL_SURFACE('',#1476,2.9);
#1476 = AXIS2_PLACEMENT_3D('',#1477,#1478,#1479);
#1477 = CARTESIAN_POINT('',(19.6,-56.,15.));
#1478 = DIRECTION('',(-1.,-0.,-0.));
#1479 = DIRECTION('',(0.,0.,-1.));
#1480 = ADVANCED_FACE('',(#1481),#1499,.T.);
#1481 = FACE_BOUND('',#1482,.T.);
#1482 = EDGE_LOOP('',(#1483,#1491,#1492,#1493));
#1483 = ORIENTED_EDGE('',*,*,#1484,.F.);
#1484 = EDGE_CURVE('',#1462,#1485,#1487,.T.);
#1485 = VERTEX_POINT('',#1486);
#1486 = CARTESIAN_POINT('',(19.6,-56.43064249653,18.1));
#1487 = LINE('',#1488,#1489);
#1488 = CARTESIAN_POINT('',(19.6,-57.45,17.511473670975));
#1489 = VECTOR('',#1490,1.);
#1490 = DIRECTION('',(0.,0.866025403784,0.5));
#1491 = ORIENTED_EDGE('',*,*,#1461,.T.);
#1492 = ORIENTED_EDGE('',*,*,#577,.F.);
#1493 = ORIENTED_EDGE('',*,*,#1494,.F.);
#1494 = EDGE_CURVE('',#1485,#570,#1495,.T.);
#1495 = LINE('',#1496,#1497);
#1496 = CARTESIAN_POINT('',(25.,-56.43064249653,18.1));
#1497 = VECTOR('',#1498,1.);
#1498 = DIRECTION('',(-1.,-0.,-0.));
#1499 = PLANE('',#1500);
#1500 = AXIS2_PLACEMENT_3D('',#1501,#1502,#1503);
#1501 = CARTESIAN_POINT('',(25.,-57.45,17.511473670975));
#1502 = DIRECTION('',(0.,0.5,-0.866025403784));
#1503 = DIRECTION('',(0.,0.866025403784,0.5));
#1504 = ADVANCED_FACE('',(#1505),#1523,.T.);
#1505 = FACE_BOUND('',#1506,.T.);
#1506 = EDGE_LOOP('',(#1507,#1515,#1516,#1517));
#1507 = ORIENTED_EDGE('',*,*,#1508,.F.);
#1508 = EDGE_CURVE('',#1485,#1509,#1511,.T.);
#1509 = VERTEX_POINT('',#1510);
#1510 = CARTESIAN_POINT('',(19.6,-55.56935750346,18.1));
#1511 = LINE('',#1512,#1513);
#1512 = CARTESIAN_POINT('',(19.6,-56.21532124826,18.1));
#1513 = VECTOR('',#1514,1.);
#1514 = DIRECTION('',(0.,1.,0.));
#1515 = ORIENTED_EDGE('',*,*,#1494,.T.);
#1516 = ORIENTED_EDGE('',*,*,#569,.F.);
#1517 = ORIENTED_EDGE('',*,*,#1518,.F.);
#1518 = EDGE_CURVE('',#1509,#562,#1519,.T.);
#1519 = LINE('',#1520,#1521);
#1520 = CARTESIAN_POINT('',(25.,-55.56935750346,18.1));
#1521 = VECTOR('',#1522,1.);
#1522 = DIRECTION('',(-1.,-0.,-0.));
#1523 = PLANE('',#1524);
#1524 = AXIS2_PLACEMENT_3D('',#1525,#1526,#1527);
#1525 = CARTESIAN_POINT('',(25.,-56.43064249653,18.1));
#1526 = DIRECTION('',(0.,0.,-1.));
#1527 = DIRECTION('',(0.,1.,0.));
#1528 = ADVANCED_FACE('',(#1529),#1540,.F.);
#1529 = FACE_BOUND('',#1530,.F.);
#1530 = EDGE_LOOP('',(#1531,#1537,#1538,#1539));
#1531 = ORIENTED_EDGE('',*,*,#1532,.F.);
#1532 = EDGE_CURVE('',#1445,#1509,#1533,.T.);
#1533 = LINE('',#1534,#1535);
#1534 = CARTESIAN_POINT('',(19.6,-54.55,17.511473670975));
#1535 = VECTOR('',#1536,1.);
#1536 = DIRECTION('',(0.,-0.866025403784,0.5));
#1537 = ORIENTED_EDGE('',*,*,#1453,.T.);
#1538 = ORIENTED_EDGE('',*,*,#561,.F.);
#1539 = ORIENTED_EDGE('',*,*,#1518,.F.);
#1540 = PLANE('',#1541);
#1541 = AXIS2_PLACEMENT_3D('',#1542,#1543,#1544);
#1542 = CARTESIAN_POINT('',(25.,-54.55,17.511473670975));
#1543 = DIRECTION('',(0.,0.5,0.866025403784));
#1544 = DIRECTION('',(0.,-0.866025403784,0.5));
#1545 = ADVANCED_FACE('',(#1546),#1564,.F.);
#1546 = FACE_BOUND('',#1547,.T.);
#1547 = EDGE_LOOP('',(#1548,#1549,#1550,#1558));
#1548 = ORIENTED_EDGE('',*,*,#655,.F.);
#1549 = ORIENTED_EDGE('',*,*,#616,.T.);
#1550 = ORIENTED_EDGE('',*,*,#1551,.T.);
#1551 = EDGE_CURVE('',#617,#1552,#1554,.T.);
#1552 = VERTEX_POINT('',#1553);
#1553 = CARTESIAN_POINT('',(26.,-21.78578643762,54.));
#1554 = LINE('',#1555,#1556);
#1555 = CARTESIAN_POINT('',(27.387005768509,-21.21126983722,
    52.612994231491));
#1556 = VECTOR('',#1557,1.);
#1557 = DIRECTION('',(0.678598344546,0.281084637715,-0.678598344546));
#1558 = ORIENTED_EDGE('',*,*,#1559,.F.);
#1559 = EDGE_CURVE('',#648,#1552,#1560,.T.);
#1560 = LINE('',#1561,#1562);
#1561 = CARTESIAN_POINT('',(26.,-2.,54.));
#1562 = VECTOR('',#1563,1.);
#1563 = DIRECTION('',(0.,-1.,0.));
#1564 = PLANE('',#1565);
#1565 = AXIS2_PLACEMENT_3D('',#1566,#1567,#1568);
#1566 = CARTESIAN_POINT('',(25.5,-2.,54.5));
#1567 = DIRECTION('',(-0.707106781187,0.,-0.707106781187));
#1568 = DIRECTION('',(0.,1.,0.));
#1569 = ADVANCED_FACE('',(#1570),#1597,.F.);
#1570 = FACE_BOUND('',#1571,.F.);
#1571 = EDGE_LOOP('',(#1572,#1573,#1574,#1582,#1590,#1596));
#1572 = ORIENTED_EDGE('',*,*,#1212,.F.);
#1573 = ORIENTED_EDGE('',*,*,#624,.T.);
#1574 = ORIENTED_EDGE('',*,*,#1575,.T.);
#1575 = EDGE_CURVE('',#617,#1576,#1578,.T.);
#1576 = VERTEX_POINT('',#1577);
#1577 = CARTESIAN_POINT('',(25.,-47.2,30.));
#1578 = LINE('',#1579,#1580);
#1579 = CARTESIAN_POINT('',(25.,-22.2,55.));
#1580 = VECTOR('',#1581,1.);
#1581 = DIRECTION('',(0.,-0.707106781187,-0.707106781187));
#1582 = ORIENTED_EDGE('',*,*,#1583,.F.);
#1583 = EDGE_CURVE('',#1584,#1576,#1586,.T.);
#1584 = VERTEX_POINT('',#1585);
#1585 = CARTESIAN_POINT('',(22.,-47.2,30.));
#1586 = LINE('',#1587,#1588);
#1587 = CARTESIAN_POINT('',(15.,-47.2,30.));
#1588 = VECTOR('',#1589,1.);
#1589 = DIRECTION('',(1.,0.,0.));
#1590 = ORIENTED_EDGE('',*,*,#1591,.F.);
#1591 = EDGE_CURVE('',#1189,#1584,#1592,.T.);
#1592 = LINE('',#1593,#1594);
#1593 = CARTESIAN_POINT('',(22.,-32.79089176144,44.40910823856));
#1594 = VECTOR('',#1595,1.);
#1595 = DIRECTION('',(0.,-0.707106781187,-0.707106781187));
#1596 = ORIENTED_EDGE('',*,*,#1188,.F.);
#1597 = PLANE('',#1598);
#1598 = AXIS2_PLACEMENT_3D('',#1599,#1600,#1601);
#1599 = CARTESIAN_POINT('',(15.,-22.2,55.));
#1600 = DIRECTION('',(0.,0.707106781187,-0.707106781187));
#1601 = DIRECTION('',(0.,-0.707106781187,-0.707106781187));
#1602 = ADVANCED_FACE('',(#1603,#1621),#1656,.T.);
#1603 = FACE_BOUND('',#1604,.T.);
#1604 = EDGE_LOOP('',(#1605,#1613,#1614,#1615));
#1605 = ORIENTED_EDGE('',*,*,#1606,.F.);
#1606 = EDGE_CURVE('',#640,#1607,#1609,.T.);
#1607 = VERTEX_POINT('',#1608);
#1608 = CARTESIAN_POINT('',(26.,-45.78578643762,30.));
#1609 = LINE('',#1610,#1611);
#1610 = CARTESIAN_POINT('',(26.,-2.,30.));
#1611 = VECTOR('',#1612,1.);
#1612 = DIRECTION('',(0.,-1.,0.));
#1613 = ORIENTED_EDGE('',*,*,#647,.T.);
#1614 = ORIENTED_EDGE('',*,*,#1559,.T.);
#1615 = ORIENTED_EDGE('',*,*,#1616,.T.);
#1616 = EDGE_CURVE('',#1552,#1607,#1617,.T.);
#1617 = LINE('',#1618,#1619);
#1618 = CARTESIAN_POINT('',(26.,-21.49289321881,54.292893218813));
#1619 = VECTOR('',#1620,1.);
#1620 = DIRECTION('',(0.,-0.707106781187,-0.707106781187));
#1621 = FACE_BOUND('',#1622,.T.);
#1622 = EDGE_LOOP('',(#1623,#1634,#1642,#1650));
#1623 = ORIENTED_EDGE('',*,*,#1624,.F.);
#1624 = EDGE_CURVE('',#1625,#1627,#1629,.T.);
#1625 = VERTEX_POINT('',#1626);
#1626 = CARTESIAN_POINT('',(26.,-19.5,43.33012701892));
#1627 = VERTEX_POINT('',#1628);
#1628 = CARTESIAN_POINT('',(26.,-14.5,43.330127018925));
#1629 = CIRCLE('',#1630,5.);
#1630 = AXIS2_PLACEMENT_3D('',#1631,#1632,#1633);
#1631 = CARTESIAN_POINT('',(26.,-17.,39.));
#1632 = DIRECTION('',(1.,0.,-0.));
#1633 = DIRECTION('',(0.,0.,1.));
#1634 = ORIENTED_EDGE('',*,*,#1635,.F.);
#1635 = EDGE_CURVE('',#1636,#1625,#1638,.T.);
#1636 = VERTEX_POINT('',#1637);
#1637 = CARTESIAN_POINT('',(26.,-17.99333580064,44.2));
#1638 = LINE('',#1639,#1640);
#1639 = CARTESIAN_POINT('',(26.,-20.75730561707,42.604221282449));
#1640 = VECTOR('',#1641,1.);
#1641 = DIRECTION('',(0.,-0.866025403784,-0.500000000001));
#1642 = ORIENTED_EDGE('',*,*,#1643,.F.);
#1643 = EDGE_CURVE('',#1644,#1636,#1646,.T.);
#1644 = VERTEX_POINT('',#1645);
#1645 = CARTESIAN_POINT('',(26.,-16.00666419935,44.2));
#1646 = LINE('',#1647,#1648);
#1647 = CARTESIAN_POINT('',(26.,-19.46608528273,44.2));
#1648 = VECTOR('',#1649,1.);
#1649 = DIRECTION('',(0.,-1.,0.));
#1650 = ORIENTED_EDGE('',*,*,#1651,.T.);
#1651 = EDGE_CURVE('',#1644,#1627,#1652,.T.);
#1652 = LINE('',#1653,#1654);
#1653 = CARTESIAN_POINT('',(26.,-16.19682045655,44.309786766282));
#1654 = VECTOR('',#1655,1.);
#1655 = DIRECTION('',(0.,0.866025403784,-0.500000000001));
#1656 = PLANE('',#1657);
#1657 = AXIS2_PLACEMENT_3D('',#1658,#1659,#1660);
#1658 = CARTESIAN_POINT('',(26.,-20.93883476483,40.015016043553));
#1659 = DIRECTION('',(1.,0.,0.));
#1660 = DIRECTION('',(0.,0.,1.));
#1661 = ADVANCED_FACE('',(#1662),#1703,.T.);
#1662 = FACE_BOUND('',#1663,.T.);
#1663 = EDGE_LOOP('',(#1664,#1665,#1673,#1681,#1689,#1695,#1696,#1697));
#1664 = ORIENTED_EDGE('',*,*,#1583,.F.);
#1665 = ORIENTED_EDGE('',*,*,#1666,.F.);
#1666 = EDGE_CURVE('',#1667,#1584,#1669,.T.);
#1667 = VERTEX_POINT('',#1668);
#1668 = CARTESIAN_POINT('',(22.,-71.11838309152,30.));
#1669 = LINE('',#1670,#1671);
#1670 = CARTESIAN_POINT('',(22.,-41.05978749165,30.));
#1671 = VECTOR('',#1672,1.);
#1672 = DIRECTION('',(0.,1.,0.));
#1673 = ORIENTED_EDGE('',*,*,#1674,.T.);
#1674 = EDGE_CURVE('',#1667,#1675,#1677,.T.);
#1675 = VERTEX_POINT('',#1676);
#1676 = CARTESIAN_POINT('',(26.362929739193,-71.11838309152,30.));
#1677 = LINE('',#1678,#1679);
#1678 = CARTESIAN_POINT('',(15.,-71.11838309152,30.));
#1679 = VECTOR('',#1680,1.);
#1680 = DIRECTION('',(1.,0.,0.));
#1681 = ORIENTED_EDGE('',*,*,#1682,.T.);
#1682 = EDGE_CURVE('',#1675,#1683,#1685,.T.);
#1683 = VERTEX_POINT('',#1684);
#1684 = CARTESIAN_POINT('',(49.772793726261,-20.91576776306,30.));
#1685 = LINE('',#1686,#1687);
#1686 = CARTESIAN_POINT('',(26.093692212963,-71.69576482978,30.));
#1687 = VECTOR('',#1688,1.);
#1688 = DIRECTION('',(0.422618261741,0.906307787037,0.));
#1689 = ORIENTED_EDGE('',*,*,#1690,.T.);
#1690 = EDGE_CURVE('',#1683,#672,#1691,.T.);
#1691 = LINE('',#1692,#1693);
#1692 = CARTESIAN_POINT('',(50.18078875146,-21.40358373754,30.));
#1693 = VECTOR('',#1694,1.);
#1694 = DIRECTION('',(-0.641558423045,0.767074174914,0.));
#1695 = ORIENTED_EDGE('',*,*,#671,.F.);
#1696 = ORIENTED_EDGE('',*,*,#1606,.T.);
#1697 = ORIENTED_EDGE('',*,*,#1698,.F.);
#1698 = EDGE_CURVE('',#1576,#1607,#1699,.T.);
#1699 = LINE('',#1700,#1701);
#1700 = CARTESIAN_POINT('',(34.388399390469,-33.92279825302,30.));
#1701 = VECTOR('',#1702,1.);
#1702 = DIRECTION('',(0.57735026919,0.816496580928,0.));
#1703 = PLANE('',#1704);
#1704 = AXIS2_PLACEMENT_3D('',#1705,#1706,#1707);
#1705 = CARTESIAN_POINT('',(27.659437651185,-34.95600793755,30.));
#1706 = DIRECTION('',(0.,0.,1.));
#1707 = DIRECTION('',(1.,0.,0.));
#1708 = ADVANCED_FACE('',(#1709),#1729,.F.);
#1709 = FACE_BOUND('',#1710,.T.);
#1710 = EDGE_LOOP('',(#1711,#1719,#1726,#1727,#1728));
#1711 = ORIENTED_EDGE('',*,*,#1712,.F.);
#1712 = EDGE_CURVE('',#1713,#1683,#1715,.T.);
#1713 = VERTEX_POINT('',#1714);
#1714 = CARTESIAN_POINT('',(50.764342919068,-20.78603650914,
    29.156178042355));
#1715 = LINE('',#1716,#1717);
#1716 = CARTESIAN_POINT('',(41.653540858279,-21.97806589523,
    36.909595509104));
#1717 = VECTOR('',#1718,1.);
#1718 = DIRECTION('',(-0.757805726747,-9.914897604017E-02,0.644903063304
    ));
#1719 = ORIENTED_EDGE('',*,*,#1720,.F.);
#1720 = EDGE_CURVE('',#706,#1713,#1721,.T.);
#1721 = ELLIPSE('',#1722,1.414213562373,1.);
#1722 = AXIS2_PLACEMENT_3D('',#1723,#1724,#1725);
#1723 = CARTESIAN_POINT('',(49.772793726261,-20.91576776306,30.));
#1724 = DIRECTION('',(-0.542403350755,-0.453650311463,-0.707106781187));
#1725 = DIRECTION('',(-0.542403350755,-0.453650311463,0.707106781187));
#1726 = ORIENTED_EDGE('',*,*,#713,.T.);
#1727 = ORIENTED_EDGE('',*,*,#679,.T.);
#1728 = ORIENTED_EDGE('',*,*,#1690,.F.);
#1729 = PLANE('',#1730);
#1730 = AXIS2_PLACEMENT_3D('',#1731,#1732,#1733);
#1731 = CARTESIAN_POINT('',(50.564325838917,-21.08280452602,29.5));
#1732 = DIRECTION('',(-0.542403350755,-0.453650311463,-0.707106781187));
#1733 = DIRECTION('',(0.641558423045,-0.767074174914,5.551115123126E-17)
  );
#1734 = ADVANCED_FACE('',(#1735),#1812,.F.);
#1735 = FACE_BOUND('',#1736,.T.);
#1736 = EDGE_LOOP('',(#1737,#1745,#1754,#1763,#1769,#1770,#1787,#1796,
    #1811));
#1737 = ORIENTED_EDGE('',*,*,#1738,.T.);
#1738 = EDGE_CURVE('',#738,#1739,#1741,.T.);
#1739 = VERTEX_POINT('',#1740);
#1740 = CARTESIAN_POINT('',(19.6,-14.49999999999,19.330127018919));
#1741 = LINE('',#1742,#1743);
#1742 = CARTESIAN_POINT('',(25.,-14.49999999999,19.330127018919));
#1743 = VECTOR('',#1744,1.);
#1744 = DIRECTION('',(-1.,-0.,-0.));
#1745 = ORIENTED_EDGE('',*,*,#1746,.F.);
#1746 = EDGE_CURVE('',#1747,#1739,#1749,.T.);
#1747 = VERTEX_POINT('',#1748);
#1748 = CARTESIAN_POINT('',(19.6,-17.,10.));
#1749 = CIRCLE('',#1750,5.);
#1750 = AXIS2_PLACEMENT_3D('',#1751,#1752,#1753);
#1751 = CARTESIAN_POINT('',(19.6,-17.,15.));
#1752 = DIRECTION('',(1.,-0.,0.));
#1753 = DIRECTION('',(0.,0.,-1.));
#1754 = ORIENTED_EDGE('',*,*,#1755,.F.);
#1755 = EDGE_CURVE('',#1756,#1747,#1758,.T.);
#1756 = VERTEX_POINT('',#1757);
#1757 = CARTESIAN_POINT('',(19.6,-19.49999999999,19.330127018925));
#1758 = CIRCLE('',#1759,5.);
#1759 = AXIS2_PLACEMENT_3D('',#1760,#1761,#1762);
#1760 = CARTESIAN_POINT('',(19.6,-17.,15.));
#1761 = DIRECTION('',(1.,-0.,0.));
#1762 = DIRECTION('',(0.,0.,-1.));
#1763 = ORIENTED_EDGE('',*,*,#1764,.T.);
#1764 = EDGE_CURVE('',#1756,#697,#1765,.T.);
#1765 = LINE('',#1766,#1767);
#1766 = CARTESIAN_POINT('',(25.,-19.5,19.330127018922));
#1767 = VECTOR('',#1768,1.);
#1768 = DIRECTION('',(1.,0.,0.));
#1769 = ORIENTED_EDGE('',*,*,#694,.F.);
#1770 = ORIENTED_EDGE('',*,*,#1771,.F.);
#1771 = EDGE_CURVE('',#1772,#695,#1774,.T.);
#1772 = VERTEX_POINT('',#1773);
#1773 = CARTESIAN_POINT('',(50.679101513298,-21.3383860248,
    17.485640098601));
#1774 = B_SPLINE_CURVE_WITH_KNOTS('',6,(#1775,#1776,#1777,#1778,#1779,
    #1780,#1781,#1782,#1783,#1784,#1785,#1786),.UNSPECIFIED.,.F.,.F.,(7,
    5,7),(0.,0.552812793001,1.),.UNSPECIFIED.);
#1775 = CARTESIAN_POINT('',(50.679101513298,-21.3383860248,
    17.485640098601));
#1776 = CARTESIAN_POINT('',(50.715053706123,-21.26128629848,
    17.620208403712));
#1777 = CARTESIAN_POINT('',(50.744340483116,-21.17793195684,
    17.75408162015));
#1778 = CARTESIAN_POINT('',(50.765750636733,-21.08833548132,
    17.88653166638));
#1779 = CARTESIAN_POINT('',(50.777672975022,-20.99273890267,
    18.016640742029));
#1780 = CARTESIAN_POINT('',(50.778080896022,-20.89177073148,
    18.143231220852));
#1781 = CARTESIAN_POINT('',(50.753439442459,-20.70211240391,
    18.36321789982));
#1782 = CARTESIAN_POINT('',(50.733184651558,-20.61434319362,
    18.458821308615));
#1783 = CARTESIAN_POINT('',(50.702333693678,-20.52545681481,
    18.549550234051));
#1784 = CARTESIAN_POINT('',(50.659987047396,-20.43755790556,
    18.633843991781));
#1785 = CARTESIAN_POINT('',(50.60575751752,-20.35298973051,
    18.710569453008));
#1786 = CARTESIAN_POINT('',(50.539867901175,-20.27420934002,
    18.778829606866));
#1787 = ORIENTED_EDGE('',*,*,#1788,.T.);
#1788 = EDGE_CURVE('',#1772,#1789,#1791,.T.);
#1789 = VERTEX_POINT('',#1790);
#1790 = CARTESIAN_POINT('',(50.679101513298,-21.3383860248,
    12.514359901399));
#1791 = ELLIPSE('',#1792,5.516889594812,5.);
#1792 = AXIS2_PLACEMENT_3D('',#1793,#1794,#1795);
#1793 = CARTESIAN_POINT('',(52.702124140697,-17.,15.));
#1794 = DIRECTION('',(0.906307787037,-0.422618261741,0.));
#1795 = DIRECTION('',(0.422618261741,0.906307787037,0.));
#1796 = ORIENTED_EDGE('',*,*,#1797,.F.);
#1797 = EDGE_CURVE('',#730,#1789,#1798,.T.);
#1798 = B_SPLINE_CURVE_WITH_KNOTS('',6,(#1799,#1800,#1801,#1802,#1803,
    #1804,#1805,#1806,#1807,#1808,#1809,#1810),.UNSPECIFIED.,.F.,.F.,(7,
    5,7),(0.,0.447556020084,1.),.UNSPECIFIED.);
#1799 = CARTESIAN_POINT('',(50.539867901175,-20.27420934002,
    11.221170393134));
#1800 = CARTESIAN_POINT('',(50.605811284429,-20.35305401648,
    11.289486248295));
#1801 = CARTESIAN_POINT('',(50.660074034946,-20.43769412232,
    11.366279666592));
#1802 = CARTESIAN_POINT('',(50.70243478007,-20.52566725331,
    11.450651729292));
#1803 = CARTESIAN_POINT('',(50.733282928699,-20.61462613155,
    11.541467489222));
#1804 = CARTESIAN_POINT('',(50.753520720192,-20.70246307225,
    11.637163814492));
#1805 = CARTESIAN_POINT('',(50.778079505822,-20.89210085296,
    11.857182721802));
#1806 = CARTESIAN_POINT('',(50.777641798629,-20.99298918299,
    11.98369987457));
#1807 = CARTESIAN_POINT('',(50.765708589715,-21.08851189569,
    12.113729015218));
#1808 = CARTESIAN_POINT('',(50.744301934831,-21.17804194463,
    12.246094908861));
#1809 = CARTESIAN_POINT('',(50.715029798454,-21.26133756864,
    12.379881082192));
#1810 = CARTESIAN_POINT('',(50.679101513298,-21.3383860248,
    12.514359901399));
#1811 = ORIENTED_EDGE('',*,*,#737,.F.);
#1812 = CYLINDRICAL_SURFACE('',#1813,5.);
#1813 = AXIS2_PLACEMENT_3D('',#1814,#1815,#1816);
#1814 = CARTESIAN_POINT('',(25.,-17.,15.));
#1815 = DIRECTION('',(1.,0.,0.));
#1816 = DIRECTION('',(0.,0.,1.));
#1817 = ADVANCED_FACE('',(#1818),#1836,.T.);
#1818 = FACE_BOUND('',#1819,.T.);
#1819 = EDGE_LOOP('',(#1820,#1821,#1822,#1830));
#1820 = ORIENTED_EDGE('',*,*,#762,.F.);
#1821 = ORIENTED_EDGE('',*,*,#1764,.F.);
#1822 = ORIENTED_EDGE('',*,*,#1823,.T.);
#1823 = EDGE_CURVE('',#1756,#1824,#1826,.T.);
#1824 = VERTEX_POINT('',#1825);
#1825 = CARTESIAN_POINT('',(19.6,-17.99333580063,20.200000000001));
#1826 = LINE('',#1827,#1828);
#1827 = CARTESIAN_POINT('',(19.6,-19.49999999999,19.330127018925));
#1828 = VECTOR('',#1829,1.);
#1829 = DIRECTION('',(0.,0.866025403785,0.499999999999));
#1830 = ORIENTED_EDGE('',*,*,#1831,.F.);
#1831 = EDGE_CURVE('',#755,#1824,#1832,.T.);
#1832 = LINE('',#1833,#1834);
#1833 = CARTESIAN_POINT('',(25.,-17.99333580063,20.200000000001));
#1834 = VECTOR('',#1835,1.);
#1835 = DIRECTION('',(-1.,-0.,-0.));
#1836 = PLANE('',#1837);
#1837 = AXIS2_PLACEMENT_3D('',#1838,#1839,#1840);
#1838 = CARTESIAN_POINT('',(34.533244976513,-18.76168544797,
    19.756393124283));
#1839 = DIRECTION('',(1.228523704493E-14,0.5,-0.866025403785));
#1840 = DIRECTION('',(0.,-0.866025403785,-0.5));
#1841 = ADVANCED_FACE('',(#1842),#1860,.T.);
#1842 = FACE_BOUND('',#1843,.T.);
#1843 = EDGE_LOOP('',(#1844,#1845,#1846,#1854));
#1844 = ORIENTED_EDGE('',*,*,#754,.F.);
#1845 = ORIENTED_EDGE('',*,*,#1831,.T.);
#1846 = ORIENTED_EDGE('',*,*,#1847,.T.);
#1847 = EDGE_CURVE('',#1824,#1848,#1850,.T.);
#1848 = VERTEX_POINT('',#1849);
#1849 = CARTESIAN_POINT('',(19.6,-16.00666419935,20.199999999999));
#1850 = LINE('',#1851,#1852);
#1851 = CARTESIAN_POINT('',(19.6,-17.99333580063,20.200000000001));
#1852 = VECTOR('',#1853,1.);
#1853 = DIRECTION('',(0.,1.,-8.154530605291E-13));
#1854 = ORIENTED_EDGE('',*,*,#1855,.F.);
#1855 = EDGE_CURVE('',#747,#1848,#1856,.T.);
#1856 = LINE('',#1857,#1858);
#1857 = CARTESIAN_POINT('',(25.,-16.00666419935,20.199999999999));
#1858 = VECTOR('',#1859,1.);
#1859 = DIRECTION('',(-1.,-0.,-0.));
#1860 = PLANE('',#1861);
#1861 = AXIS2_PLACEMENT_3D('',#1862,#1863,#1864);
#1862 = CARTESIAN_POINT('',(33.851523084285,-17.02706684409,20.2));
#1863 = DIRECTION('',(-6.840375187801E-16,-1.713428985494E-13,-1.));
#1864 = DIRECTION('',(0.,-1.,1.713428985494E-13));
#1865 = ADVANCED_FACE('',(#1866),#1877,.T.);
#1866 = FACE_BOUND('',#1867,.T.);
#1867 = EDGE_LOOP('',(#1868,#1869,#1875,#1876));
#1868 = ORIENTED_EDGE('',*,*,#1855,.T.);
#1869 = ORIENTED_EDGE('',*,*,#1870,.F.);
#1870 = EDGE_CURVE('',#1739,#1848,#1871,.T.);
#1871 = LINE('',#1872,#1873);
#1872 = CARTESIAN_POINT('',(19.6,-14.49999999999,19.330127018919));
#1873 = VECTOR('',#1874,1.);
#1874 = DIRECTION('',(0.,-0.866025403784,0.500000000001));
#1875 = ORIENTED_EDGE('',*,*,#1738,.F.);
#1876 = ORIENTED_EDGE('',*,*,#746,.T.);
#1877 = PLANE('',#1878);
#1878 = AXIS2_PLACEMENT_3D('',#1879,#1880,#1881);
#1879 = CARTESIAN_POINT('',(33.072382989027,-15.26987929263,
    19.774617035768));
#1880 = DIRECTION('',(-1.550790693538E-14,-0.5,-0.866025403784));
#1881 = DIRECTION('',(-7.88860905221E-31,-0.866025403784,0.5));
#1882 = ADVANCED_FACE('',(#1883),#1894,.T.);
#1883 = FACE_BOUND('',#1884,.F.);
#1884 = EDGE_LOOP('',(#1885,#1886,#1887,#1888));
#1885 = ORIENTED_EDGE('',*,*,#1797,.F.);
#1886 = ORIENTED_EDGE('',*,*,#729,.F.);
#1887 = ORIENTED_EDGE('',*,*,#822,.T.);
#1888 = ORIENTED_EDGE('',*,*,#1889,.T.);
#1889 = EDGE_CURVE('',#813,#1789,#1890,.T.);
#1890 = LINE('',#1891,#1892);
#1891 = CARTESIAN_POINT('',(50.679101513298,-21.3383860248,0.));
#1892 = VECTOR('',#1893,1.);
#1893 = DIRECTION('',(0.,0.,1.));
#1894 = CYLINDRICAL_SURFACE('',#1895,1.);
#1895 = AXIS2_PLACEMENT_3D('',#1896,#1897,#1898);
#1896 = CARTESIAN_POINT('',(49.772793726261,-20.91576776306,0.));
#1897 = DIRECTION('',(0.,0.,1.));
#1898 = DIRECTION('',(0.767074174914,0.641558423045,0.));
#1899 = ADVANCED_FACE('',(#1900),#1920,.T.);
#1900 = FACE_BOUND('',#1901,.F.);
#1901 = EDGE_LOOP('',(#1902,#1903,#1904,#1905,#1913));
#1902 = ORIENTED_EDGE('',*,*,#1720,.F.);
#1903 = ORIENTED_EDGE('',*,*,#705,.F.);
#1904 = ORIENTED_EDGE('',*,*,#1771,.F.);
#1905 = ORIENTED_EDGE('',*,*,#1906,.T.);
#1906 = EDGE_CURVE('',#1772,#1907,#1909,.T.);
#1907 = VERTEX_POINT('',#1908);
#1908 = CARTESIAN_POINT('',(50.679101513298,-21.3383860248,29.));
#1909 = LINE('',#1910,#1911);
#1910 = CARTESIAN_POINT('',(50.679101513298,-21.3383860248,0.));
#1911 = VECTOR('',#1912,1.);
#1912 = DIRECTION('',(0.,0.,1.));
#1913 = ORIENTED_EDGE('',*,*,#1914,.F.);
#1914 = EDGE_CURVE('',#1713,#1907,#1915,.T.);
#1915 = ELLIPSE('',#1916,1.414213562373,1.);
#1916 = AXIS2_PLACEMENT_3D('',#1917,#1918,#1919);
#1917 = CARTESIAN_POINT('',(49.772793726261,-20.91576776306,30.));
#1918 = DIRECTION('',(-0.640856382056,0.29883623873,-0.707106781187));
#1919 = DIRECTION('',(-0.640856382056,0.29883623873,0.707106781187));
#1920 = CYLINDRICAL_SURFACE('',#1921,1.);
#1921 = AXIS2_PLACEMENT_3D('',#1922,#1923,#1924);
#1922 = CARTESIAN_POINT('',(49.772793726261,-20.91576776306,0.));
#1923 = DIRECTION('',(0.,0.,1.));
#1924 = DIRECTION('',(0.767074174914,0.641558423045,0.));
#1925 = ADVANCED_FACE('',(#1926),#1945,.T.);
#1926 = FACE_BOUND('',#1927,.T.);
#1927 = EDGE_LOOP('',(#1928,#1929,#1930,#1938));
#1928 = ORIENTED_EDGE('',*,*,#1030,.F.);
#1929 = ORIENTED_EDGE('',*,*,#777,.T.);
#1930 = ORIENTED_EDGE('',*,*,#1931,.T.);
#1931 = EDGE_CURVE('',#778,#1932,#1934,.T.);
#1932 = VERTEX_POINT('',#1933);
#1933 = CARTESIAN_POINT('',(77.941968951611,34.828728074616,-9.8));
#1934 = LINE('',#1935,#1936);
#1935 = CARTESIAN_POINT('',(78.941968951611,34.828728074616,-8.8));
#1936 = VECTOR('',#1937,1.);
#1937 = DIRECTION('',(-0.707106781187,-2.498001805407E-16,
    -0.707106781187));
#1938 = ORIENTED_EDGE('',*,*,#1939,.F.);
#1939 = EDGE_CURVE('',#1031,#1932,#1940,.T.);
#1940 = CIRCLE('',#1941,29.302061899659);
#1941 = AXIS2_PLACEMENT_3D('',#1942,#1943,#1944);
#1942 = CARTESIAN_POINT('',(48.639907051952,34.828728074616,-9.8));
#1943 = DIRECTION('',(0.,0.,-1.));
#1944 = DIRECTION('',(-0.996194698092,8.715574274766E-02,0.));
#1945 = CONICAL_SURFACE('',#1946,30.302061899659,0.785398163397);
#1946 = AXIS2_PLACEMENT_3D('',#1947,#1948,#1949);
#1947 = CARTESIAN_POINT('',(48.639907051952,34.828728074616,-8.8));
#1948 = DIRECTION('',(0.,0.,1.));
#1949 = DIRECTION('',(-0.996194698092,8.715574274766E-02,0.));
#1950 = ADVANCED_FACE('',(#1951,#1971),#2006,.T.);
#1951 = FACE_BOUND('',#1952,.T.);
#1952 = EDGE_LOOP('',(#1953,#1954,#1960,#1961,#1967,#1968,#1969,#1970));
#1953 = ORIENTED_EDGE('',*,*,#1906,.T.);
#1954 = ORIENTED_EDGE('',*,*,#1955,.F.);
#1955 = EDGE_CURVE('',#1061,#1907,#1956,.T.);
#1956 = LINE('',#1957,#1958);
#1957 = CARTESIAN_POINT('',(27.,-72.11838309152,29.));
#1958 = VECTOR('',#1959,1.);
#1959 = DIRECTION('',(0.422618261741,0.906307787037,0.));
#1960 = ORIENTED_EDGE('',*,*,#1060,.F.);
#1961 = ORIENTED_EDGE('',*,*,#1962,.F.);
#1962 = EDGE_CURVE('',#948,#1053,#1963,.T.);
#1963 = LINE('',#1964,#1965);
#1964 = CARTESIAN_POINT('',(50.947862926374,-20.76202531449,-8.8));
#1965 = VECTOR('',#1966,1.);
#1966 = DIRECTION('',(-0.422618261741,-0.906307787037,0.));
#1967 = ORIENTED_EDGE('',*,*,#947,.F.);
#1968 = ORIENTED_EDGE('',*,*,#812,.T.);
#1969 = ORIENTED_EDGE('',*,*,#1889,.T.);
#1970 = ORIENTED_EDGE('',*,*,#1788,.F.);
#1971 = FACE_BOUND('',#1972,.T.);
#1972 = EDGE_LOOP('',(#1973,#1984,#1992,#2000));
#1973 = ORIENTED_EDGE('',*,*,#1974,.F.);
#1974 = EDGE_CURVE('',#1975,#1977,#1979,.T.);
#1975 = VERTEX_POINT('',#1976);
#1976 = CARTESIAN_POINT('',(33.350356327265,-58.5,19.330127018922));
#1977 = VERTEX_POINT('',#1978);
#1978 = CARTESIAN_POINT('',(35.68189461804,-53.5,19.330127018922));
#1979 = ELLIPSE('',#1980,5.516889594812,5.);
#1980 = AXIS2_PLACEMENT_3D('',#1981,#1982,#1983);
#1981 = CARTESIAN_POINT('',(34.516125472653,-56.,15.));
#1982 = DIRECTION('',(0.906307787037,-0.422618261741,0.));
#1983 = DIRECTION('',(0.422618261741,0.906307787037,0.));
#1984 = ORIENTED_EDGE('',*,*,#1985,.F.);
#1985 = EDGE_CURVE('',#1986,#1975,#1988,.T.);
#1986 = VERTEX_POINT('',#1987);
#1987 = CARTESIAN_POINT('',(34.052925381694,-56.99333580064,20.2));
#1988 = LINE('',#1989,#1990);
#1989 = CARTESIAN_POINT('',(34.171137252362,-56.7398296259,
    20.346361858224));
#1990 = VECTOR('',#1991,1.);
#1991 = DIRECTION('',(-0.374453581815,-0.803018297612,-0.46362283029));
#1992 = ORIENTED_EDGE('',*,*,#1993,.F.);
#1993 = EDGE_CURVE('',#1994,#1986,#1996,.T.);
#1994 = VERTEX_POINT('',#1995);
#1995 = CARTESIAN_POINT('',(34.979325563611,-55.00666419935,20.2));
#1996 = LINE('',#1997,#1998);
#1997 = CARTESIAN_POINT('',(35.704974143709,-53.45050579748,20.2));
#1998 = VECTOR('',#1999,1.);
#1999 = DIRECTION('',(-0.422618261741,-0.906307787037,0.));
#2000 = ORIENTED_EDGE('',*,*,#2001,.T.);
#2001 = EDGE_CURVE('',#1994,#1977,#2002,.T.);
#2002 = LINE('',#2003,#2004);
#2003 = CARTESIAN_POINT('',(37.026423395179,-50.6166487326,
    17.665423388521));
#2004 = VECTOR('',#2005,1.);
#2005 = DIRECTION('',(0.374453581815,0.803018297612,-0.46362283029));
#2006 = PLANE('',#2007);
#2007 = AXIS2_PLACEMENT_3D('',#2008,#2009,#2010);
#2008 = CARTESIAN_POINT('',(38.973931463187,-46.44020420301,10.1));
#2009 = DIRECTION('',(0.906307787037,-0.422618261741,0.));
#2010 = DIRECTION('',(0.422618261741,0.906307787037,0.));
#2011 = ADVANCED_FACE('',(#2012),#2030,.T.);
#2012 = FACE_BOUND('',#2013,.T.);
#2013 = EDGE_LOOP('',(#2014,#2015,#2016,#2024));
#2014 = ORIENTED_EDGE('',*,*,#1931,.F.);
#2015 = ORIENTED_EDGE('',*,*,#924,.T.);
#2016 = ORIENTED_EDGE('',*,*,#2017,.F.);
#2017 = EDGE_CURVE('',#2018,#925,#2020,.T.);
#2018 = VERTEX_POINT('',#2019);
#2019 = CARTESIAN_POINT('',(77.941968951611,3.727818726416,-9.8));
#2020 = LINE('',#2021,#2022);
#2021 = CARTESIAN_POINT('',(78.191968951611,3.727818726416,-9.55));
#2022 = VECTOR('',#2023,1.);
#2023 = DIRECTION('',(0.707106781187,-8.863472602537E-16,0.707106781187)
  );
#2024 = ORIENTED_EDGE('',*,*,#2025,.F.);
#2025 = EDGE_CURVE('',#1932,#2018,#2026,.T.);
#2026 = LINE('',#2027,#2028);
#2027 = CARTESIAN_POINT('',(77.941968951611,34.828728074616,-9.8));
#2028 = VECTOR('',#2029,1.);
#2029 = DIRECTION('',(0.,-1.,0.));
#2030 = PLANE('',#2031);
#2031 = AXIS2_PLACEMENT_3D('',#2032,#2033,#2034);
#2032 = CARTESIAN_POINT('',(78.441968951611,34.828728074616,-9.3));
#2033 = DIRECTION('',(0.707106781187,0.,-0.707106781187));
#2034 = DIRECTION('',(0.,-1.,0.));
#2035 = ADVANCED_FACE('',(#2036),#2061,.T.);
#2036 = FACE_BOUND('',#2037,.F.);
#2037 = EDGE_LOOP('',(#2038,#2046,#2054,#2060));
#2038 = ORIENTED_EDGE('',*,*,#2039,.F.);
#2039 = EDGE_CURVE('',#2040,#958,#2042,.T.);
#2040 = VERTEX_POINT('',#2041);
#2041 = CARTESIAN_POINT('',(77.533136898806,2.851075559848,-9.8));
#2042 = LINE('',#2043,#2044);
#2043 = CARTESIAN_POINT('',(77.628135756731,2.737860329624,
    -9.652208013201));
#2044 = VECTOR('',#2045,1.);
#2045 = DIRECTION('',(0.454519477672,-0.54167522042,0.707106781187));
#2046 = ORIENTED_EDGE('',*,*,#2047,.T.);
#2047 = EDGE_CURVE('',#2040,#2048,#2050,.T.);
#2048 = VERTEX_POINT('',#2049);
#2049 = CARTESIAN_POINT('',(50.1352473523,-20.13848345366,-9.8));
#2050 = LINE('',#2051,#2052);
#2051 = CARTESIAN_POINT('',(78.299181341925,3.493863169535,-9.8));
#2052 = VECTOR('',#2053,1.);
#2053 = DIRECTION('',(-0.766044443119,-0.642787609687,0.));
#2054 = ORIENTED_EDGE('',*,*,#2055,.T.);
#2055 = EDGE_CURVE('',#2048,#948,#2056,.T.);
#2056 = LINE('',#2057,#2058);
#2057 = CARTESIAN_POINT('',(52.157685157803,-21.69035456333,
    -7.311199797261));
#2058 = VECTOR('',#2059,1.);
#2059 = DIRECTION('',(0.567673240785,-0.435590998008,0.698575389024));
#2060 = ORIENTED_EDGE('',*,*,#965,.F.);
#2061 = PLANE('',#2062);
#2062 = AXIS2_PLACEMENT_3D('',#2063,#2064,#2065);
#2063 = CARTESIAN_POINT('',(78.620575146768,3.110840947975,-9.3));
#2064 = DIRECTION('',(0.454519477672,-0.54167522042,-0.707106781187));
#2065 = DIRECTION('',(0.766044443119,0.642787609687,3.330669073875E-16)
  );
#2066 = ADVANCED_FACE('',(#2067),#2078,.F.);
#2067 = FACE_BOUND('',#2068,.F.);
#2068 = EDGE_LOOP('',(#2069,#2070,#2076,#2077));
#2069 = ORIENTED_EDGE('',*,*,#2017,.F.);
#2070 = ORIENTED_EDGE('',*,*,#2071,.T.);
#2071 = EDGE_CURVE('',#2018,#2040,#2072,.T.);
#2072 = LINE('',#2073,#2074);
#2073 = CARTESIAN_POINT('',(73.602221653851,-5.578799386894,-9.8));
#2074 = VECTOR('',#2075,1.);
#2075 = DIRECTION('',(-0.422618261741,-0.906307787037,0.));
#2076 = ORIENTED_EDGE('',*,*,#2039,.T.);
#2077 = ORIENTED_EDGE('',*,*,#980,.F.);
#2078 = PLANE('',#2079);
#2079 = AXIS2_PLACEMENT_3D('',#2080,#2081,#2082);
#2080 = CARTESIAN_POINT('',(77.941968951611,3.727818726416,-9.8));
#2081 = DIRECTION('',(-0.671542934238,0.313145613015,0.671542934238));
#2082 = DIRECTION('',(-0.422618261741,-0.906307787037,1.998401444325E-15
    ));
#2083 = ADVANCED_FACE('',(#2084,#2087),#2098,.F.);
#2084 = FACE_BOUND('',#2085,.F.);
#2085 = EDGE_LOOP('',(#2086));
#2086 = ORIENTED_EDGE('',*,*,#1006,.T.);
#2087 = FACE_BOUND('',#2088,.F.);
#2088 = EDGE_LOOP('',(#2089));
#2089 = ORIENTED_EDGE('',*,*,#2090,.F.);
#2090 = EDGE_CURVE('',#2091,#2091,#2093,.T.);
#2091 = VERTEX_POINT('',#2092);
#2092 = CARTESIAN_POINT('',(59.689907051952,34.828728074616,-2.7));
#2093 = CIRCLE('',#2094,11.05);
#2094 = AXIS2_PLACEMENT_3D('',#2095,#2096,#2097);
#2095 = CARTESIAN_POINT('',(48.639907051952,34.828728074616,-2.7));
#2096 = DIRECTION('',(0.,0.,-1.));
#2097 = DIRECTION('',(1.,0.,0.));
#2098 = PLANE('',#2099);
#2099 = AXIS2_PLACEMENT_3D('',#2100,#2101,#2102);
#2100 = CARTESIAN_POINT('',(48.639907051952,34.828728074616,-2.7));
#2101 = DIRECTION('',(0.,0.,1.));
#2102 = DIRECTION('',(1.,0.,0.));
#2103 = ADVANCED_FACE('',(#2104,#2115),#2137,.F.);
#2104 = FACE_BOUND('',#2105,.F.);
#2105 = EDGE_LOOP('',(#2106));
#2106 = ORIENTED_EDGE('',*,*,#2107,.T.);
#2107 = EDGE_CURVE('',#2108,#2108,#2110,.T.);
#2108 = VERTEX_POINT('',#2109);
#2109 = CARTESIAN_POINT('',(60.689907051952,34.828728074616,-9.8));
#2110 = CIRCLE('',#2111,12.05);
#2111 = AXIS2_PLACEMENT_3D('',#2112,#2113,#2114);
#2112 = CARTESIAN_POINT('',(48.639907051952,34.828728074616,-9.8));
#2113 = DIRECTION('',(0.,0.,-1.));
#2114 = DIRECTION('',(1.,0.,0.));
#2115 = FACE_BOUND('',#2116,.F.);
#2116 = EDGE_LOOP('',(#2117,#2118,#2126,#2132,#2133,#2134,#2135,#2136));
#2117 = ORIENTED_EDGE('',*,*,#1165,.F.);
#2118 = ORIENTED_EDGE('',*,*,#2119,.F.);
#2119 = EDGE_CURVE('',#2120,#1156,#2122,.T.);
#2120 = VERTEX_POINT('',#2121);
#2121 = CARTESIAN_POINT('',(26.362929739192,-71.11838309152,-9.8));
#2122 = LINE('',#2123,#2124);
#2123 = CARTESIAN_POINT('',(27.,-71.11838309152,-9.8));
#2124 = VECTOR('',#2125,1.);
#2125 = DIRECTION('',(-1.,0.,0.));
#2126 = ORIENTED_EDGE('',*,*,#2127,.F.);
#2127 = EDGE_CURVE('',#2048,#2120,#2128,.T.);
#2128 = LINE('',#2129,#2130);
#2129 = CARTESIAN_POINT('',(50.041555139337,-20.33940705275,-9.8));
#2130 = VECTOR('',#2131,1.);
#2131 = DIRECTION('',(-0.422618261741,-0.906307787037,0.));
#2132 = ORIENTED_EDGE('',*,*,#2047,.F.);
#2133 = ORIENTED_EDGE('',*,*,#2071,.F.);
#2134 = ORIENTED_EDGE('',*,*,#2025,.F.);
#2135 = ORIENTED_EDGE('',*,*,#1939,.F.);
#2136 = ORIENTED_EDGE('',*,*,#1038,.F.);
#2137 = PLANE('',#2138);
#2138 = AXIS2_PLACEMENT_3D('',#2139,#2140,#2141);
#2139 = CARTESIAN_POINT('',(40.106891823299,-1.289946087193,-9.8));
#2140 = DIRECTION('',(0.,0.,1.));
#2141 = DIRECTION('',(1.,0.,0.));
#2142 = ADVANCED_FACE('',(#2143),#2154,.F.);
#2143 = FACE_BOUND('',#2144,.F.);
#2144 = EDGE_LOOP('',(#2145,#2151,#2152,#2153));
#2145 = ORIENTED_EDGE('',*,*,#2146,.F.);
#2146 = EDGE_CURVE('',#2120,#1053,#2147,.T.);
#2147 = LINE('',#2148,#2149);
#2148 = CARTESIAN_POINT('',(21.955583536266,-64.20023532342,
    -16.71814776809));
#2149 = VECTOR('',#2150,1.);
#2150 = DIRECTION('',(0.41072608941,-0.644710818692,0.644710818692));
#2151 = ORIENTED_EDGE('',*,*,#2119,.T.);
#2152 = ORIENTED_EDGE('',*,*,#1155,.F.);
#2153 = ORIENTED_EDGE('',*,*,#1052,.F.);
#2154 = PLANE('',#2155);
#2155 = AXIS2_PLACEMENT_3D('',#2156,#2157,#2158);
#2156 = CARTESIAN_POINT('',(27.,-71.61838309152,-9.3));
#2157 = DIRECTION('',(0.,0.707106781187,0.707106781187));
#2158 = DIRECTION('',(-1.,0.,0.));
#2159 = ADVANCED_FACE('',(#2160),#2180,.F.);
#2160 = FACE_BOUND('',#2161,.F.);
#2161 = EDGE_LOOP('',(#2162,#2163,#2164,#2165,#2166,#2172,#2173,#2174));
#2162 = ORIENTED_EDGE('',*,*,#1108,.F.);
#2163 = ORIENTED_EDGE('',*,*,#1196,.F.);
#2164 = ORIENTED_EDGE('',*,*,#1591,.T.);
#2165 = ORIENTED_EDGE('',*,*,#1666,.F.);
#2166 = ORIENTED_EDGE('',*,*,#2167,.F.);
#2167 = EDGE_CURVE('',#1069,#1667,#2168,.T.);
#2168 = LINE('',#2169,#2170);
#2169 = CARTESIAN_POINT('',(22.,-63.47967908008,37.63870401144));
#2170 = VECTOR('',#2171,1.);
#2171 = DIRECTION('',(0.,0.707106781187,0.707106781187));
#2172 = ORIENTED_EDGE('',*,*,#1076,.F.);
#2173 = ORIENTED_EDGE('',*,*,#1140,.F.);
#2174 = ORIENTED_EDGE('',*,*,#2175,.F.);
#2175 = EDGE_CURVE('',#1109,#1133,#2176,.T.);
#2176 = LINE('',#2177,#2178);
#2177 = CARTESIAN_POINT('',(22.,-22.208751,20.2));
#2178 = VECTOR('',#2179,1.);
#2179 = DIRECTION('',(0.,-1.,0.));
#2180 = PLANE('',#2181);
#2181 = AXIS2_PLACEMENT_3D('',#2182,#2183,#2184);
#2182 = CARTESIAN_POINT('',(22.,-47.16356704576,37.6));
#2183 = DIRECTION('',(1.,0.,0.));
#2184 = DIRECTION('',(0.,0.,1.));
#2185 = ADVANCED_FACE('',(#2186),#2197,.T.);
#2186 = FACE_BOUND('',#2187,.T.);
#2187 = EDGE_LOOP('',(#2188,#2189,#2190,#2196));
#2188 = ORIENTED_EDGE('',*,*,#2167,.F.);
#2189 = ORIENTED_EDGE('',*,*,#1068,.T.);
#2190 = ORIENTED_EDGE('',*,*,#2191,.T.);
#2191 = EDGE_CURVE('',#1061,#1675,#2192,.T.);
#2192 = LINE('',#2193,#2194);
#2193 = CARTESIAN_POINT('',(25.723024923507,-70.11393373161,
    31.004449359909));
#2194 = VECTOR('',#2195,1.);
#2195 = DIRECTION('',(-0.41072608941,0.644710818692,0.644710818692));
#2196 = ORIENTED_EDGE('',*,*,#1674,.F.);
#2197 = PLANE('',#2198);
#2198 = AXIS2_PLACEMENT_3D('',#2199,#2200,#2201);
#2199 = CARTESIAN_POINT('',(15.,-71.61838309152,29.5));
#2200 = DIRECTION('',(0.,-0.707106781187,0.707106781187));
#2201 = DIRECTION('',(1.,0.,0.));
#2202 = ADVANCED_FACE('',(#2203),#2227,.T.);
#2203 = FACE_BOUND('',#2204,.T.);
#2204 = EDGE_LOOP('',(#2205,#2211,#2212,#2220,#2226));
#2205 = ORIENTED_EDGE('',*,*,#2206,.T.);
#2206 = EDGE_CURVE('',#1133,#1986,#2207,.T.);
#2207 = LINE('',#2208,#2209);
#2208 = CARTESIAN_POINT('',(25.,-56.99333580064,20.2));
#2209 = VECTOR('',#2210,1.);
#2210 = DIRECTION('',(1.,0.,0.));
#2211 = ORIENTED_EDGE('',*,*,#1985,.T.);
#2212 = ORIENTED_EDGE('',*,*,#2213,.F.);
#2213 = EDGE_CURVE('',#2214,#1975,#2216,.T.);
#2214 = VERTEX_POINT('',#2215);
#2215 = CARTESIAN_POINT('',(19.6,-58.5,19.330127018922));
#2216 = LINE('',#2217,#2218);
#2217 = CARTESIAN_POINT('',(25.,-58.5,19.330127018922));
#2218 = VECTOR('',#2219,1.);
#2219 = DIRECTION('',(1.,0.,0.));
#2220 = ORIENTED_EDGE('',*,*,#2221,.T.);
#2221 = EDGE_CURVE('',#2214,#1125,#2222,.T.);
#2222 = LINE('',#2223,#2224);
#2223 = CARTESIAN_POINT('',(19.6,-58.5,19.330127018922));
#2224 = VECTOR('',#2225,1.);
#2225 = DIRECTION('',(0.,0.866025403784,0.5));
#2226 = ORIENTED_EDGE('',*,*,#1132,.F.);
#2227 = PLANE('',#2228);
#2228 = AXIS2_PLACEMENT_3D('',#2229,#2230,#2231);
#2229 = CARTESIAN_POINT('',(26.684946784907,-57.73003434241,
    19.774666898598));
#2230 = DIRECTION('',(2.041391197019E-16,0.5,-0.866025403784));
#2231 = DIRECTION('',(0.,-0.866025403784,-0.5));
#2232 = ADVANCED_FACE('',(#2233,#2261),#2268,.T.);
#2233 = FACE_BOUND('',#2234,.T.);
#2234 = EDGE_LOOP('',(#2235,#2236,#2245,#2254,#2260));
#2235 = ORIENTED_EDGE('',*,*,#2221,.F.);
#2236 = ORIENTED_EDGE('',*,*,#2237,.T.);
#2237 = EDGE_CURVE('',#2214,#2238,#2240,.T.);
#2238 = VERTEX_POINT('',#2239);
#2239 = CARTESIAN_POINT('',(19.6,-56.,10.));
#2240 = CIRCLE('',#2241,5.);
#2241 = AXIS2_PLACEMENT_3D('',#2242,#2243,#2244);
#2242 = CARTESIAN_POINT('',(19.6,-56.,15.));
#2243 = DIRECTION('',(1.,-0.,0.));
#2244 = DIRECTION('',(0.,0.,-1.));
#2245 = ORIENTED_EDGE('',*,*,#2246,.T.);
#2246 = EDGE_CURVE('',#2238,#2247,#2249,.T.);
#2247 = VERTEX_POINT('',#2248);
#2248 = CARTESIAN_POINT('',(19.6,-53.5,19.330127018922));
#2249 = CIRCLE('',#2250,5.);
#2250 = AXIS2_PLACEMENT_3D('',#2251,#2252,#2253);
#2251 = CARTESIAN_POINT('',(19.6,-56.,15.));
#2252 = DIRECTION('',(1.,-0.,0.));
#2253 = DIRECTION('',(0.,0.,-1.));
#2254 = ORIENTED_EDGE('',*,*,#2255,.T.);
#2255 = EDGE_CURVE('',#2247,#1117,#2256,.T.);
#2256 = LINE('',#2257,#2258);
#2257 = CARTESIAN_POINT('',(19.6,-53.5,19.330127018922));
#2258 = VECTOR('',#2259,1.);
#2259 = DIRECTION('',(0.,-0.866025403784,0.5));
#2260 = ORIENTED_EDGE('',*,*,#1124,.F.);
#2261 = FACE_BOUND('',#2262,.T.);
#2262 = EDGE_LOOP('',(#2263,#2264,#2265,#2266,#2267));
#2263 = ORIENTED_EDGE('',*,*,#1442,.F.);
#2264 = ORIENTED_EDGE('',*,*,#1469,.F.);
#2265 = ORIENTED_EDGE('',*,*,#1484,.T.);
#2266 = ORIENTED_EDGE('',*,*,#1508,.T.);
#2267 = ORIENTED_EDGE('',*,*,#1532,.F.);
#2268 = PLANE('',#2269);
#2269 = AXIS2_PLACEMENT_3D('',#2270,#2271,#2272);
#2270 = CARTESIAN_POINT('',(19.6,-56.,15.137980140874));
#2271 = DIRECTION('',(1.,0.,0.));
#2272 = DIRECTION('',(0.,0.,1.));
#2273 = ADVANCED_FACE('',(#2274),#2291,.T.);
#2274 = FACE_BOUND('',#2275,.T.);
#2275 = EDGE_LOOP('',(#2276,#2282,#2283,#2284,#2290));
#2276 = ORIENTED_EDGE('',*,*,#2277,.T.);
#2277 = EDGE_CURVE('',#1994,#1109,#2278,.T.);
#2278 = LINE('',#2279,#2280);
#2279 = CARTESIAN_POINT('',(25.,-55.00666419935,20.2));
#2280 = VECTOR('',#2281,1.);
#2281 = DIRECTION('',(-1.,-0.,-0.));
#2282 = ORIENTED_EDGE('',*,*,#1116,.T.);
#2283 = ORIENTED_EDGE('',*,*,#2255,.F.);
#2284 = ORIENTED_EDGE('',*,*,#2285,.F.);
#2285 = EDGE_CURVE('',#1977,#2247,#2286,.T.);
#2286 = LINE('',#2287,#2288);
#2287 = CARTESIAN_POINT('',(25.,-53.5,19.330127018922));
#2288 = VECTOR('',#2289,1.);
#2289 = DIRECTION('',(-1.,-0.,-0.));
#2290 = ORIENTED_EDGE('',*,*,#2001,.F.);
#2291 = PLANE('',#2292);
#2292 = AXIS2_PLACEMENT_3D('',#2293,#2294,#2295);
#2293 = CARTESIAN_POINT('',(27.49943140308,-54.23824345074,
    19.756352073938));
#2294 = DIRECTION('',(1.234399973662E-16,-0.5,-0.866025403784));
#2295 = DIRECTION('',(0.,-0.866025403784,0.5));
#2296 = ADVANCED_FACE('',(#2297,#2341),#2348,.T.);
#2297 = FACE_BOUND('',#2298,.T.);
#2298 = EDGE_LOOP('',(#2299,#2310,#2318,#2326,#2334));
#2299 = ORIENTED_EDGE('',*,*,#2300,.T.);
#2300 = EDGE_CURVE('',#2301,#2303,#2305,.T.);
#2301 = VERTEX_POINT('',#2302);
#2302 = CARTESIAN_POINT('',(19.6,-17.,34.));
#2303 = VERTEX_POINT('',#2304);
#2304 = CARTESIAN_POINT('',(19.6,-14.49999999999,43.33012701892));
#2305 = CIRCLE('',#2306,5.);
#2306 = AXIS2_PLACEMENT_3D('',#2307,#2308,#2309);
#2307 = CARTESIAN_POINT('',(19.6,-17.,39.));
#2308 = DIRECTION('',(1.,-0.,0.));
#2309 = DIRECTION('',(0.,0.,-1.));
#2310 = ORIENTED_EDGE('',*,*,#2311,.T.);
#2311 = EDGE_CURVE('',#2303,#2312,#2314,.T.);
#2312 = VERTEX_POINT('',#2313);
#2313 = CARTESIAN_POINT('',(19.6,-16.00666419935,44.199999999999));
#2314 = LINE('',#2315,#2316);
#2315 = CARTESIAN_POINT('',(19.6,-14.49999999999,43.33012701892));
#2316 = VECTOR('',#2317,1.);
#2317 = DIRECTION('',(0.,-0.866025403784,0.500000000001));
#2318 = ORIENTED_EDGE('',*,*,#2319,.F.);
#2319 = EDGE_CURVE('',#2320,#2312,#2322,.T.);
#2320 = VERTEX_POINT('',#2321);
#2321 = CARTESIAN_POINT('',(19.6,-17.99333580063,44.200000000001));
#2322 = LINE('',#2323,#2324);
#2323 = CARTESIAN_POINT('',(19.6,-17.99333580063,44.200000000001));
#2324 = VECTOR('',#2325,1.);
#2325 = DIRECTION('',(0.,1.,-7.153097022185E-13));
#2326 = ORIENTED_EDGE('',*,*,#2327,.F.);
#2327 = EDGE_CURVE('',#2328,#2320,#2330,.T.);
#2328 = VERTEX_POINT('',#2329);
#2329 = CARTESIAN_POINT('',(19.6,-19.49999999999,43.330127018925));
#2330 = LINE('',#2331,#2332);
#2331 = CARTESIAN_POINT('',(19.6,-19.49999999999,43.330127018925));
#2332 = VECTOR('',#2333,1.);
#2333 = DIRECTION('',(0.,0.866025403785,0.499999999999));
#2334 = ORIENTED_EDGE('',*,*,#2335,.T.);
#2335 = EDGE_CURVE('',#2328,#2301,#2336,.T.);
#2336 = CIRCLE('',#2337,5.);
#2337 = AXIS2_PLACEMENT_3D('',#2338,#2339,#2340);
#2338 = CARTESIAN_POINT('',(19.6,-17.,39.));
#2339 = DIRECTION('',(1.,-0.,0.));
#2340 = DIRECTION('',(0.,0.,-1.));
#2341 = FACE_BOUND('',#2342,.T.);
#2342 = EDGE_LOOP('',(#2343,#2344,#2345,#2346,#2347));
#2343 = ORIENTED_EDGE('',*,*,#1228,.F.);
#2344 = ORIENTED_EDGE('',*,*,#1255,.F.);
#2345 = ORIENTED_EDGE('',*,*,#1270,.T.);
#2346 = ORIENTED_EDGE('',*,*,#1294,.T.);
#2347 = ORIENTED_EDGE('',*,*,#1318,.F.);
#2348 = PLANE('',#2349);
#2349 = AXIS2_PLACEMENT_3D('',#2350,#2351,#2352);
#2350 = CARTESIAN_POINT('',(19.6,-17.,39.137980140874));
#2351 = DIRECTION('',(1.,0.,0.));
#2352 = DIRECTION('',(0.,0.,1.));
#2353 = ADVANCED_FACE('',(#2354,#2361),#2368,.T.);
#2354 = FACE_BOUND('',#2355,.T.);
#2355 = EDGE_LOOP('',(#2356,#2357,#2358,#2359,#2360));
#2356 = ORIENTED_EDGE('',*,*,#1746,.T.);
#2357 = ORIENTED_EDGE('',*,*,#1870,.T.);
#2358 = ORIENTED_EDGE('',*,*,#1847,.F.);
#2359 = ORIENTED_EDGE('',*,*,#1823,.F.);
#2360 = ORIENTED_EDGE('',*,*,#1755,.T.);
#2361 = FACE_BOUND('',#2362,.T.);
#2362 = EDGE_LOOP('',(#2363,#2364,#2365,#2366,#2367));
#2363 = ORIENTED_EDGE('',*,*,#1353,.F.);
#2364 = ORIENTED_EDGE('',*,*,#1344,.F.);
#2365 = ORIENTED_EDGE('',*,*,#1377,.T.);
#2366 = ORIENTED_EDGE('',*,*,#1401,.T.);
#2367 = ORIENTED_EDGE('',*,*,#1425,.F.);
#2368 = PLANE('',#2369);
#2369 = AXIS2_PLACEMENT_3D('',#2370,#2371,#2372);
#2370 = CARTESIAN_POINT('',(19.6,-17.,15.137980140874));
#2371 = DIRECTION('',(1.,0.,0.));
#2372 = DIRECTION('',(0.,0.,1.));
#2373 = ADVANCED_FACE('',(#2374),#2380,.F.);
#2374 = FACE_BOUND('',#2375,.T.);
#2375 = EDGE_LOOP('',(#2376,#2377,#2378,#2379));
#2376 = ORIENTED_EDGE('',*,*,#1551,.F.);
#2377 = ORIENTED_EDGE('',*,*,#1575,.T.);
#2378 = ORIENTED_EDGE('',*,*,#1698,.T.);
#2379 = ORIENTED_EDGE('',*,*,#1616,.F.);
#2380 = PLANE('',#2381);
#2381 = AXIS2_PLACEMENT_3D('',#2382,#2383,#2384);
#2382 = CARTESIAN_POINT('',(25.5,-21.8464466094,54.646446609407));
#2383 = DIRECTION('',(-0.707106781187,0.5,-0.5));
#2384 = DIRECTION('',(0.,0.707106781187,0.707106781187));
#2385 = ADVANCED_FACE('',(#2386),#2403,.F.);
#2386 = FACE_BOUND('',#2387,.T.);
#2387 = EDGE_LOOP('',(#2388,#2394,#2395,#2396,#2402));
#2388 = ORIENTED_EDGE('',*,*,#2389,.T.);
#2389 = EDGE_CURVE('',#1627,#2303,#2390,.T.);
#2390 = LINE('',#2391,#2392);
#2391 = CARTESIAN_POINT('',(25.,-14.49999999999,43.33012701892));
#2392 = VECTOR('',#2393,1.);
#2393 = DIRECTION('',(-1.,-0.,-0.));
#2394 = ORIENTED_EDGE('',*,*,#2300,.F.);
#2395 = ORIENTED_EDGE('',*,*,#2335,.F.);
#2396 = ORIENTED_EDGE('',*,*,#2397,.T.);
#2397 = EDGE_CURVE('',#2328,#1625,#2398,.T.);
#2398 = LINE('',#2399,#2400);
#2399 = CARTESIAN_POINT('',(25.,-19.5,43.33012701892));
#2400 = VECTOR('',#2401,1.);
#2401 = DIRECTION('',(1.,0.,0.));
#2402 = ORIENTED_EDGE('',*,*,#1624,.T.);
#2403 = CYLINDRICAL_SURFACE('',#2404,5.);
#2404 = AXIS2_PLACEMENT_3D('',#2405,#2406,#2407);
#2405 = CARTESIAN_POINT('',(25.,-17.,39.));
#2406 = DIRECTION('',(1.,0.,0.));
#2407 = DIRECTION('',(0.,0.,1.));
#2408 = ADVANCED_FACE('',(#2409),#2420,.T.);
#2409 = FACE_BOUND('',#2410,.T.);
#2410 = EDGE_LOOP('',(#2411,#2417,#2418,#2419));
#2411 = ORIENTED_EDGE('',*,*,#2412,.F.);
#2412 = EDGE_CURVE('',#2312,#1644,#2413,.T.);
#2413 = LINE('',#2414,#2415);
#2414 = CARTESIAN_POINT('',(25.,-16.00666419935,44.2));
#2415 = VECTOR('',#2416,1.);
#2416 = DIRECTION('',(1.,0.,0.));
#2417 = ORIENTED_EDGE('',*,*,#2311,.F.);
#2418 = ORIENTED_EDGE('',*,*,#2389,.F.);
#2419 = ORIENTED_EDGE('',*,*,#1651,.F.);
#2420 = PLANE('',#2421);
#2421 = AXIS2_PLACEMENT_3D('',#2422,#2423,#2424);
#2422 = CARTESIAN_POINT('',(22.799999999998,-15.25333209967,
    43.76506350946));
#2423 = DIRECTION('',(6.980934489894E-14,-0.500000000001,-0.866025403784
    ));
#2424 = DIRECTION('',(0.,-0.866025403784,0.500000000001));
#2425 = ADVANCED_FACE('',(#2426),#2437,.T.);
#2426 = FACE_BOUND('',#2427,.T.);
#2427 = EDGE_LOOP('',(#2428,#2429,#2430,#2436));
#2428 = ORIENTED_EDGE('',*,*,#2412,.T.);
#2429 = ORIENTED_EDGE('',*,*,#1643,.T.);
#2430 = ORIENTED_EDGE('',*,*,#2431,.F.);
#2431 = EDGE_CURVE('',#2320,#1636,#2432,.T.);
#2432 = LINE('',#2433,#2434);
#2433 = CARTESIAN_POINT('',(25.,-17.99333580064,44.2));
#2434 = VECTOR('',#2435,1.);
#2435 = DIRECTION('',(1.,0.,0.));
#2436 = ORIENTED_EDGE('',*,*,#2319,.T.);
#2437 = PLANE('',#2438);
#2438 = AXIS2_PLACEMENT_3D('',#2439,#2440,#2441);
#2439 = CARTESIAN_POINT('',(22.800000000002,-16.99999999999,44.2));
#2440 = DIRECTION('',(1.217807260461E-15,-5.452956005845E-13,-1.));
#2441 = DIRECTION('',(0.,-1.,5.452956005845E-13));
#2442 = ADVANCED_FACE('',(#2443),#2449,.T.);
#2443 = FACE_BOUND('',#2444,.T.);
#2444 = EDGE_LOOP('',(#2445,#2446,#2447,#2448));
#2445 = ORIENTED_EDGE('',*,*,#2431,.T.);
#2446 = ORIENTED_EDGE('',*,*,#1635,.T.);
#2447 = ORIENTED_EDGE('',*,*,#2397,.F.);
#2448 = ORIENTED_EDGE('',*,*,#2327,.T.);
#2449 = PLANE('',#2450);
#2450 = AXIS2_PLACEMENT_3D('',#2451,#2452,#2453);
#2451 = CARTESIAN_POINT('',(22.8,-18.74666790031,43.765063509462));
#2452 = DIRECTION('',(1.587146245166E-13,0.5,-0.866025403785));
#2453 = DIRECTION('',(0.,-0.866025403785,-0.5));
#2454 = ADVANCED_FACE('',(#2455),#2462,.T.);
#2455 = FACE_BOUND('',#2456,.T.);
#2456 = EDGE_LOOP('',(#2457,#2458,#2459,#2460,#2461));
#2457 = ORIENTED_EDGE('',*,*,#1955,.T.);
#2458 = ORIENTED_EDGE('',*,*,#1914,.F.);
#2459 = ORIENTED_EDGE('',*,*,#1712,.T.);
#2460 = ORIENTED_EDGE('',*,*,#1682,.F.);
#2461 = ORIENTED_EDGE('',*,*,#2191,.F.);
#2462 = PLANE('',#2463);
#2463 = AXIS2_PLACEMENT_3D('',#2464,#2465,#2466);
#2464 = CARTESIAN_POINT('',(26.546846106482,-71.90707396065,29.5));
#2465 = DIRECTION('',(0.640856382056,-0.29883623873,0.707106781187));
#2466 = DIRECTION('',(0.422618261741,0.906307787037,-2.775557561563E-17)
  );
#2467 = ADVANCED_FACE('',(#2468),#2474,.F.);
#2468 = FACE_BOUND('',#2469,.F.);
#2469 = EDGE_LOOP('',(#2470,#2471,#2472,#2473));
#2470 = ORIENTED_EDGE('',*,*,#2055,.F.);
#2471 = ORIENTED_EDGE('',*,*,#2127,.T.);
#2472 = ORIENTED_EDGE('',*,*,#2146,.T.);
#2473 = ORIENTED_EDGE('',*,*,#1962,.F.);
#2474 = PLANE('',#2475);
#2475 = AXIS2_PLACEMENT_3D('',#2476,#2477,#2478);
#2476 = CARTESIAN_POINT('',(50.494709032855,-20.55071618362,-9.3));
#2477 = DIRECTION('',(-0.640856382056,0.29883623873,0.707106781187));
#2478 = DIRECTION('',(-0.422618261741,-0.906307787037,
    -2.775557561563E-17));
#2479 = ADVANCED_FACE('',(#2480),#2487,.F.);
#2480 = FACE_BOUND('',#2481,.T.);
#2481 = EDGE_LOOP('',(#2482,#2483,#2484,#2485,#2486));
#2482 = ORIENTED_EDGE('',*,*,#2285,.T.);
#2483 = ORIENTED_EDGE('',*,*,#2246,.F.);
#2484 = ORIENTED_EDGE('',*,*,#2237,.F.);
#2485 = ORIENTED_EDGE('',*,*,#2213,.T.);
#2486 = ORIENTED_EDGE('',*,*,#1974,.T.);
#2487 = CYLINDRICAL_SURFACE('',#2488,5.);
#2488 = AXIS2_PLACEMENT_3D('',#2489,#2490,#2491);
#2489 = CARTESIAN_POINT('',(25.,-56.,15.));
#2490 = DIRECTION('',(1.,0.,0.));
#2491 = DIRECTION('',(0.,0.,1.));
#2492 = ADVANCED_FACE('',(#2493),#2499,.T.);
#2493 = FACE_BOUND('',#2494,.T.);
#2494 = EDGE_LOOP('',(#2495,#2496,#2497,#2498));
#2495 = ORIENTED_EDGE('',*,*,#1993,.T.);
#2496 = ORIENTED_EDGE('',*,*,#2206,.F.);
#2497 = ORIENTED_EDGE('',*,*,#2175,.F.);
#2498 = ORIENTED_EDGE('',*,*,#2277,.F.);
#2499 = PLANE('',#2500);
#2500 = AXIS2_PLACEMENT_3D('',#2501,#2502,#2503);
#2501 = CARTESIAN_POINT('',(28.309407230277,-55.96849723239,20.2));
#2502 = DIRECTION('',(7.135156982987E-15,-4.143949103006E-16,-1.));
#2503 = DIRECTION('',(-1.,0.,-7.135156982987E-15));
#2504 = ADVANCED_FACE('',(#2505),#2524,.F.);
#2505 = FACE_BOUND('',#2506,.F.);
#2506 = EDGE_LOOP('',(#2507,#2515,#2516,#2517));
#2507 = ORIENTED_EDGE('',*,*,#2508,.T.);
#2508 = EDGE_CURVE('',#2509,#2091,#2511,.T.);
#2509 = VERTEX_POINT('',#2510);
#2510 = CARTESIAN_POINT('',(59.689907051952,34.828728074616,-8.8));
#2511 = LINE('',#2512,#2513);
#2512 = CARTESIAN_POINT('',(59.689907051952,34.828728074616,-9.8));
#2513 = VECTOR('',#2514,1.);
#2514 = DIRECTION('',(0.,0.,1.));
#2515 = ORIENTED_EDGE('',*,*,#2090,.T.);
#2516 = ORIENTED_EDGE('',*,*,#2508,.F.);
#2517 = ORIENTED_EDGE('',*,*,#2518,.F.);
#2518 = EDGE_CURVE('',#2509,#2509,#2519,.T.);
#2519 = CIRCLE('',#2520,11.05);
#2520 = AXIS2_PLACEMENT_3D('',#2521,#2522,#2523);
#2521 = CARTESIAN_POINT('',(48.639907051952,34.828728074616,-8.8));
#2522 = DIRECTION('',(0.,0.,-1.));
#2523 = DIRECTION('',(1.,0.,0.));
#2524 = CYLINDRICAL_SURFACE('',#2525,11.05);
#2525 = AXIS2_PLACEMENT_3D('',#2526,#2527,#2528);
#2526 = CARTESIAN_POINT('',(48.639907051952,34.828728074616,-9.8));
#2527 = DIRECTION('',(0.,0.,-1.));
#2528 = DIRECTION('',(1.,0.,0.));
#2529 = ADVANCED_FACE('',(#2530),#2541,.F.);
#2530 = FACE_BOUND('',#2531,.T.);
#2531 = EDGE_LOOP('',(#2532,#2538,#2539,#2540));
#2532 = ORIENTED_EDGE('',*,*,#2533,.F.);
#2533 = EDGE_CURVE('',#2108,#2509,#2534,.T.);
#2534 = LINE('',#2535,#2536);
#2535 = CARTESIAN_POINT('',(59.689907051952,34.828728074616,-8.8));
#2536 = VECTOR('',#2537,1.);
#2537 = DIRECTION('',(-0.707106781187,0.,0.707106781187));
#2538 = ORIENTED_EDGE('',*,*,#2107,.T.);
#2539 = ORIENTED_EDGE('',*,*,#2533,.T.);
#2540 = ORIENTED_EDGE('',*,*,#2518,.F.);
#2541 = CONICAL_SURFACE('',#2542,11.05,0.785398163397);
#2542 = AXIS2_PLACEMENT_3D('',#2543,#2544,#2545);
#2543 = CARTESIAN_POINT('',(48.639907051952,34.828728074616,-8.8));
#2544 = DIRECTION('',(-0.,-0.,-1.));
#2545 = DIRECTION('',(1.,0.,0.));
#2546 = ( GEOMETRIC_REPRESENTATION_CONTEXT(3) 
GLOBAL_UNCERTAINTY_ASSIGNED_CONTEXT((#2550)) 
GLOBAL_UNIT_ASSIGNED_CONTEXT((#2547,#2548,#2549)) REPRESENTATION_CONTEXT
('Context #1','3D Context with UNIT and UNCERTAINTY') );
#2547 = ( LENGTH_UNIT() NAMED_UNIT(*) SI_UNIT(.MILLI.,.METRE.) );
#2548 = ( NAMED_UNIT(*) PLANE_ANGLE_UNIT() SI_UNIT($,.RADIAN.) );
#2549 = ( NAMED_UNIT(*) SI_UNIT($,.STERADIAN.) SOLID_ANGLE_UNIT() );
#2550 = UNCERTAINTY_MEASURE_WITH_UNIT(LENGTH_MEASURE(1.E-07),#2547,
  'distance_accuracy_value','confusion accuracy');
#2551 = PRODUCT_RELATED_PRODUCT_CATEGORY('part',$,(#7));
#2552 = MECHANICAL_DESIGN_GEOMETRIC_PRESENTATION_REPRESENTATION('',(
    #2553),#2546);
#2553 = STYLED_ITEM('color',(#2554),#15);
#2554 = PRESENTATION_STYLE_ASSIGNMENT((#2555,#2561));
#2555 = SURFACE_STYLE_USAGE(.BOTH.,#2556);
#2556 = SURFACE_SIDE_STYLE('',(#2557));
#2557 = SURFACE_STYLE_FILL_AREA(#2558);
#2558 = FILL_AREA_STYLE('',(#2559));
#2559 = FILL_AREA_STYLE_COLOUR('',#2560);
#2560 = COLOUR_RGB('',0.447059003357,0.474510015008,0.501960993452);
#2561 = CURVE_STYLE('',#2562,POSITIVE_LENGTH_MEASURE(0.1),#2563);
#2562 = DRAUGHTING_PRE_DEFINED_CURVE_FONT('continuous');
#2563 = COLOUR_RGB('',9.803921802644E-02,9.803921802644E-02,
  9.803921802644E-02);
ENDSEC;
END-ISO-10303-21;
