ISO-10303-21;
HEADER;
FILE_DESCRIPTION(('FreeCAD Model'),'2;1');
FILE_NAME('Open CASCADE Shape Model','2025-12-05T22:36:29',(''),(''),
  'Open CASCADE STEP processor 7.8','FreeCAD','Unknown');
FILE_SCHEMA(('AUTOMOTIVE_DESIGN { 1 0 10303 214 1 1 1 1 }'));
ENDSEC;
DATA;
#1 = APPLICATION_PROTOCOL_DEFINITION('international standard',
  'automotive_design',2000,#2);
#2 = APPLICATION_CONTEXT(
  'core data for automotive mechanical design processes');
#3 = SHAPE_DEFINITION_REPRESENTATION(#4,#10);
#4 = PRODUCT_DEFINITION_SHAPE('','',#5);
#5 = PRODUCT_DEFINITION('design','',#6,#9);
#6 = PRODUCT_DEFINITION_FORMATION('','',#7);
#7 = PRODUCT('rapido_mount003','rapido_mount003','',(#8));
#8 = PRODUCT_CONTEXT('',#2,'mechanical');
#9 = PRODUCT_DEFINITION_CONTEXT('part definition',#2,'design');
#10 = SHAPE_REPRESENTATION('',(#11,#15,#19,#23),#27);
#11 = AXIS2_PLACEMENT_3D('',#12,#13,#14);
#12 = CARTESIAN_POINT('',(0.,0.,0.));
#13 = DIRECTION('',(0.,0.,1.));
#14 = DIRECTION('',(1.,0.,-0.));
#15 = AXIS2_PLACEMENT_3D('',#16,#17,#18);
#16 = CARTESIAN_POINT('',(-3.500128731E-07,-18.89525660855,-15.25));
#17 = DIRECTION('',(-5.3E-15,1.,1.521005543736E-14));
#18 = DIRECTION('',(1.,5.3E-15,1.97E-14));
#19 = AXIS2_PLACEMENT_3D('',#20,#21,#22);
#20 = CARTESIAN_POINT('',(-3.500128731E-07,-18.89525660855,-15.25));
#21 = DIRECTION('',(-5.3E-15,1.,1.521005543736E-14));
#22 = DIRECTION('',(1.,5.3E-15,1.97E-14));
#23 = AXIS2_PLACEMENT_3D('',#24,#25,#26);
#24 = CARTESIAN_POINT('',(-3.500128731E-07,-18.89525660855,-15.25));
#25 = DIRECTION('',(-5.3E-15,1.,1.521005543736E-14));
#26 = DIRECTION('',(1.,5.3E-15,1.97E-14));
#27 = ( GEOMETRIC_REPRESENTATION_CONTEXT(3) 
GLOBAL_UNCERTAINTY_ASSIGNED_CONTEXT((#31)) GLOBAL_UNIT_ASSIGNED_CONTEXT(
(#28,#29,#30)) REPRESENTATION_CONTEXT('Context #1',
  '3D Context with UNIT and UNCERTAINTY') );
#28 = ( LENGTH_UNIT() NAMED_UNIT(*) SI_UNIT(.MILLI.,.METRE.) );
#29 = ( NAMED_UNIT(*) PLANE_ANGLE_UNIT() SI_UNIT($,.RADIAN.) );
#30 = ( NAMED_UNIT(*) SI_UNIT($,.STERADIAN.) SOLID_ANGLE_UNIT() );
#31 = UNCERTAINTY_MEASURE_WITH_UNIT(LENGTH_MEASURE(1.E-03),#28,
  'distance_accuracy_value','confusion accuracy');
#32 = PRODUCT_RELATED_PRODUCT_CATEGORY('part',$,(#7));
#33 = SHAPE_DEFINITION_REPRESENTATION(#34,#40);
#34 = PRODUCT_DEFINITION_SHAPE('','',#35);
#35 = PRODUCT_DEFINITION('design','',#36,#39);
#36 = PRODUCT_DEFINITION_FORMATION('','',#37);
#37 = PRODUCT('rapido_mount','rapido_mount','',(#38));
#38 = PRODUCT_CONTEXT('',#2,'mechanical');
#39 = PRODUCT_DEFINITION_CONTEXT('part definition',#2,'design');
#40 = ADVANCED_BREP_SHAPE_REPRESENTATION('',(#11,#41),#7623);
#41 = MANIFOLD_SOLID_BREP('',#42);
#42 = CLOSED_SHELL('',(#43,#629,#677,#716,#756,#796,#836,#860,#924,#957,
    #990,#1015,#1055,#1079,#1107,#1140,#1180,#1227,#1266,#1306,#1346,
    #1397,#1437,#1467,#1485,#1509,#1566,#1585,#1778,#1916,#1948,#1966,
    #1998,#2064,#2202,#2221,#2264,#2296,#2329,#2372,#2396,#2425,#2442,
    #2474,#2488,#2506,#2523,#2547,#2579,#2596,#2629,#2662,#2729,#2784,
    #2815,#2839,#2871,#2896,#2928,#2968,#2992,#3032,#3063,#3111,#3169,
    #3201,#3226,#3251,#3288,#3322,#3354,#3381,#3416,#3433,#3450,#3467,
    #3484,#3576,#3665,#3757,#3868,#3945,#3988,#4029,#4065,#4149,#4194,
    #4237,#4271,#4315,#4346,#4378,#4403,#4443,#4468,#4512,#4537,#4562,
    #4587,#4625,#4655,#4680,#4730,#4804,#4848,#4874,#4928,#4975,#4995,
    #5012,#5029,#5054,#5079,#5104,#5129,#5157,#5213,#5258,#5313,#5341,
    #5400,#5445,#5500,#5528,#5587,#5632,#5687,#5715,#5771,#5816,#5882,
    #5911,#5980,#5992,#6032,#6059,#6091,#6132,#6186,#6213,#6266,#6291,
    #6341,#6383,#6408,#6442,#6469,#6502,#6551,#6613,#6663,#6699,#6719,
    #6744,#6778,#6812,#6854,#6920,#6952,#7024,#7058,#7092,#7114,#7131,
    #7148,#7165,#7186,#7208,#7230,#7247,#7278,#7339,#7363,#7383,#7400,
    #7417,#7435,#7453,#7472,#7490,#7507,#7524,#7541,#7559,#7573,#7591,
    #7609));
#43 = ADVANCED_FACE('',(#44),#488,.T.);
#44 = FACE_BOUND('',#45,.T.);
#45 = EDGE_LOOP('',(#46,#57,#72,#81,#94,#106,#119,#136,#145,#158,#167,
    #180,#199,#208,#221,#233,#246,#262,#271,#284,#293,#302,#315,#336,
    #367,#392,#413,#440,#469,#470,#479));
#46 = ORIENTED_EDGE('',*,*,#47,.F.);
#47 = EDGE_CURVE('',#48,#50,#52,.T.);
#48 = VERTEX_POINT('',#49);
#49 = CARTESIAN_POINT('',(-11.99999964998,7.33E-13,2.358E-12));
#50 = VERTEX_POINT('',#51);
#51 = CARTESIAN_POINT('',(-11.72978856353,6.89E-13,4.641643488224));
#52 = B_SPLINE_CURVE_WITH_KNOTS('',3,(#53,#54,#55,#56),.UNSPECIFIED.,.F.
  ,.F.,(4,4),(-0.99999665107,-0.753967785284),.PIECEWISE_BEZIER_KNOTS.);
#53 = CARTESIAN_POINT('',(-12.00108451266,3.32575E-12,6.3181671003E-05)
  );
#54 = CARTESIAN_POINT('',(-11.91097624075,3.30356E-12,1.547275416914));
#55 = CARTESIAN_POINT('',(-11.82086684646,3.28135E-12,3.094487652157));
#56 = CARTESIAN_POINT('',(-11.73075695198,3.25913E-12,4.641699887401));
#57 = ORIENTED_EDGE('',*,*,#58,.F.);
#58 = EDGE_CURVE('',#59,#48,#61,.T.);
#59 = VERTEX_POINT('',#60);
#60 = CARTESIAN_POINT('',(-4.000100114516,11.313679361579,1.829E-12));
#61 = B_SPLINE_CURVE_WITH_KNOTS('',3,(#62,#63,#64,#65,#66,#67,#68,#69,
    #70,#71),.UNSPECIFIED.,.F.,.F.,(4,1,2,1,2,4),(0.804086728908,
    0.80920799896,0.86841599792,0.889311689278,0.910207380637,1.),
  .UNSPECIFIED.);
#62 = CARTESIAN_POINT('',(-4.000115952558,11.313674771639,2.19733E-12));
#63 = CARTESIAN_POINT('',(-4.121468339053,11.270798726832,2.19745E-12));
#64 = CARTESIAN_POINT('',(-5.637058947842,10.707583736945,2.19944E-12));
#65 = CARTESIAN_POINT('',(-7.032462037171,9.836885877248,2.20743E-12));
#66 = CARTESIAN_POINT('',(-8.513657236515,8.473437966987,2.22359E-12));
#67 = CARTESIAN_POINT('',(-9.239743006944,7.711348018555,2.23315E-12));
#68 = CARTESIAN_POINT('',(-9.85960049217,6.860629061602,2.2448E-12));
#69 = CARTESIAN_POINT('',(-11.34902712994,4.511329551869,2.27815E-12));
#70 = CARTESIAN_POINT('',(-12.0010881923,2.255664775936,2.31421E-12));
#71 = CARTESIAN_POINT('',(-12.0010881923,3.32575E-12,2.35364E-12));
#72 = ORIENTED_EDGE('',*,*,#73,.T.);
#73 = EDGE_CURVE('',#59,#74,#76,.T.);
#74 = VERTEX_POINT('',#75);
#75 = CARTESIAN_POINT('',(-4.131121332763,11.246562065655,0.151020515474
    ));
#76 = B_SPLINE_CURVE_WITH_KNOTS('',3,(#77,#78,#79,#80),.UNSPECIFIED.,.F.
  ,.F.,(4,4),(-7.396940735623E-02,-5.287169245027E-02),
  .PIECEWISE_BEZIER_KNOTS.);
#77 = CARTESIAN_POINT('',(-4.000115952561,11.313674771639,2.1984E-12));
#78 = CARTESIAN_POINT('',(-4.043853606262,11.291437762042,
    5.037477306016E-02));
#79 = CARTESIAN_POINT('',(-4.08756013484,11.269062323311,0.100714553642)
  );
#80 = CARTESIAN_POINT('',(-4.13123643787,11.246552875942,0.151020515474)
  );
#81 = ORIENTED_EDGE('',*,*,#82,.T.);
#82 = EDGE_CURVE('',#74,#83,#85,.T.);
#83 = VERTEX_POINT('',#84);
#84 = CARTESIAN_POINT('',(-0.189039477139,10.762209340312,7.18));
#85 = B_SPLINE_CURVE_WITH_KNOTS('',3,(#86,#87,#88,#89,#90,#91,#92,#93),
  .UNSPECIFIED.,.F.,.F.,(4,2,2,4),(-1.025516049982,-0.637304726048,
    -0.347619790478,0.),.UNSPECIFIED.);
#86 = CARTESIAN_POINT('',(-4.131121332763,11.246562065655,0.151020515474
    ));
#87 = CARTESIAN_POINT('',(-3.054246841453,11.514607956904,1.086000892654
    ));
#88 = CARTESIAN_POINT('',(-2.046972752514,11.517604583195,2.008560386279
    ));
#89 = CARTESIAN_POINT('',(-0.873561832386,11.384412025059,3.484138686966
    ));
#90 = CARTESIAN_POINT('',(-0.597566960607,11.295369138319,4.028555991012
    ));
#91 = CARTESIAN_POINT('',(-0.233927690312,11.096446015324,5.243894290789
    ));
#92 = CARTESIAN_POINT('',(-0.157931412792,10.959058777366,6.038534322901
    ));
#93 = CARTESIAN_POINT('',(-0.189039477309,10.762209339234,7.180000006253
    ));
#94 = ORIENTED_EDGE('',*,*,#95,.T.);
#95 = EDGE_CURVE('',#83,#96,#98,.T.);
#96 = VERTEX_POINT('',#97);
#97 = CARTESIAN_POINT('',(0.211106115032,10.761980919612,7.18));
#98 = B_SPLINE_CURVE_WITH_KNOTS('',3,(#99,#100,#101,#102,#103,#104,#105)
  ,.UNSPECIFIED.,.F.,.F.,(4,3,4),(-14.0450349049,-13.91140503089,
    -13.7621760752),.UNSPECIFIED.);
#99 = CARTESIAN_POINT('',(-0.189057422444,10.762596387764,7.180000000242
    ));
#100 = CARTESIAN_POINT('',(-0.126051709031,10.763219806016,
    7.180000000242));
#101 = CARTESIAN_POINT('',(-6.304127051279E-02,10.763531972106,
    7.180000000242));
#102 = CARTESIAN_POINT('',(-3.091754590853E-05,10.763531942705,
    7.180000000242));
#103 = CARTESIAN_POINT('',(7.033485388401E-02,10.763531909874,
    7.180000000242));
#104 = CARTESIAN_POINT('',(0.140700518623,10.763142540016,7.180000000242
    ));
#105 = CARTESIAN_POINT('',(0.211059401582,10.762365143005,7.180000000242
    ));
#106 = ORIENTED_EDGE('',*,*,#107,.T.);
#107 = EDGE_CURVE('',#96,#108,#110,.T.);
#108 = VERTEX_POINT('',#109);
#109 = CARTESIAN_POINT('',(-3.695544411495,11.416783650211,-3.95E-13));
#110 = B_SPLINE_CURVE_WITH_KNOTS('',3,(#111,#112,#113,#114,#115,#116,
    #117,#118),.UNSPECIFIED.,.F.,.F.,(4,2,2,4),(-1.007797450996,
    -0.766391017516,-0.486154204757,0.),.UNSPECIFIED.);
#111 = CARTESIAN_POINT('',(0.211106115031,10.761980919612,7.180000000002
    ));
#112 = CARTESIAN_POINT('',(0.231908427443,10.895812113272,6.401347537223
    ));
#113 = CARTESIAN_POINT('',(0.20644866639,11.014550855847,5.715100715818)
  );
#114 = CARTESIAN_POINT('',(-2.521301237566E-02,11.244558873262,
    4.387866399504));
#115 = CARTESIAN_POINT('',(-0.258127801442,11.352016235689,
    3.782844645538));
#116 = CARTESIAN_POINT('',(-1.336661426634,11.589480664558,
    2.111450589826));
#117 = CARTESIAN_POINT('',(-2.489336536679,11.659040587446,
    1.054722624526));
#118 = CARTESIAN_POINT('',(-3.695544411492,11.416783650211,2.1988E-12));
#119 = ORIENTED_EDGE('',*,*,#120,.F.);
#120 = EDGE_CURVE('',#121,#108,#123,.T.);
#121 = VERTEX_POINT('',#122);
#122 = CARTESIAN_POINT('',(11.313661409768,3.999983837629,1.521E-12));
#123 = B_SPLINE_CURVE_WITH_KNOTS('',3,(#124,#125,#126,#127,#128,#129,
    #130,#131,#132,#133,#134,#135),.UNSPECIFIED.,.F.,.F.,(4,2,1,1,2,1,1,
    4),(0.554086723985,0.589792619363,0.595016542203,0.621136156401,
    0.63158400208,0.69079200104,0.75,0.799823493918),.UNSPECIFIED.);
#124 = CARTESIAN_POINT('',(11.31363606553,3.999975202937,2.40456E-12));
#125 = CARTESIAN_POINT('',(11.014395341289,4.845992868683,2.38822E-12));
#126 = CARTESIAN_POINT('',(10.620282291083,5.658493943949,2.37198E-12));
#127 = CARTESIAN_POINT('',(10.070191631967,6.527738527113,2.35393E-12));
#128 = CARTESIAN_POINT('',(9.638071082873,7.186521986943,2.34017E-12));
#129 = CARTESIAN_POINT('',(8.976162355194,8.006590289577,2.3224E-12));
#130 = CARTESIAN_POINT('',(8.320384200582,8.651198074846,2.30774E-12));
#131 = CARTESIAN_POINT('',(7.032468449422,9.83691233425,2.28033E-12));
#132 = CARTESIAN_POINT('',(4.463638045144,11.439930745964,2.23899E-12));
#133 = CARTESIAN_POINT('',(0.235819307748,12.236514510417,2.20315E-12));
#134 = CARTESIAN_POINT('',(-2.504213850304,11.801935613418,2.19655E-12)
  );
#135 = CARTESIAN_POINT('',(-3.695645617043,11.416666502202,2.19711E-12)
  );
#136 = ORIENTED_EDGE('',*,*,#137,.T.);
#137 = EDGE_CURVE('',#121,#138,#140,.T.);
#138 = VERTEX_POINT('',#139);
#139 = CARTESIAN_POINT('',(11.263786577665,4.131121332764,0.151020515474
    ));
#140 = B_SPLINE_CURVE_WITH_KNOTS('',3,(#141,#142,#143,#144),
  .UNSPECIFIED.,.F.,.F.,(4,4),(-7.224935823929E-02,-5.163460767488E-02),
  .PIECEWISE_BEZIER_KNOTS.);
#141 = CARTESIAN_POINT('',(11.313636065529,3.999975202939,2.40322E-12));
#142 = CARTESIAN_POINT('',(11.297131233178,4.043704367446,
    5.036815350236E-02));
#143 = CARTESIAN_POINT('',(11.280483462999,4.087408958935,0.100707804208
    ));
#144 = CARTESIAN_POINT('',(11.263697672936,4.131090420247,0.151020515474
    ));
#145 = ORIENTED_EDGE('',*,*,#146,.T.);
#146 = EDGE_CURVE('',#138,#147,#149,.T.);
#147 = VERTEX_POINT('',#148);
#148 = CARTESIAN_POINT('',(11.581095586446,0.189039477139,7.18));
#149 = B_SPLINE_CURVE_WITH_KNOTS('',3,(#150,#151,#152,#153,#154,#155,
    #156,#157),.UNSPECIFIED.,.F.,.F.,(4,2,2,4),(-0.941519596819,
    -0.584052430596,-0.32285304144,-1.71941705E-09),.UNSPECIFIED.);
#150 = CARTESIAN_POINT('',(11.263786577665,4.131121332764,0.151020515474
    ));
#151 = CARTESIAN_POINT('',(11.642290463277,3.043260191252,1.095539889475
    ));
#152 = CARTESIAN_POINT('',(11.748602531204,2.028928538639,2.025062962563
    ));
#153 = CARTESIAN_POINT('',(11.78097060133,0.865892575437,3.498449773685)
  );
#154 = CARTESIAN_POINT('',(11.754373829958,0.591098642809,4.040821132358
    ));
#155 = CARTESIAN_POINT('',(11.691782309272,0.222187643572,5.295087095216
    ));
#156 = CARTESIAN_POINT('',(11.643816626705,0.159771433678,6.106051230355
    ));
#157 = CARTESIAN_POINT('',(11.581095586446,0.189039477139,7.18));
#158 = ORIENTED_EDGE('',*,*,#159,.T.);
#159 = EDGE_CURVE('',#147,#160,#162,.T.);
#160 = VERTEX_POINT('',#161);
#161 = CARTESIAN_POINT('',(11.580867158499,-0.211106115031,7.18));
#162 = B_SPLINE_CURVE_WITH_KNOTS('',3,(#163,#164,#165,#166),
  .UNSPECIFIED.,.F.,.F.,(4,4),(-7.631043096433,-7.610840624593),
  .PIECEWISE_BEZIER_KNOTS.);
#163 = CARTESIAN_POINT('',(11.581095586446,0.189039477139,7.18));
#164 = CARTESIAN_POINT('',(11.582392010645,5.649156548323E-02,7.18));
#165 = CARTESIAN_POINT('',(11.582333373154,-7.687029400392E-02,7.18));
#166 = CARTESIAN_POINT('',(11.580867158499,-0.211106115031,7.18));
#167 = ORIENTED_EDGE('',*,*,#168,.T.);
#168 = EDGE_CURVE('',#160,#169,#171,.T.);
#169 = VERTEX_POINT('',#170);
#170 = CARTESIAN_POINT('',(11.41678411352,3.695544411495,3.E-15));
#171 = B_SPLINE_CURVE_WITH_KNOTS('',3,(#172,#173,#174,#175,#176,#177,
    #178,#179),.UNSPECIFIED.,.F.,.F.,(4,2,2,4),(-1.023497348155,
    -0.782613018724,-0.502138198593,0.),.UNSPECIFIED.);
#172 = CARTESIAN_POINT('',(11.580867158499,-0.211106115031,7.18));
#173 = CARTESIAN_POINT('',(11.625228868694,-0.231601916163,6.41282057723
    ));
#174 = CARTESIAN_POINT('',(11.66496096933,-0.207092234828,5.738563806394
    ));
#175 = CARTESIAN_POINT('',(11.742447222427,1.383584921873E-02,
    4.431184812411));
#176 = CARTESIAN_POINT('',(11.78056895916,0.236839034652,3.830958889947)
  );
#177 = CARTESIAN_POINT('',(11.831919422654,1.298803797964,2.144878354947
    ));
#178 = CARTESIAN_POINT('',(11.786171326027,2.466585724308,1.074616207577
    ));
#179 = CARTESIAN_POINT('',(11.416784113521,3.695544411492,2.4114E-12));
#180 = ORIENTED_EDGE('',*,*,#181,.F.);
#181 = EDGE_CURVE('',#182,#169,#184,.T.);
#182 = VERTEX_POINT('',#183);
#183 = CARTESIAN_POINT('',(3.999997863352,-11.31377839641,1.564E-12));
#184 = B_SPLINE_CURVE_WITH_KNOTS('',3,(#185,#186,#187,#188,#189,#190,
    #191,#192,#193,#194,#195,#196,#197,#198),.UNSPECIFIED.,.F.,.F.,(4,1,
    2,1,1,2,1,1,1,4),(0.304086719061,0.30920799896,0.36841599792,
    0.378863843599,0.404983457797,0.410207380637,0.455103690318,0.5,
    0.544896309682,0.549823489039),.UNSPECIFIED.);
#185 = CARTESIAN_POINT('',(3.999995726704,-11.31384817008,2.63436E-12));
#186 = CARTESIAN_POINT('',(4.121349116715,-11.27097217712,2.63424E-12));
#187 = CARTESIAN_POINT('',(5.63695593151,-10.70774921638,2.63225E-12));
#188 = CARTESIAN_POINT('',(7.032468449422,-9.836912334248,2.62426E-12));
#189 = CARTESIAN_POINT('',(8.320384200583,-8.651198074844,2.61021E-12));
#190 = CARTESIAN_POINT('',(8.976162355195,-8.006590289574,2.60234E-12));
#191 = CARTESIAN_POINT('',(9.638071082874,-7.186521986941,2.59143E-12));
#192 = CARTESIAN_POINT('',(10.070191631967,-6.527738527111,2.58216E-12)
  );
#193 = CARTESIAN_POINT('',(10.743800090125,-5.4633130661,2.56704E-12));
#194 = CARTESIAN_POINT('',(11.679392396099,-3.384965865349,2.53556E-12)
  );
#195 = CARTESIAN_POINT('',(12.160574457904,1.1527E-12,2.47888E-12));
#196 = CARTESIAN_POINT('',(11.822183853976,2.380472453933,2.43551E-12));
#197 = CARTESIAN_POINT('',(11.45489892996,3.57772826476,2.41268E-12));
#198 = CARTESIAN_POINT('',(11.416749857576,3.695536919585,2.41042E-12));
#199 = ORIENTED_EDGE('',*,*,#200,.T.);
#200 = EDGE_CURVE('',#182,#201,#203,.T.);
#201 = VERTEX_POINT('',#202);
#202 = CARTESIAN_POINT('',(4.131121332764,-11.24656232011,0.151020515475
    ));
#203 = B_SPLINE_CURVE_WITH_KNOTS('',3,(#204,#205,#206,#207),
  .UNSPECIFIED.,.F.,.F.,(4,4),(-7.396940657574E-02,-5.287169189205E-02),
  .PIECEWISE_BEZIER_KNOTS.);
#204 = CARTESIAN_POINT('',(3.999995726706,-11.31384817008,2.6333E-12));
#205 = CARTESIAN_POINT('',(4.043733538124,-11.29161119953,
    5.037477305923E-02));
#206 = CARTESIAN_POINT('',(4.08744031315,-11.2692357383,0.100714553641)
  );
#207 = CARTESIAN_POINT('',(4.131116960862,-11.24672620713,0.151020515475
    ));
#208 = ORIENTED_EDGE('',*,*,#209,.T.);
#209 = EDGE_CURVE('',#201,#210,#212,.T.);
#210 = VERTEX_POINT('',#211);
#211 = CARTESIAN_POINT('',(0.189039477139,-10.76220934715,7.180000000001
    ));
#212 = B_SPLINE_CURVE_WITH_KNOTS('',3,(#213,#214,#215,#216,#217,#218,
    #219,#220),.UNSPECIFIED.,.F.,.F.,(4,2,2,4),(-1.025516055379,
    -0.637304731742,-0.3476197932,0.),.UNSPECIFIED.);
#213 = CARTESIAN_POINT('',(4.131121332764,-11.24656232011,0.151020515475
    ));
#214 = CARTESIAN_POINT('',(3.054246841965,-11.51460812234,1.086000892211
    ));
#215 = CARTESIAN_POINT('',(2.046972763933,-11.51760468868,2.008560377115
    ));
#216 = CARTESIAN_POINT('',(0.873561844889,-11.38441206834,3.48413866737)
  );
#217 = CARTESIAN_POINT('',(0.597566968964,-11.29536916874,4.028555970459
    ));
#218 = CARTESIAN_POINT('',(0.233927691458,-11.096446027,5.243894278114)
  );
#219 = CARTESIAN_POINT('',(0.157931412547,-10.9590587853,6.038534313886)
  );
#220 = CARTESIAN_POINT('',(0.18903947731,-10.76220934607,7.180000006254)
  );
#221 = ORIENTED_EDGE('',*,*,#222,.T.);
#222 = EDGE_CURVE('',#210,#223,#225,.T.);
#223 = VERTEX_POINT('',#224);
#224 = CARTESIAN_POINT('',(-0.211106115031,-10.76198091196,
    7.180000000001));
#225 = B_SPLINE_CURVE_WITH_KNOTS('',3,(#226,#227,#228,#229,#230,#231,
    #232),.UNSPECIFIED.,.F.,.F.,(4,3,4),(-3.991623176649,-3.933754329983
    ,-3.869129797211),.UNSPECIFIED.);
#226 = CARTESIAN_POINT('',(0.188994391724,-10.76259621554,7.180000000001
    ));
#227 = CARTESIAN_POINT('',(0.125989236157,-10.76321969076,7.180000000001
    ));
#228 = CARTESIAN_POINT('',(6.297920208119E-02,-10.76353191334,
    7.180000000001));
#229 = CARTESIAN_POINT('',(-3.091754553563E-05,-10.76353194274,
    7.180000000001));
#230 = CARTESIAN_POINT('',(-7.039692231944E-02,-10.76353197557,
    7.180000000001));
#231 = CARTESIAN_POINT('',(-0.140763033785,-10.7631426688,7.180000000001
    ));
#232 = CARTESIAN_POINT('',(-0.211122552211,-10.76236533617,
    7.180000000001));
#233 = ORIENTED_EDGE('',*,*,#234,.T.);
#234 = EDGE_CURVE('',#223,#235,#237,.T.);
#235 = VERTEX_POINT('',#236);
#236 = CARTESIAN_POINT('',(3.695544411496,-11.4167838768,6.36E-13));
#237 = B_SPLINE_CURVE_WITH_KNOTS('',3,(#238,#239,#240,#241,#242,#243,
    #244,#245),.UNSPECIFIED.,.F.,.F.,(4,2,2,4),(-1.007797448181,
    -0.76639102095,-0.486154206841,0.),.UNSPECIFIED.);
#238 = CARTESIAN_POINT('',(-0.211106115031,-10.76198091196,
    7.180000000002));
#239 = CARTESIAN_POINT('',(-0.231908427041,-10.89581210178,
    6.401347552222));
#240 = CARTESIAN_POINT('',(-0.206448667223,-11.01455084169,
    5.715100747654));
#241 = CARTESIAN_POINT('',(2.521299977628E-02,-11.24455886707,
    4.387866440279));
#242 = CARTESIAN_POINT('',(0.258127783725,-11.35201624113,3.782844680797
    ));
#243 = CARTESIAN_POINT('',(1.336661405099,-11.58948073037,2.11145060967)
  );
#244 = CARTESIAN_POINT('',(2.489336520917,-11.65904072203,1.05472263831)
  );
#245 = CARTESIAN_POINT('',(3.695544411493,-11.4167838768,2.63387E-12));
#246 = ORIENTED_EDGE('',*,*,#247,.F.);
#247 = EDGE_CURVE('',#248,#235,#250,.T.);
#248 = VERTEX_POINT('',#249);
#249 = CARTESIAN_POINT('',(-11.31286631853,-3.999791236544,1.486E-12));
#250 = B_SPLINE_CURVE_WITH_KNOTS('',3,(#251,#252,#253,#254,#255,#256,
    #257,#258,#259,#260,#261),.UNSPECIFIED.,.F.,.F.,(4,2,1,2,1,1,4),(
    5.408672398471E-02,8.97926193633E-02,0.110688310722,0.13158400208,
    0.19079200104,0.25,0.299823484159),.UNSPECIFIED.);
#251 = CARTESIAN_POINT('',(-11.31228343157,-3.999646687841,2.42713E-12)
  );
#252 = CARTESIAN_POINT('',(-11.01374641153,-4.846130539911,2.44347E-12)
  );
#253 = CARTESIAN_POINT('',(-10.62123386137,-5.659291006079,2.45972E-12)
  );
#254 = CARTESIAN_POINT('',(-9.85960049217,-6.8606290616,2.48467E-12));
#255 = CARTESIAN_POINT('',(-9.239743006944,-7.711348018554,2.50276E-12)
  );
#256 = CARTESIAN_POINT('',(-8.513657236515,-8.473437966985,2.51984E-12)
  );
#257 = CARTESIAN_POINT('',(-7.03246203717,-9.836885877246,2.55136E-12));
#258 = CARTESIAN_POINT('',(-4.463832673544,-11.4396486247,2.59269E-12));
#259 = CARTESIAN_POINT('',(-0.235850843831,-12.23649955872,2.62854E-12)
  );
#260 = CARTESIAN_POINT('',(2.504092992348,-11.80209396108,2.63514E-12));
#261 = CARTESIAN_POINT('',(3.695524468643,-11.41683802833,2.63458E-12));
#262 = ORIENTED_EDGE('',*,*,#263,.T.);
#263 = EDGE_CURVE('',#248,#264,#266,.T.);
#264 = VERTEX_POINT('',#265);
#265 = CARTESIAN_POINT('',(-11.26378587763,-4.131121332764,
    0.151020515474));
#266 = B_SPLINE_CURVE_WITH_KNOTS('',3,(#267,#268,#269,#270),
  .UNSPECIFIED.,.F.,.F.,(4,4),(-7.224935823944E-02,-5.163460767495E-02),
  .PIECEWISE_BEZIER_KNOTS.);
#267 = CARTESIAN_POINT('',(-11.31228343157,-3.999646687843,2.42716E-12)
  );
#268 = CARTESIAN_POINT('',(-11.29581469972,-4.043399594396,
    5.036815350246E-02));
#269 = CARTESIAN_POINT('',(-11.27920513164,-4.087128258889,
    0.100707804208));
#270 = CARTESIAN_POINT('',(-11.26245924466,-4.130833947486,
    0.151020515474));
#271 = ORIENTED_EDGE('',*,*,#272,.T.);
#272 = EDGE_CURVE('',#264,#273,#275,.T.);
#273 = VERTEX_POINT('',#274);
#274 = CARTESIAN_POINT('',(-11.58109488641,-0.189039477139,7.18));
#275 = B_SPLINE_CURVE_WITH_KNOTS('',3,(#276,#277,#278,#279,#280,#281,
    #282,#283),.UNSPECIFIED.,.F.,.F.,(4,2,2,4),(-0.941519596819,
    -0.584052430596,-0.32285304144,-1.71939674E-09),.UNSPECIFIED.);
#276 = CARTESIAN_POINT('',(-11.26378587763,-4.131121332764,
    0.151020515474));
#277 = CARTESIAN_POINT('',(-11.64228976325,-3.043260191252,
    1.095539889475));
#278 = CARTESIAN_POINT('',(-11.74860183117,-2.028928538639,
    2.025062962563));
#279 = CARTESIAN_POINT('',(-11.7809699013,-0.865892575437,3.498449773685
    ));
#280 = CARTESIAN_POINT('',(-11.75437312993,-0.591098642809,
    4.040821132358));
#281 = CARTESIAN_POINT('',(-11.69178160924,-0.222187643572,
    5.295087095216));
#282 = CARTESIAN_POINT('',(-11.64381592667,-0.159771433678,
    6.106051230355));
#283 = CARTESIAN_POINT('',(-11.58109488641,-0.189039477139,7.18));
#284 = ORIENTED_EDGE('',*,*,#285,.T.);
#285 = EDGE_CURVE('',#273,#286,#288,.T.);
#286 = VERTEX_POINT('',#287);
#287 = CARTESIAN_POINT('',(-11.58201933641,6.52E-13,7.18));
#288 = B_SPLINE_CURVE_WITH_KNOTS('',3,(#289,#290,#291,#292),
  .UNSPECIFIED.,.F.,.F.,(4,4),(-0.467125373123,-0.445772105789),
  .PIECEWISE_BEZIER_KNOTS.);
#289 = CARTESIAN_POINT('',(-11.58197944021,-0.188983182987,7.18));
#290 = CARTESIAN_POINT('',(-11.58260976613,-0.125991945083,7.18));
#291 = CARTESIAN_POINT('',(-11.58292558992,-6.299597254262E-02,7.18));
#292 = CARTESIAN_POINT('',(-11.58292558992,-1.8231E-12,7.18));
#293 = ORIENTED_EDGE('',*,*,#294,.F.);
#294 = EDGE_CURVE('',#295,#286,#297,.T.);
#295 = VERTEX_POINT('',#296);
#296 = CARTESIAN_POINT('',(-11.02915059613,5.672E-12,16.677080125534));
#297 = B_SPLINE_CURVE_WITH_KNOTS('',3,(#298,#299,#300,#301),
  .UNSPECIFIED.,.F.,.F.,(4,4),(0.116033231704,0.619422994519),
  .PIECEWISE_BEZIER_KNOTS.);
#298 = CARTESIAN_POINT('',(-11.02981294391,3.08631E-12,16.677118700097)
  );
#299 = CARTESIAN_POINT('',(-11.21417992109,3.13173E-12,13.511430000789)
  );
#300 = CARTESIAN_POINT('',(-11.39855155844,3.17721E-12,10.345741301481)
  );
#301 = CARTESIAN_POINT('',(-11.58292252635,3.22267E-12,7.180052602173));
#302 = ORIENTED_EDGE('',*,*,#303,.T.);
#303 = EDGE_CURVE('',#295,#304,#306,.T.);
#304 = VERTEX_POINT('',#305);
#305 = CARTESIAN_POINT('',(-10.94900734323,-4.25196262649,16.30802419089
    ));
#306 = B_SPLINE_CURVE_WITH_KNOTS('',3,(#307,#308,#309,#310,#311,#312,
    #313,#314),.UNSPECIFIED.,.F.,.F.,(4,2,2,4),(2.022262851615,
    2.165135922339,2.431518927141,2.483648734753),.UNSPECIFIED.);
#307 = CARTESIAN_POINT('',(-11.02915059613,5.67116E-12,16.677080125534)
  );
#308 = CARTESIAN_POINT('',(-11.02915059613,-0.442598463601,
    16.677080125534));
#309 = CARTESIAN_POINT('',(-11.02695199606,-0.885700356924,
    16.666062132023));
#310 = CARTESIAN_POINT('',(-11.01402524754,-2.140038549707,
    16.602772033346));
#311 = CARTESIAN_POINT('',(-10.99752023223,-2.96972684833,16.52144353186
    ));
#312 = CARTESIAN_POINT('',(-10.96183720737,-3.936528398677,
    16.365180868927));
#313 = CARTESIAN_POINT('',(-10.95545563249,-4.094469960656,
    16.337642840513));
#314 = CARTESIAN_POINT('',(-10.94845644027,-4.252018487723,
    16.308024178268));
#315 = ORIENTED_EDGE('',*,*,#316,.T.);
#316 = EDGE_CURVE('',#304,#317,#319,.T.);
#317 = VERTEX_POINT('',#318);
#318 = CARTESIAN_POINT('',(-10.90624071285,-5.063656996388,
    16.13547695528));
#319 = B_SPLINE_CURVE_WITH_KNOTS('',3,(#320,#321,#322,#323,#324,#325,
    #326,#327,#328,#329,#330,#331,#332,#333,#334,#335),.UNSPECIFIED.,.F.
  ,.F.,(4,3,3,3,3,4),(-8.363156846255E-02,-5.993128631668E-02,
    -3.501255867966E-02,-2.762446207682E-02,-3.058449188992E-03,0.),
  .UNSPECIFIED.);
#320 = CARTESIAN_POINT('',(-10.94900734323,-4.25196262649,16.30802419089
    ));
#321 = CARTESIAN_POINT('',(-10.94606365998,-4.325122024892,
    16.278432334249));
#322 = CARTESIAN_POINT('',(-10.94280048671,-4.399625554535,
    16.251224635838));
#323 = CARTESIAN_POINT('',(-10.93924336769,-4.47491856233,
    16.227595733203));
#324 = CARTESIAN_POINT('',(-10.9355032447,-4.554085187868,
    16.202751188648));
#325 = CARTESIAN_POINT('',(-10.93140774313,-4.634747892735,
    16.181667244375));
#326 = CARTESIAN_POINT('',(-10.92701722433,-4.716292912312,
    16.165919229208));
#327 = CARTESIAN_POINT('',(-10.92571548945,-4.740470008787,
    16.161250136184));
#328 = CARTESIAN_POINT('',(-10.92438815807,-4.764724742071,
    16.157050097821));
#329 = CARTESIAN_POINT('',(-10.92303767196,-4.789041321359,
    16.153360171506));
#330 = CARTESIAN_POINT('',(-10.91854713672,-4.869896988851,
    16.141090704999));
#331 = CARTESIAN_POINT('',(-10.91379642996,-4.951442216927,
    16.134456765277));
#332 = CARTESIAN_POINT('',(-10.90890680156,-5.03312332537,
    16.134955936225));
#333 = CARTESIAN_POINT('',(-10.90829804669,-5.043292558815,
    16.135018082614));
#334 = CARTESIAN_POINT('',(-10.90768720254,-5.053463915983,
    16.135190792597));
#335 = CARTESIAN_POINT('',(-10.90707455766,-5.063636343677,
    16.13547695613));
#336 = ORIENTED_EDGE('',*,*,#337,.T.);
#337 = EDGE_CURVE('',#317,#338,#340,.T.);
#338 = VERTEX_POINT('',#339);
#339 = CARTESIAN_POINT('',(7.00028603E-07,-10.68298615245,7.645256517964
    ));
#340 = B_SPLINE_CURVE_WITH_KNOTS('',3,(#341,#342,#343,#344,#345,#346,
    #347,#348,#349,#350,#351,#352,#353,#354,#355,#356,#357,#358,#359,
    #360,#361,#362,#363,#364,#365,#366),.UNSPECIFIED.,.F.,.F.,(4,2,2,2,2
    ,2,2,2,2,2,2,2,4),(2.573612735293,2.674106650186,2.746383429587,
    2.765031959971,2.972740736094,3.266020737247,3.899715395607,
    5.185086122072,6.684117983803,7.835002241754,8.338727641583,
    8.535118797638,8.717698034814),.UNSPECIFIED.);
#341 = CARTESIAN_POINT('',(-10.90624071285,-5.063656996388,
    16.135476955279));
#342 = CARTESIAN_POINT('',(-10.88811687479,-5.364169009828,
    16.063854218298));
#343 = CARTESIAN_POINT('',(-10.86711013007,-5.662559337782,
    15.983730668369));
#344 = CARTESIAN_POINT('',(-10.82459315531,-6.170673331345,
    15.83011391386));
#345 = CARTESIAN_POINT('',(-10.80490783267,-6.381416662901,
    15.761189757406));
#346 = CARTESIAN_POINT('',(-10.77726593923,-6.64437459708,
    15.668275848501));
#347 = CARTESIAN_POINT('',(-10.77272714773,-6.685969360786,
    15.653215344002));
#348 = CARTESIAN_POINT('',(-10.76107154042,-6.792021617602,
    15.614527312924));
#349 = CARTESIAN_POINT('',(-10.74342820034,-6.880384433579,
    15.556712209145));
#350 = CARTESIAN_POINT('',(-10.69362801415,-7.069019681386,
    15.399820119524));
#351 = CARTESIAN_POINT('',(-10.65569691049,-7.169194320056,
    15.285187467382));
#352 = CARTESIAN_POINT('',(-10.53195467735,-7.440224759133,
    14.932203977219));
#353 = CARTESIAN_POINT('',(-10.41140438294,-7.626205987521,
    14.615479265217));
#354 = CARTESIAN_POINT('',(-9.926059104822,-8.169500974756,
    13.541885722065));
#355 = CARTESIAN_POINT('',(-9.391557651754,-8.556009322075,
    12.587702278144));
#356 = CARTESIAN_POINT('',(-7.731921318312,-9.029398447568,
    10.605697256219));
#357 = CARTESIAN_POINT('',(-6.640941012445,-9.42129526065,9.712082872498
    ));
#358 = CARTESIAN_POINT('',(-4.525316127465,-10.06252772741,
    8.542168448521));
#359 = CARTESIAN_POINT('',(-3.528703751869,-10.32093316586,
    8.158726575182));
#360 = CARTESIAN_POINT('',(-2.016749898508,-10.55829225093,
    7.817446210448));
#361 = CARTESIAN_POINT('',(-1.548982062084,-10.61255166296,
    7.742228928742));
#362 = CARTESIAN_POINT('',(-0.889993765086,-10.6583813763,7.678978414534
    ));
#363 = CARTESIAN_POINT('',(-0.704616046626,-10.66798485327,
    7.665802991427));
#364 = CARTESIAN_POINT('',(-0.34599486684,-10.68006428443,7.649248267905
    ));
#365 = CARTESIAN_POINT('',(-0.173056803672,-10.68298614762,
    7.645256528549));
#366 = CARTESIAN_POINT('',(7.0002880683E-07,-10.68298615245,
    7.645256517964));
#367 = ORIENTED_EDGE('',*,*,#368,.T.);
#368 = EDGE_CURVE('',#338,#369,#371,.T.);
#369 = VERTEX_POINT('',#370);
#370 = CARTESIAN_POINT('',(10.906242193028,-5.0636557775,16.135471833325
    ));
#371 = B_SPLINE_CURVE_WITH_KNOTS('',3,(#372,#373,#374,#375,#376,#377,
    #378,#379,#380,#381,#382,#383,#384,#385,#386,#387,#388,#389,#390,
    #391),.UNSPECIFIED.,.F.,.F.,(4,2,2,2,2,2,2,2,2,4),(4.924295085488,
    5.512491948574,6.456215675899,6.977148633526,7.36658051292,
    7.811521522435,8.041938028732,8.155833472272,8.271097179371,
    8.417068992135),.UNSPECIFIED.);
#372 = CARTESIAN_POINT('',(7.0002734748E-07,-10.68298615245,
    7.645256517964));
#373 = CARTESIAN_POINT('',(0.801628299652,-10.68298614696,7.645256468933
    ));
#374 = CARTESIAN_POINT('',(1.620492524239,-10.61921704601,7.730047027982
    ));
#375 = CARTESIAN_POINT('',(3.785376252383,-10.28264761112,8.213460955664
    ));
#376 = CARTESIAN_POINT('',(5.051986062447,-9.917197902054,8.75215766022)
  );
#377 = CARTESIAN_POINT('',(6.811610680146,-9.349438474061,9.910497668016
    ));
#378 = CARTESIAN_POINT('',(7.426005276799,-9.139064126636,
    10.403903392851));
#379 = CARTESIAN_POINT('',(8.442726616255,-8.82228316165,11.434269464154
    ));
#380 = CARTESIAN_POINT('',(8.846560005746,-8.74016014858,11.898388902466
    ));
#381 = CARTESIAN_POINT('',(9.822039721121,-8.253183187243,
    13.332394800396));
#382 = CARTESIAN_POINT('',(10.194684489995,-7.913557363235,14.0995538886
    ));
#383 = CARTESIAN_POINT('',(10.541127119539,-7.422580010933,
    14.952438832497));
#384 = CARTESIAN_POINT('',(10.639396027469,-7.234782708896,
    15.233534706247));
#385 = CARTESIAN_POINT('',(10.734215115396,-6.926353319963,
    15.526351421947));
#386 = CARTESIAN_POINT('',(10.755107509072,-6.826614047443,
    15.594938937817));
#387 = CARTESIAN_POINT('',(10.780535637262,-6.629059660767,
    15.67896500092));
#388 = CARTESIAN_POINT('',(10.81054504615,-6.325315146882,
    15.780575135958));
#389 = CARTESIAN_POINT('',(10.860220645094,-5.756093271362,
    15.957789295617));
#390 = CARTESIAN_POINT('',(10.884724104349,-5.420447419144,
    16.050435686086));
#391 = CARTESIAN_POINT('',(10.906242193028,-5.0636557775,16.135471833325
    ));
#392 = ORIENTED_EDGE('',*,*,#393,.F.);
#393 = EDGE_CURVE('',#394,#369,#396,.T.);
#394 = VERTEX_POINT('',#395);
#395 = CARTESIAN_POINT('',(10.948457981507,-4.25201751139,16.30801895196
    ));
#396 = B_SPLINE_CURVE_WITH_KNOTS('',3,(#397,#398,#399,#400,#401,#402,
    #403,#404,#405,#406,#407,#408,#409,#410,#411,#412),.UNSPECIFIED.,.F.
  ,.F.,(4,3,3,3,3,4),(-8.363111328742E-02,-5.993096915182E-02,
    -3.503691106448E-02,-2.762433366496E-02,-3.076658008713E-03,0.),
  .UNSPECIFIED.);
#397 = CARTESIAN_POINT('',(10.949117513121,-4.252452051032,
    16.308024178268));
#398 = CARTESIAN_POINT('',(10.946165928624,-4.325620796843,
    16.278431409791));
#399 = CARTESIAN_POINT('',(10.942892368539,-4.400131442361,
    16.251222481577));
#400 = CARTESIAN_POINT('',(10.939321754364,-4.475433475123,
    16.227592920107));
#401 = CARTESIAN_POINT('',(10.935571267609,-4.55452890876,
    16.202773000345));
#402 = CARTESIAN_POINT('',(10.931462758859,-4.635116365105,
    16.181706248747));
#403 = CARTESIAN_POINT('',(10.927056000262,-4.716583549294,
    16.165963319864));
#404 = CARTESIAN_POINT('',(10.925743822108,-4.740841619481,
    16.161275627788));
#405 = CARTESIAN_POINT('',(10.924405539521,-4.765177767507,
    16.157059966874));
#406 = CARTESIAN_POINT('',(10.923043611092,-4.789576036934,
    16.153357803996));
#407 = CARTESIAN_POINT('',(10.918533415035,-4.870373952717,
    16.141097629341));
#408 = CARTESIAN_POINT('',(10.913759588741,-4.951861351548,
    16.13446560098));
#409 = CARTESIAN_POINT('',(10.908843131186,-5.033482286114,
    16.134954576982));
#410 = CARTESIAN_POINT('',(10.908226931969,-5.04371216309,
    16.135015862292));
#411 = CARTESIAN_POINT('',(10.907608557063,-5.053944155548,
    16.135189008667));
#412 = CARTESIAN_POINT('',(10.906988300386,-5.064177184521,
    16.135476955279));
#413 = ORIENTED_EDGE('',*,*,#414,.T.);
#414 = EDGE_CURVE('',#394,#415,#417,.T.);
#415 = VERTEX_POINT('',#416);
#416 = CARTESIAN_POINT('',(7.00028469E-07,10.682986152456,7.645256517965
    ));
#417 = B_SPLINE_CURVE_WITH_KNOTS('',3,(#418,#419,#420,#421,#422,#423,
    #424,#425,#426,#427,#428,#429,#430,#431,#432,#433,#434,#435,#436,
    #437,#438,#439),.UNSPECIFIED.,.F.,.F.,(4,2,2,2,2,2,2,2,2,2,4),(
    8.523014231288,8.754386722088,9.330942317822,9.659254054923,
    9.839325501542,10.043706332901,10.481764540708,11.014467650583,
    11.902846814183,12.582745371932,12.718031741891),.UNSPECIFIED.);
#418 = CARTESIAN_POINT('',(10.948457981507,-4.25201751139,16.30801895196
    ));
#419 = CARTESIAN_POINT('',(10.975878260464,-3.634801106232,
    16.424053806234));
#420 = CARTESIAN_POINT('',(10.996286790043,-2.957876751322,
    16.518571223808));
#421 = CARTESIAN_POINT('',(11.044018249783,-0.333669970855,
    16.745914143808));
#422 = CARTESIAN_POINT('',(11.048608638651,2.037902042163,
    16.730297886894));
#423 = CARTESIAN_POINT('',(10.888164215468,5.585640972857,
    16.053768933602));
#424 = CARTESIAN_POINT('',(10.791379255206,6.556514820135,
    15.714619340464));
#425 = CARTESIAN_POINT('',(10.751715641745,6.845796361574,15.58383933055
    ));
#426 = CARTESIAN_POINT('',(10.727813191073,6.96116592668,15.50425499501)
  );
#427 = CARTESIAN_POINT('',(10.627607470038,7.24738817935,15.20130680229)
  );
#428 = CARTESIAN_POINT('',(10.553472438332,7.391395229027,
    14.992163428596));
#429 = CARTESIAN_POINT('',(10.303747348521,7.778161058257,
    14.355101165116));
#430 = CARTESIAN_POINT('',(10.034357559167,8.074330725953,
    13.741540338584));
#431 = CARTESIAN_POINT('',(9.077715642935,8.672894001446,12.174175256835
    ));
#432 = CARTESIAN_POINT('',(8.540370174774,8.790569257484,11.524394819925
    ));
#433 = CARTESIAN_POINT('',(6.954736978141,9.288242043943,9.942331003424)
  );
#434 = CARTESIAN_POINT('',(5.748596602474,9.730954200637,9.106427551196)
  );
#435 = CARTESIAN_POINT('',(3.276730331674,10.370563151084,8.070486406158
    ));
#436 = CARTESIAN_POINT('',(2.086795805708,10.596861907747,7.763543225292
    ));
#437 = CARTESIAN_POINT('',(0.523988555809,10.676241655838,7.654458819791
    ));
#438 = CARTESIAN_POINT('',(0.262804977903,10.682986150655,7.64525650189)
  );
#439 = CARTESIAN_POINT('',(7.0002903627E-07,10.682986152456,
    7.645256517965));
#440 = ORIENTED_EDGE('',*,*,#441,.T.);
#441 = EDGE_CURVE('',#415,#295,#442,.T.);
#442 = B_SPLINE_CURVE_WITH_KNOTS('',3,(#443,#444,#445,#446,#447,#448,
    #449,#450,#451,#452,#453,#454,#455,#456,#457,#458,#459,#460,#461,
    #462,#463,#464,#465,#466,#467,#468),.UNSPECIFIED.,.F.,.F.,(4,2,2,2,2
    ,2,2,2,2,2,2,2,4),(0.,0.106653019624,0.259751895725,0.587622117723,
    0.958247929245,1.074253760892,1.197934489512,1.24214499377,
    1.276699945571,1.315759435967,1.645348866103,1.906629847762,
    2.022262851615),.UNSPECIFIED.);
#443 = CARTESIAN_POINT('',(7.0002823968E-07,10.682986152456,
    7.645256517965));
#444 = CARTESIAN_POINT('',(-0.355509365386,10.682986142528,
    7.645256539709));
#445 = CARTESIAN_POINT('',(-0.709999513541,10.670628431977,
    7.662082817755));
#446 = CARTESIAN_POINT('',(-1.569934208946,10.611472383078,
    7.743708958942));
#447 = CARTESIAN_POINT('',(-2.069424967215,10.552256317703,
    7.825749785372));
#448 = CARTESIAN_POINT('',(-3.61119116365,10.302550475696,8.18606777369)
  );
#449 = CARTESIAN_POINT('',(-4.606324310154,10.040191007605,
    8.577793190423));
#450 = CARTESIAN_POINT('',(-6.558087457366,9.443690007388,9.677504156641
    ));
#451 = CARTESIAN_POINT('',(-7.534070916578,9.093239635845,
    10.443351143375));
#452 = CARTESIAN_POINT('',(-8.652980020306,8.764756532709,
    11.694663622791));
#453 = CARTESIAN_POINT('',(-9.065684817796,8.661079463899,
    12.180094388073));
#454 = CARTESIAN_POINT('',(-9.99891337248,8.11363928399,13.660768826732)
  );
#455 = CARTESIAN_POINT('',(-10.31283251243,7.778610483866,
    14.369451525397));
#456 = CARTESIAN_POINT('',(-10.56821607696,7.361884363608,15.03385626379
    ));
#457 = CARTESIAN_POINT('',(-10.6344880449,7.230479079688,15.221605232937
    ));
#458 = CARTESIAN_POINT('',(-10.72368724049,6.970615669526,
    15.492224259475));
#459 = CARTESIAN_POINT('',(-10.74691964025,6.867344604566,
    15.568295138099));
#460 = CARTESIAN_POINT('',(-10.77786688531,6.666350992351,
    15.669852850218));
#461 = CARTESIAN_POINT('',(-10.78747170045,6.549211380709,
    15.702366079741));
#462 = CARTESIAN_POINT('',(-10.89414299858,5.476339990672,
    16.067568281073));
#463 = CARTESIAN_POINT('',(-10.94522350742,4.48334378352,16.290055754186
    ));
#464 = CARTESIAN_POINT('',(-11.004020943,2.686238816103,16.552577588245)
  );
#465 = CARTESIAN_POINT('',(-11.01818031745,1.871699258907,
    16.622973062533));
#466 = CARTESIAN_POINT('',(-11.02770658011,0.716096217125,
    16.669863866499));
#467 = CARTESIAN_POINT('',(-11.02915059613,0.358212989959,
    16.677080125534));
#468 = CARTESIAN_POINT('',(-11.02915059613,5.67241E-12,16.677080125534)
  );
#469 = ORIENTED_EDGE('',*,*,#294,.T.);
#470 = ORIENTED_EDGE('',*,*,#471,.T.);
#471 = EDGE_CURVE('',#286,#472,#474,.T.);
#472 = VERTEX_POINT('',#473);
#473 = CARTESIAN_POINT('',(-11.58086645847,0.211106115031,7.18));
#474 = B_SPLINE_CURVE_WITH_KNOTS('',3,(#475,#476,#477,#478),
  .UNSPECIFIED.,.F.,.F.,(4,4),(-0.445772105789,-0.422060044047),
  .PIECEWISE_BEZIER_KNOTS.);
#475 = CARTESIAN_POINT('',(-11.58292558991,3.35509E-12,7.180000000271));
#476 = CARTESIAN_POINT('',(-11.58292558991,7.034995922488E-02,
    7.180000000271));
#477 = CARTESIAN_POINT('',(-11.58253172528,0.140699918446,7.180000000271
    ));
#478 = CARTESIAN_POINT('',(-11.58174583671,0.211043283805,7.180000000271
    ));
#479 = ORIENTED_EDGE('',*,*,#480,.T.);
#480 = EDGE_CURVE('',#472,#50,#481,.T.);
#481 = B_SPLINE_CURVE_WITH_KNOTS('',3,(#482,#483,#484,#485,#486,#487),
  .UNSPECIFIED.,.F.,.F.,(4,2,4),(-1.023497348155,-0.782613020957,
    -0.714904505154),.UNSPECIFIED.);
#482 = CARTESIAN_POINT('',(-11.58086645847,0.211106115031,7.18));
#483 = CARTESIAN_POINT('',(-11.62522816866,0.231601916163,6.41282057723)
  );
#484 = CARTESIAN_POINT('',(-11.6649602693,0.207092234828,5.738563806393)
  );
#485 = CARTESIAN_POINT('',(-11.71082443679,7.632474711081E-02,
    4.964725263977));
#486 = CARTESIAN_POINT('',(-11.72051551434,4.156811109181E-02,
    4.800934466904));
#487 = CARTESIAN_POINT('',(-11.72978856353,6.8975E-13,4.641643488224));
#488 = B_SPLINE_SURFACE_WITH_KNOTS('',3,3,(
    (#489,#490,#491,#492)
    ,(#493,#494,#495,#496)
    ,(#497,#498,#499,#500)
    ,(#501,#502,#503,#504)
    ,(#505,#506,#507,#508)
    ,(#509,#510,#511,#512)
    ,(#513,#514,#515,#516)
    ,(#517,#518,#519,#520)
    ,(#521,#522,#523,#524)
    ,(#525,#526,#527,#528)
    ,(#529,#530,#531,#532)
    ,(#533,#534,#535,#536)
    ,(#537,#538,#539,#540)
    ,(#541,#542,#543,#544)
    ,(#545,#546,#547,#548)
    ,(#549,#550,#551,#552)
    ,(#553,#554,#555,#556)
    ,(#557,#558,#559,#560)
    ,(#561,#562,#563,#564)
    ,(#565,#566,#567,#568)
    ,(#569,#570,#571,#572)
    ,(#573,#574,#575,#576)
    ,(#577,#578,#579,#580)
    ,(#581,#582,#583,#584)
    ,(#585,#586,#587,#588)
    ,(#589,#590,#591,#592)
    ,(#593,#594,#595,#596)
    ,(#597,#598,#599,#600)
    ,(#601,#602,#603,#604)
    ,(#605,#606,#607,#608)
    ,(#609,#610,#611,#612)
    ,(#613,#614,#615,#616)
    ,(#617,#618,#619,#620)
    ,(#621,#622,#623,#624)
    ,(#625,#626,#627,#628
    )),.UNSPECIFIED.,.T.,.F.,.F.,(1,3,2,1,2,1,1,1,2,1,1,2,1,1,1,2,1,1,2,
    1,1,1,2,1,2,3,1),(4,4),(-8.979261936336E-02,-6.857E-14,
    8.97926193633E-02,0.110688310722,0.13158400208,0.19079200104,0.25,
    0.30920799896,0.36841599792,0.378863843599,0.404983457797,
    0.410207380637,0.455103690318,0.5,0.544896309682,0.589792619363,
    0.595016542203,0.621136156401,0.63158400208,0.69079200104,0.75,
    0.80920799896,0.86841599792,0.889311689278,0.910207380637,1.,
    1.089792619363),(0.112386745333,1.),.UNSPECIFIED.);
#489 = CARTESIAN_POINT('',(-11.02580635739,3.08533E-12,16.745914143808)
  );
#490 = CARTESIAN_POINT('',(-11.35089543266,3.1654E-12,11.16394276254));
#491 = CARTESIAN_POINT('',(-11.67599911702,3.24568E-12,5.581971381271));
#492 = CARTESIAN_POINT('',(-12.0010881923,3.32575E-12,2.35364E-12));
#493 = CARTESIAN_POINT('',(-11.02580635739,-2.250641578113,
    16.745914143808));
#494 = CARTESIAN_POINT('',(-11.35089543266,-2.252431997472,
    11.16394276254));
#495 = CARTESIAN_POINT('',(-11.67599911702,-2.253874356572,
    5.581971381271));
#496 = CARTESIAN_POINT('',(-12.0010881923,-2.255664775931,2.39307E-12));
#497 = CARTESIAN_POINT('',(-10.952322338,-4.501283156229,16.745914143808
    ));
#498 = CARTESIAN_POINT('',(-11.08600782374,-4.504863994948,
    11.16394276254));
#499 = CARTESIAN_POINT('',(-11.2153416442,-4.507748713146,5.581971381271
    ));
#500 = CARTESIAN_POINT('',(-11.34902712994,-4.511329551866,2.43588E-12)
  );
#501 = CARTESIAN_POINT('',(-10.78636542563,-7.227015054046,
    16.745914143808));
#502 = CARTESIAN_POINT('',(-10.4772419356,-7.104674077954,11.16394276254
    ));
#503 = CARTESIAN_POINT('',(-10.1687239822,-6.982970037692,5.581971381271
    ));
#504 = CARTESIAN_POINT('',(-9.85960049217,-6.8606290616,2.48467E-12));
#505 = CARTESIAN_POINT('',(-10.32890195285,-8.247270613434,
    16.745914143808));
#506 = CARTESIAN_POINT('',(-9.965393766177,-8.068112811607,
    11.16394276254));
#507 = CARTESIAN_POINT('',(-9.60325119362,-7.89050582038,5.581971381271)
  );
#508 = CARTESIAN_POINT('',(-9.239743006944,-7.711348018554,2.50276E-12)
  );
#509 = CARTESIAN_POINT('',(-9.322643960326,-8.72073884168,
    16.745914143808));
#510 = CARTESIAN_POINT('',(-9.052824635869,-8.63829198248,11.16394276254
    ));
#511 = CARTESIAN_POINT('',(-8.783476560972,-8.555884826185,
    5.581971381271));
#512 = CARTESIAN_POINT('',(-8.513657236515,-8.473437966985,2.51984E-12)
  );
#513 = CARTESIAN_POINT('',(-7.374702357634,-8.872853388804,
    16.745914143808));
#514 = CARTESIAN_POINT('',(-7.260719402957,-9.194881981204,
    11.16394276254));
#515 = CARTESIAN_POINT('',(-7.146444991847,-9.514857284846,
    5.581971381271));
#516 = CARTESIAN_POINT('',(-7.03246203717,-9.836885877246,2.55136E-12));
#517 = CARTESIAN_POINT('',(-4.452343889476,-9.052530202565,
    16.745914143808));
#518 = CARTESIAN_POINT('',(-4.456118291112,-9.848290190134,
    11.16394276254));
#519 = CARTESIAN_POINT('',(-4.460058271908,-10.64388863713,
    5.581971381271));
#520 = CARTESIAN_POINT('',(-4.463832673544,-11.4396486247,2.59269E-12));
#521 = CARTESIAN_POINT('',(5.138909107356E-05,-9.146988250135,
    16.745914143808));
#522 = CARTESIAN_POINT('',(2.117905165576E-05,-10.19162372283,
    11.16394276254));
#523 = CARTESIAN_POINT('',(1.912015545526E-05,-11.23631298287,
    5.581971381271));
#524 = CARTESIAN_POINT('',(-1.108988396254E-05,-12.28094845557,
    2.63054E-12));
#525 = CARTESIAN_POINT('',(4.452028819314,-9.052122988058,
    16.745914143808));
#526 = CARTESIAN_POINT('',(4.455900301864,-9.848024125927,11.16394276254
    ));
#527 = CARTESIAN_POINT('',(4.459766562595,-10.64402960809,5.581971381271
    ));
#528 = CARTESIAN_POINT('',(4.463638045145,-11.43993074596,2.63897E-12));
#529 = CARTESIAN_POINT('',(7.374909035156,-8.872308318505,
    16.745914143808));
#530 = CARTESIAN_POINT('',(7.260758554822,-9.193900699431,11.16394276254
    ));
#531 = CARTESIAN_POINT('',(7.146618929756,-9.515319953322,5.581971381271
    ));
#532 = CARTESIAN_POINT('',(7.032468449422,-9.836912334248,2.62426E-12));
#533 = CARTESIAN_POINT('',(9.067162545132,-8.737578750857,
    16.745914143808));
#534 = CARTESIAN_POINT('',(8.818015774148,-8.708592050942,11.16394276254
    ));
#535 = CARTESIAN_POINT('',(8.569530971567,-8.680184774759,5.581971381271
    ));
#536 = CARTESIAN_POINT('',(8.320384200583,-8.651198074844,2.61021E-12));
#537 = CARTESIAN_POINT('',(9.961323898105,-8.509622679553,
    16.745914143808));
#538 = CARTESIAN_POINT('',(9.632523423745,-8.341529887373,11.16394276254
    ));
#539 = CARTESIAN_POINT('',(9.304962829555,-8.174683081755,5.581971381271
    ));
#540 = CARTESIAN_POINT('',(8.976162355195,-8.006590289574,2.60234E-12));
#541 = CARTESIAN_POINT('',(10.697759471293,-7.617281286624,
    16.745914143808));
#542 = CARTESIAN_POINT('',(10.344394461878,-7.473598925123,
    11.16394276254));
#543 = CARTESIAN_POINT('',(9.991436092288,-7.330204348442,5.581971381271
    ));
#544 = CARTESIAN_POINT('',(9.638071082874,-7.186521986941,2.59143E-12));
#545 = CARTESIAN_POINT('',(10.808191415202,-6.841168560467,
    16.745914143808));
#546 = CARTESIAN_POINT('',(10.562478034799,-6.736910407751,
    11.16394276254));
#547 = CARTESIAN_POINT('',(10.31590501237,-6.631996679827,5.581971381271
    ));
#548 = CARTESIAN_POINT('',(10.070191631967,-6.527738527111,2.58216E-12)
  );
#549 = CARTESIAN_POINT('',(10.885154348318,-5.607657399305,
    16.745914143808));
#550 = CARTESIAN_POINT('',(10.838265519675,-5.55972802822,11.16394276254
    ));
#551 = CARTESIAN_POINT('',(10.790688918768,-5.511242437185,
    5.581971381271));
#552 = CARTESIAN_POINT('',(10.743800090125,-5.4633130661,2.56704E-12));
#553 = CARTESIAN_POINT('',(10.989261726984,-3.376236339774,
    16.745914143808));
#554 = CARTESIAN_POINT('',(11.219555178398,-3.379234926431,
    11.16394276254));
#555 = CARTESIAN_POINT('',(11.449098944685,-3.381967278692,
    5.581971381271));
#556 = CARTESIAN_POINT('',(11.679392396099,-3.384965865349,2.53556E-12)
  );
#557 = CARTESIAN_POINT('',(11.043940132561,8.7206E-13,16.745914143808));
#558 = CARTESIAN_POINT('',(11.416228227753,9.6522E-13,11.16394276254));
#559 = CARTESIAN_POINT('',(11.788286362712,1.05954E-12,5.581971381271));
#560 = CARTESIAN_POINT('',(12.160574457904,1.1527E-12,2.47888E-12));
#561 = CARTESIAN_POINT('',(10.989261726984,3.376236339776,
    16.745914143808));
#562 = CARTESIAN_POINT('',(11.219555178398,3.379234926433,11.16394276254
    ));
#563 = CARTESIAN_POINT('',(11.449098944685,3.381967278694,5.581971381271
    ));
#564 = CARTESIAN_POINT('',(11.679392396099,3.384965865351,2.41721E-12));
#565 = CARTESIAN_POINT('',(10.885154348318,5.607657399306,
    16.745914143808));
#566 = CARTESIAN_POINT('',(10.838265519675,5.559728028222,11.16394276254
    ));
#567 = CARTESIAN_POINT('',(10.790688918768,5.511242437187,5.581971381271
    ));
#568 = CARTESIAN_POINT('',(10.743800090125,5.463313066103,2.37603E-12));
#569 = CARTESIAN_POINT('',(10.808191415201,6.841168560469,
    16.745914143808));
#570 = CARTESIAN_POINT('',(10.562478034799,6.736910407752,11.16394276254
    ));
#571 = CARTESIAN_POINT('',(10.315905012369,6.631996679829,5.581971381271
    ));
#572 = CARTESIAN_POINT('',(10.070191631967,6.527738527113,2.35393E-12));
#573 = CARTESIAN_POINT('',(10.697759471293,7.617281286626,
    16.745914143808));
#574 = CARTESIAN_POINT('',(10.344394461878,7.473598925125,11.16394276254
    ));
#575 = CARTESIAN_POINT('',(9.991436092288,7.330204348444,5.581971381271)
  );
#576 = CARTESIAN_POINT('',(9.638071082873,7.186521986943,2.34017E-12));
#577 = CARTESIAN_POINT('',(9.961323898105,8.509622679555,16.745914143808
    ));
#578 = CARTESIAN_POINT('',(9.632523423744,8.341529887374,11.16394276254)
  );
#579 = CARTESIAN_POINT('',(9.304962829555,8.174683081757,5.581971381271)
  );
#580 = CARTESIAN_POINT('',(8.976162355194,8.006590289577,2.3224E-12));
#581 = CARTESIAN_POINT('',(9.067162545132,8.737578750859,16.745914143808
    ));
#582 = CARTESIAN_POINT('',(8.818015774148,8.708592050944,11.16394276254)
  );
#583 = CARTESIAN_POINT('',(8.569530971567,8.680184774761,5.581971381271)
  );
#584 = CARTESIAN_POINT('',(8.320384200582,8.651198074846,2.30774E-12));
#585 = CARTESIAN_POINT('',(7.374909035156,8.872308318506,16.745914143808
    ));
#586 = CARTESIAN_POINT('',(7.260758554822,9.193900699433,11.16394276254)
  );
#587 = CARTESIAN_POINT('',(7.146618929756,9.515319953324,5.581971381271)
  );
#588 = CARTESIAN_POINT('',(7.032468449422,9.83691233425,2.28033E-12));
#589 = CARTESIAN_POINT('',(4.452028819314,9.052122988059,16.745914143808
    ));
#590 = CARTESIAN_POINT('',(4.455900301864,9.848024125928,11.16394276254)
  );
#591 = CARTESIAN_POINT('',(4.459766562594,10.644029608095,5.581971381271
    ));
#592 = CARTESIAN_POINT('',(4.463638045144,11.439930745964,2.23899E-12));
#593 = CARTESIAN_POINT('',(5.138909076789E-05,9.146988250137,
    16.745914143809));
#594 = CARTESIAN_POINT('',(2.117905130557E-05,10.191623722833,
    11.16394276254));
#595 = CARTESIAN_POINT('',(1.912015506741E-05,11.23631298288,
    5.581971381271));
#596 = CARTESIAN_POINT('',(-1.10898843949E-05,12.280948455576,
    2.20116E-12));
#597 = CARTESIAN_POINT('',(-4.452343889477,9.052530202566,
    16.745914143809));
#598 = CARTESIAN_POINT('',(-4.456118291112,9.848290190136,11.16394276254
    ));
#599 = CARTESIAN_POINT('',(-4.460058271909,10.643888637136,
    5.581971381271));
#600 = CARTESIAN_POINT('',(-4.463832673544,11.439648624706,2.19272E-12)
  );
#601 = CARTESIAN_POINT('',(-7.374702357635,8.872853388805,
    16.745914143809));
#602 = CARTESIAN_POINT('',(-7.260719402958,9.194881981206,11.16394276254
    ));
#603 = CARTESIAN_POINT('',(-7.146444991848,9.514857284847,5.581971381271
    ));
#604 = CARTESIAN_POINT('',(-7.032462037171,9.836885877248,2.20743E-12));
#605 = CARTESIAN_POINT('',(-9.322643960327,8.720738841681,
    16.745914143809));
#606 = CARTESIAN_POINT('',(-9.052824635869,8.638291982482,11.16394276254
    ));
#607 = CARTESIAN_POINT('',(-8.783476560972,8.555884826186,5.581971381271
    ));
#608 = CARTESIAN_POINT('',(-8.513657236515,8.473437966987,2.22359E-12));
#609 = CARTESIAN_POINT('',(-10.32890195285,8.247270613435,
    16.745914143809));
#610 = CARTESIAN_POINT('',(-9.965393766177,8.068112811609,11.16394276254
    ));
#611 = CARTESIAN_POINT('',(-9.60325119362,7.890505820382,5.581971381271)
  );
#612 = CARTESIAN_POINT('',(-9.239743006944,7.711348018555,2.23315E-12));
#613 = CARTESIAN_POINT('',(-10.78636542563,7.227015054047,
    16.745914143809));
#614 = CARTESIAN_POINT('',(-10.4772419356,7.104674077955,11.16394276254)
  );
#615 = CARTESIAN_POINT('',(-10.1687239822,6.982970037694,5.581971381271)
  );
#616 = CARTESIAN_POINT('',(-9.85960049217,6.860629061602,2.2448E-12));
#617 = CARTESIAN_POINT('',(-10.952322338,4.501283156231,16.745914143809)
  );
#618 = CARTESIAN_POINT('',(-11.08600782374,4.504863994951,11.16394276254
    ));
#619 = CARTESIAN_POINT('',(-11.2153416442,4.507748713149,5.581971381271)
  );
#620 = CARTESIAN_POINT('',(-11.34902712994,4.511329551869,2.27815E-12));
#621 = CARTESIAN_POINT('',(-11.02580635739,2.250641578117,
    16.745914143809));
#622 = CARTESIAN_POINT('',(-11.35089543266,2.252431997477,11.16394276254
    ));
#623 = CARTESIAN_POINT('',(-11.67599911702,2.253874356576,5.581971381271
    ));
#624 = CARTESIAN_POINT('',(-12.0010881923,2.255664775936,2.31421E-12));
#625 = CARTESIAN_POINT('',(-11.02580635739,3.08533E-12,16.745914143808)
  );
#626 = CARTESIAN_POINT('',(-11.35089543266,3.1654E-12,11.16394276254));
#627 = CARTESIAN_POINT('',(-11.67599911702,3.24568E-12,5.581971381271));
#628 = CARTESIAN_POINT('',(-12.0010881923,3.32575E-12,2.35364E-12));
#629 = ADVANCED_FACE('',(#630),#672,.T.);
#630 = FACE_BOUND('',#631,.T.);
#631 = EDGE_LOOP('',(#632,#642,#650,#658,#666));
#632 = ORIENTED_EDGE('',*,*,#633,.T.);
#633 = EDGE_CURVE('',#634,#636,#638,.T.);
#634 = VERTEX_POINT('',#635);
#635 = CARTESIAN_POINT('',(12.184980428759,-18.45710678118,
    27.119056267182));
#636 = VERTEX_POINT('',#637);
#637 = CARTESIAN_POINT('',(9.513592571206,-15.25,29.683765241399));
#638 = LINE('',#639,#640);
#639 = CARTESIAN_POINT('',(162.31631133319,-198.6957074961,
    -117.0169480173));
#640 = VECTOR('',#641,1.);
#641 = DIRECTION('',(-0.545299544465,0.654653670708,0.523523617648));
#642 = ORIENTED_EDGE('',*,*,#643,.F.);
#643 = EDGE_CURVE('',#644,#636,#646,.T.);
#644 = VERTEX_POINT('',#645);
#645 = CARTESIAN_POINT('',(9.935419732417,-15.25,28.630417814499));
#646 = LINE('',#647,#648);
#647 = CARTESIAN_POINT('',(46.912958818458,-15.24999999999,
    -63.70644247122));
#648 = VECTOR('',#649,1.);
#649 = DIRECTION('',(-0.371761550468,-1.862E-14,0.928328255303));
#650 = ORIENTED_EDGE('',*,*,#651,.T.);
#651 = EDGE_CURVE('',#644,#652,#654,.T.);
#652 = VERTEX_POINT('',#653);
#653 = CARTESIAN_POINT('',(12.416538868266,-18.22868165531,
    26.248379393598));
#654 = LINE('',#655,#656);
#655 = CARTESIAN_POINT('',(162.3120008522,-198.1841124021,
    -117.6611751317));
#656 = VECTOR('',#657,1.);
#657 = DIRECTION('',(0.545299544465,-0.654653670708,-0.523523617648));
#658 = ORIENTED_EDGE('',*,*,#659,.T.);
#659 = EDGE_CURVE('',#652,#660,#662,.T.);
#660 = VERTEX_POINT('',#661);
#661 = CARTESIAN_POINT('',(12.175402074753,-18.40804138911,
    27.080156435127));
#662 = LINE('',#663,#664);
#663 = CARTESIAN_POINT('',(12.416538868266,-18.22868165531,
    26.248379393598));
#664 = VECTOR('',#665,1.);
#665 = DIRECTION('',(-0.272654662167,-0.202803010334,0.940494749692));
#666 = ORIENTED_EDGE('',*,*,#667,.T.);
#667 = EDGE_CURVE('',#660,#634,#668,.T.);
#668 = LINE('',#669,#670);
#669 = CARTESIAN_POINT('',(17.084738068053,-43.55625528675,
    47.018064924538));
#670 = VECTOR('',#671,1.);
#671 = DIRECTION('',(0.151213733273,-0.774596669242,0.614112698834));
#672 = PLANE('',#673);
#673 = AXIS2_PLACEMENT_3D('',#674,#675,#676);
#674 = CARTESIAN_POINT('',(162.3141560927,-198.4399099491,
    -117.3390615745));
#675 = DIRECTION('',(-0.838224881985,-0.429766251885,-0.335678441313));
#676 = DIRECTION('',(-0.371761550468,-5.551115123126E-17,0.928328255303)
  );
#677 = ADVANCED_FACE('',(#678),#711,.T.);
#678 = FACE_BOUND('',#679,.T.);
#679 = EDGE_LOOP('',(#680,#688,#696,#704,#710));
#680 = ORIENTED_EDGE('',*,*,#681,.T.);
#681 = EDGE_CURVE('',#652,#682,#684,.T.);
#682 = VERTEX_POINT('',#683);
#683 = CARTESIAN_POINT('',(12.416538868267,-21.74999999999,
    26.248379393598));
#684 = LINE('',#685,#686);
#685 = CARTESIAN_POINT('',(12.416538868266,-17.0000001113,
    26.248379393598));
#686 = VECTOR('',#687,1.);
#687 = DIRECTION('',(2.712E-14,-1.,-1.794E-14));
#688 = ORIENTED_EDGE('',*,*,#689,.T.);
#689 = EDGE_CURVE('',#682,#690,#692,.T.);
#690 = VERTEX_POINT('',#691);
#691 = CARTESIAN_POINT('',(12.29597047151,-21.96650635094,
    26.664267914363));
#692 = LINE('',#693,#694);
#693 = CARTESIAN_POINT('',(13.020564745182,-20.66534231186,
    24.164853069855));
#694 = VECTOR('',#695,1.);
#695 = DIRECTION('',(-0.249045009449,-0.4472135955,0.85905563456));
#696 = ORIENTED_EDGE('',*,*,#697,.T.);
#697 = EDGE_CURVE('',#690,#698,#700,.T.);
#698 = VERTEX_POINT('',#699);
#699 = CARTESIAN_POINT('',(12.175402074753,-21.74999999999,
    27.080156435127));
#700 = LINE('',#701,#702);
#701 = CARTESIAN_POINT('',(12.482261837927,-22.30103235478,
    26.021674640382));
#702 = VECTOR('',#703,1.);
#703 = DIRECTION('',(-0.249045009449,0.4472135955,0.85905563456));
#704 = ORIENTED_EDGE('',*,*,#705,.T.);
#705 = EDGE_CURVE('',#698,#660,#706,.T.);
#706 = LINE('',#707,#708);
#707 = CARTESIAN_POINT('',(12.175402074753,-17.0000001113,
    27.080156435127));
#708 = VECTOR('',#709,1.);
#709 = DIRECTION('',(-2.712E-14,1.,1.794E-14));
#710 = ORIENTED_EDGE('',*,*,#659,.F.);
#711 = PLANE('',#712);
#712 = AXIS2_PLACEMENT_3D('',#713,#714,#715);
#713 = CARTESIAN_POINT('',(12.29597047151,-17.0000001113,26.664267914363
    ));
#714 = DIRECTION('',(-0.960453397665,-2.106E-14,-0.278440785293));
#715 = DIRECTION('',(-0.278440785293,-2.1E-16,0.960453397665));
#716 = ADVANCED_FACE('',(#717),#751,.F.);
#717 = FACE_BOUND('',#718,.T.);
#718 = EDGE_LOOP('',(#719,#720,#728,#736,#744,#750));
#719 = ORIENTED_EDGE('',*,*,#705,.F.);
#720 = ORIENTED_EDGE('',*,*,#721,.F.);
#721 = EDGE_CURVE('',#722,#698,#724,.T.);
#722 = VERTEX_POINT('',#723);
#723 = CARTESIAN_POINT('',(13.936063005818,-21.75,34.230593189172));
#724 = LINE('',#725,#726);
#725 = CARTESIAN_POINT('',(10.947645437805,-21.74999999999,
    22.093962883055));
#726 = VECTOR('',#727,1.);
#727 = DIRECTION('',(-0.239089905319,1.095E-14,-0.970997434175));
#728 = ORIENTED_EDGE('',*,*,#729,.T.);
#729 = EDGE_CURVE('',#722,#730,#732,.T.);
#730 = VERTEX_POINT('',#731);
#731 = CARTESIAN_POINT('',(13.936063005818,-18.44677738802,
    34.230593189172));
#732 = LINE('',#733,#734);
#733 = CARTESIAN_POINT('',(13.936063005818,-13.75,34.230593189172));
#734 = VECTOR('',#735,1.);
#735 = DIRECTION('',(-2.712E-14,1.,1.796E-14));
#736 = ORIENTED_EDGE('',*,*,#737,.T.);
#737 = EDGE_CURVE('',#730,#738,#740,.T.);
#738 = VERTEX_POINT('',#739);
#739 = CARTESIAN_POINT('',(13.934264536771,-18.45710678118,
    34.223289205226));
#740 = LINE('',#741,#742);
#741 = CARTESIAN_POINT('',(17.766822174645,3.554945469244,
    49.788160619335));
#742 = VECTOR('',#743,1.);
#743 = DIRECTION('',(-0.140746548883,-0.808368896391,-0.571603128338));
#744 = ORIENTED_EDGE('',*,*,#745,.T.);
#745 = EDGE_CURVE('',#738,#634,#746,.T.);
#746 = LINE('',#747,#748);
#747 = CARTESIAN_POINT('',(-162.3597007393,-18.45710678117,
    -681.7458259071));
#748 = VECTOR('',#749,1.);
#749 = DIRECTION('',(-0.239089905319,1.093E-14,-0.970997434175));
#750 = ORIENTED_EDGE('',*,*,#667,.F.);
#751 = PLANE('',#752);
#752 = AXIS2_PLACEMENT_3D('',#753,#754,#755);
#753 = CARTESIAN_POINT('',(9.874369806029,-15.24999999999,
    17.735151149763));
#754 = DIRECTION('',(0.970997434175,3.062E-14,-0.239089905319));
#755 = DIRECTION('',(0.239089905319,-1.096E-14,0.970997434175));
#756 = ADVANCED_FACE('',(#757),#791,.T.);
#757 = FACE_BOUND('',#758,.T.);
#758 = EDGE_LOOP('',(#759,#760,#768,#776,#784,#790));
#759 = ORIENTED_EDGE('',*,*,#697,.F.);
#760 = ORIENTED_EDGE('',*,*,#761,.F.);
#761 = EDGE_CURVE('',#762,#690,#764,.T.);
#762 = VERTEX_POINT('',#763);
#763 = CARTESIAN_POINT('',(12.61037514978,-22.24999999999,
    26.755415580381));
#764 = LINE('',#765,#766);
#765 = CARTESIAN_POINT('',(12.317300899271,-21.98573965509,
    26.670451724083));
#766 = VECTOR('',#767,1.);
#767 = DIRECTION('',(-0.726034524597,0.654653670708,-0.210481449355));
#768 = ORIENTED_EDGE('',*,*,#769,.T.);
#769 = EDGE_CURVE('',#762,#770,#772,.T.);
#770 = VERTEX_POINT('',#771);
#771 = CARTESIAN_POINT('',(14.447426756293,-22.25,34.21609190626));
#772 = LINE('',#773,#774);
#773 = CARTESIAN_POINT('',(11.433144154893,-22.24999999999,
    21.974417930395));
#774 = VECTOR('',#775,1.);
#775 = DIRECTION('',(0.239089905319,-1.095E-14,0.970997434175));
#776 = ORIENTED_EDGE('',*,*,#777,.T.);
#777 = EDGE_CURVE('',#770,#778,#780,.T.);
#778 = VERTEX_POINT('',#779);
#779 = CARTESIAN_POINT('',(14.245835482148,-21.99274935854,
    34.473342547716));
#780 = LINE('',#781,#782);
#781 = CARTESIAN_POINT('',(15.083914454669,-23.06222200405,
    33.403869902204));
#782 = VECTOR('',#783,1.);
#783 = DIRECTION('',(-0.484680080745,0.618500290755,0.618500290756));
#784 = ORIENTED_EDGE('',*,*,#785,.T.);
#785 = EDGE_CURVE('',#778,#722,#786,.T.);
#786 = LINE('',#787,#788);
#787 = CARTESIAN_POINT('',(9.924615698189,-18.60647907684,
    31.087072266021));
#788 = VECTOR('',#789,1.);
#789 = DIRECTION('',(-0.669923599631,0.524977318871,-0.524977318871));
#790 = ORIENTED_EDGE('',*,*,#721,.T.);
#791 = PLANE('',#792);
#792 = AXIS2_PLACEMENT_3D('',#793,#794,#795);
#793 = CARTESIAN_POINT('',(11.190394796349,-21.99999999999,
    22.034190406725));
#794 = DIRECTION('',(-0.68659887022,-0.707106781187,0.169062093364));
#795 = DIRECTION('',(0.717433954504,-0.696626529013,-2.051137037995E-14)
  );
#796 = ADVANCED_FACE('',(#797),#831,.T.);
#797 = FACE_BOUND('',#798,.T.);
#798 = EDGE_LOOP('',(#799,#800,#808,#816,#824,#830));
#799 = ORIENTED_EDGE('',*,*,#689,.F.);
#800 = ORIENTED_EDGE('',*,*,#801,.T.);
#801 = EDGE_CURVE('',#682,#802,#804,.T.);
#802 = VERTEX_POINT('',#803);
#803 = CARTESIAN_POINT('',(17.081123155419,-21.74999999999,
    21.770070057711));
#804 = LINE('',#805,#806);
#805 = CARTESIAN_POINT('',(15.524559085197,-21.74999999999,
    23.264474484442));
#806 = VECTOR('',#807,1.);
#807 = DIRECTION('',(0.721363492345,3.2E-14,-0.692556648882));
#808 = ORIENTED_EDGE('',*,*,#809,.T.);
#809 = EDGE_CURVE('',#802,#810,#812,.T.);
#810 = VERTEX_POINT('',#811);
#811 = CARTESIAN_POINT('',(17.500977040036,-22.04077259935,
    21.770070057711));
#812 = LINE('',#813,#814);
#813 = CARTESIAN_POINT('',(10.19797891107,-16.98303268835,21.77007005771
    ));
#814 = VECTOR('',#815,1.);
#815 = DIRECTION('',(0.822096396173,-0.569348325192,2.934E-14));
#816 = ORIENTED_EDGE('',*,*,#817,.T.);
#817 = EDGE_CURVE('',#810,#818,#820,.T.);
#818 = VERTEX_POINT('',#819);
#819 = CARTESIAN_POINT('',(17.4020274674,-22.24999999999,22.155112533563
    ));
#820 = LINE('',#821,#822);
#821 = CARTESIAN_POINT('',(16.644200994155,-23.85241281407,
    25.10404271841));
#822 = VECTOR('',#823,1.);
#823 = DIRECTION('',(-0.220255429886,-0.46572683283,0.85707996289));
#824 = ORIENTED_EDGE('',*,*,#825,.T.);
#825 = EDGE_CURVE('',#818,#762,#826,.T.);
#826 = LINE('',#827,#828);
#827 = CARTESIAN_POINT('',(15.870837409638,-22.24999999999,
    23.625156230615));
#828 = VECTOR('',#829,1.);
#829 = DIRECTION('',(-0.721363492345,-3.2E-14,0.692556648882));
#830 = ORIENTED_EDGE('',*,*,#761,.T.);
#831 = PLANE('',#832);
#832 = AXIS2_PLACEMENT_3D('',#833,#834,#835);
#833 = CARTESIAN_POINT('',(15.697698247417,-21.99999999999,
    23.444815357528));
#834 = DIRECTION('',(-0.489711502781,-0.707106781187,-0.510081017138));
#835 = DIRECTION('',(-0.721363492345,-1.942890293094E-16,0.692556648882)
  );
#836 = ADVANCED_FACE('',(#837),#855,.F.);
#837 = FACE_BOUND('',#838,.T.);
#838 = EDGE_LOOP('',(#839,#840,#848,#854));
#839 = ORIENTED_EDGE('',*,*,#825,.F.);
#840 = ORIENTED_EDGE('',*,*,#841,.T.);
#841 = EDGE_CURVE('',#818,#842,#844,.T.);
#842 = VERTEX_POINT('',#843);
#843 = CARTESIAN_POINT('',(21.168478110381,-22.24999999999,
    34.216091906259));
#844 = LINE('',#845,#846);
#845 = CARTESIAN_POINT('',(19.849089970232,-22.24999999999,
    29.991129295222));
#846 = VECTOR('',#847,1.);
#847 = DIRECTION('',(0.298087133191,-9.06E-15,0.954538663976));
#848 = ORIENTED_EDGE('',*,*,#849,.T.);
#849 = EDGE_CURVE('',#842,#770,#850,.T.);
#850 = LINE('',#851,#852);
#851 = CARTESIAN_POINT('',(8.535089936375,-22.25,34.21609190626));
#852 = VECTOR('',#853,1.);
#853 = DIRECTION('',(-1.,-2.712E-14,4.286E-14));
#854 = ORIENTED_EDGE('',*,*,#769,.F.);
#855 = PLANE('',#856);
#856 = AXIS2_PLACEMENT_3D('',#857,#858,#859);
#857 = CARTESIAN_POINT('',(17.070179522734,-22.24999999999,
    25.209489430405));
#858 = DIRECTION('',(-2.712E-14,1.,1.796E-14));
#859 = DIRECTION('',(-1.,-2.712E-14,1.471E-14));
#860 = ADVANCED_FACE('',(#861),#919,.F.);
#861 = FACE_BOUND('',#862,.T.);
#862 = EDGE_LOOP('',(#863,#864,#872,#880,#888,#896,#904,#912,#918));
#863 = ORIENTED_EDGE('',*,*,#817,.F.);
#864 = ORIENTED_EDGE('',*,*,#865,.T.);
#865 = EDGE_CURVE('',#810,#866,#868,.T.);
#866 = VERTEX_POINT('',#867);
#867 = CARTESIAN_POINT('',(18.766657867528,-20.83263131325,
    21.77007005771));
#868 = LINE('',#869,#870);
#869 = CARTESIAN_POINT('',(14.660145684332,-24.7524559662,
    21.770070057711));
#870 = VECTOR('',#871,1.);
#871 = DIRECTION('',(0.72335799749,0.690473176501,-2.889E-14));
#872 = ORIENTED_EDGE('',*,*,#873,.F.);
#873 = EDGE_CURVE('',#874,#866,#876,.T.);
#874 = VERTEX_POINT('',#875);
#875 = CARTESIAN_POINT('',(20.5263678721,-20.83263131325,27.405037319692
    ));
#876 = LINE('',#877,#878);
#877 = CARTESIAN_POINT('',(18.817122548645,-20.83263131325,
    21.931668744561));
#878 = VECTOR('',#879,1.);
#879 = DIRECTION('',(-0.298087133191,9.09E-15,-0.954538663976));
#880 = ORIENTED_EDGE('',*,*,#881,.T.);
#881 = EDGE_CURVE('',#874,#882,#884,.T.);
#882 = VERTEX_POINT('',#883);
#883 = CARTESIAN_POINT('',(23.576253906404,-18.44628465331,
    29.165889842595));
#884 = LINE('',#885,#886);
#885 = CARTESIAN_POINT('',(14.828480348795,-25.29087490236,
    24.115360424299));
#886 = VECTOR('',#887,1.);
#887 = DIRECTION('',(0.716934758506,0.560956982363,0.413922475815));
#888 = ORIENTED_EDGE('',*,*,#889,.F.);
#889 = EDGE_CURVE('',#890,#882,#892,.T.);
#890 = VERTEX_POINT('',#891);
#891 = CARTESIAN_POINT('',(24.415231697894,-18.44628465331,
    31.852475914331));
#892 = LINE('',#893,#894);
#893 = CARTESIAN_POINT('',(25.309493097468,-18.44628465331,
    34.716091906263));
#894 = VECTOR('',#895,1.);
#895 = DIRECTION('',(-0.298087133191,8.91E-15,-0.954538663976));
#896 = ORIENTED_EDGE('',*,*,#897,.T.);
#897 = EDGE_CURVE('',#890,#898,#900,.T.);
#898 = VERTEX_POINT('',#899);
#899 = CARTESIAN_POINT('',(22.668904125162,-20.82113382187,
    34.227325082888));
#900 = LINE('',#901,#902);
#901 = CARTESIAN_POINT('',(26.115266370902,-16.13438968426,
    29.54058094528));
#902 = VECTOR('',#903,1.);
#903 = DIRECTION('',(-0.461328769646,-0.627365828802,0.627365828802));
#904 = ORIENTED_EDGE('',*,*,#905,.T.);
#905 = EDGE_CURVE('',#898,#906,#908,.T.);
#906 = VERTEX_POINT('',#907);
#907 = CARTESIAN_POINT('',(21.183754225008,-22.23876682337,
    34.227325082888));
#908 = LINE('',#909,#910);
#909 = CARTESIAN_POINT('',(18.138054134254,-25.14600531887,
    34.227325082888));
#910 = VECTOR('',#911,1.);
#911 = DIRECTION('',(-0.72335799749,-0.690473176501,1.859E-14));
#912 = ORIENTED_EDGE('',*,*,#913,.T.);
#913 = EDGE_CURVE('',#906,#842,#914,.T.);
#914 = LINE('',#915,#916);
#915 = CARTESIAN_POINT('',(17.409177194955,-25.01437380938,
    31.451718096872));
#916 = VECTOR('',#917,1.);
#917 = DIRECTION('',(-0.69313248414,-0.509689787729,-0.509689787729));
#918 = ORIENTED_EDGE('',*,*,#841,.F.);
#919 = PLANE('',#920);
#920 = AXIS2_PLACEMENT_3D('',#921,#922,#923);
#921 = CARTESIAN_POINT('',(20.525556576535,-21.54131565662,
    29.779879610969));
#922 = DIRECTION('',(-0.674960762203,0.707106781187,0.210779433264));
#923 = DIRECTION('',(-0.72335799749,-0.690473176501,-4.343747583846E-15)
  );
#924 = ADVANCED_FACE('',(#925),#952,.F.);
#925 = FACE_BOUND('',#926,.F.);
#926 = EDGE_LOOP('',(#927,#937,#944,#945));
#927 = ORIENTED_EDGE('',*,*,#928,.T.);
#928 = EDGE_CURVE('',#929,#931,#933,.T.);
#929 = VERTEX_POINT('',#930);
#930 = CARTESIAN_POINT('',(14.366295058271,-17.23653586392,
    24.376484534188));
#931 = VERTEX_POINT('',#932);
#932 = CARTESIAN_POINT('',(18.122940898874,-16.85597719323,
    34.716091906261));
#933 = LINE('',#934,#935);
#934 = CARTESIAN_POINT('',(16.108614662382,-17.06003404272,
    29.171959377321));
#935 = VECTOR('',#936,1.);
#936 = DIRECTION('',(0.341281077839,3.457272226993E-02,0.939325264636));
#937 = ORIENTED_EDGE('',*,*,#938,.T.);
#938 = EDGE_CURVE('',#931,#931,#939,.T.);
#939 = ELLIPSE('',#940,1.809809726195,1.7);
#940 = AXIS2_PLACEMENT_3D('',#941,#942,#943);
#941 = CARTESIAN_POINT('',(19.776479329232,-17.52580457749,
    34.716091906261));
#942 = DIRECTION('',(2.398E-14,1.796E-14,-1.));
#943 = DIRECTION('',(0.994908031246,0.100786950353,2.566802821762E-14));
#944 = ORIENTED_EDGE('',*,*,#928,.F.);
#945 = ORIENTED_EDGE('',*,*,#946,.T.);
#946 = EDGE_CURVE('',#929,#929,#947,.T.);
#947 = ELLIPSE('',#948,1.860055073746,1.7);
#948 = AXIS2_PLACEMENT_3D('',#949,#950,#951);
#949 = CARTESIAN_POINT('',(15.592212820629,-17.94968241104,
    23.199522425193));
#950 = DIRECTION('',(0.692556648882,5.849487560994E-15,0.721363492345));
#951 = DIRECTION('',(0.718741044263,-8.519150675073E-02,-0.690038925329)
  );
#952 = CYLINDRICAL_SURFACE('',#953,1.7);
#953 = AXIS2_PLACEMENT_3D('',#954,#955,#956);
#954 = CARTESIAN_POINT('',(17.577464188661,-17.74857092658,
    28.663630715217));
#955 = DIRECTION('',(-0.341281077839,-3.457272226993E-02,-0.939325264636
    ));
#956 = DIRECTION('',(0.864029133105,-0.405021696388,-0.299016860061));
#957 = ADVANCED_FACE('',(#958),#985,.F.);
#958 = FACE_BOUND('',#959,.T.);
#959 = EDGE_LOOP('',(#960,#961,#962,#963,#971,#979));
#960 = ORIENTED_EDGE('',*,*,#777,.F.);
#961 = ORIENTED_EDGE('',*,*,#849,.F.);
#962 = ORIENTED_EDGE('',*,*,#913,.F.);
#963 = ORIENTED_EDGE('',*,*,#964,.F.);
#964 = EDGE_CURVE('',#965,#906,#967,.T.);
#965 = VERTEX_POINT('',#966);
#966 = CARTESIAN_POINT('',(21.124292258675,-21.74999999999,
    34.716091906259));
#967 = LINE('',#968,#969);
#968 = CARTESIAN_POINT('',(21.124292258675,-21.74999999999,
    34.716091906259));
#969 = VECTOR('',#970,1.);
#970 = DIRECTION('',(8.570803284188E-02,-0.704504837849,-0.704504837849)
  );
#971 = ORIENTED_EDGE('',*,*,#972,.F.);
#972 = EDGE_CURVE('',#973,#965,#975,.T.);
#973 = VERTEX_POINT('',#974);
#974 = CARTESIAN_POINT('',(14.555607958477,-21.75,34.71609190626));
#975 = LINE('',#976,#977);
#976 = CARTESIAN_POINT('',(8.535089936375,-21.75,34.71609190626));
#977 = VECTOR('',#978,1.);
#978 = DIRECTION('',(1.,2.712E-14,-4.286E-14));
#979 = ORIENTED_EDGE('',*,*,#980,.T.);
#980 = EDGE_CURVE('',#973,#778,#981,.T.);
#981 = LINE('',#982,#983);
#982 = CARTESIAN_POINT('',(14.555607958477,-21.75,34.71609190626));
#983 = VECTOR('',#984,1.);
#984 = DIRECTION('',(-0.669923599631,-0.524977318871,-0.524977318871));
#985 = PLANE('',#986);
#986 = AXIS2_PLACEMENT_3D('',#987,#988,#989);
#987 = CARTESIAN_POINT('',(8.535089936375,-22.,34.46609190626));
#988 = DIRECTION('',(-4.948E-14,0.707106781187,-0.707106781187));
#989 = DIRECTION('',(-1.,-6.053764353311E-14,9.43764353311E-15));
#990 = ADVANCED_FACE('',(#991),#1010,.F.);
#991 = FACE_BOUND('',#992,.T.);
#992 = EDGE_LOOP('',(#993,#994,#995,#1003,#1009));
#993 = ORIENTED_EDGE('',*,*,#785,.F.);
#994 = ORIENTED_EDGE('',*,*,#980,.F.);
#995 = ORIENTED_EDGE('',*,*,#996,.F.);
#996 = EDGE_CURVE('',#997,#973,#999,.T.);
#997 = VERTEX_POINT('',#998);
#998 = CARTESIAN_POINT('',(14.555607958477,-18.24567723489,
    34.71609190626));
#999 = LINE('',#1000,#1001);
#1000 = CARTESIAN_POINT('',(14.555607958477,-13.75,34.71609190626));
#1001 = VECTOR('',#1002,1.);
#1002 = DIRECTION('',(2.712E-14,-1.,-1.796E-14));
#1003 = ORIENTED_EDGE('',*,*,#1004,.F.);
#1004 = EDGE_CURVE('',#730,#997,#1005,.T.);
#1005 = LINE('',#1006,#1007);
#1006 = CARTESIAN_POINT('',(13.936063005818,-18.44677738802,
    34.230593189172));
#1007 = VECTOR('',#1008,1.);
#1008 = DIRECTION('',(0.762615078342,0.247539760234,0.597613846384));
#1009 = ORIENTED_EDGE('',*,*,#729,.F.);
#1010 = PLANE('',#1011);
#1011 = AXIS2_PLACEMENT_3D('',#1012,#1013,#1014);
#1012 = CARTESIAN_POINT('',(14.245835482147,-13.75,34.473342547716));
#1013 = DIRECTION('',(0.616810381998,3.086E-14,-0.787111779012));
#1014 = DIRECTION('',(-2.956731321652E-14,1.,1.603657139538E-14));
#1015 = ADVANCED_FACE('',(#1016),#1050,.F.);
#1016 = FACE_BOUND('',#1017,.F.);
#1017 = EDGE_LOOP('',(#1018,#1028,#1036,#1044));
#1018 = ORIENTED_EDGE('',*,*,#1019,.T.);
#1019 = EDGE_CURVE('',#1020,#1022,#1024,.T.);
#1020 = VERTEX_POINT('',#1021);
#1021 = CARTESIAN_POINT('',(23.579579387341,-17.97556725163,
    32.988888249511));
#1022 = VERTEX_POINT('',#1023);
#1023 = CARTESIAN_POINT('',(22.660448436866,-19.22550306414,
    34.238824062022));
#1024 = LINE('',#1025,#1026);
#1025 = CARTESIAN_POINT('',(26.733146735962,-13.68699796326,
    28.700318961135));
#1026 = VECTOR('',#1027,1.);
#1027 = DIRECTION('',(-0.461328769646,-0.627365828802,0.627365828802));
#1028 = ORIENTED_EDGE('',*,*,#1029,.F.);
#1029 = EDGE_CURVE('',#1030,#1022,#1032,.T.);
#1030 = VERTEX_POINT('',#1031);
#1031 = CARTESIAN_POINT('',(20.5263678721,-19.22550157639,
    27.405037319692));
#1032 = LINE('',#1033,#1034);
#1033 = CARTESIAN_POINT('',(21.667930484411,-19.22550157639,
    31.060564611783));
#1034 = VECTOR('',#1035,1.);
#1035 = DIRECTION('',(0.298087133191,-8.78E-15,0.954538663976));
#1036 = ORIENTED_EDGE('',*,*,#1037,.F.);
#1037 = EDGE_CURVE('',#1038,#1030,#1040,.T.);
#1038 = VERTEX_POINT('',#1039);
#1039 = CARTESIAN_POINT('',(22.123854651736,-17.97556725163,
    28.327346741941));
#1040 = LINE('',#1041,#1042);
#1041 = CARTESIAN_POINT('',(14.857233411055,-23.66124767762,
    24.131961012535));
#1042 = VECTOR('',#1043,1.);
#1043 = DIRECTION('',(-0.716934758506,-0.560956982363,-0.413922475815));
#1044 = ORIENTED_EDGE('',*,*,#1045,.F.);
#1045 = EDGE_CURVE('',#1020,#1038,#1046,.T.);
#1046 = LINE('',#1047,#1048);
#1047 = CARTESIAN_POINT('',(21.719478512515,-17.97556725163,
    27.032447980147));
#1048 = VECTOR('',#1049,1.);
#1049 = DIRECTION('',(-0.298087133191,8.9E-15,-0.954538663976));
#1050 = PLANE('',#1051);
#1051 = AXIS2_PLACEMENT_3D('',#1052,#1053,#1054);
#1052 = CARTESIAN_POINT('',(21.859267463402,-17.82912064222,
    26.988794130183));
#1053 = DIRECTION('',(0.674960762202,-0.707106781187,-0.210779433264));
#1054 = DIRECTION('',(-0.674960762202,-0.707106781187,0.210779433264));
#1055 = ADVANCED_FACE('',(#1056),#1074,.F.);
#1056 = FACE_BOUND('',#1057,.T.);
#1057 = EDGE_LOOP('',(#1058,#1066,#1072,#1073));
#1058 = ORIENTED_EDGE('',*,*,#1059,.T.);
#1059 = EDGE_CURVE('',#898,#1060,#1062,.T.);
#1060 = VERTEX_POINT('',#1061);
#1061 = CARTESIAN_POINT('',(22.309493097467,-20.61867997479,
    34.716091906259));
#1062 = LINE('',#1063,#1064);
#1063 = CARTESIAN_POINT('',(22.660449530872,-20.816371405,
    34.238822574271));
#1064 = VECTOR('',#1065,1.);
#1065 = DIRECTION('',(-0.561952439639,0.316544080492,0.764205012212));
#1066 = ORIENTED_EDGE('',*,*,#1067,.F.);
#1067 = EDGE_CURVE('',#965,#1060,#1068,.T.);
#1068 = LINE('',#1069,#1070);
#1069 = CARTESIAN_POINT('',(17.865586318417,-24.8605608145,
    34.716091906259));
#1070 = VECTOR('',#1071,1.);
#1071 = DIRECTION('',(0.72335799749,0.690473176501,-1.86E-14));
#1072 = ORIENTED_EDGE('',*,*,#964,.T.);
#1073 = ORIENTED_EDGE('',*,*,#905,.F.);
#1074 = PLANE('',#1075);
#1075 = AXIS2_PLACEMENT_3D('',#1076,#1077,#1078);
#1076 = CARTESIAN_POINT('',(18.001820226336,-25.00328306668,
    34.471708494574));
#1077 = DIRECTION('',(-0.537235040901,0.56282166577,-0.628180136082));
#1078 = DIRECTION('',(-0.72335799749,-0.690473176501,-4.218847493576E-15
    ));
#1079 = ADVANCED_FACE('',(#1080,#1099),#1102,.T.);
#1080 = FACE_BOUND('',#1081,.T.);
#1081 = EDGE_LOOP('',(#1082,#1083,#1091,#1097,#1098));
#1082 = ORIENTED_EDGE('',*,*,#651,.F.);
#1083 = ORIENTED_EDGE('',*,*,#1084,.F.);
#1084 = EDGE_CURVE('',#1085,#644,#1087,.T.);
#1085 = VERTEX_POINT('',#1086);
#1086 = CARTESIAN_POINT('',(17.081123155419,-15.25,21.77007005771));
#1087 = LINE('',#1088,#1089);
#1088 = CARTESIAN_POINT('',(13.045633769076,-15.25,25.644406693348));
#1089 = VECTOR('',#1090,1.);
#1090 = DIRECTION('',(-0.721363492345,-1.647E-14,0.692556648882));
#1091 = ORIENTED_EDGE('',*,*,#1092,.T.);
#1092 = EDGE_CURVE('',#1085,#802,#1093,.T.);
#1093 = LINE('',#1094,#1095);
#1094 = CARTESIAN_POINT('',(17.081123155419,-18.74999999994,
    21.77007005771));
#1095 = VECTOR('',#1096,1.);
#1096 = DIRECTION('',(-3.939E-14,-1.,4.592E-14));
#1097 = ORIENTED_EDGE('',*,*,#801,.F.);
#1098 = ORIENTED_EDGE('',*,*,#681,.F.);
#1099 = FACE_BOUND('',#1100,.T.);
#1100 = EDGE_LOOP('',(#1101));
#1101 = ORIENTED_EDGE('',*,*,#946,.T.);
#1102 = PLANE('',#1103);
#1103 = AXIS2_PLACEMENT_3D('',#1104,#1105,#1106);
#1104 = CARTESIAN_POINT('',(15.691972313933,-18.7500002226,
    23.103746715568));
#1105 = DIRECTION('',(-0.692556648882,-5.85E-15,-0.721363492345));
#1106 = DIRECTION('',(2.558057507873E-14,-1.,-1.644940100091E-14));
#1107 = ADVANCED_FACE('',(#1108),#1135,.F.);
#1108 = FACE_BOUND('',#1109,.F.);
#1109 = EDGE_LOOP('',(#1110,#1120,#1127,#1128));
#1110 = ORIENTED_EDGE('',*,*,#1111,.T.);
#1111 = EDGE_CURVE('',#1112,#1114,#1116,.T.);
#1112 = VERTEX_POINT('',#1113);
#1113 = CARTESIAN_POINT('',(-14.36629365821,-17.23653586392,
    24.376484534189));
#1114 = VERTEX_POINT('',#1115);
#1115 = CARTESIAN_POINT('',(-18.12293949881,-16.85597719323,
    34.716091906261));
#1116 = LINE('',#1117,#1118);
#1117 = CARTESIAN_POINT('',(-16.10861326232,-17.06003404272,
    29.171959377321));
#1118 = VECTOR('',#1119,1.);
#1119 = DIRECTION('',(-0.341281077839,3.457272226992E-02,0.939325264636)
  );
#1120 = ORIENTED_EDGE('',*,*,#1121,.F.);
#1121 = EDGE_CURVE('',#1114,#1114,#1122,.T.);
#1122 = ELLIPSE('',#1123,1.809809726195,1.7);
#1123 = AXIS2_PLACEMENT_3D('',#1124,#1125,#1126);
#1124 = CARTESIAN_POINT('',(-19.77647792917,-17.5258045775,
    34.716091906261));
#1125 = DIRECTION('',(4.267E-14,-1.796E-14,1.));
#1126 = DIRECTION('',(-0.994908031246,0.100786950353,4.426285932162E-14)
  );
#1127 = ORIENTED_EDGE('',*,*,#1111,.F.);
#1128 = ORIENTED_EDGE('',*,*,#1129,.T.);
#1129 = EDGE_CURVE('',#1112,#1112,#1130,.T.);
#1130 = ELLIPSE('',#1131,1.860055073746,1.7);
#1131 = AXIS2_PLACEMENT_3D('',#1132,#1133,#1134);
#1132 = CARTESIAN_POINT('',(-15.59221142057,-17.94968241104,
    23.199522425193));
#1133 = DIRECTION('',(-0.692556648882,-1.706967900361E-14,0.721363492345
    ));
#1134 = DIRECTION('',(-0.718741044263,-8.519150675075E-02,
    -0.690038925329));
#1135 = CYLINDRICAL_SURFACE('',#1136,1.7);
#1136 = AXIS2_PLACEMENT_3D('',#1137,#1138,#1139);
#1137 = CARTESIAN_POINT('',(-17.5774627886,-17.74857092658,
    28.663630715217));
#1138 = DIRECTION('',(-0.341281077839,3.457272226992E-02,0.939325264636)
  );
#1139 = DIRECTION('',(-0.864029133105,-0.405021696388,-0.299016860061));
#1140 = ADVANCED_FACE('',(#1141),#1175,.T.);
#1141 = FACE_BOUND('',#1142,.T.);
#1142 = EDGE_LOOP('',(#1143,#1153,#1161,#1169));
#1143 = ORIENTED_EDGE('',*,*,#1144,.F.);
#1144 = EDGE_CURVE('',#1145,#1147,#1149,.T.);
#1145 = VERTEX_POINT('',#1146);
#1146 = CARTESIAN_POINT('',(-22.6689027251,-20.82113382187,
    34.227325082889));
#1147 = VERTEX_POINT('',#1148);
#1148 = CARTESIAN_POINT('',(-22.3094916974,-20.61867997479,
    34.71609190626));
#1149 = LINE('',#1150,#1151);
#1150 = CARTESIAN_POINT('',(-22.66044813081,-20.81637140501,
    34.238822574272));
#1151 = VECTOR('',#1152,1.);
#1152 = DIRECTION('',(0.561952439639,0.316544080492,0.764205012212));
#1153 = ORIENTED_EDGE('',*,*,#1154,.T.);
#1154 = EDGE_CURVE('',#1145,#1155,#1157,.T.);
#1155 = VERTEX_POINT('',#1156);
#1156 = CARTESIAN_POINT('',(-21.18375282495,-22.23876682337,
    34.227325082889));
#1157 = LINE('',#1158,#1159);
#1158 = CARTESIAN_POINT('',(-18.13805273419,-25.14600531887,
    34.227325082889));
#1159 = VECTOR('',#1160,1.);
#1160 = DIRECTION('',(0.72335799749,-0.690473176501,5.08E-15));
#1161 = ORIENTED_EDGE('',*,*,#1162,.F.);
#1162 = EDGE_CURVE('',#1163,#1155,#1165,.T.);
#1163 = VERTEX_POINT('',#1164);
#1164 = CARTESIAN_POINT('',(-21.12429085861,-21.75,34.71609190626));
#1165 = LINE('',#1166,#1167);
#1166 = CARTESIAN_POINT('',(-21.12429085861,-21.75,34.71609190626));
#1167 = VECTOR('',#1168,1.);
#1168 = DIRECTION('',(-8.570803284187E-02,-0.704504837849,
    -0.704504837849));
#1169 = ORIENTED_EDGE('',*,*,#1170,.T.);
#1170 = EDGE_CURVE('',#1163,#1147,#1171,.T.);
#1171 = LINE('',#1172,#1173);
#1172 = CARTESIAN_POINT('',(-17.86558491835,-24.8605608145,
    34.71609190626));
#1173 = VECTOR('',#1174,1.);
#1174 = DIRECTION('',(-0.72335799749,0.690473176501,-5.09E-15));
#1175 = PLANE('',#1176);
#1176 = AXIS2_PLACEMENT_3D('',#1177,#1178,#1179);
#1177 = CARTESIAN_POINT('',(-18.00181882627,-25.00328306668,
    34.471708494574));
#1178 = DIRECTION('',(-0.537235040901,-0.56282166577,0.628180136082));
#1179 = DIRECTION('',(0.72335799749,-0.690473176501,-1.754152378908E-14)
  );
#1180 = ADVANCED_FACE('',(#1181),#1222,.T.);
#1181 = FACE_BOUND('',#1182,.T.);
#1182 = EDGE_LOOP('',(#1183,#1193,#1201,#1207,#1208,#1216));
#1183 = ORIENTED_EDGE('',*,*,#1184,.T.);
#1184 = EDGE_CURVE('',#1185,#1187,#1189,.T.);
#1185 = VERTEX_POINT('',#1186);
#1186 = CARTESIAN_POINT('',(-14.44742535623,-22.25,34.21609190626));
#1187 = VERTEX_POINT('',#1188);
#1188 = CARTESIAN_POINT('',(-14.24583408208,-21.99274935854,
    34.473342547716));
#1189 = LINE('',#1190,#1191);
#1190 = CARTESIAN_POINT('',(-15.08391305461,-23.06222200405,
    33.403869902205));
#1191 = VECTOR('',#1192,1.);
#1192 = DIRECTION('',(0.484680080745,0.618500290755,0.618500290756));
#1193 = ORIENTED_EDGE('',*,*,#1194,.F.);
#1194 = EDGE_CURVE('',#1195,#1187,#1197,.T.);
#1195 = VERTEX_POINT('',#1196);
#1196 = CARTESIAN_POINT('',(-14.55560655841,-21.75,34.71609190626));
#1197 = LINE('',#1198,#1199);
#1198 = CARTESIAN_POINT('',(-14.55560655841,-21.75,34.71609190626));
#1199 = VECTOR('',#1200,1.);
#1200 = DIRECTION('',(0.669923599631,-0.524977318871,-0.524977318871));
#1201 = ORIENTED_EDGE('',*,*,#1202,.T.);
#1202 = EDGE_CURVE('',#1195,#1163,#1203,.T.);
#1203 = LINE('',#1204,#1205);
#1204 = CARTESIAN_POINT('',(-8.535088536317,-21.75,34.71609190626));
#1205 = VECTOR('',#1206,1.);
#1206 = DIRECTION('',(-1.,-5.76E-15,-2.417E-14));
#1207 = ORIENTED_EDGE('',*,*,#1162,.T.);
#1208 = ORIENTED_EDGE('',*,*,#1209,.T.);
#1209 = EDGE_CURVE('',#1155,#1210,#1212,.T.);
#1210 = VERTEX_POINT('',#1211);
#1211 = CARTESIAN_POINT('',(-21.16847671032,-22.25,34.21609190626));
#1212 = LINE('',#1213,#1214);
#1213 = CARTESIAN_POINT('',(-17.40917579489,-25.01437380938,
    31.451718096873));
#1214 = VECTOR('',#1215,1.);
#1215 = DIRECTION('',(0.69313248414,-0.509689787729,-0.509689787729));
#1216 = ORIENTED_EDGE('',*,*,#1217,.T.);
#1217 = EDGE_CURVE('',#1210,#1185,#1218,.T.);
#1218 = LINE('',#1219,#1220);
#1219 = CARTESIAN_POINT('',(-8.535088536317,-22.25,34.21609190626));
#1220 = VECTOR('',#1221,1.);
#1221 = DIRECTION('',(1.,5.76E-15,2.417E-14));
#1222 = PLANE('',#1223);
#1223 = AXIS2_PLACEMENT_3D('',#1224,#1225,#1226);
#1224 = CARTESIAN_POINT('',(-8.535088536317,-22.,34.46609190626));
#1225 = DIRECTION('',(-1.302E-14,-0.707106781187,0.707106781187));
#1226 = DIRECTION('',(1.,-2.766153029105E-14,-9.248469708952E-15));
#1227 = ADVANCED_FACE('',(#1228),#1261,.T.);
#1228 = FACE_BOUND('',#1229,.T.);
#1229 = EDGE_LOOP('',(#1230,#1238,#1246,#1254,#1260));
#1230 = ORIENTED_EDGE('',*,*,#1231,.T.);
#1231 = EDGE_CURVE('',#1187,#1232,#1234,.T.);
#1232 = VERTEX_POINT('',#1233);
#1233 = CARTESIAN_POINT('',(-13.93606160576,-21.75,34.230593189173));
#1234 = LINE('',#1235,#1236);
#1235 = CARTESIAN_POINT('',(-9.924614298131,-18.60647907684,
    31.087072266022));
#1236 = VECTOR('',#1237,1.);
#1237 = DIRECTION('',(0.669923599631,0.524977318871,-0.524977318871));
#1238 = ORIENTED_EDGE('',*,*,#1239,.T.);
#1239 = EDGE_CURVE('',#1232,#1240,#1242,.T.);
#1240 = VERTEX_POINT('',#1241);
#1241 = CARTESIAN_POINT('',(-13.93606160576,-18.44677738803,
    34.230593189173));
#1242 = LINE('',#1243,#1244);
#1243 = CARTESIAN_POINT('',(-13.93606160576,-13.75,34.230593189173));
#1244 = VECTOR('',#1245,1.);
#1245 = DIRECTION('',(-5.76E-15,1.,1.796E-14));
#1246 = ORIENTED_EDGE('',*,*,#1247,.T.);
#1247 = EDGE_CURVE('',#1240,#1248,#1250,.T.);
#1248 = VERTEX_POINT('',#1249);
#1249 = CARTESIAN_POINT('',(-14.55560655841,-18.24567723489,
    34.71609190626));
#1250 = LINE('',#1251,#1252);
#1251 = CARTESIAN_POINT('',(-13.93606160576,-18.44677738803,
    34.230593189173));
#1252 = VECTOR('',#1253,1.);
#1253 = DIRECTION('',(-0.762615078342,0.247539760234,0.597613846384));
#1254 = ORIENTED_EDGE('',*,*,#1255,.T.);
#1255 = EDGE_CURVE('',#1248,#1195,#1256,.T.);
#1256 = LINE('',#1257,#1258);
#1257 = CARTESIAN_POINT('',(-14.55560655841,-13.75,34.71609190626));
#1258 = VECTOR('',#1259,1.);
#1259 = DIRECTION('',(5.76E-15,-1.,-1.796E-14));
#1260 = ORIENTED_EDGE('',*,*,#1194,.T.);
#1261 = PLANE('',#1262);
#1262 = AXIS2_PLACEMENT_3D('',#1263,#1264,#1265);
#1263 = CARTESIAN_POINT('',(-14.24583408209,-13.75,34.473342547716));
#1264 = DIRECTION('',(0.616810381998,-1.058E-14,0.787111779012));
#1265 = DIRECTION('',(-3.312239373849E-15,1.,1.603714233485E-14));
#1266 = ADVANCED_FACE('',(#1267),#1301,.T.);
#1267 = FACE_BOUND('',#1268,.T.);
#1268 = EDGE_LOOP('',(#1269,#1279,#1287,#1295));
#1269 = ORIENTED_EDGE('',*,*,#1270,.F.);
#1270 = EDGE_CURVE('',#1271,#1273,#1275,.T.);
#1271 = VERTEX_POINT('',#1272);
#1272 = CARTESIAN_POINT('',(-23.57957798728,-17.97556725163,
    32.988888249511));
#1273 = VERTEX_POINT('',#1274);
#1274 = CARTESIAN_POINT('',(-22.12385325167,-17.97556725163,
    28.327346741942));
#1275 = LINE('',#1276,#1277);
#1276 = CARTESIAN_POINT('',(-21.71947711245,-17.97556725163,
    27.032447980147));
#1277 = VECTOR('',#1278,1.);
#1278 = DIRECTION('',(0.298087133191,1.87E-14,-0.954538663976));
#1279 = ORIENTED_EDGE('',*,*,#1280,.T.);
#1280 = EDGE_CURVE('',#1271,#1281,#1283,.T.);
#1281 = VERTEX_POINT('',#1282);
#1282 = CARTESIAN_POINT('',(-22.6604470368,-19.22550306414,
    34.238824062022));
#1283 = LINE('',#1284,#1285);
#1284 = CARTESIAN_POINT('',(-26.7331453359,-13.68699796326,
    28.700318961136));
#1285 = VECTOR('',#1286,1.);
#1286 = DIRECTION('',(0.461328769647,-0.627365828802,0.627365828802));
#1287 = ORIENTED_EDGE('',*,*,#1288,.F.);
#1288 = EDGE_CURVE('',#1289,#1281,#1291,.T.);
#1289 = VERTEX_POINT('',#1290);
#1290 = CARTESIAN_POINT('',(-20.52636647204,-19.22550157639,
    27.405037319692));
#1291 = LINE('',#1292,#1293);
#1292 = CARTESIAN_POINT('',(-21.66792908435,-19.22550157639,
    31.060564611784));
#1293 = VECTOR('',#1294,1.);
#1294 = DIRECTION('',(-0.298087133191,-1.858E-14,0.954538663976));
#1295 = ORIENTED_EDGE('',*,*,#1296,.F.);
#1296 = EDGE_CURVE('',#1273,#1289,#1297,.T.);
#1297 = LINE('',#1298,#1299);
#1298 = CARTESIAN_POINT('',(-14.85723201099,-23.66124767762,
    24.131961012535));
#1299 = VECTOR('',#1300,1.);
#1300 = DIRECTION('',(0.716934758506,-0.560956982363,-0.413922475815));
#1301 = PLANE('',#1302);
#1302 = AXIS2_PLACEMENT_3D('',#1303,#1304,#1305);
#1303 = CARTESIAN_POINT('',(-21.85926606334,-17.82912064223,
    26.988794130184));
#1304 = DIRECTION('',(0.674960762202,0.707106781187,0.210779433264));
#1305 = DIRECTION('',(0.674960762203,-0.707106781187,0.210779433264));
#1306 = ADVANCED_FACE('',(#1307),#1341,.F.);
#1307 = FACE_BOUND('',#1308,.T.);
#1308 = EDGE_LOOP('',(#1309,#1319,#1327,#1333,#1334,#1335));
#1309 = ORIENTED_EDGE('',*,*,#1310,.F.);
#1310 = EDGE_CURVE('',#1311,#1313,#1315,.T.);
#1311 = VERTEX_POINT('',#1312);
#1312 = CARTESIAN_POINT('',(-12.29596907145,-21.96650635094,
    26.664267914363));
#1313 = VERTEX_POINT('',#1314);
#1314 = CARTESIAN_POINT('',(-12.61037374972,-22.25,26.755415580382));
#1315 = LINE('',#1316,#1317);
#1316 = CARTESIAN_POINT('',(-12.31729949921,-21.98573965509,
    26.670451724083));
#1317 = VECTOR('',#1318,1.);
#1318 = DIRECTION('',(-0.726034524596,-0.654653670708,0.210481449355));
#1319 = ORIENTED_EDGE('',*,*,#1320,.F.);
#1320 = EDGE_CURVE('',#1321,#1311,#1323,.T.);
#1321 = VERTEX_POINT('',#1322);
#1322 = CARTESIAN_POINT('',(-12.17540067469,-21.75,27.080156435127));
#1323 = LINE('',#1324,#1325);
#1324 = CARTESIAN_POINT('',(-12.48226043786,-22.30103235478,
    26.021674640382));
#1325 = VECTOR('',#1326,1.);
#1326 = DIRECTION('',(-0.249045009449,-0.4472135955,-0.85905563456));
#1327 = ORIENTED_EDGE('',*,*,#1328,.F.);
#1328 = EDGE_CURVE('',#1232,#1321,#1329,.T.);
#1329 = LINE('',#1330,#1331);
#1330 = CARTESIAN_POINT('',(-10.94764403774,-21.75,22.093962883055));
#1331 = VECTOR('',#1332,1.);
#1332 = DIRECTION('',(0.239089905319,1.881E-14,-0.970997434175));
#1333 = ORIENTED_EDGE('',*,*,#1231,.F.);
#1334 = ORIENTED_EDGE('',*,*,#1184,.F.);
#1335 = ORIENTED_EDGE('',*,*,#1336,.F.);
#1336 = EDGE_CURVE('',#1313,#1185,#1337,.T.);
#1337 = LINE('',#1338,#1339);
#1338 = CARTESIAN_POINT('',(-11.43314275483,-22.25,21.974417930395));
#1339 = VECTOR('',#1340,1.);
#1340 = DIRECTION('',(-0.239089905319,-1.881E-14,0.970997434175));
#1341 = PLANE('',#1342);
#1342 = AXIS2_PLACEMENT_3D('',#1343,#1344,#1345);
#1343 = CARTESIAN_POINT('',(-11.19039339629,-22.,22.034190406725));
#1344 = DIRECTION('',(-0.68659887022,0.707106781187,-0.169062093364));
#1345 = DIRECTION('',(-0.717433954504,-0.696626529013,
    -7.258083023487E-15));
#1346 = ADVANCED_FACE('',(#1347,#1389),#1392,.F.);
#1347 = FACE_BOUND('',#1348,.T.);
#1348 = EDGE_LOOP('',(#1349,#1359,#1367,#1375,#1383));
#1349 = ORIENTED_EDGE('',*,*,#1350,.F.);
#1350 = EDGE_CURVE('',#1351,#1353,#1355,.T.);
#1351 = VERTEX_POINT('',#1352);
#1352 = CARTESIAN_POINT('',(-17.08112175536,-21.75,21.77007005771));
#1353 = VERTEX_POINT('',#1354);
#1354 = CARTESIAN_POINT('',(-12.4165374682,-21.75,26.248379393598));
#1355 = LINE('',#1356,#1357);
#1356 = CARTESIAN_POINT('',(-15.52455768513,-21.75,23.264474484442));
#1357 = VECTOR('',#1358,1.);
#1358 = DIRECTION('',(0.721363492345,-8.28E-15,0.692556648882));
#1359 = ORIENTED_EDGE('',*,*,#1360,.T.);
#1360 = EDGE_CURVE('',#1351,#1361,#1363,.T.);
#1361 = VERTEX_POINT('',#1362);
#1362 = CARTESIAN_POINT('',(-17.08112175536,-15.25,21.77007005771));
#1363 = LINE('',#1364,#1365);
#1364 = CARTESIAN_POINT('',(-17.08112175536,-18.74999999994,
    21.77007005771));
#1365 = VECTOR('',#1366,1.);
#1366 = DIRECTION('',(-7.249E-14,1.,-4.592E-14));
#1367 = ORIENTED_EDGE('',*,*,#1368,.F.);
#1368 = EDGE_CURVE('',#1369,#1361,#1371,.T.);
#1369 = VERTEX_POINT('',#1370);
#1370 = CARTESIAN_POINT('',(-9.935418332359,-15.25,28.630417814499));
#1371 = LINE('',#1372,#1373);
#1372 = CARTESIAN_POINT('',(-13.04563236901,-15.25,25.644406693349));
#1373 = VECTOR('',#1374,1.);
#1374 = DIRECTION('',(-0.721363492345,8.1E-15,-0.692556648882));
#1375 = ORIENTED_EDGE('',*,*,#1376,.F.);
#1376 = EDGE_CURVE('',#1377,#1369,#1379,.T.);
#1377 = VERTEX_POINT('',#1378);
#1378 = CARTESIAN_POINT('',(-12.4165374682,-18.22868165531,
    26.248379393599));
#1379 = LINE('',#1380,#1381);
#1380 = CARTESIAN_POINT('',(-162.3119994521,-198.1841124021,
    -117.6611751317));
#1381 = VECTOR('',#1382,1.);
#1382 = DIRECTION('',(0.545299544465,0.654653670708,0.523523617648));
#1383 = ORIENTED_EDGE('',*,*,#1384,.F.);
#1384 = EDGE_CURVE('',#1353,#1377,#1385,.T.);
#1385 = LINE('',#1386,#1387);
#1386 = CARTESIAN_POINT('',(-12.4165374682,-17.0000001113,
    26.248379393599));
#1387 = VECTOR('',#1388,1.);
#1388 = DIRECTION('',(-5.8E-15,1.,1.811E-14));
#1389 = FACE_BOUND('',#1390,.T.);
#1390 = EDGE_LOOP('',(#1391));
#1391 = ORIENTED_EDGE('',*,*,#1129,.T.);
#1392 = PLANE('',#1393);
#1393 = AXIS2_PLACEMENT_3D('',#1394,#1395,#1396);
#1394 = CARTESIAN_POINT('',(-15.69197091387,-18.7500002226,
    23.103746715568));
#1395 = DIRECTION('',(-0.692556648882,-1.708E-14,0.721363492345));
#1396 = DIRECTION('',(7.319849841688E-15,-1.,-1.664984359586E-14));
#1397 = ADVANCED_FACE('',(#1398),#1432,.T.);
#1398 = FACE_BOUND('',#1399,.T.);
#1399 = EDGE_LOOP('',(#1400,#1408,#1416,#1424,#1430,#1431));
#1400 = ORIENTED_EDGE('',*,*,#1401,.F.);
#1401 = EDGE_CURVE('',#1402,#1321,#1404,.T.);
#1402 = VERTEX_POINT('',#1403);
#1403 = CARTESIAN_POINT('',(-12.17540067469,-18.40804138911,
    27.080156435127));
#1404 = LINE('',#1405,#1406);
#1405 = CARTESIAN_POINT('',(-12.17540067469,-17.0000001113,
    27.080156435127));
#1406 = VECTOR('',#1407,1.);
#1407 = DIRECTION('',(5.8E-15,-1.,-1.811E-14));
#1408 = ORIENTED_EDGE('',*,*,#1409,.F.);
#1409 = EDGE_CURVE('',#1410,#1402,#1412,.T.);
#1410 = VERTEX_POINT('',#1411);
#1411 = CARTESIAN_POINT('',(-12.1849790287,-18.45710678118,
    27.119056267182));
#1412 = LINE('',#1413,#1414);
#1413 = CARTESIAN_POINT('',(-17.08473666798,-43.55625528665,
    47.018064924501));
#1414 = VECTOR('',#1415,1.);
#1415 = DIRECTION('',(0.151213733273,0.774596669241,-0.614112698835));
#1416 = ORIENTED_EDGE('',*,*,#1417,.F.);
#1417 = EDGE_CURVE('',#1418,#1410,#1420,.T.);
#1418 = VERTEX_POINT('',#1419);
#1419 = CARTESIAN_POINT('',(-13.93426313671,-18.45710678118,
    34.223289205226));
#1420 = LINE('',#1421,#1422);
#1421 = CARTESIAN_POINT('',(162.35970213942,-18.45710678117,
    -681.7458259071));
#1422 = VECTOR('',#1423,1.);
#1423 = DIRECTION('',(0.239089905319,1.879E-14,-0.970997434175));
#1424 = ORIENTED_EDGE('',*,*,#1425,.F.);
#1425 = EDGE_CURVE('',#1240,#1418,#1426,.T.);
#1426 = LINE('',#1427,#1428);
#1427 = CARTESIAN_POINT('',(-17.76682077458,3.554945469244,
    49.788160619335));
#1428 = VECTOR('',#1429,1.);
#1429 = DIRECTION('',(0.140746548883,-0.808368896391,-0.571603128338));
#1430 = ORIENTED_EDGE('',*,*,#1239,.F.);
#1431 = ORIENTED_EDGE('',*,*,#1328,.T.);
#1432 = PLANE('',#1433);
#1433 = AXIS2_PLACEMENT_3D('',#1434,#1435,#1436);
#1434 = CARTESIAN_POINT('',(-9.874368405972,-15.25,17.735151149764));
#1435 = DIRECTION('',(0.970997434175,1.3E-15,0.239089905319));
#1436 = DIRECTION('',(-0.239089905319,-1.882E-14,0.970997434175));
#1437 = ADVANCED_FACE('',(#1438),#1462,.T.);
#1438 = FACE_BOUND('',#1439,.T.);
#1439 = EDGE_LOOP('',(#1440,#1441,#1449,#1455,#1456));
#1440 = ORIENTED_EDGE('',*,*,#1376,.T.);
#1441 = ORIENTED_EDGE('',*,*,#1442,.F.);
#1442 = EDGE_CURVE('',#1443,#1369,#1445,.T.);
#1443 = VERTEX_POINT('',#1444);
#1444 = CARTESIAN_POINT('',(-9.513591171149,-15.25,29.6837652414));
#1445 = LINE('',#1446,#1447);
#1446 = CARTESIAN_POINT('',(-46.91295741833,-15.24999999999,
    -63.70644247122));
#1447 = VECTOR('',#1448,1.);
#1448 = DIRECTION('',(-0.371761550467,1.431E-14,-0.928328255303));
#1449 = ORIENTED_EDGE('',*,*,#1450,.T.);
#1450 = EDGE_CURVE('',#1443,#1410,#1451,.T.);
#1451 = LINE('',#1452,#1453);
#1452 = CARTESIAN_POINT('',(-162.3163099331,-198.6957074961,
    -117.0169480173));
#1453 = VECTOR('',#1454,1.);
#1454 = DIRECTION('',(-0.545299544465,-0.654653670708,-0.523523617648));
#1455 = ORIENTED_EDGE('',*,*,#1409,.T.);
#1456 = ORIENTED_EDGE('',*,*,#1457,.F.);
#1457 = EDGE_CURVE('',#1377,#1402,#1458,.T.);
#1458 = LINE('',#1459,#1460);
#1459 = CARTESIAN_POINT('',(-12.4165374682,-18.22868165531,
    26.248379393599));
#1460 = VECTOR('',#1461,1.);
#1461 = DIRECTION('',(0.272654662168,-0.202803010332,0.940494749692));
#1462 = PLANE('',#1463);
#1463 = AXIS2_PLACEMENT_3D('',#1464,#1465,#1466);
#1464 = CARTESIAN_POINT('',(-162.3141546926,-198.4399099491,
    -117.3390615745));
#1465 = DIRECTION('',(0.838224881985,-0.429766251885,-0.335678441313));
#1466 = DIRECTION('',(-0.371761550467,-1.110223024625E-16,
    -0.928328255303));
#1467 = ADVANCED_FACE('',(#1468),#1480,.T.);
#1468 = FACE_BOUND('',#1469,.T.);
#1469 = EDGE_LOOP('',(#1470,#1476,#1477,#1478,#1479));
#1470 = ORIENTED_EDGE('',*,*,#1471,.F.);
#1471 = EDGE_CURVE('',#1353,#1311,#1472,.T.);
#1472 = LINE('',#1473,#1474);
#1473 = CARTESIAN_POINT('',(-13.02056334512,-20.66534231186,
    24.164853069855));
#1474 = VECTOR('',#1475,1.);
#1475 = DIRECTION('',(0.249045009449,-0.4472135955,0.85905563456));
#1476 = ORIENTED_EDGE('',*,*,#1384,.T.);
#1477 = ORIENTED_EDGE('',*,*,#1457,.T.);
#1478 = ORIENTED_EDGE('',*,*,#1401,.T.);
#1479 = ORIENTED_EDGE('',*,*,#1320,.T.);
#1480 = PLANE('',#1481);
#1481 = AXIS2_PLACEMENT_3D('',#1482,#1483,#1484);
#1482 = CARTESIAN_POINT('',(-12.29596907145,-17.0000001113,
    26.664267914363));
#1483 = DIRECTION('',(0.960453397665,1.061E-14,-0.278440785293));
#1484 = DIRECTION('',(-0.278440785293,2.1E-16,-0.960453397665));
#1485 = ADVANCED_FACE('',(#1486),#1504,.T.);
#1486 = FACE_BOUND('',#1487,.T.);
#1487 = EDGE_LOOP('',(#1488,#1496,#1497,#1498));
#1488 = ORIENTED_EDGE('',*,*,#1489,.F.);
#1489 = EDGE_CURVE('',#1313,#1490,#1492,.T.);
#1490 = VERTEX_POINT('',#1491);
#1491 = CARTESIAN_POINT('',(-17.40202606734,-22.25,22.155112533563));
#1492 = LINE('',#1493,#1494);
#1493 = CARTESIAN_POINT('',(-15.87083600958,-22.25,23.625156230615));
#1494 = VECTOR('',#1495,1.);
#1495 = DIRECTION('',(-0.721363492345,8.28E-15,-0.692556648882));
#1496 = ORIENTED_EDGE('',*,*,#1336,.T.);
#1497 = ORIENTED_EDGE('',*,*,#1217,.F.);
#1498 = ORIENTED_EDGE('',*,*,#1499,.F.);
#1499 = EDGE_CURVE('',#1490,#1210,#1500,.T.);
#1500 = LINE('',#1501,#1502);
#1501 = CARTESIAN_POINT('',(-19.84908857017,-22.25,29.991129295222));
#1502 = VECTOR('',#1503,1.);
#1503 = DIRECTION('',(-0.298087133191,-1.886E-14,0.954538663976));
#1504 = PLANE('',#1505);
#1505 = AXIS2_PLACEMENT_3D('',#1506,#1507,#1508);
#1506 = CARTESIAN_POINT('',(-17.07017812267,-22.25,25.209489430405));
#1507 = DIRECTION('',(5.76E-15,-1.,-1.796E-14));
#1508 = DIRECTION('',(1.,5.76E-15,-3.97E-15));
#1509 = ADVANCED_FACE('',(#1510),#1561,.T.);
#1510 = FACE_BOUND('',#1511,.T.);
#1511 = EDGE_LOOP('',(#1512,#1520,#1521,#1522,#1523,#1531,#1539,#1547,
    #1555));
#1512 = ORIENTED_EDGE('',*,*,#1513,.F.);
#1513 = EDGE_CURVE('',#1490,#1514,#1516,.T.);
#1514 = VERTEX_POINT('',#1515);
#1515 = CARTESIAN_POINT('',(-17.50097563997,-22.04077259935,
    21.77007005771));
#1516 = LINE('',#1517,#1518);
#1517 = CARTESIAN_POINT('',(-16.64419959409,-23.85241281407,
    25.104042718411));
#1518 = VECTOR('',#1519,1.);
#1519 = DIRECTION('',(-0.220255429886,0.46572683283,-0.85707996289));
#1520 = ORIENTED_EDGE('',*,*,#1499,.T.);
#1521 = ORIENTED_EDGE('',*,*,#1209,.F.);
#1522 = ORIENTED_EDGE('',*,*,#1154,.F.);
#1523 = ORIENTED_EDGE('',*,*,#1524,.F.);
#1524 = EDGE_CURVE('',#1525,#1145,#1527,.T.);
#1525 = VERTEX_POINT('',#1526);
#1526 = CARTESIAN_POINT('',(-24.41523029783,-18.44628465331,
    31.852475914331));
#1527 = LINE('',#1528,#1529);
#1528 = CARTESIAN_POINT('',(-26.11526497084,-16.13438968426,
    29.540580945281));
#1529 = VECTOR('',#1530,1.);
#1530 = DIRECTION('',(0.461328769646,-0.627365828802,0.627365828802));
#1531 = ORIENTED_EDGE('',*,*,#1532,.T.);
#1532 = EDGE_CURVE('',#1525,#1533,#1535,.T.);
#1533 = VERTEX_POINT('',#1534);
#1534 = CARTESIAN_POINT('',(-23.57625250634,-18.44628465331,
    29.165889842595));
#1535 = LINE('',#1536,#1537);
#1536 = CARTESIAN_POINT('',(-25.30949169741,-18.44628465331,
    34.716091906264));
#1537 = VECTOR('',#1538,1.);
#1538 = DIRECTION('',(0.298087133191,1.871E-14,-0.954538663976));
#1539 = ORIENTED_EDGE('',*,*,#1540,.F.);
#1540 = EDGE_CURVE('',#1541,#1533,#1543,.T.);
#1541 = VERTEX_POINT('',#1542);
#1542 = CARTESIAN_POINT('',(-20.52636647204,-20.83263131325,
    27.405037319692));
#1543 = LINE('',#1544,#1545);
#1544 = CARTESIAN_POINT('',(-14.82847894873,-25.29087490236,
    24.115360424299));
#1545 = VECTOR('',#1546,1.);
#1546 = DIRECTION('',(-0.716934758506,0.560956982363,0.413922475815));
#1547 = ORIENTED_EDGE('',*,*,#1548,.T.);
#1548 = EDGE_CURVE('',#1541,#1549,#1551,.T.);
#1549 = VERTEX_POINT('',#1550);
#1550 = CARTESIAN_POINT('',(-18.76665646747,-20.83263131325,
    21.77007005771));
#1551 = LINE('',#1552,#1553);
#1552 = CARTESIAN_POINT('',(-18.81712114858,-20.83263131325,
    21.931668744561));
#1553 = VECTOR('',#1554,1.);
#1554 = DIRECTION('',(0.298087133191,1.889E-14,-0.954538663976));
#1555 = ORIENTED_EDGE('',*,*,#1556,.T.);
#1556 = EDGE_CURVE('',#1549,#1514,#1557,.T.);
#1557 = LINE('',#1558,#1559);
#1558 = CARTESIAN_POINT('',(-14.66014428427,-24.7524559662,
    21.770070057711));
#1559 = VECTOR('',#1560,1.);
#1560 = DIRECTION('',(0.72335799749,-0.690473176501,3.452E-14));
#1561 = PLANE('',#1562);
#1562 = AXIS2_PLACEMENT_3D('',#1563,#1564,#1565);
#1563 = CARTESIAN_POINT('',(-20.52555517647,-21.54131565662,
    29.779879610969));
#1564 = DIRECTION('',(-0.674960762202,-0.707106781187,-0.210779433264));
#1565 = DIRECTION('',(0.72335799749,-0.690473176501,-1.759703494031E-14)
  );
#1566 = ADVANCED_FACE('',(#1567),#1580,.T.);
#1567 = FACE_BOUND('',#1568,.T.);
#1568 = EDGE_LOOP('',(#1569,#1575,#1576,#1577,#1578,#1579));
#1569 = ORIENTED_EDGE('',*,*,#1570,.T.);
#1570 = EDGE_CURVE('',#1514,#1351,#1571,.T.);
#1571 = LINE('',#1572,#1573);
#1572 = CARTESIAN_POINT('',(-10.19797751101,-16.98303268835,
    21.77007005771));
#1573 = VECTOR('',#1574,1.);
#1574 = DIRECTION('',(0.822096396173,0.569348325192,-2.294E-14));
#1575 = ORIENTED_EDGE('',*,*,#1350,.T.);
#1576 = ORIENTED_EDGE('',*,*,#1471,.T.);
#1577 = ORIENTED_EDGE('',*,*,#1310,.T.);
#1578 = ORIENTED_EDGE('',*,*,#1489,.T.);
#1579 = ORIENTED_EDGE('',*,*,#1513,.T.);
#1580 = PLANE('',#1581);
#1581 = AXIS2_PLACEMENT_3D('',#1582,#1583,#1584);
#1582 = CARTESIAN_POINT('',(-15.69769684736,-22.,23.444815357529));
#1583 = DIRECTION('',(0.489711502781,-0.707106781187,-0.510081017138));
#1584 = DIRECTION('',(-0.721363492345,2.775557561563E-17,-0.692556648882
    ));
#1585 = ADVANCED_FACE('',(#1586,#1718,#1729,#1740,#1751,#1762),#1773,.T.
  );
#1586 = FACE_BOUND('',#1587,.T.);
#1587 = EDGE_LOOP('',(#1588,#1596,#1604,#1610,#1611,#1612,#1620,#1628,
    #1636,#1644,#1652,#1661,#1669,#1678,#1686,#1694,#1702,#1710,#1716,
    #1717));
#1588 = ORIENTED_EDGE('',*,*,#1589,.T.);
#1589 = EDGE_CURVE('',#636,#1590,#1592,.T.);
#1590 = VERTEX_POINT('',#1591);
#1591 = CARTESIAN_POINT('',(10.629593000289,-15.25,34.21609190626));
#1592 = LINE('',#1593,#1594);
#1593 = CARTESIAN_POINT('',(-165.8003567395,-15.24999999998,
    -682.3052864443));
#1594 = VECTOR('',#1595,1.);
#1595 = DIRECTION('',(0.239089905319,-1.583E-14,0.970997434175));
#1596 = ORIENTED_EDGE('',*,*,#1597,.T.);
#1597 = EDGE_CURVE('',#1590,#1598,#1600,.T.);
#1598 = VERTEX_POINT('',#1599);
#1599 = CARTESIAN_POINT('',(-10.62959160023,-15.25,34.216091906261));
#1600 = LINE('',#1601,#1602);
#1601 = CARTESIAN_POINT('',(-336.8454661106,-15.25,34.216091906275));
#1602 = VECTOR('',#1603,1.);
#1603 = DIRECTION('',(-1.,-2.709E-14,4.286E-14));
#1604 = ORIENTED_EDGE('',*,*,#1605,.T.);
#1605 = EDGE_CURVE('',#1598,#1443,#1606,.T.);
#1606 = LINE('',#1607,#1608);
#1607 = CARTESIAN_POINT('',(165.80035813961,-15.24999999998,
    -682.3052864443));
#1608 = VECTOR('',#1609,1.);
#1609 = DIRECTION('',(0.239089905319,1.861E-14,-0.970997434175));
#1610 = ORIENTED_EDGE('',*,*,#1442,.T.);
#1611 = ORIENTED_EDGE('',*,*,#1368,.T.);
#1612 = ORIENTED_EDGE('',*,*,#1613,.T.);
#1613 = EDGE_CURVE('',#1361,#1614,#1616,.T.);
#1614 = VERTEX_POINT('',#1615);
#1615 = CARTESIAN_POINT('',(-18.24284321729,-15.25,21.77007005771));
#1616 = LINE('',#1617,#1618);
#1617 = CARTESIAN_POINT('',(7.0002896819E-07,-15.25,21.77007005771));
#1618 = VECTOR('',#1619,1.);
#1619 = DIRECTION('',(-1.,-5.8E-15,-3.89E-15));
#1620 = ORIENTED_EDGE('',*,*,#1621,.F.);
#1621 = EDGE_CURVE('',#1622,#1614,#1624,.T.);
#1622 = VERTEX_POINT('',#1623);
#1623 = CARTESIAN_POINT('',(-12.26220719754,-15.25,2.618796217376));
#1624 = LINE('',#1625,#1626);
#1625 = CARTESIAN_POINT('',(-18.84866371169,-15.25,23.710036667976));
#1626 = VECTOR('',#1627,1.);
#1627 = DIRECTION('',(-0.298087133191,-1.866E-14,0.954538663976));
#1628 = ORIENTED_EDGE('',*,*,#1629,.F.);
#1629 = EDGE_CURVE('',#1630,#1622,#1632,.T.);
#1630 = VERTEX_POINT('',#1631);
#1631 = CARTESIAN_POINT('',(-12.25706550235,-15.24999999999,
    1.463519791828));
#1632 = LINE('',#1633,#1634);
#1633 = CARTESIAN_POINT('',(-12.29572769311,-15.25,10.150444229205));
#1634 = VECTOR('',#1635,1.);
#1635 = DIRECTION('',(-4.450574899903E-03,-1.776E-14,0.999990096142));
#1636 = ORIENTED_EDGE('',*,*,#1637,.F.);
#1637 = EDGE_CURVE('',#1638,#1630,#1640,.T.);
#1638 = VERTEX_POINT('',#1639);
#1639 = CARTESIAN_POINT('',(-4.02771626155,-15.25,1.463519791828));
#1640 = LINE('',#1641,#1642);
#1641 = CARTESIAN_POINT('',(336.8454669857,-15.24999999999,
    1.463519791835));
#1642 = VECTOR('',#1643,1.);
#1643 = DIRECTION('',(-1.,-5.8E-15,-2.027E-14));
#1644 = ORIENTED_EDGE('',*,*,#1645,.T.);
#1645 = EDGE_CURVE('',#1638,#1646,#1648,.T.);
#1646 = VERTEX_POINT('',#1647);
#1647 = CARTESIAN_POINT('',(-4.092081565225,-15.25,1.921502724767));
#1648 = LINE('',#1649,#1650);
#1649 = CARTESIAN_POINT('',(194.27647127737,-15.24999999997,
    -1.409544092025E+03));
#1650 = VECTOR('',#1651,1.);
#1651 = DIRECTION('',(-0.139173100962,-1.815E-14,0.990268068741));
#1652 = ORIENTED_EDGE('',*,*,#1653,.T.);
#1653 = EDGE_CURVE('',#1646,#1654,#1656,.T.);
#1654 = VERTEX_POINT('',#1655);
#1655 = CARTESIAN_POINT('',(-2.606679462113,-15.25,3.63026237621));
#1656 = CIRCLE('',#1657,1.5);
#1657 = AXIS2_PLACEMENT_3D('',#1658,#1659,#1660);
#1658 = CARTESIAN_POINT('',(-2.606679462113,-15.24999999999,
    2.13026237621));
#1659 = DIRECTION('',(-5.8E-15,1.,1.752E-14));
#1660 = DIRECTION('',(-0.754709580223,-1.58714697532E-14,0.65605902899)
  );
#1661 = ORIENTED_EDGE('',*,*,#1662,.T.);
#1662 = EDGE_CURVE('',#1654,#1663,#1665,.T.);
#1663 = VERTEX_POINT('',#1664);
#1664 = CARTESIAN_POINT('',(9.052070321729,-15.24999999999,
    3.630262376211));
#1665 = LINE('',#1666,#1667);
#1666 = CARTESIAN_POINT('',(-336.8794493991,-15.25,3.630262376226));
#1667 = VECTOR('',#1668,1.);
#1668 = DIRECTION('',(1.,2.708E-14,-4.512E-14));
#1669 = ORIENTED_EDGE('',*,*,#1670,.T.);
#1670 = EDGE_CURVE('',#1663,#1671,#1673,.T.);
#1671 = VERTEX_POINT('',#1672);
#1672 = CARTESIAN_POINT('',(10.537472424841,-15.24999999999,
    1.92150272477));
#1673 = CIRCLE('',#1674,1.5);
#1674 = AXIS2_PLACEMENT_3D('',#1675,#1676,#1677);
#1675 = CARTESIAN_POINT('',(9.052070321729,-15.24999999999,
    2.130262376211));
#1676 = DIRECTION('',(-5.8E-15,1.,1.752E-14));
#1677 = DIRECTION('',(0.754709580223,-7.116838622622E-15,0.656059028991)
  );
#1678 = ORIENTED_EDGE('',*,*,#1679,.T.);
#1679 = EDGE_CURVE('',#1671,#1680,#1682,.T.);
#1680 = VERTEX_POINT('',#1681);
#1681 = CARTESIAN_POINT('',(10.473107121166,-15.24999999999,
    1.463519791829));
#1682 = LINE('',#1683,#1684);
#1683 = CARTESIAN_POINT('',(-174.8984330582,-15.24999999997,
    -1.317523524592E+03));
#1684 = VECTOR('',#1685,1.);
#1685 = DIRECTION('',(-0.13917310096,1.654E-14,-0.990268068742));
#1686 = ORIENTED_EDGE('',*,*,#1687,.F.);
#1687 = EDGE_CURVE('',#1688,#1680,#1690,.T.);
#1688 = VERTEX_POINT('',#1689);
#1689 = CARTESIAN_POINT('',(12.257066202384,-15.24999999999,
    1.463519791828));
#1690 = LINE('',#1691,#1692);
#1691 = CARTESIAN_POINT('',(336.8454669857,-15.24999999999,
    1.463519791835));
#1692 = VECTOR('',#1693,1.);
#1693 = DIRECTION('',(-1.,-5.8E-15,-2.027E-14));
#1694 = ORIENTED_EDGE('',*,*,#1695,.F.);
#1695 = EDGE_CURVE('',#1696,#1688,#1698,.T.);
#1696 = VERTEX_POINT('',#1697);
#1697 = CARTESIAN_POINT('',(12.262207887448,-15.24999999999,
    2.618793943327));
#1698 = LINE('',#1699,#1700);
#1699 = CARTESIAN_POINT('',(12.327607195447,-15.25,17.313223711217));
#1700 = VECTOR('',#1701,1.);
#1701 = DIRECTION('',(-4.450574899922E-03,1.771E-14,-0.999990096142));
#1702 = ORIENTED_EDGE('',*,*,#1703,.F.);
#1703 = EDGE_CURVE('',#1704,#1696,#1706,.T.);
#1704 = VERTEX_POINT('',#1705);
#1705 = CARTESIAN_POINT('',(18.242844617348,-15.25,21.77007005771));
#1706 = LINE('',#1707,#1708);
#1707 = CARTESIAN_POINT('',(18.848665111755,-15.25,23.710036667976));
#1708 = VECTOR('',#1709,1.);
#1709 = DIRECTION('',(-0.298087133191,1.52E-14,-0.954538663976));
#1710 = ORIENTED_EDGE('',*,*,#1711,.T.);
#1711 = EDGE_CURVE('',#1704,#1085,#1712,.T.);
#1712 = LINE('',#1713,#1714);
#1713 = CARTESIAN_POINT('',(7.0002896819E-07,-15.25,21.77007005771));
#1714 = VECTOR('',#1715,1.);
#1715 = DIRECTION('',(-1.,-5.8E-15,-3.89E-15));
#1716 = ORIENTED_EDGE('',*,*,#1084,.T.);
#1717 = ORIENTED_EDGE('',*,*,#643,.T.);
#1718 = FACE_BOUND('',#1719,.T.);
#1719 = EDGE_LOOP('',(#1720));
#1720 = ORIENTED_EDGE('',*,*,#1721,.F.);
#1721 = EDGE_CURVE('',#1722,#1722,#1724,.T.);
#1722 = VERTEX_POINT('',#1723);
#1723 = CARTESIAN_POINT('',(-6.124999988073,-15.25,18.895256517965));
#1724 = CIRCLE('',#1725,1.875);
#1725 = AXIS2_PLACEMENT_3D('',#1726,#1727,#1728);
#1726 = CARTESIAN_POINT('',(-7.999999988073,-15.25,18.895256517965));
#1727 = DIRECTION('',(5.8E-15,-1.,-1.752E-14));
#1728 = DIRECTION('',(-1.,-5.8E-15,9.44E-15));
#1729 = FACE_BOUND('',#1730,.T.);
#1730 = EDGE_LOOP('',(#1731));
#1731 = ORIENTED_EDGE('',*,*,#1732,.F.);
#1732 = EDGE_CURVE('',#1733,#1733,#1735,.T.);
#1733 = VERTEX_POINT('',#1734);
#1734 = CARTESIAN_POINT('',(9.875000011928,-15.25,18.895256517965));
#1735 = CIRCLE('',#1736,1.875);
#1736 = AXIS2_PLACEMENT_3D('',#1737,#1738,#1739);
#1737 = CARTESIAN_POINT('',(8.000000011928,-15.25,18.895256517965));
#1738 = DIRECTION('',(5.8E-15,-1.,-1.752E-14));
#1739 = DIRECTION('',(-1.,-5.8E-15,9.44E-15));
#1740 = FACE_BOUND('',#1741,.T.);
#1741 = EDGE_LOOP('',(#1742));
#1742 = ORIENTED_EDGE('',*,*,#1743,.F.);
#1743 = EDGE_CURVE('',#1744,#1744,#1746,.T.);
#1744 = VERTEX_POINT('',#1745);
#1745 = CARTESIAN_POINT('',(-2.599999649987,-15.25,18.895256608555));
#1746 = CIRCLE('',#1747,2.6);
#1747 = AXIS2_PLACEMENT_3D('',#1748,#1749,#1750);
#1748 = CARTESIAN_POINT('',(3.5001326946E-07,-15.25,18.895256608555));
#1749 = DIRECTION('',(5.8E-15,-1.,-1.752E-14));
#1750 = DIRECTION('',(1.,5.8E-15,-9.44E-15));
#1751 = FACE_BOUND('',#1752,.T.);
#1752 = EDGE_LOOP('',(#1753));
#1753 = ORIENTED_EDGE('',*,*,#1754,.F.);
#1754 = EDGE_CURVE('',#1755,#1755,#1757,.T.);
#1755 = VERTEX_POINT('',#1756);
#1756 = CARTESIAN_POINT('',(1.875000011928,-15.25,26.895256517965));
#1757 = CIRCLE('',#1758,1.875);
#1758 = AXIS2_PLACEMENT_3D('',#1759,#1760,#1761);
#1759 = CARTESIAN_POINT('',(1.192750553E-08,-15.25,26.895256517965));
#1760 = DIRECTION('',(5.8E-15,-1.,-1.752E-14));
#1761 = DIRECTION('',(-1.,-5.8E-15,9.44E-15));
#1762 = FACE_BOUND('',#1763,.T.);
#1763 = EDGE_LOOP('',(#1764));
#1764 = ORIENTED_EDGE('',*,*,#1765,.F.);
#1765 = EDGE_CURVE('',#1766,#1766,#1768,.T.);
#1766 = VERTEX_POINT('',#1767);
#1767 = CARTESIAN_POINT('',(1.875000011927,-15.25,10.895256517965));
#1768 = CIRCLE('',#1769,1.875);
#1769 = AXIS2_PLACEMENT_3D('',#1770,#1771,#1772);
#1770 = CARTESIAN_POINT('',(1.192730206E-08,-15.25,10.895256517965));
#1771 = DIRECTION('',(5.8E-15,-1.,-1.752E-14));
#1772 = DIRECTION('',(-1.,-5.8E-15,9.44E-15));
#1773 = PLANE('',#1774);
#1774 = AXIS2_PLACEMENT_3D('',#1775,#1776,#1777);
#1775 = CARTESIAN_POINT('',(7.0002902168E-07,-15.25,17.353214247207));
#1776 = DIRECTION('',(5.8E-15,-1.,-1.774E-14));
#1777 = DIRECTION('',(1.,5.8E-15,-5.11E-15));
#1778 = ADVANCED_FACE('',(#1779),#1911,.F.);
#1779 = FACE_BOUND('',#1780,.F.);
#1780 = EDGE_LOOP('',(#1781,#1782,#1788,#1789,#1797,#1805,#1813,#1821,
    #1830,#1838,#1847,#1856,#1864,#1873,#1881,#1889,#1897,#1905));
#1781 = ORIENTED_EDGE('',*,*,#1288,.F.);
#1782 = ORIENTED_EDGE('',*,*,#1783,.F.);
#1783 = EDGE_CURVE('',#1541,#1289,#1784,.T.);
#1784 = LINE('',#1785,#1786);
#1785 = CARTESIAN_POINT('',(-20.52636647204,-1.277451559556,
    27.405037319693));
#1786 = VECTOR('',#1787,1.);
#1787 = DIRECTION('',(-8.06E-15,1.,2.524E-14));
#1788 = ORIENTED_EDGE('',*,*,#1548,.T.);
#1789 = ORIENTED_EDGE('',*,*,#1790,.F.);
#1790 = EDGE_CURVE('',#1791,#1549,#1793,.T.);
#1791 = VERTEX_POINT('',#1792);
#1792 = CARTESIAN_POINT('',(-18.76665646747,-14.75,21.77007005771));
#1793 = LINE('',#1794,#1795);
#1794 = CARTESIAN_POINT('',(-18.76665646747,-2.021427036292,
    21.770070057709));
#1795 = VECTOR('',#1796,1.);
#1796 = DIRECTION('',(-1.416E-14,-1.,4.614E-14));
#1797 = ORIENTED_EDGE('',*,*,#1798,.T.);
#1798 = EDGE_CURVE('',#1791,#1799,#1801,.T.);
#1799 = VERTEX_POINT('',#1800);
#1800 = CARTESIAN_POINT('',(-12.76186792178,-14.75,2.541452429361));
#1801 = LINE('',#1802,#1803);
#1802 = CARTESIAN_POINT('',(-19.32593304368,-14.75,23.560993101381));
#1803 = VECTOR('',#1804,1.);
#1804 = DIRECTION('',(0.298087133191,1.866E-14,-0.954538663976));
#1805 = ORIENTED_EDGE('',*,*,#1806,.T.);
#1806 = EDGE_CURVE('',#1799,#1807,#1809,.T.);
#1807 = VERTEX_POINT('',#1808);
#1808 = CARTESIAN_POINT('',(-12.7618679319,12.936477791738,2.54145470341
    ));
#1809 = LINE('',#1810,#1811);
#1810 = CARTESIAN_POINT('',(-12.76186792178,-0.271427147649,
    2.541452429361));
#1811 = VECTOR('',#1812,1.);
#1812 = DIRECTION('',(-5.8E-15,1.,1.752E-14));
#1813 = ORIENTED_EDGE('',*,*,#1814,.T.);
#1814 = EDGE_CURVE('',#1807,#1815,#1817,.T.);
#1815 = VERTEX_POINT('',#1816);
#1816 = CARTESIAN_POINT('',(-14.18879299568,12.93647779998,
    7.110773510948));
#1817 = LINE('',#1818,#1819);
#1818 = CARTESIAN_POINT('',(-18.78819050853,12.936477799979,
    21.839026656297));
#1819 = VECTOR('',#1820,1.);
#1820 = DIRECTION('',(-0.298087133191,-2.472E-14,0.954538663976));
#1821 = ORIENTED_EDGE('',*,*,#1822,.F.);
#1822 = EDGE_CURVE('',#1823,#1815,#1825,.T.);
#1823 = VERTEX_POINT('',#1824);
#1824 = CARTESIAN_POINT('',(-16.45388901115,13.724616327581,
    14.364094716852));
#1825 = ELLIPSE('',#1826,36.12724702963,35.231448316271);
#1826 = AXIS2_PLACEMENT_3D('',#1827,#1828,#1829);
#1827 = CARTESIAN_POINT('',(-14.18879299568,48.167926116251,
    7.110773510948));
#1828 = DIRECTION('',(0.954538663976,3.E-16,0.298087133191));
#1829 = DIRECTION('',(-0.298087133191,6.521E-14,0.954538663976));
#1830 = ORIENTED_EDGE('',*,*,#1831,.T.);
#1831 = EDGE_CURVE('',#1823,#1832,#1834,.T.);
#1832 = VERTEX_POINT('',#1833);
#1833 = CARTESIAN_POINT('',(-16.45388901115,5.284137556324,
    14.364094716852));
#1834 = LINE('',#1835,#1836);
#1835 = CARTESIAN_POINT('',(-16.45388901115,15.889517282252,
    14.364094716852));
#1836 = VECTOR('',#1837,1.);
#1837 = DIRECTION('',(5.97E-15,-1.,-1.811E-14));
#1838 = ORIENTED_EDGE('',*,*,#1839,.F.);
#1839 = EDGE_CURVE('',#1840,#1832,#1842,.T.);
#1840 = VERTEX_POINT('',#1841);
#1841 = CARTESIAN_POINT('',(-18.75036288452,5.327935671413,
    21.717894525227));
#1842 = B_SPLINE_CURVE_WITH_KNOTS('',3,(#1843,#1844,#1845,#1846),
  .UNSPECIFIED.,.F.,.F.,(4,4),(2.529199593376,3.29980278035),
  .PIECEWISE_BEZIER_KNOTS.);
#1843 = CARTESIAN_POINT('',(-18.75036323766,5.327855302602,
    21.717895656055));
#1844 = CARTESIAN_POINT('',(-17.98182778889,5.289693282134,
    19.256881010349));
#1845 = CARTESIAN_POINT('',(-17.21956806371,5.278213733449,
    16.815962571866));
#1846 = CARTESIAN_POINT('',(-16.45388901115,5.284137556324,
    14.364094716852));
#1847 = ORIENTED_EDGE('',*,*,#1848,.T.);
#1848 = EDGE_CURVE('',#1840,#1849,#1851,.T.);
#1849 = VERTEX_POINT('',#1850);
#1850 = CARTESIAN_POINT('',(-18.64920679484,4.837051806731,
    21.393971121839));
#1851 = ELLIPSE('',#1852,18.218581037244,17.390340002837);
#1852 = AXIS2_PLACEMENT_3D('',#1853,#1854,#1855);
#1853 = CARTESIAN_POINT('',(-23.23192505421,-4.494235333011,
    36.068813735304));
#1854 = DIRECTION('',(-0.954538663976,-3.E-16,-0.298087133191));
#1855 = DIRECTION('',(0.298087133191,-6.589E-14,-0.954538663976));
#1856 = ORIENTED_EDGE('',*,*,#1857,.T.);
#1857 = EDGE_CURVE('',#1849,#1858,#1860,.T.);
#1858 = VERTEX_POINT('',#1859);
#1859 = CARTESIAN_POINT('',(-17.5104755976,-0.897551906395,
    17.747510625512));
#1860 = LINE('',#1861,#1862);
#1861 = CARTESIAN_POINT('',(-17.6602818299,-0.143133850508,
    18.227222175975));
#1862 = VECTOR('',#1863,1.);
#1863 = DIRECTION('',(0.165260914183,-0.832247201449,-0.529200742558));
#1864 = ORIENTED_EDGE('',*,*,#1865,.F.);
#1865 = EDGE_CURVE('',#1866,#1858,#1868,.T.);
#1866 = VERTEX_POINT('',#1867);
#1867 = CARTESIAN_POINT('',(-18.32052080797,-10.01365080535,
    20.341448393271));
#1868 = ELLIPSE('',#1869,5.817198701668,4.940819446345);
#1869 = AXIS2_PLACEMENT_3D('',#1870,#1871,#1872);
#1870 = CARTESIAN_POINT('',(-18.66098218639,-4.311651884392,
    21.43167844047));
#1871 = DIRECTION('',(0.954538663976,2.98372437868E-16,0.298087133191));
#1872 = DIRECTION('',(4.636609905539E-02,-0.987828735724,-0.148474151743
    ));
#1873 = ORIENTED_EDGE('',*,*,#1874,.F.);
#1874 = EDGE_CURVE('',#1875,#1866,#1877,.T.);
#1875 = VERTEX_POINT('',#1876);
#1876 = CARTESIAN_POINT('',(-20.52636647204,-11.61949998083,
    27.405037319692));
#1877 = LINE('',#1878,#1879);
#1878 = CARTESIAN_POINT('',(-1.918244660339,1.927158135471,
    -32.18214292223));
#1879 = VECTOR('',#1880,1.);
#1880 = DIRECTION('',(0.291306946783,0.21207060309,-0.932827059031));
#1881 = ORIENTED_EDGE('',*,*,#1882,.F.);
#1882 = EDGE_CURVE('',#1883,#1875,#1885,.T.);
#1883 = VERTEX_POINT('',#1884);
#1884 = CARTESIAN_POINT('',(-20.52636647204,-13.40434559224,
    27.405037319692));
#1885 = LINE('',#1886,#1887);
#1886 = CARTESIAN_POINT('',(-20.52636647204,-1.277451559556,
    27.405037319693));
#1887 = VECTOR('',#1888,1.);
#1888 = DIRECTION('',(-8.06E-15,1.,2.48E-14));
#1889 = ORIENTED_EDGE('',*,*,#1890,.T.);
#1890 = EDGE_CURVE('',#1883,#1891,#1893,.T.);
#1891 = VERTEX_POINT('',#1892);
#1892 = CARTESIAN_POINT('',(-21.01861278694,-14.62457042255,
    28.981315150749));
#1893 = LINE('',#1894,#1895);
#1894 = CARTESIAN_POINT('',(-18.45302448861,-8.264757355008,
    20.765753477951));
#1895 = VECTOR('',#1896,1.);
#1896 = DIRECTION('',(-0.239738050348,-0.594284432301,0.767692438897));
#1897 = ORIENTED_EDGE('',*,*,#1898,.F.);
#1898 = EDGE_CURVE('',#1899,#1891,#1901,.T.);
#1899 = VERTEX_POINT('',#1900);
#1900 = CARTESIAN_POINT('',(-22.6604470368,-14.62456977549,
    34.238824062023));
#1901 = LINE('',#1902,#1903);
#1902 = CARTESIAN_POINT('',(-21.66792908435,-14.62457042255,
    31.060564611784));
#1903 = VECTOR('',#1904,1.);
#1904 = DIRECTION('',(0.298087133191,1.836E-14,-0.954538663976));
#1905 = ORIENTED_EDGE('',*,*,#1906,.F.);
#1906 = EDGE_CURVE('',#1281,#1899,#1907,.T.);
#1907 = LINE('',#1908,#1909);
#1908 = CARTESIAN_POINT('',(-22.6604470368,-9.033811585026,
    34.238824062023));
#1909 = VECTOR('',#1910,1.);
#1910 = DIRECTION('',(-7.05E-15,1.,1.602E-14));
#1911 = PLANE('',#1912);
#1912 = AXIS2_PLACEMENT_3D('',#1913,#1914,#1915);
#1913 = CARTESIAN_POINT('',(-22.80949169666,14.707145704701,
    34.716091903876));
#1914 = DIRECTION('',(0.954538663976,3.E-16,0.298087133191));
#1915 = DIRECTION('',(0.298087133191,1.808E-14,-0.954538663976));
#1916 = ADVANCED_FACE('',(#1917),#1943,.T.);
#1917 = FACE_BOUND('',#1918,.T.);
#1918 = EDGE_LOOP('',(#1919,#1927,#1935,#1941,#1942));
#1919 = ORIENTED_EDGE('',*,*,#1920,.T.);
#1920 = EDGE_CURVE('',#1418,#1921,#1923,.T.);
#1921 = VERTEX_POINT('',#1922);
#1922 = CARTESIAN_POINT('',(-10.62395152617,-15.24280270103,
    34.223289205226));
#1923 = LINE('',#1924,#1925);
#1924 = CARTESIAN_POINT('',(81.575078677098,74.282219059771,
    34.22328920523));
#1925 = VECTOR('',#1926,1.);
#1926 = DIRECTION('',(0.717433954504,0.696626529013,2.986E-14));
#1927 = ORIENTED_EDGE('',*,*,#1928,.F.);
#1928 = EDGE_CURVE('',#1929,#1921,#1931,.T.);
#1929 = VERTEX_POINT('',#1930);
#1930 = CARTESIAN_POINT('',(-10.95551750373,-14.75,34.71609190626));
#1931 = LINE('',#1932,#1933);
#1932 = CARTESIAN_POINT('',(-10.95551750373,-14.75,34.71609190626));
#1933 = VECTOR('',#1934,1.);
#1934 = DIRECTION('',(0.429611808132,-0.638527091952,-0.638527091952));
#1935 = ORIENTED_EDGE('',*,*,#1936,.T.);
#1936 = EDGE_CURVE('',#1929,#1248,#1937,.T.);
#1937 = LINE('',#1938,#1939);
#1938 = CARTESIAN_POINT('',(81.167878842948,74.701581480122,
    34.716091906264));
#1939 = VECTOR('',#1940,1.);
#1940 = DIRECTION('',(-0.717433954504,-0.696626529013,-2.97E-14));
#1941 = ORIENTED_EDGE('',*,*,#1247,.F.);
#1942 = ORIENTED_EDGE('',*,*,#1425,.T.);
#1943 = PLANE('',#1944);
#1944 = AXIS2_PLACEMENT_3D('',#1945,#1946,#1947);
#1945 = CARTESIAN_POINT('',(81.371478760023,74.491900269946,
    34.469690555747));
#1946 = DIRECTION('',(0.449023734168,-0.462435551695,0.764546301202));
#1947 = DIRECTION('',(0.717433954504,0.696626529013,4.357625371654E-15)
  );
#1948 = ADVANCED_FACE('',(#1949),#1961,.T.);
#1949 = FACE_BOUND('',#1950,.T.);
#1950 = EDGE_LOOP('',(#1951,#1957,#1958,#1959,#1960));
#1951 = ORIENTED_EDGE('',*,*,#1952,.F.);
#1952 = EDGE_CURVE('',#1921,#1598,#1953,.T.);
#1953 = LINE('',#1954,#1955);
#1954 = CARTESIAN_POINT('',(-141.424077239,-182.1568538416,
    -132.6907619352));
#1955 = VECTOR('',#1956,1.);
#1956 = DIRECTION('',(-0.484680080745,-0.618500290756,-0.618500290755));
#1957 = ORIENTED_EDGE('',*,*,#1920,.F.);
#1958 = ORIENTED_EDGE('',*,*,#1417,.T.);
#1959 = ORIENTED_EDGE('',*,*,#1450,.F.);
#1960 = ORIENTED_EDGE('',*,*,#1605,.F.);
#1961 = PLANE('',#1962);
#1962 = AXIS2_PLACEMENT_3D('',#1963,#1964,#1965);
#1963 = CARTESIAN_POINT('',(335.9080695541,-17.10355339056,
    -1.380903182012E+03));
#1964 = DIRECTION('',(0.68659887022,-0.707106781187,0.169062093364));
#1965 = DIRECTION('',(0.717433954504,0.696626529013,4.177214130152E-15)
  );
#1966 = ADVANCED_FACE('',(#1967),#1993,.F.);
#1967 = FACE_BOUND('',#1968,.T.);
#1968 = EDGE_LOOP('',(#1969,#1977,#1985,#1991,#1992));
#1969 = ORIENTED_EDGE('',*,*,#1970,.F.);
#1970 = EDGE_CURVE('',#1971,#997,#1973,.T.);
#1971 = VERTEX_POINT('',#1972);
#1972 = CARTESIAN_POINT('',(10.955518903796,-14.75,34.71609190626));
#1973 = LINE('',#1974,#1975);
#1974 = CARTESIAN_POINT('',(-81.16787744289,74.70158148012,
    34.716091906266));
#1975 = VECTOR('',#1976,1.);
#1976 = DIRECTION('',(0.717433954504,-0.696626529013,-4.31E-14));
#1977 = ORIENTED_EDGE('',*,*,#1978,.T.);
#1978 = EDGE_CURVE('',#1971,#1979,#1981,.T.);
#1979 = VERTEX_POINT('',#1980);
#1980 = CARTESIAN_POINT('',(10.623952926233,-15.24280270103,
    34.223289205226));
#1981 = LINE('',#1982,#1983);
#1982 = CARTESIAN_POINT('',(10.955518903796,-14.75,34.71609190626));
#1983 = VECTOR('',#1984,1.);
#1984 = DIRECTION('',(-0.429611808132,-0.638527091952,-0.638527091952));
#1985 = ORIENTED_EDGE('',*,*,#1986,.F.);
#1986 = EDGE_CURVE('',#738,#1979,#1987,.T.);
#1987 = LINE('',#1988,#1989);
#1988 = CARTESIAN_POINT('',(-81.57507727704,74.282219059768,
    34.223289205231));
#1989 = VECTOR('',#1990,1.);
#1990 = DIRECTION('',(-0.717433954504,0.696626529013,4.311E-14));
#1991 = ORIENTED_EDGE('',*,*,#737,.F.);
#1992 = ORIENTED_EDGE('',*,*,#1004,.T.);
#1993 = PLANE('',#1994);
#1994 = AXIS2_PLACEMENT_3D('',#1995,#1996,#1997);
#1995 = CARTESIAN_POINT('',(-81.37147735996,74.491900269944,
    34.469690555748));
#1996 = DIRECTION('',(0.449023734168,0.462435551695,-0.764546301202));
#1997 = DIRECTION('',(-0.717433954504,0.696626529013,1.784683512085E-14)
  );
#1998 = ADVANCED_FACE('',(#1999,#2053,#2056),#2059,.T.);
#1999 = FACE_BOUND('',#2000,.T.);
#2000 = EDGE_LOOP('',(#2001,#2002,#2008,#2009,#2010,#2011,#2012,#2020,
    #2028,#2036,#2044,#2050,#2051,#2052));
#2001 = ORIENTED_EDGE('',*,*,#1936,.F.);
#2002 = ORIENTED_EDGE('',*,*,#2003,.F.);
#2003 = EDGE_CURVE('',#1971,#1929,#2004,.T.);
#2004 = LINE('',#2005,#2006);
#2005 = CARTESIAN_POINT('',(336.84546681069,-14.74999999999,
    34.716091906269));
#2006 = VECTOR('',#2007,1.);
#2007 = DIRECTION('',(-1.,-5.8E-15,-2.398E-14));
#2008 = ORIENTED_EDGE('',*,*,#1970,.T.);
#2009 = ORIENTED_EDGE('',*,*,#996,.T.);
#2010 = ORIENTED_EDGE('',*,*,#972,.T.);
#2011 = ORIENTED_EDGE('',*,*,#1067,.T.);
#2012 = ORIENTED_EDGE('',*,*,#2013,.T.);
#2013 = EDGE_CURVE('',#1060,#2014,#2016,.T.);
#2014 = VERTEX_POINT('',#2015);
#2015 = CARTESIAN_POINT('',(22.309493097467,-12.94625957298,
    34.71609190626));
#2016 = LINE('',#2017,#2018);
#2017 = CARTESIAN_POINT('',(22.309493097467,1.228572852351,
    34.71609190626));
#2018 = VECTOR('',#2019,1.);
#2019 = DIRECTION('',(-2.709E-14,1.,1.752E-14));
#2020 = ORIENTED_EDGE('',*,*,#2021,.F.);
#2021 = EDGE_CURVE('',#2022,#2014,#2024,.T.);
#2022 = VERTEX_POINT('',#2023);
#2023 = CARTESIAN_POINT('',(22.052802324094,-12.77409764762,
    34.716091906261));
#2024 = LINE('',#2025,#2026);
#2025 = CARTESIAN_POINT('',(-139.5202001423,95.592552326758,
    34.716091906259));
#2026 = VECTOR('',#2027,1.);
#2027 = DIRECTION('',(0.830501915634,-0.55701577009,1.016E-14));
#2028 = ORIENTED_EDGE('',*,*,#2029,.F.);
#2029 = EDGE_CURVE('',#2030,#2022,#2032,.T.);
#2030 = VERTEX_POINT('',#2031);
#2031 = CARTESIAN_POINT('',(-22.05280092403,-12.77409764762,
    34.716091906262));
#2032 = LINE('',#2033,#2034);
#2033 = CARTESIAN_POINT('',(173.32485592465,-12.77409764762,
    34.716091906265));
#2034 = VECTOR('',#2035,1.);
#2035 = DIRECTION('',(1.,1.156E-14,2.39E-14));
#2036 = ORIENTED_EDGE('',*,*,#2037,.T.);
#2037 = EDGE_CURVE('',#2030,#2038,#2040,.T.);
#2038 = VERTEX_POINT('',#2039);
#2039 = CARTESIAN_POINT('',(-22.30949169741,-12.94625957298,
    34.71609190626));
#2040 = LINE('',#2041,#2042);
#2041 = CARTESIAN_POINT('',(139.52020154236,95.592552326763,
    34.716091906257));
#2042 = VECTOR('',#2043,1.);
#2043 = DIRECTION('',(-0.830501915634,-0.55701577009,2.568E-14));
#2044 = ORIENTED_EDGE('',*,*,#2045,.F.);
#2045 = EDGE_CURVE('',#1147,#2038,#2046,.T.);
#2046 = LINE('',#2047,#2048);
#2047 = CARTESIAN_POINT('',(-22.30949169741,1.228572852351,
    34.71609190626));
#2048 = VECTOR('',#2049,1.);
#2049 = DIRECTION('',(-5.79E-15,1.,1.774E-14));
#2050 = ORIENTED_EDGE('',*,*,#1170,.F.);
#2051 = ORIENTED_EDGE('',*,*,#1202,.F.);
#2052 = ORIENTED_EDGE('',*,*,#1255,.F.);
#2053 = FACE_BOUND('',#2054,.T.);
#2054 = EDGE_LOOP('',(#2055));
#2055 = ORIENTED_EDGE('',*,*,#938,.T.);
#2056 = FACE_BOUND('',#2057,.T.);
#2057 = EDGE_LOOP('',(#2058));
#2058 = ORIENTED_EDGE('',*,*,#1121,.F.);
#2059 = PLANE('',#2060);
#2060 = AXIS2_PLACEMENT_3D('',#2061,#2062,#2063);
#2061 = CARTESIAN_POINT('',(3.5001383741E-07,-12.25,34.716091906261));
#2062 = DIRECTION('',(-2.398E-14,-1.752E-14,1.));
#2063 = DIRECTION('',(-1.,-6.58E-15,-2.398E-14));
#2064 = ADVANCED_FACE('',(#2065),#2197,.T.);
#2065 = FACE_BOUND('',#2066,.T.);
#2066 = EDGE_LOOP('',(#2067,#2075,#2083,#2091,#2099,#2108,#2116,#2125,
    #2134,#2142,#2151,#2159,#2167,#2175,#2183,#2189,#2190,#2196));
#2067 = ORIENTED_EDGE('',*,*,#2068,.T.);
#2068 = EDGE_CURVE('',#866,#2069,#2071,.T.);
#2069 = VERTEX_POINT('',#2070);
#2070 = CARTESIAN_POINT('',(18.766657867528,-14.75,21.77007005771));
#2071 = LINE('',#2072,#2073);
#2072 = CARTESIAN_POINT('',(18.766657867527,-2.021427036291,
    21.77007005771));
#2073 = VECTOR('',#2074,1.);
#2074 = DIRECTION('',(-4.704E-14,1.,-4.592E-14));
#2075 = ORIENTED_EDGE('',*,*,#2076,.F.);
#2076 = EDGE_CURVE('',#2077,#2069,#2079,.T.);
#2077 = VERTEX_POINT('',#2078);
#2078 = CARTESIAN_POINT('',(12.761868611695,-14.74999999999,
    2.541450155311));
#2079 = LINE('',#2080,#2081);
#2080 = CARTESIAN_POINT('',(19.325934443743,-14.75,23.56099310138));
#2081 = VECTOR('',#2082,1.);
#2082 = DIRECTION('',(0.298087133191,-1.52E-14,0.954538663976));
#2083 = ORIENTED_EDGE('',*,*,#2084,.F.);
#2084 = EDGE_CURVE('',#2085,#2077,#2087,.T.);
#2085 = VERTEX_POINT('',#2086);
#2086 = CARTESIAN_POINT('',(12.761868621815,12.936477791738,
    2.541452429361));
#2087 = LINE('',#2088,#2089);
#2088 = CARTESIAN_POINT('',(12.761868611694,7.967859278527,
    2.541450155312));
#2089 = VECTOR('',#2090,1.);
#2090 = DIRECTION('',(2.709E-14,-1.,-1.748E-14));
#2091 = ORIENTED_EDGE('',*,*,#2092,.T.);
#2092 = EDGE_CURVE('',#2085,#2093,#2095,.T.);
#2093 = VERTEX_POINT('',#2094);
#2094 = CARTESIAN_POINT('',(14.188794395744,12.93647779998,
    7.110773510947));
#2095 = LINE('',#2096,#2097);
#2096 = CARTESIAN_POINT('',(18.788191908591,12.93647779998,
    21.839026656297));
#2097 = VECTOR('',#2098,1.);
#2098 = DIRECTION('',(0.298087133191,-1.492E-14,0.954538663976));
#2099 = ORIENTED_EDGE('',*,*,#2100,.F.);
#2100 = EDGE_CURVE('',#2101,#2093,#2103,.T.);
#2101 = VERTEX_POINT('',#2102);
#2102 = CARTESIAN_POINT('',(16.453890411211,13.724616327582,
    14.364094716851));
#2103 = ELLIPSE('',#2104,36.12724702963,35.231448316271);
#2104 = AXIS2_PLACEMENT_3D('',#2105,#2106,#2107);
#2105 = CARTESIAN_POINT('',(14.188794395743,48.167926116251,
    7.110773510948));
#2106 = DIRECTION('',(0.954538663976,3.108E-14,-0.298087133191));
#2107 = DIRECTION('',(0.298087133191,7.501E-14,0.954538663976));
#2108 = ORIENTED_EDGE('',*,*,#2109,.T.);
#2109 = EDGE_CURVE('',#2101,#2110,#2112,.T.);
#2110 = VERTEX_POINT('',#2111);
#2111 = CARTESIAN_POINT('',(16.453890411211,5.284137556325,
    14.364094716851));
#2112 = LINE('',#2113,#2114);
#2113 = CARTESIAN_POINT('',(16.453890411211,15.889517282253,
    14.364094716851));
#2114 = VECTOR('',#2115,1.);
#2115 = DIRECTION('',(2.691E-14,-1.,-1.811E-14));
#2116 = ORIENTED_EDGE('',*,*,#2117,.F.);
#2117 = EDGE_CURVE('',#2118,#2110,#2120,.T.);
#2118 = VERTEX_POINT('',#2119);
#2119 = CARTESIAN_POINT('',(18.750364284577,5.327935671414,
    21.717894525227));
#2120 = B_SPLINE_CURVE_WITH_KNOTS('',3,(#2121,#2122,#2123,#2124),
  .UNSPECIFIED.,.F.,.F.,(4,4),(2.529199593376,3.29980278035),
  .PIECEWISE_BEZIER_KNOTS.);
#2121 = CARTESIAN_POINT('',(18.750364637717,5.327855302602,
    21.717895656055));
#2122 = CARTESIAN_POINT('',(17.981829188954,5.289693282134,
    19.256881010348));
#2123 = CARTESIAN_POINT('',(17.219569463771,5.27821373345,
    16.815962571867));
#2124 = CARTESIAN_POINT('',(16.453890411211,5.284137556325,
    14.364094716851));
#2125 = ORIENTED_EDGE('',*,*,#2126,.T.);
#2126 = EDGE_CURVE('',#2118,#2127,#2129,.T.);
#2127 = VERTEX_POINT('',#2128);
#2128 = CARTESIAN_POINT('',(18.649208194904,4.837051806731,
    21.393971121838));
#2129 = ELLIPSE('',#2130,18.218581037244,17.390340002837);
#2130 = AXIS2_PLACEMENT_3D('',#2131,#2132,#2133);
#2131 = CARTESIAN_POINT('',(23.231926454273,-4.49423533301,
    36.068813735304));
#2132 = DIRECTION('',(-0.954538663976,-3.108E-14,0.298087133191));
#2133 = DIRECTION('',(-0.298087133191,-7.569E-14,-0.954538663976));
#2134 = ORIENTED_EDGE('',*,*,#2135,.T.);
#2135 = EDGE_CURVE('',#2127,#2136,#2138,.T.);
#2136 = VERTEX_POINT('',#2137);
#2137 = CARTESIAN_POINT('',(17.510476997662,-0.897551906394,
    17.747510625512));
#2138 = LINE('',#2139,#2140);
#2139 = CARTESIAN_POINT('',(17.660283229963,-0.143133850507,
    18.227222175974));
#2140 = VECTOR('',#2141,1.);
#2141 = DIRECTION('',(-0.165260914183,-0.832247201449,-0.529200742558));
#2142 = ORIENTED_EDGE('',*,*,#2143,.F.);
#2143 = EDGE_CURVE('',#2144,#2136,#2146,.T.);
#2144 = VERTEX_POINT('',#2145);
#2145 = CARTESIAN_POINT('',(18.320522208032,-10.01365080535,
    20.341448393271));
#2146 = ELLIPSE('',#2147,5.817198701668,4.940819446345);
#2147 = AXIS2_PLACEMENT_3D('',#2148,#2149,#2150);
#2148 = CARTESIAN_POINT('',(18.660983586448,-4.311651884391,
    21.43167844047));
#2149 = DIRECTION('',(0.954538663976,3.10793057956E-14,-0.298087133191)
  );
#2150 = DIRECTION('',(-4.636609905536E-02,-0.987828735724,
    -0.148474151743));
#2151 = ORIENTED_EDGE('',*,*,#2152,.F.);
#2152 = EDGE_CURVE('',#2153,#2144,#2155,.T.);
#2153 = VERTEX_POINT('',#2154);
#2154 = CARTESIAN_POINT('',(20.526367872099,-11.61949998083,
    27.405037319692));
#2155 = LINE('',#2156,#2157);
#2156 = CARTESIAN_POINT('',(1.918246060395,1.927158135471,
    -32.18214292223));
#2157 = VECTOR('',#2158,1.);
#2158 = DIRECTION('',(-0.291306946783,0.21207060309,-0.932827059031));
#2159 = ORIENTED_EDGE('',*,*,#2160,.F.);
#2160 = EDGE_CURVE('',#2161,#2153,#2163,.T.);
#2161 = VERTEX_POINT('',#2162);
#2162 = CARTESIAN_POINT('',(20.5263678721,-13.40434559224,
    27.405037319692));
#2163 = LINE('',#2164,#2165);
#2164 = CARTESIAN_POINT('',(20.526367872099,-1.277451559555,
    27.405037319692));
#2165 = VECTOR('',#2166,1.);
#2166 = DIRECTION('',(-2.482E-14,1.,2.48E-14));
#2167 = ORIENTED_EDGE('',*,*,#2168,.T.);
#2168 = EDGE_CURVE('',#2161,#2169,#2171,.T.);
#2169 = VERTEX_POINT('',#2170);
#2170 = CARTESIAN_POINT('',(21.018614187,-14.62457042254,28.981315150748
    ));
#2171 = LINE('',#2172,#2173);
#2172 = CARTESIAN_POINT('',(18.453025888673,-8.264757355007,
    20.765753477951));
#2173 = VECTOR('',#2174,1.);
#2174 = DIRECTION('',(0.239738050348,-0.594284432301,0.767692438897));
#2175 = ORIENTED_EDGE('',*,*,#2176,.F.);
#2176 = EDGE_CURVE('',#2177,#2169,#2179,.T.);
#2177 = VERTEX_POINT('',#2178);
#2178 = CARTESIAN_POINT('',(22.660448436865,-14.62456977549,
    34.238824062022));
#2179 = LINE('',#2180,#2181);
#2180 = CARTESIAN_POINT('',(21.667930484411,-14.62457042254,
    31.060564611784));
#2181 = VECTOR('',#2182,1.);
#2182 = DIRECTION('',(-0.298087133191,8.56E-15,-0.954538663976));
#2183 = ORIENTED_EDGE('',*,*,#2184,.F.);
#2184 = EDGE_CURVE('',#1022,#2177,#2185,.T.);
#2185 = LINE('',#2186,#2187);
#2186 = CARTESIAN_POINT('',(22.660448436865,-9.033811585025,
    34.238824062022));
#2187 = VECTOR('',#2188,1.);
#2188 = DIRECTION('',(-2.583E-14,1.,1.624E-14));
#2189 = ORIENTED_EDGE('',*,*,#1029,.F.);
#2190 = ORIENTED_EDGE('',*,*,#2191,.F.);
#2191 = EDGE_CURVE('',#874,#1030,#2192,.T.);
#2192 = LINE('',#2193,#2194);
#2193 = CARTESIAN_POINT('',(20.526367872099,-1.277451559555,
    27.405037319692));
#2194 = VECTOR('',#2195,1.);
#2195 = DIRECTION('',(-2.482E-14,1.,2.524E-14));
#2196 = ORIENTED_EDGE('',*,*,#873,.T.);
#2197 = PLANE('',#2198);
#2198 = AXIS2_PLACEMENT_3D('',#2199,#2200,#2201);
#2199 = CARTESIAN_POINT('',(22.809493096722,14.707145704702,
    34.716091903876));
#2200 = DIRECTION('',(0.954538663976,3.108E-14,-0.298087133191));
#2201 = DIRECTION('',(-0.298087133191,8.28E-15,-0.954538663976));
#2202 = ADVANCED_FACE('',(#2203),#2216,.F.);
#2203 = FACE_BOUND('',#2204,.T.);
#2204 = EDGE_LOOP('',(#2205,#2211,#2212,#2213,#2214,#2215));
#2205 = ORIENTED_EDGE('',*,*,#2206,.T.);
#2206 = EDGE_CURVE('',#1704,#2069,#2207,.T.);
#2207 = LINE('',#2208,#2209);
#2208 = CARTESIAN_POINT('',(12.879397763623,-20.36961739406,
    21.77007005771));
#2209 = VECTOR('',#2210,1.);
#2210 = DIRECTION('',(0.72335799749,0.690473176501,-2.904E-14));
#2211 = ORIENTED_EDGE('',*,*,#2068,.F.);
#2212 = ORIENTED_EDGE('',*,*,#865,.F.);
#2213 = ORIENTED_EDGE('',*,*,#809,.F.);
#2214 = ORIENTED_EDGE('',*,*,#1092,.F.);
#2215 = ORIENTED_EDGE('',*,*,#1711,.F.);
#2216 = PLANE('',#2217);
#2217 = AXIS2_PLACEMENT_3D('',#2218,#2219,#2220);
#2218 = CARTESIAN_POINT('',(7.0002895109E-07,-18.74999977728,
    21.77007005771));
#2219 = DIRECTION('',(-3.89E-15,4.614E-14,1.));
#2220 = DIRECTION('',(-1.384E-14,-1.,4.614E-14));
#2221 = ADVANCED_FACE('',(#2222,#2241),#2259,.T.);
#2222 = FACE_BOUND('',#2223,.T.);
#2223 = EDGE_LOOP('',(#2224,#2232,#2233,#2234,#2235));
#2224 = ORIENTED_EDGE('',*,*,#2225,.T.);
#2225 = EDGE_CURVE('',#2226,#1525,#2228,.T.);
#2226 = VERTEX_POINT('',#2227);
#2227 = CARTESIAN_POINT('',(-24.41523029783,-14.30733316034,
    31.852475914331));
#2228 = LINE('',#2229,#2230);
#2229 = CARTESIAN_POINT('',(-24.41523029783,-6.6383378517,
    31.852475914332));
#2230 = VECTOR('',#2231,1.);
#2231 = DIRECTION('',(-1.47E-15,-1.,-2.76E-14));
#2232 = ORIENTED_EDGE('',*,*,#1524,.T.);
#2233 = ORIENTED_EDGE('',*,*,#1144,.T.);
#2234 = ORIENTED_EDGE('',*,*,#2045,.T.);
#2235 = ORIENTED_EDGE('',*,*,#2236,.T.);
#2236 = EDGE_CURVE('',#2038,#2226,#2237,.T.);
#2237 = LINE('',#2238,#2239);
#2238 = CARTESIAN_POINT('',(45.734224698141,31.034747923851,
    127.24945496524));
#2239 = VECTOR('',#2240,1.);
#2240 = DIRECTION('',(-0.553243008116,-0.35759635388,-0.752360965004));
#2241 = FACE_BOUND('',#2242,.T.);
#2242 = EDGE_LOOP('',(#2243,#2251,#2257,#2258));
#2243 = ORIENTED_EDGE('',*,*,#2244,.F.);
#2244 = EDGE_CURVE('',#2245,#1271,#2247,.T.);
#2245 = VERTEX_POINT('',#2246);
#2246 = CARTESIAN_POINT('',(-23.57957798728,-15.16819779338,
    32.988888249512));
#2247 = LINE('',#2248,#2249);
#2248 = CARTESIAN_POINT('',(-23.57957798728,-6.805922178079,
    32.988888249512));
#2249 = VECTOR('',#2250,1.);
#2250 = DIRECTION('',(-1.84E-15,-1.,-2.833E-14));
#2251 = ORIENTED_EDGE('',*,*,#2252,.F.);
#2252 = EDGE_CURVE('',#1899,#2245,#2253,.T.);
#2253 = LINE('',#2254,#2255);
#2254 = CARTESIAN_POINT('',(-22.3462208056,-14.43871793016,
    34.666143607089));
#2255 = VECTOR('',#2256,1.);
#2256 = DIRECTION('',(-0.559088637826,-0.330677851564,-0.760310498112));
#2257 = ORIENTED_EDGE('',*,*,#1906,.F.);
#2258 = ORIENTED_EDGE('',*,*,#1280,.F.);
#2259 = PLANE('',#2260);
#2260 = AXIS2_PLACEMENT_3D('',#2261,#2262,#2263);
#2261 = CARTESIAN_POINT('',(-22.48496991411,1.228572852351,
    34.477457240266));
#2262 = DIRECTION('',(-0.805632401654,-1.504E-14,0.592415760598));
#2263 = DIRECTION('',(7.198196062379E-15,-1.,-1.559867348796E-14));
#2264 = ADVANCED_FACE('',(#2265),#2291,.T.);
#2265 = FACE_BOUND('',#2266,.T.);
#2266 = EDGE_LOOP('',(#2267,#2275,#2283,#2289,#2290));
#2267 = ORIENTED_EDGE('',*,*,#2268,.F.);
#2268 = EDGE_CURVE('',#2269,#1273,#2271,.T.);
#2269 = VERTEX_POINT('',#2270);
#2270 = CARTESIAN_POINT('',(-22.12385325167,-14.52111173571,
    28.327346741942));
#2271 = LINE('',#2272,#2273);
#2272 = CARTESIAN_POINT('',(-22.12385325167,-16.05123301616,
    28.327346741942));
#2273 = VECTOR('',#2274,1.);
#2274 = DIRECTION('',(-5.2E-15,-1.,-1.736E-14));
#2275 = ORIENTED_EDGE('',*,*,#2276,.T.);
#2276 = EDGE_CURVE('',#2269,#2277,#2279,.T.);
#2277 = VERTEX_POINT('',#2278);
#2278 = CARTESIAN_POINT('',(-22.38489180736,-15.16819779338,
    29.163247948147));
#2279 = LINE('',#2280,#2281);
#2280 = CARTESIAN_POINT('',(-20.9963082275,-11.72605081981,
    24.716706760865));
#2281 = VECTOR('',#2282,1.);
#2282 = DIRECTION('',(-0.239738050348,-0.594284432301,0.767692438897));
#2283 = ORIENTED_EDGE('',*,*,#2284,.T.);
#2284 = EDGE_CURVE('',#2277,#2245,#2285,.T.);
#2285 = LINE('',#2286,#2287);
#2286 = CARTESIAN_POINT('',(-21.71947711245,-15.16819779338,
    27.032447980147));
#2287 = VECTOR('',#2288,1.);
#2288 = DIRECTION('',(-0.298087133191,-1.831E-14,0.954538663976));
#2289 = ORIENTED_EDGE('',*,*,#2244,.T.);
#2290 = ORIENTED_EDGE('',*,*,#1270,.T.);
#2291 = PLANE('',#2292);
#2292 = AXIS2_PLACEMENT_3D('',#2293,#2294,#2295);
#2293 = CARTESIAN_POINT('',(-21.71947711245,-14.8404172085,
    27.032447980147));
#2294 = DIRECTION('',(0.954538663976,-1.008E-14,0.298087133191));
#2295 = DIRECTION('',(-4.573272122607E-15,-1.,-1.917102183147E-14));
#2296 = ADVANCED_FACE('',(#2297),#2324,.T.);
#2297 = FACE_BOUND('',#2298,.T.);
#2298 = EDGE_LOOP('',(#2299,#2307,#2313,#2314,#2320,#2321,#2322,#2323));
#2299 = ORIENTED_EDGE('',*,*,#2300,.T.);
#2300 = EDGE_CURVE('',#1533,#2301,#2303,.T.);
#2301 = VERTEX_POINT('',#2302);
#2302 = CARTESIAN_POINT('',(-23.57625250634,-13.69655978818,
    29.165889842595));
#2303 = LINE('',#2304,#2305);
#2304 = CARTESIAN_POINT('',(-23.57625250634,-15.88364868978,
    29.165889842595));
#2305 = VECTOR('',#2306,1.);
#2306 = DIRECTION('',(4.55E-15,1.,1.796E-14));
#2307 = ORIENTED_EDGE('',*,*,#2308,.F.);
#2308 = EDGE_CURVE('',#1875,#2301,#2309,.T.);
#2309 = LINE('',#2310,#2311);
#2310 = CARTESIAN_POINT('',(109.11713180348,76.671438278441,
    -47.44467130837));
#2311 = VECTOR('',#2312,1.);
#2312 = DIRECTION('',(-0.745950218407,-0.508013479688,0.430674559399));
#2313 = ORIENTED_EDGE('',*,*,#1882,.F.);
#2314 = ORIENTED_EDGE('',*,*,#2315,.F.);
#2315 = EDGE_CURVE('',#2269,#1883,#2316,.T.);
#2316 = LINE('',#2317,#2318);
#2317 = CARTESIAN_POINT('',(-10.61389781175,-6.474765581047,
    21.682070870339));
#2318 = VECTOR('',#2319,1.);
#2319 = DIRECTION('',(0.740833810952,0.517899944714,-0.427720600178));
#2320 = ORIENTED_EDGE('',*,*,#2268,.T.);
#2321 = ORIENTED_EDGE('',*,*,#1296,.T.);
#2322 = ORIENTED_EDGE('',*,*,#1783,.F.);
#2323 = ORIENTED_EDGE('',*,*,#1540,.T.);
#2324 = PLANE('',#2325);
#2325 = AXIS2_PLACEMENT_3D('',#2326,#2327,#2328);
#2326 = CARTESIAN_POINT('',(-1.190971027476,-17.26204882381,
    16.241741554883));
#2327 = DIRECTION('',(-0.5,1.745E-14,-0.866025403784));
#2328 = DIRECTION('',(0.866025403784,2.58E-14,-0.5));
#2329 = ADVANCED_FACE('',(#2330,#2349),#2367,.F.);
#2330 = FACE_BOUND('',#2331,.T.);
#2331 = EDGE_LOOP('',(#2332,#2333,#2334,#2335,#2343));
#2332 = ORIENTED_EDGE('',*,*,#2013,.F.);
#2333 = ORIENTED_EDGE('',*,*,#1059,.F.);
#2334 = ORIENTED_EDGE('',*,*,#897,.F.);
#2335 = ORIENTED_EDGE('',*,*,#2336,.F.);
#2336 = EDGE_CURVE('',#2337,#890,#2339,.T.);
#2337 = VERTEX_POINT('',#2338);
#2338 = CARTESIAN_POINT('',(24.415231697893,-14.30733316034,
    31.852475914331));
#2339 = LINE('',#2340,#2341);
#2340 = CARTESIAN_POINT('',(24.415231697893,-6.638337851699,
    31.852475914331));
#2341 = VECTOR('',#2342,1.);
#2342 = DIRECTION('',(3.435E-14,-1.,-2.782E-14));
#2343 = ORIENTED_EDGE('',*,*,#2344,.F.);
#2344 = EDGE_CURVE('',#2014,#2337,#2345,.T.);
#2345 = LINE('',#2346,#2347);
#2346 = CARTESIAN_POINT('',(-45.73422329808,31.034747923849,
    127.24945496524));
#2347 = VECTOR('',#2348,1.);
#2348 = DIRECTION('',(0.553243008116,-0.35759635388,-0.752360965004));
#2349 = FACE_BOUND('',#2350,.T.);
#2350 = EDGE_LOOP('',(#2351,#2352,#2360,#2366));
#2351 = ORIENTED_EDGE('',*,*,#2184,.T.);
#2352 = ORIENTED_EDGE('',*,*,#2353,.T.);
#2353 = EDGE_CURVE('',#2177,#2354,#2356,.T.);
#2354 = VERTEX_POINT('',#2355);
#2355 = CARTESIAN_POINT('',(23.579579387341,-15.16819779338,
    32.988888249511));
#2356 = LINE('',#2357,#2358);
#2357 = CARTESIAN_POINT('',(22.34622220566,-14.43871793016,
    34.666143607089));
#2358 = VECTOR('',#2359,1.);
#2359 = DIRECTION('',(0.559088637826,-0.330677851564,-0.760310498112));
#2360 = ORIENTED_EDGE('',*,*,#2361,.T.);
#2361 = EDGE_CURVE('',#2354,#1020,#2362,.T.);
#2362 = LINE('',#2363,#2364);
#2363 = CARTESIAN_POINT('',(23.579579387341,-6.805922178078,
    32.988888249511));
#2364 = VECTOR('',#2365,1.);
#2365 = DIRECTION('',(3.472E-14,-1.,-2.789E-14));
#2366 = ORIENTED_EDGE('',*,*,#1019,.T.);
#2367 = PLANE('',#2368);
#2368 = AXIS2_PLACEMENT_3D('',#2369,#2370,#2371);
#2369 = CARTESIAN_POINT('',(22.484971314169,1.228572852351,
    34.477457240266));
#2370 = DIRECTION('',(-0.805632401654,-1.145E-14,-0.592415760598));
#2371 = DIRECTION('',(2.568245378779E-14,-1.,-1.559819562551E-14));
#2372 = ADVANCED_FACE('',(#2373),#2391,.T.);
#2373 = FACE_BOUND('',#2374,.T.);
#2374 = EDGE_LOOP('',(#2375,#2383,#2389,#2390));
#2375 = ORIENTED_EDGE('',*,*,#2376,.T.);
#2376 = EDGE_CURVE('',#882,#2377,#2379,.T.);
#2377 = VERTEX_POINT('',#2378);
#2378 = CARTESIAN_POINT('',(23.576253906403,-13.69655978818,
    29.165889842595));
#2379 = LINE('',#2380,#2381);
#2380 = CARTESIAN_POINT('',(23.576253906403,-15.88364868978,
    29.165889842595));
#2381 = VECTOR('',#2382,1.);
#2382 = DIRECTION('',(-3.743E-14,1.,1.796E-14));
#2383 = ORIENTED_EDGE('',*,*,#2384,.F.);
#2384 = EDGE_CURVE('',#2337,#2377,#2385,.T.);
#2385 = LINE('',#2386,#2387);
#2386 = CARTESIAN_POINT('',(5.110922464738,-0.25385264258,
    -29.96404513823));
#2387 = VECTOR('',#2388,1.);
#2388 = DIRECTION('',(-0.291306946783,0.21207060309,-0.932827059031));
#2389 = ORIENTED_EDGE('',*,*,#2336,.T.);
#2390 = ORIENTED_EDGE('',*,*,#889,.T.);
#2391 = PLANE('',#2392);
#2392 = AXIS2_PLACEMENT_3D('',#2393,#2394,#2395);
#2393 = CARTESIAN_POINT('',(25.309493097467,-14.50524855574,
    34.716091906263));
#2394 = DIRECTION('',(0.954538663976,4.095E-14,-0.298087133191));
#2395 = DIRECTION('',(9.081367761774E-14,-1.,1.534288515389E-13));
#2396 = ADVANCED_FACE('',(#2397),#2420,.T.);
#2397 = FACE_BOUND('',#2398,.T.);
#2398 = EDGE_LOOP('',(#2399,#2407,#2413,#2414));
#2399 = ORIENTED_EDGE('',*,*,#2400,.T.);
#2400 = EDGE_CURVE('',#1799,#2401,#2403,.T.);
#2401 = VERTEX_POINT('',#2402);
#2402 = CARTESIAN_POINT('',(-12.75301646818,-14.75,0.552638369469));
#2403 = LINE('',#2404,#2405);
#2404 = CARTESIAN_POINT('',(-12.79572274119,-14.75,10.148218941755));
#2405 = VECTOR('',#2406,1.);
#2406 = DIRECTION('',(4.450574899903E-03,1.776E-14,-0.999990096142));
#2407 = ORIENTED_EDGE('',*,*,#2408,.T.);
#2408 = EDGE_CURVE('',#2401,#1630,#2409,.T.);
#2409 = LINE('',#2410,#2411);
#2410 = CARTESIAN_POINT('',(-8.476960070627,-19.06096690212,
    8.406197696564));
#2411 = VECTOR('',#2412,1.);
#2412 = DIRECTION('',(0.43074539698,-0.434262080987,0.791122524011));
#2413 = ORIENTED_EDGE('',*,*,#1629,.T.);
#2414 = ORIENTED_EDGE('',*,*,#2415,.T.);
#2415 = EDGE_CURVE('',#1622,#1799,#2416,.T.);
#2416 = LINE('',#2417,#2418);
#2417 = CARTESIAN_POINT('',(-12.26220719754,-15.25,2.618796217376));
#2418 = VECTOR('',#2419,1.);
#2419 = DIRECTION('',(-0.70267298349,0.703150107054,-0.108768585646));
#2420 = PLANE('',#2421);
#2421 = AXIS2_PLACEMENT_3D('',#2422,#2423,#2424);
#2422 = CARTESIAN_POINT('',(-12.54572521715,-15.,10.14933158548));
#2423 = DIRECTION('',(-0.707099778102,-0.707106781187,
    -3.147031691913E-03));
#2424 = DIRECTION('',(-4.450574899921E-03,-4.336808689942E-19,
    0.999990096142));
#2425 = ADVANCED_FACE('',(#2426),#2437,.T.);
#2426 = FACE_BOUND('',#2427,.T.);
#2427 = EDGE_LOOP('',(#2428,#2429,#2435,#2436));
#2428 = ORIENTED_EDGE('',*,*,#1621,.T.);
#2429 = ORIENTED_EDGE('',*,*,#2430,.F.);
#2430 = EDGE_CURVE('',#1791,#1614,#2431,.T.);
#2431 = LINE('',#2432,#2433);
#2432 = CARTESIAN_POINT('',(-12.87939636356,-20.36961739406,
    21.77007005771));
#2433 = VECTOR('',#2434,1.);
#2434 = DIRECTION('',(0.72335799749,-0.690473176501,3.467E-14));
#2435 = ORIENTED_EDGE('',*,*,#1798,.T.);
#2436 = ORIENTED_EDGE('',*,*,#2415,.F.);
#2437 = PLANE('',#2438);
#2438 = AXIS2_PLACEMENT_3D('',#2439,#2440,#2441);
#2439 = CARTESIAN_POINT('',(-19.08729837769,-15.,23.635514884679));
#2440 = DIRECTION('',(-0.674960762202,-0.707106781187,-0.210779433264));
#2441 = DIRECTION('',(-0.298087133191,-1.942890293094E-16,0.954538663976
    ));
#2442 = ADVANCED_FACE('',(#2443),#2469,.T.);
#2443 = FACE_BOUND('',#2444,.T.);
#2444 = EDGE_LOOP('',(#2445,#2446,#2447,#2455,#2463));
#2445 = ORIENTED_EDGE('',*,*,#2400,.F.);
#2446 = ORIENTED_EDGE('',*,*,#1806,.T.);
#2447 = ORIENTED_EDGE('',*,*,#2448,.T.);
#2448 = EDGE_CURVE('',#1807,#2449,#2451,.T.);
#2449 = VERTEX_POINT('',#2450);
#2450 = CARTESIAN_POINT('',(-12.75055688537,12.936477791738,2.389E-12));
#2451 = LINE('',#2452,#2453);
#2452 = CARTESIAN_POINT('',(-12.78456410404,12.936477791738,
    7.641008775647));
#2453 = VECTOR('',#2454,1.);
#2454 = DIRECTION('',(4.450574899903E-03,1.757E-14,-0.999990096142));
#2455 = ORIENTED_EDGE('',*,*,#2456,.T.);
#2456 = EDGE_CURVE('',#2449,#2457,#2459,.T.);
#2457 = VERTEX_POINT('',#2458);
#2458 = CARTESIAN_POINT('',(-12.75055688537,-14.44664637135,2.178E-12));
#2459 = LINE('',#2460,#2461);
#2460 = CARTESIAN_POINT('',(-12.75055688537,-1.826772340663,2.17096E-12)
  );
#2461 = VECTOR('',#2462,1.);
#2462 = DIRECTION('',(5.72E-15,-1.,4.E-16));
#2463 = ORIENTED_EDGE('',*,*,#2464,.F.);
#2464 = EDGE_CURVE('',#2401,#2457,#2465,.T.);
#2465 = LINE('',#2466,#2467);
#2466 = CARTESIAN_POINT('',(-12.77177751956,-17.06390176317,
    4.768018627945));
#2467 = VECTOR('',#2468,1.);
#2468 = DIRECTION('',(3.901453234021E-03,0.481187292488,-0.876609130805)
  );
#2469 = PLANE('',#2470);
#2470 = AXIS2_PLACEMENT_3D('',#2471,#2472,#2473);
#2471 = CARTESIAN_POINT('',(-12.76391014029,-15.25,3.000314111655));
#2472 = DIRECTION('',(-0.999990096142,-5.72E-15,-4.450574899903E-03));
#2473 = DIRECTION('',(-5.798031534115E-15,1.,1.752000876089E-14));
#2474 = ADVANCED_FACE('',(#2475),#2483,.F.);
#2475 = FACE_BOUND('',#2476,.T.);
#2476 = EDGE_LOOP('',(#2477,#2478,#2479,#2480,#2481,#2482));
#2477 = ORIENTED_EDGE('',*,*,#1790,.F.);
#2478 = ORIENTED_EDGE('',*,*,#2430,.T.);
#2479 = ORIENTED_EDGE('',*,*,#1613,.F.);
#2480 = ORIENTED_EDGE('',*,*,#1360,.F.);
#2481 = ORIENTED_EDGE('',*,*,#1570,.F.);
#2482 = ORIENTED_EDGE('',*,*,#1556,.F.);
#2483 = PLANE('',#2484);
#2484 = AXIS2_PLACEMENT_3D('',#2485,#2486,#2487);
#2485 = CARTESIAN_POINT('',(7.0002895109E-07,-18.74999977728,
    21.77007005771));
#2486 = DIRECTION('',(-3.89E-15,4.614E-14,1.));
#2487 = DIRECTION('',(-1.384E-14,-1.,4.614E-14));
#2488 = ADVANCED_FACE('',(#2489),#2501,.F.);
#2489 = FACE_BOUND('',#2490,.T.);
#2490 = EDGE_LOOP('',(#2491,#2492,#2498,#2499,#2500));
#2491 = ORIENTED_EDGE('',*,*,#1986,.T.);
#2492 = ORIENTED_EDGE('',*,*,#2493,.T.);
#2493 = EDGE_CURVE('',#1979,#1590,#2494,.T.);
#2494 = LINE('',#2495,#2496);
#2495 = CARTESIAN_POINT('',(141.42407863912,-182.1568538416,
    -132.6907619352));
#2496 = VECTOR('',#2497,1.);
#2497 = DIRECTION('',(0.484680080745,-0.618500290756,-0.618500290755));
#2498 = ORIENTED_EDGE('',*,*,#1589,.F.);
#2499 = ORIENTED_EDGE('',*,*,#633,.F.);
#2500 = ORIENTED_EDGE('',*,*,#745,.F.);
#2501 = PLANE('',#2502);
#2502 = AXIS2_PLACEMENT_3D('',#2503,#2504,#2505);
#2503 = CARTESIAN_POINT('',(-335.908068154,-17.10355339057,
    -1.380903182012E+03));
#2504 = DIRECTION('',(0.68659887022,0.707106781187,-0.169062093364));
#2505 = DIRECTION('',(-0.717433954504,0.696626529013,1.765254609154E-14)
  );
#2506 = ADVANCED_FACE('',(#2507),#2518,.T.);
#2507 = FACE_BOUND('',#2508,.T.);
#2508 = EDGE_LOOP('',(#2509,#2510,#2511,#2512));
#2509 = ORIENTED_EDGE('',*,*,#2076,.T.);
#2510 = ORIENTED_EDGE('',*,*,#2206,.F.);
#2511 = ORIENTED_EDGE('',*,*,#1703,.T.);
#2512 = ORIENTED_EDGE('',*,*,#2513,.T.);
#2513 = EDGE_CURVE('',#1696,#2077,#2514,.T.);
#2514 = LINE('',#2515,#2516);
#2515 = CARTESIAN_POINT('',(12.262207887448,-15.24999999999,
    2.618793943327));
#2516 = VECTOR('',#2517,1.);
#2517 = DIRECTION('',(0.70267298349,0.703150107054,-0.108768585646));
#2518 = PLANE('',#2519);
#2519 = AXIS2_PLACEMENT_3D('',#2520,#2521,#2522);
#2520 = CARTESIAN_POINT('',(19.087299777749,-15.,23.635514884678));
#2521 = DIRECTION('',(0.674960762203,-0.707106781187,-0.210779433264));
#2522 = DIRECTION('',(-0.298087133191,1.110223024625E-16,-0.954538663976
    ));
#2523 = ADVANCED_FACE('',(#2524),#2542,.T.);
#2524 = FACE_BOUND('',#2525,.T.);
#2525 = EDGE_LOOP('',(#2526,#2527,#2535,#2541));
#2526 = ORIENTED_EDGE('',*,*,#1695,.T.);
#2527 = ORIENTED_EDGE('',*,*,#2528,.T.);
#2528 = EDGE_CURVE('',#1688,#2529,#2531,.T.);
#2529 = VERTEX_POINT('',#2530);
#2530 = CARTESIAN_POINT('',(12.753017168217,-14.74999999999,
    0.55263836947));
#2531 = LINE('',#2532,#2533);
#2532 = CARTESIAN_POINT('',(7.259479531505,-20.28838788023,
    10.642267629307));
#2533 = VECTOR('',#2534,1.);
#2534 = DIRECTION('',(0.43074539698,0.434262080987,-0.791122524011));
#2535 = ORIENTED_EDGE('',*,*,#2536,.T.);
#2536 = EDGE_CURVE('',#2529,#2077,#2537,.T.);
#2537 = LINE('',#2538,#2539);
#2538 = CARTESIAN_POINT('',(12.827602243518,-14.75,17.310998423768));
#2539 = VECTOR('',#2540,1.);
#2540 = DIRECTION('',(4.450574899922E-03,-1.771E-14,0.999990096142));
#2541 = ORIENTED_EDGE('',*,*,#2513,.F.);
#2542 = PLANE('',#2543);
#2543 = AXIS2_PLACEMENT_3D('',#2544,#2545,#2546);
#2544 = CARTESIAN_POINT('',(12.577604719483,-15.,17.312111067492));
#2545 = DIRECTION('',(0.707099778102,-0.707106781187,-3.147031691926E-03
    ));
#2546 = DIRECTION('',(-4.45057489994E-03,-3.035766082959E-18,
    -0.999990096142));
#2547 = ADVANCED_FACE('',(#2548),#2574,.T.);
#2548 = FACE_BOUND('',#2549,.T.);
#2549 = EDGE_LOOP('',(#2550,#2551,#2559,#2567,#2573));
#2550 = ORIENTED_EDGE('',*,*,#2536,.F.);
#2551 = ORIENTED_EDGE('',*,*,#2552,.F.);
#2552 = EDGE_CURVE('',#2553,#2529,#2555,.T.);
#2553 = VERTEX_POINT('',#2554);
#2554 = CARTESIAN_POINT('',(12.750557585402,-14.44664637135,2.166E-12));
#2555 = LINE('',#2556,#2557);
#2556 = CARTESIAN_POINT('',(12.780807908156,-18.17758200738,
    6.796879917739));
#2557 = VECTOR('',#2558,1.);
#2558 = DIRECTION('',(3.901453234053E-03,-0.481187292488,0.876609130805)
  );
#2559 = ORIENTED_EDGE('',*,*,#2560,.T.);
#2560 = EDGE_CURVE('',#2553,#2561,#2563,.T.);
#2561 = VERTEX_POINT('',#2562);
#2562 = CARTESIAN_POINT('',(12.750557585401,12.936477791738,1.915E-12));
#2563 = LINE('',#2564,#2565);
#2564 = CARTESIAN_POINT('',(12.750557585401,-0.634105368958,2.16113E-12)
  );
#2565 = VECTOR('',#2566,1.);
#2566 = DIRECTION('',(-2.717E-14,1.,-4.E-16));
#2567 = ORIENTED_EDGE('',*,*,#2568,.T.);
#2568 = EDGE_CURVE('',#2561,#2085,#2569,.T.);
#2569 = LINE('',#2570,#2571);
#2570 = CARTESIAN_POINT('',(12.819142227072,12.936477791738,
    15.41013553557));
#2571 = VECTOR('',#2572,1.);
#2572 = DIRECTION('',(4.450574899922E-03,-1.733E-14,0.999990096142));
#2573 = ORIENTED_EDGE('',*,*,#2084,.T.);
#2574 = PLANE('',#2575);
#2575 = AXIS2_PLACEMENT_3D('',#2576,#2577,#2578);
#2576 = CARTESIAN_POINT('',(12.827668444912,1.228572852351,
    17.325873072565));
#2577 = DIRECTION('',(0.999990096142,2.717E-14,-4.450574899922E-03));
#2578 = DIRECTION('',(-2.710083941779E-14,1.,1.560000373593E-14));
#2579 = ADVANCED_FACE('',(#2580),#2591,.F.);
#2580 = FACE_BOUND('',#2581,.T.);
#2581 = EDGE_LOOP('',(#2582,#2583,#2589,#2590));
#2582 = ORIENTED_EDGE('',*,*,#2225,.F.);
#2583 = ORIENTED_EDGE('',*,*,#2584,.T.);
#2584 = EDGE_CURVE('',#2226,#2301,#2585,.T.);
#2585 = LINE('',#2586,#2587);
#2586 = CARTESIAN_POINT('',(-5.110921064682,-0.25385264258,
    -29.96404513823));
#2587 = VECTOR('',#2588,1.);
#2588 = DIRECTION('',(0.291306946783,0.21207060309,-0.932827059031));
#2589 = ORIENTED_EDGE('',*,*,#2300,.F.);
#2590 = ORIENTED_EDGE('',*,*,#1532,.F.);
#2591 = PLANE('',#2592);
#2592 = AXIS2_PLACEMENT_3D('',#2593,#2594,#2595);
#2593 = CARTESIAN_POINT('',(-25.30949169741,-14.50524855575,
    34.716091906263));
#2594 = DIRECTION('',(0.954538663976,-9.57E-15,0.298087133191));
#2595 = DIRECTION('',(-5.793955962808E-14,-1.,1.534301375211E-13));
#2596 = ADVANCED_FACE('',(#2597),#2624,.F.);
#2597 = FACE_BOUND('',#2598,.F.);
#2598 = EDGE_LOOP('',(#2599,#2609,#2616,#2617));
#2599 = ORIENTED_EDGE('',*,*,#2600,.T.);
#2600 = EDGE_CURVE('',#2601,#2603,#2605,.T.);
#2601 = VERTEX_POINT('',#2602);
#2602 = CARTESIAN_POINT('',(-17.7983706542,20.992109774005,
    29.437193457429));
#2603 = VERTEX_POINT('',#2604);
#2604 = CARTESIAN_POINT('',(-18.87516203443,20.974358282919,
    34.716091906261));
#2605 = LINE('',#2606,#2607);
#2606 = CARTESIAN_POINT('',(-19.50428195723,20.963986899096,
    37.800310674716));
#2607 = VECTOR('',#2608,1.);
#2608 = DIRECTION('',(-0.199863624201,-3.294860460934E-03,0.979818184979
    ));
#2609 = ORIENTED_EDGE('',*,*,#2610,.F.);
#2610 = EDGE_CURVE('',#2603,#2603,#2611,.T.);
#2611 = ELLIPSE('',#2612,1.735015767274,1.7);
#2612 = AXIS2_PLACEMENT_3D('',#2613,#2614,#2615);
#2613 = CARTESIAN_POINT('',(-20.46117205272,20.284069036146,
    34.716091906261));
#2614 = DIRECTION('',(-2.417E-14,-1.752E-14,1.));
#2615 = DIRECTION('',(-0.99986414112,-1.648330374288E-02,
    -2.445550377245E-14));
#2616 = ORIENTED_EDGE('',*,*,#2600,.F.);
#2617 = ORIENTED_EDGE('',*,*,#2618,.F.);
#2618 = EDGE_CURVE('',#2601,#2601,#2619,.T.);
#2619 = ELLIPSE('',#2620,2.225084862488,1.7);
#2620 = AXIS2_PLACEMENT_3D('',#2621,#2622,#2623);
#2621 = CARTESIAN_POINT('',(-19.15891373198,20.305537472276,
    28.331856709415));
#2622 = DIRECTION('',(0.266114843695,0.63716540153,-0.723327824059));
#2623 = DIRECTION('',(-5.350798606359E-03,-0.749397749251,
    -0.662098468788));
#2624 = CYLINDRICAL_SURFACE('',#2625,1.7);
#2625 = AXIS2_PLACEMENT_3D('',#2626,#2627,#2628);
#2626 = CARTESIAN_POINT('',(-21.02648349147,20.27474956986,
    37.487493806321));
#2627 = DIRECTION('',(-0.199863624201,-3.294860460934E-03,0.979818184979
    ));
#2628 = DIRECTION('',(-0.895412667198,-0.40543372308,-0.184009922586));
#2629 = ADVANCED_FACE('',(#2630),#2657,.F.);
#2630 = FACE_BOUND('',#2631,.F.);
#2631 = EDGE_LOOP('',(#2632,#2642,#2649,#2650));
#2632 = ORIENTED_EDGE('',*,*,#2633,.T.);
#2633 = EDGE_CURVE('',#2634,#2636,#2638,.T.);
#2634 = VERTEX_POINT('',#2635);
#2635 = CARTESIAN_POINT('',(17.798371857956,20.992109777241,
    29.437192495049));
#2636 = VERTEX_POINT('',#2637);
#2637 = CARTESIAN_POINT('',(18.87516343449,20.974358282919,
    34.71609190626));
#2638 = LINE('',#2639,#2640);
#2639 = CARTESIAN_POINT('',(19.504283357292,20.963986899097,
    37.800310674716));
#2640 = VECTOR('',#2641,1.);
#2641 = DIRECTION('',(0.199863624202,-3.294860460927E-03,0.979818184979)
  );
#2642 = ORIENTED_EDGE('',*,*,#2643,.T.);
#2643 = EDGE_CURVE('',#2636,#2636,#2644,.T.);
#2644 = ELLIPSE('',#2645,1.735015767274,1.7);
#2645 = AXIS2_PLACEMENT_3D('',#2646,#2647,#2648);
#2646 = CARTESIAN_POINT('',(20.461173452778,20.284069036147,
    34.71609190626));
#2647 = DIRECTION('',(-4.286E-14,1.752E-14,-1.));
#2648 = DIRECTION('',(0.99986414112,-1.648330374284E-02,
    -4.314296456998E-14));
#2649 = ORIENTED_EDGE('',*,*,#2633,.F.);
#2650 = ORIENTED_EDGE('',*,*,#2651,.F.);
#2651 = EDGE_CURVE('',#2634,#2634,#2652,.T.);
#2652 = ELLIPSE('',#2653,2.225084862488,1.7);
#2653 = AXIS2_PLACEMENT_3D('',#2654,#2655,#2656);
#2654 = CARTESIAN_POINT('',(19.158914935736,20.305537475513,
    28.331855747035));
#2655 = DIRECTION('',(-0.266114843695,0.63716540153,-0.723327824059));
#2656 = DIRECTION('',(5.350798606371E-03,-0.749397749251,-0.662098468788
    ));
#2657 = CYLINDRICAL_SURFACE('',#2658,1.7);
#2658 = AXIS2_PLACEMENT_3D('',#2659,#2660,#2661);
#2659 = CARTESIAN_POINT('',(21.026484891529,20.27474956986,
    37.48749380632));
#2660 = DIRECTION('',(-0.199863624202,3.294860460927E-03,-0.979818184979
    ));
#2661 = DIRECTION('',(0.895412667198,-0.40543372308,-0.184009922586));
#2662 = ADVANCED_FACE('',(#2663,#2721),#2724,.F.);
#2663 = FACE_BOUND('',#2664,.T.);
#2664 = EDGE_LOOP('',(#2665,#2675,#2683,#2691,#2699,#2707,#2715));
#2665 = ORIENTED_EDGE('',*,*,#2666,.T.);
#2666 = EDGE_CURVE('',#2667,#2669,#2671,.T.);
#2667 = VERTEX_POINT('',#2668);
#2668 = CARTESIAN_POINT('',(-23.5486772922,21.25083817718,
    34.716091906261));
#2669 = VERTEX_POINT('',#2670);
#2670 = CARTESIAN_POINT('',(-23.5486772922,15.60412366362,
    34.716091906261));
#2671 = LINE('',#2672,#2673);
#2672 = CARTESIAN_POINT('',(-23.5486772922,14.707145704701,
    34.716091906261));
#2673 = VECTOR('',#2674,1.);
#2674 = DIRECTION('',(5.79E-15,-1.,-1.752E-14));
#2675 = ORIENTED_EDGE('',*,*,#2676,.F.);
#2676 = EDGE_CURVE('',#2677,#2669,#2679,.T.);
#2677 = VERTEX_POINT('',#2678);
#2678 = CARTESIAN_POINT('',(-22.01501466899,14.575611679058,
    34.716091906261));
#2679 = LINE('',#2680,#2681);
#2680 = CARTESIAN_POINT('',(135.58289964148,-91.11343697997,
    34.716091906263));
#2681 = VECTOR('',#2682,1.);
#2682 = DIRECTION('',(-0.830529995621,0.556973900981,-1.032E-14));
#2683 = ORIENTED_EDGE('',*,*,#2684,.T.);
#2684 = EDGE_CURVE('',#2677,#2685,#2687,.T.);
#2685 = VERTEX_POINT('',#2686);
#2686 = CARTESIAN_POINT('',(-16.68241452019,14.575611679058,
    34.716091906261));
#2687 = LINE('',#2688,#2689);
#2688 = CARTESIAN_POINT('',(168.42273428038,14.575611679059,
    34.716091906265));
#2689 = VECTOR('',#2690,1.);
#2690 = DIRECTION('',(1.,5.81E-15,2.417E-14));
#2691 = ORIENTED_EDGE('',*,*,#2692,.T.);
#2692 = EDGE_CURVE('',#2685,#2693,#2695,.T.);
#2693 = VERTEX_POINT('',#2694);
#2694 = CARTESIAN_POINT('',(-17.68704413867,19.856241396626,
    34.716091906261));
#2695 = LINE('',#2696,#2697);
#2696 = CARTESIAN_POINT('',(-15.49913295211,8.355934598328,
    34.716091906261));
#2697 = VECTOR('',#2698,1.);
#2698 = DIRECTION('',(-0.186895849543,0.982379733822,1.269E-14));
#2699 = ORIENTED_EDGE('',*,*,#2700,.T.);
#2700 = EDGE_CURVE('',#2693,#2701,#2703,.T.);
#2701 = VERTEX_POINT('',#2702);
#2702 = CARTESIAN_POINT('',(-19.04423446052,23.2071457047,
    34.716091906261));
#2703 = LINE('',#2704,#2705);
#2704 = CARTESIAN_POINT('',(-14.83584932983,12.816638465276,
    34.716091906261));
#2705 = VECTOR('',#2706,1.);
#2706 = DIRECTION('',(-0.375399970179,0.926862914561,7.16E-15));
#2707 = ORIENTED_EDGE('',*,*,#2708,.T.);
#2708 = EDGE_CURVE('',#2701,#2709,#2711,.T.);
#2709 = VERTEX_POINT('',#2710);
#2710 = CARTESIAN_POINT('',(-21.57168540265,23.2071457047,
    34.716091906261));
#2711 = LINE('',#2712,#2713);
#2712 = CARTESIAN_POINT('',(-2.490878247029,23.207145704701,
    34.716091906261));
#2713 = VECTOR('',#2714,1.);
#2714 = DIRECTION('',(-1.,-4.991E-14,-2.417E-14));
#2715 = ORIENTED_EDGE('',*,*,#2716,.T.);
#2716 = EDGE_CURVE('',#2709,#2667,#2717,.T.);
#2717 = LINE('',#2718,#2719);
#2718 = CARTESIAN_POINT('',(-19.675157677,25.083830928082,
    34.716091906261));
#2719 = VECTOR('',#2720,1.);
#2720 = DIRECTION('',(-0.710815472557,-0.703378535337,-2.95E-14));
#2721 = FACE_BOUND('',#2722,.T.);
#2722 = EDGE_LOOP('',(#2723));
#2723 = ORIENTED_EDGE('',*,*,#2610,.F.);
#2724 = PLANE('',#2725);
#2725 = AXIS2_PLACEMENT_3D('',#2726,#2727,#2728);
#2726 = CARTESIAN_POINT('',(1.05004179301E-06,14.707145704702,
    34.716091906261));
#2727 = DIRECTION('',(2.417E-14,1.752E-14,-1.));
#2728 = DIRECTION('',(-1.,-5.E-15,-2.417E-14));
#2729 = ADVANCED_FACE('',(#2730),#2779,.F.);
#2730 = FACE_BOUND('',#2731,.T.);
#2731 = EDGE_LOOP('',(#2732,#2740,#2748,#2756,#2764,#2772,#2778));
#2732 = ORIENTED_EDGE('',*,*,#2733,.T.);
#2733 = EDGE_CURVE('',#2701,#2734,#2736,.T.);
#2734 = VERTEX_POINT('',#2735);
#2735 = CARTESIAN_POINT('',(-18.58218553274,23.694611867387,
    34.228625743574));
#2736 = LINE('',#2737,#2738);
#2737 = CARTESIAN_POINT('',(-17.34114951591,25.003917069734,
    32.919320541228));
#2738 = VECTOR('',#2739,1.);
#2739 = DIRECTION('',(0.556751838096,0.587378664397,-0.587378664397));
#2740 = ORIENTED_EDGE('',*,*,#2741,.F.);
#2741 = EDGE_CURVE('',#2742,#2734,#2744,.T.);
#2742 = VERTEX_POINT('',#2743);
#2743 = CARTESIAN_POINT('',(-18.58399943007,23.706035051876,
    34.217202559085));
#2744 = LINE('',#2745,#2746);
#2745 = CARTESIAN_POINT('',(-18.84454120475,25.346820730901,
    32.57641688006));
#2746 = VECTOR('',#2747,1.);
#2747 = DIRECTION('',(0.111580933908,-0.70269114666,0.70269114666));
#2748 = ORIENTED_EDGE('',*,*,#2749,.F.);
#2749 = EDGE_CURVE('',#2750,#2742,#2752,.T.);
#2750 = VERTEX_POINT('',#2751);
#2751 = CARTESIAN_POINT('',(-18.58486977938,23.7071457047,
    34.216091906261));
#2752 = LINE('',#2753,#2754);
#2753 = CARTESIAN_POINT('',(-18.21871679023,23.239897845243,
    34.683339765718));
#2754 = VECTOR('',#2755,1.);
#2755 = DIRECTION('',(0.484680080745,-0.618500290755,0.618500290756));
#2756 = ORIENTED_EDGE('',*,*,#2757,.F.);
#2757 = EDGE_CURVE('',#2758,#2750,#2760,.T.);
#2758 = VERTEX_POINT('',#2759);
#2759 = CARTESIAN_POINT('',(-21.67018871259,23.7071457047,
    34.216091906261));
#2760 = LINE('',#2761,#2762);
#2761 = CARTESIAN_POINT('',(-2.490878247029,23.707145704701,
    34.216091906261));
#2762 = VECTOR('',#2763,1.);
#2763 = DIRECTION('',(1.,4.991E-14,2.417E-14));
#2764 = ORIENTED_EDGE('',*,*,#2765,.F.);
#2765 = EDGE_CURVE('',#2766,#2758,#2768,.T.);
#2766 = VERTEX_POINT('',#2767);
#2767 = CARTESIAN_POINT('',(-21.67701823056,23.701569235793,
    34.221668375168));
#2768 = LINE('',#2769,#2770);
#2769 = CARTESIAN_POINT('',(-15.49775326371,28.747090625727,
    29.176146985234));
#2770 = VECTOR('',#2771,1.);
#2771 = DIRECTION('',(0.654640868095,0.534530323658,-0.534530323658));
#2772 = ORIENTED_EDGE('',*,*,#2773,.T.);
#2773 = EDGE_CURVE('',#2766,#2709,#2774,.T.);
#2774 = LINE('',#2775,#2776);
#2775 = CARTESIAN_POINT('',(-21.67701823056,23.701569235793,
    34.221668375168));
#2776 = VECTOR('',#2777,1.);
#2777 = DIRECTION('',(0.148962479081,-0.699217483987,0.699217483987));
#2778 = ORIENTED_EDGE('',*,*,#2708,.F.);
#2779 = PLANE('',#2780);
#2780 = AXIS2_PLACEMENT_3D('',#2781,#2782,#2783);
#2781 = CARTESIAN_POINT('',(-2.490878247029,23.457145704701,
    34.466091906261));
#2782 = DIRECTION('',(5.239E-14,-0.707106781187,-0.707106781187));
#2783 = DIRECTION('',(1.,8.333532426636E-14,-9.244675733636E-15));
#2784 = ADVANCED_FACE('',(#2785),#2810,.T.);
#2785 = FACE_BOUND('',#2786,.T.);
#2786 = EDGE_LOOP('',(#2787,#2795,#2796,#2804));
#2787 = ORIENTED_EDGE('',*,*,#2788,.T.);
#2788 = EDGE_CURVE('',#2789,#2750,#2791,.T.);
#2789 = VERTEX_POINT('',#2790);
#2790 = CARTESIAN_POINT('',(-17.98054477416,23.707145704701,
    31.761793266206));
#2791 = LINE('',#2792,#2793);
#2792 = CARTESIAN_POINT('',(-14.92335701122,23.707145704701,
    19.345871859395));
#2793 = VECTOR('',#2794,1.);
#2794 = DIRECTION('',(-0.239089905319,-4.644E-14,0.970997434175));
#2795 = ORIENTED_EDGE('',*,*,#2749,.T.);
#2796 = ORIENTED_EDGE('',*,*,#2797,.F.);
#2797 = EDGE_CURVE('',#2798,#2742,#2800,.T.);
#2798 = VERTEX_POINT('',#2799);
#2799 = CARTESIAN_POINT('',(-17.97927506829,23.706035051876,
    31.761282042991));
#2800 = LINE('',#2801,#2802);
#2801 = CARTESIAN_POINT('',(-14.94456381413,23.706035051876,
    19.436642751651));
#2802 = VECTOR('',#2803,1.);
#2803 = DIRECTION('',(-0.239089905319,-1.824E-14,0.970997434175));
#2804 = ORIENTED_EDGE('',*,*,#2805,.F.);
#2805 = EDGE_CURVE('',#2789,#2798,#2806,.T.);
#2806 = LINE('',#2807,#2808);
#2807 = CARTESIAN_POINT('',(-15.11391973346,21.199615974855,
    30.607600540918));
#2808 = VECTOR('',#2809,1.);
#2809 = DIRECTION('',(0.72032564117,-0.630092158815,-0.290025588654));
#2810 = PLANE('',#2811);
#2811 = AXIS2_PLACEMENT_3D('',#2812,#2813,#2814);
#2812 = CARTESIAN_POINT('',(-15.7250294296,23.957145704702,
    21.556010596088));
#2813 = DIRECTION('',(0.68659887022,0.707106781187,0.169062093364));
#2814 = DIRECTION('',(-0.717433954504,0.696626529013,1.744437927442E-14)
  );
#2815 = ADVANCED_FACE('',(#2816),#2834,.F.);
#2816 = FACE_BOUND('',#2817,.T.);
#2817 = EDGE_LOOP('',(#2818,#2826,#2832,#2833));
#2818 = ORIENTED_EDGE('',*,*,#2819,.F.);
#2819 = EDGE_CURVE('',#2820,#2789,#2822,.T.);
#2820 = VERTEX_POINT('',#2821);
#2821 = CARTESIAN_POINT('',(-20.91358776261,23.7071457047,
    30.682716462492));
#2822 = LINE('',#2823,#2824);
#2823 = CARTESIAN_POINT('',(-15.67443993352,23.707145704701,
    32.610217326222));
#2824 = VECTOR('',#2825,1.);
#2825 = DIRECTION('',(0.938500580958,3.457E-14,0.345277655722));
#2826 = ORIENTED_EDGE('',*,*,#2827,.T.);
#2827 = EDGE_CURVE('',#2820,#2758,#2828,.T.);
#2828 = LINE('',#2829,#2830);
#2829 = CARTESIAN_POINT('',(-17.90225661284,23.707145704701,
    16.619604939948));
#2830 = VECTOR('',#2831,1.);
#2831 = DIRECTION('',(-0.209383314282,-4.52E-14,0.977833640094));
#2832 = ORIENTED_EDGE('',*,*,#2757,.T.);
#2833 = ORIENTED_EDGE('',*,*,#2788,.F.);
#2834 = PLANE('',#2835);
#2835 = AXIS2_PLACEMENT_3D('',#2836,#2837,#2838);
#2836 = CARTESIAN_POINT('',(-4.981757544098,23.707145704701,
    19.386268722278));
#2837 = DIRECTION('',(4.991E-14,-1.,-3.554E-14));
#2838 = DIRECTION('',(1.,4.991E-14,-9.21E-15));
#2839 = ADVANCED_FACE('',(#2840),#2866,.F.);
#2840 = FACE_BOUND('',#2841,.T.);
#2841 = EDGE_LOOP('',(#2842,#2852,#2858,#2859,#2860));
#2842 = ORIENTED_EDGE('',*,*,#2843,.T.);
#2843 = EDGE_CURVE('',#2844,#2846,#2848,.T.);
#2844 = VERTEX_POINT('',#2845);
#2845 = CARTESIAN_POINT('',(-22.1843338696,22.039339050973,
    28.746066092854));
#2846 = VERTEX_POINT('',#2847);
#2847 = CARTESIAN_POINT('',(-23.89427674403,21.507508884152,
    34.221668375168));
#2848 = LINE('',#2849,#2850);
#2849 = CARTESIAN_POINT('',(-21.48258577969,22.257598274312,
    26.498918834185));
#2850 = VECTOR('',#2851,1.);
#2851 = DIRECTION('',(-0.296814234979,-9.23158115191E-02,0.950462572044)
  );
#2852 = ORIENTED_EDGE('',*,*,#2853,.T.);
#2853 = EDGE_CURVE('',#2846,#2766,#2854,.T.);
#2854 = LINE('',#2855,#2856);
#2855 = CARTESIAN_POINT('',(-19.97446827669,25.386306188097,
    34.221668375168));
#2856 = VECTOR('',#2857,1.);
#2857 = DIRECTION('',(0.710815472557,0.703378535337,2.951E-14));
#2858 = ORIENTED_EDGE('',*,*,#2765,.T.);
#2859 = ORIENTED_EDGE('',*,*,#2827,.F.);
#2860 = ORIENTED_EDGE('',*,*,#2861,.F.);
#2861 = EDGE_CURVE('',#2844,#2820,#2862,.T.);
#2862 = LINE('',#2863,#2864);
#2863 = CARTESIAN_POINT('',(-25.10043574569,18.212064597704,
    24.301850411099));
#2864 = VECTOR('',#2865,1.);
#2865 = DIRECTION('',(0.445205184784,0.584315124297,0.678504369152));
#2866 = PLANE('',#2867);
#2867 = AXIS2_PLACEMENT_3D('',#2868,#2869,#2870);
#2868 = CARTESIAN_POINT('',(-22.7526835321,18.687393770721,
    15.58098403104));
#2869 = DIRECTION('',(0.695533798272,-0.702887791794,0.148934507779));
#2870 = DIRECTION('',(0.710815472557,0.703378535337,4.329869796038E-15)
  );
#2871 = ADVANCED_FACE('',(#2872),#2891,.F.);
#2872 = FACE_BOUND('',#2873,.T.);
#2873 = EDGE_LOOP('',(#2874,#2875,#2876,#2877,#2885));
#2874 = ORIENTED_EDGE('',*,*,#2716,.F.);
#2875 = ORIENTED_EDGE('',*,*,#2773,.F.);
#2876 = ORIENTED_EDGE('',*,*,#2853,.F.);
#2877 = ORIENTED_EDGE('',*,*,#2878,.F.);
#2878 = EDGE_CURVE('',#2879,#2846,#2881,.T.);
#2879 = VERTEX_POINT('',#2880);
#2880 = CARTESIAN_POINT('',(-23.8996337256,21.481437427429,
    34.238822574272));
#2881 = LINE('',#2882,#2883);
#2882 = CARTESIAN_POINT('',(-24.10561051902,20.478985770128,
    34.898404257973));
#2883 = VECTOR('',#2884,1.);
#2884 = DIRECTION('',(0.169175694624,0.823347390917,-0.541736705622));
#2885 = ORIENTED_EDGE('',*,*,#2886,.F.);
#2886 = EDGE_CURVE('',#2667,#2879,#2887,.T.);
#2887 = LINE('',#2888,#2889);
#2888 = CARTESIAN_POINT('',(-23.5486772922,21.25083817718,
    34.716091906261));
#2889 = VECTOR('',#2890,1.);
#2890 = DIRECTION('',(-0.552066440059,0.362740485849,-0.750760937773));
#2891 = PLANE('',#2892);
#2892 = AXIS2_PLACEMENT_3D('',#2893,#2894,#2895);
#2893 = CARTESIAN_POINT('',(-19.82481297684,25.235068558089,
    34.468880140714));
#2894 = DIRECTION('',(0.533116040602,-0.538752764394,-0.652328710169));
#2895 = DIRECTION('',(0.710815472557,0.703378535337,7.216449660064E-15)
  );
#2896 = ADVANCED_FACE('',(#2897),#2923,.F.);
#2897 = FACE_BOUND('',#2898,.T.);
#2898 = EDGE_LOOP('',(#2899,#2909,#2915,#2916,#2917));
#2899 = ORIENTED_EDGE('',*,*,#2900,.T.);
#2900 = EDGE_CURVE('',#2901,#2903,#2905,.T.);
#2901 = VERTEX_POINT('',#2902);
#2902 = CARTESIAN_POINT('',(-23.8996337256,16.391090318471,
    34.238822574272));
#2903 = VERTEX_POINT('',#2904);
#2904 = CARTESIAN_POINT('',(-23.84517391233,15.79885879281,
    34.312883045105));
#2905 = LINE('',#2906,#2907);
#2906 = CARTESIAN_POINT('',(-7.862679030673,-158.0052135908,
    56.047645339331));
#2907 = VECTOR('',#2908,1.);
#2908 = DIRECTION('',(9.086876614934E-02,-0.988166223495,0.123573387437)
  );
#2909 = ORIENTED_EDGE('',*,*,#2910,.F.);
#2910 = EDGE_CURVE('',#2669,#2903,#2911,.T.);
#2911 = LINE('',#2912,#2913);
#2912 = CARTESIAN_POINT('',(41.529947213716,-27.13867166719,
    123.21719542886));
#2913 = VECTOR('',#2914,1.);
#2914 = DIRECTION('',(-0.552096558571,0.362609849009,-0.750801896252));
#2915 = ORIENTED_EDGE('',*,*,#2666,.F.);
#2916 = ORIENTED_EDGE('',*,*,#2886,.T.);
#2917 = ORIENTED_EDGE('',*,*,#2918,.F.);
#2918 = EDGE_CURVE('',#2901,#2879,#2919,.T.);
#2919 = LINE('',#2920,#2921);
#2920 = CARTESIAN_POINT('',(-23.8996337256,14.707145704701,
    34.238822574272));
#2921 = VECTOR('',#2922,1.);
#2922 = DIRECTION('',(-5.79E-15,1.,1.752E-14));
#2923 = PLANE('',#2924);
#2924 = AXIS2_PLACEMENT_3D('',#2925,#2926,#2927);
#2925 = CARTESIAN_POINT('',(-23.7241555089,14.707145704701,
    34.477457240266));
#2926 = DIRECTION('',(0.805632401654,1.504E-14,-0.592415760598));
#2927 = DIRECTION('',(-4.431514053573E-15,1.,1.936111334797E-14));
#2928 = ADVANCED_FACE('',(#2929),#2963,.T.);
#2929 = FACE_BOUND('',#2930,.T.);
#2930 = EDGE_LOOP('',(#2931,#2939,#2947,#2955,#2961,#2962));
#2931 = ORIENTED_EDGE('',*,*,#2932,.F.);
#2932 = EDGE_CURVE('',#2933,#2903,#2935,.T.);
#2933 = VERTEX_POINT('',#2934);
#2934 = CARTESIAN_POINT('',(-23.34413022549,15.446520603536,
    32.708434150205));
#2935 = LINE('',#2936,#2937);
#2936 = CARTESIAN_POINT('',(15.368321450974,-11.77640522953,
    -91.25710406987));
#2937 = VECTOR('',#2938,1.);
#2938 = DIRECTION('',(-0.291746445507,0.205158586041,0.934234427811));
#2939 = ORIENTED_EDGE('',*,*,#2940,.T.);
#2940 = EDGE_CURVE('',#2933,#2941,#2943,.T.);
#2941 = VERTEX_POINT('',#2942);
#2942 = CARTESIAN_POINT('',(-18.8581798413,12.42265105628,
    31.187064445376));
#2943 = LINE('',#2944,#2945);
#2944 = CARTESIAN_POINT('',(191.04914963173,-129.0707510056,
    -40.00111744083));
#2945 = VECTOR('',#2946,1.);
#2946 = DIRECTION('',(0.798240830574,-0.538074640205,-0.270716194516));
#2947 = ORIENTED_EDGE('',*,*,#2948,.T.);
#2948 = EDGE_CURVE('',#2941,#2949,#2951,.T.);
#2949 = VERTEX_POINT('',#2950);
#2950 = CARTESIAN_POINT('',(-20.96006408612,13.863528448755,
    34.263299786824));
#2951 = LINE('',#2952,#2953);
#2952 = CARTESIAN_POINT('',(91.654436107502,-63.33562644956,
    -130.5548657756));
#2953 = VECTOR('',#2954,1.);
#2954 = DIRECTION('',(-0.526174155727,0.360701331371,0.77008785693));
#2955 = ORIENTED_EDGE('',*,*,#2956,.T.);
#2956 = EDGE_CURVE('',#2949,#2677,#2957,.T.);
#2957 = LINE('',#2958,#2959);
#2958 = CARTESIAN_POINT('',(169.78941086351,-114.890845932,
    -47.60770009308));
#2959 = VECTOR('',#2960,1.);
#2960 = DIRECTION('',(-0.780908608771,0.527107083243,0.335171400245));
#2961 = ORIENTED_EDGE('',*,*,#2676,.T.);
#2962 = ORIENTED_EDGE('',*,*,#2910,.T.);
#2963 = PLANE('',#2964);
#2964 = AXIS2_PLACEMENT_3D('',#2965,#2966,#2967);
#2965 = CARTESIAN_POINT('',(278.03008646215,-186.6983564442,
    29.180949958024));
#2966 = DIRECTION('',(-0.556954012733,-0.830500339318,8.450685994723E-03
    ));
#2967 = DIRECTION('',(0.830541583993,-0.556944889362,3.614895855085E-03)
  );
#2968 = ADVANCED_FACE('',(#2969),#2987,.F.);
#2969 = FACE_BOUND('',#2970,.T.);
#2970 = EDGE_LOOP('',(#2971,#2972,#2973,#2981));
#2971 = ORIENTED_EDGE('',*,*,#2684,.F.);
#2972 = ORIENTED_EDGE('',*,*,#2956,.F.);
#2973 = ORIENTED_EDGE('',*,*,#2974,.F.);
#2974 = EDGE_CURVE('',#2975,#2949,#2977,.T.);
#2975 = VERTEX_POINT('',#2976);
#2976 = CARTESIAN_POINT('',(-15.95723536675,13.863528448755,
    34.263299786824));
#2977 = LINE('',#2978,#2979);
#2978 = CARTESIAN_POINT('',(168.42273428038,13.863528448756,
    34.263299786828));
#2979 = VECTOR('',#2980,1.);
#2980 = DIRECTION('',(-1.,-5.81E-15,-2.417E-14));
#2981 = ORIENTED_EDGE('',*,*,#2982,.F.);
#2982 = EDGE_CURVE('',#2685,#2975,#2983,.T.);
#2983 = LINE('',#2984,#2985);
#2984 = CARTESIAN_POINT('',(-16.68241452019,14.575611679058,
    34.716091906261));
#2985 = VECTOR('',#2986,1.);
#2986 = DIRECTION('',(0.651764340436,-0.639994206576,-0.406952896643));
#2987 = PLANE('',#2988);
#2988 = AXIS2_PLACEMENT_3D('',#2989,#2990,#2991);
#2989 = CARTESIAN_POINT('',(168.42273428038,14.219570063908,
    34.489695846547));
#2990 = DIRECTION('',(1.728E-14,0.53657876374,-0.843850241632));
#2991 = DIRECTION('',(-1.,4.675029915889E-14,9.249529527961E-15));
#2992 = ADVANCED_FACE('',(#2993),#3027,.T.);
#2993 = FACE_BOUND('',#2994,.T.);
#2994 = EDGE_LOOP('',(#2995,#3005,#3013,#3021));
#2995 = ORIENTED_EDGE('',*,*,#2996,.F.);
#2996 = EDGE_CURVE('',#2997,#2999,#3001,.T.);
#2997 = VERTEX_POINT('',#2998);
#2998 = CARTESIAN_POINT('',(17.980545939984,23.707145704701,
    31.761792314929));
#2999 = VERTEX_POINT('',#3000);
#3000 = CARTESIAN_POINT('',(20.913588956747,23.707145704701,
    30.6827155008));
#3001 = LINE('',#3002,#3003);
#3002 = CARTESIAN_POINT('',(15.674441019415,23.707145704701,
    32.610216404352));
#3003 = VECTOR('',#3004,1.);
#3004 = DIRECTION('',(0.938500580958,-3.71E-15,-0.345277655722));
#3005 = ORIENTED_EDGE('',*,*,#3006,.T.);
#3006 = EDGE_CURVE('',#2997,#3007,#3009,.T.);
#3007 = VERTEX_POINT('',#3008);
#3008 = CARTESIAN_POINT('',(18.584871179437,23.707145704701,
    34.216091906261));
#3009 = LINE('',#3010,#3011);
#3010 = CARTESIAN_POINT('',(14.923358411279,23.707145704701,
    19.345871859395));
#3011 = VECTOR('',#3012,1.);
#3012 = DIRECTION('',(0.239089905319,-3.858E-14,0.970997434175));
#3013 = ORIENTED_EDGE('',*,*,#3014,.F.);
#3014 = EDGE_CURVE('',#3015,#3007,#3017,.T.);
#3015 = VERTEX_POINT('',#3016);
#3016 = CARTESIAN_POINT('',(21.670190112655,23.707145704701,
    34.21609190626));
#3017 = LINE('',#3018,#3019);
#3018 = CARTESIAN_POINT('',(2.490879647085,23.707145704701,
    34.216091906261));
#3019 = VECTOR('',#3020,1.);
#3020 = DIRECTION('',(-1.,1.703E-14,4.286E-14));
#3021 = ORIENTED_EDGE('',*,*,#3022,.F.);
#3022 = EDGE_CURVE('',#2999,#3015,#3023,.T.);
#3023 = LINE('',#3024,#3025);
#3024 = CARTESIAN_POINT('',(17.902258012906,23.707145704702,
    16.619604939948));
#3025 = VECTOR('',#3026,1.);
#3026 = DIRECTION('',(0.209383314282,-3.832E-14,0.977833640094));
#3027 = PLANE('',#3028);
#3028 = AXIS2_PLACEMENT_3D('',#3029,#3030,#3031);
#3029 = CARTESIAN_POINT('',(4.981758944154,23.707145704702,
    19.386268722278));
#3030 = DIRECTION('',(1.703E-14,1.,3.554E-14));
#3031 = DIRECTION('',(-1.,1.703E-14,9.48E-15));
#3032 = ADVANCED_FACE('',(#3033),#3058,.F.);
#3033 = FACE_BOUND('',#3034,.T.);
#3034 = EDGE_LOOP('',(#3035,#3036,#3044,#3052));
#3035 = ORIENTED_EDGE('',*,*,#3006,.F.);
#3036 = ORIENTED_EDGE('',*,*,#3037,.F.);
#3037 = EDGE_CURVE('',#3038,#2997,#3040,.T.);
#3038 = VERTEX_POINT('',#3039);
#3039 = CARTESIAN_POINT('',(17.979276234121,23.706035051877,
    31.761281091714));
#3040 = LINE('',#3041,#3042);
#3041 = CARTESIAN_POINT('',(15.113921150065,21.199616194216,
    30.60759969061));
#3042 = VECTOR('',#3043,1.);
#3043 = DIRECTION('',(0.72032564117,0.630092158815,0.290025588654));
#3044 = ORIENTED_EDGE('',*,*,#3045,.T.);
#3045 = EDGE_CURVE('',#3038,#3046,#3048,.T.);
#3046 = VERTEX_POINT('',#3047);
#3047 = CARTESIAN_POINT('',(18.584000830128,23.706035051877,
    34.217202559085));
#3048 = LINE('',#3049,#3050);
#3049 = CARTESIAN_POINT('',(14.944565214187,23.706035051877,
    19.43664275165));
#3050 = VECTOR('',#3051,1.);
#3051 = DIRECTION('',(0.239089905319,-1.038E-14,0.970997434175));
#3052 = ORIENTED_EDGE('',*,*,#3053,.F.);
#3053 = EDGE_CURVE('',#3007,#3046,#3054,.T.);
#3054 = LINE('',#3055,#3056);
#3055 = CARTESIAN_POINT('',(18.218718190288,23.239897845244,
    34.683339765718));
#3056 = VECTOR('',#3057,1.);
#3057 = DIRECTION('',(-0.484680080745,-0.618500290756,0.618500290756));
#3058 = PLANE('',#3059);
#3059 = AXIS2_PLACEMENT_3D('',#3060,#3061,#3062);
#3060 = CARTESIAN_POINT('',(15.725030829662,23.957145704702,
    21.556010596087));
#3061 = DIRECTION('',(0.68659887022,-0.707106781187,-0.169062093364));
#3062 = DIRECTION('',(0.717433954504,0.696626529013,3.899658373996E-15)
  );
#3063 = ADVANCED_FACE('',(#3064),#3106,.T.);
#3064 = FACE_BOUND('',#3065,.T.);
#3065 = EDGE_LOOP('',(#3066,#3076,#3084,#3092,#3098,#3099,#3100));
#3066 = ORIENTED_EDGE('',*,*,#3067,.F.);
#3067 = EDGE_CURVE('',#3068,#3070,#3072,.T.);
#3068 = VERTEX_POINT('',#3069);
#3069 = CARTESIAN_POINT('',(19.04423586058,23.207145704701,
    34.71609190626));
#3070 = VERTEX_POINT('',#3071);
#3071 = CARTESIAN_POINT('',(18.5821869328,23.694611867388,
    34.228625743574));
#3072 = LINE('',#3073,#3074);
#3073 = CARTESIAN_POINT('',(17.341150915968,25.003917069734,
    32.919320541227));
#3074 = VECTOR('',#3075,1.);
#3075 = DIRECTION('',(-0.556751838096,0.587378664397,-0.587378664397));
#3076 = ORIENTED_EDGE('',*,*,#3077,.T.);
#3077 = EDGE_CURVE('',#3068,#3078,#3080,.T.);
#3078 = VERTEX_POINT('',#3079);
#3079 = CARTESIAN_POINT('',(21.571686802714,23.207145704701,
    34.71609190626));
#3080 = LINE('',#3081,#3082);
#3081 = CARTESIAN_POINT('',(2.490879647085,23.207145704701,
    34.716091906261));
#3082 = VECTOR('',#3083,1.);
#3083 = DIRECTION('',(1.,-1.703E-14,-4.286E-14));
#3084 = ORIENTED_EDGE('',*,*,#3085,.F.);
#3085 = EDGE_CURVE('',#3086,#3078,#3088,.T.);
#3086 = VERTEX_POINT('',#3087);
#3087 = CARTESIAN_POINT('',(21.677019630617,23.701569235794,
    34.221668375168));
#3088 = LINE('',#3089,#3090);
#3089 = CARTESIAN_POINT('',(21.677019630617,23.701569235794,
    34.221668375168));
#3090 = VECTOR('',#3091,1.);
#3091 = DIRECTION('',(-0.148962479081,-0.699217483987,0.699217483987));
#3092 = ORIENTED_EDGE('',*,*,#3093,.T.);
#3093 = EDGE_CURVE('',#3086,#3015,#3094,.T.);
#3094 = LINE('',#3095,#3096);
#3095 = CARTESIAN_POINT('',(15.497754663773,28.747090625728,
    29.176146985234));
#3096 = VECTOR('',#3097,1.);
#3097 = DIRECTION('',(-0.654640868095,0.534530323658,-0.534530323658));
#3098 = ORIENTED_EDGE('',*,*,#3014,.T.);
#3099 = ORIENTED_EDGE('',*,*,#3053,.T.);
#3100 = ORIENTED_EDGE('',*,*,#3101,.T.);
#3101 = EDGE_CURVE('',#3046,#3070,#3102,.T.);
#3102 = LINE('',#3103,#3104);
#3103 = CARTESIAN_POINT('',(18.844542604816,25.346820730902,
    32.57641688006));
#3104 = VECTOR('',#3105,1.);
#3105 = DIRECTION('',(-0.111580933908,-0.70269114666,0.70269114666));
#3106 = PLANE('',#3107);
#3107 = AXIS2_PLACEMENT_3D('',#3108,#3109,#3110);
#3108 = CARTESIAN_POINT('',(2.490879647085,23.457145704701,
    34.466091906261));
#3109 = DIRECTION('',(4.235E-14,0.707106781187,0.707106781187));
#3110 = DIRECTION('',(-1.,5.045097218325E-14,9.440972183251E-15));
#3111 = ADVANCED_FACE('',(#3112,#3161),#3164,.T.);
#3112 = FACE_BOUND('',#3113,.T.);
#3113 = EDGE_LOOP('',(#3114,#3124,#3132,#3140,#3146,#3147,#3155));
#3114 = ORIENTED_EDGE('',*,*,#3115,.F.);
#3115 = EDGE_CURVE('',#3116,#3118,#3120,.T.);
#3116 = VERTEX_POINT('',#3117);
#3117 = CARTESIAN_POINT('',(22.015016069055,14.575611679059,
    34.71609190626));
#3118 = VERTEX_POINT('',#3119);
#3119 = CARTESIAN_POINT('',(16.682415920254,14.575611679059,
    34.71609190626));
#3120 = LINE('',#3121,#3122);
#3121 = CARTESIAN_POINT('',(-168.4227328803,14.575611679054,
    34.716091906268));
#3122 = VECTOR('',#3123,1.);
#3123 = DIRECTION('',(-1.,-2.707E-14,4.286E-14));
#3124 = ORIENTED_EDGE('',*,*,#3125,.F.);
#3125 = EDGE_CURVE('',#3126,#3116,#3128,.T.);
#3126 = VERTEX_POINT('',#3127);
#3127 = CARTESIAN_POINT('',(23.548678692259,15.604123663621,
    34.71609190626));
#3128 = LINE('',#3129,#3130);
#3129 = CARTESIAN_POINT('',(-135.5828982414,-91.11343697997,
    34.716091906265));
#3130 = VECTOR('',#3131,1.);
#3131 = DIRECTION('',(-0.830529995621,-0.556973900981,2.584E-14));
#3132 = ORIENTED_EDGE('',*,*,#3133,.F.);
#3133 = EDGE_CURVE('',#3134,#3126,#3136,.T.);
#3134 = VERTEX_POINT('',#3135);
#3135 = CARTESIAN_POINT('',(23.548678692259,21.250838177181,
    34.71609190626));
#3136 = LINE('',#3137,#3138);
#3137 = CARTESIAN_POINT('',(23.548678692259,14.707145704702,
    34.71609190626));
#3138 = VECTOR('',#3139,1.);
#3139 = DIRECTION('',(2.709E-14,-1.,-1.752E-14));
#3140 = ORIENTED_EDGE('',*,*,#3141,.F.);
#3141 = EDGE_CURVE('',#3078,#3134,#3142,.T.);
#3142 = LINE('',#3143,#3144);
#3143 = CARTESIAN_POINT('',(19.675159077056,25.083830928082,
    34.71609190626));
#3144 = VECTOR('',#3145,1.);
#3145 = DIRECTION('',(0.710815472557,-0.703378535337,-4.278E-14));
#3146 = ORIENTED_EDGE('',*,*,#3077,.F.);
#3147 = ORIENTED_EDGE('',*,*,#3148,.F.);
#3148 = EDGE_CURVE('',#3149,#3068,#3151,.T.);
#3149 = VERTEX_POINT('',#3150);
#3150 = CARTESIAN_POINT('',(17.687045538729,19.856241396627,
    34.716091906261));
#3151 = LINE('',#3152,#3153);
#3152 = CARTESIAN_POINT('',(14.83585072989,12.816638465277,
    34.71609190626));
#3153 = VECTOR('',#3154,1.);
#3154 = DIRECTION('',(0.375399970179,0.926862914561,1.5E-16));
#3155 = ORIENTED_EDGE('',*,*,#3156,.F.);
#3156 = EDGE_CURVE('',#3118,#3149,#3157,.T.);
#3157 = LINE('',#3158,#3159);
#3158 = CARTESIAN_POINT('',(15.499134352174,8.355934598328,
    34.71609190626));
#3159 = VECTOR('',#3160,1.);
#3160 = DIRECTION('',(0.186895849543,0.982379733822,9.2E-15));
#3161 = FACE_BOUND('',#3162,.T.);
#3162 = EDGE_LOOP('',(#3163));
#3163 = ORIENTED_EDGE('',*,*,#2643,.T.);
#3164 = PLANE('',#3165);
#3165 = AXIS2_PLACEMENT_3D('',#3166,#3167,#3168);
#3166 = CARTESIAN_POINT('',(3.5001502756E-07,14.707145704702,
    34.716091906261));
#3167 = DIRECTION('',(4.286E-14,-1.752E-14,1.));
#3168 = DIRECTION('',(1.,2.787E-14,-4.286E-14));
#3169 = ADVANCED_FACE('',(#3170),#3196,.F.);
#3170 = FACE_BOUND('',#3171,.T.);
#3171 = EDGE_LOOP('',(#3172,#3173,#3174,#3182,#3190));
#3172 = ORIENTED_EDGE('',*,*,#2692,.F.);
#3173 = ORIENTED_EDGE('',*,*,#2982,.T.);
#3174 = ORIENTED_EDGE('',*,*,#3175,.F.);
#3175 = EDGE_CURVE('',#3176,#2975,#3178,.T.);
#3176 = VERTEX_POINT('',#3177);
#3177 = CARTESIAN_POINT('',(-15.91214749021,13.848351391649,
    34.230897169022));
#3178 = LINE('',#3179,#3180);
#3179 = CARTESIAN_POINT('',(94.806533121192,-23.42072995361,
    -45.33761141914));
#3180 = VECTOR('',#3181,1.);
#3181 = DIRECTION('',(-0.783315384488,0.263672260383,0.562933341995));
#3182 = ORIENTED_EDGE('',*,*,#3183,.F.);
#3183 = EDGE_CURVE('',#3184,#3176,#3186,.T.);
#3184 = VERTEX_POINT('',#3185);
#3185 = CARTESIAN_POINT('',(-17.07684220072,19.970330464438,
    34.230897169022));
#3186 = LINE('',#3187,#3188);
#3187 = CARTESIAN_POINT('',(-14.88929834329,8.471954456405,
    34.230897169022));
#3188 = VECTOR('',#3189,1.);
#3189 = DIRECTION('',(0.186895849543,-0.982379733822,-1.269E-14));
#3190 = ORIENTED_EDGE('',*,*,#3191,.T.);
#3191 = EDGE_CURVE('',#3184,#2693,#3192,.T.);
#3192 = LINE('',#3193,#3194);
#3193 = CARTESIAN_POINT('',(-17.07684220072,19.970330464438,
    34.230897169022));
#3194 = VECTOR('',#3195,1.);
#3195 = DIRECTION('',(-0.77447231003,-0.144802594687,0.615812349316));
#3196 = PLANE('',#3197);
#3197 = AXIS2_PLACEMENT_3D('',#3198,#3199,#3200);
#3198 = CARTESIAN_POINT('',(-15.1942156477,8.413944527366,
    34.473494537641));
#3199 = DIRECTION('',(-0.604963454048,-0.115093130278,-0.787891357123));
#3200 = DIRECTION('',(0.186895849543,-0.982379733822,-2.027544798722E-14
    ));
#3201 = ADVANCED_FACE('',(#3202),#3221,.F.);
#3202 = FACE_BOUND('',#3203,.T.);
#3203 = EDGE_LOOP('',(#3204,#3212,#3213,#3214,#3215));
#3204 = ORIENTED_EDGE('',*,*,#3205,.F.);
#3205 = EDGE_CURVE('',#2734,#3206,#3208,.T.);
#3206 = VERTEX_POINT('',#3207);
#3207 = CARTESIAN_POINT('',(-17.07847890468,19.981958647779,
    34.228625743574));
#3208 = LINE('',#3209,#3210);
#3209 = CARTESIAN_POINT('',(-14.26930363292,13.046101996921,
    34.228625743574));
#3210 = VECTOR('',#3211,1.);
#3211 = DIRECTION('',(0.375399970179,-0.926862914561,-7.16E-15));
#3212 = ORIENTED_EDGE('',*,*,#2733,.F.);
#3213 = ORIENTED_EDGE('',*,*,#2700,.F.);
#3214 = ORIENTED_EDGE('',*,*,#3191,.F.);
#3215 = ORIENTED_EDGE('',*,*,#3216,.F.);
#3216 = EDGE_CURVE('',#3206,#3184,#3217,.T.);
#3217 = LINE('',#3218,#3219);
#3218 = CARTESIAN_POINT('',(-15.73323847679,10.424517145632,
    36.095556734767));
#3219 = VECTOR('',#3220,1.);
#3220 = DIRECTION('',(0.136842789641,-0.972217999006,0.189911066903));
#3221 = PLANE('',#3222);
#3222 = AXIS2_PLACEMENT_3D('',#3223,#3224,#3225);
#3223 = CARTESIAN_POINT('',(-14.55257648137,12.931370231099,
    34.472358824917));
#3224 = DIRECTION('',(-0.577896761124,-0.234060963584,-0.781825299417));
#3225 = DIRECTION('',(0.375399970179,-0.926862914561,-2.164934898019E-14
    ));
#3226 = ADVANCED_FACE('',(#3227),#3246,.F.);
#3227 = FACE_BOUND('',#3228,.T.);
#3228 = EDGE_LOOP('',(#3229,#3230,#3231,#3232,#3240));
#3229 = ORIENTED_EDGE('',*,*,#2797,.T.);
#3230 = ORIENTED_EDGE('',*,*,#2741,.T.);
#3231 = ORIENTED_EDGE('',*,*,#3205,.T.);
#3232 = ORIENTED_EDGE('',*,*,#3233,.T.);
#3233 = EDGE_CURVE('',#3206,#3234,#3236,.T.);
#3234 = VERTEX_POINT('',#3235);
#3235 = CARTESIAN_POINT('',(-15.75913899794,19.812853740694,
    29.148650249819));
#3236 = LINE('',#3237,#3238);
#3237 = CARTESIAN_POINT('',(-13.26557413249,19.4932438716,
    19.547448661147));
#3238 = VECTOR('',#3239,1.);
#3239 = DIRECTION('',(0.251244027693,-3.220292037085E-02,-0.967387931736
    ));
#3240 = ORIENTED_EDGE('',*,*,#3241,.F.);
#3241 = EDGE_CURVE('',#2798,#3234,#3242,.T.);
#3242 = LINE('',#3243,#3244);
#3243 = CARTESIAN_POINT('',(-13.83449906342,16.437847891325,
    26.883755070425));
#3244 = VECTOR('',#3245,1.);
#3245 = DIRECTION('',(0.427965684559,-0.750471120759,-0.503625326753));
#3246 = PLANE('',#3247);
#3247 = AXIS2_PLACEMENT_3D('',#3248,#3249,#3250);
#3248 = CARTESIAN_POINT('',(-12.225931012,17.992053214943,
    17.794512223028));
#3249 = DIRECTION('',(-0.903628616596,-0.365989565872,-0.222501597617));
#3250 = DIRECTION('',(-0.239089905319,-1.945665850656E-14,0.970997434175
    ));
#3251 = ADVANCED_FACE('',(#3252,#3280),#3283,.T.);
#3252 = FACE_BOUND('',#3253,.T.);
#3253 = EDGE_LOOP('',(#3254,#3255,#3263,#3271,#3277,#3278,#3279));
#3254 = ORIENTED_EDGE('',*,*,#3241,.T.);
#3255 = ORIENTED_EDGE('',*,*,#3256,.F.);
#3256 = EDGE_CURVE('',#3257,#3234,#3259,.T.);
#3257 = VERTEX_POINT('',#3258);
#3258 = CARTESIAN_POINT('',(-14.99943568987,17.80407406123,
    27.658652127892));
#3259 = LINE('',#3260,#3261);
#3260 = CARTESIAN_POINT('',(-13.30206078292,13.315936049628,
    24.329609604276));
#3261 = VECTOR('',#3262,1.);
#3262 = DIRECTION('',(-0.290640479348,0.768501084119,0.57002999524));
#3263 = ORIENTED_EDGE('',*,*,#3264,.T.);
#3264 = EDGE_CURVE('',#3257,#3265,#3267,.T.);
#3265 = VERTEX_POINT('',#3266);
#3266 = CARTESIAN_POINT('',(-21.35504235767,18.678307721888,
    26.090497556982));
#3267 = LINE('',#3268,#3269);
#3268 = CARTESIAN_POINT('',(-18.92673024265,18.344285762932,
    26.68964865959));
#3269 = VECTOR('',#3270,1.);
#3270 = DIRECTION('',(-0.962339854935,0.132372869838,-0.237443523673));
#3271 = ORIENTED_EDGE('',*,*,#3272,.T.);
#3272 = EDGE_CURVE('',#3265,#2844,#3273,.T.);
#3273 = LINE('',#3274,#3275);
#3274 = CARTESIAN_POINT('',(-21.65058192189,19.876097990184,
    27.036878361034));
#3275 = VECTOR('',#3276,1.);
#3276 = DIRECTION('',(-0.190071011159,0.770338014818,0.608647971854));
#3277 = ORIENTED_EDGE('',*,*,#2861,.T.);
#3278 = ORIENTED_EDGE('',*,*,#2819,.T.);
#3279 = ORIENTED_EDGE('',*,*,#2805,.T.);
#3280 = FACE_BOUND('',#3281,.T.);
#3281 = EDGE_LOOP('',(#3282));
#3282 = ORIENTED_EDGE('',*,*,#2618,.F.);
#3283 = PLANE('',#3284);
#3284 = AXIS2_PLACEMENT_3D('',#3285,#3286,#3287);
#3285 = CARTESIAN_POINT('',(-19.3899755085,18.741996189581,
    26.869555187815));
#3286 = DIRECTION('',(0.266114843695,0.63716540153,-0.723327824059));
#3287 = DIRECTION('',(-0.182427656282,0.770114970297,0.611263513346));
#3288 = ADVANCED_FACE('',(#3289),#3317,.F.);
#3289 = FACE_BOUND('',#3290,.F.);
#3290 = EDGE_LOOP('',(#3291,#3292,#3293,#3294,#3295,#3303,#3311));
#3291 = ORIENTED_EDGE('',*,*,#3272,.T.);
#3292 = ORIENTED_EDGE('',*,*,#2843,.T.);
#3293 = ORIENTED_EDGE('',*,*,#2878,.F.);
#3294 = ORIENTED_EDGE('',*,*,#2918,.F.);
#3295 = ORIENTED_EDGE('',*,*,#3296,.F.);
#3296 = EDGE_CURVE('',#3297,#2901,#3299,.T.);
#3297 = VERTEX_POINT('',#3298);
#3298 = CARTESIAN_POINT('',(-19.89403677971,13.574320420078,
    21.412045664342));
#3299 = LINE('',#3300,#3301);
#3300 = CARTESIAN_POINT('',(-4.361526745162,2.651737128054,
    -28.3263687981));
#3301 = VECTOR('',#3302,1.);
#3302 = DIRECTION('',(-0.291746445507,0.205158586041,0.934234427811));
#3303 = ORIENTED_EDGE('',*,*,#3304,.F.);
#3304 = EDGE_CURVE('',#3305,#3297,#3307,.T.);
#3305 = VERTEX_POINT('',#3306);
#3306 = CARTESIAN_POINT('',(-19.89403677971,16.399698247281,
    21.412045664342));
#3307 = LINE('',#3308,#3309);
#3308 = CARTESIAN_POINT('',(-19.89403677971,15.889517282252,
    21.412045664342));
#3309 = VECTOR('',#3310,1.);
#3310 = DIRECTION('',(5.97E-15,-1.,-1.811E-14));
#3311 = ORIENTED_EDGE('',*,*,#3312,.F.);
#3312 = EDGE_CURVE('',#3265,#3305,#3313,.T.);
#3313 = LINE('',#3314,#3315);
#3314 = CARTESIAN_POINT('',(-21.25632548148,18.524347180754,
    25.774385036126));
#3315 = VECTOR('',#3316,1.);
#3316 = DIRECTION('',(0.270304058626,-0.42157086756,-0.865571325493));
#3317 = PLANE('',#3318);
#3318 = AXIS2_PLACEMENT_3D('',#3319,#3320,#3321);
#3319 = CARTESIAN_POINT('',(-24.168939857,14.707145704701,35.10119832365
    ));
#3320 = DIRECTION('',(0.954538663976,3.E-16,0.298087133191));
#3321 = DIRECTION('',(0.298087133191,1.808E-14,-0.954538663976));
#3322 = ADVANCED_FACE('',(#3323),#3349,.F.);
#3323 = FACE_BOUND('',#3324,.T.);
#3324 = EDGE_LOOP('',(#3325,#3333,#3342,#3348));
#3325 = ORIENTED_EDGE('',*,*,#3326,.F.);
#3326 = EDGE_CURVE('',#3327,#2933,#3329,.T.);
#3327 = VERTEX_POINT('',#3328);
#3328 = CARTESIAN_POINT('',(-21.87548283374,11.781624933416,
    29.186081911181));
#3329 = LINE('',#3330,#3331);
#3330 = CARTESIAN_POINT('',(34.796917407392,-129.6399548318,
    -106.7350091567));
#3331 = VECTOR('',#3332,1.);
#3332 = DIRECTION('',(-0.2775713144,0.69265768898,0.665717275815));
#3333 = ORIENTED_EDGE('',*,*,#3334,.T.);
#3334 = EDGE_CURVE('',#3327,#3335,#3337,.T.);
#3335 = VERTEX_POINT('',#3336);
#3336 = CARTESIAN_POINT('',(-21.60646940619,11.265257385879,
    28.716059395724));
#3337 = B_SPLINE_CURVE_WITH_KNOTS('',3,(#3338,#3339,#3340,#3341),
  .UNSPECIFIED.,.F.,.F.,(4,4),(0.,7.482858531666E-02),
  .PIECEWISE_BEZIER_KNOTS.);
#3338 = CARTESIAN_POINT('',(-21.87548283374,11.781624933418,
    29.186081911172));
#3339 = CARTESIAN_POINT('',(-21.7843571332,11.60962654553,
    29.030163316634));
#3340 = CARTESIAN_POINT('',(-21.6946943171,11.437488153953,
    28.873495050889));
#3341 = CARTESIAN_POINT('',(-21.60651888104,11.265242516678,
    28.716146041492));
#3342 = ORIENTED_EDGE('',*,*,#3343,.F.);
#3343 = EDGE_CURVE('',#2941,#3335,#3344,.T.);
#3344 = LINE('',#3345,#3346);
#3345 = CARTESIAN_POINT('',(94.766935234461,60.273863916324,
    133.34814553391));
#3346 = VECTOR('',#3347,1.);
#3347 = DIRECTION('',(-0.709640286419,-0.298852488526,-0.638042203928));
#3348 = ORIENTED_EDGE('',*,*,#2940,.F.);
#3349 = PLANE('',#3350);
#3350 = AXIS2_PLACEMENT_3D('',#3351,#3352,#3353);
#3351 = CARTESIAN_POINT('',(141.5172078733,-72.39318263809,
    3.128189217711));
#3352 = DIRECTION('',(0.269832297422,0.72126194022,-0.6379433712));
#3353 = DIRECTION('',(-0.889898554736,0.439847499917,0.120891435159));
#3354 = ADVANCED_FACE('',(#3355),#3376,.T.);
#3355 = FACE_BOUND('',#3356,.T.);
#3356 = EDGE_LOOP('',(#3357,#3358,#3359,#3368,#3374,#3375));
#3357 = ORIENTED_EDGE('',*,*,#2900,.F.);
#3358 = ORIENTED_EDGE('',*,*,#3296,.F.);
#3359 = ORIENTED_EDGE('',*,*,#3360,.T.);
#3360 = EDGE_CURVE('',#3297,#3361,#3363,.T.);
#3361 = VERTEX_POINT('',#3362);
#3362 = CARTESIAN_POINT('',(-19.72217783087,12.78700430998,
    21.160640629494));
#3363 = ELLIPSE('',#3364,213.57764193972,26.);
#3364 = AXIS2_PLACEMENT_3D('',#3365,#3366,#3367);
#3365 = CARTESIAN_POINT('',(-41.27189427454,214.22715697662,
    6.613829253888));
#3366 = DIRECTION('',(0.954732741851,0.121735588819,0.271414513342));
#3367 = DIRECTION('',(0.117095845173,-0.992562565491,3.328838578474E-02)
  );
#3368 = ORIENTED_EDGE('',*,*,#3369,.F.);
#3369 = EDGE_CURVE('',#3327,#3361,#3370,.T.);
#3370 = LINE('',#3371,#3372);
#3371 = CARTESIAN_POINT('',(-16.70511890001,14.195670905245,
    9.91595896075));
#3372 = VECTOR('',#3373,1.);
#3373 = DIRECTION('',(0.257267724541,0.120118452409,-0.95884559513));
#3374 = ORIENTED_EDGE('',*,*,#3326,.T.);
#3375 = ORIENTED_EDGE('',*,*,#2932,.T.);
#3376 = PLANE('',#3377);
#3377 = AXIS2_PLACEMENT_3D('',#3378,#3379,#3380);
#3378 = CARTESIAN_POINT('',(34.962423668862,-339.5889290532,
    -13.15030199016));
#3379 = DIRECTION('',(-0.954732741851,-0.121735588819,-0.271414513342));
#3380 = DIRECTION('',(0.157348133596,-0.981000328169,-0.113489739563));
#3381 = ADVANCED_FACE('',(#3382),#3411,.T.);
#3382 = FACE_BOUND('',#3383,.T.);
#3383 = EDGE_LOOP('',(#3384,#3385,#3386,#3387,#3396,#3404,#3410));
#3384 = ORIENTED_EDGE('',*,*,#2974,.T.);
#3385 = ORIENTED_EDGE('',*,*,#2948,.F.);
#3386 = ORIENTED_EDGE('',*,*,#3343,.T.);
#3387 = ORIENTED_EDGE('',*,*,#3388,.T.);
#3388 = EDGE_CURVE('',#3335,#3389,#3391,.T.);
#3389 = VERTEX_POINT('',#3390);
#3390 = CARTESIAN_POINT('',(-21.59671346728,11.254182482182,
    28.692414767488));
#3391 = B_SPLINE_CURVE_WITH_KNOTS('',3,(#3392,#3393,#3394,#3395),
  .UNSPECIFIED.,.F.,.F.,(4,4),(0.114558219275,0.117355951463),
  .PIECEWISE_BEZIER_KNOTS.);
#3392 = CARTESIAN_POINT('',(-21.60651888104,11.26524251671,
    28.716146041476));
#3393 = CARTESIAN_POINT('',(-21.60326826828,11.261544051032,
    28.708275081332));
#3394 = CARTESIAN_POINT('',(-21.6000165321,11.257858433343,
    28.700388348541));
#3395 = CARTESIAN_POINT('',(-21.59676636116,11.254166427886,
    28.692509759009));
#3396 = ORIENTED_EDGE('',*,*,#3397,.T.);
#3397 = EDGE_CURVE('',#3389,#3398,#3400,.T.);
#3398 = VERTEX_POINT('',#3399);
#3399 = CARTESIAN_POINT('',(-14.0152670082,11.254182482215,
    28.692414767558));
#3400 = LINE('',#3401,#3402);
#3401 = CARTESIAN_POINT('',(248.59962610797,11.25418248221,
    28.69241476755));
#3402 = VECTOR('',#3403,1.);
#3403 = DIRECTION('',(1.,-1.93E-14,-2.943E-14));
#3404 = ORIENTED_EDGE('',*,*,#3405,.F.);
#3405 = EDGE_CURVE('',#3176,#3398,#3406,.T.);
#3406 = LINE('',#3407,#3408);
#3407 = CARTESIAN_POINT('',(2.772705542102,-11.70500596186,
    -20.32484879109));
#3408 = VECTOR('',#3409,1.);
#3409 = DIRECTION('',(0.296233368685,-0.405127999506,-0.864937625088));
#3410 = ORIENTED_EDGE('',*,*,#3175,.T.);
#3411 = PLANE('',#3412);
#3412 = AXIS2_PLACEMENT_3D('',#3413,#3414,#3415);
#3413 = CARTESIAN_POINT('',(336.84546751071,10.768693667318,
    27.655908914903));
#3414 = DIRECTION('',(-5.E-15,-0.905584238874,0.424166460606));
#3415 = DIRECTION('',(1.,-1.192343342223E-14,-1.36683918199E-14));
#3416 = ADVANCED_FACE('',(#3417),#3428,.F.);
#3417 = FACE_BOUND('',#3418,.T.);
#3418 = EDGE_LOOP('',(#3419));
#3419 = ORIENTED_EDGE('',*,*,#3420,.F.);
#3420 = EDGE_CURVE('',#3421,#3421,#3423,.T.);
#3421 = VERTEX_POINT('',#3422);
#3422 = CARTESIAN_POINT('',(8.850000350013,-9.999999999999,
    6.000262376211));
#3423 = CIRCLE('',#3424,1.15);
#3424 = AXIS2_PLACEMENT_3D('',#3425,#3426,#3427);
#3425 = CARTESIAN_POINT('',(10.000000350014,-9.999999999999,
    6.000262376211));
#3426 = DIRECTION('',(-2.644E-14,-1.746E-14,1.));
#3427 = DIRECTION('',(1.,1.644E-14,2.644E-14));
#3428 = PLANE('',#3429);
#3429 = AXIS2_PLACEMENT_3D('',#3430,#3431,#3432);
#3430 = CARTESIAN_POINT('',(4.981758944154,0.728572852351,6.000262376211
    ));
#3431 = DIRECTION('',(-2.644E-14,-1.746E-14,1.));
#3432 = DIRECTION('',(1.645E-14,-1.,-1.746E-14));
#3433 = ADVANCED_FACE('',(#3434),#3445,.F.);
#3434 = FACE_BOUND('',#3435,.T.);
#3435 = EDGE_LOOP('',(#3436));
#3436 = ORIENTED_EDGE('',*,*,#3437,.F.);
#3437 = EDGE_CURVE('',#3438,#3438,#3440,.T.);
#3438 = VERTEX_POINT('',#3439);
#3439 = CARTESIAN_POINT('',(-11.14999964998,-9.999999999999,
    6.000262376211));
#3440 = CIRCLE('',#3441,1.15);
#3441 = AXIS2_PLACEMENT_3D('',#3442,#3443,#3444);
#3442 = CARTESIAN_POINT('',(-9.999999649987,-9.999999999999,
    6.000262376211));
#3443 = DIRECTION('',(-2.644E-14,-1.746E-14,1.));
#3444 = DIRECTION('',(1.,1.644E-14,2.644E-14));
#3445 = PLANE('',#3446);
#3446 = AXIS2_PLACEMENT_3D('',#3447,#3448,#3449);
#3447 = CARTESIAN_POINT('',(4.981758944154,0.728572852351,6.000262376211
    ));
#3448 = DIRECTION('',(-2.644E-14,-1.746E-14,1.));
#3449 = DIRECTION('',(1.645E-14,-1.,-1.746E-14));
#3450 = ADVANCED_FACE('',(#3451),#3462,.F.);
#3451 = FACE_BOUND('',#3452,.T.);
#3452 = EDGE_LOOP('',(#3453));
#3453 = ORIENTED_EDGE('',*,*,#3454,.F.);
#3454 = EDGE_CURVE('',#3455,#3455,#3457,.T.);
#3455 = VERTEX_POINT('',#3456);
#3456 = CARTESIAN_POINT('',(-11.14999964998,10.000000000001,
    6.000262376211));
#3457 = CIRCLE('',#3458,1.15);
#3458 = AXIS2_PLACEMENT_3D('',#3459,#3460,#3461);
#3459 = CARTESIAN_POINT('',(-9.999999649987,10.000000000001,
    6.000262376211));
#3460 = DIRECTION('',(-2.644E-14,-1.746E-14,1.));
#3461 = DIRECTION('',(1.,1.644E-14,2.644E-14));
#3462 = PLANE('',#3463);
#3463 = AXIS2_PLACEMENT_3D('',#3464,#3465,#3466);
#3464 = CARTESIAN_POINT('',(4.981758944154,0.728572852351,6.000262376211
    ));
#3465 = DIRECTION('',(-2.644E-14,-1.746E-14,1.));
#3466 = DIRECTION('',(1.645E-14,-1.,-1.746E-14));
#3467 = ADVANCED_FACE('',(#3468),#3479,.F.);
#3468 = FACE_BOUND('',#3469,.T.);
#3469 = EDGE_LOOP('',(#3470));
#3470 = ORIENTED_EDGE('',*,*,#3471,.F.);
#3471 = EDGE_CURVE('',#3472,#3472,#3474,.T.);
#3472 = VERTEX_POINT('',#3473);
#3473 = CARTESIAN_POINT('',(8.850000350013,10.000000000001,
    6.000262376211));
#3474 = CIRCLE('',#3475,1.15);
#3475 = AXIS2_PLACEMENT_3D('',#3476,#3477,#3478);
#3476 = CARTESIAN_POINT('',(10.000000350013,10.000000000001,
    6.000262376211));
#3477 = DIRECTION('',(-2.644E-14,-1.746E-14,1.));
#3478 = DIRECTION('',(1.,1.644E-14,2.644E-14));
#3479 = PLANE('',#3480);
#3480 = AXIS2_PLACEMENT_3D('',#3481,#3482,#3483);
#3481 = CARTESIAN_POINT('',(4.981758944154,0.728572852351,6.000262376211
    ));
#3482 = DIRECTION('',(-2.644E-14,-1.746E-14,1.));
#3483 = DIRECTION('',(1.645E-14,-1.,-1.746E-14));
#3484 = ADVANCED_FACE('',(#3485),#3531,.T.);
#3485 = FACE_BOUND('',#3486,.T.);
#3486 = EDGE_LOOP('',(#3487,#3488,#3497,#3522));
#3487 = ORIENTED_EDGE('',*,*,#272,.F.);
#3488 = ORIENTED_EDGE('',*,*,#3489,.T.);
#3489 = EDGE_CURVE('',#264,#3490,#3492,.T.);
#3490 = VERTEX_POINT('',#3491);
#3491 = CARTESIAN_POINT('',(-4.988035039556,-4.131121332764,
    0.151020515475));
#3492 = B_SPLINE_CURVE_WITH_KNOTS('',3,(#3493,#3494,#3495,#3496),
  .UNSPECIFIED.,.F.,.F.,(4,4),(-0.401378587764,0.226196496044),
  .PIECEWISE_BEZIER_KNOTS.);
#3493 = CARTESIAN_POINT('',(-11.26378587763,-4.131121332764,
    0.151020515474));
#3494 = CARTESIAN_POINT('',(-9.17186893161,-4.131121332764,
    0.151020515474));
#3495 = CARTESIAN_POINT('',(-7.079951985583,-4.131121332764,
    0.151020515474));
#3496 = CARTESIAN_POINT('',(-4.988035039556,-4.131121332764,
    0.151020515475));
#3497 = ORIENTED_EDGE('',*,*,#3498,.F.);
#3498 = EDGE_CURVE('',#3499,#3490,#3501,.T.);
#3499 = VERTEX_POINT('',#3500);
#3500 = CARTESIAN_POINT('',(-0.574484680592,-0.18903947804,
    7.180000016532));
#3501 = B_SPLINE_CURVE_WITH_KNOTS('',3,(#3502,#3503,#3504,#3505,#3506,
    #3507,#3508,#3509,#3510,#3511,#3512,#3513,#3514,#3515,#3516,#3517,
    #3518,#3519,#3520,#3521),.UNSPECIFIED.,.F.,.F.,(4,2,2,2,2,2,2,2,2,4)
  ,(-0.847852980057,-0.837829984262,-0.797984242979,-0.706796415946,
    -0.614286397194,-0.339717615674,-0.215153283022,-9.283343548641E-02,
    -5.12186849427E-02,0.),.UNSPECIFIED.);
#3502 = CARTESIAN_POINT('',(-0.574484683719,-0.189039477606,
    7.180000017159));
#3503 = CARTESIAN_POINT('',(-0.582143998402,-0.187977834875,
    7.141044564921));
#3504 = CARTESIAN_POINT('',(-0.590934057751,-0.187036277569,
    7.102306056898));
#3505 = CARTESIAN_POINT('',(-0.639592999891,-0.182974115288,
    6.910954227286));
#3506 = CARTESIAN_POINT('',(-0.694631982364,-0.181693338722,
    6.76045943815));
#3507 = CARTESIAN_POINT('',(-0.904031504131,-0.184715188776,
    6.285893186601));
#3508 = CARTESIAN_POINT('',(-1.105456764842,-0.1988001542,5.9630380468)
  );
#3509 = CARTESIAN_POINT('',(-1.528114105459,-0.25731674604,
    5.368051533993));
#3510 = CARTESIAN_POINT('',(-1.762009766948,-0.303221338272,
    5.079230514016));
#3511 = CARTESIAN_POINT('',(-2.708422057472,-0.576880104738,
    3.975298293246));
#3512 = CARTESIAN_POINT('',(-3.373840764381,-0.971977047291,
    3.316397844206));
#3513 = CARTESIAN_POINT('',(-4.228979287624,-1.854591340777,
    2.284220600416));
#3514 = CARTESIAN_POINT('',(-4.475432600439,-2.168770403794,
    1.958669833653));
#3515 = CARTESIAN_POINT('',(-4.864193950582,-2.816173486501,
    1.32754272029));
#3516 = CARTESIAN_POINT('',(-5.004498122479,-3.142700804808,
    1.027452723822));
#3517 = CARTESIAN_POINT('',(-5.077081291093,-3.545372541361,
    0.665943845365));
#3518 = CARTESIAN_POINT('',(-5.086523522437,-3.650371985445,
    0.572542502878));
#3519 = CARTESIAN_POINT('',(-5.07607809314,-3.882075321236,
    0.368016602251));
#3520 = CARTESIAN_POINT('',(-5.04881311584,-4.010648982568,
    0.255618854775));
#3521 = CARTESIAN_POINT('',(-4.988035039556,-4.131121332764,
    0.151020515475));
#3522 = ORIENTED_EDGE('',*,*,#3523,.T.);
#3523 = EDGE_CURVE('',#3499,#273,#3524,.T.);
#3524 = B_SPLINE_CURVE_WITH_KNOTS('',3,(#3525,#3526,#3527,#3528,#3529,
    #3530),.UNSPECIFIED.,.F.,.F.,(4,2,4),(1.E-03,1.002002423824,
    1.101661020583),.UNSPECIFIED.);
#3525 = CARTESIAN_POINT('',(-0.574484680592,-0.189039477139,7.18));
#3526 = CARTESIAN_POINT('',(-3.911159426671,-0.189039477139,7.18));
#3527 = CARTESIAN_POINT('',(-7.24783417275,-0.189039477139,7.18));
#3528 = CARTESIAN_POINT('',(-10.91670424135,-0.189039477139,7.18));
#3529 = CARTESIAN_POINT('',(-11.24889956388,-0.189039477139,7.18));
#3530 = CARTESIAN_POINT('',(-11.58109488641,-0.189039477139,7.18));
#3531 = B_SPLINE_SURFACE_WITH_KNOTS('',3,1,(
    (#3532,#3533)
    ,(#3534,#3535)
    ,(#3536,#3537)
    ,(#3538,#3539)
    ,(#3540,#3541)
    ,(#3542,#3543)
    ,(#3544,#3545)
    ,(#3546,#3547)
    ,(#3548,#3549)
    ,(#3550,#3551)
    ,(#3552,#3553)
    ,(#3554,#3555)
    ,(#3556,#3557)
    ,(#3558,#3559)
    ,(#3560,#3561)
    ,(#3562,#3563)
    ,(#3564,#3565)
    ,(#3566,#3567)
    ,(#3568,#3569)
    ,(#3570,#3571)
    ,(#3572,#3573)
    ,(#3574,#3575
    )),.UNSPECIFIED.,.F.,.F.,.F.,(4,3,3,3,3,3,3,4),(2,2),(
    -0.233464935532,-4.360996436069E-04,0.,0.174205644479,0.471383736504
    ,0.700024232494,0.888398737599,1.163733255213),(-0.668551531941,
    1.335453315707),.UNSPECIFIED.);
#3532 = CARTESIAN_POINT('',(-0.564484680592,-8.185359165259,
    -3.36901162234));
#3533 = CARTESIAN_POINT('',(-20.60453315706,-8.185359165259,
    -3.36901162234));
#3534 = CARTESIAN_POINT('',(-0.564484680592,-6.836470918768,
    -2.197859318468));
#3535 = CARTESIAN_POINT('',(-20.60453315706,-6.836470918767,
    -2.197859318468));
#3536 = CARTESIAN_POINT('',(-0.564484680592,-5.487582672276,
    -1.026707014597));
#3537 = CARTESIAN_POINT('',(-20.60453315706,-5.487582672276,
    -1.026707014597));
#3538 = CARTESIAN_POINT('',(-0.564484680592,-4.138694425784,
    0.144445289275));
#3539 = CARTESIAN_POINT('',(-20.60453315706,-4.138694425784,
    0.144445289275));
#3540 = CARTESIAN_POINT('',(-0.564484680592,-4.136170061444,
    0.146637031342));
#3541 = CARTESIAN_POINT('',(-20.60453315706,-4.136170061444,
    0.146637031341));
#3542 = CARTESIAN_POINT('',(-0.564484680592,-4.133645697104,
    0.148828773408));
#3543 = CARTESIAN_POINT('',(-20.60453315706,-4.133645697104,
    0.148828773408));
#3544 = CARTESIAN_POINT('',(-0.564484680592,-4.131121332764,
    0.151020515475));
#3545 = CARTESIAN_POINT('',(-20.60453315706,-4.131121332764,
    0.151020515474));
#3546 = CARTESIAN_POINT('',(-0.564484680592,-3.125669688344,
    1.023989060391));
#3547 = CARTESIAN_POINT('',(-20.60453315706,-3.125669688344,
    1.02398906039));
#3548 = CARTESIAN_POINT('',(-0.564484680592,-2.555563546302,
    1.566083707874));
#3549 = CARTESIAN_POINT('',(-20.60453315706,-2.555563546302,
    1.566083707873));
#3550 = CARTESIAN_POINT('',(-0.564484680592,-2.106234911718,
    2.030116904099));
#3551 = CARTESIAN_POINT('',(-20.60453315706,-2.106234911718,
    2.030116904099));
#3552 = CARTESIAN_POINT('',(-0.564484680592,-1.339723432036,
    2.821712953147));
#3553 = CARTESIAN_POINT('',(-20.60453315706,-1.339723432036,
    2.821712953146));
#3554 = CARTESIAN_POINT('',(-0.564484680592,-0.968291842386,
    3.344890682474));
#3555 = CARTESIAN_POINT('',(-20.60453315706,-0.968291842386,
    3.344890682474));
#3556 = CARTESIAN_POINT('',(-0.564484680592,-0.693662066827,
    3.909798847967));
#3557 = CARTESIAN_POINT('',(-20.60453315706,-0.693662066826,
    3.909798847966));
#3558 = CARTESIAN_POINT('',(-0.564484680592,-0.48236961364,
    4.344423359708));
#3559 = CARTESIAN_POINT('',(-20.60453315706,-0.482369613639,
    4.344423359708));
#3560 = CARTESIAN_POINT('',(-0.564484680592,-0.343860898797,
    4.783957643267));
#3561 = CARTESIAN_POINT('',(-20.60453315706,-0.343860898797,
    4.783957643266));
#3562 = CARTESIAN_POINT('',(-0.564484680592,-0.260245151454,
    5.391696915944));
#3563 = CARTESIAN_POINT('',(-20.60453315706,-0.260245151454,
    5.391696915944));
#3564 = CARTESIAN_POINT('',(-0.564484680592,-0.191355014751,
    5.892406924588));
#3565 = CARTESIAN_POINT('',(-20.60453315706,-0.191355014751,
    5.892406924587));
#3566 = CARTESIAN_POINT('',(-0.564484680592,-0.1578696397,6.481681963688
    ));
#3567 = CARTESIAN_POINT('',(-20.60453315706,-0.1578696397,6.481681963688
    ));
#3568 = CARTESIAN_POINT('',(-0.564484680592,-0.199827650153,
    7.49169878116));
#3569 = CARTESIAN_POINT('',(-20.60453315706,-0.199827650153,
    7.49169878116));
#3570 = CARTESIAN_POINT('',(-0.564484680592,-0.261667209907,
    8.980305954455));
#3571 = CARTESIAN_POINT('',(-20.60453315706,-0.261667209907,
    8.980305954454));
#3572 = CARTESIAN_POINT('',(-0.564484680592,-0.323506769661,
    10.468913127749));
#3573 = CARTESIAN_POINT('',(-20.60453315706,-0.323506769661,
    10.468913127749));
#3574 = CARTESIAN_POINT('',(-0.564484680592,-0.385346329415,
    11.957520301044));
#3575 = CARTESIAN_POINT('',(-20.60453315706,-0.385346329415,
    11.957520301044));
#3576 = ADVANCED_FACE('',(#3577),#3626,.T.);
#3577 = FACE_BOUND('',#3578,.T.);
#3578 = EDGE_LOOP('',(#3579,#3580,#3589,#3617));
#3579 = ORIENTED_EDGE('',*,*,#209,.F.);
#3580 = ORIENTED_EDGE('',*,*,#3581,.T.);
#3581 = EDGE_CURVE('',#201,#3582,#3584,.T.);
#3582 = VERTEX_POINT('',#3583);
#3583 = CARTESIAN_POINT('',(4.131121332764,-4.989158429424,
    0.151020515475));
#3584 = B_SPLINE_CURVE_WITH_KNOTS('',3,(#3585,#3586,#3587,#3588),
  .UNSPECIFIED.,.F.,.F.,(4,4),(-0.399656232011,0.226084157058),
  .PIECEWISE_BEZIER_KNOTS.);
#3585 = CARTESIAN_POINT('',(4.131121332764,-11.24656232011,
    0.151020515475));
#3586 = CARTESIAN_POINT('',(4.131121332764,-9.160761023216,
    0.151020515475));
#3587 = CARTESIAN_POINT('',(4.131121332764,-7.07495972632,0.151020515475
    ));
#3588 = CARTESIAN_POINT('',(4.131121332764,-4.989158429424,
    0.151020515475));
#3589 = ORIENTED_EDGE('',*,*,#3590,.F.);
#3590 = EDGE_CURVE('',#3591,#3582,#3593,.T.);
#3591 = VERTEX_POINT('',#3592);
#3592 = CARTESIAN_POINT('',(0.189039477135,-1.438360322641,
    7.179999999928));
#3593 = B_SPLINE_CURVE_WITH_KNOTS('',3,(#3594,#3595,#3596,#3597,#3598,
    #3599,#3600,#3601,#3602,#3603,#3604,#3605,#3606,#3607,#3608,#3609,
    #3610,#3611,#3612,#3613,#3614,#3615,#3616),.UNSPECIFIED.,.F.,.F.,(4,
    2,2,2,2,3,2,2,2,2,4),(-0.83498032577,-0.794322445239,-0.733571489911
    ,-0.695152921349,-0.659596853291,-0.613402857058,-0.44530065146,
    -0.275454220123,-0.157031516763,-5.501125018349E-02,0.),
  .UNSPECIFIED.);
#3594 = CARTESIAN_POINT('',(0.189039477135,-1.438360322641,
    7.179999999855));
#3595 = CARTESIAN_POINT('',(0.184776423359,-1.513788238553,
    7.023573371441));
#3596 = CARTESIAN_POINT('',(0.18244426819,-1.61634047238,6.86076642955)
  );
#3597 = CARTESIAN_POINT('',(0.182146308204,-1.830491218982,
    6.514854085597));
#3598 = CARTESIAN_POINT('',(0.186514218863,-1.966219911908,
    6.294573519714));
#3599 = CARTESIAN_POINT('',(0.20377187327,-2.172223364525,5.954644725236
    ));
#3600 = CARTESIAN_POINT('',(0.213032499938,-2.251910450666,
    5.822837199407));
#3601 = CARTESIAN_POINT('',(0.237076314387,-2.406109453741,
    5.570409309584));
#3602 = CARTESIAN_POINT('',(0.251395947101,-2.480583316482,
    5.449649552895));
#3603 = CARTESIAN_POINT('',(0.292071640599,-2.653101789008,
    5.173703416935));
#3604 = CARTESIAN_POINT('',(0.320690744848,-2.751297353456,
    5.019408766931));
#3605 = CARTESIAN_POINT('',(0.356382726217,-2.85,4.866671919128));
#3606 = CARTESIAN_POINT('',(0.486267587445,-3.209183745409,
    4.310855079594));
#3607 = CARTESIAN_POINT('',(0.697935223765,-3.540686137257,
    3.826799767277));
#3608 = CARTESIAN_POINT('',(1.356681586452,-4.183797952527,
    2.831985093986));
#3609 = CARTESIAN_POINT('',(1.764423030694,-4.453365561801,
    2.381285020319));
#3610 = CARTESIAN_POINT('',(2.393115759681,-4.784841643548,
    1.735248937984));
#3611 = CARTESIAN_POINT('',(2.676719223145,-4.90807213588,1.461970119172
    ));
#3612 = CARTESIAN_POINT('',(3.1995838138,-5.063824633208,0.975918544329)
  );
#3613 = CARTESIAN_POINT('',(3.472249272996,-5.116105665169,
    0.730101877559));
#3614 = CARTESIAN_POINT('',(3.863074689878,-5.087239241144,
    0.384637434051));
#3615 = CARTESIAN_POINT('',(4.002180768229,-5.055988251106,
    0.262971256843));
#3616 = CARTESIAN_POINT('',(4.131121332764,-4.989158429424,
    0.151020515475));
#3617 = ORIENTED_EDGE('',*,*,#3618,.T.);
#3618 = EDGE_CURVE('',#3591,#210,#3619,.T.);
#3619 = B_SPLINE_CURVE_WITH_KNOTS('',3,(#3620,#3621,#3622,#3623,#3624,
    #3625),.UNSPECIFIED.,.F.,.F.,(4,2,4),(0.573511306575,1.245064295009,
    1.505896209027),.UNSPECIFIED.);
#3620 = CARTESIAN_POINT('',(0.189039477139,-1.438360322641,7.18));
#3621 = CARTESIAN_POINT('',(0.189039477139,-3.676870284087,7.18));
#3622 = CARTESIAN_POINT('',(0.189039477139,-5.915380245532,7.18));
#3623 = CARTESIAN_POINT('',(0.189039477139,-9.023329920371,7.18));
#3624 = CARTESIAN_POINT('',(0.189039477139,-9.892769633764,7.18));
#3625 = CARTESIAN_POINT('',(0.189039477139,-10.76220934715,
    7.180000000001));
#3626 = B_SPLINE_SURFACE_WITH_KNOTS('',3,1,(
    (#3627,#3628)
    ,(#3629,#3630)
    ,(#3631,#3632)
    ,(#3633,#3634)
    ,(#3635,#3636)
    ,(#3637,#3638)
    ,(#3639,#3640)
    ,(#3641,#3642)
    ,(#3643,#3644)
    ,(#3645,#3646)
    ,(#3647,#3648)
    ,(#3649,#3650)
    ,(#3651,#3652)
    ,(#3653,#3654)
    ,(#3655,#3656)
    ,(#3657,#3658)
    ,(#3659,#3660)
    ,(#3661,#3662)
    ,(#3663,#3664
    )),.UNSPECIFIED.,.F.,.F.,.F.,(4,3,3,3,3,3,4),(2,2),(-1.920522787961,
    0.,0.174205644479,0.471383736504,0.700024232494,0.888398737599,
    1.770055584844),(-1.154675274311,1.335453315707),.UNSPECIFIED.);
#3627 = CARTESIAN_POINT('',(37.481980327337,4.296752743109,
    -28.80537038583));
#3628 = CARTESIAN_POINT('',(37.481980327337,-20.60453315706,
    -28.80537038583));
#3629 = CARTESIAN_POINT('',(26.365027329146,4.296752743109,
    -19.1532400854));
#3630 = CARTESIAN_POINT('',(26.365027329146,-20.60453315706,
    -19.15324008539));
#3631 = CARTESIAN_POINT('',(15.248074330955,4.29675274311,
    -9.501109784963));
#3632 = CARTESIAN_POINT('',(15.248074330955,-20.60453315706,
    -9.501109784962));
#3633 = CARTESIAN_POINT('',(4.131121332764,4.29675274311,0.151020515474)
  );
#3634 = CARTESIAN_POINT('',(4.131121332764,-20.60453315706,
    0.151020515475));
#3635 = CARTESIAN_POINT('',(3.125669688344,4.29675274311,1.02398906039)
  );
#3636 = CARTESIAN_POINT('',(3.125669688344,-20.60453315706,
    1.023989060391));
#3637 = CARTESIAN_POINT('',(2.555563546302,4.29675274311,1.566083707873)
  );
#3638 = CARTESIAN_POINT('',(2.555563546302,-20.60453315706,
    1.566083707874));
#3639 = CARTESIAN_POINT('',(2.106234911718,4.29675274311,2.030116904099)
  );
#3640 = CARTESIAN_POINT('',(2.106234911718,-20.60453315706,2.0301169041)
  );
#3641 = CARTESIAN_POINT('',(1.339723432037,4.29675274311,2.821712953146)
  );
#3642 = CARTESIAN_POINT('',(1.339723432037,-20.60453315706,
    2.821712953147));
#3643 = CARTESIAN_POINT('',(0.968291842387,4.29675274311,3.344890682474)
  );
#3644 = CARTESIAN_POINT('',(0.968291842387,-20.60453315706,
    3.344890682475));
#3645 = CARTESIAN_POINT('',(0.693662066827,4.29675274311,3.909798847967)
  );
#3646 = CARTESIAN_POINT('',(0.693662066827,-20.60453315706,
    3.909798847967));
#3647 = CARTESIAN_POINT('',(0.48236961364,4.29675274311,4.344423359708)
  );
#3648 = CARTESIAN_POINT('',(0.48236961364,-20.60453315706,4.344423359709
    ));
#3649 = CARTESIAN_POINT('',(0.343860898798,4.29675274311,4.783957643266)
  );
#3650 = CARTESIAN_POINT('',(0.343860898798,-20.60453315706,
    4.783957643267));
#3651 = CARTESIAN_POINT('',(0.260245151455,4.29675274311,5.391696915944)
  );
#3652 = CARTESIAN_POINT('',(0.260245151455,-20.60453315706,
    5.391696915945));
#3653 = CARTESIAN_POINT('',(0.191355014751,4.29675274311,5.892406924588)
  );
#3654 = CARTESIAN_POINT('',(0.191355014751,-20.60453315706,
    5.892406924588));
#3655 = CARTESIAN_POINT('',(0.157869639701,4.29675274311,6.481681963688)
  );
#3656 = CARTESIAN_POINT('',(0.157869639701,-20.60453315706,
    6.481681963689));
#3657 = CARTESIAN_POINT('',(0.199827650153,4.29675274311,7.49169878116)
  );
#3658 = CARTESIAN_POINT('',(0.199827650153,-20.60453315706,
    7.491698781161));
#3659 = CARTESIAN_POINT('',(0.397845943539,4.29675274311,12.258412081646
    ));
#3660 = CARTESIAN_POINT('',(0.397845943539,-20.60453315706,
    12.258412081646));
#3661 = CARTESIAN_POINT('',(0.595864236924,4.29675274311,17.025125382131
    ));
#3662 = CARTESIAN_POINT('',(0.595864236924,-20.60453315706,
    17.025125382132));
#3663 = CARTESIAN_POINT('',(0.793882530309,4.296752743111,
    21.791838682617));
#3664 = CARTESIAN_POINT('',(0.793882530309,-20.60453315706,
    21.791838682618));
#3665 = ADVANCED_FACE('',(#3666),#3712,.T.);
#3666 = FACE_BOUND('',#3667,.T.);
#3667 = EDGE_LOOP('',(#3668,#3669,#3678,#3703));
#3668 = ORIENTED_EDGE('',*,*,#146,.F.);
#3669 = ORIENTED_EDGE('',*,*,#3670,.T.);
#3670 = EDGE_CURVE('',#138,#3671,#3673,.T.);
#3671 = VERTEX_POINT('',#3672);
#3672 = CARTESIAN_POINT('',(4.988035039556,4.131121332764,0.151020515474
    ));
#3673 = B_SPLINE_CURVE_WITH_KNOTS('',3,(#3674,#3675,#3676,#3677),
  .UNSPECIFIED.,.F.,.F.,(4,4),(-0.401378657766,0.226196496044),
  .PIECEWISE_BEZIER_KNOTS.);
#3674 = CARTESIAN_POINT('',(11.263786577665,4.131121332764,
    0.151020515474));
#3675 = CARTESIAN_POINT('',(9.171869398295,4.131121332764,0.151020515474
    ));
#3676 = CARTESIAN_POINT('',(7.079952218926,4.131121332764,0.151020515474
    ));
#3677 = CARTESIAN_POINT('',(4.988035039556,4.131121332764,0.151020515474
    ));
#3678 = ORIENTED_EDGE('',*,*,#3679,.F.);
#3679 = EDGE_CURVE('',#3680,#3671,#3682,.T.);
#3680 = VERTEX_POINT('',#3681);
#3681 = CARTESIAN_POINT('',(0.574484680592,0.18903947804,7.180000016532)
  );
#3682 = B_SPLINE_CURVE_WITH_KNOTS('',3,(#3683,#3684,#3685,#3686,#3687,
    #3688,#3689,#3690,#3691,#3692,#3693,#3694,#3695,#3696,#3697,#3698,
    #3699,#3700,#3701,#3702),.UNSPECIFIED.,.F.,.F.,(4,2,2,2,2,2,2,2,2,4)
  ,(-0.84785298006,-0.837829984266,-0.797984242983,-0.70679641595,
    -0.614286397196,-0.339717615675,-0.215153283022,-9.28334354864E-02,
    -5.12186849427E-02,0.),.UNSPECIFIED.);
#3683 = CARTESIAN_POINT('',(0.574484683719,0.189039477607,7.180000017159
    ));
#3684 = CARTESIAN_POINT('',(0.582143998402,0.187977834875,7.141044564921
    ));
#3685 = CARTESIAN_POINT('',(0.590934057751,0.18703627757,7.102306056898)
  );
#3686 = CARTESIAN_POINT('',(0.639592999891,0.182974115289,6.910954227286
    ));
#3687 = CARTESIAN_POINT('',(0.694631982363,0.181693338723,6.760459438151
    ));
#3688 = CARTESIAN_POINT('',(0.904031504131,0.184715188776,6.285893186602
    ));
#3689 = CARTESIAN_POINT('',(1.105456764842,0.198800154201,5.963038046801
    ));
#3690 = CARTESIAN_POINT('',(1.528114105458,0.25731674604,5.368051533994)
  );
#3691 = CARTESIAN_POINT('',(1.762009766947,0.303221338272,5.079230514016
    ));
#3692 = CARTESIAN_POINT('',(2.708422057471,0.576880104738,3.975298293246
    ));
#3693 = CARTESIAN_POINT('',(3.373840764381,0.971977047291,3.316397844206
    ));
#3694 = CARTESIAN_POINT('',(4.228979287624,1.854591340777,2.284220600416
    ));
#3695 = CARTESIAN_POINT('',(4.475432600439,2.168770403794,1.958669833653
    ));
#3696 = CARTESIAN_POINT('',(4.864193950582,2.8161734865,1.327542720291)
  );
#3697 = CARTESIAN_POINT('',(5.004498122479,3.142700804808,1.027452723823
    ));
#3698 = CARTESIAN_POINT('',(5.077081291093,3.545372541361,0.665943845365
    ));
#3699 = CARTESIAN_POINT('',(5.086523522437,3.650371985445,0.572542502878
    ));
#3700 = CARTESIAN_POINT('',(5.07607809314,3.882075321236,0.368016602251)
  );
#3701 = CARTESIAN_POINT('',(5.048813115841,4.010648982568,0.255618854774
    ));
#3702 = CARTESIAN_POINT('',(4.988035039556,4.131121332764,0.151020515474
    ));
#3703 = ORIENTED_EDGE('',*,*,#3704,.T.);
#3704 = EDGE_CURVE('',#3680,#147,#3705,.T.);
#3705 = B_SPLINE_CURVE_WITH_KNOTS('',3,(#3706,#3707,#3708,#3709,#3710,
    #3711),.UNSPECIFIED.,.F.,.F.,(4,2,4),(1.E-03,1.002002423824,
    1.101661090585),.UNSPECIFIED.);
#3706 = CARTESIAN_POINT('',(0.574484680592,0.189039477139,7.18));
#3707 = CARTESIAN_POINT('',(3.911159426671,0.189039477139,7.18));
#3708 = CARTESIAN_POINT('',(7.24783417275,0.189039477139,7.18));
#3709 = CARTESIAN_POINT('',(10.916704474701,0.189039477139,7.18));
#3710 = CARTESIAN_POINT('',(11.248900030573,0.189039477139,7.18));
#3711 = CARTESIAN_POINT('',(11.581095586446,0.189039477139,7.18));
#3712 = B_SPLINE_SURFACE_WITH_KNOTS('',3,1,(
    (#3713,#3714)
    ,(#3715,#3716)
    ,(#3717,#3718)
    ,(#3719,#3720)
    ,(#3721,#3722)
    ,(#3723,#3724)
    ,(#3725,#3726)
    ,(#3727,#3728)
    ,(#3729,#3730)
    ,(#3731,#3732)
    ,(#3733,#3734)
    ,(#3735,#3736)
    ,(#3737,#3738)
    ,(#3739,#3740)
    ,(#3741,#3742)
    ,(#3743,#3744)
    ,(#3745,#3746)
    ,(#3747,#3748)
    ,(#3749,#3750)
    ,(#3751,#3752)
    ,(#3753,#3754)
    ,(#3755,#3756
    )),.UNSPECIFIED.,.F.,.F.,.F.,(4,3,3,3,3,3,3,4),(2,2),(
    -0.233464935532,-4.360996436069E-04,0.,0.174205644479,0.471383736504
    ,0.700024232494,0.888398737599,1.153264681056),(-0.668551531941,
    1.335453315707),.UNSPECIFIED.);
#3713 = CARTESIAN_POINT('',(0.564484680592,8.185359165258,-3.36901162234
    ));
#3714 = CARTESIAN_POINT('',(20.604533157065,8.185359165258,
    -3.36901162234));
#3715 = CARTESIAN_POINT('',(0.564484680592,6.836470918767,
    -2.197859318468));
#3716 = CARTESIAN_POINT('',(20.604533157065,6.836470918767,
    -2.197859318469));
#3717 = CARTESIAN_POINT('',(0.564484680592,5.487582672276,
    -1.026707014597));
#3718 = CARTESIAN_POINT('',(20.604533157066,5.487582672275,
    -1.026707014597));
#3719 = CARTESIAN_POINT('',(0.564484680592,4.138694425784,0.144445289275
    ));
#3720 = CARTESIAN_POINT('',(20.604533157066,4.138694425784,
    0.144445289274));
#3721 = CARTESIAN_POINT('',(0.564484680592,4.136170061444,0.146637031341
    ));
#3722 = CARTESIAN_POINT('',(20.604533157066,4.136170061444,
    0.146637031341));
#3723 = CARTESIAN_POINT('',(0.564484680592,4.133645697104,0.148828773408
    ));
#3724 = CARTESIAN_POINT('',(20.604533157066,4.133645697104,
    0.148828773407));
#3725 = CARTESIAN_POINT('',(0.564484680592,4.131121332764,0.151020515474
    ));
#3726 = CARTESIAN_POINT('',(20.604533157066,4.131121332764,
    0.151020515474));
#3727 = CARTESIAN_POINT('',(0.564484680592,3.125669688344,1.02398906039)
  );
#3728 = CARTESIAN_POINT('',(20.604533157066,3.125669688344,1.02398906039
    ));
#3729 = CARTESIAN_POINT('',(0.564484680592,2.555563546302,1.566083707873
    ));
#3730 = CARTESIAN_POINT('',(20.604533157066,2.555563546302,
    1.566083707873));
#3731 = CARTESIAN_POINT('',(0.564484680592,2.106234911718,2.030116904099
    ));
#3732 = CARTESIAN_POINT('',(20.604533157066,2.106234911718,
    2.030116904099));
#3733 = CARTESIAN_POINT('',(0.564484680592,1.339723432036,2.821712953146
    ));
#3734 = CARTESIAN_POINT('',(20.604533157066,1.339723432036,
    2.821712953146));
#3735 = CARTESIAN_POINT('',(0.564484680592,0.968291842386,3.344890682474
    ));
#3736 = CARTESIAN_POINT('',(20.604533157066,0.968291842386,
    3.344890682474));
#3737 = CARTESIAN_POINT('',(0.564484680592,0.693662066827,3.909798847967
    ));
#3738 = CARTESIAN_POINT('',(20.604533157066,0.693662066827,
    3.909798847966));
#3739 = CARTESIAN_POINT('',(0.564484680592,0.48236961364,4.344423359708)
  );
#3740 = CARTESIAN_POINT('',(20.604533157066,0.48236961364,4.344423359708
    ));
#3741 = CARTESIAN_POINT('',(0.564484680592,0.343860898797,4.783957643267
    ));
#3742 = CARTESIAN_POINT('',(20.604533157066,0.343860898797,
    4.783957643266));
#3743 = CARTESIAN_POINT('',(0.564484680592,0.260245151455,5.391696915944
    ));
#3744 = CARTESIAN_POINT('',(20.604533157066,0.260245151455,
    5.391696915944));
#3745 = CARTESIAN_POINT('',(0.564484680592,0.191355014751,5.892406924588
    ));
#3746 = CARTESIAN_POINT('',(20.604533157066,0.191355014751,
    5.892406924588));
#3747 = CARTESIAN_POINT('',(0.564484680592,0.1578696397,6.481681963688)
  );
#3748 = CARTESIAN_POINT('',(20.604533157066,0.1578696397,6.481681963688)
  );
#3749 = CARTESIAN_POINT('',(0.564484680592,0.199827650153,7.49169878116)
  );
#3750 = CARTESIAN_POINT('',(20.604533157066,0.199827650153,7.49169878116
    ));
#3751 = CARTESIAN_POINT('',(0.564484680592,0.259315989934,8.923707186094
    ));
#3752 = CARTESIAN_POINT('',(20.604533157066,0.259315989934,
    8.923707186094));
#3753 = CARTESIAN_POINT('',(0.564484680592,0.318804329715,
    10.355715591027));
#3754 = CARTESIAN_POINT('',(20.604533157066,0.318804329715,
    10.355715591027));
#3755 = CARTESIAN_POINT('',(0.564484680592,0.378292669497,
    11.787723995961));
#3756 = CARTESIAN_POINT('',(20.604533157066,0.378292669497,
    11.787723995961));
#3757 = ADVANCED_FACE('',(#3758),#3863,.T.);
#3758 = FACE_BOUND('',#3759,.T.);
#3759 = EDGE_LOOP('',(#3760,#3761,#3772,#3784,#3793,#3794,#3795,#3796,
    #3808,#3817,#3818,#3819,#3831,#3840,#3841,#3842,#3854));
#3760 = ORIENTED_EDGE('',*,*,#95,.F.);
#3761 = ORIENTED_EDGE('',*,*,#3762,.F.);
#3762 = EDGE_CURVE('',#3763,#83,#3765,.T.);
#3763 = VERTEX_POINT('',#3764);
#3764 = CARTESIAN_POINT('',(-0.189039477135,1.438360322644,
    7.179999999927));
#3765 = B_SPLINE_CURVE_WITH_KNOTS('',3,(#3766,#3767,#3768,#3769,#3770,
    #3771),.UNSPECIFIED.,.F.,.F.,(4,2,4),(0.57351130658,1.245064295011,
    1.505896208347),.UNSPECIFIED.);
#3766 = CARTESIAN_POINT('',(-0.189039477139,1.438360322644,7.18));
#3767 = CARTESIAN_POINT('',(-0.189039477139,3.676870284081,7.18));
#3768 = CARTESIAN_POINT('',(-0.189039477139,5.915380245517,7.18));
#3769 = CARTESIAN_POINT('',(-0.189039477139,9.023329918073,7.18));
#3770 = CARTESIAN_POINT('',(-0.189039477139,9.892769629193,7.18));
#3771 = CARTESIAN_POINT('',(-0.189039477139,10.762209340312,7.18));
#3772 = ORIENTED_EDGE('',*,*,#3773,.T.);
#3773 = EDGE_CURVE('',#3763,#3774,#3776,.T.);
#3774 = VERTEX_POINT('',#3775);
#3775 = CARTESIAN_POINT('',(-0.567945290321,0.211106113006,
    7.180000037896));
#3776 = B_SPLINE_CURVE_WITH_KNOTS('',3,(#3777,#3778,#3779,#3780,#3781,
    #3782,#3783),.UNSPECIFIED.,.F.,.F.,(4,3,4),(-0.151927380656,
    -0.107951786172,-2.212704211595E-02),.UNSPECIFIED.);
#3777 = CARTESIAN_POINT('',(-0.189045614179,1.438352206421,
    7.179999999926));
#3778 = CARTESIAN_POINT('',(-0.232992519894,1.300933795805,
    7.179999999926));
#3779 = CARTESIAN_POINT('',(-0.276688384487,1.163009933014,
    7.179999999926));
#3780 = CARTESIAN_POINT('',(-0.319960156652,1.024664976632,
    7.179999999926));
#3781 = CARTESIAN_POINT('',(-0.404411289479,0.754664750089,
    7.179999999927));
#3782 = CARTESIAN_POINT('',(-0.487247089126,0.48306061269,7.179999999927
    ));
#3783 = CARTESIAN_POINT('',(-0.567931312502,0.211101821688,
    7.179999999927));
#3784 = ORIENTED_EDGE('',*,*,#3785,.T.);
#3785 = EDGE_CURVE('',#3774,#472,#3786,.T.);
#3786 = B_SPLINE_CURVE_WITH_KNOTS('',3,(#3787,#3788,#3789,#3790,#3791,
    #3792),.UNSPECIFIED.,.F.,.F.,(4,2,4),(1.E-03,0.989569863218,
    1.102292116815),.UNSPECIFIED.);
#3787 = CARTESIAN_POINT('',(-0.567945290321,0.211106115031,7.18));
#3788 = CARTESIAN_POINT('',(-3.863178167715,0.211106115031,7.18));
#3789 = CARTESIAN_POINT('',(-7.158411045109,0.211106115031,7.18));
#3790 = CARTESIAN_POINT('',(-10.82938476782,0.211106115031,7.18));
#3791 = CARTESIAN_POINT('',(-11.20512561315,0.211106115031,7.18));
#3792 = CARTESIAN_POINT('',(-11.58086645847,0.211106115031,7.18));
#3793 = ORIENTED_EDGE('',*,*,#471,.F.);
#3794 = ORIENTED_EDGE('',*,*,#285,.F.);
#3795 = ORIENTED_EDGE('',*,*,#3523,.F.);
#3796 = ORIENTED_EDGE('',*,*,#3797,.T.);
#3797 = EDGE_CURVE('',#3499,#3798,#3800,.T.);
#3798 = VERTEX_POINT('',#3799);
#3799 = CARTESIAN_POINT('',(-0.211106115031,-1.369239855303,7.18));
#3800 = B_SPLINE_CURVE_WITH_KNOTS('',3,(#3801,#3802,#3803,#3804,#3805,
    #3806,#3807),.UNSPECIFIED.,.F.,.F.,(4,3,4),(-0.197587729116,
    -8.59934558305E-02,-7.040420175625E-02),.UNSPECIFIED.);
#3801 = CARTESIAN_POINT('',(-0.574483824627,-0.189039103984,
    7.180000017055));
#3802 = CARTESIAN_POINT('',(-0.471747215033,-0.535925344239,
    7.180000017055));
#3803 = CARTESIAN_POINT('',(-0.365352322952,-0.882230085371,
    7.180000017055));
#3804 = CARTESIAN_POINT('',(-0.256756133619,-1.225540944564,
    7.180000017055));
#3805 = CARTESIAN_POINT('',(-0.241585699356,-1.273500038278,
    7.180000017055));
#3806 = CARTESIAN_POINT('',(-0.226372306945,-1.321400706615,
    7.180000017055));
#3807 = CARTESIAN_POINT('',(-0.211123741149,-1.369240672402,
    7.180000017055));
#3808 = ORIENTED_EDGE('',*,*,#3809,.T.);
#3809 = EDGE_CURVE('',#3798,#223,#3810,.T.);
#3810 = B_SPLINE_CURVE_WITH_KNOTS('',3,(#3811,#3812,#3813,#3814,#3815,
    #3816),.UNSPECIFIED.,.F.,.F.,(4,2,4),(0.35192398553,1.124967127734,
    1.291198091196),.UNSPECIFIED.);
#3811 = CARTESIAN_POINT('',(-0.211106115031,-1.369239855303,7.18));
#3812 = CARTESIAN_POINT('',(-0.211106115031,-3.946050329316,7.18));
#3813 = CARTESIAN_POINT('',(-0.211106115031,-6.52286080333,7.18));
#3814 = CARTESIAN_POINT('',(-0.211106115031,-9.653774488883,7.18));
#3815 = CARTESIAN_POINT('',(-0.211106115031,-10.20787770042,
    7.180000000001));
#3816 = CARTESIAN_POINT('',(-0.211106115031,-10.76198091196,
    7.180000000001));
#3817 = ORIENTED_EDGE('',*,*,#222,.F.);
#3818 = ORIENTED_EDGE('',*,*,#3618,.F.);
#3819 = ORIENTED_EDGE('',*,*,#3820,.T.);
#3820 = EDGE_CURVE('',#3591,#3821,#3823,.T.);
#3821 = VERTEX_POINT('',#3822);
#3822 = CARTESIAN_POINT('',(0.567945290321,-0.211106113006,
    7.180000037896));
#3823 = B_SPLINE_CURVE_WITH_KNOTS('',3,(#3824,#3825,#3826,#3827,#3828,
    #3829,#3830),.UNSPECIFIED.,.F.,.F.,(4,3,4),(-0.151927380656,
    -0.107951786172,-2.212704211598E-02),.UNSPECIFIED.);
#3824 = CARTESIAN_POINT('',(0.18904561418,-1.438352206418,7.179999999927
    ));
#3825 = CARTESIAN_POINT('',(0.232992519895,-1.300933795803,
    7.179999999927));
#3826 = CARTESIAN_POINT('',(0.276688384487,-1.163009933013,
    7.179999999927));
#3827 = CARTESIAN_POINT('',(0.319960156652,-1.024664976631,
    7.179999999927));
#3828 = CARTESIAN_POINT('',(0.404411289479,-0.754664750089,
    7.179999999927));
#3829 = CARTESIAN_POINT('',(0.487247089126,-0.483060612689,
    7.179999999927));
#3830 = CARTESIAN_POINT('',(0.567931312502,-0.211101821687,
    7.179999999927));
#3831 = ORIENTED_EDGE('',*,*,#3832,.T.);
#3832 = EDGE_CURVE('',#3821,#160,#3833,.T.);
#3833 = B_SPLINE_CURVE_WITH_KNOTS('',3,(#3834,#3835,#3836,#3837,#3838,
    #3839),.UNSPECIFIED.,.F.,.F.,(4,2,4),(1.E-03,0.989569863218,
    1.102292186818),.UNSPECIFIED.);
#3834 = CARTESIAN_POINT('',(0.567945290321,-0.211106115031,7.18));
#3835 = CARTESIAN_POINT('',(3.863178167715,-0.211106115031,7.18));
#3836 = CARTESIAN_POINT('',(7.158411045109,-0.211106115031,7.18));
#3837 = CARTESIAN_POINT('',(10.829385001169,-0.211106115031,7.18));
#3838 = CARTESIAN_POINT('',(11.205126079834,-0.211106115031,7.18));
#3839 = CARTESIAN_POINT('',(11.580867158499,-0.211106115031,7.18));
#3840 = ORIENTED_EDGE('',*,*,#159,.F.);
#3841 = ORIENTED_EDGE('',*,*,#3704,.F.);
#3842 = ORIENTED_EDGE('',*,*,#3843,.T.);
#3843 = EDGE_CURVE('',#3680,#3844,#3846,.T.);
#3844 = VERTEX_POINT('',#3845);
#3845 = CARTESIAN_POINT('',(0.211106115032,1.369239855301,7.18));
#3846 = B_SPLINE_CURVE_WITH_KNOTS('',3,(#3847,#3848,#3849,#3850,#3851,
    #3852,#3853),.UNSPECIFIED.,.F.,.F.,(4,3,4),(-0.197985217478,
    -0.115284148109,-7.061861258173E-02),.UNSPECIFIED.);
#3847 = CARTESIAN_POINT('',(0.574484243008,0.189039552026,7.180000017055
    ));
#3848 = CARTESIAN_POINT('',(0.498461964971,0.445748338268,7.180000017055
    ));
#3849 = CARTESIAN_POINT('',(0.420479810094,0.702185205462,7.180000017055
    ));
#3850 = CARTESIAN_POINT('',(0.341005155921,0.957238673607,7.180000017055
    ));
#3851 = CARTESIAN_POINT('',(0.298082156056,1.094989005369,7.180000017055
    ));
#3852 = CARTESIAN_POINT('',(0.254723807768,1.232335812255,7.180000017055
    ));
#3853 = CARTESIAN_POINT('',(0.21109366876,1.369204112905,7.180000017055)
  );
#3854 = ORIENTED_EDGE('',*,*,#3855,.T.);
#3855 = EDGE_CURVE('',#3844,#96,#3856,.T.);
#3856 = B_SPLINE_CURVE_WITH_KNOTS('',3,(#3857,#3858,#3859,#3860,#3861,
    #3862),.UNSPECIFIED.,.F.,.F.,(4,2,4),(0.35192398553,1.124967127734,
    1.291198091961),.UNSPECIFIED.);
#3857 = CARTESIAN_POINT('',(0.211106115032,1.369239855301,7.18));
#3858 = CARTESIAN_POINT('',(0.211106115032,3.946050329315,7.18));
#3859 = CARTESIAN_POINT('',(0.211106115032,6.522860803329,7.18));
#3860 = CARTESIAN_POINT('',(0.211106115032,9.653774491433,7.18));
#3861 = CARTESIAN_POINT('',(0.211106115032,10.207877705523,7.18));
#3862 = CARTESIAN_POINT('',(0.211106115032,10.761980919612,7.18));
#3863 = PLANE('',#3864);
#3864 = AXIS2_PLACEMENT_3D('',#3865,#3866,#3867);
#3865 = CARTESIAN_POINT('',(3.7858E-13,0.2,7.18));
#3866 = DIRECTION('',(5.15E-15,2.651E-14,1.));
#3867 = DIRECTION('',(-1.8E-15,-1.,2.651E-14));
#3868 = ADVANCED_FACE('',(#3869),#3906,.T.);
#3869 = FACE_BOUND('',#3870,.T.);
#3870 = EDGE_LOOP('',(#3871,#3872,#3879,#3905));
#3871 = ORIENTED_EDGE('',*,*,#82,.F.);
#3872 = ORIENTED_EDGE('',*,*,#3873,.F.);
#3873 = EDGE_CURVE('',#3874,#74,#3876,.T.);
#3874 = VERTEX_POINT('',#3875);
#3875 = CARTESIAN_POINT('',(-4.131121332763,4.989158429424,
    0.151020515474));
#3876 = B_SPLINE_CURVE_WITH_KNOTS('',1,(#3877,#3878),.UNSPECIFIED.,.F.,
  .F.,(2,2),(-0.226084157058,0.399656206566),.PIECEWISE_BEZIER_KNOTS.);
#3877 = CARTESIAN_POINT('',(-4.131121332763,4.989158429424,
    0.151020515474));
#3878 = CARTESIAN_POINT('',(-4.131121332763,11.246562065655,
    0.151020515474));
#3879 = ORIENTED_EDGE('',*,*,#3880,.F.);
#3880 = EDGE_CURVE('',#3763,#3874,#3881,.T.);
#3881 = B_SPLINE_CURVE_WITH_KNOTS('',3,(#3882,#3883,#3884,#3885,#3886,
    #3887,#3888,#3889,#3890,#3891,#3892,#3893,#3894,#3895,#3896,#3897,
    #3898,#3899,#3900,#3901,#3902,#3903,#3904),.UNSPECIFIED.,.F.,.F.,(4,
    2,2,2,2,3,2,2,2,2,4),(-0.83498032577,-0.794322445239,-0.733571489911
    ,-0.695152921349,-0.659596853292,-0.613402857059,-0.445300651461,
    -0.275454220123,-0.157031516763,-5.50112501835E-02,0.),
  .UNSPECIFIED.);
#3882 = CARTESIAN_POINT('',(-0.189039477135,1.438360322644,
    7.179999999855));
#3883 = CARTESIAN_POINT('',(-0.184776423359,1.513788238555,
    7.023573371442));
#3884 = CARTESIAN_POINT('',(-0.18244426819,1.616340472381,6.860766429552
    ));
#3885 = CARTESIAN_POINT('',(-0.182146308204,1.830491218982,
    6.514854085601));
#3886 = CARTESIAN_POINT('',(-0.186514218862,1.966219911909,
    6.294573519716));
#3887 = CARTESIAN_POINT('',(-0.203771873269,2.172223364525,
    5.954644725239));
#3888 = CARTESIAN_POINT('',(-0.213032499937,2.251910450666,
    5.822837199411));
#3889 = CARTESIAN_POINT('',(-0.237076314386,2.40610945374,5.570409309587
    ));
#3890 = CARTESIAN_POINT('',(-0.2513959471,2.480583316482,5.449649552898)
  );
#3891 = CARTESIAN_POINT('',(-0.292071640597,2.653101789008,
    5.173703416938));
#3892 = CARTESIAN_POINT('',(-0.320690744847,2.751297353456,
    5.019408766933));
#3893 = CARTESIAN_POINT('',(-0.356382726216,2.85,4.866671919129));
#3894 = CARTESIAN_POINT('',(-0.486267587444,3.209183745409,
    4.310855079595));
#3895 = CARTESIAN_POINT('',(-0.697935223764,3.540686137257,
    3.826799767278));
#3896 = CARTESIAN_POINT('',(-1.35668158645,4.183797952527,2.831985093987
    ));
#3897 = CARTESIAN_POINT('',(-1.764423030693,4.453365561801,
    2.381285020319));
#3898 = CARTESIAN_POINT('',(-2.393115759679,4.784841643549,
    1.735248937984));
#3899 = CARTESIAN_POINT('',(-2.676719223144,4.90807213588,1.461970119172
    ));
#3900 = CARTESIAN_POINT('',(-3.199583813799,5.063824633209,
    0.975918544329));
#3901 = CARTESIAN_POINT('',(-3.472249272995,5.116105665169,
    0.730101877558));
#3902 = CARTESIAN_POINT('',(-3.863074689877,5.087239241145,0.38463743405
    ));
#3903 = CARTESIAN_POINT('',(-4.002180768228,5.055988251107,
    0.262971256843));
#3904 = CARTESIAN_POINT('',(-4.131121332763,4.989158429424,
    0.151020515474));
#3905 = ORIENTED_EDGE('',*,*,#3762,.T.);
#3906 = B_SPLINE_SURFACE_WITH_KNOTS('',3,1,(
    (#3907,#3908)
    ,(#3909,#3910)
    ,(#3911,#3912)
    ,(#3913,#3914)
    ,(#3915,#3916)
    ,(#3917,#3918)
    ,(#3919,#3920)
    ,(#3921,#3922)
    ,(#3923,#3924)
    ,(#3925,#3926)
    ,(#3927,#3928)
    ,(#3929,#3930)
    ,(#3931,#3932)
    ,(#3933,#3934)
    ,(#3935,#3936)
    ,(#3937,#3938)
    ,(#3939,#3940)
    ,(#3941,#3942)
    ,(#3943,#3944
    )),.UNSPECIFIED.,.F.,.F.,.F.,(4,3,3,3,3,3,4),(2,2),(-1.920522787963,
    0.,0.174205644479,0.471383736504,0.700024232494,0.888398737599,
    1.770055584844),(-1.154675274316,1.335453315706),.UNSPECIFIED.);
#3907 = CARTESIAN_POINT('',(-37.48198032736,-4.296752743161,
    -28.80537038586));
#3908 = CARTESIAN_POINT('',(-37.48198032736,20.604533157063,
    -28.80537038586));
#3909 = CARTESIAN_POINT('',(-26.36502732916,-4.29675274316,
    -19.15324008541));
#3910 = CARTESIAN_POINT('',(-26.36502732916,20.604533157064,
    -19.15324008541));
#3911 = CARTESIAN_POINT('',(-15.24807433096,-4.296752743159,
    -9.50110978497));
#3912 = CARTESIAN_POINT('',(-15.24807433096,20.604533157064,
    -9.501109784972));
#3913 = CARTESIAN_POINT('',(-4.131121332763,-4.296752743159,
    0.151020515475));
#3914 = CARTESIAN_POINT('',(-4.131121332763,20.604533157065,
    0.151020515473));
#3915 = CARTESIAN_POINT('',(-3.125669688343,-4.296752743159,
    1.023989060391));
#3916 = CARTESIAN_POINT('',(-3.125669688343,20.604533157065,
    1.023989060389));
#3917 = CARTESIAN_POINT('',(-2.555563546301,-4.296752743159,
    1.566083707874));
#3918 = CARTESIAN_POINT('',(-2.555563546301,20.604533157065,
    1.566083707872));
#3919 = CARTESIAN_POINT('',(-2.106234911717,-4.296752743159,2.0301169041
    ));
#3920 = CARTESIAN_POINT('',(-2.106234911717,20.604533157065,
    2.030116904098));
#3921 = CARTESIAN_POINT('',(-1.339723432036,-4.296752743159,
    2.821712953147));
#3922 = CARTESIAN_POINT('',(-1.339723432036,20.604533157065,
    2.821712953145));
#3923 = CARTESIAN_POINT('',(-0.968291842386,-4.296752743159,
    3.344890682475));
#3924 = CARTESIAN_POINT('',(-0.968291842386,20.604533157065,
    3.344890682473));
#3925 = CARTESIAN_POINT('',(-0.693662066826,-4.296752743159,
    3.909798847967));
#3926 = CARTESIAN_POINT('',(-0.693662066826,20.604533157065,
    3.909798847966));
#3927 = CARTESIAN_POINT('',(-0.482369613639,-4.296752743159,
    4.344423359708));
#3928 = CARTESIAN_POINT('',(-0.482369613639,20.604533157065,
    4.344423359707));
#3929 = CARTESIAN_POINT('',(-0.343860898797,-4.296752743159,
    4.783957643267));
#3930 = CARTESIAN_POINT('',(-0.343860898797,20.604533157065,
    4.783957643265));
#3931 = CARTESIAN_POINT('',(-0.260245151454,-4.296752743159,
    5.391696915945));
#3932 = CARTESIAN_POINT('',(-0.260245151454,20.604533157065,
    5.391696915943));
#3933 = CARTESIAN_POINT('',(-0.191355014751,-4.296752743159,
    5.892406924588));
#3934 = CARTESIAN_POINT('',(-0.191355014751,20.604533157065,
    5.892406924587));
#3935 = CARTESIAN_POINT('',(-0.1578696397,-4.296752743159,6.481681963689
    ));
#3936 = CARTESIAN_POINT('',(-0.1578696397,20.604533157065,6.481681963687
    ));
#3937 = CARTESIAN_POINT('',(-0.199827650152,-4.296752743159,
    7.491698781161));
#3938 = CARTESIAN_POINT('',(-0.199827650152,20.604533157065,
    7.491698781159));
#3939 = CARTESIAN_POINT('',(-0.397845943538,-4.296752743158,
    12.258412081648));
#3940 = CARTESIAN_POINT('',(-0.397845943538,20.604533157066,
    12.258412081646));
#3941 = CARTESIAN_POINT('',(-0.595864236924,-4.296752743158,
    17.025125382135));
#3942 = CARTESIAN_POINT('',(-0.595864236923,20.604533157066,
    17.025125382134));
#3943 = CARTESIAN_POINT('',(-0.793882530309,-4.296752743158,
    21.791838682623));
#3944 = CARTESIAN_POINT('',(-0.793882530309,20.604533157066,
    21.791838682621));
#3945 = ADVANCED_FACE('',(#3946),#3983,.F.);
#3946 = FACE_BOUND('',#3947,.T.);
#3947 = EDGE_LOOP('',(#3948,#3958,#3966,#3974));
#3948 = ORIENTED_EDGE('',*,*,#3949,.F.);
#3949 = EDGE_CURVE('',#3950,#3952,#3954,.T.);
#3950 = VERTEX_POINT('',#3951);
#3951 = CARTESIAN_POINT('',(-11.2064994005,-12.25,21.8220285378));
#3952 = VERTEX_POINT('',#3953);
#3953 = CARTESIAN_POINT('',(-11.20649940936,-7.047558254636,
    21.822028467662));
#3954 = LINE('',#3955,#3956);
#3955 = CARTESIAN_POINT('',(-11.2064994005,-12.25,21.8220285378));
#3956 = VECTOR('',#3957,1.);
#3957 = DIRECTION('',(-2.706E-14,1.,1.752E-14));
#3958 = ORIENTED_EDGE('',*,*,#3959,.T.);
#3959 = EDGE_CURVE('',#3950,#3960,#3962,.T.);
#3960 = VERTEX_POINT('',#3961);
#3961 = CARTESIAN_POINT('',(-11.2064994005,-12.25,19.883608719475));
#3962 = LINE('',#3963,#3964);
#3963 = CARTESIAN_POINT('',(-11.2064994005,-12.25,13.945256608554));
#3964 = VECTOR('',#3965,1.);
#3965 = DIRECTION('',(-9.25E-15,1.56E-14,-1.));
#3966 = ORIENTED_EDGE('',*,*,#3967,.T.);
#3967 = EDGE_CURVE('',#3960,#3968,#3970,.T.);
#3968 = VERTEX_POINT('',#3969);
#3969 = CARTESIAN_POINT('',(-11.2064994005,-6.518166532809,
    19.883608719476));
#3970 = LINE('',#3971,#3972);
#3971 = CARTESIAN_POINT('',(-11.2064994005,-12.25,19.883608719475));
#3972 = VECTOR('',#3973,1.);
#3973 = DIRECTION('',(-2.706E-14,1.,1.752E-14));
#3974 = ORIENTED_EDGE('',*,*,#3975,.T.);
#3975 = EDGE_CURVE('',#3968,#3952,#3976,.T.);
#3976 = B_SPLINE_CURVE_WITH_KNOTS('',3,(#3977,#3978,#3979,#3980,#3981,
    #3982),.UNSPECIFIED.,.F.,.F.,(4,2,4),(-0.265812540951,
    -0.120193817157,-6.283389653273E-02),.UNSPECIFIED.);
#3977 = CARTESIAN_POINT('',(-11.2064994005,-6.518166532809,
    19.883608719475));
#3978 = CARTESIAN_POINT('',(-11.2064994005,-6.642794589332,
    20.332230930711));
#3979 = CARTESIAN_POINT('',(-11.20649940053,-6.760891383733,
    20.800623465423));
#3980 = CARTESIAN_POINT('',(-11.20649940053,-6.939073220488,
    21.450038890939));
#3981 = CARTESIAN_POINT('',(-11.2064994005,-6.991793274276,
    21.636321815689));
#3982 = CARTESIAN_POINT('',(-11.2064994005,-7.047558254636,
    21.822028465349));
#3983 = PLANE('',#3984);
#3984 = AXIS2_PLACEMENT_3D('',#3985,#3986,#3987);
#3985 = CARTESIAN_POINT('',(-11.20649940051,7.770269292028,
    8.995256608555));
#3986 = DIRECTION('',(-1.,-1.643E-14,9.25E-15));
#3987 = DIRECTION('',(1.643E-14,-1.,-1.56E-14));
#3988 = ADVANCED_FACE('',(#3989),#4024,.F.);
#3989 = FACE_BOUND('',#3990,.F.);
#3990 = EDGE_LOOP('',(#3991,#4000,#4007,#4008,#4016,#4023));
#3991 = ORIENTED_EDGE('',*,*,#3992,.F.);
#3992 = EDGE_CURVE('',#3993,#3968,#3995,.T.);
#3993 = VERTEX_POINT('',#3994);
#3994 = CARTESIAN_POINT('',(-11.2226654243,-5.830483625796,
    18.111515733538));
#3995 = ELLIPSE('',#3996,12.067388607445,11.25);
#3996 = AXIS2_PLACEMENT_3D('',#3997,#3998,#3999);
#3997 = CARTESIAN_POINT('',(1.38812980472E-06,-6.134624066086,
    18.895256517964));
#3998 = DIRECTION('',(-1.199E-14,0.932264665203,0.361776994864));
#3999 = DIRECTION('',(1.841E-14,-0.361776994864,0.932264665203));
#4000 = ORIENTED_EDGE('',*,*,#4001,.F.);
#4001 = EDGE_CURVE('',#317,#3993,#4002,.T.);
#4002 = ELLIPSE('',#4003,12.067388607445,11.25);
#4003 = AXIS2_PLACEMENT_3D('',#4004,#4005,#4006);
#4004 = CARTESIAN_POINT('',(1.38812980472E-06,-6.134624066086,
    18.895256517964));
#4005 = DIRECTION('',(-1.199E-14,0.932264665203,0.361776994864));
#4006 = DIRECTION('',(1.841E-14,-0.361776994864,0.932264665203));
#4007 = ORIENTED_EDGE('',*,*,#337,.T.);
#4008 = ORIENTED_EDGE('',*,*,#4009,.T.);
#4009 = EDGE_CURVE('',#338,#4010,#4012,.T.);
#4010 = VERTEX_POINT('',#4011);
#4011 = CARTESIAN_POINT('',(7.00028603E-07,-12.25,7.645256517964));
#4012 = LINE('',#4013,#4014);
#4013 = CARTESIAN_POINT('',(7.0002861149E-07,-12.25,7.645256517964));
#4014 = VECTOR('',#4015,1.);
#4015 = DIRECTION('',(5.82E-15,-1.,-1.752E-14));
#4016 = ORIENTED_EDGE('',*,*,#4017,.T.);
#4017 = EDGE_CURVE('',#4010,#3960,#4018,.T.);
#4018 = CIRCLE('',#4019,11.25);
#4019 = AXIS2_PLACEMENT_3D('',#4020,#4021,#4022);
#4020 = CARTESIAN_POINT('',(1.38812996459E-06,-12.25,18.895256517964));
#4021 = DIRECTION('',(-2.707E-14,1.,1.752E-14));
#4022 = DIRECTION('',(1.,2.707E-14,-9.25E-15));
#4023 = ORIENTED_EDGE('',*,*,#3967,.T.);
#4024 = CYLINDRICAL_SURFACE('',#4025,11.25);
#4025 = AXIS2_PLACEMENT_3D('',#4026,#4027,#4028);
#4026 = CARTESIAN_POINT('',(1.38812996459E-06,-12.25,18.895256517964));
#4027 = DIRECTION('',(2.706E-14,-1.,-1.752E-14));
#4028 = DIRECTION('',(-0.737513928666,-8.125311634275E-15,
    -0.675331922113));
#4029 = ADVANCED_FACE('',(#4030),#4060,.F.);
#4030 = FACE_BOUND('',#4031,.T.);
#4031 = EDGE_LOOP('',(#4032,#4042,#4053));
#4032 = ORIENTED_EDGE('',*,*,#4033,.T.);
#4033 = EDGE_CURVE('',#4034,#4036,#4038,.T.);
#4034 = VERTEX_POINT('',#4035);
#4035 = CARTESIAN_POINT('',(-13.58052337506,-6.807808157581,
    21.671950193392));
#4036 = VERTEX_POINT('',#4037);
#4037 = CARTESIAN_POINT('',(-11.44191911952,-7.033835982089,
    22.254402248484));
#4038 = LINE('',#4039,#4040);
#4039 = CARTESIAN_POINT('',(-5.826167653954,-7.627361447812,
    23.783860526498));
#4040 = VECTOR('',#4041,1.);
#4041 = DIRECTION('',(0.959877867285,-0.101448926597,0.261424167184));
#4042 = ORIENTED_EDGE('',*,*,#4043,.T.);
#4043 = EDGE_CURVE('',#4036,#4044,#4046,.T.);
#4044 = VERTEX_POINT('',#4045);
#4045 = CARTESIAN_POINT('',(-12.21068114969,-4.744514444314,
    20.056720354963));
#4046 = B_SPLINE_CURVE_WITH_KNOTS('',3,(#4047,#4048,#4049,#4050,#4051,
    #4052),.UNSPECIFIED.,.F.,.F.,(4,2,4),(0.181620688235,0.409189116718,
    0.679703822166),.UNSPECIFIED.);
#4047 = CARTESIAN_POINT('',(-11.44191911952,-7.033835982088,
    22.254402248483));
#4048 = CARTESIAN_POINT('',(-11.69996739824,-6.738700326758,
    21.942919346986));
#4049 = CARTESIAN_POINT('',(-11.88987122315,-6.401019818441,
    21.605199867224));
#4050 = CARTESIAN_POINT('',(-12.16600842005,-5.63485333005,
    20.866361487449));
#4051 = CARTESIAN_POINT('',(-12.22987539425,-5.191917193599,
    20.456193516085));
#4052 = CARTESIAN_POINT('',(-12.21068114969,-4.744514444314,
    20.056720354963));
#4053 = ORIENTED_EDGE('',*,*,#4054,.F.);
#4054 = EDGE_CURVE('',#4034,#4044,#4055,.T.);
#4055 = ELLIPSE('',#4056,10.133872673259,4.940819446345);
#4056 = AXIS2_PLACEMENT_3D('',#4057,#4058,#4059);
#4057 = CARTESIAN_POINT('',(-22.11564457573,-6.60261948516,
    19.97492165788));
#4058 = DIRECTION('',(-0.130540008864,0.66343286943,0.736760567515));
#4059 = DIRECTION('',(0.973443657908,0.226723721953,-3.168278368819E-02)
  );
#4060 = PLANE('',#4061);
#4061 = AXIS2_PLACEMENT_3D('',#4062,#4063,#4064);
#4062 = CARTESIAN_POINT('',(-12.03621376737,-1.898105736545,
    17.524518978845));
#4063 = DIRECTION('',(0.130540008864,-0.66343286943,-0.736760567515));
#4064 = DIRECTION('',(-0.200124864995,-0.745455234163,0.635803847323));
#4065 = ADVANCED_FACE('',(#4066),#4123,.F.);
#4066 = FACE_BOUND('',#4067,.F.);
#4067 = EDGE_LOOP('',(#4068,#4086,#4087,#4098,#4107,#4114,#4115,#4116));
#4068 = ORIENTED_EDGE('',*,*,#4069,.F.);
#4069 = EDGE_CURVE('',#4036,#4070,#4072,.T.);
#4070 = VERTEX_POINT('',#4071);
#4071 = CARTESIAN_POINT('',(-10.83076405292,-7.612898289896,
    22.999665652374));
#4072 = B_SPLINE_CURVE_WITH_KNOTS('',3,(#4073,#4074,#4075,#4076,#4077,
    #4078,#4079,#4080,#4081,#4082,#4083,#4084,#4085),.UNSPECIFIED.,.F.,
  .F.,(4,3,3,3,4),(-0.173048181661,-0.169147448727,-0.165253937043,
    -0.163715040215,-0.160423038734),.UNSPECIFIED.);
#4073 = CARTESIAN_POINT('',(-11.44011015029,-7.031560118334,
    22.257645610651));
#4074 = CARTESIAN_POINT('',(-11.38049956224,-7.099894047027,
    22.32943026555));
#4075 = CARTESIAN_POINT('',(-11.31976184863,-7.165495487548,
    22.402948425131));
#4076 = CARTESIAN_POINT('',(-11.25801599301,-7.228442412702,
    22.477917086551));
#4077 = CARTESIAN_POINT('',(-11.1963844447,-7.291272807065,
    22.552746961883));
#4078 = CARTESIAN_POINT('',(-11.13374813182,-7.35145751107,
    22.629021930344));
#4079 = CARTESIAN_POINT('',(-11.07027172245,-7.409056554351,
    22.706474733959));
#4080 = CARTESIAN_POINT('',(-11.04518289443,-7.431822374055,
    22.737087682755));
#4081 = CARTESIAN_POINT('',(-11.01996336319,-7.454184149939,
    22.767884792945));
#4082 = CARTESIAN_POINT('',(-10.99462543881,-7.476145322598,
    22.798850212281));
#4083 = CARTESIAN_POINT('',(-10.94041799041,-7.523128615928,
    22.865097010771));
#4084 = CARTESIAN_POINT('',(-10.8855776728,-7.568357359763,
    22.932221608703));
#4085 = CARTESIAN_POINT('',(-10.83014800107,-7.611896130807,
    23.000144080842));
#4086 = ORIENTED_EDGE('',*,*,#4043,.T.);
#4087 = ORIENTED_EDGE('',*,*,#4088,.T.);
#4088 = EDGE_CURVE('',#4044,#4089,#4091,.T.);
#4089 = VERTEX_POINT('',#4090);
#4090 = CARTESIAN_POINT('',(-11.90416835626,-2.681321562733,
    19.135280026722));
#4091 = B_SPLINE_CURVE_WITH_KNOTS('',3,(#4092,#4093,#4094,#4095,#4096,
    #4097),.UNSPECIFIED.,.F.,.F.,(4,2,4),(0.529983175058,0.639061121998,
    0.731845970277),.UNSPECIFIED.);
#4092 = CARTESIAN_POINT('',(-12.21068114971,-4.744514444735,
    20.056720355347));
#4093 = CARTESIAN_POINT('',(-12.19536372593,-4.433726867793,
    19.774083509395));
#4094 = CARTESIAN_POINT('',(-12.17204644607,-4.084246407833,
    19.55236671601));
#4095 = CARTESIAN_POINT('',(-12.06928263028,-3.366790543249,
    19.258582251547));
#4096 = CARTESIAN_POINT('',(-12.00084411748,-3.025149891883,
    19.175679079073));
#4097 = CARTESIAN_POINT('',(-11.90416836158,-2.681321560481,
    19.135280039282));
#4098 = ORIENTED_EDGE('',*,*,#4099,.T.);
#4099 = EDGE_CURVE('',#4089,#4100,#4102,.T.);
#4100 = VERTEX_POINT('',#4101);
#4101 = CARTESIAN_POINT('',(-11.11282890594,-3.266381698141,
    17.143827714069));
#4102 = B_SPLINE_CURVE_WITH_KNOTS('',3,(#4103,#4104,#4105,#4106),
  .UNSPECIFIED.,.F.,.F.,(4,4),(-1.597084366407,-1.375793802544),
  .PIECEWISE_BEZIER_KNOTS.);
#4103 = CARTESIAN_POINT('',(-11.90339587037,-2.678506907109,
    19.134990098212));
#4104 = CARTESIAN_POINT('',(-11.62130257747,-2.814243378663,
    18.460662585218));
#4105 = CARTESIAN_POINT('',(-11.35573373192,-3.011373026065,
    17.79195851102));
#4106 = CARTESIAN_POINT('',(-11.11282890594,-3.266381698141,
    17.143827714068));
#4107 = ORIENTED_EDGE('',*,*,#4108,.F.);
#4108 = EDGE_CURVE('',#3993,#4100,#4109,.T.);
#4109 = CIRCLE('',#4110,4.6);
#4110 = AXIS2_PLACEMENT_3D('',#4111,#4112,#4113);
#4111 = CARTESIAN_POINT('',(-7.02556520023,-4.192803072115,
    19.040144891598));
#4112 = DIRECTION('',(0.329302101829,-0.345711088114,-0.878660326455));
#4113 = DIRECTION('',(-0.912413092189,-0.35601751167,-0.201875903926));
#4114 = ORIENTED_EDGE('',*,*,#3992,.T.);
#4115 = ORIENTED_EDGE('',*,*,#3975,.T.);
#4116 = ORIENTED_EDGE('',*,*,#4117,.T.);
#4117 = EDGE_CURVE('',#3952,#4070,#4118,.T.);
#4118 = B_SPLINE_CURVE_WITH_KNOTS('',3,(#4119,#4120,#4121,#4122),
  .UNSPECIFIED.,.F.,.F.,(4,4),(-3.10130647975E-02,-2.327092634784E-02),
  .PIECEWISE_BEZIER_KNOTS.);
#4119 = CARTESIAN_POINT('',(-11.20649941715,-7.047558245599,
    21.822028474076));
#4120 = CARTESIAN_POINT('',(-11.09411272472,-7.255501935779,
    22.252352933259));
#4121 = CARTESIAN_POINT('',(-10.96458727945,-7.442805567577,
    22.646531271865));
#4122 = CARTESIAN_POINT('',(-10.83076405292,-7.612898289896,
    22.999665652374));
#4123 = B_SPLINE_SURFACE_WITH_KNOTS('',3,3,(
    (#4124,#4125,#4126,#4127,#4128)
    ,(#4129,#4130,#4131,#4132,#4133)
    ,(#4134,#4135,#4136,#4137,#4138)
    ,(#4139,#4140,#4141,#4142,#4143)
    ,(#4144,#4145,#4146,#4147,#4148
  )),.UNSPECIFIED.,.F.,.F.,.F.,(4,1,4),(4,1,4),(0.,0.571428571429,1.),(
    -1.970668219616,-1.715722040871,-1.375793802544),.UNSPECIFIED.);
#4124 = CARTESIAN_POINT('',(-10.40025215351,-7.799101447816,
    23.184455309057));
#4125 = CARTESIAN_POINT('',(-10.62260214287,-7.58987981457,
    22.645311199176));
#4126 = CARTESIAN_POINT('',(-11.11802943896,-7.024036872137,
    21.187188132276));
#4127 = CARTESIAN_POINT('',(-11.30056132373,-6.263336137156,
    19.226935197224));
#4128 = CARTESIAN_POINT('',(-11.2226654243,-5.830483625796,
    18.111515733538));
#4129 = CARTESIAN_POINT('',(-11.50088770549,-7.394998032518,
    22.699891688553));
#4130 = CARTESIAN_POINT('',(-11.61020790205,-7.088958847558,
    22.217637798365));
#4131 = CARTESIAN_POINT('',(-11.76082406657,-6.355686262556,
    20.834145709709));
#4132 = CARTESIAN_POINT('',(-11.57223516828,-5.682581208494,
    18.949127833363));
#4133 = CARTESIAN_POINT('',(-11.35159400697,-5.36990599983,
    17.881980793332));
#4134 = CARTESIAN_POINT('',(-13.19452967764,-5.783624512502,
    22.121176280001));
#4135 = CARTESIAN_POINT('',(-13.01818455522,-5.466639256362,
    21.646122450723));
#4136 = CARTESIAN_POINT('',(-12.50193047703,-4.836458829469,
    20.280485094805));
#4137 = CARTESIAN_POINT('',(-11.81858284813,-4.54427011758,
    18.511974570917));
#4138 = CARTESIAN_POINT('',(-11.42909582306,-4.506301379883,
    17.513147475109));
#4139 = CARTESIAN_POINT('',(-13.56551719187,-3.487672185985,
    22.322167968054));
#4140 = CARTESIAN_POINT('',(-13.21847381173,-3.310422661027,
    21.662687111762));
#4141 = CARTESIAN_POINT('',(-12.41242477377,-3.128674605439,
    20.014540077186));
#4142 = CARTESIAN_POINT('',(-11.63752982264,-3.363710229221,
    18.227138563944));
#4143 = CARTESIAN_POINT('',(-11.23994258621,-3.631030273407,
    17.239660257221));
#4144 = CARTESIAN_POINT('',(-13.45465336492,-2.566528099137,
    22.533228585511));
#4145 = CARTESIAN_POINT('',(-13.07471963953,-2.438907445438,
    21.776678551576));
#4146 = CARTESIAN_POINT('',(-12.23252592748,-2.428148417335,
    19.966696318895));
#4147 = CARTESIAN_POINT('',(-11.48595918378,-2.874658494298,
    18.139432570268));
#4148 = CARTESIAN_POINT('',(-11.11282890594,-3.266381698141,
    17.143827714068));
#4149 = ADVANCED_FACE('',(#4150),#4189,.F.);
#4150 = FACE_BOUND('',#4151,.F.);
#4151 = EDGE_LOOP('',(#4152,#4162,#4171,#4180,#4181,#4182));
#4152 = ORIENTED_EDGE('',*,*,#4153,.T.);
#4153 = EDGE_CURVE('',#4154,#4156,#4158,.T.);
#4154 = VERTEX_POINT('',#4155);
#4155 = CARTESIAN_POINT('',(7.00028832E-07,-12.25,30.477642040034));
#4156 = VERTEX_POINT('',#4157);
#4157 = CARTESIAN_POINT('',(7.00028806E-07,-10.62931402263,
    30.477642040034));
#4158 = LINE('',#4159,#4160);
#4159 = CARTESIAN_POINT('',(7.0002883238E-07,-12.25,30.477642040034));
#4160 = VECTOR('',#4161,1.);
#4161 = DIRECTION('',(-5.82E-15,1.,1.752E-14));
#4162 = ORIENTED_EDGE('',*,*,#4163,.T.);
#4163 = EDGE_CURVE('',#4156,#4164,#4166,.T.);
#4164 = VERTEX_POINT('',#4165);
#4165 = CARTESIAN_POINT('',(-10.46066661577,-8.064277656626,
    23.867789000903));
#4166 = ELLIPSE('',#4167,12.423924186317,11.58238552207);
#4167 = AXIS2_PLACEMENT_3D('',#4168,#4169,#4170);
#4168 = CARTESIAN_POINT('',(1.38812980472E-06,-6.134624066086,
    18.895256517964));
#4169 = DIRECTION('',(1.199E-14,-0.932264665203,-0.361776994864));
#4170 = DIRECTION('',(1.841E-14,-0.361776994864,0.932264665203));
#4171 = ORIENTED_EDGE('',*,*,#4172,.F.);
#4172 = EDGE_CURVE('',#4070,#4164,#4173,.T.);
#4173 = B_SPLINE_CURVE_WITH_KNOTS('',3,(#4174,#4175,#4176,#4177,#4178,
    #4179),.UNSPECIFIED.,.F.,.F.,(4,2,4),(-1.119498931764,
    -1.103627413143,-1.02127904055),.UNSPECIFIED.);
#4174 = CARTESIAN_POINT('',(-10.83076405292,-7.612898289896,
    22.999665652374));
#4175 = CARTESIAN_POINT('',(-10.81378877057,-7.643139917196,
    23.044460236786));
#4176 = CARTESIAN_POINT('',(-10.79629216686,-7.672453756017,
    23.089790810253));
#4177 = CARTESIAN_POINT('',(-10.68488081296,-7.847958683746,
    23.372984357676));
#4178 = CARTESIAN_POINT('',(-10.57731887246,-7.969047026514,
    23.622388788179));
#4179 = CARTESIAN_POINT('',(-10.46066661577,-8.064277656626,
    23.867789000903));
#4180 = ORIENTED_EDGE('',*,*,#4117,.F.);
#4181 = ORIENTED_EDGE('',*,*,#3949,.F.);
#4182 = ORIENTED_EDGE('',*,*,#4183,.F.);
#4183 = EDGE_CURVE('',#4154,#3950,#4184,.T.);
#4184 = CIRCLE('',#4185,11.58238552207);
#4185 = AXIS2_PLACEMENT_3D('',#4186,#4187,#4188);
#4186 = CARTESIAN_POINT('',(1.38812996459E-06,-12.25,18.895256517964));
#4187 = DIRECTION('',(2.707E-14,-1.,-1.752E-14));
#4188 = DIRECTION('',(1.,2.707E-14,-9.25E-15));
#4189 = CYLINDRICAL_SURFACE('',#4190,11.58238552207);
#4190 = AXIS2_PLACEMENT_3D('',#4191,#4192,#4193);
#4191 = CARTESIAN_POINT('',(1.38812996459E-06,-12.25,18.895256517964));
#4192 = DIRECTION('',(2.706E-14,-1.,-1.752E-14));
#4193 = DIRECTION('',(1.,2.706E-14,-9.25E-15));
#4194 = ADVANCED_FACE('',(#4195),#4232,.T.);
#4195 = FACE_BOUND('',#4196,.T.);
#4196 = EDGE_LOOP('',(#4197,#4207,#4218,#4226));
#4197 = ORIENTED_EDGE('',*,*,#4198,.T.);
#4198 = EDGE_CURVE('',#4199,#4201,#4203,.T.);
#4199 = VERTEX_POINT('',#4200);
#4200 = CARTESIAN_POINT('',(11.206500800567,-12.25,21.8220285378));
#4201 = VERTEX_POINT('',#4202);
#4202 = CARTESIAN_POINT('',(11.206500809423,-7.047558254636,
    21.822028467662));
#4203 = LINE('',#4204,#4205);
#4204 = CARTESIAN_POINT('',(11.206500800567,-12.25,21.8220285378));
#4205 = VECTOR('',#4206,1.);
#4206 = DIRECTION('',(-5.82E-15,1.,1.752E-14));
#4207 = ORIENTED_EDGE('',*,*,#4208,.F.);
#4208 = EDGE_CURVE('',#4209,#4201,#4211,.T.);
#4209 = VERTEX_POINT('',#4210);
#4210 = CARTESIAN_POINT('',(11.206500800567,-6.518166532809,
    19.883608719475));
#4211 = B_SPLINE_CURVE_WITH_KNOTS('',3,(#4212,#4213,#4214,#4215,#4216,
    #4217),.UNSPECIFIED.,.F.,.F.,(4,2,4),(-0.265812540951,
    -0.120193817157,-6.283389653273E-02),.UNSPECIFIED.);
#4212 = CARTESIAN_POINT('',(11.206500800567,-6.518166532809,
    19.883608719475));
#4213 = CARTESIAN_POINT('',(11.206500800567,-6.642794589332,
    20.332230930711));
#4214 = CARTESIAN_POINT('',(11.206500800593,-6.760891383732,
    20.800623465422));
#4215 = CARTESIAN_POINT('',(11.206500800593,-6.939073220488,
    21.450038890939));
#4216 = CARTESIAN_POINT('',(11.206500800567,-6.991793274275,
    21.636321815689));
#4217 = CARTESIAN_POINT('',(11.206500800567,-7.047558254636,
    21.822028465349));
#4218 = ORIENTED_EDGE('',*,*,#4219,.F.);
#4219 = EDGE_CURVE('',#4220,#4209,#4222,.T.);
#4220 = VERTEX_POINT('',#4221);
#4221 = CARTESIAN_POINT('',(11.206500800567,-12.25,19.883608719474));
#4222 = LINE('',#4223,#4224);
#4223 = CARTESIAN_POINT('',(11.206500800567,-12.25,19.883608719474));
#4224 = VECTOR('',#4225,1.);
#4225 = DIRECTION('',(-5.82E-15,1.,1.752E-14));
#4226 = ORIENTED_EDGE('',*,*,#4227,.F.);
#4227 = EDGE_CURVE('',#4199,#4220,#4228,.T.);
#4228 = LINE('',#4229,#4230);
#4229 = CARTESIAN_POINT('',(11.206500800567,-12.25,13.945256608554));
#4230 = VECTOR('',#4231,1.);
#4231 = DIRECTION('',(-9.44E-15,1.56E-14,-1.));
#4232 = PLANE('',#4233);
#4233 = AXIS2_PLACEMENT_3D('',#4234,#4235,#4236);
#4234 = CARTESIAN_POINT('',(11.206500800566,7.770269292028,
    8.995256608555));
#4235 = DIRECTION('',(-1.,-1.644E-14,9.44E-15));
#4236 = DIRECTION('',(1.644E-14,-1.,-1.56E-14));
#4237 = ADVANCED_FACE('',(#4238),#4266,.F.);
#4238 = FACE_BOUND('',#4239,.F.);
#4239 = EDGE_LOOP('',(#4240,#4247,#4248,#4249,#4258,#4265));
#4240 = ORIENTED_EDGE('',*,*,#4241,.F.);
#4241 = EDGE_CURVE('',#4010,#4220,#4242,.T.);
#4242 = CIRCLE('',#4243,11.25);
#4243 = AXIS2_PLACEMENT_3D('',#4244,#4245,#4246);
#4244 = CARTESIAN_POINT('',(1.1927426E-08,-12.25,18.895256517964));
#4245 = DIRECTION('',(5.81E-15,-1.,-1.752E-14));
#4246 = DIRECTION('',(-1.,-5.81E-15,9.44E-15));
#4247 = ORIENTED_EDGE('',*,*,#4009,.F.);
#4248 = ORIENTED_EDGE('',*,*,#368,.T.);
#4249 = ORIENTED_EDGE('',*,*,#4250,.T.);
#4250 = EDGE_CURVE('',#369,#4251,#4253,.T.);
#4251 = VERTEX_POINT('',#4252);
#4252 = CARTESIAN_POINT('',(11.222666824358,-5.830483625796,
    18.111515733538));
#4253 = ELLIPSE('',#4254,12.067388607445,11.25);
#4254 = AXIS2_PLACEMENT_3D('',#4255,#4256,#4257);
#4255 = CARTESIAN_POINT('',(1.192739047E-08,-6.134624066086,
    18.895256517964));
#4256 = DIRECTION('',(1.191E-14,-0.932264665203,-0.361776994864));
#4257 = DIRECTION('',(1.09E-14,-0.361776994864,0.932264665203));
#4258 = ORIENTED_EDGE('',*,*,#4259,.T.);
#4259 = EDGE_CURVE('',#4251,#4209,#4260,.T.);
#4260 = ELLIPSE('',#4261,12.067388607445,11.25);
#4261 = AXIS2_PLACEMENT_3D('',#4262,#4263,#4264);
#4262 = CARTESIAN_POINT('',(1.192739047E-08,-6.134624066086,
    18.895256517964));
#4263 = DIRECTION('',(1.191E-14,-0.932264665203,-0.361776994864));
#4264 = DIRECTION('',(1.09E-14,-0.361776994864,0.932264665203));
#4265 = ORIENTED_EDGE('',*,*,#4219,.F.);
#4266 = CYLINDRICAL_SURFACE('',#4267,11.25);
#4267 = AXIS2_PLACEMENT_3D('',#4268,#4269,#4270);
#4268 = CARTESIAN_POINT('',(1.1927426E-08,-12.25,18.895256517964));
#4269 = DIRECTION('',(-5.82E-15,1.,1.752E-14));
#4270 = DIRECTION('',(0.737513928665,1.612414634025E-14,-0.675331922113)
  );
#4271 = ADVANCED_FACE('',(#4272),#4310,.F.);
#4272 = FACE_BOUND('',#4273,.F.);
#4273 = EDGE_LOOP('',(#4274,#4275,#4284,#4295,#4302,#4303));
#4274 = ORIENTED_EDGE('',*,*,#4198,.T.);
#4275 = ORIENTED_EDGE('',*,*,#4276,.T.);
#4276 = EDGE_CURVE('',#4201,#4277,#4279,.T.);
#4277 = VERTEX_POINT('',#4278);
#4278 = CARTESIAN_POINT('',(10.830765452986,-7.612898289896,
    22.999665652374));
#4279 = B_SPLINE_CURVE_WITH_KNOTS('',3,(#4280,#4281,#4282,#4283),
  .UNSPECIFIED.,.F.,.F.,(4,4),(-3.10130647975E-02,-2.327092634784E-02),
  .PIECEWISE_BEZIER_KNOTS.);
#4280 = CARTESIAN_POINT('',(11.206500817209,-7.047558245599,
    21.822028474076));
#4281 = CARTESIAN_POINT('',(11.094114124784,-7.255501935778,
    22.252352933259));
#4282 = CARTESIAN_POINT('',(10.964588679509,-7.442805567577,
    22.646531271865));
#4283 = CARTESIAN_POINT('',(10.830765452986,-7.612898289896,
    22.999665652374));
#4284 = ORIENTED_EDGE('',*,*,#4285,.T.);
#4285 = EDGE_CURVE('',#4277,#4286,#4288,.T.);
#4286 = VERTEX_POINT('',#4287);
#4287 = CARTESIAN_POINT('',(10.460668015835,-8.064277656625,
    23.867789000902));
#4288 = B_SPLINE_CURVE_WITH_KNOTS('',3,(#4289,#4290,#4291,#4292,#4293,
    #4294),.UNSPECIFIED.,.F.,.F.,(4,2,4),(-1.119498931764,
    -1.103627413143,-1.02127904055),.UNSPECIFIED.);
#4289 = CARTESIAN_POINT('',(10.830765452986,-7.612898289896,
    22.999665652374));
#4290 = CARTESIAN_POINT('',(10.813790170636,-7.643139917195,
    23.044460236786));
#4291 = CARTESIAN_POINT('',(10.79629356692,-7.672453756017,
    23.089790810252));
#4292 = CARTESIAN_POINT('',(10.684882213025,-7.847958683746,
    23.372984357676));
#4293 = CARTESIAN_POINT('',(10.57732027252,-7.969047026514,
    23.622388788179));
#4294 = CARTESIAN_POINT('',(10.460668015835,-8.064277656625,
    23.867789000902));
#4295 = ORIENTED_EDGE('',*,*,#4296,.F.);
#4296 = EDGE_CURVE('',#4156,#4286,#4297,.T.);
#4297 = ELLIPSE('',#4298,12.423924186317,11.58238552207);
#4298 = AXIS2_PLACEMENT_3D('',#4299,#4300,#4301);
#4299 = CARTESIAN_POINT('',(1.192739047E-08,-6.134624066086,
    18.895256517964));
#4300 = DIRECTION('',(-1.191E-14,0.932264665203,0.361776994864));
#4301 = DIRECTION('',(1.09E-14,-0.361776994864,0.932264665203));
#4302 = ORIENTED_EDGE('',*,*,#4153,.F.);
#4303 = ORIENTED_EDGE('',*,*,#4304,.T.);
#4304 = EDGE_CURVE('',#4154,#4199,#4305,.T.);
#4305 = CIRCLE('',#4306,11.58238552207);
#4306 = AXIS2_PLACEMENT_3D('',#4307,#4308,#4309);
#4307 = CARTESIAN_POINT('',(1.1927426E-08,-12.25,18.895256517964));
#4308 = DIRECTION('',(-5.81E-15,1.,1.752E-14));
#4309 = DIRECTION('',(-1.,-5.81E-15,9.44E-15));
#4310 = CYLINDRICAL_SURFACE('',#4311,11.58238552207);
#4311 = AXIS2_PLACEMENT_3D('',#4312,#4313,#4314);
#4312 = CARTESIAN_POINT('',(1.1927426E-08,-12.25,18.895256517964));
#4313 = DIRECTION('',(-5.82E-15,1.,1.752E-14));
#4314 = DIRECTION('',(-1.,-5.82E-15,9.44E-15));
#4315 = ADVANCED_FACE('',(#4316),#4341,.T.);
#4316 = FACE_BOUND('',#4317,.T.);
#4317 = EDGE_LOOP('',(#4318,#4328,#4334,#4335));
#4318 = ORIENTED_EDGE('',*,*,#4319,.T.);
#4319 = EDGE_CURVE('',#4320,#4322,#4324,.T.);
#4320 = VERTEX_POINT('',#4321);
#4321 = CARTESIAN_POINT('',(15.95723676681,13.863528448755,
    34.263299786824));
#4322 = VERTEX_POINT('',#4323);
#4323 = CARTESIAN_POINT('',(20.96006548618,13.863528448756,
    34.263299786823));
#4324 = LINE('',#4325,#4326);
#4325 = CARTESIAN_POINT('',(-168.4227328803,13.86352844875,
    34.263299786831));
#4326 = VECTOR('',#4327,1.);
#4327 = DIRECTION('',(1.,2.707E-14,-4.286E-14));
#4328 = ORIENTED_EDGE('',*,*,#4329,.F.);
#4329 = EDGE_CURVE('',#3116,#4322,#4330,.T.);
#4330 = LINE('',#4331,#4332);
#4331 = CARTESIAN_POINT('',(-169.7894094634,-114.890845932,
    -47.60770009308));
#4332 = VECTOR('',#4333,1.);
#4333 = DIRECTION('',(-0.780908608771,-0.527107083243,-0.335171400245));
#4334 = ORIENTED_EDGE('',*,*,#3115,.T.);
#4335 = ORIENTED_EDGE('',*,*,#4336,.T.);
#4336 = EDGE_CURVE('',#3118,#4320,#4337,.T.);
#4337 = LINE('',#4338,#4339);
#4338 = CARTESIAN_POINT('',(16.682415920254,14.575611679059,
    34.71609190626));
#4339 = VECTOR('',#4340,1.);
#4340 = DIRECTION('',(-0.651764340435,-0.639994206576,-0.406952896643));
#4341 = PLANE('',#4342);
#4342 = AXIS2_PLACEMENT_3D('',#4343,#4344,#4345);
#4343 = CARTESIAN_POINT('',(-168.4227328803,14.219570063902,
    34.48969584655));
#4344 = DIRECTION('',(5.069E-14,-0.53657876374,0.843850241632));
#4345 = DIRECTION('',(1.,7.962800755554E-14,-9.436866583529E-15));
#4346 = ADVANCED_FACE('',(#4347),#4373,.T.);
#4347 = FACE_BOUND('',#4348,.T.);
#4348 = EDGE_LOOP('',(#4349,#4350,#4358,#4366,#4372));
#4349 = ORIENTED_EDGE('',*,*,#3141,.T.);
#4350 = ORIENTED_EDGE('',*,*,#4351,.T.);
#4351 = EDGE_CURVE('',#3134,#4352,#4354,.T.);
#4352 = VERTEX_POINT('',#4353);
#4353 = CARTESIAN_POINT('',(23.899635125663,21.481437427429,
    34.238822574272));
#4354 = LINE('',#4355,#4356);
#4355 = CARTESIAN_POINT('',(23.548678692259,21.250838177181,
    34.71609190626));
#4356 = VECTOR('',#4357,1.);
#4357 = DIRECTION('',(0.552066440059,0.362740485849,-0.750760937773));
#4358 = ORIENTED_EDGE('',*,*,#4359,.T.);
#4359 = EDGE_CURVE('',#4352,#4360,#4362,.T.);
#4360 = VERTEX_POINT('',#4361);
#4361 = CARTESIAN_POINT('',(23.894278144091,21.507508884152,
    34.221668375168));
#4362 = LINE('',#4363,#4364);
#4363 = CARTESIAN_POINT('',(24.105611919081,20.478985770129,
    34.898404257972));
#4364 = VECTOR('',#4365,1.);
#4365 = DIRECTION('',(-0.169175694624,0.823347390917,-0.541736705622));
#4366 = ORIENTED_EDGE('',*,*,#4367,.T.);
#4367 = EDGE_CURVE('',#4360,#3086,#4368,.T.);
#4368 = LINE('',#4369,#4370);
#4369 = CARTESIAN_POINT('',(19.974469676754,25.386306188097,
    34.221668375168));
#4370 = VECTOR('',#4371,1.);
#4371 = DIRECTION('',(-0.710815472557,0.703378535337,4.279E-14));
#4372 = ORIENTED_EDGE('',*,*,#3085,.T.);
#4373 = PLANE('',#4374);
#4374 = AXIS2_PLACEMENT_3D('',#4375,#4376,#4377);
#4375 = CARTESIAN_POINT('',(19.824814376905,25.23506855809,
    34.468880140714));
#4376 = DIRECTION('',(0.533116040602,0.538752764394,0.652328710169));
#4377 = DIRECTION('',(-0.710815472557,0.703378535337,2.040034807749E-14)
  );
#4378 = ADVANCED_FACE('',(#4379),#4398,.T.);
#4379 = FACE_BOUND('',#4380,.T.);
#4380 = EDGE_LOOP('',(#4381,#4389,#4395,#4396,#4397));
#4381 = ORIENTED_EDGE('',*,*,#4382,.F.);
#4382 = EDGE_CURVE('',#4383,#4360,#4385,.T.);
#4383 = VERTEX_POINT('',#4384);
#4384 = CARTESIAN_POINT('',(22.184334999783,22.039339134913,
    28.746065228632));
#4385 = LINE('',#4386,#4387);
#4386 = CARTESIAN_POINT('',(21.482587179751,22.257598274312,
    26.498918834184));
#4387 = VECTOR('',#4388,1.);
#4388 = DIRECTION('',(0.296814234979,-9.231581151909E-02,0.950462572044)
  );
#4389 = ORIENTED_EDGE('',*,*,#4390,.F.);
#4390 = EDGE_CURVE('',#2999,#4383,#4391,.T.);
#4391 = LINE('',#4392,#4393);
#4392 = CARTESIAN_POINT('',(25.100436742356,18.212064856872,
    24.301849750352));
#4393 = VECTOR('',#4394,1.);
#4394 = DIRECTION('',(0.445205184784,-0.584315124297,-0.678504369152));
#4395 = ORIENTED_EDGE('',*,*,#3022,.T.);
#4396 = ORIENTED_EDGE('',*,*,#3093,.F.);
#4397 = ORIENTED_EDGE('',*,*,#4367,.F.);
#4398 = PLANE('',#4399);
#4399 = AXIS2_PLACEMENT_3D('',#4400,#4401,#4402);
#4400 = CARTESIAN_POINT('',(22.752684932161,18.687393770721,
    15.580984031039));
#4401 = DIRECTION('',(0.695533798272,0.702887791794,-0.148934507779));
#4402 = DIRECTION('',(-0.710815472557,0.703378535337,1.769417945496E-14)
  );
#4403 = ADVANCED_FACE('',(#4404),#4438,.F.);
#4404 = FACE_BOUND('',#4405,.T.);
#4405 = EDGE_LOOP('',(#4406,#4414,#4422,#4430,#4436,#4437));
#4406 = ORIENTED_EDGE('',*,*,#4407,.F.);
#4407 = EDGE_CURVE('',#4408,#4322,#4410,.T.);
#4408 = VERTEX_POINT('',#4409);
#4409 = CARTESIAN_POINT('',(18.858181241365,12.422651056281,
    31.187064445375));
#4410 = LINE('',#4411,#4412);
#4411 = CARTESIAN_POINT('',(-91.65443470744,-63.33562644957,
    -130.5548657756));
#4412 = VECTOR('',#4413,1.);
#4413 = DIRECTION('',(0.526174155727,0.360701331371,0.77008785693));
#4414 = ORIENTED_EDGE('',*,*,#4415,.F.);
#4415 = EDGE_CURVE('',#4416,#4408,#4418,.T.);
#4416 = VERTEX_POINT('',#4417);
#4417 = CARTESIAN_POINT('',(23.344131625551,15.446520603537,
    32.708434150205));
#4418 = LINE('',#4419,#4420);
#4419 = CARTESIAN_POINT('',(-191.0491482316,-129.0707510056,
    -40.00111744083));
#4420 = VECTOR('',#4421,1.);
#4421 = DIRECTION('',(-0.798240830574,-0.538074640205,-0.270716194516));
#4422 = ORIENTED_EDGE('',*,*,#4423,.T.);
#4423 = EDGE_CURVE('',#4416,#4424,#4426,.T.);
#4424 = VERTEX_POINT('',#4425);
#4425 = CARTESIAN_POINT('',(23.845175312393,15.798858792811,
    34.312883045105));
#4426 = LINE('',#4427,#4428);
#4427 = CARTESIAN_POINT('',(-15.36832005091,-11.77640522953,
    -91.25710406987));
#4428 = VECTOR('',#4429,1.);
#4429 = DIRECTION('',(0.291746445508,0.205158586041,0.934234427811));
#4430 = ORIENTED_EDGE('',*,*,#4431,.T.);
#4431 = EDGE_CURVE('',#4424,#3126,#4432,.T.);
#4432 = LINE('',#4433,#4434);
#4433 = CARTESIAN_POINT('',(-41.52994581365,-27.13867166719,
    123.21719542886));
#4434 = VECTOR('',#4435,1.);
#4435 = DIRECTION('',(-0.552096558571,-0.362609849009,0.750801896252));
#4436 = ORIENTED_EDGE('',*,*,#3125,.T.);
#4437 = ORIENTED_EDGE('',*,*,#4329,.T.);
#4438 = PLANE('',#4439);
#4439 = AXIS2_PLACEMENT_3D('',#4440,#4441,#4442);
#4440 = CARTESIAN_POINT('',(-278.030085062,-186.6983564442,
    29.180949958029));
#4441 = DIRECTION('',(-0.556954012733,0.830500339318,-8.450685994713E-03
    ));
#4442 = DIRECTION('',(-0.830541583993,-0.556944889362,3.614895855101E-03
    ));
#4443 = ADVANCED_FACE('',(#4444),#4463,.T.);
#4444 = FACE_BOUND('',#4445,.T.);
#4445 = EDGE_LOOP('',(#4446,#4447,#4448,#4456,#4462));
#4446 = ORIENTED_EDGE('',*,*,#3133,.T.);
#4447 = ORIENTED_EDGE('',*,*,#4431,.F.);
#4448 = ORIENTED_EDGE('',*,*,#4449,.F.);
#4449 = EDGE_CURVE('',#4450,#4424,#4452,.T.);
#4450 = VERTEX_POINT('',#4451);
#4451 = CARTESIAN_POINT('',(23.899635125663,16.391090318472,
    34.238822574272));
#4452 = LINE('',#4453,#4454);
#4453 = CARTESIAN_POINT('',(7.862680430736,-158.0052135908,
    56.047645339331));
#4454 = VECTOR('',#4455,1.);
#4455 = DIRECTION('',(-9.08687661493E-02,-0.988166223495,0.123573387437)
  );
#4456 = ORIENTED_EDGE('',*,*,#4457,.T.);
#4457 = EDGE_CURVE('',#4450,#4352,#4458,.T.);
#4458 = LINE('',#4459,#4460);
#4459 = CARTESIAN_POINT('',(23.899635125663,14.707145704702,
    34.238822574272));
#4460 = VECTOR('',#4461,1.);
#4461 = DIRECTION('',(-2.709E-14,1.,1.752E-14));
#4462 = ORIENTED_EDGE('',*,*,#4351,.F.);
#4463 = PLANE('',#4464);
#4464 = AXIS2_PLACEMENT_3D('',#4465,#4466,#4467);
#4465 = CARTESIAN_POINT('',(23.724156908961,14.707145704702,
    34.477457240266));
#4466 = DIRECTION('',(0.805632401654,1.145E-14,0.592415760598));
#4467 = DIRECTION('',(-2.844913579659E-14,1.,1.936063548551E-14));
#4468 = ADVANCED_FACE('',(#4469,#4504),#4507,.F.);
#4469 = FACE_BOUND('',#4470,.F.);
#4470 = EDGE_LOOP('',(#4471,#4481,#4489,#4495,#4496,#4497,#4498));
#4471 = ORIENTED_EDGE('',*,*,#4472,.T.);
#4472 = EDGE_CURVE('',#4473,#4475,#4477,.T.);
#4473 = VERTEX_POINT('',#4474);
#4474 = CARTESIAN_POINT('',(15.759140145299,19.812853708304,
    29.148649276805));
#4475 = VERTEX_POINT('',#4476);
#4476 = CARTESIAN_POINT('',(14.999437089928,17.804074061231,
    27.658652127892));
#4477 = LINE('',#4478,#4479);
#4478 = CARTESIAN_POINT('',(13.302062081584,13.315936417334,
    24.329608928031));
#4479 = VECTOR('',#4480,1.);
#4480 = DIRECTION('',(-0.290640479348,-0.768501084119,-0.57002999524));
#4481 = ORIENTED_EDGE('',*,*,#4482,.T.);
#4482 = EDGE_CURVE('',#4475,#4483,#4485,.T.);
#4483 = VERTEX_POINT('',#4484);
#4484 = CARTESIAN_POINT('',(21.35504375773,18.678307721889,
    26.090497556981));
#4485 = LINE('',#4486,#4487);
#4486 = CARTESIAN_POINT('',(18.926731642714,18.344285762933,
    26.68964865959));
#4487 = VECTOR('',#4488,1.);
#4488 = DIRECTION('',(0.962339854935,0.132372869838,-0.237443523674));
#4489 = ORIENTED_EDGE('',*,*,#4490,.F.);
#4490 = EDGE_CURVE('',#4383,#4483,#4491,.T.);
#4491 = LINE('',#4492,#4493);
#4492 = CARTESIAN_POINT('',(21.65058312381,19.876098364871,
    27.036877726534));
#4493 = VECTOR('',#4494,1.);
#4494 = DIRECTION('',(-0.190071011159,-0.770338014818,-0.608647971854));
#4495 = ORIENTED_EDGE('',*,*,#4390,.F.);
#4496 = ORIENTED_EDGE('',*,*,#2996,.F.);
#4497 = ORIENTED_EDGE('',*,*,#3037,.F.);
#4498 = ORIENTED_EDGE('',*,*,#4499,.F.);
#4499 = EDGE_CURVE('',#4473,#3038,#4500,.T.);
#4500 = LINE('',#4501,#4502);
#4501 = CARTESIAN_POINT('',(13.834500423406,16.437848231795,
    26.883754347629));
#4502 = VECTOR('',#4503,1.);
#4503 = DIRECTION('',(0.427965684559,0.750471120759,0.503625326753));
#4504 = FACE_BOUND('',#4505,.T.);
#4505 = EDGE_LOOP('',(#4506));
#4506 = ORIENTED_EDGE('',*,*,#2651,.F.);
#4507 = PLANE('',#4508);
#4508 = AXIS2_PLACEMENT_3D('',#4509,#4510,#4511);
#4509 = CARTESIAN_POINT('',(19.389976693691,18.741996460342,
    26.86955446792));
#4510 = DIRECTION('',(0.266114843695,-0.63716540153,0.723327824059));
#4511 = DIRECTION('',(0.182427656282,0.770114970297,0.611263513346));
#4512 = ADVANCED_FACE('',(#4513),#4532,.T.);
#4513 = FACE_BOUND('',#4514,.T.);
#4514 = EDGE_LOOP('',(#4515,#4516,#4517,#4525,#4531));
#4515 = ORIENTED_EDGE('',*,*,#3045,.F.);
#4516 = ORIENTED_EDGE('',*,*,#4499,.F.);
#4517 = ORIENTED_EDGE('',*,*,#4518,.F.);
#4518 = EDGE_CURVE('',#4519,#4473,#4521,.T.);
#4519 = VERTEX_POINT('',#4520);
#4520 = CARTESIAN_POINT('',(17.078480304742,19.981958647779,
    34.228625743574));
#4521 = LINE('',#4522,#4523);
#4522 = CARTESIAN_POINT('',(13.265575532556,19.493243871601,
    19.547448661147));
#4523 = VECTOR('',#4524,1.);
#4524 = DIRECTION('',(-0.251244027693,-3.220292037086E-02,
    -0.967387931736));
#4525 = ORIENTED_EDGE('',*,*,#4526,.F.);
#4526 = EDGE_CURVE('',#3070,#4519,#4527,.T.);
#4527 = LINE('',#4528,#4529);
#4528 = CARTESIAN_POINT('',(14.269305032978,13.046101996922,
    34.228625743574));
#4529 = VECTOR('',#4530,1.);
#4530 = DIRECTION('',(-0.375399970179,-0.926862914561,-1.5E-16));
#4531 = ORIENTED_EDGE('',*,*,#3101,.F.);
#4532 = PLANE('',#4533);
#4533 = AXIS2_PLACEMENT_3D('',#4534,#4535,#4536);
#4534 = CARTESIAN_POINT('',(12.225932412064,17.992053214944,
    17.794512223028));
#4535 = DIRECTION('',(-0.903628616596,0.365989565872,0.222501597617));
#4536 = DIRECTION('',(0.239089905319,-1.180999742445E-14,0.970997434175)
  );
#4537 = ADVANCED_FACE('',(#4538),#4557,.T.);
#4538 = FACE_BOUND('',#4539,.T.);
#4539 = EDGE_LOOP('',(#4540,#4541,#4549,#4555,#4556));
#4540 = ORIENTED_EDGE('',*,*,#4526,.T.);
#4541 = ORIENTED_EDGE('',*,*,#4542,.T.);
#4542 = EDGE_CURVE('',#4519,#4543,#4545,.T.);
#4543 = VERTEX_POINT('',#4544);
#4544 = CARTESIAN_POINT('',(17.076843600784,19.970330464439,
    34.230897169022));
#4545 = LINE('',#4546,#4547);
#4546 = CARTESIAN_POINT('',(15.733239876849,10.424517145633,
    36.095556734766));
#4547 = VECTOR('',#4548,1.);
#4548 = DIRECTION('',(-0.136842789641,-0.972217999006,0.189911066903));
#4549 = ORIENTED_EDGE('',*,*,#4550,.T.);
#4550 = EDGE_CURVE('',#4543,#3149,#4551,.T.);
#4551 = LINE('',#4552,#4553);
#4552 = CARTESIAN_POINT('',(17.076843600784,19.970330464439,
    34.230897169022));
#4553 = VECTOR('',#4554,1.);
#4554 = DIRECTION('',(0.77447231003,-0.144802594687,0.615812349316));
#4555 = ORIENTED_EDGE('',*,*,#3148,.T.);
#4556 = ORIENTED_EDGE('',*,*,#3067,.T.);
#4557 = PLANE('',#4558);
#4558 = AXIS2_PLACEMENT_3D('',#4559,#4560,#4561);
#4559 = CARTESIAN_POINT('',(14.552577881434,12.931370231099,
    34.472358824917));
#4560 = DIRECTION('',(-0.577896761124,0.234060963584,0.781825299417));
#4561 = DIRECTION('',(-0.375399970179,-0.926862914561,
    -1.471045507628E-14));
#4562 = ADVANCED_FACE('',(#4563),#4582,.T.);
#4563 = FACE_BOUND('',#4564,.T.);
#4564 = EDGE_LOOP('',(#4565,#4566,#4567,#4575,#4581));
#4565 = ORIENTED_EDGE('',*,*,#3156,.T.);
#4566 = ORIENTED_EDGE('',*,*,#4550,.F.);
#4567 = ORIENTED_EDGE('',*,*,#4568,.T.);
#4568 = EDGE_CURVE('',#4543,#4569,#4571,.T.);
#4569 = VERTEX_POINT('',#4570);
#4570 = CARTESIAN_POINT('',(15.912148890274,13.84835139165,
    34.230897169022));
#4571 = LINE('',#4572,#4573);
#4572 = CARTESIAN_POINT('',(14.889299743352,8.471954456406,
    34.230897169022));
#4573 = VECTOR('',#4574,1.);
#4574 = DIRECTION('',(-0.186895849543,-0.982379733822,-9.2E-15));
#4575 = ORIENTED_EDGE('',*,*,#4576,.T.);
#4576 = EDGE_CURVE('',#4569,#4320,#4577,.T.);
#4577 = LINE('',#4578,#4579);
#4578 = CARTESIAN_POINT('',(-94.80653172113,-23.42072995361,
    -45.33761141913));
#4579 = VECTOR('',#4580,1.);
#4580 = DIRECTION('',(0.783315384488,0.263672260383,0.562933341995));
#4581 = ORIENTED_EDGE('',*,*,#4336,.F.);
#4582 = PLANE('',#4583);
#4583 = AXIS2_PLACEMENT_3D('',#4584,#4585,#4586);
#4584 = CARTESIAN_POINT('',(15.194217047763,8.413944527367,
    34.473494537641));
#4585 = DIRECTION('',(-0.604963454048,0.115093130278,0.787891357123));
#4586 = DIRECTION('',(-0.186895849543,-0.982379733822,
    -1.681987882307E-14));
#4587 = ADVANCED_FACE('',(#4588),#4608,.T.);
#4588 = FACE_BOUND('',#4589,.T.);
#4589 = EDGE_LOOP('',(#4590,#4591,#4592,#4601));
#4590 = ORIENTED_EDGE('',*,*,#393,.T.);
#4591 = ORIENTED_EDGE('',*,*,#4250,.T.);
#4592 = ORIENTED_EDGE('',*,*,#4593,.T.);
#4593 = EDGE_CURVE('',#4251,#4594,#4596,.T.);
#4594 = VERTEX_POINT('',#4595);
#4595 = CARTESIAN_POINT('',(11.112830306001,-3.26638169814,
    17.143827714068));
#4596 = CIRCLE('',#4597,4.6);
#4597 = AXIS2_PLACEMENT_3D('',#4598,#4599,#4600);
#4598 = CARTESIAN_POINT('',(7.025566600287,-4.192803072115,
    19.040144891598));
#4599 = DIRECTION('',(0.329302101829,0.345711088114,0.878660326455));
#4600 = DIRECTION('',(0.912413092189,-0.35601751167,-0.201875903926));
#4601 = ORIENTED_EDGE('',*,*,#4602,.T.);
#4602 = EDGE_CURVE('',#4594,#394,#4603,.T.);
#4603 = ELLIPSE('',#4604,55.860110154837,11.25);
#4604 = AXIS2_PLACEMENT_3D('',#4605,#4606,#4607);
#4605 = CARTESIAN_POINT('',(1.192707073E-08,49.347184681136,
    18.895256517965));
#4606 = DIRECTION('',(0.888535588199,0.201395950864,-0.41224286468));
#4607 = DIRECTION('',(-0.182690820342,0.979509913669,8.476079982513E-02)
  );
#4608 = B_SPLINE_SURFACE_WITH_KNOTS('',3,3,(
    (#4609,#4610,#4611,#4612)
    ,(#4613,#4614,#4615,#4616)
    ,(#4617,#4618,#4619,#4620)
    ,(#4621,#4622,#4623,#4624
    )),.UNSPECIFIED.,.F.,.F.,.F.,(4,4),(4,4),(0.,1.),(4.449022406122E-02
    ,0.228526182653),.PIECEWISE_BEZIER_KNOTS.);
#4609 = CARTESIAN_POINT('',(10.873194143075,-4.534055717433,
    16.008017458521));
#4610 = CARTESIAN_POINT('',(11.004769290208,-4.100286799011,
    16.503522710477));
#4611 = CARTESIAN_POINT('',(11.065310907189,-3.67390266721,
    16.842316734288));
#4612 = CARTESIAN_POINT('',(11.112830306001,-3.26638169814,
    17.143827714068));
#4613 = CARTESIAN_POINT('',(10.894551979038,-4.710471519342,
    16.047397842693));
#4614 = CARTESIAN_POINT('',(11.070255567453,-4.512664394401,
    16.605848006587));
#4615 = CARTESIAN_POINT('',(11.228887403163,-4.310852493739,
    17.028134900793));
#4616 = CARTESIAN_POINT('',(11.409428893295,-4.117228373762,
    17.367436981423));
#4617 = CARTESIAN_POINT('',(10.905593846116,-4.887419965931,
    16.089984144597));
#4618 = CARTESIAN_POINT('',(11.097413361045,-4.92769506246,
    16.720287983962));
#4619 = CARTESIAN_POINT('',(11.268389221759,-4.962402999241,
    17.252257716925));
#4620 = CARTESIAN_POINT('',(11.448291844039,-5.024472780356,
    17.709829588177));
#4621 = CARTESIAN_POINT('',(10.906242112916,-5.063656996388,
    16.135476955279));
#4622 = CARTESIAN_POINT('',(11.08584099411,-5.339083728865,
    16.845225264834));
#4623 = CARTESIAN_POINT('',(11.180380851966,-5.595508620981,
    17.506007651752));
#4624 = CARTESIAN_POINT('',(11.222666824358,-5.830483625796,
    18.111515733538));
#4625 = ADVANCED_FACE('',(#4626),#4638,.F.);
#4626 = FACE_BOUND('',#4627,.F.);
#4627 = EDGE_LOOP('',(#4628,#4629,#4630,#4637));
#4628 = ORIENTED_EDGE('',*,*,#4001,.T.);
#4629 = ORIENTED_EDGE('',*,*,#4108,.T.);
#4630 = ORIENTED_EDGE('',*,*,#4631,.T.);
#4631 = EDGE_CURVE('',#4100,#304,#4632,.T.);
#4632 = ELLIPSE('',#4633,55.860110154837,11.25);
#4633 = AXIS2_PLACEMENT_3D('',#4634,#4635,#4636);
#4634 = CARTESIAN_POINT('',(1.38812829482E-06,49.347184681136,
    18.895256517965));
#4635 = DIRECTION('',(0.888535588199,-0.201395950864,0.41224286468));
#4636 = DIRECTION('',(0.182690820342,0.979509913669,8.476079982513E-02)
  );
#4637 = ORIENTED_EDGE('',*,*,#316,.T.);
#4638 = B_SPLINE_SURFACE_WITH_KNOTS('',3,3,(
    (#4639,#4640,#4641,#4642)
    ,(#4643,#4644,#4645,#4646)
    ,(#4647,#4648,#4649,#4650)
    ,(#4651,#4652,#4653,#4654
    )),.UNSPECIFIED.,.F.,.F.,.F.,(4,4),(4,4),(0.,1.),(4.449022406122E-02
    ,0.228526182653),.PIECEWISE_BEZIER_KNOTS.);
#4639 = CARTESIAN_POINT('',(-10.87319274301,-4.534055717433,
    16.008017458522));
#4640 = CARTESIAN_POINT('',(-11.00476789015,-4.100286799011,
    16.503522710478));
#4641 = CARTESIAN_POINT('',(-11.06530950713,-3.67390266721,
    16.842316734288));
#4642 = CARTESIAN_POINT('',(-11.11282890594,-3.266381698141,
    17.143827714069));
#4643 = CARTESIAN_POINT('',(-10.89455057898,-4.710471519343,
    16.047397842693));
#4644 = CARTESIAN_POINT('',(-11.07025416739,-4.512664394401,
    16.605848006587));
#4645 = CARTESIAN_POINT('',(-11.2288860031,-4.310852493739,
    17.028134900793));
#4646 = CARTESIAN_POINT('',(-11.40942749323,-4.117228373763,
    17.367436981423));
#4647 = CARTESIAN_POINT('',(-10.90559244605,-4.887419965932,
    16.089984144597));
#4648 = CARTESIAN_POINT('',(-11.09741196098,-4.92769506246,
    16.720287983962));
#4649 = CARTESIAN_POINT('',(-11.2683878217,-4.962402999242,
    17.252257716925));
#4650 = CARTESIAN_POINT('',(-11.44829044398,-5.024472780356,
    17.709829588177));
#4651 = CARTESIAN_POINT('',(-10.90624071285,-5.063656996388,
    16.13547695528));
#4652 = CARTESIAN_POINT('',(-11.08583959405,-5.339083728865,
    16.845225264834));
#4653 = CARTESIAN_POINT('',(-11.1803794519,-5.595508620982,
    17.506007651753));
#4654 = CARTESIAN_POINT('',(-11.2226654243,-5.830483625796,
    18.111515733538));
#4655 = ADVANCED_FACE('',(#4656),#4675,.F.);
#4656 = FACE_BOUND('',#4657,.F.);
#4657 = EDGE_LOOP('',(#4658,#4667,#4674));
#4658 = ORIENTED_EDGE('',*,*,#4659,.T.);
#4659 = EDGE_CURVE('',#4089,#4660,#4662,.T.);
#4660 = VERTEX_POINT('',#4661);
#4661 = CARTESIAN_POINT('',(-11.24162977546,0.638477562794,
    19.329109928475));
#4662 = ELLIPSE('',#4663,6.765563007555,4.940819446345);
#4663 = AXIS2_PLACEMENT_3D('',#4664,#4665,#4666);
#4664 = CARTESIAN_POINT('',(-13.56991208072,-0.935496604703,
    23.57847314028));
#4665 = DIRECTION('',(0.888535588199,-0.201395950864,0.41224286468));
#4666 = DIRECTION('',(-0.201090569642,-0.9785551595,-4.463611336632E-02)
  );
#4667 = ORIENTED_EDGE('',*,*,#4668,.T.);
#4668 = EDGE_CURVE('',#4660,#4100,#4669,.T.);
#4669 = ELLIPSE('',#4670,55.860110154837,11.25);
#4670 = AXIS2_PLACEMENT_3D('',#4671,#4672,#4673);
#4671 = CARTESIAN_POINT('',(1.38812829482E-06,49.347184681136,
    18.895256517965));
#4672 = DIRECTION('',(0.888535588199,-0.201395950864,0.41224286468));
#4673 = DIRECTION('',(0.182690820342,0.979509913669,8.476079982513E-02)
  );
#4674 = ORIENTED_EDGE('',*,*,#4099,.F.);
#4675 = PLANE('',#4676);
#4676 = AXIS2_PLACEMENT_3D('',#4677,#4678,#4679);
#4677 = CARTESIAN_POINT('',(-9.984533745217,7.731870511518,
    20.084989735751));
#4678 = DIRECTION('',(-0.888535588199,0.201395950864,-0.41224286468));
#4679 = DIRECTION('',(-0.221053341919,-0.975261718733,
    -1.351696532481E-14));
#4680 = ADVANCED_FACE('',(#4681),#4725,.F.);
#4681 = FACE_BOUND('',#4682,.T.);
#4682 = EDGE_LOOP('',(#4683,#4694,#4702,#4710,#4719));
#4683 = ORIENTED_EDGE('',*,*,#4684,.T.);
#4684 = EDGE_CURVE('',#4685,#4687,#4689,.T.);
#4685 = VERTEX_POINT('',#4686);
#4686 = CARTESIAN_POINT('',(-11.2064994005,3.282944939872,
    20.405761721405));
#4687 = VERTEX_POINT('',#4688);
#4688 = CARTESIAN_POINT('',(-11.20649940017,2.321902301192,
    19.883608727182));
#4689 = ELLIPSE('',#4690,6.28394508897,4.940819446345);
#4690 = AXIS2_PLACEMENT_3D('',#4691,#4692,#4693);
#4691 = CARTESIAN_POINT('',(-11.2064994005,0.631806149489,
    24.575073405066));
#4692 = DIRECTION('',(-1.,-1.643E-14,9.25E-15));
#4693 = DIRECTION('',(8.901105905426E-15,-0.843850241632,-0.53657876374)
  );
#4694 = ORIENTED_EDGE('',*,*,#4695,.T.);
#4695 = EDGE_CURVE('',#4687,#4696,#4698,.T.);
#4696 = VERTEX_POINT('',#4697);
#4697 = CARTESIAN_POINT('',(-11.20649940051,8.222426733935,
    19.883608719478));
#4698 = LINE('',#4699,#4700);
#4699 = CARTESIAN_POINT('',(-11.2064994005,-12.25,19.883608719475));
#4700 = VECTOR('',#4701,1.);
#4701 = DIRECTION('',(-2.706E-14,1.,1.752E-14));
#4702 = ORIENTED_EDGE('',*,*,#4703,.T.);
#4703 = EDGE_CURVE('',#4696,#4704,#4706,.T.);
#4704 = VERTEX_POINT('',#4705);
#4705 = CARTESIAN_POINT('',(-11.2064994005,5.562157860044,21.88104148731
    ));
#4706 = LINE('',#4707,#4708);
#4707 = CARTESIAN_POINT('',(-11.20649940051,9.252741653295,
    19.110008426171));
#4708 = VECTOR('',#4709,1.);
#4709 = DIRECTION('',(1.869E-14,-0.799677961644,0.60042914458));
#4710 = ORIENTED_EDGE('',*,*,#4711,.T.);
#4711 = EDGE_CURVE('',#4704,#4712,#4714,.T.);
#4712 = VERTEX_POINT('',#4713);
#4713 = CARTESIAN_POINT('',(-11.2064994005,4.837051806731,
    21.393971121838));
#4714 = CIRCLE('',#4715,17.390340002837);
#4715 = AXIS2_PLACEMENT_3D('',#4716,#4717,#4718);
#4716 = CARTESIAN_POINT('',(-11.2064994005,-4.494235333011,
    36.068813735304));
#4717 = DIRECTION('',(-1.,-1.643E-14,9.25E-15));
#4718 = DIRECTION('',(-1.844669056492E-14,0.750994108193,-0.660308904573
    ));
#4719 = ORIENTED_EDGE('',*,*,#4720,.T.);
#4720 = EDGE_CURVE('',#4712,#4685,#4721,.T.);
#4721 = LINE('',#4722,#4723);
#4722 = CARTESIAN_POINT('',(-11.2064994005,3.785475321917,
    20.725305543088));
#4723 = VECTOR('',#4724,1.);
#4724 = DIRECTION('',(8.91E-15,-0.843850241632,-0.53657876374));
#4725 = PLANE('',#4726);
#4726 = AXIS2_PLACEMENT_3D('',#4727,#4728,#4729);
#4727 = CARTESIAN_POINT('',(-11.20649940051,7.770269292028,
    8.995256608555));
#4728 = DIRECTION('',(-1.,-1.643E-14,9.25E-15));
#4729 = DIRECTION('',(1.643E-14,-1.,-1.56E-14));
#4730 = ADVANCED_FACE('',(#4731),#4779,.F.);
#4731 = FACE_BOUND('',#4732,.F.);
#4732 = EDGE_LOOP('',(#4733,#4744,#4757,#4768));
#4733 = ORIENTED_EDGE('',*,*,#4734,.F.);
#4734 = EDGE_CURVE('',#4735,#4737,#4739,.T.);
#4735 = VERTEX_POINT('',#4736);
#4736 = CARTESIAN_POINT('',(-10.32606697502,13.005695212329,
    14.430414733588));
#4737 = VERTEX_POINT('',#4738);
#4738 = CARTESIAN_POINT('',(-10.22159496001,13.180195537791,
    14.19616425502));
#4739 = ELLIPSE('',#4740,69.505990039498,11.25);
#4740 = AXIS2_PLACEMENT_3D('',#4741,#4742,#4743);
#4741 = CARTESIAN_POINT('',(1.38813112811E-06,-55.06375591361,
    18.895256517963));
#4742 = DIRECTION('',(-0.850765805653,-0.161856553566,-0.5));
#4743 = DIRECTION('',(0.139541980353,-0.986814296647,8.200963145551E-02)
  );
#4744 = ORIENTED_EDGE('',*,*,#4745,.T.);
#4745 = EDGE_CURVE('',#4735,#4746,#4748,.T.);
#4746 = VERTEX_POINT('',#4747);
#4747 = CARTESIAN_POINT('',(-11.11912673177,11.358274152495,
    17.184265619955));
#4748 = B_SPLINE_CURVE_WITH_KNOTS('',3,(#4749,#4750,#4751,#4752,#4753,
    #4754,#4755,#4756),.UNSPECIFIED.,.F.,.F.,(4,2,2,4),(
    -1.512863606472E-03,0.,0.111356687031,0.200307694522),
  .UNSPECIFIED.);
#4749 = CARTESIAN_POINT('',(-10.32606697502,13.005695212329,
    14.430414733588));
#4750 = CARTESIAN_POINT('',(-10.32766858011,13.002671138101,
    14.434118847742));
#4751 = CARTESIAN_POINT('',(-10.32927109472,12.999654681527,
    14.437830538844));
#4752 = CARTESIAN_POINT('',(-10.44882469473,12.775261940863,
    14.715148458703));
#4753 = CARTESIAN_POINT('',(-10.63070158471,12.482749519004,
    15.164420039929));
#4754 = CARTESIAN_POINT('',(-10.93625144737,11.874933616364,
    16.212721419634));
#4755 = CARTESIAN_POINT('',(-11.04363111851,11.614875496295,
    16.693646179851));
#4756 = CARTESIAN_POINT('',(-11.11912673177,11.358274152495,
    17.184265619955));
#4757 = ORIENTED_EDGE('',*,*,#4758,.T.);
#4758 = EDGE_CURVE('',#4746,#4759,#4761,.T.);
#4759 = VERTEX_POINT('',#4760);
#4760 = CARTESIAN_POINT('',(-11.66407360863,13.7935864569,
    17.506442449371));
#4761 = B_SPLINE_CURVE_WITH_KNOTS('',3,(#4762,#4763,#4764,#4765,#4766,
    #4767),.UNSPECIFIED.,.F.,.F.,(4,1,1,4),(-0.735331590116,
    -0.709573037611,-0.647103290431,-0.48051729795),.UNSPECIFIED.);
#4762 = CARTESIAN_POINT('',(-11.11912821381,11.358268584445,
    17.184275649696));
#4763 = CARTESIAN_POINT('',(-11.14263192578,11.431932230083,
    17.221726581913));
#4764 = CARTESIAN_POINT('',(-11.22174307012,11.68973529866,
    17.340380454575));
#4765 = CARTESIAN_POINT('',(-11.43466402121,12.480610876072,
    17.586880619965));
#4766 = CARTESIAN_POINT('',(-11.58294821626,13.246603630355,
    17.596966433284));
#4767 = CARTESIAN_POINT('',(-11.66407360863,13.793586456899,
    17.506442449367));
#4768 = ORIENTED_EDGE('',*,*,#4769,.T.);
#4769 = EDGE_CURVE('',#4759,#4737,#4770,.T.);
#4770 = B_SPLINE_CURVE_WITH_KNOTS('',3,(#4771,#4772,#4773,#4774,#4775,
    #4776,#4777,#4778),.UNSPECIFIED.,.F.,.F.,(4,2,2,4),(0.,
    0.203383494425,0.330079646046,0.377427018485),.UNSPECIFIED.);
#4771 = CARTESIAN_POINT('',(-11.66407360862,13.793586456873,
    17.506442449371));
#4772 = CARTESIAN_POINT('',(-11.47566444618,13.648933218495,
    16.871472508378));
#4773 = CARTESIAN_POINT('',(-11.24262155268,13.520692479756,
    16.249181867336));
#4774 = CARTESIAN_POINT('',(-10.79332748045,13.341427968014,
    15.258848207884));
#4775 = CARTESIAN_POINT('',(-10.61250436052,13.282157872056,
    14.900815579211));
#4776 = CARTESIAN_POINT('',(-10.3256119004,13.205409436727,
    14.379763134636));
#4777 = CARTESIAN_POINT('',(-10.25875805174,13.189166101671,
    14.262316582234));
#4778 = CARTESIAN_POINT('',(-10.22159495997,13.180195537782,
    14.196164254941));
#4779 = B_SPLINE_SURFACE_WITH_KNOTS('',3,3,(
    (#4780,#4781,#4782,#4783,#4784,#4785)
    ,(#4786,#4787,#4788,#4789,#4790,#4791)
    ,(#4792,#4793,#4794,#4795,#4796,#4797)
    ,(#4798,#4799,#4800,#4801,#4802,#4803
    )),.UNSPECIFIED.,.F.,.F.,.F.,(4,4),(4,1,1,4),(0.,1.),(
    -0.772042784791,-0.709573037611,-0.647103290431,-0.48051729795),
  .UNSPECIFIED.);
#4780 = CARTESIAN_POINT('',(-10.32606542178,13.005694297697,
    14.430411162748));
#4781 = CARTESIAN_POINT('',(-10.32606697502,13.005695212329,
    14.430414733588));
#4782 = CARTESIAN_POINT('',(-10.29970494558,13.056377280925,
    14.369152457254));
#4783 = CARTESIAN_POINT('',(-10.18527893103,13.245584670047,
    14.113204064529));
#4784 = CARTESIAN_POINT('',(-10.07452970873,13.364670974458,
    13.886210964231));
#4785 = CARTESIAN_POINT('',(-10.00333115023,13.417862104794,
    13.747845700197));
#4786 = CARTESIAN_POINT('',(-10.67681417168,12.343431109344,
    15.241605746807));
#4787 = CARTESIAN_POINT('',(-10.69629520538,12.39786265278,
    15.277620863903));
#4788 = CARTESIAN_POINT('',(-10.72230595077,12.547663990261,
    15.295356026376));
#4789 = CARTESIAN_POINT('',(-10.74993969566,12.967103478651,
    15.204165997859));
#4790 = CARTESIAN_POINT('',(-10.74511894453,13.292252542545,
    15.043718843241));
#4791 = CARTESIAN_POINT('',(-10.73648614395,13.502196169091,
    14.914462179325));
#4792 = CARTESIAN_POINT('',(-10.90903728275,11.686726423861,
    16.108505700944));
#4793 = CARTESIAN_POINT('',(-10.94855552821,11.797143516042,
    16.181564156637));
#4794 = CARTESIAN_POINT('',(-11.02230726581,12.04925798022,
    16.283455755413));
#4795 = CARTESIAN_POINT('',(-11.17116945148,12.708861952738,
    16.375488114514));
#4796 = CARTESIAN_POINT('',(-11.25465429932,13.252188129486,
    16.297308924676));
#4797 = CARTESIAN_POINT('',(-11.29812747701,13.629261220578,
    16.185570338205));
#4798 = CARTESIAN_POINT('',(-11.01630718371,11.053762103419,
    17.007114367379));
#4799 = CARTESIAN_POINT('',(-11.07586382642,11.22016805674,
    17.117218353343));
#4800 = CARTESIAN_POINT('',(-11.19106746547,11.575793545083,
    17.304867079395));
#4801 = CARTESIAN_POINT('',(-11.43466402121,12.480610876072,
    17.586880619965));
#4802 = CARTESIAN_POINT('',(-11.58294821626,13.246603630355,
    17.596966433284));
#4803 = CARTESIAN_POINT('',(-11.66407360863,13.793586456899,
    17.506442449367));
#4804 = ADVANCED_FACE('',(#4805),#4843,.F.);
#4805 = FACE_BOUND('',#4806,.T.);
#4806 = EDGE_LOOP('',(#4807,#4808,#4817,#4823,#4824,#4825,#4826,#4827,
    #4828,#4835,#4836));
#4807 = ORIENTED_EDGE('',*,*,#4758,.T.);
#4808 = ORIENTED_EDGE('',*,*,#4809,.T.);
#4809 = EDGE_CURVE('',#4759,#4810,#4812,.T.);
#4810 = VERTEX_POINT('',#4811);
#4811 = CARTESIAN_POINT('',(-13.99006288725,16.365412808918,
    24.75523400836));
#4812 = ELLIPSE('',#4813,37.25260086661,35.231448316271);
#4813 = AXIS2_PLACEMENT_3D('',#4814,#4815,#4816);
#4814 = CARTESIAN_POINT('',(-15.39263948745,48.167926116251,
    6.412127320077));
#4815 = DIRECTION('',(-0.95329095364,-0.18136176522,-0.241545581257));
#4816 = DIRECTION('',(-0.112856009781,-0.527904617614,0.841772080648));
#4817 = ORIENTED_EDGE('',*,*,#4818,.T.);
#4818 = EDGE_CURVE('',#4810,#3257,#4819,.T.);
#4819 = LINE('',#4820,#4821);
#4820 = CARTESIAN_POINT('',(-12.73715936878,14.579646697308,
    21.151310098294));
#4821 = VECTOR('',#4822,1.);
#4822 = DIRECTION('',(-0.297409756017,0.423898772515,0.8554865678));
#4823 = ORIENTED_EDGE('',*,*,#3256,.T.);
#4824 = ORIENTED_EDGE('',*,*,#3233,.F.);
#4825 = ORIENTED_EDGE('',*,*,#3216,.T.);
#4826 = ORIENTED_EDGE('',*,*,#3183,.T.);
#4827 = ORIENTED_EDGE('',*,*,#3405,.T.);
#4828 = ORIENTED_EDGE('',*,*,#4829,.T.);
#4829 = EDGE_CURVE('',#3398,#4704,#4830,.T.);
#4830 = ELLIPSE('',#4831,18.2424263405,17.390340002837);
#4831 = AXIS2_PLACEMENT_3D('',#4832,#4833,#4834);
#4832 = CARTESIAN_POINT('',(-12.88819843167,-4.494235333011,
    36.068813735304));
#4833 = DIRECTION('',(-0.95329095364,-0.18136176522,-0.241545581257));
#4834 = DIRECTION('',(0.302053567615,-0.572383671829,-0.76232576666));
#4835 = ORIENTED_EDGE('',*,*,#4703,.F.);
#4836 = ORIENTED_EDGE('',*,*,#4837,.F.);
#4837 = EDGE_CURVE('',#4746,#4696,#4838,.T.);
#4838 = ELLIPSE('',#4839,62.030715163989,11.25);
#4839 = AXIS2_PLACEMENT_3D('',#4840,#4841,#4842);
#4840 = CARTESIAN_POINT('',(1.38813096824E-06,-49.36591722651,
    18.895256517963));
#4841 = DIRECTION('',(0.95329095364,0.18136176522,0.241545581257));
#4842 = DIRECTION('',(0.175806018375,-0.983416447959,4.454586161217E-02)
  );
#4843 = PLANE('',#4844);
#4844 = AXIS2_PLACEMENT_3D('',#4845,#4846,#4847);
#4845 = CARTESIAN_POINT('',(-11.41074932556,5.731210940364,
    22.560208706672));
#4846 = DIRECTION('',(-0.95329095364,-0.18136176522,-0.241545581257));
#4847 = DIRECTION('',(-0.302053567615,0.572383671829,0.76232576666));
#4848 = ADVANCED_FACE('',(#4849),#4869,.T.);
#4849 = FACE_BOUND('',#4850,.T.);
#4850 = EDGE_LOOP('',(#4851,#4852,#4860,#4867,#4868));
#4851 = ORIENTED_EDGE('',*,*,#4818,.F.);
#4852 = ORIENTED_EDGE('',*,*,#4853,.T.);
#4853 = EDGE_CURVE('',#4810,#4854,#4856,.T.);
#4854 = VERTEX_POINT('',#4855);
#4855 = CARTESIAN_POINT('',(-19.85305982825,16.365412808917,
    21.352673542445));
#4856 = LINE('',#4857,#4858);
#4857 = CARTESIAN_POINT('',(-13.11827178834,16.365412808918,
    25.26117354023));
#4858 = VECTOR('',#4859,1.);
#4859 = DIRECTION('',(-0.864901689809,-1.468E-14,-0.501941298326));
#4860 = ORIENTED_EDGE('',*,*,#4861,.T.);
#4861 = EDGE_CURVE('',#4854,#3305,#4862,.T.);
#4862 = ELLIPSE('',#4863,28.803310209191,26.);
#4863 = AXIS2_PLACEMENT_3D('',#4864,#4865,#4866);
#4864 = CARTESIAN_POINT('',(-41.27189427454,15.413563086773,
    6.613829253884));
#4865 = DIRECTION('',(-0.215997887131,-0.902674026394,0.372188816099));
#4866 = DIRECTION('',(0.453089372773,-0.430324995874,-0.780724290775));
#4867 = ORIENTED_EDGE('',*,*,#3312,.F.);
#4868 = ORIENTED_EDGE('',*,*,#3264,.F.);
#4869 = PLANE('',#4870);
#4870 = AXIS2_PLACEMENT_3D('',#4871,#4872,#4873);
#4871 = CARTESIAN_POINT('',(-17.62618766714,16.14576063643,
    22.112302415038));
#4872 = DIRECTION('',(0.215997887131,0.902674026394,-0.372188816099));
#4873 = DIRECTION('',(-0.972587070526,0.232538558177,-4.573906463239E-04
    ));
#4874 = ADVANCED_FACE('',(#4875),#4923,.F.);
#4875 = FACE_BOUND('',#4876,.F.);
#4876 = EDGE_LOOP('',(#4877,#4908,#4909,#4920,#4921,#4922));
#4877 = ORIENTED_EDGE('',*,*,#4878,.T.);
#4878 = EDGE_CURVE('',#3361,#1832,#4879,.T.);
#4879 = B_SPLINE_CURVE_WITH_KNOTS('',3,(#4880,#4881,#4882,#4883,#4884,
    #4885,#4886,#4887,#4888,#4889,#4890,#4891,#4892,#4893,#4894,#4895,
    #4896,#4897,#4898,#4899,#4900,#4901,#4902,#4903,#4904,#4905,#4906,
    #4907),.UNSPECIFIED.,.F.,.F.,(4,3,3,3,3,3,3,3,3,4),(-1.062102853709,
    -0.929651668147,-0.797067341666,-0.664486947334,-0.567369994384,
    -0.42147901744,-0.275611166792,-0.12999737914,0.,3.2079160095E-03),
  .UNSPECIFIED.);
#4880 = CARTESIAN_POINT('',(-19.72163040349,12.787259904145,
    21.158600348966));
#4881 = CARTESIAN_POINT('',(-19.54420674566,12.479705482428,
    20.895138491649));
#4882 = CARTESIAN_POINT('',(-19.37199497159,12.171278471247,
    20.629186415862));
#4883 = CARTESIAN_POINT('',(-19.20500978908,11.862220948763,
    20.360854828056));
#4884 = CARTESIAN_POINT('',(-19.03785675182,11.552852759355,
    20.092253511338));
#4885 = CARTESIAN_POINT('',(-18.87594019752,11.24285291494,
    19.82126808448));
#4886 = CARTESIAN_POINT('',(-18.71926257719,10.932413387871,
    19.548009640248));
#4887 = CARTESIAN_POINT('',(-18.56258960356,10.621983067732,
    19.274759300239));
#4888 = CARTESIAN_POINT('',(-18.41115466379,10.311113114566,
    18.999236250989));
#4889 = CARTESIAN_POINT('',(-18.26495699855,9.999943589373,
    18.721548917124));
#4890 = CARTESIAN_POINT('',(-18.15786520833,9.772007654425,
    18.518139145461));
#4891 = CARTESIAN_POINT('',(-18.05358351761,9.543909886978,
    18.313568023229));
#4892 = CARTESIAN_POINT('',(-17.9521132389,9.315687729154,
    18.107876476035));
#4893 = CARTESIAN_POINT('',(-17.79968261126,8.972847961704,
    17.798882630395));
#4894 = CARTESIAN_POINT('',(-17.65350016784,8.629518326442,
    17.487159626309));
#4895 = CARTESIAN_POINT('',(-17.51362283395,8.285951764438,
    17.172824419677));
#4896 = CARTESIAN_POINT('',(-17.37376767309,7.942439663797,
    16.858539040722));
#4897 = CARTESIAN_POINT('',(-17.24021500855,7.598690664023,
    16.541642446767));
#4898 = CARTESIAN_POINT('',(-17.11302381484,7.254905617364,
    16.222247944248));
#4899 = CARTESIAN_POINT('',(-16.98605415436,6.911719352813,
    15.903409741997));
#4900 = CARTESIAN_POINT('',(-16.86542324301,6.568497020712,
    15.582082469197));
#4901 = CARTESIAN_POINT('',(-16.75120076378,6.225388115758,
    15.258372988808));
#4902 = CARTESIAN_POINT('',(-16.64922811972,5.919076061639,
    14.969379860259));
#4903 = CARTESIAN_POINT('',(-16.55236294609,5.612853626815,
    14.678488071489));
#4904 = CARTESIAN_POINT('',(-16.46066783147,5.30679497929,
    14.385768350285));
#4905 = CARTESIAN_POINT('',(-16.45840509181,5.299242439064,
    14.378544971735));
#4906 = CARTESIAN_POINT('',(-16.45614548433,5.29168996309,
    14.371320425891));
#4907 = CARTESIAN_POINT('',(-16.45388901115,5.284137556324,
    14.364094716852));
#4908 = ORIENTED_EDGE('',*,*,#1831,.F.);
#4909 = ORIENTED_EDGE('',*,*,#4910,.F.);
#4910 = EDGE_CURVE('',#4854,#1823,#4911,.T.);
#4911 = B_SPLINE_CURVE_WITH_KNOTS('',3,(#4912,#4913,#4914,#4915,#4916,
    #4917,#4918,#4919),.UNSPECIFIED.,.F.,.F.,(4,2,2,4),(12.510045962199,
    12.800627287483,13.210529508637,13.288567852746),.UNSPECIFIED.);
#4912 = CARTESIAN_POINT('',(-19.85305982825,16.365412808917,
    21.352673542445));
#4913 = CARTESIAN_POINT('',(-19.32644057231,15.923854674782,
    20.587378079763));
#4914 = CARTESIAN_POINT('',(-18.82732737703,15.518981623746,
    19.773507930248));
#4915 = CARTESIAN_POINT('',(-17.72349172696,14.649595595616,
    17.719445542767));
#4916 = CARTESIAN_POINT('',(-17.15915723097,14.228666777765,
    16.43834481339));
#4917 = CARTESIAN_POINT('',(-16.61597022202,13.839214150696,
    14.869488759581));
#4918 = CARTESIAN_POINT('',(-16.53295205816,13.780265675725,
    14.617271479153));
#4919 = CARTESIAN_POINT('',(-16.45388901115,13.724616327581,
    14.364094716852));
#4920 = ORIENTED_EDGE('',*,*,#4861,.T.);
#4921 = ORIENTED_EDGE('',*,*,#3304,.T.);
#4922 = ORIENTED_EDGE('',*,*,#3360,.T.);
#4923 = CYLINDRICAL_SURFACE('',#4924,26.);
#4924 = AXIS2_PLACEMENT_3D('',#4925,#4926,#4927);
#4925 = CARTESIAN_POINT('',(-41.27189427454,15.889517282252,
    6.613829253884));
#4926 = DIRECTION('',(5.97E-15,-1.,-1.811E-14));
#4927 = DIRECTION('',(0.89893699375,-2.566937635599E-15,0.438077939718)
  );
#4928 = ADVANCED_FACE('',(#4929),#4954,.F.);
#4929 = FACE_BOUND('',#4930,.F.);
#4930 = EDGE_LOOP('',(#4931,#4932,#4933,#4944,#4951,#4952,#4953));
#4931 = ORIENTED_EDGE('',*,*,#3334,.T.);
#4932 = ORIENTED_EDGE('',*,*,#3388,.T.);
#4933 = ORIENTED_EDGE('',*,*,#4934,.T.);
#4934 = EDGE_CURVE('',#3389,#4935,#4937,.T.);
#4935 = VERTEX_POINT('',#4936);
#4936 = CARTESIAN_POINT('',(-19.37113157149,7.445160164997,
    23.424654587442));
#4937 = B_SPLINE_CURVE_WITH_KNOTS('',3,(#4938,#4939,#4940,#4941,#4942,
    #4943),.UNSPECIFIED.,.F.,.F.,(4,2,4),(0.123544594014,0.577427721948,
    0.815396371668),.UNSPECIFIED.);
#4938 = CARTESIAN_POINT('',(-21.59671346728,11.254182482182,
    28.692414767488));
#4939 = CARTESIAN_POINT('',(-21.0668437113,10.652564009797,
    27.407975150027));
#4940 = CARTESIAN_POINT('',(-20.53700509755,9.89348500447,
    26.196138735122));
#4941 = CARTESIAN_POINT('',(-19.81389676907,8.514323355928,
    24.503111487723));
#4942 = CARTESIAN_POINT('',(-19.58022222083,7.999088772576,
    23.947708168643));
#4943 = CARTESIAN_POINT('',(-19.37113157149,7.445160165006,
    23.424654587452));
#4944 = ORIENTED_EDGE('',*,*,#4945,.T.);
#4945 = EDGE_CURVE('',#4935,#1840,#4946,.T.);
#4946 = B_SPLINE_CURVE_WITH_KNOTS('',3,(#4947,#4948,#4949,#4950),
  .UNSPECIFIED.,.F.,.F.,(4,4),(0.815396371669,1.095990576639),
  .PIECEWISE_BEZIER_KNOTS.);
#4947 = CARTESIAN_POINT('',(-19.37113157149,7.445160164997,
    23.424654587443));
#4948 = CARTESIAN_POINT('',(-19.12458806845,6.79201044366,
    22.807910306446));
#4949 = CARTESIAN_POINT('',(-18.91219564187,6.085097927271,
    22.236117577442));
#4950 = CARTESIAN_POINT('',(-18.75036288452,5.327935671413,
    21.717894525227));
#4951 = ORIENTED_EDGE('',*,*,#1839,.T.);
#4952 = ORIENTED_EDGE('',*,*,#4878,.F.);
#4953 = ORIENTED_EDGE('',*,*,#3369,.F.);
#4954 = B_SPLINE_SURFACE_WITH_KNOTS('',3,3,(
    (#4955,#4956,#4957,#4958,#4959)
    ,(#4960,#4961,#4962,#4963,#4964)
    ,(#4965,#4966,#4967,#4968,#4969)
    ,(#4970,#4971,#4972,#4973,#4974
    )),.UNSPECIFIED.,.F.,.F.,.F.,(4,4),(4,1,4),(0.,1.),(1.705600663269,
    2.388830142018,3.29980278035),.UNSPECIFIED.);
#4955 = CARTESIAN_POINT('',(-21.87548283374,11.781624933416,
    29.186081911181));
#4956 = CARTESIAN_POINT('',(-21.28875675598,12.055567685365,
    26.999333782503));
#4957 = CARTESIAN_POINT('',(-19.91505072298,12.696951842837,
    21.879484485032));
#4958 = CARTESIAN_POINT('',(-18.56705698953,13.326330912472,
    16.85546580609));
#4959 = CARTESIAN_POINT('',(-17.79193237363,13.688237053057,
    13.966549891903));
#4960 = CARTESIAN_POINT('',(-21.4225678285,9.748279604236,
    29.420233061379));
#4961 = CARTESIAN_POINT('',(-20.77309662827,9.904799470138,
    27.236049436389));
#4962 = CARTESIAN_POINT('',(-19.25397667549,10.300740869274,
    22.125498463055));
#4963 = CARTESIAN_POINT('',(-17.7655471241,10.731827472542,
    17.115337196261));
#4964 = CARTESIAN_POINT('',(-16.90993240582,10.988773100411,
    14.235462326169));
#4965 = CARTESIAN_POINT('',(-21.20656399983,7.6540866052,29.583175075807
    ));
#4966 = CARTESIAN_POINT('',(-20.52242314248,7.682069190458,
    27.392624848005));
#4967 = CARTESIAN_POINT('',(-18.9228612324,7.804224266978,
    22.270375022087));
#4968 = CARTESIAN_POINT('',(-17.35630172966,8.004689283452,
    17.253286920014));
#4969 = CARTESIAN_POINT('',(-16.45585003072,8.136732899713,
    14.370374320342));
#4970 = CARTESIAN_POINT('',(-21.23373514172,5.55977445972,
    29.670182875192));
#4971 = CARTESIAN_POINT('',(-20.54476341565,5.459178296161,
    27.463948262238));
#4972 = CARTESIAN_POINT('',(-18.93469342522,5.307441491048,
    22.308160284668));
#4973 = CARTESIAN_POINT('',(-17.35904055791,5.277134677742,
    17.262583285909));
#4974 = CARTESIAN_POINT('',(-16.45388901115,5.284137556324,
    14.364094716852));
#4975 = ADVANCED_FACE('',(#4976),#4990,.F.);
#4976 = FACE_BOUND('',#4977,.F.);
#4977 = EDGE_LOOP('',(#4978,#4984,#4985,#4986,#4987,#4988,#4989));
#4978 = ORIENTED_EDGE('',*,*,#4979,.F.);
#4979 = EDGE_CURVE('',#1849,#4712,#4980,.T.);
#4980 = LINE('',#4981,#4982);
#4981 = CARTESIAN_POINT('',(248.59962610797,4.837051806726,
    21.393971121831));
#4982 = VECTOR('',#4983,1.);
#4983 = DIRECTION('',(1.,-1.93E-14,-2.943E-14));
#4984 = ORIENTED_EDGE('',*,*,#1848,.F.);
#4985 = ORIENTED_EDGE('',*,*,#4945,.F.);
#4986 = ORIENTED_EDGE('',*,*,#4934,.F.);
#4987 = ORIENTED_EDGE('',*,*,#3397,.T.);
#4988 = ORIENTED_EDGE('',*,*,#4829,.T.);
#4989 = ORIENTED_EDGE('',*,*,#4711,.T.);
#4990 = CYLINDRICAL_SURFACE('',#4991,17.390340002837);
#4991 = AXIS2_PLACEMENT_3D('',#4992,#4993,#4994);
#4992 = CARTESIAN_POINT('',(248.59962610797,-4.494235333016,
    36.068813735296));
#4993 = DIRECTION('',(-1.,1.93E-14,2.943E-14));
#4994 = DIRECTION('',(-4.938704773463E-15,0.750994108193,-0.660308904573
    ));
#4995 = ADVANCED_FACE('',(#4996),#5007,.F.);
#4996 = FACE_BOUND('',#4997,.T.);
#4997 = EDGE_LOOP('',(#4998,#4999,#5000,#5001));
#4998 = ORIENTED_EDGE('',*,*,#4720,.F.);
#4999 = ORIENTED_EDGE('',*,*,#4979,.F.);
#5000 = ORIENTED_EDGE('',*,*,#1857,.T.);
#5001 = ORIENTED_EDGE('',*,*,#5002,.T.);
#5002 = EDGE_CURVE('',#1858,#4685,#5003,.T.);
#5003 = LINE('',#5004,#5005);
#5004 = CARTESIAN_POINT('',(174.78538590516,126.62390715826,
    98.834537066204));
#5005 = VECTOR('',#5006,1.);
#5006 = DIRECTION('',(0.786260760779,0.521410698266,0.331549241883));
#5007 = PLANE('',#5008);
#5008 = AXIS2_PLACEMENT_3D('',#5009,#5010,#5011);
#5009 = CARTESIAN_POINT('',(160.35378470522,6.259244077756,
    22.298300033457));
#5010 = DIRECTION('',(-1.448E-14,0.53657876374,-0.843850241632));
#5011 = DIRECTION('',(-1.,-1.243964877914E-14,9.249447652739E-15));
#5012 = ADVANCED_FACE('',(#5013),#5024,.F.);
#5013 = FACE_BOUND('',#5014,.T.);
#5014 = EDGE_LOOP('',(#5015,#5016,#5017,#5018));
#5015 = ORIENTED_EDGE('',*,*,#2276,.F.);
#5016 = ORIENTED_EDGE('',*,*,#2315,.T.);
#5017 = ORIENTED_EDGE('',*,*,#1890,.T.);
#5018 = ORIENTED_EDGE('',*,*,#5019,.T.);
#5019 = EDGE_CURVE('',#1891,#2277,#5020,.T.);
#5020 = LINE('',#5021,#5022);
#5021 = CARTESIAN_POINT('',(-15.96186128802,-12.6125445075,
    28.307963061453));
#5022 = VECTOR('',#5023,1.);
#5023 = DIRECTION('',(-0.922120461138,-0.366901601882,0.122788719709));
#5024 = PLANE('',#5025);
#5025 = AXIS2_PLACEMENT_3D('',#5026,#5027,#5028);
#5026 = CARTESIAN_POINT('',(-12.17795009186,-8.969589653897,
    24.651902633655));
#5027 = DIRECTION('',(-0.246721131672,0.802086330035,0.543862300916));
#5028 = DIRECTION('',(-0.965319051219,-0.153972261306,-0.210835651874));
#5029 = ADVANCED_FACE('',(#5030),#5049,.F.);
#5030 = FACE_BOUND('',#5031,.F.);
#5031 = EDGE_LOOP('',(#5032,#5040,#5041,#5042));
#5032 = ORIENTED_EDGE('',*,*,#5033,.T.);
#5033 = EDGE_CURVE('',#5034,#3421,#5036,.T.);
#5034 = VERTEX_POINT('',#5035);
#5035 = CARTESIAN_POINT('',(8.850000350013,-9.999999999999,2.165E-12));
#5036 = LINE('',#5037,#5038);
#5037 = CARTESIAN_POINT('',(8.850000350013,-9.999999999999,3.1163E-12));
#5038 = VECTOR('',#5039,1.);
#5039 = DIRECTION('',(4.4E-16,3.9E-16,1.));
#5040 = ORIENTED_EDGE('',*,*,#3420,.F.);
#5041 = ORIENTED_EDGE('',*,*,#5033,.F.);
#5042 = ORIENTED_EDGE('',*,*,#5043,.T.);
#5043 = EDGE_CURVE('',#5034,#5034,#5044,.T.);
#5044 = CIRCLE('',#5045,1.15);
#5045 = AXIS2_PLACEMENT_3D('',#5046,#5047,#5048);
#5046 = CARTESIAN_POINT('',(10.000000350014,-9.999999999999,2.16544E-12)
  );
#5047 = DIRECTION('',(4.4E-16,4.E-16,1.));
#5048 = DIRECTION('',(1.,1.644E-14,-4.4E-16));
#5049 = CYLINDRICAL_SURFACE('',#5050,1.15);
#5050 = AXIS2_PLACEMENT_3D('',#5051,#5052,#5053);
#5051 = CARTESIAN_POINT('',(10.000000350014,-9.999999999999,3.11579E-12)
  );
#5052 = DIRECTION('',(4.4E-16,3.9E-16,1.));
#5053 = DIRECTION('',(1.,1.644E-14,-4.4E-16));
#5054 = ADVANCED_FACE('',(#5055),#5074,.F.);
#5055 = FACE_BOUND('',#5056,.F.);
#5056 = EDGE_LOOP('',(#5057,#5065,#5066,#5067));
#5057 = ORIENTED_EDGE('',*,*,#5058,.T.);
#5058 = EDGE_CURVE('',#5059,#3438,#5061,.T.);
#5059 = VERTEX_POINT('',#5060);
#5060 = CARTESIAN_POINT('',(-11.14999964998,-9.999999999999,2.167E-12));
#5061 = LINE('',#5062,#5063);
#5062 = CARTESIAN_POINT('',(-11.14999964998,-9.999999999999,2.72659E-12)
  );
#5063 = VECTOR('',#5064,1.);
#5064 = DIRECTION('',(3.3E-16,3.9E-16,1.));
#5065 = ORIENTED_EDGE('',*,*,#3437,.F.);
#5066 = ORIENTED_EDGE('',*,*,#5058,.F.);
#5067 = ORIENTED_EDGE('',*,*,#5068,.T.);
#5068 = EDGE_CURVE('',#5059,#5059,#5069,.T.);
#5069 = CIRCLE('',#5070,1.15);
#5070 = AXIS2_PLACEMENT_3D('',#5071,#5072,#5073);
#5071 = CARTESIAN_POINT('',(-9.999999649987,-9.999999999999,2.16665E-12)
  );
#5072 = DIRECTION('',(4.4E-16,4.E-16,1.));
#5073 = DIRECTION('',(1.,1.644E-14,-4.4E-16));
#5074 = CYLINDRICAL_SURFACE('',#5075,1.15);
#5075 = AXIS2_PLACEMENT_3D('',#5076,#5077,#5078);
#5076 = CARTESIAN_POINT('',(-9.999999649987,-9.999999999999,2.72621E-12)
  );
#5077 = DIRECTION('',(3.3E-16,3.9E-16,1.));
#5078 = DIRECTION('',(1.,1.644E-14,-3.3E-16));
#5079 = ADVANCED_FACE('',(#5080),#5099,.F.);
#5080 = FACE_BOUND('',#5081,.F.);
#5081 = EDGE_LOOP('',(#5082,#5090,#5091,#5092));
#5082 = ORIENTED_EDGE('',*,*,#5083,.T.);
#5083 = EDGE_CURVE('',#5084,#3455,#5086,.T.);
#5084 = VERTEX_POINT('',#5085);
#5085 = CARTESIAN_POINT('',(-11.14999964998,10.000000000001,2.158E-12));
#5086 = LINE('',#5087,#5088);
#5087 = CARTESIAN_POINT('',(-11.14999964998,10.000000000001,2.65553E-12)
  );
#5088 = VECTOR('',#5089,1.);
#5089 = DIRECTION('',(3.3E-16,3.9E-16,1.));
#5090 = ORIENTED_EDGE('',*,*,#3454,.F.);
#5091 = ORIENTED_EDGE('',*,*,#5083,.F.);
#5092 = ORIENTED_EDGE('',*,*,#5093,.T.);
#5093 = EDGE_CURVE('',#5084,#5084,#5094,.T.);
#5094 = CIRCLE('',#5095,1.15);
#5095 = AXIS2_PLACEMENT_3D('',#5096,#5097,#5098);
#5096 = CARTESIAN_POINT('',(-9.999999649987,10.000000000001,2.15777E-12)
  );
#5097 = DIRECTION('',(4.4E-16,4.E-16,1.));
#5098 = DIRECTION('',(1.,1.644E-14,-4.4E-16));
#5099 = CYLINDRICAL_SURFACE('',#5100,1.15);
#5100 = AXIS2_PLACEMENT_3D('',#5101,#5102,#5103);
#5101 = CARTESIAN_POINT('',(-9.999999649987,10.000000000001,2.65515E-12)
  );
#5102 = DIRECTION('',(3.3E-16,3.9E-16,1.));
#5103 = DIRECTION('',(1.,1.644E-14,-3.3E-16));
#5104 = ADVANCED_FACE('',(#5105),#5124,.F.);
#5105 = FACE_BOUND('',#5106,.F.);
#5106 = EDGE_LOOP('',(#5107,#5115,#5116,#5117));
#5107 = ORIENTED_EDGE('',*,*,#5108,.T.);
#5108 = EDGE_CURVE('',#5109,#3472,#5111,.T.);
#5109 = VERTEX_POINT('',#5110);
#5110 = CARTESIAN_POINT('',(8.850000350013,10.000000000001,2.159E-12));
#5111 = LINE('',#5112,#5113);
#5112 = CARTESIAN_POINT('',(8.850000350013,10.000000000001,2.77213E-12)
  );
#5113 = VECTOR('',#5114,1.);
#5114 = DIRECTION('',(4.4E-16,3.9E-16,1.));
#5115 = ORIENTED_EDGE('',*,*,#3471,.F.);
#5116 = ORIENTED_EDGE('',*,*,#5108,.F.);
#5117 = ORIENTED_EDGE('',*,*,#5118,.T.);
#5118 = EDGE_CURVE('',#5109,#5109,#5119,.T.);
#5119 = CIRCLE('',#5120,1.15);
#5120 = AXIS2_PLACEMENT_3D('',#5121,#5122,#5123);
#5121 = CARTESIAN_POINT('',(10.000000350013,10.000000000001,2.15878E-12)
  );
#5122 = DIRECTION('',(4.4E-16,4.E-16,1.));
#5123 = DIRECTION('',(1.,1.644E-14,-4.4E-16));
#5124 = CYLINDRICAL_SURFACE('',#5125,1.15);
#5125 = AXIS2_PLACEMENT_3D('',#5126,#5127,#5128);
#5126 = CARTESIAN_POINT('',(10.000000350013,10.000000000001,2.77162E-12)
  );
#5127 = DIRECTION('',(4.4E-16,3.9E-16,1.));
#5128 = DIRECTION('',(1.,1.644E-14,-4.4E-16));
#5129 = ADVANCED_FACE('',(#5130),#5152,.F.);
#5130 = FACE_BOUND('',#5131,.F.);
#5131 = EDGE_LOOP('',(#5132,#5133,#5145,#5151));
#5132 = ORIENTED_EDGE('',*,*,#3581,.T.);
#5133 = ORIENTED_EDGE('',*,*,#5134,.T.);
#5134 = EDGE_CURVE('',#3582,#5135,#5137,.T.);
#5135 = VERTEX_POINT('',#5136);
#5136 = CARTESIAN_POINT('',(4.,-5.12347538298,2.24E-13));
#5137 = B_SPLINE_CURVE_WITH_KNOTS('',3,(#5138,#5139,#5140,#5141,#5142,
    #5143,#5144),.UNSPECIFIED.,.F.,.F.,(4,3,4),(-2.326306481477E-02,
    -1.137473038988E-02,0.),.UNSPECIFIED.);
#5138 = CARTESIAN_POINT('',(4.134229373901,-4.989278619601,
    0.151020515475));
#5139 = CARTESIAN_POINT('',(4.113135211541,-5.015423135622,
    0.126726765083));
#5140 = CARTESIAN_POINT('',(4.091171167003,-5.040632869462,
    0.101442955145));
#5141 = CARTESIAN_POINT('',(4.068687116019,-5.063746883581,
    7.556091010523E-02));
#5142 = CARTESIAN_POINT('',(4.047174428969,-5.085862317874,
    5.079703034364E-02));
#5143 = CARTESIAN_POINT('',(4.025186987735,-5.10605874502,
    2.548582007019E-02));
#5144 = CARTESIAN_POINT('',(4.003040378905,-5.123286980623,2.2685E-13));
#5145 = ORIENTED_EDGE('',*,*,#5146,.T.);
#5146 = EDGE_CURVE('',#5135,#182,#5147,.T.);
#5147 = LINE('',#5148,#5149);
#5148 = CARTESIAN_POINT('',(4.,-4.725,2.1336E-13));
#5149 = VECTOR('',#5150,1.);
#5150 = DIRECTION('',(1.214E-14,-1.,4.257E-14));
#5151 = ORIENTED_EDGE('',*,*,#200,.T.);
#5152 = PLANE('',#5153);
#5153 = AXIS2_PLACEMENT_3D('',#5154,#5155,#5156);
#5154 = CARTESIAN_POINT('',(4.,-9.65,2.6443E-13));
#5155 = DIRECTION('',(-0.755102577372,1.874E-14,0.65560666382));
#5156 = DIRECTION('',(-1.800515510681E-15,-1.,2.651044758454E-14));
#5157 = ADVANCED_FACE('',(#5158),#5192,.T.);
#5158 = FACE_BOUND('',#5159,.T.);
#5159 = EDGE_LOOP('',(#5160,#5161,#5162,#5163,#5172,#5181));
#5160 = ORIENTED_EDGE('',*,*,#3820,.F.);
#5161 = ORIENTED_EDGE('',*,*,#3590,.T.);
#5162 = ORIENTED_EDGE('',*,*,#5134,.T.);
#5163 = ORIENTED_EDGE('',*,*,#5164,.T.);
#5164 = EDGE_CURVE('',#5135,#5165,#5167,.T.);
#5165 = VERTEX_POINT('',#5166);
#5166 = CARTESIAN_POINT('',(6.5,-1.3E-14,2.3E-14));
#5167 = CIRCLE('',#5168,6.5);
#5168 = AXIS2_PLACEMENT_3D('',#5169,#5170,#5171);
#5169 = CARTESIAN_POINT('',(6.E-17,-2.22E-15,-6.66E-15));
#5170 = DIRECTION('',(-3.85E-15,4.257E-14,1.));
#5171 = DIRECTION('',(-1.,1.8E-15,-3.85E-15));
#5172 = ORIENTED_EDGE('',*,*,#5173,.T.);
#5173 = EDGE_CURVE('',#5165,#5174,#5176,.T.);
#5174 = VERTEX_POINT('',#5175);
#5175 = CARTESIAN_POINT('',(2.202567555052,2.11E-13,4.641643488221));
#5176 = B_SPLINE_CURVE_WITH_KNOTS('',3,(#5177,#5178,#5179,#5180),
  .UNSPECIFIED.,.F.,.F.,(4,4),(0.,0.657457333761),
  .PIECEWISE_BEZIER_KNOTS.);
#5177 = CARTESIAN_POINT('',(6.5,-1.332E-14,2.253E-14));
#5178 = CARTESIAN_POINT('',(6.5,2.22E-14,0.821821667202));
#5179 = CARTESIAN_POINT('',(3.949724140271,1.2212E-13,2.724268698696));
#5180 = CARTESIAN_POINT('',(2.202567555001,2.065E-13,4.641643488278));
#5181 = ORIENTED_EDGE('',*,*,#5182,.T.);
#5182 = EDGE_CURVE('',#5174,#3821,#5183,.T.);
#5183 = B_SPLINE_CURVE_WITH_KNOTS('',3,(#5184,#5185,#5186,#5187,#5188,
    #5189,#5190,#5191),.UNSPECIFIED.,.F.,.F.,(4,2,2,4),(-0.323093349168,
    -0.165147365838,-6.241616149402E-02,-3.224557968929E-02),
  .UNSPECIFIED.);
#5184 = CARTESIAN_POINT('',(2.202567555052,2.1001E-13,4.641643488221));
#5185 = CARTESIAN_POINT('',(1.789943646015,-0.114771878007,
    5.081454783293));
#5186 = CARTESIAN_POINT('',(1.410547288917,-0.169944925032,
    5.525118348151));
#5187 = CARTESIAN_POINT('',(0.927705242535,-0.213912787105,6.2460070726)
  );
#5188 = CARTESIAN_POINT('',(0.749790507045,-0.22026020677,6.563044446997
    ));
#5189 = CARTESIAN_POINT('',(0.611545764912,-0.215624376237,6.9836269944)
  );
#5190 = CARTESIAN_POINT('',(0.585840100783,-0.213745763649,
    7.081195179255));
#5191 = CARTESIAN_POINT('',(0.567945296962,-0.211106113986,
    7.180000039125));
#5192 = B_SPLINE_SURFACE_WITH_KNOTS('',3,3,(
    (#5193,#5194,#5195,#5196)
    ,(#5197,#5198,#5199,#5200)
    ,(#5201,#5202,#5203,#5204)
    ,(#5205,#5206,#5207,#5208)
    ,(#5209,#5210,#5211,#5212
  )),.UNSPECIFIED.,.F.,.F.,.F.,(4,1,4),(4,4),(0.119549482832,
    0.496885418761,1.),(0.,0.958171555999),.UNSPECIFIED.);
#5193 = CARTESIAN_POINT('',(1.213459856735,-6.385727458645,2.6984E-13));
#5194 = CARTESIAN_POINT('',(1.213459856735,-6.385727458645,
    1.197714444999));
#5195 = CARTESIAN_POINT('',(0.165245689929,-2.139707937616,
    4.690660716814));
#5196 = CARTESIAN_POINT('',(7.755535477486E-02,-1.784499158094,
    7.180000039125));
#5197 = CARTESIAN_POINT('',(2.475104851011,-6.145980998446,2.645E-13));
#5198 = CARTESIAN_POINT('',(2.475104851011,-6.145980998446,
    1.197714444999));
#5199 = CARTESIAN_POINT('',(0.337692755159,-1.889324739199,
    4.690660716814));
#5200 = CARTESIAN_POINT('',(0.15907500061,-1.533002132101,7.180000039125
    ));
#5201 = CARTESIAN_POINT('',(5.255546522762,-4.691702046603,2.133E-13));
#5202 = CARTESIAN_POINT('',(5.255546522762,-4.691702046603,
    1.197714444999));
#5203 = CARTESIAN_POINT('',(0.72687657501,-1.23085299434,4.690660716814)
  );
#5204 = CARTESIAN_POINT('',(0.348453778035,-0.941609671433,
    7.180000039125));
#5205 = CARTESIAN_POINT('',(6.5,-1.712296161695,9.127E-14));
#5206 = CARTESIAN_POINT('',(6.5,-1.712296161694,1.197714444999));
#5207 = CARTESIAN_POINT('',(0.991765494989,-0.448504714705,
    4.690660716814));
#5208 = CARTESIAN_POINT('',(0.529995193323,-0.34243526809,7.180000039125
    ));
#5209 = CARTESIAN_POINT('',(6.5,-1.474E-14,1.838E-14));
#5210 = CARTESIAN_POINT('',(6.5,3.624E-14,1.197714444999));
#5211 = CARTESIAN_POINT('',(1.083252888716,2.3296E-13,4.690660716814));
#5212 = CARTESIAN_POINT('',(0.630104682295,3.0763E-13,7.180000039125));
#5213 = ADVANCED_FACE('',(#5214),#5241,.T.);
#5214 = FACE_BOUND('',#5215,.T.);
#5215 = EDGE_LOOP('',(#5216,#5233,#5234));
#5216 = ORIENTED_EDGE('',*,*,#5217,.T.);
#5217 = EDGE_CURVE('',#5218,#5174,#5220,.T.);
#5218 = VERTEX_POINT('',#5219);
#5219 = CARTESIAN_POINT('',(5.347237745104,3.695544411495,-1.42E-13));
#5220 = B_SPLINE_CURVE_WITH_KNOTS('',3,(#5221,#5222,#5223,#5224,#5225,
    #5226,#5227,#5228,#5229,#5230,#5231,#5232),.UNSPECIFIED.,.F.,.F.,(4,
    2,2,2,2,4),(-0.739594615676,-0.700294890188,-0.657173854765,
    -0.556805742861,-0.33553629478,0.),.UNSPECIFIED.);
#5221 = CARTESIAN_POINT('',(5.347237745104,3.695544411495,-1.4402E-13));
#5222 = CARTESIAN_POINT('',(5.398782664208,3.620961912597,
    6.521583105525E-02));
#5223 = CARTESIAN_POINT('',(5.432582474118,3.541142922421,0.135328119711
    ));
#5224 = CARTESIAN_POINT('',(5.474667201071,3.368553717729,0.287904002659
    ));
#5225 = CARTESIAN_POINT('',(5.480027391892,3.275771339771,0.370479755184
    ));
#5226 = CARTESIAN_POINT('',(5.461557821769,2.97272478057,0.642405733046)
  );
#5227 = CARTESIAN_POINT('',(5.38854898242,2.753308796881,0.843214552023)
  );
#5228 = CARTESIAN_POINT('',(5.097410835629,2.122016000984,1.43678336192)
  );
#5229 = CARTESIAN_POINT('',(4.743113125053,1.649569844856,1.903112034639
    ));
#5230 = CARTESIAN_POINT('',(3.661174753987,0.611879117383,3.130851196831
    ));
#5231 = CARTESIAN_POINT('',(2.929696487746,0.214584952775,3.819343743534
    ));
#5232 = CARTESIAN_POINT('',(2.202567555052,2.0754E-13,4.641643488221));
#5233 = ORIENTED_EDGE('',*,*,#5173,.F.);
#5234 = ORIENTED_EDGE('',*,*,#5235,.T.);
#5235 = EDGE_CURVE('',#5165,#5218,#5236,.T.);
#5236 = B_SPLINE_CURVE_WITH_KNOTS('',3,(#5237,#5238,#5239,#5240),
  .UNSPECIFIED.,.F.,.F.,(4,4),(0.,0.384987187329),
  .PIECEWISE_BEZIER_KNOTS.);
#5237 = CARTESIAN_POINT('',(6.5,-1.315E-14,1.838E-14));
#5238 = CARTESIAN_POINT('',(6.5,1.310262329391,-3.74E-14));
#5239 = CARTESIAN_POINT('',(6.092181226485,2.617654537079,-9.462E-14));
#5240 = CARTESIAN_POINT('',(5.347237745104,3.695544411495,-1.4338E-13));
#5241 = B_SPLINE_SURFACE_WITH_KNOTS('',3,3,(
    (#5242,#5243,#5244,#5245)
    ,(#5246,#5247,#5248,#5249)
    ,(#5250,#5251,#5252,#5253)
    ,(#5254,#5255,#5256,#5257
    )),.UNSPECIFIED.,.F.,.F.,.F.,(4,4),(4,4),(0.,0.384987187329),(0.,
    0.657457333755),.PIECEWISE_BEZIER_KNOTS.);
#5242 = CARTESIAN_POINT('',(6.5,-1.315E-14,1.838E-14));
#5243 = CARTESIAN_POINT('',(6.5,2.183E-14,0.821821667194));
#5244 = CARTESIAN_POINT('',(3.949724140321,1.2462E-13,2.724268698658));
#5245 = CARTESIAN_POINT('',(2.202567555052,2.0977E-13,4.641643488221));
#5246 = CARTESIAN_POINT('',(6.5,1.310262329391,-3.74E-14));
#5247 = CARTESIAN_POINT('',(6.5,1.310262329391,0.821821667194));
#5248 = CARTESIAN_POINT('',(3.917180528256,0.855033975503,2.724268698658
    ));
#5249 = CARTESIAN_POINT('',(2.146484286248,0.542839805226,4.641643488221
    ));
#5250 = CARTESIAN_POINT('',(6.092181226485,2.617654537079,-9.462E-14));
#5251 = CARTESIAN_POINT('',(6.092181226485,2.617654537079,0.821821667194
    ));
#5252 = CARTESIAN_POINT('',(3.652337630652,1.708315772349,2.724268698658
    ));
#5253 = CARTESIAN_POINT('',(1.97962862172,1.084900023347,4.641643488221)
  );
#5254 = CARTESIAN_POINT('',(5.347237745104,3.695544411495,-1.4338E-13));
#5255 = CARTESIAN_POINT('',(5.347237745104,3.695544411495,0.821821667194
    ));
#5256 = CARTESIAN_POINT('',(3.19539707738,2.430966336793,2.724268698658)
  );
#5257 = CARTESIAN_POINT('',(1.721202598067,1.564622446025,4.641643488221
    ));
#5258 = ADVANCED_FACE('',(#5259),#5274,.F.);
#5259 = FACE_BOUND('',#5260,.F.);
#5260 = EDGE_LOOP('',(#5261,#5270,#5271,#5272,#5273));
#5261 = ORIENTED_EDGE('',*,*,#5262,.F.);
#5262 = EDGE_CURVE('',#5218,#169,#5263,.T.);
#5263 = B_SPLINE_CURVE_WITH_KNOTS('',3,(#5264,#5265,#5266,#5267,#5268,
    #5269),.UNSPECIFIED.,.F.,.F.,(4,2,4),(-1.500210480958,
    -0.989569863218,-0.893255844117),.UNSPECIFIED.);
#5264 = CARTESIAN_POINT('',(5.347237745104,3.695544411495,-2.638E-14));
#5265 = CARTESIAN_POINT('',(7.04937313757,3.695544411495,-1.741E-14));
#5266 = CARTESIAN_POINT('',(8.751508530037,3.695544411495,-4.E-15));
#5267 = CARTESIAN_POINT('',(10.774690652842,3.695544411495,1.4E-16));
#5268 = CARTESIAN_POINT('',(11.095737383181,3.695544411495,1.24E-15));
#5269 = CARTESIAN_POINT('',(11.41678411352,3.695544411495,2.51E-15));
#5270 = ORIENTED_EDGE('',*,*,#5217,.T.);
#5271 = ORIENTED_EDGE('',*,*,#5182,.T.);
#5272 = ORIENTED_EDGE('',*,*,#3832,.T.);
#5273 = ORIENTED_EDGE('',*,*,#168,.T.);
#5274 = B_SPLINE_SURFACE_WITH_KNOTS('',3,1,(
    (#5275,#5276)
    ,(#5277,#5278)
    ,(#5279,#5280)
    ,(#5281,#5282)
    ,(#5283,#5284)
    ,(#5285,#5286)
    ,(#5287,#5288)
    ,(#5289,#5290)
    ,(#5291,#5292)
    ,(#5293,#5294)
    ,(#5295,#5296)
    ,(#5297,#5298)
    ,(#5299,#5300)
    ,(#5301,#5302)
    ,(#5303,#5304)
    ,(#5305,#5306)
    ,(#5307,#5308)
    ,(#5309,#5310)
    ,(#5311,#5312
    )),.UNSPECIFIED.,.F.,.F.,.F.,(4,3,3,3,3,3,4),(2,2),(-0.202312577615,
    0.,0.174144055956,0.466298016749,0.694715272236,0.888398737599,
    1.146459570895),(-0.669205470968,1.309934255469),.UNSPECIFIED.);
#5275 = CARTESIAN_POINT('',(0.557945290321,7.382139895463,
    -3.201357704077));
#5276 = CARTESIAN_POINT('',(20.349342554686,7.382139895463,
    -3.201357704077));
#5277 = CARTESIAN_POINT('',(0.557945290321,6.211052819387,-2.18457864121
    ));
#5278 = CARTESIAN_POINT('',(20.349342554686,6.211052819387,
    -2.18457864121));
#5279 = CARTESIAN_POINT('',(0.557945290321,5.039965743311,
    -1.167799578342));
#5280 = CARTESIAN_POINT('',(20.349342554686,5.039965743311,
    -1.167799578342));
#5281 = CARTESIAN_POINT('',(0.557945290321,3.868878667235,
    -0.151020515475));
#5282 = CARTESIAN_POINT('',(20.349342554686,3.868878667235,
    -0.151020515475));
#5283 = CARTESIAN_POINT('',(0.557945290321,2.857907868841,0.726739953391
    ));
#5284 = CARTESIAN_POINT('',(20.349342554686,2.857907868841,0.72673995339
    ));
#5285 = CARTESIAN_POINT('',(0.557945290321,2.279684773499,1.276014723788
    ));
#5286 = CARTESIAN_POINT('',(20.349342554686,2.279684773499,
    1.276014723788));
#5287 = CARTESIAN_POINT('',(0.557945290321,1.819364183911,1.751359542765
    ));
#5288 = CARTESIAN_POINT('',(20.349342554686,1.819364183911,
    1.751359542764));
#5289 = CARTESIAN_POINT('',(0.557945290321,1.047104213596,2.548825013777
    ));
#5290 = CARTESIAN_POINT('',(20.349342554686,1.047104213596,
    2.548825013776));
#5291 = CARTESIAN_POINT('',(0.557945290321,0.647892410353,3.100268327489
    ));
#5292 = CARTESIAN_POINT('',(20.349342554686,0.647892410353,
    3.100268327489));
#5293 = CARTESIAN_POINT('',(0.557945290321,0.349385472562,3.703384027306
    ));
#5294 = CARTESIAN_POINT('',(20.349342554686,0.349385472562,
    3.703384027306));
#5295 = CARTESIAN_POINT('',(0.557945290321,0.116001214177,4.17492318604)
  );
#5296 = CARTESIAN_POINT('',(20.349342554686,0.116001214177,4.17492318604
    ));
#5297 = CARTESIAN_POINT('',(0.557945290321,-3.806154853166E-02,
    4.656785807248));
#5298 = CARTESIAN_POINT('',(20.349342554686,-3.806154853169E-02,
    4.656785807248));
#5299 = CARTESIAN_POINT('',(0.557945290321,-0.129737631115,
    5.292568320491));
#5300 = CARTESIAN_POINT('',(20.349342554686,-0.129737631116,
    5.292568320491));
#5301 = CARTESIAN_POINT('',(0.557945290321,-0.207473182783,
    5.831671901434));
#5302 = CARTESIAN_POINT('',(20.349342554686,-0.207473182783,
    5.831671901434));
#5303 = CARTESIAN_POINT('',(0.557945290321,-0.243688943368,
    6.452468415877));
#5304 = CARTESIAN_POINT('',(20.349342554686,-0.243688943368,
    6.452468415877));
#5305 = CARTESIAN_POINT('',(0.557945290321,-0.199827650153,7.50830121884
    ));
#5306 = CARTESIAN_POINT('',(20.349342554686,-0.199827650154,
    7.50830121884));
#5307 = CARTESIAN_POINT('',(0.557945290321,-0.141867723955,
    8.903517521251));
#5308 = CARTESIAN_POINT('',(20.349342554686,-0.141867723955,
    8.90351752125));
#5309 = CARTESIAN_POINT('',(0.557945290321,-8.390779775583E-02,
    10.298733823661));
#5310 = CARTESIAN_POINT('',(20.349342554686,-8.390779775587E-02,
    10.298733823661));
#5311 = CARTESIAN_POINT('',(0.557945290321,-2.5947871557E-02,
    11.693950126071));
#5312 = CARTESIAN_POINT('',(20.349342554686,-2.594787155704E-02,
    11.693950126071));
#5313 = ADVANCED_FACE('',(#5314),#5336,.F.);
#5314 = FACE_BOUND('',#5315,.F.);
#5315 = EDGE_LOOP('',(#5316,#5317,#5329,#5335));
#5316 = ORIENTED_EDGE('',*,*,#3489,.T.);
#5317 = ORIENTED_EDGE('',*,*,#5318,.T.);
#5318 = EDGE_CURVE('',#3490,#5319,#5321,.T.);
#5319 = VERTEX_POINT('',#5320);
#5320 = CARTESIAN_POINT('',(-5.12347538298,-4.,1.44E-13));
#5321 = B_SPLINE_CURVE_WITH_KNOTS('',3,(#5322,#5323,#5324,#5325,#5326,
    #5327,#5328),.UNSPECIFIED.,.F.,.F.,(4,3,4),(-2.329167518292E-02,
    -1.139216862616E-02,0.),.UNSPECIFIED.);
#5322 = CARTESIAN_POINT('',(-4.982857896001,-4.128687901815,
    0.151020515475));
#5323 = CARTESIAN_POINT('',(-5.009056785999,-4.107628266438,
    0.126849832095));
#5324 = CARTESIAN_POINT('',(-5.034455015397,-4.085624322839,
    0.101584681749));
#5325 = CARTESIAN_POINT('',(-5.057730888444,-4.063073097342,
    7.56880757671E-02));
#5326 = CARTESIAN_POINT('',(-5.080014389815,-4.041483348021,
    5.089557695337E-02));
#5327 = CARTESIAN_POINT('',(-5.100351223892,-4.019392719819,
    2.552489156782E-02));
#5328 = CARTESIAN_POINT('',(-5.117551855126,-3.997178251354,1.4378E-13)
  );
#5329 = ORIENTED_EDGE('',*,*,#5330,.T.);
#5330 = EDGE_CURVE('',#5319,#248,#5331,.T.);
#5331 = LINE('',#5332,#5333);
#5332 = CARTESIAN_POINT('',(-4.825,-4.,1.5075E-13));
#5333 = VECTOR('',#5334,1.);
#5334 = DIRECTION('',(-1.,-1.189E-14,-3.85E-15));
#5335 = ORIENTED_EDGE('',*,*,#263,.T.);
#5336 = PLANE('',#5337);
#5337 = AXIS2_PLACEMENT_3D('',#5338,#5339,#5340);
#5338 = CARTESIAN_POINT('',(-9.65,-4.,-2.713E-14));
#5339 = DIRECTION('',(-1.15E-14,0.755102577372,0.65560666382));
#5340 = DIRECTION('',(-1.,1.993459941344E-15,-1.983699595701E-14));
#5341 = ADVANCED_FACE('',(#5342),#5379,.T.);
#5342 = FACE_BOUND('',#5343,.T.);
#5343 = EDGE_LOOP('',(#5344,#5345,#5346,#5347,#5356,#5365));
#5344 = ORIENTED_EDGE('',*,*,#3797,.F.);
#5345 = ORIENTED_EDGE('',*,*,#3498,.T.);
#5346 = ORIENTED_EDGE('',*,*,#5318,.T.);
#5347 = ORIENTED_EDGE('',*,*,#5348,.T.);
#5348 = EDGE_CURVE('',#5319,#5349,#5351,.T.);
#5349 = VERTEX_POINT('',#5350);
#5350 = CARTESIAN_POINT('',(-1.5E-14,-6.5,2.73E-13));
#5351 = CIRCLE('',#5352,6.5);
#5352 = AXIS2_PLACEMENT_3D('',#5353,#5354,#5355);
#5353 = CARTESIAN_POINT('',(6.E-17,-2.22E-15,-6.66E-15));
#5354 = DIRECTION('',(-3.85E-15,4.257E-14,1.));
#5355 = DIRECTION('',(-1.,1.8E-15,-3.85E-15));
#5356 = ORIENTED_EDGE('',*,*,#5357,.T.);
#5357 = EDGE_CURVE('',#5349,#5358,#5360,.T.);
#5358 = VERTEX_POINT('',#5359);
#5359 = CARTESIAN_POINT('',(-3.5E-14,-3.22229728775,4.641643488223));
#5360 = B_SPLINE_CURVE_WITH_KNOTS('',3,(#5361,#5362,#5363,#5364),
  .UNSPECIFIED.,.F.,.F.,(4,4),(0.,0.657457333755),
  .PIECEWISE_BEZIER_KNOTS.);
#5361 = CARTESIAN_POINT('',(-1.495E-14,-6.5,2.7311E-13));
#5362 = CARTESIAN_POINT('',(-1.811E-14,-6.5,0.821821667195));
#5363 = CARTESIAN_POINT('',(-3.026E-14,-4.55487434431,2.724268698661));
#5364 = CARTESIAN_POINT('',(-3.455E-14,-3.222297287749,4.641643488225));
#5365 = ORIENTED_EDGE('',*,*,#5366,.T.);
#5366 = EDGE_CURVE('',#5358,#3798,#5367,.T.);
#5367 = B_SPLINE_CURVE_WITH_KNOTS('',3,(#5368,#5369,#5370,#5371,#5372,
    #5373,#5374,#5375,#5376,#5377,#5378),.UNSPECIFIED.,.F.,.F.,(4,3,2,2,
    4),(-6.015417240609E-02,0.,0.160937691523,0.230342914972,
    0.245080349743),.UNSPECIFIED.);
#5368 = CARTESIAN_POINT('',(-3.422E-14,-3.22229728775,4.641643488223));
#5369 = CARTESIAN_POINT('',(-3.977418565979E-02,-3.098319256315,
    4.794060059331));
#5370 = CARTESIAN_POINT('',(-7.256221615058E-02,-2.974049450545,
    4.947737102391));
#5371 = CARTESIAN_POINT('',(-9.95981801203E-02,-2.85,5.102935742144));
#5372 = CARTESIAN_POINT('',(-0.171930745848,-2.518115586886,
    5.518157327121));
#5373 = CARTESIAN_POINT('',(-0.205693466019,-2.155222057768,
    5.983077474637));
#5374 = CARTESIAN_POINT('',(-0.218576720083,-1.698811330477,
    6.600374024639));
#5375 = CARTESIAN_POINT('',(-0.218384791179,-1.526445855434,
    6.835103443827));
#5376 = CARTESIAN_POINT('',(-0.21341112998,-1.404489874172,7.08762774523
    ));
#5377 = CARTESIAN_POINT('',(-0.212354171157,-1.385079867296,
    7.13328394471));
#5378 = CARTESIAN_POINT('',(-0.211106115031,-1.369239855303,7.18));
#5379 = B_SPLINE_SURFACE_WITH_KNOTS('',3,3,(
    (#5380,#5381,#5382,#5383)
    ,(#5384,#5385,#5386,#5387)
    ,(#5388,#5389,#5390,#5391)
    ,(#5392,#5393,#5394,#5395)
    ,(#5396,#5397,#5398,#5399
  )),.UNSPECIFIED.,.F.,.F.,.F.,(4,1,4),(4,4),(7.224128350145E-02,
    0.602389121501,1.),(-0.,0.958171561736),.UNSPECIFIED.);
#5380 = CARTESIAN_POINT('',(-6.458195027505,-0.736014257141,-2.1E-16));
#5381 = CARTESIAN_POINT('',(-6.458195027505,-0.73601425714,1.19771445217
    ));
#5382 = CARTESIAN_POINT('',(-1.040034174351,-0.192933305927,
    4.690660758641));
#5383 = CARTESIAN_POINT('',(-0.586767760852,-0.147500849847,
    7.18000008384));
#5384 = CARTESIAN_POINT('',(-6.253888687417,-2.528710766537,7.689E-14));
#5385 = CARTESIAN_POINT('',(-6.253888687417,-2.528710766537,
    1.19771445217));
#5386 = CARTESIAN_POINT('',(-0.927025433247,-0.66480024412,
    4.690660758641));
#5387 = CARTESIAN_POINT('',(-0.480236737284,-0.508276571055,
    7.18000008384));
#5388 = CARTESIAN_POINT('',(-4.517949169495,-5.485966658263,2.0946E-13)
  );
#5389 = CARTESIAN_POINT('',(-4.517949169495,-5.485966658263,
    1.197714452171));
#5390 = CARTESIAN_POINT('',(-0.61300248019,-1.473950551223,
    4.690660758641));
#5391 = CARTESIAN_POINT('',(-0.286774160295,-1.138715824277,
    7.18000008384));
#5392 = CARTESIAN_POINT('',(-1.353225699454,-6.5,2.6482E-13));
#5393 = CARTESIAN_POINT('',(-1.353225699454,-6.5,1.197714452171));
#5394 = CARTESIAN_POINT('',(-0.183561675018,-2.125451974381,
    4.690660758641));
#5395 = CARTESIAN_POINT('',(-8.602123155646E-02,-1.759239809417,
    7.18000008384));
#5396 = CARTESIAN_POINT('',(-1.495E-14,-6.5,2.7003E-13));
#5397 = CARTESIAN_POINT('',(-1.956E-14,-6.5,1.197714452171));
#5398 = CARTESIAN_POINT('',(-4.325E-14,-2.368582662259,4.690660758641));
#5399 = CARTESIAN_POINT('',(-3.39E-14,-2.022961192152,7.18000008384));
#5400 = ADVANCED_FACE('',(#5401),#5428,.T.);
#5401 = FACE_BOUND('',#5402,.T.);
#5402 = EDGE_LOOP('',(#5403,#5420,#5421));
#5403 = ORIENTED_EDGE('',*,*,#5404,.T.);
#5404 = EDGE_CURVE('',#5405,#5358,#5407,.T.);
#5405 = VERTEX_POINT('',#5406);
#5406 = CARTESIAN_POINT('',(3.695544411496,-5.347237745104,2.4E-13));
#5407 = B_SPLINE_CURVE_WITH_KNOTS('',3,(#5408,#5409,#5410,#5411,#5412,
    #5413,#5414,#5415,#5416,#5417,#5418,#5419),.UNSPECIFIED.,.F.,.F.,(4,
    2,2,2,2,4),(-0.527285826999,-0.494797497363,-0.45793094508,
    -0.371424115857,-0.192370962941,-4.314243961692E-02),.UNSPECIFIED.);
#5408 = CARTESIAN_POINT('',(3.695544411496,-5.347237745104,2.3731E-13));
#5409 = CARTESIAN_POINT('',(3.602094133073,-5.411822428007,
    8.171404363948E-02));
#5410 = CARTESIAN_POINT('',(3.500419417614,-5.450609635272,
    0.171127663987));
#5411 = CARTESIAN_POINT('',(3.279733045021,-5.49591358452,0.366835733065
    ));
#5412 = CARTESIAN_POINT('',(3.15807755609,-5.497791022236,0.475711454917
    ));
#5413 = CARTESIAN_POINT('',(2.765845044933,-5.462456335979,
    0.830830793299));
#5414 = CARTESIAN_POINT('',(2.475156987261,-5.365703446646,
    1.101501953125));
#5415 = CARTESIAN_POINT('',(1.69393218841,-5.023885520653,1.862672813083
    ));
#5416 = CARTESIAN_POINT('',(1.116957947204,-4.641520854029,
    2.464478513413));
#5417 = CARTESIAN_POINT('',(0.315907706471,-3.825335825081,3.68354979269
    ));
#5418 = CARTESIAN_POINT('',(0.119940828582,-3.48730712157,4.182024528713
    ));
#5419 = CARTESIAN_POINT('',(9.8112E-13,-3.222297287752,4.64164348822));
#5420 = ORIENTED_EDGE('',*,*,#5357,.F.);
#5421 = ORIENTED_EDGE('',*,*,#5422,.T.);
#5422 = EDGE_CURVE('',#5349,#5405,#5423,.T.);
#5423 = B_SPLINE_CURVE_WITH_KNOTS('',3,(#5424,#5425,#5426,#5427),
  .UNSPECIFIED.,.F.,.F.,(4,4),(0.,0.384987187329),
  .PIECEWISE_BEZIER_KNOTS.);
#5424 = CARTESIAN_POINT('',(-1.206E-14,-6.5,2.7003E-13));
#5425 = CARTESIAN_POINT('',(1.310262329391,-6.5,2.7508E-13));
#5426 = CARTESIAN_POINT('',(2.617654537079,-6.092181226485,2.6275E-13));
#5427 = CARTESIAN_POINT('',(3.695544411496,-5.347237745104,2.352E-13));
#5428 = B_SPLINE_SURFACE_WITH_KNOTS('',3,3,(
    (#5429,#5430,#5431,#5432)
    ,(#5433,#5434,#5435,#5436)
    ,(#5437,#5438,#5439,#5440)
    ,(#5441,#5442,#5443,#5444
    )),.UNSPECIFIED.,.F.,.F.,.F.,(4,4),(4,4),(0.,0.384987187329),(0.,
    0.657457333755),.PIECEWISE_BEZIER_KNOTS.);
#5429 = CARTESIAN_POINT('',(-1.206E-14,-6.5,2.7003E-13));
#5430 = CARTESIAN_POINT('',(-1.523E-14,-6.5,0.821821667194));
#5431 = CARTESIAN_POINT('',(-2.855E-14,-4.554874344311,2.72426869866));
#5432 = CARTESIAN_POINT('',(-3.364E-14,-3.22229728775,4.641643488223));
#5433 = CARTESIAN_POINT('',(1.310262329391,-6.5,2.7508E-13));
#5434 = CARTESIAN_POINT('',(1.310262329391,-6.5,0.821821667194));
#5435 = CARTESIAN_POINT('',(0.777375617188,-4.444672373931,2.72426869866
    ));
#5436 = CARTESIAN_POINT('',(0.411978844683,-3.035353058403,
    4.641643488223));
#5437 = CARTESIAN_POINT('',(2.617654537079,-6.092181226485,2.6275E-13));
#5438 = CARTESIAN_POINT('',(2.617654537079,-6.092181226485,
    0.821821667194));
#5439 = CARTESIAN_POINT('',(1.552999055718,-4.102171118011,2.72426869866
    ));
#5440 = CARTESIAN_POINT('',(0.823178102261,-2.737636433332,
    4.641643488223));
#5441 = CARTESIAN_POINT('',(3.695544411496,-5.347237745104,2.352E-13));
#5442 = CARTESIAN_POINT('',(3.695544411496,-5.347237745104,
    0.821821667194));
#5443 = CARTESIAN_POINT('',(2.197991261846,-3.567572206424,2.72426869866
    ));
#5444 = CARTESIAN_POINT('',(1.172039564397,-2.348349449137,
    4.641643488223));
#5445 = ADVANCED_FACE('',(#5446),#5461,.F.);
#5446 = FACE_BOUND('',#5447,.F.);
#5447 = EDGE_LOOP('',(#5448,#5457,#5458,#5459,#5460));
#5448 = ORIENTED_EDGE('',*,*,#5449,.T.);
#5449 = EDGE_CURVE('',#235,#5405,#5450,.T.);
#5450 = B_SPLINE_CURVE_WITH_KNOTS('',3,(#5451,#5452,#5453,#5454,#5455,
    #5456),.UNSPECIFIED.,.F.,.F.,(4,2,4),(0.893255867788,1.124967127734,
    1.500210480958),.UNSPECIFIED.);
#5451 = CARTESIAN_POINT('',(3.695544411496,-11.4167838768,6.3558E-13));
#5452 = CARTESIAN_POINT('',(3.695544411496,-10.64441301031,6.0214E-13));
#5453 = CARTESIAN_POINT('',(3.695544411496,-9.87204214383,5.6861E-13));
#5454 = CARTESIAN_POINT('',(3.695544411496,-7.84886009993,4.798E-13));
#5455 = CARTESIAN_POINT('',(3.695544411496,-6.598048922517,4.2207E-13));
#5456 = CARTESIAN_POINT('',(3.695544411496,-5.347237745104,3.6656E-13));
#5457 = ORIENTED_EDGE('',*,*,#5404,.T.);
#5458 = ORIENTED_EDGE('',*,*,#5366,.T.);
#5459 = ORIENTED_EDGE('',*,*,#3809,.T.);
#5460 = ORIENTED_EDGE('',*,*,#234,.T.);
#5461 = B_SPLINE_SURFACE_WITH_KNOTS('',3,1,(
    (#5462,#5463)
    ,(#5464,#5465)
    ,(#5466,#5467)
    ,(#5468,#5469)
    ,(#5470,#5471)
    ,(#5472,#5473)
    ,(#5474,#5475)
    ,(#5476,#5477)
    ,(#5478,#5479)
    ,(#5480,#5481)
    ,(#5482,#5483)
    ,(#5484,#5485)
    ,(#5486,#5487)
    ,(#5488,#5489)
    ,(#5490,#5491)
    ,(#5492,#5493)
    ,(#5494,#5495)
    ,(#5496,#5497)
    ,(#5498,#5499
    )),.UNSPECIFIED.,.F.,.F.,.F.,(4,3,3,3,3,3,4),(2,2),(-0.202312577621,
    0.,0.174144055956,0.466298016749,0.694715272236,0.888398737599,
    1.460160885679),(-0.94,1.309934255469),.UNSPECIFIED.);
#5462 = CARTESIAN_POINT('',(7.382139895562,2.15,-3.201357704162));
#5463 = CARTESIAN_POINT('',(7.382139895562,-20.34934255468,
    -3.201357704162));
#5464 = CARTESIAN_POINT('',(6.211052819453,2.15,-2.184578641266));
#5465 = CARTESIAN_POINT('',(6.211052819453,-20.34934255468,
    -2.184578641266));
#5466 = CARTESIAN_POINT('',(5.039965743345,2.15,-1.16779957837));
#5467 = CARTESIAN_POINT('',(5.039965743345,-20.34934255468,
    -1.16779957837));
#5468 = CARTESIAN_POINT('',(3.868878667236,2.15,-0.151020515474));
#5469 = CARTESIAN_POINT('',(3.868878667236,-20.34934255468,
    -0.151020515474));
#5470 = CARTESIAN_POINT('',(2.857907868841,2.15,0.726739953391));
#5471 = CARTESIAN_POINT('',(2.857907868841,-20.34934255468,
    0.726739953391));
#5472 = CARTESIAN_POINT('',(2.2796847735,2.15,1.276014723788));
#5473 = CARTESIAN_POINT('',(2.2796847735,-20.34934255468,1.276014723789)
  );
#5474 = CARTESIAN_POINT('',(1.819364183912,2.15,1.751359542765));
#5475 = CARTESIAN_POINT('',(1.819364183912,-20.34934255468,
    1.751359542765));
#5476 = CARTESIAN_POINT('',(1.047104213596,2.15,2.548825013777));
#5477 = CARTESIAN_POINT('',(1.047104213596,-20.34934255468,
    2.548825013777));
#5478 = CARTESIAN_POINT('',(0.647892410353,2.15,3.100268327489));
#5479 = CARTESIAN_POINT('',(0.647892410353,-20.34934255468,3.10026832749
    ));
#5480 = CARTESIAN_POINT('',(0.349385472562,2.15,3.703384027306));
#5481 = CARTESIAN_POINT('',(0.349385472562,-20.34934255468,
    3.703384027307));
#5482 = CARTESIAN_POINT('',(0.116001214177,2.15,4.17492318604));
#5483 = CARTESIAN_POINT('',(0.116001214177,-20.34934255468,4.17492318604
    ));
#5484 = CARTESIAN_POINT('',(-3.806154853131E-02,2.15,4.656785807248));
#5485 = CARTESIAN_POINT('',(-3.806154853135E-02,-20.34934255468,
    4.656785807249));
#5486 = CARTESIAN_POINT('',(-0.129737631115,2.15,5.292568320491));
#5487 = CARTESIAN_POINT('',(-0.129737631115,-20.34934255468,
    5.292568320492));
#5488 = CARTESIAN_POINT('',(-0.207473182783,2.15,5.831671901434));
#5489 = CARTESIAN_POINT('',(-0.207473182783,-20.34934255468,
    5.831671901435));
#5490 = CARTESIAN_POINT('',(-0.243688943368,2.15,6.452468415877));
#5491 = CARTESIAN_POINT('',(-0.243688943368,-20.34934255468,
    6.452468415878));
#5492 = CARTESIAN_POINT('',(-0.199827650153,2.15,7.50830121884));
#5493 = CARTESIAN_POINT('',(-0.199827650153,-20.34934255468,
    7.508301218841));
#5494 = CARTESIAN_POINT('',(-7.141106138748E-02,2.15,10.599556330718));
#5495 = CARTESIAN_POINT('',(-7.141106138752E-02,-20.34934255468,
    10.599556330718));
#5496 = CARTESIAN_POINT('',(5.700552737832E-02,2.15,13.690811442595));
#5497 = CARTESIAN_POINT('',(5.700552737828E-02,-20.34934255468,
    13.690811442596));
#5498 = CARTESIAN_POINT('',(0.185422116144,2.15,16.782066554473));
#5499 = CARTESIAN_POINT('',(0.185422116144,-20.34934255468,
    16.782066554473));
#5500 = ADVANCED_FACE('',(#5501),#5523,.F.);
#5501 = FACE_BOUND('',#5502,.F.);
#5502 = EDGE_LOOP('',(#5503,#5504,#5516,#5522));
#5503 = ORIENTED_EDGE('',*,*,#3670,.T.);
#5504 = ORIENTED_EDGE('',*,*,#5505,.T.);
#5505 = EDGE_CURVE('',#3671,#5506,#5508,.T.);
#5506 = VERTEX_POINT('',#5507);
#5507 = CARTESIAN_POINT('',(5.12347538298,4.,-1.57E-13));
#5508 = B_SPLINE_CURVE_WITH_KNOTS('',3,(#5509,#5510,#5511,#5512,#5513,
    #5514,#5515),.UNSPECIFIED.,.F.,.F.,(4,3,4),(-2.329167518292E-02,
    -1.139837796373E-02,0.),.UNSPECIFIED.);
#5509 = CARTESIAN_POINT('',(4.98850584456,4.134388695963,0.151020515474)
  );
#5510 = CARTESIAN_POINT('',(5.014793274456,4.113458252967,0.126862444713
    ));
#5511 = CARTESIAN_POINT('',(5.040271895409,4.091574783023,0.101611050954
    ));
#5512 = CARTESIAN_POINT('',(5.063619123527,4.069131267199,
    7.572861494232E-02));
#5513 = CARTESIAN_POINT('',(5.085994796613,4.047621699963,
    5.092323231037E-02));
#5514 = CARTESIAN_POINT('',(5.106411382134,4.025598487679,
    2.553880399044E-02));
#5515 = CARTESIAN_POINT('',(5.123676309677,4.00343793625,-1.5943E-13));
#5516 = ORIENTED_EDGE('',*,*,#5517,.T.);
#5517 = EDGE_CURVE('',#5506,#121,#5518,.T.);
#5518 = LINE('',#5519,#5520);
#5519 = CARTESIAN_POINT('',(4.825,4.,-1.5519E-13));
#5520 = VECTOR('',#5521,1.);
#5521 = DIRECTION('',(1.,1.214E-14,3.85E-15));
#5522 = ORIENTED_EDGE('',*,*,#137,.T.);
#5523 = PLANE('',#5524);
#5524 = AXIS2_PLACEMENT_3D('',#5525,#5526,#5527);
#5525 = CARTESIAN_POINT('',(9.650000000001,3.999999999999,-2.9261E-13));
#5526 = DIRECTION('',(6.64E-15,-0.755102577372,0.65560666382));
#5527 = DIRECTION('',(1.,-1.864801725835E-15,-1.227583097244E-14));
#5528 = ADVANCED_FACE('',(#5529),#5566,.T.);
#5529 = FACE_BOUND('',#5530,.T.);
#5530 = EDGE_LOOP('',(#5531,#5532,#5533,#5534,#5543,#5552));
#5531 = ORIENTED_EDGE('',*,*,#3843,.F.);
#5532 = ORIENTED_EDGE('',*,*,#3679,.T.);
#5533 = ORIENTED_EDGE('',*,*,#5505,.T.);
#5534 = ORIENTED_EDGE('',*,*,#5535,.T.);
#5535 = EDGE_CURVE('',#5506,#5536,#5538,.T.);
#5536 = VERTEX_POINT('',#5537);
#5537 = CARTESIAN_POINT('',(1.3E-14,6.5,-2.78E-13));
#5538 = CIRCLE('',#5539,6.5);
#5539 = AXIS2_PLACEMENT_3D('',#5540,#5541,#5542);
#5540 = CARTESIAN_POINT('',(6.E-17,-2.22E-15,-6.66E-15));
#5541 = DIRECTION('',(-3.85E-15,4.257E-14,1.));
#5542 = DIRECTION('',(-1.,1.8E-15,-3.85E-15));
#5543 = ORIENTED_EDGE('',*,*,#5544,.T.);
#5544 = EDGE_CURVE('',#5536,#5545,#5547,.T.);
#5545 = VERTEX_POINT('',#5546);
#5546 = CARTESIAN_POINT('',(-2.2E-14,3.222297287753,4.64164348822));
#5547 = B_SPLINE_CURVE_WITH_KNOTS('',3,(#5548,#5549,#5550,#5551),
  .UNSPECIFIED.,.F.,.F.,(4,4),(0.,0.657457333755),
  .PIECEWISE_BEZIER_KNOTS.);
#5548 = CARTESIAN_POINT('',(1.428E-14,6.5,-2.7756E-13));
#5549 = CARTESIAN_POINT('',(1.111E-14,6.5,0.821821667194));
#5550 = CARTESIAN_POINT('',(-1.051E-14,4.554874344313,2.724268698658));
#5551 = CARTESIAN_POINT('',(-2.129E-14,3.222297287752,4.641643488222));
#5552 = ORIENTED_EDGE('',*,*,#5553,.T.);
#5553 = EDGE_CURVE('',#5545,#3844,#5554,.T.);
#5554 = B_SPLINE_CURVE_WITH_KNOTS('',3,(#5555,#5556,#5557,#5558,#5559,
    #5560,#5561,#5562,#5563,#5564,#5565),.UNSPECIFIED.,.F.,.F.,(4,3,2,2,
    4),(-6.015417240648E-02,0.,0.160937691563,0.230342915085,
    0.245080349709),.UNSPECIFIED.);
#5555 = CARTESIAN_POINT('',(-2.213E-14,3.222297287753,4.64164348822));
#5556 = CARTESIAN_POINT('',(3.977418566009E-02,3.098319256317,
    4.794060059329));
#5557 = CARTESIAN_POINT('',(7.256221615113E-02,2.974049450546,
    4.947737102389));
#5558 = CARTESIAN_POINT('',(9.959818012103E-02,2.85,5.102935742144));
#5559 = CARTESIAN_POINT('',(0.171930745867,2.518115586803,5.518157327225
    ));
#5560 = CARTESIAN_POINT('',(0.205693466045,2.155222057463,5.983077475016
    ));
#5561 = CARTESIAN_POINT('',(0.218576720091,1.69881132997,6.600374025337)
  );
#5562 = CARTESIAN_POINT('',(0.218384791175,1.526445854686,6.835103444851
    ));
#5563 = CARTESIAN_POINT('',(0.21341112996,1.40448987378,7.08762774615));
#5564 = CARTESIAN_POINT('',(0.212354171146,1.385079867135,7.133283945179
    ));
#5565 = CARTESIAN_POINT('',(0.211106115032,1.369239855301,7.18));
#5566 = B_SPLINE_SURFACE_WITH_KNOTS('',3,3,(
    (#5567,#5568,#5569,#5570)
    ,(#5571,#5572,#5573,#5574)
    ,(#5575,#5576,#5577,#5578)
    ,(#5579,#5580,#5581,#5582)
    ,(#5583,#5584,#5585,#5586
  )),.UNSPECIFIED.,.F.,.F.,.F.,(4,1,4),(4,4),(7.224128350134E-02,
    0.469852162001,1.),(-5.9E-16,0.958171561736),.UNSPECIFIED.);
#5567 = CARTESIAN_POINT('',(6.458195027505,0.736014257139,-1.534E-14));
#5568 = CARTESIAN_POINT('',(6.458195027505,0.736014257139,1.19771445217)
  );
#5569 = CARTESIAN_POINT('',(1.040034174351,0.192933305928,4.690660758641
    ));
#5570 = CARTESIAN_POINT('',(0.586767760852,0.147500849848,7.18000008384)
  );
#5571 = CARTESIAN_POINT('',(6.304965272439,2.080536639187,-7.316E-14));
#5572 = CARTESIAN_POINT('',(6.304965272439,2.080536639187,1.19771445217)
  );
#5573 = CARTESIAN_POINT('',(0.95473746745,0.546163906746,4.690660758641)
  );
#5574 = CARTESIAN_POINT('',(0.506869493176,0.418082640754,7.18000008384)
  );
#5575 = CARTESIAN_POINT('',(4.939102864291,5.110084203229,-2.0738E-13));
#5576 = CARTESIAN_POINT('',(4.939102864291,5.11008420323,1.19771445217)
  );
#5577 = CARTESIAN_POINT('',(0.671928867315,1.361957786207,4.690660758641
    ));
#5578 = CARTESIAN_POINT('',(0.315295229882,1.048890761304,7.18000008384)
  );
#5579 = CARTESIAN_POINT('',(1.804300932606,6.5,-2.7862E-13));
#5580 = CARTESIAN_POINT('',(1.804300932606,6.5,1.19771445217));
#5581 = CARTESIAN_POINT('',(0.245554411152,2.045225076,4.690660758641));
#5582 = CARTESIAN_POINT('',(0.114694975409,1.671332681839,7.18000008384)
  );
#5583 = CARTESIAN_POINT('',(1.428E-14,6.5,-2.8557E-13));
#5584 = CARTESIAN_POINT('',(9.66E-15,6.5,1.19771445217));
#5585 = CARTESIAN_POINT('',(-3.415E-14,2.36858266226,4.690660758641));
#5586 = CARTESIAN_POINT('',(-2.648E-14,2.022961192153,7.18000008384));
#5587 = ADVANCED_FACE('',(#5588),#5615,.T.);
#5588 = FACE_BOUND('',#5589,.T.);
#5589 = EDGE_LOOP('',(#5590,#5607,#5608));
#5590 = ORIENTED_EDGE('',*,*,#5591,.T.);
#5591 = EDGE_CURVE('',#5592,#5545,#5594,.T.);
#5592 = VERTEX_POINT('',#5593);
#5593 = CARTESIAN_POINT('',(-3.695544411495,5.347237745104,-2.44E-13));
#5594 = B_SPLINE_CURVE_WITH_KNOTS('',3,(#5595,#5596,#5597,#5598,#5599,
    #5600,#5601,#5602,#5603,#5604,#5605,#5606),.UNSPECIFIED.,.F.,.F.,(4,
    2,2,2,2,4),(-0.519417004525,-0.490509125788,-0.458397451127,
    -0.383647289479,-0.220129597645,0.),.UNSPECIFIED.);
#5595 = CARTESIAN_POINT('',(-3.695544411495,5.347237745104,-2.5001E-13)
  );
#5596 = CARTESIAN_POINT('',(-3.615585811235,5.402498156634,
    6.99167585293E-02));
#5597 = CARTESIAN_POINT('',(-3.529607808323,5.438880559581,
    0.145465136547));
#5598 = CARTESIAN_POINT('',(-3.343872156203,5.48670259119,0.309804537588
    ));
#5599 = CARTESIAN_POINT('',(-3.24285311957,5.495119815185,0.399845346167
    ));
#5600 = CARTESIAN_POINT('',(-2.91427812613,5.488235026825,0.695398459719
    ));
#5601 = CARTESIAN_POINT('',(-2.671953592218,5.426006289752,
    0.918171890638));
#5602 = CARTESIAN_POINT('',(-1.981266380125,5.177548375499,
    1.573943675517));
#5603 = CARTESIAN_POINT('',(-1.458956246657,4.8708880338,2.098141312752)
  );
#5604 = CARTESIAN_POINT('',(-0.445750286286,4.033587131061,
    3.389843814665));
#5605 = CARTESIAN_POINT('',(-0.161799431573,3.579793904877,
    4.021620371257));
#5606 = CARTESIAN_POINT('',(-2.248E-14,3.222297287753,4.64164348822));
#5607 = ORIENTED_EDGE('',*,*,#5544,.F.);
#5608 = ORIENTED_EDGE('',*,*,#5609,.T.);
#5609 = EDGE_CURVE('',#5536,#5592,#5610,.T.);
#5610 = B_SPLINE_CURVE_WITH_KNOTS('',3,(#5611,#5612,#5613,#5614),
  .UNSPECIFIED.,.F.,.F.,(4,4),(0.,0.384987187329),
  .PIECEWISE_BEZIER_KNOTS.);
#5611 = CARTESIAN_POINT('',(1.283E-14,6.5,-2.8335E-13));
#5612 = CARTESIAN_POINT('',(-1.310262329391,6.5,-2.884E-13));
#5613 = CARTESIAN_POINT('',(-2.617654537078,6.092181226485,-2.7608E-13)
  );
#5614 = CARTESIAN_POINT('',(-3.695544411495,5.347237745104,-2.4852E-13)
  );
#5615 = B_SPLINE_SURFACE_WITH_KNOTS('',3,3,(
    (#5616,#5617,#5618,#5619)
    ,(#5620,#5621,#5622,#5623)
    ,(#5624,#5625,#5626,#5627)
    ,(#5628,#5629,#5630,#5631
    )),.UNSPECIFIED.,.F.,.F.,.F.,(4,4),(4,4),(0.,0.384987187329),(0.,
    0.657457333755),.PIECEWISE_BEZIER_KNOTS.);
#5616 = CARTESIAN_POINT('',(1.283E-14,6.5,-2.8335E-13));
#5617 = CARTESIAN_POINT('',(9.67E-15,6.5,0.821821667193));
#5618 = CARTESIAN_POINT('',(-1.14E-14,4.554874344314,2.724268698657));
#5619 = CARTESIAN_POINT('',(-2.18E-14,3.222297287753,4.64164348822));
#5620 = CARTESIAN_POINT('',(-1.310262329391,6.5,-2.884E-13));
#5621 = CARTESIAN_POINT('',(-1.310262329391,6.5,0.821821667193));
#5622 = CARTESIAN_POINT('',(-0.777375617188,4.444672373933,
    2.724268698657));
#5623 = CARTESIAN_POINT('',(-0.411978844684,3.035353058406,4.64164348822
    ));
#5624 = CARTESIAN_POINT('',(-2.617654537078,6.092181226485,-2.7608E-13)
  );
#5625 = CARTESIAN_POINT('',(-2.617654537078,6.092181226485,
    0.821821667193));
#5626 = CARTESIAN_POINT('',(-1.552999055719,4.102171118014,
    2.724268698657));
#5627 = CARTESIAN_POINT('',(-0.823178102262,2.737636433335,4.64164348822
    ));
#5628 = CARTESIAN_POINT('',(-3.695544411495,5.347237745104,-2.4852E-13)
  );
#5629 = CARTESIAN_POINT('',(-3.695544411495,5.347237745104,
    0.821821667193));
#5630 = CARTESIAN_POINT('',(-2.197991261847,3.567572206426,
    2.724268698657));
#5631 = CARTESIAN_POINT('',(-1.172039564398,2.34834944914,4.64164348822)
  );
#5632 = ADVANCED_FACE('',(#5633),#5648,.F.);
#5633 = FACE_BOUND('',#5634,.F.);
#5634 = EDGE_LOOP('',(#5635,#5644,#5645,#5646,#5647));
#5635 = ORIENTED_EDGE('',*,*,#5636,.T.);
#5636 = EDGE_CURVE('',#108,#5592,#5637,.T.);
#5637 = B_SPLINE_CURVE_WITH_KNOTS('',3,(#5638,#5639,#5640,#5641,#5642,
    #5643),.UNSPECIFIED.,.F.,.F.,(4,2,4),(0.893255890448,1.124967127734,
    1.500210480958),.UNSPECIFIED.);
#5638 = CARTESIAN_POINT('',(-3.695544411495,11.416783650211,-3.9491E-13)
  );
#5639 = CARTESIAN_POINT('',(-3.695544411495,10.644412859255,-3.6098E-13)
  );
#5640 = CARTESIAN_POINT('',(-3.695544411495,9.872042068299,-3.2901E-13)
  );
#5641 = CARTESIAN_POINT('',(-3.695544411495,7.84886009993,-2.4221E-13));
#5642 = CARTESIAN_POINT('',(-3.695544411495,6.598048922517,-1.8892E-13)
  );
#5643 = CARTESIAN_POINT('',(-3.695544411495,5.347237745104,-1.3341E-13)
  );
#5644 = ORIENTED_EDGE('',*,*,#5591,.T.);
#5645 = ORIENTED_EDGE('',*,*,#5553,.T.);
#5646 = ORIENTED_EDGE('',*,*,#3855,.T.);
#5647 = ORIENTED_EDGE('',*,*,#107,.T.);
#5648 = B_SPLINE_SURFACE_WITH_KNOTS('',3,1,(
    (#5649,#5650)
    ,(#5651,#5652)
    ,(#5653,#5654)
    ,(#5655,#5656)
    ,(#5657,#5658)
    ,(#5659,#5660)
    ,(#5661,#5662)
    ,(#5663,#5664)
    ,(#5665,#5666)
    ,(#5667,#5668)
    ,(#5669,#5670)
    ,(#5671,#5672)
    ,(#5673,#5674)
    ,(#5675,#5676)
    ,(#5677,#5678)
    ,(#5679,#5680)
    ,(#5681,#5682)
    ,(#5683,#5684)
    ,(#5685,#5686
    )),.UNSPECIFIED.,.F.,.F.,.F.,(4,3,3,3,3,3,4),(2,2),(-0.202312577615,
    0.,0.174144055956,0.466298016749,0.694715272236,0.888398737599,
    1.460160885679),(-0.94,1.309934255469),.UNSPECIFIED.);
#5649 = CARTESIAN_POINT('',(-7.382139895462,-2.15,-3.201357704076));
#5650 = CARTESIAN_POINT('',(-7.382139895462,20.349342554686,
    -3.201357704078));
#5651 = CARTESIAN_POINT('',(-6.211052819387,-2.15,-2.184578641209));
#5652 = CARTESIAN_POINT('',(-6.211052819387,20.349342554686,
    -2.18457864121));
#5653 = CARTESIAN_POINT('',(-5.039965743311,-2.15,-1.167799578342));
#5654 = CARTESIAN_POINT('',(-5.039965743311,20.349342554686,
    -1.167799578343));
#5655 = CARTESIAN_POINT('',(-3.868878667235,-2.15,-0.151020515474));
#5656 = CARTESIAN_POINT('',(-3.868878667235,20.349342554686,
    -0.151020515476));
#5657 = CARTESIAN_POINT('',(-2.85790786884,-2.15,0.726739953391));
#5658 = CARTESIAN_POINT('',(-2.85790786884,20.349342554686,
    0.726739953389));
#5659 = CARTESIAN_POINT('',(-2.279684773499,-2.15,1.276014723788));
#5660 = CARTESIAN_POINT('',(-2.279684773499,20.349342554686,
    1.276014723787));
#5661 = CARTESIAN_POINT('',(-1.819364183911,-2.15,1.751359542765));
#5662 = CARTESIAN_POINT('',(-1.819364183911,20.349342554686,
    1.751359542764));
#5663 = CARTESIAN_POINT('',(-1.047104213595,-2.15,2.548825013777));
#5664 = CARTESIAN_POINT('',(-1.047104213595,20.349342554686,
    2.548825013776));
#5665 = CARTESIAN_POINT('',(-0.647892410352,-2.15,3.10026832749));
#5666 = CARTESIAN_POINT('',(-0.647892410352,20.349342554686,
    3.100268327488));
#5667 = CARTESIAN_POINT('',(-0.349385472561,-2.15,3.703384027306));
#5668 = CARTESIAN_POINT('',(-0.349385472561,20.349342554686,
    3.703384027305));
#5669 = CARTESIAN_POINT('',(-0.116001214176,-2.15,4.17492318604));
#5670 = CARTESIAN_POINT('',(-0.116001214176,20.349342554686,
    4.174923186039));
#5671 = CARTESIAN_POINT('',(3.806154853209E-02,-2.15,4.656785807248));
#5672 = CARTESIAN_POINT('',(3.806154853213E-02,20.349342554686,
    4.656785807247));
#5673 = CARTESIAN_POINT('',(0.129737631116,-2.15,5.292568320492));
#5674 = CARTESIAN_POINT('',(0.129737631116,20.349342554686,5.29256832049
    ));
#5675 = CARTESIAN_POINT('',(0.207473182784,-2.15,5.831671901435));
#5676 = CARTESIAN_POINT('',(0.207473182784,20.349342554686,
    5.831671901433));
#5677 = CARTESIAN_POINT('',(0.243688943369,-2.15,6.452468415877));
#5678 = CARTESIAN_POINT('',(0.243688943369,20.349342554686,
    6.452468415876));
#5679 = CARTESIAN_POINT('',(0.199827650154,-2.15,7.50830121884));
#5680 = CARTESIAN_POINT('',(0.199827650154,20.349342554686,
    7.508301218839));
#5681 = CARTESIAN_POINT('',(7.141106138831E-02,-2.149999999999,
    10.599556330715));
#5682 = CARTESIAN_POINT('',(7.141106138836E-02,20.349342554686,
    10.599556330714));
#5683 = CARTESIAN_POINT('',(-5.700552737741E-02,-2.149999999999,
    13.69081144259));
#5684 = CARTESIAN_POINT('',(-5.700552737737E-02,20.349342554687,
    13.690811442589));
#5685 = CARTESIAN_POINT('',(-0.185422116143,-2.149999999999,
    16.782066554466));
#5686 = CARTESIAN_POINT('',(-0.185422116143,20.349342554687,
    16.782066554464));
#5687 = ADVANCED_FACE('',(#5688),#5710,.F.);
#5688 = FACE_BOUND('',#5689,.F.);
#5689 = EDGE_LOOP('',(#5690,#5691,#5703,#5709));
#5690 = ORIENTED_EDGE('',*,*,#3873,.F.);
#5691 = ORIENTED_EDGE('',*,*,#5692,.T.);
#5692 = EDGE_CURVE('',#3874,#5693,#5695,.T.);
#5693 = VERTEX_POINT('',#5694);
#5694 = CARTESIAN_POINT('',(-3.999999999999,5.12347538298,-2.38E-13));
#5695 = B_SPLINE_CURVE_WITH_KNOTS('',3,(#5696,#5697,#5698,#5699,#5700,
    #5701,#5702),.UNSPECIFIED.,.F.,.F.,(4,3,4),(-2.326306481477E-02,
    -1.137473038982E-02,0.),.UNSPECIFIED.);
#5696 = CARTESIAN_POINT('',(-4.1342293739,4.989278619602,0.151020515474)
  );
#5697 = CARTESIAN_POINT('',(-4.11313521154,5.015423135623,0.126726765082
    ));
#5698 = CARTESIAN_POINT('',(-4.091171167002,5.040632869463,
    0.101442955144));
#5699 = CARTESIAN_POINT('',(-4.068687116018,5.063746883582,
    7.556091010438E-02));
#5700 = CARTESIAN_POINT('',(-4.047174428968,5.085862317875,
    5.079703034291E-02));
#5701 = CARTESIAN_POINT('',(-4.025186987734,5.106058745021,
    2.548582006959E-02));
#5702 = CARTESIAN_POINT('',(-4.003040378904,5.123286980623,-2.3994E-13)
  );
#5703 = ORIENTED_EDGE('',*,*,#5704,.T.);
#5704 = EDGE_CURVE('',#5693,#59,#5705,.T.);
#5705 = LINE('',#5706,#5707);
#5706 = CARTESIAN_POINT('',(-3.999999999999,4.925,-2.3335E-13));
#5707 = VECTOR('',#5708,1.);
#5708 = DIRECTION('',(-1.201E-14,1.,-4.257E-14));
#5709 = ORIENTED_EDGE('',*,*,#73,.T.);
#5710 = PLANE('',#5711);
#5711 = AXIS2_PLACEMENT_3D('',#5712,#5713,#5714);
#5712 = CARTESIAN_POINT('',(-3.999999999999,9.65,-5.8418E-13));
#5713 = DIRECTION('',(0.755102577372,3.698E-14,0.65560666382));
#5714 = DIRECTION('',(1.925706984227E-15,1.,-5.862372734756E-14));
#5715 = ADVANCED_FACE('',(#5716),#5750,.T.);
#5716 = FACE_BOUND('',#5717,.T.);
#5717 = EDGE_LOOP('',(#5718,#5719,#5720,#5721,#5730,#5739));
#5718 = ORIENTED_EDGE('',*,*,#3773,.F.);
#5719 = ORIENTED_EDGE('',*,*,#3880,.T.);
#5720 = ORIENTED_EDGE('',*,*,#5692,.T.);
#5721 = ORIENTED_EDGE('',*,*,#5722,.T.);
#5722 = EDGE_CURVE('',#5693,#5723,#5725,.T.);
#5723 = VERTEX_POINT('',#5724);
#5724 = CARTESIAN_POINT('',(-6.5,1.3E-14,-2.7E-14));
#5725 = CIRCLE('',#5726,6.5);
#5726 = AXIS2_PLACEMENT_3D('',#5727,#5728,#5729);
#5727 = CARTESIAN_POINT('',(6.E-17,-2.22E-15,-6.66E-15));
#5728 = DIRECTION('',(-3.85E-15,4.257E-14,1.));
#5729 = DIRECTION('',(-1.,1.8E-15,-3.85E-15));
#5730 = ORIENTED_EDGE('',*,*,#5731,.T.);
#5731 = EDGE_CURVE('',#5723,#5732,#5734,.T.);
#5732 = VERTEX_POINT('',#5733);
#5733 = CARTESIAN_POINT('',(-2.202567555051,2.24E-13,4.641643488222));
#5734 = B_SPLINE_CURVE_WITH_KNOTS('',3,(#5735,#5736,#5737,#5738),
  .UNSPECIFIED.,.F.,.F.,(4,4),(0.,0.657457333762),
  .PIECEWISE_BEZIER_KNOTS.);
#5735 = CARTESIAN_POINT('',(-6.5,1.332E-14,-2.697E-14));
#5736 = CARTESIAN_POINT('',(-6.5,4.885E-14,0.821821667202));
#5737 = CARTESIAN_POINT('',(-3.94972414027,1.3989E-13,2.724268698697));
#5738 = CARTESIAN_POINT('',(-2.202567554999,2.2427E-13,4.641643488279));
#5739 = ORIENTED_EDGE('',*,*,#5740,.T.);
#5740 = EDGE_CURVE('',#5732,#3774,#5741,.T.);
#5741 = B_SPLINE_CURVE_WITH_KNOTS('',3,(#5742,#5743,#5744,#5745,#5746,
    #5747,#5748,#5749),.UNSPECIFIED.,.F.,.F.,(4,2,2,4),(-0.323093349167,
    -0.165147365838,-6.241616149402E-02,-3.224557968929E-02),
  .UNSPECIFIED.);
#5742 = CARTESIAN_POINT('',(-2.202567555051,2.1433E-13,4.641643488222));
#5743 = CARTESIAN_POINT('',(-1.789943646015,0.114771878007,
    5.081454783294));
#5744 = CARTESIAN_POINT('',(-1.410547288917,0.169944925032,
    5.525118348151));
#5745 = CARTESIAN_POINT('',(-0.927705242535,0.213912787105,6.2460070726)
  );
#5746 = CARTESIAN_POINT('',(-0.749790507045,0.22026020677,6.563044446997
    ));
#5747 = CARTESIAN_POINT('',(-0.611545764913,0.215624376237,6.9836269944)
  );
#5748 = CARTESIAN_POINT('',(-0.585840100783,0.21374576365,7.081195179255
    ));
#5749 = CARTESIAN_POINT('',(-0.567945296962,0.211106113986,
    7.180000039125));
#5750 = B_SPLINE_SURFACE_WITH_KNOTS('',3,3,(
    (#5751,#5752,#5753,#5754)
    ,(#5755,#5756,#5757,#5758)
    ,(#5759,#5760,#5761,#5762)
    ,(#5763,#5764,#5765,#5766)
    ,(#5767,#5768,#5769,#5770
  )),.UNSPECIFIED.,.F.,.F.,.F.,(4,1,4),(4,4),(0.119549482832,
    0.496885418761,1.),(-0.,0.958171555999),.UNSPECIFIED.);
#5751 = CARTESIAN_POINT('',(-1.213459856731,6.385727458646,-2.8316E-13)
  );
#5752 = CARTESIAN_POINT('',(-1.213459856731,6.385727458646,
    1.197714444999));
#5753 = CARTESIAN_POINT('',(-0.165245689928,2.139707937618,
    4.690660716813));
#5754 = CARTESIAN_POINT('',(-7.755535477468E-02,1.784499158095,
    7.180000039125));
#5755 = CARTESIAN_POINT('',(-2.475104851008,6.145980998447,-2.7782E-13)
  );
#5756 = CARTESIAN_POINT('',(-2.475104851009,6.145980998447,
    1.197714444999));
#5757 = CARTESIAN_POINT('',(-0.337692755159,1.8893247392,4.690660716813)
  );
#5758 = CARTESIAN_POINT('',(-0.159075000609,1.533002132102,
    7.180000039125));
#5759 = CARTESIAN_POINT('',(-5.255546522761,4.691702046605,-2.2662E-13)
  );
#5760 = CARTESIAN_POINT('',(-5.255546522761,4.691702046605,
    1.197714444999));
#5761 = CARTESIAN_POINT('',(-0.72687657501,1.230852994341,4.690660716813
    ));
#5762 = CARTESIAN_POINT('',(-0.348453778034,0.941609671434,
    7.180000039125));
#5763 = CARTESIAN_POINT('',(-6.5,1.712296161695,-1.0459E-13));
#5764 = CARTESIAN_POINT('',(-6.5,1.712296161695,1.197714444999));
#5765 = CARTESIAN_POINT('',(-0.991765494989,0.448504714706,
    4.690660716814));
#5766 = CARTESIAN_POINT('',(-0.529995193323,0.342435268091,
    7.180000039125));
#5767 = CARTESIAN_POINT('',(-6.5,8.06E-15,-3.17E-14));
#5768 = CARTESIAN_POINT('',(-6.5,5.905E-14,1.197714444999));
#5769 = CARTESIAN_POINT('',(-1.083252888716,2.3635E-13,4.690660716814));
#5770 = CARTESIAN_POINT('',(-0.630104682295,3.094E-13,7.180000039125));
#5771 = ADVANCED_FACE('',(#5772),#5799,.T.);
#5772 = FACE_BOUND('',#5773,.T.);
#5773 = EDGE_LOOP('',(#5774,#5791,#5792));
#5774 = ORIENTED_EDGE('',*,*,#5775,.T.);
#5775 = EDGE_CURVE('',#5776,#5732,#5778,.T.);
#5776 = VERTEX_POINT('',#5777);
#5777 = CARTESIAN_POINT('',(-5.347237745104,-3.695544411496,1.37E-13));
#5778 = B_SPLINE_CURVE_WITH_KNOTS('',3,(#5779,#5780,#5781,#5782,#5783,
    #5784,#5785,#5786,#5787,#5788,#5789,#5790),.UNSPECIFIED.,.F.,.F.,(4,
    2,2,2,2,4),(-0.739594615676,-0.700294890188,-0.657173854765,
    -0.556805742861,-0.33553629478,0.),.UNSPECIFIED.);
#5779 = CARTESIAN_POINT('',(-5.347237745104,-3.695544411496,1.3862E-13)
  );
#5780 = CARTESIAN_POINT('',(-5.398782664207,-3.620961912597,
    6.521583105555E-02));
#5781 = CARTESIAN_POINT('',(-5.432582474118,-3.541142922421,
    0.135328119712));
#5782 = CARTESIAN_POINT('',(-5.474667201071,-3.368553717729,
    0.287904002659));
#5783 = CARTESIAN_POINT('',(-5.480027391892,-3.275771339771,
    0.370479755184));
#5784 = CARTESIAN_POINT('',(-5.461557821769,-2.972724780569,
    0.642405733046));
#5785 = CARTESIAN_POINT('',(-5.38854898242,-2.753308796881,
    0.843214552023));
#5786 = CARTESIAN_POINT('',(-5.097410835628,-2.122016000983,
    1.436783361921));
#5787 = CARTESIAN_POINT('',(-4.743113125053,-1.649569844855,
    1.90311203464));
#5788 = CARTESIAN_POINT('',(-3.661174753986,-0.611879117382,
    3.130851196832));
#5789 = CARTESIAN_POINT('',(-2.929696487745,-0.214584952774,
    3.819343743535));
#5790 = CARTESIAN_POINT('',(-2.202567555051,2.1635E-13,4.641643488222));
#5791 = ORIENTED_EDGE('',*,*,#5731,.F.);
#5792 = ORIENTED_EDGE('',*,*,#5793,.T.);
#5793 = EDGE_CURVE('',#5723,#5776,#5794,.T.);
#5794 = B_SPLINE_CURVE_WITH_KNOTS('',3,(#5795,#5796,#5797,#5798),
  .UNSPECIFIED.,.F.,.F.,(4,4),(0.,0.384987187329),
  .PIECEWISE_BEZIER_KNOTS.);
#5795 = CARTESIAN_POINT('',(-6.5,1.173E-14,-3.17E-14));
#5796 = CARTESIAN_POINT('',(-6.5,-1.310262329391,2.408E-14));
#5797 = CARTESIAN_POINT('',(-6.092181226485,-2.617654537079,8.13E-14));
#5798 = CARTESIAN_POINT('',(-5.347237745104,-3.695544411496,1.3005E-13)
  );
#5799 = B_SPLINE_SURFACE_WITH_KNOTS('',3,3,(
    (#5800,#5801,#5802,#5803)
    ,(#5804,#5805,#5806,#5807)
    ,(#5808,#5809,#5810,#5811)
    ,(#5812,#5813,#5814,#5815
    )),.UNSPECIFIED.,.F.,.F.,.F.,(4,4),(4,4),(0.,0.384987187329),(0.,
    0.657457333755),.PIECEWISE_BEZIER_KNOTS.);
#5800 = CARTESIAN_POINT('',(-6.5,1.173E-14,-3.17E-14));
#5801 = CARTESIAN_POINT('',(-6.5,4.671E-14,0.821821667194));
#5802 = CARTESIAN_POINT('',(-3.94972414032,1.397E-13,2.724268698659));
#5803 = CARTESIAN_POINT('',(-2.202567555051,2.1814E-13,4.641643488222));
#5804 = CARTESIAN_POINT('',(-6.5,-1.310262329391,2.408E-14));
#5805 = CARTESIAN_POINT('',(-6.5,-1.310262329391,0.821821667194));
#5806 = CARTESIAN_POINT('',(-3.917180528255,-0.855033975503,
    2.724268698659));
#5807 = CARTESIAN_POINT('',(-2.146484286247,-0.542839805226,
    4.641643488222));
#5808 = CARTESIAN_POINT('',(-6.092181226485,-2.617654537079,8.13E-14));
#5809 = CARTESIAN_POINT('',(-6.092181226485,-2.617654537079,
    0.821821667194));
#5810 = CARTESIAN_POINT('',(-3.652337630651,-1.708315772349,
    2.724268698659));
#5811 = CARTESIAN_POINT('',(-1.979628621718,-1.084900023346,
    4.641643488222));
#5812 = CARTESIAN_POINT('',(-5.347237745104,-3.695544411496,1.3005E-13)
  );
#5813 = CARTESIAN_POINT('',(-5.347237745104,-3.695544411496,
    0.821821667194));
#5814 = CARTESIAN_POINT('',(-3.195397077379,-2.430966336792,
    2.724268698659));
#5815 = CARTESIAN_POINT('',(-1.721202598066,-1.564622446024,
    4.641643488222));
#5816 = ADVANCED_FACE('',(#5817),#5843,.F.);
#5817 = FACE_BOUND('',#5818,.F.);
#5818 = EDGE_LOOP('',(#5819,#5830,#5831,#5832,#5833,#5834));
#5819 = ORIENTED_EDGE('',*,*,#5820,.F.);
#5820 = EDGE_CURVE('',#5776,#5821,#5823,.T.);
#5821 = VERTEX_POINT('',#5822);
#5822 = CARTESIAN_POINT('',(-11.41678341349,-3.695544411495,2.32E-13));
#5823 = B_SPLINE_CURVE_WITH_KNOTS('',3,(#5824,#5825,#5826,#5827,#5828,
    #5829),.UNSPECIFIED.,.F.,.F.,(4,2,4),(-1.500210480958,
    -0.989569863218,-0.893255914119),.UNSPECIFIED.);
#5824 = CARTESIAN_POINT('',(-5.347237745104,-3.695544411495,2.6396E-13)
  );
#5825 = CARTESIAN_POINT('',(-7.04937313757,-3.695544411495,2.5278E-13));
#5826 = CARTESIAN_POINT('',(-8.751508530037,-3.695544411495,2.4159E-13)
  );
#5827 = CARTESIAN_POINT('',(-10.7746904195,-3.695544411495,2.3341E-13));
#5828 = CARTESIAN_POINT('',(-11.09573691649,-3.695544411495,2.329E-13));
#5829 = CARTESIAN_POINT('',(-11.41678341349,-3.695544411495,2.3218E-13)
  );
#5830 = ORIENTED_EDGE('',*,*,#5775,.T.);
#5831 = ORIENTED_EDGE('',*,*,#5740,.T.);
#5832 = ORIENTED_EDGE('',*,*,#3785,.T.);
#5833 = ORIENTED_EDGE('',*,*,#480,.T.);
#5834 = ORIENTED_EDGE('',*,*,#5835,.T.);
#5835 = EDGE_CURVE('',#50,#5821,#5836,.T.);
#5836 = B_SPLINE_CURVE_WITH_KNOTS('',3,(#5837,#5838,#5839,#5840,#5841,
    #5842),.UNSPECIFIED.,.F.,.F.,(4,2,4),(-0.714904505154,
    -0.502138200602,0.),.UNSPECIFIED.);
#5837 = CARTESIAN_POINT('',(-11.72978856353,6.8855E-13,4.641643488224));
#5838 = CARTESIAN_POINT('',(-11.75892806481,-0.130623056225,
    4.141089724335));
#5839 = CARTESIAN_POINT('',(-11.78501089376,-0.328715935374,
    3.68508601424));
#5840 = CARTESIAN_POINT('',(-11.83191872262,-1.298803797964,
    2.144878354947));
#5841 = CARTESIAN_POINT('',(-11.786170626,-2.466585724309,1.074616207577
    ));
#5842 = CARTESIAN_POINT('',(-11.41678341349,-3.695544411493,2.41987E-12)
  );
#5843 = B_SPLINE_SURFACE_WITH_KNOTS('',3,1,(
    (#5844,#5845)
    ,(#5846,#5847)
    ,(#5848,#5849)
    ,(#5850,#5851)
    ,(#5852,#5853)
    ,(#5854,#5855)
    ,(#5856,#5857)
    ,(#5858,#5859)
    ,(#5860,#5861)
    ,(#5862,#5863)
    ,(#5864,#5865)
    ,(#5866,#5867)
    ,(#5868,#5869)
    ,(#5870,#5871)
    ,(#5872,#5873)
    ,(#5874,#5875)
    ,(#5876,#5877)
    ,(#5878,#5879)
    ,(#5880,#5881
    )),.UNSPECIFIED.,.F.,.F.,.F.,(4,3,3,3,3,3,4),(2,2),(-0.202312577615,
    0.,0.174144055956,0.466298016749,0.694715272236,0.888398737599,
    1.150791327866),(-0.669205470968,1.309934255469),.UNSPECIFIED.);
#5844 = CARTESIAN_POINT('',(-0.557945290321,-7.382139895464,
    -3.201357704077));
#5845 = CARTESIAN_POINT('',(-20.34934255468,-7.382139895464,
    -3.201357704077));
#5846 = CARTESIAN_POINT('',(-0.557945290321,-6.211052819388,
    -2.184578641209));
#5847 = CARTESIAN_POINT('',(-20.34934255468,-6.211052819388,
    -2.18457864121));
#5848 = CARTESIAN_POINT('',(-0.557945290321,-5.039965743312,
    -1.167799578342));
#5849 = CARTESIAN_POINT('',(-20.34934255468,-5.039965743312,
    -1.167799578342));
#5850 = CARTESIAN_POINT('',(-0.557945290321,-3.868878667236,
    -0.151020515474));
#5851 = CARTESIAN_POINT('',(-20.34934255468,-3.868878667236,
    -0.151020515475));
#5852 = CARTESIAN_POINT('',(-0.557945290321,-2.857907868841,
    0.726739953391));
#5853 = CARTESIAN_POINT('',(-20.34934255468,-2.857907868841,
    0.72673995339));
#5854 = CARTESIAN_POINT('',(-0.557945290321,-2.2796847735,1.276014723788
    ));
#5855 = CARTESIAN_POINT('',(-20.34934255468,-2.2796847735,1.276014723788
    ));
#5856 = CARTESIAN_POINT('',(-0.557945290321,-1.819364183911,
    1.751359542765));
#5857 = CARTESIAN_POINT('',(-20.34934255468,-1.819364183911,
    1.751359542764));
#5858 = CARTESIAN_POINT('',(-0.557945290321,-1.047104213596,
    2.548825013777));
#5859 = CARTESIAN_POINT('',(-20.34934255468,-1.047104213596,
    2.548825013776));
#5860 = CARTESIAN_POINT('',(-0.557945290321,-0.647892410353,
    3.100268327489));
#5861 = CARTESIAN_POINT('',(-20.34934255468,-0.647892410353,
    3.100268327489));
#5862 = CARTESIAN_POINT('',(-0.557945290321,-0.349385472562,
    3.703384027306));
#5863 = CARTESIAN_POINT('',(-20.34934255468,-0.349385472562,
    3.703384027306));
#5864 = CARTESIAN_POINT('',(-0.557945290321,-0.116001214177,
    4.17492318604));
#5865 = CARTESIAN_POINT('',(-20.34934255468,-0.116001214177,
    4.17492318604));
#5866 = CARTESIAN_POINT('',(-0.557945290321,3.806154853176E-02,
    4.656785807248));
#5867 = CARTESIAN_POINT('',(-20.34934255468,3.80615485318E-02,
    4.656785807248));
#5868 = CARTESIAN_POINT('',(-0.557945290321,0.129737631116,
    5.292568320491));
#5869 = CARTESIAN_POINT('',(-20.34934255468,0.129737631116,
    5.292568320491));
#5870 = CARTESIAN_POINT('',(-0.557945290321,0.207473182784,
    5.831671901434));
#5871 = CARTESIAN_POINT('',(-20.34934255468,0.207473182784,
    5.831671901434));
#5872 = CARTESIAN_POINT('',(-0.557945290321,0.243688943369,
    6.452468415877));
#5873 = CARTESIAN_POINT('',(-20.34934255468,0.243688943369,
    6.452468415877));
#5874 = CARTESIAN_POINT('',(-0.557945290321,0.199827650154,7.50830121884
    ));
#5875 = CARTESIAN_POINT('',(-20.34934255468,0.199827650154,7.50830121884
    ));
#5876 = CARTESIAN_POINT('',(-0.557945290321,0.140894820353,
    8.926937340006));
#5877 = CARTESIAN_POINT('',(-20.34934255468,0.140894820353,
    8.926937340005));
#5878 = CARTESIAN_POINT('',(-0.557945290321,8.196199055177E-02,
    10.345573461171));
#5879 = CARTESIAN_POINT('',(-20.34934255468,8.196199055181E-02,
    10.345573461171));
#5880 = CARTESIAN_POINT('',(-0.557945290321,2.302916075075E-02,
    11.764209582337));
#5881 = CARTESIAN_POINT('',(-20.34934255468,2.302916075078E-02,
    11.764209582336));
#5882 = ADVANCED_FACE('',(#5883),#5894,.T.);
#5883 = FACE_BOUND('',#5884,.T.);
#5884 = EDGE_LOOP('',(#5885,#5886,#5887));
#5885 = ORIENTED_EDGE('',*,*,#47,.T.);
#5886 = ORIENTED_EDGE('',*,*,#5835,.T.);
#5887 = ORIENTED_EDGE('',*,*,#5888,.F.);
#5888 = EDGE_CURVE('',#48,#5821,#5889,.T.);
#5889 = B_SPLINE_CURVE_WITH_KNOTS('',3,(#5890,#5891,#5892,#5893),
  .UNSPECIFIED.,.F.,.F.,(4,4),(-1.1E-16,4.982348903869E-02),
  .PIECEWISE_BEZIER_KNOTS.);
#5890 = CARTESIAN_POINT('',(-11.99999964998,7.5777E-13,2.35364E-12));
#5891 = CARTESIAN_POINT('',(-11.99999964998,-1.25220085712,2.37554E-12)
  );
#5892 = CARTESIAN_POINT('',(-11.80241373679,-2.504202210309,2.39845E-12)
  );
#5893 = CARTESIAN_POINT('',(-11.41678341349,-3.695544411495,2.42127E-12)
  );
#5894 = B_SPLINE_SURFACE_WITH_KNOTS('',3,3,(
    (#5895,#5896,#5897,#5898)
    ,(#5899,#5900,#5901,#5902)
    ,(#5903,#5904,#5905,#5906)
    ,(#5907,#5908,#5909,#5910
    )),.UNSPECIFIED.,.F.,.F.,.F.,(4,4),(4,4),(-1.1E-16,
    4.982348903869E-02),(0.753970774709,1.),.PIECEWISE_BEZIER_KNOTS.);
#5895 = CARTESIAN_POINT('',(-11.72978856353,6.9261E-13,4.641643488224));
#5896 = CARTESIAN_POINT('',(-11.81985892568,7.1433E-13,3.09442899215));
#5897 = CARTESIAN_POINT('',(-11.90992928783,7.3605E-13,1.547214496076));
#5898 = CARTESIAN_POINT('',(-11.99999964998,7.5777E-13,2.35364E-12));
#5899 = CARTESIAN_POINT('',(-11.72978856353,-1.251281474472,
    4.641643488224));
#5900 = CARTESIAN_POINT('',(-11.81988680956,-1.25159163242,3.09442899215
    ));
#5901 = CARTESIAN_POINT('',(-11.90990140396,-1.251890699172,
    1.547214496076));
#5902 = CARTESIAN_POINT('',(-11.99999964998,-1.25220085712,2.37554E-12)
  );
#5903 = CARTESIAN_POINT('',(-11.58081455949,-2.50241252881,
    4.641643488224));
#5904 = CARTESIAN_POINT('',(-11.65470861916,-2.503014159102,
    3.09442899215));
#5905 = CARTESIAN_POINT('',(-11.72851967712,-2.503600580018,
    1.547214496076));
#5906 = CARTESIAN_POINT('',(-11.80241373679,-2.504202210309,2.39845E-12)
  );
#5907 = CARTESIAN_POINT('',(-11.29006056588,-3.707808355319,
    4.641643488224));
#5908 = CARTESIAN_POINT('',(-11.33230151508,-3.703720374045,
    3.09442899215));
#5909 = CARTESIAN_POINT('',(-11.37454246429,-3.69963239277,
    1.547214496076));
#5910 = CARTESIAN_POINT('',(-11.41678341349,-3.695544411495,2.42127E-12)
  );
#5911 = ADVANCED_FACE('',(#5912,#5920,#5931,#5942,#5953,#5964),#5975,.F.
  );
#5912 = FACE_BOUND('',#5913,.T.);
#5913 = EDGE_LOOP('',(#5914,#5915,#5916,#5917,#5918,#5919));
#5914 = ORIENTED_EDGE('',*,*,#4017,.T.);
#5915 = ORIENTED_EDGE('',*,*,#3959,.F.);
#5916 = ORIENTED_EDGE('',*,*,#4183,.F.);
#5917 = ORIENTED_EDGE('',*,*,#4304,.T.);
#5918 = ORIENTED_EDGE('',*,*,#4227,.T.);
#5919 = ORIENTED_EDGE('',*,*,#4241,.F.);
#5920 = FACE_BOUND('',#5921,.T.);
#5921 = EDGE_LOOP('',(#5922));
#5922 = ORIENTED_EDGE('',*,*,#5923,.F.);
#5923 = EDGE_CURVE('',#5924,#5924,#5926,.T.);
#5924 = VERTEX_POINT('',#5925);
#5925 = CARTESIAN_POINT('',(-2.099999649987,-12.25,18.895256608555));
#5926 = CIRCLE('',#5927,2.1);
#5927 = AXIS2_PLACEMENT_3D('',#5928,#5929,#5930);
#5928 = CARTESIAN_POINT('',(3.50013252E-07,-12.25,18.895256608555));
#5929 = DIRECTION('',(-5.81E-15,1.,1.752E-14));
#5930 = DIRECTION('',(1.,5.81E-15,-9.44E-15));
#5931 = FACE_BOUND('',#5932,.T.);
#5932 = EDGE_LOOP('',(#5933));
#5933 = ORIENTED_EDGE('',*,*,#5934,.T.);
#5934 = EDGE_CURVE('',#5935,#5935,#5937,.T.);
#5935 = VERTEX_POINT('',#5936);
#5936 = CARTESIAN_POINT('',(-1.374999988073,-12.25,10.895256517965));
#5937 = CIRCLE('',#5938,1.375);
#5938 = AXIS2_PLACEMENT_3D('',#5939,#5940,#5941);
#5939 = CARTESIAN_POINT('',(1.192728429E-08,-12.25,10.895256517965));
#5940 = DIRECTION('',(5.81E-15,-1.,-1.752E-14));
#5941 = DIRECTION('',(1.,5.81E-15,-9.44E-15));
#5942 = FACE_BOUND('',#5943,.T.);
#5943 = EDGE_LOOP('',(#5944));
#5944 = ORIENTED_EDGE('',*,*,#5945,.T.);
#5945 = EDGE_CURVE('',#5946,#5946,#5948,.T.);
#5946 = VERTEX_POINT('',#5947);
#5947 = CARTESIAN_POINT('',(6.625000011928,-12.25,18.895256517965));
#5948 = CIRCLE('',#5949,1.375);
#5949 = AXIS2_PLACEMENT_3D('',#5950,#5951,#5952);
#5950 = CARTESIAN_POINT('',(8.000000011928,-12.25,18.895256517965));
#5951 = DIRECTION('',(5.81E-15,-1.,-1.752E-14));
#5952 = DIRECTION('',(1.,5.81E-15,-9.44E-15));
#5953 = FACE_BOUND('',#5954,.T.);
#5954 = EDGE_LOOP('',(#5955));
#5955 = ORIENTED_EDGE('',*,*,#5956,.T.);
#5956 = EDGE_CURVE('',#5957,#5957,#5959,.T.);
#5957 = VERTEX_POINT('',#5958);
#5958 = CARTESIAN_POINT('',(-1.374999988073,-12.25,26.895256517965));
#5959 = CIRCLE('',#5960,1.375);
#5960 = AXIS2_PLACEMENT_3D('',#5961,#5962,#5963);
#5961 = CARTESIAN_POINT('',(1.192748777E-08,-12.25,26.895256517965));
#5962 = DIRECTION('',(5.81E-15,-1.,-1.752E-14));
#5963 = DIRECTION('',(1.,5.81E-15,-9.44E-15));
#5964 = FACE_BOUND('',#5965,.T.);
#5965 = EDGE_LOOP('',(#5966));
#5966 = ORIENTED_EDGE('',*,*,#5967,.T.);
#5967 = EDGE_CURVE('',#5968,#5968,#5970,.T.);
#5968 = VERTEX_POINT('',#5969);
#5969 = CARTESIAN_POINT('',(-9.374999988073,-12.25,18.895256517965));
#5970 = CIRCLE('',#5971,1.375);
#5971 = AXIS2_PLACEMENT_3D('',#5972,#5973,#5974);
#5972 = CARTESIAN_POINT('',(-7.999999988073,-12.25,18.895256517965));
#5973 = DIRECTION('',(5.81E-15,-1.,-1.752E-14));
#5974 = DIRECTION('',(1.,5.81E-15,-9.44E-15));
#5975 = PLANE('',#5976);
#5976 = AXIS2_PLACEMENT_3D('',#5977,#5978,#5979);
#5977 = CARTESIAN_POINT('',(4.033609354574,-12.25,18.923177141236));
#5978 = DIRECTION('',(5.81E-15,-1.,-1.752E-14));
#5979 = DIRECTION('',(-1.,-5.81E-15,9.44E-15));
#5980 = ADVANCED_FACE('',(#5981),#5987,.T.);
#5981 = FACE_BOUND('',#5982,.T.);
#5982 = EDGE_LOOP('',(#5983,#5984,#5985,#5986));
#5983 = ORIENTED_EDGE('',*,*,#5019,.F.);
#5984 = ORIENTED_EDGE('',*,*,#1898,.F.);
#5985 = ORIENTED_EDGE('',*,*,#2252,.T.);
#5986 = ORIENTED_EDGE('',*,*,#2284,.F.);
#5987 = PLANE('',#5988);
#5988 = AXIS2_PLACEMENT_3D('',#5989,#5990,#5991);
#5989 = CARTESIAN_POINT('',(-20.94349458944,-14.81463013208,
    27.274774890959));
#5990 = DIRECTION('',(0.380704125523,-0.917022387907,0.118887799577));
#5991 = DIRECTION('',(-0.875333324989,-0.398835730694,-0.273352574683));
#5992 = ADVANCED_FACE('',(#5993),#6027,.F.);
#5993 = FACE_BOUND('',#5994,.F.);
#5994 = EDGE_LOOP('',(#5995,#6004,#6005,#6006,#6007,#6018,#6024,#6025,
    #6026));
#5995 = ORIENTED_EDGE('',*,*,#5996,.T.);
#5996 = EDGE_CURVE('',#4687,#4660,#5997,.T.);
#5997 = B_SPLINE_CURVE_WITH_KNOTS('',3,(#5998,#5999,#6000,#6001,#6002,
    #6003),.UNSPECIFIED.,.F.,.F.,(4,2,4),(1.446111649445,1.448517941192,
    1.615079692117),.UNSPECIFIED.);
#5998 = CARTESIAN_POINT('',(-11.20649939983,2.321902301192,
    19.883608727182));
#5999 = CARTESIAN_POINT('',(-11.20681386734,2.31418096234,
    19.880043115222));
#6000 = CARTESIAN_POINT('',(-11.20712553506,2.306454446588,
    19.87648982877));
#6001 = CARTESIAN_POINT('',(-11.22881625299,1.763547648207,
    19.627844081924));
#6002 = CARTESIAN_POINT('',(-11.237254054,1.202733503127,19.442489806335
    ));
#6003 = CARTESIAN_POINT('',(-11.24162977546,0.638477562794,
    19.329109928475));
#6004 = ORIENTED_EDGE('',*,*,#4659,.F.);
#6005 = ORIENTED_EDGE('',*,*,#4088,.F.);
#6006 = ORIENTED_EDGE('',*,*,#4054,.F.);
#6007 = ORIENTED_EDGE('',*,*,#6008,.F.);
#6008 = EDGE_CURVE('',#6009,#4034,#6011,.T.);
#6009 = VERTEX_POINT('',#6010);
#6010 = CARTESIAN_POINT('',(-14.16971884107,-7.261036583861,
    22.091752254258));
#6011 = B_SPLINE_CURVE_WITH_KNOTS('',3,(#6012,#6013,#6014,#6015,#6016,
    #6017),.UNSPECIFIED.,.F.,.F.,(4,2,4),(0.685814441186,0.735559347559,
    0.76495288015),.UNSPECIFIED.);
#6012 = CARTESIAN_POINT('',(-14.16971884107,-7.261036583861,
    22.091752254258));
#6013 = CARTESIAN_POINT('',(-14.05162967634,-7.180045560667,
    21.991779090665));
#6014 = CARTESIAN_POINT('',(-13.92810156232,-7.08791446216,
    21.896535660255));
#6015 = CARTESIAN_POINT('',(-13.72914380301,-6.930516878309,
    21.761286970859));
#6016 = CARTESIAN_POINT('',(-13.65468142934,-6.869711540044,
    21.714553105349));
#6017 = CARTESIAN_POINT('',(-13.58052337506,-6.807808157581,
    21.671950193392));
#6018 = ORIENTED_EDGE('',*,*,#6019,.T.);
#6019 = EDGE_CURVE('',#6009,#1866,#6020,.T.);
#6020 = LINE('',#6021,#6022);
#6021 = CARTESIAN_POINT('',(177.53719641455,119.86986137272,
    102.9304327371));
#6022 = VECTOR('',#6023,1.);
#6023 = DIRECTION('',(-0.786260760779,-0.521410698266,-0.331549241883));
#6024 = ORIENTED_EDGE('',*,*,#1865,.T.);
#6025 = ORIENTED_EDGE('',*,*,#5002,.T.);
#6026 = ORIENTED_EDGE('',*,*,#4684,.T.);
#6027 = CYLINDRICAL_SURFACE('',#6028,4.940819446345);
#6028 = AXIS2_PLACEMENT_3D('',#6029,#6030,#6031);
#6029 = CARTESIAN_POINT('',(174.78538590516,123.97276836788,
    103.00384874986));
#6030 = DIRECTION('',(0.786260760779,0.521410698266,0.331549241883));
#6031 = DIRECTION('',(0.523032852528,-0.275935593224,-0.806409439161));
#6032 = ADVANCED_FACE('',(#6033),#6054,.F.);
#6033 = FACE_BOUND('',#6034,.F.);
#6034 = EDGE_LOOP('',(#6035,#6043,#6050,#6051,#6052,#6053));
#6035 = ORIENTED_EDGE('',*,*,#6036,.T.);
#6036 = EDGE_CURVE('',#4164,#6037,#6039,.T.);
#6037 = VERTEX_POINT('',#6038);
#6038 = CARTESIAN_POINT('',(-14.68497766801,-7.617812708881,
    22.717291592436));
#6039 = LINE('',#6040,#6041);
#6040 = CARTESIAN_POINT('',(-6.254205963639,-8.508856006095,
    25.013424826311));
#6041 = VECTOR('',#6042,1.);
#6042 = DIRECTION('',(-0.959877867285,0.101448926597,-0.261424167184));
#6043 = ORIENTED_EDGE('',*,*,#6044,.T.);
#6044 = EDGE_CURVE('',#6037,#6009,#6045,.T.);
#6045 = ELLIPSE('',#6046,5.331956974074,3.278981772776);
#6046 = AXIS2_PLACEMENT_3D('',#6047,#6048,#6049);
#6047 = CARTESIAN_POINT('',(-10.69528186273,-4.982602464716,
    24.990151360832));
#6048 = DIRECTION('',(0.556954274341,-0.830410226422,-1.485907622297E-02
    ));
#6049 = DIRECTION('',(-0.7829144417,-0.518959423029,-0.343112363851));
#6050 = ORIENTED_EDGE('',*,*,#6008,.T.);
#6051 = ORIENTED_EDGE('',*,*,#4033,.T.);
#6052 = ORIENTED_EDGE('',*,*,#4069,.T.);
#6053 = ORIENTED_EDGE('',*,*,#4172,.T.);
#6054 = CYLINDRICAL_SURFACE('',#6055,3.278981772776);
#6055 = AXIS2_PLACEMENT_3D('',#6056,#6057,#6058);
#6056 = CARTESIAN_POINT('',(-6.254205963639,-5.45197716149,
    26.19968499828));
#6057 = DIRECTION('',(0.959877867285,-0.101448926597,0.261424167184));
#6058 = DIRECTION('',(6.723084658153E-02,-0.82181774825,-0.565769919604)
  );
#6059 = ADVANCED_FACE('',(#6060),#6086,.F.);
#6060 = FACE_BOUND('',#6061,.T.);
#6061 = EDGE_LOOP('',(#6062,#6063,#6071,#6079,#6085));
#6062 = ORIENTED_EDGE('',*,*,#2361,.F.);
#6063 = ORIENTED_EDGE('',*,*,#6064,.F.);
#6064 = EDGE_CURVE('',#6065,#2354,#6067,.T.);
#6065 = VERTEX_POINT('',#6066);
#6066 = CARTESIAN_POINT('',(22.384893207419,-15.16819779338,
    29.163247948146));
#6067 = LINE('',#6068,#6069);
#6068 = CARTESIAN_POINT('',(21.719478512514,-15.16819779338,
    27.032447980147));
#6069 = VECTOR('',#6070,1.);
#6070 = DIRECTION('',(0.298087133191,-8.51E-15,0.954538663976));
#6071 = ORIENTED_EDGE('',*,*,#6072,.F.);
#6072 = EDGE_CURVE('',#6073,#6065,#6075,.T.);
#6073 = VERTEX_POINT('',#6074);
#6074 = CARTESIAN_POINT('',(22.123854651735,-14.52111173571,
    28.327346741942));
#6075 = LINE('',#6076,#6077);
#6076 = CARTESIAN_POINT('',(20.996309627566,-11.72605081981,
    24.716706760865));
#6077 = VECTOR('',#6078,1.);
#6078 = DIRECTION('',(0.239738050348,-0.594284432301,0.767692438897));
#6079 = ORIENTED_EDGE('',*,*,#6080,.T.);
#6080 = EDGE_CURVE('',#6073,#1038,#6081,.T.);
#6081 = LINE('',#6082,#6083);
#6082 = CARTESIAN_POINT('',(22.123854651736,-16.05123301616,
    28.327346741942));
#6083 = VECTOR('',#6084,1.);
#6084 = DIRECTION('',(3.808E-14,-1.,-1.758E-14));
#6085 = ORIENTED_EDGE('',*,*,#1045,.F.);
#6086 = PLANE('',#6087);
#6087 = AXIS2_PLACEMENT_3D('',#6088,#6089,#6090);
#6088 = CARTESIAN_POINT('',(21.719478512514,-14.8404172085,
    27.032447980147));
#6089 = DIRECTION('',(0.954538663976,4.146E-14,-0.298087133191));
#6090 = DIRECTION('',(3.744827867165E-14,-1.,-1.916946245673E-14));
#6091 = ADVANCED_FACE('',(#6092),#6127,.T.);
#6092 = FACE_BOUND('',#6093,.T.);
#6093 = EDGE_LOOP('',(#6094,#6095,#6096,#6097,#6105,#6113,#6121));
#6094 = ORIENTED_EDGE('',*,*,#4296,.F.);
#6095 = ORIENTED_EDGE('',*,*,#4163,.T.);
#6096 = ORIENTED_EDGE('',*,*,#6036,.T.);
#6097 = ORIENTED_EDGE('',*,*,#6098,.F.);
#6098 = EDGE_CURVE('',#6099,#6037,#6101,.T.);
#6099 = VERTEX_POINT('',#6100);
#6100 = CARTESIAN_POINT('',(-21.10226838722,-12.12993000455,
    34.344585698267));
#6101 = LINE('',#6102,#6103);
#6102 = CARTESIAN_POINT('',(29.504246218055,23.452458236102,
    -57.3478207599));
#6103 = VECTOR('',#6104,1.);
#6104 = DIRECTION('',(0.457521102787,0.321691656393,-0.828968587289));
#6105 = ORIENTED_EDGE('',*,*,#6106,.F.);
#6106 = EDGE_CURVE('',#6107,#6099,#6109,.T.);
#6107 = VERTEX_POINT('',#6108);
#6108 = CARTESIAN_POINT('',(21.102269787286,-12.12993000455,
    34.344585698266));
#6109 = LINE('',#6110,#6111);
#6110 = CARTESIAN_POINT('',(-86.66242656227,-12.12993000455,
    34.34458569827));
#6111 = VECTOR('',#6112,1.);
#6112 = DIRECTION('',(-1.,-3.175E-14,4.868E-14));
#6113 = ORIENTED_EDGE('',*,*,#6114,.T.);
#6114 = EDGE_CURVE('',#6107,#6115,#6117,.T.);
#6115 = VERTEX_POINT('',#6116);
#6116 = CARTESIAN_POINT('',(14.68497906807,-7.617812708881,
    22.717291592435));
#6117 = LINE('',#6118,#6119);
#6118 = CARTESIAN_POINT('',(-29.504244818,23.452458236101,-57.3478207599
    ));
#6119 = VECTOR('',#6120,1.);
#6120 = DIRECTION('',(-0.457521102787,0.321691656393,-0.828968587289));
#6121 = ORIENTED_EDGE('',*,*,#6122,.F.);
#6122 = EDGE_CURVE('',#4286,#6115,#6123,.T.);
#6123 = LINE('',#6124,#6125);
#6124 = CARTESIAN_POINT('',(6.254207363696,-8.508856006095,
    25.01342482631));
#6125 = VECTOR('',#6126,1.);
#6126 = DIRECTION('',(0.959877867285,0.101448926597,-0.261424167184));
#6127 = PLANE('',#6128);
#6128 = AXIS2_PLACEMENT_3D('',#6129,#6130,#6131);
#6129 = CARTESIAN_POINT('',(7.0002883229E-07,-11.31512882845,
    32.244921108115));
#6130 = DIRECTION('',(-1.191E-14,0.932264665203,0.361776994864));
#6131 = DIRECTION('',(-1.,-1.643882882907E-14,9.440454487569E-15));
#6132 = ADVANCED_FACE('',(#6133),#6181,.F.);
#6133 = FACE_BOUND('',#6134,.F.);
#6134 = EDGE_LOOP('',(#6135,#6153,#6161,#6172,#6179,#6180));
#6135 = ORIENTED_EDGE('',*,*,#6136,.F.);
#6136 = EDGE_CURVE('',#6137,#4277,#6139,.T.);
#6137 = VERTEX_POINT('',#6138);
#6138 = CARTESIAN_POINT('',(11.441920519583,-7.033835982089,
    22.254402248483));
#6139 = B_SPLINE_CURVE_WITH_KNOTS('',3,(#6140,#6141,#6142,#6143,#6144,
    #6145,#6146,#6147,#6148,#6149,#6150,#6151,#6152),.UNSPECIFIED.,.F.,
  .F.,(4,3,3,3,4),(-0.173048181661,-0.169147448726,-0.165253937043,
    -0.163715040215,-0.160423038734),.UNSPECIFIED.);
#6140 = CARTESIAN_POINT('',(11.440111550344,-7.03156011833,
    22.257645610653));
#6141 = CARTESIAN_POINT('',(11.380500962292,-7.099894047024,
    22.329430265553));
#6142 = CARTESIAN_POINT('',(11.319763248686,-7.165495487547,
    22.402948425136));
#6143 = CARTESIAN_POINT('',(11.258017393069,-7.228442412703,
    22.477917086556));
#6144 = CARTESIAN_POINT('',(11.196385844758,-7.291272807067,
    22.55274696189));
#6145 = CARTESIAN_POINT('',(11.133749531877,-7.351457511073,
    22.629021930352));
#6146 = CARTESIAN_POINT('',(11.070273122505,-7.409056554356,
    22.706474733968));
#6147 = CARTESIAN_POINT('',(11.045184294485,-7.431822374057,
    22.737087682761));
#6148 = CARTESIAN_POINT('',(11.019964763251,-7.454184149939,
    22.767884792948));
#6149 = CARTESIAN_POINT('',(10.994626838869,-7.476145322597,
    22.798850212282));
#6150 = CARTESIAN_POINT('',(10.94041939047,-7.523128615926,
    22.865097010772));
#6151 = CARTESIAN_POINT('',(10.885579072864,-7.568357359762,
    22.932221608703));
#6152 = CARTESIAN_POINT('',(10.830149401133,-7.611896130806,
    23.000144080842));
#6153 = ORIENTED_EDGE('',*,*,#6154,.F.);
#6154 = EDGE_CURVE('',#6155,#6137,#6157,.T.);
#6155 = VERTEX_POINT('',#6156);
#6156 = CARTESIAN_POINT('',(13.580524775118,-6.807808157581,
    21.671950193392));
#6157 = LINE('',#6158,#6159);
#6158 = CARTESIAN_POINT('',(5.826169054012,-7.627361447812,
    23.783860526498));
#6159 = VECTOR('',#6160,1.);
#6160 = DIRECTION('',(-0.959877867285,-0.101448926597,0.261424167184));
#6161 = ORIENTED_EDGE('',*,*,#6162,.F.);
#6162 = EDGE_CURVE('',#6163,#6155,#6165,.T.);
#6163 = VERTEX_POINT('',#6164);
#6164 = CARTESIAN_POINT('',(14.169720241135,-7.261036583861,
    22.091752254258));
#6165 = B_SPLINE_CURVE_WITH_KNOTS('',3,(#6166,#6167,#6168,#6169,#6170,
    #6171),.UNSPECIFIED.,.F.,.F.,(4,2,4),(0.685814441186,0.735559347559,
    0.76495288015),.UNSPECIFIED.);
#6166 = CARTESIAN_POINT('',(14.169720241135,-7.261036583861,
    22.091752254258));
#6167 = CARTESIAN_POINT('',(14.051631076403,-7.180045560666,
    21.991779090665));
#6168 = CARTESIAN_POINT('',(13.92810296238,-7.08791446216,
    21.896535660255));
#6169 = CARTESIAN_POINT('',(13.729145203074,-6.930516878308,
    21.761286970859));
#6170 = CARTESIAN_POINT('',(13.654682829407,-6.869711540044,
    21.714553105348));
#6171 = CARTESIAN_POINT('',(13.580524775118,-6.807808157581,
    21.671950193392));
#6172 = ORIENTED_EDGE('',*,*,#6173,.F.);
#6173 = EDGE_CURVE('',#6115,#6163,#6174,.T.);
#6174 = ELLIPSE('',#6175,5.331956974074,3.278981772776);
#6175 = AXIS2_PLACEMENT_3D('',#6176,#6177,#6178);
#6176 = CARTESIAN_POINT('',(10.695283262795,-4.982602464716,
    24.990151360832));
#6177 = DIRECTION('',(0.556954274341,0.830410226422,1.485907622296E-02)
  );
#6178 = DIRECTION('',(0.7829144417,-0.518959423028,-0.343112363851));
#6179 = ORIENTED_EDGE('',*,*,#6122,.F.);
#6180 = ORIENTED_EDGE('',*,*,#4285,.F.);
#6181 = CYLINDRICAL_SURFACE('',#6182,3.278981772776);
#6182 = AXIS2_PLACEMENT_3D('',#6183,#6184,#6185);
#6183 = CARTESIAN_POINT('',(6.254207363696,-5.45197716149,26.19968499828
    ));
#6184 = DIRECTION('',(0.959877867285,0.101448926597,-0.261424167184));
#6185 = DIRECTION('',(-6.723084658151E-02,-0.82181774825,-0.565769919604
    ));
#6186 = ADVANCED_FACE('',(#6187),#6208,.T.);
#6187 = FACE_BOUND('',#6188,.T.);
#6188 = EDGE_LOOP('',(#6189,#6190,#6199));
#6189 = ORIENTED_EDGE('',*,*,#6154,.F.);
#6190 = ORIENTED_EDGE('',*,*,#6191,.T.);
#6191 = EDGE_CURVE('',#6155,#6192,#6194,.T.);
#6192 = VERTEX_POINT('',#6193);
#6193 = CARTESIAN_POINT('',(12.210682549752,-4.744514444313,
    20.056720354963));
#6194 = ELLIPSE('',#6195,10.133872673259,4.940819446345);
#6195 = AXIS2_PLACEMENT_3D('',#6196,#6197,#6198);
#6196 = CARTESIAN_POINT('',(22.115645975788,-6.602619485159,
    19.97492165788));
#6197 = DIRECTION('',(-0.130540008864,-0.66343286943,-0.736760567515));
#6198 = DIRECTION('',(-0.973443657908,0.226723721953,-3.168278368817E-02
    ));
#6199 = ORIENTED_EDGE('',*,*,#6200,.F.);
#6200 = EDGE_CURVE('',#6137,#6192,#6201,.T.);
#6201 = B_SPLINE_CURVE_WITH_KNOTS('',3,(#6202,#6203,#6204,#6205,#6206,
    #6207),.UNSPECIFIED.,.F.,.F.,(4,2,4),(0.181620688235,0.409189116718,
    0.679703822166),.UNSPECIFIED.);
#6202 = CARTESIAN_POINT('',(11.441920519581,-7.033835982087,
    22.254402248482));
#6203 = CARTESIAN_POINT('',(11.699968798298,-6.738700326758,
    21.942919346986));
#6204 = CARTESIAN_POINT('',(11.889872623209,-6.401019818441,
    21.605199867224));
#6205 = CARTESIAN_POINT('',(12.166009820108,-5.63485333005,
    20.866361487448));
#6206 = CARTESIAN_POINT('',(12.229876794309,-5.191917193599,
    20.456193516085));
#6207 = CARTESIAN_POINT('',(12.210682549752,-4.744514444313,
    20.056720354963));
#6208 = PLANE('',#6209);
#6209 = AXIS2_PLACEMENT_3D('',#6210,#6211,#6212);
#6210 = CARTESIAN_POINT('',(12.03621516743,-1.898105736544,
    17.524518978845));
#6211 = DIRECTION('',(0.130540008864,0.66343286943,0.736760567515));
#6212 = DIRECTION('',(0.200124864995,-0.745455234163,0.635803847323));
#6213 = ADVANCED_FACE('',(#6214),#6240,.T.);
#6214 = FACE_BOUND('',#6215,.T.);
#6215 = EDGE_LOOP('',(#6216,#6217,#6218,#6219,#6230,#6237,#6238,#6239));
#6216 = ORIENTED_EDGE('',*,*,#4276,.T.);
#6217 = ORIENTED_EDGE('',*,*,#6136,.F.);
#6218 = ORIENTED_EDGE('',*,*,#6200,.T.);
#6219 = ORIENTED_EDGE('',*,*,#6220,.T.);
#6220 = EDGE_CURVE('',#6192,#6221,#6223,.T.);
#6221 = VERTEX_POINT('',#6222);
#6222 = CARTESIAN_POINT('',(11.904169756327,-2.681321562733,
    19.135280026722));
#6223 = B_SPLINE_CURVE_WITH_KNOTS('',3,(#6224,#6225,#6226,#6227,#6228,
    #6229),.UNSPECIFIED.,.F.,.F.,(4,2,4),(0.529983175058,0.639061121998,
    0.731845970277),.UNSPECIFIED.);
#6224 = CARTESIAN_POINT('',(12.210682549773,-4.744514444735,
    20.056720355347));
#6225 = CARTESIAN_POINT('',(12.195365125988,-4.433726867793,
    19.774083509395));
#6226 = CARTESIAN_POINT('',(12.172047846131,-4.084246407832,
    19.55236671601));
#6227 = CARTESIAN_POINT('',(12.069284030346,-3.366790543249,
    19.258582251547));
#6228 = CARTESIAN_POINT('',(12.00084551754,-3.025149891883,
    19.175679079073));
#6229 = CARTESIAN_POINT('',(11.904169761643,-2.68132156048,
    19.135280039282));
#6230 = ORIENTED_EDGE('',*,*,#6231,.T.);
#6231 = EDGE_CURVE('',#6221,#4594,#6232,.T.);
#6232 = B_SPLINE_CURVE_WITH_KNOTS('',3,(#6233,#6234,#6235,#6236),
  .UNSPECIFIED.,.F.,.F.,(4,4),(-1.597084366407,-1.375793802544),
  .PIECEWISE_BEZIER_KNOTS.);
#6233 = CARTESIAN_POINT('',(11.903397270437,-2.678506907106,
    19.134990098215));
#6234 = CARTESIAN_POINT('',(11.621303977536,-2.814243378661,
    18.46066258522));
#6235 = CARTESIAN_POINT('',(11.355735131985,-3.011373026065,
    17.79195851102));
#6236 = CARTESIAN_POINT('',(11.112830306001,-3.26638169814,
    17.143827714068));
#6237 = ORIENTED_EDGE('',*,*,#4593,.F.);
#6238 = ORIENTED_EDGE('',*,*,#4259,.T.);
#6239 = ORIENTED_EDGE('',*,*,#4208,.T.);
#6240 = B_SPLINE_SURFACE_WITH_KNOTS('',3,3,(
    (#6241,#6242,#6243,#6244,#6245)
    ,(#6246,#6247,#6248,#6249,#6250)
    ,(#6251,#6252,#6253,#6254,#6255)
    ,(#6256,#6257,#6258,#6259,#6260)
    ,(#6261,#6262,#6263,#6264,#6265
  )),.UNSPECIFIED.,.F.,.F.,.F.,(4,1,4),(4,1,4),(0.,0.571428571429,1.),(
    -1.970668219616,-1.715722040871,-1.375793802544),.UNSPECIFIED.);
#6241 = CARTESIAN_POINT('',(10.400253553572,-7.799101447816,
    23.184455309056));
#6242 = CARTESIAN_POINT('',(10.622603542932,-7.58987981457,
    22.645311199176));
#6243 = CARTESIAN_POINT('',(11.118030839013,-7.024036872135,
    21.187188132271));
#6244 = CARTESIAN_POINT('',(11.300562723795,-6.263336137156,
    19.226935197224));
#6245 = CARTESIAN_POINT('',(11.222666824358,-5.830483625796,
    18.111515733538));
#6246 = CARTESIAN_POINT('',(11.500889105549,-7.394998032517,
    22.699891688553));
#6247 = CARTESIAN_POINT('',(11.610209302116,-7.088958847558,
    22.217637798365));
#6248 = CARTESIAN_POINT('',(11.760825466618,-6.355686262535,
    20.834145709721));
#6249 = CARTESIAN_POINT('',(11.572236568346,-5.682581208494,
    18.949127833363));
#6250 = CARTESIAN_POINT('',(11.351595407033,-5.36990599983,
    17.881980793332));
#6251 = CARTESIAN_POINT('',(13.194531077675,-5.783624512476,
    22.12117628002));
#6252 = CARTESIAN_POINT('',(13.018185955257,-5.466639256336,
    21.646122450742));
#6253 = CARTESIAN_POINT('',(12.501931877074,-4.836458829464,
    20.280485094814));
#6254 = CARTESIAN_POINT('',(11.818584248192,-4.544270117579,
    18.511974570917));
#6255 = CARTESIAN_POINT('',(11.429097223124,-4.506301379883,
    17.513147475109));
#6256 = CARTESIAN_POINT('',(13.565518591934,-3.487672185984,
    22.322167968054));
#6257 = CARTESIAN_POINT('',(13.218475211792,-3.310422661026,
    21.662687111761));
#6258 = CARTESIAN_POINT('',(12.412426173824,-3.128674605442,
    20.014540077192));
#6259 = CARTESIAN_POINT('',(11.637531222705,-3.363710229221,
    18.227138563943));
#6260 = CARTESIAN_POINT('',(11.23994398627,-3.631030273407,
    17.23966025722));
#6261 = CARTESIAN_POINT('',(13.454654764981,-2.566528099137,
    22.533228585511));
#6262 = CARTESIAN_POINT('',(13.074721039592,-2.438907445438,
    21.776678551575));
#6263 = CARTESIAN_POINT('',(12.232527327541,-2.428148417327,
    19.966696318904));
#6264 = CARTESIAN_POINT('',(11.485960583842,-2.874658494297,
    18.139432570268));
#6265 = CARTESIAN_POINT('',(11.112830306001,-3.26638169814,
    17.143827714068));
#6266 = ADVANCED_FACE('',(#6267),#6286,.T.);
#6267 = FACE_BOUND('',#6268,.T.);
#6268 = EDGE_LOOP('',(#6269,#6270,#6279));
#6269 = ORIENTED_EDGE('',*,*,#6231,.F.);
#6270 = ORIENTED_EDGE('',*,*,#6271,.T.);
#6271 = EDGE_CURVE('',#6221,#6272,#6274,.T.);
#6272 = VERTEX_POINT('',#6273);
#6273 = CARTESIAN_POINT('',(11.241631175517,0.638477562795,
    19.329109928474));
#6274 = ELLIPSE('',#6275,6.765563007555,4.940819446345);
#6275 = AXIS2_PLACEMENT_3D('',#6276,#6277,#6278);
#6276 = CARTESIAN_POINT('',(13.569913480781,-0.935496604702,
    23.57847314028));
#6277 = DIRECTION('',(0.888535588199,0.201395950864,-0.41224286468));
#6278 = DIRECTION('',(0.201090569642,-0.9785551595,-4.463611336633E-02)
  );
#6279 = ORIENTED_EDGE('',*,*,#6280,.T.);
#6280 = EDGE_CURVE('',#6272,#4594,#6281,.T.);
#6281 = ELLIPSE('',#6282,55.860110154837,11.25);
#6282 = AXIS2_PLACEMENT_3D('',#6283,#6284,#6285);
#6283 = CARTESIAN_POINT('',(1.192707073E-08,49.347184681136,
    18.895256517965));
#6284 = DIRECTION('',(0.888535588199,0.201395950864,-0.41224286468));
#6285 = DIRECTION('',(-0.182690820342,0.979509913669,8.476079982513E-02)
  );
#6286 = PLANE('',#6287);
#6287 = AXIS2_PLACEMENT_3D('',#6288,#6289,#6290);
#6288 = CARTESIAN_POINT('',(9.984535145274,7.731870511519,
    20.084989735751));
#6289 = DIRECTION('',(-0.888535588199,-0.201395950864,0.41224286468));
#6290 = DIRECTION('',(0.221053341919,-0.975261718733,-1.75831571525E-14)
  );
#6291 = ADVANCED_FACE('',(#6292),#6336,.T.);
#6292 = FACE_BOUND('',#6293,.T.);
#6293 = EDGE_LOOP('',(#6294,#6305,#6313,#6322,#6330));
#6294 = ORIENTED_EDGE('',*,*,#6295,.F.);
#6295 = EDGE_CURVE('',#6296,#6298,#6300,.T.);
#6296 = VERTEX_POINT('',#6297);
#6297 = CARTESIAN_POINT('',(11.206500800566,3.282944939872,
    20.405761721405));
#6298 = VERTEX_POINT('',#6299);
#6299 = CARTESIAN_POINT('',(11.206500800227,2.321902301192,
    19.883608727182));
#6300 = ELLIPSE('',#6301,6.28394508897,4.940819446345);
#6301 = AXIS2_PLACEMENT_3D('',#6302,#6303,#6304);
#6302 = CARTESIAN_POINT('',(11.206500800566,0.631806149489,
    24.575073405066));
#6303 = DIRECTION('',(-1.,-1.644E-14,9.44E-15));
#6304 = DIRECTION('',(8.807594442732E-15,-0.843850241632,-0.53657876374)
  );
#6305 = ORIENTED_EDGE('',*,*,#6306,.F.);
#6306 = EDGE_CURVE('',#6307,#6296,#6309,.T.);
#6307 = VERTEX_POINT('',#6308);
#6308 = CARTESIAN_POINT('',(11.206500800566,4.837051806731,
    21.393971121838));
#6309 = LINE('',#6310,#6311);
#6310 = CARTESIAN_POINT('',(11.206500800566,3.785475321917,
    20.725305543088));
#6311 = VECTOR('',#6312,1.);
#6312 = DIRECTION('',(8.81E-15,-0.843850241632,-0.53657876374));
#6313 = ORIENTED_EDGE('',*,*,#6314,.F.);
#6314 = EDGE_CURVE('',#6315,#6307,#6317,.T.);
#6315 = VERTEX_POINT('',#6316);
#6316 = CARTESIAN_POINT('',(11.206500800566,5.562157860045,
    21.881041487309));
#6317 = CIRCLE('',#6318,17.390340002837);
#6318 = AXIS2_PLACEMENT_3D('',#6319,#6320,#6321);
#6319 = CARTESIAN_POINT('',(11.206500800567,-4.494235333011,
    36.068813735303));
#6320 = DIRECTION('',(-1.,-1.644E-14,9.44E-15));
#6321 = DIRECTION('',(-1.857965919787E-14,0.750994108193,-0.660308904573
    ));
#6322 = ORIENTED_EDGE('',*,*,#6323,.F.);
#6323 = EDGE_CURVE('',#6324,#6315,#6326,.T.);
#6324 = VERTEX_POINT('',#6325);
#6325 = CARTESIAN_POINT('',(11.206500800566,8.222426733935,
    19.883608719477));
#6326 = LINE('',#6327,#6328);
#6327 = CARTESIAN_POINT('',(11.206500800566,9.252741653295,
    19.11000842617));
#6328 = VECTOR('',#6329,1.);
#6329 = DIRECTION('',(1.882E-14,-0.799677961644,0.60042914458));
#6330 = ORIENTED_EDGE('',*,*,#6331,.F.);
#6331 = EDGE_CURVE('',#6298,#6324,#6332,.T.);
#6332 = LINE('',#6333,#6334);
#6333 = CARTESIAN_POINT('',(11.206500800567,-12.25,19.883608719474));
#6334 = VECTOR('',#6335,1.);
#6335 = DIRECTION('',(-5.82E-15,1.,1.752E-14));
#6336 = PLANE('',#6337);
#6337 = AXIS2_PLACEMENT_3D('',#6338,#6339,#6340);
#6338 = CARTESIAN_POINT('',(11.206500800566,7.770269292028,
    8.995256608555));
#6339 = DIRECTION('',(-1.,-1.644E-14,9.44E-15));
#6340 = DIRECTION('',(1.644E-14,-1.,-1.56E-14));
#6341 = ADVANCED_FACE('',(#6342),#6378,.F.);
#6342 = FACE_BOUND('',#6343,.T.);
#6343 = EDGE_LOOP('',(#6344,#6345,#6346,#6354,#6362,#6371,#6377));
#6344 = ORIENTED_EDGE('',*,*,#4319,.F.);
#6345 = ORIENTED_EDGE('',*,*,#4576,.F.);
#6346 = ORIENTED_EDGE('',*,*,#6347,.T.);
#6347 = EDGE_CURVE('',#4569,#6348,#6350,.T.);
#6348 = VERTEX_POINT('',#6349);
#6349 = CARTESIAN_POINT('',(14.01526840826,11.254182482215,
    28.692414767557));
#6350 = LINE('',#6351,#6352);
#6351 = CARTESIAN_POINT('',(-2.772704142045,-11.70500596186,
    -20.32484879109));
#6352 = VECTOR('',#6353,1.);
#6353 = DIRECTION('',(-0.296233368685,-0.405127999506,-0.864937625088));
#6354 = ORIENTED_EDGE('',*,*,#6355,.F.);
#6355 = EDGE_CURVE('',#6356,#6348,#6358,.T.);
#6356 = VERTEX_POINT('',#6357);
#6357 = CARTESIAN_POINT('',(21.596714867345,11.254182482183,
    28.692414767488));
#6358 = LINE('',#6359,#6360);
#6359 = CARTESIAN_POINT('',(-248.5996247079,11.254182482202,
    28.692414767555));
#6360 = VECTOR('',#6361,1.);
#6361 = DIRECTION('',(-1.,-5.218E-14,-1.075E-14));
#6362 = ORIENTED_EDGE('',*,*,#6363,.F.);
#6363 = EDGE_CURVE('',#6364,#6356,#6366,.T.);
#6364 = VERTEX_POINT('',#6365);
#6365 = CARTESIAN_POINT('',(21.606470806256,11.26525738588,
    28.716059395724));
#6366 = B_SPLINE_CURVE_WITH_KNOTS('',3,(#6367,#6368,#6369,#6370),
  .UNSPECIFIED.,.F.,.F.,(4,4),(0.114558219275,0.117355951463),
  .PIECEWISE_BEZIER_KNOTS.);
#6367 = CARTESIAN_POINT('',(21.6065202811,11.265242516711,
    28.716146041476));
#6368 = CARTESIAN_POINT('',(21.603269668337,11.261544051033,
    28.708275081331));
#6369 = CARTESIAN_POINT('',(21.600017932159,11.257858433344,
    28.70038834854));
#6370 = CARTESIAN_POINT('',(21.596767761224,11.254166427887,
    28.692509759009));
#6371 = ORIENTED_EDGE('',*,*,#6372,.F.);
#6372 = EDGE_CURVE('',#4408,#6364,#6373,.T.);
#6373 = LINE('',#6374,#6375);
#6374 = CARTESIAN_POINT('',(-94.7669338344,60.273863916321,
    133.34814553391));
#6375 = VECTOR('',#6376,1.);
#6376 = DIRECTION('',(0.709640286419,-0.298852488526,-0.638042203928));
#6377 = ORIENTED_EDGE('',*,*,#4407,.T.);
#6378 = PLANE('',#6379);
#6379 = AXIS2_PLACEMENT_3D('',#6380,#6381,#6382);
#6380 = CARTESIAN_POINT('',(-336.8454661106,10.768693667307,
    27.65590891491));
#6381 = DIRECTION('',(-4.269E-14,0.905584238874,-0.424166460606));
#6382 = DIRECTION('',(-1.,-4.479524761238E-14,5.007774029903E-15));
#6383 = ADVANCED_FACE('',(#6384),#6403,.T.);
#6384 = FACE_BOUND('',#6385,.T.);
#6385 = EDGE_LOOP('',(#6386,#6394,#6395,#6396));
#6386 = ORIENTED_EDGE('',*,*,#6387,.T.);
#6387 = EDGE_CURVE('',#6388,#4416,#6390,.T.);
#6388 = VERTEX_POINT('',#6389);
#6389 = CARTESIAN_POINT('',(21.875484233804,11.781624933417,
    29.18608191118));
#6390 = LINE('',#6391,#6392);
#6391 = CARTESIAN_POINT('',(-34.79691600733,-129.6399548318,
    -106.7350091567));
#6392 = VECTOR('',#6393,1.);
#6393 = DIRECTION('',(0.2775713144,0.69265768898,0.665717275815));
#6394 = ORIENTED_EDGE('',*,*,#4415,.T.);
#6395 = ORIENTED_EDGE('',*,*,#6372,.T.);
#6396 = ORIENTED_EDGE('',*,*,#6397,.F.);
#6397 = EDGE_CURVE('',#6388,#6364,#6398,.T.);
#6398 = B_SPLINE_CURVE_WITH_KNOTS('',3,(#6399,#6400,#6401,#6402),
  .UNSPECIFIED.,.F.,.F.,(4,4),(0.,7.482858531666E-02),
  .PIECEWISE_BEZIER_KNOTS.);
#6399 = CARTESIAN_POINT('',(21.875484233802,11.781624933418,
    29.186081911172));
#6400 = CARTESIAN_POINT('',(21.784358533266,11.609626545531,
    29.030163316634));
#6401 = CARTESIAN_POINT('',(21.694695717163,11.437488153954,
    28.873495050889));
#6402 = CARTESIAN_POINT('',(21.606520281098,11.265242516679,
    28.716146041492));
#6403 = PLANE('',#6404);
#6404 = AXIS2_PLACEMENT_3D('',#6405,#6406,#6407);
#6405 = CARTESIAN_POINT('',(-141.5172064732,-72.39318263809,
    3.128189217713));
#6406 = DIRECTION('',(0.269832297422,-0.72126194022,0.6379433712));
#6407 = DIRECTION('',(0.889898554736,0.439847499917,0.120891435159));
#6408 = ADVANCED_FACE('',(#6409),#6437,.T.);
#6409 = FACE_BOUND('',#6410,.T.);
#6410 = EDGE_LOOP('',(#6411,#6419,#6420,#6421,#6422,#6423,#6431));
#6411 = ORIENTED_EDGE('',*,*,#6412,.F.);
#6412 = EDGE_CURVE('',#4483,#6413,#6415,.T.);
#6413 = VERTEX_POINT('',#6414);
#6414 = CARTESIAN_POINT('',(19.894038179768,16.399698247282,
    21.412045664341));
#6415 = LINE('',#6416,#6417);
#6416 = CARTESIAN_POINT('',(21.256326881543,18.524347180754,
    25.774385036126));
#6417 = VECTOR('',#6418,1.);
#6418 = DIRECTION('',(-0.270304058626,-0.42157086756,-0.865571325493));
#6419 = ORIENTED_EDGE('',*,*,#4490,.F.);
#6420 = ORIENTED_EDGE('',*,*,#4382,.T.);
#6421 = ORIENTED_EDGE('',*,*,#4359,.F.);
#6422 = ORIENTED_EDGE('',*,*,#4457,.F.);
#6423 = ORIENTED_EDGE('',*,*,#6424,.F.);
#6424 = EDGE_CURVE('',#6425,#4450,#6427,.T.);
#6425 = VERTEX_POINT('',#6426);
#6426 = CARTESIAN_POINT('',(19.894038179769,13.574320420079,
    21.412045664341));
#6427 = LINE('',#6428,#6429);
#6428 = CARTESIAN_POINT('',(4.361528145218,2.651737128054,-28.3263687981
    ));
#6429 = VECTOR('',#6430,1.);
#6430 = DIRECTION('',(0.291746445508,0.205158586041,0.934234427811));
#6431 = ORIENTED_EDGE('',*,*,#6432,.F.);
#6432 = EDGE_CURVE('',#6413,#6425,#6433,.T.);
#6433 = LINE('',#6434,#6435);
#6434 = CARTESIAN_POINT('',(19.894038179768,15.889517282253,
    21.412045664341));
#6435 = VECTOR('',#6436,1.);
#6436 = DIRECTION('',(2.691E-14,-1.,-1.811E-14));
#6437 = PLANE('',#6438);
#6438 = AXIS2_PLACEMENT_3D('',#6439,#6440,#6441);
#6439 = CARTESIAN_POINT('',(24.168941257062,14.707145704702,
    35.10119832365));
#6440 = DIRECTION('',(0.954538663976,3.108E-14,-0.298087133191));
#6441 = DIRECTION('',(-0.298087133191,8.28E-15,-0.954538663976));
#6442 = ADVANCED_FACE('',(#6443),#6464,.F.);
#6443 = FACE_BOUND('',#6444,.T.);
#6444 = EDGE_LOOP('',(#6445,#6446,#6447,#6448,#6456,#6463));
#6445 = ORIENTED_EDGE('',*,*,#4449,.T.);
#6446 = ORIENTED_EDGE('',*,*,#4423,.F.);
#6447 = ORIENTED_EDGE('',*,*,#6387,.F.);
#6448 = ORIENTED_EDGE('',*,*,#6449,.T.);
#6449 = EDGE_CURVE('',#6388,#6450,#6452,.T.);
#6450 = VERTEX_POINT('',#6451);
#6451 = CARTESIAN_POINT('',(19.722179230932,12.78700430998,
    21.160640629494));
#6452 = LINE('',#6453,#6454);
#6453 = CARTESIAN_POINT('',(16.705120300072,14.195670905246,
    9.91595896075));
#6454 = VECTOR('',#6455,1.);
#6455 = DIRECTION('',(-0.257267724541,0.120118452409,-0.95884559513));
#6456 = ORIENTED_EDGE('',*,*,#6457,.F.);
#6457 = EDGE_CURVE('',#6425,#6450,#6458,.T.);
#6458 = ELLIPSE('',#6459,213.57764193972,26.);
#6459 = AXIS2_PLACEMENT_3D('',#6460,#6461,#6462);
#6460 = CARTESIAN_POINT('',(41.271895674593,214.22715697662,
    6.613829253887));
#6461 = DIRECTION('',(0.954732741851,-0.121735588818,-0.271414513342));
#6462 = DIRECTION('',(-0.117095845173,-0.992562565491,3.328838578474E-02
    ));
#6463 = ORIENTED_EDGE('',*,*,#6424,.T.);
#6464 = PLANE('',#6465);
#6465 = AXIS2_PLACEMENT_3D('',#6466,#6467,#6468);
#6466 = CARTESIAN_POINT('',(-34.96242226879,-339.5889290532,
    -13.15030199016));
#6467 = DIRECTION('',(-0.954732741851,0.121735588818,0.271414513342));
#6468 = DIRECTION('',(-0.157348133596,-0.981000328169,-0.113489739563));
#6469 = ADVANCED_FACE('',(#6470),#6497,.F.);
#6470 = FACE_BOUND('',#6471,.T.);
#6471 = EDGE_LOOP('',(#6472,#6480,#6481,#6482,#6491));
#6472 = ORIENTED_EDGE('',*,*,#6473,.T.);
#6473 = EDGE_CURVE('',#6474,#4475,#6476,.T.);
#6474 = VERTEX_POINT('',#6475);
#6475 = CARTESIAN_POINT('',(13.990064287307,16.365412808918,
    24.75523400836));
#6476 = LINE('',#6477,#6478);
#6477 = CARTESIAN_POINT('',(12.737160768842,14.579646697308,
    21.151310098294));
#6478 = VECTOR('',#6479,1.);
#6479 = DIRECTION('',(0.297409756017,0.423898772515,0.8554865678));
#6480 = ORIENTED_EDGE('',*,*,#4482,.T.);
#6481 = ORIENTED_EDGE('',*,*,#6412,.T.);
#6482 = ORIENTED_EDGE('',*,*,#6483,.F.);
#6483 = EDGE_CURVE('',#6484,#6413,#6486,.T.);
#6484 = VERTEX_POINT('',#6485);
#6485 = CARTESIAN_POINT('',(19.853061228309,16.365412808918,
    21.352673542444));
#6486 = ELLIPSE('',#6487,28.803310209191,26.);
#6487 = AXIS2_PLACEMENT_3D('',#6488,#6489,#6490);
#6488 = CARTESIAN_POINT('',(41.271895674598,15.413563086774,
    6.613829253883));
#6489 = DIRECTION('',(-0.215997887131,0.902674026394,-0.372188816099));
#6490 = DIRECTION('',(-0.453089372773,-0.430324995874,-0.780724290775));
#6491 = ORIENTED_EDGE('',*,*,#6492,.F.);
#6492 = EDGE_CURVE('',#6474,#6484,#6493,.T.);
#6493 = LINE('',#6494,#6495);
#6494 = CARTESIAN_POINT('',(13.118273188397,16.365412808918,
    25.26117354023));
#6495 = VECTOR('',#6496,1.);
#6496 = DIRECTION('',(0.864901689809,1.376E-14,-0.501941298326));
#6497 = PLANE('',#6498);
#6498 = AXIS2_PLACEMENT_3D('',#6499,#6500,#6501);
#6499 = CARTESIAN_POINT('',(17.626189067203,16.145760636431,
    22.112302415038));
#6500 = DIRECTION('',(0.215997887131,-0.902674026394,0.372188816099));
#6501 = DIRECTION('',(0.972587070526,0.232538558177,-4.573906463422E-04)
  );
#6502 = ADVANCED_FACE('',(#6503),#6546,.T.);
#6503 = FACE_BOUND('',#6504,.T.);
#6504 = EDGE_LOOP('',(#6505,#6518,#6525,#6526,#6533,#6534,#6535,#6536,
    #6537,#6538,#6539));
#6505 = ORIENTED_EDGE('',*,*,#6506,.F.);
#6506 = EDGE_CURVE('',#6507,#6509,#6511,.T.);
#6507 = VERTEX_POINT('',#6508);
#6508 = CARTESIAN_POINT('',(11.119128131835,11.358274152496,
    17.184265619954));
#6509 = VERTEX_POINT('',#6510);
#6510 = CARTESIAN_POINT('',(11.664075008688,13.7935864569,17.50644244937
    ));
#6511 = B_SPLINE_CURVE_WITH_KNOTS('',3,(#6512,#6513,#6514,#6515,#6516,
    #6517),.UNSPECIFIED.,.F.,.F.,(4,1,1,4),(-0.735331590116,
    -0.709573037611,-0.647103290431,-0.48051729795),.UNSPECIFIED.);
#6512 = CARTESIAN_POINT('',(11.119129613868,11.358268584446,
    17.184275649696));
#6513 = CARTESIAN_POINT('',(11.142633325836,11.431932230083,
    17.221726581912));
#6514 = CARTESIAN_POINT('',(11.221744470182,11.68973529866,
    17.340380454575));
#6515 = CARTESIAN_POINT('',(11.434665421275,12.480610876071,
    17.586880619965));
#6516 = CARTESIAN_POINT('',(11.582949616319,13.246603630356,
    17.596966433284));
#6517 = CARTESIAN_POINT('',(11.664075008687,13.7935864569,
    17.506442449366));
#6518 = ORIENTED_EDGE('',*,*,#6519,.T.);
#6519 = EDGE_CURVE('',#6507,#6324,#6520,.T.);
#6520 = ELLIPSE('',#6521,62.030715163989,11.25);
#6521 = AXIS2_PLACEMENT_3D('',#6522,#6523,#6524);
#6522 = CARTESIAN_POINT('',(1.192764805E-08,-49.36591722651,
    18.895256517963));
#6523 = DIRECTION('',(0.95329095364,-0.18136176522,-0.241545581257));
#6524 = DIRECTION('',(-0.175806018375,-0.983416447959,4.454586161217E-02
    ));
#6525 = ORIENTED_EDGE('',*,*,#6323,.T.);
#6526 = ORIENTED_EDGE('',*,*,#6527,.F.);
#6527 = EDGE_CURVE('',#6348,#6315,#6528,.T.);
#6528 = ELLIPSE('',#6529,18.2424263405,17.390340002837);
#6529 = AXIS2_PLACEMENT_3D('',#6530,#6531,#6532);
#6530 = CARTESIAN_POINT('',(12.888199831727,-4.49423533301,
    36.068813735303));
#6531 = DIRECTION('',(-0.95329095364,0.18136176522,0.241545581257));
#6532 = DIRECTION('',(-0.302053567615,-0.572383671829,-0.76232576666));
#6533 = ORIENTED_EDGE('',*,*,#6347,.F.);
#6534 = ORIENTED_EDGE('',*,*,#4568,.F.);
#6535 = ORIENTED_EDGE('',*,*,#4542,.F.);
#6536 = ORIENTED_EDGE('',*,*,#4518,.T.);
#6537 = ORIENTED_EDGE('',*,*,#4472,.T.);
#6538 = ORIENTED_EDGE('',*,*,#6473,.F.);
#6539 = ORIENTED_EDGE('',*,*,#6540,.F.);
#6540 = EDGE_CURVE('',#6509,#6474,#6541,.T.);
#6541 = ELLIPSE('',#6542,37.25260086661,35.231448316271);
#6542 = AXIS2_PLACEMENT_3D('',#6543,#6544,#6545);
#6543 = CARTESIAN_POINT('',(15.392640887512,48.167926116251,
    6.412127320076));
#6544 = DIRECTION('',(-0.95329095364,0.18136176522,0.241545581257));
#6545 = DIRECTION('',(0.112856009781,-0.527904617614,0.841772080648));
#6546 = PLANE('',#6547);
#6547 = AXIS2_PLACEMENT_3D('',#6548,#6549,#6550);
#6548 = CARTESIAN_POINT('',(11.410750725619,5.731210940365,
    22.560208706671));
#6549 = DIRECTION('',(-0.95329095364,0.18136176522,0.241545581257));
#6550 = DIRECTION('',(0.302053567615,0.572383671829,0.76232576666));
#6551 = ADVANCED_FACE('',(#6552),#6588,.T.);
#6552 = FACE_BOUND('',#6553,.T.);
#6553 = EDGE_LOOP('',(#6554,#6567,#6576,#6587));
#6554 = ORIENTED_EDGE('',*,*,#6555,.T.);
#6555 = EDGE_CURVE('',#6509,#6556,#6558,.T.);
#6556 = VERTEX_POINT('',#6557);
#6557 = CARTESIAN_POINT('',(10.221596360074,13.180195537792,
    14.19616425502));
#6558 = B_SPLINE_CURVE_WITH_KNOTS('',3,(#6559,#6560,#6561,#6562,#6563,
    #6564,#6565,#6566),.UNSPECIFIED.,.F.,.F.,(4,2,2,4),(0.,
    0.203383494425,0.330079646046,0.377427018485),.UNSPECIFIED.);
#6559 = CARTESIAN_POINT('',(11.664075008683,13.793586456873,
    17.506442449371));
#6560 = CARTESIAN_POINT('',(11.475665846244,13.648933218495,
    16.871472508378));
#6561 = CARTESIAN_POINT('',(11.242622952739,13.520692479756,
    16.249181867336));
#6562 = CARTESIAN_POINT('',(10.793328880516,13.341427968014,
    15.258848207884));
#6563 = CARTESIAN_POINT('',(10.61250576058,13.282157872057,
    14.900815579211));
#6564 = CARTESIAN_POINT('',(10.325613300464,13.205409436727,
    14.379763134636));
#6565 = CARTESIAN_POINT('',(10.258759451798,13.189166101672,
    14.262316582234));
#6566 = CARTESIAN_POINT('',(10.221596360032,13.180195537782,
    14.196164254941));
#6567 = ORIENTED_EDGE('',*,*,#6568,.F.);
#6568 = EDGE_CURVE('',#6569,#6556,#6571,.T.);
#6569 = VERTEX_POINT('',#6570);
#6570 = CARTESIAN_POINT('',(10.326068375079,13.005695212329,
    14.430414733588));
#6571 = ELLIPSE('',#6572,69.505990039498,11.25);
#6572 = AXIS2_PLACEMENT_3D('',#6573,#6574,#6575);
#6573 = CARTESIAN_POINT('',(1.192767469E-08,-55.06375591361,
    18.895256517963));
#6574 = DIRECTION('',(-0.850765805653,0.161856553566,0.5));
#6575 = DIRECTION('',(-0.139541980353,-0.986814296647,8.200963145552E-02
    ));
#6576 = ORIENTED_EDGE('',*,*,#6577,.T.);
#6577 = EDGE_CURVE('',#6569,#6507,#6578,.T.);
#6578 = B_SPLINE_CURVE_WITH_KNOTS('',3,(#6579,#6580,#6581,#6582,#6583,
    #6584,#6585,#6586),.UNSPECIFIED.,.F.,.F.,(4,2,2,4),(
    -1.512863606472E-03,0.,0.111356687031,0.200307694522),
  .UNSPECIFIED.);
#6579 = CARTESIAN_POINT('',(10.326068375079,13.005695212329,
    14.430414733588));
#6580 = CARTESIAN_POINT('',(10.327669980169,13.002671138101,
    14.434118847741));
#6581 = CARTESIAN_POINT('',(10.329272494786,12.999654681527,
    14.437830538844));
#6582 = CARTESIAN_POINT('',(10.44882609479,12.775261940864,
    14.715148458703));
#6583 = CARTESIAN_POINT('',(10.630702984774,12.482749519004,
    15.164420039929));
#6584 = CARTESIAN_POINT('',(10.936252847433,11.874933616364,
    16.212721419634));
#6585 = CARTESIAN_POINT('',(11.043632518568,11.614875496295,
    16.693646179851));
#6586 = CARTESIAN_POINT('',(11.119128131835,11.358274152496,
    17.184265619954));
#6587 = ORIENTED_EDGE('',*,*,#6506,.T.);
#6588 = B_SPLINE_SURFACE_WITH_KNOTS('',3,3,(
    (#6589,#6590,#6591,#6592,#6593,#6594)
    ,(#6595,#6596,#6597,#6598,#6599,#6600)
    ,(#6601,#6602,#6603,#6604,#6605,#6606)
    ,(#6607,#6608,#6609,#6610,#6611,#6612
    )),.UNSPECIFIED.,.F.,.F.,.F.,(4,4),(4,1,1,4),(0.,1.),(
    -0.772042784791,-0.709573037611,-0.647103290431,-0.48051729795),
  .UNSPECIFIED.);
#6589 = CARTESIAN_POINT('',(10.32606682184,13.005694297697,
    14.430411162748));
#6590 = CARTESIAN_POINT('',(10.326068375079,13.005695212329,
    14.430414733588));
#6591 = CARTESIAN_POINT('',(10.299706345638,13.056377280925,
    14.369152457255));
#6592 = CARTESIAN_POINT('',(10.185280331097,13.245584670044,
    14.113204064533));
#6593 = CARTESIAN_POINT('',(10.07453110879,13.364670974458,
    13.886210964231));
#6594 = CARTESIAN_POINT('',(10.003332550293,13.417862104794,
    13.747845700197));
#6595 = CARTESIAN_POINT('',(10.676815571742,12.343431109345,
    15.241605746806));
#6596 = CARTESIAN_POINT('',(10.696296605443,12.39786265278,
    15.277620863903));
#6597 = CARTESIAN_POINT('',(10.722307350836,12.547663990261,
    15.295356026377));
#6598 = CARTESIAN_POINT('',(10.74994109572,12.967103478648,
    15.204165997861));
#6599 = CARTESIAN_POINT('',(10.745120344588,13.292252542546,
    15.04371884324));
#6600 = CARTESIAN_POINT('',(10.736487544007,13.502196169092,
    14.914462179325));
#6601 = CARTESIAN_POINT('',(10.909038682816,11.686726423862,
    16.108505700944));
#6602 = CARTESIAN_POINT('',(10.948556928269,11.797143516042,
    16.181564156636));
#6603 = CARTESIAN_POINT('',(11.022308665874,12.04925798022,
    16.283455755413));
#6604 = CARTESIAN_POINT('',(11.171170851544,12.708861952737,
    16.375488114515));
#6605 = CARTESIAN_POINT('',(11.254655699383,13.252188129487,
    16.297308924676));
#6606 = CARTESIAN_POINT('',(11.298128877073,13.629261220579,
    16.185570338205));
#6607 = CARTESIAN_POINT('',(11.016308583773,11.053762103419,
    17.007114367378));
#6608 = CARTESIAN_POINT('',(11.075865226484,11.22016805674,
    17.117218353343));
#6609 = CARTESIAN_POINT('',(11.191068865531,11.575793545084,
    17.304867079395));
#6610 = CARTESIAN_POINT('',(11.434665421275,12.480610876071,
    17.586880619965));
#6611 = CARTESIAN_POINT('',(11.582949616319,13.246603630356,
    17.596966433284));
#6612 = CARTESIAN_POINT('',(11.664075008687,13.7935864569,
    17.506442449366));
#6613 = ADVANCED_FACE('',(#6614),#6658,.F.);
#6614 = FACE_BOUND('',#6615,.F.);
#6615 = EDGE_LOOP('',(#6616,#6617,#6618,#6619,#6620,#6629,#6630,#6631,
    #6632,#6640,#6649));
#6616 = ORIENTED_EDGE('',*,*,#6568,.F.);
#6617 = ORIENTED_EDGE('',*,*,#6577,.T.);
#6618 = ORIENTED_EDGE('',*,*,#6519,.T.);
#6619 = ORIENTED_EDGE('',*,*,#6331,.F.);
#6620 = ORIENTED_EDGE('',*,*,#6621,.T.);
#6621 = EDGE_CURVE('',#6298,#6272,#6622,.T.);
#6622 = B_SPLINE_CURVE_WITH_KNOTS('',3,(#6623,#6624,#6625,#6626,#6627,
    #6628),.UNSPECIFIED.,.F.,.F.,(4,2,4),(1.446111649445,1.448517941192,
    1.615079692117),.UNSPECIFIED.);
#6623 = CARTESIAN_POINT('',(11.206500799887,2.321902301192,
    19.883608727182));
#6624 = CARTESIAN_POINT('',(11.206815267402,2.314180962341,
    19.880043115222));
#6625 = CARTESIAN_POINT('',(11.207126935118,2.306454446588,
    19.87648982877));
#6626 = CARTESIAN_POINT('',(11.22881765305,1.763547648207,
    19.627844081924));
#6627 = CARTESIAN_POINT('',(11.23725545406,1.202733503128,
    19.442489806334));
#6628 = CARTESIAN_POINT('',(11.241631175517,0.638477562795,
    19.329109928474));
#6629 = ORIENTED_EDGE('',*,*,#6280,.T.);
#6630 = ORIENTED_EDGE('',*,*,#4602,.T.);
#6631 = ORIENTED_EDGE('',*,*,#414,.T.);
#6632 = ORIENTED_EDGE('',*,*,#6633,.F.);
#6633 = EDGE_CURVE('',#6634,#415,#6636,.T.);
#6634 = VERTEX_POINT('',#6635);
#6635 = CARTESIAN_POINT('',(7.00028505E-07,12.93647779998,7.645256517965
    ));
#6636 = LINE('',#6637,#6638);
#6637 = CARTESIAN_POINT('',(7.0002861149E-07,-12.25,7.645256517964));
#6638 = VECTOR('',#6639,1.);
#6639 = DIRECTION('',(5.82E-15,-1.,-1.752E-14));
#6640 = ORIENTED_EDGE('',*,*,#6641,.T.);
#6641 = EDGE_CURVE('',#6634,#6642,#6644,.T.);
#6642 = VERTEX_POINT('',#6643);
#6643 = CARTESIAN_POINT('',(7.819525290537,12.93647779998,
    10.807146453358));
#6644 = CIRCLE('',#6645,11.25);
#6645 = AXIS2_PLACEMENT_3D('',#6646,#6647,#6648);
#6646 = CARTESIAN_POINT('',(1.192728389E-08,12.93647779998,
    18.895256517965));
#6647 = DIRECTION('',(5.82E-15,-1.,-1.745E-14));
#6648 = DIRECTION('',(-1.,-5.82E-15,9.44E-15));
#6649 = ORIENTED_EDGE('',*,*,#6650,.F.);
#6650 = EDGE_CURVE('',#6556,#6642,#6651,.T.);
#6651 = B_SPLINE_CURVE_WITH_KNOTS('',3,(#6652,#6653,#6654,#6655,#6656,
    #6657),.UNSPECIFIED.,.F.,.F.,(4,2,4),(1.617126756364,1.723023508206,
    2.024302843253),.UNSPECIFIED.);
#6652 = CARTESIAN_POINT('',(10.22159636007,13.180195537792,
    14.196164255022));
#6653 = CARTESIAN_POINT('',(10.071303388771,13.137843630963,
    13.869242798577));
#6654 = CARTESIAN_POINT('',(9.90664970726,13.101294928881,
    13.552556192045));
#6655 = CARTESIAN_POINT('',(9.227980221427,12.983008092456,
    12.38313182494));
#6656 = CARTESIAN_POINT('',(8.581427646202,12.93647779998,
    11.543748042898));
#6657 = CARTESIAN_POINT('',(7.819525290537,12.93647779998,
    10.807146453359));
#6658 = CYLINDRICAL_SURFACE('',#6659,11.25);
#6659 = AXIS2_PLACEMENT_3D('',#6660,#6661,#6662);
#6660 = CARTESIAN_POINT('',(1.1927426E-08,-12.25,18.895256517964));
#6661 = DIRECTION('',(-5.82E-15,1.,1.752E-14));
#6662 = DIRECTION('',(0.737513928898,1.612414633716E-14,-0.675331921859)
  );
#6663 = ADVANCED_FACE('',(#6664),#6694,.F.);
#6664 = FACE_BOUND('',#6665,.F.);
#6665 = EDGE_LOOP('',(#6666,#6675,#6676,#6677,#6678,#6679,#6680,#6681,
    #6682,#6683,#6684,#6685));
#6666 = ORIENTED_EDGE('',*,*,#6667,.F.);
#6667 = EDGE_CURVE('',#6634,#6668,#6670,.T.);
#6668 = VERTEX_POINT('',#6669);
#6669 = CARTESIAN_POINT('',(-7.81952389048,12.93647779998,
    10.807146453358));
#6670 = CIRCLE('',#6671,11.25);
#6671 = AXIS2_PLACEMENT_3D('',#6672,#6673,#6674);
#6672 = CARTESIAN_POINT('',(1.3881292807E-06,12.93647779998,
    18.895256517965));
#6673 = DIRECTION('',(-2.706E-14,1.,1.745E-14));
#6674 = DIRECTION('',(1.,2.706E-14,-9.25E-15));
#6675 = ORIENTED_EDGE('',*,*,#6633,.T.);
#6676 = ORIENTED_EDGE('',*,*,#441,.T.);
#6677 = ORIENTED_EDGE('',*,*,#303,.T.);
#6678 = ORIENTED_EDGE('',*,*,#4631,.F.);
#6679 = ORIENTED_EDGE('',*,*,#4668,.F.);
#6680 = ORIENTED_EDGE('',*,*,#5996,.F.);
#6681 = ORIENTED_EDGE('',*,*,#4695,.T.);
#6682 = ORIENTED_EDGE('',*,*,#4837,.F.);
#6683 = ORIENTED_EDGE('',*,*,#4745,.F.);
#6684 = ORIENTED_EDGE('',*,*,#4734,.T.);
#6685 = ORIENTED_EDGE('',*,*,#6686,.T.);
#6686 = EDGE_CURVE('',#4737,#6668,#6687,.T.);
#6687 = B_SPLINE_CURVE_WITH_KNOTS('',3,(#6688,#6689,#6690,#6691,#6692,
    #6693),.UNSPECIFIED.,.F.,.F.,(4,2,4),(1.617126756364,1.723023508206,
    2.024302843253),.UNSPECIFIED.);
#6688 = CARTESIAN_POINT('',(-10.22159496001,13.180195537792,
    14.196164255022));
#6689 = CARTESIAN_POINT('',(-10.07130198871,13.137843630962,
    13.869242798577));
#6690 = CARTESIAN_POINT('',(-9.906648307204,13.101294928881,
    13.552556192045));
#6691 = CARTESIAN_POINT('',(-9.227978821371,12.983008092456,
    12.38313182494));
#6692 = CARTESIAN_POINT('',(-8.581426246146,12.93647779998,
    11.543748042898));
#6693 = CARTESIAN_POINT('',(-7.819523890481,12.93647779998,
    10.807146453359));
#6694 = CYLINDRICAL_SURFACE('',#6695,11.25);
#6695 = AXIS2_PLACEMENT_3D('',#6696,#6697,#6698);
#6696 = CARTESIAN_POINT('',(1.38812996459E-06,-12.25,18.895256517964));
#6697 = DIRECTION('',(2.706E-14,-1.,-1.752E-14));
#6698 = DIRECTION('',(-0.737513928898,-8.125311645001E-15,
    -0.675331921859));
#6699 = ADVANCED_FACE('',(#6700),#6714,.F.);
#6700 = FACE_BOUND('',#6701,.F.);
#6701 = EDGE_LOOP('',(#6702,#6703,#6704,#6705,#6706,#6707,#6713));
#6702 = ORIENTED_EDGE('',*,*,#4769,.F.);
#6703 = ORIENTED_EDGE('',*,*,#4809,.T.);
#6704 = ORIENTED_EDGE('',*,*,#4853,.T.);
#6705 = ORIENTED_EDGE('',*,*,#4910,.T.);
#6706 = ORIENTED_EDGE('',*,*,#1822,.T.);
#6707 = ORIENTED_EDGE('',*,*,#6708,.T.);
#6708 = EDGE_CURVE('',#1815,#6668,#6709,.T.);
#6709 = LINE('',#6710,#6711);
#6710 = CARTESIAN_POINT('',(-5.508353391454,12.93647779998,
    12.148422501957));
#6711 = VECTOR('',#6712,1.);
#6712 = DIRECTION('',(0.864901689809,1.465E-14,0.501941298326));
#6713 = ORIENTED_EDGE('',*,*,#6686,.F.);
#6714 = CYLINDRICAL_SURFACE('',#6715,35.231448316271);
#6715 = AXIS2_PLACEMENT_3D('',#6716,#6717,#6718);
#6716 = CARTESIAN_POINT('',(-5.508353391455,48.167926116251,
    12.148422501958));
#6717 = DIRECTION('',(0.864901689809,1.465E-14,0.501941298326));
#6718 = DIRECTION('',(-0.110726688151,-0.975365066627,0.190794620821));
#6719 = ADVANCED_FACE('',(#6720),#6739,.F.);
#6720 = FACE_BOUND('',#6721,.F.);
#6721 = EDGE_LOOP('',(#6722,#6730,#6737,#6738));
#6722 = ORIENTED_EDGE('',*,*,#6723,.T.);
#6723 = EDGE_CURVE('',#5924,#6724,#6726,.T.);
#6724 = VERTEX_POINT('',#6725);
#6725 = CARTESIAN_POINT('',(-2.099999649987,-14.75,18.895256608555));
#6726 = LINE('',#6727,#6728);
#6727 = CARTESIAN_POINT('',(-2.099999649987,-12.25,18.895256608555));
#6728 = VECTOR('',#6729,1.);
#6729 = DIRECTION('',(5.82E-15,-1.,-1.752E-14));
#6730 = ORIENTED_EDGE('',*,*,#6731,.T.);
#6731 = EDGE_CURVE('',#6724,#6724,#6732,.T.);
#6732 = CIRCLE('',#6733,2.1);
#6733 = AXIS2_PLACEMENT_3D('',#6734,#6735,#6736);
#6734 = CARTESIAN_POINT('',(3.5001326656E-07,-14.75,18.895256608555));
#6735 = DIRECTION('',(-5.8E-15,1.,1.752E-14));
#6736 = DIRECTION('',(1.,5.8E-15,-9.44E-15));
#6737 = ORIENTED_EDGE('',*,*,#6723,.F.);
#6738 = ORIENTED_EDGE('',*,*,#5923,.F.);
#6739 = CYLINDRICAL_SURFACE('',#6740,2.1);
#6740 = AXIS2_PLACEMENT_3D('',#6741,#6742,#6743);
#6741 = CARTESIAN_POINT('',(3.50013252E-07,-12.25,18.895256608555));
#6742 = DIRECTION('',(5.82E-15,-1.,-1.752E-14));
#6743 = DIRECTION('',(1.,5.82E-15,-9.44E-15));
#6744 = ADVANCED_FACE('',(#6745),#6773,.F.);
#6745 = FACE_BOUND('',#6746,.F.);
#6746 = EDGE_LOOP('',(#6747,#6755,#6756,#6757,#6766));
#6747 = ORIENTED_EDGE('',*,*,#6748,.T.);
#6748 = EDGE_CURVE('',#6749,#5946,#6751,.T.);
#6749 = VERTEX_POINT('',#6750);
#6750 = CARTESIAN_POINT('',(6.625000011928,-14.75,18.895256517965));
#6751 = LINE('',#6752,#6753);
#6752 = CARTESIAN_POINT('',(6.625000011928,-11.90412917959,
    18.895256517965));
#6753 = VECTOR('',#6754,1.);
#6754 = DIRECTION('',(-5.8E-15,1.,1.752E-14));
#6755 = ORIENTED_EDGE('',*,*,#5945,.T.);
#6756 = ORIENTED_EDGE('',*,*,#6748,.F.);
#6757 = ORIENTED_EDGE('',*,*,#6758,.T.);
#6758 = EDGE_CURVE('',#6749,#6759,#6761,.T.);
#6759 = VERTEX_POINT('',#6760);
#6760 = CARTESIAN_POINT('',(9.375000011928,-14.75,18.895256517965));
#6761 = CIRCLE('',#6762,1.375);
#6762 = AXIS2_PLACEMENT_3D('',#6763,#6764,#6765);
#6763 = CARTESIAN_POINT('',(8.000000011928,-14.75,18.895256517965));
#6764 = DIRECTION('',(-5.8E-15,1.,1.752E-14));
#6765 = DIRECTION('',(-1.,-5.8E-15,9.44E-15));
#6766 = ORIENTED_EDGE('',*,*,#6767,.T.);
#6767 = EDGE_CURVE('',#6759,#6749,#6768,.T.);
#6768 = CIRCLE('',#6769,1.375);
#6769 = AXIS2_PLACEMENT_3D('',#6770,#6771,#6772);
#6770 = CARTESIAN_POINT('',(8.000000011928,-14.75,18.895256517965));
#6771 = DIRECTION('',(-5.8E-15,1.,1.752E-14));
#6772 = DIRECTION('',(-1.,-5.8E-15,9.44E-15));
#6773 = CYLINDRICAL_SURFACE('',#6774,1.375);
#6774 = AXIS2_PLACEMENT_3D('',#6775,#6776,#6777);
#6775 = CARTESIAN_POINT('',(8.000000011928,-11.90412917959,
    18.895256517965));
#6776 = DIRECTION('',(-5.8E-15,1.,1.752E-14));
#6777 = DIRECTION('',(1.,5.8E-15,-9.44E-15));
#6778 = ADVANCED_FACE('',(#6779),#6807,.F.);
#6779 = FACE_BOUND('',#6780,.F.);
#6780 = EDGE_LOOP('',(#6781,#6789,#6790,#6791,#6800));
#6781 = ORIENTED_EDGE('',*,*,#6782,.T.);
#6782 = EDGE_CURVE('',#6783,#5968,#6785,.T.);
#6783 = VERTEX_POINT('',#6784);
#6784 = CARTESIAN_POINT('',(-9.374999988073,-14.75,18.895256517965));
#6785 = LINE('',#6786,#6787);
#6786 = CARTESIAN_POINT('',(-9.374999988073,-11.90412917959,
    18.895256517965));
#6787 = VECTOR('',#6788,1.);
#6788 = DIRECTION('',(-5.8E-15,1.,1.752E-14));
#6789 = ORIENTED_EDGE('',*,*,#5967,.T.);
#6790 = ORIENTED_EDGE('',*,*,#6782,.F.);
#6791 = ORIENTED_EDGE('',*,*,#6792,.T.);
#6792 = EDGE_CURVE('',#6783,#6793,#6795,.T.);
#6793 = VERTEX_POINT('',#6794);
#6794 = CARTESIAN_POINT('',(-6.624999988073,-14.75,18.895256517965));
#6795 = CIRCLE('',#6796,1.375);
#6796 = AXIS2_PLACEMENT_3D('',#6797,#6798,#6799);
#6797 = CARTESIAN_POINT('',(-7.999999988073,-14.75,18.895256517965));
#6798 = DIRECTION('',(-5.8E-15,1.,1.752E-14));
#6799 = DIRECTION('',(-1.,-5.8E-15,9.44E-15));
#6800 = ORIENTED_EDGE('',*,*,#6801,.T.);
#6801 = EDGE_CURVE('',#6793,#6783,#6802,.T.);
#6802 = CIRCLE('',#6803,1.375);
#6803 = AXIS2_PLACEMENT_3D('',#6804,#6805,#6806);
#6804 = CARTESIAN_POINT('',(-7.999999988073,-14.75,18.895256517965));
#6805 = DIRECTION('',(-5.8E-15,1.,1.752E-14));
#6806 = DIRECTION('',(-1.,-5.8E-15,9.44E-15));
#6807 = CYLINDRICAL_SURFACE('',#6808,1.375);
#6808 = AXIS2_PLACEMENT_3D('',#6809,#6810,#6811);
#6809 = CARTESIAN_POINT('',(-7.999999988073,-11.90412917959,
    18.895256517965));
#6810 = DIRECTION('',(-5.8E-15,1.,1.752E-14));
#6811 = DIRECTION('',(1.,5.8E-15,-9.44E-15));
#6812 = ADVANCED_FACE('',(#6813),#6849,.T.);
#6813 = FACE_BOUND('',#6814,.T.);
#6814 = EDGE_LOOP('',(#6815,#6826,#6834,#6843));
#6815 = ORIENTED_EDGE('',*,*,#6816,.F.);
#6816 = EDGE_CURVE('',#6817,#6819,#6821,.T.);
#6817 = VERTEX_POINT('',#6818);
#6818 = CARTESIAN_POINT('',(10.347472997259,-14.75930317634,
    0.569586550482));
#6819 = VERTEX_POINT('',#6820);
#6820 = CARTESIAN_POINT('',(10.84260703163,-14.44664637135,2.157E-12));
#6821 = ELLIPSE('',#6822,0.570375298501,0.5);
#6822 = AXIS2_PLACEMENT_3D('',#6823,#6824,#6825);
#6823 = CARTESIAN_POINT('',(10.84260703163,-14.72110580577,
    0.500000000002));
#6824 = DIRECTION('',(1.484E-14,-0.876615802463,-0.481190954687));
#6825 = DIRECTION('',(9.54E-15,0.481190954687,-0.876615802463));
#6826 = ORIENTED_EDGE('',*,*,#6827,.T.);
#6827 = EDGE_CURVE('',#6817,#6828,#6830,.T.);
#6828 = VERTEX_POINT('',#6829);
#6829 = CARTESIAN_POINT('',(10.347472997259,-12.57073148617,
    0.569586550482));
#6830 = LINE('',#6831,#6832);
#6831 = CARTESIAN_POINT('',(10.347472997259,-7.573392103577,
    0.569586550482));
#6832 = VECTOR('',#6833,1.);
#6833 = DIRECTION('',(-8.32E-15,1.,-4.E-16));
#6834 = ORIENTED_EDGE('',*,*,#6835,.F.);
#6835 = EDGE_CURVE('',#6836,#6828,#6838,.T.);
#6836 = VERTEX_POINT('',#6837);
#6837 = CARTESIAN_POINT('',(10.84260703163,-12.56311068353,2.157E-12));
#6838 = ELLIPSE('',#6839,0.50004475098,0.5);
#6839 = AXIS2_PLACEMENT_3D('',#6840,#6841,#6842);
#6840 = CARTESIAN_POINT('',(10.84260703163,-12.56980045055,
    0.500000000002));
#6841 = DIRECTION('',(-2.93E-15,0.999910506049,1.337833666331E-02));
#6842 = DIRECTION('',(-3.1314E-13,1.337833666331E-02,-0.999910506049));
#6843 = ORIENTED_EDGE('',*,*,#6844,.T.);
#6844 = EDGE_CURVE('',#6836,#6819,#6845,.T.);
#6845 = LINE('',#6846,#6847);
#6846 = CARTESIAN_POINT('',(10.84260703163,-7.573392103577,2.16326E-12)
  );
#6847 = VECTOR('',#6848,1.);
#6848 = DIRECTION('',(8.32E-15,-1.,4.E-16));
#6849 = CYLINDRICAL_SURFACE('',#6850,0.5);
#6850 = AXIS2_PLACEMENT_3D('',#6851,#6852,#6853);
#6851 = CARTESIAN_POINT('',(10.84260703163,-7.573392103577,
    0.500000000002));
#6852 = DIRECTION('',(-8.32E-15,1.,-4.E-16));
#6853 = DIRECTION('',(-0.754709580223,-6.54160731905E-15,-0.656059028991
    ));
#6854 = ADVANCED_FACE('',(#6855),#6915,.F.);
#6855 = FACE_BOUND('',#6856,.T.);
#6856 = EDGE_LOOP('',(#6857,#6865,#6874,#6882,#6891,#6899,#6908,#6914));
#6857 = ORIENTED_EDGE('',*,*,#6858,.F.);
#6858 = EDGE_CURVE('',#6859,#6828,#6861,.T.);
#6859 = VERTEX_POINT('',#6860);
#6860 = CARTESIAN_POINT('',(10.537472424841,-12.58881949466,
    1.921502724771));
#6861 = LINE('',#6862,#6863);
#6862 = CARTESIAN_POINT('',(9.391723355133,-12.47974380343,
    -6.230925515278));
#6863 = VECTOR('',#6864,1.);
#6864 = DIRECTION('',(-0.139160887023,1.32481625742E-02,-0.990181162066)
  );
#6865 = ORIENTED_EDGE('',*,*,#6866,.F.);
#6866 = EDGE_CURVE('',#6867,#6859,#6869,.T.);
#6867 = VERTEX_POINT('',#6868);
#6868 = CARTESIAN_POINT('',(9.052070321729,-12.6116819026,3.630262376211
    ));
#6869 = ELLIPSE('',#6870,1.500134252941,1.5);
#6870 = AXIS2_PLACEMENT_3D('',#6871,#6872,#6873);
#6871 = CARTESIAN_POINT('',(9.052070321729,-12.59161260152,
    2.130262376211));
#6872 = DIRECTION('',(-2.93E-15,0.999910506049,1.337833666331E-02));
#6873 = DIRECTION('',(5.8646E-13,-1.337833666331E-02,0.999910506049));
#6874 = ORIENTED_EDGE('',*,*,#6875,.F.);
#6875 = EDGE_CURVE('',#6876,#6867,#6878,.T.);
#6876 = VERTEX_POINT('',#6877);
#6877 = CARTESIAN_POINT('',(-2.606679462113,-12.6116819026,3.63026237621
    ));
#6878 = LINE('',#6879,#6880);
#6879 = CARTESIAN_POINT('',(-2.634120352917,-12.6116819026,3.63026237621
    ));
#6880 = VECTOR('',#6881,1.);
#6881 = DIRECTION('',(1.,2.58E-15,2.644E-14));
#6882 = ORIENTED_EDGE('',*,*,#6883,.F.);
#6883 = EDGE_CURVE('',#6884,#6876,#6886,.T.);
#6884 = VERTEX_POINT('',#6885);
#6885 = CARTESIAN_POINT('',(-4.092081565225,-12.58881949466,
    1.921502724767));
#6886 = ELLIPSE('',#6887,1.500134252941,1.5);
#6887 = AXIS2_PLACEMENT_3D('',#6888,#6889,#6890);
#6888 = CARTESIAN_POINT('',(-2.606679462113,-12.59161260152,
    2.13026237621));
#6889 = DIRECTION('',(-2.93E-15,0.999910506049,1.337833666331E-02));
#6890 = DIRECTION('',(1.0873E-13,-1.337833666331E-02,0.999910506049));
#6891 = ORIENTED_EDGE('',*,*,#6892,.F.);
#6892 = EDGE_CURVE('',#6893,#6884,#6895,.T.);
#6893 = VERTEX_POINT('',#6894);
#6894 = CARTESIAN_POINT('',(-3.902082137641,-12.57073148617,
    0.569586550483));
#6895 = LINE('',#6896,#6897);
#6896 = CARTESIAN_POINT('',(-3.260985812929,-12.50969890355,
    -3.992050827438));
#6897 = VECTOR('',#6898,1.);
#6898 = DIRECTION('',(-0.139160887025,-1.324816257419E-02,0.990181162066
    ));
#6899 = ORIENTED_EDGE('',*,*,#6900,.T.);
#6900 = EDGE_CURVE('',#6893,#6901,#6903,.T.);
#6901 = VERTEX_POINT('',#6902);
#6902 = CARTESIAN_POINT('',(-4.397216172012,-12.56311068353,2.174E-12));
#6903 = ELLIPSE('',#6904,0.50004475098,0.5);
#6904 = AXIS2_PLACEMENT_3D('',#6905,#6906,#6907);
#6905 = CARTESIAN_POINT('',(-4.397216172012,-12.56980045055,
    0.500000000002));
#6906 = DIRECTION('',(-2.93E-15,0.999910506049,1.337833666331E-02));
#6907 = DIRECTION('',(3.5592E-13,1.337833666331E-02,-0.999910506049));
#6908 = ORIENTED_EDGE('',*,*,#6909,.F.);
#6909 = EDGE_CURVE('',#6836,#6901,#6910,.T.);
#6910 = LINE('',#6911,#6912);
#6911 = CARTESIAN_POINT('',(-5.124999649987,-12.56311068353,2.17356E-12)
  );
#6912 = VECTOR('',#6913,1.);
#6913 = DIRECTION('',(-1.,-2.94E-15,4.4E-16));
#6914 = ORIENTED_EDGE('',*,*,#6835,.T.);
#6915 = PLANE('',#6916);
#6916 = AXIS2_PLACEMENT_3D('',#6917,#6918,#6919);
#6917 = CARTESIAN_POINT('',(-10.24999964998,-12.41586528771,
    -11.0052708303));
#6918 = DIRECTION('',(-2.93E-15,0.999910506049,1.337833666331E-02));
#6919 = DIRECTION('',(-2.73E-14,-1.337833666331E-02,0.999910506049));
#6920 = ADVANCED_FACE('',(#6921),#6947,.T.);
#6921 = FACE_BOUND('',#6922,.T.);
#6922 = EDGE_LOOP('',(#6923,#6934,#6940,#6941));
#6923 = ORIENTED_EDGE('',*,*,#6924,.F.);
#6924 = EDGE_CURVE('',#6925,#6927,#6929,.T.);
#6925 = VERTEX_POINT('',#6926);
#6926 = CARTESIAN_POINT('',(-4.397216172012,-14.44664637135,2.165E-12));
#6927 = VERTEX_POINT('',#6928);
#6928 = CARTESIAN_POINT('',(-3.902082137641,-14.75930317635,
    0.569586550483));
#6929 = ELLIPSE('',#6930,0.570375298501,0.5);
#6930 = AXIS2_PLACEMENT_3D('',#6931,#6932,#6933);
#6931 = CARTESIAN_POINT('',(-4.397216172012,-14.72110580577,
    0.500000000002));
#6932 = DIRECTION('',(1.484E-14,-0.876615802463,-0.481190954687));
#6933 = DIRECTION('',(2.037E-14,0.481190954687,-0.876615802463));
#6934 = ORIENTED_EDGE('',*,*,#6935,.T.);
#6935 = EDGE_CURVE('',#6925,#6901,#6936,.T.);
#6936 = LINE('',#6937,#6938);
#6937 = CARTESIAN_POINT('',(-4.397216172012,-7.573392103577,2.17138E-12)
  );
#6938 = VECTOR('',#6939,1.);
#6939 = DIRECTION('',(-3.3E-15,1.,-4.E-16));
#6940 = ORIENTED_EDGE('',*,*,#6900,.F.);
#6941 = ORIENTED_EDGE('',*,*,#6942,.T.);
#6942 = EDGE_CURVE('',#6893,#6927,#6943,.T.);
#6943 = LINE('',#6944,#6945);
#6944 = CARTESIAN_POINT('',(-3.902082137641,-7.573392103577,
    0.569586550483));
#6945 = VECTOR('',#6946,1.);
#6946 = DIRECTION('',(3.3E-15,-1.,4.E-16));
#6947 = CYLINDRICAL_SURFACE('',#6948,0.5);
#6948 = AXIS2_PLACEMENT_3D('',#6949,#6950,#6951);
#6949 = CARTESIAN_POINT('',(-4.397216172012,-7.573392103577,
    0.500000000002));
#6950 = DIRECTION('',(3.3E-15,-1.,4.E-16));
#6951 = DIRECTION('',(0.754709580223,2.228118003141E-15,-0.65605902899)
  );
#6952 = ADVANCED_FACE('',(#6953,#6978,#6986,#6993,#7000,#7007,#7010,
    #7013,#7016),#7019,.T.);
#6953 = FACE_BOUND('',#6954,.T.);
#6954 = EDGE_LOOP('',(#6955,#6961,#6962,#6968,#6969,#6975,#6976,#6977));
#6955 = ORIENTED_EDGE('',*,*,#6956,.F.);
#6956 = EDGE_CURVE('',#2457,#6925,#6957,.T.);
#6957 = LINE('',#6958,#6959);
#6958 = CARTESIAN_POINT('',(5.2502125215E-07,-14.44664637135,2.1716E-12)
  );
#6959 = VECTOR('',#6960,1.);
#6960 = DIRECTION('',(1.,1.717E-14,-4.4E-16));
#6961 = ORIENTED_EDGE('',*,*,#2456,.F.);
#6962 = ORIENTED_EDGE('',*,*,#6963,.F.);
#6963 = EDGE_CURVE('',#2561,#2449,#6964,.T.);
#6964 = LINE('',#6965,#6966);
#6965 = CARTESIAN_POINT('',(3.5001408784E-07,12.936477791738,2.15161E-12
    ));
#6966 = VECTOR('',#6967,1.);
#6967 = DIRECTION('',(-1.,-5.82E-15,1.844E-14));
#6968 = ORIENTED_EDGE('',*,*,#2560,.F.);
#6969 = ORIENTED_EDGE('',*,*,#6970,.F.);
#6970 = EDGE_CURVE('',#6819,#2553,#6971,.T.);
#6971 = LINE('',#6972,#6973);
#6972 = CARTESIAN_POINT('',(5.2502125215E-07,-14.44664637135,2.1716E-12)
  );
#6973 = VECTOR('',#6974,1.);
#6974 = DIRECTION('',(1.,1.717E-14,-4.4E-16));
#6975 = ORIENTED_EDGE('',*,*,#6844,.F.);
#6976 = ORIENTED_EDGE('',*,*,#6909,.T.);
#6977 = ORIENTED_EDGE('',*,*,#6935,.F.);
#6978 = FACE_BOUND('',#6979,.T.);
#6979 = EDGE_LOOP('',(#6980,#6981,#6982,#6983,#6984,#6985));
#6980 = ORIENTED_EDGE('',*,*,#58,.T.);
#6981 = ORIENTED_EDGE('',*,*,#5888,.T.);
#6982 = ORIENTED_EDGE('',*,*,#5820,.F.);
#6983 = ORIENTED_EDGE('',*,*,#5793,.F.);
#6984 = ORIENTED_EDGE('',*,*,#5722,.F.);
#6985 = ORIENTED_EDGE('',*,*,#5704,.T.);
#6986 = FACE_BOUND('',#6987,.T.);
#6987 = EDGE_LOOP('',(#6988,#6989,#6990,#6991,#6992));
#6988 = ORIENTED_EDGE('',*,*,#5636,.T.);
#6989 = ORIENTED_EDGE('',*,*,#5609,.F.);
#6990 = ORIENTED_EDGE('',*,*,#5535,.F.);
#6991 = ORIENTED_EDGE('',*,*,#5517,.T.);
#6992 = ORIENTED_EDGE('',*,*,#120,.T.);
#6993 = FACE_BOUND('',#6994,.T.);
#6994 = EDGE_LOOP('',(#6995,#6996,#6997,#6998,#6999));
#6995 = ORIENTED_EDGE('',*,*,#247,.T.);
#6996 = ORIENTED_EDGE('',*,*,#5449,.T.);
#6997 = ORIENTED_EDGE('',*,*,#5422,.F.);
#6998 = ORIENTED_EDGE('',*,*,#5348,.F.);
#6999 = ORIENTED_EDGE('',*,*,#5330,.T.);
#7000 = FACE_BOUND('',#7001,.T.);
#7001 = EDGE_LOOP('',(#7002,#7003,#7004,#7005,#7006));
#7002 = ORIENTED_EDGE('',*,*,#5262,.F.);
#7003 = ORIENTED_EDGE('',*,*,#5235,.F.);
#7004 = ORIENTED_EDGE('',*,*,#5164,.F.);
#7005 = ORIENTED_EDGE('',*,*,#5146,.T.);
#7006 = ORIENTED_EDGE('',*,*,#181,.T.);
#7007 = FACE_BOUND('',#7008,.T.);
#7008 = EDGE_LOOP('',(#7009));
#7009 = ORIENTED_EDGE('',*,*,#5118,.T.);
#7010 = FACE_BOUND('',#7011,.T.);
#7011 = EDGE_LOOP('',(#7012));
#7012 = ORIENTED_EDGE('',*,*,#5093,.T.);
#7013 = FACE_BOUND('',#7014,.T.);
#7014 = EDGE_LOOP('',(#7015));
#7015 = ORIENTED_EDGE('',*,*,#5068,.T.);
#7016 = FACE_BOUND('',#7017,.T.);
#7017 = EDGE_LOOP('',(#7018));
#7018 = ORIENTED_EDGE('',*,*,#5043,.T.);
#7019 = PLANE('',#7020);
#7020 = AXIS2_PLACEMENT_3D('',#7021,#7022,#7023);
#7021 = CARTESIAN_POINT('',(3.5001358158E-07,-2.496783590268,2.16716E-12
    ));
#7022 = DIRECTION('',(-4.4E-16,-4.E-16,-1.));
#7023 = DIRECTION('',(-1.644E-14,1.,-4.E-16));
#7024 = ADVANCED_FACE('',(#7025),#7053,.F.);
#7025 = FACE_BOUND('',#7026,.F.);
#7026 = EDGE_LOOP('',(#7027,#7035,#7036,#7037,#7046));
#7027 = ORIENTED_EDGE('',*,*,#7028,.T.);
#7028 = EDGE_CURVE('',#7029,#5957,#7031,.T.);
#7029 = VERTEX_POINT('',#7030);
#7030 = CARTESIAN_POINT('',(-1.374999988072,-14.75,26.895256517965));
#7031 = LINE('',#7032,#7033);
#7032 = CARTESIAN_POINT('',(-1.374999988073,-11.90412917959,
    26.895256517965));
#7033 = VECTOR('',#7034,1.);
#7034 = DIRECTION('',(-5.8E-15,1.,1.752E-14));
#7035 = ORIENTED_EDGE('',*,*,#5956,.T.);
#7036 = ORIENTED_EDGE('',*,*,#7028,.F.);
#7037 = ORIENTED_EDGE('',*,*,#7038,.T.);
#7038 = EDGE_CURVE('',#7029,#7039,#7041,.T.);
#7039 = VERTEX_POINT('',#7040);
#7040 = CARTESIAN_POINT('',(1.375000011928,-14.75,26.895256517965));
#7041 = CIRCLE('',#7042,1.375);
#7042 = AXIS2_PLACEMENT_3D('',#7043,#7044,#7045);
#7043 = CARTESIAN_POINT('',(1.192750553E-08,-14.75,26.895256517965));
#7044 = DIRECTION('',(-5.8E-15,1.,1.752E-14));
#7045 = DIRECTION('',(-1.,-5.8E-15,9.44E-15));
#7046 = ORIENTED_EDGE('',*,*,#7047,.T.);
#7047 = EDGE_CURVE('',#7039,#7029,#7048,.T.);
#7048 = CIRCLE('',#7049,1.375);
#7049 = AXIS2_PLACEMENT_3D('',#7050,#7051,#7052);
#7050 = CARTESIAN_POINT('',(1.192750553E-08,-14.75,26.895256517965));
#7051 = DIRECTION('',(-5.8E-15,1.,1.752E-14));
#7052 = DIRECTION('',(-1.,-5.8E-15,9.44E-15));
#7053 = CYLINDRICAL_SURFACE('',#7054,1.375);
#7054 = AXIS2_PLACEMENT_3D('',#7055,#7056,#7057);
#7055 = CARTESIAN_POINT('',(1.192748777E-08,-11.90412917959,
    26.895256517965));
#7056 = DIRECTION('',(-5.8E-15,1.,1.752E-14));
#7057 = DIRECTION('',(1.,5.8E-15,-9.44E-15));
#7058 = ADVANCED_FACE('',(#7059),#7087,.F.);
#7059 = FACE_BOUND('',#7060,.F.);
#7060 = EDGE_LOOP('',(#7061,#7069,#7070,#7071,#7080));
#7061 = ORIENTED_EDGE('',*,*,#7062,.T.);
#7062 = EDGE_CURVE('',#7063,#5935,#7065,.T.);
#7063 = VERTEX_POINT('',#7064);
#7064 = CARTESIAN_POINT('',(-1.374999988073,-14.75,10.895256517965));
#7065 = LINE('',#7066,#7067);
#7066 = CARTESIAN_POINT('',(-1.374999988073,-11.90412917959,
    10.895256517965));
#7067 = VECTOR('',#7068,1.);
#7068 = DIRECTION('',(-5.8E-15,1.,1.752E-14));
#7069 = ORIENTED_EDGE('',*,*,#5934,.T.);
#7070 = ORIENTED_EDGE('',*,*,#7062,.F.);
#7071 = ORIENTED_EDGE('',*,*,#7072,.T.);
#7072 = EDGE_CURVE('',#7063,#7073,#7075,.T.);
#7073 = VERTEX_POINT('',#7074);
#7074 = CARTESIAN_POINT('',(1.375000011927,-14.75,10.895256517965));
#7075 = CIRCLE('',#7076,1.375);
#7076 = AXIS2_PLACEMENT_3D('',#7077,#7078,#7079);
#7077 = CARTESIAN_POINT('',(1.192730206E-08,-14.75,10.895256517965));
#7078 = DIRECTION('',(-5.8E-15,1.,1.752E-14));
#7079 = DIRECTION('',(-1.,-5.8E-15,9.44E-15));
#7080 = ORIENTED_EDGE('',*,*,#7081,.T.);
#7081 = EDGE_CURVE('',#7073,#7063,#7082,.T.);
#7082 = CIRCLE('',#7083,1.375);
#7083 = AXIS2_PLACEMENT_3D('',#7084,#7085,#7086);
#7084 = CARTESIAN_POINT('',(1.192730206E-08,-14.75,10.895256517965));
#7085 = DIRECTION('',(-5.8E-15,1.,1.752E-14));
#7086 = DIRECTION('',(-1.,-5.8E-15,9.44E-15));
#7087 = CYLINDRICAL_SURFACE('',#7088,1.375);
#7088 = AXIS2_PLACEMENT_3D('',#7089,#7090,#7091);
#7089 = CARTESIAN_POINT('',(1.192728429E-08,-11.90412917959,
    10.895256517965));
#7090 = DIRECTION('',(-5.8E-15,1.,1.752E-14));
#7091 = DIRECTION('',(1.,5.8E-15,-9.44E-15));
#7092 = ADVANCED_FACE('',(#7093),#7109,.T.);
#7093 = FACE_BOUND('',#7094,.T.);
#7094 = EDGE_LOOP('',(#7095,#7096,#7097,#7098,#7099,#7100,#7101,#7102,
    #7103));
#7095 = ORIENTED_EDGE('',*,*,#6098,.T.);
#7096 = ORIENTED_EDGE('',*,*,#6044,.T.);
#7097 = ORIENTED_EDGE('',*,*,#6019,.T.);
#7098 = ORIENTED_EDGE('',*,*,#1874,.F.);
#7099 = ORIENTED_EDGE('',*,*,#2308,.T.);
#7100 = ORIENTED_EDGE('',*,*,#2584,.F.);
#7101 = ORIENTED_EDGE('',*,*,#2236,.F.);
#7102 = ORIENTED_EDGE('',*,*,#2037,.F.);
#7103 = ORIENTED_EDGE('',*,*,#7104,.F.);
#7104 = EDGE_CURVE('',#6099,#2030,#7105,.T.);
#7105 = LINE('',#7106,#7107);
#7106 = CARTESIAN_POINT('',(70.432826616486,49.90260836328,
    -1.430977265959));
#7107 = VECTOR('',#7108,1.);
#7108 = DIRECTION('',(-0.787616148673,-0.533760618915,0.307831778809));
#7109 = PLANE('',#7110);
#7110 = AXIS2_PLACEMENT_3D('',#7111,#7112,#7113);
#7111 = CARTESIAN_POINT('',(285.60675718662,193.64477047404,
    30.675929376649));
#7112 = DIRECTION('',(-0.556954274341,0.830410226422,1.485907622297E-02)
  );
#7113 = DIRECTION('',(-0.830541424799,-0.556900514063,
    -7.922065958462E-03));
#7114 = ADVANCED_FACE('',(#7115),#7126,.T.);
#7115 = FACE_BOUND('',#7116,.T.);
#7116 = EDGE_LOOP('',(#7117,#7123,#7124,#7125));
#7117 = ORIENTED_EDGE('',*,*,#7118,.F.);
#7118 = EDGE_CURVE('',#6107,#2022,#7119,.T.);
#7119 = LINE('',#7120,#7121);
#7120 = CARTESIAN_POINT('',(-70.43282521643,49.902608363278,
    -1.430977265958));
#7121 = VECTOR('',#7122,1.);
#7122 = DIRECTION('',(0.787616148673,-0.533760618915,0.307831778809));
#7123 = ORIENTED_EDGE('',*,*,#6106,.T.);
#7124 = ORIENTED_EDGE('',*,*,#7104,.T.);
#7125 = ORIENTED_EDGE('',*,*,#2029,.T.);
#7126 = PLANE('',#7127);
#7127 = AXIS2_PLACEMENT_3D('',#7128,#7129,#7130);
#7128 = CARTESIAN_POINT('',(173.32485522463,-12.41669601434,
    34.509970119238));
#7129 = DIRECTION('',(-2.655E-14,0.499592110359,0.866260770938));
#7130 = DIRECTION('',(-1.,-6.280034370116E-14,5.569404044161E-15));
#7131 = ADVANCED_FACE('',(#7132),#7143,.F.);
#7132 = FACE_BOUND('',#7133,.F.);
#7133 = EDGE_LOOP('',(#7134,#7135,#7136,#7137));
#7134 = ORIENTED_EDGE('',*,*,#2176,.F.);
#7135 = ORIENTED_EDGE('',*,*,#2353,.T.);
#7136 = ORIENTED_EDGE('',*,*,#6064,.F.);
#7137 = ORIENTED_EDGE('',*,*,#7138,.F.);
#7138 = EDGE_CURVE('',#2169,#6065,#7139,.T.);
#7139 = LINE('',#7140,#7141);
#7140 = CARTESIAN_POINT('',(15.961862688083,-12.6125445075,
    28.307963061453));
#7141 = VECTOR('',#7142,1.);
#7142 = DIRECTION('',(0.922120461138,-0.366901601882,0.122788719709));
#7143 = PLANE('',#7144);
#7144 = AXIS2_PLACEMENT_3D('',#7145,#7146,#7147);
#7145 = CARTESIAN_POINT('',(20.943495989499,-14.81463013208,
    27.274774890959));
#7146 = DIRECTION('',(0.380704125523,0.917022387907,-0.118887799577));
#7147 = DIRECTION('',(0.875333324989,-0.398835730694,-0.273352574683));
#7148 = ADVANCED_FACE('',(#7149),#7160,.T.);
#7149 = FACE_BOUND('',#7150,.T.);
#7150 = EDGE_LOOP('',(#7151,#7152,#7153,#7154));
#7151 = ORIENTED_EDGE('',*,*,#6072,.T.);
#7152 = ORIENTED_EDGE('',*,*,#7138,.F.);
#7153 = ORIENTED_EDGE('',*,*,#2168,.F.);
#7154 = ORIENTED_EDGE('',*,*,#7155,.F.);
#7155 = EDGE_CURVE('',#6073,#2161,#7156,.T.);
#7156 = LINE('',#7157,#7158);
#7157 = CARTESIAN_POINT('',(10.613899211808,-6.474765581046,
    21.682070870338));
#7158 = VECTOR('',#7159,1.);
#7159 = DIRECTION('',(-0.740833810952,0.517899944714,-0.427720600178));
#7160 = PLANE('',#7161);
#7161 = AXIS2_PLACEMENT_3D('',#7162,#7163,#7164);
#7162 = CARTESIAN_POINT('',(12.177951491924,-8.969589653897,
    24.651902633655));
#7163 = DIRECTION('',(-0.246721131672,-0.802086330035,-0.543862300916));
#7164 = DIRECTION('',(0.965319051219,-0.153972261306,-0.210835651874));
#7165 = ADVANCED_FACE('',(#7166),#7181,.F.);
#7166 = FACE_BOUND('',#7167,.T.);
#7167 = EDGE_LOOP('',(#7168,#7169,#7170,#7171,#7177,#7178,#7179,#7180));
#7168 = ORIENTED_EDGE('',*,*,#6080,.F.);
#7169 = ORIENTED_EDGE('',*,*,#7155,.T.);
#7170 = ORIENTED_EDGE('',*,*,#2160,.T.);
#7171 = ORIENTED_EDGE('',*,*,#7172,.T.);
#7172 = EDGE_CURVE('',#2153,#2377,#7173,.T.);
#7173 = LINE('',#7174,#7175);
#7174 = CARTESIAN_POINT('',(-109.1171304034,76.671438278438,
    -47.44467130837));
#7175 = VECTOR('',#7176,1.);
#7176 = DIRECTION('',(0.745950218407,-0.508013479688,0.430674559399));
#7177 = ORIENTED_EDGE('',*,*,#2376,.F.);
#7178 = ORIENTED_EDGE('',*,*,#881,.F.);
#7179 = ORIENTED_EDGE('',*,*,#2191,.T.);
#7180 = ORIENTED_EDGE('',*,*,#1037,.F.);
#7181 = PLANE('',#7182);
#7182 = AXIS2_PLACEMENT_3D('',#7183,#7184,#7185);
#7183 = CARTESIAN_POINT('',(1.190972427534,-17.26204882381,
    16.241741554883));
#7184 = DIRECTION('',(-0.5,-3.389E-14,0.866025403784));
#7185 = DIRECTION('',(-0.866025403784,-2.67E-15,-0.5));
#7186 = ADVANCED_FACE('',(#7187),#7203,.F.);
#7187 = FACE_BOUND('',#7188,.T.);
#7188 = EDGE_LOOP('',(#7189,#7190,#7191,#7192,#7193,#7194,#7195,#7196,
    #7202));
#7189 = ORIENTED_EDGE('',*,*,#6114,.F.);
#7190 = ORIENTED_EDGE('',*,*,#7118,.T.);
#7191 = ORIENTED_EDGE('',*,*,#2021,.T.);
#7192 = ORIENTED_EDGE('',*,*,#2344,.T.);
#7193 = ORIENTED_EDGE('',*,*,#2384,.T.);
#7194 = ORIENTED_EDGE('',*,*,#7172,.F.);
#7195 = ORIENTED_EDGE('',*,*,#2152,.T.);
#7196 = ORIENTED_EDGE('',*,*,#7197,.F.);
#7197 = EDGE_CURVE('',#6163,#2144,#7198,.T.);
#7198 = LINE('',#7199,#7200);
#7199 = CARTESIAN_POINT('',(-177.5371950145,119.86986137272,
    102.93043273711));
#7200 = VECTOR('',#7201,1.);
#7201 = DIRECTION('',(0.786260760779,-0.521410698266,-0.331549241883));
#7202 = ORIENTED_EDGE('',*,*,#6173,.F.);
#7203 = PLANE('',#7204);
#7204 = AXIS2_PLACEMENT_3D('',#7205,#7206,#7207);
#7205 = CARTESIAN_POINT('',(-285.6067557865,193.64477047403,
    30.675929376655));
#7206 = DIRECTION('',(-0.556954274341,-0.830410226422,
    -1.485907622296E-02));
#7207 = DIRECTION('',(0.830541424799,-0.556900514063,-7.922065958477E-03
    ));
#7208 = ADVANCED_FACE('',(#7209),#7225,.F.);
#7209 = FACE_BOUND('',#7210,.F.);
#7210 = EDGE_LOOP('',(#7211,#7217,#7218,#7219,#7220,#7221,#7222,#7223,
    #7224));
#7211 = ORIENTED_EDGE('',*,*,#7212,.F.);
#7212 = EDGE_CURVE('',#2136,#6296,#7213,.T.);
#7213 = LINE('',#7214,#7215);
#7214 = CARTESIAN_POINT('',(-174.7853845051,126.62390715825,
    98.834537066207));
#7215 = VECTOR('',#7216,1.);
#7216 = DIRECTION('',(-0.786260760779,0.521410698266,0.331549241883));
#7217 = ORIENTED_EDGE('',*,*,#2143,.F.);
#7218 = ORIENTED_EDGE('',*,*,#7197,.F.);
#7219 = ORIENTED_EDGE('',*,*,#6162,.T.);
#7220 = ORIENTED_EDGE('',*,*,#6191,.T.);
#7221 = ORIENTED_EDGE('',*,*,#6220,.T.);
#7222 = ORIENTED_EDGE('',*,*,#6271,.T.);
#7223 = ORIENTED_EDGE('',*,*,#6621,.F.);
#7224 = ORIENTED_EDGE('',*,*,#6295,.F.);
#7225 = CYLINDRICAL_SURFACE('',#7226,4.940819446345);
#7226 = AXIS2_PLACEMENT_3D('',#7227,#7228,#7229);
#7227 = CARTESIAN_POINT('',(-174.7853845051,123.97276836787,
    103.00384874986));
#7228 = DIRECTION('',(0.786260760779,-0.521410698266,-0.331549241883));
#7229 = DIRECTION('',(-0.523032852528,-0.275935593224,-0.806409439161));
#7230 = ADVANCED_FACE('',(#7231),#7242,.T.);
#7231 = FACE_BOUND('',#7232,.T.);
#7232 = EDGE_LOOP('',(#7233,#7234,#7235,#7236));
#7233 = ORIENTED_EDGE('',*,*,#6306,.T.);
#7234 = ORIENTED_EDGE('',*,*,#7212,.F.);
#7235 = ORIENTED_EDGE('',*,*,#2135,.F.);
#7236 = ORIENTED_EDGE('',*,*,#7237,.T.);
#7237 = EDGE_CURVE('',#2127,#6307,#7238,.T.);
#7238 = LINE('',#7239,#7240);
#7239 = CARTESIAN_POINT('',(-248.5996247079,4.837051806717,
    21.393971121835));
#7240 = VECTOR('',#7241,1.);
#7241 = DIRECTION('',(-1.,-5.218E-14,-1.075E-14));
#7242 = PLANE('',#7243);
#7243 = AXIS2_PLACEMENT_3D('',#7244,#7245,#7246);
#7244 = CARTESIAN_POINT('',(-160.3537833051,6.259244077751,
    22.29830003346));
#7245 = DIRECTION('',(1.893E-14,-0.53657876374,0.843850241632));
#7246 = DIRECTION('',(1.,2.043805961751E-14,-9.436948458751E-15));
#7247 = ADVANCED_FACE('',(#7248),#7273,.F.);
#7248 = FACE_BOUND('',#7249,.F.);
#7249 = EDGE_LOOP('',(#7250,#7251,#7252,#7263,#7270,#7271,#7272));
#7250 = ORIENTED_EDGE('',*,*,#6527,.F.);
#7251 = ORIENTED_EDGE('',*,*,#6355,.F.);
#7252 = ORIENTED_EDGE('',*,*,#7253,.T.);
#7253 = EDGE_CURVE('',#6356,#7254,#7256,.T.);
#7254 = VERTEX_POINT('',#7255);
#7255 = CARTESIAN_POINT('',(19.371132971552,7.445160164998,
    23.424654587442));
#7256 = B_SPLINE_CURVE_WITH_KNOTS('',3,(#7257,#7258,#7259,#7260,#7261,
    #7262),.UNSPECIFIED.,.F.,.F.,(4,2,4),(0.123544594014,0.577427721948,
    0.815396371668),.UNSPECIFIED.);
#7257 = CARTESIAN_POINT('',(21.596714867345,11.254182482183,
    28.692414767488));
#7258 = CARTESIAN_POINT('',(21.066845111359,10.652564009798,
    27.407975150026));
#7259 = CARTESIAN_POINT('',(20.537006497612,9.893485004471,
    26.196138735122));
#7260 = CARTESIAN_POINT('',(19.813898169132,8.514323355929,
    24.503111487723));
#7261 = CARTESIAN_POINT('',(19.58022362089,7.999088772576,
    23.947708168642));
#7262 = CARTESIAN_POINT('',(19.371132971556,7.445160165007,
    23.424654587451));
#7263 = ORIENTED_EDGE('',*,*,#7264,.T.);
#7264 = EDGE_CURVE('',#7254,#2118,#7265,.T.);
#7265 = B_SPLINE_CURVE_WITH_KNOTS('',3,(#7266,#7267,#7268,#7269),
  .UNSPECIFIED.,.F.,.F.,(4,4),(0.815396371669,1.095990576639),
  .PIECEWISE_BEZIER_KNOTS.);
#7266 = CARTESIAN_POINT('',(19.371132971552,7.445160164998,
    23.424654587443));
#7267 = CARTESIAN_POINT('',(19.124589468508,6.79201044366,
    22.807910306445));
#7268 = CARTESIAN_POINT('',(18.912197041927,6.085097927272,
    22.236117577442));
#7269 = CARTESIAN_POINT('',(18.750364284577,5.327935671414,
    21.717894525227));
#7270 = ORIENTED_EDGE('',*,*,#2126,.T.);
#7271 = ORIENTED_EDGE('',*,*,#7237,.T.);
#7272 = ORIENTED_EDGE('',*,*,#6314,.F.);
#7273 = CYLINDRICAL_SURFACE('',#7274,17.390340002837);
#7274 = AXIS2_PLACEMENT_3D('',#7275,#7276,#7277);
#7275 = CARTESIAN_POINT('',(-248.5996247079,-4.494235333024,
    36.068813735301));
#7276 = DIRECTION('',(-1.,-5.218E-14,-1.075E-14));
#7277 = DIRECTION('',(-3.208855184136E-14,0.750994108193,-0.660308904573
    ));
#7278 = ADVANCED_FACE('',(#7279),#7318,.T.);
#7279 = FACE_BOUND('',#7280,.T.);
#7280 = EDGE_LOOP('',(#7281,#7282,#7283,#7284,#7285,#7286,#7287));
#7281 = ORIENTED_EDGE('',*,*,#6449,.F.);
#7282 = ORIENTED_EDGE('',*,*,#6397,.T.);
#7283 = ORIENTED_EDGE('',*,*,#6363,.T.);
#7284 = ORIENTED_EDGE('',*,*,#7253,.T.);
#7285 = ORIENTED_EDGE('',*,*,#7264,.T.);
#7286 = ORIENTED_EDGE('',*,*,#2117,.T.);
#7287 = ORIENTED_EDGE('',*,*,#7288,.F.);
#7288 = EDGE_CURVE('',#6450,#2110,#7289,.T.);
#7289 = B_SPLINE_CURVE_WITH_KNOTS('',3,(#7290,#7291,#7292,#7293,#7294,
    #7295,#7296,#7297,#7298,#7299,#7300,#7301,#7302,#7303,#7304,#7305,
    #7306,#7307,#7308,#7309,#7310,#7311,#7312,#7313,#7314,#7315,#7316,
    #7317),.UNSPECIFIED.,.F.,.F.,(4,3,3,3,3,3,3,3,3,4),(-1.062102853709,
    -0.929651668148,-0.797067341669,-0.664486947338,-0.567369994384,
    -0.421479017442,-0.275611166794,-0.129997379143,0.,3.2079160095E-03)
  ,.UNSPECIFIED.);
#7290 = CARTESIAN_POINT('',(19.721631803554,12.787259904146,
    21.158600348962));
#7291 = CARTESIAN_POINT('',(19.544208145717,12.479705482432,
    20.895138491647));
#7292 = CARTESIAN_POINT('',(19.371996371655,12.171278471254,
    20.629186415864));
#7293 = CARTESIAN_POINT('',(19.205011189148,11.862220948773,
    20.36085482806));
#7294 = CARTESIAN_POINT('',(19.037858151891,11.552852759368,
    20.092253511345));
#7295 = CARTESIAN_POINT('',(18.875941597589,11.242852914956,
    19.821268084491));
#7296 = CARTESIAN_POINT('',(18.719263977258,10.932413387891,
    19.548009640262));
#7297 = CARTESIAN_POINT('',(18.562591003627,10.621983067754,
    19.274759300255));
#7298 = CARTESIAN_POINT('',(18.411156063858,10.311113114591,
    18.999236251008));
#7299 = CARTESIAN_POINT('',(18.264958398618,9.999943589401,
    18.721548917145));
#7300 = CARTESIAN_POINT('',(18.157866608397,9.772007654443,
    18.518139145474));
#7301 = CARTESIAN_POINT('',(18.053584917679,9.543909886988,
    18.313568023235));
#7302 = CARTESIAN_POINT('',(17.952114638958,9.315687729155,
    18.107876476033));
#7303 = CARTESIAN_POINT('',(17.79968401132,8.972847961708,
    17.798882630396));
#7304 = CARTESIAN_POINT('',(17.653501567907,8.629518326449,
    17.487159626314));
#7305 = CARTESIAN_POINT('',(17.513624234019,8.285951764448,
    17.172824419684));
#7306 = CARTESIAN_POINT('',(17.373769073157,7.942439663809,
    16.858539040732));
#7307 = CARTESIAN_POINT('',(17.240216408619,7.598690664038,
    16.541642446779));
#7308 = CARTESIAN_POINT('',(17.11302521491,7.25490561738,16.222247944262
    ));
#7309 = CARTESIAN_POINT('',(16.986055554428,6.911719352832,
    15.903409742013));
#7310 = CARTESIAN_POINT('',(16.865424643075,6.568497020733,
    15.582082469215));
#7311 = CARTESIAN_POINT('',(16.751202163849,6.22538811578,
    15.258372988828));
#7312 = CARTESIAN_POINT('',(16.649229519788,5.919076061654,
    14.969379860272));
#7313 = CARTESIAN_POINT('',(16.552364346157,5.612853626823,
    14.678488071496));
#7314 = CARTESIAN_POINT('',(16.460669231534,5.306794979291,
    14.385768350284));
#7315 = CARTESIAN_POINT('',(16.458406491869,5.299242439065,
    14.378544971735));
#7316 = CARTESIAN_POINT('',(16.456146884389,5.29168996309,14.37132042589
    ));
#7317 = CARTESIAN_POINT('',(16.453890411211,5.284137556325,
    14.364094716852));
#7318 = B_SPLINE_SURFACE_WITH_KNOTS('',3,3,(
    (#7319,#7320,#7321,#7322,#7323)
    ,(#7324,#7325,#7326,#7327,#7328)
    ,(#7329,#7330,#7331,#7332,#7333)
    ,(#7334,#7335,#7336,#7337,#7338
    )),.UNSPECIFIED.,.F.,.F.,.F.,(4,4),(4,1,4),(0.,1.),(1.705600663269,
    2.388830142018,3.29980278035),.UNSPECIFIED.);
#7319 = CARTESIAN_POINT('',(21.875484233804,11.781624933417,
    29.18608191118));
#7320 = CARTESIAN_POINT('',(21.288758156043,12.055567685366,
    26.999333782502));
#7321 = CARTESIAN_POINT('',(19.915052123035,12.696951842838,
    21.879484485024));
#7322 = CARTESIAN_POINT('',(18.567058389586,13.326330912472,
    16.85546580609));
#7323 = CARTESIAN_POINT('',(17.791933773687,13.688237053058,
    13.966549891903));
#7324 = CARTESIAN_POINT('',(21.422569228565,9.748279604237,
    29.420233061378));
#7325 = CARTESIAN_POINT('',(20.773098028332,9.904799470139,
    27.236049436388));
#7326 = CARTESIAN_POINT('',(19.253978075552,10.300740869275,
    22.125498463047));
#7327 = CARTESIAN_POINT('',(17.765548524163,10.731827472543,
    17.11533719626));
#7328 = CARTESIAN_POINT('',(16.909933805883,10.988773100412,
    14.235462326169));
#7329 = CARTESIAN_POINT('',(21.206565399888,7.654086605201,
    29.583175075807));
#7330 = CARTESIAN_POINT('',(20.522424542538,7.682069190458,
    27.392624848004));
#7331 = CARTESIAN_POINT('',(18.922862632458,7.804224266978,
    22.270375022079));
#7332 = CARTESIAN_POINT('',(17.356303129722,8.004689283452,
    17.253286920014));
#7333 = CARTESIAN_POINT('',(16.455851430783,8.136732899714,
    14.370374320342));
#7334 = CARTESIAN_POINT('',(21.233736541783,5.559774459721,
    29.670182875192));
#7335 = CARTESIAN_POINT('',(20.544764815711,5.459178296162,
    27.463948262238));
#7336 = CARTESIAN_POINT('',(18.934694825278,5.307441491048,
    22.30816028466));
#7337 = CARTESIAN_POINT('',(17.359041957968,5.277134677742,
    17.262583285909));
#7338 = CARTESIAN_POINT('',(16.453890411211,5.284137556325,
    14.364094716851));
#7339 = ADVANCED_FACE('',(#7340),#7358,.F.);
#7340 = FACE_BOUND('',#7341,.F.);
#7341 = EDGE_LOOP('',(#7342,#7343,#7344,#7355,#7356,#7357));
#7342 = ORIENTED_EDGE('',*,*,#6432,.F.);
#7343 = ORIENTED_EDGE('',*,*,#6483,.F.);
#7344 = ORIENTED_EDGE('',*,*,#7345,.T.);
#7345 = EDGE_CURVE('',#6484,#2101,#7346,.T.);
#7346 = B_SPLINE_CURVE_WITH_KNOTS('',3,(#7347,#7348,#7349,#7350,#7351,
    #7352,#7353,#7354),.UNSPECIFIED.,.F.,.F.,(4,2,2,4),(12.510045962199,
    12.800627287483,13.210529508637,13.288567852746),.UNSPECIFIED.);
#7347 = CARTESIAN_POINT('',(19.853061228309,16.365412808918,
    21.352673542444));
#7348 = CARTESIAN_POINT('',(19.326441972369,15.923854674783,
    20.587378079763));
#7349 = CARTESIAN_POINT('',(18.827328777094,15.518981623747,
    19.773507930248));
#7350 = CARTESIAN_POINT('',(17.723493127024,14.649595595617,
    17.719445542767));
#7351 = CARTESIAN_POINT('',(17.159158631027,14.228666777766,
    16.43834481339));
#7352 = CARTESIAN_POINT('',(16.615971622082,13.839214150696,
    14.869488759581));
#7353 = CARTESIAN_POINT('',(16.532953458223,13.780265675725,
    14.617271479152));
#7354 = CARTESIAN_POINT('',(16.453890411211,13.724616327582,
    14.364094716851));
#7355 = ORIENTED_EDGE('',*,*,#2109,.T.);
#7356 = ORIENTED_EDGE('',*,*,#7288,.F.);
#7357 = ORIENTED_EDGE('',*,*,#6457,.F.);
#7358 = CYLINDRICAL_SURFACE('',#7359,26.);
#7359 = AXIS2_PLACEMENT_3D('',#7360,#7361,#7362);
#7360 = CARTESIAN_POINT('',(41.271895674598,15.889517282254,
    6.613829253883));
#7361 = DIRECTION('',(-2.691E-14,1.,1.811E-14));
#7362 = DIRECTION('',(-0.89893699375,-3.212398599011E-14,0.438077939718)
  );
#7363 = ADVANCED_FACE('',(#7364),#7378,.F.);
#7364 = FACE_BOUND('',#7365,.F.);
#7365 = EDGE_LOOP('',(#7366,#7372,#7373,#7374,#7375,#7376,#7377));
#7366 = ORIENTED_EDGE('',*,*,#7367,.F.);
#7367 = EDGE_CURVE('',#2093,#6642,#7368,.T.);
#7368 = LINE('',#7369,#7370);
#7369 = CARTESIAN_POINT('',(5.508354791511,12.93647779998,
    12.148422501957));
#7370 = VECTOR('',#7371,1.);
#7371 = DIRECTION('',(-0.864901689809,-1.379E-14,0.501941298326));
#7372 = ORIENTED_EDGE('',*,*,#2100,.F.);
#7373 = ORIENTED_EDGE('',*,*,#7345,.F.);
#7374 = ORIENTED_EDGE('',*,*,#6492,.F.);
#7375 = ORIENTED_EDGE('',*,*,#6540,.F.);
#7376 = ORIENTED_EDGE('',*,*,#6555,.T.);
#7377 = ORIENTED_EDGE('',*,*,#6650,.T.);
#7378 = CYLINDRICAL_SURFACE('',#7379,35.231448316271);
#7379 = AXIS2_PLACEMENT_3D('',#7380,#7381,#7382);
#7380 = CARTESIAN_POINT('',(5.50835479151,48.167926116251,
    12.148422501958));
#7381 = DIRECTION('',(0.864901689809,1.379E-14,-0.501941298326));
#7382 = DIRECTION('',(0.110726688151,-0.975365066627,0.190794620821));
#7383 = ADVANCED_FACE('',(#7384),#7395,.F.);
#7384 = FACE_BOUND('',#7385,.T.);
#7385 = EDGE_LOOP('',(#7386,#7387,#7388,#7389,#7390,#7391,#7392,#7393,
    #7394));
#7386 = ORIENTED_EDGE('',*,*,#2568,.F.);
#7387 = ORIENTED_EDGE('',*,*,#6963,.T.);
#7388 = ORIENTED_EDGE('',*,*,#2448,.F.);
#7389 = ORIENTED_EDGE('',*,*,#1814,.T.);
#7390 = ORIENTED_EDGE('',*,*,#6708,.T.);
#7391 = ORIENTED_EDGE('',*,*,#6667,.F.);
#7392 = ORIENTED_EDGE('',*,*,#6641,.T.);
#7393 = ORIENTED_EDGE('',*,*,#7367,.F.);
#7394 = ORIENTED_EDGE('',*,*,#2092,.F.);
#7395 = PLANE('',#7396);
#7396 = AXIS2_PLACEMENT_3D('',#7397,#7398,#7399);
#7397 = CARTESIAN_POINT('',(3.5001353649E-07,12.93647779998,13.573424708
    ));
#7398 = DIRECTION('',(5.82E-15,-1.,-1.745E-14));
#7399 = DIRECTION('',(1.,5.82E-15,-9.44E-15));
#7400 = ADVANCED_FACE('',(#7401),#7412,.F.);
#7401 = FACE_BOUND('',#7402,.F.);
#7402 = EDGE_LOOP('',(#7403,#7409,#7410,#7411));
#7403 = ORIENTED_EDGE('',*,*,#7404,.T.);
#7404 = EDGE_CURVE('',#6724,#1744,#7405,.T.);
#7405 = LINE('',#7406,#7407);
#7406 = CARTESIAN_POINT('',(-2.349999649987,-15.,18.895256608555));
#7407 = VECTOR('',#7408,1.);
#7408 = DIRECTION('',(-0.707106781187,-0.707106781187,-5.8E-15));
#7409 = ORIENTED_EDGE('',*,*,#1743,.F.);
#7410 = ORIENTED_EDGE('',*,*,#7404,.F.);
#7411 = ORIENTED_EDGE('',*,*,#6731,.F.);
#7412 = CONICAL_SURFACE('',#7413,2.35,0.785398163398);
#7413 = AXIS2_PLACEMENT_3D('',#7414,#7415,#7416);
#7414 = CARTESIAN_POINT('',(3.5001326801E-07,-15.,18.895256608555));
#7415 = DIRECTION('',(5.8E-15,-1.,-1.776E-14));
#7416 = DIRECTION('',(1.,5.8E-15,-9.44E-15));
#7417 = ADVANCED_FACE('',(#7418),#7430,.F.);
#7418 = FACE_BOUND('',#7419,.F.);
#7419 = EDGE_LOOP('',(#7420,#7426,#7427,#7428,#7429));
#7420 = ORIENTED_EDGE('',*,*,#7421,.T.);
#7421 = EDGE_CURVE('',#1733,#6759,#7422,.T.);
#7422 = LINE('',#7423,#7424);
#7423 = CARTESIAN_POINT('',(9.625000011928,-15.,18.895256517965));
#7424 = VECTOR('',#7425,1.);
#7425 = DIRECTION('',(-0.707106781187,0.707106781187,1.762E-14));
#7426 = ORIENTED_EDGE('',*,*,#6758,.F.);
#7427 = ORIENTED_EDGE('',*,*,#6767,.F.);
#7428 = ORIENTED_EDGE('',*,*,#7421,.F.);
#7429 = ORIENTED_EDGE('',*,*,#1732,.F.);
#7430 = CONICAL_SURFACE('',#7431,1.625,0.785398163397);
#7431 = AXIS2_PLACEMENT_3D('',#7432,#7433,#7434);
#7432 = CARTESIAN_POINT('',(8.000000011928,-15.,18.895256517965));
#7433 = DIRECTION('',(5.34E-15,-1.,-1.56E-14));
#7434 = DIRECTION('',(-1.,-5.34E-15,9.44E-15));
#7435 = ADVANCED_FACE('',(#7436),#7448,.F.);
#7436 = FACE_BOUND('',#7437,.F.);
#7437 = EDGE_LOOP('',(#7438,#7444,#7445,#7446,#7447));
#7438 = ORIENTED_EDGE('',*,*,#7439,.T.);
#7439 = EDGE_CURVE('',#1722,#6793,#7440,.T.);
#7440 = LINE('',#7441,#7442);
#7441 = CARTESIAN_POINT('',(-6.374999988073,-15.,18.895256517965));
#7442 = VECTOR('',#7443,1.);
#7443 = DIRECTION('',(-0.707106781187,0.707106781187,1.762E-14));
#7444 = ORIENTED_EDGE('',*,*,#6792,.F.);
#7445 = ORIENTED_EDGE('',*,*,#6801,.F.);
#7446 = ORIENTED_EDGE('',*,*,#7439,.F.);
#7447 = ORIENTED_EDGE('',*,*,#1721,.F.);
#7448 = CONICAL_SURFACE('',#7449,1.625,0.785398163397);
#7449 = AXIS2_PLACEMENT_3D('',#7450,#7451,#7452);
#7450 = CARTESIAN_POINT('',(-7.999999988073,-15.,18.895256517965));
#7451 = DIRECTION('',(5.34E-15,-1.,-1.56E-14));
#7452 = DIRECTION('',(-1.,-5.34E-15,9.44E-15));
#7453 = ADVANCED_FACE('',(#7454),#7467,.T.);
#7454 = FACE_BOUND('',#7455,.T.);
#7455 = EDGE_LOOP('',(#7456,#7457,#7458,#7464,#7465,#7466));
#7456 = ORIENTED_EDGE('',*,*,#2528,.F.);
#7457 = ORIENTED_EDGE('',*,*,#1687,.T.);
#7458 = ORIENTED_EDGE('',*,*,#7459,.T.);
#7459 = EDGE_CURVE('',#1680,#6817,#7460,.T.);
#7460 = LINE('',#7461,#7462);
#7461 = CARTESIAN_POINT('',(10.680999923686,-16.06197953775,
    2.942753944383));
#7462 = VECTOR('',#7463,1.);
#7463 = DIRECTION('',(-0.122275840581,0.477580172619,-0.870037813851));
#7464 = ORIENTED_EDGE('',*,*,#6816,.T.);
#7465 = ORIENTED_EDGE('',*,*,#6970,.T.);
#7466 = ORIENTED_EDGE('',*,*,#2552,.T.);
#7467 = PLANE('',#7468);
#7468 = AXIS2_PLACEMENT_3D('',#7469,#7470,#7471);
#7469 = CARTESIAN_POINT('',(7.0002878916E-07,-18.2535455426,
    6.935267463765));
#7470 = DIRECTION('',(1.484E-14,-0.876615802463,-0.481190954687));
#7471 = DIRECTION('',(1.,2.213191325075E-14,-9.478949780565E-15));
#7472 = ADVANCED_FACE('',(#7473),#7485,.F.);
#7473 = FACE_BOUND('',#7474,.T.);
#7474 = EDGE_LOOP('',(#7475,#7476,#7477,#7483,#7484));
#7475 = ORIENTED_EDGE('',*,*,#7459,.F.);
#7476 = ORIENTED_EDGE('',*,*,#1679,.F.);
#7477 = ORIENTED_EDGE('',*,*,#7478,.F.);
#7478 = EDGE_CURVE('',#6859,#1671,#7479,.T.);
#7479 = LINE('',#7480,#7481);
#7480 = CARTESIAN_POINT('',(10.537472424841,-12.65000061688,
    1.921502724771));
#7481 = VECTOR('',#7482,1.);
#7482 = DIRECTION('',(5.81E-15,-1.,-1.746E-14));
#7483 = ORIENTED_EDGE('',*,*,#6858,.T.);
#7484 = ORIENTED_EDGE('',*,*,#6827,.F.);
#7485 = PLANE('',#7486);
#7486 = AXIS2_PLACEMENT_3D('',#7487,#7488,#7489);
#7487 = CARTESIAN_POINT('',(10.429964677133,-12.65000061688,
    1.156545351807));
#7488 = DIRECTION('',(0.990268068742,8.18E-15,-0.13917310096));
#7489 = DIRECTION('',(0.13917310096,-1.64E-14,0.990268068742));
#7490 = ADVANCED_FACE('',(#7491),#7502,.F.);
#7491 = FACE_BOUND('',#7492,.F.);
#7492 = EDGE_LOOP('',(#7493,#7494,#7495,#7501));
#7493 = ORIENTED_EDGE('',*,*,#7478,.F.);
#7494 = ORIENTED_EDGE('',*,*,#6866,.F.);
#7495 = ORIENTED_EDGE('',*,*,#7496,.F.);
#7496 = EDGE_CURVE('',#1663,#6867,#7497,.T.);
#7497 = LINE('',#7498,#7499);
#7498 = CARTESIAN_POINT('',(9.052070321729,-12.65000061688,
    3.630262376211));
#7499 = VECTOR('',#7500,1.);
#7500 = DIRECTION('',(-5.81E-15,1.,1.746E-14));
#7501 = ORIENTED_EDGE('',*,*,#1670,.T.);
#7502 = CYLINDRICAL_SURFACE('',#7503,1.5);
#7503 = AXIS2_PLACEMENT_3D('',#7504,#7505,#7506);
#7504 = CARTESIAN_POINT('',(9.052070321729,-12.65000061688,
    2.130262376211));
#7505 = DIRECTION('',(5.81E-15,-1.,-1.746E-14));
#7506 = DIRECTION('',(0.754709580223,-7.06992798508E-15,0.656059028991)
  );
#7507 = ADVANCED_FACE('',(#7508),#7519,.F.);
#7508 = FACE_BOUND('',#7509,.T.);
#7509 = EDGE_LOOP('',(#7510,#7516,#7517,#7518));
#7510 = ORIENTED_EDGE('',*,*,#7511,.T.);
#7511 = EDGE_CURVE('',#1654,#6876,#7512,.T.);
#7512 = LINE('',#7513,#7514);
#7513 = CARTESIAN_POINT('',(-2.606679462113,-12.65000061688,
    3.63026237621));
#7514 = VECTOR('',#7515,1.);
#7515 = DIRECTION('',(-5.81E-15,1.,1.746E-14));
#7516 = ORIENTED_EDGE('',*,*,#6875,.T.);
#7517 = ORIENTED_EDGE('',*,*,#7496,.F.);
#7518 = ORIENTED_EDGE('',*,*,#1662,.F.);
#7519 = PLANE('',#7520);
#7520 = AXIS2_PLACEMENT_3D('',#7521,#7522,#7523);
#7521 = CARTESIAN_POINT('',(4.981758944154,0.728572852351,3.630262376211
    ));
#7522 = DIRECTION('',(-2.644E-14,-1.746E-14,1.));
#7523 = DIRECTION('',(1.645E-14,-1.,-1.746E-14));
#7524 = ADVANCED_FACE('',(#7525),#7536,.F.);
#7525 = FACE_BOUND('',#7526,.F.);
#7526 = EDGE_LOOP('',(#7527,#7528,#7529,#7535));
#7527 = ORIENTED_EDGE('',*,*,#7511,.T.);
#7528 = ORIENTED_EDGE('',*,*,#6883,.F.);
#7529 = ORIENTED_EDGE('',*,*,#7530,.T.);
#7530 = EDGE_CURVE('',#6884,#1646,#7531,.T.);
#7531 = LINE('',#7532,#7533);
#7532 = CARTESIAN_POINT('',(-4.092081565225,-12.65000061688,
    1.921502724767));
#7533 = VECTOR('',#7534,1.);
#7534 = DIRECTION('',(5.81E-15,-1.,-1.746E-14));
#7535 = ORIENTED_EDGE('',*,*,#1653,.T.);
#7536 = CYLINDRICAL_SURFACE('',#7537,1.5);
#7537 = AXIS2_PLACEMENT_3D('',#7538,#7539,#7540);
#7538 = CARTESIAN_POINT('',(-2.606679462113,-12.65000061688,
    2.13026237621));
#7539 = DIRECTION('',(5.81E-15,-1.,-1.746E-14));
#7540 = DIRECTION('',(-0.754709580223,-1.583965330726E-14,0.65605902899)
  );
#7541 = ADVANCED_FACE('',(#7542),#7554,.F.);
#7542 = FACE_BOUND('',#7543,.T.);
#7543 = EDGE_LOOP('',(#7544,#7550,#7551,#7552,#7553));
#7544 = ORIENTED_EDGE('',*,*,#7545,.F.);
#7545 = EDGE_CURVE('',#6927,#1638,#7546,.T.);
#7546 = LINE('',#7547,#7548);
#7547 = CARTESIAN_POINT('',(-4.325286340088,-16.41223751803,
    3.580840918915));
#7548 = VECTOR('',#7549,1.);
#7549 = DIRECTION('',(-0.122275840583,-0.477580172619,0.870037813851));
#7550 = ORIENTED_EDGE('',*,*,#6942,.F.);
#7551 = ORIENTED_EDGE('',*,*,#6892,.T.);
#7552 = ORIENTED_EDGE('',*,*,#7530,.T.);
#7553 = ORIENTED_EDGE('',*,*,#1645,.F.);
#7554 = PLANE('',#7555);
#7555 = AXIS2_PLACEMENT_3D('',#7556,#7557,#7558);
#7556 = CARTESIAN_POINT('',(-4.092081565225,-12.65000061688,
    1.921502724767));
#7557 = DIRECTION('',(-0.990268068741,-3.32E-15,-0.139173100962));
#7558 = DIRECTION('',(0.139173100962,1.801E-14,-0.990268068741));
#7559 = ADVANCED_FACE('',(#7560),#7568,.T.);
#7560 = FACE_BOUND('',#7561,.T.);
#7561 = EDGE_LOOP('',(#7562,#7563,#7564,#7565,#7566,#7567));
#7562 = ORIENTED_EDGE('',*,*,#2408,.F.);
#7563 = ORIENTED_EDGE('',*,*,#2464,.T.);
#7564 = ORIENTED_EDGE('',*,*,#6956,.T.);
#7565 = ORIENTED_EDGE('',*,*,#6924,.T.);
#7566 = ORIENTED_EDGE('',*,*,#7545,.T.);
#7567 = ORIENTED_EDGE('',*,*,#1637,.T.);
#7568 = PLANE('',#7569);
#7569 = AXIS2_PLACEMENT_3D('',#7570,#7571,#7572);
#7570 = CARTESIAN_POINT('',(7.0002878916E-07,-18.2535455426,
    6.935267463765));
#7571 = DIRECTION('',(1.484E-14,-0.876615802463,-0.481190954687));
#7572 = DIRECTION('',(1.,2.213191325075E-14,-9.478949780565E-15));
#7573 = ADVANCED_FACE('',(#7574),#7586,.F.);
#7574 = FACE_BOUND('',#7575,.F.);
#7575 = EDGE_LOOP('',(#7576,#7582,#7583,#7584,#7585));
#7576 = ORIENTED_EDGE('',*,*,#7577,.T.);
#7577 = EDGE_CURVE('',#1755,#7039,#7578,.T.);
#7578 = LINE('',#7579,#7580);
#7579 = CARTESIAN_POINT('',(1.625000011928,-15.,26.895256517965));
#7580 = VECTOR('',#7581,1.);
#7581 = DIRECTION('',(-0.707106781187,0.707106781187,1.762E-14));
#7582 = ORIENTED_EDGE('',*,*,#7038,.F.);
#7583 = ORIENTED_EDGE('',*,*,#7047,.F.);
#7584 = ORIENTED_EDGE('',*,*,#7577,.F.);
#7585 = ORIENTED_EDGE('',*,*,#1754,.F.);
#7586 = CONICAL_SURFACE('',#7587,1.625,0.785398163397);
#7587 = AXIS2_PLACEMENT_3D('',#7588,#7589,#7590);
#7588 = CARTESIAN_POINT('',(1.192750553E-08,-15.,26.895256517965));
#7589 = DIRECTION('',(5.79E-15,-1.,-1.56E-14));
#7590 = DIRECTION('',(-1.,-5.79E-15,9.44E-15));
#7591 = ADVANCED_FACE('',(#7592),#7604,.F.);
#7592 = FACE_BOUND('',#7593,.F.);
#7593 = EDGE_LOOP('',(#7594,#7600,#7601,#7602,#7603));
#7594 = ORIENTED_EDGE('',*,*,#7595,.T.);
#7595 = EDGE_CURVE('',#1766,#7073,#7596,.T.);
#7596 = LINE('',#7597,#7598);
#7597 = CARTESIAN_POINT('',(1.625000011927,-15.,10.895256517965));
#7598 = VECTOR('',#7599,1.);
#7599 = DIRECTION('',(-0.707106781187,0.707106781187,1.762E-14));
#7600 = ORIENTED_EDGE('',*,*,#7072,.F.);
#7601 = ORIENTED_EDGE('',*,*,#7081,.F.);
#7602 = ORIENTED_EDGE('',*,*,#7595,.F.);
#7603 = ORIENTED_EDGE('',*,*,#1765,.F.);
#7604 = CONICAL_SURFACE('',#7605,1.625,0.785398163397);
#7605 = AXIS2_PLACEMENT_3D('',#7606,#7607,#7608);
#7606 = CARTESIAN_POINT('',(1.192730206E-08,-15.,10.895256517965));
#7607 = DIRECTION('',(5.79E-15,-1.,-1.56E-14));
#7608 = DIRECTION('',(-1.,-5.79E-15,9.44E-15));
#7609 = ADVANCED_FACE('',(#7610),#7618,.T.);
#7610 = FACE_BOUND('',#7611,.T.);
#7611 = EDGE_LOOP('',(#7612,#7613,#7614,#7615,#7616,#7617));
#7612 = ORIENTED_EDGE('',*,*,#1597,.F.);
#7613 = ORIENTED_EDGE('',*,*,#2493,.F.);
#7614 = ORIENTED_EDGE('',*,*,#1978,.F.);
#7615 = ORIENTED_EDGE('',*,*,#2003,.T.);
#7616 = ORIENTED_EDGE('',*,*,#1928,.T.);
#7617 = ORIENTED_EDGE('',*,*,#1952,.T.);
#7618 = PLANE('',#7619);
#7619 = AXIS2_PLACEMENT_3D('',#7620,#7621,#7622);
#7620 = CARTESIAN_POINT('',(336.84546681069,-14.99999999999,
    34.466091906269));
#7621 = DIRECTION('',(-1.286E-14,-0.707106781186,0.707106781187));
#7622 = DIRECTION('',(1.,-2.762339320606E-14,-9.436606793935E-15));
#7623 = ( GEOMETRIC_REPRESENTATION_CONTEXT(3) 
GLOBAL_UNCERTAINTY_ASSIGNED_CONTEXT((#7627)) 
GLOBAL_UNIT_ASSIGNED_CONTEXT((#7624,#7625,#7626)) REPRESENTATION_CONTEXT
('Context #1','3D Context with UNIT and UNCERTAINTY') );
#7624 = ( LENGTH_UNIT() NAMED_UNIT(*) SI_UNIT(.MILLI.,.METRE.) );
#7625 = ( NAMED_UNIT(*) PLANE_ANGLE_UNIT() SI_UNIT($,.RADIAN.) );
#7626 = ( NAMED_UNIT(*) SI_UNIT($,.STERADIAN.) SOLID_ANGLE_UNIT() );
#7627 = UNCERTAINTY_MEASURE_WITH_UNIT(LENGTH_MEASURE(1.E-03),#7624,
  'distance_accuracy_value','confusion accuracy');
#7628 = CONTEXT_DEPENDENT_SHAPE_REPRESENTATION(#7629,#7631);
#7629 = ( REPRESENTATION_RELATIONSHIP('','',#40,#10) 
REPRESENTATION_RELATIONSHIP_WITH_TRANSFORMATION(#7630) 
SHAPE_REPRESENTATION_RELATIONSHIP() );
#7630 = ITEM_DEFINED_TRANSFORMATION('','',#11,#15);
#7631 = PRODUCT_DEFINITION_SHAPE('Placement','Placement of an item',
  #7632);
#7632 = NEXT_ASSEMBLY_USAGE_OCCURRENCE('1','rapido_mount','',#5,#35,$);
#7633 = PRODUCT_RELATED_PRODUCT_CATEGORY('part',$,(#37));
#7634 = SHAPE_DEFINITION_REPRESENTATION(#7635,#7641);
#7635 = PRODUCT_DEFINITION_SHAPE('','',#7636);
#7636 = PRODUCT_DEFINITION('design','',#7637,#7640);
#7637 = PRODUCT_DEFINITION_FORMATION('','',#7638);
#7638 = PRODUCT('rapido_mount001','rapido_mount001','',(#7639));
#7639 = PRODUCT_CONTEXT('',#2,'mechanical');
#7640 = PRODUCT_DEFINITION_CONTEXT('part definition',#2,'design');
#7641 = ADVANCED_BREP_SHAPE_REPRESENTATION('',(#11,#7642),#8872);
#7642 = MANIFOLD_SOLID_BREP('',#7643);
#7643 = CLOSED_SHELL('',(#7644,#7686,#8000,#8024,#8049,#8081,#8105,#8130
    ,#8147,#8164,#8195,#8219,#8243,#8290,#8314,#8361,#8385,#8432,#8456,
    #8503,#8534,#8581,#8605,#8652,#8676,#8723,#8747,#8787,#8811,#8844,
    #8856));
#7644 = ADVANCED_FACE('',(#7645),#7681,.T.);
#7645 = FACE_BOUND('',#7646,.T.);
#7646 = EDGE_LOOP('',(#7647,#7658,#7666,#7675));
#7647 = ORIENTED_EDGE('',*,*,#7648,.T.);
#7648 = EDGE_CURVE('',#7649,#7651,#7653,.T.);
#7649 = VERTEX_POINT('',#7650);
#7650 = CARTESIAN_POINT('',(20.382856445741,-15.54440164189,
    0.700000267707));
#7651 = VERTEX_POINT('',#7652);
#7652 = CARTESIAN_POINT('',(21.382856445741,-16.54440164189,
    0.700000267707));
#7653 = CIRCLE('',#7654,1.);
#7654 = AXIS2_PLACEMENT_3D('',#7655,#7656,#7657);
#7655 = CARTESIAN_POINT('',(20.382856445741,-16.54440164189,
    0.700000267707));
#7656 = DIRECTION('',(1.24E-15,-4.634E-14,-1.));
#7657 = DIRECTION('',(0.707106781187,0.707106781187,-3.189051583151E-14)
  );
#7658 = ORIENTED_EDGE('',*,*,#7659,.T.);
#7659 = EDGE_CURVE('',#7651,#7660,#7662,.T.);
#7660 = VERTEX_POINT('',#7661);
#7661 = CARTESIAN_POINT('',(21.382856445741,-16.54440164189,
    2.67707323E-07));
#7662 = LINE('',#7663,#7664);
#7663 = CARTESIAN_POINT('',(21.382856445741,-16.54440164189,
    2.6770732298E-07));
#7664 = VECTOR('',#7665,1.);
#7665 = DIRECTION('',(1.24E-15,-4.634E-14,-1.));
#7666 = ORIENTED_EDGE('',*,*,#7667,.T.);
#7667 = EDGE_CURVE('',#7660,#7668,#7670,.T.);
#7668 = VERTEX_POINT('',#7669);
#7669 = CARTESIAN_POINT('',(20.382856445741,-15.54440164189,
    2.67707272E-07));
#7670 = CIRCLE('',#7671,1.);
#7671 = AXIS2_PLACEMENT_3D('',#7672,#7673,#7674);
#7672 = CARTESIAN_POINT('',(20.382856445741,-16.54440164189,
    2.6770730965E-07));
#7673 = DIRECTION('',(-3.89E-15,4.636E-14,1.));
#7674 = DIRECTION('',(0.707106781187,0.707106781187,-3.003082499699E-14)
  );
#7675 = ORIENTED_EDGE('',*,*,#7676,.T.);
#7676 = EDGE_CURVE('',#7668,#7649,#7677,.T.);
#7677 = LINE('',#7678,#7679);
#7678 = CARTESIAN_POINT('',(20.382856445741,-15.54440164189,
    2.6770727635E-07));
#7679 = VECTOR('',#7680,1.);
#7680 = DIRECTION('',(-1.24E-15,4.634E-14,1.));
#7681 = CYLINDRICAL_SURFACE('',#7682,1.);
#7682 = AXIS2_PLACEMENT_3D('',#7683,#7684,#7685);
#7683 = CARTESIAN_POINT('',(20.382856445741,-16.54440164189,
    2.6770732076E-07));
#7684 = DIRECTION('',(-1.24E-15,4.634E-14,1.));
#7685 = DIRECTION('',(0.707106781187,0.707106781187,-3.189051583151E-14)
  );
#7686 = ADVANCED_FACE('',(#7687,#7747),#7995,.T.);
#7687 = FACE_BOUND('',#7688,.T.);
#7688 = EDGE_LOOP('',(#7689,#7690,#7698,#7707,#7715,#7724,#7732,#7741));
#7689 = ORIENTED_EDGE('',*,*,#7648,.F.);
#7690 = ORIENTED_EDGE('',*,*,#7691,.T.);
#7691 = EDGE_CURVE('',#7649,#7692,#7694,.T.);
#7692 = VERTEX_POINT('',#7693);
#7693 = CARTESIAN_POINT('',(14.573465523823,-15.54440164189,
    0.700000267707));
#7694 = LINE('',#7695,#7696);
#7695 = CARTESIAN_POINT('',(21.382856445741,-15.54440164189,
    0.700000267707));
#7696 = VECTOR('',#7697,1.);
#7697 = DIRECTION('',(-1.,1.384E-14,-3.89E-15));
#7698 = ORIENTED_EDGE('',*,*,#7699,.F.);
#7699 = EDGE_CURVE('',#7700,#7692,#7702,.T.);
#7700 = VERTEX_POINT('',#7701);
#7701 = CARTESIAN_POINT('',(13.573465523823,-16.54440164189,
    0.700000267707));
#7702 = CIRCLE('',#7703,1.);
#7703 = AXIS2_PLACEMENT_3D('',#7704,#7705,#7706);
#7704 = CARTESIAN_POINT('',(14.573465523823,-16.54440164189,
    0.700000267707));
#7705 = DIRECTION('',(1.24E-15,-4.634E-14,-1.));
#7706 = DIRECTION('',(-0.707106781187,0.707106781187,-3.364414064886E-14
    ));
#7707 = ORIENTED_EDGE('',*,*,#7708,.T.);
#7708 = EDGE_CURVE('',#7700,#7709,#7711,.T.);
#7709 = VERTEX_POINT('',#7710);
#7710 = CARTESIAN_POINT('',(13.573465523823,-20.97475329387,
    0.700000267707));
#7711 = LINE('',#7712,#7713);
#7712 = CARTESIAN_POINT('',(13.573465523823,-15.54440164189,
    0.700000267707));
#7713 = VECTOR('',#7714,1.);
#7714 = DIRECTION('',(-1.384E-14,-1.,4.636E-14));
#7715 = ORIENTED_EDGE('',*,*,#7716,.F.);
#7716 = EDGE_CURVE('',#7717,#7709,#7719,.T.);
#7717 = VERTEX_POINT('',#7718);
#7718 = CARTESIAN_POINT('',(14.573465523823,-21.97475329387,
    0.700000267708));
#7719 = CIRCLE('',#7720,1.);
#7720 = AXIS2_PLACEMENT_3D('',#7721,#7722,#7723);
#7721 = CARTESIAN_POINT('',(14.573465523823,-20.97475329387,
    0.700000267708));
#7722 = DIRECTION('',(1.24E-15,-4.634E-14,-1.));
#7723 = DIRECTION('',(-0.707106781187,-0.707106781187,3.189051583151E-14
    ));
#7724 = ORIENTED_EDGE('',*,*,#7725,.T.);
#7725 = EDGE_CURVE('',#7717,#7726,#7728,.T.);
#7726 = VERTEX_POINT('',#7727);
#7727 = CARTESIAN_POINT('',(20.382856445741,-21.97475329387,
    0.700000267708));
#7728 = LINE('',#7729,#7730);
#7729 = CARTESIAN_POINT('',(13.573465523823,-21.97475329387,
    0.700000267708));
#7730 = VECTOR('',#7731,1.);
#7731 = DIRECTION('',(1.,-1.384E-14,3.89E-15));
#7732 = ORIENTED_EDGE('',*,*,#7733,.F.);
#7733 = EDGE_CURVE('',#7734,#7726,#7736,.T.);
#7734 = VERTEX_POINT('',#7735);
#7735 = CARTESIAN_POINT('',(21.382856445741,-20.97475329387,
    0.700000267708));
#7736 = CIRCLE('',#7737,1.);
#7737 = AXIS2_PLACEMENT_3D('',#7738,#7739,#7740);
#7738 = CARTESIAN_POINT('',(20.382856445741,-20.97475329387,
    0.700000267708));
#7739 = DIRECTION('',(1.24E-15,-4.634E-14,-1.));
#7740 = DIRECTION('',(0.707106781187,-0.707106781187,3.364414064886E-14)
  );
#7741 = ORIENTED_EDGE('',*,*,#7742,.T.);
#7742 = EDGE_CURVE('',#7734,#7651,#7743,.T.);
#7743 = LINE('',#7744,#7745);
#7744 = CARTESIAN_POINT('',(21.382856445741,-21.97475329387,
    0.700000267708));
#7745 = VECTOR('',#7746,1.);
#7746 = DIRECTION('',(1.384E-14,1.,-4.636E-14));
#7747 = FACE_BOUND('',#7748,.T.);
#7748 = EDGE_LOOP('',(#7749,#7759,#7774,#7782,#7807,#7815,#7830,#7838,
    #7853,#7861,#7869,#7877,#7902,#7910,#7925,#7933,#7958,#7966,#7981,
    #7989));
#7749 = ORIENTED_EDGE('',*,*,#7750,.F.);
#7750 = EDGE_CURVE('',#7751,#7753,#7755,.T.);
#7751 = VERTEX_POINT('',#7752);
#7752 = CARTESIAN_POINT('',(14.816295570904,-16.27566958447,
    0.700000267707));
#7753 = VERTEX_POINT('',#7754);
#7754 = CARTESIAN_POINT('',(20.258514799246,-16.27566827933,
    0.700000267707));
#7755 = LINE('',#7756,#7757);
#7756 = CARTESIAN_POINT('',(16.147227980001,-16.27566926529,
    0.700000267707));
#7757 = VECTOR('',#7758,1.);
#7758 = DIRECTION('',(1.,2.398171765E-07,1.24E-15));
#7759 = ORIENTED_EDGE('',*,*,#7760,.F.);
#7760 = EDGE_CURVE('',#7761,#7751,#7763,.T.);
#7761 = VERTEX_POINT('',#7762);
#7762 = CARTESIAN_POINT('',(14.816295450996,-17.07683509739,
    0.700000267707));
#7763 = B_SPLINE_CURVE_WITH_KNOTS('',3,(#7764,#7765,#7766,#7767,#7768,
    #7769,#7770,#7771,#7772,#7773),.UNSPECIFIED.,.F.,.F.,(4,3,3,4),(
    -0.155739096401,-0.102289050406,-3.704499105601E-02,0.),
  .UNSPECIFIED.);
#7764 = CARTESIAN_POINT('',(14.816295450996,-17.07683509739,
    0.700000267707));
#7765 = CARTESIAN_POINT('',(14.591861718728,-17.07683515121,
    0.700000267707));
#7766 = CARTESIAN_POINT('',(14.541915823397,-17.01570809814,
    0.700000267707));
#7767 = CARTESIAN_POINT('',(14.48947049208,-16.8865139558,0.700000267707
    ));
#7768 = CARTESIAN_POINT('',(14.4254528426,-16.7288124958,0.700000267707)
  );
#7769 = CARTESIAN_POINT('',(14.458642606937,-16.46890023965,
    0.700000267707));
#7770 = CARTESIAN_POINT('',(14.548007442645,-16.3691007173,
    0.700000267707));
#7771 = CARTESIAN_POINT('',(14.598747993931,-16.31243544464,
    0.700000267707));
#7772 = CARTESIAN_POINT('',(14.660745781279,-16.27566962177,
    0.700000267707));
#7773 = CARTESIAN_POINT('',(14.816295570904,-16.27566958447,
    0.700000267707));
#7774 = ORIENTED_EDGE('',*,*,#7775,.F.);
#7775 = EDGE_CURVE('',#7776,#7761,#7778,.T.);
#7776 = VERTEX_POINT('',#7777);
#7777 = CARTESIAN_POINT('',(20.258514679337,-17.07683379225,
    0.700000267707));
#7778 = LINE('',#7779,#7780);
#7779 = CARTESIAN_POINT('',(18.868337630284,-17.07683412564,
    0.700000267707));
#7780 = VECTOR('',#7781,1.);
#7781 = DIRECTION('',(-1.,-2.398171765E-07,-1.24E-15));
#7782 = ORIENTED_EDGE('',*,*,#7783,.F.);
#7783 = EDGE_CURVE('',#7784,#7776,#7786,.T.);
#7784 = VERTEX_POINT('',#7785);
#7785 = CARTESIAN_POINT('',(20.258514799246,-18.87799930517,
    0.700000267707));
#7786 = B_SPLINE_CURVE_WITH_KNOTS('',3,(#7787,#7788,#7789,#7790,#7791,
    #7792,#7793,#7794,#7795,#7796,#7797,#7798,#7799,#7800,#7801,#7802,
    #7803,#7804,#7805,#7806),.UNSPECIFIED.,.F.,.F.,(4,2,2,2,2,2,2,2,2,4)
  ,(-0.283417363707,-0.259717641204,-0.236980676842,-0.206979359681,
    -0.173131657826,-0.129646876523,-9.567434557442E-02,
    -6.714001681159E-02,-3.692823554643E-02,0.),.UNSPECIFIED.);
#7787 = CARTESIAN_POINT('',(20.258514799246,-18.87799930517,
    0.700000267707));
#7788 = CARTESIAN_POINT('',(20.337321864308,-18.87799928627,
    0.700000267707));
#7789 = CARTESIAN_POINT('',(20.415938750952,-18.87065246694,
    0.700000267707));
#7790 = CARTESIAN_POINT('',(20.566409754512,-18.83629635771,
    0.700000267707));
#7791 = CARTESIAN_POINT('',(20.636981545352,-18.81041817135,
    0.700000267707));
#7792 = CARTESIAN_POINT('',(20.79040953296,-18.72611647585,
    0.700000267707));
#7793 = CARTESIAN_POINT('',(20.865800260775,-18.66218007077,
    0.700000267707));
#7794 = CARTESIAN_POINT('',(20.997789575914,-18.49652376795,
    0.700000267707));
#7795 = CARTESIAN_POINT('',(21.047658327494,-18.39486820648,
    0.700000267707));
#7796 = CARTESIAN_POINT('',(21.120547383204,-18.14895498219,
    0.700000267707));
#7797 = CARTESIAN_POINT('',(21.132391769393,-17.9989730545,
    0.700000267707));
#7798 = CARTESIAN_POINT('',(21.104851187625,-17.74376425994,
    0.700000267707));
#7799 = CARTESIAN_POINT('',(21.075734021322,-17.63247874247,
    0.700000267707));
#7800 = CARTESIAN_POINT('',(20.986671414754,-17.4452147915,
    0.700000267707));
#7801 = CARTESIAN_POINT('',(20.932870263381,-17.36736329104,
    0.700000267707));
#7802 = CARTESIAN_POINT('',(20.793708977486,-17.23101469533,
    0.700000267707));
#7803 = CARTESIAN_POINT('',(20.710187885843,-17.17730604852,
    0.700000267707));
#7804 = CARTESIAN_POINT('',(20.50295337246,-17.09475804303,
    0.700000267707));
#7805 = CARTESIAN_POINT('',(20.381608797825,-17.07683376273,
    0.700000267707));
#7806 = CARTESIAN_POINT('',(20.258514679337,-17.07683379225,
    0.700000267707));
#7807 = ORIENTED_EDGE('',*,*,#7808,.F.);
#7808 = EDGE_CURVE('',#7809,#7784,#7811,.T.);
#7809 = VERTEX_POINT('',#7810);
#7810 = CARTESIAN_POINT('',(14.816295570904,-18.87800061031,
    0.700000267707));
#7811 = LINE('',#7812,#7813);
#7812 = CARTESIAN_POINT('',(16.147228292043,-18.87800029113,
    0.700000267707));
#7813 = VECTOR('',#7814,1.);
#7814 = DIRECTION('',(1.,2.398171765E-07,1.24E-15));
#7815 = ORIENTED_EDGE('',*,*,#7816,.F.);
#7816 = EDGE_CURVE('',#7817,#7809,#7819,.T.);
#7817 = VERTEX_POINT('',#7818);
#7818 = CARTESIAN_POINT('',(14.816295450996,-19.67916612323,
    0.700000267707));
#7819 = B_SPLINE_CURVE_WITH_KNOTS('',3,(#7820,#7821,#7822,#7823,#7824,
    #7825,#7826,#7827,#7828,#7829),.UNSPECIFIED.,.F.,.F.,(4,3,3,4),(
    -0.155739096395,-0.102289050402,-3.70449910545E-02,0.),
  .UNSPECIFIED.);
#7820 = CARTESIAN_POINT('',(14.816295450996,-19.67916612323,
    0.700000267707));
#7821 = CARTESIAN_POINT('',(14.591861718726,-19.67916617706,
    0.700000267707));
#7822 = CARTESIAN_POINT('',(14.541915823395,-19.61803912399,
    0.700000267707));
#7823 = CARTESIAN_POINT('',(14.489470492077,-19.48884498165,
    0.700000267707));
#7824 = CARTESIAN_POINT('',(14.425452842598,-19.33114352164,
    0.700000267707));
#7825 = CARTESIAN_POINT('',(14.458642606935,-19.07123126549,
    0.700000267707));
#7826 = CARTESIAN_POINT('',(14.548007442644,-18.97143174315,
    0.700000267707));
#7827 = CARTESIAN_POINT('',(14.59874799393,-18.91476647048,
    0.700000267707));
#7828 = CARTESIAN_POINT('',(14.660745781278,-18.87800064761,
    0.700000267707));
#7829 = CARTESIAN_POINT('',(14.816295570904,-18.87800061031,
    0.700000267707));
#7830 = ORIENTED_EDGE('',*,*,#7831,.F.);
#7831 = EDGE_CURVE('',#7832,#7817,#7834,.T.);
#7832 = VERTEX_POINT('',#7833);
#7833 = CARTESIAN_POINT('',(20.258514679337,-19.67916481809,
    0.700000267707));
#7834 = LINE('',#7835,#7836);
#7835 = CARTESIAN_POINT('',(18.868337942326,-19.67916515148,
    0.700000267707));
#7836 = VECTOR('',#7837,1.);
#7837 = DIRECTION('',(-1.,-2.398171765E-07,-1.24E-15));
#7838 = ORIENTED_EDGE('',*,*,#7839,.F.);
#7839 = EDGE_CURVE('',#7840,#7832,#7842,.T.);
#7840 = VERTEX_POINT('',#7841);
#7841 = CARTESIAN_POINT('',(20.258514799246,-21.48033033102,
    0.700000267708));
#7842 = B_SPLINE_CURVE_WITH_KNOTS('',3,(#7843,#7844,#7845,#7846,#7847,
    #7848,#7849,#7850,#7851,#7852),.UNSPECIFIED.,.F.,.F.,(4,3,3,4),(
    -0.283417363707,-0.194609672096,-7.69634138011E-02,0.),
  .UNSPECIFIED.);
#7843 = CARTESIAN_POINT('',(20.258514799246,-21.48033033102,
    0.700000267708));
#7844 = CARTESIAN_POINT('',(20.59682647644,-21.48033024988,
    0.700000267708));
#7845 = CARTESIAN_POINT('',(20.887617137007,-21.29948947901,
    0.700000267708));
#7846 = CARTESIAN_POINT('',(21.015520322407,-21.05035252095,
    0.700000267708));
#7847 = CARTESIAN_POINT('',(21.184957573994,-20.72031319229,
    0.700000267708));
#7848 = CARTESIAN_POINT('',(21.174656551255,-20.32299333001,
    0.700000267707));
#7849 = CARTESIAN_POINT('',(20.957190533874,-20.01215062649,
    0.700000267707));
#7850 = CARTESIAN_POINT('',(20.814925685626,-19.80879936003,
    0.700000267707));
#7851 = CARTESIAN_POINT('',(20.55170577185,-19.67916474778,
    0.700000267707));
#7852 = CARTESIAN_POINT('',(20.258514679337,-19.67916481809,
    0.700000267707));
#7853 = ORIENTED_EDGE('',*,*,#7854,.F.);
#7854 = EDGE_CURVE('',#7855,#7840,#7857,.T.);
#7855 = VERTEX_POINT('',#7856);
#7856 = CARTESIAN_POINT('',(14.816295570904,-21.48033163615,
    0.700000267708));
#7857 = LINE('',#7858,#7859);
#7858 = CARTESIAN_POINT('',(16.147228604085,-21.48033131697,
    0.700000267708));
#7859 = VECTOR('',#7860,1.);
#7860 = DIRECTION('',(1.,2.398171765E-07,1.24E-15));
#7861 = ORIENTED_EDGE('',*,*,#7862,.F.);
#7862 = EDGE_CURVE('',#7863,#7855,#7865,.T.);
#7863 = VERTEX_POINT('',#7864);
#7864 = CARTESIAN_POINT('',(14.816295450996,-20.98033163615,
    0.700000267708));
#7865 = LINE('',#7866,#7867);
#7866 = CARTESIAN_POINT('',(14.816295214685,-19.9949548712,
    0.700000267707));
#7867 = VECTOR('',#7868,1.);
#7868 = DIRECTION('',(2.398171765E-07,-1.,4.634E-14));
#7869 = ORIENTED_EDGE('',*,*,#7870,.F.);
#7870 = EDGE_CURVE('',#7871,#7863,#7873,.T.);
#7871 = VERTEX_POINT('',#7872);
#7872 = CARTESIAN_POINT('',(20.258514679337,-20.98033033102,
    0.700000267708));
#7873 = LINE('',#7874,#7875);
#7874 = CARTESIAN_POINT('',(16.147228484176,-20.98033131697,
    0.700000267708));
#7875 = VECTOR('',#7876,1.);
#7876 = DIRECTION('',(-1.,-2.398171765E-07,-1.24E-15));
#7877 = ORIENTED_EDGE('',*,*,#7878,.F.);
#7878 = EDGE_CURVE('',#7879,#7871,#7881,.T.);
#7879 = VERTEX_POINT('',#7880);
#7880 = CARTESIAN_POINT('',(20.258514799246,-20.17916481809,
    0.700000267707));
#7881 = B_SPLINE_CURVE_WITH_KNOTS('',3,(#7882,#7883,#7884,#7885,#7886,
    #7887,#7888,#7889,#7890,#7891,#7892,#7893,#7894,#7895,#7896,#7897,
    #7898,#7899,#7900,#7901),.UNSPECIFIED.,.F.,.F.,(4,2,2,2,2,2,2,2,2,4)
  ,(-0.155739112068,-0.138676569511,-0.126648237877,-0.114088077885,
    -9.784961269532E-02,-7.185229790206E-02,-5.253108341845E-02,
    -3.782147351899E-02,-2.203620094525E-02,0.),.UNSPECIFIED.);
#7882 = CARTESIAN_POINT('',(20.258514799246,-20.17916481809,
    0.700000267707));
#7883 = CARTESIAN_POINT('',(20.299312208252,-20.17916480831,
    0.700000267707));
#7884 = CARTESIAN_POINT('',(20.341643472599,-20.18241558359,
    0.700000267707));
#7885 = CARTESIAN_POINT('',(20.40948875807,-20.19790622612,
    0.700000267707));
#7886 = CARTESIAN_POINT('',(20.437013330866,-20.20737658564,
    0.700000267707));
#7887 = CARTESIAN_POINT('',(20.488812812504,-20.23583798268,
    0.700000267707));
#7888 = CARTESIAN_POINT('',(20.513928097541,-20.25573136421,
    0.700000267707));
#7889 = CARTESIAN_POINT('',(20.566298231562,-20.32145961676,
    0.700000267708));
#7890 = CARTESIAN_POINT('',(20.586714714007,-20.36660487367,
    0.700000267708));
#7891 = CARTESIAN_POINT('',(20.621726511005,-20.48472736001,
    0.700000267708));
#7892 = CARTESIAN_POINT('',(20.628418888796,-20.56810516199,
    0.700000267708));
#7893 = CARTESIAN_POINT('',(20.61342338192,-20.70706389647,
    0.700000267708));
#7894 = CARTESIAN_POINT('',(20.598676741884,-20.7636016969,
    0.700000267708));
#7895 = CARTESIAN_POINT('',(20.558374053692,-20.8483426484,
    0.700000267708));
#7896 = CARTESIAN_POINT('',(20.537981050745,-20.87671104709,
    0.700000267708));
#7897 = CARTESIAN_POINT('',(20.491065457256,-20.92267844424,
    0.700000267708));
#7898 = CARTESIAN_POINT('',(20.463365549337,-20.93996781145,
    0.700000267708));
#7899 = CARTESIAN_POINT('',(20.387995887163,-20.96998995802,
    0.700000267708));
#7900 = CARTESIAN_POINT('',(20.331968682488,-20.9803303134,
    0.700000267708));
#7901 = CARTESIAN_POINT('',(20.258514679337,-20.98033033102,
    0.700000267708));
#7902 = ORIENTED_EDGE('',*,*,#7903,.F.);
#7903 = EDGE_CURVE('',#7904,#7879,#7906,.T.);
#7904 = VERTEX_POINT('',#7905);
#7905 = CARTESIAN_POINT('',(14.816295570904,-20.17916612323,
    0.700000267707));
#7906 = LINE('',#7907,#7908);
#7907 = CARTESIAN_POINT('',(18.868338062235,-20.17916515148,
    0.700000267707));
#7908 = VECTOR('',#7909,1.);
#7909 = DIRECTION('',(1.,2.398171765E-07,1.24E-15));
#7910 = ORIENTED_EDGE('',*,*,#7911,.F.);
#7911 = EDGE_CURVE('',#7912,#7904,#7914,.T.);
#7912 = VERTEX_POINT('',#7913);
#7913 = CARTESIAN_POINT('',(14.816295450996,-18.37800061031,
    0.700000267707));
#7914 = B_SPLINE_CURVE_WITH_KNOTS('',3,(#7915,#7916,#7917,#7918,#7919,
    #7920,#7921,#7922,#7923,#7924),.UNSPECIFIED.,.F.,.F.,(4,3,3,4),(
    -0.283417378915,-0.20645397807,-8.880765935678E-02,0.),
  .UNSPECIFIED.);
#7915 = CARTESIAN_POINT('',(14.816295450996,-18.37800061031,
    0.700000267707));
#7916 = CARTESIAN_POINT('',(14.523104424884,-18.37800068062,
    0.700000267707));
#7917 = CARTESIAN_POINT('',(14.259884625302,-18.50763531962,
    0.700000267707));
#7918 = CARTESIAN_POINT('',(14.117619768923,-18.71098653083,
    0.700000267707));
#7919 = CARTESIAN_POINT('',(13.900153590826,-19.02182936186,
    0.700000267707));
#7920 = CARTESIAN_POINT('',(13.88985246564,-19.41914947126,
    0.700000267707));
#7921 = CARTESIAN_POINT('',(14.059289981725,-19.74918890401,
    0.700000267707));
#7922 = CARTESIAN_POINT('',(14.187193254649,-19.99832572221,
    0.700000267707));
#7923 = CARTESIAN_POINT('',(14.47798397073,-20.17916620437,
    0.700000267707));
#7924 = CARTESIAN_POINT('',(14.816295570904,-20.17916612323,
    0.700000267707));
#7925 = ORIENTED_EDGE('',*,*,#7926,.F.);
#7926 = EDGE_CURVE('',#7927,#7912,#7929,.T.);
#7927 = VERTEX_POINT('',#7928);
#7928 = CARTESIAN_POINT('',(20.258514679337,-18.37799930517,
    0.700000267707));
#7929 = LINE('',#7930,#7931);
#7930 = CARTESIAN_POINT('',(16.147228172134,-18.37800029113,
    0.700000267707));
#7931 = VECTOR('',#7932,1.);
#7932 = DIRECTION('',(-1.,-2.398171765E-07,-1.24E-15));
#7933 = ORIENTED_EDGE('',*,*,#7934,.F.);
#7934 = EDGE_CURVE('',#7935,#7927,#7937,.T.);
#7935 = VERTEX_POINT('',#7936);
#7936 = CARTESIAN_POINT('',(20.258514799246,-17.57683379225,
    0.700000267707));
#7937 = B_SPLINE_CURVE_WITH_KNOTS('',3,(#7938,#7939,#7940,#7941,#7942,
    #7943,#7944,#7945,#7946,#7947,#7948,#7949,#7950,#7951,#7952,#7953,
    #7954,#7955,#7956,#7957),.UNSPECIFIED.,.F.,.F.,(4,2,2,2,2,2,2,2,2,4)
  ,(-0.155739112072,-0.138676569513,-0.126648237879,-0.114088077887,
    -9.784961269629E-02,-7.185229790218E-02,-5.253108341815E-02,
    -3.782147351862E-02,-2.203620094493E-02,0.),.UNSPECIFIED.);
#7938 = CARTESIAN_POINT('',(20.258514799246,-17.57683379225,
    0.700000267707));
#7939 = CARTESIAN_POINT('',(20.299312208252,-17.57683378247,
    0.700000267707));
#7940 = CARTESIAN_POINT('',(20.341643472598,-17.58008455775,
    0.700000267707));
#7941 = CARTESIAN_POINT('',(20.409488758068,-17.59557520028,
    0.700000267707));
#7942 = CARTESIAN_POINT('',(20.437013330863,-17.60504555979,
    0.700000267707));
#7943 = CARTESIAN_POINT('',(20.488812812499,-17.63350695683,
    0.700000267707));
#7944 = CARTESIAN_POINT('',(20.513928097536,-17.65340033837,
    0.700000267707));
#7945 = CARTESIAN_POINT('',(20.566298231557,-17.71912859091,
    0.700000267707));
#7946 = CARTESIAN_POINT('',(20.586714714002,-17.76427384782,
    0.700000267707));
#7947 = CARTESIAN_POINT('',(20.621726511,-17.88239633417,0.700000267707)
  );
#7948 = CARTESIAN_POINT('',(20.62841888879,-17.96577413615,
    0.700000267707));
#7949 = CARTESIAN_POINT('',(20.613423381914,-18.10473287062,
    0.700000267707));
#7950 = CARTESIAN_POINT('',(20.598676741878,-18.16127067106,
    0.700000267707));
#7951 = CARTESIAN_POINT('',(20.558374053687,-18.24601162256,
    0.700000267707));
#7952 = CARTESIAN_POINT('',(20.537981050739,-18.27438002125,
    0.700000267707));
#7953 = CARTESIAN_POINT('',(20.491065457251,-18.3203474184,
    0.700000267707));
#7954 = CARTESIAN_POINT('',(20.463365549333,-18.33763678561,
    0.700000267707));
#7955 = CARTESIAN_POINT('',(20.387995887161,-18.36765893218,
    0.700000267707));
#7956 = CARTESIAN_POINT('',(20.331968682487,-18.37799928756,
    0.700000267707));
#7957 = CARTESIAN_POINT('',(20.258514679337,-18.37799930517,
    0.700000267707));
#7958 = ORIENTED_EDGE('',*,*,#7959,.F.);
#7959 = EDGE_CURVE('',#7960,#7935,#7962,.T.);
#7960 = VERTEX_POINT('',#7961);
#7961 = CARTESIAN_POINT('',(14.816295570904,-17.57683509739,
    0.700000267707));
#7962 = LINE('',#7963,#7964);
#7963 = CARTESIAN_POINT('',(18.868337750193,-17.57683412564,
    0.700000267707));
#7964 = VECTOR('',#7965,1.);
#7965 = DIRECTION('',(1.,2.398171765E-07,1.24E-15));
#7966 = ORIENTED_EDGE('',*,*,#7967,.F.);
#7967 = EDGE_CURVE('',#7968,#7960,#7970,.T.);
#7968 = VERTEX_POINT('',#7969);
#7969 = CARTESIAN_POINT('',(14.816295450996,-15.77566958447,
    0.700000267707));
#7970 = B_SPLINE_CURVE_WITH_KNOTS('',3,(#7971,#7972,#7973,#7974,#7975,
    #7976,#7977,#7978,#7979,#7980),.UNSPECIFIED.,.F.,.F.,(4,3,3,4),(
    -0.283417378914,-0.206453978069,-8.880765935644E-02,0.),
  .UNSPECIFIED.);
#7971 = CARTESIAN_POINT('',(14.816295450996,-15.77566958447,
    0.700000267707));
#7972 = CARTESIAN_POINT('',(14.523104424882,-15.77566965478,
    0.700000267707));
#7973 = CARTESIAN_POINT('',(14.2598846253,-15.90530429378,0.700000267707
    ));
#7974 = CARTESIAN_POINT('',(14.117619768922,-16.10865550499,
    0.700000267707));
#7975 = CARTESIAN_POINT('',(13.900153590828,-16.41949833602,
    0.700000267707));
#7976 = CARTESIAN_POINT('',(13.889852465643,-16.81681844542,
    0.700000267707));
#7977 = CARTESIAN_POINT('',(14.059289981728,-17.14685787816,
    0.700000267707));
#7978 = CARTESIAN_POINT('',(14.187193254651,-17.39599469637,
    0.700000267707));
#7979 = CARTESIAN_POINT('',(14.477983970732,-17.57683517852,
    0.700000267707));
#7980 = CARTESIAN_POINT('',(14.816295570904,-17.57683509739,
    0.700000267707));
#7981 = ORIENTED_EDGE('',*,*,#7982,.F.);
#7982 = EDGE_CURVE('',#7983,#7968,#7985,.T.);
#7983 = VERTEX_POINT('',#7984);
#7984 = CARTESIAN_POINT('',(20.258514679337,-15.77566827933,
    0.700000267707));
#7985 = LINE('',#7986,#7987);
#7986 = CARTESIAN_POINT('',(16.147227860093,-15.77566926529,
    0.700000267707));
#7987 = VECTOR('',#7988,1.);
#7988 = DIRECTION('',(-1.,-2.398171765E-07,-1.24E-15));
#7989 = ORIENTED_EDGE('',*,*,#7990,.F.);
#7990 = EDGE_CURVE('',#7753,#7983,#7991,.T.);
#7991 = LINE('',#7992,#7993);
#7992 = CARTESIAN_POINT('',(20.258515067111,-17.39262254022,
    0.700000267707));
#7993 = VECTOR('',#7994,1.);
#7994 = DIRECTION('',(-2.398171765E-07,1.,-4.634E-14));
#7995 = PLANE('',#7996);
#7996 = AXIS2_PLACEMENT_3D('',#7997,#7998,#7999);
#7997 = CARTESIAN_POINT('',(17.478160984782,-18.75957746788,
    0.700000267707));
#7998 = DIRECTION('',(-1.24E-15,4.634E-14,1.));
#7999 = DIRECTION('',(-1.384E-14,-1.,4.634E-14));
#8000 = ADVANCED_FACE('',(#8001),#8019,.T.);
#8001 = FACE_BOUND('',#8002,.T.);
#8002 = EDGE_LOOP('',(#8003,#8004,#8012,#8018));
#8003 = ORIENTED_EDGE('',*,*,#7676,.F.);
#8004 = ORIENTED_EDGE('',*,*,#8005,.T.);
#8005 = EDGE_CURVE('',#7668,#8006,#8008,.T.);
#8006 = VERTEX_POINT('',#8007);
#8007 = CARTESIAN_POINT('',(14.573465523823,-15.54440164189,
    2.67707247E-07));
#8008 = LINE('',#8009,#8010);
#8009 = CARTESIAN_POINT('',(21.382856445741,-15.54440164189,
    2.6770727635E-07));
#8010 = VECTOR('',#8011,1.);
#8011 = DIRECTION('',(-1.,1.384E-14,-3.89E-15));
#8012 = ORIENTED_EDGE('',*,*,#8013,.F.);
#8013 = EDGE_CURVE('',#7692,#8006,#8014,.T.);
#8014 = LINE('',#8015,#8016);
#8015 = CARTESIAN_POINT('',(14.573465523823,-15.54440164189,
    2.6770725636E-07));
#8016 = VECTOR('',#8017,1.);
#8017 = DIRECTION('',(1.24E-15,-4.634E-14,-1.));
#8018 = ORIENTED_EDGE('',*,*,#7691,.F.);
#8019 = PLANE('',#8020);
#8020 = AXIS2_PLACEMENT_3D('',#8021,#8022,#8023);
#8021 = CARTESIAN_POINT('',(21.382856445741,-15.54440164189,
    2.6770727635E-07));
#8022 = DIRECTION('',(1.384E-14,1.,-4.634E-14));
#8023 = DIRECTION('',(-1.,1.384E-14,-3.89E-15));
#8024 = ADVANCED_FACE('',(#8025),#8044,.T.);
#8025 = FACE_BOUND('',#8026,.T.);
#8026 = EDGE_LOOP('',(#8027,#8028,#8029,#8038));
#8027 = ORIENTED_EDGE('',*,*,#7699,.T.);
#8028 = ORIENTED_EDGE('',*,*,#8013,.T.);
#8029 = ORIENTED_EDGE('',*,*,#8030,.T.);
#8030 = EDGE_CURVE('',#8006,#8031,#8033,.T.);
#8031 = VERTEX_POINT('',#8032);
#8032 = CARTESIAN_POINT('',(13.573465523823,-16.54440164189,
    2.67707292E-07));
#8033 = CIRCLE('',#8034,1.);
#8034 = AXIS2_PLACEMENT_3D('',#8035,#8036,#8037);
#8035 = CARTESIAN_POINT('',(14.573465523823,-16.54440164189,
    2.6770730077E-07));
#8036 = DIRECTION('',(-3.89E-15,4.636E-14,1.));
#8037 = DIRECTION('',(-0.707106781187,0.707106781187,-3.553211575462E-14
    ));
#8038 = ORIENTED_EDGE('',*,*,#8039,.T.);
#8039 = EDGE_CURVE('',#8031,#7700,#8040,.T.);
#8040 = LINE('',#8041,#8042);
#8041 = CARTESIAN_POINT('',(13.573465523823,-16.54440164189,
    2.6770730077E-07));
#8042 = VECTOR('',#8043,1.);
#8043 = DIRECTION('',(-1.24E-15,4.634E-14,1.));
#8044 = CYLINDRICAL_SURFACE('',#8045,1.);
#8045 = AXIS2_PLACEMENT_3D('',#8046,#8047,#8048);
#8046 = CARTESIAN_POINT('',(14.573465523823,-16.54440164189,
    2.6770730077E-07));
#8047 = DIRECTION('',(-1.24E-15,4.634E-14,1.));
#8048 = DIRECTION('',(-0.707106781187,0.707106781187,-3.364414064886E-14
    ));
#8049 = ADVANCED_FACE('',(#8050),#8076,.T.);
#8050 = FACE_BOUND('',#8051,.T.);
#8051 = EDGE_LOOP('',(#8052,#8053,#8061,#8070));
#8052 = ORIENTED_EDGE('',*,*,#7716,.T.);
#8053 = ORIENTED_EDGE('',*,*,#8054,.T.);
#8054 = EDGE_CURVE('',#7709,#8055,#8057,.T.);
#8055 = VERTEX_POINT('',#8056);
#8056 = CARTESIAN_POINT('',(13.573465523823,-20.97475329387,
    2.67707496E-07));
#8057 = LINE('',#8058,#8059);
#8058 = CARTESIAN_POINT('',(13.573465523823,-20.97475329387,
    2.6770749617E-07));
#8059 = VECTOR('',#8060,1.);
#8060 = DIRECTION('',(1.24E-15,-4.634E-14,-1.));
#8061 = ORIENTED_EDGE('',*,*,#8062,.T.);
#8062 = EDGE_CURVE('',#8055,#8063,#8065,.T.);
#8063 = VERTEX_POINT('',#8064);
#8064 = CARTESIAN_POINT('',(14.573465523823,-21.97475329387,
    2.67707547E-07));
#8065 = CIRCLE('',#8066,1.);
#8066 = AXIS2_PLACEMENT_3D('',#8067,#8068,#8069);
#8067 = CARTESIAN_POINT('',(14.573465523823,-20.97475329387,
    2.6770750727E-07));
#8068 = DIRECTION('',(-3.89E-15,4.636E-14,1.));
#8069 = DIRECTION('',(-0.707106781187,-0.707106781187,3.003082499699E-14
    ));
#8070 = ORIENTED_EDGE('',*,*,#8071,.T.);
#8071 = EDGE_CURVE('',#8063,#7717,#8072,.T.);
#8072 = LINE('',#8073,#8074);
#8073 = CARTESIAN_POINT('',(14.573465523823,-21.97475329387,
    2.6770754502E-07));
#8074 = VECTOR('',#8075,1.);
#8075 = DIRECTION('',(-1.24E-15,4.634E-14,1.));
#8076 = CYLINDRICAL_SURFACE('',#8077,1.);
#8077 = AXIS2_PLACEMENT_3D('',#8078,#8079,#8080);
#8078 = CARTESIAN_POINT('',(14.573465523823,-20.97475329387,
    2.6770749617E-07));
#8079 = DIRECTION('',(-1.24E-15,4.634E-14,1.));
#8080 = DIRECTION('',(-0.707106781187,-0.707106781187,3.189051583151E-14
    ));
#8081 = ADVANCED_FACE('',(#8082),#8100,.T.);
#8082 = FACE_BOUND('',#8083,.T.);
#8083 = EDGE_LOOP('',(#8084,#8085,#8093,#8099));
#8084 = ORIENTED_EDGE('',*,*,#8071,.F.);
#8085 = ORIENTED_EDGE('',*,*,#8086,.T.);
#8086 = EDGE_CURVE('',#8063,#8087,#8089,.T.);
#8087 = VERTEX_POINT('',#8088);
#8088 = CARTESIAN_POINT('',(20.382856445741,-21.97475329387,
    2.67707572E-07));
#8089 = LINE('',#8090,#8091);
#8090 = CARTESIAN_POINT('',(13.573465523823,-21.97475329387,
    2.6770754502E-07));
#8091 = VECTOR('',#8092,1.);
#8092 = DIRECTION('',(1.,-1.384E-14,3.89E-15));
#8093 = ORIENTED_EDGE('',*,*,#8094,.F.);
#8094 = EDGE_CURVE('',#7726,#8087,#8095,.T.);
#8095 = LINE('',#8096,#8097);
#8096 = CARTESIAN_POINT('',(20.382856445741,-21.97475329387,
    2.67707565E-07));
#8097 = VECTOR('',#8098,1.);
#8098 = DIRECTION('',(1.24E-15,-4.634E-14,-1.));
#8099 = ORIENTED_EDGE('',*,*,#7725,.F.);
#8100 = PLANE('',#8101);
#8101 = AXIS2_PLACEMENT_3D('',#8102,#8103,#8104);
#8102 = CARTESIAN_POINT('',(13.573465523823,-21.97475329387,
    2.6770754502E-07));
#8103 = DIRECTION('',(-1.384E-14,-1.,4.634E-14));
#8104 = DIRECTION('',(1.,-1.384E-14,3.89E-15));
#8105 = ADVANCED_FACE('',(#8106),#8125,.T.);
#8106 = FACE_BOUND('',#8107,.T.);
#8107 = EDGE_LOOP('',(#8108,#8109,#8110,#8119));
#8108 = ORIENTED_EDGE('',*,*,#7733,.T.);
#8109 = ORIENTED_EDGE('',*,*,#8094,.T.);
#8110 = ORIENTED_EDGE('',*,*,#8111,.T.);
#8111 = EDGE_CURVE('',#8087,#8112,#8114,.T.);
#8112 = VERTEX_POINT('',#8113);
#8113 = CARTESIAN_POINT('',(21.382856445741,-20.97475329387,
    2.67707527E-07));
#8114 = CIRCLE('',#8115,1.);
#8115 = AXIS2_PLACEMENT_3D('',#8116,#8117,#8118);
#8116 = CARTESIAN_POINT('',(20.382856445741,-20.97475329387,
    2.6770751393E-07));
#8117 = DIRECTION('',(-3.89E-15,4.636E-14,1.));
#8118 = DIRECTION('',(0.707106781187,-0.707106781187,3.553211575462E-14)
  );
#8119 = ORIENTED_EDGE('',*,*,#8120,.T.);
#8120 = EDGE_CURVE('',#8112,#7734,#8121,.T.);
#8121 = LINE('',#8122,#8123);
#8122 = CARTESIAN_POINT('',(21.382856445741,-20.97475329387,
    2.6770751838E-07));
#8123 = VECTOR('',#8124,1.);
#8124 = DIRECTION('',(-1.24E-15,4.634E-14,1.));
#8125 = CYLINDRICAL_SURFACE('',#8126,1.);
#8126 = AXIS2_PLACEMENT_3D('',#8127,#8128,#8129);
#8127 = CARTESIAN_POINT('',(20.382856445741,-20.97475329387,
    2.6770751616E-07));
#8128 = DIRECTION('',(-1.24E-15,4.634E-14,1.));
#8129 = DIRECTION('',(0.707106781187,-0.707106781187,3.364414064886E-14)
  );
#8130 = ADVANCED_FACE('',(#8131),#8142,.T.);
#8131 = FACE_BOUND('',#8132,.T.);
#8132 = EDGE_LOOP('',(#8133,#8134,#8135,#8136));
#8133 = ORIENTED_EDGE('',*,*,#7659,.F.);
#8134 = ORIENTED_EDGE('',*,*,#7742,.F.);
#8135 = ORIENTED_EDGE('',*,*,#8120,.F.);
#8136 = ORIENTED_EDGE('',*,*,#8137,.T.);
#8137 = EDGE_CURVE('',#8112,#7660,#8138,.T.);
#8138 = LINE('',#8139,#8140);
#8139 = CARTESIAN_POINT('',(21.382856445741,-21.97475329387,
    2.6770757611E-07));
#8140 = VECTOR('',#8141,1.);
#8141 = DIRECTION('',(1.384E-14,1.,-4.636E-14));
#8142 = PLANE('',#8143);
#8143 = AXIS2_PLACEMENT_3D('',#8144,#8145,#8146);
#8144 = CARTESIAN_POINT('',(21.382856445741,-21.97475329387,
    2.6770757611E-07));
#8145 = DIRECTION('',(1.,-1.384E-14,1.24E-15));
#8146 = DIRECTION('',(1.384E-14,1.,-4.636E-14));
#8147 = ADVANCED_FACE('',(#8148),#8159,.T.);
#8148 = FACE_BOUND('',#8149,.T.);
#8149 = EDGE_LOOP('',(#8150,#8151,#8157,#8158));
#8150 = ORIENTED_EDGE('',*,*,#8039,.F.);
#8151 = ORIENTED_EDGE('',*,*,#8152,.T.);
#8152 = EDGE_CURVE('',#8031,#8055,#8153,.T.);
#8153 = LINE('',#8154,#8155);
#8154 = CARTESIAN_POINT('',(13.573465523823,-15.54440164189,
    2.6770724748E-07));
#8155 = VECTOR('',#8156,1.);
#8156 = DIRECTION('',(-1.384E-14,-1.,4.636E-14));
#8157 = ORIENTED_EDGE('',*,*,#8054,.F.);
#8158 = ORIENTED_EDGE('',*,*,#7708,.F.);
#8159 = PLANE('',#8160);
#8160 = AXIS2_PLACEMENT_3D('',#8161,#8162,#8163);
#8161 = CARTESIAN_POINT('',(13.573465523823,-15.54440164189,
    2.6770724748E-07));
#8162 = DIRECTION('',(-1.,1.384E-14,-1.24E-15));
#8163 = DIRECTION('',(-1.384E-14,-1.,4.636E-14));
#8164 = ADVANCED_FACE('',(#8165),#8190,.T.);
#8165 = FACE_BOUND('',#8166,.T.);
#8166 = EDGE_LOOP('',(#8167,#8168,#8176,#8184));
#8167 = ORIENTED_EDGE('',*,*,#7870,.T.);
#8168 = ORIENTED_EDGE('',*,*,#8169,.F.);
#8169 = EDGE_CURVE('',#8170,#7863,#8172,.T.);
#8170 = VERTEX_POINT('',#8171);
#8171 = CARTESIAN_POINT('',(14.816295450996,-20.98033163615,
    21.770070057711));
#8172 = LINE('',#8173,#8174);
#8173 = CARTESIAN_POINT('',(14.816295450996,-20.98033163615,
    21.770070057711));
#8174 = VECTOR('',#8175,1.);
#8175 = DIRECTION('',(3.87E-15,-4.636E-14,-1.));
#8176 = ORIENTED_EDGE('',*,*,#8177,.T.);
#8177 = EDGE_CURVE('',#8170,#8178,#8180,.T.);
#8178 = VERTEX_POINT('',#8179);
#8179 = CARTESIAN_POINT('',(20.258514679337,-20.98033033102,
    21.770070057711));
#8180 = LINE('',#8181,#8182);
#8181 = CARTESIAN_POINT('',(14.816295450996,-20.98033163615,
    21.770070057711));
#8182 = VECTOR('',#8183,1.);
#8183 = DIRECTION('',(1.,2.398171765E-07,3.89E-15));
#8184 = ORIENTED_EDGE('',*,*,#8185,.T.);
#8185 = EDGE_CURVE('',#8178,#7871,#8186,.T.);
#8186 = LINE('',#8187,#8188);
#8187 = CARTESIAN_POINT('',(20.258514679337,-20.98033033102,
    21.770070057711));
#8188 = VECTOR('',#8189,1.);
#8189 = DIRECTION('',(3.87E-15,-4.636E-14,-1.));
#8190 = PLANE('',#8191);
#8191 = AXIS2_PLACEMENT_3D('',#8192,#8193,#8194);
#8192 = CARTESIAN_POINT('',(14.816295450996,-20.98033163615,
    21.770070057711));
#8193 = DIRECTION('',(-2.398171765E-07,1.,-4.636E-14));
#8194 = DIRECTION('',(1.,2.398171765E-07,3.89E-15));
#8195 = ADVANCED_FACE('',(#8196),#8214,.F.);
#8196 = FACE_BOUND('',#8197,.T.);
#8197 = EDGE_LOOP('',(#8198,#8199,#8207,#8213));
#8198 = ORIENTED_EDGE('',*,*,#7862,.T.);
#8199 = ORIENTED_EDGE('',*,*,#8200,.F.);
#8200 = EDGE_CURVE('',#8201,#7855,#8203,.T.);
#8201 = VERTEX_POINT('',#8202);
#8202 = CARTESIAN_POINT('',(14.816295570904,-21.48033163615,
    21.770070057711));
#8203 = LINE('',#8204,#8205);
#8204 = CARTESIAN_POINT('',(14.816295570904,-21.48033163615,
    21.770070057711));
#8205 = VECTOR('',#8206,1.);
#8206 = DIRECTION('',(3.87E-15,-4.636E-14,-1.));
#8207 = ORIENTED_EDGE('',*,*,#8208,.T.);
#8208 = EDGE_CURVE('',#8201,#8170,#8209,.T.);
#8209 = LINE('',#8210,#8211);
#8210 = CARTESIAN_POINT('',(14.81629551095,-21.23033163615,
    21.770070057711));
#8211 = VECTOR('',#8212,1.);
#8212 = DIRECTION('',(-2.398171765E-07,1.,-4.636E-14));
#8213 = ORIENTED_EDGE('',*,*,#8169,.T.);
#8214 = PLANE('',#8215);
#8215 = AXIS2_PLACEMENT_3D('',#8216,#8217,#8218);
#8216 = CARTESIAN_POINT('',(14.81629551095,-21.23033163615,
    10.885035162709));
#8217 = DIRECTION('',(1.,2.398171765E-07,3.87E-15));
#8218 = DIRECTION('',(-2.398171765E-07,1.,-2.657E-14));
#8219 = ADVANCED_FACE('',(#8220),#8238,.F.);
#8220 = FACE_BOUND('',#8221,.T.);
#8221 = EDGE_LOOP('',(#8222,#8223,#8231,#8237));
#8222 = ORIENTED_EDGE('',*,*,#7854,.T.);
#8223 = ORIENTED_EDGE('',*,*,#8224,.F.);
#8224 = EDGE_CURVE('',#8225,#7840,#8227,.T.);
#8225 = VERTEX_POINT('',#8226);
#8226 = CARTESIAN_POINT('',(20.258514799246,-21.48033033102,
    21.770070057711));
#8227 = LINE('',#8228,#8229);
#8228 = CARTESIAN_POINT('',(20.258514799246,-21.48033033102,
    21.770070057711));
#8229 = VECTOR('',#8230,1.);
#8230 = DIRECTION('',(3.87E-15,-4.636E-14,-1.));
#8231 = ORIENTED_EDGE('',*,*,#8232,.F.);
#8232 = EDGE_CURVE('',#8201,#8225,#8233,.T.);
#8233 = LINE('',#8234,#8235);
#8234 = CARTESIAN_POINT('',(14.816295570904,-21.48033163615,
    21.770070057711));
#8235 = VECTOR('',#8236,1.);
#8236 = DIRECTION('',(1.,2.398171765E-07,3.89E-15));
#8237 = ORIENTED_EDGE('',*,*,#8200,.T.);
#8238 = PLANE('',#8239);
#8239 = AXIS2_PLACEMENT_3D('',#8240,#8241,#8242);
#8240 = CARTESIAN_POINT('',(14.816295570904,-21.48033163615,
    21.770070057711));
#8241 = DIRECTION('',(-2.398171765E-07,1.,-4.636E-14));
#8242 = DIRECTION('',(1.,2.398171765E-07,3.89E-15));
#8243 = ADVANCED_FACE('',(#8244),#8269,.F.);
#8244 = FACE_BOUND('',#8245,.F.);
#8245 = EDGE_LOOP('',(#8246,#8247,#8262,#8268));
#8246 = ORIENTED_EDGE('',*,*,#8224,.F.);
#8247 = ORIENTED_EDGE('',*,*,#8248,.T.);
#8248 = EDGE_CURVE('',#8225,#8249,#8251,.T.);
#8249 = VERTEX_POINT('',#8250);
#8250 = CARTESIAN_POINT('',(20.258514679337,-19.67916481809,
    21.770070057711));
#8251 = B_SPLINE_CURVE_WITH_KNOTS('',3,(#8252,#8253,#8254,#8255,#8256,
    #8257,#8258,#8259,#8260,#8261),.UNSPECIFIED.,.F.,.F.,(4,3,3,4),(0.,
    0.31334598011,0.728444959073,1.),.UNSPECIFIED.);
#8252 = CARTESIAN_POINT('',(20.258514799246,-21.48033033102,
    21.770070057711));
#8253 = CARTESIAN_POINT('',(20.59682647644,-21.48033024988,
    21.770070057711));
#8254 = CARTESIAN_POINT('',(20.887617137007,-21.29948947901,
    21.770070057711));
#8255 = CARTESIAN_POINT('',(21.015520322407,-21.05035252095,
    21.770070057711));
#8256 = CARTESIAN_POINT('',(21.184957573994,-20.72031319229,
    21.770070057711));
#8257 = CARTESIAN_POINT('',(21.174656551255,-20.32299333,21.770070057711
    ));
#8258 = CARTESIAN_POINT('',(20.957190533874,-20.01215062648,
    21.770070057711));
#8259 = CARTESIAN_POINT('',(20.814925685626,-19.80879936003,
    21.770070057711));
#8260 = CARTESIAN_POINT('',(20.55170577185,-19.67916474778,
    21.770070057711));
#8261 = CARTESIAN_POINT('',(20.258514679337,-19.67916481809,
    21.770070057711));
#8262 = ORIENTED_EDGE('',*,*,#8263,.T.);
#8263 = EDGE_CURVE('',#8249,#7832,#8264,.T.);
#8264 = LINE('',#8265,#8266);
#8265 = CARTESIAN_POINT('',(20.258514679337,-19.67916481809,
    21.770070057711));
#8266 = VECTOR('',#8267,1.);
#8267 = DIRECTION('',(3.87E-15,-4.636E-14,-1.));
#8268 = ORIENTED_EDGE('',*,*,#7839,.F.);
#8269 = B_SPLINE_SURFACE_WITH_KNOTS('',3,1,(
    (#8270,#8271)
    ,(#8272,#8273)
    ,(#8274,#8275)
    ,(#8276,#8277)
    ,(#8278,#8279)
    ,(#8280,#8281)
    ,(#8282,#8283)
    ,(#8284,#8285)
    ,(#8286,#8287)
    ,(#8288,#8289
    )),.UNSPECIFIED.,.F.,.F.,.F.,(4,3,3,4),(2,2),(0.,0.31334598011,
    0.728444959073,1.),(0.,2.177006979),.UNSPECIFIED.);
#8270 = CARTESIAN_POINT('',(20.258514799246,-21.48033033102,
    21.770070057711));
#8271 = CARTESIAN_POINT('',(20.258514799246,-21.48033033102,
    2.6770754946E-07));
#8272 = CARTESIAN_POINT('',(20.59682647644,-21.48033024988,
    21.770070057711));
#8273 = CARTESIAN_POINT('',(20.59682647644,-21.48033024988,
    2.6770754946E-07));
#8274 = CARTESIAN_POINT('',(20.887617137007,-21.29948947901,
    21.770070057711));
#8275 = CARTESIAN_POINT('',(20.887617137007,-21.29948947901,
    2.6770754058E-07));
#8276 = CARTESIAN_POINT('',(21.015520322407,-21.05035252095,
    21.770070057711));
#8277 = CARTESIAN_POINT('',(21.015520322407,-21.05035252095,
    2.6770752726E-07));
#8278 = CARTESIAN_POINT('',(21.184957573994,-20.72031319229,
    21.770070057711));
#8279 = CARTESIAN_POINT('',(21.184957573994,-20.72031319229,
    2.6770751838E-07));
#8280 = CARTESIAN_POINT('',(21.174656551255,-20.32299333,21.770070057711
    ));
#8281 = CARTESIAN_POINT('',(21.174656551255,-20.32299333001,
    2.6770749617E-07));
#8282 = CARTESIAN_POINT('',(20.957190533874,-20.01215062648,
    21.770070057711));
#8283 = CARTESIAN_POINT('',(20.957190533874,-20.01215062649,
    2.6770748285E-07));
#8284 = CARTESIAN_POINT('',(20.814925685626,-19.80879936003,
    21.770070057711));
#8285 = CARTESIAN_POINT('',(20.814925685626,-19.80879936003,
    2.6770747397E-07));
#8286 = CARTESIAN_POINT('',(20.55170577185,-19.67916474778,
    21.770070057711));
#8287 = CARTESIAN_POINT('',(20.55170577185,-19.67916474778,
    2.6770746508E-07));
#8288 = CARTESIAN_POINT('',(20.258514679337,-19.67916481809,
    21.770070057711));
#8289 = CARTESIAN_POINT('',(20.258514679337,-19.67916481809,
    2.6770746508E-07));
#8290 = ADVANCED_FACE('',(#8291),#8309,.F.);
#8291 = FACE_BOUND('',#8292,.T.);
#8292 = EDGE_LOOP('',(#8293,#8294,#8302,#8308));
#8293 = ORIENTED_EDGE('',*,*,#7831,.T.);
#8294 = ORIENTED_EDGE('',*,*,#8295,.F.);
#8295 = EDGE_CURVE('',#8296,#7817,#8298,.T.);
#8296 = VERTEX_POINT('',#8297);
#8297 = CARTESIAN_POINT('',(14.816295450996,-19.67916612323,
    21.770070057711));
#8298 = LINE('',#8299,#8300);
#8299 = CARTESIAN_POINT('',(14.816295450996,-19.67916612323,
    21.770070057711));
#8300 = VECTOR('',#8301,1.);
#8301 = DIRECTION('',(3.87E-15,-4.636E-14,-1.));
#8302 = ORIENTED_EDGE('',*,*,#8303,.T.);
#8303 = EDGE_CURVE('',#8296,#8249,#8304,.T.);
#8304 = LINE('',#8305,#8306);
#8305 = CARTESIAN_POINT('',(14.816295450996,-19.67916612323,
    21.770070057711));
#8306 = VECTOR('',#8307,1.);
#8307 = DIRECTION('',(1.,2.398171765E-07,3.89E-15));
#8308 = ORIENTED_EDGE('',*,*,#8263,.T.);
#8309 = PLANE('',#8310);
#8310 = AXIS2_PLACEMENT_3D('',#8311,#8312,#8313);
#8311 = CARTESIAN_POINT('',(20.258514679337,-19.67916481809,
    21.770070057711));
#8312 = DIRECTION('',(2.398171765E-07,-1.,4.636E-14));
#8313 = DIRECTION('',(-1.,-2.398171765E-07,-3.89E-15));
#8314 = ADVANCED_FACE('',(#8315),#8340,.F.);
#8315 = FACE_BOUND('',#8316,.F.);
#8316 = EDGE_LOOP('',(#8317,#8318,#8333,#8339));
#8317 = ORIENTED_EDGE('',*,*,#8295,.F.);
#8318 = ORIENTED_EDGE('',*,*,#8319,.T.);
#8319 = EDGE_CURVE('',#8296,#8320,#8322,.T.);
#8320 = VERTEX_POINT('',#8321);
#8321 = CARTESIAN_POINT('',(14.816295570904,-18.87800061031,
    21.77007005771));
#8322 = B_SPLINE_CURVE_WITH_KNOTS('',3,(#8323,#8324,#8325,#8326,#8327,
    #8328,#8329,#8330,#8331,#8332),.UNSPECIFIED.,.F.,.F.,(4,3,3,4),(0.,
    0.343202492051,0.762134287972,1.),.UNSPECIFIED.);
#8323 = CARTESIAN_POINT('',(14.816295450996,-19.67916612323,
    21.770070057711));
#8324 = CARTESIAN_POINT('',(14.591861718726,-19.67916617705,
    21.770070057711));
#8325 = CARTESIAN_POINT('',(14.541915823395,-19.61803912399,
    21.770070057711));
#8326 = CARTESIAN_POINT('',(14.489470492077,-19.48884498164,
    21.770070057711));
#8327 = CARTESIAN_POINT('',(14.425452842597,-19.33114352164,
    21.77007005771));
#8328 = CARTESIAN_POINT('',(14.458642606935,-19.07123126549,
    21.77007005771));
#8329 = CARTESIAN_POINT('',(14.548007442644,-18.97143174315,
    21.77007005771));
#8330 = CARTESIAN_POINT('',(14.598747993929,-18.91476647048,
    21.77007005771));
#8331 = CARTESIAN_POINT('',(14.660745781278,-18.87800064761,
    21.77007005771));
#8332 = CARTESIAN_POINT('',(14.816295570904,-18.87800061031,
    21.77007005771));
#8333 = ORIENTED_EDGE('',*,*,#8334,.T.);
#8334 = EDGE_CURVE('',#8320,#7809,#8335,.T.);
#8335 = LINE('',#8336,#8337);
#8336 = CARTESIAN_POINT('',(14.816295570904,-18.87800061031,
    21.77007005771));
#8337 = VECTOR('',#8338,1.);
#8338 = DIRECTION('',(3.87E-15,-4.636E-14,-1.));
#8339 = ORIENTED_EDGE('',*,*,#7816,.F.);
#8340 = B_SPLINE_SURFACE_WITH_KNOTS('',3,1,(
    (#8341,#8342)
    ,(#8343,#8344)
    ,(#8345,#8346)
    ,(#8347,#8348)
    ,(#8349,#8350)
    ,(#8351,#8352)
    ,(#8353,#8354)
    ,(#8355,#8356)
    ,(#8357,#8358)
    ,(#8359,#8360
    )),.UNSPECIFIED.,.F.,.F.,.F.,(4,3,3,4),(2,2),(0.,0.343202492051,
    0.762134287972,1.),(0.,2.177006979),.UNSPECIFIED.);
#8341 = CARTESIAN_POINT('',(14.816295450996,-19.67916612323,
    21.770070057711));
#8342 = CARTESIAN_POINT('',(14.816295450996,-19.67916612323,
    2.6770743844E-07));
#8343 = CARTESIAN_POINT('',(14.591861718726,-19.67916617705,
    21.770070057711));
#8344 = CARTESIAN_POINT('',(14.591861718726,-19.67916617706,
    2.6770743844E-07));
#8345 = CARTESIAN_POINT('',(14.541915823395,-19.61803912399,
    21.770070057711));
#8346 = CARTESIAN_POINT('',(14.541915823395,-19.61803912399,
    2.6770743844E-07));
#8347 = CARTESIAN_POINT('',(14.489470492077,-19.48884498164,
    21.770070057711));
#8348 = CARTESIAN_POINT('',(14.489470492077,-19.48884498165,
    2.67707434E-07));
#8349 = CARTESIAN_POINT('',(14.425452842597,-19.33114352164,
    21.77007005771));
#8350 = CARTESIAN_POINT('',(14.425452842598,-19.33114352164,
    2.6770742512E-07));
#8351 = CARTESIAN_POINT('',(14.458642606935,-19.07123126549,
    21.77007005771));
#8352 = CARTESIAN_POINT('',(14.458642606935,-19.07123126549,
    2.6770741623E-07));
#8353 = CARTESIAN_POINT('',(14.548007442644,-18.97143174315,
    21.77007005771));
#8354 = CARTESIAN_POINT('',(14.548007442644,-18.97143174315,
    2.6770741179E-07));
#8355 = CARTESIAN_POINT('',(14.598747993929,-18.91476647048,
    21.77007005771));
#8356 = CARTESIAN_POINT('',(14.59874799393,-18.91476647048,
    2.6770741179E-07));
#8357 = CARTESIAN_POINT('',(14.660745781278,-18.87800064761,
    21.77007005771));
#8358 = CARTESIAN_POINT('',(14.660745781278,-18.87800064761,
    2.6770740291E-07));
#8359 = CARTESIAN_POINT('',(14.816295570904,-18.87800061031,
    21.77007005771));
#8360 = CARTESIAN_POINT('',(14.816295570904,-18.87800061031,
    2.6770741179E-07));
#8361 = ADVANCED_FACE('',(#8362),#8380,.F.);
#8362 = FACE_BOUND('',#8363,.T.);
#8363 = EDGE_LOOP('',(#8364,#8365,#8373,#8379));
#8364 = ORIENTED_EDGE('',*,*,#7808,.T.);
#8365 = ORIENTED_EDGE('',*,*,#8366,.F.);
#8366 = EDGE_CURVE('',#8367,#7784,#8369,.T.);
#8367 = VERTEX_POINT('',#8368);
#8368 = CARTESIAN_POINT('',(20.258514799246,-18.87799930517,
    21.770070057711));
#8369 = LINE('',#8370,#8371);
#8370 = CARTESIAN_POINT('',(20.258514799246,-18.87799930517,
    21.770070057711));
#8371 = VECTOR('',#8372,1.);
#8372 = DIRECTION('',(3.87E-15,-4.636E-14,-1.));
#8373 = ORIENTED_EDGE('',*,*,#8374,.F.);
#8374 = EDGE_CURVE('',#8320,#8367,#8375,.T.);
#8375 = LINE('',#8376,#8377);
#8376 = CARTESIAN_POINT('',(14.816295570904,-18.87800061031,
    21.77007005771));
#8377 = VECTOR('',#8378,1.);
#8378 = DIRECTION('',(1.,2.398171765E-07,3.89E-15));
#8379 = ORIENTED_EDGE('',*,*,#8334,.T.);
#8380 = PLANE('',#8381);
#8381 = AXIS2_PLACEMENT_3D('',#8382,#8383,#8384);
#8382 = CARTESIAN_POINT('',(14.816295570904,-18.87800061031,
    21.77007005771));
#8383 = DIRECTION('',(-2.398171765E-07,1.,-4.636E-14));
#8384 = DIRECTION('',(1.,2.398171765E-07,3.89E-15));
#8385 = ADVANCED_FACE('',(#8386),#8411,.F.);
#8386 = FACE_BOUND('',#8387,.F.);
#8387 = EDGE_LOOP('',(#8388,#8389,#8404,#8410));
#8388 = ORIENTED_EDGE('',*,*,#8366,.F.);
#8389 = ORIENTED_EDGE('',*,*,#8390,.T.);
#8390 = EDGE_CURVE('',#8367,#8391,#8393,.T.);
#8391 = VERTEX_POINT('',#8392);
#8392 = CARTESIAN_POINT('',(20.258514679337,-17.07683379225,
    21.77007005771));
#8393 = B_SPLINE_CURVE_WITH_KNOTS('',3,(#8394,#8395,#8396,#8397,#8398,
    #8399,#8400,#8401,#8402,#8403),.UNSPECIFIED.,.F.,.F.,(4,3,3,4),(0.,
    0.313345980109,0.728444959067,1.),.UNSPECIFIED.);
#8394 = CARTESIAN_POINT('',(20.258514799246,-18.87799930517,
    21.770070057711));
#8395 = CARTESIAN_POINT('',(20.596826476437,-18.87799922404,
    21.770070057711));
#8396 = CARTESIAN_POINT('',(20.887617137002,-18.69715845317,
    21.77007005771));
#8397 = CARTESIAN_POINT('',(21.015520322401,-18.44802149511,
    21.77007005771));
#8398 = CARTESIAN_POINT('',(21.184957573987,-18.11798216645,
    21.77007005771));
#8399 = CARTESIAN_POINT('',(21.17465655125,-17.72066230417,
    21.77007005771));
#8400 = CARTESIAN_POINT('',(20.957190533879,-17.40981960065,
    21.77007005771));
#8401 = CARTESIAN_POINT('',(20.814925685633,-17.20646833419,
    21.77007005771));
#8402 = CARTESIAN_POINT('',(20.551705771854,-17.07683372194,
    21.77007005771));
#8403 = CARTESIAN_POINT('',(20.258514679337,-17.07683379225,
    21.77007005771));
#8404 = ORIENTED_EDGE('',*,*,#8405,.T.);
#8405 = EDGE_CURVE('',#8391,#7776,#8406,.T.);
#8406 = LINE('',#8407,#8408);
#8407 = CARTESIAN_POINT('',(20.258514679337,-17.07683379225,
    21.77007005771));
#8408 = VECTOR('',#8409,1.);
#8409 = DIRECTION('',(3.87E-15,-4.636E-14,-1.));
#8410 = ORIENTED_EDGE('',*,*,#7783,.F.);
#8411 = B_SPLINE_SURFACE_WITH_KNOTS('',3,1,(
    (#8412,#8413)
    ,(#8414,#8415)
    ,(#8416,#8417)
    ,(#8418,#8419)
    ,(#8420,#8421)
    ,(#8422,#8423)
    ,(#8424,#8425)
    ,(#8426,#8427)
    ,(#8428,#8429)
    ,(#8430,#8431
    )),.UNSPECIFIED.,.F.,.F.,.F.,(4,3,3,4),(2,2),(0.,0.313345980109,
    0.728444959067,1.),(0.,2.177006979),.UNSPECIFIED.);
#8412 = CARTESIAN_POINT('',(20.258514799246,-18.87799930517,
    21.770070057711));
#8413 = CARTESIAN_POINT('',(20.258514799246,-18.87799930517,
    2.6770742956E-07));
#8414 = CARTESIAN_POINT('',(20.596826476437,-18.87799922404,
    21.770070057711));
#8415 = CARTESIAN_POINT('',(20.596826476437,-18.87799922404,
    2.6770742956E-07));
#8416 = CARTESIAN_POINT('',(20.887617137002,-18.69715845317,
    21.77007005771));
#8417 = CARTESIAN_POINT('',(20.887617137002,-18.69715845317,
    2.6770742068E-07));
#8418 = CARTESIAN_POINT('',(21.015520322401,-18.44802149511,
    21.77007005771));
#8419 = CARTESIAN_POINT('',(21.015520322401,-18.44802149511,
    2.6770740735E-07));
#8420 = CARTESIAN_POINT('',(21.184957573987,-18.11798216645,
    21.77007005771));
#8421 = CARTESIAN_POINT('',(21.184957573987,-18.11798216646,
    2.6770739403E-07));
#8422 = CARTESIAN_POINT('',(21.17465655125,-17.72066230417,
    21.77007005771));
#8423 = CARTESIAN_POINT('',(21.17465655125,-17.72066230417,
    2.6770738071E-07));
#8424 = CARTESIAN_POINT('',(20.957190533879,-17.40981960065,
    21.77007005771));
#8425 = CARTESIAN_POINT('',(20.957190533879,-17.40981960065,
    2.6770736294E-07));
#8426 = CARTESIAN_POINT('',(20.814925685633,-17.20646833419,
    21.77007005771));
#8427 = CARTESIAN_POINT('',(20.814925685633,-17.20646833419,
    2.6770734962E-07));
#8428 = CARTESIAN_POINT('',(20.551705771854,-17.07683372194,
    21.77007005771));
#8429 = CARTESIAN_POINT('',(20.551705771854,-17.07683372194,
    2.677073363E-07));
#8430 = CARTESIAN_POINT('',(20.258514679337,-17.07683379225,
    21.77007005771));
#8431 = CARTESIAN_POINT('',(20.258514679337,-17.07683379225,
    2.6770734518E-07));
#8432 = ADVANCED_FACE('',(#8433),#8451,.F.);
#8433 = FACE_BOUND('',#8434,.T.);
#8434 = EDGE_LOOP('',(#8435,#8436,#8444,#8450));
#8435 = ORIENTED_EDGE('',*,*,#7775,.T.);
#8436 = ORIENTED_EDGE('',*,*,#8437,.F.);
#8437 = EDGE_CURVE('',#8438,#7761,#8440,.T.);
#8438 = VERTEX_POINT('',#8439);
#8439 = CARTESIAN_POINT('',(14.816295450996,-17.07683509739,
    21.77007005771));
#8440 = LINE('',#8441,#8442);
#8441 = CARTESIAN_POINT('',(14.816295450996,-17.07683509739,
    21.77007005771));
#8442 = VECTOR('',#8443,1.);
#8443 = DIRECTION('',(3.87E-15,-4.636E-14,-1.));
#8444 = ORIENTED_EDGE('',*,*,#8445,.T.);
#8445 = EDGE_CURVE('',#8438,#8391,#8446,.T.);
#8446 = LINE('',#8447,#8448);
#8447 = CARTESIAN_POINT('',(14.816295450996,-17.07683509739,
    21.77007005771));
#8448 = VECTOR('',#8449,1.);
#8449 = DIRECTION('',(1.,2.398171765E-07,3.89E-15));
#8450 = ORIENTED_EDGE('',*,*,#8405,.T.);
#8451 = PLANE('',#8452);
#8452 = AXIS2_PLACEMENT_3D('',#8453,#8454,#8455);
#8453 = CARTESIAN_POINT('',(20.258514679337,-17.07683379225,
    21.77007005771));
#8454 = DIRECTION('',(2.398171765E-07,-1.,4.636E-14));
#8455 = DIRECTION('',(-1.,-2.398171765E-07,-3.89E-15));
#8456 = ADVANCED_FACE('',(#8457),#8482,.F.);
#8457 = FACE_BOUND('',#8458,.F.);
#8458 = EDGE_LOOP('',(#8459,#8460,#8475,#8481));
#8459 = ORIENTED_EDGE('',*,*,#8437,.F.);
#8460 = ORIENTED_EDGE('',*,*,#8461,.T.);
#8461 = EDGE_CURVE('',#8438,#8462,#8464,.T.);
#8462 = VERTEX_POINT('',#8463);
#8463 = CARTESIAN_POINT('',(14.816295570904,-16.27566958447,
    21.77007005771));
#8464 = B_SPLINE_CURVE_WITH_KNOTS('',3,(#8465,#8466,#8467,#8468,#8469,
    #8470,#8471,#8472,#8473,#8474),.UNSPECIFIED.,.F.,.F.,(4,3,3,4),(0.,
    0.34320249205,0.762134287972,1.),.UNSPECIFIED.);
#8465 = CARTESIAN_POINT('',(14.816295450996,-17.07683509739,
    21.77007005771));
#8466 = CARTESIAN_POINT('',(14.591861718728,-17.07683515121,
    21.77007005771));
#8467 = CARTESIAN_POINT('',(14.541915823397,-17.01570809814,
    21.77007005771));
#8468 = CARTESIAN_POINT('',(14.48947049208,-16.8865139558,21.77007005771
    ));
#8469 = CARTESIAN_POINT('',(14.4254528426,-16.7288124958,21.77007005771)
  );
#8470 = CARTESIAN_POINT('',(14.458642606937,-16.46890023965,
    21.77007005771));
#8471 = CARTESIAN_POINT('',(14.548007442645,-16.3691007173,
    21.77007005771));
#8472 = CARTESIAN_POINT('',(14.598747993931,-16.31243544464,
    21.77007005771));
#8473 = CARTESIAN_POINT('',(14.660745781279,-16.27566962177,
    21.77007005771));
#8474 = CARTESIAN_POINT('',(14.816295570904,-16.27566958447,
    21.77007005771));
#8475 = ORIENTED_EDGE('',*,*,#8476,.T.);
#8476 = EDGE_CURVE('',#8462,#7751,#8477,.T.);
#8477 = LINE('',#8478,#8479);
#8478 = CARTESIAN_POINT('',(14.816295570904,-16.27566958447,
    21.77007005771));
#8479 = VECTOR('',#8480,1.);
#8480 = DIRECTION('',(3.87E-15,-4.636E-14,-1.));
#8481 = ORIENTED_EDGE('',*,*,#7760,.F.);
#8482 = B_SPLINE_SURFACE_WITH_KNOTS('',3,1,(
    (#8483,#8484)
    ,(#8485,#8486)
    ,(#8487,#8488)
    ,(#8489,#8490)
    ,(#8491,#8492)
    ,(#8493,#8494)
    ,(#8495,#8496)
    ,(#8497,#8498)
    ,(#8499,#8500)
    ,(#8501,#8502
    )),.UNSPECIFIED.,.F.,.F.,.F.,(4,3,3,4),(2,2),(0.,0.34320249205,
    0.762134287972,1.),(0.,2.177006979),.UNSPECIFIED.);
#8483 = CARTESIAN_POINT('',(14.816295450996,-17.07683509739,
    21.77007005771));
#8484 = CARTESIAN_POINT('',(14.816295450996,-17.07683509739,
    2.6770732298E-07));
#8485 = CARTESIAN_POINT('',(14.591861718728,-17.07683515121,
    21.77007005771));
#8486 = CARTESIAN_POINT('',(14.591861718728,-17.07683515121,
    2.6770732298E-07));
#8487 = CARTESIAN_POINT('',(14.541915823397,-17.01570809814,
    21.77007005771));
#8488 = CARTESIAN_POINT('',(14.541915823397,-17.01570809814,
    2.6770731854E-07));
#8489 = CARTESIAN_POINT('',(14.48947049208,-16.8865139558,21.77007005771
    ));
#8490 = CARTESIAN_POINT('',(14.48947049208,-16.8865139558,
    2.6770731409E-07));
#8491 = CARTESIAN_POINT('',(14.4254528426,-16.7288124958,21.77007005771)
  );
#8492 = CARTESIAN_POINT('',(14.4254528426,-16.7288124958,
    2.6770730521E-07));
#8493 = CARTESIAN_POINT('',(14.458642606937,-16.46890023965,
    21.77007005771));
#8494 = CARTESIAN_POINT('',(14.458642606937,-16.46890023965,
    2.6770729189E-07));
#8495 = CARTESIAN_POINT('',(14.548007442645,-16.3691007173,
    21.77007005771));
#8496 = CARTESIAN_POINT('',(14.548007442646,-16.3691007173,
    2.6770728745E-07));
#8497 = CARTESIAN_POINT('',(14.598747993931,-16.31243544464,
    21.77007005771));
#8498 = CARTESIAN_POINT('',(14.598747993931,-16.31243544464,
    2.6770728745E-07));
#8499 = CARTESIAN_POINT('',(14.660745781279,-16.27566962177,
    21.77007005771));
#8500 = CARTESIAN_POINT('',(14.660745781279,-16.27566962177,
    2.6770728745E-07));
#8501 = CARTESIAN_POINT('',(14.816295570904,-16.27566958447,
    21.77007005771));
#8502 = CARTESIAN_POINT('',(14.816295570904,-16.27566958447,
    2.6770728745E-07));
#8503 = ADVANCED_FACE('',(#8504),#8529,.T.);
#8504 = FACE_BOUND('',#8505,.T.);
#8505 = EDGE_LOOP('',(#8506,#8507,#8515,#8523));
#8506 = ORIENTED_EDGE('',*,*,#7982,.T.);
#8507 = ORIENTED_EDGE('',*,*,#8508,.F.);
#8508 = EDGE_CURVE('',#8509,#7968,#8511,.T.);
#8509 = VERTEX_POINT('',#8510);
#8510 = CARTESIAN_POINT('',(14.816295450996,-15.77566958447,
    21.77007005771));
#8511 = LINE('',#8512,#8513);
#8512 = CARTESIAN_POINT('',(14.816295450996,-15.77566958447,
    21.77007005771));
#8513 = VECTOR('',#8514,1.);
#8514 = DIRECTION('',(3.87E-15,-4.636E-14,-1.));
#8515 = ORIENTED_EDGE('',*,*,#8516,.T.);
#8516 = EDGE_CURVE('',#8509,#8517,#8519,.T.);
#8517 = VERTEX_POINT('',#8518);
#8518 = CARTESIAN_POINT('',(20.258514679337,-15.77566827933,
    21.77007005771));
#8519 = LINE('',#8520,#8521);
#8520 = CARTESIAN_POINT('',(14.816295450996,-15.77566958447,
    21.77007005771));
#8521 = VECTOR('',#8522,1.);
#8522 = DIRECTION('',(1.,2.398171765E-07,3.89E-15));
#8523 = ORIENTED_EDGE('',*,*,#8524,.T.);
#8524 = EDGE_CURVE('',#8517,#7983,#8525,.T.);
#8525 = LINE('',#8526,#8527);
#8526 = CARTESIAN_POINT('',(20.258514679337,-15.77566827933,
    21.77007005771));
#8527 = VECTOR('',#8528,1.);
#8528 = DIRECTION('',(3.87E-15,-4.636E-14,-1.));
#8529 = PLANE('',#8530);
#8530 = AXIS2_PLACEMENT_3D('',#8531,#8532,#8533);
#8531 = CARTESIAN_POINT('',(14.816295450996,-15.77566958447,
    21.77007005771));
#8532 = DIRECTION('',(-2.398171765E-07,1.,-4.636E-14));
#8533 = DIRECTION('',(1.,2.398171765E-07,3.89E-15));
#8534 = ADVANCED_FACE('',(#8535),#8560,.T.);
#8535 = FACE_BOUND('',#8536,.T.);
#8536 = EDGE_LOOP('',(#8537,#8538,#8546,#8559));
#8537 = ORIENTED_EDGE('',*,*,#7967,.T.);
#8538 = ORIENTED_EDGE('',*,*,#8539,.F.);
#8539 = EDGE_CURVE('',#8540,#7960,#8542,.T.);
#8540 = VERTEX_POINT('',#8541);
#8541 = CARTESIAN_POINT('',(14.816295570904,-17.57683509739,
    21.77007005771));
#8542 = LINE('',#8543,#8544);
#8543 = CARTESIAN_POINT('',(14.816295570904,-17.57683509739,
    21.77007005771));
#8544 = VECTOR('',#8545,1.);
#8545 = DIRECTION('',(3.87E-15,-4.636E-14,-1.));
#8546 = ORIENTED_EDGE('',*,*,#8547,.T.);
#8547 = EDGE_CURVE('',#8540,#8509,#8548,.T.);
#8548 = B_SPLINE_CURVE_WITH_KNOTS('',3,(#8549,#8550,#8551,#8552,#8553,
    #8554,#8555,#8556,#8557,#8558),.UNSPECIFIED.,.F.,.F.,(4,3,3,4),(0.,
    0.313345849491,0.728445019355,1.),.UNSPECIFIED.);
#8549 = CARTESIAN_POINT('',(14.816295570904,-17.57683509739,
    21.77007005771));
#8550 = CARTESIAN_POINT('',(14.477983970732,-17.57683517852,
    21.77007005771));
#8551 = CARTESIAN_POINT('',(14.187193254651,-17.39599469637,
    21.77007005771));
#8552 = CARTESIAN_POINT('',(14.059289981728,-17.14685787816,
    21.77007005771));
#8553 = CARTESIAN_POINT('',(13.889852465643,-16.81681844542,
    21.77007005771));
#8554 = CARTESIAN_POINT('',(13.900153590828,-16.41949833602,
    21.77007005771));
#8555 = CARTESIAN_POINT('',(14.117619768922,-16.10865550499,
    21.77007005771));
#8556 = CARTESIAN_POINT('',(14.2598846253,-15.90530429378,21.77007005771
    ));
#8557 = CARTESIAN_POINT('',(14.523104424882,-15.77566965478,
    21.77007005771));
#8558 = CARTESIAN_POINT('',(14.816295450996,-15.77566958447,
    21.77007005771));
#8559 = ORIENTED_EDGE('',*,*,#8508,.T.);
#8560 = B_SPLINE_SURFACE_WITH_KNOTS('',3,1,(
    (#8561,#8562)
    ,(#8563,#8564)
    ,(#8565,#8566)
    ,(#8567,#8568)
    ,(#8569,#8570)
    ,(#8571,#8572)
    ,(#8573,#8574)
    ,(#8575,#8576)
    ,(#8577,#8578)
    ,(#8579,#8580
    )),.UNSPECIFIED.,.F.,.F.,.F.,(4,3,3,4),(2,2),(0.,0.313345849491,
    0.728445019355,1.),(0.,2.177006979),.UNSPECIFIED.);
#8561 = CARTESIAN_POINT('',(14.816295570904,-17.57683509739,
    21.77007005771));
#8562 = CARTESIAN_POINT('',(14.816295570904,-17.57683509739,
    2.6770734962E-07));
#8563 = CARTESIAN_POINT('',(14.477983970732,-17.57683517852,
    21.77007005771));
#8564 = CARTESIAN_POINT('',(14.477983970732,-17.57683517852,
    2.6770734962E-07));
#8565 = CARTESIAN_POINT('',(14.187193254651,-17.39599469637,
    21.77007005771));
#8566 = CARTESIAN_POINT('',(14.187193254651,-17.39599469637,
    2.677073363E-07));
#8567 = CARTESIAN_POINT('',(14.059289981728,-17.14685787816,
    21.77007005771));
#8568 = CARTESIAN_POINT('',(14.059289981728,-17.14685787816,
    2.6770732742E-07));
#8569 = CARTESIAN_POINT('',(13.889852465643,-16.81681844542,
    21.77007005771));
#8570 = CARTESIAN_POINT('',(13.889852465643,-16.81681844542,
    2.6770730965E-07));
#8571 = CARTESIAN_POINT('',(13.900153590828,-16.41949833602,
    21.77007005771));
#8572 = CARTESIAN_POINT('',(13.900153590828,-16.41949833602,
    2.6770729189E-07));
#8573 = CARTESIAN_POINT('',(14.117619768922,-16.10865550499,
    21.77007005771));
#8574 = CARTESIAN_POINT('',(14.117619768922,-16.10865550499,
    2.6770727413E-07));
#8575 = CARTESIAN_POINT('',(14.2598846253,-15.90530429378,21.77007005771
    ));
#8576 = CARTESIAN_POINT('',(14.2598846253,-15.90530429378,
    2.6770726969E-07));
#8577 = CARTESIAN_POINT('',(14.523104424882,-15.77566965478,
    21.77007005771));
#8578 = CARTESIAN_POINT('',(14.523104424882,-15.77566965478,
    2.677072608E-07));
#8579 = CARTESIAN_POINT('',(14.816295450996,-15.77566958447,
    21.77007005771));
#8580 = CARTESIAN_POINT('',(14.816295450996,-15.77566958447,
    2.677072608E-07));
#8581 = ADVANCED_FACE('',(#8582),#8600,.T.);
#8582 = FACE_BOUND('',#8583,.T.);
#8583 = EDGE_LOOP('',(#8584,#8585,#8593,#8599));
#8584 = ORIENTED_EDGE('',*,*,#7959,.T.);
#8585 = ORIENTED_EDGE('',*,*,#8586,.F.);
#8586 = EDGE_CURVE('',#8587,#7935,#8589,.T.);
#8587 = VERTEX_POINT('',#8588);
#8588 = CARTESIAN_POINT('',(20.258514799246,-17.57683379225,
    21.77007005771));
#8589 = LINE('',#8590,#8591);
#8590 = CARTESIAN_POINT('',(20.258514799246,-17.57683379225,
    21.77007005771));
#8591 = VECTOR('',#8592,1.);
#8592 = DIRECTION('',(3.87E-15,-4.636E-14,-1.));
#8593 = ORIENTED_EDGE('',*,*,#8594,.F.);
#8594 = EDGE_CURVE('',#8540,#8587,#8595,.T.);
#8595 = LINE('',#8596,#8597);
#8596 = CARTESIAN_POINT('',(14.816295570904,-17.57683509739,
    21.77007005771));
#8597 = VECTOR('',#8598,1.);
#8598 = DIRECTION('',(1.,2.398171765E-07,3.89E-15));
#8599 = ORIENTED_EDGE('',*,*,#8539,.T.);
#8600 = PLANE('',#8601);
#8601 = AXIS2_PLACEMENT_3D('',#8602,#8603,#8604);
#8602 = CARTESIAN_POINT('',(20.258514799246,-17.57683379225,
    21.77007005771));
#8603 = DIRECTION('',(2.398171765E-07,-1.,4.636E-14));
#8604 = DIRECTION('',(-1.,-2.398171765E-07,-3.89E-15));
#8605 = ADVANCED_FACE('',(#8606),#8631,.T.);
#8606 = FACE_BOUND('',#8607,.T.);
#8607 = EDGE_LOOP('',(#8608,#8609,#8617,#8630));
#8608 = ORIENTED_EDGE('',*,*,#7934,.T.);
#8609 = ORIENTED_EDGE('',*,*,#8610,.F.);
#8610 = EDGE_CURVE('',#8611,#7927,#8613,.T.);
#8611 = VERTEX_POINT('',#8612);
#8612 = CARTESIAN_POINT('',(20.258514679337,-18.37799930517,
    21.77007005771));
#8613 = LINE('',#8614,#8615);
#8614 = CARTESIAN_POINT('',(20.258514679337,-18.37799930517,
    21.77007005771));
#8615 = VECTOR('',#8616,1.);
#8616 = DIRECTION('',(3.87E-15,-4.636E-14,-1.));
#8617 = ORIENTED_EDGE('',*,*,#8618,.T.);
#8618 = EDGE_CURVE('',#8611,#8587,#8619,.T.);
#8619 = B_SPLINE_CURVE_WITH_KNOTS('',3,(#8620,#8621,#8622,#8623,#8624,
    #8625,#8626,#8627,#8628,#8629),.UNSPECIFIED.,.F.,.F.,(4,3,3,4),(0.,
    0.343202553986,0.762134156215,1.),.UNSPECIFIED.);
#8620 = CARTESIAN_POINT('',(20.258514679337,-18.37799930517,
    21.77007005771));
#8621 = CARTESIAN_POINT('',(20.482948336363,-18.37799925135,
    21.77007005771));
#8622 = CARTESIAN_POINT('',(20.532894312436,-18.31687211383,
    21.77007005771));
#8623 = CARTESIAN_POINT('',(20.585339665036,-18.18767783643,
    21.77007005771));
#8624 = CARTESIAN_POINT('',(20.649357299343,-18.02997631294,
    21.77007005771));
#8625 = CARTESIAN_POINT('',(20.616167554328,-17.77006423223,
    21.77007005771));
#8626 = CARTESIAN_POINT('',(20.526802885928,-17.67026482455,
    21.77007005771));
#8627 = CARTESIAN_POINT('',(20.476062378073,-17.61359955941,
    21.77007005771));
#8628 = CARTESIAN_POINT('',(20.414064676931,-17.57683375495,
    21.77007005771));
#8629 = CARTESIAN_POINT('',(20.258514799246,-17.57683379225,
    21.77007005771));
#8630 = ORIENTED_EDGE('',*,*,#8586,.T.);
#8631 = B_SPLINE_SURFACE_WITH_KNOTS('',3,1,(
    (#8632,#8633)
    ,(#8634,#8635)
    ,(#8636,#8637)
    ,(#8638,#8639)
    ,(#8640,#8641)
    ,(#8642,#8643)
    ,(#8644,#8645)
    ,(#8646,#8647)
    ,(#8648,#8649)
    ,(#8650,#8651
    )),.UNSPECIFIED.,.F.,.F.,.F.,(4,3,3,4),(2,2),(0.,0.343202553986,
    0.762134156215,1.),(0.,2.177006979),.UNSPECIFIED.);
#8632 = CARTESIAN_POINT('',(20.258514679337,-18.37799930517,
    21.77007005771));
#8633 = CARTESIAN_POINT('',(20.258514679337,-18.37799930517,
    2.6770740291E-07));
#8634 = CARTESIAN_POINT('',(20.482948336363,-18.37799925135,
    21.77007005771));
#8635 = CARTESIAN_POINT('',(20.482948336363,-18.37799925135,
    2.6770740291E-07));
#8636 = CARTESIAN_POINT('',(20.532894312436,-18.31687211383,
    21.77007005771));
#8637 = CARTESIAN_POINT('',(20.532894312436,-18.31687211383,
    2.6770740291E-07));
#8638 = CARTESIAN_POINT('',(20.585339665036,-18.18767783643,
    21.77007005771));
#8639 = CARTESIAN_POINT('',(20.585339665036,-18.18767783643,
    2.6770739403E-07));
#8640 = CARTESIAN_POINT('',(20.649357299343,-18.02997631294,
    21.77007005771));
#8641 = CARTESIAN_POINT('',(20.649357299343,-18.02997631294,
    2.6770738959E-07));
#8642 = CARTESIAN_POINT('',(20.616167554328,-17.77006423223,
    21.77007005771));
#8643 = CARTESIAN_POINT('',(20.616167554328,-17.77006423223,
    2.6770738071E-07));
#8644 = CARTESIAN_POINT('',(20.526802885928,-17.67026482455,
    21.77007005771));
#8645 = CARTESIAN_POINT('',(20.526802885928,-17.67026482455,
    2.6770737183E-07));
#8646 = CARTESIAN_POINT('',(20.476062378073,-17.61359955941,
    21.77007005771));
#8647 = CARTESIAN_POINT('',(20.476062378073,-17.61359955941,
    2.6770736739E-07));
#8648 = CARTESIAN_POINT('',(20.414064676931,-17.57683375495,
    21.77007005771));
#8649 = CARTESIAN_POINT('',(20.414064676931,-17.57683375495,
    2.6770736294E-07));
#8650 = CARTESIAN_POINT('',(20.258514799246,-17.57683379225,
    21.77007005771));
#8651 = CARTESIAN_POINT('',(20.258514799246,-17.57683379225,
    2.6770737183E-07));
#8652 = ADVANCED_FACE('',(#8653),#8671,.T.);
#8653 = FACE_BOUND('',#8654,.T.);
#8654 = EDGE_LOOP('',(#8655,#8656,#8664,#8670));
#8655 = ORIENTED_EDGE('',*,*,#7926,.T.);
#8656 = ORIENTED_EDGE('',*,*,#8657,.F.);
#8657 = EDGE_CURVE('',#8658,#7912,#8660,.T.);
#8658 = VERTEX_POINT('',#8659);
#8659 = CARTESIAN_POINT('',(14.816295450996,-18.37800061031,
    21.77007005771));
#8660 = LINE('',#8661,#8662);
#8661 = CARTESIAN_POINT('',(14.816295450996,-18.37800061031,
    21.77007005771));
#8662 = VECTOR('',#8663,1.);
#8663 = DIRECTION('',(3.87E-15,-4.636E-14,-1.));
#8664 = ORIENTED_EDGE('',*,*,#8665,.T.);
#8665 = EDGE_CURVE('',#8658,#8611,#8666,.T.);
#8666 = LINE('',#8667,#8668);
#8667 = CARTESIAN_POINT('',(14.816295450996,-18.37800061031,
    21.77007005771));
#8668 = VECTOR('',#8669,1.);
#8669 = DIRECTION('',(1.,2.398171765E-07,3.89E-15));
#8670 = ORIENTED_EDGE('',*,*,#8610,.T.);
#8671 = PLANE('',#8672);
#8672 = AXIS2_PLACEMENT_3D('',#8673,#8674,#8675);
#8673 = CARTESIAN_POINT('',(14.816295450996,-18.37800061031,
    21.77007005771));
#8674 = DIRECTION('',(-2.398171765E-07,1.,-4.636E-14));
#8675 = DIRECTION('',(1.,2.398171765E-07,3.89E-15));
#8676 = ADVANCED_FACE('',(#8677),#8702,.T.);
#8677 = FACE_BOUND('',#8678,.T.);
#8678 = EDGE_LOOP('',(#8679,#8680,#8688,#8701));
#8679 = ORIENTED_EDGE('',*,*,#7911,.T.);
#8680 = ORIENTED_EDGE('',*,*,#8681,.F.);
#8681 = EDGE_CURVE('',#8682,#7904,#8684,.T.);
#8682 = VERTEX_POINT('',#8683);
#8683 = CARTESIAN_POINT('',(14.816295570904,-20.17916612323,
    21.770070057711));
#8684 = LINE('',#8685,#8686);
#8685 = CARTESIAN_POINT('',(14.816295570904,-20.17916612323,
    21.770070057711));
#8686 = VECTOR('',#8687,1.);
#8687 = DIRECTION('',(3.87E-15,-4.636E-14,-1.));
#8688 = ORIENTED_EDGE('',*,*,#8689,.T.);
#8689 = EDGE_CURVE('',#8682,#8658,#8690,.T.);
#8690 = B_SPLINE_CURVE_WITH_KNOTS('',3,(#8691,#8692,#8693,#8694,#8695,
    #8696,#8697,#8698,#8699,#8700),.UNSPECIFIED.,.F.,.F.,(4,3,3,4),(0.,
    0.313345849492,0.728445019357,1.),.UNSPECIFIED.);
#8691 = CARTESIAN_POINT('',(14.816295570904,-20.17916612323,
    21.770070057711));
#8692 = CARTESIAN_POINT('',(14.47798397073,-20.17916620436,
    21.770070057711));
#8693 = CARTESIAN_POINT('',(14.187193254648,-19.99832572221,
    21.770070057711));
#8694 = CARTESIAN_POINT('',(14.059289981725,-19.74918890401,
    21.770070057711));
#8695 = CARTESIAN_POINT('',(13.88985246564,-19.41914947126,
    21.77007005771));
#8696 = CARTESIAN_POINT('',(13.900153590826,-19.02182936186,
    21.77007005771));
#8697 = CARTESIAN_POINT('',(14.117619768923,-18.71098653083,
    21.77007005771));
#8698 = CARTESIAN_POINT('',(14.259884625302,-18.50763531962,
    21.77007005771));
#8699 = CARTESIAN_POINT('',(14.523104424884,-18.37800068062,
    21.77007005771));
#8700 = CARTESIAN_POINT('',(14.816295450996,-18.37800061031,
    21.77007005771));
#8701 = ORIENTED_EDGE('',*,*,#8657,.T.);
#8702 = B_SPLINE_SURFACE_WITH_KNOTS('',3,1,(
    (#8703,#8704)
    ,(#8705,#8706)
    ,(#8707,#8708)
    ,(#8709,#8710)
    ,(#8711,#8712)
    ,(#8713,#8714)
    ,(#8715,#8716)
    ,(#8717,#8718)
    ,(#8719,#8720)
    ,(#8721,#8722
    )),.UNSPECIFIED.,.F.,.F.,.F.,(4,3,3,4),(2,2),(0.,0.313345849492,
    0.728445019357,1.),(0.,2.177006979),.UNSPECIFIED.);
#8703 = CARTESIAN_POINT('',(14.816295570904,-20.17916612323,
    21.770070057711));
#8704 = CARTESIAN_POINT('',(14.816295570904,-20.17916612323,
    2.6770746508E-07));
#8705 = CARTESIAN_POINT('',(14.47798397073,-20.17916620436,
    21.770070057711));
#8706 = CARTESIAN_POINT('',(14.47798397073,-20.17916620437,
    2.6770746508E-07));
#8707 = CARTESIAN_POINT('',(14.187193254648,-19.99832572221,
    21.770070057711));
#8708 = CARTESIAN_POINT('',(14.187193254649,-19.99832572221,
    2.6770746064E-07));
#8709 = CARTESIAN_POINT('',(14.059289981725,-19.74918890401,
    21.770070057711));
#8710 = CARTESIAN_POINT('',(14.059289981725,-19.74918890401,
    2.6770744288E-07));
#8711 = CARTESIAN_POINT('',(13.88985246564,-19.41914947126,
    21.77007005771));
#8712 = CARTESIAN_POINT('',(13.88985246564,-19.41914947126,
    2.6770742512E-07));
#8713 = CARTESIAN_POINT('',(13.900153590826,-19.02182936186,
    21.77007005771));
#8714 = CARTESIAN_POINT('',(13.900153590826,-19.02182936186,
    2.6770740735E-07));
#8715 = CARTESIAN_POINT('',(14.117619768923,-18.71098653083,
    21.77007005771));
#8716 = CARTESIAN_POINT('',(14.117619768923,-18.71098653083,
    2.6770739847E-07));
#8717 = CARTESIAN_POINT('',(14.259884625302,-18.50763531962,
    21.77007005771));
#8718 = CARTESIAN_POINT('',(14.259884625302,-18.50763531962,
    2.6770739403E-07));
#8719 = CARTESIAN_POINT('',(14.523104424884,-18.37800068062,
    21.77007005771));
#8720 = CARTESIAN_POINT('',(14.523104424884,-18.37800068062,
    2.6770737627E-07));
#8721 = CARTESIAN_POINT('',(14.816295450996,-18.37800061031,
    21.77007005771));
#8722 = CARTESIAN_POINT('',(14.816295450996,-18.37800061031,
    2.6770738515E-07));
#8723 = ADVANCED_FACE('',(#8724),#8742,.T.);
#8724 = FACE_BOUND('',#8725,.T.);
#8725 = EDGE_LOOP('',(#8726,#8727,#8735,#8741));
#8726 = ORIENTED_EDGE('',*,*,#7903,.T.);
#8727 = ORIENTED_EDGE('',*,*,#8728,.F.);
#8728 = EDGE_CURVE('',#8729,#7879,#8731,.T.);
#8729 = VERTEX_POINT('',#8730);
#8730 = CARTESIAN_POINT('',(20.258514799246,-20.17916481809,
    21.770070057711));
#8731 = LINE('',#8732,#8733);
#8732 = CARTESIAN_POINT('',(20.258514799246,-20.17916481809,
    21.770070057711));
#8733 = VECTOR('',#8734,1.);
#8734 = DIRECTION('',(3.87E-15,-4.636E-14,-1.));
#8735 = ORIENTED_EDGE('',*,*,#8736,.F.);
#8736 = EDGE_CURVE('',#8682,#8729,#8737,.T.);
#8737 = LINE('',#8738,#8739);
#8738 = CARTESIAN_POINT('',(14.816295570904,-20.17916612323,
    21.770070057711));
#8739 = VECTOR('',#8740,1.);
#8740 = DIRECTION('',(1.,2.398171765E-07,3.89E-15));
#8741 = ORIENTED_EDGE('',*,*,#8681,.T.);
#8742 = PLANE('',#8743);
#8743 = AXIS2_PLACEMENT_3D('',#8744,#8745,#8746);
#8744 = CARTESIAN_POINT('',(20.258514799246,-20.17916481809,
    21.770070057711));
#8745 = DIRECTION('',(2.398171765E-07,-1.,4.636E-14));
#8746 = DIRECTION('',(-1.,-2.398171765E-07,-3.89E-15));
#8747 = ADVANCED_FACE('',(#8748),#8766,.T.);
#8748 = FACE_BOUND('',#8749,.T.);
#8749 = EDGE_LOOP('',(#8750,#8751,#8752,#8765));
#8750 = ORIENTED_EDGE('',*,*,#7878,.T.);
#8751 = ORIENTED_EDGE('',*,*,#8185,.F.);
#8752 = ORIENTED_EDGE('',*,*,#8753,.T.);
#8753 = EDGE_CURVE('',#8178,#8729,#8754,.T.);
#8754 = B_SPLINE_CURVE_WITH_KNOTS('',3,(#8755,#8756,#8757,#8758,#8759,
    #8760,#8761,#8762,#8763,#8764),.UNSPECIFIED.,.F.,.F.,(4,3,3,4),(0.,
    0.343202553988,0.762134156217,1.),.UNSPECIFIED.);
#8755 = CARTESIAN_POINT('',(20.258514679337,-20.98033033102,
    21.770070057711));
#8756 = CARTESIAN_POINT('',(20.482948336367,-20.98033027719,
    21.770070057711));
#8757 = CARTESIAN_POINT('',(20.532894312442,-20.91920313967,
    21.770070057711));
#8758 = CARTESIAN_POINT('',(20.585339665042,-20.79000886227,
    21.770070057711));
#8759 = CARTESIAN_POINT('',(20.649357299349,-20.63230733878,
    21.770070057711));
#8760 = CARTESIAN_POINT('',(20.616167554333,-20.37239525807,
    21.770070057711));
#8761 = CARTESIAN_POINT('',(20.526802885932,-20.2725958504,
    21.770070057711));
#8762 = CARTESIAN_POINT('',(20.476062378076,-20.21593058526,
    21.770070057711));
#8763 = CARTESIAN_POINT('',(20.414064676932,-20.17916478079,
    21.770070057711));
#8764 = CARTESIAN_POINT('',(20.258514799246,-20.17916481809,
    21.770070057711));
#8765 = ORIENTED_EDGE('',*,*,#8728,.T.);
#8766 = B_SPLINE_SURFACE_WITH_KNOTS('',3,1,(
    (#8767,#8768)
    ,(#8769,#8770)
    ,(#8771,#8772)
    ,(#8773,#8774)
    ,(#8775,#8776)
    ,(#8777,#8778)
    ,(#8779,#8780)
    ,(#8781,#8782)
    ,(#8783,#8784)
    ,(#8785,#8786
    )),.UNSPECIFIED.,.F.,.F.,.F.,(4,3,3,4),(2,2),(0.,0.343202553988,
    0.762134156217,1.),(0.,2.177006979),.UNSPECIFIED.);
#8767 = CARTESIAN_POINT('',(20.258514679337,-20.98033033102,
    21.770070057711));
#8768 = CARTESIAN_POINT('',(20.258514679337,-20.98033033102,
    2.6770752282E-07));
#8769 = CARTESIAN_POINT('',(20.482948336367,-20.98033027719,
    21.770070057711));
#8770 = CARTESIAN_POINT('',(20.482948336367,-20.98033027719,
    2.6770752282E-07));
#8771 = CARTESIAN_POINT('',(20.532894312442,-20.91920313967,
    21.770070057711));
#8772 = CARTESIAN_POINT('',(20.532894312442,-20.91920313967,
    2.6770752282E-07));
#8773 = CARTESIAN_POINT('',(20.585339665042,-20.79000886227,
    21.770070057711));
#8774 = CARTESIAN_POINT('',(20.585339665042,-20.79000886227,
    2.6770751838E-07));
#8775 = CARTESIAN_POINT('',(20.649357299349,-20.63230733878,
    21.770070057711));
#8776 = CARTESIAN_POINT('',(20.649357299349,-20.63230733878,
    2.6770751393E-07));
#8777 = CARTESIAN_POINT('',(20.616167554333,-20.37239525807,
    21.770070057711));
#8778 = CARTESIAN_POINT('',(20.616167554333,-20.37239525807,
    2.6770749617E-07));
#8779 = CARTESIAN_POINT('',(20.526802885932,-20.2725958504,
    21.770070057711));
#8780 = CARTESIAN_POINT('',(20.526802885932,-20.2725958504,
    2.6770749617E-07));
#8781 = CARTESIAN_POINT('',(20.476062378076,-20.21593058526,
    21.770070057711));
#8782 = CARTESIAN_POINT('',(20.476062378076,-20.21593058526,
    2.6770749173E-07));
#8783 = CARTESIAN_POINT('',(20.414064676932,-20.17916478079,
    21.770070057711));
#8784 = CARTESIAN_POINT('',(20.414064676932,-20.17916478079,
    2.6770749173E-07));
#8785 = CARTESIAN_POINT('',(20.258514799246,-20.17916481809,
    21.770070057711));
#8786 = CARTESIAN_POINT('',(20.258514799246,-20.17916481809,
    2.6770749173E-07));
#8787 = ADVANCED_FACE('',(#8788),#8806,.F.);
#8788 = FACE_BOUND('',#8789,.T.);
#8789 = EDGE_LOOP('',(#8790,#8791,#8799,#8805));
#8790 = ORIENTED_EDGE('',*,*,#7750,.T.);
#8791 = ORIENTED_EDGE('',*,*,#8792,.F.);
#8792 = EDGE_CURVE('',#8793,#7753,#8795,.T.);
#8793 = VERTEX_POINT('',#8794);
#8794 = CARTESIAN_POINT('',(20.258514799246,-16.27566827933,
    21.77007005771));
#8795 = LINE('',#8796,#8797);
#8796 = CARTESIAN_POINT('',(20.258514799246,-16.27566827933,
    21.77007005771));
#8797 = VECTOR('',#8798,1.);
#8798 = DIRECTION('',(3.87E-15,-4.636E-14,-1.));
#8799 = ORIENTED_EDGE('',*,*,#8800,.F.);
#8800 = EDGE_CURVE('',#8462,#8793,#8801,.T.);
#8801 = LINE('',#8802,#8803);
#8802 = CARTESIAN_POINT('',(14.816295570904,-16.27566958447,
    21.77007005771));
#8803 = VECTOR('',#8804,1.);
#8804 = DIRECTION('',(1.,2.398171765E-07,3.89E-15));
#8805 = ORIENTED_EDGE('',*,*,#8476,.T.);
#8806 = PLANE('',#8807);
#8807 = AXIS2_PLACEMENT_3D('',#8808,#8809,#8810);
#8808 = CARTESIAN_POINT('',(14.816295570904,-16.27566958447,
    21.77007005771));
#8809 = DIRECTION('',(-2.398171765E-07,1.,-4.636E-14));
#8810 = DIRECTION('',(1.,2.398171765E-07,3.89E-15));
#8811 = ADVANCED_FACE('',(#8812),#8839,.F.);
#8812 = FACE_BOUND('',#8813,.T.);
#8813 = EDGE_LOOP('',(#8814,#8815,#8821,#8822,#8823,#8824,#8825,#8826,
    #8827,#8828,#8829,#8830,#8831,#8832,#8833,#8834,#8835,#8836,#8837,
    #8838));
#8814 = ORIENTED_EDGE('',*,*,#8800,.T.);
#8815 = ORIENTED_EDGE('',*,*,#8816,.T.);
#8816 = EDGE_CURVE('',#8793,#8517,#8817,.T.);
#8817 = LINE('',#8818,#8819);
#8818 = CARTESIAN_POINT('',(20.258514739292,-16.02566827933,
    21.77007005771));
#8819 = VECTOR('',#8820,1.);
#8820 = DIRECTION('',(-2.398171765E-07,1.,-4.636E-14));
#8821 = ORIENTED_EDGE('',*,*,#8516,.F.);
#8822 = ORIENTED_EDGE('',*,*,#8547,.F.);
#8823 = ORIENTED_EDGE('',*,*,#8594,.T.);
#8824 = ORIENTED_EDGE('',*,*,#8618,.F.);
#8825 = ORIENTED_EDGE('',*,*,#8665,.F.);
#8826 = ORIENTED_EDGE('',*,*,#8689,.F.);
#8827 = ORIENTED_EDGE('',*,*,#8736,.T.);
#8828 = ORIENTED_EDGE('',*,*,#8753,.F.);
#8829 = ORIENTED_EDGE('',*,*,#8177,.F.);
#8830 = ORIENTED_EDGE('',*,*,#8208,.F.);
#8831 = ORIENTED_EDGE('',*,*,#8232,.T.);
#8832 = ORIENTED_EDGE('',*,*,#8248,.T.);
#8833 = ORIENTED_EDGE('',*,*,#8303,.F.);
#8834 = ORIENTED_EDGE('',*,*,#8319,.T.);
#8835 = ORIENTED_EDGE('',*,*,#8374,.T.);
#8836 = ORIENTED_EDGE('',*,*,#8390,.T.);
#8837 = ORIENTED_EDGE('',*,*,#8445,.F.);
#8838 = ORIENTED_EDGE('',*,*,#8461,.T.);
#8839 = PLANE('',#8840);
#8840 = AXIS2_PLACEMENT_3D('',#8841,#8842,#8843);
#8841 = CARTESIAN_POINT('',(17.537405125121,-16.0256689319,
    21.77007005771));
#8842 = DIRECTION('',(3.89E-15,-4.636E-14,-1.));
#8843 = DIRECTION('',(1.384E-14,1.,-4.636E-14));
#8844 = ADVANCED_FACE('',(#8845),#8851,.F.);
#8845 = FACE_BOUND('',#8846,.T.);
#8846 = EDGE_LOOP('',(#8847,#8848,#8849,#8850));
#8847 = ORIENTED_EDGE('',*,*,#7990,.T.);
#8848 = ORIENTED_EDGE('',*,*,#8524,.F.);
#8849 = ORIENTED_EDGE('',*,*,#8816,.F.);
#8850 = ORIENTED_EDGE('',*,*,#8792,.T.);
#8851 = PLANE('',#8852);
#8852 = AXIS2_PLACEMENT_3D('',#8853,#8854,#8855);
#8853 = CARTESIAN_POINT('',(20.258514739292,-16.02566827933,
    10.885035162709));
#8854 = DIRECTION('',(-1.,-2.398171765E-07,-3.87E-15));
#8855 = DIRECTION('',(2.398171765E-07,-1.,2.657E-14));
#8856 = ADVANCED_FACE('',(#8857),#8867,.F.);
#8857 = FACE_BOUND('',#8858,.T.);
#8858 = EDGE_LOOP('',(#8859,#8860,#8861,#8862,#8863,#8864,#8865,#8866));
#8859 = ORIENTED_EDGE('',*,*,#7667,.F.);
#8860 = ORIENTED_EDGE('',*,*,#8137,.F.);
#8861 = ORIENTED_EDGE('',*,*,#8111,.F.);
#8862 = ORIENTED_EDGE('',*,*,#8086,.F.);
#8863 = ORIENTED_EDGE('',*,*,#8062,.F.);
#8864 = ORIENTED_EDGE('',*,*,#8152,.F.);
#8865 = ORIENTED_EDGE('',*,*,#8030,.F.);
#8866 = ORIENTED_EDGE('',*,*,#8005,.F.);
#8867 = PLANE('',#8868);
#8868 = AXIS2_PLACEMENT_3D('',#8869,#8870,#8871);
#8869 = CARTESIAN_POINT('',(17.537405125121,-16.0256689319,
    2.6770728301E-07));
#8870 = DIRECTION('',(-3.89E-15,4.636E-14,1.));
#8871 = DIRECTION('',(-1.384E-14,-1.,4.636E-14));
#8872 = ( GEOMETRIC_REPRESENTATION_CONTEXT(3) 
GLOBAL_UNCERTAINTY_ASSIGNED_CONTEXT((#8876)) 
GLOBAL_UNIT_ASSIGNED_CONTEXT((#8873,#8874,#8875)) REPRESENTATION_CONTEXT
('Context #1','3D Context with UNIT and UNCERTAINTY') );
#8873 = ( LENGTH_UNIT() NAMED_UNIT(*) SI_UNIT(.MILLI.,.METRE.) );
#8874 = ( NAMED_UNIT(*) PLANE_ANGLE_UNIT() SI_UNIT($,.RADIAN.) );
#8875 = ( NAMED_UNIT(*) SI_UNIT($,.STERADIAN.) SOLID_ANGLE_UNIT() );
#8876 = UNCERTAINTY_MEASURE_WITH_UNIT(LENGTH_MEASURE(1.E-03),#8873,
  'distance_accuracy_value','confusion accuracy');
#8877 = CONTEXT_DEPENDENT_SHAPE_REPRESENTATION(#8878,#8880);
#8878 = ( REPRESENTATION_RELATIONSHIP('','',#7641,#10) 
REPRESENTATION_RELATIONSHIP_WITH_TRANSFORMATION(#8879) 
SHAPE_REPRESENTATION_RELATIONSHIP() );
#8879 = ITEM_DEFINED_TRANSFORMATION('','',#11,#19);
#8880 = PRODUCT_DEFINITION_SHAPE('Placement','Placement of an item',
  #8881);
#8881 = NEXT_ASSEMBLY_USAGE_OCCURRENCE('2','rapido_mount001','',#5,#7636
  ,$);
#8882 = PRODUCT_RELATED_PRODUCT_CATEGORY('part',$,(#7638));
#8883 = SHAPE_DEFINITION_REPRESENTATION(#8884,#8890);
#8884 = PRODUCT_DEFINITION_SHAPE('','',#8885);
#8885 = PRODUCT_DEFINITION('design','',#8886,#8889);
#8886 = PRODUCT_DEFINITION_FORMATION('','',#8887);
#8887 = PRODUCT('rapido_mount002','rapido_mount002','',(#8888));
#8888 = PRODUCT_CONTEXT('',#2,'mechanical');
#8889 = PRODUCT_DEFINITION_CONTEXT('part definition',#2,'design');
#8890 = ADVANCED_BREP_SHAPE_REPRESENTATION('',(#11,#8891),#10121);
#8891 = MANIFOLD_SOLID_BREP('',#8892);
#8892 = CLOSED_SHELL('',(#8893,#8935,#9249,#9273,#9298,#9330,#9354,#9379
    ,#9396,#9413,#9444,#9468,#9492,#9539,#9563,#9610,#9634,#9681,#9705,
    #9752,#9783,#9830,#9854,#9901,#9925,#9972,#9996,#10036,#10060,#10093
    ,#10105));
#8893 = ADVANCED_FACE('',(#8894),#8930,.T.);
#8894 = FACE_BOUND('',#8895,.T.);
#8895 = EDGE_LOOP('',(#8896,#8907,#8915,#8924));
#8896 = ORIENTED_EDGE('',*,*,#8897,.F.);
#8897 = EDGE_CURVE('',#8898,#8900,#8902,.T.);
#8898 = VERTEX_POINT('',#8899);
#8899 = CARTESIAN_POINT('',(-20.38285644574,-15.54440164189,
    0.700000267707));
#8900 = VERTEX_POINT('',#8901);
#8901 = CARTESIAN_POINT('',(-21.38285644574,-16.54440164189,
    0.700000267708));
#8902 = CIRCLE('',#8903,1.);
#8903 = AXIS2_PLACEMENT_3D('',#8904,#8905,#8906);
#8904 = CARTESIAN_POINT('',(-20.38285644574,-16.54440164189,
    0.700000267708));
#8905 = DIRECTION('',(1.212E-14,4.634E-14,1.));
#8906 = DIRECTION('',(-0.707106781187,0.707106781187,-2.41971940522E-14)
  );
#8907 = ORIENTED_EDGE('',*,*,#8908,.F.);
#8908 = EDGE_CURVE('',#8909,#8898,#8911,.T.);
#8909 = VERTEX_POINT('',#8910);
#8910 = CARTESIAN_POINT('',(-20.38285644574,-15.54440164189,
    2.67707494E-07));
#8911 = LINE('',#8912,#8913);
#8912 = CARTESIAN_POINT('',(-20.38285644574,-15.54440164189,
    2.6770749839E-07));
#8913 = VECTOR('',#8914,1.);
#8914 = DIRECTION('',(1.212E-14,4.634E-14,1.));
#8915 = ORIENTED_EDGE('',*,*,#8916,.F.);
#8916 = EDGE_CURVE('',#8917,#8909,#8919,.T.);
#8917 = VERTEX_POINT('',#8918);
#8918 = CARTESIAN_POINT('',(-21.38285644574,-16.54440164189,
    2.67707556E-07));
#8919 = CIRCLE('',#8920,1.);
#8920 = AXIS2_PLACEMENT_3D('',#8921,#8922,#8923);
#8921 = CARTESIAN_POINT('',(-20.38285644574,-16.54440164189,
    2.677075317E-07));
#8922 = DIRECTION('',(-1.477E-14,-4.636E-14,-1.));
#8923 = DIRECTION('',(-0.707106781187,0.707106781187,-2.233750321768E-14
    ));
#8924 = ORIENTED_EDGE('',*,*,#8925,.F.);
#8925 = EDGE_CURVE('',#8900,#8917,#8926,.T.);
#8926 = LINE('',#8927,#8928);
#8927 = CARTESIAN_POINT('',(-21.38285644574,-16.54440164189,
    2.6770755612E-07));
#8928 = VECTOR('',#8929,1.);
#8929 = DIRECTION('',(-1.212E-14,-4.634E-14,-1.));
#8930 = CYLINDRICAL_SURFACE('',#8931,1.);
#8931 = AXIS2_PLACEMENT_3D('',#8932,#8933,#8934);
#8932 = CARTESIAN_POINT('',(-20.38285644574,-16.54440164189,
    2.677075428E-07));
#8933 = DIRECTION('',(-1.212E-14,-4.634E-14,-1.));
#8934 = DIRECTION('',(-0.707106781187,0.707106781187,-2.41971940522E-14)
  );
#8935 = ADVANCED_FACE('',(#8936,#8996),#9244,.F.);
#8936 = FACE_BOUND('',#8937,.T.);
#8937 = EDGE_LOOP('',(#8938,#8939,#8947,#8956,#8964,#8973,#8981,#8990));
#8938 = ORIENTED_EDGE('',*,*,#8897,.T.);
#8939 = ORIENTED_EDGE('',*,*,#8940,.F.);
#8940 = EDGE_CURVE('',#8941,#8900,#8943,.T.);
#8941 = VERTEX_POINT('',#8942);
#8942 = CARTESIAN_POINT('',(-21.38285644574,-20.97475329387,
    0.700000267708));
#8943 = LINE('',#8944,#8945);
#8944 = CARTESIAN_POINT('',(-21.38285644574,-21.97475329387,
    0.700000267708));
#8945 = VECTOR('',#8946,1.);
#8946 = DIRECTION('',(-4.415E-14,1.,-4.636E-14));
#8947 = ORIENTED_EDGE('',*,*,#8948,.T.);
#8948 = EDGE_CURVE('',#8941,#8949,#8951,.T.);
#8949 = VERTEX_POINT('',#8950);
#8950 = CARTESIAN_POINT('',(-20.38285644574,-21.97475329387,
    0.700000267708));
#8951 = CIRCLE('',#8952,1.);
#8952 = AXIS2_PLACEMENT_3D('',#8953,#8954,#8955);
#8953 = CARTESIAN_POINT('',(-20.38285644574,-20.97475329387,
    0.700000267708));
#8954 = DIRECTION('',(1.212E-14,4.634E-14,1.));
#8955 = DIRECTION('',(-0.707106781187,-0.707106781187,4.133746242817E-14
    ));
#8956 = ORIENTED_EDGE('',*,*,#8957,.F.);
#8957 = EDGE_CURVE('',#8958,#8949,#8960,.T.);
#8958 = VERTEX_POINT('',#8959);
#8959 = CARTESIAN_POINT('',(-14.57346552382,-21.97475329387,
    0.700000267708));
#8960 = LINE('',#8961,#8962);
#8961 = CARTESIAN_POINT('',(-13.57346552382,-21.97475329387,
    0.700000267708));
#8962 = VECTOR('',#8963,1.);
#8963 = DIRECTION('',(-1.,-4.415E-14,1.477E-14));
#8964 = ORIENTED_EDGE('',*,*,#8965,.T.);
#8965 = EDGE_CURVE('',#8958,#8966,#8968,.T.);
#8966 = VERTEX_POINT('',#8967);
#8967 = CARTESIAN_POINT('',(-13.57346552382,-20.97475329387,
    0.700000267708));
#8968 = CIRCLE('',#8969,1.);
#8969 = AXIS2_PLACEMENT_3D('',#8970,#8971,#8972);
#8970 = CARTESIAN_POINT('',(-14.57346552382,-20.97475329387,
    0.700000267708));
#8971 = DIRECTION('',(1.212E-14,4.634E-14,1.));
#8972 = DIRECTION('',(0.707106781187,-0.707106781187,2.41971940522E-14)
  );
#8973 = ORIENTED_EDGE('',*,*,#8974,.F.);
#8974 = EDGE_CURVE('',#8975,#8966,#8977,.T.);
#8975 = VERTEX_POINT('',#8976);
#8976 = CARTESIAN_POINT('',(-13.57346552382,-16.54440164189,
    0.700000267707));
#8977 = LINE('',#8978,#8979);
#8978 = CARTESIAN_POINT('',(-13.57346552382,-15.54440164189,
    0.700000267707));
#8979 = VECTOR('',#8980,1.);
#8980 = DIRECTION('',(4.415E-14,-1.,4.636E-14));
#8981 = ORIENTED_EDGE('',*,*,#8982,.T.);
#8982 = EDGE_CURVE('',#8975,#8983,#8985,.T.);
#8983 = VERTEX_POINT('',#8984);
#8984 = CARTESIAN_POINT('',(-14.57346552382,-15.54440164189,
    0.700000267707));
#8985 = CIRCLE('',#8986,1.);
#8986 = AXIS2_PLACEMENT_3D('',#8987,#8988,#8989);
#8987 = CARTESIAN_POINT('',(-14.57346552382,-16.54440164189,
    0.700000267707));
#8988 = DIRECTION('',(1.212E-14,4.634E-14,1.));
#8989 = DIRECTION('',(0.707106781187,0.707106781187,-4.133746242817E-14)
  );
#8990 = ORIENTED_EDGE('',*,*,#8991,.F.);
#8991 = EDGE_CURVE('',#8898,#8983,#8992,.T.);
#8992 = LINE('',#8993,#8994);
#8993 = CARTESIAN_POINT('',(-21.38285644574,-15.54440164189,
    0.700000267708));
#8994 = VECTOR('',#8995,1.);
#8995 = DIRECTION('',(1.,4.415E-14,-1.477E-14));
#8996 = FACE_BOUND('',#8997,.T.);
#8997 = EDGE_LOOP('',(#8998,#9008,#9016,#9024,#9039,#9047,#9072,#9080,
    #9095,#9103,#9128,#9136,#9144,#9152,#9167,#9175,#9190,#9198,#9223,
    #9231));
#8998 = ORIENTED_EDGE('',*,*,#8999,.T.);
#8999 = EDGE_CURVE('',#9000,#9002,#9004,.T.);
#9000 = VERTEX_POINT('',#9001);
#9001 = CARTESIAN_POINT('',(-14.8162955709,-16.27566958447,
    0.700000267707));
#9002 = VERTEX_POINT('',#9003);
#9003 = CARTESIAN_POINT('',(-20.25851479925,-16.27566827933,
    0.700000267708));
#9004 = LINE('',#9005,#9006);
#9005 = CARTESIAN_POINT('',(-16.14722798,-16.27566926529,0.700000267707)
  );
#9006 = VECTOR('',#9007,1.);
#9007 = DIRECTION('',(-1.,2.3981714619E-07,1.212E-14));
#9008 = ORIENTED_EDGE('',*,*,#9009,.T.);
#9009 = EDGE_CURVE('',#9002,#9010,#9012,.T.);
#9010 = VERTEX_POINT('',#9011);
#9011 = CARTESIAN_POINT('',(-20.25851467934,-15.77566827933,
    0.700000267708));
#9012 = LINE('',#9013,#9014);
#9013 = CARTESIAN_POINT('',(-20.25851506711,-17.39262254022,
    0.700000267708));
#9014 = VECTOR('',#9015,1.);
#9015 = DIRECTION('',(2.3981714619E-07,1.,-4.634E-14));
#9016 = ORIENTED_EDGE('',*,*,#9017,.T.);
#9017 = EDGE_CURVE('',#9010,#9018,#9020,.T.);
#9018 = VERTEX_POINT('',#9019);
#9019 = CARTESIAN_POINT('',(-14.816295451,-15.77566958447,0.700000267707
    ));
#9020 = LINE('',#9021,#9022);
#9021 = CARTESIAN_POINT('',(-16.14722786009,-15.77566926529,
    0.700000267707));
#9022 = VECTOR('',#9023,1.);
#9023 = DIRECTION('',(1.,-2.3981714619E-07,-1.212E-14));
#9024 = ORIENTED_EDGE('',*,*,#9025,.T.);
#9025 = EDGE_CURVE('',#9018,#9026,#9028,.T.);
#9026 = VERTEX_POINT('',#9027);
#9027 = CARTESIAN_POINT('',(-14.8162955709,-17.57683509739,
    0.700000267708));
#9028 = B_SPLINE_CURVE_WITH_KNOTS('',3,(#9029,#9030,#9031,#9032,#9033,
    #9034,#9035,#9036,#9037,#9038),.UNSPECIFIED.,.F.,.F.,(4,3,3,4),(
    -0.283417378914,-0.206453978069,-8.880765935644E-02,0.),
  .UNSPECIFIED.);
#9029 = CARTESIAN_POINT('',(-14.816295451,-15.77566958447,0.700000267707
    ));
#9030 = CARTESIAN_POINT('',(-14.52310442488,-15.77566965478,
    0.700000267707));
#9031 = CARTESIAN_POINT('',(-14.2598846253,-15.90530429378,
    0.700000267707));
#9032 = CARTESIAN_POINT('',(-14.11761976892,-16.10865550499,
    0.700000267707));
#9033 = CARTESIAN_POINT('',(-13.90015359083,-16.41949833602,
    0.700000267707));
#9034 = CARTESIAN_POINT('',(-13.88985246564,-16.81681844542,
    0.700000267707));
#9035 = CARTESIAN_POINT('',(-14.05928998173,-17.14685787816,
    0.700000267707));
#9036 = CARTESIAN_POINT('',(-14.18719325465,-17.39599469637,
    0.700000267708));
#9037 = CARTESIAN_POINT('',(-14.47798397073,-17.57683517852,
    0.700000267708));
#9038 = CARTESIAN_POINT('',(-14.8162955709,-17.57683509739,
    0.700000267708));
#9039 = ORIENTED_EDGE('',*,*,#9040,.T.);
#9040 = EDGE_CURVE('',#9026,#9041,#9043,.T.);
#9041 = VERTEX_POINT('',#9042);
#9042 = CARTESIAN_POINT('',(-20.25851479925,-17.57683379225,
    0.700000267708));
#9043 = LINE('',#9044,#9045);
#9044 = CARTESIAN_POINT('',(-18.86833775019,-17.57683412564,
    0.700000267708));
#9045 = VECTOR('',#9046,1.);
#9046 = DIRECTION('',(-1.,2.3981714619E-07,1.212E-14));
#9047 = ORIENTED_EDGE('',*,*,#9048,.T.);
#9048 = EDGE_CURVE('',#9041,#9049,#9051,.T.);
#9049 = VERTEX_POINT('',#9050);
#9050 = CARTESIAN_POINT('',(-20.25851467934,-18.37799930517,
    0.700000267708));
#9051 = B_SPLINE_CURVE_WITH_KNOTS('',3,(#9052,#9053,#9054,#9055,#9056,
    #9057,#9058,#9059,#9060,#9061,#9062,#9063,#9064,#9065,#9066,#9067,
    #9068,#9069,#9070,#9071),.UNSPECIFIED.,.F.,.F.,(4,2,2,2,2,2,2,2,2,4)
  ,(-0.155739112072,-0.138676569513,-0.126648237879,-0.114088077887,
    -9.784961269629E-02,-7.185229790218E-02,-5.253108341815E-02,
    -3.782147351862E-02,-2.203620094493E-02,0.),.UNSPECIFIED.);
#9052 = CARTESIAN_POINT('',(-20.25851479925,-17.57683379225,
    0.700000267708));
#9053 = CARTESIAN_POINT('',(-20.29931220825,-17.57683378247,
    0.700000267708));
#9054 = CARTESIAN_POINT('',(-20.3416434726,-17.58008455775,
    0.700000267708));
#9055 = CARTESIAN_POINT('',(-20.40948875807,-17.59557520028,
    0.700000267708));
#9056 = CARTESIAN_POINT('',(-20.43701333086,-17.6050455598,
    0.700000267708));
#9057 = CARTESIAN_POINT('',(-20.4888128125,-17.63350695683,
    0.700000267708));
#9058 = CARTESIAN_POINT('',(-20.51392809754,-17.65340033837,
    0.700000267708));
#9059 = CARTESIAN_POINT('',(-20.56629823156,-17.71912859091,
    0.700000267708));
#9060 = CARTESIAN_POINT('',(-20.586714714,-17.76427384782,0.700000267708
    ));
#9061 = CARTESIAN_POINT('',(-20.621726511,-17.88239633417,0.700000267708
    ));
#9062 = CARTESIAN_POINT('',(-20.62841888879,-17.96577413615,
    0.700000267708));
#9063 = CARTESIAN_POINT('',(-20.61342338191,-18.10473287063,
    0.700000267708));
#9064 = CARTESIAN_POINT('',(-20.59867674188,-18.16127067106,
    0.700000267708));
#9065 = CARTESIAN_POINT('',(-20.55837405369,-18.24601162256,
    0.700000267708));
#9066 = CARTESIAN_POINT('',(-20.53798105074,-18.27438002125,
    0.700000267708));
#9067 = CARTESIAN_POINT('',(-20.49106545725,-18.3203474184,
    0.700000267708));
#9068 = CARTESIAN_POINT('',(-20.46336554933,-18.33763678561,
    0.700000267708));
#9069 = CARTESIAN_POINT('',(-20.38799588716,-18.36765893218,
    0.700000267708));
#9070 = CARTESIAN_POINT('',(-20.33196868249,-18.37799928756,
    0.700000267708));
#9071 = CARTESIAN_POINT('',(-20.25851467934,-18.37799930517,
    0.700000267708));
#9072 = ORIENTED_EDGE('',*,*,#9073,.T.);
#9073 = EDGE_CURVE('',#9049,#9074,#9076,.T.);
#9074 = VERTEX_POINT('',#9075);
#9075 = CARTESIAN_POINT('',(-14.816295451,-18.37800061031,0.700000267708
    ));
#9076 = LINE('',#9077,#9078);
#9077 = CARTESIAN_POINT('',(-16.14722817213,-18.37800029113,
    0.700000267708));
#9078 = VECTOR('',#9079,1.);
#9079 = DIRECTION('',(1.,-2.3981714619E-07,-1.212E-14));
#9080 = ORIENTED_EDGE('',*,*,#9081,.T.);
#9081 = EDGE_CURVE('',#9074,#9082,#9084,.T.);
#9082 = VERTEX_POINT('',#9083);
#9083 = CARTESIAN_POINT('',(-14.8162955709,-20.17916612323,
    0.700000267708));
#9084 = B_SPLINE_CURVE_WITH_KNOTS('',3,(#9085,#9086,#9087,#9088,#9089,
    #9090,#9091,#9092,#9093,#9094),.UNSPECIFIED.,.F.,.F.,(4,3,3,4),(
    -0.283417378915,-0.20645397807,-8.880765935678E-02,0.),
  .UNSPECIFIED.);
#9085 = CARTESIAN_POINT('',(-14.816295451,-18.37800061031,0.700000267708
    ));
#9086 = CARTESIAN_POINT('',(-14.52310442488,-18.37800068062,
    0.700000267708));
#9087 = CARTESIAN_POINT('',(-14.2598846253,-18.50763531962,
    0.700000267708));
#9088 = CARTESIAN_POINT('',(-14.11761976892,-18.71098653083,
    0.700000267708));
#9089 = CARTESIAN_POINT('',(-13.90015359083,-19.02182936186,
    0.700000267708));
#9090 = CARTESIAN_POINT('',(-13.88985246564,-19.41914947126,
    0.700000267708));
#9091 = CARTESIAN_POINT('',(-14.05928998172,-19.74918890401,
    0.700000267708));
#9092 = CARTESIAN_POINT('',(-14.18719325465,-19.99832572221,
    0.700000267708));
#9093 = CARTESIAN_POINT('',(-14.47798397073,-20.17916620437,
    0.700000267708));
#9094 = CARTESIAN_POINT('',(-14.8162955709,-20.17916612323,
    0.700000267708));
#9095 = ORIENTED_EDGE('',*,*,#9096,.T.);
#9096 = EDGE_CURVE('',#9082,#9097,#9099,.T.);
#9097 = VERTEX_POINT('',#9098);
#9098 = CARTESIAN_POINT('',(-20.25851479925,-20.1791648181,
    0.700000267708));
#9099 = LINE('',#9100,#9101);
#9100 = CARTESIAN_POINT('',(-18.86833806223,-20.17916515148,
    0.700000267708));
#9101 = VECTOR('',#9102,1.);
#9102 = DIRECTION('',(-1.,2.3981714619E-07,1.212E-14));
#9103 = ORIENTED_EDGE('',*,*,#9104,.T.);
#9104 = EDGE_CURVE('',#9097,#9105,#9107,.T.);
#9105 = VERTEX_POINT('',#9106);
#9106 = CARTESIAN_POINT('',(-20.25851467934,-20.98033033102,
    0.700000267708));
#9107 = B_SPLINE_CURVE_WITH_KNOTS('',3,(#9108,#9109,#9110,#9111,#9112,
    #9113,#9114,#9115,#9116,#9117,#9118,#9119,#9120,#9121,#9122,#9123,
    #9124,#9125,#9126,#9127),.UNSPECIFIED.,.F.,.F.,(4,2,2,2,2,2,2,2,2,4)
  ,(-0.155739112068,-0.138676569511,-0.126648237877,-0.114088077885,
    -9.784961269532E-02,-7.185229790206E-02,-5.253108341845E-02,
    -3.782147351899E-02,-2.203620094525E-02,0.),.UNSPECIFIED.);
#9108 = CARTESIAN_POINT('',(-20.25851479925,-20.1791648181,
    0.700000267708));
#9109 = CARTESIAN_POINT('',(-20.29931220825,-20.17916480831,
    0.700000267708));
#9110 = CARTESIAN_POINT('',(-20.3416434726,-20.18241558359,
    0.700000267708));
#9111 = CARTESIAN_POINT('',(-20.40948875807,-20.19790622612,
    0.700000267708));
#9112 = CARTESIAN_POINT('',(-20.43701333087,-20.20737658564,
    0.700000267708));
#9113 = CARTESIAN_POINT('',(-20.4888128125,-20.23583798268,
    0.700000267708));
#9114 = CARTESIAN_POINT('',(-20.51392809754,-20.25573136422,
    0.700000267708));
#9115 = CARTESIAN_POINT('',(-20.56629823156,-20.32145961676,
    0.700000267708));
#9116 = CARTESIAN_POINT('',(-20.58671471401,-20.36660487367,
    0.700000267708));
#9117 = CARTESIAN_POINT('',(-20.62172651101,-20.48472736001,
    0.700000267708));
#9118 = CARTESIAN_POINT('',(-20.6284188888,-20.568105162,0.700000267708)
  );
#9119 = CARTESIAN_POINT('',(-20.61342338192,-20.70706389647,
    0.700000267708));
#9120 = CARTESIAN_POINT('',(-20.59867674188,-20.7636016969,
    0.700000267708));
#9121 = CARTESIAN_POINT('',(-20.55837405369,-20.8483426484,
    0.700000267708));
#9122 = CARTESIAN_POINT('',(-20.53798105074,-20.87671104709,
    0.700000267708));
#9123 = CARTESIAN_POINT('',(-20.49106545726,-20.92267844424,
    0.700000267708));
#9124 = CARTESIAN_POINT('',(-20.46336554934,-20.93996781145,
    0.700000267708));
#9125 = CARTESIAN_POINT('',(-20.38799588716,-20.96998995802,
    0.700000267708));
#9126 = CARTESIAN_POINT('',(-20.33196868249,-20.9803303134,
    0.700000267708));
#9127 = CARTESIAN_POINT('',(-20.25851467934,-20.98033033102,
    0.700000267708));
#9128 = ORIENTED_EDGE('',*,*,#9129,.T.);
#9129 = EDGE_CURVE('',#9105,#9130,#9132,.T.);
#9130 = VERTEX_POINT('',#9131);
#9131 = CARTESIAN_POINT('',(-14.816295451,-20.98033163615,0.700000267708
    ));
#9132 = LINE('',#9133,#9134);
#9133 = CARTESIAN_POINT('',(-16.14722848418,-20.98033131697,
    0.700000267708));
#9134 = VECTOR('',#9135,1.);
#9135 = DIRECTION('',(1.,-2.3981714619E-07,-1.212E-14));
#9136 = ORIENTED_EDGE('',*,*,#9137,.T.);
#9137 = EDGE_CURVE('',#9130,#9138,#9140,.T.);
#9138 = VERTEX_POINT('',#9139);
#9139 = CARTESIAN_POINT('',(-14.8162955709,-21.48033163615,
    0.700000267708));
#9140 = LINE('',#9141,#9142);
#9141 = CARTESIAN_POINT('',(-14.81629521469,-19.9949548712,
    0.700000267708));
#9142 = VECTOR('',#9143,1.);
#9143 = DIRECTION('',(-2.3981714619E-07,-1.,4.634E-14));
#9144 = ORIENTED_EDGE('',*,*,#9145,.T.);
#9145 = EDGE_CURVE('',#9138,#9146,#9148,.T.);
#9146 = VERTEX_POINT('',#9147);
#9147 = CARTESIAN_POINT('',(-20.25851479925,-21.48033033102,
    0.700000267708));
#9148 = LINE('',#9149,#9150);
#9149 = CARTESIAN_POINT('',(-16.14722860408,-21.48033131697,
    0.700000267708));
#9150 = VECTOR('',#9151,1.);
#9151 = DIRECTION('',(-1.,2.3981714619E-07,1.212E-14));
#9152 = ORIENTED_EDGE('',*,*,#9153,.T.);
#9153 = EDGE_CURVE('',#9146,#9154,#9156,.T.);
#9154 = VERTEX_POINT('',#9155);
#9155 = CARTESIAN_POINT('',(-20.25851467934,-19.6791648181,
    0.700000267708));
#9156 = B_SPLINE_CURVE_WITH_KNOTS('',3,(#9157,#9158,#9159,#9160,#9161,
    #9162,#9163,#9164,#9165,#9166),.UNSPECIFIED.,.F.,.F.,(4,3,3,4),(
    -0.283417363707,-0.194609672096,-7.69634138011E-02,0.),
  .UNSPECIFIED.);
#9157 = CARTESIAN_POINT('',(-20.25851479925,-21.48033033102,
    0.700000267708));
#9158 = CARTESIAN_POINT('',(-20.59682647644,-21.48033024988,
    0.700000267708));
#9159 = CARTESIAN_POINT('',(-20.88761713701,-21.29948947901,
    0.700000267708));
#9160 = CARTESIAN_POINT('',(-21.01552032241,-21.05035252095,
    0.700000267708));
#9161 = CARTESIAN_POINT('',(-21.18495757399,-20.72031319229,
    0.700000267708));
#9162 = CARTESIAN_POINT('',(-21.17465655126,-20.32299333001,
    0.700000267708));
#9163 = CARTESIAN_POINT('',(-20.95719053387,-20.01215062649,
    0.700000267708));
#9164 = CARTESIAN_POINT('',(-20.81492568563,-19.80879936003,
    0.700000267708));
#9165 = CARTESIAN_POINT('',(-20.55170577185,-19.67916474778,
    0.700000267708));
#9166 = CARTESIAN_POINT('',(-20.25851467934,-19.6791648181,
    0.700000267708));
#9167 = ORIENTED_EDGE('',*,*,#9168,.T.);
#9168 = EDGE_CURVE('',#9154,#9169,#9171,.T.);
#9169 = VERTEX_POINT('',#9170);
#9170 = CARTESIAN_POINT('',(-14.816295451,-19.67916612323,0.700000267708
    ));
#9171 = LINE('',#9172,#9173);
#9172 = CARTESIAN_POINT('',(-18.86833794233,-19.67916515148,
    0.700000267708));
#9173 = VECTOR('',#9174,1.);
#9174 = DIRECTION('',(1.,-2.3981714619E-07,-1.212E-14));
#9175 = ORIENTED_EDGE('',*,*,#9176,.T.);
#9176 = EDGE_CURVE('',#9169,#9177,#9179,.T.);
#9177 = VERTEX_POINT('',#9178);
#9178 = CARTESIAN_POINT('',(-14.8162955709,-18.87800061031,
    0.700000267708));
#9179 = B_SPLINE_CURVE_WITH_KNOTS('',3,(#9180,#9181,#9182,#9183,#9184,
    #9185,#9186,#9187,#9188,#9189),.UNSPECIFIED.,.F.,.F.,(4,3,3,4),(
    -0.155739096395,-0.102289050402,-3.70449910545E-02,0.),
  .UNSPECIFIED.);
#9180 = CARTESIAN_POINT('',(-14.816295451,-19.67916612323,0.700000267708
    ));
#9181 = CARTESIAN_POINT('',(-14.59186171873,-19.67916617706,
    0.700000267708));
#9182 = CARTESIAN_POINT('',(-14.54191582339,-19.61803912399,
    0.700000267708));
#9183 = CARTESIAN_POINT('',(-14.48947049208,-19.48884498165,
    0.700000267708));
#9184 = CARTESIAN_POINT('',(-14.4254528426,-19.33114352164,
    0.700000267708));
#9185 = CARTESIAN_POINT('',(-14.45864260693,-19.07123126549,
    0.700000267708));
#9186 = CARTESIAN_POINT('',(-14.54800744264,-18.97143174315,
    0.700000267708));
#9187 = CARTESIAN_POINT('',(-14.59874799393,-18.91476647048,
    0.700000267708));
#9188 = CARTESIAN_POINT('',(-14.66074578128,-18.87800064761,
    0.700000267708));
#9189 = CARTESIAN_POINT('',(-14.8162955709,-18.87800061031,
    0.700000267708));
#9190 = ORIENTED_EDGE('',*,*,#9191,.T.);
#9191 = EDGE_CURVE('',#9177,#9192,#9194,.T.);
#9192 = VERTEX_POINT('',#9193);
#9193 = CARTESIAN_POINT('',(-20.25851479925,-18.87799930517,
    0.700000267708));
#9194 = LINE('',#9195,#9196);
#9195 = CARTESIAN_POINT('',(-16.14722829204,-18.87800029113,
    0.700000267708));
#9196 = VECTOR('',#9197,1.);
#9197 = DIRECTION('',(-1.,2.3981714619E-07,1.212E-14));
#9198 = ORIENTED_EDGE('',*,*,#9199,.T.);
#9199 = EDGE_CURVE('',#9192,#9200,#9202,.T.);
#9200 = VERTEX_POINT('',#9201);
#9201 = CARTESIAN_POINT('',(-20.25851467934,-17.07683379225,
    0.700000267708));
#9202 = B_SPLINE_CURVE_WITH_KNOTS('',3,(#9203,#9204,#9205,#9206,#9207,
    #9208,#9209,#9210,#9211,#9212,#9213,#9214,#9215,#9216,#9217,#9218,
    #9219,#9220,#9221,#9222),.UNSPECIFIED.,.F.,.F.,(4,2,2,2,2,2,2,2,2,4)
  ,(-0.283417363707,-0.259717641204,-0.236980676842,-0.206979359681,
    -0.173131657826,-0.129646876523,-9.567434557442E-02,
    -6.714001681159E-02,-3.692823554643E-02,0.),.UNSPECIFIED.);
#9203 = CARTESIAN_POINT('',(-20.25851479925,-18.87799930517,
    0.700000267708));
#9204 = CARTESIAN_POINT('',(-20.33732186431,-18.87799928627,
    0.700000267708));
#9205 = CARTESIAN_POINT('',(-20.41593875095,-18.87065246694,
    0.700000267708));
#9206 = CARTESIAN_POINT('',(-20.56640975451,-18.83629635771,
    0.700000267708));
#9207 = CARTESIAN_POINT('',(-20.63698154535,-18.81041817135,
    0.700000267708));
#9208 = CARTESIAN_POINT('',(-20.79040953296,-18.72611647585,
    0.700000267708));
#9209 = CARTESIAN_POINT('',(-20.86580026077,-18.66218007077,
    0.700000267708));
#9210 = CARTESIAN_POINT('',(-20.99778957591,-18.49652376795,
    0.700000267708));
#9211 = CARTESIAN_POINT('',(-21.04765832749,-18.39486820648,
    0.700000267708));
#9212 = CARTESIAN_POINT('',(-21.1205473832,-18.14895498219,
    0.700000267708));
#9213 = CARTESIAN_POINT('',(-21.13239176939,-17.9989730545,
    0.700000267708));
#9214 = CARTESIAN_POINT('',(-21.10485118762,-17.74376425994,
    0.700000267708));
#9215 = CARTESIAN_POINT('',(-21.07573402132,-17.63247874247,
    0.700000267708));
#9216 = CARTESIAN_POINT('',(-20.98667141475,-17.4452147915,
    0.700000267708));
#9217 = CARTESIAN_POINT('',(-20.93287026338,-17.36736329104,
    0.700000267708));
#9218 = CARTESIAN_POINT('',(-20.79370897749,-17.23101469533,
    0.700000267708));
#9219 = CARTESIAN_POINT('',(-20.71018788584,-17.17730604852,
    0.700000267708));
#9220 = CARTESIAN_POINT('',(-20.50295337246,-17.09475804303,
    0.700000267708));
#9221 = CARTESIAN_POINT('',(-20.38160879783,-17.07683376273,
    0.700000267708));
#9222 = CARTESIAN_POINT('',(-20.25851467934,-17.07683379225,
    0.700000267708));
#9223 = ORIENTED_EDGE('',*,*,#9224,.T.);
#9224 = EDGE_CURVE('',#9200,#9225,#9227,.T.);
#9225 = VERTEX_POINT('',#9226);
#9226 = CARTESIAN_POINT('',(-14.816295451,-17.07683509739,0.700000267707
    ));
#9227 = LINE('',#9228,#9229);
#9228 = CARTESIAN_POINT('',(-18.86833763028,-17.07683412564,
    0.700000267708));
#9229 = VECTOR('',#9230,1.);
#9230 = DIRECTION('',(1.,-2.3981714619E-07,-1.212E-14));
#9231 = ORIENTED_EDGE('',*,*,#9232,.T.);
#9232 = EDGE_CURVE('',#9225,#9000,#9233,.T.);
#9233 = B_SPLINE_CURVE_WITH_KNOTS('',3,(#9234,#9235,#9236,#9237,#9238,
    #9239,#9240,#9241,#9242,#9243),.UNSPECIFIED.,.F.,.F.,(4,3,3,4),(
    -0.155739096401,-0.102289050406,-3.704499105601E-02,0.),
  .UNSPECIFIED.);
#9234 = CARTESIAN_POINT('',(-14.816295451,-17.07683509739,0.700000267707
    ));
#9235 = CARTESIAN_POINT('',(-14.59186171873,-17.07683515121,
    0.700000267707));
#9236 = CARTESIAN_POINT('',(-14.5419158234,-17.01570809814,
    0.700000267707));
#9237 = CARTESIAN_POINT('',(-14.48947049208,-16.8865139558,
    0.700000267707));
#9238 = CARTESIAN_POINT('',(-14.4254528426,-16.7288124958,0.700000267707
    ));
#9239 = CARTESIAN_POINT('',(-14.45864260694,-16.46890023965,
    0.700000267707));
#9240 = CARTESIAN_POINT('',(-14.54800744265,-16.3691007173,
    0.700000267707));
#9241 = CARTESIAN_POINT('',(-14.59874799393,-16.31243544464,
    0.700000267707));
#9242 = CARTESIAN_POINT('',(-14.66074578128,-16.27566962177,
    0.700000267707));
#9243 = CARTESIAN_POINT('',(-14.8162955709,-16.27566958447,
    0.700000267707));
#9244 = PLANE('',#9245);
#9245 = AXIS2_PLACEMENT_3D('',#9246,#9247,#9248);
#9246 = CARTESIAN_POINT('',(-17.47816098478,-18.75957746788,
    0.700000267708));
#9247 = DIRECTION('',(-1.212E-14,-4.634E-14,-1.));
#9248 = DIRECTION('',(4.415E-14,-1.,4.634E-14));
#9249 = ADVANCED_FACE('',(#9250),#9268,.F.);
#9250 = FACE_BOUND('',#9251,.T.);
#9251 = EDGE_LOOP('',(#9252,#9253,#9254,#9262));
#9252 = ORIENTED_EDGE('',*,*,#8908,.T.);
#9253 = ORIENTED_EDGE('',*,*,#8991,.T.);
#9254 = ORIENTED_EDGE('',*,*,#9255,.T.);
#9255 = EDGE_CURVE('',#8983,#9256,#9258,.T.);
#9256 = VERTEX_POINT('',#9257);
#9257 = CARTESIAN_POINT('',(-14.57346552382,-15.54440164189,
    2.6770741E-07));
#9258 = LINE('',#9259,#9260);
#9259 = CARTESIAN_POINT('',(-14.57346552382,-15.54440164189,
    2.6770741846E-07));
#9260 = VECTOR('',#9261,1.);
#9261 = DIRECTION('',(-1.212E-14,-4.634E-14,-1.));
#9262 = ORIENTED_EDGE('',*,*,#9263,.F.);
#9263 = EDGE_CURVE('',#8909,#9256,#9264,.T.);
#9264 = LINE('',#9265,#9266);
#9265 = CARTESIAN_POINT('',(-21.38285644574,-15.54440164189,
    2.6770750949E-07));
#9266 = VECTOR('',#9267,1.);
#9267 = DIRECTION('',(1.,4.415E-14,-1.477E-14));
#9268 = PLANE('',#9269);
#9269 = AXIS2_PLACEMENT_3D('',#9270,#9271,#9272);
#9270 = CARTESIAN_POINT('',(-21.38285644574,-15.54440164189,
    2.6770750949E-07));
#9271 = DIRECTION('',(4.415E-14,-1.,4.634E-14));
#9272 = DIRECTION('',(1.,4.415E-14,-1.477E-14));
#9273 = ADVANCED_FACE('',(#9274),#9293,.T.);
#9274 = FACE_BOUND('',#9275,.T.);
#9275 = EDGE_LOOP('',(#9276,#9277,#9285,#9292));
#9276 = ORIENTED_EDGE('',*,*,#8982,.F.);
#9277 = ORIENTED_EDGE('',*,*,#9278,.F.);
#9278 = EDGE_CURVE('',#9279,#8975,#9281,.T.);
#9279 = VERTEX_POINT('',#9280);
#9280 = CARTESIAN_POINT('',(-13.57346552382,-16.54440164189,
    2.67707438E-07));
#9281 = LINE('',#9282,#9283);
#9282 = CARTESIAN_POINT('',(-13.57346552382,-16.54440164189,
    2.6770744732E-07));
#9283 = VECTOR('',#9284,1.);
#9284 = DIRECTION('',(1.212E-14,4.634E-14,1.));
#9285 = ORIENTED_EDGE('',*,*,#9286,.F.);
#9286 = EDGE_CURVE('',#9256,#9279,#9287,.T.);
#9287 = CIRCLE('',#9288,1.);
#9288 = AXIS2_PLACEMENT_3D('',#9289,#9290,#9291);
#9289 = CARTESIAN_POINT('',(-14.57346552382,-16.54440164189,
    2.6770746286E-07));
#9290 = DIRECTION('',(-1.477E-14,-4.636E-14,-1.));
#9291 = DIRECTION('',(0.707106781187,0.707106781187,-4.322543753393E-14)
  );
#9292 = ORIENTED_EDGE('',*,*,#9255,.F.);
#9293 = CYLINDRICAL_SURFACE('',#9294,1.);
#9294 = AXIS2_PLACEMENT_3D('',#9295,#9296,#9297);
#9295 = CARTESIAN_POINT('',(-14.57346552382,-16.54440164189,
    2.6770746286E-07));
#9296 = DIRECTION('',(-1.212E-14,-4.634E-14,-1.));
#9297 = DIRECTION('',(0.707106781187,0.707106781187,-4.133746242817E-14)
  );
#9298 = ADVANCED_FACE('',(#9299),#9325,.T.);
#9299 = FACE_BOUND('',#9300,.T.);
#9300 = EDGE_LOOP('',(#9301,#9302,#9310,#9319));
#9301 = ORIENTED_EDGE('',*,*,#8965,.F.);
#9302 = ORIENTED_EDGE('',*,*,#9303,.F.);
#9303 = EDGE_CURVE('',#9304,#8958,#9306,.T.);
#9304 = VERTEX_POINT('',#9305);
#9305 = CARTESIAN_POINT('',(-14.57346552382,-21.97475329387,
    2.67707707E-07));
#9306 = LINE('',#9307,#9308);
#9307 = CARTESIAN_POINT('',(-14.57346552382,-21.97475329387,
    2.6770770489E-07));
#9308 = VECTOR('',#9309,1.);
#9309 = DIRECTION('',(1.212E-14,4.634E-14,1.));
#9310 = ORIENTED_EDGE('',*,*,#9311,.F.);
#9311 = EDGE_CURVE('',#9312,#9304,#9314,.T.);
#9312 = VERTEX_POINT('',#9313);
#9313 = CARTESIAN_POINT('',(-13.57346552382,-20.97475329387,
    2.67707643E-07));
#9314 = CIRCLE('',#9315,1.);
#9315 = AXIS2_PLACEMENT_3D('',#9316,#9317,#9318);
#9316 = CARTESIAN_POINT('',(-14.57346552382,-20.97475329387,
    2.6770766715E-07));
#9317 = DIRECTION('',(-1.477E-14,-4.636E-14,-1.));
#9318 = DIRECTION('',(0.707106781187,-0.707106781187,2.233750321768E-14)
  );
#9319 = ORIENTED_EDGE('',*,*,#9320,.F.);
#9320 = EDGE_CURVE('',#8966,#9312,#9321,.T.);
#9321 = LINE('',#9322,#9323);
#9322 = CARTESIAN_POINT('',(-13.57346552382,-20.97475329387,
    2.6770764272E-07));
#9323 = VECTOR('',#9324,1.);
#9324 = DIRECTION('',(-1.212E-14,-4.634E-14,-1.));
#9325 = CYLINDRICAL_SURFACE('',#9326,1.);
#9326 = AXIS2_PLACEMENT_3D('',#9327,#9328,#9329);
#9327 = CARTESIAN_POINT('',(-14.57346552382,-20.97475329387,
    2.6770765604E-07));
#9328 = DIRECTION('',(-1.212E-14,-4.634E-14,-1.));
#9329 = DIRECTION('',(0.707106781187,-0.707106781187,2.41971940522E-14)
  );
#9330 = ADVANCED_FACE('',(#9331),#9349,.F.);
#9331 = FACE_BOUND('',#9332,.T.);
#9332 = EDGE_LOOP('',(#9333,#9334,#9335,#9343));
#9333 = ORIENTED_EDGE('',*,*,#9303,.T.);
#9334 = ORIENTED_EDGE('',*,*,#8957,.T.);
#9335 = ORIENTED_EDGE('',*,*,#9336,.T.);
#9336 = EDGE_CURVE('',#8949,#9337,#9339,.T.);
#9337 = VERTEX_POINT('',#9338);
#9338 = CARTESIAN_POINT('',(-20.38285644574,-21.97475329387,
    2.67707794E-07));
#9339 = LINE('',#9340,#9341);
#9340 = CARTESIAN_POINT('',(-20.38285644574,-21.97475329387,
    2.6770778705E-07));
#9341 = VECTOR('',#9342,1.);
#9342 = DIRECTION('',(-1.212E-14,-4.634E-14,-1.));
#9343 = ORIENTED_EDGE('',*,*,#9344,.F.);
#9344 = EDGE_CURVE('',#9304,#9337,#9345,.T.);
#9345 = LINE('',#9346,#9347);
#9346 = CARTESIAN_POINT('',(-13.57346552382,-21.97475329387,
    2.6770769157E-07));
#9347 = VECTOR('',#9348,1.);
#9348 = DIRECTION('',(-1.,-4.415E-14,1.477E-14));
#9349 = PLANE('',#9350);
#9350 = AXIS2_PLACEMENT_3D('',#9351,#9352,#9353);
#9351 = CARTESIAN_POINT('',(-13.57346552382,-21.97475329387,
    2.6770769157E-07));
#9352 = DIRECTION('',(-4.415E-14,1.,-4.634E-14));
#9353 = DIRECTION('',(-1.,-4.415E-14,1.477E-14));
#9354 = ADVANCED_FACE('',(#9355),#9374,.T.);
#9355 = FACE_BOUND('',#9356,.T.);
#9356 = EDGE_LOOP('',(#9357,#9358,#9366,#9373));
#9357 = ORIENTED_EDGE('',*,*,#8948,.F.);
#9358 = ORIENTED_EDGE('',*,*,#9359,.F.);
#9359 = EDGE_CURVE('',#9360,#8941,#9362,.T.);
#9360 = VERTEX_POINT('',#9361);
#9361 = CARTESIAN_POINT('',(-21.38285644574,-20.97475329387,
    2.67707758E-07));
#9362 = LINE('',#9363,#9364);
#9363 = CARTESIAN_POINT('',(-21.38285644574,-20.97475329387,
    2.677077493E-07));
#9364 = VECTOR('',#9365,1.);
#9365 = DIRECTION('',(1.212E-14,4.634E-14,1.));
#9366 = ORIENTED_EDGE('',*,*,#9367,.F.);
#9367 = EDGE_CURVE('',#9337,#9360,#9368,.T.);
#9368 = CIRCLE('',#9369,1.);
#9369 = AXIS2_PLACEMENT_3D('',#9370,#9371,#9372);
#9370 = CARTESIAN_POINT('',(-20.38285644574,-20.97475329387,
    2.6770773598E-07));
#9371 = DIRECTION('',(-1.477E-14,-4.636E-14,-1.));
#9372 = DIRECTION('',(-0.707106781187,-0.707106781187,4.322543753393E-14
    ));
#9373 = ORIENTED_EDGE('',*,*,#9336,.F.);
#9374 = CYLINDRICAL_SURFACE('',#9375,1.);
#9375 = AXIS2_PLACEMENT_3D('',#9376,#9377,#9378);
#9376 = CARTESIAN_POINT('',(-20.38285644574,-20.97475329387,
    2.677077382E-07));
#9377 = DIRECTION('',(-1.212E-14,-4.634E-14,-1.));
#9378 = DIRECTION('',(-0.707106781187,-0.707106781187,4.133746242817E-14
    ));
#9379 = ADVANCED_FACE('',(#9380),#9391,.F.);
#9380 = FACE_BOUND('',#9381,.T.);
#9381 = EDGE_LOOP('',(#9382,#9383,#9389,#9390));
#9382 = ORIENTED_EDGE('',*,*,#8925,.T.);
#9383 = ORIENTED_EDGE('',*,*,#9384,.F.);
#9384 = EDGE_CURVE('',#9360,#8917,#9385,.T.);
#9385 = LINE('',#9386,#9387);
#9386 = CARTESIAN_POINT('',(-21.38285644574,-21.97475329387,
    2.6770780703E-07));
#9387 = VECTOR('',#9388,1.);
#9388 = DIRECTION('',(-4.415E-14,1.,-4.636E-14));
#9389 = ORIENTED_EDGE('',*,*,#9359,.T.);
#9390 = ORIENTED_EDGE('',*,*,#8940,.T.);
#9391 = PLANE('',#9392);
#9392 = AXIS2_PLACEMENT_3D('',#9393,#9394,#9395);
#9393 = CARTESIAN_POINT('',(-21.38285644574,-21.97475329387,
    2.6770780703E-07));
#9394 = DIRECTION('',(1.,4.415E-14,-1.212E-14));
#9395 = DIRECTION('',(-4.415E-14,1.,-4.636E-14));
#9396 = ADVANCED_FACE('',(#9397),#9408,.F.);
#9397 = FACE_BOUND('',#9398,.T.);
#9398 = EDGE_LOOP('',(#9399,#9400,#9401,#9402));
#9399 = ORIENTED_EDGE('',*,*,#9278,.T.);
#9400 = ORIENTED_EDGE('',*,*,#8974,.T.);
#9401 = ORIENTED_EDGE('',*,*,#9320,.T.);
#9402 = ORIENTED_EDGE('',*,*,#9403,.F.);
#9403 = EDGE_CURVE('',#9279,#9312,#9404,.T.);
#9404 = LINE('',#9405,#9406);
#9405 = CARTESIAN_POINT('',(-13.57346552382,-15.54440164189,
    2.6770739403E-07));
#9406 = VECTOR('',#9407,1.);
#9407 = DIRECTION('',(4.415E-14,-1.,4.636E-14));
#9408 = PLANE('',#9409);
#9409 = AXIS2_PLACEMENT_3D('',#9410,#9411,#9412);
#9410 = CARTESIAN_POINT('',(-13.57346552382,-15.54440164189,
    2.6770739403E-07));
#9411 = DIRECTION('',(-1.,-4.415E-14,1.212E-14));
#9412 = DIRECTION('',(4.415E-14,-1.,4.636E-14));
#9413 = ADVANCED_FACE('',(#9414),#9439,.F.);
#9414 = FACE_BOUND('',#9415,.T.);
#9415 = EDGE_LOOP('',(#9416,#9417,#9425,#9433));
#9416 = ORIENTED_EDGE('',*,*,#9129,.F.);
#9417 = ORIENTED_EDGE('',*,*,#9418,.F.);
#9418 = EDGE_CURVE('',#9419,#9105,#9421,.T.);
#9419 = VERTEX_POINT('',#9420);
#9420 = CARTESIAN_POINT('',(-20.25851467934,-20.98033033102,
    21.770070057711));
#9421 = LINE('',#9422,#9423);
#9422 = CARTESIAN_POINT('',(-20.25851467934,-20.98033033102,
    21.770070057711));
#9423 = VECTOR('',#9424,1.);
#9424 = DIRECTION('',(-1.475E-14,-4.636E-14,-1.));
#9425 = ORIENTED_EDGE('',*,*,#9426,.F.);
#9426 = EDGE_CURVE('',#9427,#9419,#9429,.T.);
#9427 = VERTEX_POINT('',#9428);
#9428 = CARTESIAN_POINT('',(-14.816295451,-20.98033163615,
    21.770070057711));
#9429 = LINE('',#9430,#9431);
#9430 = CARTESIAN_POINT('',(-14.816295451,-20.98033163615,
    21.770070057711));
#9431 = VECTOR('',#9432,1.);
#9432 = DIRECTION('',(-1.,2.3981714619E-07,1.477E-14));
#9433 = ORIENTED_EDGE('',*,*,#9434,.T.);
#9434 = EDGE_CURVE('',#9427,#9130,#9435,.T.);
#9435 = LINE('',#9436,#9437);
#9436 = CARTESIAN_POINT('',(-14.816295451,-20.98033163615,
    21.770070057711));
#9437 = VECTOR('',#9438,1.);
#9438 = DIRECTION('',(-1.475E-14,-4.636E-14,-1.));
#9439 = PLANE('',#9440);
#9440 = AXIS2_PLACEMENT_3D('',#9441,#9442,#9443);
#9441 = CARTESIAN_POINT('',(-14.816295451,-20.98033163615,
    21.770070057711));
#9442 = DIRECTION('',(-2.3981714619E-07,-1.,4.636E-14));
#9443 = DIRECTION('',(-1.,2.3981714619E-07,1.477E-14));
#9444 = ADVANCED_FACE('',(#9445),#9463,.T.);
#9445 = FACE_BOUND('',#9446,.T.);
#9446 = EDGE_LOOP('',(#9447,#9448,#9449,#9457));
#9447 = ORIENTED_EDGE('',*,*,#9137,.F.);
#9448 = ORIENTED_EDGE('',*,*,#9434,.F.);
#9449 = ORIENTED_EDGE('',*,*,#9450,.F.);
#9450 = EDGE_CURVE('',#9451,#9427,#9453,.T.);
#9451 = VERTEX_POINT('',#9452);
#9452 = CARTESIAN_POINT('',(-14.8162955709,-21.48033163615,
    21.770070057711));
#9453 = LINE('',#9454,#9455);
#9454 = CARTESIAN_POINT('',(-14.81629551095,-21.23033163615,
    21.770070057711));
#9455 = VECTOR('',#9456,1.);
#9456 = DIRECTION('',(2.3981714619E-07,1.,-4.636E-14));
#9457 = ORIENTED_EDGE('',*,*,#9458,.T.);
#9458 = EDGE_CURVE('',#9451,#9138,#9459,.T.);
#9459 = LINE('',#9460,#9461);
#9460 = CARTESIAN_POINT('',(-14.8162955709,-21.48033163615,
    21.770070057711));
#9461 = VECTOR('',#9462,1.);
#9462 = DIRECTION('',(-1.475E-14,-4.636E-14,-1.));
#9463 = PLANE('',#9464);
#9464 = AXIS2_PLACEMENT_3D('',#9465,#9466,#9467);
#9465 = CARTESIAN_POINT('',(-14.81629551095,-21.23033163615,
    10.885035162709));
#9466 = DIRECTION('',(1.,-2.3981714619E-07,-1.475E-14));
#9467 = DIRECTION('',(2.3981714619E-07,1.,-2.657E-14));
#9468 = ADVANCED_FACE('',(#9469),#9487,.T.);
#9469 = FACE_BOUND('',#9470,.T.);
#9470 = EDGE_LOOP('',(#9471,#9472,#9473,#9481));
#9471 = ORIENTED_EDGE('',*,*,#9145,.F.);
#9472 = ORIENTED_EDGE('',*,*,#9458,.F.);
#9473 = ORIENTED_EDGE('',*,*,#9474,.T.);
#9474 = EDGE_CURVE('',#9451,#9475,#9477,.T.);
#9475 = VERTEX_POINT('',#9476);
#9476 = CARTESIAN_POINT('',(-20.25851479925,-21.48033033102,
    21.770070057711));
#9477 = LINE('',#9478,#9479);
#9478 = CARTESIAN_POINT('',(-14.8162955709,-21.48033163615,
    21.770070057711));
#9479 = VECTOR('',#9480,1.);
#9480 = DIRECTION('',(-1.,2.3981714619E-07,1.477E-14));
#9481 = ORIENTED_EDGE('',*,*,#9482,.T.);
#9482 = EDGE_CURVE('',#9475,#9146,#9483,.T.);
#9483 = LINE('',#9484,#9485);
#9484 = CARTESIAN_POINT('',(-20.25851479925,-21.48033033102,
    21.770070057711));
#9485 = VECTOR('',#9486,1.);
#9486 = DIRECTION('',(-1.475E-14,-4.636E-14,-1.));
#9487 = PLANE('',#9488);
#9488 = AXIS2_PLACEMENT_3D('',#9489,#9490,#9491);
#9489 = CARTESIAN_POINT('',(-14.8162955709,-21.48033163615,
    21.770070057711));
#9490 = DIRECTION('',(-2.3981714619E-07,-1.,4.636E-14));
#9491 = DIRECTION('',(-1.,2.3981714619E-07,1.477E-14));
#9492 = ADVANCED_FACE('',(#9493),#9518,.T.);
#9493 = FACE_BOUND('',#9494,.T.);
#9494 = EDGE_LOOP('',(#9495,#9496,#9497,#9512));
#9495 = ORIENTED_EDGE('',*,*,#9153,.F.);
#9496 = ORIENTED_EDGE('',*,*,#9482,.F.);
#9497 = ORIENTED_EDGE('',*,*,#9498,.T.);
#9498 = EDGE_CURVE('',#9475,#9499,#9501,.T.);
#9499 = VERTEX_POINT('',#9500);
#9500 = CARTESIAN_POINT('',(-20.25851467934,-19.67916481809,
    21.770070057711));
#9501 = B_SPLINE_CURVE_WITH_KNOTS('',3,(#9502,#9503,#9504,#9505,#9506,
    #9507,#9508,#9509,#9510,#9511),.UNSPECIFIED.,.F.,.F.,(4,3,3,4),(0.,
    0.31334598011,0.728444959073,1.),.UNSPECIFIED.);
#9502 = CARTESIAN_POINT('',(-20.25851479925,-21.48033033102,
    21.770070057711));
#9503 = CARTESIAN_POINT('',(-20.59682647644,-21.48033024988,
    21.770070057711));
#9504 = CARTESIAN_POINT('',(-20.88761713701,-21.29948947901,
    21.770070057711));
#9505 = CARTESIAN_POINT('',(-21.01552032241,-21.05035252095,
    21.770070057711));
#9506 = CARTESIAN_POINT('',(-21.18495757399,-20.72031319229,
    21.770070057711));
#9507 = CARTESIAN_POINT('',(-21.17465655125,-20.32299333,21.770070057711
    ));
#9508 = CARTESIAN_POINT('',(-20.95719053387,-20.01215062649,
    21.770070057711));
#9509 = CARTESIAN_POINT('',(-20.81492568563,-19.80879936003,
    21.770070057711));
#9510 = CARTESIAN_POINT('',(-20.55170577185,-19.67916474778,
    21.770070057711));
#9511 = CARTESIAN_POINT('',(-20.25851467934,-19.67916481809,
    21.770070057711));
#9512 = ORIENTED_EDGE('',*,*,#9513,.T.);
#9513 = EDGE_CURVE('',#9499,#9154,#9514,.T.);
#9514 = LINE('',#9515,#9516);
#9515 = CARTESIAN_POINT('',(-20.25851467934,-19.67916481809,
    21.770070057711));
#9516 = VECTOR('',#9517,1.);
#9517 = DIRECTION('',(-1.475E-14,-4.636E-14,-1.));
#9518 = B_SPLINE_SURFACE_WITH_KNOTS('',3,1,(
    (#9519,#9520)
    ,(#9521,#9522)
    ,(#9523,#9524)
    ,(#9525,#9526)
    ,(#9527,#9528)
    ,(#9529,#9530)
    ,(#9531,#9532)
    ,(#9533,#9534)
    ,(#9535,#9536)
    ,(#9537,#9538
    )),.UNSPECIFIED.,.F.,.F.,.F.,(4,3,3,4),(2,2),(0.,0.31334598011,
    0.728444959073,1.),(0.,2.177006979),.UNSPECIFIED.);
#9519 = CARTESIAN_POINT('',(-20.25851479925,-21.48033033102,
    21.770070057711));
#9520 = CARTESIAN_POINT('',(-20.25851479925,-21.48033033102,
    2.6770776707E-07));
#9521 = CARTESIAN_POINT('',(-20.59682647644,-21.48033024988,
    21.770070057711));
#9522 = CARTESIAN_POINT('',(-20.59682647644,-21.48033024988,
    2.6770778039E-07));
#9523 = CARTESIAN_POINT('',(-20.88761713701,-21.29948947901,
    21.770070057711));
#9524 = CARTESIAN_POINT('',(-20.88761713701,-21.29948947901,
    2.6770776707E-07));
#9525 = CARTESIAN_POINT('',(-21.01552032241,-21.05035252095,
    21.770070057711));
#9526 = CARTESIAN_POINT('',(-21.01552032241,-21.05035252095,
    2.6770775374E-07));
#9527 = CARTESIAN_POINT('',(-21.18495757399,-20.72031319229,
    21.770070057711));
#9528 = CARTESIAN_POINT('',(-21.18495757399,-20.72031319229,
    2.6770774486E-07));
#9529 = CARTESIAN_POINT('',(-21.17465655125,-20.32299333,21.770070057711
    ));
#9530 = CARTESIAN_POINT('',(-21.17465655126,-20.32299333001,
    2.677077271E-07));
#9531 = CARTESIAN_POINT('',(-20.95719053387,-20.01215062649,
    21.770070057711));
#9532 = CARTESIAN_POINT('',(-20.95719053387,-20.01215062649,
    2.6770770933E-07));
#9533 = CARTESIAN_POINT('',(-20.81492568563,-19.80879936003,
    21.770070057711));
#9534 = CARTESIAN_POINT('',(-20.81492568563,-19.80879936003,
    2.6770770045E-07));
#9535 = CARTESIAN_POINT('',(-20.55170577185,-19.67916474778,
    21.770070057711));
#9536 = CARTESIAN_POINT('',(-20.55170577185,-19.67916474778,
    2.6770768713E-07));
#9537 = CARTESIAN_POINT('',(-20.25851467934,-19.67916481809,
    21.770070057711));
#9538 = CARTESIAN_POINT('',(-20.25851467934,-19.6791648181,
    2.6770768713E-07));
#9539 = ADVANCED_FACE('',(#9540),#9558,.T.);
#9540 = FACE_BOUND('',#9541,.T.);
#9541 = EDGE_LOOP('',(#9542,#9543,#9544,#9552));
#9542 = ORIENTED_EDGE('',*,*,#9168,.F.);
#9543 = ORIENTED_EDGE('',*,*,#9513,.F.);
#9544 = ORIENTED_EDGE('',*,*,#9545,.F.);
#9545 = EDGE_CURVE('',#9546,#9499,#9548,.T.);
#9546 = VERTEX_POINT('',#9547);
#9547 = CARTESIAN_POINT('',(-14.816295451,-19.67916612323,
    21.770070057711));
#9548 = LINE('',#9549,#9550);
#9549 = CARTESIAN_POINT('',(-14.816295451,-19.67916612323,
    21.770070057711));
#9550 = VECTOR('',#9551,1.);
#9551 = DIRECTION('',(-1.,2.3981714619E-07,1.477E-14));
#9552 = ORIENTED_EDGE('',*,*,#9553,.T.);
#9553 = EDGE_CURVE('',#9546,#9169,#9554,.T.);
#9554 = LINE('',#9555,#9556);
#9555 = CARTESIAN_POINT('',(-14.816295451,-19.67916612323,
    21.770070057711));
#9556 = VECTOR('',#9557,1.);
#9557 = DIRECTION('',(-1.475E-14,-4.636E-14,-1.));
#9558 = PLANE('',#9559);
#9559 = AXIS2_PLACEMENT_3D('',#9560,#9561,#9562);
#9560 = CARTESIAN_POINT('',(-20.25851467934,-19.67916481809,
    21.770070057711));
#9561 = DIRECTION('',(2.3981714619E-07,1.,-4.636E-14));
#9562 = DIRECTION('',(1.,-2.3981714619E-07,-1.477E-14));
#9563 = ADVANCED_FACE('',(#9564),#9589,.T.);
#9564 = FACE_BOUND('',#9565,.T.);
#9565 = EDGE_LOOP('',(#9566,#9567,#9568,#9583));
#9566 = ORIENTED_EDGE('',*,*,#9176,.F.);
#9567 = ORIENTED_EDGE('',*,*,#9553,.F.);
#9568 = ORIENTED_EDGE('',*,*,#9569,.T.);
#9569 = EDGE_CURVE('',#9546,#9570,#9572,.T.);
#9570 = VERTEX_POINT('',#9571);
#9571 = CARTESIAN_POINT('',(-14.8162955709,-18.87800061031,
    21.770070057711));
#9572 = B_SPLINE_CURVE_WITH_KNOTS('',3,(#9573,#9574,#9575,#9576,#9577,
    #9578,#9579,#9580,#9581,#9582),.UNSPECIFIED.,.F.,.F.,(4,3,3,4),(0.,
    0.343202492051,0.762134287972,1.),.UNSPECIFIED.);
#9573 = CARTESIAN_POINT('',(-14.816295451,-19.67916612323,
    21.770070057711));
#9574 = CARTESIAN_POINT('',(-14.59186171873,-19.67916617705,
    21.770070057711));
#9575 = CARTESIAN_POINT('',(-14.54191582339,-19.61803912399,
    21.770070057711));
#9576 = CARTESIAN_POINT('',(-14.48947049208,-19.48884498165,
    21.770070057711));
#9577 = CARTESIAN_POINT('',(-14.4254528426,-19.33114352164,
    21.770070057711));
#9578 = CARTESIAN_POINT('',(-14.45864260693,-19.07123126549,
    21.770070057711));
#9579 = CARTESIAN_POINT('',(-14.54800744264,-18.97143174315,
    21.770070057711));
#9580 = CARTESIAN_POINT('',(-14.59874799393,-18.91476647048,
    21.770070057711));
#9581 = CARTESIAN_POINT('',(-14.66074578128,-18.87800064761,
    21.770070057711));
#9582 = CARTESIAN_POINT('',(-14.8162955709,-18.87800061031,
    21.770070057711));
#9583 = ORIENTED_EDGE('',*,*,#9584,.T.);
#9584 = EDGE_CURVE('',#9570,#9177,#9585,.T.);
#9585 = LINE('',#9586,#9587);
#9586 = CARTESIAN_POINT('',(-14.8162955709,-18.87800061031,
    21.770070057711));
#9587 = VECTOR('',#9588,1.);
#9588 = DIRECTION('',(-1.475E-14,-4.636E-14,-1.));
#9589 = B_SPLINE_SURFACE_WITH_KNOTS('',3,1,(
    (#9590,#9591)
    ,(#9592,#9593)
    ,(#9594,#9595)
    ,(#9596,#9597)
    ,(#9598,#9599)
    ,(#9600,#9601)
    ,(#9602,#9603)
    ,(#9604,#9605)
    ,(#9606,#9607)
    ,(#9608,#9609
    )),.UNSPECIFIED.,.F.,.F.,.F.,(4,3,3,4),(2,2),(0.,0.343202492051,
    0.762134287972,1.),(0.,2.177006979),.UNSPECIFIED.);
#9590 = CARTESIAN_POINT('',(-14.816295451,-19.67916612323,
    21.770070057711));
#9591 = CARTESIAN_POINT('',(-14.816295451,-19.67916612323,
    2.6770759831E-07));
#9592 = CARTESIAN_POINT('',(-14.59186171873,-19.67916617705,
    21.770070057711));
#9593 = CARTESIAN_POINT('',(-14.59186171873,-19.67916617706,
    2.6770759831E-07));
#9594 = CARTESIAN_POINT('',(-14.54191582339,-19.61803912399,
    21.770070057711));
#9595 = CARTESIAN_POINT('',(-14.54191582339,-19.61803912399,
    2.6770759387E-07));
#9596 = CARTESIAN_POINT('',(-14.48947049208,-19.48884498165,
    21.770070057711));
#9597 = CARTESIAN_POINT('',(-14.48947049208,-19.48884498165,
    2.6770758943E-07));
#9598 = CARTESIAN_POINT('',(-14.4254528426,-19.33114352164,
    21.770070057711));
#9599 = CARTESIAN_POINT('',(-14.4254528426,-19.33114352164,
    2.6770758499E-07));
#9600 = CARTESIAN_POINT('',(-14.45864260693,-19.07123126549,
    21.770070057711));
#9601 = CARTESIAN_POINT('',(-14.45864260693,-19.07123126549,
    2.6770757167E-07));
#9602 = CARTESIAN_POINT('',(-14.54800744264,-18.97143174315,
    21.770070057711));
#9603 = CARTESIAN_POINT('',(-14.54800744264,-18.97143174315,
    2.6770756723E-07));
#9604 = CARTESIAN_POINT('',(-14.59874799393,-18.91476647048,
    21.770070057711));
#9605 = CARTESIAN_POINT('',(-14.59874799393,-18.91476647048,
    2.6770756723E-07));
#9606 = CARTESIAN_POINT('',(-14.66074578128,-18.87800064761,
    21.770070057711));
#9607 = CARTESIAN_POINT('',(-14.66074578128,-18.87800064761,
    2.677075539E-07));
#9608 = CARTESIAN_POINT('',(-14.8162955709,-18.87800061031,
    21.770070057711));
#9609 = CARTESIAN_POINT('',(-14.8162955709,-18.87800061031,
    2.6770757167E-07));
#9610 = ADVANCED_FACE('',(#9611),#9629,.T.);
#9611 = FACE_BOUND('',#9612,.T.);
#9612 = EDGE_LOOP('',(#9613,#9614,#9615,#9623));
#9613 = ORIENTED_EDGE('',*,*,#9191,.F.);
#9614 = ORIENTED_EDGE('',*,*,#9584,.F.);
#9615 = ORIENTED_EDGE('',*,*,#9616,.T.);
#9616 = EDGE_CURVE('',#9570,#9617,#9619,.T.);
#9617 = VERTEX_POINT('',#9618);
#9618 = CARTESIAN_POINT('',(-20.25851479925,-18.87799930517,
    21.770070057711));
#9619 = LINE('',#9620,#9621);
#9620 = CARTESIAN_POINT('',(-14.8162955709,-18.87800061031,
    21.770070057711));
#9621 = VECTOR('',#9622,1.);
#9622 = DIRECTION('',(-1.,2.3981714619E-07,1.477E-14));
#9623 = ORIENTED_EDGE('',*,*,#9624,.T.);
#9624 = EDGE_CURVE('',#9617,#9192,#9625,.T.);
#9625 = LINE('',#9626,#9627);
#9626 = CARTESIAN_POINT('',(-20.25851479925,-18.87799930517,
    21.770070057711));
#9627 = VECTOR('',#9628,1.);
#9628 = DIRECTION('',(-1.475E-14,-4.636E-14,-1.));
#9629 = PLANE('',#9630);
#9630 = AXIS2_PLACEMENT_3D('',#9631,#9632,#9633);
#9631 = CARTESIAN_POINT('',(-14.8162955709,-18.87800061031,
    21.770070057711));
#9632 = DIRECTION('',(-2.3981714619E-07,-1.,4.636E-14));
#9633 = DIRECTION('',(-1.,2.3981714619E-07,1.477E-14));
#9634 = ADVANCED_FACE('',(#9635),#9660,.T.);
#9635 = FACE_BOUND('',#9636,.T.);
#9636 = EDGE_LOOP('',(#9637,#9638,#9639,#9654));
#9637 = ORIENTED_EDGE('',*,*,#9199,.F.);
#9638 = ORIENTED_EDGE('',*,*,#9624,.F.);
#9639 = ORIENTED_EDGE('',*,*,#9640,.T.);
#9640 = EDGE_CURVE('',#9617,#9641,#9643,.T.);
#9641 = VERTEX_POINT('',#9642);
#9642 = CARTESIAN_POINT('',(-20.25851467934,-17.07683379225,
    21.770070057711));
#9643 = B_SPLINE_CURVE_WITH_KNOTS('',3,(#9644,#9645,#9646,#9647,#9648,
    #9649,#9650,#9651,#9652,#9653),.UNSPECIFIED.,.F.,.F.,(4,3,3,4),(0.,
    0.313345980109,0.728444959067,1.),.UNSPECIFIED.);
#9644 = CARTESIAN_POINT('',(-20.25851479925,-18.87799930517,
    21.770070057711));
#9645 = CARTESIAN_POINT('',(-20.59682647644,-18.87799922404,
    21.770070057711));
#9646 = CARTESIAN_POINT('',(-20.887617137,-18.69715845317,
    21.770070057711));
#9647 = CARTESIAN_POINT('',(-21.0155203224,-18.44802149511,
    21.770070057711));
#9648 = CARTESIAN_POINT('',(-21.18495757399,-18.11798216645,
    21.770070057711));
#9649 = CARTESIAN_POINT('',(-21.17465655125,-17.72066230417,
    21.770070057711));
#9650 = CARTESIAN_POINT('',(-20.95719053388,-17.40981960065,
    21.770070057711));
#9651 = CARTESIAN_POINT('',(-20.81492568563,-17.20646833419,
    21.770070057711));
#9652 = CARTESIAN_POINT('',(-20.55170577185,-17.07683372194,
    21.770070057711));
#9653 = CARTESIAN_POINT('',(-20.25851467934,-17.07683379225,
    21.770070057711));
#9654 = ORIENTED_EDGE('',*,*,#9655,.T.);
#9655 = EDGE_CURVE('',#9641,#9200,#9656,.T.);
#9656 = LINE('',#9657,#9658);
#9657 = CARTESIAN_POINT('',(-20.25851467934,-17.07683379225,
    21.770070057711));
#9658 = VECTOR('',#9659,1.);
#9659 = DIRECTION('',(-1.475E-14,-4.636E-14,-1.));
#9660 = B_SPLINE_SURFACE_WITH_KNOTS('',3,1,(
    (#9661,#9662)
    ,(#9663,#9664)
    ,(#9665,#9666)
    ,(#9667,#9668)
    ,(#9669,#9670)
    ,(#9671,#9672)
    ,(#9673,#9674)
    ,(#9675,#9676)
    ,(#9677,#9678)
    ,(#9679,#9680
    )),.UNSPECIFIED.,.F.,.F.,.F.,(4,3,3,4),(2,2),(0.,0.313345980109,
    0.728444959067,1.),(0.,2.177006979),.UNSPECIFIED.);
#9661 = CARTESIAN_POINT('',(-20.25851479925,-18.87799930517,
    21.770070057711));
#9662 = CARTESIAN_POINT('',(-20.25851479925,-18.87799930517,
    2.677076516E-07));
#9663 = CARTESIAN_POINT('',(-20.59682647644,-18.87799922404,
    21.770070057711));
#9664 = CARTESIAN_POINT('',(-20.59682647644,-18.87799922404,
    2.677076516E-07));
#9665 = CARTESIAN_POINT('',(-20.887617137,-18.69715845317,
    21.770070057711));
#9666 = CARTESIAN_POINT('',(-20.887617137,-18.69715845317,
    2.6770764716E-07));
#9667 = CARTESIAN_POINT('',(-21.0155203224,-18.44802149511,
    21.770070057711));
#9668 = CARTESIAN_POINT('',(-21.0155203224,-18.44802149511,
    2.6770763828E-07));
#9669 = CARTESIAN_POINT('',(-21.18495757399,-18.11798216645,
    21.770070057711));
#9670 = CARTESIAN_POINT('',(-21.18495757399,-18.11798216646,
    2.6770762496E-07));
#9671 = CARTESIAN_POINT('',(-21.17465655125,-17.72066230417,
    21.770070057711));
#9672 = CARTESIAN_POINT('',(-21.17465655125,-17.72066230418,
    2.6770761163E-07));
#9673 = CARTESIAN_POINT('',(-20.95719053388,-17.40981960065,
    21.770070057711));
#9674 = CARTESIAN_POINT('',(-20.95719053388,-17.40981960066,
    2.6770759387E-07));
#9675 = CARTESIAN_POINT('',(-20.81492568563,-17.20646833419,
    21.770070057711));
#9676 = CARTESIAN_POINT('',(-20.81492568563,-17.20646833419,
    2.6770757611E-07));
#9677 = CARTESIAN_POINT('',(-20.55170577185,-17.07683372194,
    21.770070057711));
#9678 = CARTESIAN_POINT('',(-20.55170577185,-17.07683372194,
    2.6770756278E-07));
#9679 = CARTESIAN_POINT('',(-20.25851467934,-17.07683379225,
    21.770070057711));
#9680 = CARTESIAN_POINT('',(-20.25851467934,-17.07683379225,
    2.6770756278E-07));
#9681 = ADVANCED_FACE('',(#9682),#9700,.T.);
#9682 = FACE_BOUND('',#9683,.T.);
#9683 = EDGE_LOOP('',(#9684,#9685,#9686,#9694));
#9684 = ORIENTED_EDGE('',*,*,#9224,.F.);
#9685 = ORIENTED_EDGE('',*,*,#9655,.F.);
#9686 = ORIENTED_EDGE('',*,*,#9687,.F.);
#9687 = EDGE_CURVE('',#9688,#9641,#9690,.T.);
#9688 = VERTEX_POINT('',#9689);
#9689 = CARTESIAN_POINT('',(-14.816295451,-17.07683509739,
    21.770070057711));
#9690 = LINE('',#9691,#9692);
#9691 = CARTESIAN_POINT('',(-14.816295451,-17.07683509739,
    21.770070057711));
#9692 = VECTOR('',#9693,1.);
#9693 = DIRECTION('',(-1.,2.3981714619E-07,1.477E-14));
#9694 = ORIENTED_EDGE('',*,*,#9695,.T.);
#9695 = EDGE_CURVE('',#9688,#9225,#9696,.T.);
#9696 = LINE('',#9697,#9698);
#9697 = CARTESIAN_POINT('',(-14.816295451,-17.07683509739,
    21.770070057711));
#9698 = VECTOR('',#9699,1.);
#9699 = DIRECTION('',(-1.475E-14,-4.636E-14,-1.));
#9700 = PLANE('',#9701);
#9701 = AXIS2_PLACEMENT_3D('',#9702,#9703,#9704);
#9702 = CARTESIAN_POINT('',(-20.25851467934,-17.07683379225,
    21.770070057711));
#9703 = DIRECTION('',(2.3981714619E-07,1.,-4.636E-14));
#9704 = DIRECTION('',(1.,-2.3981714619E-07,-1.477E-14));
#9705 = ADVANCED_FACE('',(#9706),#9731,.T.);
#9706 = FACE_BOUND('',#9707,.T.);
#9707 = EDGE_LOOP('',(#9708,#9709,#9710,#9725));
#9708 = ORIENTED_EDGE('',*,*,#9232,.F.);
#9709 = ORIENTED_EDGE('',*,*,#9695,.F.);
#9710 = ORIENTED_EDGE('',*,*,#9711,.T.);
#9711 = EDGE_CURVE('',#9688,#9712,#9714,.T.);
#9712 = VERTEX_POINT('',#9713);
#9713 = CARTESIAN_POINT('',(-14.8162955709,-16.27566958447,
    21.770070057711));
#9714 = B_SPLINE_CURVE_WITH_KNOTS('',3,(#9715,#9716,#9717,#9718,#9719,
    #9720,#9721,#9722,#9723,#9724),.UNSPECIFIED.,.F.,.F.,(4,3,3,4),(0.,
    0.34320249205,0.762134287972,1.),.UNSPECIFIED.);
#9715 = CARTESIAN_POINT('',(-14.816295451,-17.07683509739,
    21.770070057711));
#9716 = CARTESIAN_POINT('',(-14.59186171873,-17.07683515121,
    21.770070057711));
#9717 = CARTESIAN_POINT('',(-14.5419158234,-17.01570809814,
    21.770070057711));
#9718 = CARTESIAN_POINT('',(-14.48947049208,-16.8865139558,
    21.770070057711));
#9719 = CARTESIAN_POINT('',(-14.4254528426,-16.7288124958,
    21.770070057711));
#9720 = CARTESIAN_POINT('',(-14.45864260694,-16.46890023965,
    21.770070057711));
#9721 = CARTESIAN_POINT('',(-14.54800744265,-16.3691007173,
    21.770070057711));
#9722 = CARTESIAN_POINT('',(-14.59874799393,-16.31243544464,
    21.770070057711));
#9723 = CARTESIAN_POINT('',(-14.66074578128,-16.27566962177,
    21.770070057711));
#9724 = CARTESIAN_POINT('',(-14.8162955709,-16.27566958447,
    21.770070057711));
#9725 = ORIENTED_EDGE('',*,*,#9726,.T.);
#9726 = EDGE_CURVE('',#9712,#9000,#9727,.T.);
#9727 = LINE('',#9728,#9729);
#9728 = CARTESIAN_POINT('',(-14.8162955709,-16.27566958447,
    21.770070057711));
#9729 = VECTOR('',#9730,1.);
#9730 = DIRECTION('',(-1.475E-14,-4.636E-14,-1.));
#9731 = B_SPLINE_SURFACE_WITH_KNOTS('',3,1,(
    (#9732,#9733)
    ,(#9734,#9735)
    ,(#9736,#9737)
    ,(#9738,#9739)
    ,(#9740,#9741)
    ,(#9742,#9743)
    ,(#9744,#9745)
    ,(#9746,#9747)
    ,(#9748,#9749)
    ,(#9750,#9751
    )),.UNSPECIFIED.,.F.,.F.,.F.,(4,3,3,4),(2,2),(0.,0.34320249205,
    0.762134287972,1.),(0.,2.177006979),.UNSPECIFIED.);
#9732 = CARTESIAN_POINT('',(-14.816295451,-17.07683509739,
    21.770070057711));
#9733 = CARTESIAN_POINT('',(-14.816295451,-17.07683509739,
    2.6770748285E-07));
#9734 = CARTESIAN_POINT('',(-14.59186171873,-17.07683515121,
    21.770070057711));
#9735 = CARTESIAN_POINT('',(-14.59186171873,-17.07683515121,
    2.6770748285E-07));
#9736 = CARTESIAN_POINT('',(-14.5419158234,-17.01570809814,
    21.770070057711));
#9737 = CARTESIAN_POINT('',(-14.5419158234,-17.01570809814,
    2.6770747841E-07));
#9738 = CARTESIAN_POINT('',(-14.48947049208,-16.8865139558,
    21.770070057711));
#9739 = CARTESIAN_POINT('',(-14.48947049208,-16.8865139558,
    2.6770746953E-07));
#9740 = CARTESIAN_POINT('',(-14.4254528426,-16.7288124958,
    21.770070057711));
#9741 = CARTESIAN_POINT('',(-14.4254528426,-16.7288124958,
    2.6770746064E-07));
#9742 = CARTESIAN_POINT('',(-14.45864260694,-16.46890023965,
    21.770070057711));
#9743 = CARTESIAN_POINT('',(-14.45864260694,-16.46890023965,
    2.6770744732E-07));
#9744 = CARTESIAN_POINT('',(-14.54800744265,-16.3691007173,
    21.770070057711));
#9745 = CARTESIAN_POINT('',(-14.54800744265,-16.3691007173,
    2.6770744732E-07));
#9746 = CARTESIAN_POINT('',(-14.59874799393,-16.31243544464,
    21.770070057711));
#9747 = CARTESIAN_POINT('',(-14.59874799393,-16.31243544464,
    2.6770744732E-07));
#9748 = CARTESIAN_POINT('',(-14.66074578128,-16.27566962177,
    21.770070057711));
#9749 = CARTESIAN_POINT('',(-14.66074578128,-16.27566962177,
    2.6770744732E-07));
#9750 = CARTESIAN_POINT('',(-14.8162955709,-16.27566958447,
    21.770070057711));
#9751 = CARTESIAN_POINT('',(-14.8162955709,-16.27566958447,
    2.6770744732E-07));
#9752 = ADVANCED_FACE('',(#9753),#9778,.F.);
#9753 = FACE_BOUND('',#9754,.T.);
#9754 = EDGE_LOOP('',(#9755,#9756,#9764,#9772));
#9755 = ORIENTED_EDGE('',*,*,#9017,.F.);
#9756 = ORIENTED_EDGE('',*,*,#9757,.F.);
#9757 = EDGE_CURVE('',#9758,#9010,#9760,.T.);
#9758 = VERTEX_POINT('',#9759);
#9759 = CARTESIAN_POINT('',(-20.25851467934,-15.77566827933,
    21.770070057711));
#9760 = LINE('',#9761,#9762);
#9761 = CARTESIAN_POINT('',(-20.25851467934,-15.77566827933,
    21.770070057711));
#9762 = VECTOR('',#9763,1.);
#9763 = DIRECTION('',(-1.475E-14,-4.636E-14,-1.));
#9764 = ORIENTED_EDGE('',*,*,#9765,.F.);
#9765 = EDGE_CURVE('',#9766,#9758,#9768,.T.);
#9766 = VERTEX_POINT('',#9767);
#9767 = CARTESIAN_POINT('',(-14.816295451,-15.77566958447,21.77007005771
    ));
#9768 = LINE('',#9769,#9770);
#9769 = CARTESIAN_POINT('',(-14.816295451,-15.77566958447,21.77007005771
    ));
#9770 = VECTOR('',#9771,1.);
#9771 = DIRECTION('',(-1.,2.3981714619E-07,1.477E-14));
#9772 = ORIENTED_EDGE('',*,*,#9773,.T.);
#9773 = EDGE_CURVE('',#9766,#9018,#9774,.T.);
#9774 = LINE('',#9775,#9776);
#9775 = CARTESIAN_POINT('',(-14.816295451,-15.77566958447,21.77007005771
    ));
#9776 = VECTOR('',#9777,1.);
#9777 = DIRECTION('',(-1.475E-14,-4.636E-14,-1.));
#9778 = PLANE('',#9779);
#9779 = AXIS2_PLACEMENT_3D('',#9780,#9781,#9782);
#9780 = CARTESIAN_POINT('',(-14.816295451,-15.77566958447,21.77007005771
    ));
#9781 = DIRECTION('',(-2.3981714619E-07,-1.,4.636E-14));
#9782 = DIRECTION('',(-1.,2.3981714619E-07,1.477E-14));
#9783 = ADVANCED_FACE('',(#9784),#9809,.F.);
#9784 = FACE_BOUND('',#9785,.F.);
#9785 = EDGE_LOOP('',(#9786,#9794,#9807,#9808));
#9786 = ORIENTED_EDGE('',*,*,#9787,.F.);
#9787 = EDGE_CURVE('',#9788,#9026,#9790,.T.);
#9788 = VERTEX_POINT('',#9789);
#9789 = CARTESIAN_POINT('',(-14.8162955709,-17.57683509739,
    21.770070057711));
#9790 = LINE('',#9791,#9792);
#9791 = CARTESIAN_POINT('',(-14.8162955709,-17.57683509739,
    21.770070057711));
#9792 = VECTOR('',#9793,1.);
#9793 = DIRECTION('',(-1.475E-14,-4.636E-14,-1.));
#9794 = ORIENTED_EDGE('',*,*,#9795,.T.);
#9795 = EDGE_CURVE('',#9788,#9766,#9796,.T.);
#9796 = B_SPLINE_CURVE_WITH_KNOTS('',3,(#9797,#9798,#9799,#9800,#9801,
    #9802,#9803,#9804,#9805,#9806),.UNSPECIFIED.,.F.,.F.,(4,3,3,4),(0.,
    0.313345849491,0.728445019355,1.),.UNSPECIFIED.);
#9797 = CARTESIAN_POINT('',(-14.8162955709,-17.57683509739,
    21.770070057711));
#9798 = CARTESIAN_POINT('',(-14.47798397073,-17.57683517852,
    21.770070057711));
#9799 = CARTESIAN_POINT('',(-14.18719325465,-17.39599469637,
    21.770070057711));
#9800 = CARTESIAN_POINT('',(-14.05928998173,-17.14685787816,
    21.770070057711));
#9801 = CARTESIAN_POINT('',(-13.88985246564,-16.81681844542,
    21.770070057711));
#9802 = CARTESIAN_POINT('',(-13.90015359083,-16.41949833602,
    21.770070057711));
#9803 = CARTESIAN_POINT('',(-14.11761976892,-16.10865550499,
    21.770070057711));
#9804 = CARTESIAN_POINT('',(-14.2598846253,-15.90530429378,
    21.77007005771));
#9805 = CARTESIAN_POINT('',(-14.52310442488,-15.77566965478,
    21.77007005771));
#9806 = CARTESIAN_POINT('',(-14.816295451,-15.77566958447,21.77007005771
    ));
#9807 = ORIENTED_EDGE('',*,*,#9773,.T.);
#9808 = ORIENTED_EDGE('',*,*,#9025,.T.);
#9809 = B_SPLINE_SURFACE_WITH_KNOTS('',3,1,(
    (#9810,#9811)
    ,(#9812,#9813)
    ,(#9814,#9815)
    ,(#9816,#9817)
    ,(#9818,#9819)
    ,(#9820,#9821)
    ,(#9822,#9823)
    ,(#9824,#9825)
    ,(#9826,#9827)
    ,(#9828,#9829
    )),.UNSPECIFIED.,.F.,.F.,.F.,(4,3,3,4),(2,2),(0.,0.313345849491,
    0.728445019355,1.),(0.,2.177006979),.UNSPECIFIED.);
#9810 = CARTESIAN_POINT('',(-14.8162955709,-17.57683509739,
    21.770070057711));
#9811 = CARTESIAN_POINT('',(-14.8162955709,-17.57683509739,
    2.6770750949E-07));
#9812 = CARTESIAN_POINT('',(-14.47798397073,-17.57683517852,
    21.770070057711));
#9813 = CARTESIAN_POINT('',(-14.47798397073,-17.57683517852,
    2.6770750949E-07));
#9814 = CARTESIAN_POINT('',(-14.18719325465,-17.39599469637,
    21.770070057711));
#9815 = CARTESIAN_POINT('',(-14.18719325465,-17.39599469637,
    2.6770749173E-07));
#9816 = CARTESIAN_POINT('',(-14.05928998173,-17.14685787816,
    21.770070057711));
#9817 = CARTESIAN_POINT('',(-14.05928998173,-17.14685787816,
    2.6770747841E-07));
#9818 = CARTESIAN_POINT('',(-13.88985246564,-16.81681844542,
    21.770070057711));
#9819 = CARTESIAN_POINT('',(-13.88985246564,-16.81681844542,
    2.6770746064E-07));
#9820 = CARTESIAN_POINT('',(-13.90015359083,-16.41949833602,
    21.770070057711));
#9821 = CARTESIAN_POINT('',(-13.90015359083,-16.41949833602,
    2.6770744288E-07));
#9822 = CARTESIAN_POINT('',(-14.11761976892,-16.10865550499,
    21.770070057711));
#9823 = CARTESIAN_POINT('',(-14.11761976892,-16.10865550499,
    2.6770742956E-07));
#9824 = CARTESIAN_POINT('',(-14.2598846253,-15.90530429378,
    21.77007005771));
#9825 = CARTESIAN_POINT('',(-14.2598846253,-15.90530429378,
    2.6770742512E-07));
#9826 = CARTESIAN_POINT('',(-14.52310442488,-15.77566965478,
    21.77007005771));
#9827 = CARTESIAN_POINT('',(-14.52310442488,-15.77566965478,
    2.6770742068E-07));
#9828 = CARTESIAN_POINT('',(-14.816295451,-15.77566958447,21.77007005771
    ));
#9829 = CARTESIAN_POINT('',(-14.816295451,-15.77566958447,
    2.6770742068E-07));
#9830 = ADVANCED_FACE('',(#9831),#9849,.F.);
#9831 = FACE_BOUND('',#9832,.T.);
#9832 = EDGE_LOOP('',(#9833,#9834,#9835,#9843));
#9833 = ORIENTED_EDGE('',*,*,#9040,.F.);
#9834 = ORIENTED_EDGE('',*,*,#9787,.F.);
#9835 = ORIENTED_EDGE('',*,*,#9836,.T.);
#9836 = EDGE_CURVE('',#9788,#9837,#9839,.T.);
#9837 = VERTEX_POINT('',#9838);
#9838 = CARTESIAN_POINT('',(-20.25851479925,-17.57683379225,
    21.770070057711));
#9839 = LINE('',#9840,#9841);
#9840 = CARTESIAN_POINT('',(-14.8162955709,-17.57683509739,
    21.770070057711));
#9841 = VECTOR('',#9842,1.);
#9842 = DIRECTION('',(-1.,2.3981714619E-07,1.477E-14));
#9843 = ORIENTED_EDGE('',*,*,#9844,.T.);
#9844 = EDGE_CURVE('',#9837,#9041,#9845,.T.);
#9845 = LINE('',#9846,#9847);
#9846 = CARTESIAN_POINT('',(-20.25851479925,-17.57683379225,
    21.770070057711));
#9847 = VECTOR('',#9848,1.);
#9848 = DIRECTION('',(-1.475E-14,-4.636E-14,-1.));
#9849 = PLANE('',#9850);
#9850 = AXIS2_PLACEMENT_3D('',#9851,#9852,#9853);
#9851 = CARTESIAN_POINT('',(-20.25851479925,-17.57683379225,
    21.770070057711));
#9852 = DIRECTION('',(2.3981714619E-07,1.,-4.636E-14));
#9853 = DIRECTION('',(1.,-2.3981714619E-07,-1.477E-14));
#9854 = ADVANCED_FACE('',(#9855),#9880,.F.);
#9855 = FACE_BOUND('',#9856,.F.);
#9856 = EDGE_LOOP('',(#9857,#9865,#9878,#9879));
#9857 = ORIENTED_EDGE('',*,*,#9858,.F.);
#9858 = EDGE_CURVE('',#9859,#9049,#9861,.T.);
#9859 = VERTEX_POINT('',#9860);
#9860 = CARTESIAN_POINT('',(-20.25851467934,-18.37799930517,
    21.770070057711));
#9861 = LINE('',#9862,#9863);
#9862 = CARTESIAN_POINT('',(-20.25851467934,-18.37799930517,
    21.770070057711));
#9863 = VECTOR('',#9864,1.);
#9864 = DIRECTION('',(-1.475E-14,-4.636E-14,-1.));
#9865 = ORIENTED_EDGE('',*,*,#9866,.T.);
#9866 = EDGE_CURVE('',#9859,#9837,#9867,.T.);
#9867 = B_SPLINE_CURVE_WITH_KNOTS('',3,(#9868,#9869,#9870,#9871,#9872,
    #9873,#9874,#9875,#9876,#9877),.UNSPECIFIED.,.F.,.F.,(4,3,3,4),(0.,
    0.343202553986,0.762134156215,1.),.UNSPECIFIED.);
#9868 = CARTESIAN_POINT('',(-20.25851467934,-18.37799930517,
    21.770070057711));
#9869 = CARTESIAN_POINT('',(-20.48294833636,-18.37799925135,
    21.770070057711));
#9870 = CARTESIAN_POINT('',(-20.53289431244,-18.31687211383,
    21.770070057711));
#9871 = CARTESIAN_POINT('',(-20.58533966504,-18.18767783643,
    21.770070057711));
#9872 = CARTESIAN_POINT('',(-20.64935729934,-18.02997631294,
    21.770070057711));
#9873 = CARTESIAN_POINT('',(-20.61616755433,-17.77006423223,
    21.770070057711));
#9874 = CARTESIAN_POINT('',(-20.52680288593,-17.67026482455,
    21.770070057711));
#9875 = CARTESIAN_POINT('',(-20.47606237807,-17.61359955941,
    21.770070057711));
#9876 = CARTESIAN_POINT('',(-20.41406467693,-17.57683375495,
    21.770070057711));
#9877 = CARTESIAN_POINT('',(-20.25851479925,-17.57683379225,
    21.770070057711));
#9878 = ORIENTED_EDGE('',*,*,#9844,.T.);
#9879 = ORIENTED_EDGE('',*,*,#9048,.T.);
#9880 = B_SPLINE_SURFACE_WITH_KNOTS('',3,1,(
    (#9881,#9882)
    ,(#9883,#9884)
    ,(#9885,#9886)
    ,(#9887,#9888)
    ,(#9889,#9890)
    ,(#9891,#9892)
    ,(#9893,#9894)
    ,(#9895,#9896)
    ,(#9897,#9898)
    ,(#9899,#9900
    )),.UNSPECIFIED.,.F.,.F.,.F.,(4,3,3,4),(2,2),(0.,0.343202553986,
    0.762134156215,1.),(0.,2.177006979),.UNSPECIFIED.);
#9881 = CARTESIAN_POINT('',(-20.25851467934,-18.37799930517,
    21.770070057711));
#9882 = CARTESIAN_POINT('',(-20.25851467934,-18.37799930517,
    2.6770762496E-07));
#9883 = CARTESIAN_POINT('',(-20.48294833636,-18.37799925135,
    21.770070057711));
#9884 = CARTESIAN_POINT('',(-20.48294833636,-18.37799925135,
    2.6770762496E-07));
#9885 = CARTESIAN_POINT('',(-20.53289431244,-18.31687211383,
    21.770070057711));
#9886 = CARTESIAN_POINT('',(-20.53289431244,-18.31687211383,
    2.6770762496E-07));
#9887 = CARTESIAN_POINT('',(-20.58533966504,-18.18767783643,
    21.770070057711));
#9888 = CARTESIAN_POINT('',(-20.58533966504,-18.18767783643,
    2.6770762052E-07));
#9889 = CARTESIAN_POINT('',(-20.64935729934,-18.02997631294,
    21.770070057711));
#9890 = CARTESIAN_POINT('',(-20.64935729934,-18.02997631294,
    2.6770761608E-07));
#9891 = CARTESIAN_POINT('',(-20.61616755433,-17.77006423223,
    21.770070057711));
#9892 = CARTESIAN_POINT('',(-20.61616755433,-17.77006423223,
    2.6770760275E-07));
#9893 = CARTESIAN_POINT('',(-20.52680288593,-17.67026482455,
    21.770070057711));
#9894 = CARTESIAN_POINT('',(-20.52680288593,-17.67026482456,
    2.6770759831E-07));
#9895 = CARTESIAN_POINT('',(-20.47606237807,-17.61359955941,
    21.770070057711));
#9896 = CARTESIAN_POINT('',(-20.47606237807,-17.61359955942,
    2.6770758943E-07));
#9897 = CARTESIAN_POINT('',(-20.41406467693,-17.57683375495,
    21.770070057711));
#9898 = CARTESIAN_POINT('',(-20.41406467693,-17.57683375495,
    2.6770758943E-07));
#9899 = CARTESIAN_POINT('',(-20.25851479925,-17.57683379225,
    21.770070057711));
#9900 = CARTESIAN_POINT('',(-20.25851479925,-17.57683379225,
    2.6770758943E-07));
#9901 = ADVANCED_FACE('',(#9902),#9920,.F.);
#9902 = FACE_BOUND('',#9903,.T.);
#9903 = EDGE_LOOP('',(#9904,#9905,#9906,#9914));
#9904 = ORIENTED_EDGE('',*,*,#9073,.F.);
#9905 = ORIENTED_EDGE('',*,*,#9858,.F.);
#9906 = ORIENTED_EDGE('',*,*,#9907,.F.);
#9907 = EDGE_CURVE('',#9908,#9859,#9910,.T.);
#9908 = VERTEX_POINT('',#9909);
#9909 = CARTESIAN_POINT('',(-14.816295451,-18.37800061031,
    21.770070057711));
#9910 = LINE('',#9911,#9912);
#9911 = CARTESIAN_POINT('',(-14.816295451,-18.37800061031,
    21.770070057711));
#9912 = VECTOR('',#9913,1.);
#9913 = DIRECTION('',(-1.,2.3981714619E-07,1.477E-14));
#9914 = ORIENTED_EDGE('',*,*,#9915,.T.);
#9915 = EDGE_CURVE('',#9908,#9074,#9916,.T.);
#9916 = LINE('',#9917,#9918);
#9917 = CARTESIAN_POINT('',(-14.816295451,-18.37800061031,
    21.770070057711));
#9918 = VECTOR('',#9919,1.);
#9919 = DIRECTION('',(-1.475E-14,-4.636E-14,-1.));
#9920 = PLANE('',#9921);
#9921 = AXIS2_PLACEMENT_3D('',#9922,#9923,#9924);
#9922 = CARTESIAN_POINT('',(-14.816295451,-18.37800061031,
    21.770070057711));
#9923 = DIRECTION('',(-2.3981714619E-07,-1.,4.636E-14));
#9924 = DIRECTION('',(-1.,2.3981714619E-07,1.477E-14));
#9925 = ADVANCED_FACE('',(#9926),#9951,.F.);
#9926 = FACE_BOUND('',#9927,.F.);
#9927 = EDGE_LOOP('',(#9928,#9936,#9949,#9950));
#9928 = ORIENTED_EDGE('',*,*,#9929,.F.);
#9929 = EDGE_CURVE('',#9930,#9082,#9932,.T.);
#9930 = VERTEX_POINT('',#9931);
#9931 = CARTESIAN_POINT('',(-14.8162955709,-20.17916612323,
    21.770070057711));
#9932 = LINE('',#9933,#9934);
#9933 = CARTESIAN_POINT('',(-14.8162955709,-20.17916612323,
    21.770070057711));
#9934 = VECTOR('',#9935,1.);
#9935 = DIRECTION('',(-1.475E-14,-4.636E-14,-1.));
#9936 = ORIENTED_EDGE('',*,*,#9937,.T.);
#9937 = EDGE_CURVE('',#9930,#9908,#9938,.T.);
#9938 = B_SPLINE_CURVE_WITH_KNOTS('',3,(#9939,#9940,#9941,#9942,#9943,
    #9944,#9945,#9946,#9947,#9948),.UNSPECIFIED.,.F.,.F.,(4,3,3,4),(0.,
    0.313345849492,0.728445019357,1.),.UNSPECIFIED.);
#9939 = CARTESIAN_POINT('',(-14.8162955709,-20.17916612323,
    21.770070057711));
#9940 = CARTESIAN_POINT('',(-14.47798397073,-20.17916620436,
    21.770070057711));
#9941 = CARTESIAN_POINT('',(-14.18719325465,-19.99832572221,
    21.770070057711));
#9942 = CARTESIAN_POINT('',(-14.05928998172,-19.74918890401,
    21.770070057711));
#9943 = CARTESIAN_POINT('',(-13.88985246564,-19.41914947126,
    21.770070057711));
#9944 = CARTESIAN_POINT('',(-13.90015359083,-19.02182936186,
    21.770070057711));
#9945 = CARTESIAN_POINT('',(-14.11761976892,-18.71098653083,
    21.770070057711));
#9946 = CARTESIAN_POINT('',(-14.2598846253,-18.50763531962,
    21.770070057711));
#9947 = CARTESIAN_POINT('',(-14.52310442488,-18.37800068062,
    21.770070057711));
#9948 = CARTESIAN_POINT('',(-14.816295451,-18.37800061031,
    21.770070057711));
#9949 = ORIENTED_EDGE('',*,*,#9915,.T.);
#9950 = ORIENTED_EDGE('',*,*,#9081,.T.);
#9951 = B_SPLINE_SURFACE_WITH_KNOTS('',3,1,(
    (#9952,#9953)
    ,(#9954,#9955)
    ,(#9956,#9957)
    ,(#9958,#9959)
    ,(#9960,#9961)
    ,(#9962,#9963)
    ,(#9964,#9965)
    ,(#9966,#9967)
    ,(#9968,#9969)
    ,(#9970,#9971
    )),.UNSPECIFIED.,.F.,.F.,.F.,(4,3,3,4),(2,2),(0.,0.313345849492,
    0.728445019357,1.),(0.,2.177006979),.UNSPECIFIED.);
#9952 = CARTESIAN_POINT('',(-14.8162955709,-20.17916612323,
    21.770070057711));
#9953 = CARTESIAN_POINT('',(-14.8162955709,-20.17916612323,
    2.6770762496E-07));
#9954 = CARTESIAN_POINT('',(-14.47798397073,-20.17916620436,
    21.770070057711));
#9955 = CARTESIAN_POINT('',(-14.47798397073,-20.17916620437,
    2.6770762496E-07));
#9956 = CARTESIAN_POINT('',(-14.18719325465,-19.99832572221,
    21.770070057711));
#9957 = CARTESIAN_POINT('',(-14.18719325465,-19.99832572221,
    2.6770761163E-07));
#9958 = CARTESIAN_POINT('',(-14.05928998172,-19.74918890401,
    21.770070057711));
#9959 = CARTESIAN_POINT('',(-14.05928998172,-19.74918890401,
    2.6770759387E-07));
#9960 = CARTESIAN_POINT('',(-13.88985246564,-19.41914947126,
    21.770070057711));
#9961 = CARTESIAN_POINT('',(-13.88985246564,-19.41914947126,
    2.6770757611E-07));
#9962 = CARTESIAN_POINT('',(-13.90015359083,-19.02182936186,
    21.770070057711));
#9963 = CARTESIAN_POINT('',(-13.90015359083,-19.02182936186,
    2.6770755834E-07));
#9964 = CARTESIAN_POINT('',(-14.11761976892,-18.71098653083,
    21.770070057711));
#9965 = CARTESIAN_POINT('',(-14.11761976892,-18.71098653083,
    2.6770754946E-07));
#9966 = CARTESIAN_POINT('',(-14.2598846253,-18.50763531962,
    21.770070057711));
#9967 = CARTESIAN_POINT('',(-14.2598846253,-18.50763531962,
    2.6770754502E-07));
#9968 = CARTESIAN_POINT('',(-14.52310442488,-18.37800068062,
    21.770070057711));
#9969 = CARTESIAN_POINT('',(-14.52310442488,-18.37800068062,
    2.6770752282E-07));
#9970 = CARTESIAN_POINT('',(-14.816295451,-18.37800061031,
    21.770070057711));
#9971 = CARTESIAN_POINT('',(-14.816295451,-18.37800061031,
    2.6770754502E-07));
#9972 = ADVANCED_FACE('',(#9973),#9991,.F.);
#9973 = FACE_BOUND('',#9974,.T.);
#9974 = EDGE_LOOP('',(#9975,#9976,#9977,#9985));
#9975 = ORIENTED_EDGE('',*,*,#9096,.F.);
#9976 = ORIENTED_EDGE('',*,*,#9929,.F.);
#9977 = ORIENTED_EDGE('',*,*,#9978,.T.);
#9978 = EDGE_CURVE('',#9930,#9979,#9981,.T.);
#9979 = VERTEX_POINT('',#9980);
#9980 = CARTESIAN_POINT('',(-20.25851479925,-20.17916481809,
    21.770070057711));
#9981 = LINE('',#9982,#9983);
#9982 = CARTESIAN_POINT('',(-14.8162955709,-20.17916612323,
    21.770070057711));
#9983 = VECTOR('',#9984,1.);
#9984 = DIRECTION('',(-1.,2.3981714619E-07,1.477E-14));
#9985 = ORIENTED_EDGE('',*,*,#9986,.T.);
#9986 = EDGE_CURVE('',#9979,#9097,#9987,.T.);
#9987 = LINE('',#9988,#9989);
#9988 = CARTESIAN_POINT('',(-20.25851479925,-20.17916481809,
    21.770070057711));
#9989 = VECTOR('',#9990,1.);
#9990 = DIRECTION('',(-1.475E-14,-4.636E-14,-1.));
#9991 = PLANE('',#9992);
#9992 = AXIS2_PLACEMENT_3D('',#9993,#9994,#9995);
#9993 = CARTESIAN_POINT('',(-20.25851479925,-20.17916481809,
    21.770070057711));
#9994 = DIRECTION('',(2.3981714619E-07,1.,-4.636E-14));
#9995 = DIRECTION('',(1.,-2.3981714619E-07,-1.477E-14));
#9996 = ADVANCED_FACE('',(#9997),#10015,.F.);
#9997 = FACE_BOUND('',#9998,.F.);
#9998 = EDGE_LOOP('',(#9999,#10000,#10013,#10014));
#9999 = ORIENTED_EDGE('',*,*,#9418,.F.);
#10000 = ORIENTED_EDGE('',*,*,#10001,.T.);
#10001 = EDGE_CURVE('',#9419,#9979,#10002,.T.);
#10002 = B_SPLINE_CURVE_WITH_KNOTS('',3,(#10003,#10004,#10005,#10006,
    #10007,#10008,#10009,#10010,#10011,#10012),.UNSPECIFIED.,.F.,.F.,(4,
    3,3,4),(0.,0.343202553988,0.762134156217,1.),.UNSPECIFIED.);
#10003 = CARTESIAN_POINT('',(-20.25851467934,-20.98033033102,
    21.770070057711));
#10004 = CARTESIAN_POINT('',(-20.48294833637,-20.98033027719,
    21.770070057711));
#10005 = CARTESIAN_POINT('',(-20.53289431244,-20.91920313967,
    21.770070057711));
#10006 = CARTESIAN_POINT('',(-20.58533966504,-20.79000886227,
    21.770070057711));
#10007 = CARTESIAN_POINT('',(-20.64935729935,-20.63230733878,
    21.770070057711));
#10008 = CARTESIAN_POINT('',(-20.61616755433,-20.37239525807,
    21.770070057711));
#10009 = CARTESIAN_POINT('',(-20.52680288593,-20.2725958504,
    21.770070057711));
#10010 = CARTESIAN_POINT('',(-20.47606237808,-20.21593058526,
    21.770070057711));
#10011 = CARTESIAN_POINT('',(-20.41406467693,-20.17916478079,
    21.770070057711));
#10012 = CARTESIAN_POINT('',(-20.25851479925,-20.17916481809,
    21.770070057711));
#10013 = ORIENTED_EDGE('',*,*,#9986,.T.);
#10014 = ORIENTED_EDGE('',*,*,#9104,.T.);
#10015 = B_SPLINE_SURFACE_WITH_KNOTS('',3,1,(
    (#10016,#10017)
    ,(#10018,#10019)
    ,(#10020,#10021)
    ,(#10022,#10023)
    ,(#10024,#10025)
    ,(#10026,#10027)
    ,(#10028,#10029)
    ,(#10030,#10031)
    ,(#10032,#10033)
    ,(#10034,#10035
    )),.UNSPECIFIED.,.F.,.F.,.F.,(4,3,3,4),(2,2),(0.,0.343202553988,
    0.762134156217,1.),(0.,2.177006979),.UNSPECIFIED.);
#10016 = CARTESIAN_POINT('',(-20.25851467934,-20.98033033102,
    21.770070057711));
#10017 = CARTESIAN_POINT('',(-20.25851467934,-20.98033033102,
    2.6770774042E-07));
#10018 = CARTESIAN_POINT('',(-20.48294833637,-20.98033027719,
    21.770070057711));
#10019 = CARTESIAN_POINT('',(-20.48294833637,-20.98033027719,
    2.6770775374E-07));
#10020 = CARTESIAN_POINT('',(-20.53289431244,-20.91920313967,
    21.770070057711));
#10021 = CARTESIAN_POINT('',(-20.53289431244,-20.91920313967,
    2.6770774486E-07));
#10022 = CARTESIAN_POINT('',(-20.58533966504,-20.79000886227,
    21.770070057711));
#10023 = CARTESIAN_POINT('',(-20.58533966504,-20.79000886227,
    2.6770774042E-07));
#10024 = CARTESIAN_POINT('',(-20.64935729935,-20.63230733878,
    21.770070057711));
#10025 = CARTESIAN_POINT('',(-20.64935729935,-20.63230733878,
    2.6770773598E-07));
#10026 = CARTESIAN_POINT('',(-20.61616755433,-20.37239525807,
    21.770070057711));
#10027 = CARTESIAN_POINT('',(-20.61616755433,-20.37239525807,
    2.6770772266E-07));
#10028 = CARTESIAN_POINT('',(-20.52680288593,-20.2725958504,
    21.770070057711));
#10029 = CARTESIAN_POINT('',(-20.52680288593,-20.2725958504,
    2.6770771822E-07));
#10030 = CARTESIAN_POINT('',(-20.47606237808,-20.21593058526,
    21.770070057711));
#10031 = CARTESIAN_POINT('',(-20.47606237808,-20.21593058526,
    2.6770771377E-07));
#10032 = CARTESIAN_POINT('',(-20.41406467693,-20.17916478079,
    21.770070057711));
#10033 = CARTESIAN_POINT('',(-20.41406467693,-20.17916478079,
    2.6770771377E-07));
#10034 = CARTESIAN_POINT('',(-20.25851479925,-20.17916481809,
    21.770070057711));
#10035 = CARTESIAN_POINT('',(-20.25851479925,-20.1791648181,
    2.6770771377E-07));
#10036 = ADVANCED_FACE('',(#10037),#10055,.T.);
#10037 = FACE_BOUND('',#10038,.T.);
#10038 = EDGE_LOOP('',(#10039,#10040,#10041,#10049));
#10039 = ORIENTED_EDGE('',*,*,#8999,.F.);
#10040 = ORIENTED_EDGE('',*,*,#9726,.F.);
#10041 = ORIENTED_EDGE('',*,*,#10042,.T.);
#10042 = EDGE_CURVE('',#9712,#10043,#10045,.T.);
#10043 = VERTEX_POINT('',#10044);
#10044 = CARTESIAN_POINT('',(-20.25851479925,-16.27566827933,
    21.770070057711));
#10045 = LINE('',#10046,#10047);
#10046 = CARTESIAN_POINT('',(-14.8162955709,-16.27566958447,
    21.770070057711));
#10047 = VECTOR('',#10048,1.);
#10048 = DIRECTION('',(-1.,2.3981714619E-07,1.477E-14));
#10049 = ORIENTED_EDGE('',*,*,#10050,.T.);
#10050 = EDGE_CURVE('',#10043,#9002,#10051,.T.);
#10051 = LINE('',#10052,#10053);
#10052 = CARTESIAN_POINT('',(-20.25851479925,-16.27566827933,
    21.770070057711));
#10053 = VECTOR('',#10054,1.);
#10054 = DIRECTION('',(-1.475E-14,-4.636E-14,-1.));
#10055 = PLANE('',#10056);
#10056 = AXIS2_PLACEMENT_3D('',#10057,#10058,#10059);
#10057 = CARTESIAN_POINT('',(-14.8162955709,-16.27566958447,
    21.770070057711));
#10058 = DIRECTION('',(-2.3981714619E-07,-1.,4.636E-14));
#10059 = DIRECTION('',(-1.,2.3981714619E-07,1.477E-14));
#10060 = ADVANCED_FACE('',(#10061),#10088,.T.);
#10061 = FACE_BOUND('',#10062,.T.);
#10062 = EDGE_LOOP('',(#10063,#10064,#10065,#10066,#10067,#10068,#10069,
    #10070,#10071,#10072,#10073,#10074,#10075,#10076,#10077,#10078,
    #10079,#10080,#10081,#10082));
#10063 = ORIENTED_EDGE('',*,*,#10042,.F.);
#10064 = ORIENTED_EDGE('',*,*,#9711,.F.);
#10065 = ORIENTED_EDGE('',*,*,#9687,.T.);
#10066 = ORIENTED_EDGE('',*,*,#9640,.F.);
#10067 = ORIENTED_EDGE('',*,*,#9616,.F.);
#10068 = ORIENTED_EDGE('',*,*,#9569,.F.);
#10069 = ORIENTED_EDGE('',*,*,#9545,.T.);
#10070 = ORIENTED_EDGE('',*,*,#9498,.F.);
#10071 = ORIENTED_EDGE('',*,*,#9474,.F.);
#10072 = ORIENTED_EDGE('',*,*,#9450,.T.);
#10073 = ORIENTED_EDGE('',*,*,#9426,.T.);
#10074 = ORIENTED_EDGE('',*,*,#10001,.T.);
#10075 = ORIENTED_EDGE('',*,*,#9978,.F.);
#10076 = ORIENTED_EDGE('',*,*,#9937,.T.);
#10077 = ORIENTED_EDGE('',*,*,#9907,.T.);
#10078 = ORIENTED_EDGE('',*,*,#9866,.T.);
#10079 = ORIENTED_EDGE('',*,*,#9836,.F.);
#10080 = ORIENTED_EDGE('',*,*,#9795,.T.);
#10081 = ORIENTED_EDGE('',*,*,#9765,.T.);
#10082 = ORIENTED_EDGE('',*,*,#10083,.F.);
#10083 = EDGE_CURVE('',#10043,#9758,#10084,.T.);
#10084 = LINE('',#10085,#10086);
#10085 = CARTESIAN_POINT('',(-20.25851473929,-16.02566827933,
    21.770070057711));
#10086 = VECTOR('',#10087,1.);
#10087 = DIRECTION('',(2.3981714619E-07,1.,-4.636E-14));
#10088 = PLANE('',#10089);
#10089 = AXIS2_PLACEMENT_3D('',#10090,#10091,#10092);
#10090 = CARTESIAN_POINT('',(-17.53740512512,-16.0256689319,
    21.770070057711));
#10091 = DIRECTION('',(1.477E-14,4.636E-14,1.));
#10092 = DIRECTION('',(-4.415E-14,1.,-4.636E-14));
#10093 = ADVANCED_FACE('',(#10094),#10100,.T.);
#10094 = FACE_BOUND('',#10095,.T.);
#10095 = EDGE_LOOP('',(#10096,#10097,#10098,#10099));
#10096 = ORIENTED_EDGE('',*,*,#9009,.F.);
#10097 = ORIENTED_EDGE('',*,*,#10050,.F.);
#10098 = ORIENTED_EDGE('',*,*,#10083,.T.);
#10099 = ORIENTED_EDGE('',*,*,#9757,.T.);
#10100 = PLANE('',#10101);
#10101 = AXIS2_PLACEMENT_3D('',#10102,#10103,#10104);
#10102 = CARTESIAN_POINT('',(-20.25851473929,-16.02566827933,
    10.885035162709));
#10103 = DIRECTION('',(-1.,2.3981714619E-07,1.475E-14));
#10104 = DIRECTION('',(-2.3981714619E-07,-1.,2.657E-14));
#10105 = ADVANCED_FACE('',(#10106),#10116,.T.);
#10106 = FACE_BOUND('',#10107,.T.);
#10107 = EDGE_LOOP('',(#10108,#10109,#10110,#10111,#10112,#10113,#10114,
    #10115));
#10108 = ORIENTED_EDGE('',*,*,#8916,.T.);
#10109 = ORIENTED_EDGE('',*,*,#9263,.T.);
#10110 = ORIENTED_EDGE('',*,*,#9286,.T.);
#10111 = ORIENTED_EDGE('',*,*,#9403,.T.);
#10112 = ORIENTED_EDGE('',*,*,#9311,.T.);
#10113 = ORIENTED_EDGE('',*,*,#9344,.T.);
#10114 = ORIENTED_EDGE('',*,*,#9367,.T.);
#10115 = ORIENTED_EDGE('',*,*,#9384,.T.);
#10116 = PLANE('',#10117);
#10117 = AXIS2_PLACEMENT_3D('',#10118,#10119,#10120);
#10118 = CARTESIAN_POINT('',(-17.53740512512,-16.0256689319,
    2.6770747397E-07));
#10119 = DIRECTION('',(-1.477E-14,-4.636E-14,-1.));
#10120 = DIRECTION('',(4.415E-14,-1.,4.636E-14));
#10121 = ( GEOMETRIC_REPRESENTATION_CONTEXT(3) 
GLOBAL_UNCERTAINTY_ASSIGNED_CONTEXT((#10125)) 
GLOBAL_UNIT_ASSIGNED_CONTEXT((#10122,#10123,#10124)) 
REPRESENTATION_CONTEXT('Context #1',
  '3D Context with UNIT and UNCERTAINTY') );
#10122 = ( LENGTH_UNIT() NAMED_UNIT(*) SI_UNIT(.MILLI.,.METRE.) );
#10123 = ( NAMED_UNIT(*) PLANE_ANGLE_UNIT() SI_UNIT($,.RADIAN.) );
#10124 = ( NAMED_UNIT(*) SI_UNIT($,.STERADIAN.) SOLID_ANGLE_UNIT() );
#10125 = UNCERTAINTY_MEASURE_WITH_UNIT(LENGTH_MEASURE(1.E-03),#10122,
  'distance_accuracy_value','confusion accuracy');
#10126 = CONTEXT_DEPENDENT_SHAPE_REPRESENTATION(#10127,#10129);
#10127 = ( REPRESENTATION_RELATIONSHIP('','',#8890,#10) 
REPRESENTATION_RELATIONSHIP_WITH_TRANSFORMATION(#10128) 
SHAPE_REPRESENTATION_RELATIONSHIP() );
#10128 = ITEM_DEFINED_TRANSFORMATION('','',#11,#23);
#10129 = PRODUCT_DEFINITION_SHAPE('Placement','Placement of an item',
  #10130);
#10130 = NEXT_ASSEMBLY_USAGE_OCCURRENCE('3','rapido_mount002','',#5,
  #8885,$);
#10131 = PRODUCT_RELATED_PRODUCT_CATEGORY('part',$,(#8887));
#10132 = MECHANICAL_DESIGN_GEOMETRIC_PRESENTATION_REPRESENTATION('',(
    #10133),#10121);
#10133 = STYLED_ITEM('color',(#10134),#8891);
#10134 = PRESENTATION_STYLE_ASSIGNMENT((#10135,#10141));
#10135 = SURFACE_STYLE_USAGE(.BOTH.,#10136);
#10136 = SURFACE_SIDE_STYLE('',(#10137));
#10137 = SURFACE_STYLE_FILL_AREA(#10138);
#10138 = FILL_AREA_STYLE('',(#10139));
#10139 = FILL_AREA_STYLE_COLOUR('',#10140);
#10140 = COLOUR_RGB('',1.,8.235294228292E-02,0.);
#10141 = CURVE_STYLE('',#10142,POSITIVE_LENGTH_MEASURE(0.1),#10143);
#10142 = DRAUGHTING_PRE_DEFINED_CURVE_FONT('continuous');
#10143 = COLOUR_RGB('',9.803921802644E-02,9.803921802644E-02,
  9.803921802644E-02);
#10144 = MECHANICAL_DESIGN_GEOMETRIC_PRESENTATION_REPRESENTATION('',(
    #10145),#7623);
#10145 = STYLED_ITEM('color',(#10146),#41);
#10146 = PRESENTATION_STYLE_ASSIGNMENT((#10147,#10153));
#10147 = SURFACE_STYLE_USAGE(.BOTH.,#10148);
#10148 = SURFACE_SIDE_STYLE('',(#10149));
#10149 = SURFACE_STYLE_FILL_AREA(#10150);
#10150 = FILL_AREA_STYLE('',(#10151));
#10151 = FILL_AREA_STYLE_COLOUR('',#10152);
#10152 = COLOUR_RGB('',0.192156865571,0.207843135047,0.223529416636);
#10153 = CURVE_STYLE('',#10154,POSITIVE_LENGTH_MEASURE(0.1),#10143);
#10154 = DRAUGHTING_PRE_DEFINED_CURVE_FONT('continuous');
#10155 = MECHANICAL_DESIGN_GEOMETRIC_PRESENTATION_REPRESENTATION('',(
    #10156),#8872);
#10156 = STYLED_ITEM('color',(#10157),#7642);
#10157 = PRESENTATION_STYLE_ASSIGNMENT((#10158,#10163));
#10158 = SURFACE_STYLE_USAGE(.BOTH.,#10159);
#10159 = SURFACE_SIDE_STYLE('',(#10160));
#10160 = SURFACE_STYLE_FILL_AREA(#10161);
#10161 = FILL_AREA_STYLE('',(#10162));
#10162 = FILL_AREA_STYLE_COLOUR('',#10140);
#10163 = CURVE_STYLE('',#10164,POSITIVE_LENGTH_MEASURE(0.1),#10143);
#10164 = DRAUGHTING_PRE_DEFINED_CURVE_FONT('continuous');
ENDSEC;
END-ISO-10303-21;
