ISO-10303-21;
HEADER;
FILE_DESCRIPTION(('FreeCAD Model'),'2;1');
FILE_NAME('Open CASCADE Shape Model','2025-12-06T15:13:56',(''),(''),
  'Open CASCADE STEP processor 7.8','FreeCAD','Unknown');
FILE_SCHEMA(('AUTOMOTIVE_DESIGN { 1 0 10303 214 1 1 1 1 }'));
ENDSEC;
DATA;
#1 = APPLICATION_PROTOCOL_DEFINITION('international standard',
  'automotive_design',2000,#2);
#2 = APPLICATION_CONTEXT(
  'core data for automotive mechanical design processes');
#3 = SHAPE_DEFINITION_REPRESENTATION(#4,#10);
#4 = PRODUCT_DEFINITION_SHAPE('','',#5);
#5 = PRODUCT_DEFINITION('design','',#6,#9);
#6 = PRODUCT_DEFINITION_FORMATION('','',#7);
#7 = PRODUCT('Pocket006','Pocket006','',(#8));
#8 = PRODUCT_CONTEXT('',#2,'mechanical');
#9 = PRODUCT_DEFINITION_CONTEXT('part definition',#2,'design');
#10 = ADVANCED_BREP_SHAPE_REPRESENTATION('',(#11,#15),#10090);
#11 = AXIS2_PLACEMENT_3D('',#12,#13,#14);
#12 = CARTESIAN_POINT('',(0.,0.,0.));
#13 = DIRECTION('',(0.,0.,1.));
#14 = DIRECTION('',(1.,0.,-0.));
#15 = MANIFOLD_SOLID_BREP('',#16);
#16 = CLOSED_SHELL('',(#17,#169,#434,#458,#482,#517,#541,#565,#582,#624,
    #648,#672,#689,#731,#755,#779,#796,#853,#877,#893,#1082,#1106,#1170,
    #1204,#1236,#1498,#1522,#1633,#1708,#1766,#1872,#1975,#2000,#2078,
    #3052,#3199,#3210,#3232,#3249,#3302,#3320,#3354,#3410,#3556,#3573,
    #3585,#3634,#3665,#3689,#3746,#3770,#3803,#3858,#3898,#3922,#3961,
    #4034,#4081,#4148,#4228,#4260,#4285,#4316,#4350,#4374,#4398,#4422,
    #4445,#4463,#4481,#4500,#4517,#4534,#4546,#4570,#4587,#4604,#4616,
    #4641,#4686,#4746,#4770,#4787,#4804,#4816,#4841,#4872,#5053,#5077,
    #5109,#5133,#5157,#5174,#5213,#5307,#5438,#5455,#5472,#5491,#5573,
    #5601,#5837,#5913,#5992,#6013,#6086,#6168,#6189,#6265,#6342,#6363,
    #6380,#6426,#6502,#6543,#6576,#6593,#6705,#6762,#6786,#6826,#6850,
    #6867,#6884,#6934,#6965,#6982,#7007,#7074,#7126,#7138,#7151,#7168,
    #7208,#7232,#7258,#7294,#7311,#7338,#7371,#7419,#7452,#7478,#7534,
    #7551,#7568,#7610,#7653,#7692,#7735,#7752,#7779,#7811,#7836,#7860,
    #7885,#7910,#7942,#7974,#8005,#8030,#8041,#8070,#8100,#8136,#8172,
    #8208,#8226,#8248,#8260,#8283,#8306,#8329,#8354,#8379,#8404,#8429,
    #8470,#8495,#8554,#8586,#8618,#8643,#8668,#8693,#8725,#8756,#8768,
    #8793,#8810,#8827,#8840,#8873,#8890,#8931,#8964,#8981,#9006,#9025,
    #9077,#9109,#9141,#9166,#9192,#9224,#9241,#9273,#9298,#9368,#9438,
    #9463,#9482,#9496,#9505,#9514,#9523,#9532,#9556,#9582,#9614,#9638,
    #9655,#9680,#9707,#9737,#9751,#9769,#9782,#9806,#9823,#9848,#9868,
    #9886,#9913,#9936,#9960,#9976,#10003,#10026,#10050,#10066,#10078));
#17 = ADVANCED_FACE('',(#18,#76,#120),#164,.T.);
#18 = FACE_BOUND('',#19,.T.);
#19 = EDGE_LOOP('',(#20,#30,#38,#46,#54,#62,#70));
#20 = ORIENTED_EDGE('',*,*,#21,.T.);
#21 = EDGE_CURVE('',#22,#24,#26,.T.);
#22 = VERTEX_POINT('',#23);
#23 = CARTESIAN_POINT('',(-4.25,-4.283635396351,-4.835829794896));
#24 = VERTEX_POINT('',#25);
#25 = CARTESIAN_POINT('',(-4.25,-4.283635396351,-17.83582979489));
#26 = LINE('',#27,#28);
#27 = CARTESIAN_POINT('',(-4.25,-4.283635396351,-7.081366429683));
#28 = VECTOR('',#29,1.);
#29 = DIRECTION('',(0.,0.,-1.));
#30 = ORIENTED_EDGE('',*,*,#31,.T.);
#31 = EDGE_CURVE('',#24,#32,#34,.T.);
#32 = VERTEX_POINT('',#33);
#33 = CARTESIAN_POINT('',(-4.25,0.716364858528,-17.83582979489));
#34 = LINE('',#35,#36);
#35 = CARTESIAN_POINT('',(-4.25,-5.283635141472,-17.83582979489));
#36 = VECTOR('',#37,1.);
#37 = DIRECTION('',(0.,1.,0.));
#38 = ORIENTED_EDGE('',*,*,#39,.T.);
#39 = EDGE_CURVE('',#32,#40,#42,.T.);
#40 = VERTEX_POINT('',#41);
#41 = CARTESIAN_POINT('',(-4.25,0.716364858528,-15.33582979489));
#42 = LINE('',#43,#44);
#43 = CARTESIAN_POINT('',(-4.25,0.716364858528,-17.83582979489));
#44 = VECTOR('',#45,1.);
#45 = DIRECTION('',(0.,0.,1.));
#46 = ORIENTED_EDGE('',*,*,#47,.T.);
#47 = EDGE_CURVE('',#40,#48,#50,.T.);
#48 = VERTEX_POINT('',#49);
#49 = CARTESIAN_POINT('',(-4.25,1.173471639715,-15.33582979489));
#50 = LINE('',#51,#52);
#51 = CARTESIAN_POINT('',(-4.25,0.716364858528,-15.33582979489));
#52 = VECTOR('',#53,1.);
#53 = DIRECTION('',(0.,1.,0.));
#54 = ORIENTED_EDGE('',*,*,#55,.T.);
#55 = EDGE_CURVE('',#48,#56,#58,.T.);
#56 = VERTEX_POINT('',#57);
#57 = CARTESIAN_POINT('',(-4.25,2.216364858528,-14.29293657608));
#58 = LINE('',#59,#60);
#59 = CARTESIAN_POINT('',(-4.25,1.173471639715,-15.33582979489));
#60 = VECTOR('',#61,1.);
#61 = DIRECTION('',(0.,0.707106781187,0.707106781187));
#62 = ORIENTED_EDGE('',*,*,#63,.T.);
#63 = EDGE_CURVE('',#56,#64,#66,.T.);
#64 = VERTEX_POINT('',#65);
#65 = CARTESIAN_POINT('',(-4.25,2.216364858528,-4.835829794896));
#66 = LINE('',#67,#68);
#67 = CARTESIAN_POINT('',(-4.25,2.216364858528,-14.29293657608));
#68 = VECTOR('',#69,1.);
#69 = DIRECTION('',(0.,0.,1.));
#70 = ORIENTED_EDGE('',*,*,#71,.T.);
#71 = EDGE_CURVE('',#64,#22,#72,.T.);
#72 = LINE('',#73,#74);
#73 = CARTESIAN_POINT('',(-4.25,2.216364858528,-4.835829794896));
#74 = VECTOR('',#75,1.);
#75 = DIRECTION('',(0.,-1.,0.));
#76 = FACE_BOUND('',#77,.T.);
#77 = EDGE_LOOP('',(#78,#89,#98,#106,#114));
#78 = ORIENTED_EDGE('',*,*,#79,.T.);
#79 = EDGE_CURVE('',#80,#82,#84,.T.);
#80 = VERTEX_POINT('',#81);
#81 = CARTESIAN_POINT('',(-4.25,-0.581553620535,-14.13374826687));
#82 = VERTEX_POINT('',#83);
#83 = CARTESIAN_POINT('',(-4.25,-1.783635148552,-17.03582979489));
#84 = CIRCLE('',#85,1.7);
#85 = AXIS2_PLACEMENT_3D('',#86,#87,#88);
#86 = CARTESIAN_POINT('',(-4.25,-1.783635148552,-15.33582979489));
#87 = DIRECTION('',(-1.,-0.,-0.));
#88 = DIRECTION('',(0.,0.,-1.));
#89 = ORIENTED_EDGE('',*,*,#90,.T.);
#90 = EDGE_CURVE('',#82,#91,#93,.T.);
#91 = VERTEX_POINT('',#92);
#92 = CARTESIAN_POINT('',(-4.25,-2.985716676569,-14.13374826687));
#93 = CIRCLE('',#94,1.7);
#94 = AXIS2_PLACEMENT_3D('',#95,#96,#97);
#95 = CARTESIAN_POINT('',(-4.25,-1.783635148552,-15.33582979489));
#96 = DIRECTION('',(-1.,-0.,-0.));
#97 = DIRECTION('',(0.,0.,-1.));
#98 = ORIENTED_EDGE('',*,*,#99,.T.);
#99 = EDGE_CURVE('',#91,#100,#102,.T.);
#100 = VERTEX_POINT('',#101);
#101 = CARTESIAN_POINT('',(-4.25,-2.287798204586,-13.43582979489));
#102 = LINE('',#103,#104);
#103 = CARTESIAN_POINT('',(-4.25,-1.922271319345,-13.07030290965));
#104 = VECTOR('',#105,1.);
#105 = DIRECTION('',(0.,0.707106781187,0.707106781187));
#106 = ORIENTED_EDGE('',*,*,#107,.F.);
#107 = EDGE_CURVE('',#108,#100,#110,.T.);
#108 = VERTEX_POINT('',#109);
#109 = CARTESIAN_POINT('',(-4.25,-1.279472092518,-13.43582979489));
#110 = LINE('',#111,#112);
#111 = CARTESIAN_POINT('',(-4.25,-1.4841262713,-13.43582979489));
#112 = VECTOR('',#113,1.);
#113 = DIRECTION('',(0.,-1.,0.));
#114 = ORIENTED_EDGE('',*,*,#115,.F.);
#115 = EDGE_CURVE('',#80,#108,#116,.T.);
#116 = LINE('',#117,#118);
#117 = CARTESIAN_POINT('',(-4.25,-1.597571628524,-13.11773025889));
#118 = VECTOR('',#119,1.);
#119 = DIRECTION('',(0.,-0.707106781187,0.707106781187));
#120 = FACE_BOUND('',#121,.T.);
#121 = EDGE_LOOP('',(#122,#133,#142,#150,#158));
#122 = ORIENTED_EDGE('',*,*,#123,.T.);
#123 = EDGE_CURVE('',#124,#126,#128,.T.);
#124 = VERTEX_POINT('',#125);
#125 = CARTESIAN_POINT('',(-4.25,-0.581553620535,-6.833748266879));
#126 = VERTEX_POINT('',#127);
#127 = CARTESIAN_POINT('',(-4.25,-1.783635148552,-9.735829794896));
#128 = CIRCLE('',#129,1.7);
#129 = AXIS2_PLACEMENT_3D('',#130,#131,#132);
#130 = CARTESIAN_POINT('',(-4.25,-1.783635148552,-8.035829794896));
#131 = DIRECTION('',(-1.,-0.,-0.));
#132 = DIRECTION('',(0.,0.,-1.));
#133 = ORIENTED_EDGE('',*,*,#134,.T.);
#134 = EDGE_CURVE('',#126,#135,#137,.T.);
#135 = VERTEX_POINT('',#136);
#136 = CARTESIAN_POINT('',(-4.25,-2.985716676569,-6.833748266879));
#137 = CIRCLE('',#138,1.7);
#138 = AXIS2_PLACEMENT_3D('',#139,#140,#141);
#139 = CARTESIAN_POINT('',(-4.25,-1.783635148552,-8.035829794896));
#140 = DIRECTION('',(-1.,-0.,-0.));
#141 = DIRECTION('',(0.,0.,-1.));
#142 = ORIENTED_EDGE('',*,*,#143,.T.);
#143 = EDGE_CURVE('',#135,#144,#146,.T.);
#144 = VERTEX_POINT('',#145);
#145 = CARTESIAN_POINT('',(-4.25,-2.287798204586,-6.135829794896));
#146 = LINE('',#147,#148);
#147 = CARTESIAN_POINT('',(-4.25,-3.747271319345,-7.595302909655));
#148 = VECTOR('',#149,1.);
#149 = DIRECTION('',(0.,0.707106781187,0.707106781187));
#150 = ORIENTED_EDGE('',*,*,#151,.F.);
#151 = EDGE_CURVE('',#152,#144,#154,.T.);
#152 = VERTEX_POINT('',#153);
#153 = CARTESIAN_POINT('',(-4.25,-1.279472092518,-6.135829794896));
#154 = LINE('',#155,#156);
#155 = CARTESIAN_POINT('',(-4.25,-1.4841262713,-6.135829794896));
#156 = VECTOR('',#157,1.);
#157 = DIRECTION('',(0.,-1.,-8.80844410424E-16));
#158 = ORIENTED_EDGE('',*,*,#159,.F.);
#159 = EDGE_CURVE('',#124,#152,#160,.T.);
#160 = LINE('',#161,#162);
#161 = CARTESIAN_POINT('',(-4.25,0.227428371476,-7.64273025889));
#162 = VECTOR('',#163,1.);
#163 = DIRECTION('',(0.,-0.707106781187,0.707106781187));
#164 = PLANE('',#165);
#165 = AXIS2_PLACEMENT_3D('',#166,#167,#168);
#166 = CARTESIAN_POINT('',(-4.25,-1.688780450082,-11.17690306447));
#167 = DIRECTION('',(1.,0.,0.));
#168 = DIRECTION('',(0.,0.,1.));
#169 = ADVANCED_FACE('',(#170,#404),#429,.T.);
#170 = FACE_BOUND('',#171,.T.);
#171 = EDGE_LOOP('',(#172,#182,#191,#199,#210,#219,#250,#258,#266,#274,
    #282,#290,#299,#307,#315,#346,#377,#386,#395));
#172 = ORIENTED_EDGE('',*,*,#173,.F.);
#173 = EDGE_CURVE('',#174,#176,#178,.T.);
#174 = VERTEX_POINT('',#175);
#175 = CARTESIAN_POINT('',(-8.026776702388,-4.28363529995,
    -19.68582979489));
#176 = VERTEX_POINT('',#177);
#177 = CARTESIAN_POINT('',(-10.65320517135,-4.283635392925,
    -19.68582979489));
#178 = LINE('',#179,#180);
#179 = CARTESIAN_POINT('',(-11.24999949834,-4.283635414051,
    -19.68582979489));
#180 = VECTOR('',#181,1.);
#181 = DIRECTION('',(-1.,-3.539988918E-08,0.));
#182 = ORIENTED_EDGE('',*,*,#183,.T.);
#183 = EDGE_CURVE('',#174,#184,#186,.T.);
#184 = VERTEX_POINT('',#185);
#185 = CARTESIAN_POINT('',(8.026777705697,-4.283634731655,
    -19.68582979489));
#186 = CIRCLE('',#187,11.582385431479);
#187 = AXIS2_PLACEMENT_3D('',#188,#189,#190);
#188 = CARTESIAN_POINT('',(5.016544926445E-07,-4.283635015802,
    -11.33582979489));
#189 = DIRECTION('',(3.539988946E-08,-1.,1.764E-14));
#190 = DIRECTION('',(1.,3.539988946E-08,6.0179786582E-22));
#191 = ORIENTED_EDGE('',*,*,#192,.T.);
#192 = EDGE_CURVE('',#184,#193,#195,.T.);
#193 = VERTEX_POINT('',#194);
#194 = CARTESIAN_POINT('',(10.654003837665,-4.283634638652,
    -19.68582979489));
#195 = LINE('',#196,#197);
#196 = CARTESIAN_POINT('',(8.026777705697,-4.283634731655,
    -19.68582979489));
#197 = VECTOR('',#198,1.);
#198 = DIRECTION('',(1.,3.539988918E-08,0.));
#199 = ORIENTED_EDGE('',*,*,#200,.F.);
#200 = EDGE_CURVE('',#201,#193,#203,.T.);
#201 = VERTEX_POINT('',#202);
#202 = CARTESIAN_POINT('',(10.816620035582,-4.283634632895,
    -14.42827946469));
#203 = B_SPLINE_CURVE_WITH_KNOTS('',5,(#204,#205,#206,#207,#208,#209),
  .UNSPECIFIED.,.F.,.F.,(6,6),(0.,1.),.PIECEWISE_BEZIER_KNOTS.);
#204 = CARTESIAN_POINT('',(10.843239512271,-4.283634631953,
    -13.54486863964));
#205 = CARTESIAN_POINT('',(10.790275282746,-4.283634633828,
    -15.41977028451));
#206 = CARTESIAN_POINT('',(10.733791644554,-4.283634635827,
    -17.29457252262));
#207 = CARTESIAN_POINT('',(10.673580691175,-4.283634637959,
    -19.16926139372));
#208 = CARTESIAN_POINT('',(10.609379692004,-4.283634640232,
    -21.0438176811));
#209 = CARTESIAN_POINT('',(10.540819952979,-4.283634642659,
    -22.91821522637));
#210 = ORIENTED_EDGE('',*,*,#211,.F.);
#211 = EDGE_CURVE('',#212,#201,#214,.T.);
#212 = VERTEX_POINT('',#213);
#213 = CARTESIAN_POINT('',(11.246070116878,-4.283634617693,
    -11.03851715435));
#214 = CIRCLE('',#215,11.25);
#215 = AXIS2_PLACEMENT_3D('',#216,#217,#218);
#216 = CARTESIAN_POINT('',(-5.3646214536E-07,-4.283635015802,
    -11.33582988548));
#217 = DIRECTION('',(-3.539990152E-08,1.,-1.751999999698E-14));
#218 = DIRECTION('',(0.737513928666,2.610790861257E-08,-0.675331922113)
  );
#219 = ORIENTED_EDGE('',*,*,#220,.F.);
#220 = EDGE_CURVE('',#221,#212,#223,.T.);
#221 = VERTEX_POINT('',#222);
#222 = CARTESIAN_POINT('',(11.350001174248,-4.283634548858,
    -10.56876199508));
#223 = B_SPLINE_CURVE_WITH_KNOTS('',7,(#224,#225,#226,#227,#228,#229,
    #230,#231,#232,#233,#234,#235,#236,#237,#238,#239,#240,#241,#242,
    #243,#244,#245,#246,#247,#248,#249),.UNSPECIFIED.,.F.,.F.,(8,6,6,6,8
    ),(0.,0.403317809382,0.512351466097,0.865551490586,1.),
  .UNSPECIFIED.);
#224 = CARTESIAN_POINT('',(12.445805561228,-4.283634575222,
    -7.812577876088));
#225 = CARTESIAN_POINT('',(12.336313836243,-4.283634579098,
    -7.978916711321));
#226 = CARTESIAN_POINT('',(12.233618451464,-4.283634582734,
    -8.149815593934));
#227 = CARTESIAN_POINT('',(12.137674721012,-4.28363458613,
    -8.324774103318));
#228 = CARTESIAN_POINT('',(12.048156536631,-4.283634589299,
    -8.503212400151));
#229 = CARTESIAN_POINT('',(11.964680724739,-4.283634592254,
    -8.684602538236));
#230 = CARTESIAN_POINT('',(11.886797104654,-4.283634595011,
    -8.868467975693));
#231 = CARTESIAN_POINT('',(11.794336967116,-4.283634598284,
    -9.104660953944));
#232 = CARTESIAN_POINT('',(11.775032861984,-4.283634598967,
    -9.155076746748));
#233 = CARTESIAN_POINT('',(11.756091625768,-4.283634599638,
    -9.20563599031));
#234 = CARTESIAN_POINT('',(11.737503081365,-4.283634600296,
    -9.256331009144));
#235 = CARTESIAN_POINT('',(11.719256791634,-4.283634600942,
    -9.307154423719));
#236 = CARTESIAN_POINT('',(11.701342483148,-4.283634601576,
    -9.358099072676));
#237 = CARTESIAN_POINT('',(11.626763483701,-4.283634604216,
    -9.574556326451));
#238 = CARTESIAN_POINT('',(11.57316224201,-4.283634606114,
    -9.741145079103));
#239 = CARTESIAN_POINT('',(11.522616524163,-4.283634607903,
    -9.908705765484));
#240 = CARTESIAN_POINT('',(11.474852556292,-4.283634609594,-10.077052065
    ));
#241 = CARTESIAN_POINT('',(11.429635753851,-4.283634611195,
    -10.24602409875));
#242 = CARTESIAN_POINT('',(11.386757724216,-4.283634612712,
    -10.4154808674));
#243 = CARTESIAN_POINT('',(11.330523244053,-4.283634614703,
    -10.64993034408));
#244 = CARTESIAN_POINT('',(11.315330525207,-4.283634615241,
    -10.71461961708));
#245 = CARTESIAN_POINT('',(11.300438965016,-4.283634615768,
    -10.77935068399));
#246 = CARTESIAN_POINT('',(11.285838636441,-4.283634616285,
    -10.84411521729));
#247 = CARTESIAN_POINT('',(11.271519999809,-4.283634616792,
    -10.90890433765));
#248 = CARTESIAN_POINT('',(11.257473809333,-4.283634617289,
    -10.97370846247));
#249 = CARTESIAN_POINT('',(11.24369101964,-4.283634617777,
    -11.03851715435));
#250 = ORIENTED_EDGE('',*,*,#251,.F.);
#251 = EDGE_CURVE('',#252,#221,#254,.T.);
#252 = VERTEX_POINT('',#253);
#253 = CARTESIAN_POINT('',(11.350001174252,-4.283634614014,
    -9.694142995921));
#254 = LINE('',#255,#256);
#255 = CARTESIAN_POINT('',(11.350001174252,-4.283634350106,
    -9.694143393776));
#256 = VECTOR('',#257,1.);
#257 = DIRECTION('',(0.,-1.527491689236E-07,-1.));
#258 = ORIENTED_EDGE('',*,*,#259,.T.);
#259 = EDGE_CURVE('',#252,#260,#262,.T.);
#260 = VERTEX_POINT('',#261);
#261 = CARTESIAN_POINT('',(11.350001174252,-4.283634493654,
    -5.437753429953));
#262 = LINE('',#263,#264);
#263 = CARTESIAN_POINT('',(11.350001174252,-4.283634614014,
    -8.977070082168));
#264 = VECTOR('',#265,1.);
#265 = DIRECTION('',(0.,1.698E-14,1.));
#266 = ORIENTED_EDGE('',*,*,#267,.T.);
#267 = EDGE_CURVE('',#260,#268,#270,.T.);
#268 = VERTEX_POINT('',#269);
#269 = CARTESIAN_POINT('',(19.710773895506,-4.283634405848,
    -5.437753429953));
#270 = LINE('',#271,#272);
#271 = CARTESIAN_POINT('',(11.350001174252,-4.283634493654,
    -5.437753429953));
#272 = VECTOR('',#273,1.);
#273 = DIRECTION('',(1.,0.,0.));
#274 = ORIENTED_EDGE('',*,*,#275,.T.);
#275 = EDGE_CURVE('',#268,#276,#278,.T.);
#276 = VERTEX_POINT('',#277);
#277 = CARTESIAN_POINT('',(20.476470367279,-4.283634290937,
    -2.985829794897));
#278 = LINE('',#279,#280);
#279 = CARTESIAN_POINT('',(15.261327898818,-4.283634475553,
    -19.68582979489));
#280 = VECTOR('',#281,1.);
#281 = DIRECTION('',(0.298087133191,1.055226840415E-08,0.954538663976));
#282 = ORIENTED_EDGE('',*,*,#283,.F.);
#283 = EDGE_CURVE('',#284,#276,#286,.T.);
#284 = VERTEX_POINT('',#285);
#285 = CARTESIAN_POINT('',(8.026777705697,-4.283634731655,
    -2.985829794897));
#286 = LINE('',#287,#288);
#287 = CARTESIAN_POINT('',(14.750000501654,-4.283634493654,
    -2.985829794897));
#288 = VECTOR('',#289,1.);
#289 = DIRECTION('',(1.,3.539988918E-08,0.));
#290 = ORIENTED_EDGE('',*,*,#291,.T.);
#291 = EDGE_CURVE('',#284,#292,#294,.T.);
#292 = VERTEX_POINT('',#293);
#293 = CARTESIAN_POINT('',(-8.026776702388,-4.283635299949,
    -2.985829794897));
#294 = CIRCLE('',#295,11.582385431479);
#295 = AXIS2_PLACEMENT_3D('',#296,#297,#298);
#296 = CARTESIAN_POINT('',(5.016544926445E-07,-4.283635015802,
    -11.33582979489));
#297 = DIRECTION('',(3.539988946E-08,-1.,1.764E-14));
#298 = DIRECTION('',(1.,3.539988946E-08,6.0179786582E-22));
#299 = ORIENTED_EDGE('',*,*,#300,.T.);
#300 = EDGE_CURVE('',#292,#301,#303,.T.);
#301 = VERTEX_POINT('',#302);
#302 = CARTESIAN_POINT('',(-11.74999949834,-4.283635431751,
    -2.985829794897));
#303 = LINE('',#304,#305);
#304 = CARTESIAN_POINT('',(-8.026776702388,-4.283635299949,
    -2.985829794897));
#305 = VECTOR('',#306,1.);
#306 = DIRECTION('',(-1.,-3.539988918E-08,0.));
#307 = ORIENTED_EDGE('',*,*,#308,.F.);
#308 = EDGE_CURVE('',#309,#301,#311,.T.);
#309 = VERTEX_POINT('',#310);
#310 = CARTESIAN_POINT('',(-11.74999949834,-4.283635431751,
    -9.223075320389));
#311 = LINE('',#312,#313);
#312 = CARTESIAN_POINT('',(-11.74999949834,-4.283635431751,
    -10.8007882931));
#313 = VECTOR('',#314,1.);
#314 = DIRECTION('',(-3.1E-16,1.698E-14,1.));
#315 = ORIENTED_EDGE('',*,*,#316,.T.);
#316 = EDGE_CURVE('',#309,#317,#319,.T.);
#317 = VERTEX_POINT('',#318);
#318 = CARTESIAN_POINT('',(-11.24999948064,-4.283635405201,
    -11.00896372477));
#319 = B_SPLINE_CURVE_WITH_KNOTS('',7,(#320,#321,#322,#323,#324,#325,
    #326,#327,#328,#329,#330,#331,#332,#333,#334,#335,#336,#337,#338,
    #339,#340,#341,#342,#343,#344,#345),.UNSPECIFIED.,.F.,.F.,(8,6,6,6,8
    ),(0.,0.403317809381,0.512351466096,0.865551490585,1.),
  .UNSPECIFIED.);
#320 = CARTESIAN_POINT('',(-12.44580525793,-4.283635456382,
    -7.812577876078));
#321 = CARTESIAN_POINT('',(-12.33631353295,-4.283635452506,
    -7.978916711311));
#322 = CARTESIAN_POINT('',(-12.23361814817,-4.283635448871,
    -8.149815593927));
#323 = CARTESIAN_POINT('',(-12.13767441772,-4.283635445475,
    -8.324774103306));
#324 = CARTESIAN_POINT('',(-12.04815623334,-4.283635442306,
    -8.503212400145));
#325 = CARTESIAN_POINT('',(-11.96468042145,-4.283635439351,
    -8.684602538225));
#326 = CARTESIAN_POINT('',(-11.88679680136,-4.283635436594,
    -8.868467975684));
#327 = CARTESIAN_POINT('',(-11.79433666382,-4.283635433321,
    -9.104660953935));
#328 = CARTESIAN_POINT('',(-11.77503255869,-4.283635432637,
    -9.155076746739));
#329 = CARTESIAN_POINT('',(-11.75609132248,-4.283635431967,
    -9.205635990302));
#330 = CARTESIAN_POINT('',(-11.73750277807,-4.283635431309,
    -9.256331009135));
#331 = CARTESIAN_POINT('',(-11.71925648834,-4.283635430663,
    -9.307154423711));
#332 = CARTESIAN_POINT('',(-11.70134217986,-4.283635430029,
    -9.358099072668));
#333 = CARTESIAN_POINT('',(-11.62676318041,-4.283635427388,
    -9.574556326445));
#334 = CARTESIAN_POINT('',(-11.57316193872,-4.283635425491,
    -9.741145079097));
#335 = CARTESIAN_POINT('',(-11.52261622088,-4.283635423702,
    -9.90870576548));
#336 = CARTESIAN_POINT('',(-11.47485225301,-4.283635422011,-10.077052065
    ));
#337 = CARTESIAN_POINT('',(-11.42963545057,-4.28363542041,
    -10.24602409874));
#338 = CARTESIAN_POINT('',(-11.38675742094,-4.283635418892,
    -10.4154808674));
#339 = CARTESIAN_POINT('',(-11.33052294077,-4.283635416902,
    -10.64993034408));
#340 = CARTESIAN_POINT('',(-11.31533022193,-4.283635416364,
    -10.71461961708));
#341 = CARTESIAN_POINT('',(-11.30043866174,-4.283635415837,
    -10.77935068399));
#342 = CARTESIAN_POINT('',(-11.28583833316,-4.28363541532,
    -10.84411521729));
#343 = CARTESIAN_POINT('',(-11.27151969653,-4.283635414813,
    -10.90890433765));
#344 = CARTESIAN_POINT('',(-11.25747350605,-4.283635414316,
    -10.97370846247));
#345 = CARTESIAN_POINT('',(-11.24369071636,-4.283635413828,
    -11.03851715435));
#346 = ORIENTED_EDGE('',*,*,#347,.T.);
#347 = EDGE_CURVE('',#317,#348,#350,.T.);
#348 = VERTEX_POINT('',#349);
#349 = CARTESIAN_POINT('',(-11.24606981359,-4.283635413912,
    -11.03851715435));
#350 = B_SPLINE_CURVE_WITH_KNOTS('',7,(#351,#352,#353,#354,#355,#356,
    #357,#358,#359,#360,#361,#362,#363,#364,#365,#366,#367,#368,#369,
    #370,#371,#372,#373,#374,#375,#376),.UNSPECIFIED.,.F.,.F.,(8,6,6,6,8
    ),(0.,0.403317809381,0.512351466096,0.865551490585,1.),
  .UNSPECIFIED.);
#351 = CARTESIAN_POINT('',(-12.44580525793,-4.283635456382,
    -7.812577876078));
#352 = CARTESIAN_POINT('',(-12.33631353295,-4.283635452506,
    -7.978916711311));
#353 = CARTESIAN_POINT('',(-12.23361814817,-4.283635448871,
    -8.149815593927));
#354 = CARTESIAN_POINT('',(-12.13767441772,-4.283635445475,
    -8.324774103306));
#355 = CARTESIAN_POINT('',(-12.04815623334,-4.283635442306,
    -8.503212400145));
#356 = CARTESIAN_POINT('',(-11.96468042145,-4.283635439351,
    -8.684602538225));
#357 = CARTESIAN_POINT('',(-11.88679680136,-4.283635436594,
    -8.868467975684));
#358 = CARTESIAN_POINT('',(-11.79433666382,-4.283635433321,
    -9.104660953935));
#359 = CARTESIAN_POINT('',(-11.77503255869,-4.283635432637,
    -9.155076746739));
#360 = CARTESIAN_POINT('',(-11.75609132248,-4.283635431967,
    -9.205635990302));
#361 = CARTESIAN_POINT('',(-11.73750277807,-4.283635431309,
    -9.256331009135));
#362 = CARTESIAN_POINT('',(-11.71925648834,-4.283635430663,
    -9.307154423711));
#363 = CARTESIAN_POINT('',(-11.70134217986,-4.283635430029,
    -9.358099072668));
#364 = CARTESIAN_POINT('',(-11.62676318041,-4.283635427388,
    -9.574556326445));
#365 = CARTESIAN_POINT('',(-11.57316193872,-4.283635425491,
    -9.741145079097));
#366 = CARTESIAN_POINT('',(-11.52261622088,-4.283635423702,
    -9.90870576548));
#367 = CARTESIAN_POINT('',(-11.47485225301,-4.283635422011,-10.077052065
    ));
#368 = CARTESIAN_POINT('',(-11.42963545057,-4.28363542041,
    -10.24602409874));
#369 = CARTESIAN_POINT('',(-11.38675742094,-4.283635418892,
    -10.4154808674));
#370 = CARTESIAN_POINT('',(-11.33052294077,-4.283635416902,
    -10.64993034408));
#371 = CARTESIAN_POINT('',(-11.31533022193,-4.283635416364,
    -10.71461961708));
#372 = CARTESIAN_POINT('',(-11.30043866174,-4.283635415837,
    -10.77935068399));
#373 = CARTESIAN_POINT('',(-11.28583833316,-4.28363541532,
    -10.84411521729));
#374 = CARTESIAN_POINT('',(-11.27151969653,-4.283635414813,
    -10.90890433765));
#375 = CARTESIAN_POINT('',(-11.25747350605,-4.283635414316,
    -10.97370846247));
#376 = CARTESIAN_POINT('',(-11.24369071636,-4.283635413828,
    -11.03851715435));
#377 = ORIENTED_EDGE('',*,*,#378,.T.);
#378 = EDGE_CURVE('',#348,#379,#381,.T.);
#379 = VERTEX_POINT('',#380);
#380 = CARTESIAN_POINT('',(-11.24999932045,-4.283635405201,
    -11.33582988548));
#381 = CIRCLE('',#382,11.25);
#382 = AXIS2_PLACEMENT_3D('',#383,#384,#385);
#383 = CARTESIAN_POINT('',(8.3974026579E-07,-4.283635015802,
    -11.33582988548));
#384 = DIRECTION('',(3.539988028E-08,-1.,1.751999999698E-14));
#385 = DIRECTION('',(-0.737513928665,-2.610791661139E-08,-0.675331922113
    ));
#386 = ORIENTED_EDGE('',*,*,#387,.T.);
#387 = EDGE_CURVE('',#379,#388,#390,.T.);
#388 = VERTEX_POINT('',#389);
#389 = CARTESIAN_POINT('',(-10.81661107075,-4.283635398709,
    -14.42811681229));
#390 = CIRCLE('',#391,11.25);
#391 = AXIS2_PLACEMENT_3D('',#392,#393,#394);
#392 = CARTESIAN_POINT('',(8.3974026579E-07,-4.283635015802,
    -11.33582988548));
#393 = DIRECTION('',(3.539988028E-08,-1.,1.751999999698E-14));
#394 = DIRECTION('',(-0.737513928665,-2.610791661139E-08,-0.675331922113
    ));
#395 = ORIENTED_EDGE('',*,*,#396,.T.);
#396 = EDGE_CURVE('',#388,#176,#397,.T.);
#397 = B_SPLINE_CURVE_WITH_KNOTS('',5,(#398,#399,#400,#401,#402,#403),
  .UNSPECIFIED.,.F.,.F.,(6,6),(0.,1.),.PIECEWISE_BEZIER_KNOTS.);
#398 = CARTESIAN_POINT('',(-10.8423684733,-4.283635399621,
    -13.54486863964));
#399 = CARTESIAN_POINT('',(-10.78940909163,-4.283635397746,
    -15.41976989143));
#400 = CARTESIAN_POINT('',(-10.73296529537,-4.283635395748,
    -17.29457279642));
#401 = CARTESIAN_POINT('',(-10.67278942637,-4.283635393618,
    -19.1692622889));
#402 = CARTESIAN_POINT('',(-10.60859579406,-4.283635391346,
    -21.0438183889));
#403 = CARTESIAN_POINT('',(-10.54003099175,-4.283635388919,
    -22.91821522637));
#404 = FACE_BOUND('',#405,.T.);
#405 = EDGE_LOOP('',(#406,#407,#415,#423));
#406 = ORIENTED_EDGE('',*,*,#21,.F.);
#407 = ORIENTED_EDGE('',*,*,#408,.F.);
#408 = EDGE_CURVE('',#409,#22,#411,.T.);
#409 = VERTEX_POINT('',#410);
#410 = CARTESIAN_POINT('',(4.25,-4.283635396351,-4.835829794896));
#411 = LINE('',#412,#413);
#412 = CARTESIAN_POINT('',(5.250000587126,-4.283635396351,
    -4.835829794896));
#413 = VECTOR('',#414,1.);
#414 = DIRECTION('',(-1.,0.,0.));
#415 = ORIENTED_EDGE('',*,*,#416,.T.);
#416 = EDGE_CURVE('',#409,#417,#419,.T.);
#417 = VERTEX_POINT('',#418);
#418 = CARTESIAN_POINT('',(4.25,-4.283635396351,-17.83582979489));
#419 = LINE('',#420,#421);
#420 = CARTESIAN_POINT('',(4.25,-4.283635396351,-7.081366429683));
#421 = VECTOR('',#422,1.);
#422 = DIRECTION('',(0.,0.,-1.));
#423 = ORIENTED_EDGE('',*,*,#424,.F.);
#424 = EDGE_CURVE('',#24,#417,#425,.T.);
#425 = LINE('',#426,#427);
#426 = CARTESIAN_POINT('',(5.250000587126,-4.283635396351,
    -17.83582979489));
#427 = VECTOR('',#428,1.);
#428 = DIRECTION('',(1.,0.,0.));
#429 = PLANE('',#430);
#430 = AXIS2_PLACEMENT_3D('',#431,#432,#433);
#431 = CARTESIAN_POINT('',(2.182702140047E-05,-4.283635015802,
    -9.918310369441));
#432 = DIRECTION('',(3.539988928E-08,-1.,1.698E-14));
#433 = DIRECTION('',(-1.,-3.539988928E-08,9.403954806578E-38));
#434 = ADVANCED_FACE('',(#435),#453,.T.);
#435 = FACE_BOUND('',#436,.T.);
#436 = EDGE_LOOP('',(#437,#438,#446,#452));
#437 = ORIENTED_EDGE('',*,*,#71,.F.);
#438 = ORIENTED_EDGE('',*,*,#439,.T.);
#439 = EDGE_CURVE('',#64,#440,#442,.T.);
#440 = VERTEX_POINT('',#441);
#441 = CARTESIAN_POINT('',(4.25,2.216364858528,-4.835829794896));
#442 = LINE('',#443,#444);
#443 = CARTESIAN_POINT('',(-4.25,2.216364858528,-4.835829794896));
#444 = VECTOR('',#445,1.);
#445 = DIRECTION('',(1.,0.,0.));
#446 = ORIENTED_EDGE('',*,*,#447,.T.);
#447 = EDGE_CURVE('',#440,#409,#448,.T.);
#448 = LINE('',#449,#450);
#449 = CARTESIAN_POINT('',(4.25,2.216364858528,-4.835829794896));
#450 = VECTOR('',#451,1.);
#451 = DIRECTION('',(0.,-1.,0.));
#452 = ORIENTED_EDGE('',*,*,#408,.T.);
#453 = PLANE('',#454);
#454 = AXIS2_PLACEMENT_3D('',#455,#456,#457);
#455 = CARTESIAN_POINT('',(-4.25,2.216364858528,-4.835829794896));
#456 = DIRECTION('',(0.,0.,-1.));
#457 = DIRECTION('',(0.,-1.,0.));
#458 = ADVANCED_FACE('',(#459),#477,.T.);
#459 = FACE_BOUND('',#460,.T.);
#460 = EDGE_LOOP('',(#461,#462,#463,#471));
#461 = ORIENTED_EDGE('',*,*,#31,.F.);
#462 = ORIENTED_EDGE('',*,*,#424,.T.);
#463 = ORIENTED_EDGE('',*,*,#464,.T.);
#464 = EDGE_CURVE('',#417,#465,#467,.T.);
#465 = VERTEX_POINT('',#466);
#466 = CARTESIAN_POINT('',(4.25,0.716364858528,-17.83582979489));
#467 = LINE('',#468,#469);
#468 = CARTESIAN_POINT('',(4.25,-5.283635141472,-17.83582979489));
#469 = VECTOR('',#470,1.);
#470 = DIRECTION('',(0.,1.,0.));
#471 = ORIENTED_EDGE('',*,*,#472,.F.);
#472 = EDGE_CURVE('',#32,#465,#473,.T.);
#473 = LINE('',#474,#475);
#474 = CARTESIAN_POINT('',(-4.25,0.716364858528,-17.83582979489));
#475 = VECTOR('',#476,1.);
#476 = DIRECTION('',(1.,0.,0.));
#477 = PLANE('',#478);
#478 = AXIS2_PLACEMENT_3D('',#479,#480,#481);
#479 = CARTESIAN_POINT('',(-4.25,-5.283635141472,-17.83582979489));
#480 = DIRECTION('',(0.,0.,1.));
#481 = DIRECTION('',(0.,1.,0.));
#482 = ADVANCED_FACE('',(#483,#501),#512,.T.);
#483 = FACE_BOUND('',#484,.T.);
#484 = EDGE_LOOP('',(#485,#493,#499,#500));
#485 = ORIENTED_EDGE('',*,*,#486,.T.);
#486 = EDGE_CURVE('',#56,#487,#489,.T.);
#487 = VERTEX_POINT('',#488);
#488 = CARTESIAN_POINT('',(4.25,2.216364858528,-14.29293657608));
#489 = LINE('',#490,#491);
#490 = CARTESIAN_POINT('',(-4.25,2.216364858528,-14.29293657608));
#491 = VECTOR('',#492,1.);
#492 = DIRECTION('',(1.,0.,0.));
#493 = ORIENTED_EDGE('',*,*,#494,.T.);
#494 = EDGE_CURVE('',#487,#440,#495,.T.);
#495 = LINE('',#496,#497);
#496 = CARTESIAN_POINT('',(4.25,2.216364858528,-14.29293657608));
#497 = VECTOR('',#498,1.);
#498 = DIRECTION('',(0.,0.,1.));
#499 = ORIENTED_EDGE('',*,*,#439,.F.);
#500 = ORIENTED_EDGE('',*,*,#63,.F.);
#501 = FACE_BOUND('',#502,.T.);
#502 = EDGE_LOOP('',(#503));
#503 = ORIENTED_EDGE('',*,*,#504,.T.);
#504 = EDGE_CURVE('',#505,#505,#507,.T.);
#505 = VERTEX_POINT('',#506);
#506 = CARTESIAN_POINT('',(2.100000271555,2.216364858528,-11.33582979489
    ));
#507 = CIRCLE('',#508,2.1);
#508 = AXIS2_PLACEMENT_3D('',#509,#510,#511);
#509 = CARTESIAN_POINT('',(2.7155522238E-07,2.216364858528,
    -11.33582979489));
#510 = DIRECTION('',(-3.539988028E-08,1.,-1.752E-14));
#511 = DIRECTION('',(-1.,-3.539988028E-08,-9.44E-15));
#512 = PLANE('',#513);
#513 = AXIS2_PLACEMENT_3D('',#514,#515,#516);
#514 = CARTESIAN_POINT('',(-4.25,2.216364858528,-14.29293657608));
#515 = DIRECTION('',(0.,-1.,0.));
#516 = DIRECTION('',(0.,0.,1.));
#517 = ADVANCED_FACE('',(#518),#536,.T.);
#518 = FACE_BOUND('',#519,.T.);
#519 = EDGE_LOOP('',(#520,#521,#529,#535));
#520 = ORIENTED_EDGE('',*,*,#472,.T.);
#521 = ORIENTED_EDGE('',*,*,#522,.T.);
#522 = EDGE_CURVE('',#465,#523,#525,.T.);
#523 = VERTEX_POINT('',#524);
#524 = CARTESIAN_POINT('',(4.25,0.716364858528,-15.33582979489));
#525 = LINE('',#526,#527);
#526 = CARTESIAN_POINT('',(4.25,0.716364858528,-17.83582979489));
#527 = VECTOR('',#528,1.);
#528 = DIRECTION('',(0.,0.,1.));
#529 = ORIENTED_EDGE('',*,*,#530,.F.);
#530 = EDGE_CURVE('',#40,#523,#531,.T.);
#531 = LINE('',#532,#533);
#532 = CARTESIAN_POINT('',(-4.25,0.716364858528,-15.33582979489));
#533 = VECTOR('',#534,1.);
#534 = DIRECTION('',(1.,0.,0.));
#535 = ORIENTED_EDGE('',*,*,#39,.F.);
#536 = PLANE('',#537);
#537 = AXIS2_PLACEMENT_3D('',#538,#539,#540);
#538 = CARTESIAN_POINT('',(-4.25,0.716364858528,-17.83582979489));
#539 = DIRECTION('',(0.,-1.,0.));
#540 = DIRECTION('',(0.,0.,1.));
#541 = ADVANCED_FACE('',(#542),#560,.T.);
#542 = FACE_BOUND('',#543,.T.);
#543 = EDGE_LOOP('',(#544,#552,#558,#559));
#544 = ORIENTED_EDGE('',*,*,#545,.T.);
#545 = EDGE_CURVE('',#48,#546,#548,.T.);
#546 = VERTEX_POINT('',#547);
#547 = CARTESIAN_POINT('',(4.25,1.173471639715,-15.33582979489));
#548 = LINE('',#549,#550);
#549 = CARTESIAN_POINT('',(-4.25,1.173471639715,-15.33582979489));
#550 = VECTOR('',#551,1.);
#551 = DIRECTION('',(1.,0.,0.));
#552 = ORIENTED_EDGE('',*,*,#553,.T.);
#553 = EDGE_CURVE('',#546,#487,#554,.T.);
#554 = LINE('',#555,#556);
#555 = CARTESIAN_POINT('',(4.25,1.173471639715,-15.33582979489));
#556 = VECTOR('',#557,1.);
#557 = DIRECTION('',(0.,0.707106781187,0.707106781187));
#558 = ORIENTED_EDGE('',*,*,#486,.F.);
#559 = ORIENTED_EDGE('',*,*,#55,.F.);
#560 = PLANE('',#561);
#561 = AXIS2_PLACEMENT_3D('',#562,#563,#564);
#562 = CARTESIAN_POINT('',(-4.25,1.173471639715,-15.33582979489));
#563 = DIRECTION('',(0.,-0.707106781187,0.707106781187));
#564 = DIRECTION('',(0.,0.707106781187,0.707106781187));
#565 = ADVANCED_FACE('',(#566),#577,.T.);
#566 = FACE_BOUND('',#567,.T.);
#567 = EDGE_LOOP('',(#568,#569,#575,#576));
#568 = ORIENTED_EDGE('',*,*,#530,.T.);
#569 = ORIENTED_EDGE('',*,*,#570,.T.);
#570 = EDGE_CURVE('',#523,#546,#571,.T.);
#571 = LINE('',#572,#573);
#572 = CARTESIAN_POINT('',(4.25,0.716364858528,-15.33582979489));
#573 = VECTOR('',#574,1.);
#574 = DIRECTION('',(0.,1.,0.));
#575 = ORIENTED_EDGE('',*,*,#545,.F.);
#576 = ORIENTED_EDGE('',*,*,#47,.F.);
#577 = PLANE('',#578);
#578 = AXIS2_PLACEMENT_3D('',#579,#580,#581);
#579 = CARTESIAN_POINT('',(-4.25,0.716364858528,-15.33582979489));
#580 = DIRECTION('',(0.,0.,1.));
#581 = DIRECTION('',(0.,1.,0.));
#582 = ADVANCED_FACE('',(#583),#619,.F.);
#583 = FACE_BOUND('',#584,.T.);
#584 = EDGE_LOOP('',(#585,#596,#602,#603,#604,#612));
#585 = ORIENTED_EDGE('',*,*,#586,.T.);
#586 = EDGE_CURVE('',#587,#589,#591,.T.);
#587 = VERTEX_POINT('',#588);
#588 = CARTESIAN_POINT('',(-12.24999958684,-1.783635148552,
    -17.03582979489));
#589 = VERTEX_POINT('',#590);
#590 = CARTESIAN_POINT('',(-12.24999958684,-2.985716676569,
    -14.13374826687));
#591 = CIRCLE('',#592,1.7);
#592 = AXIS2_PLACEMENT_3D('',#593,#594,#595);
#593 = CARTESIAN_POINT('',(-12.24999958684,-1.783635148552,
    -15.33582979489));
#594 = DIRECTION('',(-1.,-0.,-0.));
#595 = DIRECTION('',(0.,0.,-1.));
#596 = ORIENTED_EDGE('',*,*,#597,.F.);
#597 = EDGE_CURVE('',#91,#589,#598,.T.);
#598 = LINE('',#599,#600);
#599 = CARTESIAN_POINT('',(14.750001174252,-2.985716676569,
    -14.13374826687));
#600 = VECTOR('',#601,1.);
#601 = DIRECTION('',(-1.,-0.,-0.));
#602 = ORIENTED_EDGE('',*,*,#90,.F.);
#603 = ORIENTED_EDGE('',*,*,#79,.F.);
#604 = ORIENTED_EDGE('',*,*,#605,.T.);
#605 = EDGE_CURVE('',#80,#606,#608,.T.);
#606 = VERTEX_POINT('',#607);
#607 = CARTESIAN_POINT('',(-12.24999958684,-0.581553620535,
    -14.13374826687));
#608 = LINE('',#609,#610);
#609 = CARTESIAN_POINT('',(14.750001174252,-0.581553620535,
    -14.13374826687));
#610 = VECTOR('',#611,1.);
#611 = DIRECTION('',(-1.,-0.,-0.));
#612 = ORIENTED_EDGE('',*,*,#613,.T.);
#613 = EDGE_CURVE('',#606,#587,#614,.T.);
#614 = CIRCLE('',#615,1.7);
#615 = AXIS2_PLACEMENT_3D('',#616,#617,#618);
#616 = CARTESIAN_POINT('',(-12.24999958684,-1.783635148552,
    -15.33582979489));
#617 = DIRECTION('',(-1.,-0.,-0.));
#618 = DIRECTION('',(0.,0.,-1.));
#619 = CYLINDRICAL_SURFACE('',#620,1.7);
#620 = AXIS2_PLACEMENT_3D('',#621,#622,#623);
#621 = CARTESIAN_POINT('',(11.350001174252,-1.783635148552,
    -15.33582979489));
#622 = DIRECTION('',(-1.,-0.,-0.));
#623 = DIRECTION('',(0.,0.,-1.));
#624 = ADVANCED_FACE('',(#625),#643,.F.);
#625 = FACE_BOUND('',#626,.F.);
#626 = EDGE_LOOP('',(#627,#628,#629,#637));
#627 = ORIENTED_EDGE('',*,*,#115,.F.);
#628 = ORIENTED_EDGE('',*,*,#605,.T.);
#629 = ORIENTED_EDGE('',*,*,#630,.T.);
#630 = EDGE_CURVE('',#606,#631,#633,.T.);
#631 = VERTEX_POINT('',#632);
#632 = CARTESIAN_POINT('',(-12.24999960469,-1.279472092518,
    -13.43582979489));
#633 = LINE('',#634,#635);
#634 = CARTESIAN_POINT('',(-12.24999960985,-1.133784521877,
    -13.58151736553));
#635 = VECTOR('',#636,1.);
#636 = DIRECTION('',(2.503149066864E-08,-0.707106781187,0.707106781187)
  );
#637 = ORIENTED_EDGE('',*,*,#638,.F.);
#638 = EDGE_CURVE('',#108,#631,#639,.T.);
#639 = LINE('',#640,#641);
#640 = CARTESIAN_POINT('',(14.750001174252,-1.279472092518,
    -13.43582979489));
#641 = VECTOR('',#642,1.);
#642 = DIRECTION('',(-1.,-0.,-0.));
#643 = PLANE('',#644);
#644 = AXIS2_PLACEMENT_3D('',#645,#646,#647);
#645 = CARTESIAN_POINT('',(14.750001174252,-0.581553620535,
    -14.13374826687));
#646 = DIRECTION('',(0.,0.707106781187,0.707106781187));
#647 = DIRECTION('',(0.,-0.707106781187,0.707106781187));
#648 = ADVANCED_FACE('',(#649),#667,.F.);
#649 = FACE_BOUND('',#650,.F.);
#650 = EDGE_LOOP('',(#651,#652,#653,#661));
#651 = ORIENTED_EDGE('',*,*,#107,.F.);
#652 = ORIENTED_EDGE('',*,*,#638,.T.);
#653 = ORIENTED_EDGE('',*,*,#654,.T.);
#654 = EDGE_CURVE('',#631,#655,#657,.T.);
#655 = VERTEX_POINT('',#656);
#656 = CARTESIAN_POINT('',(-12.24999956899,-2.287798204586,
    -13.43582979489));
#657 = LINE('',#658,#659);
#658 = CARTESIAN_POINT('',(-12.24999962142,-0.806738925049,
    -13.43582979489));
#659 = VECTOR('',#660,1.);
#660 = DIRECTION('',(3.539987388E-08,-1.,0.));
#661 = ORIENTED_EDGE('',*,*,#662,.F.);
#662 = EDGE_CURVE('',#100,#655,#663,.T.);
#663 = LINE('',#664,#665);
#664 = CARTESIAN_POINT('',(14.750001174252,-2.287798204586,
    -13.43582979489));
#665 = VECTOR('',#666,1.);
#666 = DIRECTION('',(-1.,-0.,-0.));
#667 = PLANE('',#668);
#668 = AXIS2_PLACEMENT_3D('',#669,#670,#671);
#669 = CARTESIAN_POINT('',(14.750001174252,-1.279472092518,
    -13.43582979489));
#670 = DIRECTION('',(0.,0.,1.));
#671 = DIRECTION('',(0.,-1.,0.));
#672 = ADVANCED_FACE('',(#673),#684,.T.);
#673 = FACE_BOUND('',#674,.T.);
#674 = EDGE_LOOP('',(#675,#676,#677,#683));
#675 = ORIENTED_EDGE('',*,*,#99,.F.);
#676 = ORIENTED_EDGE('',*,*,#597,.T.);
#677 = ORIENTED_EDGE('',*,*,#678,.T.);
#678 = EDGE_CURVE('',#589,#655,#679,.T.);
#679 = LINE('',#680,#681);
#680 = CARTESIAN_POINT('',(-12.24999958949,-1.708671079741,
    -12.85670267005));
#681 = VECTOR('',#682,1.);
#682 = DIRECTION('',(-2.503149107876E-08,0.707106781187,0.707106781187)
  );
#683 = ORIENTED_EDGE('',*,*,#662,.F.);
#684 = PLANE('',#685);
#685 = AXIS2_PLACEMENT_3D('',#686,#687,#688);
#686 = CARTESIAN_POINT('',(14.750001174252,-2.985716676569,
    -14.13374826687));
#687 = DIRECTION('',(0.,0.707106781187,-0.707106781187));
#688 = DIRECTION('',(0.,0.707106781187,0.707106781187));
#689 = ADVANCED_FACE('',(#690),#726,.F.);
#690 = FACE_BOUND('',#691,.T.);
#691 = EDGE_LOOP('',(#692,#703,#709,#710,#711,#719));
#692 = ORIENTED_EDGE('',*,*,#693,.T.);
#693 = EDGE_CURVE('',#694,#696,#698,.T.);
#694 = VERTEX_POINT('',#695);
#695 = CARTESIAN_POINT('',(-12.24999958684,-1.783635148552,
    -9.735829794896));
#696 = VERTEX_POINT('',#697);
#697 = CARTESIAN_POINT('',(-12.24999958684,-2.985716676569,
    -6.833748266879));
#698 = CIRCLE('',#699,1.7);
#699 = AXIS2_PLACEMENT_3D('',#700,#701,#702);
#700 = CARTESIAN_POINT('',(-12.24999958684,-1.783635148552,
    -8.035829794896));
#701 = DIRECTION('',(-1.,-0.,-0.));
#702 = DIRECTION('',(0.,0.,-1.));
#703 = ORIENTED_EDGE('',*,*,#704,.F.);
#704 = EDGE_CURVE('',#135,#696,#705,.T.);
#705 = LINE('',#706,#707);
#706 = CARTESIAN_POINT('',(14.750001174252,-2.985716676569,
    -6.833748266879));
#707 = VECTOR('',#708,1.);
#708 = DIRECTION('',(-1.,-0.,-0.));
#709 = ORIENTED_EDGE('',*,*,#134,.F.);
#710 = ORIENTED_EDGE('',*,*,#123,.F.);
#711 = ORIENTED_EDGE('',*,*,#712,.T.);
#712 = EDGE_CURVE('',#124,#713,#715,.T.);
#713 = VERTEX_POINT('',#714);
#714 = CARTESIAN_POINT('',(-12.24999958684,-0.581553620535,
    -6.833748266879));
#715 = LINE('',#716,#717);
#716 = CARTESIAN_POINT('',(14.750001174252,-0.581553620535,
    -6.833748266879));
#717 = VECTOR('',#718,1.);
#718 = DIRECTION('',(-1.,-0.,-0.));
#719 = ORIENTED_EDGE('',*,*,#720,.T.);
#720 = EDGE_CURVE('',#713,#694,#721,.T.);
#721 = CIRCLE('',#722,1.7);
#722 = AXIS2_PLACEMENT_3D('',#723,#724,#725);
#723 = CARTESIAN_POINT('',(-12.24999958684,-1.783635148552,
    -8.035829794896));
#724 = DIRECTION('',(-1.,-0.,-0.));
#725 = DIRECTION('',(0.,0.,-1.));
#726 = CYLINDRICAL_SURFACE('',#727,1.7);
#727 = AXIS2_PLACEMENT_3D('',#728,#729,#730);
#728 = CARTESIAN_POINT('',(11.350001174252,-1.783635148552,
    -8.035829794896));
#729 = DIRECTION('',(-1.,-0.,-0.));
#730 = DIRECTION('',(0.,0.,-1.));
#731 = ADVANCED_FACE('',(#732),#750,.F.);
#732 = FACE_BOUND('',#733,.F.);
#733 = EDGE_LOOP('',(#734,#735,#736,#744));
#734 = ORIENTED_EDGE('',*,*,#159,.F.);
#735 = ORIENTED_EDGE('',*,*,#712,.T.);
#736 = ORIENTED_EDGE('',*,*,#737,.T.);
#737 = EDGE_CURVE('',#713,#738,#740,.T.);
#738 = VERTEX_POINT('',#739);
#739 = CARTESIAN_POINT('',(-12.24999960469,-1.279472092518,
    -6.135829794896));
#740 = LINE('',#741,#742);
#741 = CARTESIAN_POINT('',(-12.24999967445,0.691215478123,
    -8.106517365536));
#742 = VECTOR('',#743,1.);
#743 = DIRECTION('',(2.503149066864E-08,-0.707106781187,0.707106781187)
  );
#744 = ORIENTED_EDGE('',*,*,#745,.F.);
#745 = EDGE_CURVE('',#152,#738,#746,.T.);
#746 = LINE('',#747,#748);
#747 = CARTESIAN_POINT('',(14.750001174252,-1.279472092518,
    -6.135829794896));
#748 = VECTOR('',#749,1.);
#749 = DIRECTION('',(-1.,-0.,-0.));
#750 = PLANE('',#751);
#751 = AXIS2_PLACEMENT_3D('',#752,#753,#754);
#752 = CARTESIAN_POINT('',(14.750001174252,-0.581553620535,
    -6.833748266879));
#753 = DIRECTION('',(0.,0.707106781187,0.707106781187));
#754 = DIRECTION('',(0.,-0.707106781187,0.707106781187));
#755 = ADVANCED_FACE('',(#756),#774,.F.);
#756 = FACE_BOUND('',#757,.F.);
#757 = EDGE_LOOP('',(#758,#759,#760,#768));
#758 = ORIENTED_EDGE('',*,*,#151,.F.);
#759 = ORIENTED_EDGE('',*,*,#745,.T.);
#760 = ORIENTED_EDGE('',*,*,#761,.T.);
#761 = EDGE_CURVE('',#738,#762,#764,.T.);
#762 = VERTEX_POINT('',#763);
#763 = CARTESIAN_POINT('',(-12.24999956899,-2.287798204586,
    -6.135829794896));
#764 = LINE('',#765,#766);
#765 = CARTESIAN_POINT('',(-12.24999962142,-0.806738925049,
    -6.135829794896));
#766 = VECTOR('',#767,1.);
#767 = DIRECTION('',(3.539987388E-08,-1.,-8.80844410424E-16));
#768 = ORIENTED_EDGE('',*,*,#769,.F.);
#769 = EDGE_CURVE('',#144,#762,#770,.T.);
#770 = LINE('',#771,#772);
#771 = CARTESIAN_POINT('',(14.750001174252,-2.287798204586,
    -6.135829794896));
#772 = VECTOR('',#773,1.);
#773 = DIRECTION('',(-1.,-0.,-0.));
#774 = PLANE('',#775);
#775 = AXIS2_PLACEMENT_3D('',#776,#777,#778);
#776 = CARTESIAN_POINT('',(14.750001174252,-1.279472092518,
    -6.135829794896));
#777 = DIRECTION('',(0.,-8.80844410424E-16,1.));
#778 = DIRECTION('',(0.,-1.,-8.80844410424E-16));
#779 = ADVANCED_FACE('',(#780),#791,.T.);
#780 = FACE_BOUND('',#781,.T.);
#781 = EDGE_LOOP('',(#782,#783,#784,#790));
#782 = ORIENTED_EDGE('',*,*,#143,.F.);
#783 = ORIENTED_EDGE('',*,*,#704,.T.);
#784 = ORIENTED_EDGE('',*,*,#785,.T.);
#785 = EDGE_CURVE('',#696,#762,#786,.T.);
#786 = LINE('',#787,#788);
#787 = CARTESIAN_POINT('',(-12.24999952489,-3.533671079741,
    -7.381702670051));
#788 = VECTOR('',#789,1.);
#789 = DIRECTION('',(-2.503149107876E-08,0.707106781187,0.707106781187)
  );
#790 = ORIENTED_EDGE('',*,*,#769,.F.);
#791 = PLANE('',#792);
#792 = AXIS2_PLACEMENT_3D('',#793,#794,#795);
#793 = CARTESIAN_POINT('',(14.750001174252,-2.985716676569,
    -6.833748266879));
#794 = DIRECTION('',(0.,0.707106781187,-0.707106781187));
#795 = DIRECTION('',(0.,0.707106781187,0.707106781187));
#796 = ADVANCED_FACE('',(#797),#848,.T.);
#797 = FACE_BOUND('',#798,.T.);
#798 = EDGE_LOOP('',(#799,#841,#847));
#799 = ORIENTED_EDGE('',*,*,#800,.T.);
#800 = EDGE_CURVE('',#176,#801,#803,.T.);
#801 = VERTEX_POINT('',#802);
#802 = CARTESIAN_POINT('',(-8.026776798267,-1.575179619918,
    -19.68582979489));
#803 = B_SPLINE_CURVE_WITH_KNOTS('',8,(#804,#805,#806,#807,#808,#809,
    #810,#811,#812,#813,#814,#815,#816,#817,#818,#819,#820,#821,#822,
    #823,#824,#825,#826,#827,#828,#829,#830,#831,#832,#833,#834,#835,
    #836,#837,#838,#839,#840),.UNSPECIFIED.,.F.,.F.,(9,7,7,7,7,9),(0.,
    0.203519823727,0.445008551881,0.57570284327,0.795961529238,1.),
  .UNSPECIFIED.);
#804 = CARTESIAN_POINT('',(-10.65320517135,-4.283635392925,
    -19.68582979489));
#805 = CARTESIAN_POINT('',(-10.62940697647,-4.184245364433,
    -19.68582979489));
#806 = CARTESIAN_POINT('',(-10.60649408952,-4.084546962796,
    -19.68582979489));
#807 = CARTESIAN_POINT('',(-10.5750969447,-3.986722230489,
    -19.68582979489));
#808 = CARTESIAN_POINT('',(-10.56273823258,-3.883574090728,
    -19.68582979489));
#809 = CARTESIAN_POINT('',(-10.52837497843,-3.787937029336,
    -19.68582979489));
#810 = CARTESIAN_POINT('',(-10.49818380615,-3.689425410346,
    -19.68582979489));
#811 = CARTESIAN_POINT('',(-10.46241393644,-3.593767641519,
    -19.68582979489));
#812 = CARTESIAN_POINT('',(-10.37581042703,-3.386991627058,
    -19.68582979489));
#813 = CARTESIAN_POINT('',(-10.32346717181,-3.277045218741,
    -19.68582979489));
#814 = CARTESIAN_POINT('',(-10.26609688078,-3.169544358866,
    -19.68582979489));
#815 = CARTESIAN_POINT('',(-10.20398389386,-3.064670671587,
    -19.68582979489));
#816 = CARTESIAN_POINT('',(-10.13738051988,-2.962602709662,
    -19.68582979489));
#817 = CARTESIAN_POINT('',(-10.06650693314,-2.86351625978,
    -19.68582979489));
#818 = CARTESIAN_POINT('',(-9.991547453724,-2.767586944022,
    -19.68582979489));
#819 = CARTESIAN_POINT('',(-9.869940042676,-2.624884194027,
    -19.68582979489));
#820 = CARTESIAN_POINT('',(-9.826096821183,-2.575768870544,
    -19.68582979489));
#821 = CARTESIAN_POINT('',(-9.781153099234,-2.527694996383,
    -19.68582979489));
#822 = CARTESIAN_POINT('',(-9.735148428782,-2.480708420929,
    -19.68582979489));
#823 = CARTESIAN_POINT('',(-9.688122361777,-2.434854993571,
    -19.68582979489));
#824 = CARTESIAN_POINT('',(-9.640114450172,-2.390180563695,
    -19.68582979489));
#825 = CARTESIAN_POINT('',(-9.591164245918,-2.346730980687,
    -19.68582979489));
#826 = CARTESIAN_POINT('',(-9.45729428668,-2.23346814625,-19.68582979489
    ));
#827 = CARTESIAN_POINT('',(-9.370424423748,-2.165763001521,
    -19.68582979489));
#828 = CARTESIAN_POINT('',(-9.280727582971,-2.101557629349,
    -19.68582979489));
#829 = CARTESIAN_POINT('',(-9.18866312928,-2.041172868234,
    -19.68582979489));
#830 = CARTESIAN_POINT('',(-9.093443185615,-1.985363592245,
    -19.68582979489));
#831 = CARTESIAN_POINT('',(-8.996452509308,-1.933087556558,
    -19.68582979489));
#832 = CARTESIAN_POINT('',(-8.897270046319,-1.885070483128,
    -19.68582979489));
#833 = CARTESIAN_POINT('',(-8.702919828545,-1.800518986147,
    -19.68582979489));
#834 = CARTESIAN_POINT('',(-8.607991683181,-1.762539524231,
    -19.68582979489));
#835 = CARTESIAN_POINT('',(-8.512221454412,-1.731438726539,
    -19.68582979489));
#836 = CARTESIAN_POINT('',(-8.412378167904,-1.704275353533,
    -19.68582979489));
#837 = CARTESIAN_POINT('',(-8.318926047469,-1.665429178766,
    -19.68582979489));
#838 = CARTESIAN_POINT('',(-8.220465260186,-1.637654883052,
    -19.68582979489));
#839 = CARTESIAN_POINT('',(-8.123940858628,-1.605808240045,
    -19.68582979489));
#840 = CARTESIAN_POINT('',(-8.026776798267,-1.575179619918,
    -19.68582979489));
#841 = ORIENTED_EDGE('',*,*,#842,.T.);
#842 = EDGE_CURVE('',#801,#174,#843,.T.);
#843 = LINE('',#844,#845);
#844 = CARTESIAN_POINT('',(-8.026776914787,1.71636470005,-19.68582979489
    ));
#845 = VECTOR('',#846,1.);
#846 = DIRECTION('',(3.539988918E-08,-1.,1.737E-14));
#847 = ORIENTED_EDGE('',*,*,#173,.T.);
#848 = PLANE('',#849);
#849 = AXIS2_PLACEMENT_3D('',#850,#851,#852);
#850 = CARTESIAN_POINT('',(-11.64405225516,-1.283635428001,
    -19.68582979489));
#851 = DIRECTION('',(0.,-1.747E-14,-1.));
#852 = DIRECTION('',(-3.539987446E-08,1.,-1.747E-14));
#853 = ADVANCED_FACE('',(#854),#872,.F.);
#854 = FACE_BOUND('',#855,.F.);
#855 = EDGE_LOOP('',(#856,#864,#865,#866));
#856 = ORIENTED_EDGE('',*,*,#857,.F.);
#857 = EDGE_CURVE('',#379,#858,#860,.T.);
#858 = VERTEX_POINT('',#859);
#859 = CARTESIAN_POINT('',(-11.24999948064,-4.283635396351,
    -19.68582979489));
#860 = LINE('',#861,#862);
#861 = CARTESIAN_POINT('',(-11.24999948064,-4.283635396351,
    -2.985829794896));
#862 = VECTOR('',#863,1.);
#863 = DIRECTION('',(-0.,-0.,-1.));
#864 = ORIENTED_EDGE('',*,*,#387,.T.);
#865 = ORIENTED_EDGE('',*,*,#396,.T.);
#866 = ORIENTED_EDGE('',*,*,#867,.T.);
#867 = EDGE_CURVE('',#176,#858,#868,.T.);
#868 = LINE('',#869,#870);
#869 = CARTESIAN_POINT('',(8.541895727562,-4.283635396351,
    -19.68582979489));
#870 = VECTOR('',#871,1.);
#871 = DIRECTION('',(-1.,0.,0.));
#872 = PLANE('',#873);
#873 = AXIS2_PLACEMENT_3D('',#874,#875,#876);
#874 = CARTESIAN_POINT('',(14.750001174252,-4.283635396351,
    -2.985829794896));
#875 = DIRECTION('',(0.,1.,0.));
#876 = DIRECTION('',(-1.,0.,0.));
#877 = ADVANCED_FACE('',(#878),#888,.F.);
#878 = FACE_BOUND('',#879,.F.);
#879 = EDGE_LOOP('',(#880,#886,#887));
#880 = ORIENTED_EDGE('',*,*,#881,.F.);
#881 = EDGE_CURVE('',#317,#379,#882,.T.);
#882 = LINE('',#883,#884);
#883 = CARTESIAN_POINT('',(-11.24999948064,-4.283635396351,
    -2.985829794896));
#884 = VECTOR('',#885,1.);
#885 = DIRECTION('',(-0.,-0.,-1.));
#886 = ORIENTED_EDGE('',*,*,#347,.T.);
#887 = ORIENTED_EDGE('',*,*,#378,.T.);
#888 = PLANE('',#889);
#889 = AXIS2_PLACEMENT_3D('',#890,#891,#892);
#890 = CARTESIAN_POINT('',(14.750001174252,-4.283635396351,
    -2.985829794896));
#891 = DIRECTION('',(0.,1.,0.));
#892 = DIRECTION('',(-1.,0.,0.));
#893 = ADVANCED_FACE('',(#894),#1056,.T.);
#894 = FACE_BOUND('',#895,.T.);
#895 = EDGE_LOOP('',(#896,#918,#919,#996,#1018,#1029,#1038,#1049));
#896 = ORIENTED_EDGE('',*,*,#897,.F.);
#897 = EDGE_CURVE('',#317,#898,#900,.T.);
#898 = VERTEX_POINT('',#899);
#899 = CARTESIAN_POINT('',(-11.24999948064,-4.806285280587,
    -12.17039278879));
#900 = B_SPLINE_CURVE_WITH_KNOTS('',6,(#901,#902,#903,#904,#905,#906,
    #907,#908,#909,#910,#911,#912,#913,#914,#915,#916,#917),
  .UNSPECIFIED.,.F.,.F.,(7,5,5,7),(0.,1.785140833709E-02,0.761341794448,
    1.),.UNSPECIFIED.);
#901 = CARTESIAN_POINT('',(-11.24999948064,-4.283635396351,
    -11.00896367295));
#902 = CARTESIAN_POINT('',(-11.24999948064,-4.284864936586,
    -11.01255767274));
#903 = CARTESIAN_POINT('',(-11.24999948064,-4.286095918845,
    -11.01615120345));
#904 = CARTESIAN_POINT('',(-11.24999948064,-4.287328355376,
    -11.01974427136));
#905 = CARTESIAN_POINT('',(-11.24999948064,-4.288562256394,
    -11.02333687655));
#906 = CARTESIAN_POINT('',(-11.24999948064,-4.289797630078,
    -11.02692901289));
#907 = CARTESIAN_POINT('',(-11.24999948064,-4.342547949866,
    -11.18010892738));
#908 = CARTESIAN_POINT('',(-11.24999948064,-4.396603455845,
    -11.32879515367));
#909 = CARTESIAN_POINT('',(-11.24999948064,-4.453895058154,
    -11.47643970656));
#910 = CARTESIAN_POINT('',(-11.24999948064,-4.515253732019,
    -11.62258873624));
#911 = CARTESIAN_POINT('',(-11.24999948064,-4.581731435425,
    -11.76643825195));
#912 = CARTESIAN_POINT('',(-11.24999948064,-4.678202752029,
    -11.95181924945));
#913 = CARTESIAN_POINT('',(-11.24999948064,-4.702315100325,
    -11.99649446587));
#914 = CARTESIAN_POINT('',(-11.24999948064,-4.727141521701,
    -12.04075254442));
#915 = CARTESIAN_POINT('',(-11.24999948064,-4.752726177706,
    -12.08453727458));
#916 = CARTESIAN_POINT('',(-11.24999948064,-4.779112170766,
    -12.12778275337));
#917 = CARTESIAN_POINT('',(-11.24999948064,-4.806340194945,
    -12.17041439498));
#918 = ORIENTED_EDGE('',*,*,#316,.F.);
#919 = ORIENTED_EDGE('',*,*,#920,.T.);
#920 = EDGE_CURVE('',#309,#921,#923,.T.);
#921 = VERTEX_POINT('',#922);
#922 = CARTESIAN_POINT('',(-11.74999940117,-7.028508930381,
    -11.70778010265));
#923 = B_SPLINE_CURVE_WITH_KNOTS('',8,(#924,#925,#926,#927,#928,#929,
    #930,#931,#932,#933,#934,#935,#936,#937,#938,#939,#940,#941,#942,
    #943,#944,#945,#946,#947,#948,#949,#950,#951,#952,#953,#954,#955,
    #956,#957,#958,#959,#960,#961,#962,#963,#964,#965,#966,#967,#968,
    #969,#970,#971,#972,#973,#974,#975,#976,#977,#978,#979,#980,#981,
    #982,#983,#984,#985,#986,#987,#988,#989,#990,#991,#992,#993,#994,
    #995),.UNSPECIFIED.,.F.,.F.,(9,7,7,7,7,7,7,7,7,7,9),(0.,
    1.847255512442E-02,0.126704019198,0.246941406726,0.502879420853,
    0.634785503553,0.698506495295,0.809991676631,0.930725748597,
    0.975242846143,1.),.UNSPECIFIED.);
#924 = CARTESIAN_POINT('',(-11.74999950679,-4.04500464961,
    -8.677826181067));
#925 = CARTESIAN_POINT('',(-11.74999950664,-4.049294877071,
    -8.687672248259));
#926 = CARTESIAN_POINT('',(-11.74999950648,-4.053584341218,
    -8.697519045471));
#927 = CARTESIAN_POINT('',(-11.74999950633,-4.057873153,-8.707366521227)
  );
#928 = CARTESIAN_POINT('',(-11.74999950618,-4.062161423415,
    -8.717214624083));
#929 = CARTESIAN_POINT('',(-11.74999950603,-4.066449263507,
    -8.727063302625));
#930 = CARTESIAN_POINT('',(-11.74999950588,-4.070736784373,
    -8.736912505476));
#931 = CARTESIAN_POINT('',(-11.74999950573,-4.075024097156,
    -8.74676218129));
#932 = CARTESIAN_POINT('',(-11.74999950468,-4.104430288185,
    -8.81432440696));
#933 = CARTESIAN_POINT('',(-11.7499995038,-4.129545891139,
    -8.872050903083));
#934 = CARTESIAN_POINT('',(-11.74999950291,-4.154680561315,
    -8.92978158809));
#935 = CARTESIAN_POINT('',(-11.74999950201,-4.179856783585,
    -8.98750613862));
#936 = CARTESIAN_POINT('',(-11.74999950112,-4.205097253268,
    -9.045214012333));
#937 = CARTESIAN_POINT('',(-11.74999950022,-4.230425041114,
    -9.102894373257));
#938 = CARTESIAN_POINT('',(-11.74999949932,-4.255863758279,
    -9.160536017139));
#939 = CARTESIAN_POINT('',(-11.74999949741,-4.309848558478,
    -9.282107074469));
#940 = CARTESIAN_POINT('',(-11.7499994964,-4.338426022291,
    -9.346024219034));
#941 = CARTESIAN_POINT('',(-11.74999949538,-4.367203863203,
    -9.409863001077));
#942 = CARTESIAN_POINT('',(-11.74999949436,-4.396216144991,
    -9.473606305083));
#943 = CARTESIAN_POINT('',(-11.74999949332,-4.425497716705,
    -9.537235653539));
#944 = CARTESIAN_POINT('',(-11.74999949227,-4.455084729898,
    -9.600731104928));
#945 = CARTESIAN_POINT('',(-11.74999949121,-4.485015201119,
    -9.664071025581));
#946 = CARTESIAN_POINT('',(-11.74999948785,-4.579857070335,
    -9.861675995808));
#947 = CARTESIAN_POINT('',(-11.74999948551,-4.646095590731,
    -9.995248244959));
#948 = CARTESIAN_POINT('',(-11.74999948309,-4.714465135548,
    -10.12779262647));
#949 = CARTESIAN_POINT('',(-11.74999948058,-4.785408475906,
    -10.25904129729));
#950 = CARTESIAN_POINT('',(-11.74999947796,-4.859405800341,
    -10.38860610169));
#951 = CARTESIAN_POINT('',(-11.74999947521,-4.936994668029,
    -10.51596738497));
#952 = CARTESIAN_POINT('',(-11.74999947232,-5.018795314274,
    -10.64045994689));
#953 = CARTESIAN_POINT('',(-11.74999946766,-5.150248712477,
    -10.82351242775));
#954 = CARTESIAN_POINT('',(-11.74999946603,-5.196254616574,
    -10.88476573153));
#955 = CARTESIAN_POINT('',(-11.74999946436,-5.243652675431,
    -10.94489606887));
#956 = CARTESIAN_POINT('',(-11.74999946263,-5.292532703415,
    -11.00375778797));
#957 = CARTESIAN_POINT('',(-11.74999946084,-5.342979471149,
    -11.06118097831));
#958 = CARTESIAN_POINT('',(-11.749999459,-5.395070143807,-11.11697417946
    ));
#959 = CARTESIAN_POINT('',(-11.74999945709,-5.448870360938,
    -11.17092838273));
#960 = CARTESIAN_POINT('',(-11.74999945418,-5.531268121105,
    -11.24789117372));
#961 = CARTESIAN_POINT('',(-11.74999945321,-5.558516335462,
    -11.27247801436));
#962 = CARTESIAN_POINT('',(-11.74999945223,-5.586178175901,
    -11.29655723231));
#963 = CARTESIAN_POINT('',(-11.74999945124,-5.61425691526,
    -11.32010229186));
#964 = CARTESIAN_POINT('',(-11.74999945023,-5.642754317115,
    -11.34308602176));
#965 = CARTESIAN_POINT('',(-11.7499994492,-5.671670428694,
    -11.36548089997));
#966 = CARTESIAN_POINT('',(-11.74999944817,-5.701003373788,
    -11.38725933837));
#967 = CARTESIAN_POINT('',(-11.74999944527,-5.782791850601,
    -11.44537076112));
#968 = CARTESIAN_POINT('',(-11.74999944338,-5.836105914237,
    -11.48038281868));
#969 = CARTESIAN_POINT('',(-11.74999944145,-5.890662684361,
    -11.51327325746));
#970 = CARTESIAN_POINT('',(-11.74999943948,-5.94641280196,
    -11.54390789286));
#971 = CARTESIAN_POINT('',(-11.74999943746,-6.003306360674,
    -11.57213102757));
#972 = CARTESIAN_POINT('',(-11.74999943541,-6.061246935465,
    -11.59786669279));
#973 = CARTESIAN_POINT('',(-11.74999943333,-6.120152875795,
    -11.62097652453));
#974 = CARTESIAN_POINT('',(-11.74999942892,-6.244576617609,
    -11.66358584094));
#975 = CARTESIAN_POINT('',(-11.7499994266,-6.310251592625,
    -11.68262859863));
#976 = CARTESIAN_POINT('',(-11.74999942425,-6.376746402475,
    -11.6984975022));
#977 = CARTESIAN_POINT('',(-11.74999942187,-6.443898536793,
    -11.71118001394));
#978 = CARTESIAN_POINT('',(-11.74999941947,-6.511549003487,
    -11.72070438345));
#979 = CARTESIAN_POINT('',(-11.74999941707,-6.579542983583,
    -11.72713106746));
#980 = CARTESIAN_POINT('',(-11.74999941465,-6.647730590496,
    -11.73054567078));
#981 = CARTESIAN_POINT('',(-11.74999941135,-6.741128150414,
    -11.73124062108));
#982 = CARTESIAN_POINT('',(-11.74999941046,-6.766296958889,
    -11.73103259238));
#983 = CARTESIAN_POINT('',(-11.74999940956,-6.791467661215,
    -11.73043461803));
#984 = CARTESIAN_POINT('',(-11.74999940867,-6.816634053471,
    -11.72945218711));
#985 = CARTESIAN_POINT('',(-11.74999940778,-6.841790225728,
    -11.72809098172));
#986 = CARTESIAN_POINT('',(-11.74999940689,-6.866930562056,
    -11.72635687698));
#987 = CARTESIAN_POINT('',(-11.749999406,-6.89204974052,-11.72425594102)
  );
#988 = CARTESIAN_POINT('',(-11.74999940462,-6.9310976205,-11.72042552537
    ));
#989 = CARTESIAN_POINT('',(-11.74999940413,-6.945044413046,
    -11.71894508233));
#990 = CARTESIAN_POINT('',(-11.74999940363,-6.958982251769,
    -11.71735416838));
#991 = CARTESIAN_POINT('',(-11.74999940314,-6.972910304176,
    -11.71565385145));
#992 = CARTESIAN_POINT('',(-11.74999940265,-6.986827764336,
    -11.71384520492));
#993 = CARTESIAN_POINT('',(-11.74999940216,-7.000733852873,
    -11.71192930756));
#994 = CARTESIAN_POINT('',(-11.74999940166,-7.014627816974,
    -11.70990724359));
#995 = CARTESIAN_POINT('',(-11.74999940117,-7.028508930381,
    -11.70778010265));
#996 = ORIENTED_EDGE('',*,*,#997,.F.);
#997 = EDGE_CURVE('',#998,#921,#1000,.T.);
#998 = VERTEX_POINT('',#999);
#999 = CARTESIAN_POINT('',(-12.08687514814,-7.028508942307,
    -10.90963590494));
#1000 = B_SPLINE_CURVE_WITH_KNOTS('',6,(#1001,#1002,#1003,#1004,#1005,
    #1006,#1007,#1008,#1009,#1010,#1011,#1012,#1013,#1014,#1015,#1016,
    #1017),.UNSPECIFIED.,.F.,.F.,(7,5,5,7),(0.,0.255356943703,
    0.5152036364,1.),.UNSPECIFIED.);
#1001 = CARTESIAN_POINT('',(-12.81861950178,-7.02850896821,
    -9.23683021541));
#1002 = CARTESIAN_POINT('',(-12.77095127499,-7.028508966523,
    -9.340959000955));
#1003 = CARTESIAN_POINT('',(-12.72360238318,-7.028508964847,
    -9.445242064424));
#1004 = CARTESIAN_POINT('',(-12.67655865756,-7.028508963181,
    -9.549671696229));
#1005 = CARTESIAN_POINT('',(-12.62980372506,-7.028508961526,
    -9.654239335967));
#1006 = CARTESIAN_POINT('',(-12.5833190083,-7.028508959881,
    -9.758935572419));
#1007 = CARTESIAN_POINT('',(-12.49003552262,-7.028508956578,
    -9.97040759042));
#1008 = CARTESIAN_POINT('',(-12.44324570743,-7.028508954922,
    -10.07718764623));
#1009 = CARTESIAN_POINT('',(-12.3966911037,-7.028508953274,
    -10.1840790371));
#1010 = CARTESIAN_POINT('',(-12.35035990825,-7.028508951634,
    -10.29107507113));
#1011 = CARTESIAN_POINT('',(-12.30422752188,-7.028508950001,
    -10.39816388772));
#1012 = CARTESIAN_POINT('',(-12.17253697833,-7.028508945339,
    -10.70528539728));
#1013 = CARTESIAN_POINT('',(-12.08742124692,-7.028508942326,
    -10.90552076118));
#1014 = CARTESIAN_POINT('',(-12.00278166272,-7.02850893933,
    -11.10597470647));
#1015 = CARTESIAN_POINT('',(-11.91845526593,-7.028508936344,
    -11.30656709414));
#1016 = CARTESIAN_POINT('',(-11.834261943,-7.028508933364,
    -11.50720495146));
#1017 = CARTESIAN_POINT('',(-11.74999940117,-7.028508930381,
    -11.70778010265));
#1018 = ORIENTED_EDGE('',*,*,#1019,.T.);
#1019 = EDGE_CURVE('',#998,#1020,#1022,.T.);
#1020 = VERTEX_POINT('',#1021);
#1021 = CARTESIAN_POINT('',(-11.90416877832,-7.852313874476,
    -11.09580637672));
#1022 = B_SPLINE_CURVE_WITH_KNOTS('',3,(#1023,#1024,#1025,#1026,#1027,
    #1028),.UNSPECIFIED.,.F.,.F.,(4,2,4),(0.529983175058,0.639061121998,
    0.731845970277),.UNSPECIFIED.);
#1023 = CARTESIAN_POINT('',(-12.21068164481,-5.789121003324,
    -10.1743660481));
#1024 = CARTESIAN_POINT('',(-12.19536421002,-6.099908579724,
    -10.45700289405));
#1025 = CARTESIAN_POINT('',(-12.17204691779,-6.449389038859,
    -10.67871968744));
#1026 = CARTESIAN_POINT('',(-12.06928307661,-7.166844899805,
    -10.9725041519));
#1027 = CARTESIAN_POINT('',(-12.00084455171,-7.508485548748,
    -11.05540732437));
#1028 = CARTESIAN_POINT('',(-11.90416878364,-7.852313876729,
    -11.09580636416));
#1029 = ORIENTED_EDGE('',*,*,#1030,.T.);
#1030 = EDGE_CURVE('',#1020,#1031,#1033,.T.);
#1031 = VERTEX_POINT('',#1032);
#1032 = CARTESIAN_POINT('',(-11.24999948064,-7.402883456281,
    -12.72534623089));
#1033 = B_SPLINE_CURVE_WITH_KNOTS('',3,(#1034,#1035,#1036,#1037),
  .UNSPECIFIED.,.F.,.F.,(4,4),(-1.597084366407,-1.375793802544),
  .PIECEWISE_BEZIER_KNOTS.);
#1034 = CARTESIAN_POINT('',(-11.90339629233,-7.855128530075,
    -11.09609630523));
#1035 = CARTESIAN_POINT('',(-11.62130300424,-7.719392048534,
    -11.77042381823));
#1036 = CARTESIAN_POINT('',(-11.35573416567,-7.522262391729,
    -12.43912789243));
#1037 = CARTESIAN_POINT('',(-11.11282934871,-7.267253711055,
    -13.08725868938));
#1038 = ORIENTED_EDGE('',*,*,#1039,.T.);
#1039 = EDGE_CURVE('',#1031,#1040,#1042,.T.);
#1040 = VERTEX_POINT('',#1041);
#1041 = CARTESIAN_POINT('',(-11.24999948064,-6.79654249723,
    -12.95346446106));
#1042 = B_SPLINE_CURVE_WITH_KNOTS('',5,(#1043,#1044,#1045,#1046,#1047,
    #1048),.UNSPECIFIED.,.F.,.F.,(6,6),(0.,1.),
  .PIECEWISE_BEZIER_KNOTS.);
#1043 = CARTESIAN_POINT('',(-11.24999948064,-7.402883456281,
    -12.72534623089));
#1044 = CARTESIAN_POINT('',(-11.24999948064,-7.285059872744,
    -12.78289976313));
#1045 = CARTESIAN_POINT('',(-11.24999948064,-7.165281989413,
    -12.83518234007));
#1046 = CARTESIAN_POINT('',(-11.24999948064,-7.043691911461,
    -12.88158592007));
#1047 = CARTESIAN_POINT('',(-11.24999948064,-6.920599674377,
    -12.9213176234));
#1048 = CARTESIAN_POINT('',(-11.24999948064,-6.796444565627,
    -12.95342592963));
#1049 = ORIENTED_EDGE('',*,*,#1050,.F.);
#1050 = EDGE_CURVE('',#898,#1040,#1051,.T.);
#1051 = CIRCLE('',#1052,4.6);
#1052 = AXIS2_PLACEMENT_3D('',#1053,#1054,#1055);
#1053 = CARTESIAN_POINT('',(-7.025565675795,-6.340832192392,
    -11.19094151185));
#1054 = DIRECTION('',(-0.329302089591,-0.345711099771,0.878660326455));
#1055 = DIRECTION('',(-0.912413104792,0.356017479371,-0.201875903926));
#1056 = B_SPLINE_SURFACE_WITH_KNOTS('',3,3,(
    (#1057,#1058,#1059,#1060,#1061)
    ,(#1062,#1063,#1064,#1065,#1066)
    ,(#1067,#1068,#1069,#1070,#1071)
    ,(#1072,#1073,#1074,#1075,#1076)
    ,(#1077,#1078,#1079,#1080,#1081
  )),.UNSPECIFIED.,.F.,.F.,.F.,(4,1,4),(4,1,4),(0.,0.571428571429,1.),(
    -1.970668219616,-1.715722040871,-1.375793802544),.UNSPECIFIED.);
#1057 = CARTESIAN_POINT('',(-10.40025275674,-2.734533936154,
    -7.046631094395));
#1058 = CARTESIAN_POINT('',(-10.62260273869,-2.943755577271,
    -7.585775204275));
#1059 = CARTESIAN_POINT('',(-11.11803001474,-3.509598537244,
    -9.04389827118));
#1060 = CARTESIAN_POINT('',(-11.30056187259,-4.270299278685,
    -11.00415120622));
#1061 = CARTESIAN_POINT('',(-11.22266595784,-4.703151787287,
    -12.11957066991));
#1062 = CARTESIAN_POINT('',(-11.50088829441,-3.138637390415,
    -7.531194714898));
#1063 = CARTESIAN_POINT('',(-11.61020848014,-3.444676579244,
    -8.013448605086));
#1064 = CARTESIAN_POINT('',(-11.76082461869,-4.177949169599,
    -9.39694069373));
#1065 = CARTESIAN_POINT('',(-11.57223569659,-4.851054216964,
    -11.28195857008));
#1066 = CARTESIAN_POINT('',(-11.35159452421,-5.163729417817,
    -12.34910561011));
#1067 = CARTESIAN_POINT('',(-13.19453020949,-4.750010970411,
    -8.109910123431));
#1068 = CARTESIAN_POINT('',(-13.01818507585,-5.066996220309,
    -8.584963952709));
#1069 = CARTESIAN_POINT('',(-12.50193097536,-5.697176628905,
    -9.950601308637));
#1070 = CARTESIAN_POINT('',(-11.81858333614,-5.9893653166,
    -11.71911183253));
#1071 = CARTESIAN_POINT('',(-11.42909630973,-6.027334040508,
    -12.71793892834));
#1072 = CARTESIAN_POINT('',(-13.56551764248,-7.045963310036,
    -7.908918435397));
#1073 = CARTESIAN_POINT('',(-13.21847425606,-7.223212822709,
    -8.56839929169));
#1074 = CARTESIAN_POINT('',(-12.41242521166,-7.404960849759,
    -10.21654632625));
#1075 = CARTESIAN_POINT('',(-11.63753026886,-7.169925198549,
    -12.0039478395));
#1076 = CARTESIAN_POINT('',(-11.23994304189,-6.902605140288,
    -12.99142614623));
#1077 = CARTESIAN_POINT('',(-13.45465378291,-7.967107392959,
    -7.69785781794));
#1078 = CARTESIAN_POINT('',(-13.07472005301,-8.094728033208,
    -8.454407851876));
#1079 = CARTESIAN_POINT('',(-12.23252634058,-8.105487031505,
    -10.26439008454));
#1080 = CARTESIAN_POINT('',(-11.48595961268,-7.658976928107,
    -12.09165383318));
#1081 = CARTESIAN_POINT('',(-11.11282934871,-7.267253711055,
    -13.08725868938));
#1082 = ADVANCED_FACE('',(#1083),#1101,.T.);
#1083 = FACE_BOUND('',#1084,.T.);
#1084 = EDGE_LOOP('',(#1085,#1093,#1099,#1100));
#1085 = ORIENTED_EDGE('',*,*,#1086,.F.);
#1086 = EDGE_CURVE('',#1087,#301,#1089,.T.);
#1087 = VERTEX_POINT('',#1088);
#1088 = CARTESIAN_POINT('',(-11.74999940117,-7.028508930381,
    -2.985829794897));
#1089 = LINE('',#1090,#1091);
#1090 = CARTESIAN_POINT('',(-11.74999940117,-7.028508930381,
    -2.985829794897));
#1091 = VECTOR('',#1092,1.);
#1092 = DIRECTION('',(-3.5399874E-08,1.,0.));
#1093 = ORIENTED_EDGE('',*,*,#1094,.F.);
#1094 = EDGE_CURVE('',#921,#1087,#1095,.T.);
#1095 = LINE('',#1096,#1097);
#1096 = CARTESIAN_POINT('',(-11.74999940117,-7.028508930381,
    -20.38070263862));
#1097 = VECTOR('',#1098,1.);
#1098 = DIRECTION('',(0.,0.,1.));
#1099 = ORIENTED_EDGE('',*,*,#920,.F.);
#1100 = ORIENTED_EDGE('',*,*,#308,.T.);
#1101 = PLANE('',#1102);
#1102 = AXIS2_PLACEMENT_3D('',#1103,#1104,#1105);
#1103 = CARTESIAN_POINT('',(-11.74999958684,-1.783636086649,
    -11.68326621676));
#1104 = DIRECTION('',(1.,3.539987395E-08,3.1E-16));
#1105 = DIRECTION('',(-3.539987395E-08,1.,0.));
#1106 = ADVANCED_FACE('',(#1107),#1165,.T.);
#1107 = FACE_BOUND('',#1108,.T.);
#1108 = EDGE_LOOP('',(#1109,#1117,#1125,#1133,#1141,#1149,#1157,#1163,
    #1164));
#1109 = ORIENTED_EDGE('',*,*,#1110,.F.);
#1110 = EDGE_CURVE('',#1111,#292,#1113,.T.);
#1111 = VERTEX_POINT('',#1112);
#1112 = CARTESIAN_POINT('',(-8.02677674058,-1.158689039822,
    -2.985829870234));
#1113 = LINE('',#1114,#1115);
#1114 = CARTESIAN_POINT('',(-8.026776914788,1.716364700051,
    -2.985829794897));
#1115 = VECTOR('',#1116,1.);
#1116 = DIRECTION('',(3.539988918E-08,-1.,1.737E-14));
#1117 = ORIENTED_EDGE('',*,*,#1118,.T.);
#1118 = EDGE_CURVE('',#1111,#1119,#1121,.T.);
#1119 = VERTEX_POINT('',#1120);
#1120 = CARTESIAN_POINT('',(-17.18403508176,-1.158689305558,
    -2.985829794897));
#1121 = LINE('',#1122,#1123);
#1122 = CARTESIAN_POINT('',(-7.125811726402,-1.158688949457,
    -2.985829794897));
#1123 = VECTOR('',#1124,1.);
#1124 = DIRECTION('',(-1.,-3.539988724E-08,0.));
#1125 = ORIENTED_EDGE('',*,*,#1126,.F.);
#1126 = EDGE_CURVE('',#1127,#1119,#1129,.T.);
#1127 = VERTEX_POINT('',#1128);
#1128 = CARTESIAN_POINT('',(-20.47647025279,1.049539402205,
    -2.985829794893));
#1129 = LINE('',#1130,#1131);
#1130 = CARTESIAN_POINT('',(135.23735678527,-103.3873667762,
    -2.985829794895));
#1131 = VECTOR('',#1132,1.);
#1132 = DIRECTION('',(0.830501935352,-0.55701574069,9.79E-15));
#1133 = ORIENTED_EDGE('',*,*,#1134,.T.);
#1134 = EDGE_CURVE('',#1127,#1135,#1137,.T.);
#1135 = VERTEX_POINT('',#1136);
#1136 = CARTESIAN_POINT('',(-20.476470064,-4.283635740667,
    -2.985829794897));
#1137 = LINE('',#1138,#1139);
#1138 = CARTESIAN_POINT('',(-20.4764702764,1.716364259333,
    -2.985829794897));
#1139 = VECTOR('',#1140,1.);
#1140 = DIRECTION('',(3.539988918E-08,-1.,1.737E-14));
#1141 = ORIENTED_EDGE('',*,*,#1142,.F.);
#1142 = EDGE_CURVE('',#1143,#1135,#1145,.T.);
#1143 = VERTEX_POINT('',#1144);
#1144 = CARTESIAN_POINT('',(-14.94999949834,-4.283635545031,
    -2.985829794897));
#1145 = LINE('',#1146,#1147);
#1146 = CARTESIAN_POINT('',(-8.026776702388,-4.283635299949,
    -2.985829794897));
#1147 = VECTOR('',#1148,1.);
#1148 = DIRECTION('',(-1.,-3.539988918E-08,0.));
#1149 = ORIENTED_EDGE('',*,*,#1150,.F.);
#1150 = EDGE_CURVE('',#1151,#1143,#1153,.T.);
#1151 = VERTEX_POINT('',#1152);
#1152 = CARTESIAN_POINT('',(-14.94999940117,-7.028509043661,
    -2.985829794897));
#1153 = LINE('',#1154,#1155);
#1154 = CARTESIAN_POINT('',(-14.94999940117,-7.028509043661,
    -2.985829794897));
#1155 = VECTOR('',#1156,1.);
#1156 = DIRECTION('',(-3.5399874E-08,1.,0.));
#1157 = ORIENTED_EDGE('',*,*,#1158,.F.);
#1158 = EDGE_CURVE('',#1087,#1151,#1159,.T.);
#1159 = LINE('',#1160,#1161);
#1160 = CARTESIAN_POINT('',(-11.74999940117,-7.028508930381,
    -2.985829794897));
#1161 = VECTOR('',#1162,1.);
#1162 = DIRECTION('',(-1.,-3.539987414E-08,-2.8E-16));
#1163 = ORIENTED_EDGE('',*,*,#1086,.T.);
#1164 = ORIENTED_EDGE('',*,*,#300,.F.);
#1165 = PLANE('',#1166);
#1166 = AXIS2_PLACEMENT_3D('',#1167,#1168,#1169);
#1167 = CARTESIAN_POINT('',(-14.5520555398,-3.064793105774,
    -2.985829794897));
#1168 = DIRECTION('',(0.,1.415E-14,1.));
#1169 = DIRECTION('',(0.,1.,-1.415E-14));
#1170 = ADVANCED_FACE('',(#1171),#1199,.T.);
#1171 = FACE_BOUND('',#1172,.F.);
#1172 = EDGE_LOOP('',(#1173,#1184,#1190,#1191,#1192));
#1173 = ORIENTED_EDGE('',*,*,#1174,.T.);
#1174 = EDGE_CURVE('',#1175,#1177,#1179,.T.);
#1175 = VERTEX_POINT('',#1176);
#1176 = CARTESIAN_POINT('',(-3.38831621386E-09,9.567900682755E-02,
    0.246555636583));
#1177 = VERTEX_POINT('',#1178);
#1178 = CARTESIAN_POINT('',(8.026777354537,-1.158688607248,
    -2.985830045102));
#1179 = ELLIPSE('',#1180,12.423924186317,11.58238552207);
#1180 = AXIS2_PLACEMENT_3D('',#1181,#1182,#1183);
#1181 = CARTESIAN_POINT('',(-5.3237785428E-07,-4.399010949716,
    -11.33582988548));
#1182 = DIRECTION('',(-3.300206411E-08,0.932264665204,-0.361776994864));
#1183 = DIRECTION('',(-1.280687861E-08,0.361776994864,0.932264665204));
#1184 = ORIENTED_EDGE('',*,*,#1185,.T.);
#1185 = EDGE_CURVE('',#1177,#284,#1186,.T.);
#1186 = LINE('',#1187,#1188);
#1187 = CARTESIAN_POINT('',(8.026777493298,1.716365268345,
    -2.985829794897));
#1188 = VECTOR('',#1189,1.);
#1189 = DIRECTION('',(3.539988918E-08,-1.,1.737E-14));
#1190 = ORIENTED_EDGE('',*,*,#291,.T.);
#1191 = ORIENTED_EDGE('',*,*,#1110,.F.);
#1192 = ORIENTED_EDGE('',*,*,#1193,.F.);
#1193 = EDGE_CURVE('',#1175,#1111,#1194,.T.);
#1194 = ELLIPSE('',#1195,12.423924186317,11.58238552207);
#1195 = AXIS2_PLACEMENT_3D('',#1196,#1197,#1198);
#1196 = CARTESIAN_POINT('',(8.4382455997E-07,-4.399010949716,
    -11.33582988548));
#1197 = DIRECTION('',(3.300206403E-08,-0.932264665204,0.361776994864));
#1198 = DIRECTION('',(-1.28068711E-08,0.361776994864,0.932264665204));
#1199 = CYLINDRICAL_SURFACE('',#1200,11.582385431479);
#1200 = AXIS2_PLACEMENT_3D('',#1201,#1202,#1203);
#1201 = CARTESIAN_POINT('',(2.8925515808E-07,1.716364984198,
    -11.33582979489));
#1202 = DIRECTION('',(-3.539988918E-08,1.,-1.732E-14));
#1203 = DIRECTION('',(1.,3.539988918E-08,0.));
#1204 = ADVANCED_FACE('',(#1205),#1231,.T.);
#1205 = FACE_BOUND('',#1206,.T.);
#1206 = EDGE_LOOP('',(#1207,#1215,#1223,#1229,#1230));
#1207 = ORIENTED_EDGE('',*,*,#1208,.F.);
#1208 = EDGE_CURVE('',#1209,#276,#1211,.T.);
#1209 = VERTEX_POINT('',#1210);
#1210 = CARTESIAN_POINT('',(20.476470178478,1.049540851933,
    -2.985829794895));
#1211 = LINE('',#1212,#1213);
#1212 = CARTESIAN_POINT('',(20.476470154879,1.716365709063,
    -2.985829794897));
#1213 = VECTOR('',#1214,1.);
#1214 = DIRECTION('',(3.539988918E-08,-1.,1.737E-14));
#1215 = ORIENTED_EDGE('',*,*,#1216,.T.);
#1216 = EDGE_CURVE('',#1209,#1217,#1219,.T.);
#1217 = VERTEX_POINT('',#1218);
#1218 = CARTESIAN_POINT('',(17.184035163796,-1.158688088934,
    -2.985829794897));
#1219 = LINE('',#1220,#1221);
#1220 = CARTESIAN_POINT('',(-135.2373493448,-103.38737627,
    -2.985829794895));
#1221 = VECTOR('',#1222,1.);
#1222 = DIRECTION('',(-0.830501895916,-0.557015799489,9.79E-15));
#1223 = ORIENTED_EDGE('',*,*,#1224,.T.);
#1224 = EDGE_CURVE('',#1217,#1177,#1225,.T.);
#1225 = LINE('',#1226,#1227);
#1226 = CARTESIAN_POINT('',(7.125811983441,-1.158688444951,
    -2.985829794897));
#1227 = VECTOR('',#1228,1.);
#1228 = DIRECTION('',(-1.,-3.539988724E-08,0.));
#1229 = ORIENTED_EDGE('',*,*,#1185,.T.);
#1230 = ORIENTED_EDGE('',*,*,#283,.T.);
#1231 = PLANE('',#1232);
#1232 = AXIS2_PLACEMENT_3D('',#1233,#1234,#1235);
#1233 = CARTESIAN_POINT('',(14.251623930288,-1.283634511296,
    -2.985829794897));
#1234 = DIRECTION('',(0.,1.757E-14,1.));
#1235 = DIRECTION('',(3.539987446E-08,-1.,1.757E-14));
#1236 = ADVANCED_FACE('',(#1237),#1493,.T.);
#1237 = FACE_BOUND('',#1238,.T.);
#1238 = EDGE_LOOP('',(#1239,#1249,#1257,#1263,#1264,#1265,#1273,#1281,
    #1289,#1297,#1306,#1315,#1323,#1331,#1339,#1347,#1355,#1363,#1372,
    #1380,#1389,#1397,#1406,#1414,#1423,#1431,#1439,#1447,#1455,#1463,
    #1471,#1479,#1487));
#1239 = ORIENTED_EDGE('',*,*,#1240,.F.);
#1240 = EDGE_CURVE('',#1241,#1243,#1245,.T.);
#1241 = VERTEX_POINT('',#1242);
#1242 = CARTESIAN_POINT('',(20.526367070445,2.870711303068,
    -2.826049083759));
#1243 = VERTEX_POINT('',#1244);
#1244 = CARTESIAN_POINT('',(21.018613342149,4.090936150804,
    -1.249771252702));
#1245 = LINE('',#1246,#1247);
#1246 = CARTESIAN_POINT('',(18.453025268955,-2.26887700756,-9.4653329255
    ));
#1247 = VECTOR('',#1248,1.);
#1248 = DIRECTION('',(0.23973802931,0.594284440788,0.767692438897));
#1249 = ORIENTED_EDGE('',*,*,#1250,.T.);
#1250 = EDGE_CURVE('',#1241,#1251,#1253,.T.);
#1251 = VERTEX_POINT('',#1252);
#1252 = CARTESIAN_POINT('',(20.526367133628,1.085865691658,
    -2.826049083759));
#1253 = LINE('',#1254,#1255);
#1254 = CARTESIAN_POINT('',(20.526367499735,-9.256182729616,
    -2.826049083758));
#1255 = VECTOR('',#1256,1.);
#1256 = DIRECTION('',(3.539988252E-08,-1.,2.48E-14));
#1257 = ORIENTED_EDGE('',*,*,#1258,.T.);
#1258 = EDGE_CURVE('',#1251,#1209,#1259,.T.);
#1259 = LINE('',#1260,#1261);
#1260 = CARTESIAN_POINT('',(1.918245801477,-12.46079308336,
    -62.41322932568));
#1261 = VECTOR('',#1262,1.);
#1262 = DIRECTION('',(-0.291306939276,-0.212070613402,-0.932827059031));
#1263 = ORIENTED_EDGE('',*,*,#1208,.T.);
#1264 = ORIENTED_EDGE('',*,*,#275,.F.);
#1265 = ORIENTED_EDGE('',*,*,#1266,.T.);
#1266 = EDGE_CURVE('',#268,#1267,#1269,.T.);
#1267 = VERTEX_POINT('',#1268);
#1268 = CARTESIAN_POINT('',(19.710773733996,-3.428199470731,
    -5.437753429953));
#1269 = LINE('',#1270,#1271);
#1270 = CARTESIAN_POINT('',(19.710773759181,-4.172202497642,
    -5.437753429953));
#1271 = VECTOR('',#1272,1.);
#1272 = DIRECTION('',(-3.38498578947E-08,1.,0.));
#1273 = ORIENTED_EDGE('',*,*,#1274,.F.);
#1274 = EDGE_CURVE('',#1275,#1267,#1277,.T.);
#1275 = VERTEX_POINT('',#1276);
#1276 = CARTESIAN_POINT('',(19.898744806447,-2.826275835675,
    -4.835829794896));
#1277 = LINE('',#1278,#1279);
#1278 = CARTESIAN_POINT('',(18.860668600866,-6.15041818897,
    -8.159972148197));
#1279 = VECTOR('',#1280,1.);
#1280 = DIRECTION('',(-0.215623672313,-0.690473182657,-0.690473182658));
#1281 = ORIENTED_EDGE('',*,*,#1282,.T.);
#1282 = EDGE_CURVE('',#1275,#1283,#1285,.T.);
#1283 = VERTEX_POINT('',#1284);
#1284 = CARTESIAN_POINT('',(19.898744735861,-0.740994461429,
    -4.835829794896));
#1285 = LINE('',#1286,#1287);
#1286 = CARTESIAN_POINT('',(19.898744808973,-2.90088239582,
    -4.835829794896));
#1287 = VECTOR('',#1288,1.);
#1288 = DIRECTION('',(-3.384986414618E-08,1.,-2.001858657612E-14));
#1289 = ORIENTED_EDGE('',*,*,#1290,.T.);
#1290 = EDGE_CURVE('',#1283,#1291,#1293,.T.);
#1291 = VERTEX_POINT('',#1292);
#1292 = CARTESIAN_POINT('',(19.56189035102,0.337685195006,
    -5.914509451335));
#1293 = LINE('',#1294,#1295);
#1294 = CARTESIAN_POINT('',(19.27759547888,1.248058070668,-6.824882327)
  );
#1295 = VECTOR('',#1296,1.);
#1296 = DIRECTION('',(-0.215623716885,0.690473175697,-0.690473175699));
#1297 = ORIENTED_EDGE('',*,*,#1298,.F.);
#1298 = EDGE_CURVE('',#1299,#1291,#1301,.T.);
#1299 = VERTEX_POINT('',#1300);
#1300 = CARTESIAN_POINT('',(18.150001174252,1.656382851468E-02,
    -10.4356805492));
#1301 = ELLIPSE('',#1302,3.142879477793,3.);
#1302 = AXIS2_PLACEMENT_3D('',#1303,#1304,#1305);
#1303 = CARTESIAN_POINT('',(18.899436118012,-1.783635148552,
    -8.035829794896));
#1304 = DIRECTION('',(0.954538671049,3.231099837E-08,-0.298087110543));
#1305 = DIRECTION('',(-0.298087110543,1.0346672618E-07,-0.954538671049)
  );
#1306 = ORIENTED_EDGE('',*,*,#1307,.F.);
#1307 = EDGE_CURVE('',#1308,#1299,#1310,.T.);
#1308 = VERTEX_POINT('',#1309);
#1309 = CARTESIAN_POINT('',(18.08809860847,-3.283634882527,
    -10.63390615983));
#1310 = ELLIPSE('',#1311,3.142879477793,3.);
#1311 = AXIS2_PLACEMENT_3D('',#1312,#1313,#1314);
#1312 = CARTESIAN_POINT('',(18.899436118012,-1.783635148552,
    -8.035829794896));
#1313 = DIRECTION('',(0.954538671049,3.231099837E-08,-0.298087110543));
#1314 = DIRECTION('',(-0.298087110543,1.0346672618E-07,-0.954538671049)
  );
#1315 = ORIENTED_EDGE('',*,*,#1316,.T.);
#1316 = EDGE_CURVE('',#1308,#1317,#1319,.T.);
#1317 = VERTEX_POINT('',#1318);
#1318 = CARTESIAN_POINT('',(18.088098639564,-4.28363443457,
    -10.63390615983));
#1319 = LINE('',#1320,#1321);
#1320 = CARTESIAN_POINT('',(18.088098655473,-4.672202358133,
    -10.63390615983));
#1321 = VECTOR('',#1322,1.);
#1322 = DIRECTION('',(3.38498578947E-08,-1.,0.));
#1323 = ORIENTED_EDGE('',*,*,#1324,.F.);
#1324 = EDGE_CURVE('',#1325,#1317,#1327,.T.);
#1325 = VERTEX_POINT('',#1326);
#1326 = CARTESIAN_POINT('',(17.43110084043,-4.283634897547,
    -12.73775342995));
#1327 = LINE('',#1328,#1329);
#1328 = CARTESIAN_POINT('',(15.261327898818,-4.283634475553,
    -19.68582979489));
#1329 = VECTOR('',#1330,1.);
#1330 = DIRECTION('',(0.298087133191,1.055226840415E-08,0.954538663976)
  );
#1331 = ORIENTED_EDGE('',*,*,#1332,.T.);
#1332 = EDGE_CURVE('',#1325,#1333,#1335,.T.);
#1333 = VERTEX_POINT('',#1334);
#1334 = CARTESIAN_POINT('',(17.431100869015,-3.428199470728,
    -12.73775342995));
#1335 = LINE('',#1336,#1337);
#1336 = CARTESIAN_POINT('',(17.431100894199,-4.172202574808,
    -12.73775342995));
#1337 = VECTOR('',#1338,1.);
#1338 = DIRECTION('',(-3.38498578947E-08,1.,0.));
#1339 = ORIENTED_EDGE('',*,*,#1340,.F.);
#1340 = EDGE_CURVE('',#1341,#1333,#1343,.T.);
#1341 = VERTEX_POINT('',#1342);
#1342 = CARTESIAN_POINT('',(17.619071941466,-2.826275835671,
    -12.13582979489));
#1343 = LINE('',#1344,#1345);
#1344 = CARTESIAN_POINT('',(17.001347792776,-4.804360868615,
    -14.11391482784));
#1345 = VECTOR('',#1346,1.);
#1346 = DIRECTION('',(-0.215623672313,-0.690473182658,-0.690473182658));
#1347 = ORIENTED_EDGE('',*,*,#1348,.T.);
#1348 = EDGE_CURVE('',#1341,#1349,#1351,.T.);
#1349 = VERTEX_POINT('',#1350);
#1350 = CARTESIAN_POINT('',(17.619071870879,-0.740994461433,
    -12.13582979489));
#1351 = LINE('',#1352,#1353);
#1352 = CARTESIAN_POINT('',(17.619071943991,-2.900882357899,
    -12.13582979489));
#1353 = VECTOR('',#1354,1.);
#1354 = DIRECTION('',(-3.38498578947E-08,1.,0.));
#1355 = ORIENTED_EDGE('',*,*,#1356,.T.);
#1356 = EDGE_CURVE('',#1349,#1357,#1359,.T.);
#1357 = VERTEX_POINT('',#1358);
#1358 = CARTESIAN_POINT('',(17.282217486038,0.337685195008,
    -13.21450945133));
#1359 = LINE('',#1360,#1361);
#1360 = CARTESIAN_POINT('',(17.489255319281,-0.32529414824,
    -12.55153010808));
#1361 = VECTOR('',#1362,1.);
#1362 = DIRECTION('',(-0.215623716884,0.690473175698,-0.690473175698));
#1363 = ORIENTED_EDGE('',*,*,#1364,.F.);
#1364 = EDGE_CURVE('',#1365,#1357,#1367,.T.);
#1365 = VERTEX_POINT('',#1366);
#1366 = CARTESIAN_POINT('',(15.808425743488,-3.283634882527,
    -17.93390615983));
#1367 = ELLIPSE('',#1368,3.142879477793,3.);
#1368 = AXIS2_PLACEMENT_3D('',#1369,#1370,#1371);
#1369 = CARTESIAN_POINT('',(16.61976325303,-1.783635148552,
    -15.33582979489));
#1370 = DIRECTION('',(0.954538671049,3.231099837E-08,-0.298087110543));
#1371 = DIRECTION('',(-0.298087110543,1.0346672618E-07,-0.954538671049)
  );
#1372 = ORIENTED_EDGE('',*,*,#1373,.T.);
#1373 = EDGE_CURVE('',#1365,#1374,#1376,.T.);
#1374 = VERTEX_POINT('',#1375);
#1375 = CARTESIAN_POINT('',(15.808425796265,-4.936629006377,
    -17.93390617001));
#1376 = LINE('',#1377,#1378);
#1377 = CARTESIAN_POINT('',(15.808425790491,-4.672202886648,
    -17.93390615983));
#1378 = VECTOR('',#1379,1.);
#1379 = DIRECTION('',(3.38498578947E-08,-1.,0.));
#1380 = ORIENTED_EDGE('',*,*,#1381,.F.);
#1381 = EDGE_CURVE('',#1382,#1374,#1384,.T.);
#1382 = VERTEX_POINT('',#1383);
#1383 = CARTESIAN_POINT('',(16.264276900722,-8.433026113805,
    -16.47417383311));
#1384 = ELLIPSE('',#1385,5.15139597231,4.917206680214);
#1385 = AXIS2_PLACEMENT_3D('',#1386,#1387,#1388);
#1386 = CARTESIAN_POINT('',(17.343990536915,-4.936629006997,
    -13.01669950455));
#1387 = DIRECTION('',(0.954538671049,3.231099837E-08,-0.298087110543));
#1388 = DIRECTION('',(-0.298087110543,1.048200685373E-07,-0.954538671049
    ));
#1389 = ORIENTED_EDGE('',*,*,#1390,.F.);
#1390 = EDGE_CURVE('',#1391,#1382,#1393,.T.);
#1391 = VERTEX_POINT('',#1392);
#1392 = CARTESIAN_POINT('',(18.608045275396,-15.85472238913,
    -8.968927296797));
#1393 = LINE('',#1394,#1395);
#1394 = CARTESIAN_POINT('',(16.189437221375,-8.196041354846,
    -16.71382646444));
#1395 = VECTOR('',#1396,1.);
#1396 = DIRECTION('',(-0.216770823372,0.686419046348,-0.694146456409));
#1397 = ORIENTED_EDGE('',*,*,#1398,.T.);
#1398 = EDGE_CURVE('',#1391,#1399,#1401,.T.);
#1399 = VERTEX_POINT('',#1400);
#1400 = CARTESIAN_POINT('',(16.453890271125,-15.81777198966,
    -15.86699168659));
#1401 = B_SPLINE_CURVE_WITH_KNOTS('',3,(#1402,#1403,#1404,#1405),
  .UNSPECIFIED.,.F.,.F.,(4,4),(2.529199593376,3.29980278035),
  .PIECEWISE_BEZIER_KNOTS.);
#1402 = CARTESIAN_POINT('',(18.750364499182,-15.86148965464,
    -8.513190747396));
#1403 = CARTESIAN_POINT('',(17.981829049061,-15.82332766138,
    -10.9742053931));
#1404 = CARTESIAN_POINT('',(17.219569323475,-15.81184813968,
    -13.41512383158));
#1405 = CARTESIAN_POINT('',(16.453890271125,-15.81777198966,
    -15.86699168659));
#1406 = ORIENTED_EDGE('',*,*,#1407,.F.);
#1407 = EDGE_CURVE('',#1408,#1399,#1410,.T.);
#1408 = VERTEX_POINT('',#1409);
#1409 = CARTESIAN_POINT('',(16.453890569917,-24.25825076091,
    -15.86699168659));
#1410 = LINE('',#1411,#1412);
#1411 = CARTESIAN_POINT('',(16.453890646554,-26.42315171558,
    -15.86699168659));
#1412 = VECTOR('',#1413,1.);
#1413 = DIRECTION('',(-3.539988043E-08,1.,-1.811E-14));
#1414 = ORIENTED_EDGE('',*,*,#1415,.T.);
#1415 = EDGE_CURVE('',#1408,#1416,#1418,.T.);
#1416 = VERTEX_POINT('',#1417);
#1417 = CARTESIAN_POINT('',(14.188794526547,-23.4701123135,
    -23.1203128925));
#1418 = ELLIPSE('',#1419,36.12724702963,35.231448316271);
#1419 = AXIS2_PLACEMENT_3D('',#1420,#1421,#1422);
#1420 = CARTESIAN_POINT('',(14.188795773735,-58.70156062977,
    -23.1203128925));
#1421 = DIRECTION('',(-0.954538663976,-3.379054918E-08,0.298087133191));
#1422 = DIRECTION('',(0.298087133191,1.055218188E-08,0.954538663976));
#1423 = ORIENTED_EDGE('',*,*,#1424,.F.);
#1424 = EDGE_CURVE('',#1425,#1416,#1427,.T.);
#1425 = VERTEX_POINT('',#1426);
#1426 = CARTESIAN_POINT('',(12.761869462767,-23.47011235577,
    -27.68963170004));
#1427 = LINE('',#1428,#1429);
#1428 = CARTESIAN_POINT('',(18.788192039397,-23.47011215068,
    -8.392059747154));
#1429 = VECTOR('',#1430,1.);
#1430 = DIRECTION('',(0.298087133191,1.055227181E-08,0.954538663976));
#1431 = ORIENTED_EDGE('',*,*,#1432,.F.);
#1432 = EDGE_CURVE('',#1433,#1425,#1435,.T.);
#1433 = VERTEX_POINT('',#1434);
#1434 = CARTESIAN_POINT('',(12.761868472549,4.216365435966,
    -27.68963397409));
#1435 = LINE('',#1436,#1437);
#1436 = CARTESIAN_POINT('',(12.761868985088,-10.26220741638,
    -27.68963397409));
#1437 = VECTOR('',#1438,1.);
#1438 = DIRECTION('',(3.539988026E-08,-1.,1.752E-14));
#1439 = ORIENTED_EDGE('',*,*,#1440,.F.);
#1440 = EDGE_CURVE('',#1441,#1433,#1443,.T.);
#1441 = VERTEX_POINT('',#1442);
#1442 = CARTESIAN_POINT('',(18.766657018239,4.216365648535,
    -8.461016345741));
#1443 = LINE('',#1444,#1445);
#1444 = CARTESIAN_POINT('',(19.325933594449,4.216365668333,
    -6.67009330207));
#1445 = VECTOR('',#1446,1.);
#1446 = DIRECTION('',(-0.298087133191,-1.055226575E-08,-0.954538663976)
  );
#1447 = ORIENTED_EDGE('',*,*,#1448,.T.);
#1448 = EDGE_CURVE('',#1441,#1449,#1451,.T.);
#1449 = VERTEX_POINT('',#1450);
#1450 = CARTESIAN_POINT('',(18.766656802914,10.298996961785,
    -8.461016345741));
#1451 = LINE('',#1452,#1453);
#1452 = CARTESIAN_POINT('',(18.766657468829,-8.512207315173,
    -8.461016345742));
#1453 = VECTOR('',#1454,1.);
#1454 = DIRECTION('',(-3.53998603E-08,1.,4.614E-14));
#1455 = ORIENTED_EDGE('',*,*,#1456,.F.);
#1456 = EDGE_CURVE('',#1457,#1449,#1459,.T.);
#1457 = VERTEX_POINT('',#1458);
#1458 = CARTESIAN_POINT('',(20.526366807484,10.298997024078,
    -2.826049083759));
#1459 = LINE('',#1460,#1461);
#1460 = CARTESIAN_POINT('',(18.817121484024,10.298996963571,
    -8.29941765889));
#1461 = VECTOR('',#1462,1.);
#1462 = DIRECTION('',(-0.298087133191,-1.055226598E-08,-0.954538663976)
  );
#1463 = ORIENTED_EDGE('',*,*,#1464,.T.);
#1464 = EDGE_CURVE('',#1457,#1465,#1467,.T.);
#1465 = VERTEX_POINT('',#1466);
#1466 = CARTESIAN_POINT('',(20.526366864377,8.691867287218,
    -2.826049083759));
#1467 = LINE('',#1468,#1469);
#1468 = CARTESIAN_POINT('',(20.526367499735,-9.256182729616,
    -2.826049083758));
#1469 = VECTOR('',#1470,1.);
#1470 = DIRECTION('',(3.539988252E-08,-1.,2.524E-14));
#1471 = ORIENTED_EDGE('',*,*,#1472,.T.);
#1472 = EDGE_CURVE('',#1465,#1473,#1475,.T.);
#1473 = VERTEX_POINT('',#1474);
#1474 = CARTESIAN_POINT('',(22.660447429136,8.691868850515,
    4.007737658571));
#1475 = LINE('',#1476,#1477);
#1476 = CARTESIAN_POINT('',(21.667929476687,8.69186732763,0.829478208333
    ));
#1477 = VECTOR('',#1478,1.);
#1478 = DIRECTION('',(0.298087133191,1.055226567E-08,0.954538663976));
#1479 = ORIENTED_EDGE('',*,*,#1480,.T.);
#1480 = EDGE_CURVE('',#1473,#1481,#1483,.T.);
#1481 = VERTEX_POINT('',#1482);
#1482 = CARTESIAN_POINT('',(22.660447592009,4.090935561865,
    4.007737658572));
#1483 = LINE('',#1484,#1485);
#1484 = CARTESIAN_POINT('',(22.660447789921,-1.499822628599,
    4.007737658572));
#1485 = VECTOR('',#1486,1.);
#1486 = DIRECTION('',(3.539988151E-08,-1.,1.602E-14));
#1487 = ORIENTED_EDGE('',*,*,#1488,.T.);
#1488 = EDGE_CURVE('',#1481,#1243,#1489,.T.);
#1489 = LINE('',#1490,#1491);
#1490 = CARTESIAN_POINT('',(21.667929639559,4.09093617379,0.829478208333
    ));
#1491 = VECTOR('',#1492,1.);
#1492 = DIRECTION('',(-0.298087133191,-1.055226545E-08,-0.954538663976)
  );
#1493 = PLANE('',#1494);
#1494 = AXIS2_PLACEMENT_3D('',#1495,#1496,#1497);
#1495 = CARTESIAN_POINT('',(17.064635233377,-5.060770485339,
    -13.91125493741));
#1496 = DIRECTION('',(0.954538671049,3.231099837E-08,-0.298087110543));
#1497 = DIRECTION('',(-0.298087110543,-1.055224629E-08,-0.954538671049)
  );
#1498 = ADVANCED_FACE('',(#1499),#1517,.T.);
#1499 = FACE_BOUND('',#1500,.T.);
#1500 = EDGE_LOOP('',(#1501,#1509,#1515,#1516));
#1501 = ORIENTED_EDGE('',*,*,#1502,.F.);
#1502 = EDGE_CURVE('',#1503,#260,#1505,.T.);
#1503 = VERTEX_POINT('',#1504);
#1504 = CARTESIAN_POINT('',(11.350001174252,-3.428199470731,
    -5.437753429953));
#1505 = LINE('',#1506,#1507);
#1506 = CARTESIAN_POINT('',(11.350001174252,-3.283634882527,
    -5.437753429953));
#1507 = VECTOR('',#1508,1.);
#1508 = DIRECTION('',(0.,-1.,0.));
#1509 = ORIENTED_EDGE('',*,*,#1510,.F.);
#1510 = EDGE_CURVE('',#1267,#1503,#1511,.T.);
#1511 = LINE('',#1512,#1513);
#1512 = CARTESIAN_POINT('',(11.350001174252,-3.428199470731,
    -5.437753429953));
#1513 = VECTOR('',#1514,1.);
#1514 = DIRECTION('',(-1.,-0.,-0.));
#1515 = ORIENTED_EDGE('',*,*,#1266,.F.);
#1516 = ORIENTED_EDGE('',*,*,#267,.F.);
#1517 = PLANE('',#1518);
#1518 = AXIS2_PLACEMENT_3D('',#1519,#1520,#1521);
#1519 = CARTESIAN_POINT('',(11.350001174252,-3.283634882527,
    -5.437753429953));
#1520 = DIRECTION('',(0.,0.,-1.));
#1521 = DIRECTION('',(0.,-1.,0.));
#1522 = ADVANCED_FACE('',(#1523,#1584),#1628,.T.);
#1523 = FACE_BOUND('',#1524,.T.);
#1524 = EDGE_LOOP('',(#1525,#1526,#1527,#1535,#1543,#1552,#1561,#1569,
    #1577,#1583));
#1525 = ORIENTED_EDGE('',*,*,#259,.F.);
#1526 = ORIENTED_EDGE('',*,*,#251,.T.);
#1527 = ORIENTED_EDGE('',*,*,#1528,.T.);
#1528 = EDGE_CURVE('',#221,#1529,#1531,.T.);
#1529 = VERTEX_POINT('',#1530);
#1530 = CARTESIAN_POINT('',(11.350001174252,-4.283634493654,
    -10.63390615983));
#1531 = LINE('',#1532,#1533);
#1532 = CARTESIAN_POINT('',(11.350001174252,-4.283634350106,
    -9.694143393776));
#1533 = VECTOR('',#1534,1.);
#1534 = DIRECTION('',(0.,-1.527491689236E-07,-1.));
#1535 = ORIENTED_EDGE('',*,*,#1536,.T.);
#1536 = EDGE_CURVE('',#1529,#1537,#1539,.T.);
#1537 = VERTEX_POINT('',#1538);
#1538 = CARTESIAN_POINT('',(11.350001174252,-3.283634882527,
    -10.63390615983));
#1539 = LINE('',#1540,#1541);
#1540 = CARTESIAN_POINT('',(11.350001174252,-4.283634493654,
    -10.63390615983));
#1541 = VECTOR('',#1542,1.);
#1542 = DIRECTION('',(0.,1.,0.));
#1543 = ORIENTED_EDGE('',*,*,#1544,.T.);
#1544 = EDGE_CURVE('',#1537,#1545,#1547,.T.);
#1545 = VERTEX_POINT('',#1546);
#1546 = CARTESIAN_POINT('',(11.350001174252,-1.783635148552,
    -11.03582979489));
#1547 = CIRCLE('',#1548,3.);
#1548 = AXIS2_PLACEMENT_3D('',#1549,#1550,#1551);
#1549 = CARTESIAN_POINT('',(11.350001174252,-1.783635148552,
    -8.035829794896));
#1550 = DIRECTION('',(1.,-0.,0.));
#1551 = DIRECTION('',(0.,0.,-1.));
#1552 = ORIENTED_EDGE('',*,*,#1553,.T.);
#1553 = EDGE_CURVE('',#1545,#1554,#1556,.T.);
#1554 = VERTEX_POINT('',#1555);
#1555 = CARTESIAN_POINT('',(11.350001174252,0.337685195006,
    -5.914509451335));
#1556 = CIRCLE('',#1557,3.);
#1557 = AXIS2_PLACEMENT_3D('',#1558,#1559,#1560);
#1558 = CARTESIAN_POINT('',(11.350001174252,-1.783635148552,
    -8.035829794896));
#1559 = DIRECTION('',(1.,-0.,0.));
#1560 = DIRECTION('',(0.,0.,-1.));
#1561 = ORIENTED_EDGE('',*,*,#1562,.T.);
#1562 = EDGE_CURVE('',#1554,#1563,#1565,.T.);
#1563 = VERTEX_POINT('',#1564);
#1564 = CARTESIAN_POINT('',(11.350001174252,-0.740994461429,
    -4.835829794896));
#1565 = LINE('',#1566,#1567);
#1566 = CARTESIAN_POINT('',(11.350001174252,0.337685195006,
    -5.914509451335));
#1567 = VECTOR('',#1568,1.);
#1568 = DIRECTION('',(0.,-0.707106781185,0.707106781188));
#1569 = ORIENTED_EDGE('',*,*,#1570,.T.);
#1570 = EDGE_CURVE('',#1563,#1571,#1573,.T.);
#1571 = VERTEX_POINT('',#1572);
#1572 = CARTESIAN_POINT('',(11.350001174252,-2.826275835675,
    -4.835829794896));
#1573 = LINE('',#1574,#1575);
#1574 = CARTESIAN_POINT('',(11.350001174252,-0.740994461429,
    -4.835829794896));
#1575 = VECTOR('',#1576,1.);
#1576 = DIRECTION('',(0.,-1.,2.001858657612E-14));
#1577 = ORIENTED_EDGE('',*,*,#1578,.F.);
#1578 = EDGE_CURVE('',#1503,#1571,#1579,.T.);
#1579 = LINE('',#1580,#1581);
#1580 = CARTESIAN_POINT('',(11.350001174252,-3.904955492116,
    -5.914509451339));
#1581 = VECTOR('',#1582,1.);
#1582 = DIRECTION('',(0.,0.707106781186,0.707106781187));
#1583 = ORIENTED_EDGE('',*,*,#1502,.T.);
#1584 = FACE_BOUND('',#1585,.T.);
#1585 = EDGE_LOOP('',(#1586,#1597,#1606,#1614,#1622));
#1586 = ORIENTED_EDGE('',*,*,#1587,.F.);
#1587 = EDGE_CURVE('',#1588,#1590,#1592,.T.);
#1588 = VERTEX_POINT('',#1589);
#1589 = CARTESIAN_POINT('',(11.350001174252,-1.783635148552,
    -9.735829794896));
#1590 = VERTEX_POINT('',#1591);
#1591 = CARTESIAN_POINT('',(11.350001174252,-0.581553620535,
    -6.833748266879));
#1592 = CIRCLE('',#1593,1.7);
#1593 = AXIS2_PLACEMENT_3D('',#1594,#1595,#1596);
#1594 = CARTESIAN_POINT('',(11.350001174252,-1.783635148552,
    -8.035829794896));
#1595 = DIRECTION('',(1.,-0.,0.));
#1596 = DIRECTION('',(0.,0.,-1.));
#1597 = ORIENTED_EDGE('',*,*,#1598,.F.);
#1598 = EDGE_CURVE('',#1599,#1588,#1601,.T.);
#1599 = VERTEX_POINT('',#1600);
#1600 = CARTESIAN_POINT('',(11.350001174252,-2.985716676569,
    -6.833748266879));
#1601 = CIRCLE('',#1602,1.7);
#1602 = AXIS2_PLACEMENT_3D('',#1603,#1604,#1605);
#1603 = CARTESIAN_POINT('',(11.350001174252,-1.783635148552,
    -8.035829794896));
#1604 = DIRECTION('',(1.,-0.,0.));
#1605 = DIRECTION('',(0.,0.,-1.));
#1606 = ORIENTED_EDGE('',*,*,#1607,.T.);
#1607 = EDGE_CURVE('',#1599,#1608,#1610,.T.);
#1608 = VERTEX_POINT('',#1609);
#1609 = CARTESIAN_POINT('',(11.350001174252,-2.287798204586,
    -6.135829794896));
#1610 = LINE('',#1611,#1612);
#1611 = CARTESIAN_POINT('',(11.350001174252,-3.054226435001,
    -6.902258025311));
#1612 = VECTOR('',#1613,1.);
#1613 = DIRECTION('',(0.,0.707106781187,0.707106781187));
#1614 = ORIENTED_EDGE('',*,*,#1615,.F.);
#1615 = EDGE_CURVE('',#1616,#1608,#1618,.T.);
#1616 = VERTEX_POINT('',#1617);
#1617 = CARTESIAN_POINT('',(11.350001174252,-1.279472092518,
    -6.135829794896));
#1618 = LINE('',#1619,#1620);
#1619 = CARTESIAN_POINT('',(11.350001174252,-1.647705684141,
    -6.135829794896));
#1620 = VECTOR('',#1621,1.);
#1621 = DIRECTION('',(0.,-1.,-8.80844410424E-16));
#1622 = ORIENTED_EDGE('',*,*,#1623,.F.);
#1623 = EDGE_CURVE('',#1590,#1616,#1624,.T.);
#1624 = LINE('',#1625,#1626);
#1625 = CARTESIAN_POINT('',(11.350001174252,-0.62919592571,
    -6.786105961704));
#1626 = VECTOR('',#1627,1.);
#1627 = DIRECTION('',(0.,-0.707106781187,0.707106781187));
#1628 = PLANE('',#1629);
#1629 = AXIS2_PLACEMENT_3D('',#1630,#1631,#1632);
#1630 = CARTESIAN_POINT('',(11.350001174252,-1.908831891287,
    -7.91257438005));
#1631 = DIRECTION('',(1.,0.,0.));
#1632 = DIRECTION('',(0.,0.,1.));
#1633 = ADVANCED_FACE('',(#1634),#1703,.F.);
#1634 = FACE_BOUND('',#1635,.F.);
#1635 = EDGE_LOOP('',(#1636,#1644,#1653,#1661,#1669,#1677,#1685,#1693,
    #1699,#1700,#1701,#1702));
#1636 = ORIENTED_EDGE('',*,*,#1637,.T.);
#1637 = EDGE_CURVE('',#1529,#1638,#1640,.T.);
#1638 = VERTEX_POINT('',#1639);
#1639 = CARTESIAN_POINT('',(14.041082409921,-4.283634506202,
    -10.63390615983));
#1640 = LINE('',#1641,#1642);
#1641 = CARTESIAN_POINT('',(11.350001174252,-4.283634493654,
    -10.63390615983));
#1642 = VECTOR('',#1643,1.);
#1643 = DIRECTION('',(1.,0.,0.));
#1644 = ORIENTED_EDGE('',*,*,#1645,.T.);
#1645 = EDGE_CURVE('',#1638,#1646,#1648,.T.);
#1646 = VERTEX_POINT('',#1647);
#1647 = CARTESIAN_POINT('',(14.750001174252,-4.283634945003,
    -11.40679741907));
#1648 = ELLIPSE('',#1649,9.475868950861,4.940819446345);
#1649 = AXIS2_PLACEMENT_3D('',#1650,#1651,#1652);
#1650 = CARTESIAN_POINT('',(21.583913214037,-4.283634251734,
    -10.03194471437));
#1651 = DIRECTION('',(3.539988918E-08,-1.,1.732000000023E-14));
#1652 = DIRECTION('',(-0.921428999147,-3.26184777274E-08,0.388546779078)
  );
#1653 = ORIENTED_EDGE('',*,*,#1654,.T.);
#1654 = EDGE_CURVE('',#1646,#1655,#1657,.T.);
#1655 = VERTEX_POINT('',#1656);
#1656 = CARTESIAN_POINT('',(14.750001174252,-4.283635396351,
    -12.73775342995));
#1657 = LINE('',#1658,#1659);
#1658 = CARTESIAN_POINT('',(14.750001174252,-4.283635396351,
    -2.985829794896));
#1659 = VECTOR('',#1660,1.);
#1660 = DIRECTION('',(-0.,-0.,-1.));
#1661 = ORIENTED_EDGE('',*,*,#1662,.F.);
#1662 = EDGE_CURVE('',#1663,#1655,#1665,.T.);
#1663 = VERTEX_POINT('',#1664);
#1664 = CARTESIAN_POINT('',(11.350001174252,-4.283635396351,
    -12.73775342995));
#1665 = LINE('',#1666,#1667);
#1666 = CARTESIAN_POINT('',(11.350001174252,-4.283635396351,
    -12.73775342995));
#1667 = VECTOR('',#1668,1.);
#1668 = DIRECTION('',(1.,0.,0.));
#1669 = ORIENTED_EDGE('',*,*,#1670,.T.);
#1670 = EDGE_CURVE('',#1663,#1671,#1673,.T.);
#1671 = VERTEX_POINT('',#1672);
#1672 = CARTESIAN_POINT('',(11.350001174252,-4.283635396351,
    -17.93390615983));
#1673 = LINE('',#1674,#1675);
#1674 = CARTESIAN_POINT('',(11.350001174252,-4.283635396351,
    -16.9941418165));
#1675 = VECTOR('',#1676,1.);
#1676 = DIRECTION('',(0.,0.,-1.));
#1677 = ORIENTED_EDGE('',*,*,#1678,.T.);
#1678 = EDGE_CURVE('',#1671,#1679,#1681,.T.);
#1679 = VERTEX_POINT('',#1680);
#1680 = CARTESIAN_POINT('',(14.750001174254,-4.283635396351,
    -17.93390615983));
#1681 = LINE('',#1682,#1683);
#1682 = CARTESIAN_POINT('',(11.350001174252,-4.283635396351,
    -17.93390615983));
#1683 = VECTOR('',#1684,1.);
#1684 = DIRECTION('',(1.,0.,0.));
#1685 = ORIENTED_EDGE('',*,*,#1686,.T.);
#1686 = EDGE_CURVE('',#1679,#1687,#1689,.T.);
#1687 = VERTEX_POINT('',#1688);
#1688 = CARTESIAN_POINT('',(14.750001174252,-4.283635396351,
    -19.68582979489));
#1689 = LINE('',#1690,#1691);
#1690 = CARTESIAN_POINT('',(14.750001174252,-4.283635396351,
    -2.985829794896));
#1691 = VECTOR('',#1692,1.);
#1692 = DIRECTION('',(-0.,-0.,-1.));
#1693 = ORIENTED_EDGE('',*,*,#1694,.T.);
#1694 = EDGE_CURVE('',#1687,#193,#1695,.T.);
#1695 = LINE('',#1696,#1697);
#1696 = CARTESIAN_POINT('',(8.541895727562,-4.283635396351,
    -19.68582979489));
#1697 = VECTOR('',#1698,1.);
#1698 = DIRECTION('',(-1.,0.,0.));
#1699 = ORIENTED_EDGE('',*,*,#200,.F.);
#1700 = ORIENTED_EDGE('',*,*,#211,.F.);
#1701 = ORIENTED_EDGE('',*,*,#220,.F.);
#1702 = ORIENTED_EDGE('',*,*,#1528,.T.);
#1703 = PLANE('',#1704);
#1704 = AXIS2_PLACEMENT_3D('',#1705,#1706,#1707);
#1705 = CARTESIAN_POINT('',(14.750001174252,-4.283635396351,
    -2.985829794896));
#1706 = DIRECTION('',(0.,1.,0.));
#1707 = DIRECTION('',(-1.,0.,0.));
#1708 = ADVANCED_FACE('',(#1709),#1761,.T.);
#1709 = FACE_BOUND('',#1710,.T.);
#1710 = EDGE_LOOP('',(#1711,#1719,#1760));
#1711 = ORIENTED_EDGE('',*,*,#1712,.F.);
#1712 = EDGE_CURVE('',#1713,#184,#1715,.T.);
#1713 = VERTEX_POINT('',#1714);
#1714 = CARTESIAN_POINT('',(8.026777609767,-1.57375176575,
    -19.68582979489));
#1715 = LINE('',#1716,#1717);
#1716 = CARTESIAN_POINT('',(8.026777493297,1.716365268345,
    -19.68582979489));
#1717 = VECTOR('',#1718,1.);
#1718 = DIRECTION('',(3.539988918E-08,-1.,1.737E-14));
#1719 = ORIENTED_EDGE('',*,*,#1720,.T.);
#1720 = EDGE_CURVE('',#1713,#193,#1721,.T.);
#1721 = B_SPLINE_CURVE_WITH_KNOTS('',7,(#1722,#1723,#1724,#1725,#1726,
    #1727,#1728,#1729,#1730,#1731,#1732,#1733,#1734,#1735,#1736,#1737,
    #1738,#1739,#1740,#1741,#1742,#1743,#1744,#1745,#1746,#1747,#1748,
    #1749,#1750,#1751,#1752,#1753,#1754,#1755,#1756,#1757,#1758,#1759),
  .UNSPECIFIED.,.F.,.F.,(8,6,6,6,6,6,8),(0.,0.115574864706,
    0.313732040069,0.517208202776,0.628195368787,0.813174635008,1.),
  .UNSPECIFIED.);
#1722 = CARTESIAN_POINT('',(8.026777609767,-1.57375176575,
    -19.68582979489));
#1723 = CARTESIAN_POINT('',(8.089667766136,-1.593518495757,
    -19.68582979489));
#1724 = CARTESIAN_POINT('',(8.152499235682,-1.613471949434,
    -19.68582979489));
#1725 = CARTESIAN_POINT('',(8.215271195234,-1.6336123735,-19.68582979489
    ));
#1726 = CARTESIAN_POINT('',(8.277982820481,-1.65394001601,
    -19.68582979489));
#1727 = CARTESIAN_POINT('',(8.340633285976,-1.674455126354,
    -19.68582979489));
#1728 = CARTESIAN_POINT('',(8.403221765131,-1.695157955259,
    -19.68582979489));
#1729 = CARTESIAN_POINT('',(8.572949884776,-1.751866766219,
    -19.68582979489));
#1730 = CARTESIAN_POINT('',(8.680263403088,-1.786173250615,
    -19.68582979489));
#1731 = CARTESIAN_POINT('',(8.784273095906,-1.829549441569,
    -19.68582979489));
#1732 = CARTESIAN_POINT('',(8.886678047197,-1.877619083379,
    -19.68582979489));
#1733 = CARTESIAN_POINT('',(8.987904359463,-1.928167353075,
    -19.68582979489));
#1734 = CARTESIAN_POINT('',(9.086107256216,-1.984330322645,
    -19.68582979489));
#1735 = CARTESIAN_POINT('',(9.279579454996,-2.104977376427,
    -19.68582979489));
#1736 = CARTESIAN_POINT('',(9.375596685379,-2.170672168145,
    -19.68582979489));
#1737 = CARTESIAN_POINT('',(9.469262163162,-2.240775737148,
    -19.68582979489));
#1738 = CARTESIAN_POINT('',(9.560224118741,-2.315124483951,
    -19.68582979489));
#1739 = CARTESIAN_POINT('',(9.648130782514,-2.393554809068,
    -19.68582979489));
#1740 = CARTESIAN_POINT('',(9.732630384878,-2.475903113014,
    -19.68582979489));
#1741 = CARTESIAN_POINT('',(9.857411643697,-2.608970967442,
    -19.68582979489));
#1742 = CARTESIAN_POINT('',(9.900327302336,-2.65705928642,
    -19.68582979489));
#1743 = CARTESIAN_POINT('',(9.942090830724,-2.706214924547,
    -19.68582979489));
#1744 = CARTESIAN_POINT('',(9.982675356541,-2.756381420742,
    -19.68582979489));
#1745 = CARTESIAN_POINT('',(10.02205443656,-2.807501681531,
    -19.68582979489));
#1746 = CARTESIAN_POINT('',(10.060202056654,-2.859517981048,
    -19.68582979489));
#1747 = CARTESIAN_POINT('',(10.158577141798,-3.000462240176,
    -19.68582979489));
#1748 = CARTESIAN_POINT('',(10.216569152166,-3.090881525523,
    -19.68582979489));
#1749 = CARTESIAN_POINT('',(10.270947417903,-3.183364490137,
    -19.68582979489));
#1750 = CARTESIAN_POINT('',(10.321590694016,-3.277645807077,
    -19.68582979489));
#1751 = CARTESIAN_POINT('',(10.368377735514,-3.373460149403,
    -19.68582979489));
#1752 = CARTESIAN_POINT('',(10.411187297405,-3.470542190174,
    -19.68582979489));
#1753 = CARTESIAN_POINT('',(10.488995307337,-3.667689900184,
    -19.68582979489));
#1754 = CARTESIAN_POINT('',(10.522773726825,-3.768463518145,
    -19.68582979489));
#1755 = CARTESIAN_POINT('',(10.559899784494,-3.86867392055,
    -19.68582979489));
#1756 = CARTESIAN_POINT('',(10.574064741712,-3.974277844896,
    -19.68582979489));
#1757 = CARTESIAN_POINT('',(10.605127941824,-4.076975042832,
    -19.68582979489));
#1758 = CARTESIAN_POINT('',(10.629333715117,-4.180303557074,
    -19.68582979489));
#1759 = CARTESIAN_POINT('',(10.654003837665,-4.283634638652,
    -19.68582979489));
#1760 = ORIENTED_EDGE('',*,*,#192,.F.);
#1761 = PLANE('',#1762);
#1762 = AXIS2_PLACEMENT_3D('',#1763,#1764,#1765);
#1763 = CARTESIAN_POINT('',(11.644052696058,-1.283634603604,
    -19.68582979489));
#1764 = DIRECTION('',(0.,-1.747E-14,-1.));
#1765 = DIRECTION('',(-3.539987446E-08,1.,-1.747E-14));
#1766 = ADVANCED_FACE('',(#1767),#1867,.T.);
#1767 = FACE_BOUND('',#1768,.F.);
#1768 = EDGE_LOOP('',(#1769,#1864,#1865,#1866));
#1769 = ORIENTED_EDGE('',*,*,#1770,.F.);
#1770 = EDGE_CURVE('',#801,#1713,#1771,.T.);
#1771 = B_SPLINE_CURVE_WITH_KNOTS('',7,(#1772,#1773,#1774,#1775,#1776,
    #1777,#1778,#1779,#1780,#1781,#1782,#1783,#1784,#1785,#1786,#1787,
    #1788,#1789,#1790,#1791,#1792,#1793,#1794,#1795,#1796,#1797,#1798,
    #1799,#1800,#1801,#1802,#1803,#1804,#1805,#1806,#1807,#1808,#1809,
    #1810,#1811,#1812,#1813,#1814,#1815,#1816,#1817,#1818,#1819,#1820,
    #1821,#1822,#1823,#1824,#1825,#1826,#1827,#1828,#1829,#1830,#1831,
    #1832,#1833,#1834,#1835,#1836,#1837,#1838,#1839,#1840,#1841,#1842,
    #1843,#1844,#1845,#1846,#1847,#1848,#1849,#1850,#1851,#1852,#1853,
    #1854,#1855,#1856,#1857,#1858,#1859,#1860,#1861,#1862,#1863),
  .UNSPECIFIED.,.F.,.F.,(8,6,6,6,6,6,6,6,6,6,6,6,6,6,6,8),(0.,
    0.132363483371,0.213931629742,0.261873498883,0.323438532948,
    0.385956554935,0.500909589779,0.614488295459,0.6769406407,
    0.735944918241,0.805901709506,0.866106622926,0.937665465522,
    0.969057124114,0.984999337362,1.),.UNSPECIFIED.);
#1772 = CARTESIAN_POINT('',(-8.026776798267,-1.575179619918,
    -19.68582979489));
#1773 = CARTESIAN_POINT('',(-7.786926348541,-1.496188976625,
    -19.91639580052));
#1774 = CARTESIAN_POINT('',(-7.540808702251,-1.412944575532,
    -20.1375207601));
#1775 = CARTESIAN_POINT('',(-7.288694009225,-1.326281795659,
    -20.34928449112));
#1776 = CARTESIAN_POINT('',(-7.030765667715,-1.237065796137,
    -20.5517898575));
#1777 = CARTESIAN_POINT('',(-6.767124844278,-1.146155705609,
    -20.74513836853));
#1778 = CARTESIAN_POINT('',(-6.497786848678,-1.054388531125,
    -20.92941174948));
#1779 = CARTESIAN_POINT('',(-6.053129980967,-0.906008086156,
    -21.21265477446));
#1780 = CARTESIAN_POINT('',(-5.881407619272,-0.84942267638,
    -21.31721498141));
#1781 = CARTESIAN_POINT('',(-5.707489921839,-0.793020227527,
    -21.418348226));
#1782 = CARTESIAN_POINT('',(-5.531363686242,-0.736995822397,
    -21.51605063749));
#1783 = CARTESIAN_POINT('',(-5.353015233457,-0.681546020891,
    -21.61030704607));
#1784 = CARTESIAN_POINT('',(-5.172430776822,-0.626868924627,
    -21.70109167591));
#1785 = CARTESIAN_POINT('',(-4.882135687485,-0.541599188275,
    -21.83966619476));
#1786 = CARTESIAN_POINT('',(-4.773898589914,-0.510370250326,
    -21.88975135402));
#1787 = CARTESIAN_POINT('',(-4.664883131533,-0.479518821304,
    -21.93861687793));
#1788 = CARTESIAN_POINT('',(-4.55508899366,-0.449084653067,
    -21.98625334462));
#1789 = CARTESIAN_POINT('',(-4.444515756834,-0.419110448114,
    -22.03265028494));
#1790 = CARTESIAN_POINT('',(-4.333163848553,-0.389639911926,
    -22.07779599007));
#1791 = CARTESIAN_POINT('',(-4.077051804637,-0.323557684048,
    -22.17802539102));
#1792 = CARTESIAN_POINT('',(-3.931790012231,-0.28729737561,
    -22.23228757904));
#1793 = CARTESIAN_POINT('',(-3.785261849367,-0.252010788597,
    -22.28443370289));
#1794 = CARTESIAN_POINT('',(-3.637481388751,-0.217780952401,
    -22.33443091115));
#1795 = CARTESIAN_POINT('',(-3.488468679781,-0.184690856607,
    -22.38224332715));
#1796 = CARTESIAN_POINT('',(-3.3382502915,-0.152822830426,
    -22.42783282378));
#1797 = CARTESIAN_POINT('',(-3.033125991057,-9.121988829944E-02,
    -22.51515744719));
#1798 = CARTESIAN_POINT('',(-2.878183798045,-6.152568772229E-02,
    -22.55682189927));
#1799 = CARTESIAN_POINT('',(-2.72206942007,-3.32602236E-02,
    -22.59611151489));
#1800 = CARTESIAN_POINT('',(-2.564827337759,-6.507168859203E-03,
    -22.63298289824));
#1801 = CARTESIAN_POINT('',(-2.406511063551,1.865227918906E-02,
    -22.66739211445));
#1802 = CARTESIAN_POINT('',(-2.247183836443,4.214064418002E-02,
    -22.69929590663));
#1803 = CARTESIAN_POINT('',(-1.792238001943,0.103867927248,
    -22.78263217921));
#1804 = CARTESIAN_POINT('',(-1.494352605319,0.13796044355,
    -22.82800756245));
#1805 = CARTESIAN_POINT('',(-1.193769783365,0.165703151398,
    -22.8645093283));
#1806 = CARTESIAN_POINT('',(-0.891065128844,0.186708219633,
    -22.89190939459));
#1807 = CARTESIAN_POINT('',(-0.586888173752,0.200682434835,
    -22.91003623204));
#1808 = CARTESIAN_POINT('',(-0.281967332257,0.207451680048,
    -22.91879495727));
#1809 = CARTESIAN_POINT('',(0.324093078776,0.206528386098,
    -22.91759748002));
#1810 = CARTESIAN_POINT('',(0.625287196969,0.199011252666,
    -22.90786330391));
#1811 = CARTESIAN_POINT('',(0.925687105182,0.184476400334,
    -22.88899262331));
#1812 = CARTESIAN_POINT('',(1.224594050003,0.163100369592,
    -22.86108114347));
#1813 = CARTESIAN_POINT('',(1.521386236002,0.135172427573,
    -22.82429836977));
#1814 = CARTESIAN_POINT('',(1.815514071341,0.101071297971,
    -22.77886823622));
#1815 = CARTESIAN_POINT('',(2.266494306853,3.934130792636E-02,
    -22.69545711226));
#1816 = CARTESIAN_POINT('',(2.425551657217,1.570745836335E-02,
    -22.66332658775));
#1817 = CARTESIAN_POINT('',(2.583594772455,-9.587014835226E-03,
    -22.62869951687));
#1818 = CARTESIAN_POINT('',(2.740561299144,-3.646460821362E-02,
    -22.59161906983));
#1819 = CARTESIAN_POINT('',(2.896398531525,-6.484418637635E-02,
    -22.55212902631));
#1820 = CARTESIAN_POINT('',(3.051062720585,-9.464221062646E-02,
    -22.51027257107));
#1821 = CARTESIAN_POINT('',(3.349501577413,-0.15518690353,
    -22.42434891977));
#1822 = CARTESIAN_POINT('',(3.493405812479,-0.185790319106,
    -22.38053143439));
#1823 = CARTESIAN_POINT('',(3.636201880637,-0.217512796311,
    -22.33467340313));
#1824 = CARTESIAN_POINT('',(3.777866517791,-0.250281865328,
    -22.28680831699));
#1825 = CARTESIAN_POINT('',(3.918381963606,-0.284024507464,
    -22.23696776026));
#1826 = CARTESIAN_POINT('',(4.057735521664,-0.318667658064,
    -22.18518078262));
#1827 = CARTESIAN_POINT('',(4.359752684284,-0.396193981352,
    -22.06779644431));
#1828 = CARTESIAN_POINT('',(4.521940514505,-0.439411154145,
    -22.00142034364));
#1829 = CARTESIAN_POINT('',(4.682465564481,-0.483679933875,
    -21.93238977707));
#1830 = CARTESIAN_POINT('',(4.841334666674,-0.528851668766,
    -21.86073737866));
#1831 = CARTESIAN_POINT('',(4.998544697975,-0.574808559021,
    -21.78649476751));
#1832 = CARTESIAN_POINT('',(5.154104839867,-0.621418749264,
    -21.70968391588));
#1833 = CARTESIAN_POINT('',(5.440488172628,-0.709126904047,
    -21.56201952402));
#1834 = CARTESIAN_POINT('',(5.571735586043,-0.750087017547,
    -21.49182871195));
#1835 = CARTESIAN_POINT('',(5.701773306249,-0.79135901199,
    -21.41975755923));
#1836 = CARTESIAN_POINT('',(5.83060729649,-0.83286345328,-21.34581280952
    ));
#1837 = CARTESIAN_POINT('',(5.958243022374,-0.87452123077,
    -21.26999807414));
#1838 = CARTESIAN_POINT('',(6.084685451879,-0.916253557256,
    -21.19231383207));
#1839 = CARTESIAN_POINT('',(6.358813995723,-1.007579861857,
    -21.01819763843));
#1840 = CARTESIAN_POINT('',(6.506007403248,-1.057171518066,
    -20.92099415296));
#1841 = CARTESIAN_POINT('',(6.651527347678,-1.106625471629,
    -20.82114195983));
#1842 = CARTESIAN_POINT('',(6.795376076776,-1.155809086585,
    -20.71863230579));
#1843 = CARTESIAN_POINT('',(6.937550105657,-1.20458885386,
    -20.61345311384));
#1844 = CARTESIAN_POINT('',(7.078040306137,-1.252830688128,
    -20.50558939919));
#1845 = CARTESIAN_POINT('',(7.277717572043,-1.321268178904,
    -20.34652036916));
#1846 = CARTESIAN_POINT('',(7.338276034248,-1.342006683577,
    -20.29749727907));
#1847 = CARTESIAN_POINT('',(7.398505994208,-1.362604335716,
    -20.24795303918));
#1848 = CARTESIAN_POINT('',(7.458405741055,-1.383049715139,
    -20.19788631643));
#1849 = CARTESIAN_POINT('',(7.517973241546,-1.40333138447,
    -20.14729582035));
#1850 = CARTESIAN_POINT('',(7.577206140062,-1.42343788914,
    -20.09618030305));
#1851 = CARTESIAN_POINT('',(7.666011822382,-1.453474036734,
    -20.0183123663));
#1852 = CARTESIAN_POINT('',(7.695680021401,-1.463489798189,
    -19.99208626305));
#1853 = CARTESIAN_POINT('',(7.725110326255,-1.473405356829,
    -19.96586024696));
#1854 = CARTESIAN_POINT('',(7.754306565997,-1.483221033745,
    -19.93963431564));
#1855 = CARTESIAN_POINT('',(7.78327242815,-1.49293715605,-19.91340846682
    ));
#1856 = CARTESIAN_POINT('',(7.812011458705,-1.502554056873,
    -19.88718269829));
#1857 = CARTESIAN_POINT('',(7.867358527748,-1.521027957589,
    -19.8362802127));
#1858 = CARTESIAN_POINT('',(7.894115830871,-1.529937567682,
    -19.81148976833));
#1859 = CARTESIAN_POINT('',(7.920798701342,-1.538799768855,
    -19.78658551845));
#1860 = CARTESIAN_POINT('',(7.947406591628,-1.547613423854,
    -19.7615675662));
#1861 = CARTESIAN_POINT('',(7.97393942441,-1.556377392754,
    -19.73643555141));
#1862 = CARTESIAN_POINT('',(8.000396512457,-1.565090556132,
    -19.7111896978));
#1863 = CARTESIAN_POINT('',(8.026777609767,-1.57375176575,
    -19.68582979489));
#1864 = ORIENTED_EDGE('',*,*,#842,.T.);
#1865 = ORIENTED_EDGE('',*,*,#183,.T.);
#1866 = ORIENTED_EDGE('',*,*,#1712,.F.);
#1867 = CYLINDRICAL_SURFACE('',#1868,11.582385431479);
#1868 = AXIS2_PLACEMENT_3D('',#1869,#1870,#1871);
#1869 = CARTESIAN_POINT('',(2.8925515808E-07,1.716364984198,
    -11.33582979489));
#1870 = DIRECTION('',(-3.539988918E-08,1.,-1.732E-14));
#1871 = DIRECTION('',(1.,3.539988918E-08,0.));
#1872 = ADVANCED_FACE('',(#1873,#1882,#1926),#1970,.F.);
#1873 = FACE_BOUND('',#1874,.F.);
#1874 = EDGE_LOOP('',(#1875,#1876,#1877,#1878,#1879,#1880,#1881));
#1875 = ORIENTED_EDGE('',*,*,#416,.T.);
#1876 = ORIENTED_EDGE('',*,*,#464,.T.);
#1877 = ORIENTED_EDGE('',*,*,#522,.T.);
#1878 = ORIENTED_EDGE('',*,*,#570,.T.);
#1879 = ORIENTED_EDGE('',*,*,#553,.T.);
#1880 = ORIENTED_EDGE('',*,*,#494,.T.);
#1881 = ORIENTED_EDGE('',*,*,#447,.T.);
#1882 = FACE_BOUND('',#1883,.F.);
#1883 = EDGE_LOOP('',(#1884,#1895,#1904,#1912,#1920));
#1884 = ORIENTED_EDGE('',*,*,#1885,.T.);
#1885 = EDGE_CURVE('',#1886,#1888,#1890,.T.);
#1886 = VERTEX_POINT('',#1887);
#1887 = CARTESIAN_POINT('',(4.25,-0.581553620535,-14.13374826687));
#1888 = VERTEX_POINT('',#1889);
#1889 = CARTESIAN_POINT('',(4.25,-1.783635148552,-17.03582979489));
#1890 = CIRCLE('',#1891,1.7);
#1891 = AXIS2_PLACEMENT_3D('',#1892,#1893,#1894);
#1892 = CARTESIAN_POINT('',(4.25,-1.783635148552,-15.33582979489));
#1893 = DIRECTION('',(-1.,-0.,-0.));
#1894 = DIRECTION('',(0.,0.,-1.));
#1895 = ORIENTED_EDGE('',*,*,#1896,.T.);
#1896 = EDGE_CURVE('',#1888,#1897,#1899,.T.);
#1897 = VERTEX_POINT('',#1898);
#1898 = CARTESIAN_POINT('',(4.25,-2.985716676569,-14.13374826687));
#1899 = CIRCLE('',#1900,1.7);
#1900 = AXIS2_PLACEMENT_3D('',#1901,#1902,#1903);
#1901 = CARTESIAN_POINT('',(4.25,-1.783635148552,-15.33582979489));
#1902 = DIRECTION('',(-1.,-0.,-0.));
#1903 = DIRECTION('',(0.,0.,-1.));
#1904 = ORIENTED_EDGE('',*,*,#1905,.T.);
#1905 = EDGE_CURVE('',#1897,#1906,#1908,.T.);
#1906 = VERTEX_POINT('',#1907);
#1907 = CARTESIAN_POINT('',(4.25,-2.287798204586,-13.43582979489));
#1908 = LINE('',#1909,#1910);
#1909 = CARTESIAN_POINT('',(4.25,-1.922271319345,-13.07030290965));
#1910 = VECTOR('',#1911,1.);
#1911 = DIRECTION('',(0.,0.707106781187,0.707106781187));
#1912 = ORIENTED_EDGE('',*,*,#1913,.F.);
#1913 = EDGE_CURVE('',#1914,#1906,#1916,.T.);
#1914 = VERTEX_POINT('',#1915);
#1915 = CARTESIAN_POINT('',(4.25,-1.279472092518,-13.43582979489));
#1916 = LINE('',#1917,#1918);
#1917 = CARTESIAN_POINT('',(4.25,-1.4841262713,-13.43582979489));
#1918 = VECTOR('',#1919,1.);
#1919 = DIRECTION('',(0.,-1.,0.));
#1920 = ORIENTED_EDGE('',*,*,#1921,.F.);
#1921 = EDGE_CURVE('',#1886,#1914,#1922,.T.);
#1922 = LINE('',#1923,#1924);
#1923 = CARTESIAN_POINT('',(4.25,-1.597571628524,-13.11773025889));
#1924 = VECTOR('',#1925,1.);
#1925 = DIRECTION('',(0.,-0.707106781187,0.707106781187));
#1926 = FACE_BOUND('',#1927,.F.);
#1927 = EDGE_LOOP('',(#1928,#1939,#1948,#1956,#1964));
#1928 = ORIENTED_EDGE('',*,*,#1929,.T.);
#1929 = EDGE_CURVE('',#1930,#1932,#1934,.T.);
#1930 = VERTEX_POINT('',#1931);
#1931 = CARTESIAN_POINT('',(4.25,-0.581553620535,-6.833748266879));
#1932 = VERTEX_POINT('',#1933);
#1933 = CARTESIAN_POINT('',(4.25,-1.783635148552,-9.735829794896));
#1934 = CIRCLE('',#1935,1.7);
#1935 = AXIS2_PLACEMENT_3D('',#1936,#1937,#1938);
#1936 = CARTESIAN_POINT('',(4.25,-1.783635148552,-8.035829794896));
#1937 = DIRECTION('',(-1.,-0.,-0.));
#1938 = DIRECTION('',(0.,0.,-1.));
#1939 = ORIENTED_EDGE('',*,*,#1940,.T.);
#1940 = EDGE_CURVE('',#1932,#1941,#1943,.T.);
#1941 = VERTEX_POINT('',#1942);
#1942 = CARTESIAN_POINT('',(4.25,-2.985716676569,-6.833748266879));
#1943 = CIRCLE('',#1944,1.7);
#1944 = AXIS2_PLACEMENT_3D('',#1945,#1946,#1947);
#1945 = CARTESIAN_POINT('',(4.25,-1.783635148552,-8.035829794896));
#1946 = DIRECTION('',(-1.,-0.,-0.));
#1947 = DIRECTION('',(0.,0.,-1.));
#1948 = ORIENTED_EDGE('',*,*,#1949,.T.);
#1949 = EDGE_CURVE('',#1941,#1950,#1952,.T.);
#1950 = VERTEX_POINT('',#1951);
#1951 = CARTESIAN_POINT('',(4.25,-2.287798204586,-6.135829794896));
#1952 = LINE('',#1953,#1954);
#1953 = CARTESIAN_POINT('',(4.25,-3.747271319345,-7.595302909655));
#1954 = VECTOR('',#1955,1.);
#1955 = DIRECTION('',(0.,0.707106781187,0.707106781187));
#1956 = ORIENTED_EDGE('',*,*,#1957,.F.);
#1957 = EDGE_CURVE('',#1958,#1950,#1960,.T.);
#1958 = VERTEX_POINT('',#1959);
#1959 = CARTESIAN_POINT('',(4.25,-1.279472092518,-6.135829794896));
#1960 = LINE('',#1961,#1962);
#1961 = CARTESIAN_POINT('',(4.25,-1.4841262713,-6.135829794896));
#1962 = VECTOR('',#1963,1.);
#1963 = DIRECTION('',(0.,-1.,-8.80844410424E-16));
#1964 = ORIENTED_EDGE('',*,*,#1965,.F.);
#1965 = EDGE_CURVE('',#1930,#1958,#1966,.T.);
#1966 = LINE('',#1967,#1968);
#1967 = CARTESIAN_POINT('',(4.25,0.227428371476,-7.64273025889));
#1968 = VECTOR('',#1969,1.);
#1969 = DIRECTION('',(0.,-0.707106781187,0.707106781187));
#1970 = PLANE('',#1971);
#1971 = AXIS2_PLACEMENT_3D('',#1972,#1973,#1974);
#1972 = CARTESIAN_POINT('',(4.25,-1.688780450082,-11.17690306447));
#1973 = DIRECTION('',(1.,0.,0.));
#1974 = DIRECTION('',(0.,0.,1.));
#1975 = ADVANCED_FACE('',(#1976),#1995,.F.);
#1976 = FACE_BOUND('',#1977,.F.);
#1977 = EDGE_LOOP('',(#1978,#1979,#1987,#1994));
#1978 = ORIENTED_EDGE('',*,*,#504,.T.);
#1979 = ORIENTED_EDGE('',*,*,#1980,.T.);
#1980 = EDGE_CURVE('',#505,#1981,#1983,.T.);
#1981 = VERTEX_POINT('',#1982);
#1982 = CARTESIAN_POINT('',(2.100000200756,4.216365058537,
    -11.33582979489));
#1983 = LINE('',#1984,#1985);
#1984 = CARTESIAN_POINT('',(2.100000289255,1.716365058537,
    -11.33582979489));
#1985 = VECTOR('',#1986,1.);
#1986 = DIRECTION('',(-3.539988028E-08,1.,-1.752E-14));
#1987 = ORIENTED_EDGE('',*,*,#1988,.T.);
#1988 = EDGE_CURVE('',#1981,#1981,#1989,.T.);
#1989 = CIRCLE('',#1990,2.1);
#1990 = AXIS2_PLACEMENT_3D('',#1991,#1992,#1993);
#1991 = CARTESIAN_POINT('',(2.0075545735E-07,4.216364984198,
    -11.33582979489));
#1992 = DIRECTION('',(3.539988026E-08,-1.,1.752E-14));
#1993 = DIRECTION('',(-1.,-3.539988026E-08,-9.44E-15));
#1994 = ORIENTED_EDGE('',*,*,#1980,.F.);
#1995 = CYLINDRICAL_SURFACE('',#1996,2.1);
#1996 = AXIS2_PLACEMENT_3D('',#1997,#1998,#1999);
#1997 = CARTESIAN_POINT('',(2.8925515808E-07,1.716364984198,
    -11.33582979489));
#1998 = DIRECTION('',(-3.539988028E-08,1.,-1.752E-14));
#1999 = DIRECTION('',(-1.,-3.539988028E-08,-9.44E-15));
#2000 = ADVANCED_FACE('',(#2001,#2059,#2066),#2073,.F.);
#2001 = FACE_BOUND('',#2002,.F.);
#2002 = EDGE_LOOP('',(#2003,#2013,#2021,#2029,#2037,#2045,#2053));
#2003 = ORIENTED_EDGE('',*,*,#2004,.F.);
#2004 = EDGE_CURVE('',#2005,#2007,#2009,.T.);
#2005 = VERTEX_POINT('',#2006);
#2006 = CARTESIAN_POINT('',(-12.24999981694,4.716364550549,
    -18.51082979489));
#2007 = VERTEX_POINT('',#2008);
#2008 = CARTESIAN_POINT('',(-12.24999946737,-5.158636104348,
    -18.51082979489));
#2009 = LINE('',#2010,#2011);
#2010 = CARTESIAN_POINT('',(-12.24999970632,1.591363895652,
    -18.51082979489));
#2011 = VECTOR('',#2012,1.);
#2012 = DIRECTION('',(3.539987392E-08,-1.,-1.7E-16));
#2013 = ORIENTED_EDGE('',*,*,#2014,.F.);
#2014 = EDGE_CURVE('',#2015,#2005,#2017,.T.);
#2015 = VERTEX_POINT('',#2016);
#2016 = CARTESIAN_POINT('',(-12.24999981694,4.716364550549,
    -4.860829794896));
#2017 = LINE('',#2018,#2019);
#2018 = CARTESIAN_POINT('',(-12.24999981694,4.716364550549,
    -4.860829794896));
#2019 = VECTOR('',#2020,1.);
#2020 = DIRECTION('',(0.,-0.,-1.));
#2021 = ORIENTED_EDGE('',*,*,#2022,.F.);
#2022 = EDGE_CURVE('',#2023,#2015,#2025,.T.);
#2023 = VERTEX_POINT('',#2024);
#2024 = CARTESIAN_POINT('',(-12.24999946755,-5.153508948081,
    -4.860829794896));
#2025 = LINE('',#2026,#2027);
#2026 = CARTESIAN_POINT('',(-12.24999970613,1.586236739384,
    -4.860829794896));
#2027 = VECTOR('',#2028,1.);
#2028 = DIRECTION('',(-3.539987392E-08,1.,1.7E-16));
#2029 = ORIENTED_EDGE('',*,*,#2030,.F.);
#2030 = EDGE_CURVE('',#2031,#2023,#2033,.T.);
#2031 = VERTEX_POINT('',#2032);
#2032 = CARTESIAN_POINT('',(-12.24999946755,-5.153508948081,
    -11.21082979489));
#2033 = LINE('',#2034,#2035);
#2034 = CARTESIAN_POINT('',(-12.24999946755,-5.153508948081,
    -11.21082979489));
#2035 = VECTOR('',#2036,1.);
#2036 = DIRECTION('',(0.,0.,1.));
#2037 = ORIENTED_EDGE('',*,*,#2038,.F.);
#2038 = EDGE_CURVE('',#2039,#2031,#2041,.T.);
#2039 = VERTEX_POINT('',#2040);
#2040 = CARTESIAN_POINT('',(-12.249999501,-4.20863610435,-11.21082979489
    ));
#2041 = LINE('',#2042,#2043);
#2042 = CARTESIAN_POINT('',(-12.249999501,-4.20863610435,-11.21082979489
    ));
#2043 = VECTOR('',#2044,1.);
#2044 = DIRECTION('',(3.5399874E-08,-1.,0.));
#2045 = ORIENTED_EDGE('',*,*,#2046,.F.);
#2046 = EDGE_CURVE('',#2047,#2039,#2049,.T.);
#2047 = VERTEX_POINT('',#2048);
#2048 = CARTESIAN_POINT('',(-12.24999946737,-5.158636104348,
    -12.16082979489));
#2049 = LINE('',#2050,#2051);
#2050 = CARTESIAN_POINT('',(-12.24999946737,-5.158636104348,
    -12.16082979489));
#2051 = VECTOR('',#2052,1.);
#2052 = DIRECTION('',(-2.503149095854E-08,0.707106781186,0.707106781187)
  );
#2053 = ORIENTED_EDGE('',*,*,#2054,.F.);
#2054 = EDGE_CURVE('',#2007,#2047,#2055,.T.);
#2055 = LINE('',#2056,#2057);
#2056 = CARTESIAN_POINT('',(-12.24999946737,-5.158636104348,
    -18.51082979489));
#2057 = VECTOR('',#2058,1.);
#2058 = DIRECTION('',(0.,0.,1.));
#2059 = FACE_BOUND('',#2060,.F.);
#2060 = EDGE_LOOP('',(#2061,#2062,#2063,#2064,#2065));
#2061 = ORIENTED_EDGE('',*,*,#613,.T.);
#2062 = ORIENTED_EDGE('',*,*,#586,.T.);
#2063 = ORIENTED_EDGE('',*,*,#678,.T.);
#2064 = ORIENTED_EDGE('',*,*,#654,.F.);
#2065 = ORIENTED_EDGE('',*,*,#630,.F.);
#2066 = FACE_BOUND('',#2067,.F.);
#2067 = EDGE_LOOP('',(#2068,#2069,#2070,#2071,#2072));
#2068 = ORIENTED_EDGE('',*,*,#720,.T.);
#2069 = ORIENTED_EDGE('',*,*,#693,.T.);
#2070 = ORIENTED_EDGE('',*,*,#785,.T.);
#2071 = ORIENTED_EDGE('',*,*,#761,.F.);
#2072 = ORIENTED_EDGE('',*,*,#737,.F.);
#2073 = PLANE('',#2074);
#2074 = AXIS2_PLACEMENT_3D('',#2075,#2076,#2077);
#2075 = CARTESIAN_POINT('',(-12.24999963816,-0.334004801784,
    -11.67727679855));
#2076 = DIRECTION('',(1.,3.539987388E-08,2.9E-16));
#2077 = DIRECTION('',(-3.539987388E-08,1.,0.));
#2078 = ADVANCED_FACE('',(#2079),#2911,.T.);
#2079 = FACE_BOUND('',#2080,.T.);
#2080 = EDGE_LOOP('',(#2081,#2092,#2107,#2116,#2129,#2141,#2154,#2171,
    #2180,#2193,#2202,#2215,#2234,#2243,#2256,#2268,#2281,#2297,#2306,
    #2319,#2328,#2337,#2363,#2364,#2365,#2366,#2401,#2444,#2640,#2667,
    #2698,#2892,#2893,#2902));
#2081 = ORIENTED_EDGE('',*,*,#2082,.F.);
#2082 = EDGE_CURVE('',#2083,#2085,#2087,.T.);
#2083 = VERTEX_POINT('',#2084);
#2084 = CARTESIAN_POINT('',(12.000000722897,-10.533634591,
    -30.23108640344));
#2085 = VERTEX_POINT('',#2086);
#2086 = CARTESIAN_POINT('',(11.729789636447,-10.53363460057,
    -25.58944291522));
#2087 = B_SPLINE_CURVE_WITH_KNOTS('',3,(#2088,#2089,#2090,#2091),
  .UNSPECIFIED.,.F.,.F.,(4,4),(-0.99999665107,-0.753967785284),
  .PIECEWISE_BEZIER_KNOTS.);
#2088 = CARTESIAN_POINT('',(12.001085585577,-10.53363459096,
    -30.23102322178));
#2089 = CARTESIAN_POINT('',(11.910977313667,-10.53363459415,
    -28.68381098653));
#2090 = CARTESIAN_POINT('',(11.820867919377,-10.53363459734,
    -27.13659875129));
#2091 = CARTESIAN_POINT('',(11.730758024897,-10.53363460053,
    -25.58938651605));
#2092 = ORIENTED_EDGE('',*,*,#2093,.F.);
#2093 = EDGE_CURVE('',#2094,#2083,#2096,.T.);
#2094 = VERTEX_POINT('',#2095);
#2095 = CARTESIAN_POINT('',(4.000101587936,-21.84731423577,
    -30.23108640344));
#2096 = B_SPLINE_CURVE_WITH_KNOTS('',3,(#2097,#2098,#2099,#2100,#2101,
    #2102,#2103,#2104,#2105,#2106),.UNSPECIFIED.,.F.,.F.,(4,1,2,1,2,4),(
    0.804086728908,0.80920799896,0.86841599792,0.889311689278,
    0.910207380637,1.),.UNSPECIFIED.);
#2097 = CARTESIAN_POINT('',(4.000117425978,-21.84730964583,
    -30.23108640344));
#2098 = CARTESIAN_POINT('',(4.121469810955,-21.80443359673,
    -30.23108640344));
#2099 = CARTESIAN_POINT('',(5.637060399806,-21.24121855319,
    -30.23108640344));
#2100 = CARTESIAN_POINT('',(7.032463458312,-20.3705206441,
    -30.23108640344));
#2101 = CARTESIAN_POINT('',(8.513658609391,-19.0070726814,
    -30.23108640344));
#2102 = CARTESIAN_POINT('',(9.239744352842,-18.24498270727,
    -30.23108640344));
#2103 = CARTESIAN_POINT('',(9.859601807952,-17.39426372837,
    -30.23108640344));
#2104 = CARTESIAN_POINT('',(11.349028362557,-15.04496416591,
    -30.23108640344));
#2105 = CARTESIAN_POINT('',(12.001089345067,-12.7892993669,
    -30.23108640344));
#2106 = CARTESIAN_POINT('',(12.001089265217,-10.53363459096,
    -30.23108640344));
#2107 = ORIENTED_EDGE('',*,*,#2108,.T.);
#2108 = EDGE_CURVE('',#2094,#2109,#2111,.T.);
#2109 = VERTEX_POINT('',#2110);
#2110 = CARTESIAN_POINT('',(4.131122803807,-21.78019693521,
    -30.08006588797));
#2111 = B_SPLINE_CURVE_WITH_KNOTS('',3,(#2112,#2113,#2114,#2115),
  .UNSPECIFIED.,.F.,.F.,(4,4),(-7.396940735623E-02,-5.287169245027E-02),
  .PIECEWISE_BEZIER_KNOTS.);
#2112 = CARTESIAN_POINT('',(4.000117425981,-21.84730964583,
    -30.23108640344));
#2113 = CARTESIAN_POINT('',(4.043855078894,-21.82507263469,
    -30.18071163039));
#2114 = CARTESIAN_POINT('',(4.08756160668,-21.80269719441,-30.1303718498
    ));
#2115 = CARTESIAN_POINT('',(4.131237908913,-21.78018774549,
    -30.08006588797));
#2116 = ORIENTED_EDGE('',*,*,#2117,.T.);
#2117 = EDGE_CURVE('',#2109,#2118,#2120,.T.);
#2118 = VERTEX_POINT('',#2119);
#2119 = CARTESIAN_POINT('',(0.189040931037,-21.29584434942,
    -23.05108640345));
#2120 = B_SPLINE_CURVE_WITH_KNOTS('',3,(#2121,#2122,#2123,#2124,#2125,
    #2126,#2127,#2128),.UNSPECIFIED.,.F.,.F.,(4,2,2,4),(-1.025516049982,
    -0.637304726048,-0.347619790478,0.),.UNSPECIFIED.);
#2121 = CARTESIAN_POINT('',(4.131122803807,-21.78019693521,
    -30.08006588797));
#2122 = CARTESIAN_POINT('',(3.054248321986,-22.04824286458,
    -29.14508551079));
#2123 = CARTESIAN_POINT('',(2.046974233153,-22.05123952653,
    -28.22252601717));
#2124 = CARTESIAN_POINT('',(0.87356330831,-21.91804700993,
    -26.74694771648));
#2125 = CARTESIAN_POINT('',(0.597568433379,-21.82900413296,
    -26.20253041243));
#2126 = CARTESIAN_POINT('',(0.233929156042,-21.63008102284,
    -24.98719211266));
#2127 = CARTESIAN_POINT('',(0.157932873658,-21.49269378757,
    -24.19255208055));
#2128 = CARTESIAN_POINT('',(0.189040931207,-21.29584434834,
    -23.05108639719));
#2129 = ORIENTED_EDGE('',*,*,#2130,.T.);
#2130 = EDGE_CURVE('',#2118,#2131,#2133,.T.);
#2131 = VERTEX_POINT('',#2132);
#2132 = CARTESIAN_POINT('',(-0.211104661142,-21.29561594288,
    -23.05108640345));
#2133 = B_SPLINE_CURVE_WITH_KNOTS('',3,(#2134,#2135,#2136,#2137,#2138,
    #2139,#2140),.UNSPECIFIED.,.F.,.F.,(4,3,4),(-14.0450349049,
    -13.91140503089,-13.7621760752),.UNSPECIFIED.);
#2134 = CARTESIAN_POINT('',(0.189058876355,-21.29623139687,
    -23.0510864032));
#2135 = CARTESIAN_POINT('',(0.126053162965,-21.29685481735,
    -23.0510864032));
#2136 = CARTESIAN_POINT('',(6.304272445734E-02,-21.29716698567,
    -23.0510864032));
#2137 = CARTESIAN_POINT('',(3.237149046037E-05,-21.2971669585,
    -23.0510864032));
#2138 = CARTESIAN_POINT('',(-7.033339993946E-02,-21.29716692816,
    -23.0510864032));
#2139 = CARTESIAN_POINT('',(-0.140699064692,-21.29677756079,
    -23.0510864032));
#2140 = CARTESIAN_POINT('',(-0.211057947679,-21.29600016627,
    -23.0510864032));
#2141 = ORIENTED_EDGE('',*,*,#2142,.T.);
#2142 = EDGE_CURVE('',#2131,#2143,#2145,.T.);
#2143 = VERTEX_POINT('',#2144);
#2144 = CARTESIAN_POINT('',(3.695545888565,-21.95041853519,
    -30.23108640345));
#2145 = B_SPLINE_CURVE_WITH_KNOTS('',3,(#2146,#2147,#2148,#2149,#2150,
    #2151,#2152,#2153),.UNSPECIFIED.,.F.,.F.,(4,2,2,4),(-1.007797450996,
    -0.766391017516,-0.486154204757,0.),.UNSPECIFIED.);
#2146 = CARTESIAN_POINT('',(-0.211104661141,-21.29561594288,
    -23.05108640344));
#2147 = CARTESIAN_POINT('',(-0.231906968816,-21.42944713728,
    -23.82973886622));
#2148 = CARTESIAN_POINT('',(-0.206447203559,-21.54818587895,
    -24.51598568763));
#2149 = CARTESIAN_POINT('',(2.52144833485E-02,-21.77819388817,
    -25.84322000394));
#2150 = CARTESIAN_POINT('',(0.258129276219,-21.88565124235,
    -26.44824175791));
#2151 = CARTESIAN_POINT('',(1.336662909817,-22.12311563304,
    -28.11963581362));
#2152 = CARTESIAN_POINT('',(2.489338022324,-22.19267551512,
    -29.17636377892));
#2153 = CARTESIAN_POINT('',(3.695545888562,-21.95041853519,
    -30.23108640344));
#2154 = ORIENTED_EDGE('',*,*,#2155,.F.);
#2155 = EDGE_CURVE('',#2156,#2143,#2158,.T.);
#2156 = VERTEX_POINT('',#2157);
#2157 = CARTESIAN_POINT('',(-11.31366019525,-14.53361925393,
    -30.23108640345));
#2158 = B_SPLINE_CURVE_WITH_KNOTS('',3,(#2159,#2160,#2161,#2162,#2163,
    #2164,#2165,#2166,#2167,#2168,#2169,#2170),.UNSPECIFIED.,.F.,.F.,(4,
    2,1,1,2,1,1,4),(0.554086723985,0.589792619363,0.595016542203,
    0.621136156401,0.63158400208,0.69079200104,0.75,0.799823493918),
  .UNSPECIFIED.);
#2159 = CARTESIAN_POINT('',(-11.31363485101,-14.53361061924,
    -30.23108640344));
#2160 = CARTESIAN_POINT('',(-11.01439409682,-15.37962827439,
    -30.23108640344));
#2161 = CARTESIAN_POINT('',(-10.62028101785,-16.1921293357,
    -30.23108640344));
#2162 = CARTESIAN_POINT('',(-10.07019032796,-17.06137389939,
    -30.23108640344));
#2163 = CARTESIAN_POINT('',(-9.638069755554,-17.72015734393,
    -30.23108640344));
#2164 = CARTESIAN_POINT('',(-8.976160998845,-18.54022562313,
    -30.23108640344));
#2165 = CARTESIAN_POINT('',(-8.320382821414,-19.18483338518,
    -30.23108640344));
#2166 = CARTESIAN_POINT('',(-7.03246702828,-20.370547599,-30.23108640344
    ));
#2167 = CARTESIAN_POINT('',(-4.463636567255,-21.97356591977,
    -30.23108640344));
#2168 = CARTESIAN_POINT('',(-0.23581780166,-22.77014953456,
    -30.23108640344));
#2169 = CARTESIAN_POINT('',(2.504215341008,-22.33557054057,
    -30.23108640344));
#2170 = CARTESIAN_POINT('',(3.695647094108,-21.95030138717,
    -30.23108640344));
#2171 = ORIENTED_EDGE('',*,*,#2172,.T.);
#2172 = EDGE_CURVE('',#2156,#2173,#2175,.T.);
#2173 = VERTEX_POINT('',#2174);
#2174 = CARTESIAN_POINT('',(-11.2637853585,-14.6647567473,
    -30.08006588797));
#2175 = B_SPLINE_CURVE_WITH_KNOTS('',3,(#2176,#2177,#2178,#2179),
  .UNSPECIFIED.,.F.,.F.,(4,4),(-7.224935823929E-02,-5.163460767488E-02),
  .PIECEWISE_BEZIER_KNOTS.);
#2176 = CARTESIAN_POINT('',(-11.31363485101,-14.53361061924,
    -30.23108640344));
#2177 = CARTESIAN_POINT('',(-11.29713001711,-14.57733978316,
    -30.18071824994));
#2178 = CARTESIAN_POINT('',(-11.28048224538,-14.62104437406,
    -30.13037859924));
#2179 = CARTESIAN_POINT('',(-11.26369645377,-14.66472583478,
    -30.08006588797));
#2180 = ORIENTED_EDGE('',*,*,#2181,.T.);
#2181 = EDGE_CURVE('',#2173,#2182,#2184,.T.);
#2182 = VERTEX_POINT('',#2183);
#2183 = CARTESIAN_POINT('',(-11.58109450683,-10.72267490291,
    -23.05108640345));
#2184 = B_SPLINE_CURVE_WITH_KNOTS('',3,(#2185,#2186,#2187,#2188,#2189,
    #2190,#2191,#2192),.UNSPECIFIED.,.F.,.F.,(4,2,2,4),(-0.941519596819,
    -0.584052430596,-0.32285304144,-1.71941705E-09),.UNSPECIFIED.);
#2185 = CARTESIAN_POINT('',(-11.2637853585,-14.6647567473,
    -30.08006588797));
#2186 = CARTESIAN_POINT('',(-11.64228928262,-13.57689561919,
    -29.13554651397));
#2187 = CARTESIAN_POINT('',(-11.74860138646,-12.56256397034,
    -28.20602344088));
#2188 = CARTESIAN_POINT('',(-11.78096949776,-11.39952800828,
    -26.73263662976));
#2189 = CARTESIAN_POINT('',(-11.75437273611,-11.12473407471,
    -26.19026527109));
#2190 = CARTESIAN_POINT('',(-11.69178122849,-10.75582307326,
    -24.93599930823));
#2191 = CARTESIAN_POINT('',(-11.64381554813,-10.69340686167,
    -24.12503517309));
#2192 = CARTESIAN_POINT('',(-11.58109450683,-10.72267490291,
    -23.05108640345));
#2193 = ORIENTED_EDGE('',*,*,#2194,.T.);
#2194 = EDGE_CURVE('',#2182,#2195,#2197,.T.);
#2195 = VERTEX_POINT('',#2196);
#2196 = CARTESIAN_POINT('',(-11.58086609305,-10.32252931073,
    -23.05108640345));
#2197 = B_SPLINE_CURVE_WITH_KNOTS('',3,(#2198,#2199,#2200,#2201),
  .UNSPECIFIED.,.F.,.F.,(4,4),(-7.631043096433,-7.610840624593),
  .PIECEWISE_BEZIER_KNOTS.);
#2198 = CARTESIAN_POINT('',(-11.58109450683,-10.72267490291,
    -23.05108640345));
#2199 = CARTESIAN_POINT('',(-11.58239093572,-10.5901269913,
    -23.05108640345));
#2200 = CARTESIAN_POINT('',(-11.58233230295,-10.45676513181,
    -23.05108640345));
#2201 = CARTESIAN_POINT('',(-11.58086609305,-10.32252931073,
    -23.05108640345));
#2202 = ORIENTED_EDGE('',*,*,#2203,.T.);
#2203 = EDGE_CURVE('',#2195,#2204,#2206,.T.);
#2204 = VERTEX_POINT('',#2205);
#2205 = CARTESIAN_POINT('',(-11.41678290978,-14.22917983145,
    -30.23108640345));
#2206 = B_SPLINE_CURVE_WITH_KNOTS('',3,(#2207,#2208,#2209,#2210,#2211,
    #2212,#2213,#2214),.UNSPECIFIED.,.F.,.F.,(4,2,2,4),(-1.023497348155,
    -0.782613018724,-0.502138198593,0.),.UNSPECIFIED.);
#2207 = CARTESIAN_POINT('',(-11.58086609305,-10.32252931073,
    -23.05108640345));
#2208 = CARTESIAN_POINT('',(-11.62522780397,-10.30203351117,
    -23.81826582622));
#2209 = CARTESIAN_POINT('',(-11.66495990374,-10.32654319391,
    -24.49252259705));
#2210 = CARTESIAN_POINT('',(-11.74244614902,-10.5474712807,
    -25.79990159104));
#2211 = CARTESIAN_POINT('',(-11.78056787785,-10.77047446748,
    -26.4001275135));
#2212 = CARTESIAN_POINT('',(-11.83191830376,-11.83243923261,
    -28.0862080485));
#2213 = CARTESIAN_POINT('',(-11.78617016579,-13.00022115733,
    -29.15647019587));
#2214 = CARTESIAN_POINT('',(-11.41678290978,-14.22917983144,
    -30.23108640344));
#2215 = ORIENTED_EDGE('',*,*,#2216,.F.);
#2216 = EDGE_CURVE('',#2217,#2204,#2219,.T.);
#2217 = VERTEX_POINT('',#2218);
#2218 = CARTESIAN_POINT('',(-3.999997190941,0.780143239008,
    -30.23108640345));
#2219 = B_SPLINE_CURVE_WITH_KNOTS('',3,(#2220,#2221,#2222,#2223,#2224,
    #2225,#2226,#2227,#2228,#2229,#2230,#2231,#2232,#2233),
  .UNSPECIFIED.,.F.,.F.,(4,1,2,1,1,2,1,1,1,4),(0.304086719061,
    0.30920799896,0.36841599792,0.378863843599,0.404983457797,
    0.410207380637,0.455103690318,0.5,0.544896309682,0.549823489039),
  .UNSPECIFIED.);
#2220 = CARTESIAN_POINT('',(-3.999995054296,0.780213012678,
    -30.23108640344));
#2221 = CARTESIAN_POINT('',(-4.121348442789,0.737337015422,
    -30.23108640344));
#2222 = CARTESIAN_POINT('',(-5.636955237646,0.17411400103,
    -30.23108640344));
#2223 = CARTESIAN_POINT('',(-7.032467724731,-0.696722930503,
    -30.23108640344));
#2224 = CARTESIAN_POINT('',(-8.320383433917,-1.882437235499,
    -30.23108640344));
#2225 = CARTESIAN_POINT('',(-8.97616156571,-2.527045043983,
    -30.23108640344));
#2226 = CARTESIAN_POINT('',(-9.638070264359,-3.347113370048,
    -30.23108640344));
#2227 = CARTESIAN_POINT('',(-10.07019079013,-4.005896845175,
    -30.23108640344));
#2228 = CARTESIAN_POINT('',(-10.7437992106,-5.070322330032,
    -30.23108640344));
#2229 = CARTESIAN_POINT('',(-11.679391443,-7.148669563902,
    -30.23108640344));
#2230 = CARTESIAN_POINT('',(-12.16057338498,-10.53363544628,
    -30.23108640344));
#2231 = CARTESIAN_POINT('',(-11.82218269679,-12.91410788823,
    -30.23108640344));
#2232 = CARTESIAN_POINT('',(-11.45489773039,-14.11136368606,
    -30.23108640344));
#2233 = CARTESIAN_POINT('',(-11.41674865383,-14.22917233953,
    -30.23108640344));
#2234 = ORIENTED_EDGE('',*,*,#2235,.T.);
#2235 = EDGE_CURVE('',#2217,#2236,#2238,.T.);
#2236 = VERTEX_POINT('',#2237);
#2237 = CARTESIAN_POINT('',(-4.131120657974,0.712927158066,
    -30.08006588797));
#2238 = B_SPLINE_CURVE_WITH_KNOTS('',3,(#2239,#2240,#2241,#2242),
  .UNSPECIFIED.,.F.,.F.,(4,4),(-7.396940657574E-02,-5.287169189205E-02),
  .PIECEWISE_BEZIER_KNOTS.);
#2239 = CARTESIAN_POINT('',(-3.999995054298,0.780213012678,
    -30.23108640344));
#2240 = CARTESIAN_POINT('',(-4.043732864929,0.75797604058,
    -30.18071163039));
#2241 = CARTESIAN_POINT('',(-4.087439639163,0.735600577803,
    -30.13037184981));
#2242 = CARTESIAN_POINT('',(-4.131116286078,0.713091045087,
    -30.08006588797));
#2243 = ORIENTED_EDGE('',*,*,#2244,.T.);
#2244 = EDGE_CURVE('',#2236,#2245,#2247,.T.);
#2245 = VERTEX_POINT('',#2246);
#2246 = CARTESIAN_POINT('',(-0.189038785203,0.228574324656,
    -23.05108640345));
#2247 = B_SPLINE_CURVE_WITH_KNOTS('',3,(#2248,#2249,#2250,#2251,#2252,
    #2253,#2254,#2255),.UNSPECIFIED.,.F.,.F.,(4,2,2,4),(-1.025516055379,
    -0.637304731742,-0.3476197932,0.),.UNSPECIFIED.);
#2248 = CARTESIAN_POINT('',(-4.131120657974,0.712927158066,
    -30.08006588797));
#2249 = CARTESIAN_POINT('',(-3.054246176664,0.980972998418,
    -29.14508551124));
#2250 = CARTESIAN_POINT('',(-2.046972098738,0.983969600415,
    -28.22252602633));
#2251 = CARTESIAN_POINT('',(-0.873561174979,0.850777021614,
    -26.74694773608));
#2252 = CARTESIAN_POINT('',(-0.597566295902,0.761734131784,
    -26.20253043299));
#2253 = CARTESIAN_POINT('',(-0.233927011354,0.562811002917,
    -24.98719212533));
#2254 = CARTESIAN_POINT('',(-0.157930727579,0.425423763907,
    -24.19255208956));
#2255 = CARTESIAN_POINT('',(-0.189038785374,0.228574323576,
    -23.05108639719));
#2256 = ORIENTED_EDGE('',*,*,#2257,.T.);
#2257 = EDGE_CURVE('',#2245,#2258,#2260,.T.);
#2258 = VERTEX_POINT('',#2259);
#2259 = CARTESIAN_POINT('',(0.211106806975,0.228345903631,
    -23.05108640345));
#2260 = B_SPLINE_CURVE_WITH_KNOTS('',3,(#2261,#2262,#2263,#2264,#2265,
    #2266,#2267),.UNSPECIFIED.,.F.,.F.,(4,3,4),(-3.991623176649,
    -3.933754329983,-3.869129797211),.UNSPECIFIED.);
#2261 = CARTESIAN_POINT('',(-0.188993699802,0.228961193047,
    -23.05108640345));
#2262 = CARTESIAN_POINT('',(-0.125988544257,0.229584670498,
    -23.05108640345));
#2263 = CARTESIAN_POINT('',(-6.2978510192E-02,0.229896895308,
    -23.05108640345));
#2264 = CARTESIAN_POINT('',(3.160943472833E-05,0.229896926939,
    -23.05108640345));
#2265 = CARTESIAN_POINT('',(7.039761420863E-02,0.22989696226,
    -23.05108640345));
#2266 = CARTESIAN_POINT('',(0.140763725688,0.229507657981,
    -23.05108640345));
#2267 = CARTESIAN_POINT('',(0.211123244141,0.228730327841,
    -23.05108640345));
#2268 = ORIENTED_EDGE('',*,*,#2269,.T.);
#2269 = EDGE_CURVE('',#2258,#2270,#2272,.T.);
#2270 = VERTEX_POINT('',#2271);
#2271 = CARTESIAN_POINT('',(-3.695543742732,0.883148730176,
    -30.23108640345));
#2272 = B_SPLINE_CURVE_WITH_KNOTS('',3,(#2273,#2274,#2275,#2276,#2277,
    #2278,#2279,#2280),.UNSPECIFIED.,.F.,.F.,(4,2,2,4),(-1.007797448181,
    -0.76639102095,-0.486154206841,0.),.UNSPECIFIED.);
#2273 = CARTESIAN_POINT('',(0.211106806975,0.228345903631,
    -23.05108640344));
#2274 = CARTESIAN_POINT('',(0.231909114247,0.362177094187,
    -23.82973885122));
#2275 = CARTESIAN_POINT('',(0.206449350226,0.480915833196,
    -24.51598565579));
#2276 = CARTESIAN_POINT('',(-2.521232491538E-02,0.710923850375,
    -25.84321996317));
#2277 = CARTESIAN_POINT('',(-0.258127112668,0.81838121619,
    -26.44824172265));
#2278 = CARTESIAN_POINT('',(-1.336660742448,1.05584566725,
    -28.11963579378));
#2279 = CARTESIAN_POINT('',(-2.489335860729,1.125405618105,
    -29.17636376514));
#2280 = CARTESIAN_POINT('',(-3.695543742729,0.883148730176,
    -30.23108640344));
#2281 = ORIENTED_EDGE('',*,*,#2282,.F.);
#2282 = EDGE_CURVE('',#2283,#2270,#2285,.T.);
#2283 = VERTEX_POINT('',#2284);
#2284 = CARTESIAN_POINT('',(11.312867249855,-6.533843378784,
    -30.23108640345));
#2285 = B_SPLINE_CURVE_WITH_KNOTS('',3,(#2286,#2287,#2288,#2289,#2290,
    #2291,#2292,#2293,#2294,#2295,#2296),.UNSPECIFIED.,.F.,.F.,(4,2,1,2,
    1,1,4),(5.408672398471E-02,8.97926193633E-02,0.110688310722,
    0.13158400208,0.19079200104,0.25,0.299823484159),.UNSPECIFIED.);
#2286 = CARTESIAN_POINT('',(11.3122843629,-6.533987927508,
    -30.23108640344));
#2287 = CARTESIAN_POINT('',(11.013747312894,-5.687504086006,
    -30.23108640344));
#2288 = CARTESIAN_POINT('',(10.621234733949,-4.874343633733,
    -30.23108640344));
#2289 = CARTESIAN_POINT('',(9.859601322221,-3.673005605174,
    -30.23108640344));
#2290 = CARTESIAN_POINT('',(9.23974380688,-2.822286670163,
    -30.23108640344));
#2291 = CARTESIAN_POINT('',(8.513658009473,-2.060196747435,
    -30.23108640344));
#2292 = CARTESIAN_POINT('',(7.032462761862,-0.696748889608,
    -30.23108640344));
#2293 = CARTESIAN_POINT('',(4.463833341499,0.906013766917,
    -30.23108640344));
#2294 = CARTESIAN_POINT('',(0.235851483577,1.702864551267,
    -30.23108640344));
#2295 = CARTESIAN_POINT('',(-2.504092337224,1.268458856633,
    -30.23108640344));
#2296 = CARTESIAN_POINT('',(-3.695523799881,0.883202881706,
    -30.23108640344));
#2297 = ORIENTED_EDGE('',*,*,#2298,.T.);
#2298 = EDGE_CURVE('',#2283,#2299,#2301,.T.);
#2299 = VERTEX_POINT('',#2300);
#2300 = CARTESIAN_POINT('',(11.263786804306,-6.402513284302,
    -30.08006588797));
#2301 = B_SPLINE_CURVE_WITH_KNOTS('',3,(#2302,#2303,#2304,#2305),
  .UNSPECIFIED.,.F.,.F.,(4,4),(-7.224935823944E-02,-5.163460767495E-02),
  .PIECEWISE_BEZIER_KNOTS.);
#2302 = CARTESIAN_POINT('',(11.3122843629,-6.533987927506,
    -30.23108640344));
#2303 = CARTESIAN_POINT('',(11.295815629501,-6.490235021536,
    -30.18071824994));
#2304 = CARTESIAN_POINT('',(11.279206059873,-6.446506357631,
    -30.13037859924));
#2305 = CARTESIAN_POINT('',(11.262460171346,-6.402800669627,
    -30.08006588797));
#2306 = ORIENTED_EDGE('',*,*,#2307,.T.);
#2307 = EDGE_CURVE('',#2299,#2308,#2310,.T.);
#2308 = VERTEX_POINT('',#2309);
#2309 = CARTESIAN_POINT('',(11.581095952635,-10.34459512869,
    -23.05108640345));
#2310 = B_SPLINE_CURVE_WITH_KNOTS('',3,(#2311,#2312,#2313,#2314,#2315,
    #2316,#2317,#2318),.UNSPECIFIED.,.F.,.F.,(4,2,2,4),(-0.941519596819,
    -0.584052430596,-0.32285304144,-1.71939674E-09),.UNSPECIFIED.);
#2311 = CARTESIAN_POINT('',(11.263786804306,-6.402513284302,
    -30.08006588797));
#2312 = CARTESIAN_POINT('',(11.642290728436,-7.490374412415,
    -29.13554651397));
#2313 = CARTESIAN_POINT('',(11.748602832263,-8.504706061264,
    -28.20602344088));
#2314 = CARTESIAN_POINT('',(11.780970943564,-9.667742023321,
    -26.73263662976));
#2315 = CARTESIAN_POINT('',(11.754374181922,-9.94253595689,
    -26.19026527109));
#2316 = CARTESIAN_POINT('',(11.691782674291,-10.31144695834,
    -24.93599930823));
#2317 = CARTESIAN_POINT('',(11.643816993931,-10.37386316993,
    -24.12503517309));
#2318 = CARTESIAN_POINT('',(11.581095952635,-10.34459512869,
    -23.05108640345));
#2319 = ORIENTED_EDGE('',*,*,#2320,.T.);
#2320 = EDGE_CURVE('',#2308,#2321,#2323,.T.);
#2321 = VERTEX_POINT('',#2322);
#2322 = CARTESIAN_POINT('',(11.582020409327,-10.5336346058,
    -23.05108640345));
#2323 = B_SPLINE_CURVE_WITH_KNOTS('',3,(#2324,#2325,#2326,#2327),
  .UNSPECIFIED.,.F.,.F.,(4,4),(-0.467125373123,-0.445772105789),
  .PIECEWISE_BEZIER_KNOTS.);
#2324 = CARTESIAN_POINT('',(11.581980506437,-10.34465142281,
    -23.05108640345));
#2325 = CARTESIAN_POINT('',(11.582610834587,-10.40764266069,
    -23.05108640345));
#2326 = CARTESIAN_POINT('',(11.582926660607,-10.47063863322,
    -23.05108640345));
#2327 = CARTESIAN_POINT('',(11.582926662837,-10.53363460576,
    -23.05108640345));
#2328 = ORIENTED_EDGE('',*,*,#2329,.F.);
#2329 = EDGE_CURVE('',#2330,#2321,#2332,.T.);
#2330 = VERTEX_POINT('',#2331);
#2331 = CARTESIAN_POINT('',(11.38693276554,-10.53363461271,
    -19.68582979489));
#2332 = B_SPLINE_CURVE_WITH_KNOTS('',3,(#2333,#2334,#2335,#2336),
  .UNSPECIFIED.,.F.,.F.,(4,4),(0.116033231704,0.619422994519),
  .PIECEWISE_BEZIER_KNOTS.);
#2333 = CARTESIAN_POINT('',(11.029814016827,-10.53363462535,
    -13.55396770335));
#2334 = CARTESIAN_POINT('',(11.214180994007,-10.53363461882,
    -16.71965640266));
#2335 = CARTESIAN_POINT('',(11.398552631357,-10.53363461229,
    -19.88534510197));
#2336 = CARTESIAN_POINT('',(11.582923599267,-10.53363460577,
    -23.05103380127));
#2337 = ORIENTED_EDGE('',*,*,#2338,.F.);
#2338 = EDGE_CURVE('',#193,#2330,#2339,.T.);
#2339 = B_SPLINE_CURVE_WITH_KNOTS('',8,(#2340,#2341,#2342,#2343,#2344,
    #2345,#2346,#2347,#2348,#2349,#2350,#2351,#2352,#2353,#2354,#2355,
    #2356,#2357,#2358,#2359,#2360,#2361,#2362),.UNSPECIFIED.,.F.,.F.,(9,
    7,7,9),(0.,0.143846022905,0.563296790073,1.),.UNSPECIFIED.);
#2340 = CARTESIAN_POINT('',(10.654004018564,-4.283635396351,
    -19.68582979489));
#2341 = CARTESIAN_POINT('',(10.674126461532,-4.367918482876,
    -19.68582979489));
#2342 = CARTESIAN_POINT('',(10.698798337418,-4.472687696578,
    -19.68582979489));
#2343 = CARTESIAN_POINT('',(10.724706440903,-4.585271028525,
    -19.68582979489));
#2344 = CARTESIAN_POINT('',(10.749760415873,-4.697309206066,
    -19.68582979489));
#2345 = CARTESIAN_POINT('',(10.773227362288,-4.804698095742,
    -19.68582979489));
#2346 = CARTESIAN_POINT('',(10.795258070357,-4.90766834469,
    -19.68582979489));
#2347 = CARTESIAN_POINT('',(10.816894923078,-5.010758618634,
    -19.68582979489));
#2348 = CARTESIAN_POINT('',(10.906567114517,-5.449708147049,
    -19.68582979489));
#2349 = CARTESIAN_POINT('',(10.96863308376,-5.777525925543,
    -19.68582979489));
#2350 = CARTESIAN_POINT('',(11.026026505024,-6.106216826602,
    -19.68582979489));
#2351 = CARTESIAN_POINT('',(11.078772489673,-6.43569654649,
    -19.68582979489));
#2352 = CARTESIAN_POINT('',(11.126887198553,-6.765883655351,
    -19.68582979489));
#2353 = CARTESIAN_POINT('',(11.170378356838,-7.096699505063,
    -19.68582979489));
#2354 = CARTESIAN_POINT('',(11.209245768883,-7.428068137088,
    -19.68582979489));
#2355 = CARTESIAN_POINT('',(11.279126061907,-8.105413496339,
    -19.68582979489));
#2356 = CARTESIAN_POINT('',(11.309749789748,-8.451427355732,
    -19.68582979489));
#2357 = CARTESIAN_POINT('',(11.33534413713,-8.797874867833,
    -19.68582979489));
#2358 = CARTESIAN_POINT('',(11.355891022085,-9.144671992533,
    -19.68582979489));
#2359 = CARTESIAN_POINT('',(11.371363384337,-9.491733526681,
    -19.68582979489));
#2360 = CARTESIAN_POINT('',(11.381725409495,-9.838973080464,
    -19.68582979489));
#2361 = CARTESIAN_POINT('',(11.386932753245,-10.18630305379,
    -19.68582979489));
#2362 = CARTESIAN_POINT('',(11.38693276554,-10.5336346127,
    -19.68582979489));
#2363 = ORIENTED_EDGE('',*,*,#1720,.F.);
#2364 = ORIENTED_EDGE('',*,*,#1770,.F.);
#2365 = ORIENTED_EDGE('',*,*,#800,.F.);
#2366 = ORIENTED_EDGE('',*,*,#2367,.F.);
#2367 = EDGE_CURVE('',#2368,#176,#2370,.T.);
#2368 = VERTEX_POINT('',#2369);
#2369 = CARTESIAN_POINT('',(-11.24999948064,-7.818131094956,
    -19.68582979489));
#2370 = B_SPLINE_CURVE_WITH_KNOTS('',8,(#2371,#2372,#2373,#2374,#2375,
    #2376,#2377,#2378,#2379,#2380,#2381,#2382,#2383,#2384,#2385,#2386,
    #2387,#2388,#2389,#2390,#2391,#2392,#2393,#2394,#2395,#2396,#2397,
    #2398,#2399,#2400),.UNSPECIFIED.,.F.,.F.,(9,7,7,7,9),(0.,
    0.254711198331,0.620878261056,0.802983674679,1.),.UNSPECIFIED.);
#2371 = CARTESIAN_POINT('',(-11.24999948064,-7.818131094956,
    -19.68582979489));
#2372 = CARTESIAN_POINT('',(-11.24092792539,-7.728050988054,
    -19.68582979489));
#2373 = CARTESIAN_POINT('',(-11.22949077958,-7.617935724858,
    -19.68582979489));
#2374 = CARTESIAN_POINT('',(-11.21669487512,-7.500473217394,
    -19.68582979489));
#2375 = CARTESIAN_POINT('',(-11.20329501095,-7.384006833442,
    -19.68582979489));
#2376 = CARTESIAN_POINT('',(-11.18992485745,-7.272542870827,
    -19.68582979489));
#2377 = CARTESIAN_POINT('',(-11.17664913924,-7.165824508849,
    -19.68582979489));
#2378 = CARTESIAN_POINT('',(-11.16297957058,-7.059349931736,
    -19.68582979489));
#2379 = CARTESIAN_POINT('',(-11.12549699849,-6.779215842135,
    -19.68582979489));
#2380 = CARTESIAN_POINT('',(-11.10222008332,-6.614161719071,
    -19.68582979489));
#2381 = CARTESIAN_POINT('',(-11.07777290312,-6.449274061984,
    -19.68582979489));
#2382 = CARTESIAN_POINT('',(-11.05215600374,-6.284562663116,
    -19.68582979489));
#2383 = CARTESIAN_POINT('',(-11.0253694217,-6.12003745086,
    -19.68582979489));
#2384 = CARTESIAN_POINT('',(-10.99741268418,-5.955708489763,
    -19.68582979489));
#2385 = CARTESIAN_POINT('',(-10.96828480898,-5.791585980522,
    -19.68582979489));
#2386 = CARTESIAN_POINT('',(-10.92291499211,-5.546165230176,
    -19.68582979489));
#2387 = CARTESIAN_POINT('',(-10.90756838787,-5.464772767718,
    -19.68582979489));
#2388 = CARTESIAN_POINT('',(-10.89194546069,-5.383505599187,
    -19.68582979489));
#2389 = CARTESIAN_POINT('',(-10.87604717938,-5.302366451158,
    -19.68582979489));
#2390 = CARTESIAN_POINT('',(-10.85987451278,-5.221358050203,
    -19.68582979489));
#2391 = CARTESIAN_POINT('',(-10.84342842971,-5.140483122899,
    -19.68582979489));
#2392 = CARTESIAN_POINT('',(-10.82670989899,-5.059744395818,
    -19.68582979489));
#2393 = CARTESIAN_POINT('',(-10.79133872667,-4.891945230304,
    -19.68582979489));
#2394 = CARTESIAN_POINT('',(-10.77262049555,-4.804816942516,
    -19.68582979489));
#2395 = CARTESIAN_POINT('',(-10.75356481771,-4.717761394092,
    -19.68582979489));
#2396 = CARTESIAN_POINT('',(-10.73417113728,-4.630780296452,
    -19.68582979489));
#2397 = CARTESIAN_POINT('',(-10.7144388981,-4.543875381715,
    -19.68582979489));
#2398 = CARTESIAN_POINT('',(-10.69436758473,-4.457048396565,
    -19.68582979489));
#2399 = CARTESIAN_POINT('',(-10.67395662763,-4.370301118769,
    -19.68582979489));
#2400 = CARTESIAN_POINT('',(-10.65320517217,-4.283635396351,
    -19.68582979489));
#2401 = ORIENTED_EDGE('',*,*,#2402,.F.);
#2402 = EDGE_CURVE('',#2403,#2368,#2405,.T.);
#2403 = VERTEX_POINT('',#2404);
#2404 = CARTESIAN_POINT('',(-11.24999948064,-13.24913782404,
    -19.68582979489));
#2405 = B_SPLINE_CURVE_WITH_KNOTS('',7,(#2406,#2407,#2408,#2409,#2410,
    #2411,#2412,#2413,#2414,#2415,#2416,#2417,#2418,#2419,#2420,#2421,
    #2422,#2423,#2424,#2425,#2426,#2427,#2428,#2429,#2430,#2431,#2432,
    #2433,#2434,#2435,#2436,#2437,#2438,#2439,#2440,#2441,#2442,#2443),
  .UNSPECIFIED.,.F.,.F.,(8,6,6,6,6,6,8),(0.,0.232080333228,
    0.319298034035,0.501294504175,0.677238706934,0.768393493559,1.),
  .UNSPECIFIED.);
#2406 = CARTESIAN_POINT('',(-11.24999948064,-13.24913782404,
    -19.68582979489));
#2407 = CARTESIAN_POINT('',(-11.24999948064,-13.15243884244,
    -19.45226498813));
#2408 = CARTESIAN_POINT('',(-11.24999948064,-13.04686212965,
    -19.22260939963));
#2409 = CARTESIAN_POINT('',(-11.24999948064,-12.93098032628,
    -18.99749902787));
#2410 = CARTESIAN_POINT('',(-11.24999948064,-12.80324753267,
    -18.77839048163));
#2411 = CARTESIAN_POINT('',(-11.24999948064,-12.66200438849,
    -18.56755880204));
#2412 = CARTESIAN_POINT('',(-11.24999948064,-12.50565496258,
    -18.3679802775));
#2413 = CARTESIAN_POINT('',(-11.24999948064,-12.2679546599,
    -18.11377391849));
#2414 = CARTESIAN_POINT('',(-11.24999948064,-12.20074148024,
    -18.04646558602));
#2415 = CARTESIAN_POINT('',(-11.24999948064,-12.1312008417,
    -17.98149470086));
#2416 = CARTESIAN_POINT('',(-11.24999948064,-12.05931042856,
    -17.91908824869));
#2417 = CARTESIAN_POINT('',(-11.24999948064,-11.98507481036,
    -17.85948505772));
#2418 = CARTESIAN_POINT('',(-11.24999948064,-11.90853145183,
    -17.80292881967));
#2419 = CARTESIAN_POINT('',(-11.24999948064,-11.66537813399,
    -17.63850781365));
#2420 = CARTESIAN_POINT('',(-11.24999948064,-11.49107771819,
    -17.54153455826));
#2421 = CARTESIAN_POINT('',(-11.24999948064,-11.3078533351,
    -17.46122894448));
#2422 = CARTESIAN_POINT('',(-11.24999948064,-11.11720433215,
    -17.39963451464));
#2423 = CARTESIAN_POINT('',(-11.24999948064,-10.9211758081,
    -17.35818686192));
#2424 = CARTESIAN_POINT('',(-11.24999948064,-10.72230032297,
    -17.33792688557));
#2425 = CARTESIAN_POINT('',(-11.24999948064,-10.33180838138,
    -17.33970206147));
#2426 = CARTESIAN_POINT('',(-11.24999948064,-10.13975632555,
    -17.36034971705));
#2427 = CARTESIAN_POINT('',(-11.24999948064,-9.950437468458,
    -17.40074324933));
#2428 = CARTESIAN_POINT('',(-11.24999948064,-9.766134713046,
    -17.4599479541));
#2429 = CARTESIAN_POINT('',(-11.24999948064,-9.588703793553,
    -17.53666304023));
#2430 = CARTESIAN_POINT('',(-11.24999948064,-9.419524611718,
    -17.62906402227));
#2431 = CARTESIAN_POINT('',(-11.24999948064,-9.176649869977,
    -17.78977380429));
#2432 = CARTESIAN_POINT('',(-11.24999948064,-9.096182472155,
    -17.84826506568));
#2433 = CARTESIAN_POINT('',(-11.24999948064,-9.018229494509,
    -17.91012585086));
#2434 = CARTESIAN_POINT('',(-11.24999948064,-8.942837976358,
    -17.97507733885));
#2435 = CARTESIAN_POINT('',(-11.24999948064,-8.870015248428,
    -18.04284578703));
#2436 = CARTESIAN_POINT('',(-11.24999948064,-8.799736398943,
    -18.11317127201));
#2437 = CARTESIAN_POINT('',(-11.24999948064,-8.559724161826,
    -18.37039358808));
#2438 = CARTESIAN_POINT('',(-11.24999948064,-8.403841997995,
    -18.56968318043));
#2439 = CARTESIAN_POINT('',(-11.24999948064,-8.262992334195,
    -18.78015583266));
#2440 = CARTESIAN_POINT('',(-11.24999948064,-8.135588914243,
    -18.99885869047));
#2441 = CARTESIAN_POINT('',(-11.24999948064,-8.019981329963,
    -19.22353417116));
#2442 = CARTESIAN_POINT('',(-11.24999948064,-7.914635162119,
    -19.45273583114));
#2443 = CARTESIAN_POINT('',(-11.24999948064,-7.818131094956,
    -19.68582979489));
#2444 = ORIENTED_EDGE('',*,*,#2445,.F.);
#2445 = EDGE_CURVE('',#2446,#2403,#2448,.T.);
#2446 = VERTEX_POINT('',#2447);
#2447 = CARTESIAN_POINT('',(-7.539315346421,-19.64131721578,
    -19.68582979489));
#2448 = B_SPLINE_CURVE_WITH_KNOTS('',8,(#2449,#2450,#2451,#2452,#2453,
    #2454,#2455,#2456,#2457,#2458,#2459,#2460,#2461,#2462,#2463,#2464,
    #2465,#2466,#2467,#2468,#2469,#2470,#2471,#2472,#2473,#2474,#2475,
    #2476,#2477,#2478,#2479,#2480,#2481,#2482,#2483,#2484,#2485,#2486,
    #2487,#2488,#2489,#2490,#2491,#2492,#2493,#2494,#2495,#2496,#2497,
    #2498,#2499,#2500,#2501,#2502,#2503,#2504,#2505,#2506,#2507,#2508,
    #2509,#2510,#2511,#2512,#2513,#2514,#2515,#2516,#2517,#2518,#2519,
    #2520,#2521,#2522,#2523,#2524,#2525,#2526,#2527,#2528,#2529,#2530,
    #2531,#2532,#2533,#2534,#2535,#2536,#2537,#2538,#2539,#2540,#2541,
    #2542,#2543,#2544,#2545,#2546,#2547,#2548,#2549,#2550,#2551,#2552,
    #2553,#2554,#2555,#2556,#2557,#2558,#2559,#2560,#2561,#2562,#2563,
    #2564,#2565,#2566,#2567,#2568,#2569,#2570,#2571,#2572,#2573,#2574,
    #2575,#2576,#2577,#2578,#2579,#2580,#2581,#2582,#2583,#2584,#2585,
    #2586,#2587,#2588,#2589,#2590,#2591,#2592,#2593,#2594,#2595,#2596,
    #2597,#2598,#2599,#2600,#2601,#2602,#2603,#2604,#2605,#2606,#2607,
    #2608,#2609,#2610,#2611,#2612,#2613,#2614,#2615,#2616,#2617,#2618,
    #2619,#2620,#2621,#2622,#2623,#2624,#2625,#2626,#2627,#2628,#2629,
    #2630,#2631,#2632,#2633,#2634,#2635,#2636,#2637,#2638,#2639),
  .UNSPECIFIED.,.F.,.F.,(9,7,7,7,7,7,7,7,7,7,7,7,7,7,7,7,7,7,7,7,7,7,7,7
    ,7,7,7,9),(0.,7.774062104768E-02,0.131821879219,0.158557884157,
    0.172886882562,0.187216895597,0.21658484366,0.231477424338,
    0.246369979454,0.26126253457,0.286272099839,0.366767746059,
    0.399240717622,0.471605382292,0.531315833347,0.591025159092,
    0.663389723198,0.725850337855,0.757563155974,0.772251235028,
    0.78903696594,0.812837987689,0.837126708741,0.859207364243,
    0.881243995982,0.939246039118,0.968629683036,1.),.UNSPECIFIED.);
#2449 = CARTESIAN_POINT('',(11.38693276554,-10.5336346127,
    -19.68582979489));
#2450 = CARTESIAN_POINT('',(11.386932777836,-10.88096617161,
    -19.68582979489));
#2451 = CARTESIAN_POINT('',(11.381725458677,-11.22829614531,
    -19.68582979489));
#2452 = CARTESIAN_POINT('',(11.371363458104,-11.57553569983,
    -19.68582979489));
#2453 = CARTESIAN_POINT('',(11.355891120424,-11.92259723507,
    -19.68582979489));
#2454 = CARTESIAN_POINT('',(11.335344260022,-12.26939436123,
    -19.68582979489));
#2455 = CARTESIAN_POINT('',(11.309749937168,-12.61584187514,
    -19.68582979489));
#2456 = CARTESIAN_POINT('',(11.279126233825,-12.96185573671,
    -19.68582979489));
#2457 = CARTESIAN_POINT('',(11.218685682411,-13.54770267055,
    -19.68582979489));
#2458 = CARTESIAN_POINT('',(11.191459674489,-13.78780127139,
    -19.68582979489));
#2459 = CARTESIAN_POINT('',(11.161807149358,-14.02762063028,
    -19.68582979489));
#2460 = CARTESIAN_POINT('',(11.129728986948,-14.2671319233,
    -19.68582979489));
#2461 = CARTESIAN_POINT('',(11.095223803448,-14.50630572008,
    -19.68582979489));
#2462 = CARTESIAN_POINT('',(11.058287951309,-14.7451119838,
    -19.68582979489));
#2463 = CARTESIAN_POINT('',(11.018915519239,-14.98352007116,
    -19.68582979489));
#2464 = CARTESIAN_POINT('',(10.956425282858,-15.33914759784,
    -19.68582979489));
#2465 = CARTESIAN_POINT('',(10.93515472226,-15.45669143322,
    -19.68582979489));
#2466 = CARTESIAN_POINT('',(10.913285652015,-15.57412642743,
    -19.68582979489));
#2467 = CARTESIAN_POINT('',(10.890816924085,-15.69144869377,
    -19.68582979489));
#2468 = CARTESIAN_POINT('',(10.867747240787,-15.80865426999,
    -19.68582979489));
#2469 = CARTESIAN_POINT('',(10.844075154797,-15.92573911829,
    -19.68582979489));
#2470 = CARTESIAN_POINT('',(10.819799069145,-16.0426991253,
    -19.68582979489));
#2471 = CARTESIAN_POINT('',(10.781581971507,-16.22214494995,
    -19.68582979489));
#2472 = CARTESIAN_POINT('',(10.768082952522,-16.28467465401,
    -19.68582979489));
#2473 = CARTESIAN_POINT('',(10.754420539807,-16.34711790727,
    -19.68582979489));
#2474 = CARTESIAN_POINT('',(10.740595092903,-16.40947340271,
    -19.68582979489));
#2475 = CARTESIAN_POINT('',(10.726606971351,-16.47173983329,
    -19.68582979489));
#2476 = CARTESIAN_POINT('',(10.712456534694,-16.53391589198,
    -19.68582979489));
#2477 = CARTESIAN_POINT('',(10.698144142472,-16.59600027175,
    -19.68582979489));
#2478 = CARTESIAN_POINT('',(10.669195141086,-16.71998744897,
    -19.68582979489));
#2479 = CARTESIAN_POINT('',(10.654466929934,-16.78186101452,
    -19.68582979489));
#2480 = CARTESIAN_POINT('',(10.639616282515,-16.84364796727,
    -19.68582979489));
#2481 = CARTESIAN_POINT('',(10.624705883717,-16.90536556766,
    -19.68582979489));
#2482 = CARTESIAN_POINT('',(10.609730341581,-16.96701273154,
    -19.68582979489));
#2483 = CARTESIAN_POINT('',(10.594616187292,-17.02857003012,
    -19.68582979489));
#2484 = CARTESIAN_POINT('',(10.579221875189,-17.08999969003,
    -19.68582979489));
#2485 = CARTESIAN_POINT('',(10.530784902272,-17.27676303006,
    -19.68582979489));
#2486 = CARTESIAN_POINT('',(10.491760614088,-17.40056779431,
    -19.68582979489));
#2487 = CARTESIAN_POINT('',(10.446657886701,-17.52239862753,
    -19.68582979489));
#2488 = CARTESIAN_POINT('',(10.395797914209,-17.64198985747,
    -19.68582979489));
#2489 = CARTESIAN_POINT('',(10.339447358283,-17.75907812426,
    -19.68582979489));
#2490 = CARTESIAN_POINT('',(10.277826009923,-17.87340506621,
    -19.68582979489));
#2491 = CARTESIAN_POINT('',(10.211104870984,-17.98471596531,
    -19.68582979489));
#2492 = CARTESIAN_POINT('',(10.103030175139,-18.14754096516,
    -19.68582979489));
#2493 = CARTESIAN_POINT('',(10.065360134474,-18.20152113133,
    -19.68582979489));
#2494 = CARTESIAN_POINT('',(10.026410090502,-18.25463717334,
    -19.68582979489));
#2495 = CARTESIAN_POINT('',(9.986205848872,-18.30683179551,
    -19.68582979489));
#2496 = CARTESIAN_POINT('',(9.944773463856,-18.35804808412,
    -19.68582979489));
#2497 = CARTESIAN_POINT('',(9.902139238354,-18.40822950739,
    -19.68582979489));
#2498 = CARTESIAN_POINT('',(9.85832972389,-18.45731991548,
    -19.68582979489));
#2499 = CARTESIAN_POINT('',(9.768413794508,-18.55320708326,
    -19.68582979489));
#2500 = CARTESIAN_POINT('',(9.722314239892,-18.60001034971,
    -19.68582979489));
#2501 = CARTESIAN_POINT('',(9.675129713873,-18.64564699003,
    -19.68582979489));
#2502 = CARTESIAN_POINT('',(9.626916873555,-18.69009065436,
    -19.68582979489));
#2503 = CARTESIAN_POINT('',(9.577732376042,-18.73331499286,
    -19.68582979489));
#2504 = CARTESIAN_POINT('',(9.52763287844,-18.7752936557,-19.68582979489
    ));
#2505 = CARTESIAN_POINT('',(9.476675037853,-18.81600029301,
    -19.68582979489));
#2506 = CARTESIAN_POINT('',(9.373155984916,-18.8948168169,
    -19.68582979489));
#2507 = CARTESIAN_POINT('',(9.320594772567,-18.93292670348,
    -19.68582979489));
#2508 = CARTESIAN_POINT('',(9.267288531442,-18.96971186485,
    -19.68582979489));
#2509 = CARTESIAN_POINT('',(9.213293918645,-19.00514595115,
    -19.68582979489));
#2510 = CARTESIAN_POINT('',(9.158667591281,-19.03920261256,
    -19.68582979489));
#2511 = CARTESIAN_POINT('',(9.103466206455,-19.07185549921,
    -19.68582979489));
#2512 = CARTESIAN_POINT('',(9.04774642127,-19.10307826127,
    -19.68582979489));
#2513 = CARTESIAN_POINT('',(8.89721737547,-19.18283206998,
    -19.68582979489));
#2514 = CARTESIAN_POINT('',(8.801665017998,-19.22883061189,
    -19.68582979489));
#2515 = CARTESIAN_POINT('',(8.701741934722,-19.26981027689,
    -19.68582979489));
#2516 = CARTESIAN_POINT('',(8.607273897317,-19.31509197361,
    -19.68582979489));
#2517 = CARTESIAN_POINT('',(8.499026522852,-19.33297067501,
    -19.68582979489));
#2518 = CARTESIAN_POINT('',(8.401009727629,-19.37511233661,
    -19.68582979489));
#2519 = CARTESIAN_POINT('',(8.299067271376,-19.40650803615,
    -19.68582979489));
#2520 = CARTESIAN_POINT('',(7.872302936611,-19.5439083719,
    -19.68582979489));
#2521 = CARTESIAN_POINT('',(7.545112903863,-19.64380082865,
    -19.68582979489));
#2522 = CARTESIAN_POINT('',(7.216438060016,-19.73878649064,
    -19.68582979489));
#2523 = CARTESIAN_POINT('',(6.886376930685,-19.82888449681,
    -19.68582979489));
#2524 = CARTESIAN_POINT('',(6.555023309229,-19.91410330748,
    -19.68582979489));
#2525 = CARTESIAN_POINT('',(6.222466570845,-19.99444180098,
    -19.68582979489));
#2526 = CARTESIAN_POINT('',(5.888791986661,-20.06989037037,
    -19.68582979489));
#2527 = CARTESIAN_POINT('',(5.419054367041,-20.16888942242,
    -19.68582979489));
#2528 = CARTESIAN_POINT('',(5.283859352319,-20.19654818672,
    -19.68582979489));
#2529 = CARTESIAN_POINT('',(5.148501481699,-20.22340713575,
    -19.68582979489));
#2530 = CARTESIAN_POINT('',(5.012986220412,-20.24946488657,
    -19.68582979489));
#2531 = CARTESIAN_POINT('',(4.877319010891,-20.27471985058,
    -19.68582979489));
#2532 = CARTESIAN_POINT('',(4.74150527277,-20.29917023348,
    -19.68582979489));
#2533 = CARTESIAN_POINT('',(4.605550402886,-20.32281403533,
    -19.68582979489));
#2534 = CARTESIAN_POINT('',(4.166187479655,-20.39653593076,
    -19.68582979489));
#2535 = CARTESIAN_POINT('',(3.862241519221,-20.44340185824,
    -19.68582979489));
#2536 = CARTESIAN_POINT('',(3.557686754463,-20.48626358889,
    -19.68582979489));
#2537 = CARTESIAN_POINT('',(3.252591694122,-20.52515549367,
    -19.68582979489));
#2538 = CARTESIAN_POINT('',(2.947015785328,-20.56007318857,
    -19.68582979489));
#2539 = CARTESIAN_POINT('',(2.641024051743,-20.59103723961,
    -19.68582979489));
#2540 = CARTESIAN_POINT('',(2.334674639546,-20.61804224395,
    -19.68582979489));
#2541 = CARTESIAN_POINT('',(1.775001450565,-20.66010051073,
    -19.68582979489));
#2542 = CARTESIAN_POINT('',(1.521773799229,-20.67641773706,
    -19.68582979489));
#2543 = CARTESIAN_POINT('',(1.268376831502,-20.69003546411,
    -19.68582979489));
#2544 = CARTESIAN_POINT('',(1.014843875656,-20.70094874375,
    -19.68582979489));
#2545 = CARTESIAN_POINT('',(0.761208498609,-20.70915008867,
    -19.68582979489));
#2546 = CARTESIAN_POINT('',(0.507504505933,-20.71462947234,
    -19.68582979489));
#2547 = CARTESIAN_POINT('',(0.253765941846,-20.71737432901,
    -19.68582979489));
#2548 = CARTESIAN_POINT('',(-0.253706981426,-20.71736477859,
    -19.68582979489));
#2549 = CARTESIAN_POINT('',(-0.507440662496,-20.71461047473,
    -19.68582979489));
#2550 = CARTESIAN_POINT('',(-0.761139669539,-20.70912159103,
    -19.68582979489));
#2551 = CARTESIAN_POINT('',(-1.014769953422,-20.70091056286,
    -19.68582979489));
#2552 = CARTESIAN_POINT('',(-1.268297700331,-20.68998731212,
    -19.68582979489));
#2553 = CARTESIAN_POINT('',(-1.521689331774,-20.67635924717,
    -19.68582979489));
#2554 = CARTESIAN_POINT('',(-1.774911504581,-20.66003126293,
    -19.68582979489));
#2555 = CARTESIAN_POINT('',(-2.334577573462,-20.61794780803,
    -19.68582979489));
#2556 = CARTESIAN_POINT('',(-2.64092525495,-20.59092800021,
    -19.68582979489));
#2557 = CARTESIAN_POINT('',(-2.946915031412,-20.55994844941,
    -19.68582979489));
#2558 = CARTESIAN_POINT('',(-3.252488573603,-20.52501400146,
    -19.68582979489));
#2559 = CARTESIAN_POINT('',(-3.557581110006,-20.48610524742,
    -19.68582979489));
#2560 = CARTESIAN_POINT('',(-3.862132864918,-20.44322527379,
    -19.68582979489));
#2561 = CARTESIAN_POINT('',(-4.166075609362,-20.39634113604,
    -19.68582979489));
#2562 = CARTESIAN_POINT('',(-4.73110712982,-20.3014970726,
    -19.68582979489));
#2563 = CARTESIAN_POINT('',(-4.992366984704,-20.25456576901,
    -19.68582979489));
#2564 = CARTESIAN_POINT('',(-5.253085666112,-20.20465468958,
    -19.68582979489));
#2565 = CARTESIAN_POINT('',(-5.513224244641,-20.15177415819,
    -19.68582979489));
#2566 = CARTESIAN_POINT('',(-5.772743041911,-20.09593158883,
    -19.68582979489));
#2567 = CARTESIAN_POINT('',(-6.031601580883,-20.03713126193,
    -19.68582979489));
#2568 = CARTESIAN_POINT('',(-6.289758536184,-19.97537410064,
    -19.68582979489));
#2569 = CARTESIAN_POINT('',(-6.677866785595,-19.87779918174,
    -19.68582979489));
#2570 = CARTESIAN_POINT('',(-6.808370013934,-19.84417802037,
    -19.68582979489));
#2571 = CARTESIAN_POINT('',(-6.938675793744,-19.80979364526,
    -19.68582979489));
#2572 = CARTESIAN_POINT('',(-7.06877841789,-19.77464549085,
    -19.68582979489));
#2573 = CARTESIAN_POINT('',(-7.1986720478,-19.73873274377,
    -19.68582979489));
#2574 = CARTESIAN_POINT('',(-7.328350713469,-19.70205434294,
    -19.68582979489));
#2575 = CARTESIAN_POINT('',(-7.457808313457,-19.66460897953,
    -19.68582979489));
#2576 = CARTESIAN_POINT('',(-7.646892799917,-19.60869599096,
    -19.68582979489));
#2577 = CARTESIAN_POINT('',(-7.706634632014,-19.59085082718,
    -19.68582979489));
#2578 = CARTESIAN_POINT('',(-7.766262931201,-19.57286028077,
    -19.68582979489));
#2579 = CARTESIAN_POINT('',(-7.825776517503,-19.55472502689,
    -19.68582979489));
#2580 = CARTESIAN_POINT('',(-7.885174210944,-19.53644574073,
    -19.68582979489));
#2581 = CARTESIAN_POINT('',(-7.94445483155,-19.51802309745,
    -19.68582979489));
#2582 = CARTESIAN_POINT('',(-8.003617199346,-19.49945777222,
    -19.68582979489));
#2583 = CARTESIAN_POINT('',(-8.130135181002,-19.45937145392,
    -19.68582979489));
#2584 = CARTESIAN_POINT('',(-8.197393944517,-19.43758299317,
    -19.68582979489));
#2585 = CARTESIAN_POINT('',(-8.264520996372,-19.4157080929,
    -19.68582979489));
#2586 = CARTESIAN_POINT('',(-8.33155642317,-19.39389795187,
    -19.68582979489));
#2587 = CARTESIAN_POINT('',(-8.398495826648,-19.37213193267,
    -19.68582979489));
#2588 = CARTESIAN_POINT('',(-8.465290323676,-19.35021756177,
    -19.68582979489));
#2589 = CARTESIAN_POINT('',(-8.531846546259,-19.32779052945,
    -19.68582979489));
#2590 = CARTESIAN_POINT('',(-8.691865503554,-19.27102755023,
    -19.68582979489));
#2591 = CARTESIAN_POINT('',(-8.784457555349,-19.23424242626,
    -19.68582979489));
#2592 = CARTESIAN_POINT('',(-8.875708529716,-19.19408413433,
    -19.68582979489));
#2593 = CARTESIAN_POINT('',(-8.965390993574,-19.15050923326,
    -19.68582979489));
#2594 = CARTESIAN_POINT('',(-9.053405252468,-19.10364751278,
    -19.68582979489));
#2595 = CARTESIAN_POINT('',(-9.139600189155,-19.05355835888,
    -19.68582979489));
#2596 = CARTESIAN_POINT('',(-9.223661048004,-19.00007873158,
    -19.68582979489));
#2597 = CARTESIAN_POINT('',(-9.389159700731,-18.88563967318,
    -19.68582979489));
#2598 = CARTESIAN_POINT('',(-9.470853873458,-18.82431383101,
    -19.68582979489));
#2599 = CARTESIAN_POINT('',(-9.550500215079,-18.75963988137,
    -19.68582979489));
#2600 = CARTESIAN_POINT('',(-9.627945245558,-18.69179574125,
    -19.68582979489));
#2601 = CARTESIAN_POINT('',(-9.703035484862,-18.62095932766,
    -19.68582979489));
#2602 = CARTESIAN_POINT('',(-9.775617452955,-18.54730855758,
    -19.68582979489));
#2603 = CARTESIAN_POINT('',(-9.845537669803,-18.47102134802,
    -19.68582979489));
#2604 = CARTESIAN_POINT('',(-9.973647187705,-18.32068858684,
    -19.68582979489));
#2605 = CARTESIAN_POINT('',(-10.03232508261,-18.24706972093,
    -19.68582979489));
#2606 = CARTESIAN_POINT('',(-10.08856102828,-18.17155268994,
    -19.68582979489));
#2607 = CARTESIAN_POINT('',(-10.14223971289,-18.09427116552,
    -19.68582979489));
#2608 = CARTESIAN_POINT('',(-10.19324582461,-18.01535881936,
    -19.68582979489));
#2609 = CARTESIAN_POINT('',(-10.24146405161,-17.93494932312,
    -19.68582979489));
#2610 = CARTESIAN_POINT('',(-10.28677908209,-17.85317634849,
    -19.68582979489));
#2611 = CARTESIAN_POINT('',(-10.37128779678,-17.68733627427,
    -19.68582979489));
#2612 = CARTESIAN_POINT('',(-10.4109562056,-17.60304705284,
    -19.68582979489));
#2613 = CARTESIAN_POINT('',(-10.44660454291,-17.51747261414,
    -19.68582979489));
#2614 = CARTESIAN_POINT('',(-10.47930712358,-17.43107017514,
    -19.68582979489));
#2615 = CARTESIAN_POINT('',(-10.50941959399,-17.34412201983,
    -19.68582979489));
#2616 = CARTESIAN_POINT('',(-10.53587254651,-17.25665329582,
    -19.68582979489));
#2617 = CARTESIAN_POINT('',(-10.55802801954,-17.16873304594,
    -19.68582979489));
#2618 = CARTESIAN_POINT('',(-10.63819102768,-16.85065573342,
    -19.68582979489));
#2619 = CARTESIAN_POINT('',(-10.69384758972,-16.61953933098,
    -19.68582979489));
#2620 = CARTESIAN_POINT('',(-10.74708360869,-16.38784451316,
    -19.68582979489));
#2621 = CARTESIAN_POINT('',(-10.79791146543,-16.15560526568,
    -19.68582979489));
#2622 = CARTESIAN_POINT('',(-10.84634103005,-15.92285434793,
    -19.68582979489));
#2623 = CARTESIAN_POINT('',(-10.89237980952,-15.68962332623,
    -19.68582979489));
#2624 = CARTESIAN_POINT('',(-10.9360330953,-15.45594260708,
    -19.68582979489));
#2625 = CARTESIAN_POINT('',(-10.99821187159,-15.10324660607,
    -19.68582979489));
#2626 = CARTESIAN_POINT('',(-11.0185082302,-14.98454393657,
    -19.68582979489));
#2627 = CARTESIAN_POINT('',(-11.03819358776,-14.86573731275,
    -19.68582979489));
#2628 = CARTESIAN_POINT('',(-11.05726820682,-14.74683054947,
    -19.68582979489));
#2629 = CARTESIAN_POINT('',(-11.07573221154,-14.62782742557,
    -19.68582979489));
#2630 = CARTESIAN_POINT('',(-11.09358558773,-14.50873168394,
    -19.68582979489));
#2631 = CARTESIAN_POINT('',(-11.11082818283,-14.38954703149,
    -19.68582979489));
#2632 = CARTESIAN_POINT('',(-11.14521571169,-14.14294322724,
    -19.68582979489));
#2633 = CARTESIAN_POINT('',(-11.16227547641,-14.01551215399,
    -19.68582979489));
#2634 = CARTESIAN_POINT('',(-11.178637972,-13.8879884406,-19.68582979489
    ));
#2635 = CARTESIAN_POINT('',(-11.19430246486,-13.76037645504,
    -19.68582979489));
#2636 = CARTESIAN_POINT('',(-11.20926944051,-13.63268071286,
    -19.68582979489));
#2637 = CARTESIAN_POINT('',(-11.22354051597,-13.50490593483,
    -19.68582979489));
#2638 = CARTESIAN_POINT('',(-11.2371173399,-13.37705686143,
    -19.68582979489));
#2639 = CARTESIAN_POINT('',(-11.24999948064,-13.24913782404,
    -19.68582979489));
#2640 = ORIENTED_EDGE('',*,*,#2641,.T.);
#2641 = EDGE_CURVE('',#2446,#2642,#2644,.T.);
#2642 = VERTEX_POINT('',#2643);
#2643 = CARTESIAN_POINT('',(7.510647819379E-07,-21.21662116825,
    -22.58582988548));
#2644 = B_SPLINE_CURVE_WITH_KNOTS('',3,(#2645,#2646,#2647,#2648,#2649,
    #2650,#2651,#2652,#2653,#2654,#2655,#2656,#2657,#2658,#2659,#2660,
    #2661,#2662,#2663,#2664,#2665,#2666),.UNSPECIFIED.,.F.,.F.,(4,2,2,2,
    2,2,2,2,2,2,4),(8.523014231288,8.754386722088,9.330942317822,
    9.659254054923,9.839325501542,10.043706332901,10.481764540708,
    11.014467650583,11.902846814183,12.582745371932,12.718031741891),
  .UNSPECIFIED.);
#2645 = CARTESIAN_POINT('',(-10.94845705911,-6.281617891986,
    -13.92306745149));
#2646 = CARTESIAN_POINT('',(-10.97587731621,-6.898834298115,
    -13.80703259721));
#2647 = CARTESIAN_POINT('',(-10.99628582183,-7.575758653748,
    -13.71251517964));
#2648 = CARTESIAN_POINT('',(-11.04401718867,-10.1999654359,
    -13.48517225964));
#2649 = CARTESIAN_POINT('',(-11.04860749359,-12.57153744908,
    -13.50078851655));
#2650 = CARTESIAN_POINT('',(-10.88816294482,-16.11927637409,
    -14.17731746984));
#2651 = CARTESIAN_POINT('',(-10.79137795018,-17.09015021795,
    -14.51646706298));
#2652 = CARTESIAN_POINT('',(-10.75171432648,-17.37943175798,
    -14.6472470729));
#2653 = CARTESIAN_POINT('',(-10.72781187173,-17.49480132224,
    -14.72683140844));
#2654 = CARTESIAN_POINT('',(-10.62760614056,-17.78102357136,
    -15.02977960116));
#2655 = CARTESIAN_POINT('',(-10.55347110376,-17.92503061842,
    -15.23892297485));
#2656 = CARTESIAN_POINT('',(-10.30374600025,-18.31179643881,
    -15.87598523833));
#2657 = CARTESIAN_POINT('',(-10.03435620042,-18.60796609697,
    -16.48954606486));
#2658 = CARTESIAN_POINT('',(-9.077714262999,-19.20652933859,
    -18.05691114661));
#2659 = CARTESIAN_POINT('',(-8.540368790672,-19.32420457561,
    -18.70669158352));
#2660 = CARTESIAN_POINT('',(-6.954735576422,-19.82187730594,
    -20.28875540002));
#2661 = CARTESIAN_POINT('',(-5.748595185083,-20.26458941993,
    -21.12465885225));
#2662 = CARTESIAN_POINT('',(-3.27672889164,-20.90419828288,
    -22.16059999729));
#2663 = CARTESIAN_POINT('',(-2.086794357664,-21.13049699742,
    -22.46754317815));
#2664 = CARTESIAN_POINT('',(-0.523987104955,-21.20987669019,
    -22.57662758366));
#2665 = CARTESIAN_POINT('',(-0.26280352681,-21.21662117576,
    -22.58582990156));
#2666 = CARTESIAN_POINT('',(7.5106420471E-07,-21.21662116825,
    -22.58582988548));
#2667 = ORIENTED_EDGE('',*,*,#2668,.T.);
#2668 = EDGE_CURVE('',#2642,#2669,#2671,.T.);
#2669 = VERTEX_POINT('',#2670);
#2670 = CARTESIAN_POINT('',(7.539371543421,-19.64095199216,
    -19.68582979489));
#2671 = B_SPLINE_CURVE_WITH_KNOTS('',3,(#2672,#2673,#2674,#2675,#2676,
    #2677,#2678,#2679,#2680,#2681,#2682,#2683,#2684,#2685,#2686,#2687,
    #2688,#2689,#2690,#2691,#2692,#2693,#2694,#2695,#2696,#2697),
  .UNSPECIFIED.,.F.,.F.,(4,2,2,2,2,2,2,2,2,2,2,2,4),(0.,0.106653019624,
    0.259751895725,0.587622117723,0.958247929245,1.074253760892,
    1.197934489512,1.24214499377,1.276699945571,1.315759435967,
    1.645348866103,1.906629847762,2.022262851615),.UNSPECIFIED.);
#2672 = CARTESIAN_POINT('',(7.510650013E-07,-21.21662116825,
    -22.58582988548));
#2673 = CARTESIAN_POINT('',(0.355510816479,-21.21662114574,
    -22.58582986374));
#2674 = CARTESIAN_POINT('',(0.710000964197,-21.20426342264,
    -22.56900358569));
#2675 = CARTESIAN_POINT('',(1.569935657508,-21.1451073433,-22.4873774445
    ));
#2676 = CARTESIAN_POINT('',(2.06942641368,-21.08589126024,
    -22.40533661807));
#2677 = CARTESIAN_POINT('',(3.611192601276,-20.83618536366,
    -22.04501862976));
#2678 = CARTESIAN_POINT('',(4.606325738492,-20.57382586034,
    -21.65329321302));
#2679 = CARTESIAN_POINT('',(6.558088864588,-19.97732479103,
    -20.55358224681));
#2680 = CARTESIAN_POINT('',(7.534072311394,-19.62687438494,
    -19.78773526007));
#2681 = CARTESIAN_POINT('',(8.652981403494,-19.29839124219,
    -18.53642278066));
#2682 = CARTESIAN_POINT('',(9.065686197314,-19.19471415877,
    -18.05099201537));
#2683 = CARTESIAN_POINT('',(9.998914732619,-18.64727394583,
    -16.57031757671));
#2684 = CARTESIAN_POINT('',(10.312833860709,-18.31224513459,
    -15.86163487805));
#2685 = CARTESIAN_POINT('',(10.568217410487,-17.89551900529,
    -15.19723013966));
#2686 = CARTESIAN_POINT('',(10.634489373775,-17.76411371903,
    -15.00948117051));
#2687 = CARTESIAN_POINT('',(10.723688560166,-17.50425030571,
    -14.73886214397));
#2688 = CARTESIAN_POINT('',(10.74692095627,-17.40097923992,
    -14.66279126535));
#2689 = CARTESIAN_POINT('',(10.777868194215,-17.19998562661,
    -14.56123355323));
#2690 = CARTESIAN_POINT('',(10.787473005208,-17.08284601463,
    -14.52872032371));
#2691 = CARTESIAN_POINT('',(10.894144265359,-16.00997462082,
    -14.16351812237));
#2692 = CARTESIAN_POINT('',(10.945224739047,-15.01697841186,
    -13.94103064926));
#2693 = CARTESIAN_POINT('',(11.004022111009,-13.21987344236,
    -13.6785088152));
#2694 = CARTESIAN_POINT('',(11.018181456625,-12.40533388466,
    -13.60811334091));
#2695 = CARTESIAN_POINT('',(11.027707678377,-11.24973084254,
    -13.56122253695));
#2696 = CARTESIAN_POINT('',(11.029151681728,-10.89184761533,
    -13.55400627791));
#2697 = CARTESIAN_POINT('',(11.029151669047,-10.53363462537,
    -13.55400627791));
#2698 = ORIENTED_EDGE('',*,*,#2699,.F.);
#2699 = EDGE_CURVE('',#2330,#2669,#2700,.T.);
#2700 = B_SPLINE_CURVE_WITH_KNOTS('',8,(#2701,#2702,#2703,#2704,#2705,
    #2706,#2707,#2708,#2709,#2710,#2711,#2712,#2713,#2714,#2715,#2716,
    #2717,#2718,#2719,#2720,#2721,#2722,#2723,#2724,#2725,#2726,#2727,
    #2728,#2729,#2730,#2731,#2732,#2733,#2734,#2735,#2736,#2737,#2738,
    #2739,#2740,#2741,#2742,#2743,#2744,#2745,#2746,#2747,#2748,#2749,
    #2750,#2751,#2752,#2753,#2754,#2755,#2756,#2757,#2758,#2759,#2760,
    #2761,#2762,#2763,#2764,#2765,#2766,#2767,#2768,#2769,#2770,#2771,
    #2772,#2773,#2774,#2775,#2776,#2777,#2778,#2779,#2780,#2781,#2782,
    #2783,#2784,#2785,#2786,#2787,#2788,#2789,#2790,#2791,#2792,#2793,
    #2794,#2795,#2796,#2797,#2798,#2799,#2800,#2801,#2802,#2803,#2804,
    #2805,#2806,#2807,#2808,#2809,#2810,#2811,#2812,#2813,#2814,#2815,
    #2816,#2817,#2818,#2819,#2820,#2821,#2822,#2823,#2824,#2825,#2826,
    #2827,#2828,#2829,#2830,#2831,#2832,#2833,#2834,#2835,#2836,#2837,
    #2838,#2839,#2840,#2841,#2842,#2843,#2844,#2845,#2846,#2847,#2848,
    #2849,#2850,#2851,#2852,#2853,#2854,#2855,#2856,#2857,#2858,#2859,
    #2860,#2861,#2862,#2863,#2864,#2865,#2866,#2867,#2868,#2869,#2870,
    #2871,#2872,#2873,#2874,#2875,#2876,#2877,#2878,#2879,#2880,#2881,
    #2882,#2883,#2884,#2885,#2886,#2887,#2888,#2889,#2890,#2891),
  .UNSPECIFIED.,.F.,.F.,(9,7,7,7,7,7,7,7,7,7,7,7,7,7,7,7,7,7,7,7,7,7,7,7
    ,7,7,7,9),(0.,7.774062104768E-02,0.131821879219,0.158557884157,
    0.172886882562,0.187216895597,0.21658484366,0.231477424338,
    0.246369979454,0.26126253457,0.286272099839,0.366767746059,
    0.399240717622,0.471605382292,0.531315833347,0.591025159092,
    0.663389723198,0.725850337855,0.757563155974,0.772251235028,
    0.78903696594,0.812837987689,0.837126708741,0.859207364243,
    0.881243995982,0.939246039118,0.968629683036,1.),.UNSPECIFIED.);
#2701 = CARTESIAN_POINT('',(11.38693276554,-10.5336346127,
    -19.68582979489));
#2702 = CARTESIAN_POINT('',(11.386932777836,-10.88096617161,
    -19.68582979489));
#2703 = CARTESIAN_POINT('',(11.381725458677,-11.22829614531,
    -19.68582979489));
#2704 = CARTESIAN_POINT('',(11.371363458104,-11.57553569983,
    -19.68582979489));
#2705 = CARTESIAN_POINT('',(11.355891120424,-11.92259723507,
    -19.68582979489));
#2706 = CARTESIAN_POINT('',(11.335344260022,-12.26939436123,
    -19.68582979489));
#2707 = CARTESIAN_POINT('',(11.309749937168,-12.61584187514,
    -19.68582979489));
#2708 = CARTESIAN_POINT('',(11.279126233825,-12.96185573671,
    -19.68582979489));
#2709 = CARTESIAN_POINT('',(11.218685682411,-13.54770267055,
    -19.68582979489));
#2710 = CARTESIAN_POINT('',(11.191459674489,-13.78780127139,
    -19.68582979489));
#2711 = CARTESIAN_POINT('',(11.161807149358,-14.02762063028,
    -19.68582979489));
#2712 = CARTESIAN_POINT('',(11.129728986948,-14.2671319233,
    -19.68582979489));
#2713 = CARTESIAN_POINT('',(11.095223803448,-14.50630572008,
    -19.68582979489));
#2714 = CARTESIAN_POINT('',(11.058287951309,-14.7451119838,
    -19.68582979489));
#2715 = CARTESIAN_POINT('',(11.018915519239,-14.98352007116,
    -19.68582979489));
#2716 = CARTESIAN_POINT('',(10.956425282858,-15.33914759784,
    -19.68582979489));
#2717 = CARTESIAN_POINT('',(10.93515472226,-15.45669143322,
    -19.68582979489));
#2718 = CARTESIAN_POINT('',(10.913285652015,-15.57412642743,
    -19.68582979489));
#2719 = CARTESIAN_POINT('',(10.890816924085,-15.69144869377,
    -19.68582979489));
#2720 = CARTESIAN_POINT('',(10.867747240787,-15.80865426999,
    -19.68582979489));
#2721 = CARTESIAN_POINT('',(10.844075154797,-15.92573911829,
    -19.68582979489));
#2722 = CARTESIAN_POINT('',(10.819799069145,-16.0426991253,
    -19.68582979489));
#2723 = CARTESIAN_POINT('',(10.781581971507,-16.22214494995,
    -19.68582979489));
#2724 = CARTESIAN_POINT('',(10.768082952522,-16.28467465401,
    -19.68582979489));
#2725 = CARTESIAN_POINT('',(10.754420539807,-16.34711790727,
    -19.68582979489));
#2726 = CARTESIAN_POINT('',(10.740595092903,-16.40947340271,
    -19.68582979489));
#2727 = CARTESIAN_POINT('',(10.726606971351,-16.47173983329,
    -19.68582979489));
#2728 = CARTESIAN_POINT('',(10.712456534694,-16.53391589198,
    -19.68582979489));
#2729 = CARTESIAN_POINT('',(10.698144142472,-16.59600027175,
    -19.68582979489));
#2730 = CARTESIAN_POINT('',(10.669195141086,-16.71998744897,
    -19.68582979489));
#2731 = CARTESIAN_POINT('',(10.654466929934,-16.78186101452,
    -19.68582979489));
#2732 = CARTESIAN_POINT('',(10.639616282515,-16.84364796727,
    -19.68582979489));
#2733 = CARTESIAN_POINT('',(10.624705883717,-16.90536556766,
    -19.68582979489));
#2734 = CARTESIAN_POINT('',(10.609730341581,-16.96701273154,
    -19.68582979489));
#2735 = CARTESIAN_POINT('',(10.594616187292,-17.02857003012,
    -19.68582979489));
#2736 = CARTESIAN_POINT('',(10.579221875189,-17.08999969003,
    -19.68582979489));
#2737 = CARTESIAN_POINT('',(10.530784902272,-17.27676303006,
    -19.68582979489));
#2738 = CARTESIAN_POINT('',(10.491760614088,-17.40056779431,
    -19.68582979489));
#2739 = CARTESIAN_POINT('',(10.446657886701,-17.52239862753,
    -19.68582979489));
#2740 = CARTESIAN_POINT('',(10.395797914209,-17.64198985747,
    -19.68582979489));
#2741 = CARTESIAN_POINT('',(10.339447358283,-17.75907812426,
    -19.68582979489));
#2742 = CARTESIAN_POINT('',(10.277826009923,-17.87340506621,
    -19.68582979489));
#2743 = CARTESIAN_POINT('',(10.211104870984,-17.98471596531,
    -19.68582979489));
#2744 = CARTESIAN_POINT('',(10.103030175139,-18.14754096516,
    -19.68582979489));
#2745 = CARTESIAN_POINT('',(10.065360134474,-18.20152113133,
    -19.68582979489));
#2746 = CARTESIAN_POINT('',(10.026410090502,-18.25463717334,
    -19.68582979489));
#2747 = CARTESIAN_POINT('',(9.986205848872,-18.30683179551,
    -19.68582979489));
#2748 = CARTESIAN_POINT('',(9.944773463856,-18.35804808412,
    -19.68582979489));
#2749 = CARTESIAN_POINT('',(9.902139238354,-18.40822950739,
    -19.68582979489));
#2750 = CARTESIAN_POINT('',(9.85832972389,-18.45731991548,
    -19.68582979489));
#2751 = CARTESIAN_POINT('',(9.768413794508,-18.55320708326,
    -19.68582979489));
#2752 = CARTESIAN_POINT('',(9.722314239892,-18.60001034971,
    -19.68582979489));
#2753 = CARTESIAN_POINT('',(9.675129713873,-18.64564699003,
    -19.68582979489));
#2754 = CARTESIAN_POINT('',(9.626916873555,-18.69009065436,
    -19.68582979489));
#2755 = CARTESIAN_POINT('',(9.577732376042,-18.73331499286,
    -19.68582979489));
#2756 = CARTESIAN_POINT('',(9.52763287844,-18.7752936557,-19.68582979489
    ));
#2757 = CARTESIAN_POINT('',(9.476675037853,-18.81600029301,
    -19.68582979489));
#2758 = CARTESIAN_POINT('',(9.373155984916,-18.8948168169,
    -19.68582979489));
#2759 = CARTESIAN_POINT('',(9.320594772567,-18.93292670348,
    -19.68582979489));
#2760 = CARTESIAN_POINT('',(9.267288531442,-18.96971186485,
    -19.68582979489));
#2761 = CARTESIAN_POINT('',(9.213293918645,-19.00514595115,
    -19.68582979489));
#2762 = CARTESIAN_POINT('',(9.158667591281,-19.03920261256,
    -19.68582979489));
#2763 = CARTESIAN_POINT('',(9.103466206455,-19.07185549921,
    -19.68582979489));
#2764 = CARTESIAN_POINT('',(9.04774642127,-19.10307826127,
    -19.68582979489));
#2765 = CARTESIAN_POINT('',(8.89721737547,-19.18283206998,
    -19.68582979489));
#2766 = CARTESIAN_POINT('',(8.801665017998,-19.22883061189,
    -19.68582979489));
#2767 = CARTESIAN_POINT('',(8.701741934722,-19.26981027689,
    -19.68582979489));
#2768 = CARTESIAN_POINT('',(8.607273897317,-19.31509197361,
    -19.68582979489));
#2769 = CARTESIAN_POINT('',(8.499026522852,-19.33297067501,
    -19.68582979489));
#2770 = CARTESIAN_POINT('',(8.401009727629,-19.37511233661,
    -19.68582979489));
#2771 = CARTESIAN_POINT('',(8.299067271376,-19.40650803615,
    -19.68582979489));
#2772 = CARTESIAN_POINT('',(7.872302936611,-19.5439083719,
    -19.68582979489));
#2773 = CARTESIAN_POINT('',(7.545112903863,-19.64380082865,
    -19.68582979489));
#2774 = CARTESIAN_POINT('',(7.216438060016,-19.73878649064,
    -19.68582979489));
#2775 = CARTESIAN_POINT('',(6.886376930685,-19.82888449681,
    -19.68582979489));
#2776 = CARTESIAN_POINT('',(6.555023309229,-19.91410330748,
    -19.68582979489));
#2777 = CARTESIAN_POINT('',(6.222466570845,-19.99444180098,
    -19.68582979489));
#2778 = CARTESIAN_POINT('',(5.888791986661,-20.06989037037,
    -19.68582979489));
#2779 = CARTESIAN_POINT('',(5.419054367041,-20.16888942242,
    -19.68582979489));
#2780 = CARTESIAN_POINT('',(5.283859352319,-20.19654818672,
    -19.68582979489));
#2781 = CARTESIAN_POINT('',(5.148501481699,-20.22340713575,
    -19.68582979489));
#2782 = CARTESIAN_POINT('',(5.012986220412,-20.24946488657,
    -19.68582979489));
#2783 = CARTESIAN_POINT('',(4.877319010891,-20.27471985058,
    -19.68582979489));
#2784 = CARTESIAN_POINT('',(4.74150527277,-20.29917023348,
    -19.68582979489));
#2785 = CARTESIAN_POINT('',(4.605550402886,-20.32281403533,
    -19.68582979489));
#2786 = CARTESIAN_POINT('',(4.166187479655,-20.39653593076,
    -19.68582979489));
#2787 = CARTESIAN_POINT('',(3.862241519221,-20.44340185824,
    -19.68582979489));
#2788 = CARTESIAN_POINT('',(3.557686754463,-20.48626358889,
    -19.68582979489));
#2789 = CARTESIAN_POINT('',(3.252591694122,-20.52515549367,
    -19.68582979489));
#2790 = CARTESIAN_POINT('',(2.947015785328,-20.56007318857,
    -19.68582979489));
#2791 = CARTESIAN_POINT('',(2.641024051743,-20.59103723961,
    -19.68582979489));
#2792 = CARTESIAN_POINT('',(2.334674639546,-20.61804224395,
    -19.68582979489));
#2793 = CARTESIAN_POINT('',(1.775001450565,-20.66010051073,
    -19.68582979489));
#2794 = CARTESIAN_POINT('',(1.521773799229,-20.67641773706,
    -19.68582979489));
#2795 = CARTESIAN_POINT('',(1.268376831502,-20.69003546411,
    -19.68582979489));
#2796 = CARTESIAN_POINT('',(1.014843875656,-20.70094874375,
    -19.68582979489));
#2797 = CARTESIAN_POINT('',(0.761208498609,-20.70915008867,
    -19.68582979489));
#2798 = CARTESIAN_POINT('',(0.507504505933,-20.71462947234,
    -19.68582979489));
#2799 = CARTESIAN_POINT('',(0.253765941846,-20.71737432901,
    -19.68582979489));
#2800 = CARTESIAN_POINT('',(-0.253706981426,-20.71736477859,
    -19.68582979489));
#2801 = CARTESIAN_POINT('',(-0.507440662496,-20.71461047473,
    -19.68582979489));
#2802 = CARTESIAN_POINT('',(-0.761139669539,-20.70912159103,
    -19.68582979489));
#2803 = CARTESIAN_POINT('',(-1.014769953422,-20.70091056286,
    -19.68582979489));
#2804 = CARTESIAN_POINT('',(-1.268297700331,-20.68998731212,
    -19.68582979489));
#2805 = CARTESIAN_POINT('',(-1.521689331774,-20.67635924717,
    -19.68582979489));
#2806 = CARTESIAN_POINT('',(-1.774911504581,-20.66003126293,
    -19.68582979489));
#2807 = CARTESIAN_POINT('',(-2.334577573462,-20.61794780803,
    -19.68582979489));
#2808 = CARTESIAN_POINT('',(-2.64092525495,-20.59092800021,
    -19.68582979489));
#2809 = CARTESIAN_POINT('',(-2.946915031412,-20.55994844941,
    -19.68582979489));
#2810 = CARTESIAN_POINT('',(-3.252488573603,-20.52501400146,
    -19.68582979489));
#2811 = CARTESIAN_POINT('',(-3.557581110006,-20.48610524742,
    -19.68582979489));
#2812 = CARTESIAN_POINT('',(-3.862132864918,-20.44322527379,
    -19.68582979489));
#2813 = CARTESIAN_POINT('',(-4.166075609362,-20.39634113604,
    -19.68582979489));
#2814 = CARTESIAN_POINT('',(-4.73110712982,-20.3014970726,
    -19.68582979489));
#2815 = CARTESIAN_POINT('',(-4.992366984704,-20.25456576901,
    -19.68582979489));
#2816 = CARTESIAN_POINT('',(-5.253085666112,-20.20465468958,
    -19.68582979489));
#2817 = CARTESIAN_POINT('',(-5.513224244641,-20.15177415819,
    -19.68582979489));
#2818 = CARTESIAN_POINT('',(-5.772743041911,-20.09593158883,
    -19.68582979489));
#2819 = CARTESIAN_POINT('',(-6.031601580883,-20.03713126193,
    -19.68582979489));
#2820 = CARTESIAN_POINT('',(-6.289758536184,-19.97537410064,
    -19.68582979489));
#2821 = CARTESIAN_POINT('',(-6.677866785595,-19.87779918174,
    -19.68582979489));
#2822 = CARTESIAN_POINT('',(-6.808370013934,-19.84417802037,
    -19.68582979489));
#2823 = CARTESIAN_POINT('',(-6.938675793744,-19.80979364526,
    -19.68582979489));
#2824 = CARTESIAN_POINT('',(-7.06877841789,-19.77464549085,
    -19.68582979489));
#2825 = CARTESIAN_POINT('',(-7.1986720478,-19.73873274377,
    -19.68582979489));
#2826 = CARTESIAN_POINT('',(-7.328350713469,-19.70205434294,
    -19.68582979489));
#2827 = CARTESIAN_POINT('',(-7.457808313457,-19.66460897953,
    -19.68582979489));
#2828 = CARTESIAN_POINT('',(-7.646892799917,-19.60869599096,
    -19.68582979489));
#2829 = CARTESIAN_POINT('',(-7.706634632014,-19.59085082718,
    -19.68582979489));
#2830 = CARTESIAN_POINT('',(-7.766262931201,-19.57286028077,
    -19.68582979489));
#2831 = CARTESIAN_POINT('',(-7.825776517503,-19.55472502689,
    -19.68582979489));
#2832 = CARTESIAN_POINT('',(-7.885174210944,-19.53644574073,
    -19.68582979489));
#2833 = CARTESIAN_POINT('',(-7.94445483155,-19.51802309745,
    -19.68582979489));
#2834 = CARTESIAN_POINT('',(-8.003617199346,-19.49945777222,
    -19.68582979489));
#2835 = CARTESIAN_POINT('',(-8.130135181002,-19.45937145392,
    -19.68582979489));
#2836 = CARTESIAN_POINT('',(-8.197393944517,-19.43758299317,
    -19.68582979489));
#2837 = CARTESIAN_POINT('',(-8.264520996372,-19.4157080929,
    -19.68582979489));
#2838 = CARTESIAN_POINT('',(-8.33155642317,-19.39389795187,
    -19.68582979489));
#2839 = CARTESIAN_POINT('',(-8.398495826648,-19.37213193267,
    -19.68582979489));
#2840 = CARTESIAN_POINT('',(-8.465290323676,-19.35021756177,
    -19.68582979489));
#2841 = CARTESIAN_POINT('',(-8.531846546259,-19.32779052945,
    -19.68582979489));
#2842 = CARTESIAN_POINT('',(-8.691865503554,-19.27102755023,
    -19.68582979489));
#2843 = CARTESIAN_POINT('',(-8.784457555349,-19.23424242626,
    -19.68582979489));
#2844 = CARTESIAN_POINT('',(-8.875708529716,-19.19408413433,
    -19.68582979489));
#2845 = CARTESIAN_POINT('',(-8.965390993574,-19.15050923326,
    -19.68582979489));
#2846 = CARTESIAN_POINT('',(-9.053405252468,-19.10364751278,
    -19.68582979489));
#2847 = CARTESIAN_POINT('',(-9.139600189155,-19.05355835888,
    -19.68582979489));
#2848 = CARTESIAN_POINT('',(-9.223661048004,-19.00007873158,
    -19.68582979489));
#2849 = CARTESIAN_POINT('',(-9.389159700731,-18.88563967318,
    -19.68582979489));
#2850 = CARTESIAN_POINT('',(-9.470853873458,-18.82431383101,
    -19.68582979489));
#2851 = CARTESIAN_POINT('',(-9.550500215079,-18.75963988137,
    -19.68582979489));
#2852 = CARTESIAN_POINT('',(-9.627945245558,-18.69179574125,
    -19.68582979489));
#2853 = CARTESIAN_POINT('',(-9.703035484862,-18.62095932766,
    -19.68582979489));
#2854 = CARTESIAN_POINT('',(-9.775617452955,-18.54730855758,
    -19.68582979489));
#2855 = CARTESIAN_POINT('',(-9.845537669803,-18.47102134802,
    -19.68582979489));
#2856 = CARTESIAN_POINT('',(-9.973647187705,-18.32068858684,
    -19.68582979489));
#2857 = CARTESIAN_POINT('',(-10.03232508261,-18.24706972093,
    -19.68582979489));
#2858 = CARTESIAN_POINT('',(-10.08856102828,-18.17155268994,
    -19.68582979489));
#2859 = CARTESIAN_POINT('',(-10.14223971289,-18.09427116552,
    -19.68582979489));
#2860 = CARTESIAN_POINT('',(-10.19324582461,-18.01535881936,
    -19.68582979489));
#2861 = CARTESIAN_POINT('',(-10.24146405161,-17.93494932312,
    -19.68582979489));
#2862 = CARTESIAN_POINT('',(-10.28677908209,-17.85317634849,
    -19.68582979489));
#2863 = CARTESIAN_POINT('',(-10.37128779678,-17.68733627427,
    -19.68582979489));
#2864 = CARTESIAN_POINT('',(-10.4109562056,-17.60304705284,
    -19.68582979489));
#2865 = CARTESIAN_POINT('',(-10.44660454291,-17.51747261414,
    -19.68582979489));
#2866 = CARTESIAN_POINT('',(-10.47930712358,-17.43107017514,
    -19.68582979489));
#2867 = CARTESIAN_POINT('',(-10.50941959399,-17.34412201983,
    -19.68582979489));
#2868 = CARTESIAN_POINT('',(-10.53587254651,-17.25665329582,
    -19.68582979489));
#2869 = CARTESIAN_POINT('',(-10.55802801954,-17.16873304594,
    -19.68582979489));
#2870 = CARTESIAN_POINT('',(-10.63819102768,-16.85065573342,
    -19.68582979489));
#2871 = CARTESIAN_POINT('',(-10.69384758972,-16.61953933098,
    -19.68582979489));
#2872 = CARTESIAN_POINT('',(-10.74708360869,-16.38784451316,
    -19.68582979489));
#2873 = CARTESIAN_POINT('',(-10.79791146543,-16.15560526568,
    -19.68582979489));
#2874 = CARTESIAN_POINT('',(-10.84634103005,-15.92285434793,
    -19.68582979489));
#2875 = CARTESIAN_POINT('',(-10.89237980952,-15.68962332623,
    -19.68582979489));
#2876 = CARTESIAN_POINT('',(-10.9360330953,-15.45594260708,
    -19.68582979489));
#2877 = CARTESIAN_POINT('',(-10.99821187159,-15.10324660607,
    -19.68582979489));
#2878 = CARTESIAN_POINT('',(-11.0185082302,-14.98454393657,
    -19.68582979489));
#2879 = CARTESIAN_POINT('',(-11.03819358776,-14.86573731275,
    -19.68582979489));
#2880 = CARTESIAN_POINT('',(-11.05726820682,-14.74683054947,
    -19.68582979489));
#2881 = CARTESIAN_POINT('',(-11.07573221154,-14.62782742557,
    -19.68582979489));
#2882 = CARTESIAN_POINT('',(-11.09358558773,-14.50873168394,
    -19.68582979489));
#2883 = CARTESIAN_POINT('',(-11.11082818283,-14.38954703149,
    -19.68582979489));
#2884 = CARTESIAN_POINT('',(-11.14521571169,-14.14294322724,
    -19.68582979489));
#2885 = CARTESIAN_POINT('',(-11.16227547641,-14.01551215399,
    -19.68582979489));
#2886 = CARTESIAN_POINT('',(-11.178637972,-13.8879884406,-19.68582979489
    ));
#2887 = CARTESIAN_POINT('',(-11.19430246486,-13.76037645504,
    -19.68582979489));
#2888 = CARTESIAN_POINT('',(-11.20926944051,-13.63268071286,
    -19.68582979489));
#2889 = CARTESIAN_POINT('',(-11.22354051597,-13.50490593483,
    -19.68582979489));
#2890 = CARTESIAN_POINT('',(-11.2371173399,-13.37705686143,
    -19.68582979489));
#2891 = CARTESIAN_POINT('',(-11.24999948064,-13.24913782404,
    -19.68582979489));
#2892 = ORIENTED_EDGE('',*,*,#2329,.T.);
#2893 = ORIENTED_EDGE('',*,*,#2894,.T.);
#2894 = EDGE_CURVE('',#2321,#2895,#2897,.T.);
#2895 = VERTEX_POINT('',#2896);
#2896 = CARTESIAN_POINT('',(11.58086753886,-10.74474072087,
    -23.05108640345));
#2897 = B_SPLINE_CURVE_WITH_KNOTS('',3,(#2898,#2899,#2900,#2901),
  .UNSPECIFIED.,.F.,.F.,(4,4),(-0.445772105789,-0.422060044047),
  .PIECEWISE_BEZIER_KNOTS.);
#2898 = CARTESIAN_POINT('',(11.582926662827,-10.53363460577,
    -23.05108640318));
#2899 = CARTESIAN_POINT('',(11.582926665317,-10.60398456499,
    -23.05108640318));
#2900 = CARTESIAN_POINT('',(11.582532803178,-10.67433452422,
    -23.05108640318));
#2901 = CARTESIAN_POINT('',(11.581746917098,-10.74467788961,
    -23.05108640318));
#2902 = ORIENTED_EDGE('',*,*,#2903,.T.);
#2903 = EDGE_CURVE('',#2895,#2085,#2904,.T.);
#2904 = B_SPLINE_CURVE_WITH_KNOTS('',3,(#2905,#2906,#2907,#2908,#2909,
    #2910),.UNSPECIFIED.,.F.,.F.,(4,2,4),(-1.023497348155,
    -0.782613020957,-0.714904505154),.UNSPECIFIED.);
#2905 = CARTESIAN_POINT('',(11.58086753886,-10.74474072087,
    -23.05108640345));
#2906 = CARTESIAN_POINT('',(11.625229249776,-10.76523652043,
    -23.81826582622));
#2907 = CARTESIAN_POINT('',(11.664961349548,-10.74072683769,
    -24.49252259705));
#2908 = CARTESIAN_POINT('',(11.710825512409,-10.60995934835,
    -25.26636113947));
#2909 = CARTESIAN_POINT('',(11.720516588728,-10.57520271198,
    -25.43015193654));
#2910 = CARTESIAN_POINT('',(11.729789636447,-10.53363460057,
    -25.58944291522));
#2911 = B_SPLINE_SURFACE_WITH_KNOTS('',3,3,(
    (#2912,#2913,#2914,#2915)
    ,(#2916,#2917,#2918,#2919)
    ,(#2920,#2921,#2922,#2923)
    ,(#2924,#2925,#2926,#2927)
    ,(#2928,#2929,#2930,#2931)
    ,(#2932,#2933,#2934,#2935)
    ,(#2936,#2937,#2938,#2939)
    ,(#2940,#2941,#2942,#2943)
    ,(#2944,#2945,#2946,#2947)
    ,(#2948,#2949,#2950,#2951)
    ,(#2952,#2953,#2954,#2955)
    ,(#2956,#2957,#2958,#2959)
    ,(#2960,#2961,#2962,#2963)
    ,(#2964,#2965,#2966,#2967)
    ,(#2968,#2969,#2970,#2971)
    ,(#2972,#2973,#2974,#2975)
    ,(#2976,#2977,#2978,#2979)
    ,(#2980,#2981,#2982,#2983)
    ,(#2984,#2985,#2986,#2987)
    ,(#2988,#2989,#2990,#2991)
    ,(#2992,#2993,#2994,#2995)
    ,(#2996,#2997,#2998,#2999)
    ,(#3000,#3001,#3002,#3003)
    ,(#3004,#3005,#3006,#3007)
    ,(#3008,#3009,#3010,#3011)
    ,(#3012,#3013,#3014,#3015)
    ,(#3016,#3017,#3018,#3019)
    ,(#3020,#3021,#3022,#3023)
    ,(#3024,#3025,#3026,#3027)
    ,(#3028,#3029,#3030,#3031)
    ,(#3032,#3033,#3034,#3035)
    ,(#3036,#3037,#3038,#3039)
    ,(#3040,#3041,#3042,#3043)
    ,(#3044,#3045,#3046,#3047)
    ,(#3048,#3049,#3050,#3051
    )),.UNSPECIFIED.,.T.,.F.,.F.,(1,3,2,1,2,1,1,1,2,1,1,2,1,1,1,2,1,1,2,
    1,1,1,2,1,2,3,1),(4,4),(-8.979261936307E-02,-6.857E-14,
    8.97926193633E-02,0.110688310722,0.13158400208,0.19079200104,0.25,
    0.30920799896,0.36841599792,0.378863843599,0.404983457797,
    0.410207380637,0.455103690318,0.5,0.544896309682,0.589792619363,
    0.595016542203,0.621136156401,0.63158400208,0.69079200104,0.75,
    0.80920799896,0.86841599792,0.889311689278,0.910207380637,1.,
    1.089792619363),(0.112386745333,1.),.UNSPECIFIED.);
#2912 = CARTESIAN_POINT('',(11.025807430307,-10.53363462549,
    -13.48517225964));
#2913 = CARTESIAN_POINT('',(11.350896505577,-10.53363461398,
    -19.06714364091));
#2914 = CARTESIAN_POINT('',(11.676000189937,-10.53363460247,
    -24.64911502218));
#2915 = CARTESIAN_POINT('',(12.001089265217,-10.53363459096,
    -30.23108640344));
#2916 = CARTESIAN_POINT('',(11.025807350634,-8.282993047377,
    -13.48517225964));
#2917 = CARTESIAN_POINT('',(11.350896425841,-8.28120261651,
    -19.06714364091));
#2918 = CARTESIAN_POINT('',(11.67600011015,-8.279760245902,
    -24.64911502218));
#2919 = CARTESIAN_POINT('',(12.001089185367,-8.277969815034,
    -30.23108640344));
#2920 = CARTESIAN_POINT('',(10.952323251572,-6.032351471863,
    -13.48517225964));
#2921 = CARTESIAN_POINT('',(11.086008737185,-6.028770628411,
    -19.06714364091));
#2922 = CARTESIAN_POINT('',(11.215342557543,-6.025885905635,
    -24.64911502218));
#2923 = CARTESIAN_POINT('',(11.349028043156,-6.022305062182,
    -30.23108640344));
#2924 = CARTESIAN_POINT('',(10.786366242711,-3.30661957992,
    -13.48517225964));
#2925 = CARTESIAN_POINT('',(10.477242757012,-3.428960566955,
    -19.06714364091));
#2926 = CARTESIAN_POINT('',(10.168724807921,-3.550664618139,
    -24.64911502218));
#2927 = CARTESIAN_POINT('',(9.859601322221,-3.673005605174,
    -30.23108640344));
#2928 = CARTESIAN_POINT('',(10.328902733815,-2.286364036727,
    -13.48517225964));
#2929 = CARTESIAN_POINT('',(9.965394553484,-2.465521851422,
    -19.06714364091));
#2930 = CARTESIAN_POINT('',(9.603251987214,-2.643128855469,
    -24.64911502218));
#2931 = CARTESIAN_POINT('',(9.23974380688,-2.822286670163,
    -30.23108640344));
#2932 = CARTESIAN_POINT('',(9.32264472453,-1.812895844102,
    -13.48517225964));
#2933 = CARTESIAN_POINT('',(9.052825402991,-1.895342712854,
    -19.06714364091));
#2934 = CARTESIAN_POINT('',(8.783477331012,-1.977749878683,
    -24.64911502218));
#2935 = CARTESIAN_POINT('',(8.513658009473,-2.060196747435,
    -30.23108640344));
#2936 = CARTESIAN_POINT('',(7.374703116453,-1.660781365935,
    -13.48517225964));
#2937 = CARTESIAN_POINT('',(7.260720150376,-1.33875277757,
    -19.06714364091));
#2938 = CARTESIAN_POINT('',(7.146445727939,-1.018777477973,
    -24.64911502218));
#2939 = CARTESIAN_POINT('',(7.032462761862,-0.696748889608,
    -30.23108640344));
#2940 = CARTESIAN_POINT('',(4.452344641934,-1.481104655625,
    -13.48517225964));
#2941 = CARTESIAN_POINT('',(4.456119015401,-0.685344667922,
    -19.06714364091));
#2942 = CARTESIAN_POINT('',(4.460058968033,0.110253779213,
    -24.64911502218));
#2943 = CARTESIAN_POINT('',(4.463833341499,0.906013766917,
    -30.23108640344));
#2944 = CARTESIAN_POINT('',(-5.063997643708E-05,-1.386646765669,
    -13.48517225964));
#2945 = CARTESIAN_POINT('',(-2.046691698387E-05,-0.342011292973,
    -19.06714364091));
#2946 = CARTESIAN_POINT('',(-1.844500265203E-05,0.702677967067,
    -24.64911502218));
#2947 = CARTESIAN_POINT('',(1.172805680117E-05,1.747313439768,
    -30.23108640344));
#2948 = CARTESIAN_POINT('',(-4.452028066841,-1.481512185346,
    -13.48517225964));
#2949 = CARTESIAN_POINT('',(-4.455899577566,-0.685611047614,
    -19.06714364091));
#2950 = CARTESIAN_POINT('',(-4.459765866475,0.110394434412,
    -24.64911502218));
#2951 = CARTESIAN_POINT('',(-4.4636373772,0.906295572145,-30.23108640344
    ));
#2952 = CARTESIAN_POINT('',(-7.374908276318,-1.661326958368,
    -13.48517225964));
#2953 = CARTESIAN_POINT('',(-7.260757807368,-1.339734573401,
    -19.06714364091));
#2954 = CARTESIAN_POINT('',(-7.14661819368,-1.01831531547,
    -24.64911502218));
#2955 = CARTESIAN_POINT('',(-7.032467724731,-0.696722930503,
    -30.23108640344));
#2956 = CARTESIAN_POINT('',(-9.067161781524,-1.796056585922,
    -13.48517225964));
#2957 = CARTESIAN_POINT('',(-8.818015009514,-1.825043277017,
    -19.06714364091));
#2958 = CARTESIAN_POINT('',(-8.569530205928,-1.853450544404,
    -24.64911502218));
#2959 = CARTESIAN_POINT('',(-8.320383433917,-1.882437235499,
    -30.23108640344));
#2960 = CARTESIAN_POINT('',(-9.961323126428,-2.024012688879,
    -13.48517225964));
#2961 = CARTESIAN_POINT('',(-9.632522646117,-2.19210546942,
    -19.06714364091));
#2962 = CARTESIAN_POINT('',(-9.304962046021,-2.358952263442,
    -24.64911502218));
#2963 = CARTESIAN_POINT('',(-8.97616156571,-2.527045043983,
    -30.23108640344));
#2964 = CARTESIAN_POINT('',(-10.69775866802,-2.916354107878,
    -13.48517225964));
#2965 = CARTESIAN_POINT('',(-10.34439365352,-3.06003645687,
    -19.06714364091));
#2966 = CARTESIAN_POINT('',(-9.991435278859,-3.203431021056,
    -24.64911502218));
#2967 = CARTESIAN_POINT('',(-9.638070264359,-3.347113370048,
    -30.23108640344));
#2968 = CARTESIAN_POINT('',(-10.80819058446,-3.692466837944,
    -13.48517225964));
#2969 = CARTESIAN_POINT('',(-10.56247720036,-3.796724981962,
    -19.06714364091));
#2970 = CARTESIAN_POINT('',(-10.31590417422,-3.901638701157,
    -24.64911502218));
#2971 = CARTESIAN_POINT('',(-10.07019079013,-4.005896845175,
    -30.23108640344));
#2972 = CARTESIAN_POINT('',(-10.88515347391,-4.925978001831,
    -13.48517225964));
#2973 = CARTESIAN_POINT('',(-10.83826464357,-4.973907371256,
    -19.06714364091));
#2974 = CARTESIAN_POINT('',(-10.79068804094,-5.022392960606,
    -24.64911502218));
#2975 = CARTESIAN_POINT('',(-10.7437992106,-5.070322330032,
    -30.23108640344));
#2976 = CARTESIAN_POINT('',(-10.98926077358,-7.157399065047,
    -13.48517225964));
#2977 = CARTESIAN_POINT('',(-11.2195542251,-7.154400486542,
    -19.06714364091));
#2978 = CARTESIAN_POINT('',(-11.44909799148,-7.151668142407,
    -24.64911502218));
#2979 = CARTESIAN_POINT('',(-11.679391443,-7.148669563902,
    -30.23108640344));
#2980 = CARTESIAN_POINT('',(-11.04393905964,-10.53363540675,
    -13.48517225964));
#2981 = CARTESIAN_POINT('',(-11.41622715483,-10.53363541993,
    -19.06714364091));
#2982 = CARTESIAN_POINT('',(-11.78828528979,-10.5336354331,
    -24.64911502218));
#2983 = CARTESIAN_POINT('',(-12.16057338498,-10.53363544628,
    -30.23108640344));
#2984 = CARTESIAN_POINT('',(-10.98926053454,-13.90987174459,
    -13.48517225964));
#2985 = CARTESIAN_POINT('',(-11.21955398585,-13.9128703394,
    -19.06714364091));
#2986 = CARTESIAN_POINT('',(-11.44909775204,-13.91560269979,
    -24.64911502218));
#2987 = CARTESIAN_POINT('',(-11.67939120335,-13.9186012946,
    -30.23108640344));
#2988 = CARTESIAN_POINT('',(-10.88515307689,-16.14129280044,
    -13.48517225964));
#2989 = CARTESIAN_POINT('',(-10.83826424994,-16.09336342769,
    -19.06714364091));
#2990 = CARTESIAN_POINT('',(-10.79068765075,-16.04487783497,
    -24.64911502218));
#2991 = CARTESIAN_POINT('',(-10.7437988238,-15.99694846223,
    -30.23108640344));
#2992 = CARTESIAN_POINT('',(-10.8081901001,-17.37480395888,
    -13.48517225964));
#2993 = CARTESIAN_POINT('',(-10.56247672339,-17.27054579746,
    -19.06714364091));
#2994 = CARTESIAN_POINT('',(-10.31590370468,-17.16563206081,
    -24.64911502218));
#2995 = CARTESIAN_POINT('',(-10.07019032796,-17.06137389939,
    -30.23108640344));
#2996 = CARTESIAN_POINT('',(-10.69775812872,-18.15091668112,
    -13.48517225964));
#2997 = CARTESIAN_POINT('',(-10.34439312439,-18.00723430711,
    -19.06714364091));
#2998 = CARTESIAN_POINT('',(-9.991434759883,-17.86383971794,
    -24.64911502218));
#2999 = CARTESIAN_POINT('',(-9.638069755554,-17.72015734393,
    -30.23108640344));
#3000 = CARTESIAN_POINT('',(-9.961322523949,-19.04325804798,
    -13.48517225964));
#3001 = CARTESIAN_POINT('',(-9.632522055538,-18.87516524416,
    -19.06714364091));
#3002 = CARTESIAN_POINT('',(-9.304961467255,-18.70831842695,
    -24.64911502218));
#3003 = CARTESIAN_POINT('',(-8.976160998845,-18.54022562313,
    -30.23108640344));
#3004 = CARTESIAN_POINT('',(-9.067161162906,-19.27121408763,
    -13.48517225964));
#3005 = CARTESIAN_POINT('',(-8.818014392948,-19.2422273789,
    -19.06714364091));
#3006 = CARTESIAN_POINT('',(-8.569529591373,-19.21382009392,
    -24.64911502218));
#3007 = CARTESIAN_POINT('',(-8.320382821414,-19.18483338518,
    -30.23108640344));
#3008 = CARTESIAN_POINT('',(-7.374907648161,-19.40594359537,
    -13.48517225964));
#3009 = CARTESIAN_POINT('',(-7.260757156442,-19.72753597226,
    -19.06714364091));
#3010 = CARTESIAN_POINT('',(-7.146617519998,-20.04895522211,
    -24.64911502218));
#3011 = CARTESIAN_POINT('',(-7.03246702828,-20.370547599,-30.23108640344
    ));
#3012 = CARTESIAN_POINT('',(-4.452027425953,-19.58575816146,
    -13.48517225964));
#3013 = CARTESIAN_POINT('',(-4.455898880328,-20.38165929946,
    -19.06714364091));
#3014 = CARTESIAN_POINT('',(-4.45976511288,-21.17766478177,
    -24.64911502218));
#3015 = CARTESIAN_POINT('',(-4.463636567255,-21.97356591977,
    -30.23108640344));
#3016 = CARTESIAN_POINT('',(-4.999237165983E-05,-19.68062326594,
    -13.48517225964));
#3017 = CARTESIAN_POINT('',(-1.974535223292E-05,-20.72525873863,
    -19.06714364091));
#3018 = CARTESIAN_POINT('',(-1.76494741261E-05,-21.76994799868,
    -24.64911502218));
#3019 = CARTESIAN_POINT('',(1.259754530081E-05,-22.81458347137,
    -30.23108640344));
#3020 = CARTESIAN_POINT('',(4.452345282852,-19.58616506075,
    -13.48517225964));
#3021 = CARTESIAN_POINT('',(4.456119712657,-20.38192504819,
    -19.06714364091));
#3022 = CARTESIAN_POINT('',(4.460059721618,-21.17752349505,
    -24.64911502218));
#3023 = CARTESIAN_POINT('',(4.463834151423,-21.97328348248,
    -30.23108640344));
#3024 = CARTESIAN_POINT('',(7.37470374465,-19.40648814354,
    -13.48517225964));
#3025 = CARTESIAN_POINT('',(7.260720801373,-19.72851673998,
    -19.06714364091));
#3026 = CARTESIAN_POINT('',(7.14644640159,-20.04849204766,
    -24.64911502218));
#3027 = CARTESIAN_POINT('',(7.032463458312,-20.3705206441,
    -30.23108640344));
#3028 = CARTESIAN_POINT('',(9.322645341957,-19.25437352746,
    -13.48517225964));
#3029 = CARTESIAN_POINT('',(9.05282601458,-19.17192667781,
    -19.06714364091));
#3030 = CARTESIAN_POINT('',(8.783477936766,-19.08951953105,
    -24.64911502218));
#3031 = CARTESIAN_POINT('',(8.513658609391,-19.0070726814,
    -30.23108640344));
#3032 = CARTESIAN_POINT('',(10.328903317719,-18.78090526359,
    -13.48517225964));
#3033 = CARTESIAN_POINT('',(9.965395124704,-18.60174747463,
    -19.06714364091));
#3034 = CARTESIAN_POINT('',(9.60325254586,-18.42414049623,
    -24.64911502218));
#3035 = CARTESIAN_POINT('',(9.239744352842,-18.24498270727,
    -30.23108640344));
#3036 = CARTESIAN_POINT('',(10.786366754382,-17.76064968801,
    -13.48517225964));
#3037 = CARTESIAN_POINT('',(10.477243260021,-17.63830872286,
    -19.06714364091));
#3038 = CARTESIAN_POINT('',(10.168725302313,-17.51660469352,
    -24.64911502218));
#3039 = CARTESIAN_POINT('',(9.859601807952,-17.39426372837,
    -30.23108640344));
#3040 = CARTESIAN_POINT('',(10.952323570262,-15.03491778432,
    -13.48517225964));
#3041 = CARTESIAN_POINT('',(11.086009056128,-15.03849861831,
    -19.06714364091));
#3042 = CARTESIAN_POINT('',(11.215342876691,-15.04138333193,
    -24.64911502218));
#3043 = CARTESIAN_POINT('',(11.349028362557,-15.04496416591,
    -30.23108640344));
#3044 = CARTESIAN_POINT('',(11.025807509979,-12.7842762036,
    -13.48517225964));
#3045 = CARTESIAN_POINT('',(11.350896585313,-12.78606661145,
    -19.06714364091));
#3046 = CARTESIAN_POINT('',(11.676000269724,-12.78750895905,
    -24.64911502218));
#3047 = CARTESIAN_POINT('',(12.001089345067,-12.7892993669,
    -30.23108640344));
#3048 = CARTESIAN_POINT('',(11.025807430307,-10.53363462549,
    -13.48517225964));
#3049 = CARTESIAN_POINT('',(11.350896505577,-10.53363461398,
    -19.06714364091));
#3050 = CARTESIAN_POINT('',(11.676000189937,-10.53363460247,
    -24.64911502218));
#3051 = CARTESIAN_POINT('',(12.001089265217,-10.53363459096,
    -30.23108640344));
#3052 = ADVANCED_FACE('',(#3053),#3194,.T.);
#3053 = FACE_BOUND('',#3054,.T.);
#3054 = EDGE_LOOP('',(#3055,#3056,#3096,#3097,#3105,#3114,#3122,#3131,
    #3139,#3170,#3179,#3185,#3186,#3192,#3193));
#3055 = ORIENTED_EDGE('',*,*,#897,.T.);
#3056 = ORIENTED_EDGE('',*,*,#3057,.T.);
#3057 = EDGE_CURVE('',#898,#1040,#3058,.T.);
#3058 = B_SPLINE_CURVE_WITH_KNOTS('',6,(#3059,#3060,#3061,#3062,#3063,
    #3064,#3065,#3066,#3067,#3068,#3069,#3070,#3071,#3072,#3073,#3074,
    #3075,#3076,#3077,#3078,#3079,#3080,#3081,#3082,#3083,#3084,#3085,
    #3086,#3087,#3088,#3089,#3090,#3091,#3092,#3093,#3094,#3095),
  .UNSPECIFIED.,.F.,.F.,(7,5,5,5,5,5,5,7),(0.,0.129812055325,
    0.202634702601,0.362356234637,0.511710494922,0.621995177192,
    0.813548621325,1.),.UNSPECIFIED.);
#3059 = CARTESIAN_POINT('',(-11.24999948064,-4.806450670633,
    -12.17045786192));
#3060 = CARTESIAN_POINT('',(-11.24999948064,-4.834833042356,
    -12.21480821683));
#3061 = CARTESIAN_POINT('',(-11.24999948064,-4.864087400935,
    -12.25851244562));
#3062 = CARTESIAN_POINT('',(-11.24999948064,-4.894253067334,
    -12.30149055989));
#3063 = CARTESIAN_POINT('',(-11.24999948064,-4.925363452287,
    -12.34364818826));
#3064 = CARTESIAN_POINT('',(-11.24999948064,-4.957443080813,
    -12.38488013211));
#3065 = CARTESIAN_POINT('',(-11.24999948064,-5.00905165044,
    -12.44762204391));
#3066 = CARTESIAN_POINT('',(-11.24999948064,-5.027907534226,
    -12.46984339633));
#3067 = CARTESIAN_POINT('',(-11.24999948064,-5.047074370959,
    -12.49171768966));
#3068 = CARTESIAN_POINT('',(-11.24999948064,-5.066552847548,
    -12.51322434025));
#3069 = CARTESIAN_POINT('',(-11.24999948064,-5.086342234922,
    -12.53434246971));
#3070 = CARTESIAN_POINT('',(-11.24999948064,-5.150521562308,
    -12.6004706079));
#3071 = CARTESIAN_POINT('',(-11.24999948064,-5.196094027433,
    -12.64392614156));
#3072 = CARTESIAN_POINT('',(-11.24999948064,-5.243123003128,
    -12.6851833986));
#3073 = CARTESIAN_POINT('',(-11.24999948064,-5.291553231292,
    -12.72403336079));
#3074 = CARTESIAN_POINT('',(-11.24999948064,-5.341305095449,
    -12.76030157755));
#3075 = CARTESIAN_POINT('',(-11.24999948064,-5.439928285644,
    -12.82523564028));
#3076 = CARTESIAN_POINT('',(-11.24999948064,-5.488654227351,
    -12.85424664146));
#3077 = CARTESIAN_POINT('',(-11.24999948064,-5.538364959911,
    -12.88078606143));
#3078 = CARTESIAN_POINT('',(-11.24999948064,-5.588984260666,
    -12.90479805294));
#3079 = CARTESIAN_POINT('',(-11.24999948064,-5.640440352947,
    -12.92626430873));
#3080 = CARTESIAN_POINT('',(-11.24999948064,-5.731224672493,
    -12.95916989571));
#3081 = CARTESIAN_POINT('',(-11.24999948064,-5.770205838964,
    -12.97176384261));
#3082 = CARTESIAN_POINT('',(-11.24999948064,-5.809580100689,
    -12.98297882739));
#3083 = CARTESIAN_POINT('',(-11.24999948064,-5.849323086361,
    -12.99282699072));
#3084 = CARTESIAN_POINT('',(-11.24999948064,-5.889410846422,
    -13.00132709395));
#3085 = CARTESIAN_POINT('',(-11.24999948064,-6.000001938631,
    -13.02096716843));
#3086 = CARTESIAN_POINT('',(-11.24999948064,-6.071155119978,
    -13.02943764902));
#3087 = CARTESIAN_POINT('',(-11.24999948064,-6.143136755558,
    -13.03403862665));
#3088 = CARTESIAN_POINT('',(-11.24999948064,-6.215807542846,
    -13.03494916219));
#3089 = CARTESIAN_POINT('',(-11.24999948064,-6.289005833715,
    -13.03239390952));
#3090 = CARTESIAN_POINT('',(-11.24999948064,-6.434137936231,
    -13.02103258659));
#3091 = CARTESIAN_POINT('',(-11.24999948064,-6.506060259289,
    -13.01239416517));
#3092 = CARTESIAN_POINT('',(-11.24999948064,-6.578161570785,
    -13.00096257693));
#3093 = CARTESIAN_POINT('',(-11.24999948064,-6.650302388367,
    -12.98700674715));
#3094 = CARTESIAN_POINT('',(-11.24999948064,-6.722366763197,
    -12.97079549612));
#3095 = CARTESIAN_POINT('',(-11.24999948064,-6.794268562673,
    -12.95256977583));
#3096 = ORIENTED_EDGE('',*,*,#1039,.F.);
#3097 = ORIENTED_EDGE('',*,*,#3098,.T.);
#3098 = EDGE_CURVE('',#1031,#3099,#3101,.T.);
#3099 = VERTEX_POINT('',#3100);
#3100 = CARTESIAN_POINT('',(-11.24999948064,-11.10255809932,
    -10.91791747267));
#3101 = LINE('',#3102,#3103);
#3102 = CARTESIAN_POINT('',(-11.24999948064,-17.26519188808,
    -7.907241504961));
#3103 = VECTOR('',#3104,1.);
#3104 = DIRECTION('',(0.,-0.898509003686,0.438955089155));
#3105 = ORIENTED_EDGE('',*,*,#3106,.T.);
#3106 = EDGE_CURVE('',#3099,#3107,#3109,.T.);
#3107 = VERTEX_POINT('',#3108);
#3108 = CARTESIAN_POINT('',(-11.24999948064,-13.78773331261,
    -9.843667640203));
#3109 = ELLIPSE('',#3110,6.283944941449,4.940819446345);
#3110 = AXIS2_PLACEMENT_3D('',#3111,#3112,#3113);
#3111 = CARTESIAN_POINT('',(-11.24999948064,-11.13659458446,
    -5.674355916975));
#3112 = DIRECTION('',(-1.,0.,-0.));
#3113 = DIRECTION('',(0.,0.843850228663,-0.536578784136));
#3114 = ORIENTED_EDGE('',*,*,#3115,.T.);
#3115 = EDGE_CURVE('',#3107,#3116,#3118,.T.);
#3116 = VERTEX_POINT('',#3117);
#3117 = CARTESIAN_POINT('',(-11.24999948064,-15.37068722078,
    -8.837115281613));
#3118 = LINE('',#3119,#3120);
#3119 = CARTESIAN_POINT('',(-11.24999948064,-16.82024390035,
    -7.915386172912));
#3120 = VECTOR('',#3121,1.);
#3121 = DIRECTION('',(0.,-0.843850241632,0.53657876374));
#3122 = ORIENTED_EDGE('',*,*,#3123,.F.);
#3123 = EDGE_CURVE('',#3124,#3116,#3126,.T.);
#3124 = VERTEX_POINT('',#3125);
#3125 = CARTESIAN_POINT('',(-11.24999948064,-16.21290914605,
    -8.266301834252));
#3126 = CIRCLE('',#3127,17.390340002837);
#3127 = AXIS2_PLACEMENT_3D('',#3128,#3129,#3130);
#3128 = CARTESIAN_POINT('',(-11.24999948064,-6.039400081041,
    5.837727331853));
#3129 = DIRECTION('',(1.,3.539992664E-08,-1.074999999929E-14));
#3130 = DIRECTION('',(2.65851292388E-08,-0.750994108193,-0.660308904573)
  );
#3131 = ORIENTED_EDGE('',*,*,#3132,.T.);
#3132 = EDGE_CURVE('',#3124,#3133,#3135,.T.);
#3133 = VERTEX_POINT('',#3134);
#3134 = CARTESIAN_POINT('',(-11.24999948064,-22.33349095054,
    -12.86187053769));
#3135 = LINE('',#3136,#3137);
#3136 = CARTESIAN_POINT('',(-11.24999948064,-17.72539188727,
    -9.401932166788));
#3137 = VECTOR('',#3138,1.);
#3138 = DIRECTION('',(0.,-0.799678015288,-0.600429073135));
#3139 = ORIENTED_EDGE('',*,*,#3140,.T.);
#3140 = EDGE_CURVE('',#3133,#3141,#3143,.T.);
#3141 = VERTEX_POINT('',#3142);
#3142 = CARTESIAN_POINT('',(-11.24999948064,-24.07116963872,
    -13.92255769618));
#3143 = B_SPLINE_CURVE_WITH_KNOTS('',7,(#3144,#3145,#3146,#3147,#3148,
    #3149,#3150,#3151,#3152,#3153,#3154,#3155,#3156,#3157,#3158,#3159,
    #3160,#3161,#3162,#3163,#3164,#3165,#3166,#3167,#3168,#3169),
  .UNSPECIFIED.,.F.,.F.,(8,6,6,6,8),(0.,0.32364430561,0.57105898734,
    0.962194219305,1.),.UNSPECIFIED.);
#3144 = CARTESIAN_POINT('',(-11.24999948064,-22.33349095054,
    -12.86187053769));
#3145 = CARTESIAN_POINT('',(-11.24999948064,-22.41245829158,
    -12.9211583659));
#3146 = CARTESIAN_POINT('',(-11.24999948064,-22.49269030834,
    -12.97903329674));
#3147 = CARTESIAN_POINT('',(-11.24999948064,-22.57406902087,
    -13.03559279821));
#3148 = CARTESIAN_POINT('',(-11.24999948064,-22.6564756723,
    -13.0909449284));
#3149 = CARTESIAN_POINT('',(-11.24999948064,-22.73979467051,
    -13.14521649501));
#3150 = CARTESIAN_POINT('',(-11.24999948064,-22.82390901218,
    -13.19852718128));
#3151 = CARTESIAN_POINT('',(-11.24999948064,-22.97353525725,
    -13.29113492893));
#3152 = CARTESIAN_POINT('',(-11.24999948064,-23.03876200621,
    -13.33077488612));
#3153 = CARTESIAN_POINT('',(-11.24999948064,-23.10433978018,
    -13.36999137803));
#3154 = CARTESIAN_POINT('',(-11.24999948064,-23.1702202579,
    -13.40884496866));
#3155 = CARTESIAN_POINT('',(-11.24999948064,-23.23635662101,
    -13.44739635696));
#3156 = CARTESIAN_POINT('',(-11.24999948064,-23.30270410938,
    -13.48570537928));
#3157 = CARTESIAN_POINT('',(-11.24999948064,-23.47437574986,
    -13.58410083716));
#3158 = CARTESIAN_POINT('',(-11.24999948064,-23.57995044696,
    -13.64390927708));
#3159 = CARTESIAN_POINT('',(-11.24999948064,-23.68578091803,
    -13.70348630224));
#3160 = CARTESIAN_POINT('',(-11.24999948064,-23.79171378662,
    -13.7630488816));
#3161 = CARTESIAN_POINT('',(-11.24999948064,-23.89761032295,
    -13.82279267493));
#3162 = CARTESIAN_POINT('',(-11.24999948064,-24.00334692694,
    -13.88289210572));
#3163 = CARTESIAN_POINT('',(-11.24999948064,-24.11900569342,
    -13.94936671979));
#3164 = CARTESIAN_POINT('',(-11.24999948064,-24.12919701479,
    -13.95523044089));
#3165 = CARTESIAN_POINT('',(-11.24999948064,-24.1393856817,
    -13.96109912148));
#3166 = CARTESIAN_POINT('',(-11.24999948064,-24.1495715914,
    -13.96697290369));
#3167 = CARTESIAN_POINT('',(-11.24999948064,-24.15975464179,
    -13.97285192827));
#3168 = CARTESIAN_POINT('',(-11.24999948064,-24.1699347314,
    -13.97873633464));
#3169 = CARTESIAN_POINT('',(-11.24999948064,-24.1801117594,
    -13.98462626087));
#3170 = ORIENTED_EDGE('',*,*,#3171,.T.);
#3171 = EDGE_CURVE('',#3141,#3172,#3174,.T.);
#3172 = VERTEX_POINT('',#3173);
#3173 = CARTESIAN_POINT('',(-11.24999948064,-23.5018631823,
    -19.68582979489));
#3174 = ELLIPSE('',#3175,40.734627682419,35.231448316271);
#3175 = AXIS2_PLACEMENT_3D('',#3176,#3177,#3178);
#3176 = CARTESIAN_POINT('',(-11.24999948064,-58.7015615303,
    -21.41479981725));
#3177 = DIRECTION('',(-1.,-0.,0.));
#3178 = DIRECTION('',(0.,-6.099801936E-08,-1.));
#3179 = ORIENTED_EDGE('',*,*,#3180,.F.);
#3180 = EDGE_CURVE('',#2403,#3172,#3181,.T.);
#3181 = LINE('',#3182,#3183);
#3182 = CARTESIAN_POINT('',(-11.24999948064,-8.486147334415,
    -19.68582979489));
#3183 = VECTOR('',#3184,1.);
#3184 = DIRECTION('',(0.,-1.,0.));
#3185 = ORIENTED_EDGE('',*,*,#2402,.T.);
#3186 = ORIENTED_EDGE('',*,*,#3187,.F.);
#3187 = EDGE_CURVE('',#858,#2368,#3188,.T.);
#3188 = LINE('',#3189,#3190);
#3189 = CARTESIAN_POINT('',(-11.24999948064,-8.486147334415,
    -19.68582979489));
#3190 = VECTOR('',#3191,1.);
#3191 = DIRECTION('',(0.,-1.,0.));
#3192 = ORIENTED_EDGE('',*,*,#857,.F.);
#3193 = ORIENTED_EDGE('',*,*,#881,.F.);
#3194 = PLANE('',#3195);
#3195 = AXIS2_PLACEMENT_3D('',#3196,#3197,#3198);
#3196 = CARTESIAN_POINT('',(-11.24999947476,-13.4081164115,
    -15.18661152519));
#3197 = DIRECTION('',(1.,3.2553375E-10,-2.3324456E-09));
#3198 = DIRECTION('',(2.3324456E-09,0.,1.));
#3199 = ADVANCED_FACE('',(#3200),#3205,.F.);
#3200 = FACE_BOUND('',#3201,.F.);
#3201 = EDGE_LOOP('',(#3202,#3203,#3204));
#3202 = ORIENTED_EDGE('',*,*,#3187,.F.);
#3203 = ORIENTED_EDGE('',*,*,#867,.F.);
#3204 = ORIENTED_EDGE('',*,*,#2367,.F.);
#3205 = PLANE('',#3206);
#3206 = AXIS2_PLACEMENT_3D('',#3207,#3208,#3209);
#3207 = CARTESIAN_POINT('',(1.750000846803,-19.03363495385,
    -19.68582979489));
#3208 = DIRECTION('',(-0.,-0.,-1.));
#3209 = DIRECTION('',(-1.,0.,0.));
#3210 = ADVANCED_FACE('',(#3211),#3215,.T.);
#3211 = FACE_BOUND('',#3212,.T.);
#3212 = EDGE_LOOP('',(#3213,#3214));
#3213 = ORIENTED_EDGE('',*,*,#1050,.T.);
#3214 = ORIENTED_EDGE('',*,*,#3057,.F.);
#3215 = B_SPLINE_SURFACE_WITH_KNOTS('',3,3,(
    (#3216,#3217,#3218,#3219)
    ,(#3220,#3221,#3222,#3223)
    ,(#3224,#3225,#3226,#3227)
    ,(#3228,#3229,#3230,#3231
    )),.UNSPECIFIED.,.F.,.F.,.F.,(4,4),(4,4),(0.,1.),(4.449022406122E-02
    ,0.228526182653),.PIECEWISE_BEZIER_KNOTS.);
#3216 = CARTESIAN_POINT('',(-10.87319323066,-5.999579683279,
    -14.22306894493));
#3217 = CARTESIAN_POINT('',(-11.00476836244,-6.433348606359,
    -13.72756369297));
#3218 = CARTESIAN_POINT('',(-11.06530996432,-6.859732740303,
    -13.38876966916));
#3219 = CARTESIAN_POINT('',(-11.11282934871,-7.267253711055,
    -13.08725868938));
#3220 = CARTESIAN_POINT('',(-10.89455107287,-5.823163882126,
    -14.18368856075));
#3221 = CARTESIAN_POINT('',(-11.07025465428,-6.020971013287,
    -13.62523839686));
#3222 = CARTESIAN_POINT('',(-11.22888648285,-6.222782919565,
    -13.20295150265));
#3223 = CARTESIAN_POINT('',(-11.40942796612,-6.416407045933,
    -12.86364942202));
#3224 = CARTESIAN_POINT('',(-10.90559294621,-5.646215435928,
    -14.14110225885));
#3225 = CARTESIAN_POINT('',(-11.09741246256,-5.605940346189,
    -13.51079841948));
#3226 = CARTESIAN_POINT('',(-11.26838832451,-5.571232415461,
    -12.97882868652));
#3227 = CARTESIAN_POINT('',(-11.44829094898,-5.509162640715,
    -12.52125681527));
#3228 = CARTESIAN_POINT('',(-10.90624121925,-5.469978405494,
    -14.09560944817));
#3229 = CARTESIAN_POINT('',(-11.08584011019,-5.194551679375,
    -13.38586113861));
#3230 = CARTESIAN_POINT('',(-11.18037997712,-4.938126790606,
    -12.72507875169));
#3231 = CARTESIAN_POINT('',(-11.22266595784,-4.703151787287,
    -12.11957066991));
#3232 = ADVANCED_FACE('',(#3233),#3244,.T.);
#3233 = FACE_BOUND('',#3234,.T.);
#3234 = EDGE_LOOP('',(#3235,#3236,#3243));
#3235 = ORIENTED_EDGE('',*,*,#1030,.F.);
#3236 = ORIENTED_EDGE('',*,*,#3237,.T.);
#3237 = EDGE_CURVE('',#1020,#3099,#3238,.T.);
#3238 = ELLIPSE('',#3239,6.765563007555,4.940819446345);
#3239 = AXIS2_PLACEMENT_3D('',#3240,#3241,#3242);
#3240 = CARTESIAN_POINT('',(-13.56991244098,-9.598138891474,
    -6.652613263171));
#3241 = DIRECTION('',(-0.88853558107,-0.201395982318,-0.41224286468));
#3242 = DIRECTION('',(-0.201090604283,0.978555152382,-4.463611336631E-02
    ));
#3243 = ORIENTED_EDGE('',*,*,#3098,.F.);
#3244 = PLANE('',#3245);
#3245 = AXIS2_PLACEMENT_3D('',#3246,#3247,#3248);
#3246 = CARTESIAN_POINT('',(-9.98453379865,-18.26550588077,
    -10.1460966677));
#3247 = DIRECTION('',(0.88853558107,0.201395982318,0.41224286468));
#3248 = DIRECTION('',(-0.221053376443,0.975261710908,-7.160938508832E-14
    ));
#3249 = ADVANCED_FACE('',(#3250),#3297,.F.);
#3250 = FACE_BOUND('',#3251,.F.);
#3251 = EDGE_LOOP('',(#3252,#3260,#3269,#3278,#3287,#3294,#3295,#3296));
#3252 = ORIENTED_EDGE('',*,*,#3253,.F.);
#3253 = EDGE_CURVE('',#3254,#3107,#3256,.T.);
#3254 = VERTEX_POINT('',#3255);
#3255 = CARTESIAN_POINT('',(-17.51047595651,-9.636083729277,
    -12.48357577793));
#3256 = LINE('',#3257,#3258);
#3257 = CARTESIAN_POINT('',(174.78539006048,-137.1575359866,
    68.603450662756));
#3258 = VECTOR('',#3259,1.);
#3259 = DIRECTION('',(0.786260779237,-0.521410670432,0.331549241883));
#3260 = ORIENTED_EDGE('',*,*,#3261,.F.);
#3261 = EDGE_CURVE('',#3262,#3254,#3264,.T.);
#3262 = VERTEX_POINT('',#3263);
#3263 = CARTESIAN_POINT('',(-17.24333811814,-4.283635626215,
    -13.33900879669));
#3264 = ELLIPSE('',#3265,5.817198701668,4.940819446345);
#3265 = AXIS2_PLACEMENT_3D('',#3266,#3267,#3268);
#3266 = CARTESIAN_POINT('',(-18.66098266616,-6.221983792008,
    -8.799407962981));
#3267 = DIRECTION('',(-0.954538663976,-3.379057994524E-08,
    -0.298087133191));
#3268 = DIRECTION('',(4.636606408629E-02,0.987828737366,-0.148474151743)
  );
#3269 = ORIENTED_EDGE('',*,*,#3270,.T.);
#3270 = EDGE_CURVE('',#3262,#3271,#3273,.T.);
#3271 = VERTEX_POINT('',#3272);
#3272 = CARTESIAN_POINT('',(-14.94999949834,-4.283635545031,
    -11.59958897002));
#3273 = ELLIPSE('',#3274,9.475868950861,4.940819446345);
#3274 = AXIS2_PLACEMENT_3D('',#3275,#3276,#3277);
#3275 = CARTESIAN_POINT('',(-21.58391291074,-4.28363577987,
    -10.03194471437));
#3276 = DIRECTION('',(3.539988918E-08,-1.,1.732000000023E-14));
#3277 = DIRECTION('',(-0.921428999147,-3.261849118666E-08,
    -0.388546779078));
#3278 = ORIENTED_EDGE('',*,*,#3279,.F.);
#3279 = EDGE_CURVE('',#3280,#3271,#3282,.T.);
#3280 = VERTEX_POINT('',#3281);
#3281 = CARTESIAN_POINT('',(-14.94999940117,-7.028509043661,
    -12.58487946581));
#3282 = ELLIPSE('',#3283,6.283945088968,4.940819446345);
#3283 = AXIS2_PLACEMENT_3D('',#3284,#3285,#3286);
#3284 = CARTESIAN_POINT('',(-14.94999934261,-8.682931042327,
    -7.234566195291));
#3285 = DIRECTION('',(1.,3.539987395E-08,3.099999999334E-16));
#3286 = DIRECTION('',(-2.987219202014E-08,0.843850241633,-0.53657876374)
  );
#3287 = ORIENTED_EDGE('',*,*,#3288,.F.);
#3288 = EDGE_CURVE('',#998,#3280,#3289,.T.);
#3289 = ELLIPSE('',#3290,9.475868950861,4.940819446345);
#3290 = AXIS2_PLACEMENT_3D('',#3291,#3292,#3293);
#3291 = CARTESIAN_POINT('',(-17.44478346227,-7.028509131976,
    -8.286562944181));
#3292 = DIRECTION('',(-3.539987414E-08,1.,1.699999988961E-16));
#3293 = DIRECTION('',(-0.921428999147,-3.261847053268E-08,
    -0.388546779078));
#3294 = ORIENTED_EDGE('',*,*,#1019,.T.);
#3295 = ORIENTED_EDGE('',*,*,#3237,.T.);
#3296 = ORIENTED_EDGE('',*,*,#3106,.T.);
#3297 = CYLINDRICAL_SURFACE('',#3298,4.940819446345);
#3298 = AXIS2_PLACEMENT_3D('',#3299,#3300,#3301);
#3299 = CARTESIAN_POINT('',(174.78538996663,-134.5063971962,
    72.772762346409));
#3300 = DIRECTION('',(-0.786260779237,0.521410670432,-0.331549241883));
#3301 = DIRECTION('',(0.52303284276,0.27593561174,-0.806409439161));
#3302 = ADVANCED_FACE('',(#3303),#3315,.F.);
#3303 = FACE_BOUND('',#3304,.F.);
#3304 = EDGE_LOOP('',(#3305,#3306,#3307,#3308,#3314));
#3305 = ORIENTED_EDGE('',*,*,#1094,.F.);
#3306 = ORIENTED_EDGE('',*,*,#997,.F.);
#3307 = ORIENTED_EDGE('',*,*,#3288,.T.);
#3308 = ORIENTED_EDGE('',*,*,#3309,.T.);
#3309 = EDGE_CURVE('',#3280,#1151,#3310,.T.);
#3310 = LINE('',#3311,#3312);
#3311 = CARTESIAN_POINT('',(-14.94999940117,-7.028509043661,
    -20.38070263862));
#3312 = VECTOR('',#3313,1.);
#3313 = DIRECTION('',(0.,0.,1.));
#3314 = ORIENTED_EDGE('',*,*,#1158,.F.);
#3315 = PLANE('',#3316);
#3316 = AXIS2_PLACEMENT_3D('',#3317,#3318,#3319);
#3317 = CARTESIAN_POINT('',(-11.74999940117,-7.028508930381,
    -20.38070263862));
#3318 = DIRECTION('',(-3.539987414E-08,1.,1.7E-16));
#3319 = DIRECTION('',(-2.8E-16,-1.70000009912E-16,1.));
#3320 = ADVANCED_FACE('',(#3321),#3349,.T.);
#3321 = FACE_BOUND('',#3322,.T.);
#3322 = EDGE_LOOP('',(#3323,#3324,#3325,#3326,#3327,#3335,#3343));
#3323 = ORIENTED_EDGE('',*,*,#1118,.F.);
#3324 = ORIENTED_EDGE('',*,*,#1193,.F.);
#3325 = ORIENTED_EDGE('',*,*,#1174,.T.);
#3326 = ORIENTED_EDGE('',*,*,#1224,.F.);
#3327 = ORIENTED_EDGE('',*,*,#3328,.F.);
#3328 = EDGE_CURVE('',#3329,#1217,#3331,.T.);
#3329 = VERTEX_POINT('',#3330);
#3330 = CARTESIAN_POINT('',(21.102269030739,1.596295735765,
    4.113499294816));
#3331 = LINE('',#3332,#3333);
#3332 = CARTESIAN_POINT('',(-29.50424431492,-33.98609429635,
    -87.57890716335));
#3333 = VECTOR('',#3334,1.);
#3334 = DIRECTION('',(-0.457521091399,-0.321691672589,-0.828968587289));
#3335 = ORIENTED_EDGE('',*,*,#3336,.F.);
#3336 = EDGE_CURVE('',#3337,#3329,#3339,.T.);
#3337 = VERTEX_POINT('',#3338);
#3338 = CARTESIAN_POINT('',(-21.10226914376,1.59629424173,4.113499294815
    ));
#3339 = LINE('',#3340,#3341);
#3340 = CARTESIAN_POINT('',(86.662427205789,1.596298056587,
    4.113499294819));
#3341 = VECTOR('',#3342,1.);
#3342 = DIRECTION('',(1.,3.539990621E-08,4.868E-14));
#3343 = ORIENTED_EDGE('',*,*,#3344,.T.);
#3344 = EDGE_CURVE('',#3337,#1119,#3345,.T.);
#3345 = LINE('',#3346,#3347);
#3346 = CARTESIAN_POINT('',(29.504246721131,-33.98609220745,
    -87.57890716335));
#3347 = VECTOR('',#3348,1.);
#3348 = DIRECTION('',(0.457521114175,-0.321691640197,-0.828968587289));
#3349 = PLANE('',#3350);
#3350 = AXIS2_PLACEMENT_3D('',#3351,#3352,#3353);
#3351 = CARTESIAN_POINT('',(-2.76661001E-08,0.781493812648,
    2.013834704664));
#3352 = DIRECTION('',(3.300206403E-08,-0.932264665204,0.361776994864));
#3353 = DIRECTION('',(1.,3.539989090788E-08,9.44082390567E-15));
#3354 = ADVANCED_FACE('',(#3355),#3405,.F.);
#3355 = FACE_BOUND('',#3356,.F.);
#3356 = EDGE_LOOP('',(#3357,#3365,#3366,#3367,#3375,#3383,#3391,#3399));
#3357 = ORIENTED_EDGE('',*,*,#3358,.F.);
#3358 = EDGE_CURVE('',#3337,#3359,#3361,.T.);
#3359 = VERTEX_POINT('',#3360);
#3360 = CARTESIAN_POINT('',(-22.05280170337,2.240461851151,4.48500550281
    ));
#3361 = LINE('',#3362,#3363);
#3362 = CARTESIAN_POINT('',(70.432828055893,-60.43624088576,
    -31.6620636694));
#3363 = VECTOR('',#3364,1.);
#3364 = DIRECTION('',(-0.787616167568,0.533760591034,0.307831778809));
#3365 = ORIENTED_EDGE('',*,*,#3344,.T.);
#3366 = ORIENTED_EDGE('',*,*,#1126,.F.);
#3367 = ORIENTED_EDGE('',*,*,#3368,.F.);
#3368 = EDGE_CURVE('',#3369,#1127,#3371,.T.);
#3369 = VERTEX_POINT('',#3370);
#3370 = CARTESIAN_POINT('',(-20.52636721051,1.085864238397,
    -2.826049083759));
#3371 = LINE('',#3372,#3373);
#3372 = CARTESIAN_POINT('',(-1.918244919257,-12.46079321917,
    -62.41322932568));
#3373 = VECTOR('',#3374,1.);
#3374 = DIRECTION('',(0.29130695429,-0.212070592778,-0.932827059031));
#3375 = ORIENTED_EDGE('',*,*,#3376,.T.);
#3376 = EDGE_CURVE('',#3369,#3377,#3379,.T.);
#3377 = VERTEX_POINT('',#3378);
#3378 = CARTESIAN_POINT('',(-23.57625331834,3.162923937781,
    -1.065196560856));
#3379 = LINE('',#3380,#3381);
#3380 = CARTESIAN_POINT('',(109.11713419047,-87.2050694315,
    -77.67575771182));
#3381 = VECTOR('',#3382,1.);
#3382 = DIRECTION('',(-0.745950236391,0.508013453282,0.430674559399));
#3383 = ORIENTED_EDGE('',*,*,#3384,.F.);
#3384 = EDGE_CURVE('',#3385,#3377,#3387,.T.);
#3385 = VERTEX_POINT('',#3386);
#3386 = CARTESIAN_POINT('',(-24.41523113145,3.773697280241,1.62138951088
    ));
#3387 = LINE('',#3388,#3389);
#3388 = CARTESIAN_POINT('',(-5.110921400807,-10.27978255414,
    -60.19513154168));
#3389 = VECTOR('',#3390,1.);
#3390 = DIRECTION('',(0.29130695429,-0.212070592778,-0.932827059031));
#3391 = ORIENTED_EDGE('',*,*,#3392,.F.);
#3392 = EDGE_CURVE('',#3393,#3385,#3395,.T.);
#3393 = VERTEX_POINT('',#3394);
#3394 = CARTESIAN_POINT('',(-22.30949248284,2.412623767424,
    4.485005502809));
#3395 = LINE('',#3396,#3397);
#3396 = CARTESIAN_POINT('',(45.734225469623,-41.56838132066,
    97.018368561789));
#3397 = VECTOR('',#3398,1.);
#3398 = DIRECTION('',(-0.553243020775,0.357596334295,-0.752360965004));
#3399 = ORIENTED_EDGE('',*,*,#3400,.F.);
#3400 = EDGE_CURVE('',#3359,#3393,#3401,.T.);
#3401 = LINE('',#3402,#3403);
#3402 = CARTESIAN_POINT('',(139.52020459918,-106.1261824035,
    4.485005502808));
#3403 = VECTOR('',#3404,1.);
#3404 = DIRECTION('',(-0.830501935352,0.55701574069,1.016E-14));
#3405 = PLANE('',#3406);
#3406 = AXIS2_PLACEMENT_3D('',#3407,#3408,#3409);
#3407 = CARTESIAN_POINT('',(285.60676371441,-204.1783953793,
    0.444842973204));
#3408 = DIRECTION('',(0.556954244945,0.830410246138,-1.485907622297E-02)
  );
#3409 = DIRECTION('',(-0.830541444514,0.556900484662,-7.922065958471E-03
    ));
#3410 = ADVANCED_FACE('',(#3411),#3551,.T.);
#3411 = FACE_BOUND('',#3412,.T.);
#3412 = EDGE_LOOP('',(#3413,#3419,#3420,#3421,#3429,#3437,#3445,#3453,
    #3461,#3469,#3477,#3485,#3493,#3501,#3509,#3518,#3526,#3535,#3544,
    #3550));
#3413 = ORIENTED_EDGE('',*,*,#3414,.F.);
#3414 = EDGE_CURVE('',#1135,#3262,#3415,.T.);
#3415 = LINE('',#3416,#3417);
#3416 = CARTESIAN_POINT('',(-20.476470064,-4.283635740667,
    -2.985829794897));
#3417 = VECTOR('',#3418,1.);
#3418 = DIRECTION('',(0.298087133191,1.055223472846E-08,-0.954538663976)
  );
#3419 = ORIENTED_EDGE('',*,*,#1134,.F.);
#3420 = ORIENTED_EDGE('',*,*,#3368,.F.);
#3421 = ORIENTED_EDGE('',*,*,#3422,.F.);
#3422 = EDGE_CURVE('',#3423,#3369,#3425,.T.);
#3423 = VERTEX_POINT('',#3424);
#3424 = CARTESIAN_POINT('',(-20.52636727369,2.870709849807,
    -2.826049083759));
#3425 = LINE('',#3426,#3427);
#3426 = CARTESIAN_POINT('',(-20.5263668444,-9.256184182878,
    -2.826049083759));
#3427 = VECTOR('',#3428,1.);
#3428 = DIRECTION('',(3.539989928E-08,-1.,2.48E-14));
#3429 = ORIENTED_EDGE('',*,*,#3430,.T.);
#3430 = EDGE_CURVE('',#3423,#3431,#3433,.T.);
#3431 = VERTEX_POINT('',#3432);
#3432 = CARTESIAN_POINT('',(-21.01861363179,4.090934662681,
    -1.249771252703));
#3433 = LINE('',#3434,#3435);
#3434 = CARTESIAN_POINT('',(-18.45302510832,-2.26887831403,-9.4653329255
    ));
#3435 = VECTOR('',#3436,1.);
#3436 = DIRECTION('',(-0.239738071386,0.594284423814,0.767692438897));
#3437 = ORIENTED_EDGE('',*,*,#3438,.F.);
#3438 = EDGE_CURVE('',#3439,#3431,#3441,.T.);
#3439 = VERTEX_POINT('',#3440);
#3440 = CARTESIAN_POINT('',(-22.66044788165,4.090933957511,
    4.007737658571));
#3441 = LINE('',#3442,#3443);
#3442 = CARTESIAN_POINT('',(-21.6679299292,4.090934639696,0.829478208333
    ));
#3443 = VECTOR('',#3444,1.);
#3444 = DIRECTION('',(0.298087133191,1.055223853E-08,-0.954538663976));
#3445 = ORIENTED_EDGE('',*,*,#3446,.F.);
#3446 = EDGE_CURVE('',#3447,#3439,#3449,.T.);
#3447 = VERTEX_POINT('',#3448);
#3448 = CARTESIAN_POINT('',(-22.66044804453,8.691867246161,
    4.007737658571));
#3449 = LINE('',#3450,#3451);
#3450 = CARTESIAN_POINT('',(-22.66044768374,-1.499824232954,
    4.007737658571));
#3451 = VECTOR('',#3452,1.);
#3452 = DIRECTION('',(3.539990029E-08,-1.,1.624E-14));
#3453 = ORIENTED_EDGE('',*,*,#3454,.F.);
#3454 = EDGE_CURVE('',#3455,#3447,#3457,.T.);
#3455 = VERTEX_POINT('',#3456);
#3456 = CARTESIAN_POINT('',(-20.52636747976,8.691865833957,
    -2.826049083759));
#3457 = LINE('',#3458,#3459);
#3458 = CARTESIAN_POINT('',(-21.66793009207,8.691865793546,
    0.829478208332));
#3459 = VECTOR('',#3460,1.);
#3460 = DIRECTION('',(-0.298087133191,-1.055223831E-08,0.954538663976));
#3461 = ORIENTED_EDGE('',*,*,#3462,.F.);
#3462 = EDGE_CURVE('',#3463,#3455,#3465,.T.);
#3463 = VERTEX_POINT('',#3464);
#3464 = CARTESIAN_POINT('',(-20.52636753665,10.298995570817,
    -2.826049083759));
#3465 = LINE('',#3466,#3467);
#3466 = CARTESIAN_POINT('',(-20.5263668444,-9.256184182878,
    -2.826049083759));
#3467 = VECTOR('',#3468,1.);
#3468 = DIRECTION('',(3.539989928E-08,-1.,2.524E-14));
#3469 = ORIENTED_EDGE('',*,*,#3470,.T.);
#3470 = EDGE_CURVE('',#3463,#3471,#3473,.T.);
#3471 = VERTEX_POINT('',#3472);
#3472 = CARTESIAN_POINT('',(-18.76665753208,10.29899563311,
    -8.461016345741));
#3473 = LINE('',#3474,#3475);
#3474 = CARTESIAN_POINT('',(-18.8171222132,10.298995631324,
    -8.29941765889));
#3475 = VECTOR('',#3476,1.);
#3476 = DIRECTION('',(0.298087133191,1.0552238E-08,-0.954538663976));
#3477 = ORIENTED_EDGE('',*,*,#3478,.T.);
#3478 = EDGE_CURVE('',#3471,#3479,#3481,.T.);
#3479 = VERTEX_POINT('',#3480);
#3480 = CARTESIAN_POINT('',(-18.76665731675,4.21636431986,
    -8.461016345741));
#3481 = LINE('',#3482,#3483);
#3482 = CARTESIAN_POINT('',(-18.76665686616,-8.512208643849,
    -8.461016345741));
#3483 = VECTOR('',#3484,1.);
#3484 = DIRECTION('',(3.53999215E-08,-1.,-4.592E-14));
#3485 = ORIENTED_EDGE('',*,*,#3486,.F.);
#3486 = EDGE_CURVE('',#3487,#3479,#3489,.T.);
#3487 = VERTEX_POINT('',#3488);
#3488 = CARTESIAN_POINT('',(-12.76186806092,4.216364532419,
    -27.68963624814));
#3489 = LINE('',#3490,#3491);
#3490 = CARTESIAN_POINT('',(-19.32593389297,4.216364300062,
    -6.670093302071));
#3491 = VECTOR('',#3492,1.);
#3492 = DIRECTION('',(-0.298087133191,-1.055223189E-08,0.954538663976));
#3493 = ORIENTED_EDGE('',*,*,#3494,.F.);
#3494 = EDGE_CURVE('',#3495,#3487,#3497,.T.);
#3495 = VERTEX_POINT('',#3496);
#3496 = CARTESIAN_POINT('',(-12.76186709094,-23.4701132593,
    -27.68963397409));
#3497 = LINE('',#3498,#3499);
#3498 = CARTESIAN_POINT('',(-12.76186725671,-18.50149474609,
    -27.68963624813));
#3499 = VECTOR('',#3500,1.);
#3500 = DIRECTION('',(-3.539990155E-08,1.,-1.748E-14));
#3501 = ORIENTED_EDGE('',*,*,#3502,.T.);
#3502 = EDGE_CURVE('',#3495,#3503,#3505,.T.);
#3503 = VERTEX_POINT('',#3504);
#3504 = CARTESIAN_POINT('',(-14.18879286487,-23.47011331806,
    -23.1203128925));
#3505 = LINE('',#3506,#3507);
#3506 = CARTESIAN_POINT('',(-18.78819037772,-23.47011348088,
    -8.392059747154));
#3507 = VECTOR('',#3508,1.);
#3508 = DIRECTION('',(-0.298087133191,-1.055223217E-08,0.954538663976));
#3509 = ORIENTED_EDGE('',*,*,#3510,.F.);
#3510 = EDGE_CURVE('',#3511,#3503,#3513,.T.);
#3511 = VERTEX_POINT('',#3512);
#3512 = CARTESIAN_POINT('',(-16.45388885244,-24.25825192585,
    -15.8669916866));
#3513 = ELLIPSE('',#3514,36.12724702963,35.231448316271);
#3514 = AXIS2_PLACEMENT_3D('',#3515,#3516,#3517);
#3515 = CARTESIAN_POINT('',(-14.18879161768,-58.70156163433,
    -23.1203128925));
#3516 = DIRECTION('',(-0.954538663976,-3.379057996E-08,-0.298087133191)
  );
#3517 = DIRECTION('',(-0.298087133191,-1.05523221E-08,0.954538663976));
#3518 = ORIENTED_EDGE('',*,*,#3519,.T.);
#3519 = EDGE_CURVE('',#3511,#3520,#3522,.T.);
#3520 = VERTEX_POINT('',#3521);
#3521 = CARTESIAN_POINT('',(-16.45388915123,-15.81777315459,
    -15.8669916866));
#3522 = LINE('',#3523,#3524);
#3523 = CARTESIAN_POINT('',(-16.4538887758,-26.42315288052,
    -15.8669916866));
#3524 = VECTOR('',#3525,1.);
#3525 = DIRECTION('',(-3.539990137E-08,1.,-1.811E-14));
#3526 = ORIENTED_EDGE('',*,*,#3527,.F.);
#3527 = EDGE_CURVE('',#3528,#3520,#3530,.T.);
#3528 = VERTEX_POINT('',#3529);
#3529 = CARTESIAN_POINT('',(-18.75036302305,-15.86157135097,
    -8.513191878224));
#3530 = B_SPLINE_CURVE_WITH_KNOTS('',3,(#3531,#3532,#3533,#3534),
  .UNSPECIFIED.,.F.,.F.,(4,4),(2.529199593376,3.29980278035),
  .PIECEWISE_BEZIER_KNOTS.);
#3531 = CARTESIAN_POINT('',(-18.75036337619,-15.86149098216,
    -8.513190747396));
#3532 = CARTESIAN_POINT('',(-17.98182792878,-15.82332893449,
    -10.9742053931));
#3533 = CARTESIAN_POINT('',(-17.219568204,-15.81184935882,
    -13.41512383158));
#3534 = CARTESIAN_POINT('',(-16.45388915123,-15.81777315459,
    -15.8669916866));
#3535 = ORIENTED_EDGE('',*,*,#3536,.T.);
#3536 = EDGE_CURVE('',#3528,#3537,#3539,.T.);
#3537 = VERTEX_POINT('',#3538);
#3538 = CARTESIAN_POINT('',(-18.64920695075,-15.37068748271,
    -8.837115281613));
#3539 = ELLIPSE('',#3540,18.218581037244,17.390340002837);
#3540 = AXIS2_PLACEMENT_3D('',#3541,#3542,#3543);
#3541 = CARTESIAN_POINT('',(-23.23192554045,-6.0394005052,5.837727331853
    ));
#3542 = DIRECTION('',(0.954538663976,3.379057996E-08,0.298087133191));
#3543 = DIRECTION('',(0.298087133191,1.055232278E-08,-0.954538663976));
#3544 = ORIENTED_EDGE('',*,*,#3545,.T.);
#3545 = EDGE_CURVE('',#3537,#3254,#3546,.T.);
#3546 = LINE('',#3547,#3548);
#3547 = CARTESIAN_POINT('',(-17.66028216211,-10.39050179046,
    -12.00386422747));
#3548 = VECTOR('',#3549,1.);
#3549 = DIRECTION('',(0.165260884722,0.832247207299,-0.529200742558));
#3550 = ORIENTED_EDGE('',*,*,#3261,.F.);
#3551 = PLANE('',#3552);
#3552 = AXIS2_PLACEMENT_3D('',#3553,#3554,#3555);
#3553 = CARTESIAN_POINT('',(-17.06463458926,-5.060771848339,
    -13.91125585265));
#3554 = DIRECTION('',(-0.954538671049,-3.527011743E-08,-0.298087110543)
  );
#3555 = DIRECTION('',(-0.298087110543,-1.055224629E-08,0.954538671049));
#3556 = ADVANCED_FACE('',(#3557),#3568,.T.);
#3557 = FACE_BOUND('',#3558,.T.);
#3558 = EDGE_LOOP('',(#3559,#3565,#3566,#3567));
#3559 = ORIENTED_EDGE('',*,*,#3560,.T.);
#3560 = EDGE_CURVE('',#3271,#1143,#3561,.T.);
#3561 = LINE('',#3562,#3563);
#3562 = CARTESIAN_POINT('',(-14.94999949834,-4.283635545031,
    -10.8007882931));
#3563 = VECTOR('',#3564,1.);
#3564 = DIRECTION('',(-3.1E-16,1.698E-14,1.));
#3565 = ORIENTED_EDGE('',*,*,#1142,.T.);
#3566 = ORIENTED_EDGE('',*,*,#3414,.T.);
#3567 = ORIENTED_EDGE('',*,*,#3270,.T.);
#3568 = PLANE('',#3569);
#3569 = AXIS2_PLACEMENT_3D('',#3570,#3571,#3572);
#3570 = CARTESIAN_POINT('',(2.182702140047E-05,-4.283635015802,
    -9.918310369441));
#3571 = DIRECTION('',(3.539988928E-08,-1.,1.698E-14));
#3572 = DIRECTION('',(-1.,-3.539988928E-08,9.403954806578E-38));
#3573 = ADVANCED_FACE('',(#3574),#3580,.F.);
#3574 = FACE_BOUND('',#3575,.F.);
#3575 = EDGE_LOOP('',(#3576,#3577,#3578,#3579));
#3576 = ORIENTED_EDGE('',*,*,#1150,.F.);
#3577 = ORIENTED_EDGE('',*,*,#3309,.F.);
#3578 = ORIENTED_EDGE('',*,*,#3279,.T.);
#3579 = ORIENTED_EDGE('',*,*,#3560,.T.);
#3580 = PLANE('',#3581);
#3581 = AXIS2_PLACEMENT_3D('',#3582,#3583,#3584);
#3582 = CARTESIAN_POINT('',(-14.94999958684,-1.783636199928,
    -11.68326621676));
#3583 = DIRECTION('',(1.,3.539987395E-08,3.1E-16));
#3584 = DIRECTION('',(-3.539987395E-08,1.,0.));
#3585 = ADVANCED_FACE('',(#3586),#3629,.T.);
#3586 = FACE_BOUND('',#3587,.T.);
#3587 = EDGE_LOOP('',(#3588,#3596,#3597,#3598,#3599,#3607,#3615,#3623));
#3588 = ORIENTED_EDGE('',*,*,#3589,.F.);
#3589 = EDGE_CURVE('',#3329,#3590,#3592,.T.);
#3590 = VERTEX_POINT('',#3591);
#3591 = CARTESIAN_POINT('',(22.052801544745,2.240463412484,
    4.485005502811));
#3592 = LINE('',#3593,#3594);
#3593 = CARTESIAN_POINT('',(-70.43282377702,-60.43624587239,
    -31.66206366941));
#3594 = VECTOR('',#3595,1.);
#3595 = DIRECTION('',(0.787616129778,0.533760646797,0.307831778809));
#3596 = ORIENTED_EDGE('',*,*,#3328,.T.);
#3597 = ORIENTED_EDGE('',*,*,#1216,.F.);
#3598 = ORIENTED_EDGE('',*,*,#1258,.F.);
#3599 = ORIENTED_EDGE('',*,*,#3600,.T.);
#3600 = EDGE_CURVE('',#1251,#3601,#3603,.T.);
#3601 = VERTEX_POINT('',#3602);
#3602 = CARTESIAN_POINT('',(23.5762530944,3.162925606974,-1.065196560856
    ));
#3603 = LINE('',#3604,#3605);
#3604 = CARTESIAN_POINT('',(-109.1171280164,-87.20507715697,
    -77.67575771182));
#3605 = VECTOR('',#3606,1.);
#3606 = DIRECTION('',(0.745950200424,0.508013506095,0.430674559399));
#3607 = ORIENTED_EDGE('',*,*,#3608,.F.);
#3608 = EDGE_CURVE('',#3609,#3601,#3611,.T.);
#3609 = VERTEX_POINT('',#3610);
#3610 = CARTESIAN_POINT('',(24.415230864269,3.773699008834,1.62138951088
    ));
#3611 = LINE('',#3612,#3613);
#3612 = CARTESIAN_POINT('',(5.110922128613,-10.27978219229,
    -60.19513154168));
#3613 = VECTOR('',#3614,1.);
#3614 = DIRECTION('',(-0.291306939276,-0.212070613402,-0.932827059031));
#3615 = ORIENTED_EDGE('',*,*,#3616,.F.);
#3616 = EDGE_CURVE('',#3617,#3609,#3619,.T.);
#3617 = VERTEX_POINT('',#3618);
#3618 = CARTESIAN_POINT('',(22.309492312031,2.412625346931,
    4.485005502809));
#3619 = LINE('',#3620,#3621);
#3620 = CARTESIAN_POINT('',(-45.73422252659,-41.56838455863,
    97.018368561789));
#3621 = VECTOR('',#3622,1.);
#3622 = DIRECTION('',(0.553242995457,0.357596373465,-0.752360965004));
#3623 = ORIENTED_EDGE('',*,*,#3624,.F.);
#3624 = EDGE_CURVE('',#3590,#3617,#3625,.T.);
#3625 = LINE('',#3626,#3627);
#3626 = CARTESIAN_POINT('',(-139.5201970854,-106.1261922815,
    4.485005502806));
#3627 = VECTOR('',#3628,1.);
#3628 = DIRECTION('',(0.830501895915,0.557015799489,2.568E-14));
#3629 = PLANE('',#3630);
#3630 = AXIS2_PLACEMENT_3D('',#3631,#3632,#3633);
#3631 = CARTESIAN_POINT('',(-285.6067492587,-204.1784156002,
    0.444842973198));
#3632 = DIRECTION('',(0.556954303738,-0.830410206706,1.485907622298E-02)
  );
#3633 = DIRECTION('',(0.830541405085,0.556900543464,-7.922065958456E-03)
  );
#3634 = ADVANCED_FACE('',(#3635),#3660,.F.);
#3635 = FACE_BOUND('',#3636,.T.);
#3636 = EDGE_LOOP('',(#3637,#3647,#3653,#3654));
#3637 = ORIENTED_EDGE('',*,*,#3638,.F.);
#3638 = EDGE_CURVE('',#3639,#3641,#3643,.T.);
#3639 = VERTEX_POINT('',#3640);
#3640 = CARTESIAN_POINT('',(22.123853810541,3.987477503089,
    -1.903739661509));
#3641 = VERTEX_POINT('',#3642);
#3642 = CARTESIAN_POINT('',(22.384892343325,4.63456357,-1.067838455304)
  );
#3643 = LINE('',#3644,#3645);
#3644 = CARTESIAN_POINT('',(20.996308885316,1.192416547274,
    -5.514379642586));
#3645 = VECTOR('',#3646,1.);
#3646 = DIRECTION('',(0.23973802931,0.594284440788,0.767692438897));
#3647 = ORIENTED_EDGE('',*,*,#3648,.T.);
#3648 = EDGE_CURVE('',#3639,#1241,#3649,.T.);
#3649 = LINE('',#3650,#3651);
#3650 = CARTESIAN_POINT('',(10.613898655461,-4.058869059025,
    -8.549015533112));
#3651 = VECTOR('',#3652,1.);
#3652 = DIRECTION('',(-0.740833792618,-0.517899970939,-0.427720600178));
#3653 = ORIENTED_EDGE('',*,*,#1240,.T.);
#3654 = ORIENTED_EDGE('',*,*,#3655,.T.);
#3655 = EDGE_CURVE('',#1243,#3641,#3656,.T.);
#3656 = LINE('',#3657,#3658);
#3657 = CARTESIAN_POINT('',(15.961861914454,2.078910056745,
    -1.923123341998));
#3658 = VECTOR('',#3659,1.);
#3659 = DIRECTION('',(0.922120448149,0.366901634525,0.122788719709));
#3660 = PLANE('',#3661);
#3661 = AXIS2_PLACEMENT_3D('',#3662,#3663,#3664);
#3662 = CARTESIAN_POINT('',(12.177950847255,-1.564044930808,
    -5.579183769796));
#3663 = DIRECTION('',(0.246721160066,-0.802086321301,0.543862300916));
#3664 = DIRECTION('',(0.965319045769,0.153972295478,-0.210835651874));
#3665 = ADVANCED_FACE('',(#3666),#3684,.T.);
#3666 = FACE_BOUND('',#3667,.T.);
#3667 = EDGE_LOOP('',(#3668,#3669,#3670,#3678));
#3668 = ORIENTED_EDGE('',*,*,#3655,.F.);
#3669 = ORIENTED_EDGE('',*,*,#1488,.F.);
#3670 = ORIENTED_EDGE('',*,*,#3671,.T.);
#3671 = EDGE_CURVE('',#1481,#3672,#3674,.T.);
#3672 = VERTEX_POINT('',#3673);
#3673 = CARTESIAN_POINT('',(23.579578523245,4.634563612292,
    2.757801846061));
#3674 = LINE('',#3675,#3676);
#3675 = CARTESIAN_POINT('',(22.346221367388,3.905083705411,
    4.435057203638));
#3676 = VECTOR('',#3677,1.);
#3677 = DIRECTION('',(0.55908862612,0.330677871356,-0.760310498112));
#3678 = ORIENTED_EDGE('',*,*,#3679,.F.);
#3679 = EDGE_CURVE('',#3641,#3672,#3680,.T.);
#3680 = LINE('',#3681,#3682);
#3681 = CARTESIAN_POINT('',(21.719477648415,4.634563546444,
    -3.198638423304));
#3682 = VECTOR('',#3683,1.);
#3683 = DIRECTION('',(0.298087133191,1.05522654E-08,0.954538663976));
#3684 = PLANE('',#3685);
#3685 = AXIS2_PLACEMENT_3D('',#3686,#3687,#3688);
#3686 = CARTESIAN_POINT('',(20.943495137921,4.280995857675,
    -2.956311512492));
#3687 = DIRECTION('',(-0.380704157985,0.91702237443,0.118887799577));
#3688 = DIRECTION('',(0.87533331087,0.398835761681,-0.273352574683));
#3689 = ADVANCED_FACE('',(#3690,#3723),#3741,.T.);
#3690 = FACE_BOUND('',#3691,.T.);
#3691 = EDGE_LOOP('',(#3692,#3700,#3708,#3716,#3722));
#3692 = ORIENTED_EDGE('',*,*,#3693,.T.);
#3693 = EDGE_CURVE('',#3609,#3694,#3696,.T.);
#3694 = VERTEX_POINT('',#3695);
#3695 = CARTESIAN_POINT('',(24.415230717751,7.912650501804,1.62138951088
    ));
#3696 = LINE('',#3697,#3698);
#3697 = CARTESIAN_POINT('',(24.415231135751,-3.895296299806,
    1.621389510881));
#3698 = VECTOR('',#3699,1.);
#3699 = DIRECTION('',(-3.539987299E-08,1.,-2.76E-14));
#3700 = ORIENTED_EDGE('',*,*,#3701,.T.);
#3701 = EDGE_CURVE('',#3694,#3702,#3704,.T.);
#3702 = VERTEX_POINT('',#3703);
#3703 = CARTESIAN_POINT('',(22.668903060951,10.287499608544,
    3.996238679438));
#3704 = LINE('',#3705,#3706);
#3705 = CARTESIAN_POINT('',(26.115265472601,5.600755592935,
    -0.69050545817));
#3706 = VECTOR('',#3707,1.);
#3707 = DIRECTION('',(-0.461328791855,0.627365812471,0.627365828802));
#3708 = ORIENTED_EDGE('',*,*,#3709,.T.);
#3709 = EDGE_CURVE('',#3702,#3710,#3712,.T.);
#3710 = VERTEX_POINT('',#3711);
#3711 = CARTESIAN_POINT('',(22.309492040418,10.085045748741,
    4.485005502809));
#3712 = LINE('',#3713,#3714);
#3713 = CARTESIAN_POINT('',(22.66044846683,10.282737191385,
    4.007736170821));
#3714 = VECTOR('',#3715,1.);
#3715 = DIRECTION('',(-0.561952428433,-0.316544100385,0.764205012212));
#3716 = ORIENTED_EDGE('',*,*,#3717,.T.);
#3717 = EDGE_CURVE('',#3710,#3617,#3718,.T.);
#3718 = LINE('',#3719,#3720);
#3719 = CARTESIAN_POINT('',(22.309492813818,-11.7622070784,
    4.485005502809));
#3720 = VECTOR('',#3721,1.);
#3721 = DIRECTION('',(3.539988025E-08,-1.,1.774E-14));
#3722 = ORIENTED_EDGE('',*,*,#3616,.T.);
#3723 = FACE_BOUND('',#3724,.T.);
#3724 = EDGE_LOOP('',(#3725,#3733,#3734,#3735));
#3725 = ORIENTED_EDGE('',*,*,#3726,.F.);
#3726 = EDGE_CURVE('',#3672,#3727,#3729,.T.);
#3727 = VERTEX_POINT('',#3728);
#3728 = CARTESIAN_POINT('',(23.579578423864,7.441933070542,2.75780184606
    ));
#3729 = LINE('',#3730,#3731);
#3730 = CARTESIAN_POINT('',(23.579578819268,-3.727712003009,
    2.757801846061));
#3731 = VECTOR('',#3732,1.);
#3732 = DIRECTION('',(-3.539987262E-08,1.,-2.833E-14));
#3733 = ORIENTED_EDGE('',*,*,#3671,.F.);
#3734 = ORIENTED_EDGE('',*,*,#1480,.F.);
#3735 = ORIENTED_EDGE('',*,*,#3736,.F.);
#3736 = EDGE_CURVE('',#3727,#1473,#3737,.T.);
#3737 = LINE('',#3738,#3739);
#3738 = CARTESIAN_POINT('',(26.733145924299,3.153363893808,
    -1.530767442315));
#3739 = VECTOR('',#3740,1.);
#3740 = DIRECTION('',(-0.461328791855,0.627365812471,0.627365828802));
#3741 = PLANE('',#3742);
#3742 = AXIS2_PLACEMENT_3D('',#3743,#3744,#3745);
#3743 = CARTESIAN_POINT('',(22.484971030518,-11.76220707218,
    4.246370836815));
#3744 = DIRECTION('',(0.805632401654,2.851930092E-08,0.592415760598));
#3745 = DIRECTION('',(-3.539988165863E-08,1.,-1.559899090749E-14));
#3746 = ADVANCED_FACE('',(#3747),#3765,.T.);
#3747 = FACE_BOUND('',#3748,.T.);
#3748 = EDGE_LOOP('',(#3749,#3757,#3758,#3759));
#3749 = ORIENTED_EDGE('',*,*,#3750,.F.);
#3750 = EDGE_CURVE('',#3727,#3751,#3753,.T.);
#3751 = VERTEX_POINT('',#3752);
#3752 = CARTESIAN_POINT('',(22.123853688254,7.441933019009,
    -1.903739661509));
#3753 = LINE('',#3754,#3755);
#3754 = CARTESIAN_POINT('',(21.719477549034,7.441933004694,
    -3.198638423304));
#3755 = VECTOR('',#3756,1.);
#3756 = DIRECTION('',(-0.298087133191,-1.055226579E-08,-0.954538663976)
  );
#3757 = ORIENTED_EDGE('',*,*,#3736,.T.);
#3758 = ORIENTED_EDGE('',*,*,#1472,.F.);
#3759 = ORIENTED_EDGE('',*,*,#3760,.F.);
#3760 = EDGE_CURVE('',#3751,#1465,#3761,.T.);
#3761 = LINE('',#3762,#3763);
#3762 = CARTESIAN_POINT('',(14.857232246302,13.127613187762,
    -6.099125390916));
#3763 = VECTOR('',#3764,1.);
#3764 = DIRECTION('',(-0.716934778364,0.560956956983,-0.413922475815));
#3765 = PLANE('',#3766);
#3766 = AXIS2_PLACEMENT_3D('',#3767,#3768,#3769);
#3767 = CARTESIAN_POINT('',(21.859266505108,7.295486400243,
    -3.242292273267));
#3768 = DIRECTION('',(-0.67496073717,-0.707106805081,0.210779433264));
#3769 = DIRECTION('',(-0.674960787234,0.707106757293,0.210779433264));
#3770 = ADVANCED_FACE('',(#3771),#3798,.T.);
#3771 = FACE_BOUND('',#3772,.T.);
#3772 = EDGE_LOOP('',(#3773,#3781,#3782,#3783,#3784,#3790,#3791,#3792));
#3773 = ORIENTED_EDGE('',*,*,#3774,.T.);
#3774 = EDGE_CURVE('',#3775,#3601,#3777,.T.);
#3775 = VERTEX_POINT('',#3776);
#3776 = CARTESIAN_POINT('',(23.576252926261,7.912650472104,
    -1.065196560856));
#3777 = LINE('',#3778,#3779);
#3778 = CARTESIAN_POINT('',(23.576253016978,5.350014508574,
    -1.065196560856));
#3779 = VECTOR('',#3780,1.);
#3780 = DIRECTION('',(3.539986991E-08,-1.,1.796E-14));
#3781 = ORIENTED_EDGE('',*,*,#3600,.F.);
#3782 = ORIENTED_EDGE('',*,*,#1250,.F.);
#3783 = ORIENTED_EDGE('',*,*,#3648,.F.);
#3784 = ORIENTED_EDGE('',*,*,#3785,.T.);
#3785 = EDGE_CURVE('',#3639,#3751,#3786,.T.);
#3786 = LINE('',#3787,#3788);
#3787 = CARTESIAN_POINT('',(22.123853756375,5.517598783539,
    -1.903739661509));
#3788 = VECTOR('',#3789,1.);
#3789 = DIRECTION('',(-3.539986926E-08,1.,-1.736E-14));
#3790 = ORIENTED_EDGE('',*,*,#3760,.T.);
#3791 = ORIENTED_EDGE('',*,*,#1464,.F.);
#3792 = ORIENTED_EDGE('',*,*,#3793,.T.);
#3793 = EDGE_CURVE('',#1457,#3775,#3794,.T.);
#3794 = LINE('',#3795,#3796);
#3795 = CARTESIAN_POINT('',(14.828479126353,14.757240411484,
    -6.115725979152));
#3796 = VECTOR('',#3797,1.);
#3797 = DIRECTION('',(0.716934778364,-0.560956956983,0.413922475815));
#3798 = PLANE('',#3799);
#3799 = AXIS2_PLACEMENT_3D('',#3800,#3801,#3802);
#3800 = CARTESIAN_POINT('',(1.190971489319,6.728413850168,
    -13.98934484856));
#3801 = DIRECTION('',(0.5,1.769991978E-08,-0.866025403784));
#3802 = DIRECTION('',(-0.866025403784,-3.065721638E-08,-0.5));
#3803 = ADVANCED_FACE('',(#3804),#3853,.T.);
#3804 = FACE_BOUND('',#3805,.T.);
#3805 = EDGE_LOOP('',(#3806,#3816,#3824,#3832,#3838,#3839,#3845,#3846,
    #3847));
#3806 = ORIENTED_EDGE('',*,*,#3807,.F.);
#3807 = EDGE_CURVE('',#3808,#3810,#3812,.T.);
#3808 = VERTEX_POINT('',#3809);
#3809 = CARTESIAN_POINT('',(17.40202635261,11.716365600227,
    -8.075973869888));
#3810 = VERTEX_POINT('',#3811);
#3811 = CARTESIAN_POINT('',(17.500975932646,11.50713820308,
    -8.461016345741));
#3812 = LINE('',#3813,#3814);
#3813 = CARTESIAN_POINT('',(16.644199822634,13.31877838747,
    -5.12704368504));
#3814 = VECTOR('',#3815,1.);
#3815 = DIRECTION('',(0.220255446373,-0.465726825033,-0.85707996289));
#3816 = ORIENTED_EDGE('',*,*,#3817,.T.);
#3817 = EDGE_CURVE('',#3808,#3818,#3820,.T.);
#3818 = VERTEX_POINT('',#3819);
#3819 = CARTESIAN_POINT('',(21.16847699559,11.716365733559,
    3.985005502809));
#3820 = LINE('',#3821,#3822);
#3821 = CARTESIAN_POINT('',(19.84908885544,11.716365686853,
    -0.239957108229));
#3822 = VECTOR('',#3823,1.);
#3823 = DIRECTION('',(0.298087133191,1.055226595E-08,0.954538663976));
#3824 = ORIENTED_EDGE('',*,*,#3825,.F.);
#3825 = EDGE_CURVE('',#3826,#3818,#3828,.T.);
#3826 = VERTEX_POINT('',#3827);
#3827 = CARTESIAN_POINT('',(21.183753110617,11.70513255747,
    3.996238679438));
#3828 = LINE('',#3829,#3830);
#3829 = CARTESIAN_POINT('',(17.409175982301,14.48073940986,
    1.220631693422));
#3830 = VECTOR('',#3831,1.);
#3831 = DIRECTION('',(-0.693132502183,0.509689763192,-0.509689787729));
#3832 = ORIENTED_EDGE('',*,*,#3833,.F.);
#3833 = EDGE_CURVE('',#3702,#3826,#3834,.T.);
#3834 = LINE('',#3835,#3836);
#3835 = CARTESIAN_POINT('',(18.138052916941,14.612370945152,
    3.996238679438));
#3836 = VECTOR('',#3837,1.);
#3837 = DIRECTION('',(-0.723358021933,0.690473150894,5.08E-15));
#3838 = ORIENTED_EDGE('',*,*,#3701,.F.);
#3839 = ORIENTED_EDGE('',*,*,#3840,.T.);
#3840 = EDGE_CURVE('',#3694,#3775,#3841,.T.);
#3841 = LINE('',#3842,#3843);
#3842 = CARTESIAN_POINT('',(25.309492117331,7.91265053346,4.485005502813
    ));
#3843 = VECTOR('',#3844,1.);
#3844 = DIRECTION('',(-0.298087133191,-1.05522658E-08,-0.954538663976));
#3845 = ORIENTED_EDGE('',*,*,#3793,.F.);
#3846 = ORIENTED_EDGE('',*,*,#1456,.T.);
#3847 = ORIENTED_EDGE('',*,*,#3848,.T.);
#3848 = EDGE_CURVE('',#1449,#3810,#3849,.T.);
#3849 = LINE('',#3850,#3851);
#3850 = CARTESIAN_POINT('',(14.660144480953,14.218821469365,
    -8.46101634574));
#3851 = VECTOR('',#3852,1.);
#3852 = DIRECTION('',(-0.723358021933,0.690473150894,3.452E-14));
#3853 = PLANE('',#3854);
#3854 = AXIS2_PLACEMENT_3D('',#3855,#3856,#3857);
#3855 = CARTESIAN_POINT('',(20.525555486827,11.00768136742,
    -0.451206792482));
#3856 = DIRECTION('',(0.67496073717,0.707106805081,-0.210779433264));
#3857 = DIRECTION('',(-0.723358021933,0.690473150894,1.56624713199E-13)
  );
#3858 = ADVANCED_FACE('',(#3859),#3893,.F.);
#3859 = FACE_BOUND('',#3860,.T.);
#3860 = EDGE_LOOP('',(#3861,#3862,#3870,#3878,#3886,#3892));
#3861 = ORIENTED_EDGE('',*,*,#1448,.F.);
#3862 = ORIENTED_EDGE('',*,*,#3863,.T.);
#3863 = EDGE_CURVE('',#1441,#3864,#3866,.T.);
#3864 = VERTEX_POINT('',#3865);
#3865 = CARTESIAN_POINT('',(18.242843750359,4.716365629992,
    -8.461016345741));
#3866 = LINE('',#3867,#3868);
#3867 = CARTESIAN_POINT('',(12.879396715395,9.835982834187,
    -8.461016345741));
#3868 = VECTOR('',#3869,1.);
#3869 = DIRECTION('',(-0.723358021933,0.690473150894,3.467E-14));
#3870 = ORIENTED_EDGE('',*,*,#3871,.F.);
#3871 = EDGE_CURVE('',#3872,#3864,#3874,.T.);
#3872 = VERTEX_POINT('',#3873);
#3873 = CARTESIAN_POINT('',(17.081122288429,4.716365588867,
    -8.461016345741));
#3874 = LINE('',#3875,#3876);
#3875 = CARTESIAN_POINT('',(-1.6696018151E-07,4.716364984198,
    -8.461016345741));
#3876 = VECTOR('',#3877,1.);
#3877 = DIRECTION('',(1.,3.539988026E-08,-3.89E-15));
#3878 = ORIENTED_EDGE('',*,*,#3879,.F.);
#3879 = EDGE_CURVE('',#3880,#3872,#3882,.T.);
#3880 = VERTEX_POINT('',#3881);
#3881 = CARTESIAN_POINT('',(17.08112205833,11.216365588867,
    -8.461016345741));
#3882 = LINE('',#3883,#3884);
#3883 = CARTESIAN_POINT('',(17.081122164529,8.216365588807,
    -8.461016345741));
#3884 = VECTOR('',#3885,1.);
#3885 = DIRECTION('',(3.539994695E-08,-1.,-4.592E-14));
#3886 = ORIENTED_EDGE('',*,*,#3887,.F.);
#3887 = EDGE_CURVE('',#3810,#3880,#3888,.T.);
#3888 = LINE('',#3889,#3890);
#3889 = CARTESIAN_POINT('',(10.19797798273,6.449398033555,
    -8.461016345741));
#3890 = VECTOR('',#3891,1.);
#3891 = DIRECTION('',(-0.822096376018,-0.569348354294,-2.294E-14));
#3892 = ORIENTED_EDGE('',*,*,#3848,.F.);
#3893 = PLANE('',#3894);
#3894 = AXIS2_PLACEMENT_3D('',#3895,#3896,#3897);
#3895 = CARTESIAN_POINT('',(-2.9085971715E-07,8.216364761478,
    -8.461016345741));
#3896 = DIRECTION('',(3.89E-15,-4.614E-14,1.));
#3897 = DIRECTION('',(-3.539986062E-08,1.,4.614000013771E-14));
#3898 = ADVANCED_FACE('',(#3899),#3917,.T.);
#3899 = FACE_BOUND('',#3900,.T.);
#3900 = EDGE_LOOP('',(#3901,#3909,#3910,#3911));
#3901 = ORIENTED_EDGE('',*,*,#3902,.T.);
#3902 = EDGE_CURVE('',#3903,#3864,#3905,.T.);
#3903 = VERTEX_POINT('',#3904);
#3904 = CARTESIAN_POINT('',(12.262207730609,4.716365418278,
    -27.61229018607));
#3905 = LINE('',#3906,#3907);
#3906 = CARTESIAN_POINT('',(18.848664244759,4.716365651438,
    -6.521049735475));
#3907 = VECTOR('',#3908,1.);
#3908 = DIRECTION('',(0.298087133191,1.055226575E-08,0.954538663976));
#3909 = ORIENTED_EDGE('',*,*,#3863,.F.);
#3910 = ORIENTED_EDGE('',*,*,#1440,.T.);
#3911 = ORIENTED_EDGE('',*,*,#3912,.F.);
#3912 = EDGE_CURVE('',#3903,#1433,#3913,.T.);
#3913 = LINE('',#3914,#3915);
#3914 = CARTESIAN_POINT('',(12.262207730609,4.716365418278,
    -27.61229018607));
#3915 = VECTOR('',#3916,1.);
#3916 = DIRECTION('',(0.702673008381,-0.703150082179,-0.108768585646));
#3917 = PLANE('',#3918);
#3918 = AXIS2_PLACEMENT_3D('',#3919,#3920,#3921);
#3919 = CARTESIAN_POINT('',(19.087298919609,4.466365659886,
    -6.595571518772));
#3920 = DIRECTION('',(0.67496073717,0.707106805081,-0.210779433264));
#3921 = DIRECTION('',(0.298087133191,1.055241019565E-08,0.954538663976)
  );
#3922 = ADVANCED_FACE('',(#3923),#3956,.T.);
#3923 = FACE_BOUND('',#3924,.T.);
#3924 = EDGE_LOOP('',(#3925,#3933,#3934,#3942,#3950));
#3925 = ORIENTED_EDGE('',*,*,#3926,.F.);
#3926 = EDGE_CURVE('',#1433,#3927,#3929,.T.);
#3927 = VERTEX_POINT('',#3928);
#3928 = CARTESIAN_POINT('',(12.753017018949,4.216365435653,
    -29.67844803398));
#3929 = LINE('',#3930,#3931);
#3930 = CARTESIAN_POINT('',(12.795723291959,4.216365437165,
    -20.08286746169));
#3931 = VECTOR('',#3932,1.);
#3932 = DIRECTION('',(-4.450574899905E-03,-1.5756755E-10,-0.999990096142
    ));
#3933 = ORIENTED_EDGE('',*,*,#1432,.T.);
#3934 = ORIENTED_EDGE('',*,*,#3935,.T.);
#3935 = EDGE_CURVE('',#1425,#3936,#3938,.T.);
#3936 = VERTEX_POINT('',#3937);
#3937 = CARTESIAN_POINT('',(12.750558416237,-23.47011235617,
    -30.23108640344));
#3938 = LINE('',#3939,#3940);
#3939 = CARTESIAN_POINT('',(12.784565634907,-23.47011235496,
    -22.5900776278));
#3940 = VECTOR('',#3941,1.);
#3941 = DIRECTION('',(-4.450574899905E-03,-1.5756736E-10,-0.999990096142
    ));
#3942 = ORIENTED_EDGE('',*,*,#3943,.T.);
#3943 = EDGE_CURVE('',#3936,#3944,#3946,.T.);
#3944 = VERTEX_POINT('',#3945);
#3945 = CARTESIAN_POINT('',(12.750557446877,3.913011806916,
    -30.23108640344));
#3946 = LINE('',#3947,#3948);
#3947 = CARTESIAN_POINT('',(12.750557893619,-8.706862223771,
    -30.23108640344));
#3948 = VECTOR('',#3949,1.);
#3949 = DIRECTION('',(-3.539988018E-08,1.,4.E-16));
#3950 = ORIENTED_EDGE('',*,*,#3951,.F.);
#3951 = EDGE_CURVE('',#3927,#3944,#3952,.T.);
#3952 = LINE('',#3953,#3954);
#3953 = CARTESIAN_POINT('',(12.771777988417,6.530267199487,
    -25.4630677755));
#3954 = VECTOR('',#3955,1.);
#3955 = DIRECTION('',(-3.901436200051E-03,-0.481187292626,
    -0.876609130805));
#3956 = PLANE('',#3957);
#3957 = AXIS2_PLACEMENT_3D('',#3958,#3959,#3960);
#3958 = CARTESIAN_POINT('',(12.763910673359,4.716365436038,
    -27.23077229179));
#3959 = DIRECTION('',(0.999990096142,3.539952959E-08,-4.450574899905E-03
    ));
#3960 = DIRECTION('',(3.539988026334E-08,-1.,1.751998511665E-14));
#3961 = ADVANCED_FACE('',(#3962),#4029,.F.);
#3962 = FACE_BOUND('',#3963,.F.);
#3963 = EDGE_LOOP('',(#3964,#3972,#3978,#3979,#3987,#3995,#4004,#4013,
    #4021,#4027,#4028));
#3964 = ORIENTED_EDGE('',*,*,#3965,.F.);
#3965 = EDGE_CURVE('',#3966,#3936,#3968,.T.);
#3966 = VERTEX_POINT('',#3967);
#3967 = CARTESIAN_POINT('',(-12.75055605453,-23.4701132589,
    -30.23108640344));
#3968 = LINE('',#3969,#3970);
#3969 = CARTESIAN_POINT('',(1.18085247427E-06,-23.47011280754,
    -30.23108640344));
#3970 = VECTOR('',#3971,1.);
#3971 = DIRECTION('',(1.,3.539988028E-08,1.844E-14));
#3972 = ORIENTED_EDGE('',*,*,#3973,.T.);
#3973 = EDGE_CURVE('',#3966,#3495,#3974,.T.);
#3974 = LINE('',#3975,#3976);
#3975 = CARTESIAN_POINT('',(-12.8191406962,-23.47011326133,
    -14.82095086788));
#3976 = VECTOR('',#3977,1.);
#3977 = DIRECTION('',(-4.450574899924E-03,-1.5753246E-10,0.999990096142)
  );
#3978 = ORIENTED_EDGE('',*,*,#3502,.T.);
#3979 = ORIENTED_EDGE('',*,*,#3980,.T.);
#3980 = EDGE_CURVE('',#3503,#3981,#3983,.T.);
#3981 = VERTEX_POINT('',#3982);
#3982 = CARTESIAN_POINT('',(-8.270789614999,-23.47011310856,
    -19.68582979489));
#3983 = LINE('',#3984,#3985);
#3984 = CARTESIAN_POINT('',(-5.508353260644,-23.47011301077,
    -18.08266390149));
#3985 = VECTOR('',#3986,1.);
#3986 = DIRECTION('',(0.864901689809,3.061742503E-08,0.501941298326));
#3987 = ORIENTED_EDGE('',*,*,#3988,.F.);
#3988 = EDGE_CURVE('',#3989,#3981,#3991,.T.);
#3989 = VERTEX_POINT('',#3990);
#3990 = CARTESIAN_POINT('',(-7.539229311381,-23.47011308267,
    -19.68582979489));
#3991 = LINE('',#3992,#3993);
#3992 = CARTESIAN_POINT('',(0.875001092353,-23.4701127848,
    -19.68582979489));
#3993 = VECTOR('',#3994,1.);
#3994 = DIRECTION('',(-1.,-3.539988028E-08,0.));
#3995 = ORIENTED_EDGE('',*,*,#3996,.F.);
#3996 = EDGE_CURVE('',#3997,#3989,#3999,.T.);
#3997 = VERTEX_POINT('',#3998);
#3998 = CARTESIAN_POINT('',(8.308380675555E-07,-23.47011281578,
    -22.58582988548));
#3999 = CIRCLE('',#4000,11.25);
#4000 = AXIS2_PLACEMENT_3D('',#4001,#4002,#4003);
#4001 = CARTESIAN_POINT('',(1.51893927852E-06,-23.47011281578,
    -11.33582988548));
#4002 = DIRECTION('',(-3.539988028E-08,1.,-1.745E-14));
#4003 = DIRECTION('',(1.,3.539988028E-08,9.44E-15));
#4004 = ORIENTED_EDGE('',*,*,#4005,.T.);
#4005 = EDGE_CURVE('',#3997,#4006,#4008,.T.);
#4006 = VERTEX_POINT('',#4007);
#4007 = CARTESIAN_POINT('',(7.539230973058,-23.47011254889,
    -19.68582979489));
#4008 = CIRCLE('',#4009,11.25);
#4009 = AXIS2_PLACEMENT_3D('',#4010,#4011,#4012);
#4010 = CARTESIAN_POINT('',(1.4273728171E-07,-23.47011281578,
    -11.33582988548));
#4011 = DIRECTION('',(3.539990152E-08,-1.,1.745E-14));
#4012 = DIRECTION('',(-1.,-3.539990152E-08,-9.25E-15));
#4013 = ORIENTED_EDGE('',*,*,#4014,.F.);
#4014 = EDGE_CURVE('',#4015,#4006,#4017,.T.);
#4015 = VERTEX_POINT('',#4016);
#4016 = CARTESIAN_POINT('',(8.270791276675,-23.47011252299,
    -19.68582979489));
#4017 = LINE('',#4018,#4019);
#4018 = CARTESIAN_POINT('',(0.875001092353,-23.4701127848,
    -19.68582979489));
#4019 = VECTOR('',#4020,1.);
#4020 = DIRECTION('',(-1.,-3.539988028E-08,0.));
#4021 = ORIENTED_EDGE('',*,*,#4022,.F.);
#4022 = EDGE_CURVE('',#1416,#4015,#4023,.T.);
#4023 = LINE('',#4024,#4025);
#4024 = CARTESIAN_POINT('',(5.508354922321,-23.47011262078,
    -18.08266390149));
#4025 = VECTOR('',#4026,1.);
#4026 = DIRECTION('',(-0.864901689809,-3.061742589E-08,0.501941298326));
#4027 = ORIENTED_EDGE('',*,*,#1424,.F.);
#4028 = ORIENTED_EDGE('',*,*,#3935,.T.);
#4029 = PLANE('',#4030);
#4030 = AXIS2_PLACEMENT_3D('',#4031,#4032,#4033);
#4031 = CARTESIAN_POINT('',(1.18085302592E-06,-23.47011281578,
    -16.65766169545));
#4032 = DIRECTION('',(-3.539988028E-08,1.,-1.745E-14));
#4033 = DIRECTION('',(-1.,-3.539988028E-08,-9.44E-15));
#4034 = ADVANCED_FACE('',(#4035),#4076,.F.);
#4035 = FACE_BOUND('',#4036,.F.);
#4036 = EDGE_LOOP('',(#4037,#4048,#4056,#4067,#4068,#4069));
#4037 = ORIENTED_EDGE('',*,*,#4038,.T.);
#4038 = EDGE_CURVE('',#4039,#4041,#4043,.T.);
#4039 = VERTEX_POINT('',#4040);
#4040 = CARTESIAN_POINT('',(14.750001174252,-23.62053645109,
    -19.68582979489));
#4041 = VERTEX_POINT('',#4042);
#4042 = CARTESIAN_POINT('',(14.750001174252,-26.89904730257,
    -5.916877757381));
#4043 = ELLIPSE('',#4044,40.734627682419,35.231448316271);
#4044 = AXIS2_PLACEMENT_3D('',#4045,#4046,#4047);
#4045 = CARTESIAN_POINT('',(14.750001174252,-58.7015606099,
    -23.44600559339));
#4046 = DIRECTION('',(1.,0.,0.));
#4047 = DIRECTION('',(0.,-6.099802107E-08,1.));
#4048 = ORIENTED_EDGE('',*,*,#4049,.T.);
#4049 = EDGE_CURVE('',#4041,#4050,#4052,.T.);
#4050 = VERTEX_POINT('',#4051);
#4051 = CARTESIAN_POINT('',(19.8530614805,-26.89904712192,
    -8.878412861006));
#4052 = LINE('',#4053,#4054);
#4053 = CARTESIAN_POINT('',(13.11827344059,-26.89904736033,
    -4.969912863221));
#4054 = VECTOR('',#4055,1.);
#4055 = DIRECTION('',(0.864901689809,3.061742592E-08,-0.501941298326));
#4056 = ORIENTED_EDGE('',*,*,#4057,.T.);
#4057 = EDGE_CURVE('',#4050,#1408,#4058,.T.);
#4058 = B_SPLINE_CURVE_WITH_KNOTS('',3,(#4059,#4060,#4061,#4062,#4063,
    #4064,#4065,#4066),.UNSPECIFIED.,.F.,.F.,(4,2,2,4),(12.510045962199,
    12.800627287483,13.210529508637,13.288567852746),.UNSPECIFIED.);
#4059 = CARTESIAN_POINT('',(19.8530614805,-26.89904712192,
    -8.878412861006));
#4060 = CARTESIAN_POINT('',(19.326442208929,-26.45748900643,
    -9.643708323688));
#4061 = CARTESIAN_POINT('',(18.827328999317,-26.05261597306,
    -10.4575784732));
#4062 = CARTESIAN_POINT('',(17.723493318471,-25.183229984,
    -12.51164086068));
#4063 = CARTESIAN_POINT('',(17.15915880758,-24.76230118613,
    -13.79274159006));
#4064 = CARTESIAN_POINT('',(16.615971784843,-24.37284857829,
    -15.36159764387));
#4065 = CARTESIAN_POINT('',(16.532953618897,-24.31390010626,
    -15.61381492429));
#4066 = CARTESIAN_POINT('',(16.453890569917,-24.25825076091,
    -15.86699168659));
#4067 = ORIENTED_EDGE('',*,*,#1415,.T.);
#4068 = ORIENTED_EDGE('',*,*,#4022,.T.);
#4069 = ORIENTED_EDGE('',*,*,#4070,.T.);
#4070 = EDGE_CURVE('',#4015,#4039,#4071,.T.);
#4071 = ELLIPSE('',#4072,70.190375714777,35.231448316271);
#4072 = AXIS2_PLACEMENT_3D('',#4073,#4074,#4075);
#4073 = CARTESIAN_POINT('',(8.270792523866,-58.70156083926,
    -19.68582979489));
#4074 = DIRECTION('',(-0.,0.,-1.));
#4075 = DIRECTION('',(-1.,-3.53998914E-08,0.));
#4076 = CYLINDRICAL_SURFACE('',#4077,35.231448316271);
#4077 = AXIS2_PLACEMENT_3D('',#4078,#4079,#4080);
#4078 = CARTESIAN_POINT('',(5.50835616951,-58.70156093705,
    -18.08266390149));
#4079 = DIRECTION('',(-0.864901689809,-3.061742589E-08,0.501941298326));
#4080 = DIRECTION('',(0.110726653623,0.975365070547,0.190794620821));
#4081 = ADVANCED_FACE('',(#4082),#4143,.F.);
#4082 = FACE_BOUND('',#4083,.F.);
#4083 = EDGE_LOOP('',(#4084,#4117,#4118,#4119,#4128,#4136));
#4084 = ORIENTED_EDGE('',*,*,#4085,.T.);
#4085 = EDGE_CURVE('',#4086,#1399,#4088,.T.);
#4086 = VERTEX_POINT('',#4087);
#4087 = CARTESIAN_POINT('',(19.722179356445,-23.32063862762,
    -9.070445773957));
#4088 = B_SPLINE_CURVE_WITH_KNOTS('',3,(#4089,#4090,#4091,#4092,#4093,
    #4094,#4095,#4096,#4097,#4098,#4099,#4100,#4101,#4102,#4103,#4104,
    #4105,#4106,#4107,#4108,#4109,#4110,#4111,#4112,#4113,#4114,#4115,
    #4116),.UNSPECIFIED.,.F.,.F.,(4,3,3,3,3,3,3,3,3,4),(-1.062102853709,
    -0.929651668147,-0.797067341666,-0.664486947334,-0.567369994384,
    -0.42147901744,-0.275611166792,-0.12999737914,0.,3.2079160095E-03),
  .UNSPECIFIED.);
#4089 = CARTESIAN_POINT('',(19.721631929074,-23.3208942218,
    -9.072486054485));
#4090 = CARTESIAN_POINT('',(19.544208260357,-23.01333980636,
    -9.335947911802));
#4091 = CARTESIAN_POINT('',(19.371996475369,-22.70491280128,
    -9.601899987589));
#4092 = CARTESIAN_POINT('',(19.205011281918,-22.39585528471,
    -9.870231575395));
#4093 = CARTESIAN_POINT('',(19.037858233706,-22.08648710122,
    -10.13883289211));
#4094 = CARTESIAN_POINT('',(18.875941668432,-21.77648726253,
    -10.40981831897));
#4095 = CARTESIAN_POINT('',(18.719264037113,-21.46604774101,
    -10.6830767632));
#4096 = CARTESIAN_POINT('',(18.562591052494,-21.15561742642,
    -10.95632710321));
#4097 = CARTESIAN_POINT('',(18.411156101719,-20.84474747861,
    -11.23185015246));
#4098 = CARTESIAN_POINT('',(18.264958425464,-20.53357795859,
    -11.50953748632));
#4099 = CARTESIAN_POINT('',(18.157866627175,-20.30564202744,
    -11.71294725799));
#4100 = CARTESIAN_POINT('',(18.05358492838,-20.07754426368,
    -11.91751838022));
#4101 = CARTESIAN_POINT('',(17.952114641591,-19.84932210945,
    -12.12320992741));
#4102 = CARTESIAN_POINT('',(17.799684001815,-19.5064823474,
    -12.43220377305));
#4103 = CARTESIAN_POINT('',(17.653501546241,-19.16315271731,
    -12.74392677714));
#4104 = CARTESIAN_POINT('',(17.513624200189,-18.81958616026,
    -13.05826198377));
#4105 = CARTESIAN_POINT('',(17.373769027168,-18.47607406457,
    -13.37254736272));
#4106 = CARTESIAN_POINT('',(17.24021635046,-18.13232506952,
    -13.68944395668));
#4107 = CARTESIAN_POINT('',(17.11302514458,-17.78854002736,
    -14.0088384592));
#4108 = CARTESIAN_POINT('',(16.986055471951,-17.44535376731,
    -14.32767666145));
#4109 = CARTESIAN_POINT('',(16.865424548451,-17.10213143948,
    -14.64900393425));
#4110 = CARTESIAN_POINT('',(16.751202057075,-16.75902253857,
    -14.97271341464));
#4111 = CARTESIAN_POINT('',(16.649229402171,-16.45271048806,
    -15.26170654319));
#4112 = CARTESIAN_POINT('',(16.552364217701,-16.14648805666,
    -15.55259833196));
#4113 = CARTESIAN_POINT('',(16.460669092247,-15.84042941238,
    -15.84531805316));
#4114 = CARTESIAN_POINT('',(16.458406352319,-15.83287687224,
    -15.85254143171));
#4115 = CARTESIAN_POINT('',(16.456146744572,-15.82532439634,
    -15.85976597756));
#4116 = CARTESIAN_POINT('',(16.453890271125,-15.81777198966,
    -15.86699168659));
#4117 = ORIENTED_EDGE('',*,*,#1407,.F.);
#4118 = ORIENTED_EDGE('',*,*,#4057,.F.);
#4119 = ORIENTED_EDGE('',*,*,#4120,.T.);
#4120 = EDGE_CURVE('',#4050,#4121,#4123,.T.);
#4121 = VERTEX_POINT('',#4122);
#4122 = CARTESIAN_POINT('',(19.894038433174,-26.93333255883,
    -8.819040739109));
#4123 = ELLIPSE('',#4124,28.803310209191,26.);
#4124 = AXIS2_PLACEMENT_3D('',#4125,#4126,#4127);
#4125 = CARTESIAN_POINT('',(41.271895893095,-25.94719664155,
    -23.61725714956));
#4126 = DIRECTION('',(0.215997855176,0.90267403404,0.372188816099));
#4127 = DIRECTION('',(-0.453089388006,0.430324979835,-0.780724290775));
#4128 = ORIENTED_EDGE('',*,*,#4129,.T.);
#4129 = EDGE_CURVE('',#4121,#4130,#4132,.T.);
#4130 = VERTEX_POINT('',#4131);
#4131 = CARTESIAN_POINT('',(19.894038333156,-24.10795473163,
    -8.819040739109));
#4132 = LINE('',#4133,#4134);
#4133 = CARTESIAN_POINT('',(19.894038415114,-26.4231515938,
    -8.819040739109));
#4134 = VECTOR('',#4135,1.);
#4135 = DIRECTION('',(-3.539988043E-08,1.,-1.811E-14));
#4136 = ORIENTED_EDGE('',*,*,#4137,.T.);
#4137 = EDGE_CURVE('',#4130,#4086,#4138,.T.);
#4138 = ELLIPSE('',#4139,213.57764193972,26.);
#4139 = AXIS2_PLACEMENT_3D('',#4140,#4141,#4142);
#4140 = CARTESIAN_POINT('',(41.271902931071,-224.7607905314,
    -23.61725714956));
#4141 = DIRECTION('',(-0.954732737542,-0.121735622616,0.271414513342));
#4142 = DIRECTION('',(-0.11709588031,0.992562561346,3.328838578494E-02)
  );
#4143 = CYLINDRICAL_SURFACE('',#4144,26.);
#4144 = AXIS2_PLACEMENT_3D('',#4145,#4146,#4147);
#4145 = CARTESIAN_POINT('',(41.271895909944,-26.42315083703,
    -23.61725714956));
#4146 = DIRECTION('',(-3.539988043E-08,1.,-1.811E-14));
#4147 = DIRECTION('',(-0.89893699375,-3.182225415926E-08,0.438077939718)
  );
#4148 = ADVANCED_FACE('',(#4149),#4207,.F.);
#4149 = FACE_BOUND('',#4150,.F.);
#4150 = EDGE_LOOP('',(#4151,#4159,#4168,#4177,#4188,#4205,#4206));
#4151 = ORIENTED_EDGE('',*,*,#4152,.F.);
#4152 = EDGE_CURVE('',#4153,#4086,#4155,.T.);
#4153 = VERTEX_POINT('',#4154);
#4154 = CARTESIAN_POINT('',(21.875484323725,-22.31525917482,
    -1.04500449227));
#4155 = LINE('',#4156,#4157);
#4156 = CARTESIAN_POINT('',(16.705120475452,-24.72930532968,
    -20.3151274427));
#4157 = VECTOR('',#4158,1.);
#4158 = DIRECTION('',(-0.257267720289,-0.120118461516,-0.95884559513));
#4159 = ORIENTED_EDGE('',*,*,#4160,.T.);
#4160 = EDGE_CURVE('',#4153,#4161,#4163,.T.);
#4161 = VERTEX_POINT('',#4162);
#4162 = CARTESIAN_POINT('',(21.606470877896,-21.79889163681,
    -1.515027007727));
#4163 = B_SPLINE_CURVE_WITH_KNOTS('',3,(#4164,#4165,#4166,#4167),
  .UNSPECIFIED.,.F.,.F.,(4,4),(0.,7.482858531666E-02),
  .PIECEWISE_BEZIER_KNOTS.);
#4164 = CARTESIAN_POINT('',(21.875484323725,-22.31525917483,
    -1.045004492279));
#4165 = CARTESIAN_POINT('',(21.784358617096,-22.14326079016,
    -1.200923086817));
#4166 = CARTESIAN_POINT('',(21.694695794903,-21.97112240176,
    -1.357591352562));
#4167 = CARTESIAN_POINT('',(21.606520352745,-21.79887676761,
    -1.514940361959));
#4168 = ORIENTED_EDGE('',*,*,#4169,.T.);
#4169 = EDGE_CURVE('',#4161,#4170,#4172,.T.);
#4170 = VERTEX_POINT('',#4171);
#4171 = CARTESIAN_POINT('',(21.596714938594,-21.78781673346,
    -1.538671635963));
#4172 = B_SPLINE_CURVE_WITH_KNOTS('',3,(#4173,#4174,#4175,#4176),
  .UNSPECIFIED.,.F.,.F.,(4,4),(0.114558219275,0.117355951463),
  .PIECEWISE_BEZIER_KNOTS.);
#4173 = CARTESIAN_POINT('',(21.606520352745,-21.79887676764,
    -1.514940361975));
#4174 = CARTESIAN_POINT('',(21.603269739854,-21.79517830208,
    -1.522811322119));
#4175 = CARTESIAN_POINT('',(21.600018003544,-21.7914926845,
    -1.53069805491));
#4176 = CARTESIAN_POINT('',(21.596767832473,-21.78780067916,
    -1.538576644442));
#4177 = ORIENTED_EDGE('',*,*,#4178,.T.);
#4178 = EDGE_CURVE('',#4170,#4179,#4181,.T.);
#4179 = VERTEX_POINT('',#4180);
#4180 = CARTESIAN_POINT('',(19.539823606688,-18.40486061332,
    -6.39007875099));
#4181 = B_SPLINE_CURVE_WITH_KNOTS('',3,(#4182,#4183,#4184,#4185,#4186,
    #4187),.UNSPECIFIED.,.F.,.F.,(4,2,4),(0.123544594014,0.577427721948,
    0.815396371668),.UNSPECIFIED.);
#4182 = CARTESIAN_POINT('',(21.596714938594,-21.78781673346,
    -1.538671635963));
#4183 = CARTESIAN_POINT('',(21.066845161316,-21.18619827983,
    -2.823111253424));
#4184 = CARTESIAN_POINT('',(20.537006520695,-20.42711929326,
    -4.034947668329));
#4185 = CARTESIAN_POINT('',(19.813898143393,-19.04795767032,
    -5.727974915728));
#4186 = CARTESIAN_POINT('',(19.580223576914,-18.53272309524,
    -6.283378234808));
#4187 = CARTESIAN_POINT('',(19.371132907965,-17.97879449507,
    -6.806431815999));
#4188 = ORIENTED_EDGE('',*,*,#4189,.F.);
#4189 = EDGE_CURVE('',#1391,#4179,#4190,.T.);
#4190 = B_SPLINE_CURVE_WITH_KNOTS('',7,(#4191,#4192,#4193,#4194,#4195,
    #4196,#4197,#4198,#4199,#4200,#4201,#4202,#4203,#4204),
  .UNSPECIFIED.,.F.,.F.,(8,6,8),(0.,0.916761091231,1.),.UNSPECIFIED.);
#4191 = CARTESIAN_POINT('',(18.608045275394,-15.85472238913,
    -8.968927296798));
#4192 = CARTESIAN_POINT('',(18.714420041152,-16.19155135422,
    -8.628306456248));
#4193 = CARTESIAN_POINT('',(18.82575222917,-16.52756768367,
    -8.288507399695));
#4194 = CARTESIAN_POINT('',(18.941948131534,-16.86273873414,
    -7.949563137966));
#4195 = CARTESIAN_POINT('',(19.062919045946,-17.19703257124,
    -7.61150596494));
#4196 = CARTESIAN_POINT('',(19.188583387205,-17.53041849109,
    -7.274366930168));
#4197 = CARTESIAN_POINT('',(19.318863776725,-17.86286657373,
    -6.938176290411));
#4198 = CARTESIAN_POINT('',(19.4659264559,-18.22444528192,
    -6.572527085143));
#4199 = CARTESIAN_POINT('',(19.478205228921,-18.254534727,
    -6.542098906069));
#4200 = CARTESIAN_POINT('',(19.490521381816,-18.2846161775,
    -6.511678811585));
#4201 = CARTESIAN_POINT('',(19.502874858826,-18.31468961122,
    -6.481266824127));
#4202 = CARTESIAN_POINT('',(19.515265604649,-18.34475500636,
    -6.450862965739));
#4203 = CARTESIAN_POINT('',(19.527693564434,-18.37481234152,
    -6.420467258077));
#4204 = CARTESIAN_POINT('',(19.540158683785,-18.40486159566,
    -6.390079722403));
#4205 = ORIENTED_EDGE('',*,*,#1398,.T.);
#4206 = ORIENTED_EDGE('',*,*,#4085,.F.);
#4207 = B_SPLINE_SURFACE_WITH_KNOTS('',3,3,(
    (#4208,#4209,#4210,#4211,#4212)
    ,(#4213,#4214,#4215,#4216,#4217)
    ,(#4218,#4219,#4220,#4221,#4222)
    ,(#4223,#4224,#4225,#4226,#4227
    )),.UNSPECIFIED.,.F.,.F.,.F.,(4,4),(4,1,4),(0.,1.),(1.705600663269,
    2.388830142018,3.29980278035),.UNSPECIFIED.);
#4208 = CARTESIAN_POINT('',(21.875484323725,-22.31525917482,
    -1.04500449227));
#4209 = CARTESIAN_POINT('',(21.288758255662,-22.58920194754,
    -3.231752620948));
#4210 = CARTESIAN_POINT('',(19.915052245367,-23.23058615364,
    -8.351601918419));
#4211 = CARTESIAN_POINT('',(18.567058534197,-23.859965271,
    -13.37562059736));
#4212 = CARTESIAN_POINT('',(17.791933931109,-24.22187143902,
    -16.26453651154));
#4213 = CARTESIAN_POINT('',(21.422569246505,-20.28191386168,
    -0.810853342072));
#4214 = CARTESIAN_POINT('',(20.773098051816,-20.43843375057,
    -2.995036967062));
#4215 = CARTESIAN_POINT('',(19.253978113052,-20.83437520348,
    -8.105587940396));
#4216 = CARTESIAN_POINT('',(17.765548576922,-21.26546185944,
    -13.11574920719));
#4217 = CARTESIAN_POINT('',(16.909933867738,-21.5224075176,
    -15.99562407728));
#4218 = CARTESIAN_POINT('',(21.206565343701,-18.18772087029,
    -0.647911327644));
#4219 = CARTESIAN_POINT('',(20.522424487341,-18.21570347976,
    -2.838461555446));
#4220 = CARTESIAN_POINT('',(18.922862581585,-18.33785861291,
    -7.960711381364));
#4221 = CARTESIAN_POINT('',(17.356303085942,-18.53832368484,
    -12.97779948343));
#4222 = CARTESIAN_POINT('',(16.455851391676,-18.67036733298,
    -15.8607120831));
#4223 = CARTESIAN_POINT('',(21.233736411452,-16.09340872385,
    -0.560903528259));
#4224 = CARTESIAN_POINT('',(20.544764681821,-15.99281258468,
    -2.767138141213));
#4225 = CARTESIAN_POINT('',(18.93469468602,-15.84107583656,
    -7.922926118783));
#4226 = CARTESIAN_POINT('',(17.359041817637,-15.81076907903,
    -12.96850311754));
#4227 = CARTESIAN_POINT('',(16.453890271125,-15.81777198966,
    -15.86699168659));
#4228 = ADVANCED_FACE('',(#4229),#4255,.F.);
#4229 = FACE_BOUND('',#4230,.F.);
#4230 = EDGE_LOOP('',(#4231,#4241,#4247,#4248,#4249));
#4231 = ORIENTED_EDGE('',*,*,#4232,.F.);
#4232 = EDGE_CURVE('',#4233,#4235,#4237,.T.);
#4233 = VERTEX_POINT('',#4234);
#4234 = CARTESIAN_POINT('',(14.750001186613,-8.433026113194,
    -16.47417381856));
#4235 = VERTEX_POINT('',#4236);
#4236 = CARTESIAN_POINT('',(14.750001279507,-18.40486159372,
    -6.390079676365));
#4237 = LINE('',#4238,#4239);
#4238 = CARTESIAN_POINT('',(14.750001186613,-8.433026113194,
    -16.47417381856));
#4239 = VECTOR('',#4240,1.);
#4240 = DIRECTION('',(6.550230241621E-09,-0.703137891854,0.711053517704)
  );
#4241 = ORIENTED_EDGE('',*,*,#4242,.T.);
#4242 = EDGE_CURVE('',#4233,#1382,#4243,.T.);
#4243 = LINE('',#4244,#4245);
#4244 = CARTESIAN_POINT('',(14.750001186613,-8.433026113194,
    -16.47417381856));
#4245 = VECTOR('',#4246,1.);
#4246 = DIRECTION('',(1.,-4.034128031627E-10,-9.610929330162E-09));
#4247 = ORIENTED_EDGE('',*,*,#1390,.F.);
#4248 = ORIENTED_EDGE('',*,*,#4189,.T.);
#4249 = ORIENTED_EDGE('',*,*,#4250,.F.);
#4250 = EDGE_CURVE('',#4235,#4179,#4251,.T.);
#4251 = LINE('',#4252,#4253);
#4252 = CARTESIAN_POINT('',(14.750001279507,-18.40486159372,
    -6.390079676365));
#4253 = VECTOR('',#4254,1.);
#4254 = DIRECTION('',(1.,-4.034128031627E-10,-9.610929330162E-09));
#4255 = PLANE('',#4256);
#4256 = AXIS2_PLACEMENT_3D('',#4257,#4258,#4259);
#4257 = CARTESIAN_POINT('',(14.750001186613,-8.433026113194,
    -16.47417381856));
#4258 = DIRECTION('',(-7.044656680743E-09,-0.711053517704,
    -0.703137891854));
#4259 = DIRECTION('',(6.550230241621E-09,-0.703137891854,0.711053517704)
  );
#4260 = ADVANCED_FACE('',(#4261),#4280,.F.);
#4261 = FACE_BOUND('',#4262,.F.);
#4262 = EDGE_LOOP('',(#4263,#4272,#4278,#4279));
#4263 = ORIENTED_EDGE('',*,*,#4264,.F.);
#4264 = EDGE_CURVE('',#4265,#4233,#4267,.T.);
#4265 = VERTEX_POINT('',#4266);
#4266 = CARTESIAN_POINT('',(14.750001173994,-4.93662900595,
    -17.93390615983));
#4267 = CIRCLE('',#4268,4.917206680214);
#4268 = AXIS2_PLACEMENT_3D('',#4269,#4270,#4271);
#4269 = CARTESIAN_POINT('',(14.750001221253,-4.93662900595,
    -13.01669947962));
#4270 = DIRECTION('',(-1.,4.034128586738E-10,9.610929330162E-09));
#4271 = DIRECTION('',(-4.034128586738E-10,-1.,0.));
#4272 = ORIENTED_EDGE('',*,*,#4273,.T.);
#4273 = EDGE_CURVE('',#4265,#1374,#4274,.T.);
#4274 = LINE('',#4275,#4276);
#4275 = CARTESIAN_POINT('',(14.750001173994,-4.93662900595,
    -17.93390615983));
#4276 = VECTOR('',#4277,1.);
#4277 = DIRECTION('',(1.,-4.034128031627E-10,-9.610929330162E-09));
#4278 = ORIENTED_EDGE('',*,*,#1381,.F.);
#4279 = ORIENTED_EDGE('',*,*,#4242,.F.);
#4280 = CYLINDRICAL_SURFACE('',#4281,4.917206680214);
#4281 = AXIS2_PLACEMENT_3D('',#4282,#4283,#4284);
#4282 = CARTESIAN_POINT('',(14.750001221253,-4.93662900595,
    -13.01669947962));
#4283 = DIRECTION('',(-1.,4.034128586738E-10,9.610929330162E-09));
#4284 = DIRECTION('',(-4.034128586738E-10,-1.,0.));
#4285 = ADVANCED_FACE('',(#4286),#4311,.T.);
#4286 = FACE_BOUND('',#4287,.T.);
#4287 = EDGE_LOOP('',(#4288,#4294,#4295,#4296,#4304,#4310));
#4288 = ORIENTED_EDGE('',*,*,#4289,.T.);
#4289 = EDGE_CURVE('',#1679,#4265,#4290,.T.);
#4290 = LINE('',#4291,#4292);
#4291 = CARTESIAN_POINT('',(14.750001174257,-4.283635396351,
    -17.93390615983));
#4292 = VECTOR('',#4293,1.);
#4293 = DIRECTION('',(-4.034128586738E-10,-1.,0.));
#4294 = ORIENTED_EDGE('',*,*,#4273,.T.);
#4295 = ORIENTED_EDGE('',*,*,#1373,.F.);
#4296 = ORIENTED_EDGE('',*,*,#4297,.F.);
#4297 = EDGE_CURVE('',#4298,#1365,#4300,.T.);
#4298 = VERTEX_POINT('',#4299);
#4299 = CARTESIAN_POINT('',(11.350001174252,-3.283634882527,
    -17.93390615983));
#4300 = LINE('',#4301,#4302);
#4301 = CARTESIAN_POINT('',(11.350001174252,-3.283634882527,
    -17.93390615983));
#4302 = VECTOR('',#4303,1.);
#4303 = DIRECTION('',(1.,0.,0.));
#4304 = ORIENTED_EDGE('',*,*,#4305,.F.);
#4305 = EDGE_CURVE('',#1671,#4298,#4306,.T.);
#4306 = LINE('',#4307,#4308);
#4307 = CARTESIAN_POINT('',(11.350001174252,-4.283635396351,
    -17.93390615983));
#4308 = VECTOR('',#4309,1.);
#4309 = DIRECTION('',(0.,1.,0.));
#4310 = ORIENTED_EDGE('',*,*,#1678,.T.);
#4311 = PLANE('',#4312);
#4312 = AXIS2_PLACEMENT_3D('',#4313,#4314,#4315);
#4313 = CARTESIAN_POINT('',(13.760855278609,-3.928490141384,
    -17.93390616082));
#4314 = DIRECTION('',(3.896835881433E-10,-1.917008466514E-09,1.));
#4315 = DIRECTION('',(0.,1.,1.917008466514E-09));
#4316 = ADVANCED_FACE('',(#4317),#4345,.F.);
#4317 = FACE_BOUND('',#4318,.F.);
#4318 = EDGE_LOOP('',(#4319,#4330,#4336,#4337,#4338));
#4319 = ORIENTED_EDGE('',*,*,#4320,.T.);
#4320 = EDGE_CURVE('',#4321,#4323,#4325,.T.);
#4321 = VERTEX_POINT('',#4322);
#4322 = CARTESIAN_POINT('',(11.350001174252,-1.783635148552,
    -18.33582979489));
#4323 = VERTEX_POINT('',#4324);
#4324 = CARTESIAN_POINT('',(11.350001174252,0.337685195008,
    -13.21450945133));
#4325 = CIRCLE('',#4326,3.);
#4326 = AXIS2_PLACEMENT_3D('',#4327,#4328,#4329);
#4327 = CARTESIAN_POINT('',(11.350001174252,-1.783635148552,
    -15.33582979489));
#4328 = DIRECTION('',(1.,-0.,0.));
#4329 = DIRECTION('',(0.,0.,-1.));
#4330 = ORIENTED_EDGE('',*,*,#4331,.T.);
#4331 = EDGE_CURVE('',#4323,#1357,#4332,.T.);
#4332 = LINE('',#4333,#4334);
#4333 = CARTESIAN_POINT('',(11.350001174252,0.337685195008,
    -13.21450945133));
#4334 = VECTOR('',#4335,1.);
#4335 = DIRECTION('',(1.,0.,0.));
#4336 = ORIENTED_EDGE('',*,*,#1364,.F.);
#4337 = ORIENTED_EDGE('',*,*,#4297,.F.);
#4338 = ORIENTED_EDGE('',*,*,#4339,.T.);
#4339 = EDGE_CURVE('',#4298,#4321,#4340,.T.);
#4340 = CIRCLE('',#4341,3.);
#4341 = AXIS2_PLACEMENT_3D('',#4342,#4343,#4344);
#4342 = CARTESIAN_POINT('',(11.350001174252,-1.783635148552,
    -15.33582979489));
#4343 = DIRECTION('',(1.,-0.,0.));
#4344 = DIRECTION('',(0.,0.,-1.));
#4345 = CYLINDRICAL_SURFACE('',#4346,3.);
#4346 = AXIS2_PLACEMENT_3D('',#4347,#4348,#4349);
#4347 = CARTESIAN_POINT('',(11.350001174252,-1.783635148552,
    -15.33582979489));
#4348 = DIRECTION('',(-1.,0.,0.));
#4349 = DIRECTION('',(0.,-1.,0.));
#4350 = ADVANCED_FACE('',(#4351),#4369,.T.);
#4351 = FACE_BOUND('',#4352,.T.);
#4352 = EDGE_LOOP('',(#4353,#4361,#4362,#4363));
#4353 = ORIENTED_EDGE('',*,*,#4354,.F.);
#4354 = EDGE_CURVE('',#4323,#4355,#4357,.T.);
#4355 = VERTEX_POINT('',#4356);
#4356 = CARTESIAN_POINT('',(11.350001174252,-0.740994461433,
    -12.13582979489));
#4357 = LINE('',#4358,#4359);
#4358 = CARTESIAN_POINT('',(11.350001174252,0.337685195008,
    -13.21450945133));
#4359 = VECTOR('',#4360,1.);
#4360 = DIRECTION('',(0.,-0.707106781187,0.707106781187));
#4361 = ORIENTED_EDGE('',*,*,#4331,.T.);
#4362 = ORIENTED_EDGE('',*,*,#1356,.F.);
#4363 = ORIENTED_EDGE('',*,*,#4364,.F.);
#4364 = EDGE_CURVE('',#4355,#1349,#4365,.T.);
#4365 = LINE('',#4366,#4367);
#4366 = CARTESIAN_POINT('',(11.350001174252,-0.740994461433,
    -12.13582979489));
#4367 = VECTOR('',#4368,1.);
#4368 = DIRECTION('',(1.,0.,0.));
#4369 = PLANE('',#4370);
#4370 = AXIS2_PLACEMENT_3D('',#4371,#4372,#4373);
#4371 = CARTESIAN_POINT('',(11.350001174252,0.337685195008,
    -13.21450945133));
#4372 = DIRECTION('',(0.,-0.707106781187,-0.707106781187));
#4373 = DIRECTION('',(0.,-0.707106781187,0.707106781187));
#4374 = ADVANCED_FACE('',(#4375),#4393,.T.);
#4375 = FACE_BOUND('',#4376,.T.);
#4376 = EDGE_LOOP('',(#4377,#4385,#4386,#4387));
#4377 = ORIENTED_EDGE('',*,*,#4378,.F.);
#4378 = EDGE_CURVE('',#4355,#4379,#4381,.T.);
#4379 = VERTEX_POINT('',#4380);
#4380 = CARTESIAN_POINT('',(11.350001174252,-2.826275835671,
    -12.13582979489));
#4381 = LINE('',#4382,#4383);
#4382 = CARTESIAN_POINT('',(11.350001174252,-0.740994461433,
    -12.13582979489));
#4383 = VECTOR('',#4384,1.);
#4384 = DIRECTION('',(0.,-1.,0.));
#4385 = ORIENTED_EDGE('',*,*,#4364,.T.);
#4386 = ORIENTED_EDGE('',*,*,#1348,.F.);
#4387 = ORIENTED_EDGE('',*,*,#4388,.F.);
#4388 = EDGE_CURVE('',#4379,#1341,#4389,.T.);
#4389 = LINE('',#4390,#4391);
#4390 = CARTESIAN_POINT('',(11.350001174252,-2.826275835671,
    -12.13582979489));
#4391 = VECTOR('',#4392,1.);
#4392 = DIRECTION('',(1.,0.,0.));
#4393 = PLANE('',#4394);
#4394 = AXIS2_PLACEMENT_3D('',#4395,#4396,#4397);
#4395 = CARTESIAN_POINT('',(11.350001174252,-0.740994461433,
    -12.13582979489));
#4396 = DIRECTION('',(0.,0.,-1.));
#4397 = DIRECTION('',(0.,-1.,0.));
#4398 = ADVANCED_FACE('',(#4399),#4417,.F.);
#4399 = FACE_BOUND('',#4400,.F.);
#4400 = EDGE_LOOP('',(#4401,#4409,#4415,#4416));
#4401 = ORIENTED_EDGE('',*,*,#4402,.F.);
#4402 = EDGE_CURVE('',#4403,#4379,#4405,.T.);
#4403 = VERTEX_POINT('',#4404);
#4404 = CARTESIAN_POINT('',(11.350001174252,-3.428199470728,
    -12.73775342995));
#4405 = LINE('',#4406,#4407);
#4406 = CARTESIAN_POINT('',(11.350001174252,-3.904955492112,
    -13.21450945133));
#4407 = VECTOR('',#4408,1.);
#4408 = DIRECTION('',(0.,0.707106781187,0.707106781187));
#4409 = ORIENTED_EDGE('',*,*,#4410,.F.);
#4410 = EDGE_CURVE('',#1333,#4403,#4411,.T.);
#4411 = LINE('',#4412,#4413);
#4412 = CARTESIAN_POINT('',(11.350001174252,-3.428199470728,
    -12.73775342995));
#4413 = VECTOR('',#4414,1.);
#4414 = DIRECTION('',(-1.,-0.,-0.));
#4415 = ORIENTED_EDGE('',*,*,#1340,.F.);
#4416 = ORIENTED_EDGE('',*,*,#4388,.F.);
#4417 = PLANE('',#4418);
#4418 = AXIS2_PLACEMENT_3D('',#4419,#4420,#4421);
#4419 = CARTESIAN_POINT('',(11.350001174252,-3.904955492112,
    -13.21450945133));
#4420 = DIRECTION('',(0.,-0.707106781187,0.707106781187));
#4421 = DIRECTION('',(0.,0.707106781187,0.707106781187));
#4422 = ADVANCED_FACE('',(#4423),#4440,.T.);
#4423 = FACE_BOUND('',#4424,.T.);
#4424 = EDGE_LOOP('',(#4425,#4431,#4432,#4433,#4439));
#4425 = ORIENTED_EDGE('',*,*,#4426,.F.);
#4426 = EDGE_CURVE('',#4403,#1663,#4427,.T.);
#4427 = LINE('',#4428,#4429);
#4428 = CARTESIAN_POINT('',(11.350001174252,-3.283634882527,
    -12.73775342995));
#4429 = VECTOR('',#4430,1.);
#4430 = DIRECTION('',(0.,-1.,0.));
#4431 = ORIENTED_EDGE('',*,*,#4410,.F.);
#4432 = ORIENTED_EDGE('',*,*,#1332,.F.);
#4433 = ORIENTED_EDGE('',*,*,#4434,.F.);
#4434 = EDGE_CURVE('',#1655,#1325,#4435,.T.);
#4435 = LINE('',#4436,#4437);
#4436 = CARTESIAN_POINT('',(11.350001174252,-4.283635396351,
    -12.73775342995));
#4437 = VECTOR('',#4438,1.);
#4438 = DIRECTION('',(1.,0.,0.));
#4439 = ORIENTED_EDGE('',*,*,#1662,.F.);
#4440 = PLANE('',#4441);
#4441 = AXIS2_PLACEMENT_3D('',#4442,#4443,#4444);
#4442 = CARTESIAN_POINT('',(11.350001174252,-3.283634882527,
    -12.73775342995));
#4443 = DIRECTION('',(0.,0.,-1.));
#4444 = DIRECTION('',(0.,-1.,0.));
#4445 = ADVANCED_FACE('',(#4446),#4458,.T.);
#4446 = FACE_BOUND('',#4447,.T.);
#4447 = EDGE_LOOP('',(#4448,#4454,#4455,#4456,#4457));
#4448 = ORIENTED_EDGE('',*,*,#4449,.F.);
#4449 = EDGE_CURVE('',#1638,#1317,#4450,.T.);
#4450 = LINE('',#4451,#4452);
#4451 = CARTESIAN_POINT('',(11.350001174252,-4.283634493654,
    -10.63390615983));
#4452 = VECTOR('',#4453,1.);
#4453 = DIRECTION('',(1.,0.,0.));
#4454 = ORIENTED_EDGE('',*,*,#1645,.T.);
#4455 = ORIENTED_EDGE('',*,*,#1654,.T.);
#4456 = ORIENTED_EDGE('',*,*,#4434,.T.);
#4457 = ORIENTED_EDGE('',*,*,#1324,.T.);
#4458 = PLANE('',#4459);
#4459 = AXIS2_PLACEMENT_3D('',#4460,#4461,#4462);
#4460 = CARTESIAN_POINT('',(16.090980621209,-4.283634794233,
    -11.54305884277));
#4461 = DIRECTION('',(7.667619470962E-08,-1.,3.196159601712E-07));
#4462 = DIRECTION('',(3.155443620884E-30,-3.196159601712E-07,-1.));
#4463 = ADVANCED_FACE('',(#4464),#4476,.T.);
#4464 = FACE_BOUND('',#4465,.T.);
#4465 = EDGE_LOOP('',(#4466,#4467,#4468,#4469,#4470));
#4466 = ORIENTED_EDGE('',*,*,#1536,.F.);
#4467 = ORIENTED_EDGE('',*,*,#1637,.T.);
#4468 = ORIENTED_EDGE('',*,*,#4449,.T.);
#4469 = ORIENTED_EDGE('',*,*,#1316,.F.);
#4470 = ORIENTED_EDGE('',*,*,#4471,.F.);
#4471 = EDGE_CURVE('',#1537,#1308,#4472,.T.);
#4472 = LINE('',#4473,#4474);
#4473 = CARTESIAN_POINT('',(11.350001174252,-3.283634882527,
    -10.63390615983));
#4474 = VECTOR('',#4475,1.);
#4475 = DIRECTION('',(1.,0.,0.));
#4476 = PLANE('',#4477);
#4477 = AXIS2_PLACEMENT_3D('',#4478,#4479,#4480);
#4478 = CARTESIAN_POINT('',(11.350001174252,-4.283634493654,
    -10.63390615983));
#4479 = DIRECTION('',(0.,0.,1.));
#4480 = DIRECTION('',(0.,1.,0.));
#4481 = ADVANCED_FACE('',(#4482),#4495,.F.);
#4482 = FACE_BOUND('',#4483,.F.);
#4483 = EDGE_LOOP('',(#4484,#4485,#4486,#4487,#4488,#4489));
#4484 = ORIENTED_EDGE('',*,*,#1298,.F.);
#4485 = ORIENTED_EDGE('',*,*,#1307,.F.);
#4486 = ORIENTED_EDGE('',*,*,#4471,.F.);
#4487 = ORIENTED_EDGE('',*,*,#1544,.T.);
#4488 = ORIENTED_EDGE('',*,*,#1553,.T.);
#4489 = ORIENTED_EDGE('',*,*,#4490,.T.);
#4490 = EDGE_CURVE('',#1554,#1291,#4491,.T.);
#4491 = LINE('',#4492,#4493);
#4492 = CARTESIAN_POINT('',(18.150001174252,0.337685195006,
    -5.914509451335));
#4493 = VECTOR('',#4494,1.);
#4494 = DIRECTION('',(1.,0.,0.));
#4495 = CYLINDRICAL_SURFACE('',#4496,3.);
#4496 = AXIS2_PLACEMENT_3D('',#4497,#4498,#4499);
#4497 = CARTESIAN_POINT('',(11.350001174252,-1.783635148552,
    -8.035829794896));
#4498 = DIRECTION('',(-1.,0.,0.));
#4499 = DIRECTION('',(0.,-1.,0.));
#4500 = ADVANCED_FACE('',(#4501),#4512,.T.);
#4501 = FACE_BOUND('',#4502,.T.);
#4502 = EDGE_LOOP('',(#4503,#4509,#4510,#4511));
#4503 = ORIENTED_EDGE('',*,*,#4504,.F.);
#4504 = EDGE_CURVE('',#1563,#1283,#4505,.T.);
#4505 = LINE('',#4506,#4507);
#4506 = CARTESIAN_POINT('',(11.350001174252,-0.740994461429,
    -4.835829794896));
#4507 = VECTOR('',#4508,1.);
#4508 = DIRECTION('',(1.,0.,0.));
#4509 = ORIENTED_EDGE('',*,*,#1562,.F.);
#4510 = ORIENTED_EDGE('',*,*,#4490,.T.);
#4511 = ORIENTED_EDGE('',*,*,#1290,.F.);
#4512 = PLANE('',#4513);
#4513 = AXIS2_PLACEMENT_3D('',#4514,#4515,#4516);
#4514 = CARTESIAN_POINT('',(15.549346641547,-0.21080798844,
    -5.366016267887));
#4515 = DIRECTION('',(-0.,-0.707106781188,-0.707106781185));
#4516 = DIRECTION('',(0.,0.707106781185,-0.707106781188));
#4517 = ADVANCED_FACE('',(#4518),#4529,.T.);
#4518 = FACE_BOUND('',#4519,.T.);
#4519 = EDGE_LOOP('',(#4520,#4526,#4527,#4528));
#4520 = ORIENTED_EDGE('',*,*,#4521,.F.);
#4521 = EDGE_CURVE('',#1571,#1275,#4522,.T.);
#4522 = LINE('',#4523,#4524);
#4523 = CARTESIAN_POINT('',(18.150001174252,-2.826275835675,
    -4.835829794896));
#4524 = VECTOR('',#4525,1.);
#4525 = DIRECTION('',(1.,0.,0.));
#4526 = ORIENTED_EDGE('',*,*,#1570,.F.);
#4527 = ORIENTED_EDGE('',*,*,#4504,.T.);
#4528 = ORIENTED_EDGE('',*,*,#1282,.F.);
#4529 = PLANE('',#4530);
#4530 = AXIS2_PLACEMENT_3D('',#4531,#4532,#4533);
#4531 = CARTESIAN_POINT('',(15.624372972703,-1.783635152012,
    -4.835829794896));
#4532 = DIRECTION('',(-0.,-2.001858657612E-14,-1.));
#4533 = DIRECTION('',(0.,-1.,2.001858657612E-14));
#4534 = ADVANCED_FACE('',(#4535),#4541,.T.);
#4535 = FACE_BOUND('',#4536,.T.);
#4536 = EDGE_LOOP('',(#4537,#4538,#4539,#4540));
#4537 = ORIENTED_EDGE('',*,*,#4521,.T.);
#4538 = ORIENTED_EDGE('',*,*,#1274,.T.);
#4539 = ORIENTED_EDGE('',*,*,#1510,.T.);
#4540 = ORIENTED_EDGE('',*,*,#1578,.T.);
#4541 = PLANE('',#4542);
#4542 = AXIS2_PLACEMENT_3D('',#4543,#4544,#4545);
#4543 = CARTESIAN_POINT('',(15.582506897424,-3.124201450074,
    -5.133755409296));
#4544 = DIRECTION('',(0.,0.707106781187,-0.707106781186));
#4545 = DIRECTION('',(0.,0.707106781186,0.707106781187));
#4546 = ADVANCED_FACE('',(#4547),#4565,.F.);
#4547 = FACE_BOUND('',#4548,.T.);
#4548 = EDGE_LOOP('',(#4549,#4550,#4556,#4557,#4558,#4564));
#4549 = ORIENTED_EDGE('',*,*,#1940,.T.);
#4550 = ORIENTED_EDGE('',*,*,#4551,.F.);
#4551 = EDGE_CURVE('',#1599,#1941,#4552,.T.);
#4552 = LINE('',#4553,#4554);
#4553 = CARTESIAN_POINT('',(14.750001174252,-2.985716676569,
    -6.833748266879));
#4554 = VECTOR('',#4555,1.);
#4555 = DIRECTION('',(-1.,-0.,-0.));
#4556 = ORIENTED_EDGE('',*,*,#1598,.T.);
#4557 = ORIENTED_EDGE('',*,*,#1587,.T.);
#4558 = ORIENTED_EDGE('',*,*,#4559,.T.);
#4559 = EDGE_CURVE('',#1590,#1930,#4560,.T.);
#4560 = LINE('',#4561,#4562);
#4561 = CARTESIAN_POINT('',(14.750001174252,-0.581553620535,
    -6.833748266879));
#4562 = VECTOR('',#4563,1.);
#4563 = DIRECTION('',(-1.,-0.,-0.));
#4564 = ORIENTED_EDGE('',*,*,#1929,.T.);
#4565 = CYLINDRICAL_SURFACE('',#4566,1.7);
#4566 = AXIS2_PLACEMENT_3D('',#4567,#4568,#4569);
#4567 = CARTESIAN_POINT('',(11.350001174252,-1.783635148552,
    -8.035829794896));
#4568 = DIRECTION('',(-1.,-0.,-0.));
#4569 = DIRECTION('',(0.,0.,-1.));
#4570 = ADVANCED_FACE('',(#4571),#4582,.T.);
#4571 = FACE_BOUND('',#4572,.T.);
#4572 = EDGE_LOOP('',(#4573,#4574,#4575,#4576));
#4573 = ORIENTED_EDGE('',*,*,#1607,.F.);
#4574 = ORIENTED_EDGE('',*,*,#4551,.T.);
#4575 = ORIENTED_EDGE('',*,*,#1949,.T.);
#4576 = ORIENTED_EDGE('',*,*,#4577,.F.);
#4577 = EDGE_CURVE('',#1608,#1950,#4578,.T.);
#4578 = LINE('',#4579,#4580);
#4579 = CARTESIAN_POINT('',(14.750001174252,-2.287798204586,
    -6.135829794896));
#4580 = VECTOR('',#4581,1.);
#4581 = DIRECTION('',(-1.,-0.,-0.));
#4582 = PLANE('',#4583);
#4583 = AXIS2_PLACEMENT_3D('',#4584,#4585,#4586);
#4584 = CARTESIAN_POINT('',(14.750001174252,-2.985716676569,
    -6.833748266879));
#4585 = DIRECTION('',(0.,0.707106781187,-0.707106781187));
#4586 = DIRECTION('',(0.,0.707106781187,0.707106781187));
#4587 = ADVANCED_FACE('',(#4588),#4599,.F.);
#4588 = FACE_BOUND('',#4589,.F.);
#4589 = EDGE_LOOP('',(#4590,#4591,#4597,#4598));
#4590 = ORIENTED_EDGE('',*,*,#1615,.F.);
#4591 = ORIENTED_EDGE('',*,*,#4592,.T.);
#4592 = EDGE_CURVE('',#1616,#1958,#4593,.T.);
#4593 = LINE('',#4594,#4595);
#4594 = CARTESIAN_POINT('',(14.750001174252,-1.279472092518,
    -6.135829794896));
#4595 = VECTOR('',#4596,1.);
#4596 = DIRECTION('',(-1.,-0.,-0.));
#4597 = ORIENTED_EDGE('',*,*,#1957,.T.);
#4598 = ORIENTED_EDGE('',*,*,#4577,.F.);
#4599 = PLANE('',#4600);
#4600 = AXIS2_PLACEMENT_3D('',#4601,#4602,#4603);
#4601 = CARTESIAN_POINT('',(14.750001174252,-1.279472092518,
    -6.135829794896));
#4602 = DIRECTION('',(0.,-8.80844410424E-16,1.));
#4603 = DIRECTION('',(0.,-1.,-8.80844410424E-16));
#4604 = ADVANCED_FACE('',(#4605),#4611,.F.);
#4605 = FACE_BOUND('',#4606,.F.);
#4606 = EDGE_LOOP('',(#4607,#4608,#4609,#4610));
#4607 = ORIENTED_EDGE('',*,*,#1623,.F.);
#4608 = ORIENTED_EDGE('',*,*,#4559,.T.);
#4609 = ORIENTED_EDGE('',*,*,#1965,.T.);
#4610 = ORIENTED_EDGE('',*,*,#4592,.F.);
#4611 = PLANE('',#4612);
#4612 = AXIS2_PLACEMENT_3D('',#4613,#4614,#4615);
#4613 = CARTESIAN_POINT('',(14.750001174252,-0.581553620535,
    -6.833748266879));
#4614 = DIRECTION('',(0.,0.707106781187,0.707106781187));
#4615 = DIRECTION('',(0.,-0.707106781187,0.707106781187));
#4616 = ADVANCED_FACE('',(#4617),#4636,.F.);
#4617 = FACE_BOUND('',#4618,.F.);
#4618 = EDGE_LOOP('',(#4619,#4620,#4621,#4627,#4628,#4629,#4635));
#4619 = ORIENTED_EDGE('',*,*,#2338,.F.);
#4620 = ORIENTED_EDGE('',*,*,#1694,.F.);
#4621 = ORIENTED_EDGE('',*,*,#4622,.F.);
#4622 = EDGE_CURVE('',#4039,#1687,#4623,.T.);
#4623 = LINE('',#4624,#4625);
#4624 = CARTESIAN_POINT('',(14.750001174252,-18.23614689191,
    -19.68582979489));
#4625 = VECTOR('',#4626,1.);
#4626 = DIRECTION('',(0.,1.,0.));
#4627 = ORIENTED_EDGE('',*,*,#4070,.F.);
#4628 = ORIENTED_EDGE('',*,*,#4014,.T.);
#4629 = ORIENTED_EDGE('',*,*,#4630,.T.);
#4630 = EDGE_CURVE('',#4006,#2669,#4631,.T.);
#4631 = LINE('',#4632,#4633);
#4632 = CARTESIAN_POINT('',(7.53923008146,1.716365251086,-19.68582979489
    ));
#4633 = VECTOR('',#4634,1.);
#4634 = DIRECTION('',(-3.539990152E-08,1.,-1.752E-14));
#4635 = ORIENTED_EDGE('',*,*,#2699,.F.);
#4636 = PLANE('',#4637);
#4637 = AXIS2_PLACEMENT_3D('',#4638,#4639,#4640);
#4638 = CARTESIAN_POINT('',(1.750000846803,-19.03363495385,
    -19.68582979489));
#4639 = DIRECTION('',(-0.,-0.,-1.));
#4640 = DIRECTION('',(-1.,0.,0.));
#4641 = ADVANCED_FACE('',(#4642),#4681,.T.);
#4642 = FACE_BOUND('',#4643,.T.);
#4643 = EDGE_LOOP('',(#4644,#4654,#4661,#4662,#4663,#4664,#4665,#4666,
    #4667,#4675));
#4644 = ORIENTED_EDGE('',*,*,#4645,.F.);
#4645 = EDGE_CURVE('',#4646,#4648,#4650,.T.);
#4646 = VERTEX_POINT('',#4647);
#4647 = CARTESIAN_POINT('',(14.750001174252,-21.025017768,
    -2.985829794896));
#4648 = VERTEX_POINT('',#4649);
#4649 = CARTESIAN_POINT('',(14.750001174252,-27.57717667516,
    -2.985829794896));
#4650 = LINE('',#4651,#4652);
#4651 = CARTESIAN_POINT('',(14.750001174252,-23.78363451135,
    -2.985829794896));
#4652 = VECTOR('',#4653,1.);
#4653 = DIRECTION('',(0.,-1.,0.));
#4654 = ORIENTED_EDGE('',*,*,#4655,.T.);
#4655 = EDGE_CURVE('',#4646,#4235,#4656,.T.);
#4656 = CIRCLE('',#4657,17.390340002837);
#4657 = AXIS2_PLACEMENT_3D('',#4658,#4659,#4660);
#4658 = CARTESIAN_POINT('',(14.750001174252,-6.039399160643,
    5.837727331852));
#4659 = DIRECTION('',(1.,3.539985516E-08,2.943000000392E-14));
#4660 = DIRECTION('',(2.658510208895E-08,-0.750994108193,-0.660308904573
    ));
#4661 = ORIENTED_EDGE('',*,*,#4232,.F.);
#4662 = ORIENTED_EDGE('',*,*,#4264,.F.);
#4663 = ORIENTED_EDGE('',*,*,#4289,.F.);
#4664 = ORIENTED_EDGE('',*,*,#1686,.T.);
#4665 = ORIENTED_EDGE('',*,*,#4622,.F.);
#4666 = ORIENTED_EDGE('',*,*,#4038,.T.);
#4667 = ORIENTED_EDGE('',*,*,#4668,.T.);
#4668 = EDGE_CURVE('',#4041,#4669,#4671,.T.);
#4669 = VERTEX_POINT('',#4670);
#4670 = CARTESIAN_POINT('',(14.750001174252,-27.98218658731,
    -3.289926959027));
#4671 = LINE('',#4672,#4673);
#4672 = CARTESIAN_POINT('',(14.750001174252,-24.96883161039,
    -10.59825320464));
#4673 = VECTOR('',#4674,1.);
#4674 = DIRECTION('',(0.,-0.381187182546,0.92449788094));
#4675 = ORIENTED_EDGE('',*,*,#4676,.F.);
#4676 = EDGE_CURVE('',#4648,#4669,#4677,.T.);
#4677 = LINE('',#4678,#4679);
#4678 = CARTESIAN_POINT('',(14.750001174252,-24.35780165989,
    -0.568598060507));
#4679 = VECTOR('',#4680,1.);
#4680 = DIRECTION('',(0.,-0.799677908,-0.600429216025));
#4681 = PLANE('',#4682);
#4682 = AXIS2_PLACEMENT_3D('',#4683,#4684,#4685);
#4683 = CARTESIAN_POINT('',(14.750001217404,-14.28021108142,
    -13.02490540556));
#4684 = DIRECTION('',(-1.,4.034126897232E-10,9.610929427855E-09));
#4685 = DIRECTION('',(-9.610929427855E-09,0.,-1.));
#4686 = ADVANCED_FACE('',(#4687,#4697),#4741,.T.);
#4687 = FACE_BOUND('',#4688,.T.);
#4688 = EDGE_LOOP('',(#4689,#4690,#4691,#4692,#4693,#4694,#4695,#4696));
#4689 = ORIENTED_EDGE('',*,*,#1670,.T.);
#4690 = ORIENTED_EDGE('',*,*,#4305,.T.);
#4691 = ORIENTED_EDGE('',*,*,#4339,.T.);
#4692 = ORIENTED_EDGE('',*,*,#4320,.T.);
#4693 = ORIENTED_EDGE('',*,*,#4354,.T.);
#4694 = ORIENTED_EDGE('',*,*,#4378,.T.);
#4695 = ORIENTED_EDGE('',*,*,#4402,.F.);
#4696 = ORIENTED_EDGE('',*,*,#4426,.T.);
#4697 = FACE_BOUND('',#4698,.T.);
#4698 = EDGE_LOOP('',(#4699,#4710,#4719,#4727,#4735));
#4699 = ORIENTED_EDGE('',*,*,#4700,.F.);
#4700 = EDGE_CURVE('',#4701,#4703,#4705,.T.);
#4701 = VERTEX_POINT('',#4702);
#4702 = CARTESIAN_POINT('',(11.350001174252,-1.783635148552,
    -17.03582979489));
#4703 = VERTEX_POINT('',#4704);
#4704 = CARTESIAN_POINT('',(11.350001174252,-0.581553620535,
    -14.13374826687));
#4705 = CIRCLE('',#4706,1.7);
#4706 = AXIS2_PLACEMENT_3D('',#4707,#4708,#4709);
#4707 = CARTESIAN_POINT('',(11.350001174252,-1.783635148552,
    -15.33582979489));
#4708 = DIRECTION('',(1.,-0.,0.));
#4709 = DIRECTION('',(0.,0.,-1.));
#4710 = ORIENTED_EDGE('',*,*,#4711,.F.);
#4711 = EDGE_CURVE('',#4712,#4701,#4714,.T.);
#4712 = VERTEX_POINT('',#4713);
#4713 = CARTESIAN_POINT('',(11.350001174252,-2.985716676569,
    -14.13374826687));
#4714 = CIRCLE('',#4715,1.7);
#4715 = AXIS2_PLACEMENT_3D('',#4716,#4717,#4718);
#4716 = CARTESIAN_POINT('',(11.350001174252,-1.783635148552,
    -15.33582979489));
#4717 = DIRECTION('',(1.,-0.,0.));
#4718 = DIRECTION('',(0.,0.,-1.));
#4719 = ORIENTED_EDGE('',*,*,#4720,.T.);
#4720 = EDGE_CURVE('',#4712,#4721,#4723,.T.);
#4721 = VERTEX_POINT('',#4722);
#4722 = CARTESIAN_POINT('',(11.350001174252,-2.287798204586,
    -13.43582979489));
#4723 = LINE('',#4724,#4725);
#4724 = CARTESIAN_POINT('',(11.350001174252,-3.054226566304,
    -14.20225815661));
#4725 = VECTOR('',#4726,1.);
#4726 = DIRECTION('',(0.,0.707106781187,0.707106781187));
#4727 = ORIENTED_EDGE('',*,*,#4728,.F.);
#4728 = EDGE_CURVE('',#4729,#4721,#4731,.T.);
#4729 = VERTEX_POINT('',#4730);
#4730 = CARTESIAN_POINT('',(11.350001174252,-1.279472092518,
    -13.43582979489));
#4731 = LINE('',#4732,#4733);
#4732 = CARTESIAN_POINT('',(11.350001174252,-1.647705939954,
    -13.43582979489));
#4733 = VECTOR('',#4734,1.);
#4734 = DIRECTION('',(0.,-1.,0.));
#4735 = ORIENTED_EDGE('',*,*,#4736,.F.);
#4736 = EDGE_CURVE('',#4703,#4729,#4737,.T.);
#4737 = LINE('',#4738,#4739);
#4738 = CARTESIAN_POINT('',(11.350001174252,-0.629196050219,
    -14.08610583719));
#4739 = VECTOR('',#4740,1.);
#4740 = DIRECTION('',(0.,-0.707106781187,0.707106781187));
#4741 = PLANE('',#4742);
#4742 = AXIS2_PLACEMENT_3D('',#4743,#4744,#4745);
#4743 = CARTESIAN_POINT('',(11.350001174252,-1.908832365882,
    -15.21257442668));
#4744 = DIRECTION('',(1.,0.,0.));
#4745 = DIRECTION('',(0.,0.,1.));
#4746 = ADVANCED_FACE('',(#4747),#4765,.F.);
#4747 = FACE_BOUND('',#4748,.T.);
#4748 = EDGE_LOOP('',(#4749,#4750,#4756,#4757,#4758,#4764));
#4749 = ORIENTED_EDGE('',*,*,#1896,.T.);
#4750 = ORIENTED_EDGE('',*,*,#4751,.F.);
#4751 = EDGE_CURVE('',#4712,#1897,#4752,.T.);
#4752 = LINE('',#4753,#4754);
#4753 = CARTESIAN_POINT('',(14.750001174252,-2.985716676569,
    -14.13374826687));
#4754 = VECTOR('',#4755,1.);
#4755 = DIRECTION('',(-1.,-0.,-0.));
#4756 = ORIENTED_EDGE('',*,*,#4711,.T.);
#4757 = ORIENTED_EDGE('',*,*,#4700,.T.);
#4758 = ORIENTED_EDGE('',*,*,#4759,.T.);
#4759 = EDGE_CURVE('',#4703,#1886,#4760,.T.);
#4760 = LINE('',#4761,#4762);
#4761 = CARTESIAN_POINT('',(14.750001174252,-0.581553620535,
    -14.13374826687));
#4762 = VECTOR('',#4763,1.);
#4763 = DIRECTION('',(-1.,-0.,-0.));
#4764 = ORIENTED_EDGE('',*,*,#1885,.T.);
#4765 = CYLINDRICAL_SURFACE('',#4766,1.7);
#4766 = AXIS2_PLACEMENT_3D('',#4767,#4768,#4769);
#4767 = CARTESIAN_POINT('',(11.350001174252,-1.783635148552,
    -15.33582979489));
#4768 = DIRECTION('',(-1.,-0.,-0.));
#4769 = DIRECTION('',(0.,0.,-1.));
#4770 = ADVANCED_FACE('',(#4771),#4782,.F.);
#4771 = FACE_BOUND('',#4772,.F.);
#4772 = EDGE_LOOP('',(#4773,#4774,#4775,#4776));
#4773 = ORIENTED_EDGE('',*,*,#4736,.F.);
#4774 = ORIENTED_EDGE('',*,*,#4759,.T.);
#4775 = ORIENTED_EDGE('',*,*,#1921,.T.);
#4776 = ORIENTED_EDGE('',*,*,#4777,.F.);
#4777 = EDGE_CURVE('',#4729,#1914,#4778,.T.);
#4778 = LINE('',#4779,#4780);
#4779 = CARTESIAN_POINT('',(14.750001174252,-1.279472092518,
    -13.43582979489));
#4780 = VECTOR('',#4781,1.);
#4781 = DIRECTION('',(-1.,-0.,-0.));
#4782 = PLANE('',#4783);
#4783 = AXIS2_PLACEMENT_3D('',#4784,#4785,#4786);
#4784 = CARTESIAN_POINT('',(14.750001174252,-0.581553620535,
    -14.13374826687));
#4785 = DIRECTION('',(0.,0.707106781187,0.707106781187));
#4786 = DIRECTION('',(0.,-0.707106781187,0.707106781187));
#4787 = ADVANCED_FACE('',(#4788),#4799,.F.);
#4788 = FACE_BOUND('',#4789,.F.);
#4789 = EDGE_LOOP('',(#4790,#4791,#4792,#4793));
#4790 = ORIENTED_EDGE('',*,*,#4728,.F.);
#4791 = ORIENTED_EDGE('',*,*,#4777,.T.);
#4792 = ORIENTED_EDGE('',*,*,#1913,.T.);
#4793 = ORIENTED_EDGE('',*,*,#4794,.F.);
#4794 = EDGE_CURVE('',#4721,#1906,#4795,.T.);
#4795 = LINE('',#4796,#4797);
#4796 = CARTESIAN_POINT('',(14.750001174252,-2.287798204586,
    -13.43582979489));
#4797 = VECTOR('',#4798,1.);
#4798 = DIRECTION('',(-1.,-0.,-0.));
#4799 = PLANE('',#4800);
#4800 = AXIS2_PLACEMENT_3D('',#4801,#4802,#4803);
#4801 = CARTESIAN_POINT('',(14.750001174252,-1.279472092518,
    -13.43582979489));
#4802 = DIRECTION('',(0.,0.,1.));
#4803 = DIRECTION('',(0.,-1.,0.));
#4804 = ADVANCED_FACE('',(#4805),#4811,.T.);
#4805 = FACE_BOUND('',#4806,.T.);
#4806 = EDGE_LOOP('',(#4807,#4808,#4809,#4810));
#4807 = ORIENTED_EDGE('',*,*,#4720,.F.);
#4808 = ORIENTED_EDGE('',*,*,#4751,.T.);
#4809 = ORIENTED_EDGE('',*,*,#1905,.T.);
#4810 = ORIENTED_EDGE('',*,*,#4794,.F.);
#4811 = PLANE('',#4812);
#4812 = AXIS2_PLACEMENT_3D('',#4813,#4814,#4815);
#4813 = CARTESIAN_POINT('',(14.750001174252,-2.985716676569,
    -14.13374826687));
#4814 = DIRECTION('',(0.,0.707106781187,-0.707106781187));
#4815 = DIRECTION('',(0.,0.707106781187,0.707106781187));
#4816 = ADVANCED_FACE('',(#4817),#4836,.F.);
#4817 = FACE_BOUND('',#4818,.F.);
#4818 = EDGE_LOOP('',(#4819,#4827,#4834,#4835));
#4819 = ORIENTED_EDGE('',*,*,#4820,.T.);
#4820 = EDGE_CURVE('',#1981,#4821,#4823,.T.);
#4821 = VERTEX_POINT('',#4822);
#4822 = CARTESIAN_POINT('',(2.600000183056,4.716365076237,
    -11.33582979489));
#4823 = LINE('',#4824,#4825);
#4824 = CARTESIAN_POINT('',(2.350000191906,4.466365067387,
    -11.33582979489));
#4825 = VECTOR('',#4826,1.);
#4826 = DIRECTION('',(0.707106756155,0.707106806218,-5.8E-15));
#4827 = ORIENTED_EDGE('',*,*,#4828,.F.);
#4828 = EDGE_CURVE('',#4821,#4821,#4829,.T.);
#4829 = CIRCLE('',#4830,2.6);
#4830 = AXIS2_PLACEMENT_3D('',#4831,#4832,#4833);
#4831 = CARTESIAN_POINT('',(1.8305551722E-07,4.716364984198,
    -11.33582979489));
#4832 = DIRECTION('',(-3.539988026E-08,1.,-1.752E-14));
#4833 = DIRECTION('',(-1.,-3.539988026E-08,-9.44E-15));
#4834 = ORIENTED_EDGE('',*,*,#4820,.F.);
#4835 = ORIENTED_EDGE('',*,*,#1988,.F.);
#4836 = CONICAL_SURFACE('',#4837,2.35,0.785398163398);
#4837 = AXIS2_PLACEMENT_3D('',#4838,#4839,#4840);
#4838 = CARTESIAN_POINT('',(1.9190548729E-07,4.466364984198,
    -11.33582979489));
#4839 = DIRECTION('',(-3.539988026E-08,1.,-1.776E-14));
#4840 = DIRECTION('',(-1.,-3.539988026E-08,-9.44E-15));
#4841 = ADVANCED_FACE('',(#4842),#4867,.F.);
#4842 = FACE_BOUND('',#4843,.F.);
#4843 = EDGE_LOOP('',(#4844,#4852,#4860,#4866));
#4844 = ORIENTED_EDGE('',*,*,#4845,.T.);
#4845 = EDGE_CURVE('',#2007,#4846,#4848,.T.);
#4846 = VERTEX_POINT('',#4847);
#4847 = CARTESIAN_POINT('',(-14.44999946737,-5.158636182228,
    -18.51082979489));
#4848 = LINE('',#4849,#4850);
#4849 = CARTESIAN_POINT('',(-12.24999946737,-5.158636104348,
    -18.51082979489));
#4850 = VECTOR('',#4851,1.);
#4851 = DIRECTION('',(-1.,-3.539987414E-08,-2.8E-16));
#4852 = ORIENTED_EDGE('',*,*,#4853,.T.);
#4853 = EDGE_CURVE('',#4846,#4854,#4856,.T.);
#4854 = VERTEX_POINT('',#4855);
#4855 = CARTESIAN_POINT('',(-14.44999981694,4.716364472669,
    -18.51082979489));
#4856 = LINE('',#4857,#4858);
#4857 = CARTESIAN_POINT('',(-14.44999970632,1.591363817772,
    -18.51082979489));
#4858 = VECTOR('',#4859,1.);
#4859 = DIRECTION('',(-3.539987392E-08,1.,1.7E-16));
#4860 = ORIENTED_EDGE('',*,*,#4861,.F.);
#4861 = EDGE_CURVE('',#2005,#4854,#4862,.T.);
#4862 = LINE('',#4863,#4864);
#4863 = CARTESIAN_POINT('',(-12.24999981694,4.716364550549,
    -18.51082979489));
#4864 = VECTOR('',#4865,1.);
#4865 = DIRECTION('',(-1.,-3.539987414E-08,-2.8E-16));
#4866 = ORIENTED_EDGE('',*,*,#2004,.T.);
#4867 = PLANE('',#4868);
#4868 = AXIS2_PLACEMENT_3D('',#4869,#4870,#4871);
#4869 = CARTESIAN_POINT('',(-13.34999964215,-0.22113581584,
    -18.51082979489));
#4870 = DIRECTION('',(1.32E-15,0.,-1.));
#4871 = DIRECTION('',(-1.,0.,-1.32E-15));
#4872 = ADVANCED_FACE('',(#4873,#5045),#5048,.T.);
#4873 = FACE_BOUND('',#4874,.T.);
#4874 = EDGE_LOOP('',(#4875,#4885,#4893,#4901,#4909,#4917,#4923,#4924,
    #4925,#4933,#4941,#4949,#4958,#4966,#4975,#4983,#4991,#4999,#5007,
    #5015,#5023,#5029,#5030,#5031,#5039));
#4875 = ORIENTED_EDGE('',*,*,#4876,.T.);
#4876 = EDGE_CURVE('',#4877,#4879,#4881,.T.);
#4877 = VERTEX_POINT('',#4878);
#4878 = CARTESIAN_POINT('',(-9.935419199348,4.716364632485,
    -1.600668588952));
#4879 = VERTEX_POINT('',#4880);
#4880 = CARTESIAN_POINT('',(-9.513592038137,4.716364647418,
    -0.547321162052));
#4881 = LINE('',#4882,#4883);
#4882 = CARTESIAN_POINT('',(-46.91295828538,4.716363323475,
    -93.93752887467));
#4883 = VECTOR('',#4884,1.);
#4884 = DIRECTION('',(0.371761550468,1.316033084E-08,0.928328255303));
#4885 = ORIENTED_EDGE('',*,*,#4886,.T.);
#4886 = EDGE_CURVE('',#4879,#4887,#4889,.T.);
#4887 = VERTEX_POINT('',#4888);
#4888 = CARTESIAN_POINT('',(-10.62959246722,4.716364607911,
    3.985005502809));
#4889 = LINE('',#4890,#4891);
#4890 = CARTESIAN_POINT('',(165.80035727256,4.716370853489,
    -712.5363728477));
#4891 = VECTOR('',#4892,1.);
#4892 = DIRECTION('',(-0.239089905319,-8.4637368E-09,0.970997434175));
#4893 = ORIENTED_EDGE('',*,*,#4894,.T.);
#4894 = EDGE_CURVE('',#4887,#4895,#4897,.T.);
#4895 = VERTEX_POINT('',#4896);
#4896 = CARTESIAN_POINT('',(10.629592133299,4.716365360484,3.98500550281
    ));
#4897 = LINE('',#4898,#4899);
#4898 = CARTESIAN_POINT('',(336.84546664366,4.716376908485,
    3.985005502824));
#4899 = VECTOR('',#4900,1.);
#4900 = DIRECTION('',(1.,3.539990155E-08,4.286E-14));
#4901 = ORIENTED_EDGE('',*,*,#4902,.T.);
#4902 = EDGE_CURVE('',#4895,#4903,#4905,.T.);
#4903 = VERTEX_POINT('',#4904);
#4904 = CARTESIAN_POINT('',(9.513591704218,4.716365320978,
    -0.547321162051));
#4905 = LINE('',#4906,#4907);
#4906 = CARTESIAN_POINT('',(-165.8003576065,4.716359114866,
    -712.5363728477));
#4907 = VECTOR('',#4908,1.);
#4908 = DIRECTION('',(-0.239089905319,-8.46377124E-09,-0.970997434175));
#4909 = ORIENTED_EDGE('',*,*,#4910,.T.);
#4910 = EDGE_CURVE('',#4903,#4911,#4913,.T.);
#4911 = VERTEX_POINT('',#4912);
#4912 = CARTESIAN_POINT('',(9.935418865428,4.71636533591,-1.600668588952
    ));
#4913 = LINE('',#4914,#4915);
#4914 = CARTESIAN_POINT('',(46.912957951399,4.7163666449,-93.93752887467
    ));
#4915 = VECTOR('',#4916,1.);
#4916 = DIRECTION('',(0.371761550467,1.316029791E-08,-0.928328255303));
#4917 = ORIENTED_EDGE('',*,*,#4918,.T.);
#4918 = EDGE_CURVE('',#4911,#3872,#4919,.T.);
#4919 = LINE('',#4920,#4921);
#4920 = CARTESIAN_POINT('',(13.045632902079,4.716365446011,
    -4.586679710102));
#4921 = VECTOR('',#4922,1.);
#4922 = DIRECTION('',(0.721363492345,2.553616897E-08,-0.692556648882));
#4923 = ORIENTED_EDGE('',*,*,#3871,.T.);
#4924 = ORIENTED_EDGE('',*,*,#3902,.F.);
#4925 = ORIENTED_EDGE('',*,*,#4926,.F.);
#4926 = EDGE_CURVE('',#4927,#3903,#4929,.T.);
#4927 = VERTEX_POINT('',#4928);
#4928 = CARTESIAN_POINT('',(12.257066035419,4.716365418086,
    -28.76756661162));
#4929 = LINE('',#4930,#4931);
#4930 = CARTESIAN_POINT('',(12.295728226179,4.716365419465,
    -20.08064217424));
#4931 = VECTOR('',#4932,1.);
#4932 = DIRECTION('',(4.450574899905E-03,1.5756755E-10,0.999990096142));
#4933 = ORIENTED_EDGE('',*,*,#4934,.F.);
#4934 = EDGE_CURVE('',#4935,#4927,#4937,.T.);
#4935 = VERTEX_POINT('',#4936);
#4936 = CARTESIAN_POINT('',(4.027716794619,4.716365126778,
    -28.76756661162));
#4937 = LINE('',#4938,#4939);
#4938 = CARTESIAN_POINT('',(-336.8454664526,4.7163530599,-28.76756661161
    ));
#4939 = VECTOR('',#4940,1.);
#4940 = DIRECTION('',(1.,3.539988026E-08,-2.027E-14));
#4941 = ORIENTED_EDGE('',*,*,#4942,.T.);
#4942 = EDGE_CURVE('',#4935,#4943,#4945,.T.);
#4943 = VERTEX_POINT('',#4944);
#4944 = CARTESIAN_POINT('',(4.092082098294,4.716365129057,
    -28.30958367868));
#4945 = LINE('',#4946,#4947);
#4946 = CARTESIAN_POINT('',(-194.2764707443,4.716358106805,
    -1.439775178428E+03));
#4947 = VECTOR('',#4948,1.);
#4948 = DIRECTION('',(0.139173100962,4.92672845E-09,0.990268068741));
#4949 = ORIENTED_EDGE('',*,*,#4950,.T.);
#4950 = EDGE_CURVE('',#4943,#4951,#4953,.T.);
#4951 = VERTEX_POINT('',#4952);
#4952 = CARTESIAN_POINT('',(2.606679995182,4.716365076474,
    -26.60082402724));
#4953 = CIRCLE('',#4954,1.5);
#4954 = AXIS2_PLACEMENT_3D('',#4955,#4956,#4957);
#4955 = CARTESIAN_POINT('',(2.606679995182,4.716365076464,
    -28.10082402724));
#4956 = DIRECTION('',(3.539988026E-08,-1.,1.752000000691E-14));
#4957 = DIRECTION('',(0.754709580223,2.671664026513E-08,0.65605902899));
#4958 = ORIENTED_EDGE('',*,*,#4959,.T.);
#4959 = EDGE_CURVE('',#4951,#4960,#4962,.T.);
#4960 = VERTEX_POINT('',#4961);
#4961 = CARTESIAN_POINT('',(-9.05206978866,4.716364663745,
    -26.60082402724));
#4962 = LINE('',#4963,#4964);
#4963 = CARTESIAN_POINT('',(336.87944993216,4.716376909688,
    -26.60082402722));
#4964 = VECTOR('',#4965,1.);
#4965 = DIRECTION('',(-1.,-3.539990154E-08,-4.512E-14));
#4966 = ORIENTED_EDGE('',*,*,#4967,.T.);
#4967 = EDGE_CURVE('',#4960,#4968,#4970,.T.);
#4968 = VERTEX_POINT('',#4969);
#4969 = CARTESIAN_POINT('',(-10.53747189177,4.716364611162,
    -28.30958367868));
#4970 = CIRCLE('',#4971,1.5);
#4971 = AXIS2_PLACEMENT_3D('',#4972,#4973,#4974);
#4972 = CARTESIAN_POINT('',(-9.05206978866,4.716364663745,
    -28.10082402724));
#4973 = DIRECTION('',(3.539988026E-08,-1.,1.751999999698E-14));
#4974 = DIRECTION('',(-0.754709580223,-2.67166172768E-08,0.656059028991)
  );
#4975 = ORIENTED_EDGE('',*,*,#4976,.T.);
#4976 = EDGE_CURVE('',#4968,#4977,#4979,.T.);
#4977 = VERTEX_POINT('',#4978);
#4978 = CARTESIAN_POINT('',(-10.47310658809,4.716364613441,
    -28.76756661162));
#4979 = LINE('',#4980,#4981);
#4980 = CARTESIAN_POINT('',(174.89843359126,4.71637117555,
    -1.347754610995E+03));
#4981 = VECTOR('',#4982,1.);
#4982 = DIRECTION('',(0.13917310096,4.92669376E-09,-0.990268068742));
#4983 = ORIENTED_EDGE('',*,*,#4984,.F.);
#4984 = EDGE_CURVE('',#4985,#4977,#4987,.T.);
#4985 = VERTEX_POINT('',#4986);
#4986 = CARTESIAN_POINT('',(-12.25706566931,4.716364550289,
    -28.76756661162));
#4987 = LINE('',#4988,#4989);
#4988 = CARTESIAN_POINT('',(-336.8454664526,4.7163530599,-28.76756661161
    ));
#4989 = VECTOR('',#4990,1.);
#4990 = DIRECTION('',(1.,3.539988026E-08,-2.027E-14));
#4991 = ORIENTED_EDGE('',*,*,#4992,.F.);
#4992 = EDGE_CURVE('',#4993,#4985,#4995,.T.);
#4993 = VERTEX_POINT('',#4994);
#4994 = CARTESIAN_POINT('',(-12.26220735437,4.716364550107,
    -27.61229246012));
#4995 = LINE('',#4996,#4997);
#4996 = CARTESIAN_POINT('',(-12.32760666237,4.716364547802,
    -12.91786269223));
#4997 = VECTOR('',#4998,1.);
#4998 = DIRECTION('',(4.450574899924E-03,1.5753208E-10,-0.999990096142)
  );
#4999 = ORIENTED_EDGE('',*,*,#5000,.F.);
#5000 = EDGE_CURVE('',#5001,#4993,#5003,.T.);
#5001 = VERTEX_POINT('',#5002);
#5002 = CARTESIAN_POINT('',(-18.24284408427,4.716364338403,
    -8.461016345741));
#5003 = LINE('',#5004,#5005);
#5004 = CARTESIAN_POINT('',(-18.84866457868,4.716364316957,
    -6.521049735475));
#5005 = VECTOR('',#5006,1.);
#5006 = DIRECTION('',(0.298087133191,1.055223189E-08,-0.954538663976));
#5007 = ORIENTED_EDGE('',*,*,#5008,.T.);
#5008 = EDGE_CURVE('',#5001,#5009,#5011,.T.);
#5009 = VERTEX_POINT('',#5010);
#5010 = CARTESIAN_POINT('',(-17.08112262235,4.716364379528,
    -8.461016345741));
#5011 = LINE('',#5012,#5013);
#5012 = CARTESIAN_POINT('',(-1.6696018151E-07,4.716364984198,
    -8.461016345741));
#5013 = VECTOR('',#5014,1.);
#5014 = DIRECTION('',(1.,3.539988026E-08,-3.89E-15));
#5015 = ORIENTED_EDGE('',*,*,#5016,.T.);
#5016 = EDGE_CURVE('',#5009,#5017,#5019,.T.);
#5017 = VERTEX_POINT('',#5018);
#5018 = CARTESIAN_POINT('',(-14.44999981694,4.716364472669,
    -5.934964483892));
#5019 = LINE('',#5020,#5021);
#5020 = CARTESIAN_POINT('',(-13.045633236,4.716364522384,-4.586679710103
    ));
#5021 = VECTOR('',#5022,1.);
#5022 = DIRECTION('',(0.721363492345,2.553619354E-08,0.692556648882));
#5023 = ORIENTED_EDGE('',*,*,#5024,.T.);
#5024 = EDGE_CURVE('',#5017,#4854,#5025,.T.);
#5025 = LINE('',#5026,#5027);
#5026 = CARTESIAN_POINT('',(-14.44999981694,4.716364472669,
    -4.860829794896));
#5027 = VECTOR('',#5028,1.);
#5028 = DIRECTION('',(0.,-0.,-1.));
#5029 = ORIENTED_EDGE('',*,*,#4861,.F.);
#5030 = ORIENTED_EDGE('',*,*,#2014,.F.);
#5031 = ORIENTED_EDGE('',*,*,#5032,.T.);
#5032 = EDGE_CURVE('',#2015,#5033,#5035,.T.);
#5033 = VERTEX_POINT('',#5034);
#5034 = CARTESIAN_POINT('',(-13.33118657364,4.716364512275,
    -4.860829794896));
#5035 = LINE('',#5036,#5037);
#5036 = CARTESIAN_POINT('',(-12.24999981694,4.716364550549,
    -4.860829794896));
#5037 = VECTOR('',#5038,1.);
#5038 = DIRECTION('',(-1.,-3.539987414E-08,-2.8E-16));
#5039 = ORIENTED_EDGE('',*,*,#5040,.T.);
#5040 = EDGE_CURVE('',#5033,#4877,#5041,.T.);
#5041 = LINE('',#5042,#5043);
#5042 = CARTESIAN_POINT('',(-13.045633236,4.716364522384,-4.586679710103
    ));
#5043 = VECTOR('',#5044,1.);
#5044 = DIRECTION('',(0.721363492345,2.553619354E-08,0.692556648882));
#5045 = FACE_BOUND('',#5046,.T.);
#5046 = EDGE_LOOP('',(#5047));
#5047 = ORIENTED_EDGE('',*,*,#4828,.F.);
#5048 = PLANE('',#5049);
#5049 = AXIS2_PLACEMENT_3D('',#5050,#5051,#5052);
#5050 = CARTESIAN_POINT('',(-8.101981687817E-02,4.716364981325,
    -12.56998799465));
#5051 = DIRECTION('',(-3.53998891E-08,1.,3.062E-14));
#5052 = DIRECTION('',(-5.642372883947E-37,3.062E-14,-1.));
#5053 = ADVANCED_FACE('',(#5054),#5072,.T.);
#5054 = FACE_BOUND('',#5055,.T.);
#5055 = EDGE_LOOP('',(#5056,#5057,#5065,#5071));
#5056 = ORIENTED_EDGE('',*,*,#4845,.T.);
#5057 = ORIENTED_EDGE('',*,*,#5058,.T.);
#5058 = EDGE_CURVE('',#4846,#5059,#5061,.T.);
#5059 = VERTEX_POINT('',#5060);
#5060 = CARTESIAN_POINT('',(-14.44999946737,-5.158636182228,
    -12.16082979489));
#5061 = LINE('',#5062,#5063);
#5062 = CARTESIAN_POINT('',(-14.44999946737,-5.158636182228,
    -18.51082979489));
#5063 = VECTOR('',#5064,1.);
#5064 = DIRECTION('',(0.,0.,1.));
#5065 = ORIENTED_EDGE('',*,*,#5066,.F.);
#5066 = EDGE_CURVE('',#2047,#5059,#5067,.T.);
#5067 = LINE('',#5068,#5069);
#5068 = CARTESIAN_POINT('',(-12.24999946737,-5.158636104348,
    -12.16082979489));
#5069 = VECTOR('',#5070,1.);
#5070 = DIRECTION('',(-1.,-3.539987414E-08,-2.8E-16));
#5071 = ORIENTED_EDGE('',*,*,#2054,.F.);
#5072 = PLANE('',#5073);
#5073 = AXIS2_PLACEMENT_3D('',#5074,#5075,#5076);
#5074 = CARTESIAN_POINT('',(-12.24999946737,-5.158636104348,
    -18.51082979489));
#5075 = DIRECTION('',(-3.539987414E-08,1.,1.7E-16));
#5076 = DIRECTION('',(-2.8E-16,-1.70000009912E-16,1.));
#5077 = ADVANCED_FACE('',(#5078),#5104,.F.);
#5078 = FACE_BOUND('',#5079,.F.);
#5079 = EDGE_LOOP('',(#5080,#5088,#5089,#5090,#5098));
#5080 = ORIENTED_EDGE('',*,*,#5081,.F.);
#5081 = EDGE_CURVE('',#2023,#5082,#5084,.T.);
#5082 = VERTEX_POINT('',#5083);
#5083 = CARTESIAN_POINT('',(-14.44999946755,-5.153509025961,
    -4.860829794896));
#5084 = LINE('',#5085,#5086);
#5085 = CARTESIAN_POINT('',(-12.24999946755,-5.153508948081,
    -4.860829794896));
#5086 = VECTOR('',#5087,1.);
#5087 = DIRECTION('',(-1.,-3.539987414E-08,-2.8E-16));
#5088 = ORIENTED_EDGE('',*,*,#2022,.T.);
#5089 = ORIENTED_EDGE('',*,*,#5032,.T.);
#5090 = ORIENTED_EDGE('',*,*,#5091,.T.);
#5091 = EDGE_CURVE('',#5033,#5092,#5094,.T.);
#5092 = VERTEX_POINT('',#5093);
#5093 = CARTESIAN_POINT('',(-14.44999981694,4.716364472669,
    -4.860829794896));
#5094 = LINE('',#5095,#5096);
#5095 = CARTESIAN_POINT('',(-12.24999981694,4.716364550549,
    -4.860829794896));
#5096 = VECTOR('',#5097,1.);
#5097 = DIRECTION('',(-1.,-3.539987414E-08,-2.8E-16));
#5098 = ORIENTED_EDGE('',*,*,#5099,.F.);
#5099 = EDGE_CURVE('',#5082,#5092,#5100,.T.);
#5100 = LINE('',#5101,#5102);
#5101 = CARTESIAN_POINT('',(-14.44999946755,-5.153509025961,
    -4.860829794896));
#5102 = VECTOR('',#5103,1.);
#5103 = DIRECTION('',(-3.539987392E-08,1.,1.7E-16));
#5104 = PLANE('',#5105);
#5105 = AXIS2_PLACEMENT_3D('',#5106,#5107,#5108);
#5106 = CARTESIAN_POINT('',(-13.34999964224,-0.218572237706,
    -4.860829794896));
#5107 = DIRECTION('',(-4.E-16,0.,1.));
#5108 = DIRECTION('',(1.,0.,4.E-16));
#5109 = ADVANCED_FACE('',(#5110),#5128,.T.);
#5110 = FACE_BOUND('',#5111,.T.);
#5111 = EDGE_LOOP('',(#5112,#5113,#5121,#5127));
#5112 = ORIENTED_EDGE('',*,*,#5066,.T.);
#5113 = ORIENTED_EDGE('',*,*,#5114,.T.);
#5114 = EDGE_CURVE('',#5059,#5115,#5117,.T.);
#5115 = VERTEX_POINT('',#5116);
#5116 = CARTESIAN_POINT('',(-14.449999501,-4.208636182229,
    -11.21082979489));
#5117 = LINE('',#5118,#5119);
#5118 = CARTESIAN_POINT('',(-14.44999946737,-5.158636182228,
    -12.16082979489));
#5119 = VECTOR('',#5120,1.);
#5120 = DIRECTION('',(-2.503149095854E-08,0.707106781186,0.707106781187)
  );
#5121 = ORIENTED_EDGE('',*,*,#5122,.F.);
#5122 = EDGE_CURVE('',#2039,#5115,#5123,.T.);
#5123 = LINE('',#5124,#5125);
#5124 = CARTESIAN_POINT('',(-12.249999501,-4.20863610435,-11.21082979489
    ));
#5125 = VECTOR('',#5126,1.);
#5126 = DIRECTION('',(-1.,-3.539987414E-08,-2.8E-16));
#5127 = ORIENTED_EDGE('',*,*,#2046,.F.);
#5128 = PLANE('',#5129);
#5129 = AXIS2_PLACEMENT_3D('',#5130,#5131,#5132);
#5130 = CARTESIAN_POINT('',(-12.24999946737,-5.158636104348,
    -12.16082979489));
#5131 = DIRECTION('',(-2.503149086E-08,0.707106781187,-0.707106781186));
#5132 = DIRECTION('',(-2.50314911E-08,0.707106781186,0.707106781187));
#5133 = ADVANCED_FACE('',(#5134),#5152,.T.);
#5134 = FACE_BOUND('',#5135,.T.);
#5135 = EDGE_LOOP('',(#5136,#5144,#5150,#5151));
#5136 = ORIENTED_EDGE('',*,*,#5137,.T.);
#5137 = EDGE_CURVE('',#2031,#5138,#5140,.T.);
#5138 = VERTEX_POINT('',#5139);
#5139 = CARTESIAN_POINT('',(-14.44999946755,-5.153509025961,
    -11.21082979489));
#5140 = LINE('',#5141,#5142);
#5141 = CARTESIAN_POINT('',(-12.24999946755,-5.153508948081,
    -11.21082979489));
#5142 = VECTOR('',#5143,1.);
#5143 = DIRECTION('',(-1.,-3.539987414E-08,-2.8E-16));
#5144 = ORIENTED_EDGE('',*,*,#5145,.T.);
#5145 = EDGE_CURVE('',#5138,#5082,#5146,.T.);
#5146 = LINE('',#5147,#5148);
#5147 = CARTESIAN_POINT('',(-14.44999946755,-5.153509025961,
    -11.21082979489));
#5148 = VECTOR('',#5149,1.);
#5149 = DIRECTION('',(0.,0.,1.));
#5150 = ORIENTED_EDGE('',*,*,#5081,.F.);
#5151 = ORIENTED_EDGE('',*,*,#2030,.F.);
#5152 = PLANE('',#5153);
#5153 = AXIS2_PLACEMENT_3D('',#5154,#5155,#5156);
#5154 = CARTESIAN_POINT('',(-12.24999946755,-5.153508948081,
    -11.21082979489));
#5155 = DIRECTION('',(-3.539987414E-08,1.,1.7E-16));
#5156 = DIRECTION('',(-2.8E-16,-1.70000009912E-16,1.));
#5157 = ADVANCED_FACE('',(#5158),#5169,.T.);
#5158 = FACE_BOUND('',#5159,.T.);
#5159 = EDGE_LOOP('',(#5160,#5161,#5167,#5168));
#5160 = ORIENTED_EDGE('',*,*,#5122,.T.);
#5161 = ORIENTED_EDGE('',*,*,#5162,.T.);
#5162 = EDGE_CURVE('',#5115,#5138,#5163,.T.);
#5163 = LINE('',#5164,#5165);
#5164 = CARTESIAN_POINT('',(-14.449999501,-4.208636182229,
    -11.21082979489));
#5165 = VECTOR('',#5166,1.);
#5166 = DIRECTION('',(3.5399874E-08,-1.,0.));
#5167 = ORIENTED_EDGE('',*,*,#5137,.F.);
#5168 = ORIENTED_EDGE('',*,*,#2038,.F.);
#5169 = PLANE('',#5170);
#5170 = AXIS2_PLACEMENT_3D('',#5171,#5172,#5173);
#5171 = CARTESIAN_POINT('',(-12.249999501,-4.20863610435,-11.21082979489
    ));
#5172 = DIRECTION('',(-2.8E-16,-1.7E-16,1.));
#5173 = DIRECTION('',(3.539987392E-08,-1.,-1.69999990088E-16));
#5174 = ADVANCED_FACE('',(#5175),#5196,.T.);
#5175 = FACE_BOUND('',#5176,.T.);
#5176 = EDGE_LOOP('',(#5177,#5178,#5189));
#5177 = ORIENTED_EDGE('',*,*,#2082,.T.);
#5178 = ORIENTED_EDGE('',*,*,#5179,.T.);
#5179 = EDGE_CURVE('',#2085,#5180,#5182,.T.);
#5180 = VERTEX_POINT('',#5181);
#5181 = CARTESIAN_POINT('',(11.416784355585,-6.838090200155,
    -30.23108640345));
#5182 = B_SPLINE_CURVE_WITH_KNOTS('',3,(#5183,#5184,#5185,#5186,#5187,
    #5188),.UNSPECIFIED.,.F.,.F.,(4,2,4),(-0.714904505154,
    -0.502138200602,0.),.UNSPECIFIED.);
#5183 = CARTESIAN_POINT('',(11.729789636447,-10.53363460057,
    -25.58944291522));
#5184 = CARTESIAN_POINT('',(11.758929133103,-10.40301154331,
    -26.08999667911));
#5185 = CARTESIAN_POINT('',(11.78501195504,-10.20491866324,
    -26.54600038921));
#5186 = CARTESIAN_POINT('',(11.831919749559,-9.23483079899,
    -28.0862080485));
#5187 = CARTESIAN_POINT('',(11.7861716116,-8.067048874264,
    -29.15647019587));
#5188 = CARTESIAN_POINT('',(11.416784355585,-6.838090200157,
    -30.23108640344));
#5189 = ORIENTED_EDGE('',*,*,#5190,.F.);
#5190 = EDGE_CURVE('',#2083,#5180,#5191,.T.);
#5191 = B_SPLINE_CURVE_WITH_KNOTS('',3,(#5192,#5193,#5194,#5195),
  .UNSPECIFIED.,.F.,.F.,(4,4),(-1.1E-16,4.982348903869E-02),
  .PIECEWISE_BEZIER_KNOTS.);
#5192 = CARTESIAN_POINT('',(12.000000722897,-10.533634591,
    -30.23108640344));
#5193 = CARTESIAN_POINT('',(12.000000678569,-9.281433733884,
    -30.23108640344));
#5194 = CARTESIAN_POINT('',(11.802414721058,-8.029432387689,
    -30.23108640344));
#5195 = CARTESIAN_POINT('',(11.416784355585,-6.838090200155,
    -30.23108640344));
#5196 = B_SPLINE_SURFACE_WITH_KNOTS('',3,3,(
    (#5197,#5198,#5199,#5200)
    ,(#5201,#5202,#5203,#5204)
    ,(#5205,#5206,#5207,#5208)
    ,(#5209,#5210,#5211,#5212
    )),.UNSPECIFIED.,.F.,.F.,.F.,(4,4),(4,4),(-1.1E-16,
    4.982348903869E-02),(0.753970774709,1.),.PIECEWISE_BEZIER_KNOTS.);
#5197 = CARTESIAN_POINT('',(11.729789636447,-10.53363460057,
    -25.58944291522));
#5198 = CARTESIAN_POINT('',(11.819859998597,-10.53363459738,
    -27.1366574113));
#5199 = CARTESIAN_POINT('',(11.909930360747,-10.53363459419,
    -28.68387190737));
#5200 = CARTESIAN_POINT('',(12.000000722897,-10.533634591,
    -30.23108640344));
#5201 = CARTESIAN_POINT('',(11.729789592152,-9.282353126097,
    -25.58944291522));
#5202 = CARTESIAN_POINT('',(11.819887838171,-9.28204296496,
    -27.1366574113));
#5203 = CARTESIAN_POINT('',(11.90990243256,-9.281743895021,
    -28.68387190737));
#5204 = CARTESIAN_POINT('',(12.000000678569,-9.281433733884,
    -30.23108640344));
#5205 = CARTESIAN_POINT('',(11.580815543822,-8.031222077033,
    -25.58944291522));
#5206 = CARTESIAN_POINT('',(11.65470960347,-8.030620444125,
    -27.1366574113));
#5207 = CARTESIAN_POINT('',(11.72852066141,-8.030034020596,
    -28.68387190737));
#5208 = CARTESIAN_POINT('',(11.802414721058,-8.029432387689,
    -30.23108640344));
#5209 = CARTESIAN_POINT('',(11.290061507541,-6.825826260817,
    -25.58944291522));
#5210 = CARTESIAN_POINT('',(11.332302456886,-6.829914240595,
    -27.1366574113));
#5211 = CARTESIAN_POINT('',(11.37454340624,-6.834002220375,
    -28.68387190737));
#5212 = CARTESIAN_POINT('',(11.416784355585,-6.838090200155,
    -30.23108640344));
#5213 = ADVANCED_FACE('',(#5214),#5268,.F.);
#5214 = FACE_BOUND('',#5215,.F.);
#5215 = EDGE_LOOP('',(#5216,#5227,#5244,#5257,#5266,#5267));
#5216 = ORIENTED_EDGE('',*,*,#5217,.F.);
#5217 = EDGE_CURVE('',#5218,#5180,#5220,.T.);
#5218 = VERTEX_POINT('',#5219);
#5219 = CARTESIAN_POINT('',(5.347238687199,-6.838090415015,
    -30.23108640345));
#5220 = B_SPLINE_CURVE_WITH_KNOTS('',3,(#5221,#5222,#5223,#5224,#5225,
    #5226),.UNSPECIFIED.,.F.,.F.,(4,2,4),(-1.500210480958,
    -0.989569863218,-0.893255914119),.UNSPECIFIED.);
#5221 = CARTESIAN_POINT('',(5.347238687199,-6.838090415016,
    -30.23108640345));
#5222 = CARTESIAN_POINT('',(7.049374079665,-6.838090354761,
    -30.23108640345));
#5223 = CARTESIAN_POINT('',(8.751509472132,-6.838090294505,
    -30.23108640345));
#5224 = CARTESIAN_POINT('',(10.774691361595,-6.838090222885,
    -30.23108640345));
#5225 = CARTESIAN_POINT('',(11.095737858585,-6.83809021152,
    -30.23108640345));
#5226 = CARTESIAN_POINT('',(11.416784355585,-6.838090200155,
    -30.23108640345));
#5227 = ORIENTED_EDGE('',*,*,#5228,.T.);
#5228 = EDGE_CURVE('',#5218,#5229,#5231,.T.);
#5229 = VERTEX_POINT('',#5230);
#5230 = CARTESIAN_POINT('',(2.202568627968,-10.53363493783,
    -25.58944291522));
#5231 = B_SPLINE_CURVE_WITH_KNOTS('',3,(#5232,#5233,#5234,#5235,#5236,
    #5237,#5238,#5239,#5240,#5241,#5242,#5243),.UNSPECIFIED.,.F.,.F.,(4,
    2,2,2,2,4),(-0.739594615676,-0.700294890188,-0.657173854765,
    -0.556805742861,-0.33553629478,0.),.UNSPECIFIED.);
#5232 = CARTESIAN_POINT('',(5.347238687199,-6.838090415015,
    -30.23108640345));
#5233 = CARTESIAN_POINT('',(5.398783608942,-6.912672912089,
    -30.16587057239));
#5234 = CARTESIAN_POINT('',(5.432583421679,-6.992491901069,
    -30.09575828373));
#5235 = CARTESIAN_POINT('',(5.474668154741,-7.165081104271,
    -29.94318240079));
#5236 = CARTESIAN_POINT('',(5.480028348847,-7.257863482039,
    -29.86060664826));
#5237 = CARTESIAN_POINT('',(5.461558789452,-7.560910041895,
    -29.5886806704));
#5238 = CARTESIAN_POINT('',(5.38854995787,-7.780326028167,
    -29.38787185142));
#5239 = CARTESIAN_POINT('',(5.097411833426,-8.411618834372,
    -28.79430304153));
#5240 = CARTESIAN_POINT('',(4.743114139575,-8.884065003042,
    -28.32797436881));
#5241 = CARTESIAN_POINT('',(3.661175805242,-9.921755768815,
    -27.10023520661));
#5242 = CARTESIAN_POINT('',(2.929697553066,-10.31904995931,
    -26.41174265991));
#5243 = CARTESIAN_POINT('',(2.202568627968,-10.53363493783,
    -25.58944291522));
#5244 = ORIENTED_EDGE('',*,*,#5245,.T.);
#5245 = EDGE_CURVE('',#5229,#5246,#5248,.T.);
#5246 = VERTEX_POINT('',#5247);
#5247 = CARTESIAN_POINT('',(0.567946370711,-10.7447411087,
    -23.05108636555));
#5248 = B_SPLINE_CURVE_WITH_KNOTS('',3,(#5249,#5250,#5251,#5252,#5253,
    #5254,#5255,#5256),.UNSPECIFIED.,.F.,.F.,(4,2,2,4),(-0.323093349167,
    -0.165147365838,-6.241616149402E-02,-3.224557968929E-02),
  .UNSPECIFIED.);
#5249 = CARTESIAN_POINT('',(2.202568627968,-10.53363493783,
    -25.58944291522));
#5250 = CARTESIAN_POINT('',(1.789944722995,-10.64840683044,
    -25.14963162015));
#5251 = CARTESIAN_POINT('',(1.41054836785,-10.7035798909,-24.7059680553)
  );
#5252 = CARTESIAN_POINT('',(0.927706323024,-10.74754777006,
    -23.98507933085));
#5253 = CARTESIAN_POINT('',(0.749791587759,-10.75389519603,
    -23.66804195645));
#5254 = CARTESIAN_POINT('',(0.611546845463,-10.74925937039,
    -23.24745940905));
#5255 = CARTESIAN_POINT('',(0.585841181266,-10.74738075871,
    -23.14989122419));
#5256 = CARTESIAN_POINT('',(0.567946377352,-10.74474110968,
    -23.05108636432));
#5257 = ORIENTED_EDGE('',*,*,#5258,.T.);
#5258 = EDGE_CURVE('',#5246,#2895,#5259,.T.);
#5259 = B_SPLINE_CURVE_WITH_KNOTS('',3,(#5260,#5261,#5262,#5263,#5264,
    #5265),.UNSPECIFIED.,.F.,.F.,(4,2,4),(1.E-03,0.989569863218,
    1.102292116815),.UNSPECIFIED.);
#5260 = CARTESIAN_POINT('',(0.567946370711,-10.74474111072,
    -23.05108640345));
#5261 = CARTESIAN_POINT('',(3.863179248105,-10.74474099407,
    -23.05108640345));
#5262 = CARTESIAN_POINT('',(7.158412125499,-10.74474087742,
    -23.05108640345));
#5263 = CARTESIAN_POINT('',(10.82938584821,-10.74474074747,
    -23.05108640345));
#5264 = CARTESIAN_POINT('',(11.20512669354,-10.74474073417,
    -23.05108640345));
#5265 = CARTESIAN_POINT('',(11.58086753886,-10.74474072087,
    -23.05108640345));
#5266 = ORIENTED_EDGE('',*,*,#2903,.T.);
#5267 = ORIENTED_EDGE('',*,*,#5179,.T.);
#5268 = B_SPLINE_SURFACE_WITH_KNOTS('',3,1,(
    (#5269,#5270)
    ,(#5271,#5272)
    ,(#5273,#5274)
    ,(#5275,#5276)
    ,(#5277,#5278)
    ,(#5279,#5280)
    ,(#5281,#5282)
    ,(#5283,#5284)
    ,(#5285,#5286)
    ,(#5287,#5288)
    ,(#5289,#5290)
    ,(#5291,#5292)
    ,(#5293,#5294)
    ,(#5295,#5296)
    ,(#5297,#5298)
    ,(#5299,#5300)
    ,(#5301,#5302)
    ,(#5303,#5304)
    ,(#5305,#5306
    )),.UNSPECIFIED.,.F.,.F.,.F.,(4,3,3,3,3,3,4),(2,2),(-0.202312577615,
    0.,0.174144055956,0.466298016749,0.694715272236,0.888398737599,
    1.150791327866),(-0.669205470968,1.309934255469),.UNSPECIFIED.);
#5269 = CARTESIAN_POINT('',(0.557946101911,-3.151495100587,
    -33.43244410752));
#5270 = CARTESIAN_POINT('',(20.34934336627,-3.151494399974,
    -33.43244410752));
#5271 = CARTESIAN_POINT('',(0.557946143367,-4.322582176663,
    -32.41566504466));
#5272 = CARTESIAN_POINT('',(20.349343407726,-4.32258147605,
    -32.41566504466));
#5273 = CARTESIAN_POINT('',(0.557946184824,-5.493669252739,
    -31.39888598179));
#5274 = CARTESIAN_POINT('',(20.349343449183,-5.493668552126,
    -31.39888598179));
#5275 = CARTESIAN_POINT('',(0.55794622628,-6.664756328815,
    -30.38210691892));
#5276 = CARTESIAN_POINT('',(20.349343490639,-6.664755628202,
    -30.38210691892));
#5277 = CARTESIAN_POINT('',(0.557946262068,-7.67572712721,
    -29.50434645006));
#5278 = CARTESIAN_POINT('',(20.349343526427,-7.675726426597,
    -29.50434645006));
#5279 = CARTESIAN_POINT('',(0.557946282537,-8.253950222551,
    -28.95507167966));
#5280 = CARTESIAN_POINT('',(20.349343546896,-8.253949521938,
    -28.95507167966));
#5281 = CARTESIAN_POINT('',(0.557946298833,-8.71427081214,
    -28.47972686068));
#5282 = CARTESIAN_POINT('',(20.349343563192,-8.714270111527,
    -28.47972686068));
#5283 = CARTESIAN_POINT('',(0.557946326171,-9.486530782455,
    -27.68226138967));
#5284 = CARTESIAN_POINT('',(20.34934359053,-9.486530081842,
    -27.68226138967));
#5285 = CARTESIAN_POINT('',(0.557946340303,-9.885742585698,
    -27.13081807596));
#5286 = CARTESIAN_POINT('',(20.349343604662,-9.885741885085,
    -27.13081807596));
#5287 = CARTESIAN_POINT('',(0.55794635087,-10.18424952348,
    -26.52770237614));
#5288 = CARTESIAN_POINT('',(20.349343615229,-10.18424882287,
    -26.52770237614));
#5289 = CARTESIAN_POINT('',(0.557946359131,-10.41763378187,
    -26.05616321741));
#5290 = CARTESIAN_POINT('',(20.34934362349,-10.41763308126,
    -26.05616321741));
#5291 = CARTESIAN_POINT('',(0.557946364585,-10.57169654458,
    -25.5743005962));
#5292 = CARTESIAN_POINT('',(20.349343628944,-10.57169584397,
    -25.5743005962));
#5293 = CARTESIAN_POINT('',(0.557946367831,-10.66337262716,
    -24.93851808296));
#5294 = CARTESIAN_POINT('',(20.34934363219,-10.66337192655,
    -24.93851808296));
#5295 = CARTESIAN_POINT('',(0.557946370582,-10.74110817883,
    -24.39941450201));
#5296 = CARTESIAN_POINT('',(20.349343634941,-10.74110747822,
    -24.39941450201));
#5297 = CARTESIAN_POINT('',(0.557946371864,-10.77732393942,
    -23.77861798757));
#5298 = CARTESIAN_POINT('',(20.349343636223,-10.7773232388,
    -23.77861798757));
#5299 = CARTESIAN_POINT('',(0.557946370312,-10.7334626462,
    -22.72278518461));
#5300 = CARTESIAN_POINT('',(20.349343634671,-10.73346194559,
    -22.72278518461));
#5301 = CARTESIAN_POINT('',(0.557946368226,-10.6745298164,
    -21.30414906344));
#5302 = CARTESIAN_POINT('',(20.349343632585,-10.67452911579,
    -21.30414906344));
#5303 = CARTESIAN_POINT('',(0.557946366139,-10.6155969866,
    -19.88551294228));
#5304 = CARTESIAN_POINT('',(20.349343630498,-10.61559628599,
    -19.88551294228));
#5305 = CARTESIAN_POINT('',(0.557946364053,-10.5566641568,
    -18.46687682111));
#5306 = CARTESIAN_POINT('',(20.349343628412,-10.55666345618,
    -18.46687682111));
#5307 = ADVANCED_FACE('',(#5308),#5433,.T.);
#5308 = FACE_BOUND('',#5309,.T.);
#5309 = EDGE_LOOP('',(#5310,#5311,#5322,#5332,#5333,#5334,#5335,#5346,
    #5358,#5367,#5368,#5379,#5391,#5400,#5401,#5412,#5424));
#5310 = ORIENTED_EDGE('',*,*,#2130,.F.);
#5311 = ORIENTED_EDGE('',*,*,#5312,.F.);
#5312 = EDGE_CURVE('',#5313,#2118,#5315,.T.);
#5313 = VERTEX_POINT('',#5314);
#5314 = CARTESIAN_POINT('',(0.18904060097,-11.97199533175,
    -23.05108640352));
#5315 = B_SPLINE_CURVE_WITH_KNOTS('',3,(#5316,#5317,#5318,#5319,#5320,
    #5321),.UNSPECIFIED.,.F.,.F.,(4,2,4),(0.57351130658,1.245064295011,
    1.505896208347),.UNSPECIFIED.);
#5316 = CARTESIAN_POINT('',(0.189040600974,-11.97199533175,
    -23.05108640345));
#5317 = CARTESIAN_POINT('',(0.189040680217,-14.21050529319,
    -23.05108640345));
#5318 = CARTESIAN_POINT('',(0.18904075946,-16.44901525462,
    -23.05108640345));
#5319 = CARTESIAN_POINT('',(0.189040869481,-19.55696492718,
    -23.05108640345));
#5320 = CARTESIAN_POINT('',(0.189040900259,-20.4264046383,
    -23.05108640345));
#5321 = CARTESIAN_POINT('',(0.189040931037,-21.29584434942,
    -23.05108640345));
#5322 = ORIENTED_EDGE('',*,*,#5323,.T.);
#5323 = EDGE_CURVE('',#5313,#5246,#5324,.T.);
#5324 = B_SPLINE_CURVE_WITH_KNOTS('',3,(#5325,#5326,#5327,#5328,#5329,
    #5330,#5331),.UNSPECIFIED.,.F.,.F.,(4,3,4),(-0.151927380656,
    -0.107951786172,-2.212704211595E-02),.UNSPECIFIED.);
#5325 = CARTESIAN_POINT('',(0.189046738013,-11.97198721553,
    -23.05108640352));
#5326 = CARTESIAN_POINT('',(0.232993638864,-11.83456880336,
    -23.05108640352));
#5327 = CARTESIAN_POINT('',(0.276689498574,-11.69664493902,
    -23.05108640352));
#5328 = CARTESIAN_POINT('',(0.319961265842,-11.5582999811,
    -23.05108640352));
#5329 = CARTESIAN_POINT('',(0.404412389111,-11.28829975157,
    -23.05108640352));
#5330 = CARTESIAN_POINT('',(0.487248179143,-11.01669561124,
    -23.05108640352));
#5331 = CARTESIAN_POINT('',(0.567932392892,-10.74473681738,
    -23.05108640352));
#5332 = ORIENTED_EDGE('',*,*,#5258,.T.);
#5333 = ORIENTED_EDGE('',*,*,#2894,.F.);
#5334 = ORIENTED_EDGE('',*,*,#2320,.F.);
#5335 = ORIENTED_EDGE('',*,*,#5336,.F.);
#5336 = EDGE_CURVE('',#5337,#2308,#5339,.T.);
#5337 = VERTEX_POINT('',#5338);
#5338 = CARTESIAN_POINT('',(0.574485746817,-10.34459551742,
    -23.05108638691));
#5339 = B_SPLINE_CURVE_WITH_KNOTS('',3,(#5340,#5341,#5342,#5343,#5344,
    #5345),.UNSPECIFIED.,.F.,.F.,(4,2,4),(1.E-03,1.002002423824,
    1.101661020583),.UNSPECIFIED.);
#5340 = CARTESIAN_POINT('',(0.574485746817,-10.34459551832,
    -23.05108640345));
#5341 = CARTESIAN_POINT('',(3.911160492896,-10.3445954002,
    -23.05108640345));
#5342 = CARTESIAN_POINT('',(7.247835238975,-10.34459528209,
    -23.05108640345));
#5343 = CARTESIAN_POINT('',(10.916705307575,-10.34459515221,
    -23.05108640345));
#5344 = CARTESIAN_POINT('',(11.248900630105,-10.34459514045,
    -23.05108640345));
#5345 = CARTESIAN_POINT('',(11.581095952635,-10.34459512869,
    -23.05108640345));
#5346 = ORIENTED_EDGE('',*,*,#5347,.T.);
#5347 = EDGE_CURVE('',#5337,#5348,#5350,.T.);
#5348 = VERTEX_POINT('',#5349);
#5349 = CARTESIAN_POINT('',(0.211107139477,-9.164395153026,
    -23.05108640345));
#5350 = B_SPLINE_CURVE_WITH_KNOTS('',3,(#5351,#5352,#5353,#5354,#5355,
    #5356,#5357),.UNSPECIFIED.,.F.,.F.,(4,3,4),(-0.197587729116,
    -8.59934558305E-02,-7.040420175625E-02),.UNSPECIFIED.);
#5351 = CARTESIAN_POINT('',(0.574484890852,-10.34459589148,
    -23.05108638639));
#5352 = CARTESIAN_POINT('',(0.471748268978,-9.997709654864,
    -23.05108638639));
#5353 = CARTESIAN_POINT('',(0.365353364638,-9.651404917498,
    -23.05108638639));
#5354 = CARTESIAN_POINT('',(0.256757163152,-9.308094062149,
    -23.05108638639));
#5355 = CARTESIAN_POINT('',(0.241586727191,-9.260134968972,
    -23.05108638639));
#5356 = CARTESIAN_POINT('',(0.226373333084,-9.212234301174,
    -23.05108638639));
#5357 = CARTESIAN_POINT('',(0.211124765595,-9.164394335927,
    -23.05108638639));
#5358 = ORIENTED_EDGE('',*,*,#5359,.T.);
#5359 = EDGE_CURVE('',#5348,#2258,#5360,.T.);
#5360 = B_SPLINE_CURVE_WITH_KNOTS('',3,(#5361,#5362,#5363,#5364,#5365,
    #5366),.UNSPECIFIED.,.F.,.F.,(4,2,4),(0.35192398553,1.124967127734,
    1.291198091196),.UNSPECIFIED.);
#5361 = CARTESIAN_POINT('',(0.211107139477,-9.164395153026,
    -23.05108640345));
#5362 = CARTESIAN_POINT('',(0.211107048258,-6.587584679013,
    -23.05108640345));
#5363 = CARTESIAN_POINT('',(0.211106957039,-4.010774204999,
    -23.05108640345));
#5364 = CARTESIAN_POINT('',(0.211106846205,-0.879860519446,
    -23.05108640345));
#5365 = CARTESIAN_POINT('',(0.21110682659,-0.325757307909,
    -23.05108640345));
#5366 = CARTESIAN_POINT('',(0.211106806975,0.228345903631,
    -23.05108640345));
#5367 = ORIENTED_EDGE('',*,*,#2257,.F.);
#5368 = ORIENTED_EDGE('',*,*,#5369,.F.);
#5369 = EDGE_CURVE('',#5370,#2245,#5372,.T.);
#5370 = VERTEX_POINT('',#5371);
#5371 = CARTESIAN_POINT('',(-0.189038455136,-9.095274699853,
    -23.05108640352));
#5372 = B_SPLINE_CURVE_WITH_KNOTS('',3,(#5373,#5374,#5375,#5376,#5377,
    #5378),.UNSPECIFIED.,.F.,.F.,(4,2,4),(0.573511306575,1.245064295009,
    1.505896209027),.UNSPECIFIED.);
#5373 = CARTESIAN_POINT('',(-0.18903845514,-9.095274699853,
    -23.05108640345));
#5374 = CARTESIAN_POINT('',(-0.189038534383,-6.856764738407,
    -23.05108640345));
#5375 = CARTESIAN_POINT('',(-0.189038613626,-4.618254776962,
    -23.05108640345));
#5376 = CARTESIAN_POINT('',(-0.189038723647,-1.510305102123,
    -23.05108640345));
#5377 = CARTESIAN_POINT('',(-0.189038754425,-0.64086538873,
    -23.05108640345));
#5378 = CARTESIAN_POINT('',(-0.189038785203,0.228574324656,
    -23.05108640345));
#5379 = ORIENTED_EDGE('',*,*,#5380,.T.);
#5380 = EDGE_CURVE('',#5370,#5381,#5383,.T.);
#5381 = VERTEX_POINT('',#5382);
#5382 = CARTESIAN_POINT('',(-0.567944224877,-10.3225289229,
    -23.05108636555));
#5383 = B_SPLINE_CURVE_WITH_KNOTS('',3,(#5384,#5385,#5386,#5387,#5388,
    #5389,#5390),.UNSPECIFIED.,.F.,.F.,(4,3,4),(-0.151927380656,
    -0.107951786172,-2.212704211598E-02),.UNSPECIFIED.);
#5384 = CARTESIAN_POINT('',(-0.189044592181,-9.095282816077,
    -23.05108640352));
#5385 = CARTESIAN_POINT('',(-0.232991493031,-9.232701228247,
    -23.05108640352));
#5386 = CARTESIAN_POINT('',(-0.276687352741,-9.370625092584,
    -23.05108640352));
#5387 = CARTESIAN_POINT('',(-0.319959120008,-9.508970050498,
    -23.05108640352));
#5388 = CARTESIAN_POINT('',(-0.404410243277,-9.77897028003,
    -23.05108640352));
#5389 = CARTESIAN_POINT('',(-0.487246033309,-10.05057442036,
    -23.05108640352));
#5390 = CARTESIAN_POINT('',(-0.567930247058,-10.32253321422,
    -23.05108640352));
#5391 = ORIENTED_EDGE('',*,*,#5392,.T.);
#5392 = EDGE_CURVE('',#5381,#2195,#5393,.T.);
#5393 = B_SPLINE_CURVE_WITH_KNOTS('',3,(#5394,#5395,#5396,#5397,#5398,
    #5399),.UNSPECIFIED.,.F.,.F.,(4,2,4),(1.E-03,0.989569863218,
    1.102292186818),.UNSPECIFIED.);
#5394 = CARTESIAN_POINT('',(-0.567944224877,-10.32252892087,
    -23.05108640345));
#5395 = CARTESIAN_POINT('',(-3.863177102271,-10.32252903752,
    -23.05108640345));
#5396 = CARTESIAN_POINT('',(-7.158409979665,-10.32252915417,
    -23.05108640345));
#5397 = CARTESIAN_POINT('',(-10.82938393572,-10.32252928413,
    -23.05108640345));
#5398 = CARTESIAN_POINT('',(-11.20512501439,-10.32252929743,
    -23.05108640345));
#5399 = CARTESIAN_POINT('',(-11.58086609305,-10.32252931073,
    -23.05108640345));
#5400 = ORIENTED_EDGE('',*,*,#2194,.F.);
#5401 = ORIENTED_EDGE('',*,*,#5402,.F.);
#5402 = EDGE_CURVE('',#5403,#2182,#5405,.T.);
#5403 = VERTEX_POINT('',#5404);
#5404 = CARTESIAN_POINT('',(-0.574483600983,-10.72267451417,
    -23.05108638691));
#5405 = B_SPLINE_CURVE_WITH_KNOTS('',3,(#5406,#5407,#5408,#5409,#5410,
    #5411),.UNSPECIFIED.,.F.,.F.,(4,2,4),(1.E-03,1.002002423824,
    1.101661090585),.UNSPECIFIED.);
#5406 = CARTESIAN_POINT('',(-0.574483600983,-10.72267451327,
    -23.05108640345));
#5407 = CARTESIAN_POINT('',(-3.911158347062,-10.72267463139,
    -23.05108640345));
#5408 = CARTESIAN_POINT('',(-7.247833093141,-10.72267474951,
    -23.05108640345));
#5409 = CARTESIAN_POINT('',(-10.91670339509,-10.72267487939,
    -23.05108640345));
#5410 = CARTESIAN_POINT('',(-11.24889895096,-10.72267489115,
    -23.05108640345));
#5411 = CARTESIAN_POINT('',(-11.58109450683,-10.72267490291,
    -23.05108640345));
#5412 = ORIENTED_EDGE('',*,*,#5413,.T.);
#5413 = EDGE_CURVE('',#5403,#5414,#5416,.T.);
#5414 = VERTEX_POINT('',#5415);
#5415 = CARTESIAN_POINT('',(-0.211104993644,-11.90287487857,
    -23.05108640345));
#5416 = B_SPLINE_CURVE_WITH_KNOTS('',3,(#5417,#5418,#5419,#5420,#5421,
    #5422,#5423),.UNSPECIFIED.,.F.,.F.,(4,3,4),(-0.197985217478,
    -0.115284148109,-7.061861258173E-02),.UNSPECIFIED.);
#5417 = CARTESIAN_POINT('',(-0.574483163399,-10.72267458816,
    -23.05108638639));
#5418 = CARTESIAN_POINT('',(-0.498460876275,-10.97938337171,
    -23.05108638639));
#5419 = CARTESIAN_POINT('',(-0.42047871232,-11.23582023614,
    -23.05108638639));
#5420 = CARTESIAN_POINT('',(-0.341004049118,-11.49087370148,
    -23.05108638639));
#5421 = CARTESIAN_POINT('',(-0.298081044377,-11.62862403172,
    -23.05108638639));
#5422 = CARTESIAN_POINT('',(-0.254722691227,-11.76597083707,
    -23.05108638639));
#5423 = CARTESIAN_POINT('',(-0.211092547373,-11.90283913618,
    -23.05108638639));
#5424 = ORIENTED_EDGE('',*,*,#5425,.T.);
#5425 = EDGE_CURVE('',#5414,#2131,#5426,.T.);
#5426 = B_SPLINE_CURVE_WITH_KNOTS('',3,(#5427,#5428,#5429,#5430,#5431,
    #5432),.UNSPECIFIED.,.F.,.F.,(4,2,4),(0.35192398553,1.124967127734,
    1.291198091961),.UNSPECIFIED.);
#5427 = CARTESIAN_POINT('',(-0.211104993644,-11.90287487857,
    -23.05108640345));
#5428 = CARTESIAN_POINT('',(-0.211104902425,-14.47968535259,
    -23.05108640345));
#5429 = CARTESIAN_POINT('',(-0.211104811207,-17.0564958266,
    -23.05108640345));
#5430 = CARTESIAN_POINT('',(-0.211104700373,-20.1874095147,
    -23.05108640345));
#5431 = CARTESIAN_POINT('',(-0.211104680758,-20.74151272879,
    -23.05108640345));
#5432 = CARTESIAN_POINT('',(-0.211104661142,-21.29561594288,
    -23.05108640345));
#5433 = PLANE('',#5434);
#5434 = AXIS2_PLACEMENT_3D('',#5435,#5436,#5437);
#5435 = CARTESIAN_POINT('',(1.07999646858E-06,-10.7336350158,
    -23.05108640345));
#5436 = DIRECTION('',(-5.15E-15,-2.651E-14,1.));
#5437 = DIRECTION('',(-3.539987266E-08,1.,2.650999981769E-14));
#5438 = ADVANCED_FACE('',(#5439),#5450,.F.);
#5439 = FACE_BOUND('',#5440,.F.);
#5440 = EDGE_LOOP('',(#5441,#5442,#5448,#5449));
#5441 = ORIENTED_EDGE('',*,*,#4005,.F.);
#5442 = ORIENTED_EDGE('',*,*,#5443,.T.);
#5443 = EDGE_CURVE('',#3997,#2642,#5444,.T.);
#5444 = LINE('',#5445,#5446);
#5445 = CARTESIAN_POINT('',(-6.076020141E-08,1.716364984198,
    -22.58582988548));
#5446 = VECTOR('',#5447,1.);
#5447 = DIRECTION('',(-3.539988028E-08,1.,-1.752E-14));
#5448 = ORIENTED_EDGE('',*,*,#2668,.T.);
#5449 = ORIENTED_EDGE('',*,*,#4630,.F.);
#5450 = CYLINDRICAL_SURFACE('',#5451,11.25);
#5451 = AXIS2_PLACEMENT_3D('',#5452,#5453,#5454);
#5452 = CARTESIAN_POINT('',(-7.4886155451E-07,1.716364984198,
    -11.33582988548));
#5453 = DIRECTION('',(-3.539990152E-08,1.,-1.752E-14));
#5454 = DIRECTION('',(0.737513928898,2.61079086208E-08,-0.675331921859)
  );
#5455 = ADVANCED_FACE('',(#5456),#5467,.F.);
#5456 = FACE_BOUND('',#5457,.F.);
#5457 = EDGE_LOOP('',(#5458,#5459,#5465,#5466));
#5458 = ORIENTED_EDGE('',*,*,#3996,.T.);
#5459 = ORIENTED_EDGE('',*,*,#5460,.F.);
#5460 = EDGE_CURVE('',#2446,#3989,#5461,.T.);
#5461 = LINE('',#5462,#5463);
#5462 = CARTESIAN_POINT('',(-7.53923020298,1.71636471731,-19.68582979489
    ));
#5463 = VECTOR('',#5464,1.);
#5464 = DIRECTION('',(3.539988028E-08,-1.,1.752E-14));
#5465 = ORIENTED_EDGE('',*,*,#2641,.T.);
#5466 = ORIENTED_EDGE('',*,*,#5443,.F.);
#5467 = CYLINDRICAL_SURFACE('',#5468,11.25);
#5468 = AXIS2_PLACEMENT_3D('',#5469,#5470,#5471);
#5469 = CARTESIAN_POINT('',(6.2734098408E-07,1.716364984198,
    -11.33582988548));
#5470 = DIRECTION('',(3.539988028E-08,-1.,1.752E-14));
#5471 = DIRECTION('',(-0.737513928898,-2.610791661963E-08,
    -0.675331921859));
#5472 = ADVANCED_FACE('',(#5473),#5486,.F.);
#5473 = FACE_BOUND('',#5474,.F.);
#5474 = EDGE_LOOP('',(#5475,#5476,#5477,#5478,#5479));
#5475 = ORIENTED_EDGE('',*,*,#3180,.F.);
#5476 = ORIENTED_EDGE('',*,*,#2445,.F.);
#5477 = ORIENTED_EDGE('',*,*,#5460,.T.);
#5478 = ORIENTED_EDGE('',*,*,#3988,.T.);
#5479 = ORIENTED_EDGE('',*,*,#5480,.F.);
#5480 = EDGE_CURVE('',#3172,#3981,#5481,.T.);
#5481 = ELLIPSE('',#5482,70.190375714777,35.231448316271);
#5482 = AXIS2_PLACEMENT_3D('',#5483,#5484,#5485);
#5483 = CARTESIAN_POINT('',(-8.270788367811,-58.70156142483,
    -19.68582979489));
#5484 = DIRECTION('',(-0.,0.,-1.));
#5485 = DIRECTION('',(-1.,-3.539989041E-08,0.));
#5486 = PLANE('',#5487);
#5487 = AXIS2_PLACEMENT_3D('',#5488,#5489,#5490);
#5488 = CARTESIAN_POINT('',(1.750000846803,-19.03363495385,
    -19.68582979489));
#5489 = DIRECTION('',(-0.,-0.,-1.));
#5490 = DIRECTION('',(-1.,0.,0.));
#5491 = ADVANCED_FACE('',(#5492),#5528,.T.);
#5492 = FACE_BOUND('',#5493,.T.);
#5493 = EDGE_LOOP('',(#5494,#5495,#5504,#5527));
#5494 = ORIENTED_EDGE('',*,*,#2307,.F.);
#5495 = ORIENTED_EDGE('',*,*,#5496,.T.);
#5496 = EDGE_CURVE('',#2299,#5497,#5499,.T.);
#5497 = VERTEX_POINT('',#5498);
#5498 = CARTESIAN_POINT('',(4.988035966232,-6.402513506463,
    -30.08006588797));
#5499 = B_SPLINE_CURVE_WITH_KNOTS('',3,(#5500,#5501,#5502,#5503),
  .UNSPECIFIED.,.F.,.F.,(4,4),(-0.401378587764,0.226196496044),
  .PIECEWISE_BEZIER_KNOTS.);
#5500 = CARTESIAN_POINT('',(11.263786804306,-6.402513284302,
    -30.08006588797));
#5501 = CARTESIAN_POINT('',(9.171869858286,-6.402513358355,
    -30.08006588797));
#5502 = CARTESIAN_POINT('',(7.079952912259,-6.402513432409,
    -30.08006588797));
#5503 = CARTESIAN_POINT('',(4.988035966232,-6.402513506463,
    -30.08006588797));
#5504 = ORIENTED_EDGE('',*,*,#5505,.F.);
#5505 = EDGE_CURVE('',#5337,#5497,#5506,.T.);
#5506 = B_SPLINE_CURVE_WITH_KNOTS('',3,(#5507,#5508,#5509,#5510,#5511,
    #5512,#5513,#5514,#5515,#5516,#5517,#5518,#5519,#5520,#5521,#5522,
    #5523,#5524,#5525,#5526),.UNSPECIFIED.,.F.,.F.,(4,2,2,2,2,2,2,2,2,4)
  ,(-0.847852980057,-0.837829984262,-0.797984242979,-0.706796415946,
    -0.614286397194,-0.339717615674,-0.215153283022,-9.283343548641E-02,
    -5.12186849427E-02,0.),.UNSPECIFIED.);
#5507 = CARTESIAN_POINT('',(0.574485749944,-10.34459551786,
    -23.05108638629));
#5508 = CARTESIAN_POINT('',(0.582145064664,-10.34565716032,
    -23.09004183853));
#5509 = CARTESIAN_POINT('',(0.590935124047,-10.34659871731,
    -23.12878034655));
#5510 = CARTESIAN_POINT('',(0.639594066331,-10.35066087787,
    -23.32013217616));
#5511 = CARTESIAN_POINT('',(0.694633048849,-10.35194165249,
    -23.4706269653));
#5512 = CARTESIAN_POINT('',(0.904032570509,-10.34891979502,
    -23.94519321685));
#5513 = CARTESIAN_POINT('',(1.105457830721,-10.33483482246,
    -24.26804835665));
#5514 = CARTESIAN_POINT('',(1.528115169267,-10.27631821566,
    -24.86303486945));
#5515 = CARTESIAN_POINT('',(1.762010829131,-10.23041361515,
    -25.15185588943));
#5516 = CARTESIAN_POINT('',(2.708423109967,-9.956754815187,
    -26.2557881102));
#5517 = CARTESIAN_POINT('',(3.37384180289,-9.561657849078,
    -26.91468855924));
#5518 = CARTESIAN_POINT('',(4.228980294889,-8.67904352532,
    -27.94686580303));
#5519 = CARTESIAN_POINT('',(4.475433596582,-8.364864453579,
    -28.27241656979));
#5520 = CARTESIAN_POINT('',(4.864194923807,-7.71746135711,
    -28.90354368316));
#5521 = CARTESIAN_POINT('',(5.004499084145,-7.390934033836,
    -29.20363367962));
#5522 = CARTESIAN_POINT('',(5.077082238504,-6.988262294713,
    -29.56514255808));
#5523 = CARTESIAN_POINT('',(5.086524466131,-6.883262850295,
    -29.65854390057));
#5524 = CARTESIAN_POINT('',(5.076079028632,-6.651559514874,
    -29.8630698012));
#5525 = CARTESIAN_POINT('',(5.04881404678,-6.522985854507,
    -29.97546754867));
#5526 = CARTESIAN_POINT('',(4.988035966232,-6.402513506463,
    -30.08006588797));
#5527 = ORIENTED_EDGE('',*,*,#5336,.T.);
#5528 = B_SPLINE_SURFACE_WITH_KNOTS('',3,1,(
    (#5529,#5530)
    ,(#5531,#5532)
    ,(#5533,#5534)
    ,(#5535,#5536)
    ,(#5537,#5538)
    ,(#5539,#5540)
    ,(#5541,#5542)
    ,(#5543,#5544)
    ,(#5545,#5546)
    ,(#5547,#5548)
    ,(#5549,#5550)
    ,(#5551,#5552)
    ,(#5553,#5554)
    ,(#5555,#5556)
    ,(#5557,#5558)
    ,(#5559,#5560)
    ,(#5561,#5562)
    ,(#5563,#5564)
    ,(#5565,#5566)
    ,(#5567,#5568)
    ,(#5569,#5570)
    ,(#5571,#5572
    )),.UNSPECIFIED.,.F.,.F.,.F.,(4,3,3,3,3,3,3,4),(2,2),(
    -0.233464935532,-4.360996436069E-04,0.,0.174205644479,0.471383736504
    ,0.700024232494,0.888398737599,1.163733255213),(-0.668551531941,
    1.335453315707),.UNSPECIFIED.);
#5529 = CARTESIAN_POINT('',(0.564485463748,-2.348275830561,
    -33.60009802579));
#5530 = CARTESIAN_POINT('',(20.604533940216,-2.348275121146,
    -33.60009802579));
#5531 = CARTESIAN_POINT('',(0.564485511499,-3.697164077052,
    -32.42894572191));
#5532 = CARTESIAN_POINT('',(20.604533987967,-3.697163367638,
    -32.42894572191));
#5533 = CARTESIAN_POINT('',(0.564485559249,-5.046052323544,
    -31.25779341804));
#5534 = CARTESIAN_POINT('',(20.604534035717,-5.046051614129,
    -31.25779341804));
#5535 = CARTESIAN_POINT('',(0.564485607,-6.394940570036,-30.08664111417)
  );
#5536 = CARTESIAN_POINT('',(20.604534083468,-6.394939860621,
    -30.08664111417));
#5537 = CARTESIAN_POINT('',(0.564485607089,-6.397464934376,
    -30.0844493721));
#5538 = CARTESIAN_POINT('',(20.604534083557,-6.397464224961,
    -30.08444937211));
#5539 = CARTESIAN_POINT('',(0.564485607178,-6.399989298716,
    -30.08225763004));
#5540 = CARTESIAN_POINT('',(20.604534083646,-6.399988589301,
    -30.08225763004));
#5541 = CARTESIAN_POINT('',(0.564485607268,-6.402513663056,
    -30.08006588797));
#5542 = CARTESIAN_POINT('',(20.604534083736,-6.402512953641,
    -30.08006588797));
#5543 = CARTESIAN_POINT('',(0.564485642861,-7.407965307476,
    -29.20709734306));
#5544 = CARTESIAN_POINT('',(20.604534119329,-7.407964598061,
    -29.20709734306));
#5545 = CARTESIAN_POINT('',(0.564485663042,-7.978071449518,
    -28.66500269557));
#5546 = CARTESIAN_POINT('',(20.60453413951,-7.978070740103,
    -28.66500269557));
#5547 = CARTESIAN_POINT('',(0.564485678948,-8.427400084102,
    -28.20096949935));
#5548 = CARTESIAN_POINT('',(20.604534155416,-8.427399374687,
    -28.20096949935));
#5549 = CARTESIAN_POINT('',(0.564485706083,-9.193911563784,
    -27.4093734503));
#5550 = CARTESIAN_POINT('',(20.604534182551,-9.193910854369,
    -27.4093734503));
#5551 = CARTESIAN_POINT('',(0.564485719231,-9.565343153434,
    -26.88619572097));
#5552 = CARTESIAN_POINT('',(20.604534195699,-9.565342444019,
    -26.88619572097));
#5553 = CARTESIAN_POINT('',(0.564485728953,-9.839972928993,
    -26.32128755548));
#5554 = CARTESIAN_POINT('',(20.604534205421,-9.839972219579,
    -26.32128755548));
#5555 = CARTESIAN_POINT('',(0.564485736433,-10.05126538218,
    -25.88666304374));
#5556 = CARTESIAN_POINT('',(20.604534212901,-10.05126467276,
    -25.88666304374));
#5557 = CARTESIAN_POINT('',(0.564485741336,-10.18977409702,
    -25.44712876018));
#5558 = CARTESIAN_POINT('',(20.604534217804,-10.1897733876,
    -25.44712876018));
#5559 = CARTESIAN_POINT('',(0.564485744296,-10.27338984436,
    -24.8393894875));
#5560 = CARTESIAN_POINT('',(20.604534220764,-10.27338913495,
    -24.8393894875));
#5561 = CARTESIAN_POINT('',(0.564485746735,-10.34227998106,
    -24.33867947886));
#5562 = CARTESIAN_POINT('',(20.604534223203,-10.34227927165,
    -24.33867947886));
#5563 = CARTESIAN_POINT('',(0.56448574792,-10.37576535612,
    -23.74940443976));
#5564 = CARTESIAN_POINT('',(20.604534224388,-10.3757646467,
    -23.74940443976));
#5565 = CARTESIAN_POINT('',(0.564485746435,-10.33380734566,
    -22.73938762229));
#5566 = CARTESIAN_POINT('',(20.604534222903,-10.33380663625,
    -22.73938762229));
#5567 = CARTESIAN_POINT('',(0.564485744246,-10.27196778591,
    -21.25078044899));
#5568 = CARTESIAN_POINT('',(20.604534220714,-10.27196707649,
    -21.25078044899));
#5569 = CARTESIAN_POINT('',(0.564485742057,-10.21012822615,
    -19.7621732757));
#5570 = CARTESIAN_POINT('',(20.604534218525,-10.21012751674,
    -19.7621732757));
#5571 = CARTESIAN_POINT('',(0.564485739868,-10.1482886664,-18.2735661024
    ));
#5572 = CARTESIAN_POINT('',(20.604534216336,-10.14828795699,
    -18.2735661024));
#5573 = ADVANCED_FACE('',(#5574),#5596,.F.);
#5574 = FACE_BOUND('',#5575,.F.);
#5575 = EDGE_LOOP('',(#5576,#5577,#5589,#5595));
#5576 = ORIENTED_EDGE('',*,*,#5496,.T.);
#5577 = ORIENTED_EDGE('',*,*,#5578,.T.);
#5578 = EDGE_CURVE('',#5497,#5579,#5581,.T.);
#5579 = VERTEX_POINT('',#5580);
#5580 = CARTESIAN_POINT('',(5.123476314297,-6.533634834432,
    -30.23108640345));
#5581 = B_SPLINE_CURVE_WITH_KNOTS('',3,(#5582,#5583,#5584,#5585,#5586,
    #5587,#5588),.UNSPECIFIED.,.F.,.F.,(4,3,4),(-2.329167518292E-02,
    -1.139216862616E-02,0.),.UNSPECIFIED.);
#5582 = CARTESIAN_POINT('',(4.982858822763,-6.404946937595,
    -30.08006588797));
#5583 = CARTESIAN_POINT('',(5.009057713506,-6.426006572044,
    -30.10423657135));
#5584 = CARTESIAN_POINT('',(5.034455943683,-6.448010514744,
    -30.1295017217));
#5585 = CARTESIAN_POINT('',(5.057731817529,-6.470561739417,
    -30.15539832768));
#5586 = CARTESIAN_POINT('',(5.080015319664,-6.49215148795,
    -30.18019082649));
#5587 = CARTESIAN_POINT('',(5.100352154523,-6.514242115432,
    -30.20556151188));
#5588 = CARTESIAN_POINT('',(5.117552786543,-6.536456583288,
    -30.23108640345));
#5589 = ORIENTED_EDGE('',*,*,#5590,.T.);
#5590 = EDGE_CURVE('',#5579,#2283,#5591,.T.);
#5591 = LINE('',#5592,#5593);
#5592 = CARTESIAN_POINT('',(4.825000931317,-6.533634844998,
    -30.23108640345));
#5593 = VECTOR('',#5594,1.);
#5594 = DIRECTION('',(1.,3.539988635E-08,-3.85E-15));
#5595 = ORIENTED_EDGE('',*,*,#2298,.T.);
#5596 = PLANE('',#5597);
#5597 = AXIS2_PLACEMENT_3D('',#5598,#5599,#5600);
#5598 = CARTESIAN_POINT('',(9.650000931317,-6.533634674194,
    -30.23108640345));
#5599 = DIRECTION('',(2.673054795E-08,-0.755102577372,0.65560666382));
#5600 = DIRECTION('',(1.,3.539987247152E-08,-1.984132018261E-14));
#5601 = ADVANCED_FACE('',(#5602,#5652,#5681,#5719,#5750,#5788,#5799,
    #5810,#5821),#5832,.T.);
#5602 = FACE_BOUND('',#5603,.T.);
#5603 = EDGE_LOOP('',(#5604,#5612,#5613,#5614,#5622,#5630,#5638,#5646));
#5604 = ORIENTED_EDGE('',*,*,#5605,.F.);
#5605 = EDGE_CURVE('',#3944,#5606,#5608,.T.);
#5606 = VERTEX_POINT('',#5607);
#5607 = CARTESIAN_POINT('',(4.397216733519,3.913011511208,
    -30.23108640344));
#5608 = LINE('',#5609,#5610);
#5609 = CARTESIAN_POINT('',(3.648615214E-08,3.913011355548,
    -30.23108640344));
#5610 = VECTOR('',#5611,1.);
#5611 = DIRECTION('',(-1.,-3.539989163E-08,-4.4E-16));
#5612 = ORIENTED_EDGE('',*,*,#3943,.F.);
#5613 = ORIENTED_EDGE('',*,*,#3965,.F.);
#5614 = ORIENTED_EDGE('',*,*,#5615,.F.);
#5615 = EDGE_CURVE('',#5616,#3966,#5618,.T.);
#5616 = VERTEX_POINT('',#5617);
#5617 = CARTESIAN_POINT('',(-12.75055702389,3.913010904179,
    -30.23108640344));
#5618 = LINE('',#5619,#5620);
#5619 = CARTESIAN_POINT('',(-12.75055653493,-9.899530098213,
    -30.23108640344));
#5620 = VECTOR('',#5621,1.);
#5621 = DIRECTION('',(3.539990163E-08,-1.,-4.E-16));
#5622 = ORIENTED_EDGE('',*,*,#5623,.F.);
#5623 = EDGE_CURVE('',#5624,#5616,#5626,.T.);
#5624 = VERTEX_POINT('',#5625);
#5625 = CARTESIAN_POINT('',(-10.84260647012,3.913010971721,
    -30.23108640344));
#5626 = LINE('',#5627,#5628);
#5627 = CARTESIAN_POINT('',(3.648615214E-08,3.913011355548,
    -30.23108640344));
#5628 = VECTOR('',#5629,1.);
#5629 = DIRECTION('',(-1.,-3.539989163E-08,-4.4E-16));
#5630 = ORIENTED_EDGE('',*,*,#5631,.F.);
#5631 = EDGE_CURVE('',#5632,#5624,#5634,.T.);
#5632 = VERTEX_POINT('',#5633);
#5633 = CARTESIAN_POINT('',(-10.84260640344,2.029475283901,
    -30.23108640344));
#5634 = LINE('',#5635,#5636);
#5635 = CARTESIAN_POINT('',(-10.84260622681,-2.960243296052,
    -30.23108640344));
#5636 = VECTOR('',#5637,1.);
#5637 = DIRECTION('',(-3.539988278E-08,1.,4.E-16));
#5638 = ORIENTED_EDGE('',*,*,#5639,.T.);
#5639 = EDGE_CURVE('',#5632,#5640,#5642,.T.);
#5640 = VERTEX_POINT('',#5641);
#5641 = CARTESIAN_POINT('',(4.397216800196,2.029475823388,
    -30.23108640344));
#5642 = LINE('',#5643,#5644);
#5643 = CARTESIAN_POINT('',(5.125000278171,2.029475849152,
    -30.23108640344));
#5644 = VECTOR('',#5645,1.);
#5645 = DIRECTION('',(1.,3.53998774E-08,4.4E-16));
#5646 = ORIENTED_EDGE('',*,*,#5647,.F.);
#5647 = EDGE_CURVE('',#5606,#5640,#5648,.T.);
#5648 = LINE('',#5649,#5650);
#5649 = CARTESIAN_POINT('',(4.397216976832,-2.960242756565,
    -30.23108640344));
#5650 = VECTOR('',#5651,1.);
#5651 = DIRECTION('',(3.539987776E-08,-1.,-4.E-16));
#5652 = FACE_BOUND('',#5653,.T.);
#5653 = EDGE_LOOP('',(#5654,#5655,#5656,#5657,#5666,#5675));
#5654 = ORIENTED_EDGE('',*,*,#2093,.T.);
#5655 = ORIENTED_EDGE('',*,*,#5190,.T.);
#5656 = ORIENTED_EDGE('',*,*,#5217,.F.);
#5657 = ORIENTED_EDGE('',*,*,#5658,.F.);
#5658 = EDGE_CURVE('',#5659,#5218,#5661,.T.);
#5659 = VERTEX_POINT('',#5660);
#5660 = CARTESIAN_POINT('',(6.500001072917,-10.5336347857,
    -30.23108640345));
#5661 = B_SPLINE_CURVE_WITH_KNOTS('',3,(#5662,#5663,#5664,#5665),
  .UNSPECIFIED.,.F.,.F.,(4,4),(0.,0.384987187329),
  .PIECEWISE_BEZIER_KNOTS.);
#5662 = CARTESIAN_POINT('',(6.500001072917,-10.5336347857,
    -30.23108640345));
#5663 = CARTESIAN_POINT('',(6.500001026534,-9.223372456312,
    -30.23108640345));
#5664 = CARTESIAN_POINT('',(6.092182206737,-7.915980263061,
    -30.23108640345));
#5665 = CARTESIAN_POINT('',(5.347238687199,-6.838090415015,
    -30.23108640345));
#5666 = ORIENTED_EDGE('',*,*,#5667,.F.);
#5667 = EDGE_CURVE('',#5668,#5659,#5670,.T.);
#5668 = VERTEX_POINT('',#5669);
#5669 = CARTESIAN_POINT('',(4.000001254286,-15.65711025718,
    -30.23108640345));
#5670 = CIRCLE('',#5671,6.5);
#5671 = AXIS2_PLACEMENT_3D('',#5672,#5673,#5674);
#5672 = CARTESIAN_POINT('',(1.07291687221E-06,-10.5336350158,
    -30.23108640345));
#5673 = DIRECTION('',(3.85E-15,-4.257E-14,1.));
#5674 = DIRECTION('',(1.,3.539987266E-08,-3.849998493027E-15));
#5675 = ORIENTED_EDGE('',*,*,#5676,.T.);
#5676 = EDGE_CURVE('',#5668,#2094,#5677,.T.);
#5677 = LINE('',#5678,#5679);
#5678 = CARTESIAN_POINT('',(4.00000124726,-15.4586348742,-30.23108640345
    ));
#5679 = VECTOR('',#5680,1.);
#5680 = DIRECTION('',(3.539988647E-08,-1.,-4.257E-14));
#5681 = FACE_BOUND('',#5682,.T.);
#5682 = EDGE_LOOP('',(#5683,#5694,#5703,#5712,#5718));
#5683 = ORIENTED_EDGE('',*,*,#5684,.T.);
#5684 = EDGE_CURVE('',#2143,#5685,#5687,.T.);
#5685 = VERTEX_POINT('',#5686);
#5686 = CARTESIAN_POINT('',(3.695545673703,-15.88087263008,
    -30.23108640345));
#5687 = B_SPLINE_CURVE_WITH_KNOTS('',3,(#5688,#5689,#5690,#5691,#5692,
    #5693),.UNSPECIFIED.,.F.,.F.,(4,2,4),(0.893255890448,1.124967127734,
    1.500210480958),.UNSPECIFIED.);
#5688 = CARTESIAN_POINT('',(3.695545888565,-21.95041853519,
    -30.23108640345));
#5689 = CARTESIAN_POINT('',(3.695545861223,-21.17804774423,
    -30.23108640345));
#5690 = CARTESIAN_POINT('',(3.695545833881,-20.40567695328,
    -30.23108640345));
#5691 = CARTESIAN_POINT('',(3.695545762261,-18.38249498491,
    -30.23108640345));
#5692 = CARTESIAN_POINT('',(3.695545717982,-17.13168380749,
    -30.23108640345));
#5693 = CARTESIAN_POINT('',(3.695545673703,-15.88087263008,
    -30.23108640345));
#5694 = ORIENTED_EDGE('',*,*,#5695,.F.);
#5695 = EDGE_CURVE('',#5696,#5685,#5698,.T.);
#5696 = VERTEX_POINT('',#5697);
#5697 = CARTESIAN_POINT('',(1.303016050679E-06,-17.0336350158,
    -30.23108640345));
#5698 = B_SPLINE_CURVE_WITH_KNOTS('',3,(#5699,#5700,#5701,#5702),
  .UNSPECIFIED.,.F.,.F.,(4,4),(0.,0.384987187329),
  .PIECEWISE_BEZIER_KNOTS.);
#5699 = CARTESIAN_POINT('',(1.30301604346E-06,-17.0336350158,
    -30.23108640345));
#5700 = CARTESIAN_POINT('',(1.310263632407,-17.03363496941,
    -30.23108640345));
#5701 = CARTESIAN_POINT('',(2.617655825657,-16.62581614962,
    -30.23108640345));
#5702 = CARTESIAN_POINT('',(3.695545673703,-15.88087263008,
    -30.23108640345));
#5703 = ORIENTED_EDGE('',*,*,#5704,.F.);
#5704 = EDGE_CURVE('',#5705,#5696,#5707,.T.);
#5705 = VERTEX_POINT('',#5706);
#5706 = CARTESIAN_POINT('',(-5.123474168464,-14.53363519717,
    -30.23108640345));
#5707 = CIRCLE('',#5708,6.5);
#5708 = AXIS2_PLACEMENT_3D('',#5709,#5710,#5711);
#5709 = CARTESIAN_POINT('',(1.07291687221E-06,-10.5336350158,
    -30.23108640345));
#5710 = DIRECTION('',(3.85E-15,-4.257E-14,1.));
#5711 = DIRECTION('',(1.,3.539987266E-08,-3.849998493027E-15));
#5712 = ORIENTED_EDGE('',*,*,#5713,.T.);
#5713 = EDGE_CURVE('',#5705,#2156,#5714,.T.);
#5714 = LINE('',#5715,#5716);
#5715 = CARTESIAN_POINT('',(-4.824998785484,-14.5336351866,
    -30.23108640345));
#5716 = VECTOR('',#5717,1.);
#5717 = DIRECTION('',(-1.,-3.53998866E-08,3.85E-15));
#5718 = ORIENTED_EDGE('',*,*,#2155,.T.);
#5719 = FACE_BOUND('',#5720,.T.);
#5720 = EDGE_LOOP('',(#5721,#5722,#5733,#5742,#5749));
#5721 = ORIENTED_EDGE('',*,*,#2282,.T.);
#5722 = ORIENTED_EDGE('',*,*,#5723,.T.);
#5723 = EDGE_CURVE('',#2270,#5724,#5726,.T.);
#5724 = VERTEX_POINT('',#5725);
#5725 = CARTESIAN_POINT('',(-3.695543527871,-5.18639740152,
    -30.23108640345));
#5726 = B_SPLINE_CURVE_WITH_KNOTS('',3,(#5727,#5728,#5729,#5730,#5731,
    #5732),.UNSPECIFIED.,.F.,.F.,(4,2,4),(0.893255867788,1.124967127734,
    1.500210480958),.UNSPECIFIED.);
#5727 = CARTESIAN_POINT('',(-3.695543742732,0.883148730176,
    -30.23108640345));
#5728 = CARTESIAN_POINT('',(-3.69554371539,0.110777863686,
    -30.23108640345));
#5729 = CARTESIAN_POINT('',(-3.695543688048,-0.661593002794,
    -30.23108640345));
#5730 = CARTESIAN_POINT('',(-3.695543616428,-2.684775046694,
    -30.23108640345));
#5731 = CARTESIAN_POINT('',(-3.695543572149,-3.935586224107,
    -30.23108640345));
#5732 = CARTESIAN_POINT('',(-3.695543527871,-5.18639740152,
    -30.23108640345));
#5733 = ORIENTED_EDGE('',*,*,#5734,.F.);
#5734 = EDGE_CURVE('',#5735,#5724,#5737,.T.);
#5735 = VERTEX_POINT('',#5736);
#5736 = CARTESIAN_POINT('',(8.428177046786E-07,-4.033635015802,
    -30.23108640345));
#5737 = B_SPLINE_CURVE_WITH_KNOTS('',3,(#5738,#5739,#5740,#5741),
  .UNSPECIFIED.,.F.,.F.,(4,4),(0.,0.384987187329),
  .PIECEWISE_BEZIER_KNOTS.);
#5738 = CARTESIAN_POINT('',(8.4281770031E-07,-4.033635015802,
    -30.23108640345));
#5739 = CARTESIAN_POINT('',(-1.310261486573,-4.033635062186,
    -30.23108640345));
#5740 = CARTESIAN_POINT('',(-2.617653679825,-4.441453881982,
    -30.23108640345));
#5741 = CARTESIAN_POINT('',(-3.695543527871,-5.18639740152,
    -30.23108640345));
#5742 = ORIENTED_EDGE('',*,*,#5743,.F.);
#5743 = EDGE_CURVE('',#5579,#5735,#5744,.T.);
#5744 = CIRCLE('',#5745,6.5);
#5745 = AXIS2_PLACEMENT_3D('',#5746,#5747,#5748);
#5746 = CARTESIAN_POINT('',(1.07291687221E-06,-10.5336350158,
    -30.23108640345));
#5747 = DIRECTION('',(3.85E-15,-4.257E-14,1.));
#5748 = DIRECTION('',(1.,3.539987266E-08,-3.849998493027E-15));
#5749 = ORIENTED_EDGE('',*,*,#5590,.T.);
#5750 = FACE_BOUND('',#5751,.T.);
#5751 = EDGE_LOOP('',(#5752,#5763,#5772,#5781,#5787));
#5752 = ORIENTED_EDGE('',*,*,#5753,.F.);
#5753 = EDGE_CURVE('',#5754,#2204,#5756,.T.);
#5754 = VERTEX_POINT('',#5755);
#5755 = CARTESIAN_POINT('',(-5.347236541365,-14.22917961658,
    -30.23108640345));
#5756 = B_SPLINE_CURVE_WITH_KNOTS('',3,(#5757,#5758,#5759,#5760,#5761,
    #5762),.UNSPECIFIED.,.F.,.F.,(4,2,4),(-1.500210480958,
    -0.989569863218,-0.893255844117),.UNSPECIFIED.);
#5757 = CARTESIAN_POINT('',(-5.347236541365,-14.22917961658,
    -30.23108640345));
#5758 = CARTESIAN_POINT('',(-7.049371933831,-14.22917967684,
    -30.23108640345));
#5759 = CARTESIAN_POINT('',(-8.751507326298,-14.2291797371,
    -30.23108640345));
#5760 = CARTESIAN_POINT('',(-10.7746894491,-14.22917980872,
    -30.23108640345));
#5761 = CARTESIAN_POINT('',(-11.09573617944,-14.22917982008,
    -30.23108640345));
#5762 = CARTESIAN_POINT('',(-11.41678290978,-14.22917983145,
    -30.23108640345));
#5763 = ORIENTED_EDGE('',*,*,#5764,.F.);
#5764 = EDGE_CURVE('',#5765,#5754,#5767,.T.);
#5765 = VERTEX_POINT('',#5766);
#5766 = CARTESIAN_POINT('',(-6.499998927083,-10.5336352459,
    -30.23108640345));
#5767 = B_SPLINE_CURVE_WITH_KNOTS('',3,(#5768,#5769,#5770,#5771),
  .UNSPECIFIED.,.F.,.F.,(4,4),(0.,0.384987187329),
  .PIECEWISE_BEZIER_KNOTS.);
#5768 = CARTESIAN_POINT('',(-6.499998927083,-10.5336352459,
    -30.23108640345));
#5769 = CARTESIAN_POINT('',(-6.4999988807,-11.84389757529,
    -30.23108640345));
#5770 = CARTESIAN_POINT('',(-6.092180060903,-13.15128976854,
    -30.23108640345));
#5771 = CARTESIAN_POINT('',(-5.347236541365,-14.22917961658,
    -30.23108640345));
#5772 = ORIENTED_EDGE('',*,*,#5773,.F.);
#5773 = EDGE_CURVE('',#5774,#5765,#5776,.T.);
#5774 = VERTEX_POINT('',#5775);
#5775 = CARTESIAN_POINT('',(-3.999999108454,-5.410159774422,
    -30.23108640345));
#5776 = CIRCLE('',#5777,6.5);
#5777 = AXIS2_PLACEMENT_3D('',#5778,#5779,#5780);
#5778 = CARTESIAN_POINT('',(1.07291687221E-06,-10.5336350158,
    -30.23108640345));
#5779 = DIRECTION('',(3.85E-15,-4.257E-14,1.));
#5780 = DIRECTION('',(1.,3.539987266E-08,-3.849998493027E-15));
#5781 = ORIENTED_EDGE('',*,*,#5782,.T.);
#5782 = EDGE_CURVE('',#5774,#2217,#5783,.T.);
#5783 = LINE('',#5784,#5785);
#5784 = CARTESIAN_POINT('',(-3.999999094348,-5.808635157402,
    -30.23108640345));
#5785 = VECTOR('',#5786,1.);
#5786 = DIRECTION('',(-3.53998866E-08,1.,4.257E-14));
#5787 = ORIENTED_EDGE('',*,*,#2216,.T.);
#5788 = FACE_BOUND('',#5789,.T.);
#5789 = EDGE_LOOP('',(#5790));
#5790 = ORIENTED_EDGE('',*,*,#5791,.T.);
#5791 = EDGE_CURVE('',#5792,#5792,#5794,.T.);
#5792 = VERTEX_POINT('',#5793);
#5793 = CARTESIAN_POINT('',(-8.849998923097,-20.53363532909,
    -30.23108640344));
#5794 = CIRCLE('',#5795,1.15);
#5795 = AXIS2_PLACEMENT_3D('',#5796,#5797,#5798);
#5796 = CARTESIAN_POINT('',(-9.999998923097,-20.5336353698,
    -30.23108640344));
#5797 = DIRECTION('',(-4.4E-16,-4.E-16,1.));
#5798 = DIRECTION('',(-1.,-3.53998909E-08,-4.4000001416E-16));
#5799 = FACE_BOUND('',#5800,.T.);
#5800 = EDGE_LOOP('',(#5801));
#5801 = ORIENTED_EDGE('',*,*,#5802,.T.);
#5802 = EDGE_CURVE('',#5803,#5803,#5805,.T.);
#5803 = VERTEX_POINT('',#5804);
#5804 = CARTESIAN_POINT('',(11.150001076896,-20.53363462109,
    -30.23108640344));
#5805 = CIRCLE('',#5806,1.15);
#5806 = AXIS2_PLACEMENT_3D('',#5807,#5808,#5809);
#5807 = CARTESIAN_POINT('',(10.000001076903,-20.5336346618,
    -30.23108640344));
#5808 = DIRECTION('',(-4.4E-16,-4.E-16,1.));
#5809 = DIRECTION('',(-1.,-3.53998909E-08,-4.4000001416E-16));
#5810 = FACE_BOUND('',#5811,.T.);
#5811 = EDGE_LOOP('',(#5812));
#5812 = ORIENTED_EDGE('',*,*,#5813,.T.);
#5813 = EDGE_CURVE('',#5814,#5814,#5816,.T.);
#5814 = VERTEX_POINT('',#5815);
#5815 = CARTESIAN_POINT('',(11.150000368898,-0.533634621095,
    -30.23108640344));
#5816 = CIRCLE('',#5817,1.15);
#5817 = AXIS2_PLACEMENT_3D('',#5818,#5819,#5820);
#5818 = CARTESIAN_POINT('',(10.000000368905,-0.533634661805,
    -30.23108640344));
#5819 = DIRECTION('',(-4.4E-16,-4.E-16,1.));
#5820 = DIRECTION('',(-1.,-3.53998909E-08,-4.4000001416E-16));
#5821 = FACE_BOUND('',#5822,.T.);
#5822 = EDGE_LOOP('',(#5823));
#5823 = ORIENTED_EDGE('',*,*,#5824,.T.);
#5824 = EDGE_CURVE('',#5825,#5825,#5827,.T.);
#5825 = VERTEX_POINT('',#5826);
#5826 = CARTESIAN_POINT('',(-8.849999631095,-0.533635329092,
    -30.23108640344));
#5827 = CIRCLE('',#5828,1.15);
#5828 = AXIS2_PLACEMENT_3D('',#5829,#5830,#5831);
#5829 = CARTESIAN_POINT('',(-9.999999631096,-0.533635369802,
    -30.23108640344));
#5830 = DIRECTION('',(-4.4E-16,-4.E-16,1.));
#5831 = DIRECTION('',(-1.,-3.53998909E-08,-4.4000001416E-16));
#5832 = PLANE('',#5833);
#5833 = AXIS2_PLACEMENT_3D('',#5834,#5835,#5836);
#5834 = CARTESIAN_POINT('',(6.3451746503E-07,-8.036851425534,
    -30.23108640344));
#5835 = DIRECTION('',(4.4E-16,4.E-16,-1.));
#5836 = DIRECTION('',(3.53998909E-08,-1.,-3.99999984424E-16));
#5837 = ADVANCED_FACE('',(#5838),#5874,.F.);
#5838 = FACE_BOUND('',#5839,.F.);
#5839 = EDGE_LOOP('',(#5840,#5841,#5858,#5872,#5873));
#5840 = ORIENTED_EDGE('',*,*,#5723,.T.);
#5841 = ORIENTED_EDGE('',*,*,#5842,.T.);
#5842 = EDGE_CURVE('',#5724,#5843,#5845,.T.);
#5843 = VERTEX_POINT('',#5844);
#5844 = CARTESIAN_POINT('',(9.588479906555E-07,-7.311337728052,
    -25.58944291522));
#5845 = B_SPLINE_CURVE_WITH_KNOTS('',3,(#5846,#5847,#5848,#5849,#5850,
    #5851,#5852,#5853,#5854,#5855,#5856,#5857),.UNSPECIFIED.,.F.,.F.,(4,
    2,2,2,2,4),(-0.527285826999,-0.494797497363,-0.45793094508,
    -0.371424115857,-0.192370962941,-4.314243961692E-02),.UNSPECIFIED.);
#5846 = CARTESIAN_POINT('',(-3.695543527871,-5.18639740152,
    -30.23108640345));
#5847 = CARTESIAN_POINT('',(-3.602093251734,-5.121812715309,
    -30.14937235981));
#5848 = CARTESIAN_POINT('',(-3.500418537648,-5.083025504445,
    -30.05995873946));
#5849 = CARTESIAN_POINT('',(-3.279732166659,-5.037721547385,
    -29.86425067038));
#5850 = CARTESIAN_POINT('',(-3.158076677794,-5.035844105362,
    -29.75537494853));
#5851 = CARTESIAN_POINT('',(-2.765844165386,-5.071178777734,
    -29.40025561015));
#5852 = CARTESIAN_POINT('',(-2.475156104289,-5.167931656777,
    -29.12958445032));
#5853 = CARTESIAN_POINT('',(-1.693931293338,-5.509749555114,
    -28.36841359036));
#5854 = CARTESIAN_POINT('',(-1.116957038596,-5.892114201314,
    -27.76660789003));
#5855 = CARTESIAN_POINT('',(-0.315906768971,-6.708299201905,
    -26.54753661076));
#5856 = CARTESIAN_POINT('',(-0.119939879115,-7.046327898478,
    -26.04906187473));
#5857 = CARTESIAN_POINT('',(9.5884697168E-07,-7.31133772805,
    -25.58944291523));
#5858 = ORIENTED_EDGE('',*,*,#5859,.T.);
#5859 = EDGE_CURVE('',#5843,#5348,#5860,.T.);
#5860 = B_SPLINE_CURVE_WITH_KNOTS('',3,(#5861,#5862,#5863,#5864,#5865,
    #5866,#5867,#5868,#5869,#5870,#5871),.UNSPECIFIED.,.F.,.F.,(4,3,2,2,
    4),(-6.015417240609E-02,0.,0.160937691523,0.230342914972,
    0.245080349743),.UNSPECIFIED.);
#5861 = CARTESIAN_POINT('',(9.5884798702E-07,-7.311337728052,
    -25.58944291522));
#5862 = CARTESIAN_POINT('',(3.977514889655E-02,-7.435315758079,
    -25.43702634412));
#5863 = CARTESIAN_POINT('',(7.256318378648E-02,-7.559585562689,
    -25.28334930106));
#5864 = CARTESIAN_POINT('',(9.959915214753E-02,-7.683635012277,
    -25.1281506613));
#5865 = CARTESIAN_POINT('',(0.171931729624,-8.01551942283,
    -24.71292907633));
#5866 = CARTESIAN_POINT('',(0.205694462641,-8.378412950753,
    -24.24800892881));
#5867 = CARTESIAN_POINT('',(0.218577732862,-8.834823677588,
    -23.63071237881));
#5868 = CARTESIAN_POINT('',(0.21838581006,-9.007189152638,
    -23.39598295962));
#5869 = CARTESIAN_POINT('',(0.213412153178,-9.129145134076,
    -23.14345865822));
#5870 = CARTESIAN_POINT('',(0.212355195042,-9.148555140989,
    -23.09780245874));
#5871 = CARTESIAN_POINT('',(0.211107139477,-9.164395153026,
    -23.05108640345));
#5872 = ORIENTED_EDGE('',*,*,#5359,.T.);
#5873 = ORIENTED_EDGE('',*,*,#2269,.T.);
#5874 = B_SPLINE_SURFACE_WITH_KNOTS('',3,1,(
    (#5875,#5876)
    ,(#5877,#5878)
    ,(#5879,#5880)
    ,(#5881,#5882)
    ,(#5883,#5884)
    ,(#5885,#5886)
    ,(#5887,#5888)
    ,(#5889,#5890)
    ,(#5891,#5892)
    ,(#5893,#5894)
    ,(#5895,#5896)
    ,(#5897,#5898)
    ,(#5899,#5900)
    ,(#5901,#5902)
    ,(#5903,#5904)
    ,(#5905,#5906)
    ,(#5907,#5908)
    ,(#5909,#5910)
    ,(#5911,#5912
    )),.UNSPECIFIED.,.F.,.F.,.F.,(4,3,3,3,3,3,4),(2,2),(-0.202312577621,
    0.,0.174144055956,0.466298016749,0.694715272236,0.888398737599,
    1.460160885679),(-0.94,1.309934255469),.UNSPECIFIED.);
#5875 = CARTESIAN_POINT('',(-7.382138746535,-12.68363527712,
    -33.43244410761));
#5876 = CARTESIAN_POINT('',(-7.382139543009,9.815707277551,
    -33.43244410761));
#5877 = CARTESIAN_POINT('',(-6.211051670426,-12.68363523567,
    -32.41566504471));
#5878 = CARTESIAN_POINT('',(-6.2110524669,9.815707319007,-32.41566504471
    ));
#5879 = CARTESIAN_POINT('',(-5.039964594318,-12.68363519421,
    -31.39888598182));
#5880 = CARTESIAN_POINT('',(-5.039965390792,9.815707360463,
    -31.39888598182));
#5881 = CARTESIAN_POINT('',(-3.868877518209,-12.68363515276,
    -30.38210691892));
#5882 = CARTESIAN_POINT('',(-3.868878314683,9.81570740192,
    -30.38210691892));
#5883 = CARTESIAN_POINT('',(-2.857906719814,-12.68363511697,
    -29.50434645006));
#5884 = CARTESIAN_POINT('',(-2.857907516288,9.815707437708,
    -29.50434645006));
#5885 = CARTESIAN_POINT('',(-2.279683624473,-12.6836350965,
    -28.95507167966));
#5886 = CARTESIAN_POINT('',(-2.279684420947,9.815707458177,
    -28.95507167966));
#5887 = CARTESIAN_POINT('',(-1.819363034885,-12.6836350802,
    -28.47972686068));
#5888 = CARTESIAN_POINT('',(-1.819363831359,9.815707474472,
    -28.47972686068));
#5889 = CARTESIAN_POINT('',(-1.047103064569,-12.68363505287,
    -27.68226138967));
#5890 = CARTESIAN_POINT('',(-1.047103861043,9.81570750181,
    -27.68226138967));
#5891 = CARTESIAN_POINT('',(-0.647891261326,-12.68363503873,
    -27.13081807596));
#5892 = CARTESIAN_POINT('',(-0.6478920578,9.815707515942,-27.13081807596
    ));
#5893 = CARTESIAN_POINT('',(-0.349384323535,-12.68363502817,
    -26.52770237614));
#5894 = CARTESIAN_POINT('',(-0.349385120009,9.815707526509,
    -26.52770237614));
#5895 = CARTESIAN_POINT('',(-0.11600006515,-12.6836350199,
    -26.05616321741));
#5896 = CARTESIAN_POINT('',(-0.116000861624,9.815707534771,
    -26.05616321741));
#5897 = CARTESIAN_POINT('',(3.806269755791E-02,-12.68363501445,
    -25.5743005962));
#5898 = CARTESIAN_POINT('',(3.806190108405E-02,9.815707540225,
    -25.5743005962));
#5899 = CARTESIAN_POINT('',(0.129738780142,-12.68363501121,
    -24.93851808296));
#5900 = CARTESIAN_POINT('',(0.129737983668,9.81570754347,-24.93851808295
    ));
#5901 = CARTESIAN_POINT('',(0.20747433181,-12.68363500845,
    -24.39941450201));
#5902 = CARTESIAN_POINT('',(0.207473535336,9.815707546222,
    -24.39941450201));
#5903 = CARTESIAN_POINT('',(0.243690092395,-12.68363500717,
    -23.77861798757));
#5904 = CARTESIAN_POINT('',(0.243689295921,9.815707547504,
    -23.77861798757));
#5905 = CARTESIAN_POINT('',(0.19982879918,-12.68363500872,
    -22.72278518461));
#5906 = CARTESIAN_POINT('',(0.199828002706,9.815707545951,
    -22.72278518461));
#5907 = CARTESIAN_POINT('',(7.141221041408E-02,-12.68363501327,
    -19.63153007273));
#5908 = CARTESIAN_POINT('',(7.141141394022E-02,9.815707541406,
    -19.63153007273));
#5909 = CARTESIAN_POINT('',(-5.700437835172E-02,-12.68363501782,
    -16.54027496085));
#5910 = CARTESIAN_POINT('',(-5.700517482558E-02,9.81570753686,
    -16.54027496085));
#5911 = CARTESIAN_POINT('',(-0.185420967117,-12.68363502236,
    -13.44901984897));
#5912 = CARTESIAN_POINT('',(-0.185421763591,9.815707532314,
    -13.44901984897));
#5913 = ADVANCED_FACE('',(#5914),#5953,.T.);
#5914 = FACE_BOUND('',#5915,.T.);
#5915 = EDGE_LOOP('',(#5916,#5917,#5926,#5952));
#5916 = ORIENTED_EDGE('',*,*,#2244,.F.);
#5917 = ORIENTED_EDGE('',*,*,#5918,.T.);
#5918 = EDGE_CURVE('',#2236,#5919,#5921,.T.);
#5919 = VERTEX_POINT('',#5920);
#5920 = CARTESIAN_POINT('',(-4.131120436463,-5.54447673262,
    -30.08006588797));
#5921 = B_SPLINE_CURVE_WITH_KNOTS('',3,(#5922,#5923,#5924,#5925),
  .UNSPECIFIED.,.F.,.F.,(4,4),(-0.399656232011,0.226084157058),
  .PIECEWISE_BEZIER_KNOTS.);
#5922 = CARTESIAN_POINT('',(-4.131120657974,0.712927158066,
    -30.08006588797));
#5923 = CARTESIAN_POINT('',(-4.131120584137,-1.372874138828,
    -30.08006588797));
#5924 = CARTESIAN_POINT('',(-4.1311205103,-3.458675435724,
    -30.08006588797));
#5925 = CARTESIAN_POINT('',(-4.131120436463,-5.54447673262,
    -30.08006588797));
#5926 = ORIENTED_EDGE('',*,*,#5927,.F.);
#5927 = EDGE_CURVE('',#5370,#5919,#5928,.T.);
#5928 = B_SPLINE_CURVE_WITH_KNOTS('',3,(#5929,#5930,#5931,#5932,#5933,
    #5934,#5935,#5936,#5937,#5938,#5939,#5940,#5941,#5942,#5943,#5944,
    #5945,#5946,#5947,#5948,#5949,#5950,#5951),.UNSPECIFIED.,.F.,.F.,(4,
    2,2,2,2,3,2,2,2,2,4),(-0.83498032577,-0.794322445239,-0.733571489911
    ,-0.695152921349,-0.659596853291,-0.613402857058,-0.44530065146,
    -0.275454220123,-0.157031516763,-5.501125018349E-02,0.),
  .UNSPECIFIED.);
#5929 = CARTESIAN_POINT('',(-0.189038455136,-9.095274699853,
    -23.05108640359));
#5930 = CARTESIAN_POINT('',(-0.18477540403,-9.01984678379,
    -23.20751303201));
#5931 = CARTESIAN_POINT('',(-0.182443252491,-8.917294549881,
    -23.3703199739));
#5932 = CARTESIAN_POINT('',(-0.182145300086,-8.703143803268,
    -23.71623231785));
#5933 = CARTESIAN_POINT('',(-0.18651321555,-8.567415110497,
    -23.93651288373));
#5934 = CARTESIAN_POINT('',(-0.20377087725,-8.361411658491,
    -24.27644167821));
#5935 = CARTESIAN_POINT('',(-0.213031506738,-8.281724572678,
    -24.40824920404));
#5936 = CARTESIAN_POINT('',(-0.237075326646,-8.127525570454,
    -24.66067709386));
#5937 = CARTESIAN_POINT('',(-0.251394961996,-8.05305170822,
    -24.78143685055));
#5938 = CARTESIAN_POINT('',(-0.292070661602,-7.880533237134,
    -25.05738298651));
#5939 = CARTESIAN_POINT('',(-0.320689769327,-7.782337673699,
    -25.21167763652));
#5940 = CARTESIAN_POINT('',(-0.35638175419,-7.683635028418,
    -25.36441448432));
#5941 = CARTESIAN_POINT('',(-0.486266628133,-7.324451287607,
    -25.92023132385));
#5942 = CARTESIAN_POINT('',(-0.697934276188,-6.992948903252,
    -26.40428663617));
#5943 = CARTESIAN_POINT('',(-1.356680661641,-6.349837111302,
    -27.39910130946));
#5944 = CARTESIAN_POINT('',(-1.764422115426,-6.080269516462,
    -27.84980138313));
#5945 = CARTESIAN_POINT('',(-2.393114856147,-5.74879345697,
    -28.49583746546));
#5946 = CARTESIAN_POINT('',(-2.676718323973,-5.625562974678,
    -28.76911628427));
#5947 = CARTESIAN_POINT('',(-3.199582920142,-5.469810495859,
    -29.25516785912));
#5948 = CARTESIAN_POINT('',(-3.472248381189,-5.417529473551,
    -29.50098452589));
#5949 = CARTESIAN_POINT('',(-3.863073797049,-5.446395911411,
    -29.8464489694));
#5950 = CARTESIAN_POINT('',(-4.002179874293,-5.477646906373,
    -29.9681151466));
#5951 = CARTESIAN_POINT('',(-4.131120436463,-5.54447673262,
    -30.08006588797));
#5952 = ORIENTED_EDGE('',*,*,#5369,.T.);
#5953 = B_SPLINE_SURFACE_WITH_KNOTS('',3,1,(
    (#5954,#5955)
    ,(#5956,#5957)
    ,(#5958,#5959)
    ,(#5960,#5961)
    ,(#5962,#5963)
    ,(#5964,#5965)
    ,(#5966,#5967)
    ,(#5968,#5969)
    ,(#5970,#5971)
    ,(#5972,#5973)
    ,(#5974,#5975)
    ,(#5976,#5977)
    ,(#5978,#5979)
    ,(#5980,#5981)
    ,(#5982,#5983)
    ,(#5984,#5985)
    ,(#5986,#5987)
    ,(#5988,#5989)
    ,(#5990,#5991
    )),.UNSPECIFIED.,.F.,.F.,.F.,(4,3,3,3,3,3,4),(2,2),(-1.920522787961,
    0.,0.174205644479,0.471383736504,0.700024232494,0.888398737599,
    1.770055584844),(-1.154675274311,1.335453315707),.UNSPECIFIED.);
#5954 = CARTESIAN_POINT('',(-37.48197910231,-14.83038908576,
    -59.03645678928));
#5955 = CARTESIAN_POINT('',(-37.48197998381,10.0708968144,
    -59.03645678928));
#5956 = CARTESIAN_POINT('',(-26.36502610412,-14.83038869223,
    -49.38432648885));
#5957 = CARTESIAN_POINT('',(-26.36502698562,10.070897207939,
    -49.38432648884));
#5958 = CARTESIAN_POINT('',(-15.24807310593,-14.83038829869,
    -39.73219618841));
#5959 = CARTESIAN_POINT('',(-15.24807398743,10.070897601478,
    -39.73219618841));
#5960 = CARTESIAN_POINT('',(-4.131120107743,-14.83038790515,
    -30.08006588797));
#5961 = CARTESIAN_POINT('',(-4.131120989245,10.070897995016,
    -30.08006588797));
#5962 = CARTESIAN_POINT('',(-3.125668463323,-14.83038786956,
    -29.20709734306));
#5963 = CARTESIAN_POINT('',(-3.125669344825,10.070898030609,
    -29.20709734306));
#5964 = CARTESIAN_POINT('',(-2.555562321281,-14.83038784937,
    -28.66500269557));
#5965 = CARTESIAN_POINT('',(-2.555563202783,10.070898050791,
    -28.66500269557));
#5966 = CARTESIAN_POINT('',(-2.106233686697,-14.83038783347,
    -28.20096949935));
#5967 = CARTESIAN_POINT('',(-2.106234568199,10.070898066697,
    -28.20096949935));
#5968 = CARTESIAN_POINT('',(-1.339722207016,-14.83038780633,
    -27.4093734503));
#5969 = CARTESIAN_POINT('',(-1.339723088518,10.070898093832,
    -27.4093734503));
#5970 = CARTESIAN_POINT('',(-0.968290617366,-14.83038779319,
    -26.88619572097));
#5971 = CARTESIAN_POINT('',(-0.968291498868,10.07089810698,
    -26.88619572097));
#5972 = CARTESIAN_POINT('',(-0.693660841806,-14.83038778346,
    -26.32128755548));
#5973 = CARTESIAN_POINT('',(-0.693661723308,10.070898116702,
    -26.32128755548));
#5974 = CARTESIAN_POINT('',(-0.482368388619,-14.83038777598,
    -25.88666304374));
#5975 = CARTESIAN_POINT('',(-0.482369270121,10.070898124182,
    -25.88666304374));
#5976 = CARTESIAN_POINT('',(-0.343859673777,-14.83038777108,
    -25.44712876018));
#5977 = CARTESIAN_POINT('',(-0.343860555279,10.070898129085,
    -25.44712876018));
#5978 = CARTESIAN_POINT('',(-0.260243926434,-14.83038776812,
    -24.8393894875));
#5979 = CARTESIAN_POINT('',(-0.260244807936,10.070898132045,
    -24.8393894875));
#5980 = CARTESIAN_POINT('',(-0.19135378973,-14.83038776568,
    -24.33867947886));
#5981 = CARTESIAN_POINT('',(-0.191354671232,10.070898134484,
    -24.33867947886));
#5982 = CARTESIAN_POINT('',(-0.15786841468,-14.8303877645,
    -23.74940443976));
#5983 = CARTESIAN_POINT('',(-0.157869296182,10.070898135669,
    -23.74940443976));
#5984 = CARTESIAN_POINT('',(-0.199826425132,-14.83038776598,
    -22.73938762229));
#5985 = CARTESIAN_POINT('',(-0.199827306634,10.070898134184,
    -22.73938762229));
#5986 = CARTESIAN_POINT('',(-0.397844718518,-14.83038777299,
    -17.9726743218));
#5987 = CARTESIAN_POINT('',(-0.39784560002,10.070898127174,
    -17.9726743218));
#5988 = CARTESIAN_POINT('',(-0.595863011903,-14.83038778,-13.20596102132
    ));
#5989 = CARTESIAN_POINT('',(-0.595863893405,10.070898120164,
    -13.20596102131));
#5990 = CARTESIAN_POINT('',(-0.793881305288,-14.83038778701,
    -8.439247720834));
#5991 = CARTESIAN_POINT('',(-0.79388218679,10.070898113154,
    -8.439247720833));
#5992 = ADVANCED_FACE('',(#5993),#6008,.F.);
#5993 = FACE_BOUND('',#5994,.F.);
#5994 = EDGE_LOOP('',(#5995,#5996,#6006,#6007));
#5995 = ORIENTED_EDGE('',*,*,#5918,.T.);
#5996 = ORIENTED_EDGE('',*,*,#5997,.T.);
#5997 = EDGE_CURVE('',#5919,#5774,#5998,.T.);
#5998 = B_SPLINE_CURVE_WITH_KNOTS('',3,(#5999,#6000,#6001,#6002,#6003,
    #6004,#6005),.UNSPECIFIED.,.F.,.F.,(4,3,4),(-2.326306481477E-02,
    -1.137473038988E-02,0.),.UNSPECIFIED.);
#5999 = CARTESIAN_POINT('',(-4.134228477604,-5.544356542553,
    -30.08006588797));
#6000 = CARTESIAN_POINT('',(-4.113134316169,-5.518212025785,
    -30.10435963836));
#6001 = CARTESIAN_POINT('',(-4.091170272524,-5.493002291167,
    -30.1296434483));
#6002 = CARTESIAN_POINT('',(-4.068686222358,-5.469888276252,
    -30.15552549334));
#6003 = CARTESIAN_POINT('',(-4.047173536091,-5.447772841198,
    -30.1802893731));
#6004 = CARTESIAN_POINT('',(-4.025186095572,-5.427576413274,
    -30.20560058338));
#6005 = CARTESIAN_POINT('',(-4.003039487352,-5.410348176887,
    -30.23108640345));
#6006 = ORIENTED_EDGE('',*,*,#5782,.T.);
#6007 = ORIENTED_EDGE('',*,*,#2235,.T.);
#6008 = PLANE('',#6009);
#6009 = AXIS2_PLACEMENT_3D('',#6010,#6011,#6012);
#6010 = CARTESIAN_POINT('',(-3.999999268692,-0.883635157402,
    -30.23108640345));
#6011 = DIRECTION('',(0.755102577372,2.673051771E-08,0.65560666382));
#6012 = DIRECTION('',(-3.539987266446E-08,1.,2.650612335355E-14));
#6013 = ADVANCED_FACE('',(#6014),#6047,.F.);
#6014 = FACE_BOUND('',#6015,.F.);
#6015 = EDGE_LOOP('',(#6016,#6017,#6034,#6045,#6046));
#6016 = ORIENTED_EDGE('',*,*,#5753,.F.);
#6017 = ORIENTED_EDGE('',*,*,#6018,.T.);
#6018 = EDGE_CURVE('',#5754,#6019,#6021,.T.);
#6019 = VERTEX_POINT('',#6020);
#6020 = CARTESIAN_POINT('',(-2.202566482135,-10.53363509377,
    -25.58944291523));
#6021 = B_SPLINE_CURVE_WITH_KNOTS('',3,(#6022,#6023,#6024,#6025,#6026,
    #6027,#6028,#6029,#6030,#6031,#6032,#6033),.UNSPECIFIED.,.F.,.F.,(4,
    2,2,2,2,4),(-0.739594615676,-0.700294890188,-0.657173854765,
    -0.556805742861,-0.33553629478,0.),.UNSPECIFIED.);
#6022 = CARTESIAN_POINT('',(-5.347236541365,-14.22917961658,
    -30.23108640345));
#6023 = CARTESIAN_POINT('',(-5.39878146311,-14.15459711951,
    -30.16587057239));
#6024 = CARTESIAN_POINT('',(-5.432581275845,-14.07477813053,
    -30.09575828374));
#6025 = CARTESIAN_POINT('',(-5.474666008908,-13.90218892733,
    -29.94318240079));
#6026 = CARTESIAN_POINT('',(-5.480026203013,-13.80940654956,
    -29.86060664826));
#6027 = CARTESIAN_POINT('',(-5.461556643618,-13.50635998971,
    -29.5886806704));
#6028 = CARTESIAN_POINT('',(-5.388547812036,-13.28694400343,
    -29.38787185142));
#6029 = CARTESIAN_POINT('',(-5.097409687593,-12.65565119723,
    -28.79430304153));
#6030 = CARTESIAN_POINT('',(-4.743111993742,-12.18320502856,
    -28.32797436881));
#6031 = CARTESIAN_POINT('',(-3.66117365941,-11.14551426279,
    -27.10023520662));
#6032 = CARTESIAN_POINT('',(-2.929695407233,-10.74822007228,
    -26.41174265991));
#6033 = CARTESIAN_POINT('',(-2.202566482135,-10.53363509377,
    -25.58944291523));
#6034 = ORIENTED_EDGE('',*,*,#6035,.T.);
#6035 = EDGE_CURVE('',#6019,#5381,#6036,.T.);
#6036 = B_SPLINE_CURVE_WITH_KNOTS('',3,(#6037,#6038,#6039,#6040,#6041,
    #6042,#6043,#6044),.UNSPECIFIED.,.F.,.F.,(4,2,2,4),(-0.323093349168,
    -0.165147365838,-6.241616149402E-02,-3.224557968929E-02),
  .UNSPECIFIED.);
#6037 = CARTESIAN_POINT('',(-2.202566482135,-10.53363509377,
    -25.58944291523));
#6038 = CARTESIAN_POINT('',(-1.789942577161,-10.41886320115,
    -25.14963162015));
#6039 = CARTESIAN_POINT('',(-1.410546222016,-10.3636901407,
    -24.7059680553));
#6040 = CARTESIAN_POINT('',(-0.927704177191,-10.31972226153,
    -23.98507933085));
#6041 = CARTESIAN_POINT('',(-0.749789441925,-10.31337483557,
    -23.66804195645));
#6042 = CARTESIAN_POINT('',(-0.611544699628,-10.31801066121,
    -23.24745940905));
#6043 = CARTESIAN_POINT('',(-0.585839035433,-10.31988927289,
    -23.14989122419));
#6044 = CARTESIAN_POINT('',(-0.567944231518,-10.32252892192,
    -23.05108636432));
#6045 = ORIENTED_EDGE('',*,*,#5392,.T.);
#6046 = ORIENTED_EDGE('',*,*,#2203,.T.);
#6047 = B_SPLINE_SURFACE_WITH_KNOTS('',3,1,(
    (#6048,#6049)
    ,(#6050,#6051)
    ,(#6052,#6053)
    ,(#6054,#6055)
    ,(#6056,#6057)
    ,(#6058,#6059)
    ,(#6060,#6061)
    ,(#6062,#6063)
    ,(#6064,#6065)
    ,(#6066,#6067)
    ,(#6068,#6069)
    ,(#6070,#6071)
    ,(#6072,#6073)
    ,(#6074,#6075)
    ,(#6076,#6077)
    ,(#6078,#6079)
    ,(#6080,#6081)
    ,(#6082,#6083)
    ,(#6084,#6085
    )),.UNSPECIFIED.,.F.,.F.,.F.,(4,3,3,3,3,3,4),(2,2),(-0.202312577615,
    0.,0.174144055956,0.466298016749,0.694715272236,0.888398737599,
    1.146459570895),(-0.669205470968,1.309934255469),.UNSPECIFIED.);
#6048 = CARTESIAN_POINT('',(-0.557943956077,-17.91577493101,
    -33.43244410752));
#6049 = CARTESIAN_POINT('',(-20.34934122044,-17.91577563163,
    -33.43244410752));
#6050 = CARTESIAN_POINT('',(-0.557943997534,-16.74468785494,
    -32.41566504466));
#6051 = CARTESIAN_POINT('',(-20.34934126189,-16.74468855555,
    -32.41566504466));
#6052 = CARTESIAN_POINT('',(-0.55794403899,-15.57360077886,
    -31.39888598179));
#6053 = CARTESIAN_POINT('',(-20.34934130335,-15.57360147947,
    -31.39888598179));
#6054 = CARTESIAN_POINT('',(-0.557944080446,-14.40251370278,
    -30.38210691892));
#6055 = CARTESIAN_POINT('',(-20.34934134481,-14.4025144034,
    -30.38210691892));
#6056 = CARTESIAN_POINT('',(-0.557944116235,-13.39154290439,
    -29.50434645006));
#6057 = CARTESIAN_POINT('',(-20.3493413806,-13.391543605,-29.50434645006
    ));
#6058 = CARTESIAN_POINT('',(-0.557944136704,-12.81331980905,
    -28.95507167966));
#6059 = CARTESIAN_POINT('',(-20.34934140106,-12.81332050966,
    -28.95507167966));
#6060 = CARTESIAN_POINT('',(-0.557944152999,-12.35299921946,
    -28.47972686068));
#6061 = CARTESIAN_POINT('',(-20.34934141736,-12.35299992007,
    -28.47972686068));
#6062 = CARTESIAN_POINT('',(-0.557944180337,-11.58073924915,
    -27.68226138967));
#6063 = CARTESIAN_POINT('',(-20.3493414447,-11.58073994976,
    -27.68226138967));
#6064 = CARTESIAN_POINT('',(-0.557944194469,-11.1815274459,
    -27.13081807596));
#6065 = CARTESIAN_POINT('',(-20.34934145883,-11.18152814652,
    -27.13081807596));
#6066 = CARTESIAN_POINT('',(-0.557944205036,-10.88302050811,
    -26.52770237614));
#6067 = CARTESIAN_POINT('',(-20.3493414694,-10.88302120872,
    -26.52770237614));
#6068 = CARTESIAN_POINT('',(-0.557944213298,-10.64963624973,
    -26.05616321741));
#6069 = CARTESIAN_POINT('',(-20.34934147766,-10.64963695034,
    -26.05616321741));
#6070 = CARTESIAN_POINT('',(-0.557944218752,-10.49557348702,
    -25.5743005962));
#6071 = CARTESIAN_POINT('',(-20.34934148311,-10.49557418763,
    -25.5743005962));
#6072 = CARTESIAN_POINT('',(-0.557944221997,-10.40389740443,
    -24.93851808296));
#6073 = CARTESIAN_POINT('',(-20.34934148636,-10.40389810505,
    -24.93851808296));
#6074 = CARTESIAN_POINT('',(-0.557944224749,-10.32616185277,
    -24.39941450201));
#6075 = CARTESIAN_POINT('',(-20.34934148911,-10.32616255338,
    -24.39941450201));
#6076 = CARTESIAN_POINT('',(-0.557944226031,-10.28994609218,
    -23.77861798757));
#6077 = CARTESIAN_POINT('',(-20.34934149039,-10.28994679279,
    -23.77861798757));
#6078 = CARTESIAN_POINT('',(-0.557944224478,-10.3338073854,
    -22.72278518461));
#6079 = CARTESIAN_POINT('',(-20.34934148884,-10.33380808601,
    -22.72278518461));
#6080 = CARTESIAN_POINT('',(-0.557944222426,-10.39176731159,
    -21.3275688822));
#6081 = CARTESIAN_POINT('',(-20.34934148679,-10.39176801221,
    -21.3275688822));
#6082 = CARTESIAN_POINT('',(-0.557944220374,-10.44972723779,
    -19.93235257979));
#6083 = CARTESIAN_POINT('',(-20.34934148473,-10.44972793841,
    -19.93235257979));
#6084 = CARTESIAN_POINT('',(-0.557944218323,-10.50768716399,
    -18.53713627738));
#6085 = CARTESIAN_POINT('',(-20.34934148268,-10.50768786461,
    -18.53713627738));
#6086 = ADVANCED_FACE('',(#6087),#6123,.T.);
#6087 = FACE_BOUND('',#6088,.T.);
#6088 = EDGE_LOOP('',(#6089,#6090,#6099,#6122));
#6089 = ORIENTED_EDGE('',*,*,#2181,.F.);
#6090 = ORIENTED_EDGE('',*,*,#6091,.T.);
#6091 = EDGE_CURVE('',#2173,#6092,#6094,.T.);
#6092 = VERTEX_POINT('',#6093);
#6093 = CARTESIAN_POINT('',(-4.988033820398,-14.66475652514,
    -30.08006588797));
#6094 = B_SPLINE_CURVE_WITH_KNOTS('',3,(#6095,#6096,#6097,#6098),
  .UNSPECIFIED.,.F.,.F.,(4,4),(-0.401378657766,0.226196496044),
  .PIECEWISE_BEZIER_KNOTS.);
#6095 = CARTESIAN_POINT('',(-11.2637853585,-14.6647567473,
    -30.08006588797));
#6096 = CARTESIAN_POINT('',(-9.171868179137,-14.66475667324,
    -30.08006588797));
#6097 = CARTESIAN_POINT('',(-7.079950999768,-14.66475659919,
    -30.08006588797));
#6098 = CARTESIAN_POINT('',(-4.988033820398,-14.66475652514,
    -30.08006588797));
#6099 = ORIENTED_EDGE('',*,*,#6100,.F.);
#6100 = EDGE_CURVE('',#5403,#6092,#6101,.T.);
#6101 = B_SPLINE_CURVE_WITH_KNOTS('',3,(#6102,#6103,#6104,#6105,#6106,
    #6107,#6108,#6109,#6110,#6111,#6112,#6113,#6114,#6115,#6116,#6117,
    #6118,#6119,#6120,#6121),.UNSPECIFIED.,.F.,.F.,(4,2,2,2,2,2,2,2,2,4)
  ,(-0.84785298006,-0.837829984266,-0.797984242983,-0.70679641595,
    -0.614286397196,-0.339717615675,-0.215153283022,-9.28334354864E-02,
    -5.12186849427E-02,0.),.UNSPECIFIED.);
#6102 = CARTESIAN_POINT('',(-0.57448360411,-10.72267451374,
    -23.05108638629));
#6103 = CARTESIAN_POINT('',(-0.582142918831,-10.72161287128,
    -23.09004183853));
#6104 = CARTESIAN_POINT('',(-0.590932978213,-10.72067131429,
    -23.12878034655));
#6105 = CARTESIAN_POINT('',(-0.639591920497,-10.71660915373,
    -23.32013217616));
#6106 = CARTESIAN_POINT('',(-0.694630903014,-10.71532837911,
    -23.4706269653));
#6107 = CARTESIAN_POINT('',(-0.904030424675,-10.71835023658,
    -23.94519321684));
#6108 = CARTESIAN_POINT('',(-1.105455684888,-10.73243520913,
    -24.26804835665));
#6109 = CARTESIAN_POINT('',(-1.528113023432,-10.79095181593,
    -24.86303486945));
#6110 = CARTESIAN_POINT('',(-1.762008683296,-10.83685641644,
    -25.15185588943));
#6111 = CARTESIAN_POINT('',(-2.708420964133,-11.11051521641,
    -26.2557881102));
#6112 = CARTESIAN_POINT('',(-3.373839657056,-11.50561218252,
    -26.91468855924));
#6113 = CARTESIAN_POINT('',(-4.228978149055,-12.38822650628,
    -27.94686580303));
#6114 = CARTESIAN_POINT('',(-4.475431450748,-12.70240557802,
    -28.27241656979));
#6115 = CARTESIAN_POINT('',(-4.864192777973,-13.34980867449,
    -28.90354368316));
#6116 = CARTESIAN_POINT('',(-5.004496938311,-13.67633599776,
    -29.20363367962));
#6117 = CARTESIAN_POINT('',(-5.07708009267,-14.07900773689,
    -29.56514255808));
#6118 = CARTESIAN_POINT('',(-5.086522320297,-14.18400718131,
    -29.65854390057));
#6119 = CARTESIAN_POINT('',(-5.076076882798,-14.41571051673,
    -29.8630698012));
#6120 = CARTESIAN_POINT('',(-5.048811900948,-14.54428417709,
    -29.97546754867));
#6121 = CARTESIAN_POINT('',(-4.988033820398,-14.66475652514,
    -30.08006588797));
#6122 = ORIENTED_EDGE('',*,*,#5402,.T.);
#6123 = B_SPLINE_SURFACE_WITH_KNOTS('',3,1,(
    (#6124,#6125)
    ,(#6126,#6127)
    ,(#6128,#6129)
    ,(#6130,#6131)
    ,(#6132,#6133)
    ,(#6134,#6135)
    ,(#6136,#6137)
    ,(#6138,#6139)
    ,(#6140,#6141)
    ,(#6142,#6143)
    ,(#6144,#6145)
    ,(#6146,#6147)
    ,(#6148,#6149)
    ,(#6150,#6151)
    ,(#6152,#6153)
    ,(#6154,#6155)
    ,(#6156,#6157)
    ,(#6158,#6159)
    ,(#6160,#6161)
    ,(#6162,#6163)
    ,(#6164,#6165)
    ,(#6166,#6167
    )),.UNSPECIFIED.,.F.,.F.,.F.,(4,3,3,3,3,3,3,4),(2,2),(
    -0.233464935532,-4.360996436069E-04,0.,0.174205644479,0.471383736504
    ,0.700024232494,0.888398737599,1.153264681056),(-0.668551531941,
    1.335453315707),.UNSPECIFIED.);
#6124 = CARTESIAN_POINT('',(-0.564483317914,-18.71899420104,
    -33.60009802579));
#6125 = CARTESIAN_POINT('',(-20.60453179438,-18.71899491045,
    -33.60009802579));
#6126 = CARTESIAN_POINT('',(-0.564483365665,-17.37010595455,
    -32.42894572191));
#6127 = CARTESIAN_POINT('',(-20.60453184213,-17.37010666396,
    -32.42894572192));
#6128 = CARTESIAN_POINT('',(-0.564483413415,-16.02121770806,
    -31.25779341804));
#6129 = CARTESIAN_POINT('',(-20.60453188988,-16.02121841747,
    -31.25779341804));
#6130 = CARTESIAN_POINT('',(-0.564483461166,-14.67232946156,
    -30.08664111417));
#6131 = CARTESIAN_POINT('',(-20.60453193764,-14.67233017098,
    -30.08664111417));
#6132 = CARTESIAN_POINT('',(-0.564483461255,-14.66980509722,
    -30.08444937211));
#6133 = CARTESIAN_POINT('',(-20.60453193772,-14.66980580664,
    -30.08444937211));
#6134 = CARTESIAN_POINT('',(-0.564483461345,-14.66728073288,
    -30.08225763004));
#6135 = CARTESIAN_POINT('',(-20.60453193781,-14.6672814423,
    -30.08225763004));
#6136 = CARTESIAN_POINT('',(-0.564483461434,-14.66475636854,
    -30.08006588797));
#6137 = CARTESIAN_POINT('',(-20.6045319379,-14.66475707796,
    -30.08006588797));
#6138 = CARTESIAN_POINT('',(-0.564483497027,-13.65930472412,
    -29.20709734306));
#6139 = CARTESIAN_POINT('',(-20.6045319735,-13.65930543354,
    -29.20709734306));
#6140 = CARTESIAN_POINT('',(-0.564483517208,-13.08919858208,
    -28.66500269557));
#6141 = CARTESIAN_POINT('',(-20.60453199368,-13.0891992915,
    -28.66500269557));
#6142 = CARTESIAN_POINT('',(-0.564483533115,-12.6398699475,
    -28.20096949935));
#6143 = CARTESIAN_POINT('',(-20.60453200958,-12.63987065691,
    -28.20096949935));
#6144 = CARTESIAN_POINT('',(-0.564483560249,-11.87335846782,
    -27.4093734503));
#6145 = CARTESIAN_POINT('',(-20.60453203672,-11.87335917723,
    -27.4093734503));
#6146 = CARTESIAN_POINT('',(-0.564483573398,-11.50192687817,
    -26.88619572097));
#6147 = CARTESIAN_POINT('',(-20.60453204987,-11.50192758758,
    -26.88619572097));
#6148 = CARTESIAN_POINT('',(-0.56448358312,-11.22729710261,
    -26.32128755548));
#6149 = CARTESIAN_POINT('',(-20.60453205959,-11.22729781202,
    -26.32128755548));
#6150 = CARTESIAN_POINT('',(-0.564483590599,-11.01600464942,
    -25.88666304374));
#6151 = CARTESIAN_POINT('',(-20.60453206707,-11.01600535884,
    -25.88666304374));
#6152 = CARTESIAN_POINT('',(-0.564483595502,-10.87749593458,
    -25.44712876018));
#6153 = CARTESIAN_POINT('',(-20.60453207197,-10.87749664399,
    -25.44712876018));
#6154 = CARTESIAN_POINT('',(-0.564483598462,-10.79388018724,
    -24.8393894875));
#6155 = CARTESIAN_POINT('',(-20.60453207493,-10.79388089665,
    -24.8393894875));
#6156 = CARTESIAN_POINT('',(-0.564483600901,-10.72499005053,
    -24.33867947886));
#6157 = CARTESIAN_POINT('',(-20.60453207737,-10.72499075995,
    -24.33867947886));
#6158 = CARTESIAN_POINT('',(-0.564483602087,-10.69150467548,
    -23.74940443976));
#6159 = CARTESIAN_POINT('',(-20.60453207856,-10.6915053849,
    -23.74940443976));
#6160 = CARTESIAN_POINT('',(-0.564483600601,-10.73346268593,
    -22.73938762229));
#6161 = CARTESIAN_POINT('',(-20.60453207707,-10.73346339535,
    -22.73938762229));
#6162 = CARTESIAN_POINT('',(-0.564483598495,-10.79295102571,
    -21.30737921735));
#6163 = CARTESIAN_POINT('',(-20.60453207496,-10.79295173513,
    -21.30737921735));
#6164 = CARTESIAN_POINT('',(-0.564483596389,-10.8524393655,
    -19.87537081242));
#6165 = CARTESIAN_POINT('',(-20.60453207286,-10.85244007491,
    -19.87537081242));
#6166 = CARTESIAN_POINT('',(-0.564483594284,-10.91192770528,
    -18.44336240749));
#6167 = CARTESIAN_POINT('',(-20.60453207075,-10.91192841469,
    -18.44336240749));
#6168 = ADVANCED_FACE('',(#6169),#6184,.F.);
#6169 = FACE_BOUND('',#6170,.F.);
#6170 = EDGE_LOOP('',(#6171,#6172,#6182,#6183));
#6171 = ORIENTED_EDGE('',*,*,#6091,.T.);
#6172 = ORIENTED_EDGE('',*,*,#6173,.T.);
#6173 = EDGE_CURVE('',#6092,#5705,#6174,.T.);
#6174 = B_SPLINE_CURVE_WITH_KNOTS('',3,(#6175,#6176,#6177,#6178,#6179,
    #6180,#6181),.UNSPECIFIED.,.F.,.F.,(4,3,4),(-2.329167518292E-02,
    -1.139837796373E-02,0.),.UNSPECIFIED.);
#6175 = CARTESIAN_POINT('',(-4.988504625286,-14.66802388835,
    -30.08006588797));
#6176 = CARTESIAN_POINT('',(-5.014792055923,-14.64709344629,
    -30.10422395873));
#6177 = CARTESIAN_POINT('',(-5.040270677651,-14.62520997725,
    -30.12947535249));
#6178 = CARTESIAN_POINT('',(-5.063617906563,-14.60276646225,
    -30.1553577885));
#6179 = CARTESIAN_POINT('',(-5.085993580411,-14.5812568958,
    -30.18016317114));
#6180 = CARTESIAN_POINT('',(-5.106410166711,-14.55923368424,
    -30.20554759946));
#6181 = CARTESIAN_POINT('',(-5.123675095039,-14.53707313343,
    -30.23108640345));
#6182 = ORIENTED_EDGE('',*,*,#5713,.T.);
#6183 = ORIENTED_EDGE('',*,*,#2172,.T.);
#6184 = PLANE('',#6185);
#6185 = AXIS2_PLACEMENT_3D('',#6186,#6187,#6188);
#6186 = CARTESIAN_POINT('',(-9.649998785485,-14.53363535741,
    -30.23108640345));
#6187 = DIRECTION('',(-2.673054309E-08,0.755102577372,0.65560666382));
#6188 = DIRECTION('',(-1.,-3.539987260018E-08,-1.228015519491E-14));
#6189 = ADVANCED_FACE('',(#6190),#6226,.F.);
#6190 = FACE_BOUND('',#6191,.F.);
#6191 = EDGE_LOOP('',(#6192,#6193,#6210,#6224,#6225));
#6192 = ORIENTED_EDGE('',*,*,#5684,.T.);
#6193 = ORIENTED_EDGE('',*,*,#6194,.T.);
#6194 = EDGE_CURVE('',#5685,#6195,#6197,.T.);
#6195 = VERTEX_POINT('',#6196);
#6196 = CARTESIAN_POINT('',(1.186985819702E-06,-13.75593230355,
    -25.58944291523));
#6197 = B_SPLINE_CURVE_WITH_KNOTS('',3,(#6198,#6199,#6200,#6201,#6202,
    #6203,#6204,#6205,#6206,#6207,#6208,#6209),.UNSPECIFIED.,.F.,.F.,(4,
    2,2,2,2,4),(-0.519417004525,-0.490509125788,-0.458397451127,
    -0.383647289479,-0.220129597645,0.),.UNSPECIFIED.);
#6198 = CARTESIAN_POINT('',(3.695545673703,-15.88087263008,
    -30.23108640345));
#6199 = CARTESIAN_POINT('',(3.6155870754,-15.93613304444,-30.16116964492
    ));
#6200 = CARTESIAN_POINT('',(3.529609073776,-15.97251545043,
    -30.0856212669));
#6201 = CARTESIAN_POINT('',(3.343873423348,-16.02033748862,
    -29.92128186586));
#6202 = CARTESIAN_POINT('',(3.242854387013,-16.02875471619,
    -29.83124105728));
#6203 = CARTESIAN_POINT('',(2.91427939333,-16.02186993946,
    -29.53568794373));
#6204 = CARTESIAN_POINT('',(2.671954857215,-15.95964121096,
    -29.31291451281));
#6205 = CARTESIAN_POINT('',(1.981267636326,-15.71118332116,
    -28.65714272793));
#6206 = CARTESIAN_POINT('',(1.458957492003,-15.40452299795,
    -28.13294509069));
#6207 = CARTESIAN_POINT('',(0.445751501991,-14.56722213108,
    -26.84124258878));
#6208 = CARTESIAN_POINT('',(0.161800631214,-14.11342891495,
    -26.20946603219));
#6209 = CARTESIAN_POINT('',(1.18698581422E-06,-13.75593230355,
    -25.58944291523));
#6210 = ORIENTED_EDGE('',*,*,#6211,.T.);
#6211 = EDGE_CURVE('',#6195,#5414,#6212,.T.);
#6212 = B_SPLINE_CURVE_WITH_KNOTS('',3,(#6213,#6214,#6215,#6216,#6217,
    #6218,#6219,#6220,#6221,#6222,#6223),.UNSPECIFIED.,.F.,.F.,(4,3,2,2,
    4),(-6.015417240648E-02,0.,0.160937691563,0.230342915085,
    0.245080349709),.UNSPECIFIED.);
#6213 = CARTESIAN_POINT('',(1.18698581387E-06,-13.75593230355,
    -25.58944291523));
#6214 = CARTESIAN_POINT('',(-3.97730030631E-02,-13.63195427352,
    -25.43702634412));
#6215 = CARTESIAN_POINT('',(-7.256103795328E-02,-13.50768446891,
    -25.28334930106));
#6216 = CARTESIAN_POINT('',(-9.959700631452E-02,-13.38363501932,
    -25.1281506613));
#6217 = CARTESIAN_POINT('',(-0.171929583809,-13.05175060869,
    -24.71292907622));
#6218 = CARTESIAN_POINT('',(-0.205692316834,-12.68885708054,
    -24.24800892843));
#6219 = CARTESIAN_POINT('',(-0.218575587036,-12.23244635351,
    -23.63071237811));
#6220 = CARTESIAN_POINT('',(-0.218383664222,-12.06008087821,
    -23.3959829586));
#6221 = CARTESIAN_POINT('',(-0.213410007324,-11.93812489713,
    -23.1434586573));
#6222 = CARTESIAN_POINT('',(-0.212353049197,-11.91871489045,
    -23.09780245827));
#6223 = CARTESIAN_POINT('',(-0.211104993644,-11.90287487857,
    -23.05108640345));
#6224 = ORIENTED_EDGE('',*,*,#5425,.T.);
#6225 = ORIENTED_EDGE('',*,*,#2142,.T.);
#6226 = B_SPLINE_SURFACE_WITH_KNOTS('',3,1,(
    (#6227,#6228)
    ,(#6229,#6230)
    ,(#6231,#6232)
    ,(#6233,#6234)
    ,(#6235,#6236)
    ,(#6237,#6238)
    ,(#6239,#6240)
    ,(#6241,#6242)
    ,(#6243,#6244)
    ,(#6245,#6246)
    ,(#6247,#6248)
    ,(#6249,#6250)
    ,(#6251,#6252)
    ,(#6253,#6254)
    ,(#6255,#6256)
    ,(#6257,#6258)
    ,(#6259,#6260)
    ,(#6261,#6262)
    ,(#6263,#6264
    )),.UNSPECIFIED.,.F.,.F.,.F.,(4,3,3,3,3,3,4),(2,2),(-0.202312577615,
    0.,0.174144055956,0.466298016749,0.694715272236,0.888398737599,
    1.460160885679),(-0.94,1.309934255469),.UNSPECIFIED.);
#6227 = CARTESIAN_POINT('',(7.382140892269,-8.383634754476,
    -33.43244410752));
#6228 = CARTESIAN_POINT('',(7.382141688743,-30.88297730916,
    -33.43244410752));
#6229 = CARTESIAN_POINT('',(6.211053816194,-8.383634795932,
    -32.41566504466));
#6230 = CARTESIAN_POINT('',(6.211054612668,-30.88297735061,
    -32.41566504466));
#6231 = CARTESIAN_POINT('',(5.039966740118,-8.383634837388,
    -31.39888598179));
#6232 = CARTESIAN_POINT('',(5.039967536592,-30.88297739207,
    -31.39888598179));
#6233 = CARTESIAN_POINT('',(3.868879664042,-8.383634878845,
    -30.38210691892));
#6234 = CARTESIAN_POINT('',(3.868880460516,-30.88297743353,
    -30.38210691892));
#6235 = CARTESIAN_POINT('',(2.857908865647,-8.383634914633,
    -29.50434645006));
#6236 = CARTESIAN_POINT('',(2.857909662121,-30.88297746931,
    -29.50434645006));
#6237 = CARTESIAN_POINT('',(2.279685770306,-8.383634935102,
    -28.95507167966));
#6238 = CARTESIAN_POINT('',(2.27968656678,-30.88297748978,
    -28.95507167966));
#6239 = CARTESIAN_POINT('',(1.819365180718,-8.383634951397,
    -28.47972686068));
#6240 = CARTESIAN_POINT('',(1.819365977192,-30.88297750608,
    -28.47972686068));
#6241 = CARTESIAN_POINT('',(1.047105210402,-8.383634978735,
    -27.68226138967));
#6242 = CARTESIAN_POINT('',(1.047106006876,-30.88297753342,
    -27.68226138967));
#6243 = CARTESIAN_POINT('',(0.647893407159,-8.383634992867,
    -27.13081807596));
#6244 = CARTESIAN_POINT('',(0.647894203633,-30.88297754755,
    -27.13081807596));
#6245 = CARTESIAN_POINT('',(0.349386469368,-8.383635003434,
    -26.52770237614));
#6246 = CARTESIAN_POINT('',(0.349387265842,-30.88297755812,
    -26.52770237614));
#6247 = CARTESIAN_POINT('',(0.116002210983,-8.383635011696,
    -26.05616321741));
#6248 = CARTESIAN_POINT('',(0.116003007457,-30.88297756638,
    -26.05616321741));
#6249 = CARTESIAN_POINT('',(-3.806055172495E-02,-8.38363501715,
    -25.5743005962));
#6250 = CARTESIAN_POINT('',(-3.805975525109E-02,-30.88297757183,
    -25.5743005962));
#6251 = CARTESIAN_POINT('',(-0.129736634309,-8.383635020395,
    -24.93851808295));
#6252 = CARTESIAN_POINT('',(-0.129735837835,-30.88297757508,
    -24.93851808296));
#6253 = CARTESIAN_POINT('',(-0.207472185977,-8.383635023147,
    -24.39941450201));
#6254 = CARTESIAN_POINT('',(-0.207471389503,-30.88297757783,
    -24.39941450201));
#6255 = CARTESIAN_POINT('',(-0.243687946562,-8.383635024429,
    -23.77861798757));
#6256 = CARTESIAN_POINT('',(-0.243687150088,-30.88297757911,
    -23.77861798757));
#6257 = CARTESIAN_POINT('',(-0.199826653347,-8.383635022876,
    -22.72278518461));
#6258 = CARTESIAN_POINT('',(-0.199825856873,-30.88297757756,
    -22.72278518461));
#6259 = CARTESIAN_POINT('',(-7.141006458117E-02,-8.383635018331,
    -19.63153007273));
#6260 = CARTESIAN_POINT('',(-7.140926810732E-02,-30.88297757301,
    -19.63153007273));
#6261 = CARTESIAN_POINT('',(5.700652418455E-02,-8.383635013785,
    -16.54027496086));
#6262 = CARTESIAN_POINT('',(5.700732065841E-02,-30.88297756847,
    -16.54027496086));
#6263 = CARTESIAN_POINT('',(0.18542311295,-8.38363500924,-13.44901984898
    ));
#6264 = CARTESIAN_POINT('',(0.185423909424,-30.88297756392,
    -13.44901984898));
#6265 = ADVANCED_FACE('',(#6266),#6303,.T.);
#6266 = FACE_BOUND('',#6267,.T.);
#6267 = EDGE_LOOP('',(#6268,#6269,#6276,#6302));
#6268 = ORIENTED_EDGE('',*,*,#2117,.F.);
#6269 = ORIENTED_EDGE('',*,*,#6270,.F.);
#6270 = EDGE_CURVE('',#6271,#2109,#6273,.T.);
#6271 = VERTEX_POINT('',#6272);
#6272 = CARTESIAN_POINT('',(4.131122582295,-15.52279329898,
    -30.08006588797));
#6273 = B_SPLINE_CURVE_WITH_KNOTS('',1,(#6274,#6275),.UNSPECIFIED.,.F.,
  .F.,(2,2),(-0.226084157058,0.399656206566),.PIECEWISE_BEZIER_KNOTS.);
#6274 = CARTESIAN_POINT('',(4.131122582295,-15.52279329898,
    -30.08006588797));
#6275 = CARTESIAN_POINT('',(4.131122803807,-21.78019693521,
    -30.08006588797));
#6276 = ORIENTED_EDGE('',*,*,#6277,.F.);
#6277 = EDGE_CURVE('',#5313,#6271,#6278,.T.);
#6278 = B_SPLINE_CURVE_WITH_KNOTS('',3,(#6279,#6280,#6281,#6282,#6283,
    #6284,#6285,#6286,#6287,#6288,#6289,#6290,#6291,#6292,#6293,#6294,
    #6295,#6296,#6297,#6298,#6299,#6300,#6301),.UNSPECIFIED.,.F.,.F.,(4,
    2,2,2,2,3,2,2,2,2,4),(-0.83498032577,-0.794322445239,-0.733571489911
    ,-0.695152921349,-0.659596853292,-0.613402857059,-0.445300651461,
    -0.275454220123,-0.157031516763,-5.50112501835E-02,0.),
  .UNSPECIFIED.);
#6279 = CARTESIAN_POINT('',(0.18904060097,-11.97199533175,
    -23.05108640359));
#6280 = CARTESIAN_POINT('',(0.184777549864,-12.04742324781,-23.207513032
    ));
#6281 = CARTESIAN_POINT('',(0.182445398325,-12.14997548172,
    -23.37031997389));
#6282 = CARTESIAN_POINT('',(0.18214744592,-12.36412622833,
    -23.71623231785));
#6283 = CARTESIAN_POINT('',(0.186515361383,-12.4998549211,
    -23.93651288373));
#6284 = CARTESIAN_POINT('',(0.203773023082,-12.70585837311,
    -24.27644167821));
#6285 = CARTESIAN_POINT('',(0.213033652571,-12.78554545892,
    -24.40824920404));
#6286 = CARTESIAN_POINT('',(0.237077472479,-12.93974446115,
    -24.66067709386));
#6287 = CARTESIAN_POINT('',(0.251397107829,-13.01421832338,
    -24.78143685055));
#6288 = CARTESIAN_POINT('',(0.292072807433,-13.18673679447,
    -25.05738298651));
#6289 = CARTESIAN_POINT('',(0.320691915159,-13.2849323579,
    -25.21167763651));
#6290 = CARTESIAN_POINT('',(0.356383900023,-13.38363500318,
    -25.36441448432));
#6291 = CARTESIAN_POINT('',(0.486268773966,-13.74281874399,
    -25.92023132385));
#6292 = CARTESIAN_POINT('',(0.697936422021,-14.07432112835,
    -26.40428663617));
#6293 = CARTESIAN_POINT('',(1.356682807473,-14.7174329203,
    -27.39910130946));
#6294 = CARTESIAN_POINT('',(1.764424261258,-14.98700051514,
    -27.84980138313));
#6295 = CARTESIAN_POINT('',(2.393117001979,-15.31847657463,
    -28.49583746546));
#6296 = CARTESIAN_POINT('',(2.676720469806,-15.44170705692,
    -28.76911628427));
#6297 = CARTESIAN_POINT('',(3.199585065975,-15.59745953574,
    -29.25516785912));
#6298 = CARTESIAN_POINT('',(3.472250527021,-15.64974055805,
    -29.50098452589));
#6299 = CARTESIAN_POINT('',(3.863075942882,-15.62087412019,
    -29.8464489694));
#6300 = CARTESIAN_POINT('',(4.002182020126,-15.58962312523,
    -29.9681151466));
#6301 = CARTESIAN_POINT('',(4.131122582295,-15.52279329898,
    -30.08006588797));
#6302 = ORIENTED_EDGE('',*,*,#5312,.T.);
#6303 = B_SPLINE_SURFACE_WITH_KNOTS('',3,1,(
    (#6304,#6305)
    ,(#6306,#6307)
    ,(#6308,#6309)
    ,(#6310,#6311)
    ,(#6312,#6313)
    ,(#6314,#6315)
    ,(#6316,#6317)
    ,(#6318,#6319)
    ,(#6320,#6321)
    ,(#6322,#6323)
    ,(#6324,#6325)
    ,(#6326,#6327)
    ,(#6328,#6329)
    ,(#6330,#6331)
    ,(#6332,#6333)
    ,(#6334,#6335)
    ,(#6336,#6337)
    ,(#6338,#6339)
    ,(#6340,#6341
    )),.UNSPECIFIED.,.F.,.F.,.F.,(4,3,3,3,3,3,4),(2,2),(-1.920522787963,
    0.,0.174205644479,0.471383736504,0.700024232494,0.888398737599,
    1.770055584844),(-1.154675274316,1.335453315706),.UNSPECIFIED.);
#6304 = CARTESIAN_POINT('',(37.481981248172,-6.236880945784,
    -59.03645678931));
#6305 = CARTESIAN_POINT('',(37.481982129675,-31.138166846,
    -59.03645678931));
#6306 = CARTESIAN_POINT('',(26.365028249972,-6.236881339324,
    -49.38432648886));
#6307 = CARTESIAN_POINT('',(26.365029131475,-31.13816723954,
    -49.38432648886));
#6308 = CARTESIAN_POINT('',(15.248075251772,-6.236881732864,
    -39.73219618842));
#6309 = CARTESIAN_POINT('',(15.248076133275,-31.13816763308,
    -39.73219618842));
#6310 = CARTESIAN_POINT('',(4.131122253575,-6.236882126402,
    -30.08006588797));
#6311 = CARTESIAN_POINT('',(4.131123135078,-31.13816802662,
    -30.08006588797));
#6312 = CARTESIAN_POINT('',(3.125670609155,-6.236882161995,
    -29.20709734306));
#6313 = CARTESIAN_POINT('',(3.125671490658,-31.13816806221,
    -29.20709734306));
#6314 = CARTESIAN_POINT('',(2.555564467113,-6.236882182177,
    -28.66500269557));
#6315 = CARTESIAN_POINT('',(2.555565348616,-31.1381680824,
    -28.66500269557));
#6316 = CARTESIAN_POINT('',(2.106235832529,-6.236882198083,
    -28.20096949935));
#6317 = CARTESIAN_POINT('',(2.106236714032,-31.1381680983,
    -28.20096949935));
#6318 = CARTESIAN_POINT('',(1.339724352848,-6.236882225217,
    -27.4093734503));
#6319 = CARTESIAN_POINT('',(1.339725234351,-31.13816812544,
    -27.4093734503));
#6320 = CARTESIAN_POINT('',(0.968292763198,-6.236882238366,
    -26.88619572097));
#6321 = CARTESIAN_POINT('',(0.968293644701,-31.13816813859,
    -26.88619572097));
#6322 = CARTESIAN_POINT('',(0.693662987638,-6.236882248088,
    -26.32128755548));
#6323 = CARTESIAN_POINT('',(0.693663869141,-31.13816814831,
    -26.32128755548));
#6324 = CARTESIAN_POINT('',(0.482370534451,-6.236882255568,
    -25.88666304374));
#6325 = CARTESIAN_POINT('',(0.482371415954,-31.13816815579,
    -25.88666304374));
#6326 = CARTESIAN_POINT('',(0.343861819609,-6.236882260471,
    -25.44712876018));
#6327 = CARTESIAN_POINT('',(0.343862701112,-31.13816816069,
    -25.44712876018));
#6328 = CARTESIAN_POINT('',(0.260246072266,-6.236882263431,
    -24.8393894875));
#6329 = CARTESIAN_POINT('',(0.260246953769,-31.13816816365,
    -24.8393894875));
#6330 = CARTESIAN_POINT('',(0.191355935563,-6.236882265869,
    -24.33867947886));
#6331 = CARTESIAN_POINT('',(0.191356817066,-31.13816816609,
    -24.33867947886));
#6332 = CARTESIAN_POINT('',(0.157870560512,-6.236882267055,
    -23.74940443976));
#6333 = CARTESIAN_POINT('',(0.157871442015,-31.13816816727,
    -23.74940443976));
#6334 = CARTESIAN_POINT('',(0.199828570964,-6.23688226557,
    -22.73938762229));
#6335 = CARTESIAN_POINT('',(0.199829452467,-31.13816816579,
    -22.73938762229));
#6336 = CARTESIAN_POINT('',(0.39784686435,-6.236882258561,-17.9726743218
    ));
#6337 = CARTESIAN_POINT('',(0.397847745853,-31.13816815878,
    -17.9726743218));
#6338 = CARTESIAN_POINT('',(0.595865157736,-6.236882251551,
    -13.20596102131));
#6339 = CARTESIAN_POINT('',(0.595866039238,-31.13816815177,
    -13.20596102131));
#6340 = CARTESIAN_POINT('',(0.793883451121,-6.236882244541,
    -8.439247720828));
#6341 = CARTESIAN_POINT('',(0.793884332624,-31.13816814476,
    -8.43924772083));
#6342 = ADVANCED_FACE('',(#6343),#6358,.F.);
#6343 = FACE_BOUND('',#6344,.F.);
#6344 = EDGE_LOOP('',(#6345,#6346,#6356,#6357));
#6345 = ORIENTED_EDGE('',*,*,#6270,.F.);
#6346 = ORIENTED_EDGE('',*,*,#6347,.T.);
#6347 = EDGE_CURVE('',#6271,#5668,#6348,.T.);
#6348 = B_SPLINE_CURVE_WITH_KNOTS('',3,(#6349,#6350,#6351,#6352,#6353,
    #6354,#6355),.UNSPECIFIED.,.F.,.F.,(4,3,4),(-2.326306481477E-02,
    -1.137473038982E-02,0.),.UNSPECIFIED.);
#6349 = CARTESIAN_POINT('',(4.134230623437,-15.52291348905,
    -30.08006588797));
#6350 = CARTESIAN_POINT('',(4.113136462002,-15.54905800582,
    -30.10435963836));
#6351 = CARTESIAN_POINT('',(4.091172418357,-15.57426774043,
    -30.1296434483));
#6352 = CARTESIAN_POINT('',(4.068688368191,-15.59738175535,
    -30.15552549334));
#6353 = CARTESIAN_POINT('',(4.047175681924,-15.6194971904,-30.1802893731
    ));
#6354 = CARTESIAN_POINT('',(4.025188241405,-15.63969361833,
    -30.20560058338));
#6355 = CARTESIAN_POINT('',(4.003041633185,-15.65692185471,
    -30.23108640345));
#6356 = ORIENTED_EDGE('',*,*,#5676,.T.);
#6357 = ORIENTED_EDGE('',*,*,#2108,.T.);
#6358 = PLANE('',#6359);
#6359 = AXIS2_PLACEMENT_3D('',#6360,#6361,#6362);
#6360 = CARTESIAN_POINT('',(4.000001414525,-20.1836348742,
    -30.23108640345));
#6361 = DIRECTION('',(-0.755102577372,-2.673057343E-08,0.65560666382));
#6362 = DIRECTION('',(3.539987254357E-08,-1.,-5.862310107215E-14));
#6363 = ADVANCED_FACE('',(#6364),#6375,.T.);
#6364 = FACE_BOUND('',#6365,.T.);
#6365 = EDGE_LOOP('',(#6366,#6372,#6373,#6374));
#6366 = ORIENTED_EDGE('',*,*,#6367,.T.);
#6367 = EDGE_CURVE('',#3537,#3116,#6368,.T.);
#6368 = LINE('',#6369,#6370);
#6369 = CARTESIAN_POINT('',(248.59962595204,-15.37067802212,
    -8.837115281616));
#6370 = VECTOR('',#6371,1.);
#6371 = DIRECTION('',(1.,3.539992664E-08,-1.075E-14));
#6372 = ORIENTED_EDGE('',*,*,#3115,.F.);
#6373 = ORIENTED_EDGE('',*,*,#3253,.F.);
#6374 = ORIENTED_EDGE('',*,*,#3545,.F.);
#6375 = PLANE('',#6376);
#6376 = AXIS2_PLACEMENT_3D('',#6377,#6378,#6379);
#6377 = CARTESIAN_POINT('',(160.35378459959,-16.79287341705,
    -7.932786369991));
#6378 = DIRECTION('',(-1.899483981E-08,0.53657876374,0.843850241632));
#6379 = DIRECTION('',(-1.,-3.539989490111E-08,-9.441753128938E-15));
#6380 = ADVANCED_FACE('',(#6381),#6421,.F.);
#6381 = FACE_BOUND('',#6382,.F.);
#6382 = EDGE_LOOP('',(#6383,#6392,#6400,#6411,#6418,#6419,#6420));
#6383 = ORIENTED_EDGE('',*,*,#6384,.F.);
#6384 = EDGE_CURVE('',#6385,#3124,#6387,.T.);
#6385 = VERTEX_POINT('',#6386);
#6386 = CARTESIAN_POINT('',(-14.01526693694,-21.78781799415,
    -1.538671635894));
#6387 = ELLIPSE('',#6388,18.2424263405,17.390340002837);
#6388 = AXIS2_PLACEMENT_3D('',#6389,#6390,#6391);
#6389 = CARTESIAN_POINT('',(-12.8881989179,-6.039400139033,
    5.837727331852));
#6390 = DIRECTION('',(0.95329096006,-0.181361731474,0.241545581257));
#6391 = DIRECTION('',(0.302053547352,0.572383682522,-0.762325766661));
#6392 = ORIENTED_EDGE('',*,*,#6393,.F.);
#6393 = EDGE_CURVE('',#6394,#6385,#6396,.T.);
#6394 = VERTEX_POINT('',#6395);
#6395 = CARTESIAN_POINT('',(-21.59671339603,-21.7878182625,
    -1.538671635963));
#6396 = LINE('',#6397,#6398);
#6397 = CARTESIAN_POINT('',(248.59962617921,-21.7878086976,
    -1.538671635896));
#6398 = VECTOR('',#6399,1.);
#6399 = DIRECTION('',(1.,3.539992664E-08,-1.075E-14));
#6400 = ORIENTED_EDGE('',*,*,#6401,.T.);
#6401 = EDGE_CURVE('',#6394,#6402,#6404,.T.);
#6402 = VERTEX_POINT('',#6403);
#6403 = CARTESIAN_POINT('',(-19.37113163507,-17.97879586653,
    -6.806431816009));
#6404 = B_SPLINE_CURVE_WITH_KNOTS('',3,(#6405,#6406,#6407,#6408,#6409,
    #6410),.UNSPECIFIED.,.F.,.F.,(4,2,4),(0.123544594014,0.577427721948,
    0.815396371668),.UNSPECIFIED.);
#6405 = CARTESIAN_POINT('',(-21.59671339603,-21.7878182625,
    -1.538671635963));
#6406 = CARTESIAN_POINT('',(-21.06684366134,-21.18619977136,
    -2.823111253425));
#6407 = CARTESIAN_POINT('',(-20.53700507446,-20.42712074728,
    -4.034947668329));
#6408 = CARTESIAN_POINT('',(-19.8138967948,-19.04795907314,
    -5.727974915728));
#6409 = CARTESIAN_POINT('',(-19.5802222648,-18.53272448151,
    -6.283378234809));
#6410 = CARTESIAN_POINT('',(-19.37113163508,-17.97879586654,-6.806431816
    ));
#6411 = ORIENTED_EDGE('',*,*,#6412,.T.);
#6412 = EDGE_CURVE('',#6402,#3528,#6413,.T.);
#6413 = B_SPLINE_CURVE_WITH_KNOTS('',3,(#6414,#6415,#6416,#6417),
  .UNSPECIFIED.,.F.,.F.,(4,4),(0.815396371669,1.095990576639),
  .PIECEWISE_BEZIER_KNOTS.);
#6414 = CARTESIAN_POINT('',(-19.37113163507,-17.97879586653,
    -6.806431816008));
#6415 = CARTESIAN_POINT('',(-19.12458815515,-17.32564613647,
    -7.423176097006));
#6416 = CARTESIAN_POINT('',(-18.91219575359,-16.61873361256,
    -7.994968826009));
#6417 = CARTESIAN_POINT('',(-18.75036302305,-15.86157135097,
    -8.513191878224));
#6418 = ORIENTED_EDGE('',*,*,#3536,.T.);
#6419 = ORIENTED_EDGE('',*,*,#6367,.T.);
#6420 = ORIENTED_EDGE('',*,*,#3123,.F.);
#6421 = CYLINDRICAL_SURFACE('',#6422,17.390340002837);
#6422 = AXIS2_PLACEMENT_3D('',#6423,#6424,#6425);
#6423 = CARTESIAN_POINT('',(248.59962562172,-6.039390882383,
    5.83772733185));
#6424 = DIRECTION('',(1.,3.539992664E-08,-1.075E-14));
#6425 = DIRECTION('',(2.65851292388E-08,-0.750994108193,-0.660308904573)
  );
#6426 = ADVANCED_FACE('',(#6427),#6497,.T.);
#6427 = FACE_BOUND('',#6428,.T.);
#6428 = EDGE_LOOP('',(#6429,#6440,#6441,#6442,#6450,#6458,#6466,#6474,
    #6482,#6490));
#6429 = ORIENTED_EDGE('',*,*,#6430,.F.);
#6430 = EDGE_CURVE('',#3133,#6431,#6433,.T.);
#6431 = VERTEX_POINT('',#6432);
#6432 = CARTESIAN_POINT('',(-11.66407344748,-24.3272218856,
    -12.72464395408));
#6433 = B_SPLINE_CURVE_WITH_KNOTS('',3,(#6434,#6435,#6436,#6437,#6438,
    #6439),.UNSPECIFIED.,.F.,.F.,(4,1,1,4),(-0.735331590116,
    -0.709573037611,-0.647103290431,-0.48051729795),.UNSPECIFIED.);
#6434 = CARTESIAN_POINT('',(-11.11912813887,-21.89190399386,
    -13.04681075375));
#6435 = CARTESIAN_POINT('',(-11.14263184823,-21.96556764033,
    -13.00935982153));
#6436 = CARTESIAN_POINT('',(-11.22174298345,-22.22337071171,
    -12.89070594887));
#6437 = CARTESIAN_POINT('',(-11.43466390654,-23.01424629665,
    -12.64420578348));
#6438 = CARTESIAN_POINT('',(-11.58294807447,-23.78023905619,
    -12.63411997016));
#6439 = CARTESIAN_POINT('',(-11.66407344747,-24.3272218856,
    -12.72464395408));
#6440 = ORIENTED_EDGE('',*,*,#3132,.F.);
#6441 = ORIENTED_EDGE('',*,*,#6384,.F.);
#6442 = ORIENTED_EDGE('',*,*,#6443,.F.);
#6443 = EDGE_CURVE('',#6444,#6385,#6446,.T.);
#6444 = VERTEX_POINT('',#6445);
#6445 = CARTESIAN_POINT('',(-15.91214732712,-24.38198697074,
    3.999810765571));
#6446 = LINE('',#6447,#6448);
#6447 = CARTESIAN_POINT('',(2.772704800606,1.171371044211,
    -50.55593519454));
#6448 = VECTOR('',#6449,1.);
#6449 = DIRECTION('',(0.296233354344,0.405128009993,-0.864937625088));
#6450 = ORIENTED_EDGE('',*,*,#6451,.F.);
#6451 = EDGE_CURVE('',#6452,#6444,#6454,.T.);
#6452 = VERTEX_POINT('',#6453);
#6453 = CARTESIAN_POINT('',(-17.07684182092,-30.50396608476,
    3.999810765571));
#6454 = LINE('',#6455,#6456);
#6455 = CARTESIAN_POINT('',(-14.88929837052,-19.00558999928,
    3.999810765571));
#6456 = VECTOR('',#6457,1.);
#6457 = DIRECTION('',(0.186895814767,0.982379740438,-9.2E-15));
#6458 = ORIENTED_EDGE('',*,*,#6459,.F.);
#6459 = EDGE_CURVE('',#6460,#6452,#6462,.T.);
#6460 = VERTEX_POINT('',#6461);
#6461 = CARTESIAN_POINT('',(-17.07847852446,-30.51559426815,
    3.997539340123));
#6462 = LINE('',#6463,#6464);
#6463 = CARTESIAN_POINT('',(-15.7332384349,-20.95815271839,
    5.864470331315));
#6464 = VECTOR('',#6465,1.);
#6465 = DIRECTION('',(0.136842755225,0.97221800385,0.189911066903));
#6466 = ORIENTED_EDGE('',*,*,#6467,.T.);
#6467 = EDGE_CURVE('',#6460,#6468,#6470,.T.);
#6468 = VERTEX_POINT('',#6469);
#6469 = CARTESIAN_POINT('',(-15.75913837101,-30.34648928197,
    -1.082437126646));
#6470 = LINE('',#6471,#6472);
#6471 = CARTESIAN_POINT('',(-13.26557376958,-30.026879357,-10.6836377423
    ));
#6472 = VECTOR('',#6473,1.);
#6473 = DIRECTION('',(0.251244026553,3.220292926486E-02,-0.967387931736)
  );
#6474 = ORIENTED_EDGE('',*,*,#6475,.T.);
#6475 = EDGE_CURVE('',#6468,#6476,#6478,.T.);
#6476 = VERTEX_POINT('',#6477);
#6477 = CARTESIAN_POINT('',(-14.99943538674,-28.33770960801,
    -2.572434275559));
#6478 = LINE('',#6479,#6480);
#6479 = CARTESIAN_POINT('',(-13.30206053728,-23.84957190402,
    -5.90147747542));
#6480 = VECTOR('',#6481,1.);
#6481 = DIRECTION('',(0.290640452143,0.768501094407,-0.57002999524));
#6482 = ORIENTED_EDGE('',*,*,#6483,.F.);
#6483 = EDGE_CURVE('',#6484,#6476,#6486,.T.);
#6484 = VERTEX_POINT('',#6485);
#6485 = CARTESIAN_POINT('',(-13.99006263505,-26.89904831996,
    -5.475852395091));
#6486 = LINE('',#6487,#6488);
#6487 = CARTESIAN_POINT('',(-12.7371591798,-25.113282164,-9.079776305157
    ));
#6488 = VECTOR('',#6489,1.);
#6489 = DIRECTION('',(-0.297409741011,-0.423898783043,0.8554865678));
#6490 = ORIENTED_EDGE('',*,*,#6491,.F.);
#6491 = EDGE_CURVE('',#6431,#6484,#6492,.T.);
#6492 = ELLIPSE('',#6493,37.25260086661,35.231448316271);
#6493 = AXIS2_PLACEMENT_3D('',#6494,#6495,#6496);
#6494 = CARTESIAN_POINT('',(-15.39263810945,-58.70156167695,
    -23.81895908337));
#6495 = DIRECTION('',(0.95329096006,-0.181361731474,0.241545581257));
#6496 = DIRECTION('',(-0.112856028468,0.527904613619,0.841772080648));
#6497 = PLANE('',#6498);
#6498 = AXIS2_PLACEMENT_3D('',#6499,#6500,#6501);
#6499 = CARTESIAN_POINT('',(-11.41074944981,-16.2648463601,
    -7.67087769678));
#6500 = DIRECTION('',(0.95329096006,-0.181361731474,0.241545581257));
#6501 = DIRECTION('',(-0.302053547352,-0.572383682522,0.762325766661));
#6502 = ADVANCED_FACE('',(#6503),#6518,.T.);
#6503 = FACE_BOUND('',#6504,.T.);
#6504 = EDGE_LOOP('',(#6505,#6506,#6517));
#6505 = ORIENTED_EDGE('',*,*,#6430,.T.);
#6506 = ORIENTED_EDGE('',*,*,#6507,.T.);
#6507 = EDGE_CURVE('',#6431,#3141,#6508,.T.);
#6508 = B_SPLINE_CURVE_WITH_KNOTS('',3,(#6509,#6510,#6511,#6512,#6513,
    #6514,#6515,#6516),.UNSPECIFIED.,.F.,.F.,(4,2,2,4),(0.,
    0.203383494425,0.330079646046,0.377427018485),.UNSPECIFIED.);
#6509 = CARTESIAN_POINT('',(-11.66407344747,-24.32722188558,
    -12.72464395408));
#6510 = CARTESIAN_POINT('',(-11.47566429015,-24.18256864053,
    -13.35961389507));
#6511 = CARTESIAN_POINT('',(-11.24262140119,-24.05432789354,
    -13.98190453611));
#6512 = CARTESIAN_POINT('',(-10.79332733531,-23.87506336589,
    -14.97223819556));
#6513 = CARTESIAN_POINT('',(-10.61250421747,-23.81579326354,
    -15.33027082424));
#6514 = CARTESIAN_POINT('',(-10.32561176007,-23.73904481805,
    -15.85132326881));
#6515 = CARTESIAN_POINT('',(-10.25875791198,-23.72280148063,
    -15.96876982121));
#6516 = CARTESIAN_POINT('',(-10.22159482053,-23.71383091542,
    -16.03492214851));
#6517 = ORIENTED_EDGE('',*,*,#3140,.F.);
#6518 = B_SPLINE_SURFACE_WITH_KNOTS('',3,3,(
    (#6519,#6520,#6521,#6522,#6523,#6524)
    ,(#6525,#6526,#6527,#6528,#6529,#6530)
    ,(#6531,#6532,#6533,#6534,#6535,#6536)
    ,(#6537,#6538,#6539,#6540,#6541,#6542
    )),.UNSPECIFIED.,.F.,.F.,.F.,(4,4),(4,1,1,4),(0.,1.),(
    -0.772042784791,-0.709573037611,-0.647103290431,-0.48051729795),
  .UNSPECIFIED.);
#6519 = CARTESIAN_POINT('',(-10.32606528852,-23.53932967904,
    -15.8006752407));
#6520 = CARTESIAN_POINT('',(-10.32606684176,-23.53933059367,
    -15.80067166986));
#6521 = CARTESIAN_POINT('',(-10.29970481052,-23.59001266133,
    -15.86193394619));
#6522 = CARTESIAN_POINT('',(-10.18527878928,-23.7792200464,
    -16.11788233891));
#6523 = CARTESIAN_POINT('',(-10.07452956276,-23.89830634689,
    -16.34487543922));
#6524 = CARTESIAN_POINT('',(-10.00333100238,-23.95149747471,
    -16.48324070325));
#6525 = CARTESIAN_POINT('',(-10.67681406186,-22.8770665031,
    -14.98948065664));
#6526 = CARTESIAN_POINT('',(-10.69629509364,-22.93149804723,
    -14.95346553954));
#6527 = CARTESIAN_POINT('',(-10.72230583373,-23.08129938563,
    -14.93573037707));
#6528 = CARTESIAN_POINT('',(-10.74993956376,-23.50073887499,
    -15.02692040559));
#6529 = CARTESIAN_POINT('',(-10.74511880112,-23.82588793872,
    -15.18736756021));
#6530 = CARTESIAN_POINT('',(-10.73648599311,-24.03583156496,
    -15.31662422412));
#6531 = CARTESIAN_POINT('',(-10.90903719619,-22.22036182584,
    -14.1225807025));
#6532 = CARTESIAN_POINT('',(-10.94855543773,-22.33077891942,
    -14.04952224681));
#6533 = CARTESIAN_POINT('',(-11.02230716641,-22.58289338621,
    -13.94763064803));
#6534 = CARTESIAN_POINT('',(-11.17116932873,-23.24249736399,
    -13.85559828893));
#6535 = CARTESIAN_POINT('',(-11.25465415734,-23.7858235437,
    -13.93377747877));
#6536 = CARTESIAN_POINT('',(-11.29812732168,-24.16289663633,
    -14.04551606524));
#6537 = CARTESIAN_POINT('',(-11.01630711955,-21.58739750919,
    -13.22397203607));
#6538 = CARTESIAN_POINT('',(-11.07586375637,-21.75380346462,
    -13.1138680501));
#6539 = CARTESIAN_POINT('',(-11.19106738283,-22.10942895704,
    -12.92621932405));
#6540 = CARTESIAN_POINT('',(-11.43466390654,-23.01424629665,
    -12.64420578348));
#6541 = CARTESIAN_POINT('',(-11.58294807447,-23.78023905619,
    -12.63411997016));
#6542 = CARTESIAN_POINT('',(-11.66407344747,-24.3272218856,
    -12.72464395408));
#6543 = ADVANCED_FACE('',(#6544),#6571,.F.);
#6544 = FACE_BOUND('',#6545,.F.);
#6545 = EDGE_LOOP('',(#6546,#6547,#6548,#6561,#6567,#6568,#6569,#6570));
#6546 = ORIENTED_EDGE('',*,*,#3980,.F.);
#6547 = ORIENTED_EDGE('',*,*,#3510,.F.);
#6548 = ORIENTED_EDGE('',*,*,#6549,.F.);
#6549 = EDGE_CURVE('',#6550,#3511,#6552,.T.);
#6550 = VERTEX_POINT('',#6551);
#6551 = CARTESIAN_POINT('',(-19.85305957605,-26.89904852751,
    -8.878412861007));
#6552 = B_SPLINE_CURVE_WITH_KNOTS('',3,(#6553,#6554,#6555,#6556,#6557,
    #6558,#6559,#6560),.UNSPECIFIED.,.F.,.F.,(4,2,2,4),(12.510045962199,
    12.800627287483,13.210529508637,13.288567852746),.UNSPECIFIED.);
#6553 = CARTESIAN_POINT('',(-19.85305957605,-26.89904852751,
    -8.878412861007));
#6554 = CARTESIAN_POINT('',(-19.32644033575,-26.45749037473,
    -9.643708323688));
#6555 = CARTESIAN_POINT('',(-18.8273271548,-26.05261730603,
    -10.4575784732));
#6556 = CARTESIAN_POINT('',(-17.72349153551,-25.18323123882,
    -12.51164086068));
#6557 = CARTESIAN_POINT('',(-17.15915705441,-24.762302401,
    -13.79274159006));
#6558 = CARTESIAN_POINT('',(-16.61597005925,-24.3728497547,
    -15.36159764387));
#6559 = CARTESIAN_POINT('',(-16.53295189748,-24.31390127679,
    -15.61381492429));
#6560 = CARTESIAN_POINT('',(-16.45388885244,-24.25825192585,
    -15.8669916866));
#6561 = ORIENTED_EDGE('',*,*,#6562,.F.);
#6562 = EDGE_CURVE('',#6484,#6550,#6563,.T.);
#6563 = LINE('',#6564,#6565);
#6564 = CARTESIAN_POINT('',(-13.11827153614,-26.8990482891,
    -4.969912863221));
#6565 = VECTOR('',#6566,1.);
#6566 = DIRECTION('',(-0.864901689809,-3.0617425E-08,-0.501941298326));
#6567 = ORIENTED_EDGE('',*,*,#6491,.F.);
#6568 = ORIENTED_EDGE('',*,*,#6507,.T.);
#6569 = ORIENTED_EDGE('',*,*,#3171,.T.);
#6570 = ORIENTED_EDGE('',*,*,#5480,.T.);
#6571 = CYLINDRICAL_SURFACE('',#6572,35.231448316271);
#6572 = AXIS2_PLACEMENT_3D('',#6573,#6574,#6575);
#6573 = CARTESIAN_POINT('',(-5.508352013455,-58.70156132704,
    -18.08266390149));
#6574 = DIRECTION('',(-0.864901689809,-3.061742503E-08,-0.501941298326)
  );
#6575 = DIRECTION('',(-0.110726722679,0.975365062708,0.190794620821));
#6576 = ADVANCED_FACE('',(#6577),#6588,.T.);
#6577 = FACE_BOUND('',#6578,.T.);
#6578 = EDGE_LOOP('',(#6579,#6580,#6581,#6582));
#6579 = ORIENTED_EDGE('',*,*,#3358,.F.);
#6580 = ORIENTED_EDGE('',*,*,#3336,.T.);
#6581 = ORIENTED_EDGE('',*,*,#3589,.T.);
#6582 = ORIENTED_EDGE('',*,*,#6583,.T.);
#6583 = EDGE_CURVE('',#3590,#3359,#6584,.T.);
#6584 = LINE('',#6585,#6586);
#6585 = CARTESIAN_POINT('',(-173.3248553039,2.240456496139,
    4.485005502814));
#6586 = VECTOR('',#6587,1.);
#6587 = DIRECTION('',(-1.,-3.539988602E-08,2.39E-14));
#6588 = PLANE('',#6589);
#6589 = AXIS2_PLACEMENT_3D('',#6590,#6591,#6592);
#6590 = CARTESIAN_POINT('',(-173.3248545912,1.883054862859,
    4.278883715787));
#6591 = DIRECTION('',(1.768552454E-08,-0.499592110359,0.866260770938));
#6592 = DIRECTION('',(1.,3.539993726889E-08,5.571932943038E-15));
#6593 = ADVANCED_FACE('',(#6594,#6678,#6689),#6700,.T.);
#6594 = FACE_BOUND('',#6595,.T.);
#6595 = EDGE_LOOP('',(#6596,#6606,#6614,#6622,#6630,#6638,#6646,#6652,
    #6653,#6654,#6655,#6656,#6664,#6672));
#6596 = ORIENTED_EDGE('',*,*,#6597,.F.);
#6597 = EDGE_CURVE('',#6598,#6600,#6602,.T.);
#6598 = VERTEX_POINT('',#6599);
#6599 = CARTESIAN_POINT('',(10.955518054499,4.216365372022,
    4.485005502809));
#6600 = VERTEX_POINT('',#6601);
#6601 = CARTESIAN_POINT('',(14.555606985432,7.712042734354,
    4.485005502809));
#6602 = LINE('',#6603,#6604);
#6603 = CARTESIAN_POINT('',(-81.1678751256,-85.23521936925,
    4.485005502813));
#6604 = VECTOR('',#6605,1.);
#6605 = DIRECTION('',(0.717433929844,0.69662655441,-2.97E-14));
#6606 = ORIENTED_EDGE('',*,*,#6607,.F.);
#6607 = EDGE_CURVE('',#6608,#6598,#6610,.T.);
#6608 = VERTEX_POINT('',#6609);
#6609 = CARTESIAN_POINT('',(-10.95551835302,4.216364596374,
    4.485005502809));
#6610 = LINE('',#6611,#6612);
#6611 = CARTESIAN_POINT('',(-336.8454662599,4.2163530599,4.485005502818)
  );
#6612 = VECTOR('',#6613,1.);
#6613 = DIRECTION('',(1.,3.539988026E-08,-2.398E-14));
#6614 = ORIENTED_EDGE('',*,*,#6615,.T.);
#6615 = EDGE_CURVE('',#6608,#6616,#6618,.T.);
#6616 = VERTEX_POINT('',#6617);
#6617 = CARTESIAN_POINT('',(-14.55560753145,7.712041703821,
    4.485005502809));
#6618 = LINE('',#6619,#6620);
#6619 = CARTESIAN_POINT('',(81.167881160233,-85.23521362259,
    4.485005502815));
#6620 = VECTOR('',#6621,1.);
#6621 = DIRECTION('',(-0.717433979165,0.696626503616,-4.31E-14));
#6622 = ORIENTED_EDGE('',*,*,#6623,.T.);
#6623 = EDGE_CURVE('',#6616,#6624,#6626,.T.);
#6624 = VERTEX_POINT('',#6625);
#6625 = CARTESIAN_POINT('',(-14.5556076555,11.216364468931,
    4.485005502809));
#6626 = LINE('',#6627,#6628);
#6627 = CARTESIAN_POINT('',(-14.5556073723,3.216364468931,4.485005502809
    ));
#6628 = VECTOR('',#6629,1.);
#6629 = DIRECTION('',(-3.539990158E-08,1.,-1.796E-14));
#6630 = ORIENTED_EDGE('',*,*,#6631,.T.);
#6631 = EDGE_CURVE('',#6624,#6632,#6634,.T.);
#6632 = VERTEX_POINT('',#6633);
#6633 = CARTESIAN_POINT('',(-21.1242919557,11.21636423639,4.485005502808
    ));
#6634 = LINE('',#6635,#6636);
#6635 = CARTESIAN_POINT('',(-8.535089633405,11.216364682056,
    4.485005502809));
#6636 = VECTOR('',#6637,1.);
#6637 = DIRECTION('',(-1.,-3.539990158E-08,-4.286E-14));
#6638 = ORIENTED_EDGE('',*,*,#6639,.T.);
#6639 = EDGE_CURVE('',#6632,#6640,#6642,.T.);
#6640 = VERTEX_POINT('',#6641);
#6641 = CARTESIAN_POINT('',(-22.30949275444,10.085044169234,
    4.485005502808));
#6642 = LINE('',#6643,#6644);
#6643 = CARTESIAN_POINT('',(-17.86558612556,14.326925166258,
    4.485005502808));
#6644 = VECTOR('',#6645,1.);
#6645 = DIRECTION('',(-0.723357973047,-0.690473202108,-1.86E-14));
#6646 = ORIENTED_EDGE('',*,*,#6647,.T.);
#6647 = EDGE_CURVE('',#6640,#3393,#6648,.T.);
#6648 = LINE('',#6649,#6650);
#6649 = CARTESIAN_POINT('',(-22.30949198105,-11.7622086579,
    4.485005502809));
#6650 = VECTOR('',#6651,1.);
#6651 = DIRECTION('',(3.539990155E-08,-1.,1.752E-14));
#6652 = ORIENTED_EDGE('',*,*,#3400,.F.);
#6653 = ORIENTED_EDGE('',*,*,#6583,.F.);
#6654 = ORIENTED_EDGE('',*,*,#3624,.T.);
#6655 = ORIENTED_EDGE('',*,*,#3717,.F.);
#6656 = ORIENTED_EDGE('',*,*,#6657,.F.);
#6657 = EDGE_CURVE('',#6658,#3710,#6660,.T.);
#6658 = VERTEX_POINT('',#6659);
#6659 = CARTESIAN_POINT('',(21.12429116158,11.216365731995,
    4.485005502809));
#6660 = LINE('',#6661,#6662);
#6661 = CARTESIAN_POINT('',(17.865585111206,14.326926431137,
    4.485005502809));
#6662 = VECTOR('',#6663,1.);
#6663 = DIRECTION('',(0.723358021933,-0.690473150894,-5.09E-15));
#6664 = ORIENTED_EDGE('',*,*,#6665,.F.);
#6665 = EDGE_CURVE('',#6666,#6658,#6668,.T.);
#6666 = VERTEX_POINT('',#6667);
#6667 = CARTESIAN_POINT('',(14.55560686138,11.216365499464,
    4.485005502809));
#6668 = LINE('',#6669,#6670);
#6669 = CARTESIAN_POINT('',(8.535088839287,11.216365286339,
    4.485005502809));
#6670 = VECTOR('',#6671,1.);
#6671 = DIRECTION('',(1.,3.539988022E-08,-2.417E-14));
#6672 = ORIENTED_EDGE('',*,*,#6673,.F.);
#6673 = EDGE_CURVE('',#6600,#6666,#6674,.T.);
#6674 = LINE('',#6675,#6676);
#6675 = CARTESIAN_POINT('',(14.555607144579,3.216365499464,
    4.485005502809));
#6676 = VECTOR('',#6677,1.);
#6677 = DIRECTION('',(-3.539988022E-08,1.,-1.796E-14));
#6678 = FACE_BOUND('',#6679,.T.);
#6679 = EDGE_LOOP('',(#6680));
#6680 = ORIENTED_EDGE('',*,*,#6681,.T.);
#6681 = EDGE_CURVE('',#6682,#6682,#6684,.T.);
#6682 = VERTEX_POINT('',#6683);
#6683 = CARTESIAN_POINT('',(-18.12294042265,6.322341535878,4.48500550281
    ));
#6684 = ELLIPSE('',#6685,1.809809726195,1.7);
#6685 = AXIS2_PLACEMENT_3D('',#6686,#6687,#6688);
#6686 = CARTESIAN_POINT('',(-19.77647887672,6.992168861603,4.48500550281
    ));
#6687 = DIRECTION('',(-2.398E-14,-1.796E-14,-1.));
#6688 = DIRECTION('',(-0.994908027679,-0.100786985573,2.566802876462E-14
    ));
#6689 = FACE_BOUND('',#6690,.T.);
#6690 = EDGE_LOOP('',(#6691));
#6691 = ORIENTED_EDGE('',*,*,#6692,.F.);
#6692 = EDGE_CURVE('',#6693,#6693,#6695,.T.);
#6693 = VERTEX_POINT('',#6694);
#6694 = CARTESIAN_POINT('',(18.122939975027,6.322342818977,4.48500550281
    ));
#6695 = ELLIPSE('',#6696,1.809809726195,1.7);
#6696 = AXIS2_PLACEMENT_3D('',#6697,#6698,#6699);
#6697 = CARTESIAN_POINT('',(19.776478381676,6.992170261782,4.48500550281
    ));
#6698 = DIRECTION('',(-4.267E-14,1.796E-14,1.));
#6699 = DIRECTION('',(0.994908034814,-0.100786915133,4.426285884132E-14)
  );
#6700 = PLANE('',#6701);
#6701 = AXIS2_PLACEMENT_3D('',#6702,#6703,#6704);
#6702 = CARTESIAN_POINT('',(2.8925457267E-07,1.716364984198,
    4.48500550281));
#6703 = DIRECTION('',(2.398E-14,1.752E-14,1.));
#6704 = DIRECTION('',(1.,3.539988104E-08,-2.398000062021E-14));
#6705 = ADVANCED_FACE('',(#6706,#6732),#6757,.F.);
#6706 = FACE_BOUND('',#6707,.T.);
#6707 = EDGE_LOOP('',(#6708,#6709,#6717,#6725,#6731));
#6708 = ORIENTED_EDGE('',*,*,#6647,.F.);
#6709 = ORIENTED_EDGE('',*,*,#6710,.F.);
#6710 = EDGE_CURVE('',#6711,#6640,#6713,.T.);
#6711 = VERTEX_POINT('',#6712);
#6712 = CARTESIAN_POINT('',(-22.66890378931,10.287498003591,
    3.996238679437));
#6713 = LINE('',#6714,#6715);
#6714 = CARTESIAN_POINT('',(-22.66044919485,10.28273558702,4.00773617082
    ));
#6715 = VECTOR('',#6716,1.);
#6716 = DIRECTION('',(0.561952450844,-0.316544060599,0.764205012212));
#6717 = ORIENTED_EDGE('',*,*,#6718,.F.);
#6718 = EDGE_CURVE('',#6719,#6711,#6721,.T.);
#6719 = VERTEX_POINT('',#6720);
#6720 = CARTESIAN_POINT('',(-24.41523127797,7.912648773211,1.62138951088
    ));
#6721 = LINE('',#6722,#6723);
#6722 = CARTESIAN_POINT('',(-26.11526586914,5.60075374398,
    -0.690505458171));
#6723 = VECTOR('',#6724,1.);
#6724 = DIRECTION('',(0.461328747437,0.627365845133,0.627365828802));
#6725 = ORIENTED_EDGE('',*,*,#6726,.F.);
#6726 = EDGE_CURVE('',#3385,#6719,#6727,.T.);
#6727 = LINE('',#6728,#6729);
#6728 = CARTESIAN_POINT('',(-24.41523085997,-3.8952980284,1.62138951088)
  );
#6729 = VECTOR('',#6730,1.);
#6730 = DIRECTION('',(-3.539990881E-08,1.,-2.782E-14));
#6731 = ORIENTED_EDGE('',*,*,#3392,.F.);
#6732 = FACE_BOUND('',#6733,.T.);
#6733 = EDGE_LOOP('',(#6734,#6735,#6743,#6751));
#6734 = ORIENTED_EDGE('',*,*,#3446,.T.);
#6735 = ORIENTED_EDGE('',*,*,#6736,.T.);
#6736 = EDGE_CURVE('',#3439,#6737,#6739,.T.);
#6737 = VERTEX_POINT('',#6738);
#6738 = CARTESIAN_POINT('',(-23.57957885137,4.634561942863,2.75780184606
    ));
#6739 = LINE('',#6740,#6741);
#6740 = CARTESIAN_POINT('',(-22.34622164387,3.905082123304,
    4.435057203638));
#6741 = VECTOR('',#6742,1.);
#6742 = DIRECTION('',(-0.559088649532,0.330677831772,-0.760310498112));
#6743 = ORIENTED_EDGE('',*,*,#6744,.T.);
#6744 = EDGE_CURVE('',#6737,#6745,#6747,.T.);
#6745 = VERTEX_POINT('',#6746);
#6746 = CARTESIAN_POINT('',(-23.57957895075,7.441931401113,2.75780184606
    ));
#6747 = LINE('',#6748,#6749);
#6748 = CARTESIAN_POINT('',(-23.57957855535,-3.727713672439,
    2.75780184606));
#6749 = VECTOR('',#6750,1.);
#6750 = DIRECTION('',(-3.539990918E-08,1.,-2.789E-14));
#6751 = ORIENTED_EDGE('',*,*,#6752,.T.);
#6752 = EDGE_CURVE('',#6745,#3447,#6753,.T.);
#6753 = LINE('',#6754,#6755);
#6754 = CARTESIAN_POINT('',(-26.73314614756,3.153362001108,
    -1.530767442316));
#6755 = VECTOR('',#6756,1.);
#6756 = DIRECTION('',(0.461328747437,0.627365845133,0.627365828802));
#6757 = PLANE('',#6758);
#6758 = AXIS2_PLACEMENT_3D('',#6759,#6760,#6761);
#6759 = CARTESIAN_POINT('',(-22.48497019776,-11.76220866411,
    4.246370836815));
#6760 = DIRECTION('',(0.805632401654,2.851929733E-08,-0.592415760598));
#6761 = DIRECTION('',(-3.53999001464E-08,1.,-1.560265090046E-14));
#6762 = ADVANCED_FACE('',(#6763),#6781,.T.);
#6763 = FACE_BOUND('',#6764,.T.);
#6764 = EDGE_LOOP('',(#6765,#6773,#6774,#6775));
#6765 = ORIENTED_EDGE('',*,*,#6766,.T.);
#6766 = EDGE_CURVE('',#6767,#3377,#6769,.T.);
#6767 = VERTEX_POINT('',#6768);
#6768 = CARTESIAN_POINT('',(-23.57625348648,7.912648802911,
    -1.065196560856));
#6769 = LINE('',#6770,#6771);
#6770 = CARTESIAN_POINT('',(-23.57625339576,5.350012839381,
    -1.065196560856));
#6771 = VECTOR('',#6772,1.);
#6772 = DIRECTION('',(3.539991189E-08,-1.,1.796E-14));
#6773 = ORIENTED_EDGE('',*,*,#3384,.F.);
#6774 = ORIENTED_EDGE('',*,*,#6726,.T.);
#6775 = ORIENTED_EDGE('',*,*,#6776,.T.);
#6776 = EDGE_CURVE('',#6719,#6767,#6777,.T.);
#6777 = LINE('',#6778,#6779);
#6778 = CARTESIAN_POINT('',(-25.30949267754,7.912648741555,
    4.485005502812));
#6779 = VECTOR('',#6780,1.);
#6780 = DIRECTION('',(0.298087133191,1.055223818E-08,-0.954538663976));
#6781 = PLANE('',#6782);
#6782 = AXIS2_PLACEMENT_3D('',#6783,#6784,#6785);
#6783 = CARTESIAN_POINT('',(-25.30949253803,3.971612643985,
    4.485005502812));
#6784 = DIRECTION('',(-0.954538663976,-3.379058983E-08,-0.298087133191)
  );
#6785 = DIRECTION('',(-3.539996528222E-08,1.,1.534293066742E-13));
#6786 = ADVANCED_FACE('',(#6787),#6821,.F.);
#6787 = FACE_BOUND('',#6788,.T.);
#6788 = EDGE_LOOP('',(#6789,#6799,#6805,#6806,#6807,#6808,#6814,#6815));
#6789 = ORIENTED_EDGE('',*,*,#6790,.F.);
#6790 = EDGE_CURVE('',#6791,#6793,#6795,.T.);
#6791 = VERTEX_POINT('',#6792);
#6792 = CARTESIAN_POINT('',(-22.12385409286,3.987475936726,
    -1.903739661509));
#6793 = VERTEX_POINT('',#6794);
#6794 = CARTESIAN_POINT('',(-22.12385421515,7.441931452646,
    -1.90373966151));
#6795 = LINE('',#6796,#6797);
#6796 = CARTESIAN_POINT('',(-22.12385414703,5.517597217176,
    -1.903739661509));
#6797 = VECTOR('',#6798,1.);
#6798 = DIRECTION('',(-3.539991254E-08,1.,-1.758E-14));
#6799 = ORIENTED_EDGE('',*,*,#6800,.T.);
#6800 = EDGE_CURVE('',#6791,#3423,#6801,.T.);
#6801 = LINE('',#6802,#6803);
#6802 = CARTESIAN_POINT('',(-10.61389836809,-4.058869810487,
    -8.549015533113));
#6803 = VECTOR('',#6804,1.);
#6804 = DIRECTION('',(0.740833829285,-0.517899918488,-0.427720600178));
#6805 = ORIENTED_EDGE('',*,*,#3422,.T.);
#6806 = ORIENTED_EDGE('',*,*,#3376,.T.);
#6807 = ORIENTED_EDGE('',*,*,#6766,.F.);
#6808 = ORIENTED_EDGE('',*,*,#6809,.F.);
#6809 = EDGE_CURVE('',#3463,#6767,#6810,.T.);
#6810 = LINE('',#6811,#6812);
#6811 = CARTESIAN_POINT('',(-14.82848017117,14.757239361631,
    -6.115725979152));
#6812 = VECTOR('',#6813,1.);
#6813 = DIRECTION('',(-0.716934738648,-0.560957007742,0.413922475815));
#6814 = ORIENTED_EDGE('',*,*,#3462,.T.);
#6815 = ORIENTED_EDGE('',*,*,#6816,.F.);
#6816 = EDGE_CURVE('',#6793,#3455,#6817,.T.);
#6817 = LINE('',#6818,#6819);
#6818 = CARTESIAN_POINT('',(-14.85723317574,13.127612135873,
    -6.099125390916));
#6819 = VECTOR('',#6820,1.);
#6820 = DIRECTION('',(0.716934738648,0.560957007742,-0.413922475815));
#6821 = PLANE('',#6822);
#6822 = AXIS2_PLACEMENT_3D('',#6823,#6824,#6825);
#6823 = CARTESIAN_POINT('',(-1.190971965691,6.728413765847,
    -13.98934484856));
#6824 = DIRECTION('',(0.5,1.769997112E-08,0.866025403784));
#6825 = DIRECTION('',(0.866025403784,3.065719325E-08,-0.5));
#6826 = ADVANCED_FACE('',(#6827),#6845,.T.);
#6827 = FACE_BOUND('',#6828,.T.);
#6828 = EDGE_LOOP('',(#6829,#6837,#6843,#6844));
#6829 = ORIENTED_EDGE('',*,*,#6830,.T.);
#6830 = EDGE_CURVE('',#6791,#6831,#6833,.T.);
#6831 = VERTEX_POINT('',#6832);
#6832 = CARTESIAN_POINT('',(-22.38489267145,4.634561985155,
    -1.067838455305));
#6833 = LINE('',#6834,#6835);
#6834 = CARTESIAN_POINT('',(-20.99630896975,1.192415060741,
    -5.514379642586));
#6835 = VECTOR('',#6836,1.);
#6836 = DIRECTION('',(-0.239738071386,0.594284423814,0.767692438897));
#6837 = ORIENTED_EDGE('',*,*,#6838,.F.);
#6838 = EDGE_CURVE('',#3431,#6831,#6839,.T.);
#6839 = LINE('',#6840,#6841);
#6840 = CARTESIAN_POINT('',(-15.96186206164,2.07890892665,
    -1.923123341998));
#6841 = VECTOR('',#6842,1.);
#6842 = DIRECTION('',(-0.922120474126,0.366901569239,0.122788719709));
#6843 = ORIENTED_EDGE('',*,*,#3430,.F.);
#6844 = ORIENTED_EDGE('',*,*,#6800,.F.);
#6845 = PLANE('',#6846);
#6846 = AXIS2_PLACEMENT_3D('',#6847,#6848,#6849);
#6847 = CARTESIAN_POINT('',(-12.17795073652,-1.564045793003,
    -5.579183769796));
#6848 = DIRECTION('',(0.246721103278,0.802086338769,-0.543862300916));
#6849 = DIRECTION('',(-0.96531905667,0.153972227134,-0.210835651874));
#6850 = ADVANCED_FACE('',(#6851),#6862,.F.);
#6851 = FACE_BOUND('',#6852,.F.);
#6852 = EDGE_LOOP('',(#6853,#6854,#6855,#6861));
#6853 = ORIENTED_EDGE('',*,*,#3438,.F.);
#6854 = ORIENTED_EDGE('',*,*,#6736,.T.);
#6855 = ORIENTED_EDGE('',*,*,#6856,.F.);
#6856 = EDGE_CURVE('',#6831,#6737,#6857,.T.);
#6857 = LINE('',#6858,#6859);
#6858 = CARTESIAN_POINT('',(-21.71947797654,4.634562008711,
    -3.198638423304));
#6859 = VECTOR('',#6860,1.);
#6860 = DIRECTION('',(-0.298087133191,-1.055223858E-08,0.954538663976));
#6861 = ORIENTED_EDGE('',*,*,#6838,.F.);
#6862 = PLANE('',#6863);
#6863 = AXIS2_PLACEMENT_3D('',#6864,#6865,#6866);
#6864 = CARTESIAN_POINT('',(-20.94349544101,4.28099437488,
    -2.956311512492));
#6865 = DIRECTION('',(-0.38070409306,-0.917022401383,-0.118887799577));
#6866 = DIRECTION('',(-0.875333339108,0.398835699707,-0.273352574683));
#6867 = ADVANCED_FACE('',(#6868),#6879,.F.);
#6868 = FACE_BOUND('',#6869,.F.);
#6869 = EDGE_LOOP('',(#6870,#6871,#6872,#6873));
#6870 = ORIENTED_EDGE('',*,*,#6752,.T.);
#6871 = ORIENTED_EDGE('',*,*,#3454,.F.);
#6872 = ORIENTED_EDGE('',*,*,#6816,.F.);
#6873 = ORIENTED_EDGE('',*,*,#6874,.F.);
#6874 = EDGE_CURVE('',#6745,#6793,#6875,.T.);
#6875 = LINE('',#6876,#6877);
#6876 = CARTESIAN_POINT('',(-21.71947807593,7.441931466961,
    -3.198638423304));
#6877 = VECTOR('',#6878,1.);
#6878 = DIRECTION('',(0.298087133191,1.055223819E-08,-0.954538663976));
#6879 = PLANE('',#6880);
#6880 = AXIS2_PLACEMENT_3D('',#6881,#6882,#6883);
#6881 = CARTESIAN_POINT('',(-21.85926702163,7.295484852602,
    -3.242292273268));
#6882 = DIRECTION('',(-0.674960787233,0.707106757293,-0.210779433264));
#6883 = DIRECTION('',(0.674960737171,0.70710680508,0.210779433264));
#6884 = ADVANCED_FACE('',(#6885),#6929,.F.);
#6885 = FACE_BOUND('',#6886,.T.);
#6886 = EDGE_LOOP('',(#6887,#6897,#6903,#6904,#6905,#6906,#6907,#6915,
    #6923));
#6887 = ORIENTED_EDGE('',*,*,#6888,.F.);
#6888 = EDGE_CURVE('',#6889,#6891,#6893,.T.);
#6889 = VERTEX_POINT('',#6890);
#6890 = CARTESIAN_POINT('',(-17.50097674736,11.507136964015,
    -8.46101634574));
#6891 = VERTEX_POINT('',#6892);
#6892 = CARTESIAN_POINT('',(-17.40202718213,11.716364368158,
    -8.075973869888));
#6893 = LINE('',#6894,#6895);
#6894 = CARTESIAN_POINT('',(-16.64420076561,13.318777209065,
    -5.127043685041));
#6895 = VECTOR('',#6896,1.);
#6896 = DIRECTION('',(0.220255413399,0.465726840627,0.85707996289));
#6897 = ORIENTED_EDGE('',*,*,#6898,.T.);
#6898 = EDGE_CURVE('',#6889,#3471,#6899,.T.);
#6899 = LINE('',#6900,#6901);
#6900 = CARTESIAN_POINT('',(-14.66014548764,14.21882043143,
    -8.46101634574));
#6901 = VECTOR('',#6902,1.);
#6902 = DIRECTION('',(-0.723357973047,-0.690473202108,-2.889E-14));
#6903 = ORIENTED_EDGE('',*,*,#3470,.F.);
#6904 = ORIENTED_EDGE('',*,*,#6809,.T.);
#6905 = ORIENTED_EDGE('',*,*,#6776,.F.);
#6906 = ORIENTED_EDGE('',*,*,#6718,.T.);
#6907 = ORIENTED_EDGE('',*,*,#6908,.T.);
#6908 = EDGE_CURVE('',#6711,#6909,#6911,.T.);
#6909 = VERTEX_POINT('',#6910);
#6910 = CARTESIAN_POINT('',(-21.18375393934,11.705131057665,
    3.996238679437));
#6911 = LINE('',#6912,#6913);
#6912 = CARTESIAN_POINT('',(-18.1380539515,14.612369660983,
    3.996238679437));
#6913 = VECTOR('',#6914,1.);
#6914 = DIRECTION('',(0.723357973047,0.690473202108,1.859E-14));
#6915 = ORIENTED_EDGE('',*,*,#6916,.T.);
#6916 = EDGE_CURVE('',#6909,#6917,#6919,.T.);
#6917 = VERTEX_POINT('',#6918);
#6918 = CARTESIAN_POINT('',(-21.16847782511,11.716364234826,
    3.985005502808));
#6919 = LINE('',#6920,#6921);
#6920 = CARTESIAN_POINT('',(-17.40917700754,14.480738177295,
    1.220631693421));
#6921 = VECTOR('',#6922,1.);
#6922 = DIRECTION('',(0.693132466097,0.509689812266,-0.509689787729));
#6923 = ORIENTED_EDGE('',*,*,#6924,.F.);
#6924 = EDGE_CURVE('',#6891,#6917,#6925,.T.);
#6925 = LINE('',#6926,#6927);
#6926 = CARTESIAN_POINT('',(-19.84908968496,11.716364281532,
    -0.239957108229));
#6927 = VECTOR('',#6928,1.);
#6928 = DIRECTION('',(-0.298087133191,-1.055223803E-08,0.954538663976));
#6929 = PLANE('',#6930);
#6930 = AXIS2_PLACEMENT_3D('',#6931,#6932,#6933);
#6931 = CARTESIAN_POINT('',(-20.52555626617,11.007679914215,
    -0.451206792482));
#6932 = DIRECTION('',(0.674960787234,-0.707106757293,0.210779433264));
#6933 = DIRECTION('',(0.723357973047,0.690473202108,1.676436767184E-14)
  );
#6934 = ADVANCED_FACE('',(#6935),#6960,.F.);
#6935 = FACE_BOUND('',#6936,.T.);
#6936 = EDGE_LOOP('',(#6937,#6943,#6944,#6945,#6953,#6959));
#6937 = ORIENTED_EDGE('',*,*,#6938,.T.);
#6938 = EDGE_CURVE('',#5001,#3479,#6939,.T.);
#6939 = LINE('',#6940,#6941);
#6940 = CARTESIAN_POINT('',(-12.87939741178,9.835981922329,
    -8.461016345741));
#6941 = VECTOR('',#6942,1.);
#6942 = DIRECTION('',(-0.723357973047,-0.690473202108,-2.904E-14));
#6943 = ORIENTED_EDGE('',*,*,#3478,.F.);
#6944 = ORIENTED_EDGE('',*,*,#6898,.F.);
#6945 = ORIENTED_EDGE('',*,*,#6946,.F.);
#6946 = EDGE_CURVE('',#6947,#6889,#6949,.T.);
#6947 = VERTEX_POINT('',#6948);
#6948 = CARTESIAN_POINT('',(-17.08112285244,11.216364379518,
    -8.46101634574));
#6949 = LINE('',#6950,#6951);
#6950 = CARTESIAN_POINT('',(-10.19797843935,6.44939731154,
    -8.461016345741));
#6951 = VECTOR('',#6952,1.);
#6952 = DIRECTION('',(-0.822096416328,0.56934829609,2.934E-14));
#6953 = ORIENTED_EDGE('',*,*,#6954,.F.);
#6954 = EDGE_CURVE('',#5009,#6947,#6955,.T.);
#6955 = LINE('',#6956,#6957);
#6956 = CARTESIAN_POINT('',(-17.08112274625,8.216364379468,
    -8.461016345741));
#6957 = VECTOR('',#6958,1.);
#6958 = DIRECTION('',(-3.539983507E-08,1.,4.592E-14));
#6959 = ORIENTED_EDGE('',*,*,#5008,.F.);
#6960 = PLANE('',#6961);
#6961 = AXIS2_PLACEMENT_3D('',#6962,#6963,#6964);
#6962 = CARTESIAN_POINT('',(-2.9085971715E-07,8.216364761478,
    -8.461016345741));
#6963 = DIRECTION('',(3.89E-15,-4.614E-14,1.));
#6964 = DIRECTION('',(-3.539986062E-08,1.,4.614000013771E-14));
#6965 = ADVANCED_FACE('',(#6966),#6977,.T.);
#6966 = FACE_BOUND('',#6967,.T.);
#6967 = EDGE_LOOP('',(#6968,#6969,#6970,#6971));
#6968 = ORIENTED_EDGE('',*,*,#3486,.T.);
#6969 = ORIENTED_EDGE('',*,*,#6938,.F.);
#6970 = ORIENTED_EDGE('',*,*,#5000,.T.);
#6971 = ORIENTED_EDGE('',*,*,#6972,.T.);
#6972 = EDGE_CURVE('',#4993,#3487,#6973,.T.);
#6973 = LINE('',#6974,#6975);
#6974 = CARTESIAN_POINT('',(-12.26220735437,4.716364550107,
    -27.61229246012));
#6975 = VECTOR('',#6976,1.);
#6976 = DIRECTION('',(-0.702672958598,-0.703150131928,-0.108768585646));
#6977 = PLANE('',#6978);
#6978 = AXIS2_PLACEMENT_3D('',#6979,#6980,#6981);
#6979 = CARTESIAN_POINT('',(-19.08729923583,4.46636430851,
    -6.595571518773));
#6980 = DIRECTION('',(-0.674960787234,0.707106757293,-0.210779433264));
#6981 = DIRECTION('',(0.298087133191,1.055229478797E-08,-0.954538663976)
  );
#6982 = ADVANCED_FACE('',(#6983),#7002,.T.);
#6983 = FACE_BOUND('',#6984,.T.);
#6984 = EDGE_LOOP('',(#6985,#6993,#6999,#7000,#7001));
#6985 = ORIENTED_EDGE('',*,*,#6986,.F.);
#6986 = EDGE_CURVE('',#6987,#3487,#6989,.T.);
#6987 = VERTEX_POINT('',#6988);
#6988 = CARTESIAN_POINT('',(-12.75301661744,4.216364532732,
    -29.67844803398));
#6989 = LINE('',#6990,#6991);
#6990 = CARTESIAN_POINT('',(-12.82760169274,4.216364530102,
    -12.92008797968));
#6991 = VECTOR('',#6992,1.);
#6992 = DIRECTION('',(-4.450574899924E-03,-1.5753208E-10,0.999990096142)
  );
#6993 = ORIENTED_EDGE('',*,*,#6994,.F.);
#6994 = EDGE_CURVE('',#5616,#6987,#6995,.T.);
#6995 = LINE('',#6996,#6997);
#6996 = CARTESIAN_POINT('',(-12.78080747872,7.643946539139,
    -23.43420648571));
#6997 = VECTOR('',#6998,1.);
#6998 = DIRECTION('',(-3.901470268023E-03,0.48118729235,0.876609130805)
  );
#6999 = ORIENTED_EDGE('',*,*,#5615,.T.);
#7000 = ORIENTED_EDGE('',*,*,#3973,.T.);
#7001 = ORIENTED_EDGE('',*,*,#3494,.T.);
#7002 = PLANE('',#7003);
#7003 = AXIS2_PLACEMENT_3D('',#7004,#7005,#7006);
#7004 = CARTESIAN_POINT('',(-12.8276673285,-11.76220832225,
    -12.90521333088));
#7005 = DIRECTION('',(-0.999990096142,-3.539955104E-08,
    -4.450574899924E-03));
#7006 = DIRECTION('',(3.539990156615E-08,-1.,1.559998287492E-14));
#7007 = ADVANCED_FACE('',(#7008),#7069,.F.);
#7008 = FACE_BOUND('',#7009,.F.);
#7009 = EDGE_LOOP('',(#7010,#7020,#7027,#7028,#7029,#7062));
#7010 = ORIENTED_EDGE('',*,*,#7011,.F.);
#7011 = EDGE_CURVE('',#7012,#7014,#7016,.T.);
#7012 = VERTEX_POINT('',#7013);
#7013 = CARTESIAN_POINT('',(-19.8940365263,-26.93333396733,
    -8.81904073911));
#7014 = VERTEX_POINT('',#7015);
#7015 = CARTESIAN_POINT('',(-19.89403662632,-24.10795614012,
    -8.81904073911));
#7016 = LINE('',#7017,#7018);
#7017 = CARTESIAN_POINT('',(-19.89403654436,-26.4231530023,
    -8.81904073911));
#7018 = VECTOR('',#7019,1.);
#7019 = DIRECTION('',(-3.539990137E-08,1.,-1.811E-14));
#7020 = ORIENTED_EDGE('',*,*,#7021,.F.);
#7021 = EDGE_CURVE('',#6550,#7012,#7022,.T.);
#7022 = ELLIPSE('',#7023,28.803310209191,26.);
#7023 = AXIS2_PLACEMENT_3D('',#7024,#7025,#7026);
#7024 = CARTESIAN_POINT('',(-41.27189405604,-25.94719956359,
    -23.61725714956));
#7025 = DIRECTION('',(0.215997919085,-0.902674018747,-0.372188816099));
#7026 = DIRECTION('',(0.45308935754,0.430325011913,-0.780724290775));
#7027 = ORIENTED_EDGE('',*,*,#6549,.T.);
#7028 = ORIENTED_EDGE('',*,*,#3519,.T.);
#7029 = ORIENTED_EDGE('',*,*,#7030,.F.);
#7030 = EDGE_CURVE('',#7031,#3520,#7033,.T.);
#7031 = VERTEX_POINT('',#7032);
#7032 = CARTESIAN_POINT('',(-19.72217770535,-23.32064002394,
    -9.070445773957));
#7033 = B_SPLINE_CURVE_WITH_KNOTS('',3,(#7034,#7035,#7036,#7037,#7038,
    #7039,#7040,#7041,#7042,#7043,#7044,#7045,#7046,#7047,#7048,#7049,
    #7050,#7051,#7052,#7053,#7054,#7055,#7056,#7057,#7058,#7059,#7060,
    #7061),.UNSPECIFIED.,.F.,.F.,(4,3,3,3,3,3,3,3,3,4),(-1.062102853709,
    -0.929651668148,-0.797067341669,-0.664486947338,-0.567369994384,
    -0.421479017442,-0.275611166794,-0.129997379143,0.,3.2079160095E-03)
  ,.UNSPECIFIED.);
#7034 = CARTESIAN_POINT('',(-19.72163027797,-23.32089561809,
    -9.072486054489));
#7035 = CARTESIAN_POINT('',(-19.54420663102,-23.01334119009,
    -9.335947911804));
#7036 = CARTESIAN_POINT('',(-19.37199486787,-22.70491417282,
    -9.601899987587));
#7037 = CARTESIAN_POINT('',(-19.20500969631,-22.39585664443,
    -9.870231575391));
#7038 = CARTESIAN_POINT('',(-19.03785667,-22.0864884491,-10.1388328921)
  );
#7039 = CARTESIAN_POINT('',(-18.87594012667,-21.77648859896,
    -10.40981831896));
#7040 = CARTESIAN_POINT('',(-18.71926251733,-21.46604906635,
    -10.68307676318));
#7041 = CARTESIAN_POINT('',(-18.56258955469,-21.15561874067,
    -10.95632710319));
#7042 = CARTESIAN_POINT('',(-18.41115462592,-20.84474878214,
    -11.23185015244));
#7043 = CARTESIAN_POINT('',(-18.2649569717,-20.53357925178,
    -11.5095374863));
#7044 = CARTESIAN_POINT('',(-18.15786518955,-20.30564331303,
    -11.71294725797));
#7045 = CARTESIAN_POINT('',(-18.0535835069,-20.07754554188,
    -11.91751838021));
#7046 = CARTESIAN_POINT('',(-17.95211323626,-19.84932338046,
    -12.12320992741));
#7047 = CARTESIAN_POINT('',(-17.79968262076,-19.50648360761,
    -12.43220377305));
#7048 = CARTESIAN_POINT('',(-17.6535001895,-19.16315396718,
    -12.74392677713));
#7049 = CARTESIAN_POINT('',(-17.51362286778,-18.81958740023,
    -13.05826198376));
#7050 = CARTESIAN_POINT('',(-17.37376771907,-18.47607529464,
    -13.37254736271));
#7051 = CARTESIAN_POINT('',(-17.2402150667,-18.13232629014,
    -13.68944395667));
#7052 = CARTESIAN_POINT('',(-17.11302388517,-17.78854123898,
    -14.00883845918));
#7053 = CARTESIAN_POINT('',(-16.98605423683,-17.44535496993,
    -14.32767666143));
#7054 = CARTESIAN_POINT('',(-16.86542333763,-17.10213263356,
    -14.64900393423));
#7055 = CARTESIAN_POINT('',(-16.75120087055,-16.75902372457,
    -14.97271341462));
#7056 = CARTESIAN_POINT('',(-16.64922823733,-16.45271166683,
    -15.26170654317));
#7057 = CARTESIAN_POINT('',(-16.55236307454,-16.14648922857,
    -15.55259833195));
#7058 = CARTESIAN_POINT('',(-16.46066797075,-15.84043057779,
    -15.84531805316));
#7059 = CARTESIAN_POINT('',(-16.45840523136,-15.83287803749,
    -15.85254143171));
#7060 = CARTESIAN_POINT('',(-16.45614562414,-15.82532556143,
    -15.85976597756));
#7061 = CARTESIAN_POINT('',(-16.45388915123,-15.81777315459,
    -15.86699168659));
#7062 = ORIENTED_EDGE('',*,*,#7063,.F.);
#7063 = EDGE_CURVE('',#7014,#7031,#7064,.T.);
#7064 = ELLIPSE('',#7065,213.57764193972,26.);
#7065 = AXIS2_PLACEMENT_3D('',#7066,#7067,#7068);
#7066 = CARTESIAN_POINT('',(-41.27188701806,-224.7607934534,
    -23.61725714956));
#7067 = DIRECTION('',(-0.95473274616,0.121735555021,-0.271414513342));
#7068 = DIRECTION('',(0.117095810036,0.992562569637,3.328838578467E-02)
  );
#7069 = CYLINDRICAL_SURFACE('',#7070,26.);
#7070 = AXIS2_PLACEMENT_3D('',#7071,#7072,#7073);
#7071 = CARTESIAN_POINT('',(-41.27189403919,-26.42315375907,
    -23.61725714956));
#7072 = DIRECTION('',(3.539990137E-08,-1.,1.811E-14));
#7073 = DIRECTION('',(0.89893699375,3.182228885019E-08,0.438077939718));
#7074 = ADVANCED_FACE('',(#7075),#7105,.T.);
#7075 = FACE_BOUND('',#7076,.T.);
#7076 = EDGE_LOOP('',(#7077,#7085,#7094,#7101,#7102,#7103,#7104));
#7077 = ORIENTED_EDGE('',*,*,#7078,.F.);
#7078 = EDGE_CURVE('',#7079,#7031,#7081,.T.);
#7079 = VERTEX_POINT('',#7080);
#7080 = CARTESIAN_POINT('',(-21.87548274381,-22.3152607236,
    -1.045004492271));
#7081 = LINE('',#7082,#7083);
#7082 = CARTESIAN_POINT('',(-16.70511872463,-24.7293065124,
    -20.3151274427));
#7083 = VECTOR('',#7084,1.);
#7084 = DIRECTION('',(0.257267728793,-0.120118443302,-0.95884559513));
#7085 = ORIENTED_EDGE('',*,*,#7086,.T.);
#7086 = EDGE_CURVE('',#7079,#7087,#7089,.T.);
#7087 = VERTEX_POINT('',#7088);
#7088 = CARTESIAN_POINT('',(-21.60646933455,-21.79889316654,
    -1.515027007727));
#7089 = B_SPLINE_CURVE_WITH_KNOTS('',3,(#7090,#7091,#7092,#7093),
  .UNSPECIFIED.,.F.,.F.,(4,4),(0.,7.482858531666E-02),
  .PIECEWISE_BEZIER_KNOTS.);
#7090 = CARTESIAN_POINT('',(-21.87548274381,-22.31526072361,
    -1.045004492279));
#7091 = CARTESIAN_POINT('',(-21.78435704937,-22.14326233249,
    -1.200923086817));
#7092 = CARTESIAN_POINT('',(-21.69469423936,-21.97112393774,
    -1.357591352562));
#7093 = CARTESIAN_POINT('',(-21.60651880939,-21.79887829735,
    -1.514940361959));
#7094 = ORIENTED_EDGE('',*,*,#7095,.T.);
#7095 = EDGE_CURVE('',#7087,#6394,#7096,.T.);
#7096 = B_SPLINE_CURVE_WITH_KNOTS('',3,(#7097,#7098,#7099,#7100),
  .UNSPECIFIED.,.F.,.F.,(4,4),(0.114558219275,0.117355951463),
  .PIECEWISE_BEZIER_KNOTS.);
#7097 = CARTESIAN_POINT('',(-21.60651880939,-21.79887829738,
    -1.514940361975));
#7098 = CARTESIAN_POINT('',(-21.60326819676,-21.79517983158,
    -1.52281132212));
#7099 = CARTESIAN_POINT('',(-21.60001646071,-21.79149421378,
    -1.530698054911));
#7100 = CARTESIAN_POINT('',(-21.59676628991,-21.78780220821,
    -1.538576644442));
#7101 = ORIENTED_EDGE('',*,*,#6401,.T.);
#7102 = ORIENTED_EDGE('',*,*,#6412,.T.);
#7103 = ORIENTED_EDGE('',*,*,#3527,.T.);
#7104 = ORIENTED_EDGE('',*,*,#7030,.F.);
#7105 = B_SPLINE_SURFACE_WITH_KNOTS('',3,3,(
    (#7106,#7107,#7108,#7109,#7110)
    ,(#7111,#7112,#7113,#7114,#7115)
    ,(#7116,#7117,#7118,#7119,#7120)
    ,(#7121,#7122,#7123,#7124,#7125
    )),.UNSPECIFIED.,.F.,.F.,.F.,(4,4),(4,1,4),(0.,1.),(1.705600663269,
    2.388830142018,3.29980278035),.UNSPECIFIED.);
#7106 = CARTESIAN_POINT('',(-21.87548274381,-22.3152607236,
    -1.045004492271));
#7107 = CARTESIAN_POINT('',(-21.28875665636,-22.58920345478,
    -3.231752620949));
#7108 = CARTESIAN_POINT('',(-19.91505060064,-23.23058756363,
    -8.351601918427));
#7109 = CARTESIAN_POINT('',(-18.56705684491,-23.85996658554,
    -13.37562059736));
#7110 = CARTESIAN_POINT('',(-17.7919322162,-24.22187269869,
    -16.26453651154));
#7111 = CARTESIAN_POINT('',(-21.42256781056,-20.28191537839,
    -0.810853342073));
#7112 = CARTESIAN_POINT('',(-20.77309660478,-20.4384352213,
    -2.995036967063));
#7113 = CARTESIAN_POINT('',(-19.25397663799,-20.83437656666,
    -8.105587940404));
#7114 = CARTESIAN_POINT('',(-17.76554707134,-21.26546311724,
    -13.11574920719));
#7115 = CARTESIAN_POINT('',(-16.90993234396,-21.52240871482,
    -15.99562407728));
#7116 = CARTESIAN_POINT('',(-21.20656405601,-18.18772237171,
    -0.647911327644));
#7117 = CARTESIAN_POINT('',(-20.52242319767,-18.21570493275,
    -2.838461555447));
#7118 = CARTESIAN_POINT('',(-18.92286128327,-18.33785995264,
    -7.960711381372));
#7119 = CARTESIAN_POINT('',(-17.35630177344,-18.53832491366,
    -12.97779948343));
#7120 = CARTESIAN_POINT('',(-16.45585006982,-18.67036849805,
    -15.8607120831));
#7121 = CARTESIAN_POINT('',(-21.23373527205,-16.09341022719,
    -0.560903528259));
#7122 = CARTESIAN_POINT('',(-20.54476354954,-15.99281403924,
    -2.767138141213));
#7123 = CARTESIAN_POINT('',(-18.93469356447,-15.84107717713,
    -7.922926118791));
#7124 = CARTESIAN_POINT('',(-17.35904069824,-15.81077030805,
    -12.96850311754));
#7125 = CARTESIAN_POINT('',(-16.45388915123,-15.81777315459,
    -15.8669916866));
#7126 = ADVANCED_FACE('',(#7127),#7133,.F.);
#7127 = FACE_BOUND('',#7128,.T.);
#7128 = EDGE_LOOP('',(#7129,#7130,#7131,#7132));
#7129 = ORIENTED_EDGE('',*,*,#3693,.F.);
#7130 = ORIENTED_EDGE('',*,*,#3608,.T.);
#7131 = ORIENTED_EDGE('',*,*,#3774,.F.);
#7132 = ORIENTED_EDGE('',*,*,#3840,.F.);
#7133 = PLANE('',#7134);
#7134 = AXIS2_PLACEMENT_3D('',#7135,#7136,#7137);
#7135 = CARTESIAN_POINT('',(25.309492256843,3.9716144359,4.485005502812)
  );
#7136 = DIRECTION('',(-0.954538663976,-3.379053931E-08,0.298087133191));
#7137 = DIRECTION('',(-3.539981652898E-08,1.,1.534296823862E-13));
#7138 = ADVANCED_FACE('',(#7139),#7146,.T.);
#7139 = FACE_BOUND('',#7140,.T.);
#7140 = EDGE_LOOP('',(#7141,#7142,#7143,#7144,#7145));
#7141 = ORIENTED_EDGE('',*,*,#3785,.F.);
#7142 = ORIENTED_EDGE('',*,*,#3638,.T.);
#7143 = ORIENTED_EDGE('',*,*,#3679,.T.);
#7144 = ORIENTED_EDGE('',*,*,#3726,.T.);
#7145 = ORIENTED_EDGE('',*,*,#3750,.T.);
#7146 = PLANE('',#7147);
#7147 = AXIS2_PLACEMENT_3D('',#7148,#7149,#7150);
#7148 = CARTESIAN_POINT('',(21.719477660018,4.306782961564,
    -3.198638423304));
#7149 = DIRECTION('',(-0.954538663976,-3.37905388E-08,0.298087133191));
#7150 = DIRECTION('',(-3.539986989438E-08,1.,-1.916863160834E-14));
#7151 = ADVANCED_FACE('',(#7152),#7163,.T.);
#7152 = FACE_BOUND('',#7153,.T.);
#7153 = EDGE_LOOP('',(#7154,#7155,#7156,#7162));
#7154 = ORIENTED_EDGE('',*,*,#3709,.F.);
#7155 = ORIENTED_EDGE('',*,*,#3833,.T.);
#7156 = ORIENTED_EDGE('',*,*,#7157,.F.);
#7157 = EDGE_CURVE('',#6658,#3826,#7158,.T.);
#7158 = LINE('',#7159,#7160);
#7159 = CARTESIAN_POINT('',(21.12429116158,11.216365731995,
    4.485005502809));
#7160 = VECTOR('',#7161,1.);
#7161 = DIRECTION('',(8.570800790253E-02,0.704504840883,-0.704504837849)
  );
#7162 = ORIENTED_EDGE('',*,*,#6657,.T.);
#7163 = PLANE('',#7164);
#7164 = AXIS2_PLACEMENT_3D('',#7165,#7166,#7167);
#7165 = CARTESIAN_POINT('',(18.001819014074,14.46964868814,
    4.240622091123));
#7166 = DIRECTION('',(0.537235020977,0.562821684788,0.628180136082));
#7167 = DIRECTION('',(-0.723358021933,0.690473150894,-1.302846719398E-13
    ));
#7168 = ADVANCED_FACE('',(#7169),#7203,.T.);
#7169 = FACE_BOUND('',#7170,.T.);
#7170 = EDGE_LOOP('',(#7171,#7172,#7180,#7188,#7196,#7202));
#7171 = ORIENTED_EDGE('',*,*,#3887,.T.);
#7172 = ORIENTED_EDGE('',*,*,#7173,.T.);
#7173 = EDGE_CURVE('',#3880,#7174,#7176,.T.);
#7174 = VERTEX_POINT('',#7175);
#7175 = CARTESIAN_POINT('',(12.41653777117,11.216365423741,
    -3.982707009853));
#7176 = LINE('',#7177,#7178);
#7177 = CARTESIAN_POINT('',(15.5245579881,11.216365533765,
    -6.966611919009));
#7178 = VECTOR('',#7179,1.);
#7179 = DIRECTION('',(-0.721363492345,-2.553616879E-08,0.692556648882));
#7180 = ORIENTED_EDGE('',*,*,#7181,.T.);
#7181 = EDGE_CURVE('',#7174,#7182,#7184,.T.);
#7182 = VERTEX_POINT('',#7183);
#7183 = CARTESIAN_POINT('',(12.295969366755,11.432871770413,
    -3.566818489088));
#7184 = LINE('',#7185,#7186);
#7185 = CARTESIAN_POINT('',(13.020563686486,10.131707756984,
    -6.066233333596));
#7186 = VECTOR('',#7187,1.);
#7187 = DIRECTION('',(-0.24904502528,0.447213586684,0.85905563456));
#7188 = ORIENTED_EDGE('',*,*,#7189,.T.);
#7189 = EDGE_CURVE('',#7182,#7190,#7192,.T.);
#7190 = VERTEX_POINT('',#7191);
#7191 = CARTESIAN_POINT('',(12.61037403499,11.716365430603,
    -3.475670823069));
#7192 = LINE('',#7193,#7194);
#7193 = CARTESIAN_POINT('',(12.317299793834,11.452105075318,
    -3.560634679368));
#7194 = VECTOR('',#7195,1.);
#7195 = DIRECTION('',(0.726034501422,0.65465369641,0.210481449355));
#7196 = ORIENTED_EDGE('',*,*,#7197,.T.);
#7197 = EDGE_CURVE('',#7190,#3808,#7198,.T.);
#7198 = LINE('',#7199,#7200);
#7199 = CARTESIAN_POINT('',(15.87083629485,11.716365546023,
    -6.605930172836));
#7200 = VECTOR('',#7201,1.);
#7201 = DIRECTION('',(0.721363492345,2.553616879E-08,-0.692556648882));
#7202 = ORIENTED_EDGE('',*,*,#3807,.T.);
#7203 = PLANE('',#7204);
#7204 = AXIS2_PLACEMENT_3D('',#7205,#7206,#7207);
#7205 = CARTESIAN_POINT('',(15.69769714148,11.466365539894,
    -6.786271045922));
#7206 = DIRECTION('',(-0.489711527812,0.707106763851,-0.510081017138));
#7207 = DIRECTION('',(0.721363492345,2.553632205693E-08,-0.692556648883)
  );
#7208 = ADVANCED_FACE('',(#7209),#7227,.T.);
#7209 = FACE_BOUND('',#7210,.T.);
#7210 = EDGE_LOOP('',(#7211,#7212,#7220,#7226));
#7211 = ORIENTED_EDGE('',*,*,#7197,.F.);
#7212 = ORIENTED_EDGE('',*,*,#7213,.T.);
#7213 = EDGE_CURVE('',#7190,#7214,#7216,.T.);
#7214 = VERTEX_POINT('',#7215);
#7215 = CARTESIAN_POINT('',(14.4474256415,11.716365495635,3.985005502809
    ));
#7216 = LINE('',#7217,#7218);
#7217 = CARTESIAN_POINT('',(11.4331430401,11.716365388929,
    -8.256668473056));
#7218 = VECTOR('',#7219,1.);
#7219 = DIRECTION('',(0.239089905319,8.46377144E-09,0.970997434175));
#7220 = ORIENTED_EDGE('',*,*,#7221,.F.);
#7221 = EDGE_CURVE('',#3818,#7214,#7222,.T.);
#7222 = LINE('',#7223,#7224);
#7223 = CARTESIAN_POINT('',(8.535088821587,11.716365286339,
    3.985005502809));
#7224 = VECTOR('',#7225,1.);
#7225 = DIRECTION('',(-1.,-3.539988022E-08,2.417E-14));
#7226 = ORIENTED_EDGE('',*,*,#3817,.F.);
#7227 = PLANE('',#7228);
#7228 = AXIS2_PLACEMENT_3D('',#7229,#7230,#7231);
#7229 = CARTESIAN_POINT('',(17.07017840794,11.71636558848,
    -5.021596973046));
#7230 = DIRECTION('',(-3.539988022E-08,1.,-1.796E-14));
#7231 = DIRECTION('',(-1.,-3.539988022E-08,-3.97E-15));
#7232 = ADVANCED_FACE('',(#7233),#7253,.T.);
#7233 = FACE_BOUND('',#7234,.T.);
#7234 = EDGE_LOOP('',(#7235,#7243,#7249,#7250,#7251,#7252));
#7235 = ORIENTED_EDGE('',*,*,#7236,.T.);
#7236 = EDGE_CURVE('',#7214,#7237,#7239,.T.);
#7237 = VERTEX_POINT('',#7238);
#7238 = CARTESIAN_POINT('',(14.245834376456,11.459114847038,
    4.242256144265));
#7239 = LINE('',#7240,#7241);
#7240 = CARTESIAN_POINT('',(15.083913311127,12.528587522216,
    3.172783498754));
#7241 = VECTOR('',#7242,1.);
#7242 = DIRECTION('',(-0.48468005885,-0.618500307913,0.618500290756));
#7243 = ORIENTED_EDGE('',*,*,#7244,.F.);
#7244 = EDGE_CURVE('',#6666,#7237,#7245,.T.);
#7245 = LINE('',#7246,#7247);
#7246 = CARTESIAN_POINT('',(14.55560686138,11.216365499464,
    4.485005502809));
#7247 = VECTOR('',#7248,1.);
#7248 = DIRECTION('',(-0.669923618215,0.524977295156,-0.524977318871));
#7249 = ORIENTED_EDGE('',*,*,#6665,.T.);
#7250 = ORIENTED_EDGE('',*,*,#7157,.T.);
#7251 = ORIENTED_EDGE('',*,*,#3825,.T.);
#7252 = ORIENTED_EDGE('',*,*,#7221,.T.);
#7253 = PLANE('',#7254);
#7254 = AXIS2_PLACEMENT_3D('',#7255,#7256,#7257);
#7255 = CARTESIAN_POINT('',(8.535088830437,11.466365286339,
    4.235005502809));
#7256 = DIRECTION('',(-2.503147827E-08,0.707106781187,0.707106781187));
#7257 = DIRECTION('',(-1.,-3.539984680284E-08,-9.252840704127E-15));
#7258 = ADVANCED_FACE('',(#7259,#7278),#7289,.F.);
#7259 = FACE_BOUND('',#7260,.T.);
#7260 = EDGE_LOOP('',(#7261,#7262,#7263,#7264,#7272));
#7261 = ORIENTED_EDGE('',*,*,#7173,.F.);
#7262 = ORIENTED_EDGE('',*,*,#3879,.T.);
#7263 = ORIENTED_EDGE('',*,*,#4918,.F.);
#7264 = ORIENTED_EDGE('',*,*,#7265,.F.);
#7265 = EDGE_CURVE('',#7266,#4911,#7268,.T.);
#7266 = VERTEX_POINT('',#7267);
#7267 = CARTESIAN_POINT('',(12.416537895824,7.695047079051,
    -3.982707009852));
#7268 = LINE('',#7269,#7270);
#7269 = CARTESIAN_POINT('',(162.31199350932,187.65048313212,
    -147.8922615351));
#7270 = VECTOR('',#7271,1.);
#7271 = DIRECTION('',(-0.54529952129,-0.654653690011,0.523523617648));
#7272 = ORIENTED_EDGE('',*,*,#7273,.F.);
#7273 = EDGE_CURVE('',#7174,#7266,#7274,.T.);
#7274 = LINE('',#7275,#7276);
#7275 = CARTESIAN_POINT('',(12.416537939319,6.466365535041,
    -3.982707009852));
#7276 = VECTOR('',#7277,1.);
#7277 = DIRECTION('',(3.539988026E-08,-1.,1.811E-14));
#7278 = FACE_BOUND('',#7279,.T.);
#7279 = EDGE_LOOP('',(#7280));
#7280 = ORIENTED_EDGE('',*,*,#7281,.T.);
#7281 = EDGE_CURVE('',#7282,#7282,#7284,.T.);
#7282 = VERTEX_POINT('',#7283);
#7283 = CARTESIAN_POINT('',(14.366294120956,6.702901356683,
    -5.854601869262));
#7284 = ELLIPSE('',#7285,1.860055073746,1.7);
#7285 = AXIS2_PLACEMENT_3D('',#7286,#7287,#7288);
#7286 = CARTESIAN_POINT('',(15.59221185807,7.4160479472,-7.031563978258)
  );
#7287 = DIRECTION('',(0.692556648882,2.451643550672E-08,0.721363492345)
  );
#7288 = DIRECTION('',(0.718741041248,8.51915321941E-02,-0.690038925329)
  );
#7289 = PLANE('',#7290);
#7290 = AXIS2_PLACEMENT_3D('',#7291,#7292,#7293);
#7291 = CARTESIAN_POINT('',(15.691971323039,8.216365762291,
    -7.127339687883));
#7292 = DIRECTION('',(0.692556648882,2.451643551E-08,0.721363492345));
#7293 = DIRECTION('',(-3.539988178201E-08,1.,-1.665209762367E-14));
#7294 = ADVANCED_FACE('',(#7295),#7306,.T.);
#7295 = FACE_BOUND('',#7296,.T.);
#7296 = EDGE_LOOP('',(#7297,#7298,#7304,#7305));
#7297 = ORIENTED_EDGE('',*,*,#3926,.T.);
#7298 = ORIENTED_EDGE('',*,*,#7299,.T.);
#7299 = EDGE_CURVE('',#3927,#4927,#7300,.T.);
#7300 = LINE('',#7301,#7302);
#7301 = CARTESIAN_POINT('',(8.476960468788,8.527332186401,
    -21.82488870688));
#7302 = VECTOR('',#7303,1.);
#7303 = DIRECTION('',(-0.430745412353,0.434262065739,0.791122524011));
#7304 = ORIENTED_EDGE('',*,*,#4926,.T.);
#7305 = ORIENTED_EDGE('',*,*,#3912,.T.);
#7306 = PLANE('',#7307);
#7307 = AXIS2_PLACEMENT_3D('',#7308,#7309,#7310);
#7308 = CARTESIAN_POINT('',(12.545725759069,4.466365428315,
    -20.08175481797));
#7309 = DIRECTION('',(0.70709975307,0.707106806218,-3.147031691911E-03)
  );
#7310 = DIRECTION('',(4.450574899921E-03,1.575480505604E-10,
    0.999990096142));
#7311 = ADVANCED_FACE('',(#7312),#7333,.T.);
#7312 = FACE_BOUND('',#7313,.T.);
#7313 = EDGE_LOOP('',(#7314,#7315,#7316,#7317,#7326,#7332));
#7314 = ORIENTED_EDGE('',*,*,#7299,.F.);
#7315 = ORIENTED_EDGE('',*,*,#3951,.T.);
#7316 = ORIENTED_EDGE('',*,*,#5605,.T.);
#7317 = ORIENTED_EDGE('',*,*,#7318,.T.);
#7318 = EDGE_CURVE('',#5606,#7319,#7321,.T.);
#7319 = VERTEX_POINT('',#7320);
#7320 = CARTESIAN_POINT('',(3.90208268808,4.225668298681,-29.66149985296
    ));
#7321 = ELLIPSE('',#7322,0.570375298501,0.5);
#7322 = AXIS2_PLACEMENT_3D('',#7323,#7324,#7325);
#7323 = CARTESIAN_POINT('',(4.397216723804,4.187470945628,
    -29.73108640344));
#7324 = DIRECTION('',(-3.10321042E-08,0.876615802463,-0.481190954687));
#7325 = DIRECTION('',(1.703407902E-08,-0.481190954687,-0.876615802463));
#7326 = ORIENTED_EDGE('',*,*,#7327,.T.);
#7327 = EDGE_CURVE('',#7319,#4935,#7328,.T.);
#7328 = LINE('',#7329,#7330);
#7329 = CARTESIAN_POINT('',(4.325286832014,5.878602655342,
    -26.65024548453));
#7330 = VECTOR('',#7331,1.);
#7331 = DIRECTION('',(0.122275823677,0.477580176948,0.870037813851));
#7332 = ORIENTED_EDGE('',*,*,#4934,.T.);
#7333 = PLANE('',#7334);
#7334 = AXIS2_PLACEMENT_3D('',#7335,#7336,#7337);
#7335 = CARTESIAN_POINT('',(-2.7328513763E-07,7.719910526798,
    -23.29581893968));
#7336 = DIRECTION('',(-3.10321042E-08,0.876615802463,-0.481190954687));
#7337 = DIRECTION('',(-1.,-3.5399896597E-08,-9.481645300333E-15));
#7338 = ADVANCED_FACE('',(#7339),#7366,.T.);
#7339 = FACE_BOUND('',#7340,.T.);
#7340 = EDGE_LOOP('',(#7341,#7349,#7350,#7351,#7352,#7360));
#7341 = ORIENTED_EDGE('',*,*,#7342,.F.);
#7342 = EDGE_CURVE('',#4669,#7343,#7345,.T.);
#7343 = VERTEX_POINT('',#7344);
#7344 = CARTESIAN_POINT('',(14.999437393049,-28.33770854605,
    -2.572434275559));
#7345 = LINE('',#7346,#7347);
#7346 = CARTESIAN_POINT('',(12.737160957815,-25.11328126221,
    -9.079776305157));
#7347 = VECTOR('',#7348,1.);
#7348 = DIRECTION('',(0.297409771023,-0.423898761987,0.8554865678));
#7349 = ORIENTED_EDGE('',*,*,#4668,.F.);
#7350 = ORIENTED_EDGE('',*,*,#4049,.T.);
#7351 = ORIENTED_EDGE('',*,*,#4120,.T.);
#7352 = ORIENTED_EDGE('',*,*,#7353,.F.);
#7353 = EDGE_CURVE('',#7354,#4121,#7356,.T.);
#7354 = VERTEX_POINT('',#7355);
#7355 = CARTESIAN_POINT('',(21.355044091797,-29.21194198172,
    -4.140588846469));
#7356 = LINE('',#7357,#7358);
#7357 = CARTESIAN_POINT('',(21.256327210156,-29.05798144408,
    -4.456701367325));
#7358 = VECTOR('',#7359,1.);
#7359 = DIRECTION('',(-0.270304073549,0.421570857991,-0.865571325493));
#7360 = ORIENTED_EDGE('',*,*,#7361,.F.);
#7361 = EDGE_CURVE('',#7343,#7354,#7362,.T.);
#7362 = LINE('',#7363,#7364);
#7363 = CARTESIAN_POINT('',(18.926731964952,-28.87792010873,
    -3.541437743861));
#7364 = VECTOR('',#7365,1.);
#7365 = DIRECTION('',(0.962339859621,-0.132372835771,-0.237443523673));
#7366 = PLANE('',#7367);
#7367 = AXIS2_PLACEMENT_3D('',#7368,#7369,#7370);
#7368 = CARTESIAN_POINT('',(17.626189311615,-26.67939502826,
    -8.118783988413));
#7369 = DIRECTION('',(-0.215997855176,-0.90267403404,-0.372188816099));
#7370 = DIRECTION('',(0.972587078758,-0.232538523748,-4.573906462893E-04
    ));
#7371 = ADVANCED_FACE('',(#7372),#7414,.F.);
#7372 = FACE_BOUND('',#7373,.F.);
#7373 = EDGE_LOOP('',(#7374,#7382,#7390,#7398,#7406,#7412,#7413));
#7374 = ORIENTED_EDGE('',*,*,#7375,.T.);
#7375 = EDGE_CURVE('',#7354,#7376,#7378,.T.);
#7376 = VERTEX_POINT('',#7377);
#7377 = CARTESIAN_POINT('',(22.184335722707,-32.57297328145,
    -1.485020310597));
#7378 = LINE('',#7379,#7380);
#7379 = CARTESIAN_POINT('',(21.650583698418,-30.40973223955,
    -3.194208042417));
#7380 = VECTOR('',#7381,1.);
#7381 = DIRECTION('',(0.190071038429,-0.77033800809,0.608647971854));
#7382 = ORIENTED_EDGE('',*,*,#7383,.T.);
#7383 = EDGE_CURVE('',#7376,#7384,#7386,.T.);
#7384 = VERTEX_POINT('',#7385);
#7385 = CARTESIAN_POINT('',(23.89427857831,-32.0411430541,3.990581971717
    ));
#7386 = LINE('',#7387,#7388);
#7387 = CARTESIAN_POINT('',(21.482587640523,-32.79123252963,
    -3.732167569266));
#7388 = VECTOR('',#7389,1.);
#7389 = DIRECTION('',(0.296814231711,9.231582202633E-02,0.950462572044)
  );
#7390 = ORIENTED_EDGE('',*,*,#7391,.F.);
#7391 = EDGE_CURVE('',#7392,#7384,#7394,.T.);
#7392 = VERTEX_POINT('',#7393);
#7393 = CARTESIAN_POINT('',(23.899635558957,-32.01507159718,
    4.007736170821));
#7394 = LINE('',#7395,#7396);
#7395 = CARTESIAN_POINT('',(24.10561231689,-31.01261993259,
    4.667317854522));
#7396 = VECTOR('',#7397,1.);
#7397 = DIRECTION('',(-0.169175665478,-0.823347396906,-0.541736705622));
#7398 = ORIENTED_EDGE('',*,*,#7399,.F.);
#7399 = EDGE_CURVE('',#7400,#7392,#7402,.T.);
#7400 = VERTEX_POINT('',#7401);
#7401 = CARTESIAN_POINT('',(23.899635378759,-26.92472448822,
    4.007736170821));
#7402 = LINE('',#7403,#7404);
#7403 = CARTESIAN_POINT('',(23.899635319148,-25.24077987445,
    4.007736170821));
#7404 = VECTOR('',#7405,1.);
#7405 = DIRECTION('',(3.539988025E-08,-1.,1.752E-14));
#7406 = ORIENTED_EDGE('',*,*,#7407,.F.);
#7407 = EDGE_CURVE('',#4130,#7400,#7408,.T.);
#7408 = LINE('',#7409,#7410);
#7409 = CARTESIAN_POINT('',(4.36152791195,-13.18537198945,
    -58.55745520155));
#7410 = VECTOR('',#7411,1.);
#7411 = DIRECTION('',(0.29174645277,-0.205158575713,0.934234427811));
#7412 = ORIENTED_EDGE('',*,*,#4129,.F.);
#7413 = ORIENTED_EDGE('',*,*,#7353,.F.);
#7414 = PLANE('',#7415);
#7415 = AXIS2_PLACEMENT_3D('',#7416,#7417,#7418);
#7416 = CARTESIAN_POINT('',(24.168941450548,-25.24077986492,
    4.870111920199));
#7417 = DIRECTION('',(-0.954538663976,-3.379054918E-08,0.298087133191));
#7418 = DIRECTION('',(-0.298087133191,-1.055226517E-08,-0.954538663976)
  );
#7419 = ADVANCED_FACE('',(#7420),#7447,.T.);
#7420 = FACE_BOUND('',#7421,.T.);
#7421 = EDGE_LOOP('',(#7422,#7430,#7431,#7432,#7433,#7441));
#7422 = ORIENTED_EDGE('',*,*,#7423,.F.);
#7423 = EDGE_CURVE('',#7400,#7424,#7426,.T.);
#7424 = VERTEX_POINT('',#7425);
#7425 = CARTESIAN_POINT('',(23.845175544524,-26.33249296449,
    4.081796641654));
#7426 = LINE('',#7427,#7428);
#7427 = CARTESIAN_POINT('',(7.862674510225,147.47157885333,
    25.81655893588));
#7428 = VECTOR('',#7429,1.);
#7429 = DIRECTION('',(-9.086880113028E-02,0.988166220278,0.123573387437)
  );
#7430 = ORIENTED_EDGE('',*,*,#7407,.F.);
#7431 = ORIENTED_EDGE('',*,*,#4137,.T.);
#7432 = ORIENTED_EDGE('',*,*,#4152,.F.);
#7433 = ORIENTED_EDGE('',*,*,#7434,.T.);
#7434 = EDGE_CURVE('',#4153,#7435,#7437,.T.);
#7435 = VERTEX_POINT('',#7436);
#7436 = CARTESIAN_POINT('',(23.344131845212,-25.98015479295,
    2.477347746754));
#7437 = LINE('',#7438,#7439);
#7438 = CARTESIAN_POINT('',(-34.79692092371,119.10631858419,
    -136.9660955601));
#7439 = VECTOR('',#7440,1.);
#7440 = DIRECTION('',(0.27757133892,-0.692657679154,0.665717275815));
#7441 = ORIENTED_EDGE('',*,*,#7442,.T.);
#7442 = EDGE_CURVE('',#7435,#7424,#7443,.T.);
#7443 = LINE('',#7444,#7445);
#7444 = CARTESIAN_POINT('',(-15.36832079494,1.242769669691,
    -121.4881904733));
#7445 = VECTOR('',#7446,1.);
#7446 = DIRECTION('',(0.29174645277,-0.205158575713,0.934234427811));
#7447 = PLANE('',#7448);
#7448 = AXIS2_PLACEMENT_3D('',#7449,#7450,#7451);
#7449 = CARTESIAN_POINT('',(-34.96243461735,329.05529279973,
    -43.38138839361));
#7450 = DIRECTION('',(0.954732737542,0.121735622616,-0.271414513342));
#7451 = DIRECTION('',(-0.157348168324,0.981000322599,-0.113489739563));
#7452 = ADVANCED_FACE('',(#7453),#7473,.F.);
#7453 = FACE_BOUND('',#7454,.F.);
#7454 = EDGE_LOOP('',(#7455,#7464,#7465,#7466,#7467));
#7455 = ORIENTED_EDGE('',*,*,#7456,.T.);
#7456 = EDGE_CURVE('',#7457,#4646,#7459,.T.);
#7457 = VERTEX_POINT('',#7458);
#7458 = CARTESIAN_POINT('',(14.750001174252,-21.78781697586,
    -1.538671635894));
#7459 = CIRCLE('',#7460,17.390340002837);
#7460 = AXIS2_PLACEMENT_3D('',#7461,#7462,#7463);
#7461 = CARTESIAN_POINT('',(14.750001174252,-6.039399160643,
    5.837727331852));
#7462 = DIRECTION('',(1.,3.539985516E-08,2.943000000392E-14));
#7463 = DIRECTION('',(2.658510208895E-08,-0.750994108193,-0.660308904573
    ));
#7464 = ORIENTED_EDGE('',*,*,#4655,.T.);
#7465 = ORIENTED_EDGE('',*,*,#4250,.T.);
#7466 = ORIENTED_EDGE('',*,*,#4178,.F.);
#7467 = ORIENTED_EDGE('',*,*,#7468,.T.);
#7468 = EDGE_CURVE('',#4170,#7457,#7469,.T.);
#7469 = LINE('',#7470,#7471);
#7470 = CARTESIAN_POINT('',(-248.5996246366,-21.7878262984,
    -1.538671635901));
#7471 = VECTOR('',#7472,1.);
#7472 = DIRECTION('',(-1.,-3.539985516E-08,-2.943E-14));
#7473 = CYLINDRICAL_SURFACE('',#7474,17.390340002837);
#7474 = AXIS2_PLACEMENT_3D('',#7475,#7476,#7477);
#7475 = CARTESIAN_POINT('',(-248.5996251941,-6.039408483182,
    5.837727331845));
#7476 = DIRECTION('',(1.,3.539985516E-08,2.943E-14));
#7477 = DIRECTION('',(2.658510208895E-08,-0.750994108193,-0.660308904573
    ));
#7478 = ADVANCED_FACE('',(#7479),#7529,.T.);
#7479 = FACE_BOUND('',#7480,.T.);
#7480 = EDGE_LOOP('',(#7481,#7491,#7499,#7507,#7513,#7514,#7515,#7523));
#7481 = ORIENTED_EDGE('',*,*,#7482,.T.);
#7482 = EDGE_CURVE('',#7483,#7485,#7487,.T.);
#7483 = VERTEX_POINT('',#7484);
#7484 = CARTESIAN_POINT('',(15.912149053357,-24.38198584416,
    3.999810765571));
#7485 = VERTEX_POINT('',#7486);
#7486 = CARTESIAN_POINT('',(15.957236930434,-24.39716289967,
    4.032213383373));
#7487 = LINE('',#7488,#7489);
#7488 = CARTESIAN_POINT('',(-94.80653287736,12.887091581668,
    -75.56869782259));
#7489 = VECTOR('',#7490,1.);
#7490 = DIRECTION('',(0.783315393822,-0.263672232654,0.562933341995));
#7491 = ORIENTED_EDGE('',*,*,#7492,.T.);
#7492 = EDGE_CURVE('',#7485,#7493,#7495,.T.);
#7493 = VERTEX_POINT('',#7494);
#7494 = CARTESIAN_POINT('',(20.960065649804,-24.39716272257,
    4.032213383373));
#7495 = LINE('',#7496,#7497);
#7496 = CARTESIAN_POINT('',(-168.4227327166,-24.3971694267,
    4.032213383377));
#7497 = VECTOR('',#7498,1.);
#7498 = DIRECTION('',(1.,3.539988027E-08,-2.417E-14));
#7499 = ORIENTED_EDGE('',*,*,#7500,.F.);
#7500 = EDGE_CURVE('',#7501,#7493,#7503,.T.);
#7501 = VERTEX_POINT('',#7502);
#7502 = CARTESIAN_POINT('',(18.858181353977,-22.9562854045,
    0.955978041925));
#7503 = LINE('',#7504,#7505);
#7504 = CARTESIAN_POINT('',(-91.65443727665,52.801988189202,
    -160.785952179));
#7505 = VECTOR('',#7506,1.);
#7506 = DIRECTION('',(0.526174168496,-0.360701312745,0.77008785693));
#7507 = ORIENTED_EDGE('',*,*,#7508,.T.);
#7508 = EDGE_CURVE('',#7501,#4161,#7509,.T.);
#7509 = LINE('',#7510,#7511);
#7510 = CARTESIAN_POINT('',(-94.76693202785,-70.80750228686,
    103.11705913045));
#7511 = VECTOR('',#7512,1.);
#7512 = DIRECTION('',(0.70964027584,0.298852513647,-0.638042203928));
#7513 = ORIENTED_EDGE('',*,*,#4169,.T.);
#7514 = ORIENTED_EDGE('',*,*,#7468,.T.);
#7515 = ORIENTED_EDGE('',*,*,#7516,.F.);
#7516 = EDGE_CURVE('',#7517,#7457,#7519,.T.);
#7517 = VERTEX_POINT('',#7518);
#7518 = CARTESIAN_POINT('',(14.750001174252,-22.79263548671,
    0.606589460513));
#7519 = LINE('',#7520,#7521);
#7520 = CARTESIAN_POINT('',(14.750001174252,-21.19851326178,
    -2.796819568253));
#7521 = VECTOR('',#7522,1.);
#7522 = DIRECTION('',(-0.,0.424166460606,-0.905584238874));
#7523 = ORIENTED_EDGE('',*,*,#7524,.F.);
#7524 = EDGE_CURVE('',#7483,#7517,#7525,.T.);
#7525 = LINE('',#7526,#7527);
#7526 = CARTESIAN_POINT('',(-2.772704883541,1.171370847904,
    -50.55593519454));
#7527 = VECTOR('',#7528,1.);
#7528 = DIRECTION('',(-0.296233383027,0.40512798902,-0.864937625088));
#7529 = PLANE('',#7530);
#7530 = AXIS2_PLACEMENT_3D('',#7531,#7532,#7533);
#7531 = CARTESIAN_POINT('',(-336.8454660565,-21.3023406074,
    -2.575177488548));
#7532 = DIRECTION('',(-3.205756337E-08,0.905584238874,0.424166460606));
#7533 = DIRECTION('',(-1.,-3.539986253739E-08,-1.366877616467E-14));
#7534 = ADVANCED_FACE('',(#7535),#7546,.F.);
#7535 = FACE_BOUND('',#7536,.T.);
#7536 = EDGE_LOOP('',(#7537,#7538,#7539,#7540));
#7537 = ORIENTED_EDGE('',*,*,#7434,.F.);
#7538 = ORIENTED_EDGE('',*,*,#4160,.T.);
#7539 = ORIENTED_EDGE('',*,*,#7508,.F.);
#7540 = ORIENTED_EDGE('',*,*,#7541,.F.);
#7541 = EDGE_CURVE('',#7435,#7501,#7542,.T.);
#7542 = LINE('',#7543,#7544);
#7543 = CARTESIAN_POINT('',(-191.0491531279,118.53710922668,
    -70.23220384428));
#7544 = VECTOR('',#7545,1.);
#7545 = DIRECTION('',(-0.798240849622,0.538074611947,-0.270716194516));
#7546 = PLANE('',#7547);
#7547 = AXIS2_PLACEMENT_3D('',#7548,#7549,#7550);
#7548 = CARTESIAN_POINT('',(-141.517209363,61.859542612596,
    -27.10289718574));
#7549 = DIRECTION('',(-0.269832271889,-0.721261949772,-0.6379433712));
#7550 = DIRECTION('',(0.889898570307,-0.439847468415,0.120891435159));
#7551 = ADVANCED_FACE('',(#7552),#7563,.F.);
#7552 = FACE_BOUND('',#7553,.F.);
#7553 = EDGE_LOOP('',(#7554,#7555,#7556,#7557));
#7554 = ORIENTED_EDGE('',*,*,#4645,.F.);
#7555 = ORIENTED_EDGE('',*,*,#7456,.F.);
#7556 = ORIENTED_EDGE('',*,*,#7516,.F.);
#7557 = ORIENTED_EDGE('',*,*,#7558,.T.);
#7558 = EDGE_CURVE('',#7517,#4648,#7559,.T.);
#7559 = LINE('',#7560,#7561);
#7560 = CARTESIAN_POINT('',(14.750001174252,-22.98990497305,
    0.458471872356));
#7561 = VECTOR('',#7562,1.);
#7562 = DIRECTION('',(0.,-0.799677908,-0.600429216025));
#7563 = PLANE('',#7564);
#7564 = AXIS2_PLACEMENT_3D('',#7565,#7566,#7567);
#7565 = CARTESIAN_POINT('',(14.750001174252,-21.025017768,
    -2.985829794896));
#7566 = DIRECTION('',(1.,0.,-0.));
#7567 = DIRECTION('',(0.,-1.,0.));
#7568 = ADVANCED_FACE('',(#7569),#7605,.F.);
#7569 = FACE_BOUND('',#7570,.F.);
#7570 = EDGE_LOOP('',(#7571,#7572,#7573,#7574,#7575,#7583,#7591,#7599));
#7571 = ORIENTED_EDGE('',*,*,#7342,.F.);
#7572 = ORIENTED_EDGE('',*,*,#4676,.F.);
#7573 = ORIENTED_EDGE('',*,*,#7558,.F.);
#7574 = ORIENTED_EDGE('',*,*,#7524,.F.);
#7575 = ORIENTED_EDGE('',*,*,#7576,.F.);
#7576 = EDGE_CURVE('',#7577,#7483,#7579,.T.);
#7577 = VERTEX_POINT('',#7578);
#7578 = CARTESIAN_POINT('',(17.076843980584,-30.50396487572,
    3.999810765571));
#7579 = LINE('',#7580,#7581);
#7580 = CARTESIAN_POINT('',(14.889299716113,-19.00558894512,
    3.999810765571));
#7581 = VECTOR('',#7582,1.);
#7582 = DIRECTION('',(-0.186895884319,0.982379727206,-1.269E-14));
#7583 = ORIENTED_EDGE('',*,*,#7584,.F.);
#7584 = EDGE_CURVE('',#7585,#7577,#7587,.T.);
#7585 = VERTEX_POINT('',#7586);
#7586 = CARTESIAN_POINT('',(17.078480684956,-30.515593059,3.997539340123
    ));
#7587 = LINE('',#7588,#7589);
#7588 = CARTESIAN_POINT('',(15.733239918733,-20.95815160448,
    5.864470331316));
#7589 = VECTOR('',#7590,1.);
#7590 = DIRECTION('',(-0.136842824057,0.972217994162,0.189911066903));
#7591 = ORIENTED_EDGE('',*,*,#7592,.T.);
#7592 = EDGE_CURVE('',#7585,#7593,#7595,.T.);
#7593 = VERTEX_POINT('',#7594);
#7594 = CARTESIAN_POINT('',(15.759140772229,-30.34648819862,
    -1.082436153632));
#7595 = LINE('',#7596,#7597);
#7596 = CARTESIAN_POINT('',(13.265575895465,-30.0268784178,
    -10.6836377423));
#7597 = VECTOR('',#7598,1.);
#7598 = DIRECTION('',(-0.251244028833,3.220291147684E-02,-0.967387931736
    ));
#7599 = ORIENTED_EDGE('',*,*,#7600,.F.);
#7600 = EDGE_CURVE('',#7343,#7593,#7601,.T.);
#7601 = LINE('',#7602,#7603);
#7602 = CARTESIAN_POINT('',(13.302062327219,-23.84957059453,
    -5.901476799175));
#7603 = VECTOR('',#7604,1.);
#7604 = DIRECTION('',(0.290640506553,-0.76850107383,0.57002999524));
#7605 = PLANE('',#7606);
#7606 = AXIS2_PLACEMENT_3D('',#7607,#7608,#7609);
#7607 = CARTESIAN_POINT('',(11.410750601361,-16.26484555222,
    -7.670877696779));
#7608 = DIRECTION('',(0.95329094722,0.181361798966,-0.241545581257));
#7609 = DIRECTION('',(0.302053587877,-0.572383661137,0.762325766661));
#7610 = ADVANCED_FACE('',(#7611,#7626,#7637),#7648,.T.);
#7611 = FACE_BOUND('',#7612,.T.);
#7612 = EDGE_LOOP('',(#7613,#7614,#7615,#7616,#7622,#7623,#7624,#7625));
#7613 = ORIENTED_EDGE('',*,*,#5058,.F.);
#7614 = ORIENTED_EDGE('',*,*,#4853,.T.);
#7615 = ORIENTED_EDGE('',*,*,#5024,.F.);
#7616 = ORIENTED_EDGE('',*,*,#7617,.F.);
#7617 = EDGE_CURVE('',#5092,#5017,#7618,.T.);
#7618 = LINE('',#7619,#7620);
#7619 = CARTESIAN_POINT('',(-14.44999981694,4.716364472669,
    -4.860829794896));
#7620 = VECTOR('',#7621,1.);
#7621 = DIRECTION('',(0.,-0.,-1.));
#7622 = ORIENTED_EDGE('',*,*,#5099,.F.);
#7623 = ORIENTED_EDGE('',*,*,#5145,.F.);
#7624 = ORIENTED_EDGE('',*,*,#5162,.F.);
#7625 = ORIENTED_EDGE('',*,*,#5114,.F.);
#7626 = FACE_BOUND('',#7627,.T.);
#7627 = EDGE_LOOP('',(#7628));
#7628 = ORIENTED_EDGE('',*,*,#7629,.F.);
#7629 = EDGE_CURVE('',#7630,#7630,#7632,.T.);
#7630 = VERTEX_POINT('',#7631);
#7631 = CARTESIAN_POINT('',(-14.44999966337,0.378244033123,
    -15.33582979489));
#7632 = CIRCLE('',#7633,2.161880215352);
#7633 = AXIS2_PLACEMENT_3D('',#7634,#7635,#7636);
#7634 = CARTESIAN_POINT('',(-14.44999958684,-1.783636182228,
    -15.33582979489));
#7635 = DIRECTION('',(1.,3.539987414E-08,1.7E-16));
#7636 = DIRECTION('',(-3.539987414E-08,1.,6.E-17));
#7637 = FACE_BOUND('',#7638,.T.);
#7638 = EDGE_LOOP('',(#7639));
#7639 = ORIENTED_EDGE('',*,*,#7640,.F.);
#7640 = EDGE_CURVE('',#7641,#7641,#7643,.T.);
#7641 = VERTEX_POINT('',#7642);
#7642 = CARTESIAN_POINT('',(-14.44999966337,0.378244033123,
    -8.035829794896));
#7643 = CIRCLE('',#7644,2.161880215352);
#7644 = AXIS2_PLACEMENT_3D('',#7645,#7646,#7647);
#7645 = CARTESIAN_POINT('',(-14.44999958684,-1.783636182228,
    -8.035829794896));
#7646 = DIRECTION('',(1.,3.539987414E-08,1.7E-16));
#7647 = DIRECTION('',(-3.539987414E-08,1.,6.E-17));
#7648 = PLANE('',#7649);
#7649 = AXIS2_PLACEMENT_3D('',#7650,#7651,#7652);
#7650 = CARTESIAN_POINT('',(-14.44999963816,-0.334004879664,
    -11.67727679855));
#7651 = DIRECTION('',(1.,3.539987388E-08,2.9E-16));
#7652 = DIRECTION('',(-3.539987388E-08,1.,0.));
#7653 = ADVANCED_FACE('',(#7654),#7687,.T.);
#7654 = FACE_BOUND('',#7655,.T.);
#7655 = EDGE_LOOP('',(#7656,#7664,#7665,#7673,#7681));
#7656 = ORIENTED_EDGE('',*,*,#7657,.T.);
#7657 = EDGE_CURVE('',#7658,#4879,#7660,.T.);
#7658 = VERTEX_POINT('',#7659);
#7659 = CARTESIAN_POINT('',(-12.18498000922,7.923471334031,
    -3.112030136269));
#7660 = LINE('',#7661,#7662);
#7661 = CARTESIAN_POINT('',(-162.316317294,188.16206673432,
    -147.2480344207));
#7662 = VECTOR('',#7663,1.);
#7663 = DIRECTION('',(0.54529956764,-0.654653651404,0.523523617648));
#7664 = ORIENTED_EDGE('',*,*,#4876,.F.);
#7665 = ORIENTED_EDGE('',*,*,#7666,.T.);
#7666 = EDGE_CURVE('',#4877,#7667,#7669,.T.);
#7667 = VERTEX_POINT('',#7668);
#7668 = CARTESIAN_POINT('',(-12.41653844064,7.695046199964,
    -3.982707009853));
#7669 = LINE('',#7670,#7671);
#7670 = CARTESIAN_POINT('',(-162.3120067949,187.65047164047,
    -147.8922615351));
#7671 = VECTOR('',#7672,1.);
#7672 = DIRECTION('',(-0.54529956764,0.654653651404,-0.523523617648));
#7673 = ORIENTED_EDGE('',*,*,#7674,.T.);
#7674 = EDGE_CURVE('',#7667,#7675,#7677,.T.);
#7675 = VERTEX_POINT('',#7676);
#7676 = CARTESIAN_POINT('',(-12.17540165347,7.8744059423,-3.150929968324
    ));
#7677 = LINE('',#7678,#7679);
#7678 = CARTESIAN_POINT('',(-12.41653844064,7.695046199964,
    -3.982707009853));
#7679 = VECTOR('',#7680,1.);
#7680 = DIRECTION('',(0.272654654988,0.202803019986,0.940494749692));
#7681 = ORIENTED_EDGE('',*,*,#7682,.T.);
#7682 = EDGE_CURVE('',#7675,#7658,#7683,.T.);
#7683 = LINE('',#7684,#7685);
#7684 = CARTESIAN_POINT('',(-17.08473853702,33.02261966615,
    16.786978521087));
#7685 = VECTOR('',#7686,1.);
#7686 = DIRECTION('',(-0.151213760694,0.774596663889,0.614112698834));
#7687 = PLANE('',#7688);
#7688 = AXIS2_PLACEMENT_3D('',#7689,#7690,#7691);
#7689 = CARTESIAN_POINT('',(-162.3141620445,187.90626918739,
    -147.5701479779));
#7690 = DIRECTION('',(0.838224866771,0.429766281558,-0.335678441313));
#7691 = DIRECTION('',(0.371761550467,1.316002332108E-08,0.928328255303)
  );
#7692 = ADVANCED_FACE('',(#7693,#7719),#7730,.T.);
#7693 = FACE_BOUND('',#7694,.T.);
#7694 = EDGE_LOOP('',(#7695,#7696,#7697,#7703,#7704,#7705,#7713));
#7695 = ORIENTED_EDGE('',*,*,#7666,.F.);
#7696 = ORIENTED_EDGE('',*,*,#5040,.F.);
#7697 = ORIENTED_EDGE('',*,*,#7698,.F.);
#7698 = EDGE_CURVE('',#5017,#5033,#7699,.T.);
#7699 = LINE('',#7700,#7701);
#7700 = CARTESIAN_POINT('',(-13.045633236,4.716364522384,-4.586679710103
    ));
#7701 = VECTOR('',#7702,1.);
#7702 = DIRECTION('',(0.721363492345,2.553619354E-08,0.692556648882));
#7703 = ORIENTED_EDGE('',*,*,#5016,.F.);
#7704 = ORIENTED_EDGE('',*,*,#6954,.T.);
#7705 = ORIENTED_EDGE('',*,*,#7706,.F.);
#7706 = EDGE_CURVE('',#7707,#6947,#7709,.T.);
#7707 = VERTEX_POINT('',#7708);
#7708 = CARTESIAN_POINT('',(-12.41653856529,11.216364544644,
    -3.982707009853));
#7709 = LINE('',#7710,#7711);
#7710 = CARTESIAN_POINT('',(-15.52455878222,11.21636443462,
    -6.966611919009));
#7711 = VECTOR('',#7712,1.);
#7712 = DIRECTION('',(-0.721363492345,-2.553620907E-08,-0.692556648882)
  );
#7713 = ORIENTED_EDGE('',*,*,#7714,.F.);
#7714 = EDGE_CURVE('',#7667,#7707,#7715,.T.);
#7715 = LINE('',#7716,#7717);
#7716 = CARTESIAN_POINT('',(-12.41653839714,6.466364655954,
    -3.982707009853));
#7717 = VECTOR('',#7718,1.);
#7718 = DIRECTION('',(-3.539990158E-08,1.,-1.794E-14));
#7719 = FACE_BOUND('',#7720,.T.);
#7720 = EDGE_LOOP('',(#7721));
#7721 = ORIENTED_EDGE('',*,*,#7722,.T.);
#7722 = EDGE_CURVE('',#7723,#7723,#7725,.T.);
#7723 = VERTEX_POINT('',#7724);
#7724 = CARTESIAN_POINT('',(-14.36629459552,6.702900339553,
    -5.854601869263));
#7725 = ELLIPSE('',#7726,1.860055073746,1.7);
#7726 = AXIS2_PLACEMENT_3D('',#7727,#7728,#7729);
#7727 = CARTESIAN_POINT('',(-15.59221238312,7.416046843275,
    -7.031563978258));
#7728 = DIRECTION('',(-0.692556648882,-2.451642427265E-08,0.721363492345
    ));
#7729 = DIRECTION('',(-0.718741047279,8.519148130739E-02,-0.690038925329
    ));
#7730 = PLANE('',#7731);
#7731 = AXIS2_PLACEMENT_3D('',#7732,#7733,#7734);
#7732 = CARTESIAN_POINT('',(-15.69197190476,8.216364651304,
    -7.127339687883));
#7733 = DIRECTION('',(0.692556648882,2.451642428E-08,-0.721363492345));
#7734 = DIRECTION('',(-3.539990004794E-08,1.,-1.645214281745E-14));
#7735 = ADVANCED_FACE('',(#7736),#7747,.T.);
#7736 = FACE_BOUND('',#7737,.T.);
#7737 = EDGE_LOOP('',(#7738,#7739,#7745,#7746));
#7738 = ORIENTED_EDGE('',*,*,#4992,.T.);
#7739 = ORIENTED_EDGE('',*,*,#7740,.T.);
#7740 = EDGE_CURVE('',#4985,#6987,#7741,.T.);
#7741 = LINE('',#7742,#7743);
#7742 = CARTESIAN_POINT('',(-7.259479176795,9.754752607443,
    -19.58881877414));
#7743 = VECTOR('',#7744,1.);
#7744 = DIRECTION('',(-0.430745381607,-0.434262096235,-0.791122524011));
#7745 = ORIENTED_EDGE('',*,*,#6986,.T.);
#7746 = ORIENTED_EDGE('',*,*,#6972,.F.);
#7747 = PLANE('',#7748);
#7748 = AXIS2_PLACEMENT_3D('',#7749,#7750,#7751);
#7749 = CARTESIAN_POINT('',(-12.57760417756,4.466364538952,
    -12.91897533595));
#7750 = DIRECTION('',(-0.707099803133,0.707106756155,-3.147031691924E-03
    ));
#7751 = DIRECTION('',(4.45057489994E-03,1.575518509059E-10,
    -0.999990096142));
#7752 = ADVANCED_FACE('',(#7753),#7774,.T.);
#7753 = FACE_BOUND('',#7754,.T.);
#7754 = EDGE_LOOP('',(#7755,#7756,#7757,#7765,#7772,#7773));
#7755 = ORIENTED_EDGE('',*,*,#7740,.F.);
#7756 = ORIENTED_EDGE('',*,*,#4984,.T.);
#7757 = ORIENTED_EDGE('',*,*,#7758,.T.);
#7758 = EDGE_CURVE('',#4977,#7759,#7761,.T.);
#7759 = VERTEX_POINT('',#7760);
#7760 = CARTESIAN_POINT('',(-10.34747244682,4.225667794238,
    -29.66149985296));
#7761 = LINE('',#7762,#7763);
#7762 = CARTESIAN_POINT('',(-10.68099941936,5.528344143842,
    -27.28833245906));
#7763 = VECTOR('',#7764,1.);
#7764 = DIRECTION('',(0.122275857487,-0.477580168291,-0.870037813851));
#7765 = ORIENTED_EDGE('',*,*,#7766,.T.);
#7766 = EDGE_CURVE('',#7759,#5624,#7767,.T.);
#7767 = ELLIPSE('',#7768,0.570375298501,0.5);
#7768 = AXIS2_PLACEMENT_3D('',#7769,#7770,#7771);
#7769 = CARTESIAN_POINT('',(-10.84260647983,4.187470406141,
    -29.73108640344));
#7770 = DIRECTION('',(-3.10321042E-08,0.876615802463,-0.481190954687));
#7771 = DIRECTION('',(1.703408985E-08,-0.481190954687,-0.876615802463));
#7772 = ORIENTED_EDGE('',*,*,#5623,.T.);
#7773 = ORIENTED_EDGE('',*,*,#6994,.T.);
#7774 = PLANE('',#7775);
#7775 = AXIS2_PLACEMENT_3D('',#7776,#7777,#7778);
#7776 = CARTESIAN_POINT('',(-2.7328513763E-07,7.719910526798,
    -23.29581893968));
#7777 = DIRECTION('',(-3.10321042E-08,0.876615802463,-0.481190954687));
#7778 = DIRECTION('',(-1.,-3.5399896597E-08,-9.481645300333E-15));
#7779 = ADVANCED_FACE('',(#7780),#7806,.F.);
#7780 = FACE_BOUND('',#7781,.T.);
#7781 = EDGE_LOOP('',(#7782,#7783,#7784,#7792,#7800));
#7782 = ORIENTED_EDGE('',*,*,#7758,.F.);
#7783 = ORIENTED_EDGE('',*,*,#4976,.F.);
#7784 = ORIENTED_EDGE('',*,*,#7785,.F.);
#7785 = EDGE_CURVE('',#7786,#4968,#7788,.T.);
#7786 = VERTEX_POINT('',#7787);
#7787 = CARTESIAN_POINT('',(-10.53747179756,2.055184105832,
    -28.30958367868));
#7788 = LINE('',#7789,#7790);
#7789 = CARTESIAN_POINT('',(-10.53747179973,2.116365228052,
    -28.30958367868));
#7790 = VECTOR('',#7791,1.);
#7791 = DIRECTION('',(-3.539988027E-08,1.,-1.746E-14));
#7792 = ORIENTED_EDGE('',*,*,#7793,.T.);
#7793 = EDGE_CURVE('',#7786,#7794,#7796,.T.);
#7794 = VERTEX_POINT('',#7795);
#7795 = CARTESIAN_POINT('',(-10.34747236934,2.037096104068,
    -29.66149985296));
#7796 = LINE('',#7797,#7798);
#7797 = CARTESIAN_POINT('',(-9.391722723997,1.946108455162,
    -36.46201191872));
#7798 = VECTOR('',#7799,1.);
#7799 = DIRECTION('',(0.139160887492,-1.324815764793E-02,-0.990181162066
    ));
#7800 = ORIENTED_EDGE('',*,*,#7801,.F.);
#7801 = EDGE_CURVE('',#7759,#7794,#7802,.T.);
#7802 = LINE('',#7803,#7804);
#7803 = CARTESIAN_POINT('',(-10.34747219243,-2.960243278525,
    -29.66149985296));
#7804 = VECTOR('',#7805,1.);
#7805 = DIRECTION('',(3.539988278E-08,-1.,-4.E-16));
#7806 = PLANE('',#7807);
#7807 = AXIS2_PLACEMENT_3D('',#7808,#7809,#7810);
#7808 = CARTESIAN_POINT('',(-10.42996405202,2.116365231858,
    -29.07454105164));
#7809 = DIRECTION('',(-0.990268068742,-3.50553735E-08,-0.13917310096));
#7810 = DIRECTION('',(-0.13917310096,-4.9266939E-09,0.990268068742));
#7811 = ADVANCED_FACE('',(#7812),#7831,.F.);
#7812 = FACE_BOUND('',#7813,.F.);
#7813 = EDGE_LOOP('',(#7814,#7815,#7824,#7830));
#7814 = ORIENTED_EDGE('',*,*,#7785,.F.);
#7815 = ORIENTED_EDGE('',*,*,#7816,.F.);
#7816 = EDGE_CURVE('',#7817,#7786,#7819,.T.);
#7817 = VERTEX_POINT('',#7818);
#7818 = CARTESIAN_POINT('',(-9.052069695264,2.078046566355,
    -26.60082402724));
#7819 = ELLIPSE('',#7820,1.500134252941,1.5);
#7820 = AXIS2_PLACEMENT_3D('',#7821,#7822,#7823);
#7821 = CARTESIAN_POINT('',(-9.052069694554,2.057977265275,
    -28.10082402724));
#7822 = DIRECTION('',(3.539670932E-08,-0.999910506049,1.337833666332E-02
    ));
#7823 = DIRECTION('',(-4.741779E-10,1.337833666332E-02,0.999910506049));
#7824 = ORIENTED_EDGE('',*,*,#7825,.F.);
#7825 = EDGE_CURVE('',#4960,#7817,#7826,.T.);
#7826 = LINE('',#7827,#7828);
#7827 = CARTESIAN_POINT('',(-9.052069696621,2.116365280635,
    -26.60082402724));
#7828 = VECTOR('',#7829,1.);
#7829 = DIRECTION('',(3.539988027E-08,-1.,1.746E-14));
#7830 = ORIENTED_EDGE('',*,*,#4967,.T.);
#7831 = CYLINDRICAL_SURFACE('',#7832,1.5);
#7832 = AXIS2_PLACEMENT_3D('',#7833,#7834,#7835);
#7833 = CARTESIAN_POINT('',(-9.052069696621,2.116365280635,
    -28.10082402724));
#7834 = DIRECTION('',(-3.539988027E-08,1.,-1.746E-14));
#7835 = DIRECTION('',(-0.754709580223,-2.671661732371E-08,0.656059028991
    ));
#7836 = ADVANCED_FACE('',(#7837),#7855,.F.);
#7837 = FACE_BOUND('',#7838,.T.);
#7838 = EDGE_LOOP('',(#7839,#7847,#7853,#7854));
#7839 = ORIENTED_EDGE('',*,*,#7840,.T.);
#7840 = EDGE_CURVE('',#4951,#7841,#7843,.T.);
#7841 = VERTEX_POINT('',#7842);
#7842 = CARTESIAN_POINT('',(2.606680088578,2.078046979074,
    -26.60082402724));
#7843 = LINE('',#7844,#7845);
#7844 = CARTESIAN_POINT('',(2.606680087221,2.116365693354,
    -26.60082402724));
#7845 = VECTOR('',#7846,1.);
#7846 = DIRECTION('',(3.539988027E-08,-1.,1.746E-14));
#7847 = ORIENTED_EDGE('',*,*,#7848,.T.);
#7848 = EDGE_CURVE('',#7841,#7817,#7849,.T.);
#7849 = LINE('',#7850,#7851);
#7850 = CARTESIAN_POINT('',(2.634120979382,2.078046980045,
    -26.60082402724));
#7851 = VECTOR('',#7852,1.);
#7852 = DIRECTION('',(-1.,-3.539987704E-08,2.644E-14));
#7853 = ORIENTED_EDGE('',*,*,#7825,.F.);
#7854 = ORIENTED_EDGE('',*,*,#4959,.F.);
#7855 = PLANE('',#7856);
#7856 = AXIS2_PLACEMENT_3D('',#7857,#7858,#7859);
#7857 = CARTESIAN_POINT('',(-4.981757845446,-11.2622080445,
    -26.60082402724));
#7858 = DIRECTION('',(2.644E-14,1.746E-14,1.));
#7859 = DIRECTION('',(-3.539989091E-08,1.,-1.745999906403E-14));
#7860 = ADVANCED_FACE('',(#7861),#7880,.F.);
#7861 = FACE_BOUND('',#7862,.F.);
#7862 = EDGE_LOOP('',(#7863,#7864,#7873,#7879));
#7863 = ORIENTED_EDGE('',*,*,#7840,.T.);
#7864 = ORIENTED_EDGE('',*,*,#7865,.F.);
#7865 = EDGE_CURVE('',#7866,#7841,#7868,.T.);
#7866 = VERTEX_POINT('',#7867);
#7867 = CARTESIAN_POINT('',(4.092082192499,2.055184623717,
    -28.30958367868));
#7868 = ELLIPSE('',#7869,1.500134252941,1.5);
#7869 = AXIS2_PLACEMENT_3D('',#7870,#7871,#7872);
#7870 = CARTESIAN_POINT('',(2.606680089288,2.057977677994,
    -28.10082402724));
#7871 = DIRECTION('',(3.539670932E-08,-0.999910506049,1.337833666332E-02
    ));
#7872 = DIRECTION('',(-4.7370017E-10,1.337833666332E-02,0.999910506049)
  );
#7873 = ORIENTED_EDGE('',*,*,#7874,.T.);
#7874 = EDGE_CURVE('',#7866,#4943,#7875,.T.);
#7875 = LINE('',#7876,#7877);
#7876 = CARTESIAN_POINT('',(4.092082190333,2.116365745937,
    -28.30958367868));
#7877 = VECTOR('',#7878,1.);
#7878 = DIRECTION('',(-3.539988027E-08,1.,-1.746E-14));
#7879 = ORIENTED_EDGE('',*,*,#4950,.T.);
#7880 = CYLINDRICAL_SURFACE('',#7881,1.5);
#7881 = AXIS2_PLACEMENT_3D('',#7882,#7883,#7884);
#7882 = CARTESIAN_POINT('',(2.606680087221,2.116365693354,
    -28.10082402724));
#7883 = DIRECTION('',(-3.539988027E-08,1.,-1.746E-14));
#7884 = DIRECTION('',(0.754709580223,2.671664023331E-08,0.65605902899));
#7885 = ADVANCED_FACE('',(#7886),#7905,.F.);
#7886 = FACE_BOUND('',#7887,.T.);
#7887 = EDGE_LOOP('',(#7888,#7889,#7897,#7903,#7904));
#7888 = ORIENTED_EDGE('',*,*,#7327,.F.);
#7889 = ORIENTED_EDGE('',*,*,#7890,.F.);
#7890 = EDGE_CURVE('',#7891,#7319,#7893,.T.);
#7891 = VERTEX_POINT('',#7892);
#7892 = CARTESIAN_POINT('',(3.902082765556,2.037096608501,
    -29.66149985296));
#7893 = LINE('',#7894,#7895);
#7894 = CARTESIAN_POINT('',(3.902082942461,-2.960242774092,
    -29.66149985296));
#7895 = VECTOR('',#7896,1.);
#7896 = DIRECTION('',(-3.539987776E-08,1.,4.E-16));
#7897 = ORIENTED_EDGE('',*,*,#7898,.T.);
#7898 = EDGE_CURVE('',#7891,#7866,#7899,.T.);
#7899 = LINE('',#7900,#7901);
#7900 = CARTESIAN_POINT('',(3.260986443004,1.976064003186,
    -34.22313723088));
#7901 = VECTOR('',#7902,1.);
#7902 = DIRECTION('',(0.139160886556,1.324816750047E-02,0.990181162066)
  );
#7903 = ORIENTED_EDGE('',*,*,#7874,.T.);
#7904 = ORIENTED_EDGE('',*,*,#4942,.F.);
#7905 = PLANE('',#7906);
#7906 = AXIS2_PLACEMENT_3D('',#7907,#7908,#7909);
#7907 = CARTESIAN_POINT('',(4.092082190333,2.116365745937,
    -28.30958367868));
#7908 = DIRECTION('',(0.990268068741,3.505536864E-08,-0.139173100962));
#7909 = DIRECTION('',(-0.139173100962,-4.92672831E-09,-0.990268068741));
#7910 = ADVANCED_FACE('',(#7911),#7937,.T.);
#7911 = FACE_BOUND('',#7912,.T.);
#7912 = EDGE_LOOP('',(#7913,#7914,#7915,#7923,#7931));
#7913 = ORIENTED_EDGE('',*,*,#7265,.T.);
#7914 = ORIENTED_EDGE('',*,*,#4910,.F.);
#7915 = ORIENTED_EDGE('',*,*,#7916,.T.);
#7916 = EDGE_CURVE('',#4903,#7917,#7919,.T.);
#7917 = VERTEX_POINT('',#7918);
#7918 = CARTESIAN_POINT('',(12.184979448238,7.923472196724,
    -3.112030136269));
#7919 = LINE('',#7920,#7921);
#7920 = CARTESIAN_POINT('',(162.31630397221,188.16207822627,
    -147.2480344207));
#7921 = VECTOR('',#7922,1.);
#7922 = DIRECTION('',(0.54529952129,0.654653690011,-0.523523617648));
#7923 = ORIENTED_EDGE('',*,*,#7924,.T.);
#7924 = EDGE_CURVE('',#7917,#7925,#7927,.T.);
#7925 = VERTEX_POINT('',#7926);
#7926 = CARTESIAN_POINT('',(12.175401095965,7.874406804315,
    -3.150929968324));
#7927 = LINE('',#7928,#7929);
#7928 = CARTESIAN_POINT('',(17.084736199011,33.022620875645,
    16.78697852105));
#7929 = VECTOR('',#7930,1.);
#7930 = DIRECTION('',(-0.151213705852,-0.774596674594,-0.614112698835));
#7931 = ORIENTED_EDGE('',*,*,#7932,.F.);
#7932 = EDGE_CURVE('',#7266,#7925,#7933,.T.);
#7933 = LINE('',#7934,#7935);
#7934 = CARTESIAN_POINT('',(12.416537895824,7.695047079051,
    -3.982707009852));
#7935 = VECTOR('',#7936,1.);
#7936 = DIRECTION('',(-0.272654669347,0.20280300068,0.940494749692));
#7937 = PLANE('',#7938);
#7938 = AXIS2_PLACEMENT_3D('',#7939,#7940,#7941);
#7939 = CARTESIAN_POINT('',(162.31414874076,187.90628067919,
    -147.5701479779));
#7940 = DIRECTION('',(-0.838224897199,0.429766222212,-0.335678441313));
#7941 = DIRECTION('',(0.371761550467,1.316024100806E-08,-0.928328255303)
  );
#7942 = ADVANCED_FACE('',(#7943),#7969,.T.);
#7943 = FACE_BOUND('',#7944,.T.);
#7944 = EDGE_LOOP('',(#7945,#7953,#7961,#7967,#7968));
#7945 = ORIENTED_EDGE('',*,*,#7946,.F.);
#7946 = EDGE_CURVE('',#7947,#4895,#7949,.T.);
#7947 = VERTEX_POINT('',#7948);
#7948 = CARTESIAN_POINT('',(10.623952059494,4.709168061314,
    3.992202801775));
#7949 = LINE('',#7950,#7951);
#7950 = CARTESIAN_POINT('',(141.42407186358,171.62322383219,
    -162.9218483386));
#7951 = VECTOR('',#7952,1.);
#7952 = DIRECTION('',(0.48468005885,0.618500307914,-0.618500290755));
#7953 = ORIENTED_EDGE('',*,*,#7954,.F.);
#7954 = EDGE_CURVE('',#7955,#7947,#7957,.T.);
#7955 = VERTEX_POINT('',#7956);
#7956 = CARTESIAN_POINT('',(13.934263556248,7.923472258649,
    3.992202801775));
#7957 = LINE('',#7958,#7959);
#7958 = CARTESIAN_POINT('',(-81.5750749746,-84.81585696332,
    3.992202801779));
#7959 = VECTOR('',#7960,1.);
#7960 = DIRECTION('',(-0.717433929844,-0.69662655441,2.986E-14));
#7961 = ORIENTED_EDGE('',*,*,#7962,.T.);
#7962 = EDGE_CURVE('',#7955,#7917,#7963,.T.);
#7963 = LINE('',#7964,#7965);
#7964 = CARTESIAN_POINT('',(-162.3597017198,7.923466017854,
    -711.9769123105));
#7965 = VECTOR('',#7966,1.);
#7966 = DIRECTION('',(-0.239089905319,-8.46377142E-09,-0.970997434175));
#7967 = ORIENTED_EDGE('',*,*,#7916,.F.);
#7968 = ORIENTED_EDGE('',*,*,#4902,.F.);
#7969 = PLANE('',#7970);
#7970 = AXIS2_PLACEMENT_3D('',#7971,#7972,#7973);
#7971 = CARTESIAN_POINT('',(-335.9080690866,6.569906483654,
    -1.411134268415E+03));
#7972 = DIRECTION('',(-0.686598895251,0.707106756881,0.169062093364));
#7973 = DIRECTION('',(-0.717433929843,-0.69662655441,-5.870304242706E-15
    ));
#7974 = ADVANCED_FACE('',(#7975),#8000,.T.);
#7975 = FACE_BOUND('',#7976,.T.);
#7976 = EDGE_LOOP('',(#7977,#7978,#7986,#7992,#7993,#7999));
#7977 = ORIENTED_EDGE('',*,*,#4894,.F.);
#7978 = ORIENTED_EDGE('',*,*,#7979,.F.);
#7979 = EDGE_CURVE('',#7980,#4887,#7982,.T.);
#7980 = VERTEX_POINT('',#7981);
#7981 = CARTESIAN_POINT('',(-10.6239523929,4.709167309141,3.992202801775
    ));
#7982 = LINE('',#7983,#7984);
#7983 = CARTESIAN_POINT('',(-141.4240840145,171.6232138194,
    -162.9218483386));
#7984 = VECTOR('',#7985,1.);
#7985 = DIRECTION('',(-0.48468010264,0.618500273598,-0.618500290755));
#7986 = ORIENTED_EDGE('',*,*,#7987,.F.);
#7987 = EDGE_CURVE('',#6608,#7980,#7988,.T.);
#7988 = LINE('',#7989,#7990);
#7989 = CARTESIAN_POINT('',(-10.95551835302,4.216364596374,
    4.485005502809));
#7990 = VECTOR('',#7991,1.);
#7991 = DIRECTION('',(0.429611785528,0.63852710716,-0.638527091952));
#7992 = ORIENTED_EDGE('',*,*,#6607,.T.);
#7993 = ORIENTED_EDGE('',*,*,#7994,.T.);
#7994 = EDGE_CURVE('',#6598,#7947,#7995,.T.);
#7995 = LINE('',#7996,#7997);
#7996 = CARTESIAN_POINT('',(10.955518054499,4.216365372022,
    4.485005502809));
#7997 = VECTOR('',#7998,1.);
#7998 = DIRECTION('',(-0.429611830736,0.638527076744,-0.638527091952));
#7999 = ORIENTED_EDGE('',*,*,#7946,.T.);
#8000 = PLANE('',#8001);
#8001 = AXIS2_PLACEMENT_3D('',#8002,#8003,#8004);
#8002 = CARTESIAN_POINT('',(-336.8454662687,4.4663530599,4.235005502818)
  );
#8003 = DIRECTION('',(-2.503147843E-08,0.707106781186,0.707106781187));
#8004 = DIRECTION('',(-1.,-3.539984684099E-08,-9.440990302977E-15));
#8005 = ADVANCED_FACE('',(#8006),#8025,.F.);
#8006 = FACE_BOUND('',#8007,.T.);
#8007 = EDGE_LOOP('',(#8008,#8016,#8017,#8018,#8019));
#8008 = ORIENTED_EDGE('',*,*,#8009,.T.);
#8009 = EDGE_CURVE('',#8010,#7980,#8012,.T.);
#8010 = VERTEX_POINT('',#8011);
#8011 = CARTESIAN_POINT('',(-13.93426411723,7.923471272106,
    3.992202801775));
#8012 = LINE('',#8013,#8014);
#8013 = CARTESIAN_POINT('',(81.575080979538,-84.81585118782,
    3.99220280178));
#8014 = VECTOR('',#8015,1.);
#8015 = DIRECTION('',(0.717433979165,-0.696626503616,4.311E-14));
#8016 = ORIENTED_EDGE('',*,*,#7979,.T.);
#8017 = ORIENTED_EDGE('',*,*,#4886,.F.);
#8018 = ORIENTED_EDGE('',*,*,#7657,.F.);
#8019 = ORIENTED_EDGE('',*,*,#8020,.F.);
#8020 = EDGE_CURVE('',#8010,#7658,#8021,.T.);
#8021 = LINE('',#8022,#8023);
#8022 = CARTESIAN_POINT('',(162.35970115883,7.923477512881,
    -711.9769123105));
#8023 = VECTOR('',#8024,1.);
#8024 = DIRECTION('',(0.239089905319,8.4637417E-09,-0.970997434175));
#8025 = PLANE('',#8026);
#8026 = AXIS2_PLACEMENT_3D('',#8027,#8028,#8029);
#8027 = CARTESIAN_POINT('',(335.90806862145,6.569930265871,
    -1.411134268415E+03));
#8028 = DIRECTION('',(-0.686598845188,-0.707106805492,-0.169062093364));
#8029 = DIRECTION('',(0.717433979164,-0.696626503616,7.230327447871E-15)
  );
#8030 = ADVANCED_FACE('',(#8031),#8036,.T.);
#8031 = FACE_BOUND('',#8032,.T.);
#8032 = EDGE_LOOP('',(#8033,#8034,#8035));
#8033 = ORIENTED_EDGE('',*,*,#7698,.T.);
#8034 = ORIENTED_EDGE('',*,*,#5091,.T.);
#8035 = ORIENTED_EDGE('',*,*,#7617,.T.);
#8036 = PLANE('',#8037);
#8037 = AXIS2_PLACEMENT_3D('',#8038,#8039,#8040);
#8038 = CARTESIAN_POINT('',(-12.24999981694,4.716364550549,
    -4.860829794896));
#8039 = DIRECTION('',(3.539987414E-08,-1.,-1.7E-16));
#8040 = DIRECTION('',(2.8E-16,1.70000009912E-16,-1.));
#8041 = ADVANCED_FACE('',(#8042),#8053,.T.);
#8042 = FACE_BOUND('',#8043,.T.);
#8043 = EDGE_LOOP('',(#8044,#8045,#8052));
#8044 = ORIENTED_EDGE('',*,*,#5228,.T.);
#8045 = ORIENTED_EDGE('',*,*,#8046,.F.);
#8046 = EDGE_CURVE('',#5659,#5229,#8047,.T.);
#8047 = B_SPLINE_CURVE_WITH_KNOTS('',3,(#8048,#8049,#8050,#8051),
  .UNSPECIFIED.,.F.,.F.,(4,4),(0.,0.657457333762),
  .PIECEWISE_BEZIER_KNOTS.);
#8048 = CARTESIAN_POINT('',(6.500001072917,-10.5336347857,
    -30.23108640345));
#8049 = CARTESIAN_POINT('',(6.500001072917,-10.5336347857,
    -29.40926473624));
#8050 = CARTESIAN_POINT('',(3.949725213187,-10.53363487598,
    -27.50681770475));
#8051 = CARTESIAN_POINT('',(2.202568627916,-10.53363493783,
    -25.58944291517));
#8052 = ORIENTED_EDGE('',*,*,#5658,.T.);
#8053 = B_SPLINE_SURFACE_WITH_KNOTS('',3,3,(
    (#8054,#8055,#8056,#8057)
    ,(#8058,#8059,#8060,#8061)
    ,(#8062,#8063,#8064,#8065)
    ,(#8066,#8067,#8068,#8069
    )),.UNSPECIFIED.,.F.,.F.,.F.,(4,4),(4,4),(0.,0.384987187329),(0.,
    0.657457333755),.PIECEWISE_BEZIER_KNOTS.);
#8054 = CARTESIAN_POINT('',(6.500001072917,-10.5336347857,
    -30.23108640345));
#8055 = CARTESIAN_POINT('',(6.500001072917,-10.5336347857,
    -29.40926473625));
#8056 = CARTESIAN_POINT('',(3.949725213237,-10.53363487598,
    -27.50681770479));
#8057 = CARTESIAN_POINT('',(2.202568627968,-10.53363493783,
    -25.58944291522));
#8058 = CARTESIAN_POINT('',(6.500001026534,-9.223372456312,
    -30.23108640345));
#8059 = CARTESIAN_POINT('',(6.500001026534,-9.223372456312,
    -29.40926473625));
#8060 = CARTESIAN_POINT('',(3.917181570904,-9.678600901632,
    -27.50681770479));
#8061 = CARTESIAN_POINT('',(2.146485339947,-9.990795134591,
    -25.58944291522));
#8062 = CARTESIAN_POINT('',(6.092182206737,-7.915980263061,
    -30.23108640345));
#8063 = CARTESIAN_POINT('',(6.092182206737,-7.915980263061,
    -29.40926473625));
#8064 = CARTESIAN_POINT('',(3.652338643094,-8.825319114161,
    -27.50681770479));
#8065 = CARTESIAN_POINT('',(1.97962965623,-9.448734922378,
    -25.58944291522));
#8066 = CARTESIAN_POINT('',(5.347238687199,-6.838090415015,
    -30.23108640345));
#8067 = CARTESIAN_POINT('',(5.347238687199,-6.838090415015,
    -29.40926473625));
#8068 = CARTESIAN_POINT('',(3.19539806424,-8.102668565894,
    -27.50681770479));
#8069 = CARTESIAN_POINT('',(1.721203615595,-8.969012508848,
    -25.58944291522));
#8070 = ADVANCED_FACE('',(#8071),#8079,.T.);
#8071 = FACE_BOUND('',#8072,.T.);
#8072 = EDGE_LOOP('',(#8073,#8074,#8075,#8076,#8077,#8078));
#8073 = ORIENTED_EDGE('',*,*,#5323,.F.);
#8074 = ORIENTED_EDGE('',*,*,#6277,.T.);
#8075 = ORIENTED_EDGE('',*,*,#6347,.T.);
#8076 = ORIENTED_EDGE('',*,*,#5667,.T.);
#8077 = ORIENTED_EDGE('',*,*,#8046,.T.);
#8078 = ORIENTED_EDGE('',*,*,#5245,.T.);
#8079 = B_SPLINE_SURFACE_WITH_KNOTS('',3,3,(
    (#8080,#8081,#8082,#8083)
    ,(#8084,#8085,#8086,#8087)
    ,(#8088,#8089,#8090,#8091)
    ,(#8092,#8093,#8094,#8095)
    ,(#8096,#8097,#8098,#8099
  )),.UNSPECIFIED.,.F.,.F.,.F.,(4,1,4),(4,4),(0.119549482832,
    0.496885418761,1.),(-0.,0.958171555999),.UNSPECIFIED.);
#8080 = CARTESIAN_POINT('',(1.213461155702,-16.91936243149,
    -30.23108640345));
#8081 = CARTESIAN_POINT('',(1.213461155702,-16.91936243149,
    -29.03337195845));
#8082 = CARTESIAN_POINT('',(0.16524683859,-12.67334294757,
    -25.54042568663));
#8083 = CARTESIAN_POINT('',(7.75564908626E-02,-12.31813417115,
    -23.05108636432));
#8084 = CARTESIAN_POINT('',(2.475106141492,-16.67961592663,
    -30.23108640345));
#8085 = CARTESIAN_POINT('',(2.475106141493,-16.67961592663,
    -29.03337195845));
#8086 = CARTESIAN_POINT('',(0.337693894958,-12.42295974304,
    -25.54042568663));
#8087 = CARTESIAN_POINT('',(0.159076127794,-12.06663714227,
    -23.05108636432));
#8088 = CARTESIAN_POINT('',(5.255547761764,-15.22533687636,
    -30.23108640345));
#8089 = CARTESIAN_POINT('',(5.255547761764,-15.22533687636,
    -29.03337195845));
#8090 = CARTESIAN_POINT('',(0.726877691499,-11.76448798441,
    -25.54042568663));
#8091 = CARTESIAN_POINT('',(0.348454884284,-11.4752446749,
    -23.05108636432));
#8092 = CARTESIAN_POINT('',(6.500001133532,-12.24593094739,
    -30.23108640345));
#8093 = CARTESIAN_POINT('',(6.500001133532,-12.24593094739,
    -29.03337195845));
#8094 = CARTESIAN_POINT('',(0.991766583783,-10.9821396954,
    -25.54042568663));
#8095 = CARTESIAN_POINT('',(0.529996278362,-10.87607026513,
    -23.05108636432));
#8096 = CARTESIAN_POINT('',(6.500001072917,-10.5336347857,
    -30.23108640345));
#8097 = CARTESIAN_POINT('',(6.500001072917,-10.5336347857,
    -29.03337195845));
#8098 = CARTESIAN_POINT('',(1.083253961633,-10.53363497745,
    -25.54042568663));
#8099 = CARTESIAN_POINT('',(0.630105755212,-10.53363499349,
    -23.05108636432));
#8100 = ADVANCED_FACE('',(#8101),#8115,.T.);
#8101 = FACE_BOUND('',#8102,.T.);
#8102 = EDGE_LOOP('',(#8103,#8104,#8105,#8106,#8107,#8114));
#8103 = ORIENTED_EDGE('',*,*,#5347,.F.);
#8104 = ORIENTED_EDGE('',*,*,#5505,.T.);
#8105 = ORIENTED_EDGE('',*,*,#5578,.T.);
#8106 = ORIENTED_EDGE('',*,*,#5743,.T.);
#8107 = ORIENTED_EDGE('',*,*,#8108,.T.);
#8108 = EDGE_CURVE('',#5735,#5843,#8109,.T.);
#8109 = B_SPLINE_CURVE_WITH_KNOTS('',3,(#8110,#8111,#8112,#8113),
  .UNSPECIFIED.,.F.,.F.,(4,4),(0.,0.657457333755),
  .PIECEWISE_BEZIER_KNOTS.);
#8110 = CARTESIAN_POINT('',(8.428177032E-07,-4.033635015802,
    -30.23108640345));
#8111 = CARTESIAN_POINT('',(8.4281770636E-07,-4.033635015802,
    -29.40926473625));
#8112 = CARTESIAN_POINT('',(9.1167492254E-07,-5.978760671492,
    -27.50681770479));
#8113 = CARTESIAN_POINT('',(9.5884798735E-07,-7.311337728053,
    -25.58944291522));
#8114 = ORIENTED_EDGE('',*,*,#5859,.T.);
#8115 = B_SPLINE_SURFACE_WITH_KNOTS('',3,3,(
    (#8116,#8117,#8118,#8119)
    ,(#8120,#8121,#8122,#8123)
    ,(#8124,#8125,#8126,#8127)
    ,(#8128,#8129,#8130,#8131)
    ,(#8132,#8133,#8134,#8135
  )),.UNSPECIFIED.,.F.,.F.,.F.,(4,1,4),(4,4),(7.224128350145E-02,
    0.602389121501,1.),(-0.,0.958171561736),.UNSPECIFIED.);
#8116 = CARTESIAN_POINT('',(6.458196074367,-9.797620530042,
    -30.23108640345));
#8117 = CARTESIAN_POINT('',(6.458196074367,-9.797620530043,
    -29.03337195128));
#8118 = CARTESIAN_POINT('',(1.040035240438,-10.34070167305,
    -25.54042564481));
#8119 = CARTESIAN_POINT('',(0.586768828547,-10.38613414518,
    -23.05108631961));
#8120 = CARTESIAN_POINT('',(6.253889670818,-8.004924027879,
    -30.23108640345));
#8121 = CARTESIAN_POINT('',(6.253889670818,-8.004924027879,
    -29.03337195128));
#8122 = CARTESIAN_POINT('',(0.92702648263,-9.868834738866,
    -25.54042564481));
#8123 = CARTESIAN_POINT('',(0.480237792208,-10.02535842774,
    -23.05108631961));
#8124 = CARTESIAN_POINT('',(4.517950048209,-5.047668197605,
    -30.23108640345));
#8125 = CARTESIAN_POINT('',(4.517950048209,-5.047668197605,
    -29.03337195128));
#8126 = CARTESIAN_POINT('',(0.613003500929,-9.059684442879,
    -25.54042564481));
#8127 = CARTESIAN_POINT('',(0.286775192901,-9.394919181374,
    -23.05108631961));
#8128 = CARTESIAN_POINT('',(1.353226542272,-4.033634967898,
    -30.23108640345));
#8129 = CARTESIAN_POINT('',(1.353226542272,-4.033634967898,
    -29.03337195128));
#8130 = CARTESIAN_POINT('',(0.183562672694,-8.408183034923,
    -25.54042564481));
#8131 = CARTESIAN_POINT('',(8.602224219646E-02,-8.77439520334,
    -23.05108631961));
#8132 = CARTESIAN_POINT('',(8.428177032E-07,-4.033635015802,
    -30.23108640345));
#8133 = CARTESIAN_POINT('',(8.4281770781E-07,-4.033635015802,
    -29.03337195128));
#8134 = CARTESIAN_POINT('',(9.8906938662E-07,-8.165052353543,
    -25.54042564481));
#8135 = CARTESIAN_POINT('',(1.00130433392E-06,-8.51067382365,
    -23.05108631961));
#8136 = ADVANCED_FACE('',(#8137),#8151,.T.);
#8137 = FACE_BOUND('',#8138,.T.);
#8138 = EDGE_LOOP('',(#8139,#8140,#8141,#8142,#8143,#8150));
#8139 = ORIENTED_EDGE('',*,*,#5380,.F.);
#8140 = ORIENTED_EDGE('',*,*,#5927,.T.);
#8141 = ORIENTED_EDGE('',*,*,#5997,.T.);
#8142 = ORIENTED_EDGE('',*,*,#5773,.T.);
#8143 = ORIENTED_EDGE('',*,*,#8144,.T.);
#8144 = EDGE_CURVE('',#5765,#6019,#8145,.T.);
#8145 = B_SPLINE_CURVE_WITH_KNOTS('',3,(#8146,#8147,#8148,#8149),
  .UNSPECIFIED.,.F.,.F.,(4,4),(0.,0.657457333761),
  .PIECEWISE_BEZIER_KNOTS.);
#8146 = CARTESIAN_POINT('',(-6.499998927083,-10.5336352459,
    -30.23108640345));
#8147 = CARTESIAN_POINT('',(-6.499998927083,-10.5336352459,
    -29.40926473624));
#8148 = CARTESIAN_POINT('',(-3.949723067354,-10.53363515562,
    -27.50681770475));
#8149 = CARTESIAN_POINT('',(-2.202566482084,-10.53363509377,
    -25.58944291517));
#8150 = ORIENTED_EDGE('',*,*,#6035,.T.);
#8151 = B_SPLINE_SURFACE_WITH_KNOTS('',3,3,(
    (#8152,#8153,#8154,#8155)
    ,(#8156,#8157,#8158,#8159)
    ,(#8160,#8161,#8162,#8163)
    ,(#8164,#8165,#8166,#8167)
    ,(#8168,#8169,#8170,#8171
  )),.UNSPECIFIED.,.F.,.F.,.F.,(4,1,4),(4,4),(0.119549482832,
    0.496885418761,1.),(0.,0.958171555999),.UNSPECIFIED.);
#8152 = CARTESIAN_POINT('',(-1.213459009872,-4.147907600114,
    -30.23108640345));
#8153 = CARTESIAN_POINT('',(-1.213459009872,-4.147907600114,
    -29.03337195845));
#8154 = CARTESIAN_POINT('',(-0.165244692758,-8.393927084036,
    -25.54042568663));
#8155 = CARTESIAN_POINT('',(-7.755434502903E-02,-8.749135860454,
    -23.05108636432));
#8156 = CARTESIAN_POINT('',(-2.475103995661,-4.387654104975,
    -30.23108640345));
#8157 = CARTESIAN_POINT('',(-2.475103995661,-4.387654104975,
    -29.03337195845));
#8158 = CARTESIAN_POINT('',(-0.337691749124,-8.644310288558,
    -25.54042568663));
#8159 = CARTESIAN_POINT('',(-0.159073981961,-9.000632889333,
    -23.05108636432));
#8160 = CARTESIAN_POINT('',(-5.255545615931,-5.841933155245,
    -30.23108640345));
#8161 = CARTESIAN_POINT('',(-5.255545615931,-5.841933155245,
    -29.03337195845));
#8162 = CARTESIAN_POINT('',(-0.726875545665,-9.302782047194,
    -25.54042568663));
#8163 = CARTESIAN_POINT('',(-0.348452738451,-9.592025356705,
    -23.05108636432));
#8164 = CARTESIAN_POINT('',(-6.499998987698,-8.821339084207,
    -30.23108640345));
#8165 = CARTESIAN_POINT('',(-6.499998987698,-8.821339084208,
    -29.03337195845));
#8166 = CARTESIAN_POINT('',(-0.991764437949,-10.0851303362,
    -25.54042568663));
#8167 = CARTESIAN_POINT('',(-0.529994132528,-10.19119976647,
    -23.05108636432));
#8168 = CARTESIAN_POINT('',(-6.499998927083,-10.5336352459,
    -30.23108640345));
#8169 = CARTESIAN_POINT('',(-6.499998927083,-10.5336352459,
    -29.03337195845));
#8170 = CARTESIAN_POINT('',(-1.083251815799,-10.53363505415,
    -25.54042568663));
#8171 = CARTESIAN_POINT('',(-0.630103609378,-10.5336350381,
    -23.05108636432));
#8172 = ADVANCED_FACE('',(#8173),#8187,.T.);
#8173 = FACE_BOUND('',#8174,.T.);
#8174 = EDGE_LOOP('',(#8175,#8176,#8177,#8178,#8179,#8186));
#8175 = ORIENTED_EDGE('',*,*,#5413,.F.);
#8176 = ORIENTED_EDGE('',*,*,#6100,.T.);
#8177 = ORIENTED_EDGE('',*,*,#6173,.T.);
#8178 = ORIENTED_EDGE('',*,*,#5704,.T.);
#8179 = ORIENTED_EDGE('',*,*,#8180,.T.);
#8180 = EDGE_CURVE('',#5696,#6195,#8181,.T.);
#8181 = B_SPLINE_CURVE_WITH_KNOTS('',3,(#8182,#8183,#8184,#8185),
  .UNSPECIFIED.,.F.,.F.,(4,4),(0.,0.657457333755),
  .PIECEWISE_BEZIER_KNOTS.);
#8182 = CARTESIAN_POINT('',(1.30301604201E-06,-17.0336350158,
    -30.23108640345));
#8183 = CARTESIAN_POINT('',(1.30301604518E-06,-17.0336350158,
    -29.40926473625));
#8184 = CARTESIAN_POINT('',(1.23415886277E-06,-15.08850936011,
    -27.50681770479));
#8185 = CARTESIAN_POINT('',(1.18698581303E-06,-13.75593230355,
    -25.58944291522));
#8186 = ORIENTED_EDGE('',*,*,#6211,.T.);
#8187 = B_SPLINE_SURFACE_WITH_KNOTS('',3,3,(
    (#8188,#8189,#8190,#8191)
    ,(#8192,#8193,#8194,#8195)
    ,(#8196,#8197,#8198,#8199)
    ,(#8200,#8201,#8202,#8203)
    ,(#8204,#8205,#8206,#8207
  )),.UNSPECIFIED.,.F.,.F.,.F.,(4,1,4),(4,4),(7.224128350134E-02,
    0.469852162001,1.),(-5.9E-16,0.958171561736),.UNSPECIFIED.);
#8188 = CARTESIAN_POINT('',(-6.458193928533,-11.26964950156,
    -30.23108640345));
#8189 = CARTESIAN_POINT('',(-6.458193928533,-11.26964950156,
    -29.03337195128));
#8190 = CARTESIAN_POINT('',(-1.040033094604,-10.72656835854,
    -25.54042564481));
#8191 = CARTESIAN_POINT('',(-0.586766682714,-10.68113588642,
    -23.05108631961));
#8192 = CARTESIAN_POINT('',(-6.304964125871,-12.61417187818,
    -30.23108640345));
#8193 = CARTESIAN_POINT('',(-6.304964125871,-12.61417187818,
    -29.03337195128));
#8194 = CARTESIAN_POINT('',(-0.954736375199,-11.07979895634,
    -25.54042564481));
#8195 = CARTESIAN_POINT('',(-0.506868405459,-10.9517176745,
    -23.05108631961));
#8196 = CARTESIAN_POINT('',(-4.939101610478,-15.64371939387,
    -30.23108640345));
#8197 = CARTESIAN_POINT('',(-4.939101610478,-15.64371939387,
    -29.03337195128));
#8198 = CARTESIAN_POINT('',(-0.671927746185,-11.89559282579,
    -25.54042564481));
#8199 = CARTESIAN_POINT('',(-0.315294119835,-11.58252578826,
    -23.05108631961));
#8200 = CARTESIAN_POINT('',(-1.80429962959,-17.03363507967,
    -30.23108640345));
#8201 = CARTESIAN_POINT('',(-1.80429962959,-17.03363507967,
    -29.03337195128));
#8202 = CARTESIAN_POINT('',(-0.245553265834,-12.57886010049,
    -25.54042564481));
#8203 = CARTESIAN_POINT('',(-0.114693843327,-12.2049677017,
    -23.05108631961));
#8204 = CARTESIAN_POINT('',(1.30301604201E-06,-17.0336350158,
    -30.23108640345));
#8205 = CARTESIAN_POINT('',(1.30301604663E-06,-17.0336350158,
    -29.03337195128));
#8206 = CARTESIAN_POINT('',(1.15676443532E-06,-12.90221767806,
    -25.54042564481));
#8207 = CARTESIAN_POINT('',(1.144529471E-06,-12.55659620795,
    -23.05108631961));
#8208 = ADVANCED_FACE('',(#8209),#8221,.T.);
#8209 = FACE_BOUND('',#8210,.T.);
#8210 = EDGE_LOOP('',(#8211,#8212,#8213,#8220));
#8211 = ORIENTED_EDGE('',*,*,#7766,.F.);
#8212 = ORIENTED_EDGE('',*,*,#7801,.T.);
#8213 = ORIENTED_EDGE('',*,*,#8214,.F.);
#8214 = EDGE_CURVE('',#5632,#7794,#8215,.T.);
#8215 = ELLIPSE('',#8216,0.50004475098,0.5);
#8216 = AXIS2_PLACEMENT_3D('',#8217,#8218,#8219);
#8217 = CARTESIAN_POINT('',(-10.84260640368,2.036165050921,
    -29.73108640344));
#8218 = DIRECTION('',(3.539670932E-08,-0.999910506049,1.337833666332E-02
    ));
#8219 = DIRECTION('',(4.7390458E-10,-1.337833666332E-02,-0.999910506049)
  );
#8220 = ORIENTED_EDGE('',*,*,#5631,.T.);
#8221 = CYLINDRICAL_SURFACE('',#8222,0.5);
#8222 = AXIS2_PLACEMENT_3D('',#8223,#8224,#8225);
#8223 = CARTESIAN_POINT('',(-10.84260622681,-2.960243296052,
    -29.73108640344));
#8224 = DIRECTION('',(3.539988278E-08,-1.,-4.E-16));
#8225 = DIRECTION('',(0.754709580223,2.671663093525E-08,-0.656059028991)
  );
#8226 = ADVANCED_FACE('',(#8227),#8243,.F.);
#8227 = FACE_BOUND('',#8228,.T.);
#8228 = EDGE_LOOP('',(#8229,#8230,#8231,#8232,#8233,#8234,#8241,#8242));
#8229 = ORIENTED_EDGE('',*,*,#7793,.F.);
#8230 = ORIENTED_EDGE('',*,*,#7816,.F.);
#8231 = ORIENTED_EDGE('',*,*,#7848,.F.);
#8232 = ORIENTED_EDGE('',*,*,#7865,.F.);
#8233 = ORIENTED_EDGE('',*,*,#7898,.F.);
#8234 = ORIENTED_EDGE('',*,*,#8235,.T.);
#8235 = EDGE_CURVE('',#7891,#5640,#8236,.T.);
#8236 = ELLIPSE('',#8237,0.50004475098,0.5);
#8237 = AXIS2_PLACEMENT_3D('',#8238,#8239,#8240);
#8238 = CARTESIAN_POINT('',(4.39721679996,2.036165590408,-29.73108640344
    ));
#8239 = DIRECTION('',(3.539670932E-08,-0.999910506049,1.337833666332E-02
    ));
#8240 = DIRECTION('',(4.7323552E-10,-1.337833666332E-02,-0.999910506049)
  );
#8241 = ORIENTED_EDGE('',*,*,#5639,.F.);
#8242 = ORIENTED_EDGE('',*,*,#8214,.T.);
#8243 = PLANE('',#8244);
#8244 = AXIS2_PLACEMENT_3D('',#8245,#8246,#8247);
#8245 = CARTESIAN_POINT('',(10.250000283377,1.882230634756,
    -41.23635723375));
#8246 = DIRECTION('',(3.539670932E-08,-0.999910506049,1.337833666332E-02
    ));
#8247 = DIRECTION('',(-4.7356414E-10,1.337833666332E-02,0.999910506049)
  );
#8248 = ADVANCED_FACE('',(#8249),#8255,.T.);
#8249 = FACE_BOUND('',#8250,.T.);
#8250 = EDGE_LOOP('',(#8251,#8252,#8253,#8254));
#8251 = ORIENTED_EDGE('',*,*,#7318,.F.);
#8252 = ORIENTED_EDGE('',*,*,#5647,.T.);
#8253 = ORIENTED_EDGE('',*,*,#8235,.F.);
#8254 = ORIENTED_EDGE('',*,*,#7890,.T.);
#8255 = CYLINDRICAL_SURFACE('',#8256,0.5);
#8256 = AXIS2_PLACEMENT_3D('',#8257,#8258,#8259);
#8257 = CARTESIAN_POINT('',(4.397216976832,-2.960242756565,
    -29.73108640344));
#8258 = DIRECTION('',(-3.539987776E-08,1.,4.E-16));
#8259 = DIRECTION('',(-0.754709580223,-2.671662662178E-08,-0.65605902899
    ));
#8260 = ADVANCED_FACE('',(#8261),#8266,.T.);
#8261 = FACE_BOUND('',#8262,.T.);
#8262 = EDGE_LOOP('',(#8263,#8264,#8265));
#8263 = ORIENTED_EDGE('',*,*,#6194,.T.);
#8264 = ORIENTED_EDGE('',*,*,#8180,.F.);
#8265 = ORIENTED_EDGE('',*,*,#5695,.T.);
#8266 = B_SPLINE_SURFACE_WITH_KNOTS('',3,3,(
    (#8267,#8268,#8269,#8270)
    ,(#8271,#8272,#8273,#8274)
    ,(#8275,#8276,#8277,#8278)
    ,(#8279,#8280,#8281,#8282
    )),.UNSPECIFIED.,.F.,.F.,.F.,(4,4),(4,4),(0.,0.384987187329),(0.,
    0.657457333755),.PIECEWISE_BEZIER_KNOTS.);
#8267 = CARTESIAN_POINT('',(1.30301604346E-06,-17.0336350158,
    -30.23108640345));
#8268 = CARTESIAN_POINT('',(1.30301604662E-06,-17.0336350158,
    -29.40926473625));
#8269 = CARTESIAN_POINT('',(1.23415886366E-06,-15.08850936011,
    -27.50681770479));
#8270 = CARTESIAN_POINT('',(1.18698581354E-06,-13.75593230355,
    -25.58944291523));
#8271 = CARTESIAN_POINT('',(1.310263632407,-17.03363496941,
    -30.23108640345));
#8272 = CARTESIAN_POINT('',(1.310263632407,-17.03363496941,
    -29.40926473625));
#8273 = CARTESIAN_POINT('',(0.777376847446,-14.97830736221,
    -27.50681770479));
#8274 = CARTESIAN_POINT('',(0.411980025052,-13.56898805962,
    -25.58944291523));
#8275 = CARTESIAN_POINT('',(2.617655825657,-16.62581614962,
    -30.23108640345));
#8276 = CARTESIAN_POINT('',(2.617655825657,-16.62581614962,
    -29.40926473625));
#8277 = CARTESIAN_POINT('',(1.553000273852,-14.63580607884,
    -27.50681770479));
#8278 = CARTESIAN_POINT('',(0.823179272091,-13.27127141999,
    -25.58944291523));
#8279 = CARTESIAN_POINT('',(3.695545673703,-15.88087263008,
    -30.23108640345));
#8280 = CARTESIAN_POINT('',(3.695545673703,-15.88087263008,
    -29.40926473625));
#8281 = CARTESIAN_POINT('',(2.197992461055,-14.10120714442,
    -27.50681770479));
#8282 = CARTESIAN_POINT('',(1.172040720446,-12.88198442345,
    -25.58944291523));
#8283 = ADVANCED_FACE('',(#8284),#8289,.T.);
#8284 = FACE_BOUND('',#8285,.T.);
#8285 = EDGE_LOOP('',(#8286,#8287,#8288));
#8286 = ORIENTED_EDGE('',*,*,#5842,.T.);
#8287 = ORIENTED_EDGE('',*,*,#8108,.F.);
#8288 = ORIENTED_EDGE('',*,*,#5734,.T.);
#8289 = B_SPLINE_SURFACE_WITH_KNOTS('',3,3,(
    (#8290,#8291,#8292,#8293)
    ,(#8294,#8295,#8296,#8297)
    ,(#8298,#8299,#8300,#8301)
    ,(#8302,#8303,#8304,#8305
    )),.UNSPECIFIED.,.F.,.F.,.F.,(4,4),(4,4),(0.,0.384987187329),(0.,
    0.657457333755),.PIECEWISE_BEZIER_KNOTS.);
#8290 = CARTESIAN_POINT('',(8.4281770031E-07,-4.033635015802,
    -30.23108640345));
#8291 = CARTESIAN_POINT('',(8.4281770348E-07,-4.033635015802,
    -29.40926473625));
#8292 = CARTESIAN_POINT('',(9.1167492083E-07,-5.978760671491,
    -27.50681770479));
#8293 = CARTESIAN_POINT('',(9.5884798644E-07,-7.311337728052,
    -25.58944291522));
#8294 = CARTESIAN_POINT('',(-1.310261486573,-4.033635062186,
    -30.23108640345));
#8295 = CARTESIAN_POINT('',(-1.310261486573,-4.033635062186,
    -29.40926473625));
#8296 = CARTESIAN_POINT('',(-0.777374701612,-6.08896266939,
    -27.50681770479));
#8297 = CARTESIAN_POINT('',(-0.411977879217,-7.498281971983,
    -25.58944291522));
#8298 = CARTESIAN_POINT('',(-2.617653679825,-4.441453881982,
    -30.23108640345));
#8299 = CARTESIAN_POINT('',(-2.617653679825,-4.441453881982,
    -29.40926473625));
#8300 = CARTESIAN_POINT('',(-1.552998128017,-6.431463952767,
    -27.50681770479));
#8301 = CARTESIAN_POINT('',(-0.823177126256,-7.795998611611,
    -25.58944291522));
#8302 = CARTESIAN_POINT('',(-3.695543527871,-5.18639740152,
    -30.23108640345));
#8303 = CARTESIAN_POINT('',(-3.695543527871,-5.18639740152,
    -29.40926473625));
#8304 = CARTESIAN_POINT('',(-2.197990315221,-6.966062887187,
    -27.50681770479));
#8305 = CARTESIAN_POINT('',(-1.172038574611,-8.185285608155,
    -25.58944291522));
#8306 = ADVANCED_FACE('',(#8307),#8312,.T.);
#8307 = FACE_BOUND('',#8308,.T.);
#8308 = EDGE_LOOP('',(#8309,#8310,#8311));
#8309 = ORIENTED_EDGE('',*,*,#6018,.T.);
#8310 = ORIENTED_EDGE('',*,*,#8144,.F.);
#8311 = ORIENTED_EDGE('',*,*,#5764,.T.);
#8312 = B_SPLINE_SURFACE_WITH_KNOTS('',3,3,(
    (#8313,#8314,#8315,#8316)
    ,(#8317,#8318,#8319,#8320)
    ,(#8321,#8322,#8323,#8324)
    ,(#8325,#8326,#8327,#8328
    )),.UNSPECIFIED.,.F.,.F.,.F.,(4,4),(4,4),(0.,0.384987187329),(0.,
    0.657457333755),.PIECEWISE_BEZIER_KNOTS.);
#8313 = CARTESIAN_POINT('',(-6.499998927083,-10.5336352459,
    -30.23108640345));
#8314 = CARTESIAN_POINT('',(-6.499998927083,-10.5336352459,
    -29.40926473625));
#8315 = CARTESIAN_POINT('',(-3.949723067404,-10.53363515562,
    -27.50681770479));
#8316 = CARTESIAN_POINT('',(-2.202566482135,-10.53363509377,
    -25.58944291523));
#8317 = CARTESIAN_POINT('',(-6.4999988807,-11.84389757529,
    -30.23108640345));
#8318 = CARTESIAN_POINT('',(-6.4999988807,-11.84389757529,
    -29.40926473625));
#8319 = CARTESIAN_POINT('',(-3.917179425071,-11.38866912997,
    -27.50681770479));
#8320 = CARTESIAN_POINT('',(-2.146483194115,-11.07647489701,
    -25.58944291523));
#8321 = CARTESIAN_POINT('',(-6.092180060903,-13.15128976854,
    -30.23108640345));
#8322 = CARTESIAN_POINT('',(-6.092180060903,-13.15128976854,
    -29.40926473625));
#8323 = CARTESIAN_POINT('',(-3.652336497261,-12.24195091744,
    -27.50681770479));
#8324 = CARTESIAN_POINT('',(-1.979627510398,-11.61853510922,
    -25.58944291523));
#8325 = CARTESIAN_POINT('',(-5.347236541365,-14.22917961658,
    -30.23108640345));
#8326 = CARTESIAN_POINT('',(-5.347236541365,-14.22917961658,
    -29.40926473625));
#8327 = CARTESIAN_POINT('',(-3.195395918407,-12.96460146571,
    -27.50681770479));
#8328 = CARTESIAN_POINT('',(-1.721201469763,-12.09825752275,
    -25.58944291523));
#8329 = ADVANCED_FACE('',(#8330),#8349,.F.);
#8330 = FACE_BOUND('',#8331,.F.);
#8331 = EDGE_LOOP('',(#8332,#8340,#8347,#8348));
#8332 = ORIENTED_EDGE('',*,*,#8333,.T.);
#8333 = EDGE_CURVE('',#5792,#8334,#8336,.T.);
#8334 = VERTEX_POINT('',#8335);
#8335 = CARTESIAN_POINT('',(-8.849998923097,-20.53363532909,
    -24.23082402724));
#8336 = LINE('',#8337,#8338);
#8337 = CARTESIAN_POINT('',(-8.849998923097,-20.53363532909,
    -30.23108640344));
#8338 = VECTOR('',#8339,1.);
#8339 = DIRECTION('',(-4.4E-16,-3.9E-16,1.));
#8340 = ORIENTED_EDGE('',*,*,#8341,.F.);
#8341 = EDGE_CURVE('',#8334,#8334,#8342,.T.);
#8342 = CIRCLE('',#8343,1.15);
#8343 = AXIS2_PLACEMENT_3D('',#8344,#8345,#8346);
#8344 = CARTESIAN_POINT('',(-9.999998923097,-20.5336353698,
    -24.23082402724));
#8345 = DIRECTION('',(2.644E-14,1.746E-14,1.));
#8346 = DIRECTION('',(-1.,-3.53998909E-08,2.644000061808E-14));
#8347 = ORIENTED_EDGE('',*,*,#8333,.F.);
#8348 = ORIENTED_EDGE('',*,*,#5791,.T.);
#8349 = CYLINDRICAL_SURFACE('',#8350,1.15);
#8350 = AXIS2_PLACEMENT_3D('',#8351,#8352,#8353);
#8351 = CARTESIAN_POINT('',(-9.999998923097,-20.5336353698,
    -30.23108640344));
#8352 = DIRECTION('',(-4.4E-16,-3.9E-16,1.));
#8353 = DIRECTION('',(-1.,-3.53998909E-08,-4.40000013806E-16));
#8354 = ADVANCED_FACE('',(#8355),#8374,.F.);
#8355 = FACE_BOUND('',#8356,.F.);
#8356 = EDGE_LOOP('',(#8357,#8365,#8372,#8373));
#8357 = ORIENTED_EDGE('',*,*,#8358,.T.);
#8358 = EDGE_CURVE('',#5803,#8359,#8361,.T.);
#8359 = VERTEX_POINT('',#8360);
#8360 = CARTESIAN_POINT('',(11.150001076896,-20.53363462109,
    -24.23082402724));
#8361 = LINE('',#8362,#8363);
#8362 = CARTESIAN_POINT('',(11.150001076896,-20.53363462109,
    -30.23108640344));
#8363 = VECTOR('',#8364,1.);
#8364 = DIRECTION('',(-3.3E-16,-3.9E-16,1.));
#8365 = ORIENTED_EDGE('',*,*,#8366,.F.);
#8366 = EDGE_CURVE('',#8359,#8359,#8367,.T.);
#8367 = CIRCLE('',#8368,1.15);
#8368 = AXIS2_PLACEMENT_3D('',#8369,#8370,#8371);
#8369 = CARTESIAN_POINT('',(10.000001076903,-20.5336346618,
    -24.23082402724));
#8370 = DIRECTION('',(2.644E-14,1.746E-14,1.));
#8371 = DIRECTION('',(-1.,-3.53998909E-08,2.644000061808E-14));
#8372 = ORIENTED_EDGE('',*,*,#8358,.F.);
#8373 = ORIENTED_EDGE('',*,*,#5802,.T.);
#8374 = CYLINDRICAL_SURFACE('',#8375,1.15);
#8375 = AXIS2_PLACEMENT_3D('',#8376,#8377,#8378);
#8376 = CARTESIAN_POINT('',(10.000001076903,-20.5336346618,
    -30.23108640344));
#8377 = DIRECTION('',(-3.3E-16,-3.9E-16,1.));
#8378 = DIRECTION('',(-1.,-3.53998909E-08,-3.30000013806E-16));
#8379 = ADVANCED_FACE('',(#8380),#8399,.F.);
#8380 = FACE_BOUND('',#8381,.F.);
#8381 = EDGE_LOOP('',(#8382,#8390,#8397,#8398));
#8382 = ORIENTED_EDGE('',*,*,#8383,.T.);
#8383 = EDGE_CURVE('',#5814,#8384,#8386,.T.);
#8384 = VERTEX_POINT('',#8385);
#8385 = CARTESIAN_POINT('',(11.150000368898,-0.533634621095,
    -24.23082402724));
#8386 = LINE('',#8387,#8388);
#8387 = CARTESIAN_POINT('',(11.150000368898,-0.533634621095,
    -30.23108640344));
#8388 = VECTOR('',#8389,1.);
#8389 = DIRECTION('',(-3.3E-16,-3.9E-16,1.));
#8390 = ORIENTED_EDGE('',*,*,#8391,.F.);
#8391 = EDGE_CURVE('',#8384,#8384,#8392,.T.);
#8392 = CIRCLE('',#8393,1.15);
#8393 = AXIS2_PLACEMENT_3D('',#8394,#8395,#8396);
#8394 = CARTESIAN_POINT('',(10.000000368905,-0.533634661805,
    -24.23082402724));
#8395 = DIRECTION('',(2.644E-14,1.746E-14,1.));
#8396 = DIRECTION('',(-1.,-3.53998909E-08,2.644000061808E-14));
#8397 = ORIENTED_EDGE('',*,*,#8383,.F.);
#8398 = ORIENTED_EDGE('',*,*,#5813,.T.);
#8399 = CYLINDRICAL_SURFACE('',#8400,1.15);
#8400 = AXIS2_PLACEMENT_3D('',#8401,#8402,#8403);
#8401 = CARTESIAN_POINT('',(10.000000368905,-0.533634661805,
    -30.23108640344));
#8402 = DIRECTION('',(-3.3E-16,-3.9E-16,1.));
#8403 = DIRECTION('',(-1.,-3.53998909E-08,-3.30000013806E-16));
#8404 = ADVANCED_FACE('',(#8405),#8424,.F.);
#8405 = FACE_BOUND('',#8406,.F.);
#8406 = EDGE_LOOP('',(#8407,#8415,#8422,#8423));
#8407 = ORIENTED_EDGE('',*,*,#8408,.T.);
#8408 = EDGE_CURVE('',#5825,#8409,#8411,.T.);
#8409 = VERTEX_POINT('',#8410);
#8410 = CARTESIAN_POINT('',(-8.849999631095,-0.533635329092,
    -24.23082402724));
#8411 = LINE('',#8412,#8413);
#8412 = CARTESIAN_POINT('',(-8.849999631095,-0.533635329092,
    -30.23108640344));
#8413 = VECTOR('',#8414,1.);
#8414 = DIRECTION('',(-4.4E-16,-3.9E-16,1.));
#8415 = ORIENTED_EDGE('',*,*,#8416,.F.);
#8416 = EDGE_CURVE('',#8409,#8409,#8417,.T.);
#8417 = CIRCLE('',#8418,1.15);
#8418 = AXIS2_PLACEMENT_3D('',#8419,#8420,#8421);
#8419 = CARTESIAN_POINT('',(-9.999999631096,-0.533635369802,
    -24.23082402724));
#8420 = DIRECTION('',(2.644E-14,1.746E-14,1.));
#8421 = DIRECTION('',(-1.,-3.53998909E-08,2.644000061808E-14));
#8422 = ORIENTED_EDGE('',*,*,#8408,.F.);
#8423 = ORIENTED_EDGE('',*,*,#5824,.T.);
#8424 = CYLINDRICAL_SURFACE('',#8425,1.15);
#8425 = AXIS2_PLACEMENT_3D('',#8426,#8427,#8428);
#8426 = CARTESIAN_POINT('',(-9.999999631096,-0.533635369802,
    -30.23108640344));
#8427 = DIRECTION('',(-4.4E-16,-3.9E-16,1.));
#8428 = DIRECTION('',(-1.,-3.53998909E-08,-4.40000013806E-16));
#8429 = ADVANCED_FACE('',(#8430),#8465,.F.);
#8430 = FACE_BOUND('',#8431,.T.);
#8431 = EDGE_LOOP('',(#8432,#8442,#8448,#8449,#8450,#8451,#8459));
#8432 = ORIENTED_EDGE('',*,*,#8433,.F.);
#8433 = EDGE_CURVE('',#8434,#8436,#8438,.T.);
#8434 = VERTEX_POINT('',#8435);
#8435 = CARTESIAN_POINT('',(-15.95723520312,-24.39716402944,
    4.032213383373));
#8436 = VERTEX_POINT('',#8437);
#8437 = CARTESIAN_POINT('',(-20.96006392249,-24.39716420654,
    4.032213383372));
#8438 = LINE('',#8439,#8440);
#8439 = CARTESIAN_POINT('',(168.42273444398,-24.3971575024,4.03221338338
    ));
#8440 = VECTOR('',#8441,1.);
#8441 = DIRECTION('',(-1.,-3.539990153E-08,-4.286E-14));
#8442 = ORIENTED_EDGE('',*,*,#8443,.F.);
#8443 = EDGE_CURVE('',#6444,#8434,#8444,.T.);
#8444 = LINE('',#8445,#8446);
#8445 = CARTESIAN_POINT('',(94.806531964956,12.887098293947,
    -75.56869782258));
#8446 = VECTOR('',#8447,1.);
#8447 = DIRECTION('',(-0.783315375154,-0.263672288112,0.562933341995));
#8448 = ORIENTED_EDGE('',*,*,#6443,.T.);
#8449 = ORIENTED_EDGE('',*,*,#6393,.F.);
#8450 = ORIENTED_EDGE('',*,*,#7095,.F.);
#8451 = ORIENTED_EDGE('',*,*,#8452,.F.);
#8452 = EDGE_CURVE('',#8453,#7087,#8455,.T.);
#8453 = VERTEX_POINT('',#8454);
#8454 = CARTESIAN_POINT('',(-18.85817972868,-22.95628673966,
    0.955978041924));
#8455 = LINE('',#8456,#8457);
#8456 = CARTESIAN_POINT('',(94.766937041004,-70.80749557738,
    103.11705913045));
#8457 = VECTOR('',#8458,1.);
#8458 = DIRECTION('',(-0.709640296998,0.298852463405,-0.638042203928));
#8459 = ORIENTED_EDGE('',*,*,#8460,.T.);
#8460 = EDGE_CURVE('',#8453,#8436,#8461,.T.);
#8461 = LINE('',#8462,#8463);
#8462 = CARTESIAN_POINT('',(91.654433538284,52.801994678323,
    -160.785952179));
#8463 = VECTOR('',#8464,1.);
#8464 = DIRECTION('',(-0.526174142959,-0.360701349998,0.77008785693));
#8465 = PLANE('',#8466);
#8466 = AXIS2_PLACEMENT_3D('',#8467,#8468,#8469);
#8467 = CARTESIAN_POINT('',(336.84546756472,-21.30231675882,
    -2.575177488541));
#8468 = DIRECTION('',(3.205761106E-08,-0.905584238874,-0.424166460606));
#8469 = DIRECTION('',(1.,3.539991925607E-08,5.008158376442E-15));
#8470 = ADVANCED_FACE('',(#8471),#8490,.F.);
#8471 = FACE_BOUND('',#8472,.T.);
#8472 = EDGE_LOOP('',(#8473,#8474,#8482,#8488,#8489));
#8473 = ORIENTED_EDGE('',*,*,#6483,.T.);
#8474 = ORIENTED_EDGE('',*,*,#8475,.T.);
#8475 = EDGE_CURVE('',#6476,#8476,#8478,.T.);
#8476 = VERTEX_POINT('',#8477);
#8477 = CARTESIAN_POINT('',(-21.3550420236,-29.21194349365,
    -4.14058884647));
#8478 = LINE('',#8479,#8480);
#8479 = CARTESIAN_POINT('',(-18.92672992041,-28.87792144873,
    -3.541437743861));
#8480 = VECTOR('',#8481,1.);
#8481 = DIRECTION('',(-0.962339850249,-0.132372903905,-0.237443523674));
#8482 = ORIENTED_EDGE('',*,*,#8483,.T.);
#8483 = EDGE_CURVE('',#8476,#7012,#8484,.T.);
#8484 = LINE('',#8485,#8486);
#8485 = CARTESIAN_POINT('',(-21.25632515286,-29.05798294902,
    -4.456701367325));
#8486 = VECTOR('',#8487,1.);
#8487 = DIRECTION('',(0.270304043702,0.421570877129,-0.865571325493));
#8488 = ORIENTED_EDGE('',*,*,#7021,.F.);
#8489 = ORIENTED_EDGE('',*,*,#6562,.F.);
#8490 = PLANE('',#8491);
#8491 = AXIS2_PLACEMENT_3D('',#8492,#8493,#8494);
#8492 = CARTESIAN_POINT('',(-17.62618742272,-26.67939627619,
    -8.118783988413));
#8493 = DIRECTION('',(-0.215997919085,0.902674018747,0.372188816099));
#8494 = DIRECTION('',(-0.972587062294,-0.232538592606,
    -4.573906463051E-04));
#8495 = ADVANCED_FACE('',(#8496,#8538),#8549,.F.);
#8496 = FACE_BOUND('',#8497,.F.);
#8497 = EDGE_LOOP('',(#8498,#8499,#8500,#8508,#8516,#8524,#8532));
#8498 = ORIENTED_EDGE('',*,*,#6475,.T.);
#8499 = ORIENTED_EDGE('',*,*,#8475,.T.);
#8500 = ORIENTED_EDGE('',*,*,#8501,.F.);
#8501 = EDGE_CURVE('',#8502,#8476,#8504,.T.);
#8502 = VERTEX_POINT('',#8503);
#8503 = CARTESIAN_POINT('',(-22.18433314667,-32.57297493603,
    -1.485021174819));
#8504 = LINE('',#8505,#8506);
#8505 = CARTESIAN_POINT('',(-21.65058134728,-30.4097341471,
    -3.194208676917));
#8506 = VECTOR('',#8507,1.);
#8507 = DIRECTION('',(0.190070983889,0.770338021547,-0.608647971854));
#8508 = ORIENTED_EDGE('',*,*,#8509,.F.);
#8509 = EDGE_CURVE('',#8510,#8502,#8512,.T.);
#8510 = VERTEX_POINT('',#8511);
#8511 = CARTESIAN_POINT('',(-20.9135870446,-34.24078146084,
    0.451629097349));
#8512 = LINE('',#8513,#8514);
#8513 = CARTESIAN_POINT('',(-25.10043502473,-28.74570076122,
    -5.929236653099));
#8514 = VECTOR('',#8515,1.);
#8515 = DIRECTION('',(-0.445205205469,0.584315108537,-0.678504369152));
#8516 = ORIENTED_EDGE('',*,*,#8517,.F.);
#8517 = EDGE_CURVE('',#8518,#8510,#8520,.T.);
#8518 = VERTEX_POINT('',#8519);
#8519 = CARTESIAN_POINT('',(-17.98054402783,-34.24078135701,
    1.530705911478));
#8520 = LINE('',#8521,#8522);
#8521 = CARTESIAN_POINT('',(-15.67443910726,-34.24078127537,
    2.379130000901));
#8522 = VECTOR('',#8523,1.);
#8523 = DIRECTION('',(-0.938500580958,-3.322279904E-08,-0.345277655722)
  );
#8524 = ORIENTED_EDGE('',*,*,#8525,.F.);
#8525 = EDGE_CURVE('',#8526,#8518,#8528,.T.);
#8526 = VERTEX_POINT('',#8527);
#8527 = CARTESIAN_POINT('',(-17.97927432201,-34.23967070414,
    1.530194688263));
#8528 = LINE('',#8529,#8530);
#8529 = CARTESIAN_POINT('',(-15.11391932668,-31.73325174504,
    0.376513287159));
#8530 = VECTOR('',#8531,1.);
#8531 = DIRECTION('',(-0.720325618864,-0.630092184314,0.290025588654));
#8532 = ORIENTED_EDGE('',*,*,#8533,.F.);
#8533 = EDGE_CURVE('',#6468,#8526,#8534,.T.);
#8534 = LINE('',#8535,#8536);
#8535 = CARTESIAN_POINT('',(-13.83449876859,-26.97148373733,
    -3.347332055822));
#8536 = VECTOR('',#8537,1.);
#8537 = DIRECTION('',(-0.427965657992,-0.750471135909,0.503625326753));
#8538 = FACE_BOUND('',#8539,.T.);
#8539 = EDGE_LOOP('',(#8540));
#8540 = ORIENTED_EDGE('',*,*,#8541,.F.);
#8541 = EDGE_CURVE('',#8542,#8542,#8544,.T.);
#8542 = VERTEX_POINT('',#8543);
#8543 = CARTESIAN_POINT('',(-17.79837004192,-31.5257454231,
    -0.793893908402));
#8544 = ELLIPSE('',#8545,2.225084862488,1.7);
#8545 = AXIS2_PLACEMENT_3D('',#8546,#8547,#8548);
#8546 = CARTESIAN_POINT('',(-19.158913144,-30.83917316953,
    -1.899230656416));
#8547 = DIRECTION('',(0.266114866251,-0.63716539211,-0.723327824059));
#8548 = DIRECTION('',(-5.350825134759E-03,0.749397749061,-0.662098468789
    ));
#8549 = PLANE('',#8550);
#8550 = AXIS2_PLACEMENT_3D('',#8551,#8552,#8553);
#8551 = CARTESIAN_POINT('',(-19.38997495731,-29.27563216254,
    -3.361531935531));
#8552 = DIRECTION('',(-0.266114866251,0.63716539211,0.723327824059));
#8553 = DIRECTION('',(-0.18242762902,-0.770114976754,0.611263513347));
#8554 = ADVANCED_FACE('',(#8555),#8581,.T.);
#8555 = FACE_BOUND('',#8556,.T.);
#8556 = EDGE_LOOP('',(#8557,#8565,#8566,#8567,#8575));
#8557 = ORIENTED_EDGE('',*,*,#8558,.F.);
#8558 = EDGE_CURVE('',#8526,#8559,#8561,.T.);
#8559 = VERTEX_POINT('',#8560);
#8560 = CARTESIAN_POINT('',(-18.58399891802,-34.23967072555,
    3.986116155634));
#8561 = LINE('',#8562,#8563);
#8562 = CARTESIAN_POINT('',(-14.94456330207,-34.23967059671,
    -10.7944436518));
#8563 = VECTOR('',#8564,1.);
#8564 = DIRECTION('',(-0.239089905319,-8.46374225E-09,0.970997434175));
#8565 = ORIENTED_EDGE('',*,*,#8533,.F.);
#8566 = ORIENTED_EDGE('',*,*,#6467,.F.);
#8567 = ORIENTED_EDGE('',*,*,#8568,.F.);
#8568 = EDGE_CURVE('',#8569,#6460,#8571,.T.);
#8569 = VERTEX_POINT('',#8570);
#8570 = CARTESIAN_POINT('',(-18.58218502109,-34.22824754099,
    3.997539340123));
#8571 = LINE('',#8572,#8573);
#8572 = CARTESIAN_POINT('',(-14.26930349823,-23.57973751785,
    3.997539340123));
#8573 = VECTOR('',#8574,1.);
#8574 = DIRECTION('',(0.375399937368,0.926862927851,-1.5E-16));
#8575 = ORIENTED_EDGE('',*,*,#8576,.F.);
#8576 = EDGE_CURVE('',#8559,#8569,#8577,.T.);
#8577 = LINE('',#8578,#8579);
#8578 = CARTESIAN_POINT('',(-18.84454063462,-35.88045641379,
    2.345330476609));
#8579 = VECTOR('',#8580,1.);
#8580 = DIRECTION('',(0.111580909033,0.70269115061,0.70269114666));
#8581 = PLANE('',#8582);
#8582 = AXIS2_PLACEMENT_3D('',#8583,#8584,#8585);
#8583 = CARTESIAN_POINT('',(-12.22593070223,-28.52568866354,
    -12.43657418042));
#8584 = DIRECTION('',(0.903628629552,-0.365989533884,0.222501597617));
#8585 = DIRECTION('',(-0.239089905319,-8.463570913553E-09,0.970997434175
    ));
#8586 = ADVANCED_FACE('',(#8587),#8613,.T.);
#8587 = FACE_BOUND('',#8588,.T.);
#8588 = EDGE_LOOP('',(#8589,#8590,#8591,#8599,#8607));
#8589 = ORIENTED_EDGE('',*,*,#8568,.T.);
#8590 = ORIENTED_EDGE('',*,*,#6459,.T.);
#8591 = ORIENTED_EDGE('',*,*,#8592,.T.);
#8592 = EDGE_CURVE('',#6452,#8593,#8595,.T.);
#8593 = VERTEX_POINT('',#8594);
#8594 = CARTESIAN_POINT('',(-17.6870437629,-30.38987703854,4.48500550281
    ));
#8595 = LINE('',#8596,#8597);
#8596 = CARTESIAN_POINT('',(-17.07684182092,-30.50396608476,
    3.999810765571));
#8597 = VECTOR('',#8598,1.);
#8598 = DIRECTION('',(-0.774472315155,0.144802567271,0.615812349316));
#8599 = ORIENTED_EDGE('',*,*,#8600,.T.);
#8600 = EDGE_CURVE('',#8593,#8601,#8603,.T.);
#8601 = VERTEX_POINT('',#8602);
#8602 = CARTESIAN_POINT('',(-19.04423396613,-33.74078139466,
    4.485005502809));
#8603 = LINE('',#8604,#8605);
#8604 = CARTESIAN_POINT('',(-14.83584920326,-23.35027400626,
    4.485005502809));
#8605 = VECTOR('',#8606,1.);
#8606 = DIRECTION('',(-0.375399937368,-0.926862927851,1.5E-16));
#8607 = ORIENTED_EDGE('',*,*,#8608,.T.);
#8608 = EDGE_CURVE('',#8601,#8569,#8609,.T.);
#8609 = LINE('',#8610,#8611);
#8610 = CARTESIAN_POINT('',(-17.34114895791,-35.53755269941,
    2.688234137776));
#8611 = VECTOR('',#8612,1.);
#8612 = DIRECTION('',(0.556751858889,-0.587378644688,-0.587378664397));
#8613 = PLANE('',#8614);
#8614 = AXIS2_PLACEMENT_3D('',#8615,#8616,#8617);
#8615 = CARTESIAN_POINT('',(-14.55257635074,-23.46500576206,
    4.241272421466));
#8616 = DIRECTION('',(0.57789676941,-0.234060943127,0.781825299417));
#8617 = DIRECTION('',(0.375399937368,0.926862927851,-5.892508703198E-14)
  );
#8618 = ADVANCED_FACE('',(#8619),#8638,.T.);
#8619 = FACE_BOUND('',#8620,.T.);
#8620 = EDGE_LOOP('',(#8621,#8629,#8630,#8631,#8632));
#8621 = ORIENTED_EDGE('',*,*,#8622,.T.);
#8622 = EDGE_CURVE('',#8623,#8593,#8625,.T.);
#8623 = VERTEX_POINT('',#8624);
#8624 = CARTESIAN_POINT('',(-16.68241433136,-25.10924728541,
    4.485005502809));
#8625 = LINE('',#8626,#8627);
#8626 = CARTESIAN_POINT('',(-15.49913298345,-18.88957016279,
    4.485005502809));
#8627 = VECTOR('',#8628,1.);
#8628 = DIRECTION('',(-0.186895814767,-0.982379740438,9.2E-15));
#8629 = ORIENTED_EDGE('',*,*,#8592,.F.);
#8630 = ORIENTED_EDGE('',*,*,#6451,.T.);
#8631 = ORIENTED_EDGE('',*,*,#8443,.T.);
#8632 = ORIENTED_EDGE('',*,*,#8633,.F.);
#8633 = EDGE_CURVE('',#8623,#8434,#8634,.T.);
#8634 = LINE('',#8635,#8636);
#8635 = CARTESIAN_POINT('',(-16.68241433136,-25.10924728541,
    4.485005502809));
#8636 = VECTOR('',#8637,1.);
#8637 = DIRECTION('',(0.651764317779,0.639994229648,-0.406952896643));
#8638 = PLANE('',#8639);
#8639 = AXIS2_PLACEMENT_3D('',#8640,#8641,#8642);
#8640 = CARTESIAN_POINT('',(-15.19421567699,-18.94758008104,
    4.24240813419));
#8641 = DIRECTION('',(0.604963458122,-0.115093108862,0.787891357123));
#8642 = DIRECTION('',(0.186895814767,0.982379740438,3.668593206996E-13)
  );
#8643 = ADVANCED_FACE('',(#8644),#8663,.T.);
#8644 = FACE_BOUND('',#8645,.T.);
#8645 = EDGE_LOOP('',(#8646,#8647,#8648,#8649,#8657));
#8646 = ORIENTED_EDGE('',*,*,#7954,.T.);
#8647 = ORIENTED_EDGE('',*,*,#7994,.F.);
#8648 = ORIENTED_EDGE('',*,*,#6597,.T.);
#8649 = ORIENTED_EDGE('',*,*,#8650,.F.);
#8650 = EDGE_CURVE('',#8651,#6600,#8653,.T.);
#8651 = VERTEX_POINT('',#8652);
#8652 = CARTESIAN_POINT('',(13.936062025663,7.913142865562,
    3.999506785722));
#8653 = LINE('',#8654,#8655);
#8654 = CARTESIAN_POINT('',(13.936062025663,7.913142865562,
    3.999506785722));
#8655 = VECTOR('',#8656,1.);
#8656 = DIRECTION('',(0.762615087104,-0.247539733237,0.597613846384));
#8657 = ORIENTED_EDGE('',*,*,#8658,.T.);
#8658 = EDGE_CURVE('',#8651,#7955,#8659,.T.);
#8659 = LINE('',#8660,#8661);
#8660 = CARTESIAN_POINT('',(17.766821973341,-14.0885798561,
    19.557074215884));
#8661 = VECTOR('',#8662,1.);
#8662 = DIRECTION('',(-0.140746577499,0.808368891408,-0.571603128338));
#8663 = PLANE('',#8664);
#8664 = AXIS2_PLACEMENT_3D('',#8665,#8666,#8667);
#8665 = CARTESIAN_POINT('',(-81.3714750501,-85.02553816628,
    4.238604152296));
#8666 = DIRECTION('',(-0.449023750538,0.4624355358,0.764546301202));
#8667 = DIRECTION('',(-0.717433929843,-0.69662655441,-6.110112416025E-13
    ));
#8668 = ADVANCED_FACE('',(#8669),#8688,.F.);
#8669 = FACE_BOUND('',#8670,.T.);
#8670 = EDGE_LOOP('',(#8671,#8672,#8673,#8674,#8682));
#8671 = ORIENTED_EDGE('',*,*,#6615,.F.);
#8672 = ORIENTED_EDGE('',*,*,#7987,.T.);
#8673 = ORIENTED_EDGE('',*,*,#8009,.F.);
#8674 = ORIENTED_EDGE('',*,*,#8675,.F.);
#8675 = EDGE_CURVE('',#8676,#8010,#8678,.T.);
#8676 = VERTEX_POINT('',#8677);
#8677 = CARTESIAN_POINT('',(-13.93606258591,7.913141878883,
    3.999506785721));
#8678 = LINE('',#8679,#8680);
#8679 = CARTESIAN_POINT('',(-17.76682097588,-14.08858111399,
    19.557074215884));
#8680 = VECTOR('',#8681,1.);
#8681 = DIRECTION('',(0.140746520267,0.808368901373,-0.571603128338));
#8682 = ORIENTED_EDGE('',*,*,#8683,.T.);
#8683 = EDGE_CURVE('',#8676,#6616,#8684,.T.);
#8684 = LINE('',#8685,#8686);
#8685 = CARTESIAN_POINT('',(-13.93606258591,7.913141878883,
    3.999506785721));
#8686 = VECTOR('',#8687,1.);
#8687 = DIRECTION('',(-0.762615069579,-0.24753978723,0.597613846384));
#8688 = PLANE('',#8689);
#8689 = AXIS2_PLACEMENT_3D('',#8690,#8691,#8692);
#8690 = CARTESIAN_POINT('',(81.371481069881,-85.0255324052,
    4.238604152297));
#8691 = DIRECTION('',(-0.449023717798,-0.462435567591,-0.764546301202));
#8692 = DIRECTION('',(0.717433979164,-0.696626503616,-6.054601264793E-13
    ));
#8693 = ADVANCED_FACE('',(#8694),#8720,.F.);
#8694 = FACE_BOUND('',#8695,.T.);
#8695 = EDGE_LOOP('',(#8696,#8706,#8712,#8713,#8714));
#8696 = ORIENTED_EDGE('',*,*,#8697,.F.);
#8697 = EDGE_CURVE('',#8698,#8700,#8702,.T.);
#8698 = VERTEX_POINT('',#8699);
#8699 = CARTESIAN_POINT('',(-14.24583518777,11.459113838437,
    4.242256144265));
#8700 = VERTEX_POINT('',#8701);
#8701 = CARTESIAN_POINT('',(-13.93606270284,11.216364490863,
    3.999506785721));
#8702 = LINE('',#8703,#8704);
#8703 = CARTESIAN_POINT('',(-9.924615283939,8.072843709707,0.85598586257
    ));
#8704 = VECTOR('',#8705,1.);
#8705 = DIRECTION('',(0.669923618215,-0.524977295156,-0.524977318871));
#8706 = ORIENTED_EDGE('',*,*,#8707,.F.);
#8707 = EDGE_CURVE('',#6624,#8698,#8708,.T.);
#8708 = LINE('',#8709,#8710);
#8709 = CARTESIAN_POINT('',(-14.5556076555,11.216364468931,
    4.485005502809));
#8710 = VECTOR('',#8711,1.);
#8711 = DIRECTION('',(0.669923581047,0.524977342586,-0.524977318871));
#8712 = ORIENTED_EDGE('',*,*,#6623,.F.);
#8713 = ORIENTED_EDGE('',*,*,#8683,.F.);
#8714 = ORIENTED_EDGE('',*,*,#8715,.F.);
#8715 = EDGE_CURVE('',#8700,#8676,#8716,.T.);
#8716 = LINE('',#8717,#8718);
#8717 = CARTESIAN_POINT('',(-13.93606241964,3.216364490863,
    3.999506785721));
#8718 = VECTOR('',#8719,1.);
#8719 = DIRECTION('',(3.539990158E-08,-1.,1.796E-14));
#8720 = PLANE('',#8721);
#8721 = AXIS2_PLACEMENT_3D('',#8722,#8723,#8724);
#8722 = CARTESIAN_POINT('',(-14.24583489597,3.216364479897,
    4.242256144265));
#8723 = DIRECTION('',(-0.616810381998,-2.183504095E-08,-0.787111779012)
  );
#8724 = DIRECTION('',(3.539990402833E-08,-1.,1.603786670565E-14));
#8725 = ADVANCED_FACE('',(#8726),#8751,.F.);
#8726 = FACE_BOUND('',#8727,.T.);
#8727 = EDGE_LOOP('',(#8728,#8736,#8742,#8743,#8749,#8750));
#8728 = ORIENTED_EDGE('',*,*,#8729,.F.);
#8729 = EDGE_CURVE('',#8730,#8698,#8732,.T.);
#8730 = VERTEX_POINT('',#8731);
#8731 = CARTESIAN_POINT('',(-14.44742647102,11.71636447276,
    3.985005502809));
#8732 = LINE('',#8733,#8734);
#8733 = CARTESIAN_POINT('',(-15.08391419815,12.528586454279,
    3.172783498753));
#8734 = VECTOR('',#8735,1.);
#8735 = DIRECTION('',(0.48468010264,-0.618500273597,0.618500290756));
#8736 = ORIENTED_EDGE('',*,*,#8737,.F.);
#8737 = EDGE_CURVE('',#6917,#8730,#8738,.T.);
#8738 = LINE('',#8739,#8740);
#8739 = CARTESIAN_POINT('',(-8.535089651105,11.716364682056,
    3.985005502809));
#8740 = VECTOR('',#8741,1.);
#8741 = DIRECTION('',(1.,3.539990158E-08,4.286E-14));
#8742 = ORIENTED_EDGE('',*,*,#6916,.F.);
#8743 = ORIENTED_EDGE('',*,*,#8744,.F.);
#8744 = EDGE_CURVE('',#6632,#6909,#8745,.T.);
#8745 = LINE('',#8746,#8747);
#8746 = CARTESIAN_POINT('',(-21.1242919557,11.21636423639,4.485005502808
    ));
#8747 = VECTOR('',#8748,1.);
#8748 = DIRECTION('',(-8.570805778131E-02,0.704504834815,-0.704504837849
    ));
#8749 = ORIENTED_EDGE('',*,*,#6631,.F.);
#8750 = ORIENTED_EDGE('',*,*,#8707,.T.);
#8751 = PLANE('',#8752);
#8752 = AXIS2_PLACEMENT_3D('',#8753,#8754,#8755);
#8753 = CARTESIAN_POINT('',(-8.535089642255,11.466364682056,
    4.235005502809));
#8754 = DIRECTION('',(2.503154077E-08,-0.707106781187,-0.707106781187));
#8755 = DIRECTION('',(1.,3.539993500201E-08,9.442014524629E-15));
#8756 = ADVANCED_FACE('',(#8757),#8763,.F.);
#8757 = FACE_BOUND('',#8758,.T.);
#8758 = EDGE_LOOP('',(#8759,#8760,#8761,#8762));
#8759 = ORIENTED_EDGE('',*,*,#6710,.T.);
#8760 = ORIENTED_EDGE('',*,*,#6639,.F.);
#8761 = ORIENTED_EDGE('',*,*,#8744,.T.);
#8762 = ORIENTED_EDGE('',*,*,#6908,.F.);
#8763 = PLANE('',#8764);
#8764 = AXIS2_PLACEMENT_3D('',#8765,#8766,#8767);
#8765 = CARTESIAN_POINT('',(-18.00182003853,14.469647413615,
    4.240622091123));
#8766 = DIRECTION('',(0.537235060825,-0.562821646752,-0.628180136082));
#8767 = DIRECTION('',(0.723357973047,0.690473202108,-1.222355550112E-13)
  );
#8768 = ADVANCED_FACE('',(#8769),#8788,.T.);
#8769 = FACE_BOUND('',#8770,.T.);
#8770 = EDGE_LOOP('',(#8771,#8779,#8785,#8786,#8787));
#8771 = ORIENTED_EDGE('',*,*,#8772,.T.);
#8772 = EDGE_CURVE('',#7237,#8773,#8775,.T.);
#8773 = VERTEX_POINT('',#8774);
#8774 = CARTESIAN_POINT('',(13.93606190873,11.216365477532,
    3.999506785722));
#8775 = LINE('',#8776,#8777);
#8776 = CARTESIAN_POINT('',(9.924614712381,8.072844412368,0.855985862571
    ));
#8777 = VECTOR('',#8778,1.);
#8778 = DIRECTION('',(-0.669923581047,-0.524977342586,-0.524977318871));
#8779 = ORIENTED_EDGE('',*,*,#8780,.T.);
#8780 = EDGE_CURVE('',#8773,#8651,#8781,.T.);
#8781 = LINE('',#8782,#8783);
#8782 = CARTESIAN_POINT('',(13.936062191929,3.216365477532,
    3.999506785722));
#8783 = VECTOR('',#8784,1.);
#8784 = DIRECTION('',(3.539988022E-08,-1.,1.796E-14));
#8785 = ORIENTED_EDGE('',*,*,#8650,.T.);
#8786 = ORIENTED_EDGE('',*,*,#6673,.T.);
#8787 = ORIENTED_EDGE('',*,*,#7244,.T.);
#8788 = PLANE('',#8789);
#8789 = AXIS2_PLACEMENT_3D('',#8790,#8791,#8792);
#8790 = CARTESIAN_POINT('',(14.245834668259,3.216365488498,
    4.242256144265));
#8791 = DIRECTION('',(-0.616810381998,-2.183499951E-08,0.787111779012));
#8792 = DIRECTION('',(3.539987777945E-08,-1.,1.604070200948E-14));
#8793 = ADVANCED_FACE('',(#8794),#8805,.F.);
#8794 = FACE_BOUND('',#8795,.F.);
#8795 = EDGE_LOOP('',(#8796,#8802,#8803,#8804));
#8796 = ORIENTED_EDGE('',*,*,#8797,.T.);
#8797 = EDGE_CURVE('',#7723,#6682,#8798,.T.);
#8798 = LINE('',#8799,#8800);
#8799 = CARTESIAN_POINT('',(-16.10861419338,6.526398456675,
    -1.05912702613));
#8800 = VECTOR('',#8801,1.);
#8801 = DIRECTION('',(-0.341281076615,-3.457273435124E-02,0.939325264636
    ));
#8802 = ORIENTED_EDGE('',*,*,#6681,.T.);
#8803 = ORIENTED_EDGE('',*,*,#8797,.F.);
#8804 = ORIENTED_EDGE('',*,*,#7722,.T.);
#8805 = CYLINDRICAL_SURFACE('',#8806,1.7);
#8806 = AXIS2_PLACEMENT_3D('',#8807,#8808,#8809);
#8807 = CARTESIAN_POINT('',(-17.57746374404,7.214935288538,
    -1.567455688234));
#8808 = DIRECTION('',(0.341281076615,3.457273435124E-02,-0.939325264636)
  );
#8809 = DIRECTION('',(-0.864029147443,0.405021665802,-0.299016860061));
#8810 = ADVANCED_FACE('',(#8811),#8822,.F.);
#8811 = FACE_BOUND('',#8812,.F.);
#8812 = EDGE_LOOP('',(#8813,#8819,#8820,#8821));
#8813 = ORIENTED_EDGE('',*,*,#8814,.T.);
#8814 = EDGE_CURVE('',#7282,#6693,#8815,.T.);
#8815 = LINE('',#8816,#8817);
#8816 = CARTESIAN_POINT('',(16.108613731314,6.52639959716,-1.05912702613
    ));
#8817 = VECTOR('',#8818,1.);
#8818 = DIRECTION('',(0.341281079063,-3.457271018862E-02,0.939325264636)
  );
#8819 = ORIENTED_EDGE('',*,*,#6692,.F.);
#8820 = ORIENTED_EDGE('',*,*,#8814,.F.);
#8821 = ORIENTED_EDGE('',*,*,#7281,.T.);
#8822 = CYLINDRICAL_SURFACE('',#8823,1.7);
#8823 = AXIS2_PLACEMENT_3D('',#8824,#8825,#8826);
#8824 = CARTESIAN_POINT('',(17.57746323322,7.214936533018,
    -1.567455688234));
#8825 = DIRECTION('',(0.341281079063,-3.457271018862E-02,0.939325264636)
  );
#8826 = DIRECTION('',(0.864029118767,0.405021726975,-0.299016860061));
#8827 = ADVANCED_FACE('',(#8828),#8835,.F.);
#8828 = FACE_BOUND('',#8829,.T.);
#8829 = EDGE_LOOP('',(#8830,#8831,#8832,#8833,#8834));
#8830 = ORIENTED_EDGE('',*,*,#6744,.F.);
#8831 = ORIENTED_EDGE('',*,*,#6856,.F.);
#8832 = ORIENTED_EDGE('',*,*,#6830,.F.);
#8833 = ORIENTED_EDGE('',*,*,#6790,.T.);
#8834 = ORIENTED_EDGE('',*,*,#6874,.F.);
#8835 = PLANE('',#8836);
#8836 = AXIS2_PLACEMENT_3D('',#8837,#8838,#8839);
#8837 = CARTESIAN_POINT('',(-21.71947796494,4.306781423831,
    -3.198638423304));
#8838 = DIRECTION('',(-0.954538663976,-3.379059034E-08,-0.298087133191)
  );
#8839 = DIRECTION('',(-3.539991191682E-08,1.,-1.91690073237E-14));
#8840 = ADVANCED_FACE('',(#8841),#8868,.T.);
#8841 = FACE_BOUND('',#8842,.T.);
#8842 = EDGE_LOOP('',(#8843,#8851,#8852,#8853,#8854,#8862));
#8843 = ORIENTED_EDGE('',*,*,#8844,.F.);
#8844 = EDGE_CURVE('',#7707,#8845,#8847,.T.);
#8845 = VERTEX_POINT('',#8846);
#8846 = CARTESIAN_POINT('',(-12.2959701762,11.432870899862,
    -3.566818489088));
#8847 = LINE('',#8848,#8849);
#8848 = CARTESIAN_POINT('',(-13.02056440381,10.131706835131,
    -6.066233333596));
#8849 = VECTOR('',#8850,1.);
#8850 = DIRECTION('',(0.249044993618,0.447213604316,0.85905563456));
#8851 = ORIENTED_EDGE('',*,*,#7706,.T.);
#8852 = ORIENTED_EDGE('',*,*,#6946,.T.);
#8853 = ORIENTED_EDGE('',*,*,#6888,.T.);
#8854 = ORIENTED_EDGE('',*,*,#8855,.T.);
#8855 = EDGE_CURVE('',#6891,#8856,#8858,.T.);
#8856 = VERTEX_POINT('',#8857);
#8857 = CARTESIAN_POINT('',(-12.61037486451,11.716364537782,
    -3.47567082307));
#8858 = LINE('',#8859,#8860);
#8859 = CARTESIAN_POINT('',(-15.87083712436,11.716364422362,
    -6.605930172836));
#8860 = VECTOR('',#8861,1.);
#8861 = DIRECTION('',(0.721363492345,2.553620907E-08,0.692556648882));
#8862 = ORIENTED_EDGE('',*,*,#8863,.T.);
#8863 = EDGE_CURVE('',#8856,#8845,#8864,.T.);
#8864 = LINE('',#8865,#8866);
#8865 = CARTESIAN_POINT('',(-12.31730060464,11.452104203257,
    -3.560634679368));
#8866 = VECTOR('',#8867,1.);
#8867 = DIRECTION('',(0.726034547771,-0.654653645006,-0.210481449355));
#8868 = PLANE('',#8869);
#8869 = AXIS2_PLACEMENT_3D('',#8870,#8871,#8872);
#8870 = CARTESIAN_POINT('',(-15.69769795329,11.466364428491,
    -6.786271045923));
#8871 = DIRECTION('',(0.489711477749,0.707106798522,-0.510081017138));
#8872 = DIRECTION('',(0.721363492345,2.553603206668E-08,0.692556648883)
  );
#8873 = ADVANCED_FACE('',(#8874),#8885,.F.);
#8874 = FACE_BOUND('',#8875,.T.);
#8875 = EDGE_LOOP('',(#8876,#8877,#8878,#8879));
#8876 = ORIENTED_EDGE('',*,*,#8855,.F.);
#8877 = ORIENTED_EDGE('',*,*,#6924,.T.);
#8878 = ORIENTED_EDGE('',*,*,#8737,.T.);
#8879 = ORIENTED_EDGE('',*,*,#8880,.F.);
#8880 = EDGE_CURVE('',#8856,#8730,#8881,.T.);
#8881 = LINE('',#8882,#8883);
#8882 = CARTESIAN_POINT('',(-11.43314386962,11.716364579456,
    -8.256668473056));
#8883 = VECTOR('',#8884,1.);
#8884 = DIRECTION('',(-0.239089905319,-8.46374168E-09,0.970997434175));
#8885 = PLANE('',#8886);
#8886 = AXIS2_PLACEMENT_3D('',#8887,#8888,#8889);
#8887 = CARTESIAN_POINT('',(-17.07017923746,11.716364379905,
    -5.021596973046));
#8888 = DIRECTION('',(3.539990158E-08,-1.,1.796E-14));
#8889 = DIRECTION('',(1.,3.539990158E-08,1.471E-14));
#8890 = ADVANCED_FACE('',(#8891),#8926,.T.);
#8891 = FACE_BOUND('',#8892,.T.);
#8892 = EDGE_LOOP('',(#8893,#8894,#8895,#8903,#8911,#8919,#8925));
#8893 = ORIENTED_EDGE('',*,*,#8483,.F.);
#8894 = ORIENTED_EDGE('',*,*,#8501,.F.);
#8895 = ORIENTED_EDGE('',*,*,#8896,.T.);
#8896 = EDGE_CURVE('',#8502,#8897,#8899,.T.);
#8897 = VERTEX_POINT('',#8898);
#8898 = CARTESIAN_POINT('',(-23.89427630981,-32.0411447458,
    3.990581971717));
#8899 = LINE('',#8900,#8901);
#8900 = CARTESIAN_POINT('',(-21.48258531891,-32.79123405059,
    -3.732167569267));
#8901 = VECTOR('',#8902,1.);
#8902 = DIRECTION('',(-0.296814238247,9.231580101195E-02,0.950462572044)
  );
#8903 = ORIENTED_EDGE('',*,*,#8904,.F.);
#8904 = EDGE_CURVE('',#8905,#8897,#8907,.T.);
#8905 = VERTEX_POINT('',#8906);
#8906 = CARTESIAN_POINT('',(-23.8996332923,-32.01507328927,
    4.007736170821));
#8907 = LINE('',#8908,#8909);
#8908 = CARTESIAN_POINT('',(-24.10561012121,-31.01262163926,
    4.667317854521));
#8909 = VECTOR('',#8910,1.);
#8910 = DIRECTION('',(0.16917572377,-0.823347384928,-0.541736705622));
#8911 = ORIENTED_EDGE('',*,*,#8912,.F.);
#8912 = EDGE_CURVE('',#8913,#8905,#8915,.T.);
#8913 = VERTEX_POINT('',#8914);
#8914 = CARTESIAN_POINT('',(-23.8996334725,-26.92472618031,
    4.007736170821));
#8915 = LINE('',#8916,#8917);
#8916 = CARTESIAN_POINT('',(-23.89963353211,-25.24078156654,
    4.007736170821));
#8917 = VECTOR('',#8918,1.);
#8918 = DIRECTION('',(3.539990155E-08,-1.,1.752E-14));
#8919 = ORIENTED_EDGE('',*,*,#8920,.F.);
#8920 = EDGE_CURVE('',#7014,#8913,#8921,.T.);
#8921 = LINE('',#8922,#8923);
#8922 = CARTESIAN_POINT('',(-4.36152697843,-13.18537229825,
    -58.55745520155));
#8923 = VECTOR('',#8924,1.);
#8924 = DIRECTION('',(-0.291746438245,-0.205158596369,0.934234427811));
#8925 = ORIENTED_EDGE('',*,*,#7011,.F.);
#8926 = PLANE('',#8927);
#8927 = AXIS2_PLACEMENT_3D('',#8928,#8929,#8930);
#8928 = CARTESIAN_POINT('',(-24.16893966351,-25.24078157608,
    4.870111920199));
#8929 = DIRECTION('',(-0.954538663976,-3.379057996E-08,-0.298087133191)
  );
#8930 = DIRECTION('',(0.298087133191,1.055223881E-08,-0.954538663976));
#8931 = ADVANCED_FACE('',(#8932),#8959,.F.);
#8932 = FACE_BOUND('',#8933,.T.);
#8933 = EDGE_LOOP('',(#8934,#8942,#8950,#8956,#8957,#8958));
#8934 = ORIENTED_EDGE('',*,*,#8935,.T.);
#8935 = EDGE_CURVE('',#8913,#8936,#8938,.T.);
#8936 = VERTEX_POINT('',#8937);
#8937 = CARTESIAN_POINT('',(-23.84517368019,-26.33249465273,
    4.081796641654));
#8938 = LINE('',#8939,#8940);
#8939 = CARTESIAN_POINT('',(-7.862684951184,147.47157829666,
    25.81655893588));
#8940 = VECTOR('',#8941,1.);
#8941 = DIRECTION('',(9.086873116832E-02,0.988166226711,0.123573387437)
  );
#8942 = ORIENTED_EDGE('',*,*,#8943,.F.);
#8943 = EDGE_CURVE('',#8944,#8936,#8946,.T.);
#8944 = VERTEX_POINT('',#8945);
#8945 = CARTESIAN_POINT('',(-23.34413000582,-25.98015644571,
    2.477347746754));
#8946 = LINE('',#8947,#8948);
#8947 = CARTESIAN_POINT('',(15.368320706944,1.242770757764,
    -121.4881904733));
#8948 = VECTOR('',#8949,1.);
#8949 = DIRECTION('',(-0.291746438245,-0.205158596369,0.934234427811));
#8950 = ORIENTED_EDGE('',*,*,#8951,.F.);
#8951 = EDGE_CURVE('',#7079,#8944,#8952,.T.);
#8952 = LINE('',#8953,#8954);
#8953 = CARTESIAN_POINT('',(34.796912491009,119.1063210478,
    -136.9660955601));
#8954 = VECTOR('',#8955,1.);
#8955 = DIRECTION('',(-0.27757128988,-0.692657698806,0.665717275815));
#8956 = ORIENTED_EDGE('',*,*,#7078,.T.);
#8957 = ORIENTED_EDGE('',*,*,#7063,.F.);
#8958 = ORIENTED_EDGE('',*,*,#8920,.T.);
#8959 = PLANE('',#8960);
#8960 = AXIS2_PLACEMENT_3D('',#8961,#8962,#8963);
#8961 = CARTESIAN_POINT('',(34.962411320301,329.05529527506,
    -43.38138839361));
#8962 = DIRECTION('',(0.95473274616,-0.121735555021,0.271414513342));
#8963 = DIRECTION('',(0.157348098869,0.981000333739,-0.113489739563));
#8964 = ADVANCED_FACE('',(#8965),#8976,.T.);
#8965 = FACE_BOUND('',#8966,.T.);
#8966 = EDGE_LOOP('',(#8967,#8968,#8974,#8975));
#8967 = ORIENTED_EDGE('',*,*,#8951,.T.);
#8968 = ORIENTED_EDGE('',*,*,#8969,.T.);
#8969 = EDGE_CURVE('',#8944,#8453,#8970,.T.);
#8970 = LINE('',#8971,#8972);
#8971 = CARTESIAN_POINT('',(191.04914473542,118.53712275291,
    -70.23220384428));
#8972 = VECTOR('',#8973,1.);
#8973 = DIRECTION('',(0.798240811526,0.538074668463,-0.270716194516));
#8974 = ORIENTED_EDGE('',*,*,#8452,.T.);
#8975 = ORIENTED_EDGE('',*,*,#7086,.F.);
#8976 = PLANE('',#8977);
#8977 = AXIS2_PLACEMENT_3D('',#8978,#8979,#8980);
#8978 = CARTESIAN_POINT('',(141.5172049834,61.859552631979,
    -27.10289718573));
#8979 = DIRECTION('',(-0.269832322955,0.721261930668,0.6379433712));
#8980 = DIRECTION('',(-0.889898539166,-0.43984753142,0.120891435159));
#8981 = ADVANCED_FACE('',(#8982),#9001,.T.);
#8982 = FACE_BOUND('',#8983,.T.);
#8983 = EDGE_LOOP('',(#8984,#8985,#8986,#8987,#8995));
#8984 = ORIENTED_EDGE('',*,*,#7181,.F.);
#8985 = ORIENTED_EDGE('',*,*,#7273,.T.);
#8986 = ORIENTED_EDGE('',*,*,#7932,.T.);
#8987 = ORIENTED_EDGE('',*,*,#8988,.T.);
#8988 = EDGE_CURVE('',#7925,#8989,#8991,.T.);
#8989 = VERTEX_POINT('',#8990);
#8990 = CARTESIAN_POINT('',(12.17540097766,11.216365415205,
    -3.150929968324));
#8991 = LINE('',#8992,#8993);
#8992 = CARTESIAN_POINT('',(12.175401145809,6.466365526505,
    -3.150929968324));
#8993 = VECTOR('',#8994,1.);
#8994 = DIRECTION('',(-3.539988026E-08,1.,-1.811E-14));
#8995 = ORIENTED_EDGE('',*,*,#8996,.T.);
#8996 = EDGE_CURVE('',#8989,#7182,#8997,.T.);
#8997 = LINE('',#8998,#8999);
#8998 = CARTESIAN_POINT('',(12.482260721323,11.767397780848,
    -4.209411763069));
#8999 = VECTOR('',#9000,1.);
#9000 = DIRECTION('',(0.249044993618,0.447213604316,-0.85905563456));
#9001 = PLANE('',#9002);
#9002 = AXIS2_PLACEMENT_3D('',#9003,#9004,#9005);
#9003 = CARTESIAN_POINT('',(12.295969542569,6.466365530773,
    -3.566818489088));
#9004 = DIRECTION('',(-0.960453397665,-3.399994032E-08,-0.278440785293)
  );
#9005 = DIRECTION('',(0.278440785293,9.85676864E-09,-0.960453397665));
#9006 = ADVANCED_FACE('',(#9007),#9020,.F.);
#9007 = FACE_BOUND('',#9008,.T.);
#9008 = EDGE_LOOP('',(#9009,#9010,#9011,#9017,#9018,#9019));
#9009 = ORIENTED_EDGE('',*,*,#7189,.F.);
#9010 = ORIENTED_EDGE('',*,*,#8996,.F.);
#9011 = ORIENTED_EDGE('',*,*,#9012,.F.);
#9012 = EDGE_CURVE('',#8773,#8989,#9013,.T.);
#9013 = LINE('',#9014,#9015);
#9014 = CARTESIAN_POINT('',(10.94764434071,11.216365371743,
    -8.137123520396));
#9015 = VECTOR('',#9016,1.);
#9016 = DIRECTION('',(-0.239089905319,-8.46377144E-09,-0.970997434175));
#9017 = ORIENTED_EDGE('',*,*,#8772,.F.);
#9018 = ORIENTED_EDGE('',*,*,#7236,.F.);
#9019 = ORIENTED_EDGE('',*,*,#7213,.F.);
#9020 = PLANE('',#9021);
#9021 = AXIS2_PLACEMENT_3D('',#9022,#9023,#9024);
#9022 = CARTESIAN_POINT('',(11.19039369041,11.466365380336,
    -8.196895996726));
#9023 = DIRECTION('',(0.686598895251,-0.707106756881,-0.169062093364));
#9024 = DIRECTION('',(0.717433929843,0.69662655441,2.844946500602E-15));
#9025 = ADVANCED_FACE('',(#9026,#9061),#9072,.T.);
#9026 = FACE_BOUND('',#9027,.T.);
#9027 = EDGE_LOOP('',(#9028,#9036,#9037,#9038,#9039,#9047,#9055));
#9028 = ORIENTED_EDGE('',*,*,#9029,.T.);
#9029 = EDGE_CURVE('',#9030,#7593,#9032,.T.);
#9030 = VERTEX_POINT('',#9031);
#9031 = CARTESIAN_POINT('',(17.979276980398,-34.23966943121,
    1.53019563954));
#9032 = LINE('',#9033,#9034);
#9033 = CARTESIAN_POINT('',(13.834500718235,-26.97148241738,
    -3.347331333026));
#9034 = VECTOR('',#9035,1.);
#9035 = DIRECTION('',(-0.427965711125,0.750471105609,-0.503625326753));
#9036 = ORIENTED_EDGE('',*,*,#7600,.F.);
#9037 = ORIENTED_EDGE('',*,*,#7361,.T.);
#9038 = ORIENTED_EDGE('',*,*,#7375,.T.);
#9039 = ORIENTED_EDGE('',*,*,#9040,.T.);
#9040 = EDGE_CURVE('',#7376,#9041,#9043,.T.);
#9041 = VERTEX_POINT('',#9042);
#9042 = CARTESIAN_POINT('',(20.913589674757,-34.24077998016,
    0.451630059041));
#9043 = LINE('',#9044,#9045);
#9044 = CARTESIAN_POINT('',(25.100437463312,-28.74569872495,
    -5.929235992352));
#9045 = VECTOR('',#9046,1.);
#9046 = DIRECTION('',(-0.4452051641,-0.584315140057,0.678504369152));
#9047 = ORIENTED_EDGE('',*,*,#9048,.T.);
#9048 = EDGE_CURVE('',#9041,#9049,#9051,.T.);
#9049 = VERTEX_POINT('',#9050);
#9050 = CARTESIAN_POINT('',(17.980546686307,-34.24078008399,
    1.530706862755));
#9051 = LINE('',#9052,#9053);
#9052 = CARTESIAN_POINT('',(15.674441845667,-34.24078016563,
    2.379130922771));
#9053 = VECTOR('',#9054,1.);
#9054 = DIRECTION('',(-0.938500580958,-3.322283732E-08,0.345277655722));
#9055 = ORIENTED_EDGE('',*,*,#9056,.T.);
#9056 = EDGE_CURVE('',#9049,#9030,#9057,.T.);
#9057 = LINE('',#9058,#9059);
#9058 = CARTESIAN_POINT('',(15.113921556841,-31.73325045562,
    0.376514137467));
#9059 = VECTOR('',#9060,1.);
#9060 = DIRECTION('',(-0.720325663475,0.630092133315,-0.290025588654));
#9061 = FACE_BOUND('',#9062,.T.);
#9062 = EDGE_LOOP('',(#9063));
#9063 = ORIENTED_EDGE('',*,*,#9064,.F.);
#9064 = EDGE_CURVE('',#9065,#9065,#9067,.T.);
#9065 = VERTEX_POINT('',#9066);
#9066 = CARTESIAN_POINT('',(17.798372470235,-31.52574415974,
    -0.793892946022));
#9067 = ELLIPSE('',#9068,2.225084862488,1.7);
#9068 = AXIS2_PLACEMENT_3D('',#9069,#9070,#9071);
#9069 = CARTESIAN_POINT('',(19.15891552371,-30.83917180985,
    -1.899229694036));
#9070 = DIRECTION('',(-0.266114821139,-0.637165410951,-0.723327824059));
#9071 = DIRECTION('',(5.350772077575E-03,0.74939774944,-0.662098468789)
  );
#9072 = PLANE('',#9073);
#9073 = AXIS2_PLACEMENT_3D('',#9074,#9075,#9076);
#9074 = CARTESIAN_POINT('',(19.389977244881,-29.27563051898,
    -3.361531215636));
#9075 = DIRECTION('',(-0.266114821139,-0.637165410951,-0.723327824059));
#9076 = DIRECTION('',(0.182427683544,-0.770114963838,0.611263513347));
#9077 = ADVANCED_FACE('',(#9078),#9104,.F.);
#9078 = FACE_BOUND('',#9079,.T.);
#9079 = EDGE_LOOP('',(#9080,#9081,#9089,#9097,#9103));
#9080 = ORIENTED_EDGE('',*,*,#7383,.T.);
#9081 = ORIENTED_EDGE('',*,*,#9082,.T.);
#9082 = EDGE_CURVE('',#7384,#9083,#9085,.T.);
#9083 = VERTEX_POINT('',#9084);
#9084 = CARTESIAN_POINT('',(21.677020142509,-34.23520348423,
    3.990581971717));
#9085 = LINE('',#9086,#9087);
#9086 = CARTESIAN_POINT('',(19.974470248279,-35.9199404968,
    3.990581971717));
#9087 = VECTOR('',#9088,1.);
#9088 = DIRECTION('',(-0.710815447658,-0.7033785605,2.951E-14));
#9089 = ORIENTED_EDGE('',*,*,#9090,.T.);
#9090 = EDGE_CURVE('',#9083,#9091,#9093,.T.);
#9091 = VERTEX_POINT('',#9092);
#9092 = CARTESIAN_POINT('',(21.670190624737,-34.24077995338,
    3.98500550281));
#9093 = LINE('',#9094,#9095);
#9094 = CARTESIAN_POINT('',(15.49775535427,-39.28072509291,
    -1.054939418217));
#9095 = VECTOR('',#9096,1.);
#9096 = DIRECTION('',(-0.654640849173,-0.534530346832,-0.534530323658));
#9097 = ORIENTED_EDGE('',*,*,#9098,.F.);
#9098 = EDGE_CURVE('',#9041,#9091,#9099,.T.);
#9099 = LINE('',#9100,#9101);
#9100 = CARTESIAN_POINT('',(17.902258524987,-34.24078008676,
    -13.6114814635));
#9101 = VECTOR('',#9102,1.);
#9102 = DIRECTION('',(0.209383314282,7.41218824E-09,0.977833640094));
#9103 = ORIENTED_EDGE('',*,*,#9040,.F.);
#9104 = PLANE('',#9105);
#9105 = AXIS2_PLACEMENT_3D('',#9106,#9107,#9108);
#9106 = CARTESIAN_POINT('',(22.752685266548,-29.22102798108,
    -14.65010237241));
#9107 = DIRECTION('',(-0.695533823154,0.702887767173,0.148934507779));
#9108 = DIRECTION('',(-0.710815447658,-0.7033785605,4.075906279155E-14)
  );
#9109 = ADVANCED_FACE('',(#9110),#9136,.F.);
#9110 = FACE_BOUND('',#9111,.T.);
#9111 = EDGE_LOOP('',(#9112,#9122,#9128,#9129,#9130));
#9112 = ORIENTED_EDGE('',*,*,#9113,.F.);
#9113 = EDGE_CURVE('',#9114,#9116,#9118,.T.);
#9114 = VERTEX_POINT('',#9115);
#9115 = CARTESIAN_POINT('',(21.571687297097,-33.74077995686,
    4.48500550281));
#9116 = VERTEX_POINT('',#9117);
#9117 = CARTESIAN_POINT('',(23.548679117394,-31.78447235936,
    4.48500550281));
#9118 = LINE('',#9119,#9120);
#9119 = CARTESIAN_POINT('',(19.675159637881,-35.61746524738,
    4.48500550281));
#9120 = VECTOR('',#9121,1.);
#9121 = DIRECTION('',(0.710815447658,0.7033785605,-2.95E-14));
#9122 = ORIENTED_EDGE('',*,*,#9123,.F.);
#9123 = EDGE_CURVE('',#9083,#9114,#9124,.T.);
#9124 = LINE('',#9125,#9126);
#9125 = CARTESIAN_POINT('',(21.677020142509,-34.23520348423,
    3.990581971717));
#9126 = VECTOR('',#9127,1.);
#9127 = DIRECTION('',(-0.148962503833,0.699217478714,0.699217483987));
#9128 = ORIENTED_EDGE('',*,*,#9082,.F.);
#9129 = ORIENTED_EDGE('',*,*,#7391,.F.);
#9130 = ORIENTED_EDGE('',*,*,#9131,.F.);
#9131 = EDGE_CURVE('',#9116,#7392,#9132,.T.);
#9132 = LINE('',#9133,#9134);
#9133 = CARTESIAN_POINT('',(23.548679117394,-31.78447235936,
    4.48500550281));
#9134 = VECTOR('',#9135,1.);
#9135 = DIRECTION('',(0.5520664529,-0.362740466306,-0.750760937773));
#9136 = PLANE('',#9137);
#9137 = AXIS2_PLACEMENT_3D('',#9138,#9139,#9140);
#9138 = CARTESIAN_POINT('',(19.824814943075,-35.76870287209,
    4.237793737263));
#9139 = DIRECTION('',(-0.533116059674,0.538752745522,-0.652328710169));
#9140 = DIRECTION('',(-0.710815447658,-0.7033785605,1.446065489574E-14)
  );
#9141 = ADVANCED_FACE('',(#9142),#9161,.F.);
#9142 = FACE_BOUND('',#9143,.T.);
#9143 = EDGE_LOOP('',(#9144,#9145,#9153,#9159,#9160));
#9144 = ORIENTED_EDGE('',*,*,#7423,.T.);
#9145 = ORIENTED_EDGE('',*,*,#9146,.F.);
#9146 = EDGE_CURVE('',#9147,#7424,#9149,.T.);
#9147 = VERTEX_POINT('',#9148);
#9148 = CARTESIAN_POINT('',(23.548678917501,-26.1377578458,4.48500550281
    ));
#9149 = LINE('',#9150,#9151);
#9150 = CARTESIAN_POINT('',(-41.5299471015,16.605035181233,
    92.986109025409));
#9151 = VECTOR('',#9152,1.);
#9152 = DIRECTION('',(0.552096571407,-0.362609829465,-0.750801896252));
#9153 = ORIENTED_EDGE('',*,*,#9154,.F.);
#9154 = EDGE_CURVE('',#9116,#9147,#9155,.T.);
#9155 = LINE('',#9156,#9157);
#9156 = CARTESIAN_POINT('',(23.548678885748,-25.24077988688,
    4.48500550281));
#9157 = VECTOR('',#9158,1.);
#9158 = DIRECTION('',(-3.539988025E-08,1.,-1.752E-14));
#9159 = ORIENTED_EDGE('',*,*,#9131,.T.);
#9160 = ORIENTED_EDGE('',*,*,#7399,.F.);
#9161 = PLANE('',#9162);
#9162 = AXIS2_PLACEMENT_3D('',#9163,#9164,#9165);
#9163 = CARTESIAN_POINT('',(23.724157102448,-25.24077988067,
    4.246370836815));
#9164 = DIRECTION('',(-0.805632401654,-2.851930092E-08,-0.592415760598)
  );
#9165 = DIRECTION('',(3.539987889546E-08,-1.,1.935665807143E-14));
#9166 = ADVANCED_FACE('',(#9167),#9187,.T.);
#9167 = FACE_BOUND('',#9168,.T.);
#9168 = EDGE_LOOP('',(#9169,#9170,#9171,#9172,#9180,#9186));
#9169 = ORIENTED_EDGE('',*,*,#7442,.F.);
#9170 = ORIENTED_EDGE('',*,*,#7541,.T.);
#9171 = ORIENTED_EDGE('',*,*,#7500,.T.);
#9172 = ORIENTED_EDGE('',*,*,#9173,.T.);
#9173 = EDGE_CURVE('',#7493,#9174,#9176,.T.);
#9174 = VERTEX_POINT('',#9175);
#9175 = CARTESIAN_POINT('',(22.015016257882,-25.10924591553,
    4.48500550281));
#9176 = LINE('',#9177,#9178);
#9177 = CARTESIAN_POINT('',(-169.7894138577,104.35720490567,
    -77.83878649653));
#9178 = VECTOR('',#9179,1.);
#9179 = DIRECTION('',(0.780908627431,-0.527107055599,0.335171400245));
#9180 = ORIENTED_EDGE('',*,*,#9181,.T.);
#9181 = EDGE_CURVE('',#9174,#9147,#9182,.T.);
#9182 = LINE('',#9183,#9184);
#9183 = CARTESIAN_POINT('',(-135.5829017939,80.57979716455,
    4.485005502812));
#9184 = VECTOR('',#9185,1.);
#9185 = DIRECTION('',(0.830530015338,-0.55697387158,-1.032E-14));
#9186 = ORIENTED_EDGE('',*,*,#9146,.T.);
#9187 = PLANE('',#9188);
#9188 = AXIS2_PLACEMENT_3D('',#9189,#9190,#9191);
#9189 = CARTESIAN_POINT('',(-278.0300919983,176.16471158616,
    -1.050136445427));
#9190 = DIRECTION('',(0.556953983333,0.830500359034,8.450685994721E-03)
  );
#9191 = DIRECTION('',(-0.830541603709,0.556944859961,3.614895855086E-03)
  );
#9192 = ADVANCED_FACE('',(#9193),#9219,.F.);
#9193 = FACE_BOUND('',#9194,.T.);
#9194 = EDGE_LOOP('',(#9195,#9205,#9211,#9212,#9213));
#9195 = ORIENTED_EDGE('',*,*,#9196,.F.);
#9196 = EDGE_CURVE('',#9197,#9199,#9201,.T.);
#9197 = VERTEX_POINT('',#9198);
#9198 = CARTESIAN_POINT('',(16.682416109082,-25.1092461043,4.48500550281
    ));
#9199 = VERTEX_POINT('',#9200);
#9200 = CARTESIAN_POINT('',(17.687045914495,-30.3898757863,4.48500550281
    ));
#9201 = LINE('',#9202,#9203);
#9202 = CARTESIAN_POINT('',(15.499134320826,-18.88956906546,
    4.48500550281));
#9203 = VECTOR('',#9204,1.);
#9204 = DIRECTION('',(0.186895884319,-0.982379727206,1.269E-14));
#9205 = ORIENTED_EDGE('',*,*,#9206,.T.);
#9206 = EDGE_CURVE('',#9197,#7485,#9207,.T.);
#9207 = LINE('',#9208,#9209);
#9208 = CARTESIAN_POINT('',(16.682416109082,-25.1092461043,4.48500550281
    ));
#9209 = VECTOR('',#9210,1.);
#9210 = DIRECTION('',(-0.651764363091,0.639994183503,-0.406952896643));
#9211 = ORIENTED_EDGE('',*,*,#7482,.F.);
#9212 = ORIENTED_EDGE('',*,*,#7576,.F.);
#9213 = ORIENTED_EDGE('',*,*,#9214,.T.);
#9214 = EDGE_CURVE('',#7577,#9199,#9215,.T.);
#9215 = LINE('',#9216,#9217);
#9216 = CARTESIAN_POINT('',(17.076843980584,-30.50396487572,
    3.999810765571));
#9217 = VECTOR('',#9218,1.);
#9218 = DIRECTION('',(0.774472304903,0.144802622103,0.615812349316));
#9219 = PLANE('',#9220);
#9220 = AXIS2_PLACEMENT_3D('',#9221,#9222,#9223);
#9221 = CARTESIAN_POINT('',(15.194217018469,-18.94757900529,
    4.24240813419));
#9222 = DIRECTION('',(0.604963449974,0.115093151694,-0.787891357123));
#9223 = DIRECTION('',(-0.186895884319,0.982379727206,3.655686864334E-13)
  );
#9224 = ADVANCED_FACE('',(#9225),#9236,.F.);
#9225 = FACE_BOUND('',#9226,.T.);
#9226 = EDGE_LOOP('',(#9227,#9233,#9234,#9235));
#9227 = ORIENTED_EDGE('',*,*,#9228,.F.);
#9228 = EDGE_CURVE('',#9174,#9197,#9229,.T.);
#9229 = LINE('',#9230,#9231);
#9230 = CARTESIAN_POINT('',(-168.4227326914,-25.109252657,4.485005502814
    ));
#9231 = VECTOR('',#9232,1.);
#9232 = DIRECTION('',(-1.,-3.539988027E-08,2.417E-14));
#9233 = ORIENTED_EDGE('',*,*,#9173,.F.);
#9234 = ORIENTED_EDGE('',*,*,#7492,.F.);
#9235 = ORIENTED_EDGE('',*,*,#9206,.F.);
#9236 = PLANE('',#9237);
#9237 = AXIS2_PLACEMENT_3D('',#9238,#9239,#9240);
#9238 = CARTESIAN_POINT('',(-168.422732704,-24.75321104185,
    4.258609443096));
#9239 = DIRECTION('',(1.89948036E-08,-0.53657876374,-0.843850241632));
#9240 = DIRECTION('',(1.,3.539982771276E-08,9.254334198575E-15));
#9241 = ADVANCED_FACE('',(#9242),#9268,.F.);
#9242 = FACE_BOUND('',#9243,.T.);
#9243 = EDGE_LOOP('',(#9244,#9252,#9260,#9266,#9267));
#9244 = ORIENTED_EDGE('',*,*,#9245,.T.);
#9245 = EDGE_CURVE('',#9030,#9246,#9248,.T.);
#9246 = VERTEX_POINT('',#9247);
#9247 = CARTESIAN_POINT('',(18.584001342178,-34.2396694098,
    3.986116155634));
#9248 = LINE('',#9249,#9250);
#9249 = CARTESIAN_POINT('',(14.944565726238,-34.23966953864,
    -10.7944436518));
#9250 = VECTOR('',#9251,1.);
#9251 = DIRECTION('',(0.239089905319,8.46377087E-09,0.970997434175));
#9252 = ORIENTED_EDGE('',*,*,#9253,.T.);
#9253 = EDGE_CURVE('',#9246,#9254,#9256,.T.);
#9254 = VERTEX_POINT('',#9255);
#9255 = CARTESIAN_POINT('',(18.582187444443,-34.22824622538,
    3.997539340123));
#9256 = LINE('',#9257,#9258);
#9257 = CARTESIAN_POINT('',(18.844543174941,-35.8804550796,
    2.345330476609));
#9258 = VECTOR('',#9259,1.);
#9259 = DIRECTION('',(-0.111580958783,0.70269114271,0.70269114666));
#9260 = ORIENTED_EDGE('',*,*,#9261,.T.);
#9261 = EDGE_CURVE('',#9254,#7585,#9262,.T.);
#9262 = LINE('',#9263,#9264);
#9263 = CARTESIAN_POINT('',(14.269305167667,-23.57973650759,
    3.997539340123));
#9264 = VECTOR('',#9265,1.);
#9265 = DIRECTION('',(-0.37540000299,0.926862901272,-7.16E-15));
#9266 = ORIENTED_EDGE('',*,*,#7592,.T.);
#9267 = ORIENTED_EDGE('',*,*,#9029,.F.);
#9268 = PLANE('',#9269);
#9269 = AXIS2_PLACEMENT_3D('',#9270,#9271,#9272);
#9270 = CARTESIAN_POINT('',(12.225932721833,-28.52568779794,
    -12.43657418042));
#9271 = DIRECTION('',(0.90362860364,0.36598959786,-0.222501597617));
#9272 = DIRECTION('',(0.239089905319,8.463940978642E-09,0.970997434175)
  );
#9273 = ADVANCED_FACE('',(#9274),#9293,.F.);
#9274 = FACE_BOUND('',#9275,.T.);
#9275 = EDGE_LOOP('',(#9276,#9277,#9285,#9291,#9292));
#9276 = ORIENTED_EDGE('',*,*,#9261,.F.);
#9277 = ORIENTED_EDGE('',*,*,#9278,.F.);
#9278 = EDGE_CURVE('',#9279,#9254,#9281,.T.);
#9279 = VERTEX_POINT('',#9280);
#9280 = CARTESIAN_POINT('',(19.044236354967,-33.74078004633,
    4.48500550281));
#9281 = LINE('',#9282,#9283);
#9282 = CARTESIAN_POINT('',(17.341151473962,-35.53755147166,
    2.688234137777));
#9283 = VECTOR('',#9284,1.);
#9284 = DIRECTION('',(-0.556751817303,-0.587378684106,-0.587378664397));
#9285 = ORIENTED_EDGE('',*,*,#9286,.F.);
#9286 = EDGE_CURVE('',#9199,#9279,#9287,.T.);
#9287 = LINE('',#9288,#9289);
#9288 = CARTESIAN_POINT('',(14.835850856454,-23.35027295589,
    4.48500550281));
#9289 = VECTOR('',#9290,1.);
#9290 = DIRECTION('',(0.37540000299,-0.926862901272,7.16E-15));
#9291 = ORIENTED_EDGE('',*,*,#9214,.F.);
#9292 = ORIENTED_EDGE('',*,*,#7584,.F.);
#9293 = PLANE('',#9294);
#9294 = AXIS2_PLACEMENT_3D('',#9295,#9296,#9297);
#9295 = CARTESIAN_POINT('',(14.552578012056,-23.46500473174,
    4.241272421466));
#9296 = DIRECTION('',(0.577896752838,0.234060984041,-0.781825299417));
#9297 = DIRECTION('',(-0.37540000299,0.926862901272,-6.150635556423E-14)
  );
#9298 = ADVANCED_FACE('',(#9299),#9363,.F.);
#9299 = FACE_BOUND('',#9300,.F.);
#9300 = EDGE_LOOP('',(#9301,#9309,#9310,#9311,#9320,#9329,#9338,#9347,
    #9356));
#9301 = ORIENTED_EDGE('',*,*,#9302,.F.);
#9302 = EDGE_CURVE('',#7630,#9303,#9305,.T.);
#9303 = VERTEX_POINT('',#9304);
#9304 = CARTESIAN_POINT('',(-15.24999964702,-8.363621054815E-02,
    -15.33582979489));
#9305 = LINE('',#9306,#9307);
#9306 = CARTESIAN_POINT('',(-15.24999964702,-8.363621054815E-02,
    -15.33582979489));
#9307 = VECTOR('',#9308,1.);
#9308 = DIRECTION('',(-0.866025386085,-0.500000030657,-1.8E-16));
#9309 = ORIENTED_EDGE('',*,*,#7629,.F.);
#9310 = ORIENTED_EDGE('',*,*,#9302,.T.);
#9311 = ORIENTED_EDGE('',*,*,#9312,.T.);
#9312 = EDGE_CURVE('',#9303,#9313,#9315,.T.);
#9313 = VERTEX_POINT('',#9314);
#9314 = CARTESIAN_POINT('',(-15.24999882574,-0.581553620535,
    -14.13374826687));
#9315 = CIRCLE('',#9316,1.7);
#9316 = AXIS2_PLACEMENT_3D('',#9317,#9318,#9319);
#9317 = CARTESIAN_POINT('',(-15.24999958684,-1.783636210548,
    -15.33582979489));
#9318 = DIRECTION('',(1.,3.539987414E-08,1.7E-16));
#9319 = DIRECTION('',(-3.539987414E-08,1.,6.E-17));
#9320 = ORIENTED_EDGE('',*,*,#9321,.F.);
#9321 = EDGE_CURVE('',#9322,#9313,#9324,.T.);
#9322 = VERTEX_POINT('',#9323);
#9323 = CARTESIAN_POINT('',(-14.78970341116,-1.279472092518,
    -13.43582979489));
#9324 = HYPERBOLA('',#9325,2.944487801202,1.70000082465);
#9325 = AXIS2_PLACEMENT_3D('',#9326,#9327,#9328);
#9326 = CARTESIAN_POINT('',(-18.1944861263,-0.58155420365,
    -14.13374768376));
#9327 = DIRECTION('',(0.,0.707106781187,0.707106781187));
#9328 = DIRECTION('',(1.,1.7699936985E-08,-1.7699936985E-08));
#9329 = ORIENTED_EDGE('',*,*,#9330,.F.);
#9330 = EDGE_CURVE('',#9331,#9322,#9333,.T.);
#9331 = VERTEX_POINT('',#9332);
#9332 = CARTESIAN_POINT('',(-14.78970430452,-2.287798204586,
    -13.43582979489));
#9333 = HYPERBOLA('',#9334,3.290896534381,1.9);
#9334 = AXIS2_PLACEMENT_3D('',#9335,#9336,#9337);
#9335 = CARTESIAN_POINT('',(-18.19448595971,-1.783636314783,
    -13.43582979489));
#9336 = DIRECTION('',(0.,-0.,1.));
#9337 = DIRECTION('',(1.,3.539987414E-08,0.));
#9338 = ORIENTED_EDGE('',*,*,#9339,.T.);
#9339 = EDGE_CURVE('',#9331,#9340,#9342,.T.);
#9340 = VERTEX_POINT('',#9341);
#9341 = CARTESIAN_POINT('',(-15.24999882574,-2.985716676569,
    -14.13374826687));
#9342 = HYPERBOLA('',#9343,2.944484944532,1.69999917535);
#9343 = AXIS2_PLACEMENT_3D('',#9344,#9345,#9346);
#9344 = CARTESIAN_POINT('',(-18.19448578357,-2.985717259684,
    -14.13374884999));
#9345 = DIRECTION('',(1.654361225106E-24,0.707106781187,-0.707106781187)
  );
#9346 = DIRECTION('',(1.,1.7699937155E-08,1.7699937155E-08));
#9347 = ORIENTED_EDGE('',*,*,#9348,.T.);
#9348 = EDGE_CURVE('',#9340,#9349,#9351,.T.);
#9349 = VERTEX_POINT('',#9350);
#9350 = CARTESIAN_POINT('',(-15.24999882574,-1.783635148552,
    -17.03582979489));
#9351 = CIRCLE('',#9352,1.7);
#9352 = AXIS2_PLACEMENT_3D('',#9353,#9354,#9355);
#9353 = CARTESIAN_POINT('',(-15.24999958684,-1.783636210548,
    -15.33582979489));
#9354 = DIRECTION('',(1.,3.539987414E-08,1.7E-16));
#9355 = DIRECTION('',(-3.539987414E-08,1.,6.E-17));
#9356 = ORIENTED_EDGE('',*,*,#9357,.T.);
#9357 = EDGE_CURVE('',#9349,#9303,#9358,.T.);
#9358 = CIRCLE('',#9359,1.7);
#9359 = AXIS2_PLACEMENT_3D('',#9360,#9361,#9362);
#9360 = CARTESIAN_POINT('',(-15.24999958684,-1.783636210548,
    -15.33582979489));
#9361 = DIRECTION('',(1.,3.539987414E-08,1.7E-16));
#9362 = DIRECTION('',(-3.539987414E-08,1.,6.E-17));
#9363 = CONICAL_SURFACE('',#9364,2.161880215352,0.523598775598);
#9364 = AXIS2_PLACEMENT_3D('',#9365,#9366,#9367);
#9365 = CARTESIAN_POINT('',(-14.44999958684,-1.783636182228,
    -15.33582979489));
#9366 = DIRECTION('',(1.,3.539987414E-08,1.7E-16));
#9367 = DIRECTION('',(-3.539987414E-08,1.,6.E-17));
#9368 = ADVANCED_FACE('',(#9369),#9433,.F.);
#9369 = FACE_BOUND('',#9370,.F.);
#9370 = EDGE_LOOP('',(#9371,#9379,#9380,#9381,#9390,#9399,#9408,#9417,
    #9426));
#9371 = ORIENTED_EDGE('',*,*,#9372,.F.);
#9372 = EDGE_CURVE('',#7641,#9373,#9375,.T.);
#9373 = VERTEX_POINT('',#9374);
#9374 = CARTESIAN_POINT('',(-15.24999964702,-8.363621054815E-02,
    -8.035829794896));
#9375 = LINE('',#9376,#9377);
#9376 = CARTESIAN_POINT('',(-15.24999964702,-8.363621054815E-02,
    -8.035829794896));
#9377 = VECTOR('',#9378,1.);
#9378 = DIRECTION('',(-0.866025386085,-0.500000030657,-1.8E-16));
#9379 = ORIENTED_EDGE('',*,*,#7640,.F.);
#9380 = ORIENTED_EDGE('',*,*,#9372,.T.);
#9381 = ORIENTED_EDGE('',*,*,#9382,.T.);
#9382 = EDGE_CURVE('',#9373,#9383,#9385,.T.);
#9383 = VERTEX_POINT('',#9384);
#9384 = CARTESIAN_POINT('',(-15.24999882574,-0.581553620535,
    -6.833748266879));
#9385 = CIRCLE('',#9386,1.7);
#9386 = AXIS2_PLACEMENT_3D('',#9387,#9388,#9389);
#9387 = CARTESIAN_POINT('',(-15.24999958684,-1.783636210548,
    -8.035829794896));
#9388 = DIRECTION('',(1.,3.539987414E-08,1.7E-16));
#9389 = DIRECTION('',(-3.539987414E-08,1.,6.E-17));
#9390 = ORIENTED_EDGE('',*,*,#9391,.F.);
#9391 = EDGE_CURVE('',#9392,#9383,#9394,.T.);
#9392 = VERTEX_POINT('',#9393);
#9393 = CARTESIAN_POINT('',(-14.78970341116,-1.279472092518,
    -6.135829794896));
#9394 = HYPERBOLA('',#9395,2.944487801202,1.70000082465);
#9395 = AXIS2_PLACEMENT_3D('',#9396,#9397,#9398);
#9396 = CARTESIAN_POINT('',(-18.1944861263,-0.58155420365,
    -6.833747683764));
#9397 = DIRECTION('',(3.308722450212E-24,0.707106781187,0.707106781187)
  );
#9398 = DIRECTION('',(1.,1.7699936985E-08,-1.7699936985E-08));
#9399 = ORIENTED_EDGE('',*,*,#9400,.F.);
#9400 = EDGE_CURVE('',#9401,#9392,#9403,.T.);
#9401 = VERTEX_POINT('',#9402);
#9402 = CARTESIAN_POINT('',(-14.78970430452,-2.287798204586,
    -6.135829794896));
#9403 = HYPERBOLA('',#9404,3.290896534381,1.9);
#9404 = AXIS2_PLACEMENT_3D('',#9405,#9406,#9407);
#9405 = CARTESIAN_POINT('',(-18.19448595971,-1.783636314783,
    -6.135829794896));
#9406 = DIRECTION('',(0.,-8.80844410424E-16,1.));
#9407 = DIRECTION('',(1.,3.539987414E-08,3.118178126593E-23));
#9408 = ORIENTED_EDGE('',*,*,#9409,.T.);
#9409 = EDGE_CURVE('',#9401,#9410,#9412,.T.);
#9410 = VERTEX_POINT('',#9411);
#9411 = CARTESIAN_POINT('',(-15.24999882574,-2.985716676569,
    -6.833748266879));
#9412 = HYPERBOLA('',#9413,2.944484944532,1.69999917535);
#9413 = AXIS2_PLACEMENT_3D('',#9414,#9415,#9416);
#9414 = CARTESIAN_POINT('',(-18.19448578357,-2.985717259684,
    -6.833748849994));
#9415 = DIRECTION('',(0.,0.707106781187,-0.707106781187));
#9416 = DIRECTION('',(1.,1.7699937155E-08,1.7699937155E-08));
#9417 = ORIENTED_EDGE('',*,*,#9418,.T.);
#9418 = EDGE_CURVE('',#9410,#9419,#9421,.T.);
#9419 = VERTEX_POINT('',#9420);
#9420 = CARTESIAN_POINT('',(-15.24999882574,-1.783635148552,
    -9.735829794896));
#9421 = CIRCLE('',#9422,1.7);
#9422 = AXIS2_PLACEMENT_3D('',#9423,#9424,#9425);
#9423 = CARTESIAN_POINT('',(-15.24999958684,-1.783636210548,
    -8.035829794896));
#9424 = DIRECTION('',(1.,3.539987414E-08,1.7E-16));
#9425 = DIRECTION('',(-3.539987414E-08,1.,6.E-17));
#9426 = ORIENTED_EDGE('',*,*,#9427,.T.);
#9427 = EDGE_CURVE('',#9419,#9373,#9428,.T.);
#9428 = CIRCLE('',#9429,1.7);
#9429 = AXIS2_PLACEMENT_3D('',#9430,#9431,#9432);
#9430 = CARTESIAN_POINT('',(-15.24999958684,-1.783636210548,
    -8.035829794896));
#9431 = DIRECTION('',(1.,3.539987414E-08,1.7E-16));
#9432 = DIRECTION('',(-3.539987414E-08,1.,6.E-17));
#9433 = CONICAL_SURFACE('',#9434,2.161880215352,0.523598775598);
#9434 = AXIS2_PLACEMENT_3D('',#9435,#9436,#9437);
#9435 = CARTESIAN_POINT('',(-14.44999958684,-1.783636182228,
    -8.035829794896));
#9436 = DIRECTION('',(1.,3.539987414E-08,1.7E-16));
#9437 = DIRECTION('',(-3.539987414E-08,1.,6.E-17));
#9438 = ADVANCED_FACE('',(#9439),#9458,.T.);
#9439 = FACE_BOUND('',#9440,.T.);
#9440 = EDGE_LOOP('',(#9441,#9442,#9443,#9451,#9457));
#9441 = ORIENTED_EDGE('',*,*,#7714,.T.);
#9442 = ORIENTED_EDGE('',*,*,#8844,.T.);
#9443 = ORIENTED_EDGE('',*,*,#9444,.T.);
#9444 = EDGE_CURVE('',#8845,#9445,#9447,.T.);
#9445 = VERTEX_POINT('',#9446);
#9446 = CARTESIAN_POINT('',(-12.17540177178,11.21636455318,
    -3.150929968324));
#9447 = LINE('',#9448,#9449);
#9448 = CARTESIAN_POINT('',(-12.48226155446,11.767396897107,
    -4.209411763069));
#9449 = VECTOR('',#9450,1.);
#9450 = DIRECTION('',(0.24904502528,-0.447213586684,0.85905563456));
#9451 = ORIENTED_EDGE('',*,*,#9452,.T.);
#9452 = EDGE_CURVE('',#9445,#7675,#9453,.T.);
#9453 = LINE('',#9454,#9455);
#9454 = CARTESIAN_POINT('',(-12.17540160363,6.46636466449,
    -3.150929968324));
#9455 = VECTOR('',#9456,1.);
#9456 = DIRECTION('',(3.539990158E-08,-1.,1.794E-14));
#9457 = ORIENTED_EDGE('',*,*,#7674,.F.);
#9458 = PLANE('',#9459);
#9459 = AXIS2_PLACEMENT_3D('',#9460,#9461,#9462);
#9460 = CARTESIAN_POINT('',(-12.29597000039,6.466364660222,
    -3.566818489088));
#9461 = DIRECTION('',(0.960453397665,3.399995077E-08,-0.278440785293));
#9462 = DIRECTION('',(0.278440785293,9.85676906E-09,0.960453397665));
#9463 = ADVANCED_FACE('',(#9464),#9477,.F.);
#9464 = FACE_BOUND('',#9465,.T.);
#9465 = EDGE_LOOP('',(#9466,#9467,#9473,#9474,#9475,#9476));
#9466 = ORIENTED_EDGE('',*,*,#9452,.F.);
#9467 = ORIENTED_EDGE('',*,*,#9468,.F.);
#9468 = EDGE_CURVE('',#8700,#9445,#9469,.T.);
#9469 = LINE('',#9470,#9471);
#9470 = CARTESIAN_POINT('',(-10.94764513483,11.216364596642,
    -8.137123520396));
#9471 = VECTOR('',#9472,1.);
#9472 = DIRECTION('',(0.239089905319,8.46374168E-09,-0.970997434175));
#9473 = ORIENTED_EDGE('',*,*,#8715,.T.);
#9474 = ORIENTED_EDGE('',*,*,#8675,.T.);
#9475 = ORIENTED_EDGE('',*,*,#8020,.T.);
#9476 = ORIENTED_EDGE('',*,*,#7682,.F.);
#9477 = PLANE('',#9478);
#9478 = AXIS2_PLACEMENT_3D('',#9479,#9480,#9481);
#9479 = CARTESIAN_POINT('',(-9.87436927296,4.716364634636,
    -12.49593525368));
#9480 = DIRECTION('',(-0.970997434175,-3.43732179E-08,-0.239089905319));
#9481 = DIRECTION('',(-0.239089905319,-8.46374167E-09,0.970997434175));
#9482 = ADVANCED_FACE('',(#9483),#9491,.T.);
#9483 = FACE_BOUND('',#9484,.T.);
#9484 = EDGE_LOOP('',(#9485,#9486,#9487,#9488,#9489,#9490));
#9485 = ORIENTED_EDGE('',*,*,#8988,.F.);
#9486 = ORIENTED_EDGE('',*,*,#7924,.F.);
#9487 = ORIENTED_EDGE('',*,*,#7962,.F.);
#9488 = ORIENTED_EDGE('',*,*,#8658,.F.);
#9489 = ORIENTED_EDGE('',*,*,#8780,.F.);
#9490 = ORIENTED_EDGE('',*,*,#9012,.T.);
#9491 = PLANE('',#9492);
#9492 = AXIS2_PLACEMENT_3D('',#9493,#9494,#9495);
#9493 = CARTESIAN_POINT('',(9.874368939041,4.716365333749,
    -12.49593525368));
#9494 = DIRECTION('',(-0.970997434175,-3.437318858E-08,0.239089905319));
#9495 = DIRECTION('',(0.239089905319,8.46377145E-09,0.970997434175));
#9496 = ADVANCED_FACE('',(#9497),#9500,.F.);
#9497 = FACE_BOUND('',#9498,.T.);
#9498 = EDGE_LOOP('',(#9499));
#9499 = ORIENTED_EDGE('',*,*,#8341,.F.);
#9500 = PLANE('',#9501);
#9501 = AXIS2_PLACEMENT_3D('',#9502,#9503,#9504);
#9502 = CARTESIAN_POINT('',(-4.981757845446,-11.2622080445,
    -24.23082402724));
#9503 = DIRECTION('',(2.644E-14,1.746E-14,1.));
#9504 = DIRECTION('',(-3.539989091E-08,1.,-1.745999906403E-14));
#9505 = ADVANCED_FACE('',(#9506),#9509,.F.);
#9506 = FACE_BOUND('',#9507,.T.);
#9507 = EDGE_LOOP('',(#9508));
#9508 = ORIENTED_EDGE('',*,*,#8366,.F.);
#9509 = PLANE('',#9510);
#9510 = AXIS2_PLACEMENT_3D('',#9511,#9512,#9513);
#9511 = CARTESIAN_POINT('',(-4.981757845446,-11.2622080445,
    -24.23082402724));
#9512 = DIRECTION('',(2.644E-14,1.746E-14,1.));
#9513 = DIRECTION('',(-3.539989091E-08,1.,-1.745999906403E-14));
#9514 = ADVANCED_FACE('',(#9515),#9518,.F.);
#9515 = FACE_BOUND('',#9516,.T.);
#9516 = EDGE_LOOP('',(#9517));
#9517 = ORIENTED_EDGE('',*,*,#8391,.F.);
#9518 = PLANE('',#9519);
#9519 = AXIS2_PLACEMENT_3D('',#9520,#9521,#9522);
#9520 = CARTESIAN_POINT('',(-4.981757845446,-11.2622080445,
    -24.23082402724));
#9521 = DIRECTION('',(2.644E-14,1.746E-14,1.));
#9522 = DIRECTION('',(-3.539989091E-08,1.,-1.745999906403E-14));
#9523 = ADVANCED_FACE('',(#9524),#9527,.F.);
#9524 = FACE_BOUND('',#9525,.T.);
#9525 = EDGE_LOOP('',(#9526));
#9526 = ORIENTED_EDGE('',*,*,#8416,.F.);
#9527 = PLANE('',#9528);
#9528 = AXIS2_PLACEMENT_3D('',#9529,#9530,#9531);
#9529 = CARTESIAN_POINT('',(-4.981757845446,-11.2622080445,
    -24.23082402724));
#9530 = DIRECTION('',(2.644E-14,1.746E-14,1.));
#9531 = DIRECTION('',(-3.539989091E-08,1.,-1.745999906403E-14));
#9532 = ADVANCED_FACE('',(#9533),#9551,.T.);
#9533 = FACE_BOUND('',#9534,.T.);
#9534 = EDGE_LOOP('',(#9535,#9536,#9544,#9550));
#9535 = ORIENTED_EDGE('',*,*,#8433,.T.);
#9536 = ORIENTED_EDGE('',*,*,#9537,.F.);
#9537 = EDGE_CURVE('',#9538,#8436,#9540,.T.);
#9538 = VERTEX_POINT('',#9539);
#9539 = CARTESIAN_POINT('',(-22.01501448016,-25.10924747419,
    4.485005502809));
#9540 = LINE('',#9541,#9542);
#9541 = CARTESIAN_POINT('',(169.78940646919,104.35721692672,
    -77.83878649653));
#9542 = VECTOR('',#9543,1.);
#9543 = DIRECTION('',(0.780908590112,0.527107110887,-0.335171400245));
#9544 = ORIENTED_EDGE('',*,*,#9545,.T.);
#9545 = EDGE_CURVE('',#9538,#8623,#9546,.T.);
#9546 = LINE('',#9547,#9548);
#9547 = CARTESIAN_POINT('',(168.42273446919,-25.10924073271,
    4.485005502817));
#9548 = VECTOR('',#9549,1.);
#9549 = DIRECTION('',(1.,3.539990153E-08,4.286E-14));
#9550 = ORIENTED_EDGE('',*,*,#8633,.T.);
#9551 = PLANE('',#9552);
#9552 = AXIS2_PLACEMENT_3D('',#9553,#9554,#9555);
#9553 = CARTESIAN_POINT('',(168.42273445658,-24.75319911756,
    4.258609443099));
#9554 = DIRECTION('',(-1.899487157E-08,0.53657876374,0.843850241632));
#9555 = DIRECTION('',(-1.,-3.539995409106E-08,-9.441671251292E-15));
#9556 = ADVANCED_FACE('',(#9557),#9577,.F.);
#9557 = FACE_BOUND('',#9558,.T.);
#9558 = EDGE_LOOP('',(#9559,#9560,#9561,#9562,#9570,#9576));
#9559 = ORIENTED_EDGE('',*,*,#8460,.F.);
#9560 = ORIENTED_EDGE('',*,*,#8969,.F.);
#9561 = ORIENTED_EDGE('',*,*,#8943,.T.);
#9562 = ORIENTED_EDGE('',*,*,#9563,.T.);
#9563 = EDGE_CURVE('',#8936,#9564,#9566,.T.);
#9564 = VERTEX_POINT('',#9565);
#9565 = CARTESIAN_POINT('',(-23.54867706695,-26.13775951304,
    4.485005502809));
#9566 = LINE('',#9567,#9568);
#9567 = CARTESIAN_POINT('',(41.529945925861,16.605038121542,
    92.986109025409));
#9568 = VECTOR('',#9569,1.);
#9569 = DIRECTION('',(0.552096545735,0.362609868553,0.750801896252));
#9570 = ORIENTED_EDGE('',*,*,#9571,.T.);
#9571 = EDGE_CURVE('',#9564,#9538,#9572,.T.);
#9572 = LINE('',#9573,#9574);
#9573 = CARTESIAN_POINT('',(135.58289608891,80.579806763785,
    4.485005502814));
#9574 = VECTOR('',#9575,1.);
#9575 = DIRECTION('',(0.830529975904,0.556973930382,2.584E-14));
#9576 = ORIENTED_EDGE('',*,*,#9537,.T.);
#9577 = PLANE('',#9578);
#9578 = AXIS2_PLACEMENT_3D('',#9579,#9580,#9581);
#9579 = CARTESIAN_POINT('',(278.03007952581,176.16473127062,
    -1.050136445422));
#9580 = DIRECTION('',(0.556954042132,-0.830500319602,-8.450685994711E-03
    ));
#9581 = DIRECTION('',(0.830541564277,0.556944918763,3.614895855102E-03)
  );
#9582 = ADVANCED_FACE('',(#9583),#9609,.T.);
#9583 = FACE_BOUND('',#9584,.T.);
#9584 = EDGE_LOOP('',(#9585,#9586,#9587,#9595,#9603));
#9585 = ORIENTED_EDGE('',*,*,#8896,.F.);
#9586 = ORIENTED_EDGE('',*,*,#8509,.F.);
#9587 = ORIENTED_EDGE('',*,*,#9588,.T.);
#9588 = EDGE_CURVE('',#8510,#9589,#9591,.T.);
#9589 = VERTEX_POINT('',#9590);
#9590 = CARTESIAN_POINT('',(-21.6701882005,-34.24078148762,
    3.985005502809));
#9591 = LINE('',#9592,#9593);
#9592 = CARTESIAN_POINT('',(-17.90225610075,-34.24078135424,
    -13.6114814635));
#9593 = VECTOR('',#9594,1.);
#9594 = DIRECTION('',(-0.209383314282,-7.41210472E-09,0.977833640094));
#9595 = ORIENTED_EDGE('',*,*,#9596,.F.);
#9596 = EDGE_CURVE('',#9597,#9589,#9599,.T.);
#9597 = VERTEX_POINT('',#9598);
#9598 = CARTESIAN_POINT('',(-21.67701771866,-34.23520501896,
    3.990581971717));
#9599 = LINE('',#9600,#9601);
#9600 = CARTESIAN_POINT('',(-15.49775257321,-39.28072619014,
    -1.054939418217));
#9601 = VECTOR('',#9602,1.);
#9602 = DIRECTION('',(0.654640887017,-0.534530300484,-0.534530323658));
#9603 = ORIENTED_EDGE('',*,*,#9604,.F.);
#9604 = EDGE_CURVE('',#8897,#9597,#9605,.T.);
#9605 = LINE('',#9606,#9607);
#9606 = CARTESIAN_POINT('',(-19.97446770516,-35.91994191099,
    3.990581971717));
#9607 = VECTOR('',#9608,1.);
#9608 = DIRECTION('',(0.710815497457,-0.703378510174,4.279E-14));
#9609 = PLANE('',#9610);
#9610 = AXIS2_PLACEMENT_3D('',#9611,#9612,#9613);
#9611 = CARTESIAN_POINT('',(-22.75268319771,-29.22102959196,
    -14.65010237241));
#9612 = DIRECTION('',(-0.69553377339,-0.702887816416,-0.148934507779));
#9613 = DIRECTION('',(0.710815497457,-0.703378510174,5.377642775528E-14)
  );
#9614 = ADVANCED_FACE('',(#9615),#9633,.T.);
#9615 = FACE_BOUND('',#9616,.T.);
#9616 = EDGE_LOOP('',(#9617,#9618,#9626,#9632));
#9617 = ORIENTED_EDGE('',*,*,#8517,.F.);
#9618 = ORIENTED_EDGE('',*,*,#9619,.T.);
#9619 = EDGE_CURVE('',#8518,#9620,#9622,.T.);
#9620 = VERTEX_POINT('',#9621);
#9621 = CARTESIAN_POINT('',(-18.58486926729,-34.2407813784,3.98500550281
    ));
#9622 = LINE('',#9623,#9624);
#9623 = CARTESIAN_POINT('',(-14.92335649913,-34.24078124878,
    -10.88521454405));
#9624 = VECTOR('',#9625,1.);
#9625 = DIRECTION('',(-0.239089905319,-8.46371405E-09,0.970997434175));
#9626 = ORIENTED_EDGE('',*,*,#9627,.F.);
#9627 = EDGE_CURVE('',#9589,#9620,#9628,.T.);
#9628 = LINE('',#9629,#9630);
#9629 = CARTESIAN_POINT('',(-2.490877734938,-34.24078080868,
    3.98500550281));
#9630 = VECTOR('',#9631,1.);
#9631 = DIRECTION('',(1.,3.539985743E-08,4.286E-14));
#9632 = ORIENTED_EDGE('',*,*,#9588,.F.);
#9633 = PLANE('',#9634);
#9634 = AXIS2_PLACEMENT_3D('',#9635,#9636,#9637);
#9635 = CARTESIAN_POINT('',(-4.981757032007,-34.24078089685,
    -10.84481768117));
#9636 = DIRECTION('',(3.539985743E-08,-1.,3.554E-14));
#9637 = DIRECTION('',(1.,3.539985743E-08,9.48E-15));
#9638 = ADVANCED_FACE('',(#9639),#9650,.F.);
#9639 = FACE_BOUND('',#9640,.T.);
#9640 = EDGE_LOOP('',(#9641,#9642,#9643,#9644));
#9641 = ORIENTED_EDGE('',*,*,#9619,.F.);
#9642 = ORIENTED_EDGE('',*,*,#8525,.F.);
#9643 = ORIENTED_EDGE('',*,*,#8558,.T.);
#9644 = ORIENTED_EDGE('',*,*,#9645,.F.);
#9645 = EDGE_CURVE('',#9620,#8559,#9646,.T.);
#9646 = LINE('',#9647,#9648);
#9647 = CARTESIAN_POINT('',(-18.21871629468,-33.77353350598,
    4.452253362267));
#9648 = VECTOR('',#9649,1.);
#9649 = DIRECTION('',(0.48468005885,0.618500307913,0.618500290756));
#9650 = PLANE('',#9651);
#9651 = AXIS2_PLACEMENT_3D('',#9652,#9653,#9654);
#9652 = CARTESIAN_POINT('',(-15.72502890866,-34.49078127716,
    -8.675075807364));
#9653 = DIRECTION('',(-0.686598895251,0.707106756881,-0.169062093364));
#9654 = DIRECTION('',(-0.717433929843,-0.69662655441,1.375288771754E-14)
  );
#9655 = ADVANCED_FACE('',(#9656),#9675,.F.);
#9656 = FACE_BOUND('',#9657,.F.);
#9657 = EDGE_LOOP('',(#9658,#9666,#9673,#9674));
#9658 = ORIENTED_EDGE('',*,*,#9659,.T.);
#9659 = EDGE_CURVE('',#8542,#9660,#9662,.T.);
#9660 = VERTEX_POINT('',#9661);
#9661 = CARTESIAN_POINT('',(-18.87516161908,-31.5079939669,
    4.485005502809));
#9662 = LINE('',#9663,#9664);
#9663 = CARTESIAN_POINT('',(-19.50428154225,-31.49762260534,
    7.569224271265));
#9664 = VECTOR('',#9665,1.);
#9665 = DIRECTION('',(-0.199863624319,3.29485338578E-03,0.979818184979)
  );
#9666 = ORIENTED_EDGE('',*,*,#9667,.T.);
#9667 = EDGE_CURVE('',#9660,#9660,#9668,.T.);
#9668 = ELLIPSE('',#9669,1.735015767274,1.7);
#9669 = AXIS2_PLACEMENT_3D('',#9670,#9671,#9672);
#9670 = CARTESIAN_POINT('',(-20.4611716618,-30.81770477627,
    4.485005502809));
#9671 = DIRECTION('',(4.286E-14,-1.752E-14,-1.));
#9672 = DIRECTION('',(-0.999864141704,1.648326834778E-02,
    -4.314296397487E-14));
#9673 = ORIENTED_EDGE('',*,*,#9659,.F.);
#9674 = ORIENTED_EDGE('',*,*,#8541,.F.);
#9675 = CYLINDRICAL_SURFACE('',#9676,1.7);
#9676 = AXIS2_PLACEMENT_3D('',#9677,#9678,#9679);
#9677 = CARTESIAN_POINT('',(-21.02648310088,-30.80838532999,
    7.256407402869));
#9678 = DIRECTION('',(0.199863624319,-3.29485338578E-03,-0.979818184979)
  );
#9679 = DIRECTION('',(-0.895412681551,0.405433691383,-0.184009922586));
#9680 = ADVANCED_FACE('',(#9681),#9702,.T.);
#9681 = FACE_BOUND('',#9682,.T.);
#9682 = EDGE_LOOP('',(#9683,#9684,#9692,#9698,#9699,#9700,#9701));
#9683 = ORIENTED_EDGE('',*,*,#8608,.F.);
#9684 = ORIENTED_EDGE('',*,*,#9685,.T.);
#9685 = EDGE_CURVE('',#8601,#9686,#9688,.T.);
#9686 = VERTEX_POINT('',#9687);
#9687 = CARTESIAN_POINT('',(-21.57168490826,-33.74078148413,
    4.485005502809));
#9688 = LINE('',#9689,#9690);
#9689 = CARTESIAN_POINT('',(-2.490877752638,-33.74078080868,
    4.48500550281));
#9690 = VECTOR('',#9691,1.);
#9691 = DIRECTION('',(-1.,-3.539985743E-08,-4.286E-14));
#9692 = ORIENTED_EDGE('',*,*,#9693,.F.);
#9693 = EDGE_CURVE('',#9597,#9686,#9694,.T.);
#9694 = LINE('',#9695,#9696);
#9695 = CARTESIAN_POINT('',(-21.67701771866,-34.23520501896,
    3.990581971717));
#9696 = VECTOR('',#9697,1.);
#9697 = DIRECTION('',(0.148962454329,0.69921748926,0.699217483987));
#9698 = ORIENTED_EDGE('',*,*,#9596,.T.);
#9699 = ORIENTED_EDGE('',*,*,#9627,.T.);
#9700 = ORIENTED_EDGE('',*,*,#9645,.T.);
#9701 = ORIENTED_EDGE('',*,*,#8576,.T.);
#9702 = PLANE('',#9703);
#9703 = AXIS2_PLACEMENT_3D('',#9704,#9705,#9706);
#9704 = CARTESIAN_POINT('',(-2.490877743788,-33.99078080868,
    4.23500550281));
#9705 = DIRECTION('',(2.503144894E-08,-0.707106781187,0.707106781187));
#9706 = DIRECTION('',(1.,3.53998240134E-08,9.436601193311E-15));
#9707 = ADVANCED_FACE('',(#9708,#9729),#9732,.T.);
#9708 = FACE_BOUND('',#9709,.T.);
#9709 = EDGE_LOOP('',(#9710,#9711,#9712,#9720,#9726,#9727,#9728));
#9710 = ORIENTED_EDGE('',*,*,#9545,.F.);
#9711 = ORIENTED_EDGE('',*,*,#9571,.F.);
#9712 = ORIENTED_EDGE('',*,*,#9713,.F.);
#9713 = EDGE_CURVE('',#9714,#9564,#9716,.T.);
#9714 = VERTEX_POINT('',#9715);
#9715 = CARTESIAN_POINT('',(-23.54867686706,-31.7844740266,
    4.485005502809));
#9716 = LINE('',#9717,#9718);
#9717 = CARTESIAN_POINT('',(-23.54867709871,-25.24078155412,
    4.485005502809));
#9718 = VECTOR('',#9719,1.);
#9719 = DIRECTION('',(-3.539990155E-08,1.,-1.752E-14));
#9720 = ORIENTED_EDGE('',*,*,#9721,.F.);
#9721 = EDGE_CURVE('',#9686,#9714,#9722,.T.);
#9722 = LINE('',#9723,#9724);
#9723 = CARTESIAN_POINT('',(-19.67515711617,-35.61746664038,
    4.485005502809));
#9724 = VECTOR('',#9725,1.);
#9725 = DIRECTION('',(-0.710815497457,0.703378510174,-4.278E-14));
#9726 = ORIENTED_EDGE('',*,*,#9685,.F.);
#9727 = ORIENTED_EDGE('',*,*,#8600,.F.);
#9728 = ORIENTED_EDGE('',*,*,#8622,.F.);
#9729 = FACE_BOUND('',#9730,.T.);
#9730 = EDGE_LOOP('',(#9731));
#9731 = ORIENTED_EDGE('',*,*,#9667,.T.);
#9732 = PLANE('',#9733);
#9733 = AXIS2_PLACEMENT_3D('',#9734,#9735,#9736);
#9734 = CARTESIAN_POINT('',(1.24353295639E-06,-25.2407807205,
    4.48500550281));
#9735 = DIRECTION('',(-4.286E-14,1.752E-14,1.));
#9736 = DIRECTION('',(-1.,-3.539990233E-08,-4.285999937979E-14));
#9737 = ADVANCED_FACE('',(#9738),#9746,.T.);
#9738 = FACE_BOUND('',#9739,.T.);
#9739 = EDGE_LOOP('',(#9740,#9741,#9742,#9743,#9744,#9745));
#9740 = ORIENTED_EDGE('',*,*,#9444,.F.);
#9741 = ORIENTED_EDGE('',*,*,#8863,.F.);
#9742 = ORIENTED_EDGE('',*,*,#8880,.T.);
#9743 = ORIENTED_EDGE('',*,*,#8729,.T.);
#9744 = ORIENTED_EDGE('',*,*,#8697,.T.);
#9745 = ORIENTED_EDGE('',*,*,#9468,.T.);
#9746 = PLANE('',#9747);
#9747 = AXIS2_PLACEMENT_3D('',#9748,#9749,#9750);
#9748 = CARTESIAN_POINT('',(-11.19039450222,11.466364588049,
    -8.196895996726));
#9749 = DIRECTION('',(0.686598845188,0.707106805492,0.169062093364));
#9750 = DIRECTION('',(-0.717433979164,0.696626503616,-1.001976279724E-14
    ));
#9751 = ADVANCED_FACE('',(#9752),#9764,.T.);
#9752 = FACE_BOUND('',#9753,.T.);
#9753 = EDGE_LOOP('',(#9754,#9755,#9761,#9762,#9763));
#9754 = ORIENTED_EDGE('',*,*,#9721,.T.);
#9755 = ORIENTED_EDGE('',*,*,#9756,.T.);
#9756 = EDGE_CURVE('',#9714,#8905,#9757,.T.);
#9757 = LINE('',#9758,#9759);
#9758 = CARTESIAN_POINT('',(-23.54867686706,-31.7844740266,
    4.485005502809));
#9759 = VECTOR('',#9760,1.);
#9760 = DIRECTION('',(-0.552066427218,-0.362740505392,-0.750760937773));
#9761 = ORIENTED_EDGE('',*,*,#8904,.T.);
#9762 = ORIENTED_EDGE('',*,*,#9604,.T.);
#9763 = ORIENTED_EDGE('',*,*,#9693,.T.);
#9764 = PLANE('',#9765);
#9765 = AXIS2_PLACEMENT_3D('',#9766,#9767,#9768);
#9766 = CARTESIAN_POINT('',(-19.82481241067,-35.76870427568,
    4.237793737263));
#9767 = DIRECTION('',(-0.53311602153,-0.538752783266,0.652328710169));
#9768 = DIRECTION('',(0.710815497457,-0.703378510174,2.214894934127E-14)
  );
#9769 = ADVANCED_FACE('',(#9770),#9777,.T.);
#9770 = FACE_BOUND('',#9771,.T.);
#9771 = EDGE_LOOP('',(#9772,#9773,#9774,#9775,#9776));
#9772 = ORIENTED_EDGE('',*,*,#9713,.T.);
#9773 = ORIENTED_EDGE('',*,*,#9563,.F.);
#9774 = ORIENTED_EDGE('',*,*,#8935,.F.);
#9775 = ORIENTED_EDGE('',*,*,#8912,.T.);
#9776 = ORIENTED_EDGE('',*,*,#9756,.F.);
#9777 = PLANE('',#9778);
#9778 = AXIS2_PLACEMENT_3D('',#9779,#9780,#9781);
#9779 = CARTESIAN_POINT('',(-23.72415531541,-25.24078156033,
    4.246370836815));
#9780 = DIRECTION('',(-0.805632401654,-2.851929733E-08,0.592415760598));
#9781 = DIRECTION('',(3.539990290957E-08,-1.,1.93603180677E-14));
#9782 = ADVANCED_FACE('',(#9783),#9801,.F.);
#9783 = FACE_BOUND('',#9784,.T.);
#9784 = EDGE_LOOP('',(#9785,#9786,#9787,#9795));
#9785 = ORIENTED_EDGE('',*,*,#9048,.F.);
#9786 = ORIENTED_EDGE('',*,*,#9098,.T.);
#9787 = ORIENTED_EDGE('',*,*,#9788,.T.);
#9788 = EDGE_CURVE('',#9091,#9789,#9791,.T.);
#9789 = VERTEX_POINT('',#9790);
#9790 = CARTESIAN_POINT('',(18.584871691527,-34.2407800626,3.98500550281
    ));
#9791 = LINE('',#9792,#9793);
#9792 = CARTESIAN_POINT('',(2.490880159176,-34.24078063232,3.98500550281
    ));
#9793 = VECTOR('',#9794,1.);
#9794 = DIRECTION('',(-1.,-3.539992437E-08,2.417E-14));
#9795 = ORIENTED_EDGE('',*,*,#9796,.F.);
#9796 = EDGE_CURVE('',#9049,#9789,#9797,.T.);
#9797 = LINE('',#9798,#9799);
#9798 = CARTESIAN_POINT('',(14.923358923367,-34.24078019221,
    -10.88521454405));
#9799 = VECTOR('',#9800,1.);
#9800 = DIRECTION('',(0.239089905319,8.46379907E-09,0.970997434175));
#9801 = PLANE('',#9802);
#9802 = AXIS2_PLACEMENT_3D('',#9803,#9804,#9805);
#9803 = CARTESIAN_POINT('',(4.981759456245,-34.24078054415,
    -10.84481768117));
#9804 = DIRECTION('',(-3.539992437E-08,1.,-3.554E-14));
#9805 = DIRECTION('',(-1.,-3.539992437E-08,-9.21E-15));
#9806 = ADVANCED_FACE('',(#9807),#9818,.T.);
#9807 = FACE_BOUND('',#9808,.T.);
#9808 = EDGE_LOOP('',(#9809,#9810,#9816,#9817));
#9809 = ORIENTED_EDGE('',*,*,#9796,.T.);
#9810 = ORIENTED_EDGE('',*,*,#9811,.T.);
#9811 = EDGE_CURVE('',#9789,#9246,#9812,.T.);
#9812 = LINE('',#9813,#9814);
#9813 = CARTESIAN_POINT('',(18.218718685836,-33.7735322161,
    4.452253362267));
#9814 = VECTOR('',#9815,1.);
#9815 = DIRECTION('',(-0.48468010264,0.618500273597,0.618500290756));
#9816 = ORIENTED_EDGE('',*,*,#9245,.F.);
#9817 = ORIENTED_EDGE('',*,*,#9056,.F.);
#9818 = PLANE('',#9819);
#9819 = AXIS2_PLACEMENT_3D('',#9820,#9821,#9822);
#9820 = CARTESIAN_POINT('',(15.725031350597,-34.49078016384,
    -8.675075807363));
#9821 = DIRECTION('',(-0.686598845188,-0.707106805492,0.169062093364));
#9822 = DIRECTION('',(0.717433979164,-0.696626503616,2.683964162031E-14)
  );
#9823 = ADVANCED_FACE('',(#9824),#9843,.F.);
#9824 = FACE_BOUND('',#9825,.F.);
#9825 = EDGE_LOOP('',(#9826,#9834,#9841,#9842));
#9826 = ORIENTED_EDGE('',*,*,#9827,.T.);
#9827 = EDGE_CURVE('',#9065,#9828,#9830,.T.);
#9828 = VERTEX_POINT('',#9829);
#9829 = CARTESIAN_POINT('',(18.875163849837,-31.50799263054,
    4.48500550281));
#9830 = LINE('',#9831,#9832);
#9831 = CARTESIAN_POINT('',(19.504283772269,-31.49762122444,
    7.569224271265));
#9832 = VECTOR('',#9833,1.);
#9833 = DIRECTION('',(0.199863624084,3.294867536082E-03,0.979818184979)
  );
#9834 = ORIENTED_EDGE('',*,*,#9835,.F.);
#9835 = EDGE_CURVE('',#9828,#9828,#9836,.T.);
#9836 = ELLIPSE('',#9837,1.735015767274,1.7);
#9837 = AXIS2_PLACEMENT_3D('',#9838,#9839,#9840);
#9838 = CARTESIAN_POINT('',(20.46117384369,-30.81770332762,4.48500550281
    ));
#9839 = DIRECTION('',(2.417E-14,1.752E-14,1.));
#9840 = DIRECTION('',(0.999864140537,1.648333913795E-02,
    -2.445550437846E-14));
#9841 = ORIENTED_EDGE('',*,*,#9827,.F.);
#9842 = ORIENTED_EDGE('',*,*,#9064,.F.);
#9843 = CYLINDRICAL_SURFACE('',#9844,1.7);
#9844 = AXIS2_PLACEMENT_3D('',#9845,#9846,#9847);
#9845 = CARTESIAN_POINT('',(21.02648528211,-30.80838384132,7.25640740287
    ));
#9846 = DIRECTION('',(0.199863624084,3.294867536082E-03,0.979818184979)
  );
#9847 = DIRECTION('',(0.895412652846,0.405433754778,-0.184009922585));
#9848 = ADVANCED_FACE('',(#9849),#9863,.F.);
#9849 = FACE_BOUND('',#9850,.T.);
#9850 = EDGE_LOOP('',(#9851,#9852,#9853,#9854,#9855,#9856,#9857));
#9851 = ORIENTED_EDGE('',*,*,#9278,.T.);
#9852 = ORIENTED_EDGE('',*,*,#9253,.F.);
#9853 = ORIENTED_EDGE('',*,*,#9811,.F.);
#9854 = ORIENTED_EDGE('',*,*,#9788,.F.);
#9855 = ORIENTED_EDGE('',*,*,#9090,.F.);
#9856 = ORIENTED_EDGE('',*,*,#9123,.T.);
#9857 = ORIENTED_EDGE('',*,*,#9858,.F.);
#9858 = EDGE_CURVE('',#9279,#9114,#9859,.T.);
#9859 = LINE('',#9860,#9861);
#9860 = CARTESIAN_POINT('',(2.490880141476,-33.74078063232,4.48500550281
    ));
#9861 = VECTOR('',#9862,1.);
#9862 = DIRECTION('',(1.,3.539992437E-08,-2.417E-14));
#9863 = PLANE('',#9864);
#9864 = AXIS2_PLACEMENT_3D('',#9865,#9866,#9867);
#9865 = CARTESIAN_POINT('',(2.490880150326,-33.99078063232,4.23500550281
    ));
#9866 = DIRECTION('',(-2.503154368E-08,0.707106781187,-0.707106781187));
#9867 = DIRECTION('',(-1.,-3.53999577997E-08,-9.240304742239E-15));
#9868 = ADVANCED_FACE('',(#9869,#9878),#9881,.F.);
#9869 = FACE_BOUND('',#9870,.T.);
#9870 = EDGE_LOOP('',(#9871,#9872,#9873,#9874,#9875,#9876,#9877));
#9871 = ORIENTED_EDGE('',*,*,#9154,.T.);
#9872 = ORIENTED_EDGE('',*,*,#9181,.F.);
#9873 = ORIENTED_EDGE('',*,*,#9228,.T.);
#9874 = ORIENTED_EDGE('',*,*,#9196,.T.);
#9875 = ORIENTED_EDGE('',*,*,#9286,.T.);
#9876 = ORIENTED_EDGE('',*,*,#9858,.T.);
#9877 = ORIENTED_EDGE('',*,*,#9113,.T.);
#9878 = FACE_BOUND('',#9879,.T.);
#9879 = EDGE_LOOP('',(#9880));
#9880 = ORIENTED_EDGE('',*,*,#9835,.F.);
#9881 = PLANE('',#9882);
#9882 = AXIS2_PLACEMENT_3D('',#9883,#9884,#9885);
#9883 = CARTESIAN_POINT('',(5.4350619094E-07,-25.2407807205,
    4.48500550281));
#9884 = DIRECTION('',(-2.417E-14,-1.752E-14,-1.));
#9885 = DIRECTION('',(1.,3.539987946E-08,-2.417000062021E-14));
#9886 = ADVANCED_FACE('',(#9887),#9908,.F.);
#9887 = FACE_BOUND('',#9888,.T.);
#9888 = EDGE_LOOP('',(#9889,#9890,#9898,#9899,#9900,#9901));
#9889 = ORIENTED_EDGE('',*,*,#9348,.T.);
#9890 = ORIENTED_EDGE('',*,*,#9891,.T.);
#9891 = EDGE_CURVE('',#9349,#9892,#9894,.T.);
#9892 = VERTEX_POINT('',#9893);
#9893 = CARTESIAN_POINT('',(-16.27146187809,-1.783635148552,
    -15.33582979489));
#9894 = LINE('',#9895,#9896);
#9895 = CARTESIAN_POINT('',(-15.24999882574,-1.783635148552,
    -17.03582979489));
#9896 = VECTOR('',#9897,1.);
#9897 = DIRECTION('',(-0.51503807491,0.,0.857167300702));
#9898 = ORIENTED_EDGE('',*,*,#9891,.F.);
#9899 = ORIENTED_EDGE('',*,*,#9357,.T.);
#9900 = ORIENTED_EDGE('',*,*,#9312,.T.);
#9901 = ORIENTED_EDGE('',*,*,#9902,.T.);
#9902 = EDGE_CURVE('',#9313,#9340,#9903,.T.);
#9903 = CIRCLE('',#9904,1.7);
#9904 = AXIS2_PLACEMENT_3D('',#9905,#9906,#9907);
#9905 = CARTESIAN_POINT('',(-15.24999958684,-1.783636210548,
    -15.33582979489));
#9906 = DIRECTION('',(1.,3.539987414E-08,1.7E-16));
#9907 = DIRECTION('',(-3.539987414E-08,1.,6.E-17));
#9908 = CONICAL_SURFACE('',#9909,1.7,1.029744258677);
#9909 = AXIS2_PLACEMENT_3D('',#9910,#9911,#9912);
#9910 = CARTESIAN_POINT('',(-15.24999882574,-1.783635148552,
    -15.33582979489));
#9911 = DIRECTION('',(1.,0.,0.));
#9912 = DIRECTION('',(0.,0.,-1.));
#9913 = ADVANCED_FACE('',(#9914),#9931,.T.);
#9914 = FACE_BOUND('',#9915,.T.);
#9915 = EDGE_LOOP('',(#9916,#9917,#9925));
#9916 = ORIENTED_EDGE('',*,*,#9339,.T.);
#9917 = ORIENTED_EDGE('',*,*,#9918,.T.);
#9918 = EDGE_CURVE('',#9340,#9919,#9921,.T.);
#9919 = VERTEX_POINT('',#9920);
#9920 = CARTESIAN_POINT('',(-15.24999882574,-2.287798204586,
    -13.43582979489));
#9921 = LINE('',#9922,#9923);
#9922 = CARTESIAN_POINT('',(-15.24999882574,-2.985716676569,
    -14.13374826687));
#9923 = VECTOR('',#9924,1.);
#9924 = DIRECTION('',(0.,0.707106781187,0.707106781187));
#9925 = ORIENTED_EDGE('',*,*,#9926,.F.);
#9926 = EDGE_CURVE('',#9331,#9919,#9927,.T.);
#9927 = LINE('',#9928,#9929);
#9928 = CARTESIAN_POINT('',(14.750001174252,-2.287798204586,
    -13.43582979489));
#9929 = VECTOR('',#9930,1.);
#9930 = DIRECTION('',(-1.,-0.,-0.));
#9931 = PLANE('',#9932);
#9932 = AXIS2_PLACEMENT_3D('',#9933,#9934,#9935);
#9933 = CARTESIAN_POINT('',(14.750001174252,-2.985716676569,
    -14.13374826687));
#9934 = DIRECTION('',(0.,0.707106781187,-0.707106781187));
#9935 = DIRECTION('',(0.,0.707106781187,0.707106781187));
#9936 = ADVANCED_FACE('',(#9937),#9955,.F.);
#9937 = FACE_BOUND('',#9938,.F.);
#9938 = EDGE_LOOP('',(#9939,#9940,#9948,#9954));
#9939 = ORIENTED_EDGE('',*,*,#9330,.T.);
#9940 = ORIENTED_EDGE('',*,*,#9941,.T.);
#9941 = EDGE_CURVE('',#9322,#9942,#9944,.T.);
#9942 = VERTEX_POINT('',#9943);
#9943 = CARTESIAN_POINT('',(-15.24999882574,-1.279472092518,
    -13.43582979489));
#9944 = LINE('',#9945,#9946);
#9945 = CARTESIAN_POINT('',(14.750001174252,-1.279472092518,
    -13.43582979489));
#9946 = VECTOR('',#9947,1.);
#9947 = DIRECTION('',(-1.,-0.,-0.));
#9948 = ORIENTED_EDGE('',*,*,#9949,.T.);
#9949 = EDGE_CURVE('',#9942,#9919,#9950,.T.);
#9950 = LINE('',#9951,#9952);
#9951 = CARTESIAN_POINT('',(-15.24999882574,-1.279472092518,
    -13.43582979489));
#9952 = VECTOR('',#9953,1.);
#9953 = DIRECTION('',(0.,-1.,0.));
#9954 = ORIENTED_EDGE('',*,*,#9926,.F.);
#9955 = PLANE('',#9956);
#9956 = AXIS2_PLACEMENT_3D('',#9957,#9958,#9959);
#9957 = CARTESIAN_POINT('',(14.750001174252,-1.279472092518,
    -13.43582979489));
#9958 = DIRECTION('',(0.,0.,1.));
#9959 = DIRECTION('',(0.,-1.,0.));
#9960 = ADVANCED_FACE('',(#9961),#9971,.F.);
#9961 = FACE_BOUND('',#9962,.F.);
#9962 = EDGE_LOOP('',(#9963,#9964,#9970));
#9963 = ORIENTED_EDGE('',*,*,#9321,.T.);
#9964 = ORIENTED_EDGE('',*,*,#9965,.T.);
#9965 = EDGE_CURVE('',#9313,#9942,#9966,.T.);
#9966 = LINE('',#9967,#9968);
#9967 = CARTESIAN_POINT('',(-15.24999882574,-0.581553620535,
    -14.13374826687));
#9968 = VECTOR('',#9969,1.);
#9969 = DIRECTION('',(0.,-0.707106781187,0.707106781187));
#9970 = ORIENTED_EDGE('',*,*,#9941,.F.);
#9971 = PLANE('',#9972);
#9972 = AXIS2_PLACEMENT_3D('',#9973,#9974,#9975);
#9973 = CARTESIAN_POINT('',(14.750001174252,-0.581553620535,
    -14.13374826687));
#9974 = DIRECTION('',(0.,0.707106781187,0.707106781187));
#9975 = DIRECTION('',(0.,-0.707106781187,0.707106781187));
#9976 = ADVANCED_FACE('',(#9977),#9998,.F.);
#9977 = FACE_BOUND('',#9978,.T.);
#9978 = EDGE_LOOP('',(#9979,#9980,#9988,#9989,#9990,#9991));
#9979 = ORIENTED_EDGE('',*,*,#9418,.T.);
#9980 = ORIENTED_EDGE('',*,*,#9981,.T.);
#9981 = EDGE_CURVE('',#9419,#9982,#9984,.T.);
#9982 = VERTEX_POINT('',#9983);
#9983 = CARTESIAN_POINT('',(-16.27146187809,-1.783635148552,
    -8.035829794896));
#9984 = LINE('',#9985,#9986);
#9985 = CARTESIAN_POINT('',(-15.24999882574,-1.783635148552,
    -9.735829794896));
#9986 = VECTOR('',#9987,1.);
#9987 = DIRECTION('',(-0.51503807491,0.,0.857167300702));
#9988 = ORIENTED_EDGE('',*,*,#9981,.F.);
#9989 = ORIENTED_EDGE('',*,*,#9427,.T.);
#9990 = ORIENTED_EDGE('',*,*,#9382,.T.);
#9991 = ORIENTED_EDGE('',*,*,#9992,.T.);
#9992 = EDGE_CURVE('',#9383,#9410,#9993,.T.);
#9993 = CIRCLE('',#9994,1.7);
#9994 = AXIS2_PLACEMENT_3D('',#9995,#9996,#9997);
#9995 = CARTESIAN_POINT('',(-15.24999958684,-1.783636210548,
    -8.035829794896));
#9996 = DIRECTION('',(1.,3.539987414E-08,1.7E-16));
#9997 = DIRECTION('',(-3.539987414E-08,1.,6.E-17));
#9998 = CONICAL_SURFACE('',#9999,1.7,1.029744258677);
#9999 = AXIS2_PLACEMENT_3D('',#10000,#10001,#10002);
#10000 = CARTESIAN_POINT('',(-15.24999882574,-1.783635148552,
    -8.035829794896));
#10001 = DIRECTION('',(1.,0.,0.));
#10002 = DIRECTION('',(0.,0.,-1.));
#10003 = ADVANCED_FACE('',(#10004),#10021,.T.);
#10004 = FACE_BOUND('',#10005,.T.);
#10005 = EDGE_LOOP('',(#10006,#10007,#10015));
#10006 = ORIENTED_EDGE('',*,*,#9409,.T.);
#10007 = ORIENTED_EDGE('',*,*,#10008,.T.);
#10008 = EDGE_CURVE('',#9410,#10009,#10011,.T.);
#10009 = VERTEX_POINT('',#10010);
#10010 = CARTESIAN_POINT('',(-15.24999882574,-2.287798204586,
    -6.135829794896));
#10011 = LINE('',#10012,#10013);
#10012 = CARTESIAN_POINT('',(-15.24999882574,-2.985716676569,
    -6.833748266879));
#10013 = VECTOR('',#10014,1.);
#10014 = DIRECTION('',(0.,0.707106781187,0.707106781187));
#10015 = ORIENTED_EDGE('',*,*,#10016,.F.);
#10016 = EDGE_CURVE('',#9401,#10009,#10017,.T.);
#10017 = LINE('',#10018,#10019);
#10018 = CARTESIAN_POINT('',(14.750001174252,-2.287798204586,
    -6.135829794896));
#10019 = VECTOR('',#10020,1.);
#10020 = DIRECTION('',(-1.,-0.,-0.));
#10021 = PLANE('',#10022);
#10022 = AXIS2_PLACEMENT_3D('',#10023,#10024,#10025);
#10023 = CARTESIAN_POINT('',(14.750001174252,-2.985716676569,
    -6.833748266879));
#10024 = DIRECTION('',(0.,0.707106781187,-0.707106781187));
#10025 = DIRECTION('',(0.,0.707106781187,0.707106781187));
#10026 = ADVANCED_FACE('',(#10027),#10045,.F.);
#10027 = FACE_BOUND('',#10028,.F.);
#10028 = EDGE_LOOP('',(#10029,#10030,#10038,#10044));
#10029 = ORIENTED_EDGE('',*,*,#9400,.T.);
#10030 = ORIENTED_EDGE('',*,*,#10031,.T.);
#10031 = EDGE_CURVE('',#9392,#10032,#10034,.T.);
#10032 = VERTEX_POINT('',#10033);
#10033 = CARTESIAN_POINT('',(-15.24999882574,-1.279472092518,
    -6.135829794896));
#10034 = LINE('',#10035,#10036);
#10035 = CARTESIAN_POINT('',(14.750001174252,-1.279472092518,
    -6.135829794896));
#10036 = VECTOR('',#10037,1.);
#10037 = DIRECTION('',(-1.,-0.,-0.));
#10038 = ORIENTED_EDGE('',*,*,#10039,.T.);
#10039 = EDGE_CURVE('',#10032,#10009,#10040,.T.);
#10040 = LINE('',#10041,#10042);
#10041 = CARTESIAN_POINT('',(-15.24999882574,-1.279472092518,
    -6.135829794896));
#10042 = VECTOR('',#10043,1.);
#10043 = DIRECTION('',(0.,-1.,-8.80844410424E-16));
#10044 = ORIENTED_EDGE('',*,*,#10016,.F.);
#10045 = PLANE('',#10046);
#10046 = AXIS2_PLACEMENT_3D('',#10047,#10048,#10049);
#10047 = CARTESIAN_POINT('',(14.750001174252,-1.279472092518,
    -6.135829794896));
#10048 = DIRECTION('',(0.,-8.80844410424E-16,1.));
#10049 = DIRECTION('',(0.,-1.,-8.80844410424E-16));
#10050 = ADVANCED_FACE('',(#10051),#10061,.F.);
#10051 = FACE_BOUND('',#10052,.F.);
#10052 = EDGE_LOOP('',(#10053,#10054,#10060));
#10053 = ORIENTED_EDGE('',*,*,#9391,.T.);
#10054 = ORIENTED_EDGE('',*,*,#10055,.T.);
#10055 = EDGE_CURVE('',#9383,#10032,#10056,.T.);
#10056 = LINE('',#10057,#10058);
#10057 = CARTESIAN_POINT('',(-15.24999882574,-0.581553620535,
    -6.833748266879));
#10058 = VECTOR('',#10059,1.);
#10059 = DIRECTION('',(0.,-0.707106781187,0.707106781187));
#10060 = ORIENTED_EDGE('',*,*,#10031,.F.);
#10061 = PLANE('',#10062);
#10062 = AXIS2_PLACEMENT_3D('',#10063,#10064,#10065);
#10063 = CARTESIAN_POINT('',(14.750001174252,-0.581553620535,
    -6.833748266879));
#10064 = DIRECTION('',(0.,0.707106781187,0.707106781187));
#10065 = DIRECTION('',(0.,-0.707106781187,0.707106781187));
#10066 = ADVANCED_FACE('',(#10067),#10073,.T.);
#10067 = FACE_BOUND('',#10068,.T.);
#10068 = EDGE_LOOP('',(#10069,#10070,#10071,#10072));
#10069 = ORIENTED_EDGE('',*,*,#9902,.F.);
#10070 = ORIENTED_EDGE('',*,*,#9965,.T.);
#10071 = ORIENTED_EDGE('',*,*,#9949,.T.);
#10072 = ORIENTED_EDGE('',*,*,#9918,.F.);
#10073 = PLANE('',#10074);
#10074 = AXIS2_PLACEMENT_3D('',#10075,#10076,#10077);
#10075 = CARTESIAN_POINT('',(-15.24999882574,-1.783635148552,
    -11.4810600609));
#10076 = DIRECTION('',(1.,0.,0.));
#10077 = DIRECTION('',(0.,0.,1.));
#10078 = ADVANCED_FACE('',(#10079),#10085,.T.);
#10079 = FACE_BOUND('',#10080,.T.);
#10080 = EDGE_LOOP('',(#10081,#10082,#10083,#10084));
#10081 = ORIENTED_EDGE('',*,*,#9992,.F.);
#10082 = ORIENTED_EDGE('',*,*,#10055,.T.);
#10083 = ORIENTED_EDGE('',*,*,#10039,.T.);
#10084 = ORIENTED_EDGE('',*,*,#10008,.F.);
#10085 = PLANE('',#10086);
#10086 = AXIS2_PLACEMENT_3D('',#10087,#10088,#10089);
#10087 = CARTESIAN_POINT('',(-15.24999882574,-1.783635148552,
    -11.4810600609));
#10088 = DIRECTION('',(1.,0.,0.));
#10089 = DIRECTION('',(0.,0.,1.));
#10090 = ( GEOMETRIC_REPRESENTATION_CONTEXT(3) 
GLOBAL_UNCERTAINTY_ASSIGNED_CONTEXT((#10094)) 
GLOBAL_UNIT_ASSIGNED_CONTEXT((#10091,#10092,#10093)) 
REPRESENTATION_CONTEXT('Context #1',
  '3D Context with UNIT and UNCERTAINTY') );
#10091 = ( LENGTH_UNIT() NAMED_UNIT(*) SI_UNIT(.MILLI.,.METRE.) );
#10092 = ( NAMED_UNIT(*) PLANE_ANGLE_UNIT() SI_UNIT($,.RADIAN.) );
#10093 = ( NAMED_UNIT(*) SI_UNIT($,.STERADIAN.) SOLID_ANGLE_UNIT() );
#10094 = UNCERTAINTY_MEASURE_WITH_UNIT(LENGTH_MEASURE(5.E-04),#10091,
  'distance_accuracy_value','confusion accuracy');
#10095 = PRODUCT_RELATED_PRODUCT_CATEGORY('part',$,(#7));
#10096 = MECHANICAL_DESIGN_GEOMETRIC_PRESENTATION_REPRESENTATION('',(
    #10097),#10090);
#10097 = STYLED_ITEM('color',(#10098),#15);
#10098 = PRESENTATION_STYLE_ASSIGNMENT((#10099,#10105));
#10099 = SURFACE_STYLE_USAGE(.BOTH.,#10100);
#10100 = SURFACE_SIDE_STYLE('',(#10101));
#10101 = SURFACE_STYLE_FILL_AREA(#10102);
#10102 = FILL_AREA_STYLE('',(#10103));
#10103 = FILL_AREA_STYLE_COLOUR('',#10104);
#10104 = COLOUR_RGB('',0.447059003357,0.474510015008,0.501960993452);
#10105 = CURVE_STYLE('',#10106,POSITIVE_LENGTH_MEASURE(0.1),#10107);
#10106 = DRAUGHTING_PRE_DEFINED_CURVE_FONT('continuous');
#10107 = COLOUR_RGB('',9.803921802644E-02,9.803921802644E-02,
  9.803921802644E-02);
ENDSEC;
END-ISO-10303-21;
