ISO-10303-21;
HEADER;
FILE_DESCRIPTION(('FreeCAD Model'),'2;1');
FILE_NAME('Open CASCADE Shape Model','2025-12-06T14:26:52',(''),(''),
  'Open CASCADE STEP processor 7.8','FreeCAD','Unknown');
FILE_SCHEMA(('AUTOMOTIVE_DESIGN { 1 0 10303 214 1 1 1 1 }'));
ENDSEC;
DATA;
#1 = APPLICATION_PROTOCOL_DEFINITION('international standard',
  'automotive_design',2000,#2);
#2 = APPLICATION_CONTEXT(
  'core data for automotive mechanical design processes');
#3 = SHAPE_DEFINITION_REPRESENTATION(#4,#10);
#4 = PRODUCT_DEFINITION_SHAPE('','',#5);
#5 = PRODUCT_DEFINITION('design','',#6,#9);
#6 = PRODUCT_DEFINITION_FORMATION('','',#7);
#7 = PRODUCT('Refined_mount','Refined_mount','',(#8));
#8 = PRODUCT_CONTEXT('',#2,'mechanical');
#9 = PRODUCT_DEFINITION_CONTEXT('part definition',#2,'design');
#10 = ADVANCED_BREP_SHAPE_REPRESENTATION('',(#11,#15),#9201);
#11 = AXIS2_PLACEMENT_3D('',#12,#13,#14);
#12 = CARTESIAN_POINT('',(0.,0.,0.));
#13 = DIRECTION('',(0.,0.,1.));
#14 = DIRECTION('',(1.,0.,-0.));
#15 = MANIFOLD_SOLID_BREP('',#16);
#16 = CLOSED_SHELL('',(#17,#57,#104,#175,#417,#456,#488,#542,#617,#675,
    #788,#838,#862,#878,#992,#1048,#1082,#1115,#1192,#1216,#1240,#1303,
    #1327,#1533,#1551,#1577,#1594,#1858,#1933,#1964,#2009,#2040,#2058,
    #2810,#2912,#2923,#3005,#3039,#3095,#3138,#3189,#3217,#3234,#3251,
    #3263,#3288,#3313,#3330,#3342,#3355,#3372,#3408,#3502,#3549,#3573,
    #3648,#3695,#3727,#3751,#3782,#3806,#3846,#3903,#3951,#3968,#3985,
    #4008,#4073,#4099,#4118,#4157,#4251,#4382,#4399,#4418,#4500,#4528,
    #4764,#4840,#4919,#4940,#5013,#5095,#5116,#5192,#5269,#5290,#5315,
    #5339,#5393,#5469,#5510,#5551,#5568,#5680,#5737,#5754,#5803,#5845,
    #5937,#5977,#6007,#6029,#6060,#6082,#6094,#6119,#6189,#6229,#6270,
    #6287,#6328,#6341,#6365,#6399,#6574,#6617,#6650,#6667,#6691,#6717,
    #6769,#6801,#6833,#6858,#6887,#6917,#6953,#6989,#7025,#7057,#7082,
    #7141,#7158,#7181,#7204,#7227,#7252,#7277,#7302,#7327,#7368,#7393,
    #7452,#7484,#7516,#7541,#7580,#7611,#7643,#7675,#7706,#7718,#7743,
    #7768,#7785,#7798,#7838,#7855,#7889,#7901,#7941,#7976,#7993,#8010,
    #8041,#8063,#8087,#8120,#8144,#8168,#8185,#8217,#8243,#8260,#8292,
    #8317,#8335,#8352,#8384,#8402,#8446,#8471,#8496,#8514,#8531,#8548,
    #8560,#8585,#8604,#8628,#8645,#8670,#8690,#8708,#8717,#8726,#8735,
    #8744,#8768,#8794,#8826,#8850,#8867,#8892,#8919,#8949,#8963,#8989,
    #9008,#9026,#9039,#9052,#9063,#9097,#9131,#9150,#9169));
#17 = ADVANCED_FACE('',(#18),#52,.T.);
#18 = FACE_BOUND('',#19,.T.);
#19 = EDGE_LOOP('',(#20,#30,#38,#46));
#20 = ORIENTED_EDGE('',*,*,#21,.T.);
#21 = EDGE_CURVE('',#22,#24,#26,.T.);
#22 = VERTEX_POINT('',#23);
#23 = CARTESIAN_POINT('',(-12.76186806092,4.216364532419,-27.68963624814
    ));
#24 = VERTEX_POINT('',#25);
#25 = CARTESIAN_POINT('',(-18.76665731675,4.21636431986,-8.461016345741)
  );
#26 = LINE('',#27,#28);
#27 = CARTESIAN_POINT('',(-19.32593389297,4.216364300062,-6.670093302071
    ));
#28 = VECTOR('',#29,1.);
#29 = DIRECTION('',(-0.298087133191,-1.055223189E-08,0.954538663976));
#30 = ORIENTED_EDGE('',*,*,#31,.F.);
#31 = EDGE_CURVE('',#32,#24,#34,.T.);
#32 = VERTEX_POINT('',#33);
#33 = CARTESIAN_POINT('',(-18.24284408427,4.716364338403,-8.461016345741
    ));
#34 = LINE('',#35,#36);
#35 = CARTESIAN_POINT('',(-12.87939741178,9.835981922329,-8.461016345741
    ));
#36 = VECTOR('',#37,1.);
#37 = DIRECTION('',(-0.723357973047,-0.690473202108,-2.904E-14));
#38 = ORIENTED_EDGE('',*,*,#39,.T.);
#39 = EDGE_CURVE('',#32,#40,#42,.T.);
#40 = VERTEX_POINT('',#41);
#41 = CARTESIAN_POINT('',(-12.26220735437,4.716364550107,-27.61229246012
    ));
#42 = LINE('',#43,#44);
#43 = CARTESIAN_POINT('',(-18.84866457868,4.716364316957,-6.521049735475
    ));
#44 = VECTOR('',#45,1.);
#45 = DIRECTION('',(0.298087133191,1.055223189E-08,-0.954538663976));
#46 = ORIENTED_EDGE('',*,*,#47,.T.);
#47 = EDGE_CURVE('',#40,#22,#48,.T.);
#48 = LINE('',#49,#50);
#49 = CARTESIAN_POINT('',(-12.26220735437,4.716364550107,-27.61229246012
    ));
#50 = VECTOR('',#51,1.);
#51 = DIRECTION('',(-0.702672958598,-0.703150131928,-0.108768585646));
#52 = PLANE('',#53);
#53 = AXIS2_PLACEMENT_3D('',#54,#55,#56);
#54 = CARTESIAN_POINT('',(-19.08729923583,4.46636430851,-6.595571518773)
  );
#55 = DIRECTION('',(-0.674960787234,0.707106757293,-0.210779433264));
#56 = DIRECTION('',(0.298087133191,1.055229478797E-08,-0.954538663976));
#57 = ADVANCED_FACE('',(#58),#99,.F.);
#58 = FACE_BOUND('',#59,.T.);
#59 = EDGE_LOOP('',(#60,#61,#69,#77,#85,#93));
#60 = ORIENTED_EDGE('',*,*,#31,.T.);
#61 = ORIENTED_EDGE('',*,*,#62,.F.);
#62 = EDGE_CURVE('',#63,#24,#65,.T.);
#63 = VERTEX_POINT('',#64);
#64 = CARTESIAN_POINT('',(-18.76665753208,10.29899563311,-8.461016345741
    ));
#65 = LINE('',#66,#67);
#66 = CARTESIAN_POINT('',(-18.76665686616,-8.512208643849,
    -8.461016345741));
#67 = VECTOR('',#68,1.);
#68 = DIRECTION('',(3.53999215E-08,-1.,-4.592E-14));
#69 = ORIENTED_EDGE('',*,*,#70,.F.);
#70 = EDGE_CURVE('',#71,#63,#73,.T.);
#71 = VERTEX_POINT('',#72);
#72 = CARTESIAN_POINT('',(-17.50097674736,11.507136964015,-8.46101634574
    ));
#73 = LINE('',#74,#75);
#74 = CARTESIAN_POINT('',(-14.66014548764,14.21882043143,-8.46101634574)
  );
#75 = VECTOR('',#76,1.);
#76 = DIRECTION('',(-0.723357973047,-0.690473202108,-2.889E-14));
#77 = ORIENTED_EDGE('',*,*,#78,.F.);
#78 = EDGE_CURVE('',#79,#71,#81,.T.);
#79 = VERTEX_POINT('',#80);
#80 = CARTESIAN_POINT('',(-17.08112285244,11.216364379518,-8.46101634574
    ));
#81 = LINE('',#82,#83);
#82 = CARTESIAN_POINT('',(-10.19797843935,6.44939731154,-8.461016345741)
  );
#83 = VECTOR('',#84,1.);
#84 = DIRECTION('',(-0.822096416328,0.56934829609,2.934E-14));
#85 = ORIENTED_EDGE('',*,*,#86,.F.);
#86 = EDGE_CURVE('',#87,#79,#89,.T.);
#87 = VERTEX_POINT('',#88);
#88 = CARTESIAN_POINT('',(-17.08112262235,4.716364379528,-8.461016345741
    ));
#89 = LINE('',#90,#91);
#90 = CARTESIAN_POINT('',(-17.08112274625,8.216364379468,-8.461016345741
    ));
#91 = VECTOR('',#92,1.);
#92 = DIRECTION('',(-3.539983507E-08,1.,4.592E-14));
#93 = ORIENTED_EDGE('',*,*,#94,.F.);
#94 = EDGE_CURVE('',#32,#87,#95,.T.);
#95 = LINE('',#96,#97);
#96 = CARTESIAN_POINT('',(-1.6696018151E-07,4.716364984198,
    -8.461016345741));
#97 = VECTOR('',#98,1.);
#98 = DIRECTION('',(1.,3.539988026E-08,-3.89E-15));
#99 = PLANE('',#100);
#100 = AXIS2_PLACEMENT_3D('',#101,#102,#103);
#101 = CARTESIAN_POINT('',(-2.9085971715E-07,8.216364761478,
    -8.461016345741));
#102 = DIRECTION('',(3.89E-15,-4.614E-14,1.));
#103 = DIRECTION('',(-3.539986062E-08,1.,4.614000013771E-14));
#104 = ADVANCED_FACE('',(#105),#170,.F.);
#105 = FACE_BOUND('',#106,.T.);
#106 = EDGE_LOOP('',(#107,#115,#116,#124,#132,#140,#148,#156,#164));
#107 = ORIENTED_EDGE('',*,*,#108,.F.);
#108 = EDGE_CURVE('',#71,#109,#111,.T.);
#109 = VERTEX_POINT('',#110);
#110 = CARTESIAN_POINT('',(-17.40202718213,11.716364368158,
    -8.075973869888));
#111 = LINE('',#112,#113);
#112 = CARTESIAN_POINT('',(-16.64420076561,13.318777209065,
    -5.127043685041));
#113 = VECTOR('',#114,1.);
#114 = DIRECTION('',(0.220255413399,0.465726840627,0.85707996289));
#115 = ORIENTED_EDGE('',*,*,#70,.T.);
#116 = ORIENTED_EDGE('',*,*,#117,.F.);
#117 = EDGE_CURVE('',#118,#63,#120,.T.);
#118 = VERTEX_POINT('',#119);
#119 = CARTESIAN_POINT('',(-20.52636753665,10.298995570817,
    -2.826049083759));
#120 = LINE('',#121,#122);
#121 = CARTESIAN_POINT('',(-18.8171222132,10.298995631324,-8.29941765889
    ));
#122 = VECTOR('',#123,1.);
#123 = DIRECTION('',(0.298087133191,1.0552238E-08,-0.954538663976));
#124 = ORIENTED_EDGE('',*,*,#125,.T.);
#125 = EDGE_CURVE('',#118,#126,#128,.T.);
#126 = VERTEX_POINT('',#127);
#127 = CARTESIAN_POINT('',(-23.57625348648,7.912648802911,
    -1.065196560856));
#128 = LINE('',#129,#130);
#129 = CARTESIAN_POINT('',(-14.82848017117,14.757239361631,
    -6.115725979152));
#130 = VECTOR('',#131,1.);
#131 = DIRECTION('',(-0.716934738648,-0.560957007742,0.413922475815));
#132 = ORIENTED_EDGE('',*,*,#133,.F.);
#133 = EDGE_CURVE('',#134,#126,#136,.T.);
#134 = VERTEX_POINT('',#135);
#135 = CARTESIAN_POINT('',(-24.41523127797,7.912648773211,1.62138951088)
  );
#136 = LINE('',#137,#138);
#137 = CARTESIAN_POINT('',(-25.30949267754,7.912648741555,4.485005502812
    ));
#138 = VECTOR('',#139,1.);
#139 = DIRECTION('',(0.298087133191,1.055223818E-08,-0.954538663976));
#140 = ORIENTED_EDGE('',*,*,#141,.T.);
#141 = EDGE_CURVE('',#134,#142,#144,.T.);
#142 = VERTEX_POINT('',#143);
#143 = CARTESIAN_POINT('',(-22.66890378931,10.287498003591,
    3.996238679437));
#144 = LINE('',#145,#146);
#145 = CARTESIAN_POINT('',(-26.11526586914,5.60075374398,-0.690505458171
    ));
#146 = VECTOR('',#147,1.);
#147 = DIRECTION('',(0.461328747437,0.627365845133,0.627365828802));
#148 = ORIENTED_EDGE('',*,*,#149,.T.);
#149 = EDGE_CURVE('',#142,#150,#152,.T.);
#150 = VERTEX_POINT('',#151);
#151 = CARTESIAN_POINT('',(-21.18375393934,11.705131057665,
    3.996238679437));
#152 = LINE('',#153,#154);
#153 = CARTESIAN_POINT('',(-18.1380539515,14.612369660983,3.996238679437
    ));
#154 = VECTOR('',#155,1.);
#155 = DIRECTION('',(0.723357973047,0.690473202108,1.859E-14));
#156 = ORIENTED_EDGE('',*,*,#157,.T.);
#157 = EDGE_CURVE('',#150,#158,#160,.T.);
#158 = VERTEX_POINT('',#159);
#159 = CARTESIAN_POINT('',(-21.16847782511,11.716364234826,
    3.985005502808));
#160 = LINE('',#161,#162);
#161 = CARTESIAN_POINT('',(-17.40917700754,14.480738177295,
    1.220631693421));
#162 = VECTOR('',#163,1.);
#163 = DIRECTION('',(0.693132466097,0.509689812266,-0.509689787729));
#164 = ORIENTED_EDGE('',*,*,#165,.F.);
#165 = EDGE_CURVE('',#109,#158,#166,.T.);
#166 = LINE('',#167,#168);
#167 = CARTESIAN_POINT('',(-19.84908968496,11.716364281532,
    -0.239957108229));
#168 = VECTOR('',#169,1.);
#169 = DIRECTION('',(-0.298087133191,-1.055223803E-08,0.954538663976));
#170 = PLANE('',#171);
#171 = AXIS2_PLACEMENT_3D('',#172,#173,#174);
#172 = CARTESIAN_POINT('',(-20.52555626617,11.007679914215,
    -0.451206792482));
#173 = DIRECTION('',(0.674960787234,-0.707106757293,0.210779433264));
#174 = DIRECTION('',(0.723357973047,0.690473202108,1.676436767184E-14));
#175 = ADVANCED_FACE('',(#176,#378),#412,.T.);
#176 = FACE_BOUND('',#177,.T.);
#177 = EDGE_LOOP('',(#178,#188,#196,#205,#213,#220,#251,#260,#269,#280,
    #288,#297,#305,#316,#325,#356,#364,#372));
#178 = ORIENTED_EDGE('',*,*,#179,.T.);
#179 = EDGE_CURVE('',#180,#182,#184,.T.);
#180 = VERTEX_POINT('',#181);
#181 = CARTESIAN_POINT('',(19.186960514541,-4.283634338438,
    -5.437753430505));
#182 = VERTEX_POINT('',#183);
#183 = CARTESIAN_POINT('',(19.952656957226,-4.28363428086,
    -2.985829786365));
#184 = LINE('',#185,#186);
#185 = CARTESIAN_POINT('',(19.233504442743,-4.283634334938,
    -5.288709825642));
#186 = VECTOR('',#187,1.);
#187 = DIRECTION('',(0.298087133191,1.055226801E-08,0.954538663976));
#188 = ORIENTED_EDGE('',*,*,#189,.F.);
#189 = EDGE_CURVE('',#190,#182,#192,.T.);
#190 = VERTEX_POINT('',#191);
#191 = CARTESIAN_POINT('',(8.026777705697,-4.283634731655,
    -2.985829794897));
#192 = LINE('',#193,#194);
#193 = CARTESIAN_POINT('',(14.750000501654,-4.283634493654,
    -2.985829794897));
#194 = VECTOR('',#195,1.);
#195 = DIRECTION('',(1.,3.539988918E-08,0.));
#196 = ORIENTED_EDGE('',*,*,#197,.T.);
#197 = EDGE_CURVE('',#190,#198,#200,.T.);
#198 = VERTEX_POINT('',#199);
#199 = CARTESIAN_POINT('',(-8.026776702388,-4.283635299949,
    -2.985829794897));
#200 = CIRCLE('',#201,11.582385431479);
#201 = AXIS2_PLACEMENT_3D('',#202,#203,#204);
#202 = CARTESIAN_POINT('',(5.016544926445E-07,-4.283635015802,
    -11.33582979489));
#203 = DIRECTION('',(3.539988946E-08,-1.,1.764E-14));
#204 = DIRECTION('',(1.,3.539988946E-08,6.0179786582E-22));
#205 = ORIENTED_EDGE('',*,*,#206,.T.);
#206 = EDGE_CURVE('',#198,#207,#209,.T.);
#207 = VERTEX_POINT('',#208);
#208 = CARTESIAN_POINT('',(-11.24999948064,-4.283635414051,
    -2.985829794897));
#209 = LINE('',#210,#211);
#210 = CARTESIAN_POINT('',(-8.026776702388,-4.283635299949,
    -2.985829794897));
#211 = VECTOR('',#212,1.);
#212 = DIRECTION('',(-1.,-3.539988918E-08,0.));
#213 = ORIENTED_EDGE('',*,*,#214,.T.);
#214 = EDGE_CURVE('',#207,#215,#217,.T.);
#215 = VERTEX_POINT('',#216);
#216 = CARTESIAN_POINT('',(-11.24999948064,-4.283635405201,
    -11.00896372477));
#217 = B_SPLINE_CURVE_WITH_KNOTS('',1,(#218,#219),.UNSPECIFIED.,.F.,.F.,
  (2,2),(0.,1.),.PIECEWISE_BEZIER_KNOTS.);
#218 = CARTESIAN_POINT('',(-11.24999948064,-4.283635414051,
    -2.985829794897));
#219 = CARTESIAN_POINT('',(-11.24999948064,-4.283635414051,
    -13.53759444015));
#220 = ORIENTED_EDGE('',*,*,#221,.T.);
#221 = EDGE_CURVE('',#215,#222,#224,.T.);
#222 = VERTEX_POINT('',#223);
#223 = CARTESIAN_POINT('',(-11.24606981359,-4.283635413912,
    -11.03851715435));
#224 = B_SPLINE_CURVE_WITH_KNOTS('',7,(#225,#226,#227,#228,#229,#230,
    #231,#232,#233,#234,#235,#236,#237,#238,#239,#240,#241,#242,#243,
    #244,#245,#246,#247,#248,#249,#250),.UNSPECIFIED.,.F.,.F.,(8,6,6,6,8
    ),(0.,0.403317809381,0.512351466096,0.865551490585,1.),
  .UNSPECIFIED.);
#225 = CARTESIAN_POINT('',(-12.44580525793,-4.283635456382,
    -7.812577876078));
#226 = CARTESIAN_POINT('',(-12.33631353295,-4.283635452506,
    -7.978916711311));
#227 = CARTESIAN_POINT('',(-12.23361814817,-4.283635448871,
    -8.149815593927));
#228 = CARTESIAN_POINT('',(-12.13767441772,-4.283635445475,
    -8.324774103306));
#229 = CARTESIAN_POINT('',(-12.04815623334,-4.283635442306,
    -8.503212400145));
#230 = CARTESIAN_POINT('',(-11.96468042145,-4.283635439351,
    -8.684602538225));
#231 = CARTESIAN_POINT('',(-11.88679680136,-4.283635436594,
    -8.868467975684));
#232 = CARTESIAN_POINT('',(-11.79433666382,-4.283635433321,
    -9.104660953935));
#233 = CARTESIAN_POINT('',(-11.77503255869,-4.283635432637,
    -9.155076746739));
#234 = CARTESIAN_POINT('',(-11.75609132248,-4.283635431967,
    -9.205635990302));
#235 = CARTESIAN_POINT('',(-11.73750277807,-4.283635431309,
    -9.256331009135));
#236 = CARTESIAN_POINT('',(-11.71925648834,-4.283635430663,
    -9.307154423711));
#237 = CARTESIAN_POINT('',(-11.70134217986,-4.283635430029,
    -9.358099072668));
#238 = CARTESIAN_POINT('',(-11.62676318041,-4.283635427388,
    -9.574556326445));
#239 = CARTESIAN_POINT('',(-11.57316193872,-4.283635425491,
    -9.741145079097));
#240 = CARTESIAN_POINT('',(-11.52261622088,-4.283635423702,
    -9.90870576548));
#241 = CARTESIAN_POINT('',(-11.47485225301,-4.283635422011,-10.077052065
    ));
#242 = CARTESIAN_POINT('',(-11.42963545057,-4.28363542041,
    -10.24602409874));
#243 = CARTESIAN_POINT('',(-11.38675742094,-4.283635418892,
    -10.4154808674));
#244 = CARTESIAN_POINT('',(-11.33052294077,-4.283635416902,
    -10.64993034408));
#245 = CARTESIAN_POINT('',(-11.31533022193,-4.283635416364,
    -10.71461961708));
#246 = CARTESIAN_POINT('',(-11.30043866174,-4.283635415837,
    -10.77935068399));
#247 = CARTESIAN_POINT('',(-11.28583833316,-4.28363541532,
    -10.84411521729));
#248 = CARTESIAN_POINT('',(-11.27151969653,-4.283635414813,
    -10.90890433765));
#249 = CARTESIAN_POINT('',(-11.25747350605,-4.283635414316,
    -10.97370846247));
#250 = CARTESIAN_POINT('',(-11.24369071636,-4.283635413828,
    -11.03851715435));
#251 = ORIENTED_EDGE('',*,*,#252,.T.);
#252 = EDGE_CURVE('',#222,#253,#255,.T.);
#253 = VERTEX_POINT('',#254);
#254 = CARTESIAN_POINT('',(-11.24999932045,-4.283635405201,
    -11.33582988548));
#255 = CIRCLE('',#256,11.25);
#256 = AXIS2_PLACEMENT_3D('',#257,#258,#259);
#257 = CARTESIAN_POINT('',(8.3974026579E-07,-4.283635015802,
    -11.33582988548));
#258 = DIRECTION('',(3.539988028E-08,-1.,1.751999999698E-14));
#259 = DIRECTION('',(-0.737513928665,-2.610791661139E-08,-0.675331922113
    ));
#260 = ORIENTED_EDGE('',*,*,#261,.T.);
#261 = EDGE_CURVE('',#253,#262,#264,.T.);
#262 = VERTEX_POINT('',#263);
#263 = CARTESIAN_POINT('',(-10.81661107075,-4.283635398709,
    -14.42811681229));
#264 = CIRCLE('',#265,11.25);
#265 = AXIS2_PLACEMENT_3D('',#266,#267,#268);
#266 = CARTESIAN_POINT('',(8.3974026579E-07,-4.283635015802,
    -11.33582988548));
#267 = DIRECTION('',(3.539988028E-08,-1.,1.751999999698E-14));
#268 = DIRECTION('',(-0.737513928665,-2.610791661139E-08,-0.675331922113
    ));
#269 = ORIENTED_EDGE('',*,*,#270,.T.);
#270 = EDGE_CURVE('',#262,#271,#273,.T.);
#271 = VERTEX_POINT('',#272);
#272 = CARTESIAN_POINT('',(-10.65320517135,-4.283635392925,
    -19.68582979489));
#273 = B_SPLINE_CURVE_WITH_KNOTS('',5,(#274,#275,#276,#277,#278,#279),
  .UNSPECIFIED.,.F.,.F.,(6,6),(0.,1.),.PIECEWISE_BEZIER_KNOTS.);
#274 = CARTESIAN_POINT('',(-10.8423684733,-4.283635399621,
    -13.54486863964));
#275 = CARTESIAN_POINT('',(-10.78940909163,-4.283635397746,
    -15.41976989143));
#276 = CARTESIAN_POINT('',(-10.73296529537,-4.283635395748,
    -17.29457279642));
#277 = CARTESIAN_POINT('',(-10.67278942637,-4.283635393618,
    -19.1692622889));
#278 = CARTESIAN_POINT('',(-10.60859579406,-4.283635391346,
    -21.0438183889));
#279 = CARTESIAN_POINT('',(-10.54003099175,-4.283635388919,
    -22.91821522637));
#280 = ORIENTED_EDGE('',*,*,#281,.F.);
#281 = EDGE_CURVE('',#282,#271,#284,.T.);
#282 = VERTEX_POINT('',#283);
#283 = CARTESIAN_POINT('',(-8.026776702388,-4.28363529995,
    -19.68582979489));
#284 = LINE('',#285,#286);
#285 = CARTESIAN_POINT('',(-11.24999949834,-4.283635414051,
    -19.68582979489));
#286 = VECTOR('',#287,1.);
#287 = DIRECTION('',(-1.,-3.539988918E-08,0.));
#288 = ORIENTED_EDGE('',*,*,#289,.T.);
#289 = EDGE_CURVE('',#282,#290,#292,.T.);
#290 = VERTEX_POINT('',#291);
#291 = CARTESIAN_POINT('',(8.026777705697,-4.283634731655,
    -19.68582979489));
#292 = CIRCLE('',#293,11.582385431479);
#293 = AXIS2_PLACEMENT_3D('',#294,#295,#296);
#294 = CARTESIAN_POINT('',(5.016544926445E-07,-4.283635015802,
    -11.33582979489));
#295 = DIRECTION('',(3.539988946E-08,-1.,1.764E-14));
#296 = DIRECTION('',(1.,3.539988946E-08,6.0179786582E-22));
#297 = ORIENTED_EDGE('',*,*,#298,.T.);
#298 = EDGE_CURVE('',#290,#299,#301,.T.);
#299 = VERTEX_POINT('',#300);
#300 = CARTESIAN_POINT('',(10.654003837665,-4.283634638652,
    -19.68582979489));
#301 = LINE('',#302,#303);
#302 = CARTESIAN_POINT('',(8.026777705697,-4.283634731655,
    -19.68582979489));
#303 = VECTOR('',#304,1.);
#304 = DIRECTION('',(1.,3.539988918E-08,0.));
#305 = ORIENTED_EDGE('',*,*,#306,.F.);
#306 = EDGE_CURVE('',#307,#299,#309,.T.);
#307 = VERTEX_POINT('',#308);
#308 = CARTESIAN_POINT('',(10.816620035582,-4.283634632895,
    -14.42827946469));
#309 = B_SPLINE_CURVE_WITH_KNOTS('',5,(#310,#311,#312,#313,#314,#315),
  .UNSPECIFIED.,.F.,.F.,(6,6),(0.,1.),.PIECEWISE_BEZIER_KNOTS.);
#310 = CARTESIAN_POINT('',(10.843239512271,-4.283634631953,
    -13.54486863964));
#311 = CARTESIAN_POINT('',(10.790275282746,-4.283634633828,
    -15.41977028451));
#312 = CARTESIAN_POINT('',(10.733791644554,-4.283634635827,
    -17.29457252262));
#313 = CARTESIAN_POINT('',(10.673580691175,-4.283634637959,
    -19.16926139372));
#314 = CARTESIAN_POINT('',(10.609379692004,-4.283634640232,
    -21.0438176811));
#315 = CARTESIAN_POINT('',(10.540819952979,-4.283634642659,
    -22.91821522637));
#316 = ORIENTED_EDGE('',*,*,#317,.F.);
#317 = EDGE_CURVE('',#318,#307,#320,.T.);
#318 = VERTEX_POINT('',#319);
#319 = CARTESIAN_POINT('',(11.246070116878,-4.283634617693,
    -11.03851715435));
#320 = CIRCLE('',#321,11.25);
#321 = AXIS2_PLACEMENT_3D('',#322,#323,#324);
#322 = CARTESIAN_POINT('',(-5.3646214536E-07,-4.283635015802,
    -11.33582988548));
#323 = DIRECTION('',(-3.539990152E-08,1.,-1.751999999698E-14));
#324 = DIRECTION('',(0.737513928666,2.610790861257E-08,-0.675331922113)
  );
#325 = ORIENTED_EDGE('',*,*,#326,.F.);
#326 = EDGE_CURVE('',#327,#318,#329,.T.);
#327 = VERTEX_POINT('',#328);
#328 = CARTESIAN_POINT('',(11.350001174256,-4.283634548858,
    -10.56876199502));
#329 = B_SPLINE_CURVE_WITH_KNOTS('',7,(#330,#331,#332,#333,#334,#335,
    #336,#337,#338,#339,#340,#341,#342,#343,#344,#345,#346,#347,#348,
    #349,#350,#351,#352,#353,#354,#355),.UNSPECIFIED.,.F.,.F.,(8,6,6,6,8
    ),(0.,0.403317809382,0.512351466097,0.865551490586,1.),
  .UNSPECIFIED.);
#330 = CARTESIAN_POINT('',(12.445805561228,-4.283634575222,
    -7.812577876088));
#331 = CARTESIAN_POINT('',(12.336313836243,-4.283634579098,
    -7.978916711321));
#332 = CARTESIAN_POINT('',(12.233618451464,-4.283634582734,
    -8.149815593934));
#333 = CARTESIAN_POINT('',(12.137674721012,-4.28363458613,
    -8.324774103318));
#334 = CARTESIAN_POINT('',(12.048156536631,-4.283634589299,
    -8.503212400151));
#335 = CARTESIAN_POINT('',(11.964680724739,-4.283634592254,
    -8.684602538236));
#336 = CARTESIAN_POINT('',(11.886797104654,-4.283634595011,
    -8.868467975693));
#337 = CARTESIAN_POINT('',(11.794336967116,-4.283634598284,
    -9.104660953944));
#338 = CARTESIAN_POINT('',(11.775032861984,-4.283634598967,
    -9.155076746748));
#339 = CARTESIAN_POINT('',(11.756091625768,-4.283634599638,
    -9.20563599031));
#340 = CARTESIAN_POINT('',(11.737503081365,-4.283634600296,
    -9.256331009144));
#341 = CARTESIAN_POINT('',(11.719256791634,-4.283634600942,
    -9.307154423719));
#342 = CARTESIAN_POINT('',(11.701342483148,-4.283634601576,
    -9.358099072676));
#343 = CARTESIAN_POINT('',(11.626763483701,-4.283634604216,
    -9.574556326451));
#344 = CARTESIAN_POINT('',(11.57316224201,-4.283634606114,
    -9.741145079103));
#345 = CARTESIAN_POINT('',(11.522616524163,-4.283634607903,
    -9.908705765484));
#346 = CARTESIAN_POINT('',(11.474852556292,-4.283634609594,-10.077052065
    ));
#347 = CARTESIAN_POINT('',(11.429635753851,-4.283634611195,
    -10.24602409875));
#348 = CARTESIAN_POINT('',(11.386757724216,-4.283634612712,
    -10.4154808674));
#349 = CARTESIAN_POINT('',(11.330523244053,-4.283634614703,
    -10.64993034408));
#350 = CARTESIAN_POINT('',(11.315330525207,-4.283634615241,
    -10.71461961708));
#351 = CARTESIAN_POINT('',(11.300438965016,-4.283634615768,
    -10.77935068399));
#352 = CARTESIAN_POINT('',(11.285838636441,-4.283634616285,
    -10.84411521729));
#353 = CARTESIAN_POINT('',(11.271519999809,-4.283634616792,
    -10.90890433765));
#354 = CARTESIAN_POINT('',(11.257473809333,-4.283634617289,
    -10.97370846247));
#355 = CARTESIAN_POINT('',(11.24369101964,-4.283634617777,
    -11.03851715435));
#356 = ORIENTED_EDGE('',*,*,#357,.F.);
#357 = EDGE_CURVE('',#358,#327,#360,.T.);
#358 = VERTEX_POINT('',#359);
#359 = CARTESIAN_POINT('',(11.350001174252,-4.283634614014,
    -9.694142995921));
#360 = LINE('',#361,#362);
#361 = CARTESIAN_POINT('',(11.350001174252,-4.283634350106,
    -9.694143393776));
#362 = VECTOR('',#363,1.);
#363 = DIRECTION('',(0.,-1.5274916892E-07,-1.));
#364 = ORIENTED_EDGE('',*,*,#365,.T.);
#365 = EDGE_CURVE('',#358,#366,#368,.T.);
#366 = VERTEX_POINT('',#367);
#367 = CARTESIAN_POINT('',(11.350001174252,-4.283634493654,
    -5.437753429953));
#368 = LINE('',#369,#370);
#369 = CARTESIAN_POINT('',(11.350001174252,-4.283634614014,
    -8.977070082168));
#370 = VECTOR('',#371,1.);
#371 = DIRECTION('',(0.,1.698E-14,1.));
#372 = ORIENTED_EDGE('',*,*,#373,.T.);
#373 = EDGE_CURVE('',#366,#180,#374,.T.);
#374 = LINE('',#375,#376);
#375 = CARTESIAN_POINT('',(11.350001174252,-4.283634493654,
    -5.437753429953));
#376 = VECTOR('',#377,1.);
#377 = DIRECTION('',(1.,0.,0.));
#378 = FACE_BOUND('',#379,.T.);
#379 = EDGE_LOOP('',(#380,#390,#398,#406));
#380 = ORIENTED_EDGE('',*,*,#381,.F.);
#381 = EDGE_CURVE('',#382,#384,#386,.T.);
#382 = VERTEX_POINT('',#383);
#383 = CARTESIAN_POINT('',(-4.25,-4.283635396351,-4.835829794896));
#384 = VERTEX_POINT('',#385);
#385 = CARTESIAN_POINT('',(-4.25,-4.283635396351,-17.83582979489));
#386 = LINE('',#387,#388);
#387 = CARTESIAN_POINT('',(-4.25,-4.283635396351,-7.081366429683));
#388 = VECTOR('',#389,1.);
#389 = DIRECTION('',(0.,0.,-1.));
#390 = ORIENTED_EDGE('',*,*,#391,.F.);
#391 = EDGE_CURVE('',#392,#382,#394,.T.);
#392 = VERTEX_POINT('',#393);
#393 = CARTESIAN_POINT('',(4.25,-4.283635396351,-4.835829794896));
#394 = LINE('',#395,#396);
#395 = CARTESIAN_POINT('',(5.250000587126,-4.283635396351,
    -4.835829794896));
#396 = VECTOR('',#397,1.);
#397 = DIRECTION('',(-1.,0.,0.));
#398 = ORIENTED_EDGE('',*,*,#399,.T.);
#399 = EDGE_CURVE('',#392,#400,#402,.T.);
#400 = VERTEX_POINT('',#401);
#401 = CARTESIAN_POINT('',(4.25,-4.283635396351,-17.83582979489));
#402 = LINE('',#403,#404);
#403 = CARTESIAN_POINT('',(4.25,-4.283635396351,-7.081366429683));
#404 = VECTOR('',#405,1.);
#405 = DIRECTION('',(0.,0.,-1.));
#406 = ORIENTED_EDGE('',*,*,#407,.F.);
#407 = EDGE_CURVE('',#384,#400,#408,.T.);
#408 = LINE('',#409,#410);
#409 = CARTESIAN_POINT('',(5.250000587126,-4.283635396351,
    -17.83582979489));
#410 = VECTOR('',#411,1.);
#411 = DIRECTION('',(1.,0.,0.));
#412 = PLANE('',#413);
#413 = AXIS2_PLACEMENT_3D('',#414,#415,#416);
#414 = CARTESIAN_POINT('',(2.182702140047E-05,-4.283635015802,
    -9.918310369441));
#415 = DIRECTION('',(3.539988928E-08,-1.,1.698E-14));
#416 = DIRECTION('',(-1.,-3.539988928E-08,9.403954806578E-38));
#417 = ADVANCED_FACE('',(#418),#451,.T.);
#418 = FACE_BOUND('',#419,.F.);
#419 = EDGE_LOOP('',(#420,#430,#438,#444,#445));
#420 = ORIENTED_EDGE('',*,*,#421,.F.);
#421 = EDGE_CURVE('',#422,#424,#426,.T.);
#422 = VERTEX_POINT('',#423);
#423 = CARTESIAN_POINT('',(20.327426601309,-3.783634271672,
    -3.463099133997));
#424 = VERTEX_POINT('',#425);
#425 = CARTESIAN_POINT('',(19.976470172996,-4.260903636305,
    -2.985829798825));
#426 = LINE('',#427,#428);
#427 = CARTESIAN_POINT('',(21.121413181379,-2.703883570047,
    -4.542849828481));
#428 = VECTOR('',#429,1.);
#429 = DIRECTION('',(-0.46132875723,-0.627365841533,0.627365825202));
#430 = ORIENTED_EDGE('',*,*,#431,.F.);
#431 = EDGE_CURVE('',#432,#422,#434,.T.);
#432 = VERTEX_POINT('',#433);
#433 = CARTESIAN_POINT('',(19.710773746028,-3.783634318043,
    -5.437753429953));
#434 = LINE('',#435,#436);
#435 = CARTESIAN_POINT('',(19.710773757737,-3.783634318043,
    -5.437753392458));
#436 = VECTOR('',#437,1.);
#437 = DIRECTION('',(0.298087133191,1.055226801E-08,0.954538663976));
#438 = ORIENTED_EDGE('',*,*,#439,.F.);
#439 = EDGE_CURVE('',#180,#432,#440,.T.);
#440 = LINE('',#441,#442);
#441 = CARTESIAN_POINT('',(17.523400057585,-5.871567236593,
    -5.437753429953));
#442 = VECTOR('',#443,1.);
#443 = DIRECTION('',(0.723357971002,0.69047320425,0.));
#444 = ORIENTED_EDGE('',*,*,#179,.T.);
#445 = ORIENTED_EDGE('',*,*,#446,.F.);
#446 = EDGE_CURVE('',#424,#182,#447,.T.);
#447 = LINE('',#448,#449);
#448 = CARTESIAN_POINT('',(19.147040025101,-5.052626847448,
    -2.985829794897));
#449 = VECTOR('',#450,1.);
#450 = DIRECTION('',(-0.723357971002,-0.69047320425,1.213E-14));
#451 = PLANE('',#452);
#452 = AXIS2_PLACEMENT_3D('',#453,#454,#455);
#453 = CARTESIAN_POINT('',(19.47213910024,-4.033634326491,-5.36323160905
    ));
#454 = DIRECTION('',(0.674960791736,-0.707106757816,-0.210779417094));
#455 = DIRECTION('',(-0.298087121867,-2.241548424653E-08,-0.954538667513
    ));
#456 = ADVANCED_FACE('',(#457),#483,.T.);
#457 = FACE_BOUND('',#458,.T.);
#458 = EDGE_LOOP('',(#459,#460,#468,#476,#482));
#459 = ORIENTED_EDGE('',*,*,#373,.F.);
#460 = ORIENTED_EDGE('',*,*,#461,.F.);
#461 = EDGE_CURVE('',#462,#366,#464,.T.);
#462 = VERTEX_POINT('',#463);
#463 = CARTESIAN_POINT('',(11.350001174252,-3.283634882527,
    -5.437753429953));
#464 = LINE('',#465,#466);
#465 = CARTESIAN_POINT('',(11.350001174252,-3.283634882527,
    -5.437753429953));
#466 = VECTOR('',#467,1.);
#467 = DIRECTION('',(0.,-1.,0.));
#468 = ORIENTED_EDGE('',*,*,#469,.T.);
#469 = EDGE_CURVE('',#462,#470,#472,.T.);
#470 = VERTEX_POINT('',#471);
#471 = CARTESIAN_POINT('',(19.710773729103,-3.283634882527,
    -5.437753429953));
#472 = LINE('',#473,#474);
#473 = CARTESIAN_POINT('',(11.350001174252,-3.283634882527,
    -5.437753429953));
#474 = VECTOR('',#475,1.);
#475 = DIRECTION('',(1.,0.,0.));
#476 = ORIENTED_EDGE('',*,*,#477,.F.);
#477 = EDGE_CURVE('',#432,#470,#478,.T.);
#478 = LINE('',#479,#480);
#479 = CARTESIAN_POINT('',(19.710773759181,-4.172202497642,
    -5.437753429953));
#480 = VECTOR('',#481,1.);
#481 = DIRECTION('',(-3.384985789E-08,1.,0.));
#482 = ORIENTED_EDGE('',*,*,#439,.F.);
#483 = PLANE('',#484);
#484 = AXIS2_PLACEMENT_3D('',#485,#486,#487);
#485 = CARTESIAN_POINT('',(11.350001174252,-3.283634882527,
    -5.437753429953));
#486 = DIRECTION('',(0.,0.,-1.));
#487 = DIRECTION('',(0.,-1.,0.));
#488 = ADVANCED_FACE('',(#489,#526),#537,.T.);
#489 = FACE_BOUND('',#490,.T.);
#490 = EDGE_LOOP('',(#491,#492,#493,#501,#509,#518,#525));
#491 = ORIENTED_EDGE('',*,*,#365,.F.);
#492 = ORIENTED_EDGE('',*,*,#357,.T.);
#493 = ORIENTED_EDGE('',*,*,#494,.T.);
#494 = EDGE_CURVE('',#327,#495,#497,.T.);
#495 = VERTEX_POINT('',#496);
#496 = CARTESIAN_POINT('',(11.350001174252,-4.283634493654,
    -10.63390615983));
#497 = LINE('',#498,#499);
#498 = CARTESIAN_POINT('',(11.350001174252,-4.283634350106,
    -9.694143393776));
#499 = VECTOR('',#500,1.);
#500 = DIRECTION('',(0.,-1.5274916892E-07,-1.));
#501 = ORIENTED_EDGE('',*,*,#502,.T.);
#502 = EDGE_CURVE('',#495,#503,#505,.T.);
#503 = VERTEX_POINT('',#504);
#504 = CARTESIAN_POINT('',(11.350001174252,-3.283634882527,
    -10.63390615983));
#505 = LINE('',#506,#507);
#506 = CARTESIAN_POINT('',(11.350001174252,-4.283634493654,
    -10.63390615983));
#507 = VECTOR('',#508,1.);
#508 = DIRECTION('',(0.,1.,0.));
#509 = ORIENTED_EDGE('',*,*,#510,.T.);
#510 = EDGE_CURVE('',#503,#511,#513,.T.);
#511 = VERTEX_POINT('',#512);
#512 = CARTESIAN_POINT('',(11.350001174252,-1.783635148552,
    -11.03582979489));
#513 = CIRCLE('',#514,3.);
#514 = AXIS2_PLACEMENT_3D('',#515,#516,#517);
#515 = CARTESIAN_POINT('',(11.350001174252,-1.783635148552,
    -8.035829794896));
#516 = DIRECTION('',(1.,-0.,0.));
#517 = DIRECTION('',(0.,0.,-1.));
#518 = ORIENTED_EDGE('',*,*,#519,.T.);
#519 = EDGE_CURVE('',#511,#462,#520,.T.);
#520 = CIRCLE('',#521,3.);
#521 = AXIS2_PLACEMENT_3D('',#522,#523,#524);
#522 = CARTESIAN_POINT('',(11.350001174252,-1.783635148552,
    -8.035829794896));
#523 = DIRECTION('',(1.,-0.,0.));
#524 = DIRECTION('',(0.,0.,-1.));
#525 = ORIENTED_EDGE('',*,*,#461,.T.);
#526 = FACE_BOUND('',#527,.T.);
#527 = EDGE_LOOP('',(#528));
#528 = ORIENTED_EDGE('',*,*,#529,.F.);
#529 = EDGE_CURVE('',#530,#530,#532,.T.);
#530 = VERTEX_POINT('',#531);
#531 = CARTESIAN_POINT('',(11.350001174252,-1.783635148552,
    -9.735829794896));
#532 = CIRCLE('',#533,1.7);
#533 = AXIS2_PLACEMENT_3D('',#534,#535,#536);
#534 = CARTESIAN_POINT('',(11.350001174252,-1.783635148552,
    -8.035829794896));
#535 = DIRECTION('',(1.,-0.,0.));
#536 = DIRECTION('',(0.,0.,-1.));
#537 = PLANE('',#538);
#538 = AXIS2_PLACEMENT_3D('',#539,#540,#541);
#539 = CARTESIAN_POINT('',(11.350001174252,-2.015939275765,
    -8.07756470141));
#540 = DIRECTION('',(1.,0.,0.));
#541 = DIRECTION('',(0.,0.,1.));
#542 = ADVANCED_FACE('',(#543),#612,.F.);
#543 = FACE_BOUND('',#544,.F.);
#544 = EDGE_LOOP('',(#545,#553,#562,#570,#578,#586,#594,#602,#608,#609,
    #610,#611));
#545 = ORIENTED_EDGE('',*,*,#546,.T.);
#546 = EDGE_CURVE('',#495,#547,#549,.T.);
#547 = VERTEX_POINT('',#548);
#548 = CARTESIAN_POINT('',(14.041082409921,-4.283634506202,
    -10.63390615983));
#549 = LINE('',#550,#551);
#550 = CARTESIAN_POINT('',(11.350001174252,-4.283634493654,
    -10.63390615983));
#551 = VECTOR('',#552,1.);
#552 = DIRECTION('',(1.,0.,0.));
#553 = ORIENTED_EDGE('',*,*,#554,.T.);
#554 = EDGE_CURVE('',#547,#555,#557,.T.);
#555 = VERTEX_POINT('',#556);
#556 = CARTESIAN_POINT('',(14.750001174252,-4.283634945003,
    -11.40679741907));
#557 = ELLIPSE('',#558,9.475868950861,4.940819446345);
#558 = AXIS2_PLACEMENT_3D('',#559,#560,#561);
#559 = CARTESIAN_POINT('',(21.583913214037,-4.283634251734,
    -10.03194471437));
#560 = DIRECTION('',(3.539988918E-08,-1.,1.732000000023E-14));
#561 = DIRECTION('',(-0.921428999147,-3.26184777274E-08,0.388546779078)
  );
#562 = ORIENTED_EDGE('',*,*,#563,.T.);
#563 = EDGE_CURVE('',#555,#564,#566,.T.);
#564 = VERTEX_POINT('',#565);
#565 = CARTESIAN_POINT('',(14.750001174252,-4.283635396351,
    -12.73775342995));
#566 = LINE('',#567,#568);
#567 = CARTESIAN_POINT('',(14.750001174252,-4.283635396351,
    -2.985829794896));
#568 = VECTOR('',#569,1.);
#569 = DIRECTION('',(-0.,-0.,-1.));
#570 = ORIENTED_EDGE('',*,*,#571,.F.);
#571 = EDGE_CURVE('',#572,#564,#574,.T.);
#572 = VERTEX_POINT('',#573);
#573 = CARTESIAN_POINT('',(11.350001174252,-4.283635396351,
    -12.73775342995));
#574 = LINE('',#575,#576);
#575 = CARTESIAN_POINT('',(11.350001174252,-4.283635396351,
    -12.73775342995));
#576 = VECTOR('',#577,1.);
#577 = DIRECTION('',(1.,0.,0.));
#578 = ORIENTED_EDGE('',*,*,#579,.T.);
#579 = EDGE_CURVE('',#572,#580,#582,.T.);
#580 = VERTEX_POINT('',#581);
#581 = CARTESIAN_POINT('',(11.350001174252,-4.283635396351,
    -17.93390615983));
#582 = LINE('',#583,#584);
#583 = CARTESIAN_POINT('',(11.350001174252,-4.283635396351,
    -16.9941418165));
#584 = VECTOR('',#585,1.);
#585 = DIRECTION('',(0.,0.,-1.));
#586 = ORIENTED_EDGE('',*,*,#587,.T.);
#587 = EDGE_CURVE('',#580,#588,#590,.T.);
#588 = VERTEX_POINT('',#589);
#589 = CARTESIAN_POINT('',(14.750001174254,-4.283635396351,
    -17.93390615983));
#590 = LINE('',#591,#592);
#591 = CARTESIAN_POINT('',(11.350001174252,-4.283635396351,
    -17.93390615983));
#592 = VECTOR('',#593,1.);
#593 = DIRECTION('',(1.,0.,0.));
#594 = ORIENTED_EDGE('',*,*,#595,.T.);
#595 = EDGE_CURVE('',#588,#596,#598,.T.);
#596 = VERTEX_POINT('',#597);
#597 = CARTESIAN_POINT('',(14.750001174252,-4.283635396351,
    -19.68582979489));
#598 = LINE('',#599,#600);
#599 = CARTESIAN_POINT('',(14.750001174252,-4.283635396351,
    -2.985829794896));
#600 = VECTOR('',#601,1.);
#601 = DIRECTION('',(-0.,-0.,-1.));
#602 = ORIENTED_EDGE('',*,*,#603,.T.);
#603 = EDGE_CURVE('',#596,#299,#604,.T.);
#604 = LINE('',#605,#606);
#605 = CARTESIAN_POINT('',(8.541895727562,-4.283635396351,
    -19.68582979489));
#606 = VECTOR('',#607,1.);
#607 = DIRECTION('',(-1.,0.,0.));
#608 = ORIENTED_EDGE('',*,*,#306,.F.);
#609 = ORIENTED_EDGE('',*,*,#317,.F.);
#610 = ORIENTED_EDGE('',*,*,#326,.F.);
#611 = ORIENTED_EDGE('',*,*,#494,.T.);
#612 = PLANE('',#613);
#613 = AXIS2_PLACEMENT_3D('',#614,#615,#616);
#614 = CARTESIAN_POINT('',(14.750001174252,-4.283635396351,
    -2.985829794896));
#615 = DIRECTION('',(0.,1.,0.));
#616 = DIRECTION('',(-1.,0.,0.));
#617 = ADVANCED_FACE('',(#618),#670,.T.);
#618 = FACE_BOUND('',#619,.T.);
#619 = EDGE_LOOP('',(#620,#628,#669));
#620 = ORIENTED_EDGE('',*,*,#621,.F.);
#621 = EDGE_CURVE('',#622,#290,#624,.T.);
#622 = VERTEX_POINT('',#623);
#623 = CARTESIAN_POINT('',(8.026777609767,-1.57375176575,-19.68582979489
    ));
#624 = LINE('',#625,#626);
#625 = CARTESIAN_POINT('',(8.026777493297,1.716365268345,-19.68582979489
    ));
#626 = VECTOR('',#627,1.);
#627 = DIRECTION('',(3.539988918E-08,-1.,1.737E-14));
#628 = ORIENTED_EDGE('',*,*,#629,.T.);
#629 = EDGE_CURVE('',#622,#299,#630,.T.);
#630 = B_SPLINE_CURVE_WITH_KNOTS('',7,(#631,#632,#633,#634,#635,#636,
    #637,#638,#639,#640,#641,#642,#643,#644,#645,#646,#647,#648,#649,
    #650,#651,#652,#653,#654,#655,#656,#657,#658,#659,#660,#661,#662,
    #663,#664,#665,#666,#667,#668),.UNSPECIFIED.,.F.,.F.,(8,6,6,6,6,6,8)
  ,(0.,0.115574864706,0.313732040069,0.517208202776,0.628195368787,
    0.813174635008,1.),.UNSPECIFIED.);
#631 = CARTESIAN_POINT('',(8.026777609767,-1.57375176575,-19.68582979489
    ));
#632 = CARTESIAN_POINT('',(8.089667766136,-1.593518495757,
    -19.68582979489));
#633 = CARTESIAN_POINT('',(8.152499235682,-1.613471949434,
    -19.68582979489));
#634 = CARTESIAN_POINT('',(8.215271195234,-1.6336123735,-19.68582979489)
  );
#635 = CARTESIAN_POINT('',(8.277982820481,-1.65394001601,-19.68582979489
    ));
#636 = CARTESIAN_POINT('',(8.340633285976,-1.674455126354,
    -19.68582979489));
#637 = CARTESIAN_POINT('',(8.403221765131,-1.695157955259,
    -19.68582979489));
#638 = CARTESIAN_POINT('',(8.572949884776,-1.751866766219,
    -19.68582979489));
#639 = CARTESIAN_POINT('',(8.680263403088,-1.786173250615,
    -19.68582979489));
#640 = CARTESIAN_POINT('',(8.784273095906,-1.829549441569,
    -19.68582979489));
#641 = CARTESIAN_POINT('',(8.886678047197,-1.877619083379,
    -19.68582979489));
#642 = CARTESIAN_POINT('',(8.987904359463,-1.928167353075,
    -19.68582979489));
#643 = CARTESIAN_POINT('',(9.086107256216,-1.984330322645,
    -19.68582979489));
#644 = CARTESIAN_POINT('',(9.279579454996,-2.104977376427,
    -19.68582979489));
#645 = CARTESIAN_POINT('',(9.375596685379,-2.170672168145,
    -19.68582979489));
#646 = CARTESIAN_POINT('',(9.469262163162,-2.240775737148,
    -19.68582979489));
#647 = CARTESIAN_POINT('',(9.560224118741,-2.315124483951,
    -19.68582979489));
#648 = CARTESIAN_POINT('',(9.648130782514,-2.393554809068,
    -19.68582979489));
#649 = CARTESIAN_POINT('',(9.732630384878,-2.475903113014,
    -19.68582979489));
#650 = CARTESIAN_POINT('',(9.857411643697,-2.608970967442,
    -19.68582979489));
#651 = CARTESIAN_POINT('',(9.900327302336,-2.65705928642,-19.68582979489
    ));
#652 = CARTESIAN_POINT('',(9.942090830724,-2.706214924547,
    -19.68582979489));
#653 = CARTESIAN_POINT('',(9.982675356541,-2.756381420742,
    -19.68582979489));
#654 = CARTESIAN_POINT('',(10.02205443656,-2.807501681531,
    -19.68582979489));
#655 = CARTESIAN_POINT('',(10.060202056654,-2.859517981048,
    -19.68582979489));
#656 = CARTESIAN_POINT('',(10.158577141798,-3.000462240176,
    -19.68582979489));
#657 = CARTESIAN_POINT('',(10.216569152166,-3.090881525523,
    -19.68582979489));
#658 = CARTESIAN_POINT('',(10.270947417903,-3.183364490137,
    -19.68582979489));
#659 = CARTESIAN_POINT('',(10.321590694016,-3.277645807077,
    -19.68582979489));
#660 = CARTESIAN_POINT('',(10.368377735514,-3.373460149403,
    -19.68582979489));
#661 = CARTESIAN_POINT('',(10.411187297405,-3.470542190174,
    -19.68582979489));
#662 = CARTESIAN_POINT('',(10.488995307337,-3.667689900184,
    -19.68582979489));
#663 = CARTESIAN_POINT('',(10.522773726825,-3.768463518145,
    -19.68582979489));
#664 = CARTESIAN_POINT('',(10.559899784494,-3.86867392055,
    -19.68582979489));
#665 = CARTESIAN_POINT('',(10.574064741712,-3.974277844896,
    -19.68582979489));
#666 = CARTESIAN_POINT('',(10.605127941824,-4.076975042832,
    -19.68582979489));
#667 = CARTESIAN_POINT('',(10.629333715117,-4.180303557074,
    -19.68582979489));
#668 = CARTESIAN_POINT('',(10.654003837665,-4.283634638652,
    -19.68582979489));
#669 = ORIENTED_EDGE('',*,*,#298,.F.);
#670 = PLANE('',#671);
#671 = AXIS2_PLACEMENT_3D('',#672,#673,#674);
#672 = CARTESIAN_POINT('',(11.644052696058,-1.283634603604,
    -19.68582979489));
#673 = DIRECTION('',(0.,-1.747E-14,-1.));
#674 = DIRECTION('',(-3.539987446E-08,1.,-1.747E-14));
#675 = ADVANCED_FACE('',(#676),#783,.T.);
#676 = FACE_BOUND('',#677,.F.);
#677 = EDGE_LOOP('',(#678,#775,#781,#782));
#678 = ORIENTED_EDGE('',*,*,#679,.F.);
#679 = EDGE_CURVE('',#680,#622,#682,.T.);
#680 = VERTEX_POINT('',#681);
#681 = CARTESIAN_POINT('',(-8.026776798267,-1.575179619918,
    -19.68582979489));
#682 = B_SPLINE_CURVE_WITH_KNOTS('',7,(#683,#684,#685,#686,#687,#688,
    #689,#690,#691,#692,#693,#694,#695,#696,#697,#698,#699,#700,#701,
    #702,#703,#704,#705,#706,#707,#708,#709,#710,#711,#712,#713,#714,
    #715,#716,#717,#718,#719,#720,#721,#722,#723,#724,#725,#726,#727,
    #728,#729,#730,#731,#732,#733,#734,#735,#736,#737,#738,#739,#740,
    #741,#742,#743,#744,#745,#746,#747,#748,#749,#750,#751,#752,#753,
    #754,#755,#756,#757,#758,#759,#760,#761,#762,#763,#764,#765,#766,
    #767,#768,#769,#770,#771,#772,#773,#774),.UNSPECIFIED.,.F.,.F.,(8,6,
    6,6,6,6,6,6,6,6,6,6,6,6,6,8),(0.,0.132363483371,0.213931629742,
    0.261873498883,0.323438532948,0.385956554935,0.500909589779,
    0.614488295459,0.6769406407,0.735944918241,0.805901709506,
    0.866106622926,0.937665465522,0.969057124114,0.984999337362,1.),
  .UNSPECIFIED.);
#683 = CARTESIAN_POINT('',(-8.026776798267,-1.575179619918,
    -19.68582979489));
#684 = CARTESIAN_POINT('',(-7.786926348541,-1.496188976625,
    -19.91639580052));
#685 = CARTESIAN_POINT('',(-7.540808702251,-1.412944575532,
    -20.1375207601));
#686 = CARTESIAN_POINT('',(-7.288694009225,-1.326281795659,
    -20.34928449112));
#687 = CARTESIAN_POINT('',(-7.030765667715,-1.237065796137,
    -20.5517898575));
#688 = CARTESIAN_POINT('',(-6.767124844278,-1.146155705609,
    -20.74513836853));
#689 = CARTESIAN_POINT('',(-6.497786848678,-1.054388531125,
    -20.92941174948));
#690 = CARTESIAN_POINT('',(-6.053129980967,-0.906008086156,
    -21.21265477446));
#691 = CARTESIAN_POINT('',(-5.881407619272,-0.84942267638,
    -21.31721498141));
#692 = CARTESIAN_POINT('',(-5.707489921839,-0.793020227527,-21.418348226
    ));
#693 = CARTESIAN_POINT('',(-5.531363686242,-0.736995822397,
    -21.51605063749));
#694 = CARTESIAN_POINT('',(-5.353015233457,-0.681546020891,
    -21.61030704607));
#695 = CARTESIAN_POINT('',(-5.172430776822,-0.626868924627,
    -21.70109167591));
#696 = CARTESIAN_POINT('',(-4.882135687485,-0.541599188275,
    -21.83966619476));
#697 = CARTESIAN_POINT('',(-4.773898589914,-0.510370250326,
    -21.88975135402));
#698 = CARTESIAN_POINT('',(-4.664883131533,-0.479518821304,
    -21.93861687793));
#699 = CARTESIAN_POINT('',(-4.55508899366,-0.449084653067,
    -21.98625334462));
#700 = CARTESIAN_POINT('',(-4.444515756834,-0.419110448114,
    -22.03265028494));
#701 = CARTESIAN_POINT('',(-4.333163848553,-0.389639911926,
    -22.07779599007));
#702 = CARTESIAN_POINT('',(-4.077051804637,-0.323557684048,
    -22.17802539102));
#703 = CARTESIAN_POINT('',(-3.931790012231,-0.28729737561,
    -22.23228757904));
#704 = CARTESIAN_POINT('',(-3.785261849367,-0.252010788597,
    -22.28443370289));
#705 = CARTESIAN_POINT('',(-3.637481388751,-0.217780952401,
    -22.33443091115));
#706 = CARTESIAN_POINT('',(-3.488468679781,-0.184690856607,
    -22.38224332715));
#707 = CARTESIAN_POINT('',(-3.3382502915,-0.152822830426,-22.42783282378
    ));
#708 = CARTESIAN_POINT('',(-3.033125991057,-9.121988829944E-02,
    -22.51515744719));
#709 = CARTESIAN_POINT('',(-2.878183798045,-6.152568772229E-02,
    -22.55682189927));
#710 = CARTESIAN_POINT('',(-2.72206942007,-3.32602236E-02,
    -22.59611151489));
#711 = CARTESIAN_POINT('',(-2.564827337759,-6.507168859203E-03,
    -22.63298289824));
#712 = CARTESIAN_POINT('',(-2.406511063551,1.865227918906E-02,
    -22.66739211445));
#713 = CARTESIAN_POINT('',(-2.247183836443,4.214064418002E-02,
    -22.69929590663));
#714 = CARTESIAN_POINT('',(-1.792238001943,0.103867927248,
    -22.78263217921));
#715 = CARTESIAN_POINT('',(-1.494352605319,0.13796044355,-22.82800756245
    ));
#716 = CARTESIAN_POINT('',(-1.193769783365,0.165703151398,-22.8645093283
    ));
#717 = CARTESIAN_POINT('',(-0.891065128844,0.186708219633,
    -22.89190939459));
#718 = CARTESIAN_POINT('',(-0.586888173752,0.200682434835,
    -22.91003623204));
#719 = CARTESIAN_POINT('',(-0.281967332257,0.207451680048,
    -22.91879495727));
#720 = CARTESIAN_POINT('',(0.324093078776,0.206528386098,-22.91759748002
    ));
#721 = CARTESIAN_POINT('',(0.625287196969,0.199011252666,-22.90786330391
    ));
#722 = CARTESIAN_POINT('',(0.925687105182,0.184476400334,-22.88899262331
    ));
#723 = CARTESIAN_POINT('',(1.224594050003,0.163100369592,-22.86108114347
    ));
#724 = CARTESIAN_POINT('',(1.521386236002,0.135172427573,-22.82429836977
    ));
#725 = CARTESIAN_POINT('',(1.815514071341,0.101071297971,-22.77886823622
    ));
#726 = CARTESIAN_POINT('',(2.266494306853,3.934130792636E-02,
    -22.69545711226));
#727 = CARTESIAN_POINT('',(2.425551657217,1.570745836335E-02,
    -22.66332658775));
#728 = CARTESIAN_POINT('',(2.583594772455,-9.587014835226E-03,
    -22.62869951687));
#729 = CARTESIAN_POINT('',(2.740561299144,-3.646460821362E-02,
    -22.59161906983));
#730 = CARTESIAN_POINT('',(2.896398531525,-6.484418637635E-02,
    -22.55212902631));
#731 = CARTESIAN_POINT('',(3.051062720585,-9.464221062646E-02,
    -22.51027257107));
#732 = CARTESIAN_POINT('',(3.349501577413,-0.15518690353,-22.42434891977
    ));
#733 = CARTESIAN_POINT('',(3.493405812479,-0.185790319106,
    -22.38053143439));
#734 = CARTESIAN_POINT('',(3.636201880637,-0.217512796311,
    -22.33467340313));
#735 = CARTESIAN_POINT('',(3.777866517791,-0.250281865328,
    -22.28680831699));
#736 = CARTESIAN_POINT('',(3.918381963606,-0.284024507464,
    -22.23696776026));
#737 = CARTESIAN_POINT('',(4.057735521664,-0.318667658064,
    -22.18518078262));
#738 = CARTESIAN_POINT('',(4.359752684284,-0.396193981352,
    -22.06779644431));
#739 = CARTESIAN_POINT('',(4.521940514505,-0.439411154145,
    -22.00142034364));
#740 = CARTESIAN_POINT('',(4.682465564481,-0.483679933875,
    -21.93238977707));
#741 = CARTESIAN_POINT('',(4.841334666674,-0.528851668766,
    -21.86073737866));
#742 = CARTESIAN_POINT('',(4.998544697975,-0.574808559021,
    -21.78649476751));
#743 = CARTESIAN_POINT('',(5.154104839867,-0.621418749264,
    -21.70968391588));
#744 = CARTESIAN_POINT('',(5.440488172628,-0.709126904047,
    -21.56201952402));
#745 = CARTESIAN_POINT('',(5.571735586043,-0.750087017547,
    -21.49182871195));
#746 = CARTESIAN_POINT('',(5.701773306249,-0.79135901199,-21.41975755923
    ));
#747 = CARTESIAN_POINT('',(5.83060729649,-0.83286345328,-21.34581280952)
  );
#748 = CARTESIAN_POINT('',(5.958243022374,-0.87452123077,-21.26999807414
    ));
#749 = CARTESIAN_POINT('',(6.084685451879,-0.916253557256,
    -21.19231383207));
#750 = CARTESIAN_POINT('',(6.358813995723,-1.007579861857,
    -21.01819763843));
#751 = CARTESIAN_POINT('',(6.506007403248,-1.057171518066,
    -20.92099415296));
#752 = CARTESIAN_POINT('',(6.651527347678,-1.106625471629,
    -20.82114195983));
#753 = CARTESIAN_POINT('',(6.795376076776,-1.155809086585,
    -20.71863230579));
#754 = CARTESIAN_POINT('',(6.937550105657,-1.20458885386,-20.61345311384
    ));
#755 = CARTESIAN_POINT('',(7.078040306137,-1.252830688128,
    -20.50558939919));
#756 = CARTESIAN_POINT('',(7.277717572043,-1.321268178904,
    -20.34652036916));
#757 = CARTESIAN_POINT('',(7.338276034248,-1.342006683577,
    -20.29749727907));
#758 = CARTESIAN_POINT('',(7.398505994208,-1.362604335716,
    -20.24795303918));
#759 = CARTESIAN_POINT('',(7.458405741055,-1.383049715139,
    -20.19788631643));
#760 = CARTESIAN_POINT('',(7.517973241546,-1.40333138447,-20.14729582035
    ));
#761 = CARTESIAN_POINT('',(7.577206140062,-1.42343788914,-20.09618030305
    ));
#762 = CARTESIAN_POINT('',(7.666011822382,-1.453474036734,-20.0183123663
    ));
#763 = CARTESIAN_POINT('',(7.695680021401,-1.463489798189,
    -19.99208626305));
#764 = CARTESIAN_POINT('',(7.725110326255,-1.473405356829,
    -19.96586024696));
#765 = CARTESIAN_POINT('',(7.754306565997,-1.483221033745,
    -19.93963431564));
#766 = CARTESIAN_POINT('',(7.78327242815,-1.49293715605,-19.91340846682)
  );
#767 = CARTESIAN_POINT('',(7.812011458705,-1.502554056873,
    -19.88718269829));
#768 = CARTESIAN_POINT('',(7.867358527748,-1.521027957589,-19.8362802127
    ));
#769 = CARTESIAN_POINT('',(7.894115830871,-1.529937567682,
    -19.81148976833));
#770 = CARTESIAN_POINT('',(7.920798701342,-1.538799768855,
    -19.78658551845));
#771 = CARTESIAN_POINT('',(7.947406591628,-1.547613423854,-19.7615675662
    ));
#772 = CARTESIAN_POINT('',(7.97393942441,-1.556377392754,-19.73643555141
    ));
#773 = CARTESIAN_POINT('',(8.000396512457,-1.565090556132,-19.7111896978
    ));
#774 = CARTESIAN_POINT('',(8.026777609767,-1.57375176575,-19.68582979489
    ));
#775 = ORIENTED_EDGE('',*,*,#776,.T.);
#776 = EDGE_CURVE('',#680,#282,#777,.T.);
#777 = LINE('',#778,#779);
#778 = CARTESIAN_POINT('',(-8.026776914787,1.71636470005,-19.68582979489
    ));
#779 = VECTOR('',#780,1.);
#780 = DIRECTION('',(3.539988918E-08,-1.,1.737E-14));
#781 = ORIENTED_EDGE('',*,*,#289,.T.);
#782 = ORIENTED_EDGE('',*,*,#621,.F.);
#783 = CYLINDRICAL_SURFACE('',#784,11.582385431479);
#784 = AXIS2_PLACEMENT_3D('',#785,#786,#787);
#785 = CARTESIAN_POINT('',(2.8925515808E-07,1.716364984198,
    -11.33582979489));
#786 = DIRECTION('',(-3.539988918E-08,1.,-1.732E-14));
#787 = DIRECTION('',(1.,3.539988918E-08,0.));
#788 = ADVANCED_FACE('',(#789),#833,.T.);
#789 = FACE_BOUND('',#790,.T.);
#790 = EDGE_LOOP('',(#791,#831,#832));
#791 = ORIENTED_EDGE('',*,*,#792,.T.);
#792 = EDGE_CURVE('',#271,#680,#793,.T.);
#793 = B_SPLINE_CURVE_WITH_KNOTS('',8,(#794,#795,#796,#797,#798,#799,
    #800,#801,#802,#803,#804,#805,#806,#807,#808,#809,#810,#811,#812,
    #813,#814,#815,#816,#817,#818,#819,#820,#821,#822,#823,#824,#825,
    #826,#827,#828,#829,#830),.UNSPECIFIED.,.F.,.F.,(9,7,7,7,7,9),(0.,
    0.203519823727,0.445008551881,0.57570284327,0.795961529238,1.),
  .UNSPECIFIED.);
#794 = CARTESIAN_POINT('',(-10.65320517135,-4.283635392925,
    -19.68582979489));
#795 = CARTESIAN_POINT('',(-10.62940697647,-4.184245364433,
    -19.68582979489));
#796 = CARTESIAN_POINT('',(-10.60649408952,-4.084546962796,
    -19.68582979489));
#797 = CARTESIAN_POINT('',(-10.5750969447,-3.986722230489,
    -19.68582979489));
#798 = CARTESIAN_POINT('',(-10.56273823258,-3.883574090728,
    -19.68582979489));
#799 = CARTESIAN_POINT('',(-10.52837497843,-3.787937029336,
    -19.68582979489));
#800 = CARTESIAN_POINT('',(-10.49818380615,-3.689425410346,
    -19.68582979489));
#801 = CARTESIAN_POINT('',(-10.46241393644,-3.593767641519,
    -19.68582979489));
#802 = CARTESIAN_POINT('',(-10.37581042703,-3.386991627058,
    -19.68582979489));
#803 = CARTESIAN_POINT('',(-10.32346717181,-3.277045218741,
    -19.68582979489));
#804 = CARTESIAN_POINT('',(-10.26609688078,-3.169544358866,
    -19.68582979489));
#805 = CARTESIAN_POINT('',(-10.20398389386,-3.064670671587,
    -19.68582979489));
#806 = CARTESIAN_POINT('',(-10.13738051988,-2.962602709662,
    -19.68582979489));
#807 = CARTESIAN_POINT('',(-10.06650693314,-2.86351625978,
    -19.68582979489));
#808 = CARTESIAN_POINT('',(-9.991547453724,-2.767586944022,
    -19.68582979489));
#809 = CARTESIAN_POINT('',(-9.869940042676,-2.624884194027,
    -19.68582979489));
#810 = CARTESIAN_POINT('',(-9.826096821183,-2.575768870544,
    -19.68582979489));
#811 = CARTESIAN_POINT('',(-9.781153099234,-2.527694996383,
    -19.68582979489));
#812 = CARTESIAN_POINT('',(-9.735148428782,-2.480708420929,
    -19.68582979489));
#813 = CARTESIAN_POINT('',(-9.688122361777,-2.434854993571,
    -19.68582979489));
#814 = CARTESIAN_POINT('',(-9.640114450172,-2.390180563695,
    -19.68582979489));
#815 = CARTESIAN_POINT('',(-9.591164245918,-2.346730980687,
    -19.68582979489));
#816 = CARTESIAN_POINT('',(-9.45729428668,-2.23346814625,-19.68582979489
    ));
#817 = CARTESIAN_POINT('',(-9.370424423748,-2.165763001521,
    -19.68582979489));
#818 = CARTESIAN_POINT('',(-9.280727582971,-2.101557629349,
    -19.68582979489));
#819 = CARTESIAN_POINT('',(-9.18866312928,-2.041172868234,
    -19.68582979489));
#820 = CARTESIAN_POINT('',(-9.093443185615,-1.985363592245,
    -19.68582979489));
#821 = CARTESIAN_POINT('',(-8.996452509308,-1.933087556558,
    -19.68582979489));
#822 = CARTESIAN_POINT('',(-8.897270046319,-1.885070483128,
    -19.68582979489));
#823 = CARTESIAN_POINT('',(-8.702919828545,-1.800518986147,
    -19.68582979489));
#824 = CARTESIAN_POINT('',(-8.607991683181,-1.762539524231,
    -19.68582979489));
#825 = CARTESIAN_POINT('',(-8.512221454412,-1.731438726539,
    -19.68582979489));
#826 = CARTESIAN_POINT('',(-8.412378167904,-1.704275353533,
    -19.68582979489));
#827 = CARTESIAN_POINT('',(-8.318926047469,-1.665429178766,
    -19.68582979489));
#828 = CARTESIAN_POINT('',(-8.220465260186,-1.637654883052,
    -19.68582979489));
#829 = CARTESIAN_POINT('',(-8.123940858628,-1.605808240045,
    -19.68582979489));
#830 = CARTESIAN_POINT('',(-8.026776798267,-1.575179619918,
    -19.68582979489));
#831 = ORIENTED_EDGE('',*,*,#776,.T.);
#832 = ORIENTED_EDGE('',*,*,#281,.T.);
#833 = PLANE('',#834);
#834 = AXIS2_PLACEMENT_3D('',#835,#836,#837);
#835 = CARTESIAN_POINT('',(-11.64405225516,-1.283635428001,
    -19.68582979489));
#836 = DIRECTION('',(0.,-1.747E-14,-1.));
#837 = DIRECTION('',(-3.539987446E-08,1.,-1.747E-14));
#838 = ADVANCED_FACE('',(#839),#857,.F.);
#839 = FACE_BOUND('',#840,.F.);
#840 = EDGE_LOOP('',(#841,#849,#850,#851));
#841 = ORIENTED_EDGE('',*,*,#842,.F.);
#842 = EDGE_CURVE('',#253,#843,#845,.T.);
#843 = VERTEX_POINT('',#844);
#844 = CARTESIAN_POINT('',(-11.24999948064,-4.283635396351,
    -19.68582979489));
#845 = LINE('',#846,#847);
#846 = CARTESIAN_POINT('',(-11.24999948064,-4.283635396351,
    -2.985829794896));
#847 = VECTOR('',#848,1.);
#848 = DIRECTION('',(-0.,-0.,-1.));
#849 = ORIENTED_EDGE('',*,*,#261,.T.);
#850 = ORIENTED_EDGE('',*,*,#270,.T.);
#851 = ORIENTED_EDGE('',*,*,#852,.T.);
#852 = EDGE_CURVE('',#271,#843,#853,.T.);
#853 = LINE('',#854,#855);
#854 = CARTESIAN_POINT('',(8.541895727562,-4.283635396351,
    -19.68582979489));
#855 = VECTOR('',#856,1.);
#856 = DIRECTION('',(-1.,0.,0.));
#857 = PLANE('',#858);
#858 = AXIS2_PLACEMENT_3D('',#859,#860,#861);
#859 = CARTESIAN_POINT('',(14.750001174252,-4.283635396351,
    -2.985829794896));
#860 = DIRECTION('',(0.,1.,0.));
#861 = DIRECTION('',(-1.,0.,0.));
#862 = ADVANCED_FACE('',(#863),#873,.F.);
#863 = FACE_BOUND('',#864,.F.);
#864 = EDGE_LOOP('',(#865,#871,#872));
#865 = ORIENTED_EDGE('',*,*,#866,.F.);
#866 = EDGE_CURVE('',#215,#253,#867,.T.);
#867 = LINE('',#868,#869);
#868 = CARTESIAN_POINT('',(-11.24999948064,-4.283635396351,
    -2.985829794896));
#869 = VECTOR('',#870,1.);
#870 = DIRECTION('',(-0.,-0.,-1.));
#871 = ORIENTED_EDGE('',*,*,#221,.T.);
#872 = ORIENTED_EDGE('',*,*,#252,.T.);
#873 = PLANE('',#874);
#874 = AXIS2_PLACEMENT_3D('',#875,#876,#877);
#875 = CARTESIAN_POINT('',(14.750001174252,-4.283635396351,
    -2.985829794896));
#876 = DIRECTION('',(0.,1.,0.));
#877 = DIRECTION('',(-1.,0.,0.));
#878 = ADVANCED_FACE('',(#879),#987,.F.);
#879 = FACE_BOUND('',#880,.F.);
#880 = EDGE_LOOP('',(#881,#890,#896,#897,#919,#961,#972,#980));
#881 = ORIENTED_EDGE('',*,*,#882,.F.);
#882 = EDGE_CURVE('',#883,#885,#887,.T.);
#883 = VERTEX_POINT('',#884);
#884 = CARTESIAN_POINT('',(-11.24999948064,-9.530941,-2.985829794897));
#885 = VERTEX_POINT('',#886);
#886 = CARTESIAN_POINT('',(-11.24999948064,-12.55566512908,
    -10.48353576292));
#887 = B_SPLINE_CURVE_WITH_KNOTS('',1,(#888,#889),.UNSPECIFIED.,.F.,.F.,
  (2,2),(0.,1.),.PIECEWISE_BEZIER_KNOTS.);
#888 = CARTESIAN_POINT('',(-11.24999948064,-9.530941,-2.985829794897));
#889 = CARTESIAN_POINT('',(-11.24999948064,-13.78773331261,
    -13.53759444015));
#890 = ORIENTED_EDGE('',*,*,#891,.T.);
#891 = EDGE_CURVE('',#883,#207,#892,.T.);
#892 = LINE('',#893,#894);
#893 = CARTESIAN_POINT('',(-11.24999948064,-9.530941,-2.985829794897));
#894 = VECTOR('',#895,1.);
#895 = DIRECTION('',(0.,1.,-1.415E-14));
#896 = ORIENTED_EDGE('',*,*,#214,.T.);
#897 = ORIENTED_EDGE('',*,*,#898,.T.);
#898 = EDGE_CURVE('',#215,#899,#901,.T.);
#899 = VERTEX_POINT('',#900);
#900 = CARTESIAN_POINT('',(-11.24999948064,-4.806285280587,
    -12.17039278879));
#901 = B_SPLINE_CURVE_WITH_KNOTS('',6,(#902,#903,#904,#905,#906,#907,
    #908,#909,#910,#911,#912,#913,#914,#915,#916,#917,#918),
  .UNSPECIFIED.,.F.,.F.,(7,5,5,7),(0.,1.785140833709E-02,0.761341794448,
    1.),.UNSPECIFIED.);
#902 = CARTESIAN_POINT('',(-11.24999948064,-4.283635396351,
    -11.00896367295));
#903 = CARTESIAN_POINT('',(-11.24999948064,-4.284864936586,
    -11.01255767274));
#904 = CARTESIAN_POINT('',(-11.24999948064,-4.286095918845,
    -11.01615120345));
#905 = CARTESIAN_POINT('',(-11.24999948064,-4.287328355376,
    -11.01974427136));
#906 = CARTESIAN_POINT('',(-11.24999948064,-4.288562256394,
    -11.02333687655));
#907 = CARTESIAN_POINT('',(-11.24999948064,-4.289797630078,
    -11.02692901289));
#908 = CARTESIAN_POINT('',(-11.24999948064,-4.342547949866,
    -11.18010892738));
#909 = CARTESIAN_POINT('',(-11.24999948064,-4.396603455845,
    -11.32879515367));
#910 = CARTESIAN_POINT('',(-11.24999948064,-4.453895058154,
    -11.47643970656));
#911 = CARTESIAN_POINT('',(-11.24999948064,-4.515253732019,
    -11.62258873624));
#912 = CARTESIAN_POINT('',(-11.24999948064,-4.581731435425,
    -11.76643825195));
#913 = CARTESIAN_POINT('',(-11.24999948064,-4.678202752029,
    -11.95181924945));
#914 = CARTESIAN_POINT('',(-11.24999948064,-4.702315100325,
    -11.99649446587));
#915 = CARTESIAN_POINT('',(-11.24999948064,-4.727141521701,
    -12.04075254442));
#916 = CARTESIAN_POINT('',(-11.24999948064,-4.752726177706,
    -12.08453727458));
#917 = CARTESIAN_POINT('',(-11.24999948064,-4.779112170766,
    -12.12778275337));
#918 = CARTESIAN_POINT('',(-11.24999948064,-4.806340194945,
    -12.17041439498));
#919 = ORIENTED_EDGE('',*,*,#920,.T.);
#920 = EDGE_CURVE('',#899,#921,#923,.T.);
#921 = VERTEX_POINT('',#922);
#922 = CARTESIAN_POINT('',(-11.24999948064,-6.79654249723,
    -12.95346446106));
#923 = B_SPLINE_CURVE_WITH_KNOTS('',6,(#924,#925,#926,#927,#928,#929,
    #930,#931,#932,#933,#934,#935,#936,#937,#938,#939,#940,#941,#942,
    #943,#944,#945,#946,#947,#948,#949,#950,#951,#952,#953,#954,#955,
    #956,#957,#958,#959,#960),.UNSPECIFIED.,.F.,.F.,(7,5,5,5,5,5,5,7),(
    0.,0.129812055325,0.202634702601,0.362356234637,0.511710494922,
    0.621995177192,0.813548621325,1.),.UNSPECIFIED.);
#924 = CARTESIAN_POINT('',(-11.24999948064,-4.806450670633,
    -12.17045786192));
#925 = CARTESIAN_POINT('',(-11.24999948064,-4.834833042356,
    -12.21480821683));
#926 = CARTESIAN_POINT('',(-11.24999948064,-4.864087400935,
    -12.25851244562));
#927 = CARTESIAN_POINT('',(-11.24999948064,-4.894253067334,
    -12.30149055989));
#928 = CARTESIAN_POINT('',(-11.24999948064,-4.925363452287,
    -12.34364818826));
#929 = CARTESIAN_POINT('',(-11.24999948064,-4.957443080813,
    -12.38488013211));
#930 = CARTESIAN_POINT('',(-11.24999948064,-5.00905165044,
    -12.44762204391));
#931 = CARTESIAN_POINT('',(-11.24999948064,-5.027907534226,
    -12.46984339633));
#932 = CARTESIAN_POINT('',(-11.24999948064,-5.047074370959,
    -12.49171768966));
#933 = CARTESIAN_POINT('',(-11.24999948064,-5.066552847548,
    -12.51322434025));
#934 = CARTESIAN_POINT('',(-11.24999948064,-5.086342234922,
    -12.53434246971));
#935 = CARTESIAN_POINT('',(-11.24999948064,-5.150521562308,
    -12.6004706079));
#936 = CARTESIAN_POINT('',(-11.24999948064,-5.196094027433,
    -12.64392614156));
#937 = CARTESIAN_POINT('',(-11.24999948064,-5.243123003128,
    -12.6851833986));
#938 = CARTESIAN_POINT('',(-11.24999948064,-5.291553231292,
    -12.72403336079));
#939 = CARTESIAN_POINT('',(-11.24999948064,-5.341305095449,
    -12.76030157755));
#940 = CARTESIAN_POINT('',(-11.24999948064,-5.439928285644,
    -12.82523564028));
#941 = CARTESIAN_POINT('',(-11.24999948064,-5.488654227351,
    -12.85424664146));
#942 = CARTESIAN_POINT('',(-11.24999948064,-5.538364959911,
    -12.88078606143));
#943 = CARTESIAN_POINT('',(-11.24999948064,-5.588984260666,
    -12.90479805294));
#944 = CARTESIAN_POINT('',(-11.24999948064,-5.640440352947,
    -12.92626430873));
#945 = CARTESIAN_POINT('',(-11.24999948064,-5.731224672493,
    -12.95916989571));
#946 = CARTESIAN_POINT('',(-11.24999948064,-5.770205838964,
    -12.97176384261));
#947 = CARTESIAN_POINT('',(-11.24999948064,-5.809580100689,
    -12.98297882739));
#948 = CARTESIAN_POINT('',(-11.24999948064,-5.849323086361,
    -12.99282699072));
#949 = CARTESIAN_POINT('',(-11.24999948064,-5.889410846422,
    -13.00132709395));
#950 = CARTESIAN_POINT('',(-11.24999948064,-6.000001938631,
    -13.02096716843));
#951 = CARTESIAN_POINT('',(-11.24999948064,-6.071155119978,
    -13.02943764902));
#952 = CARTESIAN_POINT('',(-11.24999948064,-6.143136755558,
    -13.03403862665));
#953 = CARTESIAN_POINT('',(-11.24999948064,-6.215807542846,
    -13.03494916219));
#954 = CARTESIAN_POINT('',(-11.24999948064,-6.289005833715,
    -13.03239390952));
#955 = CARTESIAN_POINT('',(-11.24999948064,-6.434137936231,
    -13.02103258659));
#956 = CARTESIAN_POINT('',(-11.24999948064,-6.506060259289,
    -13.01239416517));
#957 = CARTESIAN_POINT('',(-11.24999948064,-6.578161570785,
    -13.00096257693));
#958 = CARTESIAN_POINT('',(-11.24999948064,-6.650302388367,
    -12.98700674715));
#959 = CARTESIAN_POINT('',(-11.24999948064,-6.722366763197,
    -12.97079549612));
#960 = CARTESIAN_POINT('',(-11.24999948064,-6.794268562673,
    -12.95256977583));
#961 = ORIENTED_EDGE('',*,*,#962,.F.);
#962 = EDGE_CURVE('',#963,#921,#965,.T.);
#963 = VERTEX_POINT('',#964);
#964 = CARTESIAN_POINT('',(-11.24999948064,-7.402883456281,
    -12.72534623089));
#965 = B_SPLINE_CURVE_WITH_KNOTS('',5,(#966,#967,#968,#969,#970,#971),
  .UNSPECIFIED.,.F.,.F.,(6,6),(0.,1.),.PIECEWISE_BEZIER_KNOTS.);
#966 = CARTESIAN_POINT('',(-11.24999948064,-7.402883456281,
    -12.72534623089));
#967 = CARTESIAN_POINT('',(-11.24999948064,-7.285059872744,
    -12.78289976313));
#968 = CARTESIAN_POINT('',(-11.24999948064,-7.165281989413,
    -12.83518234007));
#969 = CARTESIAN_POINT('',(-11.24999948064,-7.043691911461,
    -12.88158592007));
#970 = CARTESIAN_POINT('',(-11.24999948064,-6.920599674377,
    -12.9213176234));
#971 = CARTESIAN_POINT('',(-11.24999948064,-6.796444565627,
    -12.95342592963));
#972 = ORIENTED_EDGE('',*,*,#973,.T.);
#973 = EDGE_CURVE('',#963,#974,#976,.T.);
#974 = VERTEX_POINT('',#975);
#975 = CARTESIAN_POINT('',(-11.24999948064,-11.10255809932,
    -10.91791747267));
#976 = LINE('',#977,#978);
#977 = CARTESIAN_POINT('',(-11.24999948064,-17.26519188808,
    -7.907241504961));
#978 = VECTOR('',#979,1.);
#979 = DIRECTION('',(0.,-0.898509003686,0.438955089155));
#980 = ORIENTED_EDGE('',*,*,#981,.T.);
#981 = EDGE_CURVE('',#974,#885,#982,.T.);
#982 = ELLIPSE('',#983,6.283944941449,4.940819446345);
#983 = AXIS2_PLACEMENT_3D('',#984,#985,#986);
#984 = CARTESIAN_POINT('',(-11.24999948064,-11.13659458446,
    -5.674355916975));
#985 = DIRECTION('',(-1.,0.,-0.));
#986 = DIRECTION('',(0.,0.843850228663,-0.536578784136));
#987 = B_SPLINE_SURFACE_WITH_KNOTS('',1,1,(
    (#988,#989)
    ,(#990,#991
    )),.UNSPECIFIED.,.F.,.F.,.F.,(2,2),(2,2),(0.,9.504097898559),(0.,1.)
  ,.PIECEWISE_BEZIER_KNOTS.);
#988 = CARTESIAN_POINT('',(-11.24999948064,-9.530941,-2.985829794897));
#989 = CARTESIAN_POINT('',(-11.24999948064,-13.78773331261,
    -13.53759444015));
#990 = CARTESIAN_POINT('',(-11.24999948064,-4.283635414051,
    -2.985829794897));
#991 = CARTESIAN_POINT('',(-11.24999948064,-4.283635414051,
    -13.53759444015));
#992 = ADVANCED_FACE('',(#993),#1043,.T.);
#993 = FACE_BOUND('',#994,.T.);
#994 = EDGE_LOOP('',(#995,#1003,#1011,#1019,#1027,#1035,#1041,#1042));
#995 = ORIENTED_EDGE('',*,*,#996,.F.);
#996 = EDGE_CURVE('',#997,#198,#999,.T.);
#997 = VERTEX_POINT('',#998);
#998 = CARTESIAN_POINT('',(-8.02677674058,-1.158689039822,
    -2.985829870234));
#999 = LINE('',#1000,#1001);
#1000 = CARTESIAN_POINT('',(-8.026776914788,1.716364700051,
    -2.985829794897));
#1001 = VECTOR('',#1002,1.);
#1002 = DIRECTION('',(3.539988918E-08,-1.,1.737E-14));
#1003 = ORIENTED_EDGE('',*,*,#1004,.T.);
#1004 = EDGE_CURVE('',#997,#1005,#1007,.T.);
#1005 = VERTEX_POINT('',#1006);
#1006 = CARTESIAN_POINT('',(-17.18403508176,-1.158689305558,
    -2.985829794897));
#1007 = LINE('',#1008,#1009);
#1008 = CARTESIAN_POINT('',(-7.125811726402,-1.158688949457,
    -2.985829794897));
#1009 = VECTOR('',#1010,1.);
#1010 = DIRECTION('',(-1.,-3.539988724E-08,0.));
#1011 = ORIENTED_EDGE('',*,*,#1012,.F.);
#1012 = EDGE_CURVE('',#1013,#1005,#1015,.T.);
#1013 = VERTEX_POINT('',#1014);
#1014 = CARTESIAN_POINT('',(-20.47647025279,1.049539402205,
    -2.985829794893));
#1015 = LINE('',#1016,#1017);
#1016 = CARTESIAN_POINT('',(135.23735678527,-103.3873667762,
    -2.985829794895));
#1017 = VECTOR('',#1018,1.);
#1018 = DIRECTION('',(0.830501935352,-0.55701574069,9.79E-15));
#1019 = ORIENTED_EDGE('',*,*,#1020,.T.);
#1020 = EDGE_CURVE('',#1013,#1021,#1023,.T.);
#1021 = VERTEX_POINT('',#1022);
#1022 = CARTESIAN_POINT('',(-20.476470064,-4.283635740667,
    -2.985829794897));
#1023 = LINE('',#1024,#1025);
#1024 = CARTESIAN_POINT('',(-20.4764702764,1.716364259333,
    -2.985829794897));
#1025 = VECTOR('',#1026,1.);
#1026 = DIRECTION('',(3.539988918E-08,-1.,1.737E-14));
#1027 = ORIENTED_EDGE('',*,*,#1028,.T.);
#1028 = EDGE_CURVE('',#1021,#1029,#1031,.T.);
#1029 = VERTEX_POINT('',#1030);
#1030 = CARTESIAN_POINT('',(-20.476470064,-7.219132,-2.985829794897));
#1031 = LINE('',#1032,#1033);
#1032 = CARTESIAN_POINT('',(-20.476470064,-4.283635740667,
    -2.985829794897));
#1033 = VECTOR('',#1034,1.);
#1034 = DIRECTION('',(0.,-1.,1.415E-14));
#1035 = ORIENTED_EDGE('',*,*,#1036,.F.);
#1036 = EDGE_CURVE('',#883,#1029,#1037,.T.);
#1037 = LINE('',#1038,#1039);
#1038 = CARTESIAN_POINT('',(-11.24999948064,-9.530941,-2.985829794897));
#1039 = VECTOR('',#1040,1.);
#1040 = DIRECTION('',(-0.970013943725,0.243049272739,-3.43914720925E-15)
  );
#1041 = ORIENTED_EDGE('',*,*,#891,.T.);
#1042 = ORIENTED_EDGE('',*,*,#206,.F.);
#1043 = PLANE('',#1044);
#1044 = AXIS2_PLACEMENT_3D('',#1045,#1046,#1047);
#1045 = CARTESIAN_POINT('',(-14.71764545863,-4.10730017391,
    -2.985829794897));
#1046 = DIRECTION('',(-2.56555120946E-16,1.478200877123E-14,1.));
#1047 = DIRECTION('',(0.,1.,-1.478200877123E-14));
#1048 = ADVANCED_FACE('',(#1049),#1077,.T.);
#1049 = FACE_BOUND('',#1050,.F.);
#1050 = EDGE_LOOP('',(#1051,#1062,#1068,#1069,#1070));
#1051 = ORIENTED_EDGE('',*,*,#1052,.T.);
#1052 = EDGE_CURVE('',#1053,#1055,#1057,.T.);
#1053 = VERTEX_POINT('',#1054);
#1054 = CARTESIAN_POINT('',(-3.388316E-09,9.567900682755E-02,
    0.246555636583));
#1055 = VERTEX_POINT('',#1056);
#1056 = CARTESIAN_POINT('',(8.026777354537,-1.158688607248,
    -2.985830045102));
#1057 = ELLIPSE('',#1058,12.423924186317,11.58238552207);
#1058 = AXIS2_PLACEMENT_3D('',#1059,#1060,#1061);
#1059 = CARTESIAN_POINT('',(-5.3237785428E-07,-4.399010949716,
    -11.33582988548));
#1060 = DIRECTION('',(-3.300206411E-08,0.932264665204,-0.361776994864));
#1061 = DIRECTION('',(-1.280687861E-08,0.361776994864,0.932264665204));
#1062 = ORIENTED_EDGE('',*,*,#1063,.T.);
#1063 = EDGE_CURVE('',#1055,#190,#1064,.T.);
#1064 = LINE('',#1065,#1066);
#1065 = CARTESIAN_POINT('',(8.026777493298,1.716365268345,
    -2.985829794897));
#1066 = VECTOR('',#1067,1.);
#1067 = DIRECTION('',(3.539988918E-08,-1.,1.737E-14));
#1068 = ORIENTED_EDGE('',*,*,#197,.T.);
#1069 = ORIENTED_EDGE('',*,*,#996,.F.);
#1070 = ORIENTED_EDGE('',*,*,#1071,.F.);
#1071 = EDGE_CURVE('',#1053,#997,#1072,.T.);
#1072 = ELLIPSE('',#1073,12.423924186317,11.58238552207);
#1073 = AXIS2_PLACEMENT_3D('',#1074,#1075,#1076);
#1074 = CARTESIAN_POINT('',(8.4382455997E-07,-4.399010949716,
    -11.33582988548));
#1075 = DIRECTION('',(3.300206403E-08,-0.932264665204,0.361776994864));
#1076 = DIRECTION('',(-1.28068711E-08,0.361776994864,0.932264665204));
#1077 = CYLINDRICAL_SURFACE('',#1078,11.582385431479);
#1078 = AXIS2_PLACEMENT_3D('',#1079,#1080,#1081);
#1079 = CARTESIAN_POINT('',(2.8925515808E-07,1.716364984198,
    -11.33582979489));
#1080 = DIRECTION('',(-3.539988918E-08,1.,-1.732E-14));
#1081 = DIRECTION('',(1.,3.539988918E-08,0.));
#1082 = ADVANCED_FACE('',(#1083),#1110,.T.);
#1083 = FACE_BOUND('',#1084,.T.);
#1084 = EDGE_LOOP('',(#1085,#1086,#1087,#1095,#1103,#1109));
#1085 = ORIENTED_EDGE('',*,*,#189,.T.);
#1086 = ORIENTED_EDGE('',*,*,#446,.F.);
#1087 = ORIENTED_EDGE('',*,*,#1088,.F.);
#1088 = EDGE_CURVE('',#1089,#424,#1091,.T.);
#1089 = VERTEX_POINT('',#1090);
#1090 = CARTESIAN_POINT('',(19.976470001883,0.71419183055,
    -2.985829795145));
#1091 = LINE('',#1092,#1093);
#1092 = CARTESIAN_POINT('',(19.97646999035,1.049540834233,
    -2.985829794897));
#1093 = VECTOR('',#1094,1.);
#1094 = DIRECTION('',(3.539988918E-08,-1.,1.737E-14));
#1095 = ORIENTED_EDGE('',*,*,#1096,.T.);
#1096 = EDGE_CURVE('',#1089,#1097,#1099,.T.);
#1097 = VERTEX_POINT('',#1098);
#1098 = CARTESIAN_POINT('',(17.184035163796,-1.158688088934,
    -2.985829794897));
#1099 = LINE('',#1100,#1101);
#1100 = CARTESIAN_POINT('',(-135.2373493448,-103.38737627,
    -2.985829794895));
#1101 = VECTOR('',#1102,1.);
#1102 = DIRECTION('',(-0.830501895916,-0.557015799489,9.79E-15));
#1103 = ORIENTED_EDGE('',*,*,#1104,.T.);
#1104 = EDGE_CURVE('',#1097,#1055,#1105,.T.);
#1105 = LINE('',#1106,#1107);
#1106 = CARTESIAN_POINT('',(7.125811983441,-1.158688444951,
    -2.985829794897));
#1107 = VECTOR('',#1108,1.);
#1108 = DIRECTION('',(-1.,-3.539988724E-08,0.));
#1109 = ORIENTED_EDGE('',*,*,#1063,.T.);
#1110 = PLANE('',#1111);
#1111 = AXIS2_PLACEMENT_3D('',#1112,#1113,#1114);
#1112 = CARTESIAN_POINT('',(14.251623930288,-1.283634511296,
    -2.985829794897));
#1113 = DIRECTION('',(0.,1.757E-14,1.));
#1114 = DIRECTION('',(3.539987446E-08,-1.,1.757E-14));
#1115 = ADVANCED_FACE('',(#1116,#1165,#1176),#1187,.T.);
#1116 = FACE_BOUND('',#1117,.T.);
#1117 = EDGE_LOOP('',(#1118,#1119,#1127,#1135,#1143,#1151,#1159));
#1118 = ORIENTED_EDGE('',*,*,#381,.T.);
#1119 = ORIENTED_EDGE('',*,*,#1120,.T.);
#1120 = EDGE_CURVE('',#384,#1121,#1123,.T.);
#1121 = VERTEX_POINT('',#1122);
#1122 = CARTESIAN_POINT('',(-4.25,0.716364858528,-17.83582979489));
#1123 = LINE('',#1124,#1125);
#1124 = CARTESIAN_POINT('',(-4.25,-5.283635141472,-17.83582979489));
#1125 = VECTOR('',#1126,1.);
#1126 = DIRECTION('',(0.,1.,0.));
#1127 = ORIENTED_EDGE('',*,*,#1128,.T.);
#1128 = EDGE_CURVE('',#1121,#1129,#1131,.T.);
#1129 = VERTEX_POINT('',#1130);
#1130 = CARTESIAN_POINT('',(-4.25,0.716364858528,-15.33582979489));
#1131 = LINE('',#1132,#1133);
#1132 = CARTESIAN_POINT('',(-4.25,0.716364858528,-17.83582979489));
#1133 = VECTOR('',#1134,1.);
#1134 = DIRECTION('',(0.,0.,1.));
#1135 = ORIENTED_EDGE('',*,*,#1136,.T.);
#1136 = EDGE_CURVE('',#1129,#1137,#1139,.T.);
#1137 = VERTEX_POINT('',#1138);
#1138 = CARTESIAN_POINT('',(-4.25,1.173471639715,-15.33582979489));
#1139 = LINE('',#1140,#1141);
#1140 = CARTESIAN_POINT('',(-4.25,0.716364858528,-15.33582979489));
#1141 = VECTOR('',#1142,1.);
#1142 = DIRECTION('',(0.,1.,0.));
#1143 = ORIENTED_EDGE('',*,*,#1144,.T.);
#1144 = EDGE_CURVE('',#1137,#1145,#1147,.T.);
#1145 = VERTEX_POINT('',#1146);
#1146 = CARTESIAN_POINT('',(-4.25,2.216364858528,-14.29293657608));
#1147 = LINE('',#1148,#1149);
#1148 = CARTESIAN_POINT('',(-4.25,1.173471639715,-15.33582979489));
#1149 = VECTOR('',#1150,1.);
#1150 = DIRECTION('',(0.,0.707106781187,0.707106781187));
#1151 = ORIENTED_EDGE('',*,*,#1152,.T.);
#1152 = EDGE_CURVE('',#1145,#1153,#1155,.T.);
#1153 = VERTEX_POINT('',#1154);
#1154 = CARTESIAN_POINT('',(-4.25,2.216364858528,-4.835829794896));
#1155 = LINE('',#1156,#1157);
#1156 = CARTESIAN_POINT('',(-4.25,2.216364858528,-14.29293657608));
#1157 = VECTOR('',#1158,1.);
#1158 = DIRECTION('',(0.,0.,1.));
#1159 = ORIENTED_EDGE('',*,*,#1160,.T.);
#1160 = EDGE_CURVE('',#1153,#382,#1161,.T.);
#1161 = LINE('',#1162,#1163);
#1162 = CARTESIAN_POINT('',(-4.25,2.216364858528,-4.835829794896));
#1163 = VECTOR('',#1164,1.);
#1164 = DIRECTION('',(0.,-1.,0.));
#1165 = FACE_BOUND('',#1166,.T.);
#1166 = EDGE_LOOP('',(#1167));
#1167 = ORIENTED_EDGE('',*,*,#1168,.T.);
#1168 = EDGE_CURVE('',#1169,#1169,#1171,.T.);
#1169 = VERTEX_POINT('',#1170);
#1170 = CARTESIAN_POINT('',(-4.25,-1.783635148552,-17.03582979489));
#1171 = CIRCLE('',#1172,1.7);
#1172 = AXIS2_PLACEMENT_3D('',#1173,#1174,#1175);
#1173 = CARTESIAN_POINT('',(-4.25,-1.783635148552,-15.33582979489));
#1174 = DIRECTION('',(-1.,-0.,-0.));
#1175 = DIRECTION('',(0.,0.,-1.));
#1176 = FACE_BOUND('',#1177,.T.);
#1177 = EDGE_LOOP('',(#1178));
#1178 = ORIENTED_EDGE('',*,*,#1179,.T.);
#1179 = EDGE_CURVE('',#1180,#1180,#1182,.T.);
#1180 = VERTEX_POINT('',#1181);
#1181 = CARTESIAN_POINT('',(-4.25,-1.783635148552,-9.735829794896));
#1182 = CIRCLE('',#1183,1.7);
#1183 = AXIS2_PLACEMENT_3D('',#1184,#1185,#1186);
#1184 = CARTESIAN_POINT('',(-4.25,-1.783635148552,-8.035829794896));
#1185 = DIRECTION('',(-1.,-0.,-0.));
#1186 = DIRECTION('',(0.,0.,-1.));
#1187 = PLANE('',#1188);
#1188 = AXIS2_PLACEMENT_3D('',#1189,#1190,#1191);
#1189 = CARTESIAN_POINT('',(-4.25,-1.688780450082,-11.17690306447));
#1190 = DIRECTION('',(1.,0.,0.));
#1191 = DIRECTION('',(0.,0.,1.));
#1192 = ADVANCED_FACE('',(#1193),#1211,.T.);
#1193 = FACE_BOUND('',#1194,.T.);
#1194 = EDGE_LOOP('',(#1195,#1196,#1204,#1210));
#1195 = ORIENTED_EDGE('',*,*,#1160,.F.);
#1196 = ORIENTED_EDGE('',*,*,#1197,.T.);
#1197 = EDGE_CURVE('',#1153,#1198,#1200,.T.);
#1198 = VERTEX_POINT('',#1199);
#1199 = CARTESIAN_POINT('',(4.25,2.216364858528,-4.835829794896));
#1200 = LINE('',#1201,#1202);
#1201 = CARTESIAN_POINT('',(-4.25,2.216364858528,-4.835829794896));
#1202 = VECTOR('',#1203,1.);
#1203 = DIRECTION('',(1.,0.,0.));
#1204 = ORIENTED_EDGE('',*,*,#1205,.T.);
#1205 = EDGE_CURVE('',#1198,#392,#1206,.T.);
#1206 = LINE('',#1207,#1208);
#1207 = CARTESIAN_POINT('',(4.25,2.216364858528,-4.835829794896));
#1208 = VECTOR('',#1209,1.);
#1209 = DIRECTION('',(0.,-1.,0.));
#1210 = ORIENTED_EDGE('',*,*,#391,.T.);
#1211 = PLANE('',#1212);
#1212 = AXIS2_PLACEMENT_3D('',#1213,#1214,#1215);
#1213 = CARTESIAN_POINT('',(-4.25,2.216364858528,-4.835829794896));
#1214 = DIRECTION('',(0.,0.,-1.));
#1215 = DIRECTION('',(0.,-1.,0.));
#1216 = ADVANCED_FACE('',(#1217),#1235,.T.);
#1217 = FACE_BOUND('',#1218,.T.);
#1218 = EDGE_LOOP('',(#1219,#1220,#1221,#1229));
#1219 = ORIENTED_EDGE('',*,*,#1120,.F.);
#1220 = ORIENTED_EDGE('',*,*,#407,.T.);
#1221 = ORIENTED_EDGE('',*,*,#1222,.T.);
#1222 = EDGE_CURVE('',#400,#1223,#1225,.T.);
#1223 = VERTEX_POINT('',#1224);
#1224 = CARTESIAN_POINT('',(4.25,0.716364858528,-17.83582979489));
#1225 = LINE('',#1226,#1227);
#1226 = CARTESIAN_POINT('',(4.25,-5.283635141472,-17.83582979489));
#1227 = VECTOR('',#1228,1.);
#1228 = DIRECTION('',(0.,1.,0.));
#1229 = ORIENTED_EDGE('',*,*,#1230,.F.);
#1230 = EDGE_CURVE('',#1121,#1223,#1231,.T.);
#1231 = LINE('',#1232,#1233);
#1232 = CARTESIAN_POINT('',(-4.25,0.716364858528,-17.83582979489));
#1233 = VECTOR('',#1234,1.);
#1234 = DIRECTION('',(1.,0.,0.));
#1235 = PLANE('',#1236);
#1236 = AXIS2_PLACEMENT_3D('',#1237,#1238,#1239);
#1237 = CARTESIAN_POINT('',(-4.25,-5.283635141472,-17.83582979489));
#1238 = DIRECTION('',(0.,0.,1.));
#1239 = DIRECTION('',(0.,1.,0.));
#1240 = ADVANCED_FACE('',(#1241,#1276,#1287),#1298,.F.);
#1241 = FACE_BOUND('',#1242,.F.);
#1242 = EDGE_LOOP('',(#1243,#1244,#1245,#1253,#1261,#1269,#1275));
#1243 = ORIENTED_EDGE('',*,*,#399,.T.);
#1244 = ORIENTED_EDGE('',*,*,#1222,.T.);
#1245 = ORIENTED_EDGE('',*,*,#1246,.T.);
#1246 = EDGE_CURVE('',#1223,#1247,#1249,.T.);
#1247 = VERTEX_POINT('',#1248);
#1248 = CARTESIAN_POINT('',(4.25,0.716364858528,-15.33582979489));
#1249 = LINE('',#1250,#1251);
#1250 = CARTESIAN_POINT('',(4.25,0.716364858528,-17.83582979489));
#1251 = VECTOR('',#1252,1.);
#1252 = DIRECTION('',(0.,0.,1.));
#1253 = ORIENTED_EDGE('',*,*,#1254,.T.);
#1254 = EDGE_CURVE('',#1247,#1255,#1257,.T.);
#1255 = VERTEX_POINT('',#1256);
#1256 = CARTESIAN_POINT('',(4.25,1.173471639715,-15.33582979489));
#1257 = LINE('',#1258,#1259);
#1258 = CARTESIAN_POINT('',(4.25,0.716364858528,-15.33582979489));
#1259 = VECTOR('',#1260,1.);
#1260 = DIRECTION('',(0.,1.,0.));
#1261 = ORIENTED_EDGE('',*,*,#1262,.T.);
#1262 = EDGE_CURVE('',#1255,#1263,#1265,.T.);
#1263 = VERTEX_POINT('',#1264);
#1264 = CARTESIAN_POINT('',(4.25,2.216364858528,-14.29293657608));
#1265 = LINE('',#1266,#1267);
#1266 = CARTESIAN_POINT('',(4.25,1.173471639715,-15.33582979489));
#1267 = VECTOR('',#1268,1.);
#1268 = DIRECTION('',(0.,0.707106781187,0.707106781187));
#1269 = ORIENTED_EDGE('',*,*,#1270,.T.);
#1270 = EDGE_CURVE('',#1263,#1198,#1271,.T.);
#1271 = LINE('',#1272,#1273);
#1272 = CARTESIAN_POINT('',(4.25,2.216364858528,-14.29293657608));
#1273 = VECTOR('',#1274,1.);
#1274 = DIRECTION('',(0.,0.,1.));
#1275 = ORIENTED_EDGE('',*,*,#1205,.T.);
#1276 = FACE_BOUND('',#1277,.F.);
#1277 = EDGE_LOOP('',(#1278));
#1278 = ORIENTED_EDGE('',*,*,#1279,.T.);
#1279 = EDGE_CURVE('',#1280,#1280,#1282,.T.);
#1280 = VERTEX_POINT('',#1281);
#1281 = CARTESIAN_POINT('',(4.25,-1.783635148552,-17.03582979489));
#1282 = CIRCLE('',#1283,1.7);
#1283 = AXIS2_PLACEMENT_3D('',#1284,#1285,#1286);
#1284 = CARTESIAN_POINT('',(4.25,-1.783635148552,-15.33582979489));
#1285 = DIRECTION('',(-1.,-0.,-0.));
#1286 = DIRECTION('',(0.,0.,-1.));
#1287 = FACE_BOUND('',#1288,.F.);
#1288 = EDGE_LOOP('',(#1289));
#1289 = ORIENTED_EDGE('',*,*,#1290,.T.);
#1290 = EDGE_CURVE('',#1291,#1291,#1293,.T.);
#1291 = VERTEX_POINT('',#1292);
#1292 = CARTESIAN_POINT('',(4.25,-1.783635148552,-9.735829794896));
#1293 = CIRCLE('',#1294,1.7);
#1294 = AXIS2_PLACEMENT_3D('',#1295,#1296,#1297);
#1295 = CARTESIAN_POINT('',(4.25,-1.783635148552,-8.035829794896));
#1296 = DIRECTION('',(-1.,-0.,-0.));
#1297 = DIRECTION('',(0.,0.,-1.));
#1298 = PLANE('',#1299);
#1299 = AXIS2_PLACEMENT_3D('',#1300,#1301,#1302);
#1300 = CARTESIAN_POINT('',(4.25,-1.688780450082,-11.17690306447));
#1301 = DIRECTION('',(1.,0.,0.));
#1302 = DIRECTION('',(0.,0.,1.));
#1303 = ADVANCED_FACE('',(#1304),#1322,.T.);
#1304 = FACE_BOUND('',#1305,.T.);
#1305 = EDGE_LOOP('',(#1306,#1314,#1315,#1316));
#1306 = ORIENTED_EDGE('',*,*,#1307,.F.);
#1307 = EDGE_CURVE('',#1089,#1308,#1310,.T.);
#1308 = VERTEX_POINT('',#1309);
#1309 = CARTESIAN_POINT('',(20.327426438919,0.941037448399,
    -3.463099130421));
#1310 = LINE('',#1311,#1312);
#1311 = CARTESIAN_POINT('',(-47.66169063019,-43.00468246546,
    88.996013456828));
#1312 = VECTOR('',#1313,1.);
#1313 = DIRECTION('',(0.553243003486,0.357596379003,-0.752360956468));
#1314 = ORIENTED_EDGE('',*,*,#1088,.T.);
#1315 = ORIENTED_EDGE('',*,*,#421,.F.);
#1316 = ORIENTED_EDGE('',*,*,#1317,.F.);
#1317 = EDGE_CURVE('',#1308,#422,#1318,.T.);
#1318 = LINE('',#1319,#1320);
#1319 = CARTESIAN_POINT('',(20.327426435078,1.049540846657,
    -3.463099130421));
#1320 = VECTOR('',#1321,1.);
#1321 = DIRECTION('',(3.539988918E-08,-1.,1.737E-14));
#1322 = PLANE('',#1323);
#1323 = AXIS2_PLACEMENT_3D('',#1324,#1325,#1326);
#1324 = CARTESIAN_POINT('',(20.151948212714,1.049540840445,
    -3.224464462659));
#1325 = DIRECTION('',(0.805632394627,2.727055689E-08,0.592415770155));
#1326 = DIRECTION('',(3.439385501013E-08,-1.,-7.39762349903E-10));
#1327 = ADVANCED_FACE('',(#1328),#1528,.T.);
#1328 = FACE_BOUND('',#1329,.T.);
#1329 = EDGE_LOOP('',(#1330,#1340,#1349,#1357,#1366,#1374,#1383,#1391,
    #1400,#1408,#1416,#1424,#1432,#1440,#1448,#1456,#1464,#1472,#1480,
    #1488,#1496,#1502,#1503,#1504,#1505,#1514,#1522));
#1330 = ORIENTED_EDGE('',*,*,#1331,.T.);
#1331 = EDGE_CURVE('',#1332,#1334,#1336,.T.);
#1332 = VERTEX_POINT('',#1333);
#1333 = CARTESIAN_POINT('',(17.431100881046,-3.783635073321,
    -12.73775342995));
#1334 = VERTEX_POINT('',#1335);
#1335 = CARTESIAN_POINT('',(17.431100864121,-3.283634882527,
    -12.73775342995));
#1336 = LINE('',#1337,#1338);
#1337 = CARTESIAN_POINT('',(17.431100894199,-4.172202574808,
    -12.73775342995));
#1338 = VECTOR('',#1339,1.);
#1339 = DIRECTION('',(-3.384985789E-08,1.,0.));
#1340 = ORIENTED_EDGE('',*,*,#1341,.F.);
#1341 = EDGE_CURVE('',#1342,#1334,#1344,.T.);
#1342 = VERTEX_POINT('',#1343);
#1343 = CARTESIAN_POINT('',(15.808425743488,-3.283634882527,
    -17.93390615983));
#1344 = ELLIPSE('',#1345,3.142879477793,3.);
#1345 = AXIS2_PLACEMENT_3D('',#1346,#1347,#1348);
#1346 = CARTESIAN_POINT('',(16.61976325303,-1.783635148552,
    -15.33582979489));
#1347 = DIRECTION('',(0.954538671049,3.231099837E-08,-0.298087110543));
#1348 = DIRECTION('',(-0.298087110543,1.0346672617E-07,-0.954538671049)
  );
#1349 = ORIENTED_EDGE('',*,*,#1350,.T.);
#1350 = EDGE_CURVE('',#1342,#1351,#1353,.T.);
#1351 = VERTEX_POINT('',#1352);
#1352 = CARTESIAN_POINT('',(15.808425796265,-4.936629006377,
    -17.93390617001));
#1353 = LINE('',#1354,#1355);
#1354 = CARTESIAN_POINT('',(15.808425790491,-4.672202886648,
    -17.93390615983));
#1355 = VECTOR('',#1356,1.);
#1356 = DIRECTION('',(3.384985789E-08,-1.,0.));
#1357 = ORIENTED_EDGE('',*,*,#1358,.F.);
#1358 = EDGE_CURVE('',#1359,#1351,#1361,.T.);
#1359 = VERTEX_POINT('',#1360);
#1360 = CARTESIAN_POINT('',(16.264276900722,-8.433026113805,
    -16.47417383311));
#1361 = ELLIPSE('',#1362,5.15139597231,4.917206680214);
#1362 = AXIS2_PLACEMENT_3D('',#1363,#1364,#1365);
#1363 = CARTESIAN_POINT('',(17.343990536915,-4.936629006997,
    -13.01669950455));
#1364 = DIRECTION('',(0.954538671049,3.231099837E-08,-0.298087110543));
#1365 = DIRECTION('',(-0.298087110543,1.0482006853E-07,-0.954538671049)
  );
#1366 = ORIENTED_EDGE('',*,*,#1367,.F.);
#1367 = EDGE_CURVE('',#1368,#1359,#1370,.T.);
#1368 = VERTEX_POINT('',#1369);
#1369 = CARTESIAN_POINT('',(18.608045275396,-15.85472238913,
    -8.968927296797));
#1370 = LINE('',#1371,#1372);
#1371 = CARTESIAN_POINT('',(16.189437221375,-8.196041354846,
    -16.71382646444));
#1372 = VECTOR('',#1373,1.);
#1373 = DIRECTION('',(-0.216770823372,0.686419046348,-0.694146456409));
#1374 = ORIENTED_EDGE('',*,*,#1375,.T.);
#1375 = EDGE_CURVE('',#1368,#1376,#1378,.T.);
#1376 = VERTEX_POINT('',#1377);
#1377 = CARTESIAN_POINT('',(16.453890271125,-15.81777198966,
    -15.86699168659));
#1378 = B_SPLINE_CURVE_WITH_KNOTS('',3,(#1379,#1380,#1381,#1382),
  .UNSPECIFIED.,.F.,.F.,(4,4),(2.529199593376,3.29980278035),
  .PIECEWISE_BEZIER_KNOTS.);
#1379 = CARTESIAN_POINT('',(18.750364499182,-15.86148965464,
    -8.513190747396));
#1380 = CARTESIAN_POINT('',(17.981829049061,-15.82332766138,
    -10.9742053931));
#1381 = CARTESIAN_POINT('',(17.219569323475,-15.81184813968,
    -13.41512383158));
#1382 = CARTESIAN_POINT('',(16.453890271125,-15.81777198966,
    -15.86699168659));
#1383 = ORIENTED_EDGE('',*,*,#1384,.F.);
#1384 = EDGE_CURVE('',#1385,#1376,#1387,.T.);
#1385 = VERTEX_POINT('',#1386);
#1386 = CARTESIAN_POINT('',(16.453890569917,-24.25825076091,
    -15.86699168659));
#1387 = LINE('',#1388,#1389);
#1388 = CARTESIAN_POINT('',(16.453890646554,-26.42315171558,
    -15.86699168659));
#1389 = VECTOR('',#1390,1.);
#1390 = DIRECTION('',(-3.539988043E-08,1.,-1.811E-14));
#1391 = ORIENTED_EDGE('',*,*,#1392,.T.);
#1392 = EDGE_CURVE('',#1385,#1393,#1395,.T.);
#1393 = VERTEX_POINT('',#1394);
#1394 = CARTESIAN_POINT('',(14.188794526547,-23.4701123135,
    -23.1203128925));
#1395 = ELLIPSE('',#1396,36.12724702963,35.231448316271);
#1396 = AXIS2_PLACEMENT_3D('',#1397,#1398,#1399);
#1397 = CARTESIAN_POINT('',(14.188795773735,-58.70156062977,
    -23.1203128925));
#1398 = DIRECTION('',(-0.954538663976,-3.379054918E-08,0.298087133191));
#1399 = DIRECTION('',(0.298087133191,1.055218188E-08,0.954538663976));
#1400 = ORIENTED_EDGE('',*,*,#1401,.F.);
#1401 = EDGE_CURVE('',#1402,#1393,#1404,.T.);
#1402 = VERTEX_POINT('',#1403);
#1403 = CARTESIAN_POINT('',(12.761869462767,-23.47011235577,
    -27.68963170004));
#1404 = LINE('',#1405,#1406);
#1405 = CARTESIAN_POINT('',(18.788192039397,-23.47011215068,
    -8.392059747154));
#1406 = VECTOR('',#1407,1.);
#1407 = DIRECTION('',(0.298087133191,1.055227181E-08,0.954538663976));
#1408 = ORIENTED_EDGE('',*,*,#1409,.F.);
#1409 = EDGE_CURVE('',#1410,#1402,#1412,.T.);
#1410 = VERTEX_POINT('',#1411);
#1411 = CARTESIAN_POINT('',(12.761868472549,4.216365435966,
    -27.68963397409));
#1412 = LINE('',#1413,#1414);
#1413 = CARTESIAN_POINT('',(12.761868985088,-10.26220741638,
    -27.68963397409));
#1414 = VECTOR('',#1415,1.);
#1415 = DIRECTION('',(3.539988026E-08,-1.,1.752E-14));
#1416 = ORIENTED_EDGE('',*,*,#1417,.F.);
#1417 = EDGE_CURVE('',#1418,#1410,#1420,.T.);
#1418 = VERTEX_POINT('',#1419);
#1419 = CARTESIAN_POINT('',(18.766657018239,4.216365648535,
    -8.461016345741));
#1420 = LINE('',#1421,#1422);
#1421 = CARTESIAN_POINT('',(19.325933594449,4.216365668333,
    -6.67009330207));
#1422 = VECTOR('',#1423,1.);
#1423 = DIRECTION('',(-0.298087133191,-1.055226575E-08,-0.954538663976)
  );
#1424 = ORIENTED_EDGE('',*,*,#1425,.T.);
#1425 = EDGE_CURVE('',#1418,#1426,#1428,.T.);
#1426 = VERTEX_POINT('',#1427);
#1427 = CARTESIAN_POINT('',(18.766656802914,10.298996961785,
    -8.461016345741));
#1428 = LINE('',#1429,#1430);
#1429 = CARTESIAN_POINT('',(18.766657468829,-8.512207315173,
    -8.461016345742));
#1430 = VECTOR('',#1431,1.);
#1431 = DIRECTION('',(-3.53998603E-08,1.,4.614E-14));
#1432 = ORIENTED_EDGE('',*,*,#1433,.F.);
#1433 = EDGE_CURVE('',#1434,#1426,#1436,.T.);
#1434 = VERTEX_POINT('',#1435);
#1435 = CARTESIAN_POINT('',(20.526366807484,10.298997024078,
    -2.826049083759));
#1436 = LINE('',#1437,#1438);
#1437 = CARTESIAN_POINT('',(18.817121484024,10.298996963571,
    -8.29941765889));
#1438 = VECTOR('',#1439,1.);
#1439 = DIRECTION('',(-0.298087133191,-1.055226598E-08,-0.954538663976)
  );
#1440 = ORIENTED_EDGE('',*,*,#1441,.T.);
#1441 = EDGE_CURVE('',#1434,#1442,#1444,.T.);
#1442 = VERTEX_POINT('',#1443);
#1443 = CARTESIAN_POINT('',(20.526366864377,8.691867287218,
    -2.826049083759));
#1444 = LINE('',#1445,#1446);
#1445 = CARTESIAN_POINT('',(20.526367499735,-9.256182729616,
    -2.826049083758));
#1446 = VECTOR('',#1447,1.);
#1447 = DIRECTION('',(3.539988252E-08,-1.,2.524E-14));
#1448 = ORIENTED_EDGE('',*,*,#1449,.T.);
#1449 = EDGE_CURVE('',#1442,#1450,#1452,.T.);
#1450 = VERTEX_POINT('',#1451);
#1451 = CARTESIAN_POINT('',(22.660447429136,8.691868850515,
    4.007737658571));
#1452 = LINE('',#1453,#1454);
#1453 = CARTESIAN_POINT('',(21.667929476687,8.69186732763,0.829478208333
    ));
#1454 = VECTOR('',#1455,1.);
#1455 = DIRECTION('',(0.298087133191,1.055226567E-08,0.954538663976));
#1456 = ORIENTED_EDGE('',*,*,#1457,.T.);
#1457 = EDGE_CURVE('',#1450,#1458,#1460,.T.);
#1458 = VERTEX_POINT('',#1459);
#1459 = CARTESIAN_POINT('',(22.660447592009,4.090935561865,
    4.007737658572));
#1460 = LINE('',#1461,#1462);
#1461 = CARTESIAN_POINT('',(22.660447789921,-1.499822628599,
    4.007737658572));
#1462 = VECTOR('',#1463,1.);
#1463 = DIRECTION('',(3.539988151E-08,-1.,1.602E-14));
#1464 = ORIENTED_EDGE('',*,*,#1465,.T.);
#1465 = EDGE_CURVE('',#1458,#1466,#1468,.T.);
#1466 = VERTEX_POINT('',#1467);
#1467 = CARTESIAN_POINT('',(21.018613342149,4.090936150804,
    -1.249771252702));
#1468 = LINE('',#1469,#1470);
#1469 = CARTESIAN_POINT('',(21.667929639559,4.09093617379,0.829478208333
    ));
#1470 = VECTOR('',#1471,1.);
#1471 = DIRECTION('',(-0.298087133191,-1.055226545E-08,-0.954538663976)
  );
#1472 = ORIENTED_EDGE('',*,*,#1473,.F.);
#1473 = EDGE_CURVE('',#1474,#1466,#1476,.T.);
#1474 = VERTEX_POINT('',#1475);
#1475 = CARTESIAN_POINT('',(20.526367070445,2.870711303068,
    -2.826049083759));
#1476 = LINE('',#1477,#1478);
#1477 = CARTESIAN_POINT('',(18.453025268955,-2.26887700756,-9.4653329255
    ));
#1478 = VECTOR('',#1479,1.);
#1479 = DIRECTION('',(0.23973802931,0.594284440788,0.767692438897));
#1480 = ORIENTED_EDGE('',*,*,#1481,.T.);
#1481 = EDGE_CURVE('',#1474,#1482,#1484,.T.);
#1482 = VERTEX_POINT('',#1483);
#1483 = CARTESIAN_POINT('',(20.526367133628,1.085865691658,
    -2.826049083759));
#1484 = LINE('',#1485,#1486);
#1485 = CARTESIAN_POINT('',(20.526367499735,-9.256182729616,
    -2.826049083758));
#1486 = VECTOR('',#1487,1.);
#1487 = DIRECTION('',(3.539988252E-08,-1.,2.48E-14));
#1488 = ORIENTED_EDGE('',*,*,#1489,.T.);
#1489 = EDGE_CURVE('',#1482,#1490,#1492,.T.);
#1490 = VERTEX_POINT('',#1491);
#1491 = CARTESIAN_POINT('',(20.476470178478,1.049540851933,
    -2.985829794895));
#1492 = LINE('',#1493,#1494);
#1493 = CARTESIAN_POINT('',(1.918245801477,-12.46079308336,
    -62.41322932568));
#1494 = VECTOR('',#1495,1.);
#1495 = DIRECTION('',(-0.291306939276,-0.212070613402,-0.932827059031));
#1496 = ORIENTED_EDGE('',*,*,#1497,.T.);
#1497 = EDGE_CURVE('',#1490,#1308,#1498,.T.);
#1498 = LINE('',#1499,#1500);
#1499 = CARTESIAN_POINT('',(-0.201659050399,-14.00407780118,
    -69.20162243604));
#1500 = VECTOR('',#1501,1.);
#1501 = DIRECTION('',(-0.29130691834,-0.212070599534,-0.932827068722));
#1502 = ORIENTED_EDGE('',*,*,#1317,.T.);
#1503 = ORIENTED_EDGE('',*,*,#431,.F.);
#1504 = ORIENTED_EDGE('',*,*,#477,.T.);
#1505 = ORIENTED_EDGE('',*,*,#1506,.F.);
#1506 = EDGE_CURVE('',#1507,#470,#1509,.T.);
#1507 = VERTEX_POINT('',#1508);
#1508 = CARTESIAN_POINT('',(18.08809860847,-3.283634882527,
    -10.63390615983));
#1509 = ELLIPSE('',#1510,3.142879477793,3.);
#1510 = AXIS2_PLACEMENT_3D('',#1511,#1512,#1513);
#1511 = CARTESIAN_POINT('',(18.899436118012,-1.783635148552,
    -8.035829794896));
#1512 = DIRECTION('',(0.954538671049,3.231099837E-08,-0.298087110543));
#1513 = DIRECTION('',(-0.298087110543,1.0346672617E-07,-0.954538671049)
  );
#1514 = ORIENTED_EDGE('',*,*,#1515,.T.);
#1515 = EDGE_CURVE('',#1507,#1516,#1518,.T.);
#1516 = VERTEX_POINT('',#1517);
#1517 = CARTESIAN_POINT('',(18.088098316483,-3.783634674145,
    -10.63390606337));
#1518 = LINE('',#1519,#1520);
#1519 = CARTESIAN_POINT('',(18.088098655473,-4.672202358133,
    -10.63390615983));
#1520 = VECTOR('',#1521,1.);
#1521 = DIRECTION('',(3.384985789E-08,-1.,0.));
#1522 = ORIENTED_EDGE('',*,*,#1523,.F.);
#1523 = EDGE_CURVE('',#1332,#1516,#1524,.T.);
#1524 = LINE('',#1525,#1526);
#1525 = CARTESIAN_POINT('',(17.431100875865,-3.783635073321,
    -12.73775344654));
#1526 = VECTOR('',#1527,1.);
#1527 = DIRECTION('',(0.298087133191,1.055226801E-08,0.954538663976));
#1528 = PLANE('',#1529);
#1529 = AXIS2_PLACEMENT_3D('',#1530,#1531,#1532);
#1530 = CARTESIAN_POINT('',(17.064635233377,-5.060770485339,
    -13.91125493741));
#1531 = DIRECTION('',(0.954538671049,3.231099837E-08,-0.298087110543));
#1532 = DIRECTION('',(-0.298087110543,-1.055224629E-08,-0.954538671049)
  );
#1533 = ADVANCED_FACE('',(#1534),#1546,.F.);
#1534 = FACE_BOUND('',#1535,.T.);
#1535 = EDGE_LOOP('',(#1536,#1537,#1538,#1539,#1545));
#1536 = ORIENTED_EDGE('',*,*,#469,.F.);
#1537 = ORIENTED_EDGE('',*,*,#519,.F.);
#1538 = ORIENTED_EDGE('',*,*,#510,.F.);
#1539 = ORIENTED_EDGE('',*,*,#1540,.T.);
#1540 = EDGE_CURVE('',#503,#1507,#1541,.T.);
#1541 = LINE('',#1542,#1543);
#1542 = CARTESIAN_POINT('',(11.350001174252,-3.283634882527,
    -10.63390615983));
#1543 = VECTOR('',#1544,1.);
#1544 = DIRECTION('',(1.,0.,0.));
#1545 = ORIENTED_EDGE('',*,*,#1506,.T.);
#1546 = CYLINDRICAL_SURFACE('',#1547,3.);
#1547 = AXIS2_PLACEMENT_3D('',#1548,#1549,#1550);
#1548 = CARTESIAN_POINT('',(11.350001174252,-1.783635148552,
    -8.035829794896));
#1549 = DIRECTION('',(-1.,0.,0.));
#1550 = DIRECTION('',(0.,-1.,0.));
#1551 = ADVANCED_FACE('',(#1552),#1572,.T.);
#1552 = FACE_BOUND('',#1553,.T.);
#1553 = EDGE_LOOP('',(#1554,#1555,#1556,#1557,#1558,#1566));
#1554 = ORIENTED_EDGE('',*,*,#1515,.F.);
#1555 = ORIENTED_EDGE('',*,*,#1540,.F.);
#1556 = ORIENTED_EDGE('',*,*,#502,.F.);
#1557 = ORIENTED_EDGE('',*,*,#546,.T.);
#1558 = ORIENTED_EDGE('',*,*,#1559,.T.);
#1559 = EDGE_CURVE('',#547,#1560,#1562,.T.);
#1560 = VERTEX_POINT('',#1561);
#1561 = CARTESIAN_POINT('',(17.564285113517,-4.283634691383,
    -10.63390605572));
#1562 = LINE('',#1563,#1564);
#1563 = CARTESIAN_POINT('',(11.350001174252,-4.283634493654,
    -10.63390615983));
#1564 = VECTOR('',#1565,1.);
#1565 = DIRECTION('',(1.,0.,0.));
#1566 = ORIENTED_EDGE('',*,*,#1567,.F.);
#1567 = EDGE_CURVE('',#1516,#1560,#1568,.T.);
#1568 = LINE('',#1569,#1570);
#1569 = CARTESIAN_POINT('',(15.903639071061,-5.868785705345,
    -10.63390615983));
#1570 = VECTOR('',#1571,1.);
#1571 = DIRECTION('',(-0.72335795609,-0.690473219873,0.));
#1572 = PLANE('',#1573);
#1573 = AXIS2_PLACEMENT_3D('',#1574,#1575,#1576);
#1574 = CARTESIAN_POINT('',(11.350001174252,-4.283634493654,
    -10.63390615983));
#1575 = DIRECTION('',(0.,0.,1.));
#1576 = DIRECTION('',(0.,1.,0.));
#1577 = ADVANCED_FACE('',(#1578),#1589,.F.);
#1578 = FACE_BOUND('',#1579,.T.);
#1579 = EDGE_LOOP('',(#1580,#1581,#1587,#1588));
#1580 = ORIENTED_EDGE('',*,*,#529,.T.);
#1581 = ORIENTED_EDGE('',*,*,#1582,.T.);
#1582 = EDGE_CURVE('',#530,#1291,#1583,.T.);
#1583 = LINE('',#1584,#1585);
#1584 = CARTESIAN_POINT('',(11.350001174252,-1.783635148552,
    -9.735829794896));
#1585 = VECTOR('',#1586,1.);
#1586 = DIRECTION('',(-1.,0.,6.E-17));
#1587 = ORIENTED_EDGE('',*,*,#1290,.T.);
#1588 = ORIENTED_EDGE('',*,*,#1582,.F.);
#1589 = CYLINDRICAL_SURFACE('',#1590,1.7);
#1590 = AXIS2_PLACEMENT_3D('',#1591,#1592,#1593);
#1591 = CARTESIAN_POINT('',(11.350001174252,-1.783635148552,
    -8.035829794896));
#1592 = DIRECTION('',(-1.,-0.,-0.));
#1593 = DIRECTION('',(0.,0.,-1.));
#1594 = ADVANCED_FACE('',(#1595),#1853,.F.);
#1595 = FACE_BOUND('',#1596,.F.);
#1596 = EDGE_LOOP('',(#1597,#1625,#1626,#1634,#1643,#1651,#1659));
#1597 = ORIENTED_EDGE('',*,*,#1598,.F.);
#1598 = EDGE_CURVE('',#299,#1599,#1601,.T.);
#1599 = VERTEX_POINT('',#1600);
#1600 = CARTESIAN_POINT('',(11.38693276554,-10.53363461271,
    -19.68582979489));
#1601 = B_SPLINE_CURVE_WITH_KNOTS('',8,(#1602,#1603,#1604,#1605,#1606,
    #1607,#1608,#1609,#1610,#1611,#1612,#1613,#1614,#1615,#1616,#1617,
    #1618,#1619,#1620,#1621,#1622,#1623,#1624),.UNSPECIFIED.,.F.,.F.,(9,
    7,7,9),(0.,0.143846022905,0.563296790073,1.),.UNSPECIFIED.);
#1602 = CARTESIAN_POINT('',(10.654004018564,-4.283635396351,
    -19.68582979489));
#1603 = CARTESIAN_POINT('',(10.674126461532,-4.367918482876,
    -19.68582979489));
#1604 = CARTESIAN_POINT('',(10.698798337418,-4.472687696578,
    -19.68582979489));
#1605 = CARTESIAN_POINT('',(10.724706440903,-4.585271028525,
    -19.68582979489));
#1606 = CARTESIAN_POINT('',(10.749760415873,-4.697309206066,
    -19.68582979489));
#1607 = CARTESIAN_POINT('',(10.773227362288,-4.804698095742,
    -19.68582979489));
#1608 = CARTESIAN_POINT('',(10.795258070357,-4.90766834469,
    -19.68582979489));
#1609 = CARTESIAN_POINT('',(10.816894923078,-5.010758618634,
    -19.68582979489));
#1610 = CARTESIAN_POINT('',(10.906567114517,-5.449708147049,
    -19.68582979489));
#1611 = CARTESIAN_POINT('',(10.96863308376,-5.777525925543,
    -19.68582979489));
#1612 = CARTESIAN_POINT('',(11.026026505024,-6.106216826602,
    -19.68582979489));
#1613 = CARTESIAN_POINT('',(11.078772489673,-6.43569654649,
    -19.68582979489));
#1614 = CARTESIAN_POINT('',(11.126887198553,-6.765883655351,
    -19.68582979489));
#1615 = CARTESIAN_POINT('',(11.170378356838,-7.096699505063,
    -19.68582979489));
#1616 = CARTESIAN_POINT('',(11.209245768883,-7.428068137088,
    -19.68582979489));
#1617 = CARTESIAN_POINT('',(11.279126061907,-8.105413496339,
    -19.68582979489));
#1618 = CARTESIAN_POINT('',(11.309749789748,-8.451427355732,
    -19.68582979489));
#1619 = CARTESIAN_POINT('',(11.33534413713,-8.797874867833,
    -19.68582979489));
#1620 = CARTESIAN_POINT('',(11.355891022085,-9.144671992533,
    -19.68582979489));
#1621 = CARTESIAN_POINT('',(11.371363384337,-9.491733526681,
    -19.68582979489));
#1622 = CARTESIAN_POINT('',(11.381725409495,-9.838973080464,
    -19.68582979489));
#1623 = CARTESIAN_POINT('',(11.386932753245,-10.18630305379,
    -19.68582979489));
#1624 = CARTESIAN_POINT('',(11.38693276554,-10.5336346127,
    -19.68582979489));
#1625 = ORIENTED_EDGE('',*,*,#603,.F.);
#1626 = ORIENTED_EDGE('',*,*,#1627,.F.);
#1627 = EDGE_CURVE('',#1628,#596,#1630,.T.);
#1628 = VERTEX_POINT('',#1629);
#1629 = CARTESIAN_POINT('',(14.750001174252,-23.62053645109,
    -19.68582979489));
#1630 = LINE('',#1631,#1632);
#1631 = CARTESIAN_POINT('',(14.750001174252,-18.23614689191,
    -19.68582979489));
#1632 = VECTOR('',#1633,1.);
#1633 = DIRECTION('',(0.,1.,0.));
#1634 = ORIENTED_EDGE('',*,*,#1635,.F.);
#1635 = EDGE_CURVE('',#1636,#1628,#1638,.T.);
#1636 = VERTEX_POINT('',#1637);
#1637 = CARTESIAN_POINT('',(8.270791276675,-23.47011252299,
    -19.68582979489));
#1638 = ELLIPSE('',#1639,70.190375714777,35.231448316271);
#1639 = AXIS2_PLACEMENT_3D('',#1640,#1641,#1642);
#1640 = CARTESIAN_POINT('',(8.270792523866,-58.70156083926,
    -19.68582979489));
#1641 = DIRECTION('',(-0.,0.,-1.));
#1642 = DIRECTION('',(-1.,-3.53998914E-08,0.));
#1643 = ORIENTED_EDGE('',*,*,#1644,.T.);
#1644 = EDGE_CURVE('',#1636,#1645,#1647,.T.);
#1645 = VERTEX_POINT('',#1646);
#1646 = CARTESIAN_POINT('',(7.539230973058,-23.47011254889,
    -19.68582979489));
#1647 = LINE('',#1648,#1649);
#1648 = CARTESIAN_POINT('',(0.875001092353,-23.4701127848,
    -19.68582979489));
#1649 = VECTOR('',#1650,1.);
#1650 = DIRECTION('',(-1.,-3.539988028E-08,0.));
#1651 = ORIENTED_EDGE('',*,*,#1652,.T.);
#1652 = EDGE_CURVE('',#1645,#1653,#1655,.T.);
#1653 = VERTEX_POINT('',#1654);
#1654 = CARTESIAN_POINT('',(7.539371543421,-19.64095199216,
    -19.68582979489));
#1655 = LINE('',#1656,#1657);
#1656 = CARTESIAN_POINT('',(7.53923008146,1.716365251086,-19.68582979489
    ));
#1657 = VECTOR('',#1658,1.);
#1658 = DIRECTION('',(-3.539990152E-08,1.,-1.752E-14));
#1659 = ORIENTED_EDGE('',*,*,#1660,.F.);
#1660 = EDGE_CURVE('',#1599,#1653,#1661,.T.);
#1661 = B_SPLINE_CURVE_WITH_KNOTS('',8,(#1662,#1663,#1664,#1665,#1666,
    #1667,#1668,#1669,#1670,#1671,#1672,#1673,#1674,#1675,#1676,#1677,
    #1678,#1679,#1680,#1681,#1682,#1683,#1684,#1685,#1686,#1687,#1688,
    #1689,#1690,#1691,#1692,#1693,#1694,#1695,#1696,#1697,#1698,#1699,
    #1700,#1701,#1702,#1703,#1704,#1705,#1706,#1707,#1708,#1709,#1710,
    #1711,#1712,#1713,#1714,#1715,#1716,#1717,#1718,#1719,#1720,#1721,
    #1722,#1723,#1724,#1725,#1726,#1727,#1728,#1729,#1730,#1731,#1732,
    #1733,#1734,#1735,#1736,#1737,#1738,#1739,#1740,#1741,#1742,#1743,
    #1744,#1745,#1746,#1747,#1748,#1749,#1750,#1751,#1752,#1753,#1754,
    #1755,#1756,#1757,#1758,#1759,#1760,#1761,#1762,#1763,#1764,#1765,
    #1766,#1767,#1768,#1769,#1770,#1771,#1772,#1773,#1774,#1775,#1776,
    #1777,#1778,#1779,#1780,#1781,#1782,#1783,#1784,#1785,#1786,#1787,
    #1788,#1789,#1790,#1791,#1792,#1793,#1794,#1795,#1796,#1797,#1798,
    #1799,#1800,#1801,#1802,#1803,#1804,#1805,#1806,#1807,#1808,#1809,
    #1810,#1811,#1812,#1813,#1814,#1815,#1816,#1817,#1818,#1819,#1820,
    #1821,#1822,#1823,#1824,#1825,#1826,#1827,#1828,#1829,#1830,#1831,
    #1832,#1833,#1834,#1835,#1836,#1837,#1838,#1839,#1840,#1841,#1842,
    #1843,#1844,#1845,#1846,#1847,#1848,#1849,#1850,#1851,#1852),
  .UNSPECIFIED.,.F.,.F.,(9,7,7,7,7,7,7,7,7,7,7,7,7,7,7,7,7,7,7,7,7,7,7,7
    ,7,7,7,9),(0.,7.774062104768E-02,0.131821879219,0.158557884157,
    0.172886882562,0.187216895597,0.21658484366,0.231477424338,
    0.246369979454,0.26126253457,0.286272099839,0.366767746059,
    0.399240717622,0.471605382292,0.531315833347,0.591025159092,
    0.663389723198,0.725850337855,0.757563155974,0.772251235028,
    0.78903696594,0.812837987689,0.837126708741,0.859207364243,
    0.881243995982,0.939246039118,0.968629683036,1.),.UNSPECIFIED.);
#1662 = CARTESIAN_POINT('',(11.38693276554,-10.5336346127,
    -19.68582979489));
#1663 = CARTESIAN_POINT('',(11.386932777836,-10.88096617161,
    -19.68582979489));
#1664 = CARTESIAN_POINT('',(11.381725458677,-11.22829614531,
    -19.68582979489));
#1665 = CARTESIAN_POINT('',(11.371363458104,-11.57553569983,
    -19.68582979489));
#1666 = CARTESIAN_POINT('',(11.355891120424,-11.92259723507,
    -19.68582979489));
#1667 = CARTESIAN_POINT('',(11.335344260022,-12.26939436123,
    -19.68582979489));
#1668 = CARTESIAN_POINT('',(11.309749937168,-12.61584187514,
    -19.68582979489));
#1669 = CARTESIAN_POINT('',(11.279126233825,-12.96185573671,
    -19.68582979489));
#1670 = CARTESIAN_POINT('',(11.218685682411,-13.54770267055,
    -19.68582979489));
#1671 = CARTESIAN_POINT('',(11.191459674489,-13.78780127139,
    -19.68582979489));
#1672 = CARTESIAN_POINT('',(11.161807149358,-14.02762063028,
    -19.68582979489));
#1673 = CARTESIAN_POINT('',(11.129728986948,-14.2671319233,
    -19.68582979489));
#1674 = CARTESIAN_POINT('',(11.095223803448,-14.50630572008,
    -19.68582979489));
#1675 = CARTESIAN_POINT('',(11.058287951309,-14.7451119838,
    -19.68582979489));
#1676 = CARTESIAN_POINT('',(11.018915519239,-14.98352007116,
    -19.68582979489));
#1677 = CARTESIAN_POINT('',(10.956425282858,-15.33914759784,
    -19.68582979489));
#1678 = CARTESIAN_POINT('',(10.93515472226,-15.45669143322,
    -19.68582979489));
#1679 = CARTESIAN_POINT('',(10.913285652015,-15.57412642743,
    -19.68582979489));
#1680 = CARTESIAN_POINT('',(10.890816924085,-15.69144869377,
    -19.68582979489));
#1681 = CARTESIAN_POINT('',(10.867747240787,-15.80865426999,
    -19.68582979489));
#1682 = CARTESIAN_POINT('',(10.844075154797,-15.92573911829,
    -19.68582979489));
#1683 = CARTESIAN_POINT('',(10.819799069145,-16.0426991253,
    -19.68582979489));
#1684 = CARTESIAN_POINT('',(10.781581971507,-16.22214494995,
    -19.68582979489));
#1685 = CARTESIAN_POINT('',(10.768082952522,-16.28467465401,
    -19.68582979489));
#1686 = CARTESIAN_POINT('',(10.754420539807,-16.34711790727,
    -19.68582979489));
#1687 = CARTESIAN_POINT('',(10.740595092903,-16.40947340271,
    -19.68582979489));
#1688 = CARTESIAN_POINT('',(10.726606971351,-16.47173983329,
    -19.68582979489));
#1689 = CARTESIAN_POINT('',(10.712456534694,-16.53391589198,
    -19.68582979489));
#1690 = CARTESIAN_POINT('',(10.698144142472,-16.59600027175,
    -19.68582979489));
#1691 = CARTESIAN_POINT('',(10.669195141086,-16.71998744897,
    -19.68582979489));
#1692 = CARTESIAN_POINT('',(10.654466929934,-16.78186101452,
    -19.68582979489));
#1693 = CARTESIAN_POINT('',(10.639616282515,-16.84364796727,
    -19.68582979489));
#1694 = CARTESIAN_POINT('',(10.624705883717,-16.90536556766,
    -19.68582979489));
#1695 = CARTESIAN_POINT('',(10.609730341581,-16.96701273154,
    -19.68582979489));
#1696 = CARTESIAN_POINT('',(10.594616187292,-17.02857003012,
    -19.68582979489));
#1697 = CARTESIAN_POINT('',(10.579221875189,-17.08999969003,
    -19.68582979489));
#1698 = CARTESIAN_POINT('',(10.530784902272,-17.27676303006,
    -19.68582979489));
#1699 = CARTESIAN_POINT('',(10.491760614088,-17.40056779431,
    -19.68582979489));
#1700 = CARTESIAN_POINT('',(10.446657886701,-17.52239862753,
    -19.68582979489));
#1701 = CARTESIAN_POINT('',(10.395797914209,-17.64198985747,
    -19.68582979489));
#1702 = CARTESIAN_POINT('',(10.339447358283,-17.75907812426,
    -19.68582979489));
#1703 = CARTESIAN_POINT('',(10.277826009923,-17.87340506621,
    -19.68582979489));
#1704 = CARTESIAN_POINT('',(10.211104870984,-17.98471596531,
    -19.68582979489));
#1705 = CARTESIAN_POINT('',(10.103030175139,-18.14754096516,
    -19.68582979489));
#1706 = CARTESIAN_POINT('',(10.065360134474,-18.20152113133,
    -19.68582979489));
#1707 = CARTESIAN_POINT('',(10.026410090502,-18.25463717334,
    -19.68582979489));
#1708 = CARTESIAN_POINT('',(9.986205848872,-18.30683179551,
    -19.68582979489));
#1709 = CARTESIAN_POINT('',(9.944773463856,-18.35804808412,
    -19.68582979489));
#1710 = CARTESIAN_POINT('',(9.902139238354,-18.40822950739,
    -19.68582979489));
#1711 = CARTESIAN_POINT('',(9.85832972389,-18.45731991548,
    -19.68582979489));
#1712 = CARTESIAN_POINT('',(9.768413794508,-18.55320708326,
    -19.68582979489));
#1713 = CARTESIAN_POINT('',(9.722314239892,-18.60001034971,
    -19.68582979489));
#1714 = CARTESIAN_POINT('',(9.675129713873,-18.64564699003,
    -19.68582979489));
#1715 = CARTESIAN_POINT('',(9.626916873555,-18.69009065436,
    -19.68582979489));
#1716 = CARTESIAN_POINT('',(9.577732376042,-18.73331499286,
    -19.68582979489));
#1717 = CARTESIAN_POINT('',(9.52763287844,-18.7752936557,-19.68582979489
    ));
#1718 = CARTESIAN_POINT('',(9.476675037853,-18.81600029301,
    -19.68582979489));
#1719 = CARTESIAN_POINT('',(9.373155984916,-18.8948168169,
    -19.68582979489));
#1720 = CARTESIAN_POINT('',(9.320594772567,-18.93292670348,
    -19.68582979489));
#1721 = CARTESIAN_POINT('',(9.267288531442,-18.96971186485,
    -19.68582979489));
#1722 = CARTESIAN_POINT('',(9.213293918645,-19.00514595115,
    -19.68582979489));
#1723 = CARTESIAN_POINT('',(9.158667591281,-19.03920261256,
    -19.68582979489));
#1724 = CARTESIAN_POINT('',(9.103466206455,-19.07185549921,
    -19.68582979489));
#1725 = CARTESIAN_POINT('',(9.04774642127,-19.10307826127,
    -19.68582979489));
#1726 = CARTESIAN_POINT('',(8.89721737547,-19.18283206998,
    -19.68582979489));
#1727 = CARTESIAN_POINT('',(8.801665017998,-19.22883061189,
    -19.68582979489));
#1728 = CARTESIAN_POINT('',(8.701741934722,-19.26981027689,
    -19.68582979489));
#1729 = CARTESIAN_POINT('',(8.607273897317,-19.31509197361,
    -19.68582979489));
#1730 = CARTESIAN_POINT('',(8.499026522852,-19.33297067501,
    -19.68582979489));
#1731 = CARTESIAN_POINT('',(8.401009727629,-19.37511233661,
    -19.68582979489));
#1732 = CARTESIAN_POINT('',(8.299067271376,-19.40650803615,
    -19.68582979489));
#1733 = CARTESIAN_POINT('',(7.872302936611,-19.5439083719,
    -19.68582979489));
#1734 = CARTESIAN_POINT('',(7.545112903863,-19.64380082865,
    -19.68582979489));
#1735 = CARTESIAN_POINT('',(7.216438060016,-19.73878649064,
    -19.68582979489));
#1736 = CARTESIAN_POINT('',(6.886376930685,-19.82888449681,
    -19.68582979489));
#1737 = CARTESIAN_POINT('',(6.555023309229,-19.91410330748,
    -19.68582979489));
#1738 = CARTESIAN_POINT('',(6.222466570845,-19.99444180098,
    -19.68582979489));
#1739 = CARTESIAN_POINT('',(5.888791986661,-20.06989037037,
    -19.68582979489));
#1740 = CARTESIAN_POINT('',(5.419054367041,-20.16888942242,
    -19.68582979489));
#1741 = CARTESIAN_POINT('',(5.283859352319,-20.19654818672,
    -19.68582979489));
#1742 = CARTESIAN_POINT('',(5.148501481699,-20.22340713575,
    -19.68582979489));
#1743 = CARTESIAN_POINT('',(5.012986220412,-20.24946488657,
    -19.68582979489));
#1744 = CARTESIAN_POINT('',(4.877319010891,-20.27471985058,
    -19.68582979489));
#1745 = CARTESIAN_POINT('',(4.74150527277,-20.29917023348,
    -19.68582979489));
#1746 = CARTESIAN_POINT('',(4.605550402886,-20.32281403533,
    -19.68582979489));
#1747 = CARTESIAN_POINT('',(4.166187479655,-20.39653593076,
    -19.68582979489));
#1748 = CARTESIAN_POINT('',(3.862241519221,-20.44340185824,
    -19.68582979489));
#1749 = CARTESIAN_POINT('',(3.557686754463,-20.48626358889,
    -19.68582979489));
#1750 = CARTESIAN_POINT('',(3.252591694122,-20.52515549367,
    -19.68582979489));
#1751 = CARTESIAN_POINT('',(2.947015785328,-20.56007318857,
    -19.68582979489));
#1752 = CARTESIAN_POINT('',(2.641024051743,-20.59103723961,
    -19.68582979489));
#1753 = CARTESIAN_POINT('',(2.334674639546,-20.61804224395,
    -19.68582979489));
#1754 = CARTESIAN_POINT('',(1.775001450565,-20.66010051073,
    -19.68582979489));
#1755 = CARTESIAN_POINT('',(1.521773799229,-20.67641773706,
    -19.68582979489));
#1756 = CARTESIAN_POINT('',(1.268376831502,-20.69003546411,
    -19.68582979489));
#1757 = CARTESIAN_POINT('',(1.014843875656,-20.70094874375,
    -19.68582979489));
#1758 = CARTESIAN_POINT('',(0.761208498609,-20.70915008867,
    -19.68582979489));
#1759 = CARTESIAN_POINT('',(0.507504505933,-20.71462947234,
    -19.68582979489));
#1760 = CARTESIAN_POINT('',(0.253765941846,-20.71737432901,
    -19.68582979489));
#1761 = CARTESIAN_POINT('',(-0.253706981426,-20.71736477859,
    -19.68582979489));
#1762 = CARTESIAN_POINT('',(-0.507440662496,-20.71461047473,
    -19.68582979489));
#1763 = CARTESIAN_POINT('',(-0.761139669539,-20.70912159103,
    -19.68582979489));
#1764 = CARTESIAN_POINT('',(-1.014769953422,-20.70091056286,
    -19.68582979489));
#1765 = CARTESIAN_POINT('',(-1.268297700331,-20.68998731212,
    -19.68582979489));
#1766 = CARTESIAN_POINT('',(-1.521689331774,-20.67635924717,
    -19.68582979489));
#1767 = CARTESIAN_POINT('',(-1.774911504581,-20.66003126293,
    -19.68582979489));
#1768 = CARTESIAN_POINT('',(-2.334577573462,-20.61794780803,
    -19.68582979489));
#1769 = CARTESIAN_POINT('',(-2.64092525495,-20.59092800021,
    -19.68582979489));
#1770 = CARTESIAN_POINT('',(-2.946915031412,-20.55994844941,
    -19.68582979489));
#1771 = CARTESIAN_POINT('',(-3.252488573603,-20.52501400146,
    -19.68582979489));
#1772 = CARTESIAN_POINT('',(-3.557581110006,-20.48610524742,
    -19.68582979489));
#1773 = CARTESIAN_POINT('',(-3.862132864918,-20.44322527379,
    -19.68582979489));
#1774 = CARTESIAN_POINT('',(-4.166075609362,-20.39634113604,
    -19.68582979489));
#1775 = CARTESIAN_POINT('',(-4.73110712982,-20.3014970726,
    -19.68582979489));
#1776 = CARTESIAN_POINT('',(-4.992366984704,-20.25456576901,
    -19.68582979489));
#1777 = CARTESIAN_POINT('',(-5.253085666112,-20.20465468958,
    -19.68582979489));
#1778 = CARTESIAN_POINT('',(-5.513224244641,-20.15177415819,
    -19.68582979489));
#1779 = CARTESIAN_POINT('',(-5.772743041911,-20.09593158883,
    -19.68582979489));
#1780 = CARTESIAN_POINT('',(-6.031601580883,-20.03713126193,
    -19.68582979489));
#1781 = CARTESIAN_POINT('',(-6.289758536184,-19.97537410064,
    -19.68582979489));
#1782 = CARTESIAN_POINT('',(-6.677866785595,-19.87779918174,
    -19.68582979489));
#1783 = CARTESIAN_POINT('',(-6.808370013934,-19.84417802037,
    -19.68582979489));
#1784 = CARTESIAN_POINT('',(-6.938675793744,-19.80979364526,
    -19.68582979489));
#1785 = CARTESIAN_POINT('',(-7.06877841789,-19.77464549085,
    -19.68582979489));
#1786 = CARTESIAN_POINT('',(-7.1986720478,-19.73873274377,
    -19.68582979489));
#1787 = CARTESIAN_POINT('',(-7.328350713469,-19.70205434294,
    -19.68582979489));
#1788 = CARTESIAN_POINT('',(-7.457808313457,-19.66460897953,
    -19.68582979489));
#1789 = CARTESIAN_POINT('',(-7.646892799917,-19.60869599096,
    -19.68582979489));
#1790 = CARTESIAN_POINT('',(-7.706634632014,-19.59085082718,
    -19.68582979489));
#1791 = CARTESIAN_POINT('',(-7.766262931201,-19.57286028077,
    -19.68582979489));
#1792 = CARTESIAN_POINT('',(-7.825776517503,-19.55472502689,
    -19.68582979489));
#1793 = CARTESIAN_POINT('',(-7.885174210944,-19.53644574073,
    -19.68582979489));
#1794 = CARTESIAN_POINT('',(-7.94445483155,-19.51802309745,
    -19.68582979489));
#1795 = CARTESIAN_POINT('',(-8.003617199346,-19.49945777222,
    -19.68582979489));
#1796 = CARTESIAN_POINT('',(-8.130135181002,-19.45937145392,
    -19.68582979489));
#1797 = CARTESIAN_POINT('',(-8.197393944517,-19.43758299317,
    -19.68582979489));
#1798 = CARTESIAN_POINT('',(-8.264520996372,-19.4157080929,
    -19.68582979489));
#1799 = CARTESIAN_POINT('',(-8.33155642317,-19.39389795187,
    -19.68582979489));
#1800 = CARTESIAN_POINT('',(-8.398495826648,-19.37213193267,
    -19.68582979489));
#1801 = CARTESIAN_POINT('',(-8.465290323676,-19.35021756177,
    -19.68582979489));
#1802 = CARTESIAN_POINT('',(-8.531846546259,-19.32779052945,
    -19.68582979489));
#1803 = CARTESIAN_POINT('',(-8.691865503554,-19.27102755023,
    -19.68582979489));
#1804 = CARTESIAN_POINT('',(-8.784457555349,-19.23424242626,
    -19.68582979489));
#1805 = CARTESIAN_POINT('',(-8.875708529716,-19.19408413433,
    -19.68582979489));
#1806 = CARTESIAN_POINT('',(-8.965390993574,-19.15050923326,
    -19.68582979489));
#1807 = CARTESIAN_POINT('',(-9.053405252468,-19.10364751278,
    -19.68582979489));
#1808 = CARTESIAN_POINT('',(-9.139600189155,-19.05355835888,
    -19.68582979489));
#1809 = CARTESIAN_POINT('',(-9.223661048004,-19.00007873158,
    -19.68582979489));
#1810 = CARTESIAN_POINT('',(-9.389159700731,-18.88563967318,
    -19.68582979489));
#1811 = CARTESIAN_POINT('',(-9.470853873458,-18.82431383101,
    -19.68582979489));
#1812 = CARTESIAN_POINT('',(-9.550500215079,-18.75963988137,
    -19.68582979489));
#1813 = CARTESIAN_POINT('',(-9.627945245558,-18.69179574125,
    -19.68582979489));
#1814 = CARTESIAN_POINT('',(-9.703035484862,-18.62095932766,
    -19.68582979489));
#1815 = CARTESIAN_POINT('',(-9.775617452955,-18.54730855758,
    -19.68582979489));
#1816 = CARTESIAN_POINT('',(-9.845537669803,-18.47102134802,
    -19.68582979489));
#1817 = CARTESIAN_POINT('',(-9.973647187705,-18.32068858684,
    -19.68582979489));
#1818 = CARTESIAN_POINT('',(-10.03232508261,-18.24706972093,
    -19.68582979489));
#1819 = CARTESIAN_POINT('',(-10.08856102828,-18.17155268994,
    -19.68582979489));
#1820 = CARTESIAN_POINT('',(-10.14223971289,-18.09427116552,
    -19.68582979489));
#1821 = CARTESIAN_POINT('',(-10.19324582461,-18.01535881936,
    -19.68582979489));
#1822 = CARTESIAN_POINT('',(-10.24146405161,-17.93494932312,
    -19.68582979489));
#1823 = CARTESIAN_POINT('',(-10.28677908209,-17.85317634849,
    -19.68582979489));
#1824 = CARTESIAN_POINT('',(-10.37128779678,-17.68733627427,
    -19.68582979489));
#1825 = CARTESIAN_POINT('',(-10.4109562056,-17.60304705284,
    -19.68582979489));
#1826 = CARTESIAN_POINT('',(-10.44660454291,-17.51747261414,
    -19.68582979489));
#1827 = CARTESIAN_POINT('',(-10.47930712358,-17.43107017514,
    -19.68582979489));
#1828 = CARTESIAN_POINT('',(-10.50941959399,-17.34412201983,
    -19.68582979489));
#1829 = CARTESIAN_POINT('',(-10.53587254651,-17.25665329582,
    -19.68582979489));
#1830 = CARTESIAN_POINT('',(-10.55802801954,-17.16873304594,
    -19.68582979489));
#1831 = CARTESIAN_POINT('',(-10.63819102768,-16.85065573342,
    -19.68582979489));
#1832 = CARTESIAN_POINT('',(-10.69384758972,-16.61953933098,
    -19.68582979489));
#1833 = CARTESIAN_POINT('',(-10.74708360869,-16.38784451316,
    -19.68582979489));
#1834 = CARTESIAN_POINT('',(-10.79791146543,-16.15560526568,
    -19.68582979489));
#1835 = CARTESIAN_POINT('',(-10.84634103005,-15.92285434793,
    -19.68582979489));
#1836 = CARTESIAN_POINT('',(-10.89237980952,-15.68962332623,
    -19.68582979489));
#1837 = CARTESIAN_POINT('',(-10.9360330953,-15.45594260708,
    -19.68582979489));
#1838 = CARTESIAN_POINT('',(-10.99821187159,-15.10324660607,
    -19.68582979489));
#1839 = CARTESIAN_POINT('',(-11.0185082302,-14.98454393657,
    -19.68582979489));
#1840 = CARTESIAN_POINT('',(-11.03819358776,-14.86573731275,
    -19.68582979489));
#1841 = CARTESIAN_POINT('',(-11.05726820682,-14.74683054947,
    -19.68582979489));
#1842 = CARTESIAN_POINT('',(-11.07573221154,-14.62782742557,
    -19.68582979489));
#1843 = CARTESIAN_POINT('',(-11.09358558773,-14.50873168394,
    -19.68582979489));
#1844 = CARTESIAN_POINT('',(-11.11082818283,-14.38954703149,
    -19.68582979489));
#1845 = CARTESIAN_POINT('',(-11.14521571169,-14.14294322724,
    -19.68582979489));
#1846 = CARTESIAN_POINT('',(-11.16227547641,-14.01551215399,
    -19.68582979489));
#1847 = CARTESIAN_POINT('',(-11.178637972,-13.8879884406,-19.68582979489
    ));
#1848 = CARTESIAN_POINT('',(-11.19430246486,-13.76037645504,
    -19.68582979489));
#1849 = CARTESIAN_POINT('',(-11.20926944051,-13.63268071286,
    -19.68582979489));
#1850 = CARTESIAN_POINT('',(-11.22354051597,-13.50490593483,
    -19.68582979489));
#1851 = CARTESIAN_POINT('',(-11.2371173399,-13.37705686143,
    -19.68582979489));
#1852 = CARTESIAN_POINT('',(-11.24999948064,-13.24913782404,
    -19.68582979489));
#1853 = PLANE('',#1854);
#1854 = AXIS2_PLACEMENT_3D('',#1855,#1856,#1857);
#1855 = CARTESIAN_POINT('',(1.750000846803,-19.03363495385,
    -19.68582979489));
#1856 = DIRECTION('',(-0.,-0.,-1.));
#1857 = DIRECTION('',(-1.,0.,0.));
#1858 = ADVANCED_FACE('',(#1859),#1928,.T.);
#1859 = FACE_BOUND('',#1860,.T.);
#1860 = EDGE_LOOP('',(#1861,#1871,#1880,#1888,#1897,#1903,#1904,#1905,
    #1914,#1922));
#1861 = ORIENTED_EDGE('',*,*,#1862,.F.);
#1862 = EDGE_CURVE('',#1863,#1865,#1867,.T.);
#1863 = VERTEX_POINT('',#1864);
#1864 = CARTESIAN_POINT('',(14.750001174252,-21.025017768,
    -2.985829794896));
#1865 = VERTEX_POINT('',#1866);
#1866 = CARTESIAN_POINT('',(14.750001174252,-27.57717667516,
    -2.985829794896));
#1867 = LINE('',#1868,#1869);
#1868 = CARTESIAN_POINT('',(14.750001174252,-23.78363451135,
    -2.985829794896));
#1869 = VECTOR('',#1870,1.);
#1870 = DIRECTION('',(0.,-1.,0.));
#1871 = ORIENTED_EDGE('',*,*,#1872,.T.);
#1872 = EDGE_CURVE('',#1863,#1873,#1875,.T.);
#1873 = VERTEX_POINT('',#1874);
#1874 = CARTESIAN_POINT('',(14.750001279507,-18.40486159372,
    -6.390079676365));
#1875 = CIRCLE('',#1876,17.390340002837);
#1876 = AXIS2_PLACEMENT_3D('',#1877,#1878,#1879);
#1877 = CARTESIAN_POINT('',(14.750001174252,-6.039399160643,
    5.837727331852));
#1878 = DIRECTION('',(1.,3.539985516E-08,2.943000000392E-14));
#1879 = DIRECTION('',(2.658510208895E-08,-0.750994108193,-0.660308904573
    ));
#1880 = ORIENTED_EDGE('',*,*,#1881,.F.);
#1881 = EDGE_CURVE('',#1882,#1873,#1884,.T.);
#1882 = VERTEX_POINT('',#1883);
#1883 = CARTESIAN_POINT('',(14.750001186613,-8.433026113194,
    -16.47417381856));
#1884 = LINE('',#1885,#1886);
#1885 = CARTESIAN_POINT('',(14.750001186613,-8.433026113194,
    -16.47417381856));
#1886 = VECTOR('',#1887,1.);
#1887 = DIRECTION('',(6.550229907487E-09,-0.703137891854,0.711053517704)
  );
#1888 = ORIENTED_EDGE('',*,*,#1889,.F.);
#1889 = EDGE_CURVE('',#1890,#1882,#1892,.T.);
#1890 = VERTEX_POINT('',#1891);
#1891 = CARTESIAN_POINT('',(14.750001173994,-4.93662900595,
    -17.93390615983));
#1892 = CIRCLE('',#1893,4.917206680214);
#1893 = AXIS2_PLACEMENT_3D('',#1894,#1895,#1896);
#1894 = CARTESIAN_POINT('',(14.750001221253,-4.93662900595,
    -13.01669947962));
#1895 = DIRECTION('',(-1.,4.03413E-10,9.610929E-09));
#1896 = DIRECTION('',(-4.03413E-10,-1.,1.267245361344E-33));
#1897 = ORIENTED_EDGE('',*,*,#1898,.F.);
#1898 = EDGE_CURVE('',#588,#1890,#1899,.T.);
#1899 = LINE('',#1900,#1901);
#1900 = CARTESIAN_POINT('',(14.750001174257,-4.283635396351,
    -17.93390615983));
#1901 = VECTOR('',#1902,1.);
#1902 = DIRECTION('',(-4.03413E-10,-1.,1.267245361344E-33));
#1903 = ORIENTED_EDGE('',*,*,#595,.T.);
#1904 = ORIENTED_EDGE('',*,*,#1627,.F.);
#1905 = ORIENTED_EDGE('',*,*,#1906,.T.);
#1906 = EDGE_CURVE('',#1628,#1907,#1909,.T.);
#1907 = VERTEX_POINT('',#1908);
#1908 = CARTESIAN_POINT('',(14.750001174252,-26.89904730257,
    -5.916877757381));
#1909 = ELLIPSE('',#1910,40.734627682419,35.231448316271);
#1910 = AXIS2_PLACEMENT_3D('',#1911,#1912,#1913);
#1911 = CARTESIAN_POINT('',(14.750001174252,-58.7015606099,
    -23.44600559339));
#1912 = DIRECTION('',(1.,0.,0.));
#1913 = DIRECTION('',(0.,-6.099802107E-08,1.));
#1914 = ORIENTED_EDGE('',*,*,#1915,.T.);
#1915 = EDGE_CURVE('',#1907,#1916,#1918,.T.);
#1916 = VERTEX_POINT('',#1917);
#1917 = CARTESIAN_POINT('',(14.750001174252,-27.98218658731,
    -3.289926959027));
#1918 = LINE('',#1919,#1920);
#1919 = CARTESIAN_POINT('',(14.750001174252,-24.96883161039,
    -10.59825320464));
#1920 = VECTOR('',#1921,1.);
#1921 = DIRECTION('',(0.,-0.381187182546,0.92449788094));
#1922 = ORIENTED_EDGE('',*,*,#1923,.F.);
#1923 = EDGE_CURVE('',#1865,#1916,#1924,.T.);
#1924 = LINE('',#1925,#1926);
#1925 = CARTESIAN_POINT('',(14.750001174252,-24.35780165989,
    -0.568598060507));
#1926 = VECTOR('',#1927,1.);
#1927 = DIRECTION('',(0.,-0.799677908,-0.600429216025));
#1928 = PLANE('',#1929);
#1929 = AXIS2_PLACEMENT_3D('',#1930,#1931,#1932);
#1930 = CARTESIAN_POINT('',(14.750001217404,-14.28021108142,
    -13.02490540556));
#1931 = DIRECTION('',(-1.,4.0341269E-10,9.61092943E-09));
#1932 = DIRECTION('',(-9.61092943E-09,0.,-1.));
#1933 = ADVANCED_FACE('',(#1934),#1959,.T.);
#1934 = FACE_BOUND('',#1935,.T.);
#1935 = EDGE_LOOP('',(#1936,#1937,#1943,#1944,#1952,#1958));
#1936 = ORIENTED_EDGE('',*,*,#1898,.T.);
#1937 = ORIENTED_EDGE('',*,*,#1938,.T.);
#1938 = EDGE_CURVE('',#1890,#1351,#1939,.T.);
#1939 = LINE('',#1940,#1941);
#1940 = CARTESIAN_POINT('',(14.750001173994,-4.93662900595,
    -17.93390615983));
#1941 = VECTOR('',#1942,1.);
#1942 = DIRECTION('',(1.,-4.034128E-10,-9.61092933E-09));
#1943 = ORIENTED_EDGE('',*,*,#1350,.F.);
#1944 = ORIENTED_EDGE('',*,*,#1945,.F.);
#1945 = EDGE_CURVE('',#1946,#1342,#1948,.T.);
#1946 = VERTEX_POINT('',#1947);
#1947 = CARTESIAN_POINT('',(11.350001174252,-3.283634882527,
    -17.93390615983));
#1948 = LINE('',#1949,#1950);
#1949 = CARTESIAN_POINT('',(11.350001174252,-3.283634882527,
    -17.93390615983));
#1950 = VECTOR('',#1951,1.);
#1951 = DIRECTION('',(1.,0.,0.));
#1952 = ORIENTED_EDGE('',*,*,#1953,.F.);
#1953 = EDGE_CURVE('',#580,#1946,#1954,.T.);
#1954 = LINE('',#1955,#1956);
#1955 = CARTESIAN_POINT('',(11.350001174252,-4.283635396351,
    -17.93390615983));
#1956 = VECTOR('',#1957,1.);
#1957 = DIRECTION('',(0.,1.,0.));
#1958 = ORIENTED_EDGE('',*,*,#587,.T.);
#1959 = PLANE('',#1960);
#1960 = AXIS2_PLACEMENT_3D('',#1961,#1962,#1963);
#1961 = CARTESIAN_POINT('',(13.760855278609,-3.928490141384,
    -17.93390616082));
#1962 = DIRECTION('',(3.8968359E-10,-1.91700847E-09,1.));
#1963 = DIRECTION('',(0.,1.,1.91700847E-09));
#1964 = ADVANCED_FACE('',(#1965,#1993),#2004,.T.);
#1965 = FACE_BOUND('',#1966,.T.);
#1966 = EDGE_LOOP('',(#1967,#1968,#1977,#1986,#1992));
#1967 = ORIENTED_EDGE('',*,*,#1953,.T.);
#1968 = ORIENTED_EDGE('',*,*,#1969,.T.);
#1969 = EDGE_CURVE('',#1946,#1970,#1972,.T.);
#1970 = VERTEX_POINT('',#1971);
#1971 = CARTESIAN_POINT('',(11.350001174252,-1.783635148552,
    -18.33582979489));
#1972 = CIRCLE('',#1973,3.);
#1973 = AXIS2_PLACEMENT_3D('',#1974,#1975,#1976);
#1974 = CARTESIAN_POINT('',(11.350001174252,-1.783635148552,
    -15.33582979489));
#1975 = DIRECTION('',(1.,-0.,0.));
#1976 = DIRECTION('',(0.,0.,-1.));
#1977 = ORIENTED_EDGE('',*,*,#1978,.T.);
#1978 = EDGE_CURVE('',#1970,#1979,#1981,.T.);
#1979 = VERTEX_POINT('',#1980);
#1980 = CARTESIAN_POINT('',(11.350001174252,-3.283634882527,
    -12.73775342995));
#1981 = CIRCLE('',#1982,3.);
#1982 = AXIS2_PLACEMENT_3D('',#1983,#1984,#1985);
#1983 = CARTESIAN_POINT('',(11.350001174252,-1.783635148552,
    -15.33582979489));
#1984 = DIRECTION('',(1.,-0.,0.));
#1985 = DIRECTION('',(0.,0.,-1.));
#1986 = ORIENTED_EDGE('',*,*,#1987,.T.);
#1987 = EDGE_CURVE('',#1979,#572,#1988,.T.);
#1988 = LINE('',#1989,#1990);
#1989 = CARTESIAN_POINT('',(11.350001174252,-3.283634882527,
    -12.73775342995));
#1990 = VECTOR('',#1991,1.);
#1991 = DIRECTION('',(0.,-1.,0.));
#1992 = ORIENTED_EDGE('',*,*,#579,.T.);
#1993 = FACE_BOUND('',#1994,.T.);
#1994 = EDGE_LOOP('',(#1995));
#1995 = ORIENTED_EDGE('',*,*,#1996,.F.);
#1996 = EDGE_CURVE('',#1997,#1997,#1999,.T.);
#1997 = VERTEX_POINT('',#1998);
#1998 = CARTESIAN_POINT('',(11.350001174252,-1.783635148552,
    -17.03582979489));
#1999 = CIRCLE('',#2000,1.7);
#2000 = AXIS2_PLACEMENT_3D('',#2001,#2002,#2003);
#2001 = CARTESIAN_POINT('',(11.350001174252,-1.783635148552,
    -15.33582979489));
#2002 = DIRECTION('',(1.,-0.,0.));
#2003 = DIRECTION('',(0.,0.,-1.));
#2004 = PLANE('',#2005);
#2005 = AXIS2_PLACEMENT_3D('',#2006,#2007,#2008);
#2006 = CARTESIAN_POINT('',(11.350001174252,-2.01593978739,
    -15.37756471499));
#2007 = DIRECTION('',(1.,0.,0.));
#2008 = DIRECTION('',(0.,0.,1.));
#2009 = ADVANCED_FACE('',(#2010),#2035,.T.);
#2010 = FACE_BOUND('',#2011,.T.);
#2011 = EDGE_LOOP('',(#2012,#2020,#2021,#2022,#2028,#2029));
#2012 = ORIENTED_EDGE('',*,*,#2013,.F.);
#2013 = EDGE_CURVE('',#564,#2014,#2016,.T.);
#2014 = VERTEX_POINT('',#2015);
#2015 = CARTESIAN_POINT('',(16.907287673212,-4.283635090558,
    -12.73775343789));
#2016 = LINE('',#2017,#2018);
#2017 = CARTESIAN_POINT('',(11.350001174252,-4.283635396351,
    -12.73775342995));
#2018 = VECTOR('',#2019,1.);
#2019 = DIRECTION('',(1.,0.,0.));
#2020 = ORIENTED_EDGE('',*,*,#571,.F.);
#2021 = ORIENTED_EDGE('',*,*,#1987,.F.);
#2022 = ORIENTED_EDGE('',*,*,#2023,.T.);
#2023 = EDGE_CURVE('',#1979,#1334,#2024,.T.);
#2024 = LINE('',#2025,#2026);
#2025 = CARTESIAN_POINT('',(11.350001174252,-3.283634882527,
    -12.73775342995));
#2026 = VECTOR('',#2027,1.);
#2027 = DIRECTION('',(1.,0.,0.));
#2028 = ORIENTED_EDGE('',*,*,#1331,.F.);
#2029 = ORIENTED_EDGE('',*,*,#2030,.T.);
#2030 = EDGE_CURVE('',#1332,#2014,#2031,.T.);
#2031 = LINE('',#2032,#2033);
#2032 = CARTESIAN_POINT('',(15.84014316222,-5.302265911001,
    -12.73775342995));
#2033 = VECTOR('',#2034,1.);
#2034 = DIRECTION('',(-0.72335795609,-0.690473219873,-0.));
#2035 = PLANE('',#2036);
#2036 = AXIS2_PLACEMENT_3D('',#2037,#2038,#2039);
#2037 = CARTESIAN_POINT('',(11.350001174252,-3.283634882527,
    -12.73775342995));
#2038 = DIRECTION('',(0.,0.,-1.));
#2039 = DIRECTION('',(0.,-1.,0.));
#2040 = ADVANCED_FACE('',(#2041),#2053,.T.);
#2041 = FACE_BOUND('',#2042,.T.);
#2042 = EDGE_LOOP('',(#2043,#2044,#2045,#2046,#2047));
#2043 = ORIENTED_EDGE('',*,*,#1559,.F.);
#2044 = ORIENTED_EDGE('',*,*,#554,.T.);
#2045 = ORIENTED_EDGE('',*,*,#563,.T.);
#2046 = ORIENTED_EDGE('',*,*,#2013,.T.);
#2047 = ORIENTED_EDGE('',*,*,#2048,.T.);
#2048 = EDGE_CURVE('',#2014,#1560,#2049,.T.);
#2049 = LINE('',#2050,#2051);
#2050 = CARTESIAN_POINT('',(16.95383156087,-4.283635062279,
    -12.58870987973));
#2051 = VECTOR('',#2052,1.);
#2052 = DIRECTION('',(0.298087133191,1.055226801E-08,0.954538663976));
#2053 = PLANE('',#2054);
#2054 = AXIS2_PLACEMENT_3D('',#2055,#2056,#2057);
#2055 = CARTESIAN_POINT('',(16.090980621209,-4.283634794233,
    -11.54305884277));
#2056 = DIRECTION('',(7.667619451E-08,-1.,3.1961596012E-07));
#2057 = DIRECTION('',(6.941975965945E-29,-3.1961596012E-07,-1.));
#2058 = ADVANCED_FACE('',(#2059),#2669,.T.);
#2059 = FACE_BOUND('',#2060,.T.);
#2060 = EDGE_LOOP('',(#2061,#2072,#2087,#2096,#2109,#2121,#2134,#2151,
    #2160,#2173,#2182,#2195,#2214,#2223,#2236,#2248,#2261,#2277,#2286,
    #2299,#2308,#2315,#2316,#2317,#2318,#2319,#2354,#2397,#2593,#2620,
    #2649,#2650,#2651,#2660));
#2061 = ORIENTED_EDGE('',*,*,#2062,.F.);
#2062 = EDGE_CURVE('',#2063,#2065,#2067,.T.);
#2063 = VERTEX_POINT('',#2064);
#2064 = CARTESIAN_POINT('',(12.000000722897,-10.533634591,
    -30.23108640344));
#2065 = VERTEX_POINT('',#2066);
#2066 = CARTESIAN_POINT('',(11.729789636447,-10.53363460057,
    -25.58944291522));
#2067 = B_SPLINE_CURVE_WITH_KNOTS('',3,(#2068,#2069,#2070,#2071),
  .UNSPECIFIED.,.F.,.F.,(4,4),(-0.99999665107,-0.753967785284),
  .PIECEWISE_BEZIER_KNOTS.);
#2068 = CARTESIAN_POINT('',(12.001085585577,-10.53363459096,
    -30.23102322178));
#2069 = CARTESIAN_POINT('',(11.910977313667,-10.53363459415,
    -28.68381098653));
#2070 = CARTESIAN_POINT('',(11.820867919377,-10.53363459734,
    -27.13659875129));
#2071 = CARTESIAN_POINT('',(11.730758024897,-10.53363460053,
    -25.58938651605));
#2072 = ORIENTED_EDGE('',*,*,#2073,.F.);
#2073 = EDGE_CURVE('',#2074,#2063,#2076,.T.);
#2074 = VERTEX_POINT('',#2075);
#2075 = CARTESIAN_POINT('',(4.000101587936,-21.84731423577,
    -30.23108640344));
#2076 = B_SPLINE_CURVE_WITH_KNOTS('',3,(#2077,#2078,#2079,#2080,#2081,
    #2082,#2083,#2084,#2085,#2086),.UNSPECIFIED.,.F.,.F.,(4,1,2,1,2,4),(
    0.804086728908,0.80920799896,0.86841599792,0.889311689278,
    0.910207380637,1.),.UNSPECIFIED.);
#2077 = CARTESIAN_POINT('',(4.000117425978,-21.84730964583,
    -30.23108640344));
#2078 = CARTESIAN_POINT('',(4.121469810955,-21.80443359673,
    -30.23108640344));
#2079 = CARTESIAN_POINT('',(5.637060399806,-21.24121855319,
    -30.23108640344));
#2080 = CARTESIAN_POINT('',(7.032463458312,-20.3705206441,
    -30.23108640344));
#2081 = CARTESIAN_POINT('',(8.513658609391,-19.0070726814,
    -30.23108640344));
#2082 = CARTESIAN_POINT('',(9.239744352842,-18.24498270727,
    -30.23108640344));
#2083 = CARTESIAN_POINT('',(9.859601807952,-17.39426372837,
    -30.23108640344));
#2084 = CARTESIAN_POINT('',(11.349028362557,-15.04496416591,
    -30.23108640344));
#2085 = CARTESIAN_POINT('',(12.001089345067,-12.7892993669,
    -30.23108640344));
#2086 = CARTESIAN_POINT('',(12.001089265217,-10.53363459096,
    -30.23108640344));
#2087 = ORIENTED_EDGE('',*,*,#2088,.T.);
#2088 = EDGE_CURVE('',#2074,#2089,#2091,.T.);
#2089 = VERTEX_POINT('',#2090);
#2090 = CARTESIAN_POINT('',(4.131122803807,-21.78019693521,
    -30.08006588797));
#2091 = B_SPLINE_CURVE_WITH_KNOTS('',3,(#2092,#2093,#2094,#2095),
  .UNSPECIFIED.,.F.,.F.,(4,4),(-7.396940735623E-02,-5.287169245027E-02),
  .PIECEWISE_BEZIER_KNOTS.);
#2092 = CARTESIAN_POINT('',(4.000117425981,-21.84730964583,
    -30.23108640344));
#2093 = CARTESIAN_POINT('',(4.043855078894,-21.82507263469,
    -30.18071163039));
#2094 = CARTESIAN_POINT('',(4.08756160668,-21.80269719441,-30.1303718498
    ));
#2095 = CARTESIAN_POINT('',(4.131237908913,-21.78018774549,
    -30.08006588797));
#2096 = ORIENTED_EDGE('',*,*,#2097,.T.);
#2097 = EDGE_CURVE('',#2089,#2098,#2100,.T.);
#2098 = VERTEX_POINT('',#2099);
#2099 = CARTESIAN_POINT('',(0.189040931037,-21.29584434942,
    -23.05108640345));
#2100 = B_SPLINE_CURVE_WITH_KNOTS('',3,(#2101,#2102,#2103,#2104,#2105,
    #2106,#2107,#2108),.UNSPECIFIED.,.F.,.F.,(4,2,2,4),(-1.025516049982,
    -0.637304726048,-0.347619790478,0.),.UNSPECIFIED.);
#2101 = CARTESIAN_POINT('',(4.131122803807,-21.78019693521,
    -30.08006588797));
#2102 = CARTESIAN_POINT('',(3.054248321986,-22.04824286458,
    -29.14508551079));
#2103 = CARTESIAN_POINT('',(2.046974233153,-22.05123952653,
    -28.22252601717));
#2104 = CARTESIAN_POINT('',(0.87356330831,-21.91804700993,
    -26.74694771648));
#2105 = CARTESIAN_POINT('',(0.597568433379,-21.82900413296,
    -26.20253041243));
#2106 = CARTESIAN_POINT('',(0.233929156042,-21.63008102284,
    -24.98719211266));
#2107 = CARTESIAN_POINT('',(0.157932873658,-21.49269378757,
    -24.19255208055));
#2108 = CARTESIAN_POINT('',(0.189040931207,-21.29584434834,
    -23.05108639719));
#2109 = ORIENTED_EDGE('',*,*,#2110,.T.);
#2110 = EDGE_CURVE('',#2098,#2111,#2113,.T.);
#2111 = VERTEX_POINT('',#2112);
#2112 = CARTESIAN_POINT('',(-0.211104661142,-21.29561594288,
    -23.05108640345));
#2113 = B_SPLINE_CURVE_WITH_KNOTS('',3,(#2114,#2115,#2116,#2117,#2118,
    #2119,#2120),.UNSPECIFIED.,.F.,.F.,(4,3,4),(-14.0450349049,
    -13.91140503089,-13.7621760752),.UNSPECIFIED.);
#2114 = CARTESIAN_POINT('',(0.189058876355,-21.29623139687,
    -23.0510864032));
#2115 = CARTESIAN_POINT('',(0.126053162965,-21.29685481735,
    -23.0510864032));
#2116 = CARTESIAN_POINT('',(6.304272445734E-02,-21.29716698567,
    -23.0510864032));
#2117 = CARTESIAN_POINT('',(3.237149046037E-05,-21.2971669585,
    -23.0510864032));
#2118 = CARTESIAN_POINT('',(-7.033339993946E-02,-21.29716692816,
    -23.0510864032));
#2119 = CARTESIAN_POINT('',(-0.140699064692,-21.29677756079,
    -23.0510864032));
#2120 = CARTESIAN_POINT('',(-0.211057947679,-21.29600016627,
    -23.0510864032));
#2121 = ORIENTED_EDGE('',*,*,#2122,.T.);
#2122 = EDGE_CURVE('',#2111,#2123,#2125,.T.);
#2123 = VERTEX_POINT('',#2124);
#2124 = CARTESIAN_POINT('',(3.695545888565,-21.95041853519,
    -30.23108640345));
#2125 = B_SPLINE_CURVE_WITH_KNOTS('',3,(#2126,#2127,#2128,#2129,#2130,
    #2131,#2132,#2133),.UNSPECIFIED.,.F.,.F.,(4,2,2,4),(-1.007797450996,
    -0.766391017516,-0.486154204757,0.),.UNSPECIFIED.);
#2126 = CARTESIAN_POINT('',(-0.211104661141,-21.29561594288,
    -23.05108640344));
#2127 = CARTESIAN_POINT('',(-0.231906968816,-21.42944713728,
    -23.82973886622));
#2128 = CARTESIAN_POINT('',(-0.206447203559,-21.54818587895,
    -24.51598568763));
#2129 = CARTESIAN_POINT('',(2.52144833485E-02,-21.77819388817,
    -25.84322000394));
#2130 = CARTESIAN_POINT('',(0.258129276219,-21.88565124235,
    -26.44824175791));
#2131 = CARTESIAN_POINT('',(1.336662909817,-22.12311563304,
    -28.11963581362));
#2132 = CARTESIAN_POINT('',(2.489338022324,-22.19267551512,
    -29.17636377892));
#2133 = CARTESIAN_POINT('',(3.695545888562,-21.95041853519,
    -30.23108640344));
#2134 = ORIENTED_EDGE('',*,*,#2135,.F.);
#2135 = EDGE_CURVE('',#2136,#2123,#2138,.T.);
#2136 = VERTEX_POINT('',#2137);
#2137 = CARTESIAN_POINT('',(-11.31366019525,-14.53361925393,
    -30.23108640345));
#2138 = B_SPLINE_CURVE_WITH_KNOTS('',3,(#2139,#2140,#2141,#2142,#2143,
    #2144,#2145,#2146,#2147,#2148,#2149,#2150),.UNSPECIFIED.,.F.,.F.,(4,
    2,1,1,2,1,1,4),(0.554086723985,0.589792619363,0.595016542203,
    0.621136156401,0.63158400208,0.69079200104,0.75,0.799823493918),
  .UNSPECIFIED.);
#2139 = CARTESIAN_POINT('',(-11.31363485101,-14.53361061924,
    -30.23108640344));
#2140 = CARTESIAN_POINT('',(-11.01439409682,-15.37962827439,
    -30.23108640344));
#2141 = CARTESIAN_POINT('',(-10.62028101785,-16.1921293357,
    -30.23108640344));
#2142 = CARTESIAN_POINT('',(-10.07019032796,-17.06137389939,
    -30.23108640344));
#2143 = CARTESIAN_POINT('',(-9.638069755554,-17.72015734393,
    -30.23108640344));
#2144 = CARTESIAN_POINT('',(-8.976160998845,-18.54022562313,
    -30.23108640344));
#2145 = CARTESIAN_POINT('',(-8.320382821414,-19.18483338518,
    -30.23108640344));
#2146 = CARTESIAN_POINT('',(-7.03246702828,-20.370547599,-30.23108640344
    ));
#2147 = CARTESIAN_POINT('',(-4.463636567255,-21.97356591977,
    -30.23108640344));
#2148 = CARTESIAN_POINT('',(-0.23581780166,-22.77014953456,
    -30.23108640344));
#2149 = CARTESIAN_POINT('',(2.504215341008,-22.33557054057,
    -30.23108640344));
#2150 = CARTESIAN_POINT('',(3.695647094108,-21.95030138717,
    -30.23108640344));
#2151 = ORIENTED_EDGE('',*,*,#2152,.T.);
#2152 = EDGE_CURVE('',#2136,#2153,#2155,.T.);
#2153 = VERTEX_POINT('',#2154);
#2154 = CARTESIAN_POINT('',(-11.2637853585,-14.6647567473,
    -30.08006588797));
#2155 = B_SPLINE_CURVE_WITH_KNOTS('',3,(#2156,#2157,#2158,#2159),
  .UNSPECIFIED.,.F.,.F.,(4,4),(-7.224935823929E-02,-5.163460767488E-02),
  .PIECEWISE_BEZIER_KNOTS.);
#2156 = CARTESIAN_POINT('',(-11.31363485101,-14.53361061924,
    -30.23108640344));
#2157 = CARTESIAN_POINT('',(-11.29713001711,-14.57733978316,
    -30.18071824994));
#2158 = CARTESIAN_POINT('',(-11.28048224538,-14.62104437406,
    -30.13037859924));
#2159 = CARTESIAN_POINT('',(-11.26369645377,-14.66472583478,
    -30.08006588797));
#2160 = ORIENTED_EDGE('',*,*,#2161,.T.);
#2161 = EDGE_CURVE('',#2153,#2162,#2164,.T.);
#2162 = VERTEX_POINT('',#2163);
#2163 = CARTESIAN_POINT('',(-11.58109450683,-10.72267490291,
    -23.05108640345));
#2164 = B_SPLINE_CURVE_WITH_KNOTS('',3,(#2165,#2166,#2167,#2168,#2169,
    #2170,#2171,#2172),.UNSPECIFIED.,.F.,.F.,(4,2,2,4),(-0.941519596819,
    -0.584052430596,-0.32285304144,-1.71941705E-09),.UNSPECIFIED.);
#2165 = CARTESIAN_POINT('',(-11.2637853585,-14.6647567473,
    -30.08006588797));
#2166 = CARTESIAN_POINT('',(-11.64228928262,-13.57689561919,
    -29.13554651397));
#2167 = CARTESIAN_POINT('',(-11.74860138646,-12.56256397034,
    -28.20602344088));
#2168 = CARTESIAN_POINT('',(-11.78096949776,-11.39952800828,
    -26.73263662976));
#2169 = CARTESIAN_POINT('',(-11.75437273611,-11.12473407471,
    -26.19026527109));
#2170 = CARTESIAN_POINT('',(-11.69178122849,-10.75582307326,
    -24.93599930823));
#2171 = CARTESIAN_POINT('',(-11.64381554813,-10.69340686167,
    -24.12503517309));
#2172 = CARTESIAN_POINT('',(-11.58109450683,-10.72267490291,
    -23.05108640345));
#2173 = ORIENTED_EDGE('',*,*,#2174,.T.);
#2174 = EDGE_CURVE('',#2162,#2175,#2177,.T.);
#2175 = VERTEX_POINT('',#2176);
#2176 = CARTESIAN_POINT('',(-11.58086609305,-10.32252931073,
    -23.05108640345));
#2177 = B_SPLINE_CURVE_WITH_KNOTS('',3,(#2178,#2179,#2180,#2181),
  .UNSPECIFIED.,.F.,.F.,(4,4),(-7.631043096433,-7.610840624593),
  .PIECEWISE_BEZIER_KNOTS.);
#2178 = CARTESIAN_POINT('',(-11.58109450683,-10.72267490291,
    -23.05108640345));
#2179 = CARTESIAN_POINT('',(-11.58239093572,-10.5901269913,
    -23.05108640345));
#2180 = CARTESIAN_POINT('',(-11.58233230295,-10.45676513181,
    -23.05108640345));
#2181 = CARTESIAN_POINT('',(-11.58086609305,-10.32252931073,
    -23.05108640345));
#2182 = ORIENTED_EDGE('',*,*,#2183,.T.);
#2183 = EDGE_CURVE('',#2175,#2184,#2186,.T.);
#2184 = VERTEX_POINT('',#2185);
#2185 = CARTESIAN_POINT('',(-11.41678290978,-14.22917983145,
    -30.23108640345));
#2186 = B_SPLINE_CURVE_WITH_KNOTS('',3,(#2187,#2188,#2189,#2190,#2191,
    #2192,#2193,#2194),.UNSPECIFIED.,.F.,.F.,(4,2,2,4),(-1.023497348155,
    -0.782613018724,-0.502138198593,0.),.UNSPECIFIED.);
#2187 = CARTESIAN_POINT('',(-11.58086609305,-10.32252931073,
    -23.05108640345));
#2188 = CARTESIAN_POINT('',(-11.62522780397,-10.30203351117,
    -23.81826582622));
#2189 = CARTESIAN_POINT('',(-11.66495990374,-10.32654319391,
    -24.49252259705));
#2190 = CARTESIAN_POINT('',(-11.74244614902,-10.5474712807,
    -25.79990159104));
#2191 = CARTESIAN_POINT('',(-11.78056787785,-10.77047446748,
    -26.4001275135));
#2192 = CARTESIAN_POINT('',(-11.83191830376,-11.83243923261,
    -28.0862080485));
#2193 = CARTESIAN_POINT('',(-11.78617016579,-13.00022115733,
    -29.15647019587));
#2194 = CARTESIAN_POINT('',(-11.41678290978,-14.22917983144,
    -30.23108640344));
#2195 = ORIENTED_EDGE('',*,*,#2196,.F.);
#2196 = EDGE_CURVE('',#2197,#2184,#2199,.T.);
#2197 = VERTEX_POINT('',#2198);
#2198 = CARTESIAN_POINT('',(-3.999997190941,0.780143239008,
    -30.23108640345));
#2199 = B_SPLINE_CURVE_WITH_KNOTS('',3,(#2200,#2201,#2202,#2203,#2204,
    #2205,#2206,#2207,#2208,#2209,#2210,#2211,#2212,#2213),
  .UNSPECIFIED.,.F.,.F.,(4,1,2,1,1,2,1,1,1,4),(0.304086719061,
    0.30920799896,0.36841599792,0.378863843599,0.404983457797,
    0.410207380637,0.455103690318,0.5,0.544896309682,0.549823489039),
  .UNSPECIFIED.);
#2200 = CARTESIAN_POINT('',(-3.999995054296,0.780213012678,
    -30.23108640344));
#2201 = CARTESIAN_POINT('',(-4.121348442789,0.737337015422,
    -30.23108640344));
#2202 = CARTESIAN_POINT('',(-5.636955237646,0.17411400103,
    -30.23108640344));
#2203 = CARTESIAN_POINT('',(-7.032467724731,-0.696722930503,
    -30.23108640344));
#2204 = CARTESIAN_POINT('',(-8.320383433917,-1.882437235499,
    -30.23108640344));
#2205 = CARTESIAN_POINT('',(-8.97616156571,-2.527045043983,
    -30.23108640344));
#2206 = CARTESIAN_POINT('',(-9.638070264359,-3.347113370048,
    -30.23108640344));
#2207 = CARTESIAN_POINT('',(-10.07019079013,-4.005896845175,
    -30.23108640344));
#2208 = CARTESIAN_POINT('',(-10.7437992106,-5.070322330032,
    -30.23108640344));
#2209 = CARTESIAN_POINT('',(-11.679391443,-7.148669563902,
    -30.23108640344));
#2210 = CARTESIAN_POINT('',(-12.16057338498,-10.53363544628,
    -30.23108640344));
#2211 = CARTESIAN_POINT('',(-11.82218269679,-12.91410788823,
    -30.23108640344));
#2212 = CARTESIAN_POINT('',(-11.45489773039,-14.11136368606,
    -30.23108640344));
#2213 = CARTESIAN_POINT('',(-11.41674865383,-14.22917233953,
    -30.23108640344));
#2214 = ORIENTED_EDGE('',*,*,#2215,.T.);
#2215 = EDGE_CURVE('',#2197,#2216,#2218,.T.);
#2216 = VERTEX_POINT('',#2217);
#2217 = CARTESIAN_POINT('',(-4.131120657974,0.712927158066,
    -30.08006588797));
#2218 = B_SPLINE_CURVE_WITH_KNOTS('',3,(#2219,#2220,#2221,#2222),
  .UNSPECIFIED.,.F.,.F.,(4,4),(-7.396940657574E-02,-5.287169189205E-02),
  .PIECEWISE_BEZIER_KNOTS.);
#2219 = CARTESIAN_POINT('',(-3.999995054298,0.780213012678,
    -30.23108640344));
#2220 = CARTESIAN_POINT('',(-4.043732864929,0.75797604058,
    -30.18071163039));
#2221 = CARTESIAN_POINT('',(-4.087439639163,0.735600577803,
    -30.13037184981));
#2222 = CARTESIAN_POINT('',(-4.131116286078,0.713091045087,
    -30.08006588797));
#2223 = ORIENTED_EDGE('',*,*,#2224,.T.);
#2224 = EDGE_CURVE('',#2216,#2225,#2227,.T.);
#2225 = VERTEX_POINT('',#2226);
#2226 = CARTESIAN_POINT('',(-0.189038785203,0.228574324656,
    -23.05108640345));
#2227 = B_SPLINE_CURVE_WITH_KNOTS('',3,(#2228,#2229,#2230,#2231,#2232,
    #2233,#2234,#2235),.UNSPECIFIED.,.F.,.F.,(4,2,2,4),(-1.025516055379,
    -0.637304731742,-0.3476197932,0.),.UNSPECIFIED.);
#2228 = CARTESIAN_POINT('',(-4.131120657974,0.712927158066,
    -30.08006588797));
#2229 = CARTESIAN_POINT('',(-3.054246176664,0.980972998418,
    -29.14508551124));
#2230 = CARTESIAN_POINT('',(-2.046972098738,0.983969600415,
    -28.22252602633));
#2231 = CARTESIAN_POINT('',(-0.873561174979,0.850777021614,
    -26.74694773608));
#2232 = CARTESIAN_POINT('',(-0.597566295902,0.761734131784,
    -26.20253043299));
#2233 = CARTESIAN_POINT('',(-0.233927011354,0.562811002917,
    -24.98719212533));
#2234 = CARTESIAN_POINT('',(-0.157930727579,0.425423763907,
    -24.19255208956));
#2235 = CARTESIAN_POINT('',(-0.189038785374,0.228574323576,
    -23.05108639719));
#2236 = ORIENTED_EDGE('',*,*,#2237,.T.);
#2237 = EDGE_CURVE('',#2225,#2238,#2240,.T.);
#2238 = VERTEX_POINT('',#2239);
#2239 = CARTESIAN_POINT('',(0.211106806975,0.228345903631,
    -23.05108640345));
#2240 = B_SPLINE_CURVE_WITH_KNOTS('',3,(#2241,#2242,#2243,#2244,#2245,
    #2246,#2247),.UNSPECIFIED.,.F.,.F.,(4,3,4),(-3.991623176649,
    -3.933754329983,-3.869129797211),.UNSPECIFIED.);
#2241 = CARTESIAN_POINT('',(-0.188993699802,0.228961193047,
    -23.05108640345));
#2242 = CARTESIAN_POINT('',(-0.125988544257,0.229584670498,
    -23.05108640345));
#2243 = CARTESIAN_POINT('',(-6.2978510192E-02,0.229896895308,
    -23.05108640345));
#2244 = CARTESIAN_POINT('',(3.160943472833E-05,0.229896926939,
    -23.05108640345));
#2245 = CARTESIAN_POINT('',(7.039761420863E-02,0.22989696226,
    -23.05108640345));
#2246 = CARTESIAN_POINT('',(0.140763725688,0.229507657981,
    -23.05108640345));
#2247 = CARTESIAN_POINT('',(0.211123244141,0.228730327841,
    -23.05108640345));
#2248 = ORIENTED_EDGE('',*,*,#2249,.T.);
#2249 = EDGE_CURVE('',#2238,#2250,#2252,.T.);
#2250 = VERTEX_POINT('',#2251);
#2251 = CARTESIAN_POINT('',(-3.695543742732,0.883148730176,
    -30.23108640345));
#2252 = B_SPLINE_CURVE_WITH_KNOTS('',3,(#2253,#2254,#2255,#2256,#2257,
    #2258,#2259,#2260),.UNSPECIFIED.,.F.,.F.,(4,2,2,4),(-1.007797448181,
    -0.76639102095,-0.486154206841,0.),.UNSPECIFIED.);
#2253 = CARTESIAN_POINT('',(0.211106806975,0.228345903631,
    -23.05108640344));
#2254 = CARTESIAN_POINT('',(0.231909114247,0.362177094187,
    -23.82973885122));
#2255 = CARTESIAN_POINT('',(0.206449350226,0.480915833196,
    -24.51598565579));
#2256 = CARTESIAN_POINT('',(-2.521232491538E-02,0.710923850375,
    -25.84321996317));
#2257 = CARTESIAN_POINT('',(-0.258127112668,0.81838121619,
    -26.44824172265));
#2258 = CARTESIAN_POINT('',(-1.336660742448,1.05584566725,
    -28.11963579378));
#2259 = CARTESIAN_POINT('',(-2.489335860729,1.125405618105,
    -29.17636376514));
#2260 = CARTESIAN_POINT('',(-3.695543742729,0.883148730176,
    -30.23108640344));
#2261 = ORIENTED_EDGE('',*,*,#2262,.F.);
#2262 = EDGE_CURVE('',#2263,#2250,#2265,.T.);
#2263 = VERTEX_POINT('',#2264);
#2264 = CARTESIAN_POINT('',(11.312867249855,-6.533843378784,
    -30.23108640345));
#2265 = B_SPLINE_CURVE_WITH_KNOTS('',3,(#2266,#2267,#2268,#2269,#2270,
    #2271,#2272,#2273,#2274,#2275,#2276),.UNSPECIFIED.,.F.,.F.,(4,2,1,2,
    1,1,4),(5.408672398471E-02,8.97926193633E-02,0.110688310722,
    0.13158400208,0.19079200104,0.25,0.299823484159),.UNSPECIFIED.);
#2266 = CARTESIAN_POINT('',(11.3122843629,-6.533987927508,
    -30.23108640344));
#2267 = CARTESIAN_POINT('',(11.013747312894,-5.687504086006,
    -30.23108640344));
#2268 = CARTESIAN_POINT('',(10.621234733949,-4.874343633733,
    -30.23108640344));
#2269 = CARTESIAN_POINT('',(9.859601322221,-3.673005605174,
    -30.23108640344));
#2270 = CARTESIAN_POINT('',(9.23974380688,-2.822286670163,
    -30.23108640344));
#2271 = CARTESIAN_POINT('',(8.513658009473,-2.060196747435,
    -30.23108640344));
#2272 = CARTESIAN_POINT('',(7.032462761862,-0.696748889608,
    -30.23108640344));
#2273 = CARTESIAN_POINT('',(4.463833341499,0.906013766917,
    -30.23108640344));
#2274 = CARTESIAN_POINT('',(0.235851483577,1.702864551267,
    -30.23108640344));
#2275 = CARTESIAN_POINT('',(-2.504092337224,1.268458856633,
    -30.23108640344));
#2276 = CARTESIAN_POINT('',(-3.695523799881,0.883202881706,
    -30.23108640344));
#2277 = ORIENTED_EDGE('',*,*,#2278,.T.);
#2278 = EDGE_CURVE('',#2263,#2279,#2281,.T.);
#2279 = VERTEX_POINT('',#2280);
#2280 = CARTESIAN_POINT('',(11.263786804306,-6.402513284302,
    -30.08006588797));
#2281 = B_SPLINE_CURVE_WITH_KNOTS('',3,(#2282,#2283,#2284,#2285),
  .UNSPECIFIED.,.F.,.F.,(4,4),(-7.224935823944E-02,-5.163460767495E-02),
  .PIECEWISE_BEZIER_KNOTS.);
#2282 = CARTESIAN_POINT('',(11.3122843629,-6.533987927506,
    -30.23108640344));
#2283 = CARTESIAN_POINT('',(11.295815629501,-6.490235021536,
    -30.18071824994));
#2284 = CARTESIAN_POINT('',(11.279206059873,-6.446506357631,
    -30.13037859924));
#2285 = CARTESIAN_POINT('',(11.262460171346,-6.402800669627,
    -30.08006588797));
#2286 = ORIENTED_EDGE('',*,*,#2287,.T.);
#2287 = EDGE_CURVE('',#2279,#2288,#2290,.T.);
#2288 = VERTEX_POINT('',#2289);
#2289 = CARTESIAN_POINT('',(11.581095952635,-10.34459512869,
    -23.05108640345));
#2290 = B_SPLINE_CURVE_WITH_KNOTS('',3,(#2291,#2292,#2293,#2294,#2295,
    #2296,#2297,#2298),.UNSPECIFIED.,.F.,.F.,(4,2,2,4),(-0.941519596819,
    -0.584052430596,-0.32285304144,-1.71939674E-09),.UNSPECIFIED.);
#2291 = CARTESIAN_POINT('',(11.263786804306,-6.402513284302,
    -30.08006588797));
#2292 = CARTESIAN_POINT('',(11.642290728436,-7.490374412415,
    -29.13554651397));
#2293 = CARTESIAN_POINT('',(11.748602832263,-8.504706061264,
    -28.20602344088));
#2294 = CARTESIAN_POINT('',(11.780970943564,-9.667742023321,
    -26.73263662976));
#2295 = CARTESIAN_POINT('',(11.754374181922,-9.94253595689,
    -26.19026527109));
#2296 = CARTESIAN_POINT('',(11.691782674291,-10.31144695834,
    -24.93599930823));
#2297 = CARTESIAN_POINT('',(11.643816993931,-10.37386316993,
    -24.12503517309));
#2298 = CARTESIAN_POINT('',(11.581095952635,-10.34459512869,
    -23.05108640345));
#2299 = ORIENTED_EDGE('',*,*,#2300,.T.);
#2300 = EDGE_CURVE('',#2288,#2301,#2303,.T.);
#2301 = VERTEX_POINT('',#2302);
#2302 = CARTESIAN_POINT('',(11.582020409327,-10.5336346058,
    -23.05108640345));
#2303 = B_SPLINE_CURVE_WITH_KNOTS('',3,(#2304,#2305,#2306,#2307),
  .UNSPECIFIED.,.F.,.F.,(4,4),(-0.467125373123,-0.445772105789),
  .PIECEWISE_BEZIER_KNOTS.);
#2304 = CARTESIAN_POINT('',(11.581980506437,-10.34465142281,
    -23.05108640345));
#2305 = CARTESIAN_POINT('',(11.582610834587,-10.40764266069,
    -23.05108640345));
#2306 = CARTESIAN_POINT('',(11.582926660607,-10.47063863322,
    -23.05108640345));
#2307 = CARTESIAN_POINT('',(11.582926662837,-10.53363460576,
    -23.05108640345));
#2308 = ORIENTED_EDGE('',*,*,#2309,.F.);
#2309 = EDGE_CURVE('',#1599,#2301,#2310,.T.);
#2310 = B_SPLINE_CURVE_WITH_KNOTS('',3,(#2311,#2312,#2313,#2314),
  .UNSPECIFIED.,.F.,.F.,(4,4),(0.116033231704,0.619422994519),
  .PIECEWISE_BEZIER_KNOTS.);
#2311 = CARTESIAN_POINT('',(11.029814016827,-10.53363462535,
    -13.55396770335));
#2312 = CARTESIAN_POINT('',(11.214180994007,-10.53363461882,
    -16.71965640266));
#2313 = CARTESIAN_POINT('',(11.398552631357,-10.53363461229,
    -19.88534510197));
#2314 = CARTESIAN_POINT('',(11.582923599267,-10.53363460577,
    -23.05103380127));
#2315 = ORIENTED_EDGE('',*,*,#1598,.F.);
#2316 = ORIENTED_EDGE('',*,*,#629,.F.);
#2317 = ORIENTED_EDGE('',*,*,#679,.F.);
#2318 = ORIENTED_EDGE('',*,*,#792,.F.);
#2319 = ORIENTED_EDGE('',*,*,#2320,.F.);
#2320 = EDGE_CURVE('',#2321,#271,#2323,.T.);
#2321 = VERTEX_POINT('',#2322);
#2322 = CARTESIAN_POINT('',(-11.24999948064,-7.818131094956,
    -19.68582979489));
#2323 = B_SPLINE_CURVE_WITH_KNOTS('',8,(#2324,#2325,#2326,#2327,#2328,
    #2329,#2330,#2331,#2332,#2333,#2334,#2335,#2336,#2337,#2338,#2339,
    #2340,#2341,#2342,#2343,#2344,#2345,#2346,#2347,#2348,#2349,#2350,
    #2351,#2352,#2353),.UNSPECIFIED.,.F.,.F.,(9,7,7,7,9),(0.,
    0.254711198331,0.620878261056,0.802983674679,1.),.UNSPECIFIED.);
#2324 = CARTESIAN_POINT('',(-11.24999948064,-7.818131094956,
    -19.68582979489));
#2325 = CARTESIAN_POINT('',(-11.24092792539,-7.728050988054,
    -19.68582979489));
#2326 = CARTESIAN_POINT('',(-11.22949077958,-7.617935724858,
    -19.68582979489));
#2327 = CARTESIAN_POINT('',(-11.21669487512,-7.500473217394,
    -19.68582979489));
#2328 = CARTESIAN_POINT('',(-11.20329501095,-7.384006833442,
    -19.68582979489));
#2329 = CARTESIAN_POINT('',(-11.18992485745,-7.272542870827,
    -19.68582979489));
#2330 = CARTESIAN_POINT('',(-11.17664913924,-7.165824508849,
    -19.68582979489));
#2331 = CARTESIAN_POINT('',(-11.16297957058,-7.059349931736,
    -19.68582979489));
#2332 = CARTESIAN_POINT('',(-11.12549699849,-6.779215842135,
    -19.68582979489));
#2333 = CARTESIAN_POINT('',(-11.10222008332,-6.614161719071,
    -19.68582979489));
#2334 = CARTESIAN_POINT('',(-11.07777290312,-6.449274061984,
    -19.68582979489));
#2335 = CARTESIAN_POINT('',(-11.05215600374,-6.284562663116,
    -19.68582979489));
#2336 = CARTESIAN_POINT('',(-11.0253694217,-6.12003745086,
    -19.68582979489));
#2337 = CARTESIAN_POINT('',(-10.99741268418,-5.955708489763,
    -19.68582979489));
#2338 = CARTESIAN_POINT('',(-10.96828480898,-5.791585980522,
    -19.68582979489));
#2339 = CARTESIAN_POINT('',(-10.92291499211,-5.546165230176,
    -19.68582979489));
#2340 = CARTESIAN_POINT('',(-10.90756838787,-5.464772767718,
    -19.68582979489));
#2341 = CARTESIAN_POINT('',(-10.89194546069,-5.383505599187,
    -19.68582979489));
#2342 = CARTESIAN_POINT('',(-10.87604717938,-5.302366451158,
    -19.68582979489));
#2343 = CARTESIAN_POINT('',(-10.85987451278,-5.221358050203,
    -19.68582979489));
#2344 = CARTESIAN_POINT('',(-10.84342842971,-5.140483122899,
    -19.68582979489));
#2345 = CARTESIAN_POINT('',(-10.82670989899,-5.059744395818,
    -19.68582979489));
#2346 = CARTESIAN_POINT('',(-10.79133872667,-4.891945230304,
    -19.68582979489));
#2347 = CARTESIAN_POINT('',(-10.77262049555,-4.804816942516,
    -19.68582979489));
#2348 = CARTESIAN_POINT('',(-10.75356481771,-4.717761394092,
    -19.68582979489));
#2349 = CARTESIAN_POINT('',(-10.73417113728,-4.630780296452,
    -19.68582979489));
#2350 = CARTESIAN_POINT('',(-10.7144388981,-4.543875381715,
    -19.68582979489));
#2351 = CARTESIAN_POINT('',(-10.69436758473,-4.457048396565,
    -19.68582979489));
#2352 = CARTESIAN_POINT('',(-10.67395662763,-4.370301118769,
    -19.68582979489));
#2353 = CARTESIAN_POINT('',(-10.65320517217,-4.283635396351,
    -19.68582979489));
#2354 = ORIENTED_EDGE('',*,*,#2355,.F.);
#2355 = EDGE_CURVE('',#2356,#2321,#2358,.T.);
#2356 = VERTEX_POINT('',#2357);
#2357 = CARTESIAN_POINT('',(-11.24999948064,-13.24913782404,
    -19.68582979489));
#2358 = B_SPLINE_CURVE_WITH_KNOTS('',7,(#2359,#2360,#2361,#2362,#2363,
    #2364,#2365,#2366,#2367,#2368,#2369,#2370,#2371,#2372,#2373,#2374,
    #2375,#2376,#2377,#2378,#2379,#2380,#2381,#2382,#2383,#2384,#2385,
    #2386,#2387,#2388,#2389,#2390,#2391,#2392,#2393,#2394,#2395,#2396),
  .UNSPECIFIED.,.F.,.F.,(8,6,6,6,6,6,8),(0.,0.232080333228,
    0.319298034035,0.501294504175,0.677238706934,0.768393493559,1.),
  .UNSPECIFIED.);
#2359 = CARTESIAN_POINT('',(-11.24999948064,-13.24913782404,
    -19.68582979489));
#2360 = CARTESIAN_POINT('',(-11.24999948064,-13.15243884244,
    -19.45226498813));
#2361 = CARTESIAN_POINT('',(-11.24999948064,-13.04686212965,
    -19.22260939963));
#2362 = CARTESIAN_POINT('',(-11.24999948064,-12.93098032628,
    -18.99749902787));
#2363 = CARTESIAN_POINT('',(-11.24999948064,-12.80324753267,
    -18.77839048163));
#2364 = CARTESIAN_POINT('',(-11.24999948064,-12.66200438849,
    -18.56755880204));
#2365 = CARTESIAN_POINT('',(-11.24999948064,-12.50565496258,
    -18.3679802775));
#2366 = CARTESIAN_POINT('',(-11.24999948064,-12.2679546599,
    -18.11377391849));
#2367 = CARTESIAN_POINT('',(-11.24999948064,-12.20074148024,
    -18.04646558602));
#2368 = CARTESIAN_POINT('',(-11.24999948064,-12.1312008417,
    -17.98149470086));
#2369 = CARTESIAN_POINT('',(-11.24999948064,-12.05931042856,
    -17.91908824869));
#2370 = CARTESIAN_POINT('',(-11.24999948064,-11.98507481036,
    -17.85948505772));
#2371 = CARTESIAN_POINT('',(-11.24999948064,-11.90853145183,
    -17.80292881967));
#2372 = CARTESIAN_POINT('',(-11.24999948064,-11.66537813399,
    -17.63850781365));
#2373 = CARTESIAN_POINT('',(-11.24999948064,-11.49107771819,
    -17.54153455826));
#2374 = CARTESIAN_POINT('',(-11.24999948064,-11.3078533351,
    -17.46122894448));
#2375 = CARTESIAN_POINT('',(-11.24999948064,-11.11720433215,
    -17.39963451464));
#2376 = CARTESIAN_POINT('',(-11.24999948064,-10.9211758081,
    -17.35818686192));
#2377 = CARTESIAN_POINT('',(-11.24999948064,-10.72230032297,
    -17.33792688557));
#2378 = CARTESIAN_POINT('',(-11.24999948064,-10.33180838138,
    -17.33970206147));
#2379 = CARTESIAN_POINT('',(-11.24999948064,-10.13975632555,
    -17.36034971705));
#2380 = CARTESIAN_POINT('',(-11.24999948064,-9.950437468458,
    -17.40074324933));
#2381 = CARTESIAN_POINT('',(-11.24999948064,-9.766134713046,
    -17.4599479541));
#2382 = CARTESIAN_POINT('',(-11.24999948064,-9.588703793553,
    -17.53666304023));
#2383 = CARTESIAN_POINT('',(-11.24999948064,-9.419524611718,
    -17.62906402227));
#2384 = CARTESIAN_POINT('',(-11.24999948064,-9.176649869977,
    -17.78977380429));
#2385 = CARTESIAN_POINT('',(-11.24999948064,-9.096182472155,
    -17.84826506568));
#2386 = CARTESIAN_POINT('',(-11.24999948064,-9.018229494509,
    -17.91012585086));
#2387 = CARTESIAN_POINT('',(-11.24999948064,-8.942837976358,
    -17.97507733885));
#2388 = CARTESIAN_POINT('',(-11.24999948064,-8.870015248428,
    -18.04284578703));
#2389 = CARTESIAN_POINT('',(-11.24999948064,-8.799736398943,
    -18.11317127201));
#2390 = CARTESIAN_POINT('',(-11.24999948064,-8.559724161826,
    -18.37039358808));
#2391 = CARTESIAN_POINT('',(-11.24999948064,-8.403841997995,
    -18.56968318043));
#2392 = CARTESIAN_POINT('',(-11.24999948064,-8.262992334195,
    -18.78015583266));
#2393 = CARTESIAN_POINT('',(-11.24999948064,-8.135588914243,
    -18.99885869047));
#2394 = CARTESIAN_POINT('',(-11.24999948064,-8.019981329963,
    -19.22353417116));
#2395 = CARTESIAN_POINT('',(-11.24999948064,-7.914635162119,
    -19.45273583114));
#2396 = CARTESIAN_POINT('',(-11.24999948064,-7.818131094956,
    -19.68582979489));
#2397 = ORIENTED_EDGE('',*,*,#2398,.F.);
#2398 = EDGE_CURVE('',#2399,#2356,#2401,.T.);
#2399 = VERTEX_POINT('',#2400);
#2400 = CARTESIAN_POINT('',(-7.539315346421,-19.64131721578,
    -19.68582979489));
#2401 = B_SPLINE_CURVE_WITH_KNOTS('',8,(#2402,#2403,#2404,#2405,#2406,
    #2407,#2408,#2409,#2410,#2411,#2412,#2413,#2414,#2415,#2416,#2417,
    #2418,#2419,#2420,#2421,#2422,#2423,#2424,#2425,#2426,#2427,#2428,
    #2429,#2430,#2431,#2432,#2433,#2434,#2435,#2436,#2437,#2438,#2439,
    #2440,#2441,#2442,#2443,#2444,#2445,#2446,#2447,#2448,#2449,#2450,
    #2451,#2452,#2453,#2454,#2455,#2456,#2457,#2458,#2459,#2460,#2461,
    #2462,#2463,#2464,#2465,#2466,#2467,#2468,#2469,#2470,#2471,#2472,
    #2473,#2474,#2475,#2476,#2477,#2478,#2479,#2480,#2481,#2482,#2483,
    #2484,#2485,#2486,#2487,#2488,#2489,#2490,#2491,#2492,#2493,#2494,
    #2495,#2496,#2497,#2498,#2499,#2500,#2501,#2502,#2503,#2504,#2505,
    #2506,#2507,#2508,#2509,#2510,#2511,#2512,#2513,#2514,#2515,#2516,
    #2517,#2518,#2519,#2520,#2521,#2522,#2523,#2524,#2525,#2526,#2527,
    #2528,#2529,#2530,#2531,#2532,#2533,#2534,#2535,#2536,#2537,#2538,
    #2539,#2540,#2541,#2542,#2543,#2544,#2545,#2546,#2547,#2548,#2549,
    #2550,#2551,#2552,#2553,#2554,#2555,#2556,#2557,#2558,#2559,#2560,
    #2561,#2562,#2563,#2564,#2565,#2566,#2567,#2568,#2569,#2570,#2571,
    #2572,#2573,#2574,#2575,#2576,#2577,#2578,#2579,#2580,#2581,#2582,
    #2583,#2584,#2585,#2586,#2587,#2588,#2589,#2590,#2591,#2592),
  .UNSPECIFIED.,.F.,.F.,(9,7,7,7,7,7,7,7,7,7,7,7,7,7,7,7,7,7,7,7,7,7,7,7
    ,7,7,7,9),(0.,7.774062104768E-02,0.131821879219,0.158557884157,
    0.172886882562,0.187216895597,0.21658484366,0.231477424338,
    0.246369979454,0.26126253457,0.286272099839,0.366767746059,
    0.399240717622,0.471605382292,0.531315833347,0.591025159092,
    0.663389723198,0.725850337855,0.757563155974,0.772251235028,
    0.78903696594,0.812837987689,0.837126708741,0.859207364243,
    0.881243995982,0.939246039118,0.968629683036,1.),.UNSPECIFIED.);
#2402 = CARTESIAN_POINT('',(11.38693276554,-10.5336346127,
    -19.68582979489));
#2403 = CARTESIAN_POINT('',(11.386932777836,-10.88096617161,
    -19.68582979489));
#2404 = CARTESIAN_POINT('',(11.381725458677,-11.22829614531,
    -19.68582979489));
#2405 = CARTESIAN_POINT('',(11.371363458104,-11.57553569983,
    -19.68582979489));
#2406 = CARTESIAN_POINT('',(11.355891120424,-11.92259723507,
    -19.68582979489));
#2407 = CARTESIAN_POINT('',(11.335344260022,-12.26939436123,
    -19.68582979489));
#2408 = CARTESIAN_POINT('',(11.309749937168,-12.61584187514,
    -19.68582979489));
#2409 = CARTESIAN_POINT('',(11.279126233825,-12.96185573671,
    -19.68582979489));
#2410 = CARTESIAN_POINT('',(11.218685682411,-13.54770267055,
    -19.68582979489));
#2411 = CARTESIAN_POINT('',(11.191459674489,-13.78780127139,
    -19.68582979489));
#2412 = CARTESIAN_POINT('',(11.161807149358,-14.02762063028,
    -19.68582979489));
#2413 = CARTESIAN_POINT('',(11.129728986948,-14.2671319233,
    -19.68582979489));
#2414 = CARTESIAN_POINT('',(11.095223803448,-14.50630572008,
    -19.68582979489));
#2415 = CARTESIAN_POINT('',(11.058287951309,-14.7451119838,
    -19.68582979489));
#2416 = CARTESIAN_POINT('',(11.018915519239,-14.98352007116,
    -19.68582979489));
#2417 = CARTESIAN_POINT('',(10.956425282858,-15.33914759784,
    -19.68582979489));
#2418 = CARTESIAN_POINT('',(10.93515472226,-15.45669143322,
    -19.68582979489));
#2419 = CARTESIAN_POINT('',(10.913285652015,-15.57412642743,
    -19.68582979489));
#2420 = CARTESIAN_POINT('',(10.890816924085,-15.69144869377,
    -19.68582979489));
#2421 = CARTESIAN_POINT('',(10.867747240787,-15.80865426999,
    -19.68582979489));
#2422 = CARTESIAN_POINT('',(10.844075154797,-15.92573911829,
    -19.68582979489));
#2423 = CARTESIAN_POINT('',(10.819799069145,-16.0426991253,
    -19.68582979489));
#2424 = CARTESIAN_POINT('',(10.781581971507,-16.22214494995,
    -19.68582979489));
#2425 = CARTESIAN_POINT('',(10.768082952522,-16.28467465401,
    -19.68582979489));
#2426 = CARTESIAN_POINT('',(10.754420539807,-16.34711790727,
    -19.68582979489));
#2427 = CARTESIAN_POINT('',(10.740595092903,-16.40947340271,
    -19.68582979489));
#2428 = CARTESIAN_POINT('',(10.726606971351,-16.47173983329,
    -19.68582979489));
#2429 = CARTESIAN_POINT('',(10.712456534694,-16.53391589198,
    -19.68582979489));
#2430 = CARTESIAN_POINT('',(10.698144142472,-16.59600027175,
    -19.68582979489));
#2431 = CARTESIAN_POINT('',(10.669195141086,-16.71998744897,
    -19.68582979489));
#2432 = CARTESIAN_POINT('',(10.654466929934,-16.78186101452,
    -19.68582979489));
#2433 = CARTESIAN_POINT('',(10.639616282515,-16.84364796727,
    -19.68582979489));
#2434 = CARTESIAN_POINT('',(10.624705883717,-16.90536556766,
    -19.68582979489));
#2435 = CARTESIAN_POINT('',(10.609730341581,-16.96701273154,
    -19.68582979489));
#2436 = CARTESIAN_POINT('',(10.594616187292,-17.02857003012,
    -19.68582979489));
#2437 = CARTESIAN_POINT('',(10.579221875189,-17.08999969003,
    -19.68582979489));
#2438 = CARTESIAN_POINT('',(10.530784902272,-17.27676303006,
    -19.68582979489));
#2439 = CARTESIAN_POINT('',(10.491760614088,-17.40056779431,
    -19.68582979489));
#2440 = CARTESIAN_POINT('',(10.446657886701,-17.52239862753,
    -19.68582979489));
#2441 = CARTESIAN_POINT('',(10.395797914209,-17.64198985747,
    -19.68582979489));
#2442 = CARTESIAN_POINT('',(10.339447358283,-17.75907812426,
    -19.68582979489));
#2443 = CARTESIAN_POINT('',(10.277826009923,-17.87340506621,
    -19.68582979489));
#2444 = CARTESIAN_POINT('',(10.211104870984,-17.98471596531,
    -19.68582979489));
#2445 = CARTESIAN_POINT('',(10.103030175139,-18.14754096516,
    -19.68582979489));
#2446 = CARTESIAN_POINT('',(10.065360134474,-18.20152113133,
    -19.68582979489));
#2447 = CARTESIAN_POINT('',(10.026410090502,-18.25463717334,
    -19.68582979489));
#2448 = CARTESIAN_POINT('',(9.986205848872,-18.30683179551,
    -19.68582979489));
#2449 = CARTESIAN_POINT('',(9.944773463856,-18.35804808412,
    -19.68582979489));
#2450 = CARTESIAN_POINT('',(9.902139238354,-18.40822950739,
    -19.68582979489));
#2451 = CARTESIAN_POINT('',(9.85832972389,-18.45731991548,
    -19.68582979489));
#2452 = CARTESIAN_POINT('',(9.768413794508,-18.55320708326,
    -19.68582979489));
#2453 = CARTESIAN_POINT('',(9.722314239892,-18.60001034971,
    -19.68582979489));
#2454 = CARTESIAN_POINT('',(9.675129713873,-18.64564699003,
    -19.68582979489));
#2455 = CARTESIAN_POINT('',(9.626916873555,-18.69009065436,
    -19.68582979489));
#2456 = CARTESIAN_POINT('',(9.577732376042,-18.73331499286,
    -19.68582979489));
#2457 = CARTESIAN_POINT('',(9.52763287844,-18.7752936557,-19.68582979489
    ));
#2458 = CARTESIAN_POINT('',(9.476675037853,-18.81600029301,
    -19.68582979489));
#2459 = CARTESIAN_POINT('',(9.373155984916,-18.8948168169,
    -19.68582979489));
#2460 = CARTESIAN_POINT('',(9.320594772567,-18.93292670348,
    -19.68582979489));
#2461 = CARTESIAN_POINT('',(9.267288531442,-18.96971186485,
    -19.68582979489));
#2462 = CARTESIAN_POINT('',(9.213293918645,-19.00514595115,
    -19.68582979489));
#2463 = CARTESIAN_POINT('',(9.158667591281,-19.03920261256,
    -19.68582979489));
#2464 = CARTESIAN_POINT('',(9.103466206455,-19.07185549921,
    -19.68582979489));
#2465 = CARTESIAN_POINT('',(9.04774642127,-19.10307826127,
    -19.68582979489));
#2466 = CARTESIAN_POINT('',(8.89721737547,-19.18283206998,
    -19.68582979489));
#2467 = CARTESIAN_POINT('',(8.801665017998,-19.22883061189,
    -19.68582979489));
#2468 = CARTESIAN_POINT('',(8.701741934722,-19.26981027689,
    -19.68582979489));
#2469 = CARTESIAN_POINT('',(8.607273897317,-19.31509197361,
    -19.68582979489));
#2470 = CARTESIAN_POINT('',(8.499026522852,-19.33297067501,
    -19.68582979489));
#2471 = CARTESIAN_POINT('',(8.401009727629,-19.37511233661,
    -19.68582979489));
#2472 = CARTESIAN_POINT('',(8.299067271376,-19.40650803615,
    -19.68582979489));
#2473 = CARTESIAN_POINT('',(7.872302936611,-19.5439083719,
    -19.68582979489));
#2474 = CARTESIAN_POINT('',(7.545112903863,-19.64380082865,
    -19.68582979489));
#2475 = CARTESIAN_POINT('',(7.216438060016,-19.73878649064,
    -19.68582979489));
#2476 = CARTESIAN_POINT('',(6.886376930685,-19.82888449681,
    -19.68582979489));
#2477 = CARTESIAN_POINT('',(6.555023309229,-19.91410330748,
    -19.68582979489));
#2478 = CARTESIAN_POINT('',(6.222466570845,-19.99444180098,
    -19.68582979489));
#2479 = CARTESIAN_POINT('',(5.888791986661,-20.06989037037,
    -19.68582979489));
#2480 = CARTESIAN_POINT('',(5.419054367041,-20.16888942242,
    -19.68582979489));
#2481 = CARTESIAN_POINT('',(5.283859352319,-20.19654818672,
    -19.68582979489));
#2482 = CARTESIAN_POINT('',(5.148501481699,-20.22340713575,
    -19.68582979489));
#2483 = CARTESIAN_POINT('',(5.012986220412,-20.24946488657,
    -19.68582979489));
#2484 = CARTESIAN_POINT('',(4.877319010891,-20.27471985058,
    -19.68582979489));
#2485 = CARTESIAN_POINT('',(4.74150527277,-20.29917023348,
    -19.68582979489));
#2486 = CARTESIAN_POINT('',(4.605550402886,-20.32281403533,
    -19.68582979489));
#2487 = CARTESIAN_POINT('',(4.166187479655,-20.39653593076,
    -19.68582979489));
#2488 = CARTESIAN_POINT('',(3.862241519221,-20.44340185824,
    -19.68582979489));
#2489 = CARTESIAN_POINT('',(3.557686754463,-20.48626358889,
    -19.68582979489));
#2490 = CARTESIAN_POINT('',(3.252591694122,-20.52515549367,
    -19.68582979489));
#2491 = CARTESIAN_POINT('',(2.947015785328,-20.56007318857,
    -19.68582979489));
#2492 = CARTESIAN_POINT('',(2.641024051743,-20.59103723961,
    -19.68582979489));
#2493 = CARTESIAN_POINT('',(2.334674639546,-20.61804224395,
    -19.68582979489));
#2494 = CARTESIAN_POINT('',(1.775001450565,-20.66010051073,
    -19.68582979489));
#2495 = CARTESIAN_POINT('',(1.521773799229,-20.67641773706,
    -19.68582979489));
#2496 = CARTESIAN_POINT('',(1.268376831502,-20.69003546411,
    -19.68582979489));
#2497 = CARTESIAN_POINT('',(1.014843875656,-20.70094874375,
    -19.68582979489));
#2498 = CARTESIAN_POINT('',(0.761208498609,-20.70915008867,
    -19.68582979489));
#2499 = CARTESIAN_POINT('',(0.507504505933,-20.71462947234,
    -19.68582979489));
#2500 = CARTESIAN_POINT('',(0.253765941846,-20.71737432901,
    -19.68582979489));
#2501 = CARTESIAN_POINT('',(-0.253706981426,-20.71736477859,
    -19.68582979489));
#2502 = CARTESIAN_POINT('',(-0.507440662496,-20.71461047473,
    -19.68582979489));
#2503 = CARTESIAN_POINT('',(-0.761139669539,-20.70912159103,
    -19.68582979489));
#2504 = CARTESIAN_POINT('',(-1.014769953422,-20.70091056286,
    -19.68582979489));
#2505 = CARTESIAN_POINT('',(-1.268297700331,-20.68998731212,
    -19.68582979489));
#2506 = CARTESIAN_POINT('',(-1.521689331774,-20.67635924717,
    -19.68582979489));
#2507 = CARTESIAN_POINT('',(-1.774911504581,-20.66003126293,
    -19.68582979489));
#2508 = CARTESIAN_POINT('',(-2.334577573462,-20.61794780803,
    -19.68582979489));
#2509 = CARTESIAN_POINT('',(-2.64092525495,-20.59092800021,
    -19.68582979489));
#2510 = CARTESIAN_POINT('',(-2.946915031412,-20.55994844941,
    -19.68582979489));
#2511 = CARTESIAN_POINT('',(-3.252488573603,-20.52501400146,
    -19.68582979489));
#2512 = CARTESIAN_POINT('',(-3.557581110006,-20.48610524742,
    -19.68582979489));
#2513 = CARTESIAN_POINT('',(-3.862132864918,-20.44322527379,
    -19.68582979489));
#2514 = CARTESIAN_POINT('',(-4.166075609362,-20.39634113604,
    -19.68582979489));
#2515 = CARTESIAN_POINT('',(-4.73110712982,-20.3014970726,
    -19.68582979489));
#2516 = CARTESIAN_POINT('',(-4.992366984704,-20.25456576901,
    -19.68582979489));
#2517 = CARTESIAN_POINT('',(-5.253085666112,-20.20465468958,
    -19.68582979489));
#2518 = CARTESIAN_POINT('',(-5.513224244641,-20.15177415819,
    -19.68582979489));
#2519 = CARTESIAN_POINT('',(-5.772743041911,-20.09593158883,
    -19.68582979489));
#2520 = CARTESIAN_POINT('',(-6.031601580883,-20.03713126193,
    -19.68582979489));
#2521 = CARTESIAN_POINT('',(-6.289758536184,-19.97537410064,
    -19.68582979489));
#2522 = CARTESIAN_POINT('',(-6.677866785595,-19.87779918174,
    -19.68582979489));
#2523 = CARTESIAN_POINT('',(-6.808370013934,-19.84417802037,
    -19.68582979489));
#2524 = CARTESIAN_POINT('',(-6.938675793744,-19.80979364526,
    -19.68582979489));
#2525 = CARTESIAN_POINT('',(-7.06877841789,-19.77464549085,
    -19.68582979489));
#2526 = CARTESIAN_POINT('',(-7.1986720478,-19.73873274377,
    -19.68582979489));
#2527 = CARTESIAN_POINT('',(-7.328350713469,-19.70205434294,
    -19.68582979489));
#2528 = CARTESIAN_POINT('',(-7.457808313457,-19.66460897953,
    -19.68582979489));
#2529 = CARTESIAN_POINT('',(-7.646892799917,-19.60869599096,
    -19.68582979489));
#2530 = CARTESIAN_POINT('',(-7.706634632014,-19.59085082718,
    -19.68582979489));
#2531 = CARTESIAN_POINT('',(-7.766262931201,-19.57286028077,
    -19.68582979489));
#2532 = CARTESIAN_POINT('',(-7.825776517503,-19.55472502689,
    -19.68582979489));
#2533 = CARTESIAN_POINT('',(-7.885174210944,-19.53644574073,
    -19.68582979489));
#2534 = CARTESIAN_POINT('',(-7.94445483155,-19.51802309745,
    -19.68582979489));
#2535 = CARTESIAN_POINT('',(-8.003617199346,-19.49945777222,
    -19.68582979489));
#2536 = CARTESIAN_POINT('',(-8.130135181002,-19.45937145392,
    -19.68582979489));
#2537 = CARTESIAN_POINT('',(-8.197393944517,-19.43758299317,
    -19.68582979489));
#2538 = CARTESIAN_POINT('',(-8.264520996372,-19.4157080929,
    -19.68582979489));
#2539 = CARTESIAN_POINT('',(-8.33155642317,-19.39389795187,
    -19.68582979489));
#2540 = CARTESIAN_POINT('',(-8.398495826648,-19.37213193267,
    -19.68582979489));
#2541 = CARTESIAN_POINT('',(-8.465290323676,-19.35021756177,
    -19.68582979489));
#2542 = CARTESIAN_POINT('',(-8.531846546259,-19.32779052945,
    -19.68582979489));
#2543 = CARTESIAN_POINT('',(-8.691865503554,-19.27102755023,
    -19.68582979489));
#2544 = CARTESIAN_POINT('',(-8.784457555349,-19.23424242626,
    -19.68582979489));
#2545 = CARTESIAN_POINT('',(-8.875708529716,-19.19408413433,
    -19.68582979489));
#2546 = CARTESIAN_POINT('',(-8.965390993574,-19.15050923326,
    -19.68582979489));
#2547 = CARTESIAN_POINT('',(-9.053405252468,-19.10364751278,
    -19.68582979489));
#2548 = CARTESIAN_POINT('',(-9.139600189155,-19.05355835888,
    -19.68582979489));
#2549 = CARTESIAN_POINT('',(-9.223661048004,-19.00007873158,
    -19.68582979489));
#2550 = CARTESIAN_POINT('',(-9.389159700731,-18.88563967318,
    -19.68582979489));
#2551 = CARTESIAN_POINT('',(-9.470853873458,-18.82431383101,
    -19.68582979489));
#2552 = CARTESIAN_POINT('',(-9.550500215079,-18.75963988137,
    -19.68582979489));
#2553 = CARTESIAN_POINT('',(-9.627945245558,-18.69179574125,
    -19.68582979489));
#2554 = CARTESIAN_POINT('',(-9.703035484862,-18.62095932766,
    -19.68582979489));
#2555 = CARTESIAN_POINT('',(-9.775617452955,-18.54730855758,
    -19.68582979489));
#2556 = CARTESIAN_POINT('',(-9.845537669803,-18.47102134802,
    -19.68582979489));
#2557 = CARTESIAN_POINT('',(-9.973647187705,-18.32068858684,
    -19.68582979489));
#2558 = CARTESIAN_POINT('',(-10.03232508261,-18.24706972093,
    -19.68582979489));
#2559 = CARTESIAN_POINT('',(-10.08856102828,-18.17155268994,
    -19.68582979489));
#2560 = CARTESIAN_POINT('',(-10.14223971289,-18.09427116552,
    -19.68582979489));
#2561 = CARTESIAN_POINT('',(-10.19324582461,-18.01535881936,
    -19.68582979489));
#2562 = CARTESIAN_POINT('',(-10.24146405161,-17.93494932312,
    -19.68582979489));
#2563 = CARTESIAN_POINT('',(-10.28677908209,-17.85317634849,
    -19.68582979489));
#2564 = CARTESIAN_POINT('',(-10.37128779678,-17.68733627427,
    -19.68582979489));
#2565 = CARTESIAN_POINT('',(-10.4109562056,-17.60304705284,
    -19.68582979489));
#2566 = CARTESIAN_POINT('',(-10.44660454291,-17.51747261414,
    -19.68582979489));
#2567 = CARTESIAN_POINT('',(-10.47930712358,-17.43107017514,
    -19.68582979489));
#2568 = CARTESIAN_POINT('',(-10.50941959399,-17.34412201983,
    -19.68582979489));
#2569 = CARTESIAN_POINT('',(-10.53587254651,-17.25665329582,
    -19.68582979489));
#2570 = CARTESIAN_POINT('',(-10.55802801954,-17.16873304594,
    -19.68582979489));
#2571 = CARTESIAN_POINT('',(-10.63819102768,-16.85065573342,
    -19.68582979489));
#2572 = CARTESIAN_POINT('',(-10.69384758972,-16.61953933098,
    -19.68582979489));
#2573 = CARTESIAN_POINT('',(-10.74708360869,-16.38784451316,
    -19.68582979489));
#2574 = CARTESIAN_POINT('',(-10.79791146543,-16.15560526568,
    -19.68582979489));
#2575 = CARTESIAN_POINT('',(-10.84634103005,-15.92285434793,
    -19.68582979489));
#2576 = CARTESIAN_POINT('',(-10.89237980952,-15.68962332623,
    -19.68582979489));
#2577 = CARTESIAN_POINT('',(-10.9360330953,-15.45594260708,
    -19.68582979489));
#2578 = CARTESIAN_POINT('',(-10.99821187159,-15.10324660607,
    -19.68582979489));
#2579 = CARTESIAN_POINT('',(-11.0185082302,-14.98454393657,
    -19.68582979489));
#2580 = CARTESIAN_POINT('',(-11.03819358776,-14.86573731275,
    -19.68582979489));
#2581 = CARTESIAN_POINT('',(-11.05726820682,-14.74683054947,
    -19.68582979489));
#2582 = CARTESIAN_POINT('',(-11.07573221154,-14.62782742557,
    -19.68582979489));
#2583 = CARTESIAN_POINT('',(-11.09358558773,-14.50873168394,
    -19.68582979489));
#2584 = CARTESIAN_POINT('',(-11.11082818283,-14.38954703149,
    -19.68582979489));
#2585 = CARTESIAN_POINT('',(-11.14521571169,-14.14294322724,
    -19.68582979489));
#2586 = CARTESIAN_POINT('',(-11.16227547641,-14.01551215399,
    -19.68582979489));
#2587 = CARTESIAN_POINT('',(-11.178637972,-13.8879884406,-19.68582979489
    ));
#2588 = CARTESIAN_POINT('',(-11.19430246486,-13.76037645504,
    -19.68582979489));
#2589 = CARTESIAN_POINT('',(-11.20926944051,-13.63268071286,
    -19.68582979489));
#2590 = CARTESIAN_POINT('',(-11.22354051597,-13.50490593483,
    -19.68582979489));
#2591 = CARTESIAN_POINT('',(-11.2371173399,-13.37705686143,
    -19.68582979489));
#2592 = CARTESIAN_POINT('',(-11.24999948064,-13.24913782404,
    -19.68582979489));
#2593 = ORIENTED_EDGE('',*,*,#2594,.T.);
#2594 = EDGE_CURVE('',#2399,#2595,#2597,.T.);
#2595 = VERTEX_POINT('',#2596);
#2596 = CARTESIAN_POINT('',(7.51064772E-07,-21.21662116825,
    -22.58582988548));
#2597 = B_SPLINE_CURVE_WITH_KNOTS('',3,(#2598,#2599,#2600,#2601,#2602,
    #2603,#2604,#2605,#2606,#2607,#2608,#2609,#2610,#2611,#2612,#2613,
    #2614,#2615,#2616,#2617,#2618,#2619),.UNSPECIFIED.,.F.,.F.,(4,2,2,2,
    2,2,2,2,2,2,4),(8.523014231288,8.754386722088,9.330942317822,
    9.659254054923,9.839325501542,10.043706332901,10.481764540708,
    11.014467650583,11.902846814183,12.582745371932,12.718031741891),
  .UNSPECIFIED.);
#2598 = CARTESIAN_POINT('',(-10.94845705911,-6.281617891986,
    -13.92306745149));
#2599 = CARTESIAN_POINT('',(-10.97587731621,-6.898834298115,
    -13.80703259721));
#2600 = CARTESIAN_POINT('',(-10.99628582183,-7.575758653748,
    -13.71251517964));
#2601 = CARTESIAN_POINT('',(-11.04401718867,-10.1999654359,
    -13.48517225964));
#2602 = CARTESIAN_POINT('',(-11.04860749359,-12.57153744908,
    -13.50078851655));
#2603 = CARTESIAN_POINT('',(-10.88816294482,-16.11927637409,
    -14.17731746984));
#2604 = CARTESIAN_POINT('',(-10.79137795018,-17.09015021795,
    -14.51646706298));
#2605 = CARTESIAN_POINT('',(-10.75171432648,-17.37943175798,
    -14.6472470729));
#2606 = CARTESIAN_POINT('',(-10.72781187173,-17.49480132224,
    -14.72683140844));
#2607 = CARTESIAN_POINT('',(-10.62760614056,-17.78102357136,
    -15.02977960116));
#2608 = CARTESIAN_POINT('',(-10.55347110376,-17.92503061842,
    -15.23892297485));
#2609 = CARTESIAN_POINT('',(-10.30374600025,-18.31179643881,
    -15.87598523833));
#2610 = CARTESIAN_POINT('',(-10.03435620042,-18.60796609697,
    -16.48954606486));
#2611 = CARTESIAN_POINT('',(-9.077714262999,-19.20652933859,
    -18.05691114661));
#2612 = CARTESIAN_POINT('',(-8.540368790672,-19.32420457561,
    -18.70669158352));
#2613 = CARTESIAN_POINT('',(-6.954735576422,-19.82187730594,
    -20.28875540002));
#2614 = CARTESIAN_POINT('',(-5.748595185083,-20.26458941993,
    -21.12465885225));
#2615 = CARTESIAN_POINT('',(-3.27672889164,-20.90419828288,
    -22.16059999729));
#2616 = CARTESIAN_POINT('',(-2.086794357664,-21.13049699742,
    -22.46754317815));
#2617 = CARTESIAN_POINT('',(-0.523987104955,-21.20987669019,
    -22.57662758366));
#2618 = CARTESIAN_POINT('',(-0.26280352681,-21.21662117576,
    -22.58582990156));
#2619 = CARTESIAN_POINT('',(7.5106420471E-07,-21.21662116825,
    -22.58582988548));
#2620 = ORIENTED_EDGE('',*,*,#2621,.T.);
#2621 = EDGE_CURVE('',#2595,#1653,#2622,.T.);
#2622 = B_SPLINE_CURVE_WITH_KNOTS('',3,(#2623,#2624,#2625,#2626,#2627,
    #2628,#2629,#2630,#2631,#2632,#2633,#2634,#2635,#2636,#2637,#2638,
    #2639,#2640,#2641,#2642,#2643,#2644,#2645,#2646,#2647,#2648),
  .UNSPECIFIED.,.F.,.F.,(4,2,2,2,2,2,2,2,2,2,2,2,4),(0.,0.106653019624,
    0.259751895725,0.587622117723,0.958247929245,1.074253760892,
    1.197934489512,1.24214499377,1.276699945571,1.315759435967,
    1.645348866103,1.906629847762,2.022262851615),.UNSPECIFIED.);
#2623 = CARTESIAN_POINT('',(7.510650013E-07,-21.21662116825,
    -22.58582988548));
#2624 = CARTESIAN_POINT('',(0.355510816479,-21.21662114574,
    -22.58582986374));
#2625 = CARTESIAN_POINT('',(0.710000964197,-21.20426342264,
    -22.56900358569));
#2626 = CARTESIAN_POINT('',(1.569935657508,-21.1451073433,-22.4873774445
    ));
#2627 = CARTESIAN_POINT('',(2.06942641368,-21.08589126024,
    -22.40533661807));
#2628 = CARTESIAN_POINT('',(3.611192601276,-20.83618536366,
    -22.04501862976));
#2629 = CARTESIAN_POINT('',(4.606325738492,-20.57382586034,
    -21.65329321302));
#2630 = CARTESIAN_POINT('',(6.558088864588,-19.97732479103,
    -20.55358224681));
#2631 = CARTESIAN_POINT('',(7.534072311394,-19.62687438494,
    -19.78773526007));
#2632 = CARTESIAN_POINT('',(8.652981403494,-19.29839124219,
    -18.53642278066));
#2633 = CARTESIAN_POINT('',(9.065686197314,-19.19471415877,
    -18.05099201537));
#2634 = CARTESIAN_POINT('',(9.998914732619,-18.64727394583,
    -16.57031757671));
#2635 = CARTESIAN_POINT('',(10.312833860709,-18.31224513459,
    -15.86163487805));
#2636 = CARTESIAN_POINT('',(10.568217410487,-17.89551900529,
    -15.19723013966));
#2637 = CARTESIAN_POINT('',(10.634489373775,-17.76411371903,
    -15.00948117051));
#2638 = CARTESIAN_POINT('',(10.723688560166,-17.50425030571,
    -14.73886214397));
#2639 = CARTESIAN_POINT('',(10.74692095627,-17.40097923992,
    -14.66279126535));
#2640 = CARTESIAN_POINT('',(10.777868194215,-17.19998562661,
    -14.56123355323));
#2641 = CARTESIAN_POINT('',(10.787473005208,-17.08284601463,
    -14.52872032371));
#2642 = CARTESIAN_POINT('',(10.894144265359,-16.00997462082,
    -14.16351812237));
#2643 = CARTESIAN_POINT('',(10.945224739047,-15.01697841186,
    -13.94103064926));
#2644 = CARTESIAN_POINT('',(11.004022111009,-13.21987344236,
    -13.6785088152));
#2645 = CARTESIAN_POINT('',(11.018181456625,-12.40533388466,
    -13.60811334091));
#2646 = CARTESIAN_POINT('',(11.027707678377,-11.24973084254,
    -13.56122253695));
#2647 = CARTESIAN_POINT('',(11.029151681728,-10.89184761533,
    -13.55400627791));
#2648 = CARTESIAN_POINT('',(11.029151669047,-10.53363462537,
    -13.55400627791));
#2649 = ORIENTED_EDGE('',*,*,#1660,.F.);
#2650 = ORIENTED_EDGE('',*,*,#2309,.T.);
#2651 = ORIENTED_EDGE('',*,*,#2652,.T.);
#2652 = EDGE_CURVE('',#2301,#2653,#2655,.T.);
#2653 = VERTEX_POINT('',#2654);
#2654 = CARTESIAN_POINT('',(11.58086753886,-10.74474072087,
    -23.05108640345));
#2655 = B_SPLINE_CURVE_WITH_KNOTS('',3,(#2656,#2657,#2658,#2659),
  .UNSPECIFIED.,.F.,.F.,(4,4),(-0.445772105789,-0.422060044047),
  .PIECEWISE_BEZIER_KNOTS.);
#2656 = CARTESIAN_POINT('',(11.582926662827,-10.53363460577,
    -23.05108640318));
#2657 = CARTESIAN_POINT('',(11.582926665317,-10.60398456499,
    -23.05108640318));
#2658 = CARTESIAN_POINT('',(11.582532803178,-10.67433452422,
    -23.05108640318));
#2659 = CARTESIAN_POINT('',(11.581746917098,-10.74467788961,
    -23.05108640318));
#2660 = ORIENTED_EDGE('',*,*,#2661,.T.);
#2661 = EDGE_CURVE('',#2653,#2065,#2662,.T.);
#2662 = B_SPLINE_CURVE_WITH_KNOTS('',3,(#2663,#2664,#2665,#2666,#2667,
    #2668),.UNSPECIFIED.,.F.,.F.,(4,2,4),(-1.023497348155,
    -0.782613020957,-0.714904505154),.UNSPECIFIED.);
#2663 = CARTESIAN_POINT('',(11.58086753886,-10.74474072087,
    -23.05108640345));
#2664 = CARTESIAN_POINT('',(11.625229249776,-10.76523652043,
    -23.81826582622));
#2665 = CARTESIAN_POINT('',(11.664961349548,-10.74072683769,
    -24.49252259705));
#2666 = CARTESIAN_POINT('',(11.710825512409,-10.60995934835,
    -25.26636113947));
#2667 = CARTESIAN_POINT('',(11.720516588728,-10.57520271198,
    -25.43015193654));
#2668 = CARTESIAN_POINT('',(11.729789636447,-10.53363460057,
    -25.58944291522));
#2669 = B_SPLINE_SURFACE_WITH_KNOTS('',3,3,(
    (#2670,#2671,#2672,#2673)
    ,(#2674,#2675,#2676,#2677)
    ,(#2678,#2679,#2680,#2681)
    ,(#2682,#2683,#2684,#2685)
    ,(#2686,#2687,#2688,#2689)
    ,(#2690,#2691,#2692,#2693)
    ,(#2694,#2695,#2696,#2697)
    ,(#2698,#2699,#2700,#2701)
    ,(#2702,#2703,#2704,#2705)
    ,(#2706,#2707,#2708,#2709)
    ,(#2710,#2711,#2712,#2713)
    ,(#2714,#2715,#2716,#2717)
    ,(#2718,#2719,#2720,#2721)
    ,(#2722,#2723,#2724,#2725)
    ,(#2726,#2727,#2728,#2729)
    ,(#2730,#2731,#2732,#2733)
    ,(#2734,#2735,#2736,#2737)
    ,(#2738,#2739,#2740,#2741)
    ,(#2742,#2743,#2744,#2745)
    ,(#2746,#2747,#2748,#2749)
    ,(#2750,#2751,#2752,#2753)
    ,(#2754,#2755,#2756,#2757)
    ,(#2758,#2759,#2760,#2761)
    ,(#2762,#2763,#2764,#2765)
    ,(#2766,#2767,#2768,#2769)
    ,(#2770,#2771,#2772,#2773)
    ,(#2774,#2775,#2776,#2777)
    ,(#2778,#2779,#2780,#2781)
    ,(#2782,#2783,#2784,#2785)
    ,(#2786,#2787,#2788,#2789)
    ,(#2790,#2791,#2792,#2793)
    ,(#2794,#2795,#2796,#2797)
    ,(#2798,#2799,#2800,#2801)
    ,(#2802,#2803,#2804,#2805)
    ,(#2806,#2807,#2808,#2809
    )),.UNSPECIFIED.,.T.,.F.,.F.,(1,3,2,1,2,1,1,1,2,1,1,2,1,1,1,2,1,1,2,
    1,1,1,2,1,2,3,1),(4,4),(-8.979261936307E-02,-6.857E-14,
    8.97926193633E-02,0.110688310722,0.13158400208,0.19079200104,0.25,
    0.30920799896,0.36841599792,0.378863843599,0.404983457797,
    0.410207380637,0.455103690318,0.5,0.544896309682,0.589792619363,
    0.595016542203,0.621136156401,0.63158400208,0.69079200104,0.75,
    0.80920799896,0.86841599792,0.889311689278,0.910207380637,1.,
    1.089792619363),(0.112386745333,1.),.UNSPECIFIED.);
#2670 = CARTESIAN_POINT('',(11.025807430307,-10.53363462549,
    -13.48517225964));
#2671 = CARTESIAN_POINT('',(11.350896505577,-10.53363461398,
    -19.06714364091));
#2672 = CARTESIAN_POINT('',(11.676000189937,-10.53363460247,
    -24.64911502218));
#2673 = CARTESIAN_POINT('',(12.001089265217,-10.53363459096,
    -30.23108640344));
#2674 = CARTESIAN_POINT('',(11.025807350634,-8.282993047377,
    -13.48517225964));
#2675 = CARTESIAN_POINT('',(11.350896425841,-8.28120261651,
    -19.06714364091));
#2676 = CARTESIAN_POINT('',(11.67600011015,-8.279760245902,
    -24.64911502218));
#2677 = CARTESIAN_POINT('',(12.001089185367,-8.277969815034,
    -30.23108640344));
#2678 = CARTESIAN_POINT('',(10.952323251572,-6.032351471863,
    -13.48517225964));
#2679 = CARTESIAN_POINT('',(11.086008737185,-6.028770628411,
    -19.06714364091));
#2680 = CARTESIAN_POINT('',(11.215342557543,-6.025885905635,
    -24.64911502218));
#2681 = CARTESIAN_POINT('',(11.349028043156,-6.022305062182,
    -30.23108640344));
#2682 = CARTESIAN_POINT('',(10.786366242711,-3.30661957992,
    -13.48517225964));
#2683 = CARTESIAN_POINT('',(10.477242757012,-3.428960566955,
    -19.06714364091));
#2684 = CARTESIAN_POINT('',(10.168724807921,-3.550664618139,
    -24.64911502218));
#2685 = CARTESIAN_POINT('',(9.859601322221,-3.673005605174,
    -30.23108640344));
#2686 = CARTESIAN_POINT('',(10.328902733815,-2.286364036727,
    -13.48517225964));
#2687 = CARTESIAN_POINT('',(9.965394553484,-2.465521851422,
    -19.06714364091));
#2688 = CARTESIAN_POINT('',(9.603251987214,-2.643128855469,
    -24.64911502218));
#2689 = CARTESIAN_POINT('',(9.23974380688,-2.822286670163,
    -30.23108640344));
#2690 = CARTESIAN_POINT('',(9.32264472453,-1.812895844102,
    -13.48517225964));
#2691 = CARTESIAN_POINT('',(9.052825402991,-1.895342712854,
    -19.06714364091));
#2692 = CARTESIAN_POINT('',(8.783477331012,-1.977749878683,
    -24.64911502218));
#2693 = CARTESIAN_POINT('',(8.513658009473,-2.060196747435,
    -30.23108640344));
#2694 = CARTESIAN_POINT('',(7.374703116453,-1.660781365935,
    -13.48517225964));
#2695 = CARTESIAN_POINT('',(7.260720150376,-1.33875277757,
    -19.06714364091));
#2696 = CARTESIAN_POINT('',(7.146445727939,-1.018777477973,
    -24.64911502218));
#2697 = CARTESIAN_POINT('',(7.032462761862,-0.696748889608,
    -30.23108640344));
#2698 = CARTESIAN_POINT('',(4.452344641934,-1.481104655625,
    -13.48517225964));
#2699 = CARTESIAN_POINT('',(4.456119015401,-0.685344667922,
    -19.06714364091));
#2700 = CARTESIAN_POINT('',(4.460058968033,0.110253779213,
    -24.64911502218));
#2701 = CARTESIAN_POINT('',(4.463833341499,0.906013766917,
    -30.23108640344));
#2702 = CARTESIAN_POINT('',(-5.063997643708E-05,-1.386646765669,
    -13.48517225964));
#2703 = CARTESIAN_POINT('',(-2.046691698387E-05,-0.342011292973,
    -19.06714364091));
#2704 = CARTESIAN_POINT('',(-1.844500265203E-05,0.702677967067,
    -24.64911502218));
#2705 = CARTESIAN_POINT('',(1.172805680117E-05,1.747313439768,
    -30.23108640344));
#2706 = CARTESIAN_POINT('',(-4.452028066841,-1.481512185346,
    -13.48517225964));
#2707 = CARTESIAN_POINT('',(-4.455899577566,-0.685611047614,
    -19.06714364091));
#2708 = CARTESIAN_POINT('',(-4.459765866475,0.110394434412,
    -24.64911502218));
#2709 = CARTESIAN_POINT('',(-4.4636373772,0.906295572145,-30.23108640344
    ));
#2710 = CARTESIAN_POINT('',(-7.374908276318,-1.661326958368,
    -13.48517225964));
#2711 = CARTESIAN_POINT('',(-7.260757807368,-1.339734573401,
    -19.06714364091));
#2712 = CARTESIAN_POINT('',(-7.14661819368,-1.01831531547,
    -24.64911502218));
#2713 = CARTESIAN_POINT('',(-7.032467724731,-0.696722930503,
    -30.23108640344));
#2714 = CARTESIAN_POINT('',(-9.067161781524,-1.796056585922,
    -13.48517225964));
#2715 = CARTESIAN_POINT('',(-8.818015009514,-1.825043277017,
    -19.06714364091));
#2716 = CARTESIAN_POINT('',(-8.569530205928,-1.853450544404,
    -24.64911502218));
#2717 = CARTESIAN_POINT('',(-8.320383433917,-1.882437235499,
    -30.23108640344));
#2718 = CARTESIAN_POINT('',(-9.961323126428,-2.024012688879,
    -13.48517225964));
#2719 = CARTESIAN_POINT('',(-9.632522646117,-2.19210546942,
    -19.06714364091));
#2720 = CARTESIAN_POINT('',(-9.304962046021,-2.358952263442,
    -24.64911502218));
#2721 = CARTESIAN_POINT('',(-8.97616156571,-2.527045043983,
    -30.23108640344));
#2722 = CARTESIAN_POINT('',(-10.69775866802,-2.916354107878,
    -13.48517225964));
#2723 = CARTESIAN_POINT('',(-10.34439365352,-3.06003645687,
    -19.06714364091));
#2724 = CARTESIAN_POINT('',(-9.991435278859,-3.203431021056,
    -24.64911502218));
#2725 = CARTESIAN_POINT('',(-9.638070264359,-3.347113370048,
    -30.23108640344));
#2726 = CARTESIAN_POINT('',(-10.80819058446,-3.692466837944,
    -13.48517225964));
#2727 = CARTESIAN_POINT('',(-10.56247720036,-3.796724981962,
    -19.06714364091));
#2728 = CARTESIAN_POINT('',(-10.31590417422,-3.901638701157,
    -24.64911502218));
#2729 = CARTESIAN_POINT('',(-10.07019079013,-4.005896845175,
    -30.23108640344));
#2730 = CARTESIAN_POINT('',(-10.88515347391,-4.925978001831,
    -13.48517225964));
#2731 = CARTESIAN_POINT('',(-10.83826464357,-4.973907371256,
    -19.06714364091));
#2732 = CARTESIAN_POINT('',(-10.79068804094,-5.022392960606,
    -24.64911502218));
#2733 = CARTESIAN_POINT('',(-10.7437992106,-5.070322330032,
    -30.23108640344));
#2734 = CARTESIAN_POINT('',(-10.98926077358,-7.157399065047,
    -13.48517225964));
#2735 = CARTESIAN_POINT('',(-11.2195542251,-7.154400486542,
    -19.06714364091));
#2736 = CARTESIAN_POINT('',(-11.44909799148,-7.151668142407,
    -24.64911502218));
#2737 = CARTESIAN_POINT('',(-11.679391443,-7.148669563902,
    -30.23108640344));
#2738 = CARTESIAN_POINT('',(-11.04393905964,-10.53363540675,
    -13.48517225964));
#2739 = CARTESIAN_POINT('',(-11.41622715483,-10.53363541993,
    -19.06714364091));
#2740 = CARTESIAN_POINT('',(-11.78828528979,-10.5336354331,
    -24.64911502218));
#2741 = CARTESIAN_POINT('',(-12.16057338498,-10.53363544628,
    -30.23108640344));
#2742 = CARTESIAN_POINT('',(-10.98926053454,-13.90987174459,
    -13.48517225964));
#2743 = CARTESIAN_POINT('',(-11.21955398585,-13.9128703394,
    -19.06714364091));
#2744 = CARTESIAN_POINT('',(-11.44909775204,-13.91560269979,
    -24.64911502218));
#2745 = CARTESIAN_POINT('',(-11.67939120335,-13.9186012946,
    -30.23108640344));
#2746 = CARTESIAN_POINT('',(-10.88515307689,-16.14129280044,
    -13.48517225964));
#2747 = CARTESIAN_POINT('',(-10.83826424994,-16.09336342769,
    -19.06714364091));
#2748 = CARTESIAN_POINT('',(-10.79068765075,-16.04487783497,
    -24.64911502218));
#2749 = CARTESIAN_POINT('',(-10.7437988238,-15.99694846223,
    -30.23108640344));
#2750 = CARTESIAN_POINT('',(-10.8081901001,-17.37480395888,
    -13.48517225964));
#2751 = CARTESIAN_POINT('',(-10.56247672339,-17.27054579746,
    -19.06714364091));
#2752 = CARTESIAN_POINT('',(-10.31590370468,-17.16563206081,
    -24.64911502218));
#2753 = CARTESIAN_POINT('',(-10.07019032796,-17.06137389939,
    -30.23108640344));
#2754 = CARTESIAN_POINT('',(-10.69775812872,-18.15091668112,
    -13.48517225964));
#2755 = CARTESIAN_POINT('',(-10.34439312439,-18.00723430711,
    -19.06714364091));
#2756 = CARTESIAN_POINT('',(-9.991434759883,-17.86383971794,
    -24.64911502218));
#2757 = CARTESIAN_POINT('',(-9.638069755554,-17.72015734393,
    -30.23108640344));
#2758 = CARTESIAN_POINT('',(-9.961322523949,-19.04325804798,
    -13.48517225964));
#2759 = CARTESIAN_POINT('',(-9.632522055538,-18.87516524416,
    -19.06714364091));
#2760 = CARTESIAN_POINT('',(-9.304961467255,-18.70831842695,
    -24.64911502218));
#2761 = CARTESIAN_POINT('',(-8.976160998845,-18.54022562313,
    -30.23108640344));
#2762 = CARTESIAN_POINT('',(-9.067161162906,-19.27121408763,
    -13.48517225964));
#2763 = CARTESIAN_POINT('',(-8.818014392948,-19.2422273789,
    -19.06714364091));
#2764 = CARTESIAN_POINT('',(-8.569529591373,-19.21382009392,
    -24.64911502218));
#2765 = CARTESIAN_POINT('',(-8.320382821414,-19.18483338518,
    -30.23108640344));
#2766 = CARTESIAN_POINT('',(-7.374907648161,-19.40594359537,
    -13.48517225964));
#2767 = CARTESIAN_POINT('',(-7.260757156442,-19.72753597226,
    -19.06714364091));
#2768 = CARTESIAN_POINT('',(-7.146617519998,-20.04895522211,
    -24.64911502218));
#2769 = CARTESIAN_POINT('',(-7.03246702828,-20.370547599,-30.23108640344
    ));
#2770 = CARTESIAN_POINT('',(-4.452027425953,-19.58575816146,
    -13.48517225964));
#2771 = CARTESIAN_POINT('',(-4.455898880328,-20.38165929946,
    -19.06714364091));
#2772 = CARTESIAN_POINT('',(-4.45976511288,-21.17766478177,
    -24.64911502218));
#2773 = CARTESIAN_POINT('',(-4.463636567255,-21.97356591977,
    -30.23108640344));
#2774 = CARTESIAN_POINT('',(-4.999237165983E-05,-19.68062326594,
    -13.48517225964));
#2775 = CARTESIAN_POINT('',(-1.974535223292E-05,-20.72525873863,
    -19.06714364091));
#2776 = CARTESIAN_POINT('',(-1.76494741261E-05,-21.76994799868,
    -24.64911502218));
#2777 = CARTESIAN_POINT('',(1.259754530081E-05,-22.81458347137,
    -30.23108640344));
#2778 = CARTESIAN_POINT('',(4.452345282852,-19.58616506075,
    -13.48517225964));
#2779 = CARTESIAN_POINT('',(4.456119712657,-20.38192504819,
    -19.06714364091));
#2780 = CARTESIAN_POINT('',(4.460059721618,-21.17752349505,
    -24.64911502218));
#2781 = CARTESIAN_POINT('',(4.463834151423,-21.97328348248,
    -30.23108640344));
#2782 = CARTESIAN_POINT('',(7.37470374465,-19.40648814354,
    -13.48517225964));
#2783 = CARTESIAN_POINT('',(7.260720801373,-19.72851673998,
    -19.06714364091));
#2784 = CARTESIAN_POINT('',(7.14644640159,-20.04849204766,
    -24.64911502218));
#2785 = CARTESIAN_POINT('',(7.032463458312,-20.3705206441,
    -30.23108640344));
#2786 = CARTESIAN_POINT('',(9.322645341957,-19.25437352746,
    -13.48517225964));
#2787 = CARTESIAN_POINT('',(9.05282601458,-19.17192667781,
    -19.06714364091));
#2788 = CARTESIAN_POINT('',(8.783477936766,-19.08951953105,
    -24.64911502218));
#2789 = CARTESIAN_POINT('',(8.513658609391,-19.0070726814,
    -30.23108640344));
#2790 = CARTESIAN_POINT('',(10.328903317719,-18.78090526359,
    -13.48517225964));
#2791 = CARTESIAN_POINT('',(9.965395124704,-18.60174747463,
    -19.06714364091));
#2792 = CARTESIAN_POINT('',(9.60325254586,-18.42414049623,
    -24.64911502218));
#2793 = CARTESIAN_POINT('',(9.239744352842,-18.24498270727,
    -30.23108640344));
#2794 = CARTESIAN_POINT('',(10.786366754382,-17.76064968801,
    -13.48517225964));
#2795 = CARTESIAN_POINT('',(10.477243260021,-17.63830872286,
    -19.06714364091));
#2796 = CARTESIAN_POINT('',(10.168725302313,-17.51660469352,
    -24.64911502218));
#2797 = CARTESIAN_POINT('',(9.859601807952,-17.39426372837,
    -30.23108640344));
#2798 = CARTESIAN_POINT('',(10.952323570262,-15.03491778432,
    -13.48517225964));
#2799 = CARTESIAN_POINT('',(11.086009056128,-15.03849861831,
    -19.06714364091));
#2800 = CARTESIAN_POINT('',(11.215342876691,-15.04138333193,
    -24.64911502218));
#2801 = CARTESIAN_POINT('',(11.349028362557,-15.04496416591,
    -30.23108640344));
#2802 = CARTESIAN_POINT('',(11.025807509979,-12.7842762036,
    -13.48517225964));
#2803 = CARTESIAN_POINT('',(11.350896585313,-12.78606661145,
    -19.06714364091));
#2804 = CARTESIAN_POINT('',(11.676000269724,-12.78750895905,
    -24.64911502218));
#2805 = CARTESIAN_POINT('',(12.001089345067,-12.7892993669,
    -30.23108640344));
#2806 = CARTESIAN_POINT('',(11.025807430307,-10.53363462549,
    -13.48517225964));
#2807 = CARTESIAN_POINT('',(11.350896505577,-10.53363461398,
    -19.06714364091));
#2808 = CARTESIAN_POINT('',(11.676000189937,-10.53363460247,
    -24.64911502218));
#2809 = CARTESIAN_POINT('',(12.001089265217,-10.53363459096,
    -30.23108640344));
#2810 = ADVANCED_FACE('',(#2811),#2907,.T.);
#2811 = FACE_BOUND('',#2812,.T.);
#2812 = EDGE_LOOP('',(#2813,#2814,#2815,#2816,#2817,#2818,#2819,#2828,
    #2836,#2845,#2853,#2884,#2893,#2899,#2900,#2906));
#2813 = ORIENTED_EDGE('',*,*,#866,.F.);
#2814 = ORIENTED_EDGE('',*,*,#898,.T.);
#2815 = ORIENTED_EDGE('',*,*,#920,.T.);
#2816 = ORIENTED_EDGE('',*,*,#962,.F.);
#2817 = ORIENTED_EDGE('',*,*,#973,.T.);
#2818 = ORIENTED_EDGE('',*,*,#981,.T.);
#2819 = ORIENTED_EDGE('',*,*,#2820,.T.);
#2820 = EDGE_CURVE('',#885,#2821,#2823,.T.);
#2821 = VERTEX_POINT('',#2822);
#2822 = CARTESIAN_POINT('',(-11.24999948064,-13.78773331261,
    -9.843667640203));
#2823 = ELLIPSE('',#2824,6.283944941449,4.940819446345);
#2824 = AXIS2_PLACEMENT_3D('',#2825,#2826,#2827);
#2825 = CARTESIAN_POINT('',(-11.24999948064,-11.13659458446,
    -5.674355916975));
#2826 = DIRECTION('',(-1.,0.,-0.));
#2827 = DIRECTION('',(0.,0.843850228663,-0.536578784136));
#2828 = ORIENTED_EDGE('',*,*,#2829,.T.);
#2829 = EDGE_CURVE('',#2821,#2830,#2832,.T.);
#2830 = VERTEX_POINT('',#2831);
#2831 = CARTESIAN_POINT('',(-11.24999948064,-15.37068722078,
    -8.837115281613));
#2832 = LINE('',#2833,#2834);
#2833 = CARTESIAN_POINT('',(-11.24999948064,-16.82024390035,
    -7.915386172912));
#2834 = VECTOR('',#2835,1.);
#2835 = DIRECTION('',(0.,-0.843850241632,0.53657876374));
#2836 = ORIENTED_EDGE('',*,*,#2837,.F.);
#2837 = EDGE_CURVE('',#2838,#2830,#2840,.T.);
#2838 = VERTEX_POINT('',#2839);
#2839 = CARTESIAN_POINT('',(-11.24999948064,-16.21290914605,
    -8.266301834252));
#2840 = CIRCLE('',#2841,17.390340002837);
#2841 = AXIS2_PLACEMENT_3D('',#2842,#2843,#2844);
#2842 = CARTESIAN_POINT('',(-11.24999948064,-6.039400081041,
    5.837727331853));
#2843 = DIRECTION('',(1.,3.539992664E-08,-1.074999999929E-14));
#2844 = DIRECTION('',(2.65851292388E-08,-0.750994108193,-0.660308904573)
  );
#2845 = ORIENTED_EDGE('',*,*,#2846,.T.);
#2846 = EDGE_CURVE('',#2838,#2847,#2849,.T.);
#2847 = VERTEX_POINT('',#2848);
#2848 = CARTESIAN_POINT('',(-11.24999948064,-22.33349095054,
    -12.86187053769));
#2849 = LINE('',#2850,#2851);
#2850 = CARTESIAN_POINT('',(-11.24999948064,-17.72539188727,
    -9.401932166788));
#2851 = VECTOR('',#2852,1.);
#2852 = DIRECTION('',(0.,-0.799678015288,-0.600429073135));
#2853 = ORIENTED_EDGE('',*,*,#2854,.T.);
#2854 = EDGE_CURVE('',#2847,#2855,#2857,.T.);
#2855 = VERTEX_POINT('',#2856);
#2856 = CARTESIAN_POINT('',(-11.24999948064,-24.07116963872,
    -13.92255769618));
#2857 = B_SPLINE_CURVE_WITH_KNOTS('',7,(#2858,#2859,#2860,#2861,#2862,
    #2863,#2864,#2865,#2866,#2867,#2868,#2869,#2870,#2871,#2872,#2873,
    #2874,#2875,#2876,#2877,#2878,#2879,#2880,#2881,#2882,#2883),
  .UNSPECIFIED.,.F.,.F.,(8,6,6,6,8),(0.,0.32364430561,0.57105898734,
    0.962194219305,1.),.UNSPECIFIED.);
#2858 = CARTESIAN_POINT('',(-11.24999948064,-22.33349095054,
    -12.86187053769));
#2859 = CARTESIAN_POINT('',(-11.24999948064,-22.41245829158,
    -12.9211583659));
#2860 = CARTESIAN_POINT('',(-11.24999948064,-22.49269030834,
    -12.97903329674));
#2861 = CARTESIAN_POINT('',(-11.24999948064,-22.57406902087,
    -13.03559279821));
#2862 = CARTESIAN_POINT('',(-11.24999948064,-22.6564756723,
    -13.0909449284));
#2863 = CARTESIAN_POINT('',(-11.24999948064,-22.73979467051,
    -13.14521649501));
#2864 = CARTESIAN_POINT('',(-11.24999948064,-22.82390901218,
    -13.19852718128));
#2865 = CARTESIAN_POINT('',(-11.24999948064,-22.97353525725,
    -13.29113492893));
#2866 = CARTESIAN_POINT('',(-11.24999948064,-23.03876200621,
    -13.33077488612));
#2867 = CARTESIAN_POINT('',(-11.24999948064,-23.10433978018,
    -13.36999137803));
#2868 = CARTESIAN_POINT('',(-11.24999948064,-23.1702202579,
    -13.40884496866));
#2869 = CARTESIAN_POINT('',(-11.24999948064,-23.23635662101,
    -13.44739635696));
#2870 = CARTESIAN_POINT('',(-11.24999948064,-23.30270410938,
    -13.48570537928));
#2871 = CARTESIAN_POINT('',(-11.24999948064,-23.47437574986,
    -13.58410083716));
#2872 = CARTESIAN_POINT('',(-11.24999948064,-23.57995044696,
    -13.64390927708));
#2873 = CARTESIAN_POINT('',(-11.24999948064,-23.68578091803,
    -13.70348630224));
#2874 = CARTESIAN_POINT('',(-11.24999948064,-23.79171378662,
    -13.7630488816));
#2875 = CARTESIAN_POINT('',(-11.24999948064,-23.89761032295,
    -13.82279267493));
#2876 = CARTESIAN_POINT('',(-11.24999948064,-24.00334692694,
    -13.88289210572));
#2877 = CARTESIAN_POINT('',(-11.24999948064,-24.11900569342,
    -13.94936671979));
#2878 = CARTESIAN_POINT('',(-11.24999948064,-24.12919701479,
    -13.95523044089));
#2879 = CARTESIAN_POINT('',(-11.24999948064,-24.1393856817,
    -13.96109912148));
#2880 = CARTESIAN_POINT('',(-11.24999948064,-24.1495715914,
    -13.96697290369));
#2881 = CARTESIAN_POINT('',(-11.24999948064,-24.15975464179,
    -13.97285192827));
#2882 = CARTESIAN_POINT('',(-11.24999948064,-24.1699347314,
    -13.97873633464));
#2883 = CARTESIAN_POINT('',(-11.24999948064,-24.1801117594,
    -13.98462626087));
#2884 = ORIENTED_EDGE('',*,*,#2885,.T.);
#2885 = EDGE_CURVE('',#2855,#2886,#2888,.T.);
#2886 = VERTEX_POINT('',#2887);
#2887 = CARTESIAN_POINT('',(-11.24999948064,-23.5018631823,
    -19.68582979489));
#2888 = ELLIPSE('',#2889,40.734627682419,35.231448316271);
#2889 = AXIS2_PLACEMENT_3D('',#2890,#2891,#2892);
#2890 = CARTESIAN_POINT('',(-11.24999948064,-58.7015615303,
    -21.41479981725));
#2891 = DIRECTION('',(-1.,-0.,0.));
#2892 = DIRECTION('',(0.,-6.099801936E-08,-1.));
#2893 = ORIENTED_EDGE('',*,*,#2894,.F.);
#2894 = EDGE_CURVE('',#2356,#2886,#2895,.T.);
#2895 = LINE('',#2896,#2897);
#2896 = CARTESIAN_POINT('',(-11.24999948064,-8.486147334415,
    -19.68582979489));
#2897 = VECTOR('',#2898,1.);
#2898 = DIRECTION('',(0.,-1.,0.));
#2899 = ORIENTED_EDGE('',*,*,#2355,.T.);
#2900 = ORIENTED_EDGE('',*,*,#2901,.F.);
#2901 = EDGE_CURVE('',#843,#2321,#2902,.T.);
#2902 = LINE('',#2903,#2904);
#2903 = CARTESIAN_POINT('',(-11.24999948064,-8.486147334415,
    -19.68582979489));
#2904 = VECTOR('',#2905,1.);
#2905 = DIRECTION('',(0.,-1.,0.));
#2906 = ORIENTED_EDGE('',*,*,#842,.F.);
#2907 = PLANE('',#2908);
#2908 = AXIS2_PLACEMENT_3D('',#2909,#2910,#2911);
#2909 = CARTESIAN_POINT('',(-11.24999947476,-13.4082318438,
    -15.18684001306));
#2910 = DIRECTION('',(1.,3.285603200288E-10,-2.471736581961E-09));
#2911 = DIRECTION('',(2.471736581961E-09,0.,1.));
#2912 = ADVANCED_FACE('',(#2913),#2918,.F.);
#2913 = FACE_BOUND('',#2914,.F.);
#2914 = EDGE_LOOP('',(#2915,#2916,#2917));
#2915 = ORIENTED_EDGE('',*,*,#2901,.F.);
#2916 = ORIENTED_EDGE('',*,*,#852,.F.);
#2917 = ORIENTED_EDGE('',*,*,#2320,.F.);
#2918 = PLANE('',#2919);
#2919 = AXIS2_PLACEMENT_3D('',#2920,#2921,#2922);
#2920 = CARTESIAN_POINT('',(1.750000846803,-19.03363495385,
    -19.68582979489));
#2921 = DIRECTION('',(-0.,-0.,-1.));
#2922 = DIRECTION('',(-1.,0.,0.));
#2923 = ADVANCED_FACE('',(#2924),#3000,.F.);
#2924 = FACE_BOUND('',#2925,.F.);
#2925 = EDGE_LOOP('',(#2926,#2927,#2928,#2983));
#2926 = ORIENTED_EDGE('',*,*,#1036,.F.);
#2927 = ORIENTED_EDGE('',*,*,#882,.T.);
#2928 = ORIENTED_EDGE('',*,*,#2929,.T.);
#2929 = EDGE_CURVE('',#885,#2930,#2932,.T.);
#2930 = VERTEX_POINT('',#2931);
#2931 = CARTESIAN_POINT('',(-17.48400089199,-9.498890707944,
    -12.56835460448));
#2932 = B_SPLINE_CURVE_WITH_KNOTS('',7,(#2933,#2934,#2935,#2936,#2937,
    #2938,#2939,#2940,#2941,#2942,#2943,#2944,#2945,#2946,#2947,#2948,
    #2949,#2950,#2951,#2952,#2953,#2954,#2955,#2956,#2957,#2958,#2959,
    #2960,#2961,#2962,#2963,#2964,#2965,#2966,#2967,#2968,#2969,#2970,
    #2971,#2972,#2973,#2974,#2975,#2976,#2977,#2978,#2979,#2980,#2981,
    #2982),.UNSPECIFIED.,.F.,.F.,(8,6,6,6,6,6,6,6,8),(0.,0.24419350821,
    0.491016820649,0.742187921385,0.869686188845,0.934534959656,
    0.967105203575,0.982864669622,1.),.UNSPECIFIED.);
#2933 = CARTESIAN_POINT('',(-11.24999948064,-12.55566512908,
    -10.48353576292));
#2934 = CARTESIAN_POINT('',(-11.55659100624,-12.42846495363,
    -10.58145876544));
#2935 = CARTESIAN_POINT('',(-11.86249592489,-12.29882027995,
    -10.67918666443));
#2936 = CARTESIAN_POINT('',(-12.1677039409,-12.16680010058,
    -10.77682510317));
#2937 = CARTESIAN_POINT('',(-12.47220336029,-12.0324632355,
    -10.87447358449));
#2938 = CARTESIAN_POINT('',(-12.77598118649,-11.89585946494,
    -10.97222665786));
#2939 = CARTESIAN_POINT('',(-13.07902321597,-11.7570306622,
    -11.07017510658));
#2940 = CARTESIAN_POINT('',(-13.68686052711,-11.4734745112,
    -11.26769705795));
#2941 = CARTESIAN_POINT('',(-13.99163924475,-11.32869985707,
    -11.36727659414));
#2942 = CARTESIAN_POINT('',(-14.29563439198,-11.1817240489,
    -11.4672364961));
#2943 = CARTESIAN_POINT('',(-14.59882830874,-11.03257621955,
    -11.56766455106));
#2944 = CARTESIAN_POINT('',(-14.90120169469,-10.88127908368,
    -11.66864580165));
#2945 = CARTESIAN_POINT('',(-15.20273373411,-10.7278494714,
    -11.77026276672));
#2946 = CARTESIAN_POINT('',(-15.8093669777,-10.41400823154,
    -11.97673114972));
#2947 = CARTESIAN_POINT('',(-16.11443727716,-10.25352131739,
    -12.08160794207));
#2948 = CARTESIAN_POINT('',(-16.4185897084,-10.09085018871,
    -12.18731027741));
#2949 = CARTESIAN_POINT('',(-16.72179890194,-9.926001301618,
    -12.29391977912));
#2950 = CARTESIAN_POINT('',(-17.02403782564,-9.758975898832,
    -12.40151474028));
#2951 = CARTESIAN_POINT('',(-17.32527808076,-9.589770409199,
    -12.51016940806));
#2952 = CARTESIAN_POINT('',(-17.77788243045,-9.331374870718,
    -12.67568122386));
#2953 = CARTESIAN_POINT('',(-17.93000972514,-9.243809109542,
    -12.73170010111));
#2954 = CARTESIAN_POINT('',(-18.08186819492,-9.155678509835,
    -12.78801901844));
#2955 = CARTESIAN_POINT('',(-18.23345389719,-9.066981758565,
    -12.84464668759));
#2956 = CARTESIAN_POINT('',(-18.3847628337,-8.977717283536,
    -12.90159141359));
#2957 = CARTESIAN_POINT('',(-18.53579095056,-8.887883253384,
    -12.95886109471));
#2958 = CARTESIAN_POINT('',(-18.7632058502,-8.751495015873,
    -13.04576108875));
#2959 = CARTESIAN_POINT('',(-18.83980385331,-8.705364572908,
    -13.07514495135));
#2960 = CARTESIAN_POINT('',(-18.91632760847,-8.659085975791,
    -13.10461579055));
#2961 = CARTESIAN_POINT('',(-18.99277657548,-8.612658937338,
    -13.13417455156));
#2962 = CARTESIAN_POINT('',(-19.06915021309,-8.566083156076,
    -13.16382214456));
#2963 = CARTESIAN_POINT('',(-19.14544797895,-8.51935831624,
    -13.19355944471));
#2964 = CARTESIAN_POINT('',(-19.25995144292,-8.448941543547,
    -13.23836830496));
#2965 = CARTESIAN_POINT('',(-19.29821428019,-8.425361315512,
    -13.25337215845));
#2966 = CARTESIAN_POINT('',(-19.33645777275,-8.401743361938,
    -13.26839895882));
#2967 = CARTESIAN_POINT('',(-19.37468185188,-8.378087640295,
    -13.28344880981));
#2968 = CARTESIAN_POINT('',(-19.41288644889,-8.354394107259,
    -13.29852181263));
#2969 = CARTESIAN_POINT('',(-19.45107149512,-8.330662718709,
    -13.31361806599));
#2970 = CARTESIAN_POINT('',(-19.50770367801,-8.295392401253,
    -13.33605344871));
#2971 = CARTESIAN_POINT('',(-19.52616584073,-8.283882499484,
    -13.34337469729));
#2972 = CARTESIAN_POINT('',(-19.54462340238,-8.272363719333,
    -13.35070142272));
#2973 = CARTESIAN_POINT('',(-19.56307635518,-8.260836055673,
    -13.35803363576));
#2974 = CARTESIAN_POINT('',(-19.58152469137,-8.249299503339,
    -13.36537134699));
#2975 = CARTESIAN_POINT('',(-19.5999684032,-8.237754057124,
    -13.37271456688));
#2976 = CARTESIAN_POINT('',(-19.63845636796,-8.213636625936,
    -13.38805361886));
#2977 = CARTESIAN_POINT('',(-19.65849984022,-8.201062979281,
    -13.39605048209));
#2978 = CARTESIAN_POINT('',(-19.67853749199,-8.188479015798,
    -13.40405374927));
#2979 = CARTESIAN_POINT('',(-19.69857041793,-8.175884032429,
    -13.41206387617));
#2980 = CARTESIAN_POINT('',(-19.71859684563,-8.163279133199,
    -13.42008016924));
#2981 = CARTESIAN_POINT('',(-19.73861848762,-8.150663225615,
    -13.42810333141));
#2982 = CARTESIAN_POINT('',(-19.75863436632,-8.138036912484,
    -13.43613298736));
#2983 = ORIENTED_EDGE('',*,*,#2984,.T.);
#2984 = EDGE_CURVE('',#2930,#1029,#2985,.T.);
#2985 = B_SPLINE_CURVE_WITH_KNOTS('',4,(#2986,#2987,#2988,#2989,#2990,
    #2991,#2992,#2993,#2994,#2995,#2996,#2997,#2998,#2999),
  .UNSPECIFIED.,.F.,.F.,(5,3,3,3,5),(0.,0.254700807065,0.505529634576,
    0.753384558293,1.),.UNSPECIFIED.);
#2986 = CARTESIAN_POINT('',(-17.24333792358,-9.779661765076,
    -13.33900879669));
#2987 = CARTESIAN_POINT('',(-17.4436823156,-9.539891521504,
    -12.6974632924));
#2988 = CARTESIAN_POINT('',(-17.64515479212,-9.312172793465,
    -12.05230541921));
#2989 = CARTESIAN_POINT('',(-17.8476988869,-9.096914608491,
    -11.4037159941));
#2990 = CARTESIAN_POINT('',(-18.2516901693,-8.695156171657,
    -10.11004967157));
#2991 = CARTESIAN_POINT('',(-18.45310725986,-8.508267856586,
    -9.465069151433));
#2992 = CARTESIAN_POINT('',(-18.65542311757,-8.334194754462,
    -8.8172105855));
#2993 = CARTESIAN_POINT('',(-19.05927395411,-8.014222081915,
    -7.523993991358));
#2994 = CARTESIAN_POINT('',(-19.26078984063,-7.868012341306,
    -6.878697100832));
#2995 = CARTESIAN_POINT('',(-19.46301818572,-7.734931405459,
    -6.231118764346));
#2996 = CARTESIAN_POINT('',(-19.86769495482,-7.496117416021,
    -4.935257348544));
#2997 = CARTESIAN_POINT('',(-20.0701373628,-7.390250399381,
    -4.286993533874));
#2998 = CARTESIAN_POINT('',(-20.27309704794,-7.297866026816,
    -3.637073285714));
#2999 = CARTESIAN_POINT('',(-20.47646996009,-7.219132026038,
    -2.985829794897));
#3000 = B_SPLINE_SURFACE_WITH_KNOTS('',1,1,(
    (#3001,#3002)
    ,(#3003,#3004
    )),.UNSPECIFIED.,.F.,.F.,.F.,(2,2),(2,2),(0.,11.070884372586),(0.,1.
    ),.PIECEWISE_BEZIER_KNOTS.);
#3001 = CARTESIAN_POINT('',(-20.476470064,-7.219132,-2.985829794897));
#3002 = CARTESIAN_POINT('',(-20.476470064,-7.669177815964,
    -13.53759444015));
#3003 = CARTESIAN_POINT('',(-11.24999948064,-9.530941,-2.985829794897));
#3004 = CARTESIAN_POINT('',(-11.24999948064,-13.78773331261,
    -13.53759444015));
#3005 = ADVANCED_FACE('',(#3006),#3034,.T.);
#3006 = FACE_BOUND('',#3007,.T.);
#3007 = EDGE_LOOP('',(#3008,#3009,#3010,#3011,#3012,#3020,#3028));
#3008 = ORIENTED_EDGE('',*,*,#1004,.F.);
#3009 = ORIENTED_EDGE('',*,*,#1071,.F.);
#3010 = ORIENTED_EDGE('',*,*,#1052,.T.);
#3011 = ORIENTED_EDGE('',*,*,#1104,.F.);
#3012 = ORIENTED_EDGE('',*,*,#3013,.F.);
#3013 = EDGE_CURVE('',#3014,#1097,#3016,.T.);
#3014 = VERTEX_POINT('',#3015);
#3015 = CARTESIAN_POINT('',(21.102269030739,1.596295735765,
    4.113499294816));
#3016 = LINE('',#3017,#3018);
#3017 = CARTESIAN_POINT('',(-29.50424431492,-33.98609429635,
    -87.57890716335));
#3018 = VECTOR('',#3019,1.);
#3019 = DIRECTION('',(-0.457521091399,-0.321691672589,-0.828968587289));
#3020 = ORIENTED_EDGE('',*,*,#3021,.F.);
#3021 = EDGE_CURVE('',#3022,#3014,#3024,.T.);
#3022 = VERTEX_POINT('',#3023);
#3023 = CARTESIAN_POINT('',(-21.10226914376,1.59629424173,4.113499294815
    ));
#3024 = LINE('',#3025,#3026);
#3025 = CARTESIAN_POINT('',(86.662427205789,1.596298056587,
    4.113499294819));
#3026 = VECTOR('',#3027,1.);
#3027 = DIRECTION('',(1.,3.539990621E-08,4.868E-14));
#3028 = ORIENTED_EDGE('',*,*,#3029,.T.);
#3029 = EDGE_CURVE('',#3022,#1005,#3030,.T.);
#3030 = LINE('',#3031,#3032);
#3031 = CARTESIAN_POINT('',(29.504246721131,-33.98609220745,
    -87.57890716335));
#3032 = VECTOR('',#3033,1.);
#3033 = DIRECTION('',(0.457521114175,-0.321691640197,-0.828968587289));
#3034 = PLANE('',#3035);
#3035 = AXIS2_PLACEMENT_3D('',#3036,#3037,#3038);
#3036 = CARTESIAN_POINT('',(-2.76661001E-08,0.781493812648,
    2.013834704664));
#3037 = DIRECTION('',(3.300206403E-08,-0.932264665204,0.361776994864));
#3038 = DIRECTION('',(1.,3.539989090788E-08,9.44082390567E-15));
#3039 = ADVANCED_FACE('',(#3040),#3090,.F.);
#3040 = FACE_BOUND('',#3041,.F.);
#3041 = EDGE_LOOP('',(#3042,#3050,#3051,#3052,#3060,#3068,#3076,#3084));
#3042 = ORIENTED_EDGE('',*,*,#3043,.F.);
#3043 = EDGE_CURVE('',#3022,#3044,#3046,.T.);
#3044 = VERTEX_POINT('',#3045);
#3045 = CARTESIAN_POINT('',(-22.05280170337,2.240461851151,4.48500550281
    ));
#3046 = LINE('',#3047,#3048);
#3047 = CARTESIAN_POINT('',(70.432828055893,-60.43624088576,
    -31.6620636694));
#3048 = VECTOR('',#3049,1.);
#3049 = DIRECTION('',(-0.787616167568,0.533760591034,0.307831778809));
#3050 = ORIENTED_EDGE('',*,*,#3029,.T.);
#3051 = ORIENTED_EDGE('',*,*,#1012,.F.);
#3052 = ORIENTED_EDGE('',*,*,#3053,.F.);
#3053 = EDGE_CURVE('',#3054,#1013,#3056,.T.);
#3054 = VERTEX_POINT('',#3055);
#3055 = CARTESIAN_POINT('',(-20.52636721051,1.085864238397,
    -2.826049083759));
#3056 = LINE('',#3057,#3058);
#3057 = CARTESIAN_POINT('',(-1.918244919257,-12.46079321917,
    -62.41322932568));
#3058 = VECTOR('',#3059,1.);
#3059 = DIRECTION('',(0.29130695429,-0.212070592778,-0.932827059031));
#3060 = ORIENTED_EDGE('',*,*,#3061,.T.);
#3061 = EDGE_CURVE('',#3054,#3062,#3064,.T.);
#3062 = VERTEX_POINT('',#3063);
#3063 = CARTESIAN_POINT('',(-23.57625331834,3.162923937781,
    -1.065196560856));
#3064 = LINE('',#3065,#3066);
#3065 = CARTESIAN_POINT('',(109.11713419047,-87.2050694315,
    -77.67575771182));
#3066 = VECTOR('',#3067,1.);
#3067 = DIRECTION('',(-0.745950236391,0.508013453282,0.430674559399));
#3068 = ORIENTED_EDGE('',*,*,#3069,.F.);
#3069 = EDGE_CURVE('',#3070,#3062,#3072,.T.);
#3070 = VERTEX_POINT('',#3071);
#3071 = CARTESIAN_POINT('',(-24.41523113145,3.773697280241,1.62138951088
    ));
#3072 = LINE('',#3073,#3074);
#3073 = CARTESIAN_POINT('',(-5.110921400807,-10.27978255414,
    -60.19513154168));
#3074 = VECTOR('',#3075,1.);
#3075 = DIRECTION('',(0.29130695429,-0.212070592778,-0.932827059031));
#3076 = ORIENTED_EDGE('',*,*,#3077,.F.);
#3077 = EDGE_CURVE('',#3078,#3070,#3080,.T.);
#3078 = VERTEX_POINT('',#3079);
#3079 = CARTESIAN_POINT('',(-22.30949248284,2.412623767424,
    4.485005502809));
#3080 = LINE('',#3081,#3082);
#3081 = CARTESIAN_POINT('',(45.734225469623,-41.56838132066,
    97.018368561789));
#3082 = VECTOR('',#3083,1.);
#3083 = DIRECTION('',(-0.553243020775,0.357596334295,-0.752360965004));
#3084 = ORIENTED_EDGE('',*,*,#3085,.F.);
#3085 = EDGE_CURVE('',#3044,#3078,#3086,.T.);
#3086 = LINE('',#3087,#3088);
#3087 = CARTESIAN_POINT('',(139.52020459918,-106.1261824035,
    4.485005502808));
#3088 = VECTOR('',#3089,1.);
#3089 = DIRECTION('',(-0.830501935352,0.55701574069,1.016E-14));
#3090 = PLANE('',#3091);
#3091 = AXIS2_PLACEMENT_3D('',#3092,#3093,#3094);
#3092 = CARTESIAN_POINT('',(285.60676371441,-204.1783953793,
    0.444842973204));
#3093 = DIRECTION('',(0.556954244945,0.830410246138,-1.485907622297E-02)
  );
#3094 = DIRECTION('',(-0.830541444514,0.556900484662,-7.922065958471E-03
    ));
#3095 = ADVANCED_FACE('',(#3096),#3133,.F.);
#3096 = FACE_BOUND('',#3097,.F.);
#3097 = EDGE_LOOP('',(#3098,#3106,#3107,#3108,#3127));
#3098 = ORIENTED_EDGE('',*,*,#3099,.F.);
#3099 = EDGE_CURVE('',#1021,#3100,#3102,.T.);
#3100 = VERTEX_POINT('',#3101);
#3101 = CARTESIAN_POINT('',(-17.24333811814,-4.283635626215,
    -13.33900879669));
#3102 = LINE('',#3103,#3104);
#3103 = CARTESIAN_POINT('',(-20.476470064,-4.283635740667,
    -2.985829794897));
#3104 = VECTOR('',#3105,1.);
#3105 = DIRECTION('',(0.298087133191,1.055223472846E-08,-0.954538663976)
  );
#3106 = ORIENTED_EDGE('',*,*,#1028,.T.);
#3107 = ORIENTED_EDGE('',*,*,#2984,.F.);
#3108 = ORIENTED_EDGE('',*,*,#3109,.T.);
#3109 = EDGE_CURVE('',#2930,#3110,#3112,.T.);
#3110 = VERTEX_POINT('',#3111);
#3111 = CARTESIAN_POINT('',(-17.24333795305,-9.779661721054,
    -13.33900880589));
#3112 = B_SPLINE_CURVE_WITH_KNOTS('',4,(#3113,#3114,#3115,#3116,#3117,
    #3118,#3119,#3120,#3121,#3122,#3123,#3124,#3125,#3126),
  .UNSPECIFIED.,.F.,.F.,(5,3,3,3,5),(0.,0.246781490107,0.494884482994,
    0.746054148036,1.),.UNSPECIFIED.);
#3113 = CARTESIAN_POINT('',(-20.47646975913,-7.219132076389,
    -2.985829794897));
#3114 = CARTESIAN_POINT('',(-20.26894608282,-7.299473015893,
    -3.650364973903));
#3115 = CARTESIAN_POINT('',(-20.06185266871,-7.394027227422,
    -4.313522359657));
#3116 = CARTESIAN_POINT('',(-19.85530008238,-7.502616443439,
    -4.97494789753));
#3117 = CARTESIAN_POINT('',(-19.44237306959,-7.748002900989,
    -6.297228463961));
#3118 = CARTESIAN_POINT('',(-19.23600536274,-7.884948674625,
    -6.958061974857));
#3119 = CARTESIAN_POINT('',(-19.03038579743,-8.035556371709,
    -7.616499774962));
#3120 = CARTESIAN_POINT('',(-18.61828533245,-8.365465841533,
    -8.936133548554));
#3121 = CARTESIAN_POINT('',(-18.41182510239,-8.545099965649,
    -9.597263333494));
#3122 = CARTESIAN_POINT('',(-18.20631037514,-8.738059857341,
    -10.25536541467));
#3123 = CARTESIAN_POINT('',(-17.79505824244,-9.152129380319,
    -11.57228263694));
#3124 = CARTESIAN_POINT('',(-17.58934344575,-9.373527284523,
    -12.23102537989));
#3125 = CARTESIAN_POINT('',(-17.38474565234,-9.607748777635,
    -12.88619123797));
#3126 = CARTESIAN_POINT('',(-17.18132287553,-9.854362362982,
    -13.53759444015));
#3127 = ORIENTED_EDGE('',*,*,#3128,.F.);
#3128 = EDGE_CURVE('',#3100,#3110,#3129,.T.);
#3129 = LINE('',#3130,#3131);
#3130 = CARTESIAN_POINT('',(-17.24333811814,-4.283635626215,
    -13.33900879669));
#3131 = VECTOR('',#3132,1.);
#3132 = DIRECTION('',(3.539988910398E-08,-1.,5.485498373955E-17));
#3133 = PLANE('',#3134);
#3134 = AXIS2_PLACEMENT_3D('',#3135,#3136,#3137);
#3135 = CARTESIAN_POINT('',(-20.476470064,-4.283635740667,
    -2.985829794897));
#3136 = DIRECTION('',(0.954538663976,3.379056286657E-08,0.298087133191)
  );
#3137 = DIRECTION('',(0.298087133191,1.055223472846E-08,-0.954538663976)
  );
#3138 = ADVANCED_FACE('',(#3139),#3184,.T.);
#3139 = FACE_BOUND('',#3140,.T.);
#3140 = EDGE_LOOP('',(#3141,#3142,#3143,#3144,#3145,#3153,#3161,#3169,
    #3177,#3183));
#3141 = ORIENTED_EDGE('',*,*,#1096,.F.);
#3142 = ORIENTED_EDGE('',*,*,#1307,.T.);
#3143 = ORIENTED_EDGE('',*,*,#1497,.F.);
#3144 = ORIENTED_EDGE('',*,*,#1489,.F.);
#3145 = ORIENTED_EDGE('',*,*,#3146,.T.);
#3146 = EDGE_CURVE('',#1482,#3147,#3149,.T.);
#3147 = VERTEX_POINT('',#3148);
#3148 = CARTESIAN_POINT('',(23.5762530944,3.162925606974,-1.065196560856
    ));
#3149 = LINE('',#3150,#3151);
#3150 = CARTESIAN_POINT('',(-109.1171280164,-87.20507715697,
    -77.67575771182));
#3151 = VECTOR('',#3152,1.);
#3152 = DIRECTION('',(0.745950200424,0.508013506095,0.430674559399));
#3153 = ORIENTED_EDGE('',*,*,#3154,.F.);
#3154 = EDGE_CURVE('',#3155,#3147,#3157,.T.);
#3155 = VERTEX_POINT('',#3156);
#3156 = CARTESIAN_POINT('',(24.415230864269,3.773699008834,1.62138951088
    ));
#3157 = LINE('',#3158,#3159);
#3158 = CARTESIAN_POINT('',(5.110922128613,-10.27978219229,
    -60.19513154168));
#3159 = VECTOR('',#3160,1.);
#3160 = DIRECTION('',(-0.291306939276,-0.212070613402,-0.932827059031));
#3161 = ORIENTED_EDGE('',*,*,#3162,.F.);
#3162 = EDGE_CURVE('',#3163,#3155,#3165,.T.);
#3163 = VERTEX_POINT('',#3164);
#3164 = CARTESIAN_POINT('',(22.309492312031,2.412625346931,
    4.485005502809));
#3165 = LINE('',#3166,#3167);
#3166 = CARTESIAN_POINT('',(-45.73422252659,-41.56838455863,
    97.018368561789));
#3167 = VECTOR('',#3168,1.);
#3168 = DIRECTION('',(0.553242995457,0.357596373465,-0.752360965004));
#3169 = ORIENTED_EDGE('',*,*,#3170,.F.);
#3170 = EDGE_CURVE('',#3171,#3163,#3173,.T.);
#3171 = VERTEX_POINT('',#3172);
#3172 = CARTESIAN_POINT('',(22.052801544745,2.240463412484,
    4.485005502811));
#3173 = LINE('',#3174,#3175);
#3174 = CARTESIAN_POINT('',(-139.5201970854,-106.1261922815,
    4.485005502806));
#3175 = VECTOR('',#3176,1.);
#3176 = DIRECTION('',(0.830501895915,0.557015799489,2.568E-14));
#3177 = ORIENTED_EDGE('',*,*,#3178,.F.);
#3178 = EDGE_CURVE('',#3014,#3171,#3179,.T.);
#3179 = LINE('',#3180,#3181);
#3180 = CARTESIAN_POINT('',(-70.43282377702,-60.43624587239,
    -31.66206366941));
#3181 = VECTOR('',#3182,1.);
#3182 = DIRECTION('',(0.787616129778,0.533760646797,0.307831778809));
#3183 = ORIENTED_EDGE('',*,*,#3013,.T.);
#3184 = PLANE('',#3185);
#3185 = AXIS2_PLACEMENT_3D('',#3186,#3187,#3188);
#3186 = CARTESIAN_POINT('',(-285.6067492587,-204.1784156002,
    0.444842973198));
#3187 = DIRECTION('',(0.556954303738,-0.830410206706,1.485907622298E-02)
  );
#3188 = DIRECTION('',(0.830541405085,0.556900543464,-7.922065958456E-03)
  );
#3189 = ADVANCED_FACE('',(#3190,#3201),#3212,.T.);
#3190 = FACE_BOUND('',#3191,.T.);
#3191 = EDGE_LOOP('',(#3192,#3198,#3199,#3200));
#3192 = ORIENTED_EDGE('',*,*,#3193,.T.);
#3193 = EDGE_CURVE('',#1145,#1263,#3194,.T.);
#3194 = LINE('',#3195,#3196);
#3195 = CARTESIAN_POINT('',(-4.25,2.216364858528,-14.29293657608));
#3196 = VECTOR('',#3197,1.);
#3197 = DIRECTION('',(1.,0.,0.));
#3198 = ORIENTED_EDGE('',*,*,#1270,.T.);
#3199 = ORIENTED_EDGE('',*,*,#1197,.F.);
#3200 = ORIENTED_EDGE('',*,*,#1152,.F.);
#3201 = FACE_BOUND('',#3202,.T.);
#3202 = EDGE_LOOP('',(#3203));
#3203 = ORIENTED_EDGE('',*,*,#3204,.T.);
#3204 = EDGE_CURVE('',#3205,#3205,#3207,.T.);
#3205 = VERTEX_POINT('',#3206);
#3206 = CARTESIAN_POINT('',(2.100000271555,2.216364858528,
    -11.33582979489));
#3207 = CIRCLE('',#3208,2.1);
#3208 = AXIS2_PLACEMENT_3D('',#3209,#3210,#3211);
#3209 = CARTESIAN_POINT('',(2.7155522238E-07,2.216364858528,
    -11.33582979489));
#3210 = DIRECTION('',(-3.539988028E-08,1.,-1.752E-14));
#3211 = DIRECTION('',(-1.,-3.539988028E-08,-9.44E-15));
#3212 = PLANE('',#3213);
#3213 = AXIS2_PLACEMENT_3D('',#3214,#3215,#3216);
#3214 = CARTESIAN_POINT('',(-4.25,2.216364858528,-14.29293657608));
#3215 = DIRECTION('',(0.,-1.,0.));
#3216 = DIRECTION('',(0.,0.,1.));
#3217 = ADVANCED_FACE('',(#3218),#3229,.T.);
#3218 = FACE_BOUND('',#3219,.T.);
#3219 = EDGE_LOOP('',(#3220,#3221,#3222,#3228));
#3220 = ORIENTED_EDGE('',*,*,#1230,.T.);
#3221 = ORIENTED_EDGE('',*,*,#1246,.T.);
#3222 = ORIENTED_EDGE('',*,*,#3223,.F.);
#3223 = EDGE_CURVE('',#1129,#1247,#3224,.T.);
#3224 = LINE('',#3225,#3226);
#3225 = CARTESIAN_POINT('',(-4.25,0.716364858528,-15.33582979489));
#3226 = VECTOR('',#3227,1.);
#3227 = DIRECTION('',(1.,0.,0.));
#3228 = ORIENTED_EDGE('',*,*,#1128,.F.);
#3229 = PLANE('',#3230);
#3230 = AXIS2_PLACEMENT_3D('',#3231,#3232,#3233);
#3231 = CARTESIAN_POINT('',(-4.25,0.716364858528,-17.83582979489));
#3232 = DIRECTION('',(0.,-1.,0.));
#3233 = DIRECTION('',(0.,0.,1.));
#3234 = ADVANCED_FACE('',(#3235),#3246,.T.);
#3235 = FACE_BOUND('',#3236,.T.);
#3236 = EDGE_LOOP('',(#3237,#3243,#3244,#3245));
#3237 = ORIENTED_EDGE('',*,*,#3238,.T.);
#3238 = EDGE_CURVE('',#1137,#1255,#3239,.T.);
#3239 = LINE('',#3240,#3241);
#3240 = CARTESIAN_POINT('',(-4.25,1.173471639715,-15.33582979489));
#3241 = VECTOR('',#3242,1.);
#3242 = DIRECTION('',(1.,0.,0.));
#3243 = ORIENTED_EDGE('',*,*,#1262,.T.);
#3244 = ORIENTED_EDGE('',*,*,#3193,.F.);
#3245 = ORIENTED_EDGE('',*,*,#1144,.F.);
#3246 = PLANE('',#3247);
#3247 = AXIS2_PLACEMENT_3D('',#3248,#3249,#3250);
#3248 = CARTESIAN_POINT('',(-4.25,1.173471639715,-15.33582979489));
#3249 = DIRECTION('',(0.,-0.707106781187,0.707106781187));
#3250 = DIRECTION('',(0.,0.707106781187,0.707106781187));
#3251 = ADVANCED_FACE('',(#3252),#3258,.T.);
#3252 = FACE_BOUND('',#3253,.T.);
#3253 = EDGE_LOOP('',(#3254,#3255,#3256,#3257));
#3254 = ORIENTED_EDGE('',*,*,#3223,.T.);
#3255 = ORIENTED_EDGE('',*,*,#1254,.T.);
#3256 = ORIENTED_EDGE('',*,*,#3238,.F.);
#3257 = ORIENTED_EDGE('',*,*,#1136,.F.);
#3258 = PLANE('',#3259);
#3259 = AXIS2_PLACEMENT_3D('',#3260,#3261,#3262);
#3260 = CARTESIAN_POINT('',(-4.25,0.716364858528,-15.33582979489));
#3261 = DIRECTION('',(0.,0.,1.));
#3262 = DIRECTION('',(0.,1.,0.));
#3263 = ADVANCED_FACE('',(#3264),#3283,.F.);
#3264 = FACE_BOUND('',#3265,.T.);
#3265 = EDGE_LOOP('',(#3266,#3267,#3275,#3282));
#3266 = ORIENTED_EDGE('',*,*,#1168,.F.);
#3267 = ORIENTED_EDGE('',*,*,#3268,.T.);
#3268 = EDGE_CURVE('',#1169,#3269,#3271,.T.);
#3269 = VERTEX_POINT('',#3270);
#3270 = CARTESIAN_POINT('',(-12.24999958684,-1.783635148552,
    -17.03582979489));
#3271 = LINE('',#3272,#3273);
#3272 = CARTESIAN_POINT('',(11.350001174252,-1.783635148552,
    -17.03582979489));
#3273 = VECTOR('',#3274,1.);
#3274 = DIRECTION('',(-1.,0.,6.E-17));
#3275 = ORIENTED_EDGE('',*,*,#3276,.T.);
#3276 = EDGE_CURVE('',#3269,#3269,#3277,.T.);
#3277 = CIRCLE('',#3278,1.7);
#3278 = AXIS2_PLACEMENT_3D('',#3279,#3280,#3281);
#3279 = CARTESIAN_POINT('',(-12.24999958684,-1.783635148552,
    -15.33582979489));
#3280 = DIRECTION('',(-1.,-0.,-0.));
#3281 = DIRECTION('',(0.,0.,-1.));
#3282 = ORIENTED_EDGE('',*,*,#3268,.F.);
#3283 = CYLINDRICAL_SURFACE('',#3284,1.7);
#3284 = AXIS2_PLACEMENT_3D('',#3285,#3286,#3287);
#3285 = CARTESIAN_POINT('',(11.350001174252,-1.783635148552,
    -15.33582979489));
#3286 = DIRECTION('',(-1.,-0.,-0.));
#3287 = DIRECTION('',(0.,0.,-1.));
#3288 = ADVANCED_FACE('',(#3289),#3308,.F.);
#3289 = FACE_BOUND('',#3290,.T.);
#3290 = EDGE_LOOP('',(#3291,#3292,#3300,#3307));
#3291 = ORIENTED_EDGE('',*,*,#1179,.F.);
#3292 = ORIENTED_EDGE('',*,*,#3293,.T.);
#3293 = EDGE_CURVE('',#1180,#3294,#3296,.T.);
#3294 = VERTEX_POINT('',#3295);
#3295 = CARTESIAN_POINT('',(-12.24999958684,-1.783635148552,
    -9.735829794896));
#3296 = LINE('',#3297,#3298);
#3297 = CARTESIAN_POINT('',(11.350001174252,-1.783635148552,
    -9.735829794896));
#3298 = VECTOR('',#3299,1.);
#3299 = DIRECTION('',(-1.,0.,6.E-17));
#3300 = ORIENTED_EDGE('',*,*,#3301,.T.);
#3301 = EDGE_CURVE('',#3294,#3294,#3302,.T.);
#3302 = CIRCLE('',#3303,1.7);
#3303 = AXIS2_PLACEMENT_3D('',#3304,#3305,#3306);
#3304 = CARTESIAN_POINT('',(-12.24999958684,-1.783635148552,
    -8.035829794896));
#3305 = DIRECTION('',(-1.,-0.,-0.));
#3306 = DIRECTION('',(0.,0.,-1.));
#3307 = ORIENTED_EDGE('',*,*,#3293,.F.);
#3308 = CYLINDRICAL_SURFACE('',#3309,1.7);
#3309 = AXIS2_PLACEMENT_3D('',#3310,#3311,#3312);
#3310 = CARTESIAN_POINT('',(11.350001174252,-1.783635148552,
    -8.035829794896));
#3311 = DIRECTION('',(-1.,-0.,-0.));
#3312 = DIRECTION('',(0.,0.,-1.));
#3313 = ADVANCED_FACE('',(#3314),#3325,.F.);
#3314 = FACE_BOUND('',#3315,.T.);
#3315 = EDGE_LOOP('',(#3316,#3317,#3323,#3324));
#3316 = ORIENTED_EDGE('',*,*,#1996,.T.);
#3317 = ORIENTED_EDGE('',*,*,#3318,.T.);
#3318 = EDGE_CURVE('',#1997,#1280,#3319,.T.);
#3319 = LINE('',#3320,#3321);
#3320 = CARTESIAN_POINT('',(11.350001174252,-1.783635148552,
    -17.03582979489));
#3321 = VECTOR('',#3322,1.);
#3322 = DIRECTION('',(-1.,0.,6.E-17));
#3323 = ORIENTED_EDGE('',*,*,#1279,.T.);
#3324 = ORIENTED_EDGE('',*,*,#3318,.F.);
#3325 = CYLINDRICAL_SURFACE('',#3326,1.7);
#3326 = AXIS2_PLACEMENT_3D('',#3327,#3328,#3329);
#3327 = CARTESIAN_POINT('',(11.350001174252,-1.783635148552,
    -15.33582979489));
#3328 = DIRECTION('',(-1.,-0.,-0.));
#3329 = DIRECTION('',(0.,0.,-1.));
#3330 = ADVANCED_FACE('',(#3331),#3337,.T.);
#3331 = FACE_BOUND('',#3332,.T.);
#3332 = EDGE_LOOP('',(#3333,#3334,#3335,#3336));
#3333 = ORIENTED_EDGE('',*,*,#2030,.F.);
#3334 = ORIENTED_EDGE('',*,*,#1523,.T.);
#3335 = ORIENTED_EDGE('',*,*,#1567,.T.);
#3336 = ORIENTED_EDGE('',*,*,#2048,.F.);
#3337 = PLANE('',#3338);
#3338 = AXIS2_PLACEMENT_3D('',#3339,#3340,#3341);
#3339 = CARTESIAN_POINT('',(17.192466218367,-4.0336350678,
    -12.66323166313));
#3340 = DIRECTION('',(0.674960839779,-0.70710677757,-0.210779196979));
#3341 = DIRECTION('',(0.298086970387,1.811103439164E-07,0.954538714818)
  );
#3342 = ADVANCED_FACE('',(#3343),#3350,.F.);
#3343 = FACE_BOUND('',#3344,.T.);
#3344 = EDGE_LOOP('',(#3345,#3346,#3347,#3348,#3349));
#3345 = ORIENTED_EDGE('',*,*,#2023,.F.);
#3346 = ORIENTED_EDGE('',*,*,#1978,.F.);
#3347 = ORIENTED_EDGE('',*,*,#1969,.F.);
#3348 = ORIENTED_EDGE('',*,*,#1945,.T.);
#3349 = ORIENTED_EDGE('',*,*,#1341,.T.);
#3350 = CYLINDRICAL_SURFACE('',#3351,3.);
#3351 = AXIS2_PLACEMENT_3D('',#3352,#3353,#3354);
#3352 = CARTESIAN_POINT('',(11.350001174252,-1.783635148552,
    -15.33582979489));
#3353 = DIRECTION('',(-1.,0.,0.));
#3354 = DIRECTION('',(0.,-1.,0.));
#3355 = ADVANCED_FACE('',(#3356),#3367,.F.);
#3356 = FACE_BOUND('',#3357,.F.);
#3357 = EDGE_LOOP('',(#3358,#3359,#3360,#3361));
#3358 = ORIENTED_EDGE('',*,*,#1889,.F.);
#3359 = ORIENTED_EDGE('',*,*,#1938,.T.);
#3360 = ORIENTED_EDGE('',*,*,#1358,.F.);
#3361 = ORIENTED_EDGE('',*,*,#3362,.F.);
#3362 = EDGE_CURVE('',#1882,#1359,#3363,.T.);
#3363 = LINE('',#3364,#3365);
#3364 = CARTESIAN_POINT('',(14.750001186613,-8.433026113194,
    -16.47417381856));
#3365 = VECTOR('',#3366,1.);
#3366 = DIRECTION('',(1.,-4.034128E-10,-9.61092933E-09));
#3367 = CYLINDRICAL_SURFACE('',#3368,4.917206680214);
#3368 = AXIS2_PLACEMENT_3D('',#3369,#3370,#3371);
#3369 = CARTESIAN_POINT('',(14.750001221253,-4.93662900595,
    -13.01669947962));
#3370 = DIRECTION('',(-1.,4.0341286E-10,9.61092933E-09));
#3371 = DIRECTION('',(-4.0341286E-10,-1.,0.));
#3372 = ADVANCED_FACE('',(#3373),#3403,.F.);
#3373 = FACE_BOUND('',#3374,.F.);
#3374 = EDGE_LOOP('',(#3375,#3376,#3377,#3378,#3397));
#3375 = ORIENTED_EDGE('',*,*,#1881,.F.);
#3376 = ORIENTED_EDGE('',*,*,#3362,.T.);
#3377 = ORIENTED_EDGE('',*,*,#1367,.F.);
#3378 = ORIENTED_EDGE('',*,*,#3379,.T.);
#3379 = EDGE_CURVE('',#1368,#3380,#3382,.T.);
#3380 = VERTEX_POINT('',#3381);
#3381 = CARTESIAN_POINT('',(19.539823606653,-18.40486061328,
    -6.390078751033));
#3382 = B_SPLINE_CURVE_WITH_KNOTS('',7,(#3383,#3384,#3385,#3386,#3387,
    #3388,#3389,#3390,#3391,#3392,#3393,#3394,#3395,#3396),
  .UNSPECIFIED.,.F.,.F.,(8,6,8),(0.,0.916761091231,1.),.UNSPECIFIED.);
#3383 = CARTESIAN_POINT('',(18.608045275394,-15.85472238913,
    -8.968927296798));
#3384 = CARTESIAN_POINT('',(18.714420041152,-16.19155135422,
    -8.628306456248));
#3385 = CARTESIAN_POINT('',(18.82575222917,-16.52756768367,
    -8.288507399695));
#3386 = CARTESIAN_POINT('',(18.941948131534,-16.86273873414,
    -7.949563137965));
#3387 = CARTESIAN_POINT('',(19.062919045946,-17.19703257124,
    -7.61150596494));
#3388 = CARTESIAN_POINT('',(19.188583387205,-17.53041849109,
    -7.274366930168));
#3389 = CARTESIAN_POINT('',(19.318863776725,-17.86286657373,
    -6.938176290411));
#3390 = CARTESIAN_POINT('',(19.4659264559,-18.22444528192,
    -6.572527085143));
#3391 = CARTESIAN_POINT('',(19.478205228921,-18.254534727,
    -6.542098906069));
#3392 = CARTESIAN_POINT('',(19.490521381816,-18.2846161775,
    -6.511678811585));
#3393 = CARTESIAN_POINT('',(19.502874858826,-18.31468961122,
    -6.481266824127));
#3394 = CARTESIAN_POINT('',(19.515265604649,-18.34475500636,
    -6.450862965739));
#3395 = CARTESIAN_POINT('',(19.527693564434,-18.37481234152,
    -6.420467258077));
#3396 = CARTESIAN_POINT('',(19.540158683785,-18.40486159566,
    -6.390079722403));
#3397 = ORIENTED_EDGE('',*,*,#3398,.F.);
#3398 = EDGE_CURVE('',#1873,#3380,#3399,.T.);
#3399 = LINE('',#3400,#3401);
#3400 = CARTESIAN_POINT('',(14.750001279507,-18.40486159372,
    -6.390079676365));
#3401 = VECTOR('',#3402,1.);
#3402 = DIRECTION('',(1.,-4.034128E-10,-9.61092933E-09));
#3403 = PLANE('',#3404);
#3404 = AXIS2_PLACEMENT_3D('',#3405,#3406,#3407);
#3405 = CARTESIAN_POINT('',(14.750001186613,-8.433026113194,
    -16.47417381856));
#3406 = DIRECTION('',(-7.04465668E-09,-0.711053517704,-0.703137891854));
#3407 = DIRECTION('',(6.55023024E-09,-0.703137891854,0.711053517704));
#3408 = ADVANCED_FACE('',(#3409),#3481,.F.);
#3409 = FACE_BOUND('',#3410,.F.);
#3410 = EDGE_LOOP('',(#3411,#3421,#3430,#3439,#3448,#3449,#3450));
#3411 = ORIENTED_EDGE('',*,*,#3412,.F.);
#3412 = EDGE_CURVE('',#3413,#3415,#3417,.T.);
#3413 = VERTEX_POINT('',#3414);
#3414 = CARTESIAN_POINT('',(21.875484323725,-22.31525917482,
    -1.04500449227));
#3415 = VERTEX_POINT('',#3416);
#3416 = CARTESIAN_POINT('',(19.722179356445,-23.32063862762,
    -9.070445773957));
#3417 = LINE('',#3418,#3419);
#3418 = CARTESIAN_POINT('',(16.705120475452,-24.72930532968,
    -20.3151274427));
#3419 = VECTOR('',#3420,1.);
#3420 = DIRECTION('',(-0.257267720289,-0.120118461516,-0.95884559513));
#3421 = ORIENTED_EDGE('',*,*,#3422,.T.);
#3422 = EDGE_CURVE('',#3413,#3423,#3425,.T.);
#3423 = VERTEX_POINT('',#3424);
#3424 = CARTESIAN_POINT('',(21.606470877896,-21.79889163681,
    -1.515027007727));
#3425 = B_SPLINE_CURVE_WITH_KNOTS('',3,(#3426,#3427,#3428,#3429),
  .UNSPECIFIED.,.F.,.F.,(4,4),(0.,7.482858531666E-02),
  .PIECEWISE_BEZIER_KNOTS.);
#3426 = CARTESIAN_POINT('',(21.875484323725,-22.31525917483,
    -1.045004492279));
#3427 = CARTESIAN_POINT('',(21.784358617096,-22.14326079016,
    -1.200923086817));
#3428 = CARTESIAN_POINT('',(21.694695794903,-21.97112240176,
    -1.357591352562));
#3429 = CARTESIAN_POINT('',(21.606520352745,-21.79887676761,
    -1.514940361959));
#3430 = ORIENTED_EDGE('',*,*,#3431,.T.);
#3431 = EDGE_CURVE('',#3423,#3432,#3434,.T.);
#3432 = VERTEX_POINT('',#3433);
#3433 = CARTESIAN_POINT('',(21.596714938594,-21.78781673346,
    -1.538671635963));
#3434 = B_SPLINE_CURVE_WITH_KNOTS('',3,(#3435,#3436,#3437,#3438),
  .UNSPECIFIED.,.F.,.F.,(4,4),(0.114558219275,0.117355951463),
  .PIECEWISE_BEZIER_KNOTS.);
#3435 = CARTESIAN_POINT('',(21.606520352745,-21.79887676764,
    -1.514940361975));
#3436 = CARTESIAN_POINT('',(21.603269739854,-21.79517830208,
    -1.522811322119));
#3437 = CARTESIAN_POINT('',(21.600018003544,-21.7914926845,
    -1.53069805491));
#3438 = CARTESIAN_POINT('',(21.596767832473,-21.78780067916,
    -1.538576644442));
#3439 = ORIENTED_EDGE('',*,*,#3440,.T.);
#3440 = EDGE_CURVE('',#3432,#3380,#3441,.T.);
#3441 = B_SPLINE_CURVE_WITH_KNOTS('',3,(#3442,#3443,#3444,#3445,#3446,
    #3447),.UNSPECIFIED.,.F.,.F.,(4,2,4),(0.123544594014,0.577427721948,
    0.815396371668),.UNSPECIFIED.);
#3442 = CARTESIAN_POINT('',(21.596714938594,-21.78781673346,
    -1.538671635963));
#3443 = CARTESIAN_POINT('',(21.066845161316,-21.18619827983,
    -2.823111253424));
#3444 = CARTESIAN_POINT('',(20.537006520695,-20.42711929326,
    -4.034947668329));
#3445 = CARTESIAN_POINT('',(19.813898143393,-19.04795767032,
    -5.727974915728));
#3446 = CARTESIAN_POINT('',(19.580223576914,-18.53272309524,
    -6.283378234808));
#3447 = CARTESIAN_POINT('',(19.371132907965,-17.97879449507,
    -6.806431815999));
#3448 = ORIENTED_EDGE('',*,*,#3379,.F.);
#3449 = ORIENTED_EDGE('',*,*,#1375,.T.);
#3450 = ORIENTED_EDGE('',*,*,#3451,.F.);
#3451 = EDGE_CURVE('',#3415,#1376,#3452,.T.);
#3452 = B_SPLINE_CURVE_WITH_KNOTS('',3,(#3453,#3454,#3455,#3456,#3457,
    #3458,#3459,#3460,#3461,#3462,#3463,#3464,#3465,#3466,#3467,#3468,
    #3469,#3470,#3471,#3472,#3473,#3474,#3475,#3476,#3477,#3478,#3479,
    #3480),.UNSPECIFIED.,.F.,.F.,(4,3,3,3,3,3,3,3,3,4),(-1.062102853709,
    -0.929651668147,-0.797067341666,-0.664486947334,-0.567369994384,
    -0.42147901744,-0.275611166792,-0.12999737914,0.,3.2079160095E-03),
  .UNSPECIFIED.);
#3453 = CARTESIAN_POINT('',(19.721631929074,-23.3208942218,
    -9.072486054485));
#3454 = CARTESIAN_POINT('',(19.544208260357,-23.01333980636,
    -9.335947911802));
#3455 = CARTESIAN_POINT('',(19.371996475369,-22.70491280128,
    -9.601899987589));
#3456 = CARTESIAN_POINT('',(19.205011281918,-22.39585528471,
    -9.870231575395));
#3457 = CARTESIAN_POINT('',(19.037858233706,-22.08648710122,
    -10.13883289211));
#3458 = CARTESIAN_POINT('',(18.875941668432,-21.77648726253,
    -10.40981831897));
#3459 = CARTESIAN_POINT('',(18.719264037113,-21.46604774101,
    -10.6830767632));
#3460 = CARTESIAN_POINT('',(18.562591052494,-21.15561742642,
    -10.95632710321));
#3461 = CARTESIAN_POINT('',(18.411156101719,-20.84474747861,
    -11.23185015246));
#3462 = CARTESIAN_POINT('',(18.264958425464,-20.53357795859,
    -11.50953748632));
#3463 = CARTESIAN_POINT('',(18.157866627175,-20.30564202744,
    -11.71294725799));
#3464 = CARTESIAN_POINT('',(18.05358492838,-20.07754426368,
    -11.91751838022));
#3465 = CARTESIAN_POINT('',(17.952114641591,-19.84932210945,
    -12.12320992741));
#3466 = CARTESIAN_POINT('',(17.799684001815,-19.5064823474,
    -12.43220377305));
#3467 = CARTESIAN_POINT('',(17.653501546241,-19.16315271731,
    -12.74392677714));
#3468 = CARTESIAN_POINT('',(17.513624200189,-18.81958616026,
    -13.05826198377));
#3469 = CARTESIAN_POINT('',(17.373769027168,-18.47607406457,
    -13.37254736272));
#3470 = CARTESIAN_POINT('',(17.24021635046,-18.13232506952,
    -13.68944395668));
#3471 = CARTESIAN_POINT('',(17.11302514458,-17.78854002736,
    -14.0088384592));
#3472 = CARTESIAN_POINT('',(16.986055471951,-17.44535376731,
    -14.32767666145));
#3473 = CARTESIAN_POINT('',(16.865424548451,-17.10213143948,
    -14.64900393425));
#3474 = CARTESIAN_POINT('',(16.751202057075,-16.75902253857,
    -14.97271341464));
#3475 = CARTESIAN_POINT('',(16.649229402171,-16.45271048806,
    -15.26170654319));
#3476 = CARTESIAN_POINT('',(16.552364217701,-16.14648805666,
    -15.55259833196));
#3477 = CARTESIAN_POINT('',(16.460669092247,-15.84042941238,
    -15.84531805316));
#3478 = CARTESIAN_POINT('',(16.458406352319,-15.83287687224,
    -15.85254143171));
#3479 = CARTESIAN_POINT('',(16.456146744572,-15.82532439634,
    -15.85976597756));
#3480 = CARTESIAN_POINT('',(16.453890271125,-15.81777198966,
    -15.86699168659));
#3481 = B_SPLINE_SURFACE_WITH_KNOTS('',3,3,(
    (#3482,#3483,#3484,#3485,#3486)
    ,(#3487,#3488,#3489,#3490,#3491)
    ,(#3492,#3493,#3494,#3495,#3496)
    ,(#3497,#3498,#3499,#3500,#3501
    )),.UNSPECIFIED.,.F.,.F.,.F.,(4,4),(4,1,4),(0.,1.),(1.705600663269,
    2.388830142018,3.29980278035),.UNSPECIFIED.);
#3482 = CARTESIAN_POINT('',(21.875484323725,-22.31525917482,
    -1.04500449227));
#3483 = CARTESIAN_POINT('',(21.288758255662,-22.58920194754,
    -3.231752620948));
#3484 = CARTESIAN_POINT('',(19.915052245367,-23.23058615364,
    -8.351601918419));
#3485 = CARTESIAN_POINT('',(18.567058534197,-23.859965271,
    -13.37562059736));
#3486 = CARTESIAN_POINT('',(17.791933931109,-24.22187143902,
    -16.26453651154));
#3487 = CARTESIAN_POINT('',(21.422569246505,-20.28191386168,
    -0.810853342072));
#3488 = CARTESIAN_POINT('',(20.773098051816,-20.43843375057,
    -2.995036967062));
#3489 = CARTESIAN_POINT('',(19.253978113052,-20.83437520348,
    -8.105587940396));
#3490 = CARTESIAN_POINT('',(17.765548576922,-21.26546185944,
    -13.11574920719));
#3491 = CARTESIAN_POINT('',(16.909933867738,-21.5224075176,
    -15.99562407728));
#3492 = CARTESIAN_POINT('',(21.206565343701,-18.18772087029,
    -0.647911327644));
#3493 = CARTESIAN_POINT('',(20.522424487341,-18.21570347976,
    -2.838461555446));
#3494 = CARTESIAN_POINT('',(18.922862581585,-18.33785861291,
    -7.960711381364));
#3495 = CARTESIAN_POINT('',(17.356303085942,-18.53832368484,
    -12.97779948343));
#3496 = CARTESIAN_POINT('',(16.455851391676,-18.67036733298,
    -15.8607120831));
#3497 = CARTESIAN_POINT('',(21.233736411452,-16.09340872385,
    -0.560903528259));
#3498 = CARTESIAN_POINT('',(20.544764681821,-15.99281258468,
    -2.767138141213));
#3499 = CARTESIAN_POINT('',(18.93469468602,-15.84107583656,
    -7.922926118783));
#3500 = CARTESIAN_POINT('',(17.359041817637,-15.81076907903,
    -12.96850311754));
#3501 = CARTESIAN_POINT('',(16.453890271125,-15.81777198966,
    -15.86699168659));
#3502 = ADVANCED_FACE('',(#3503),#3544,.F.);
#3503 = FACE_BOUND('',#3504,.F.);
#3504 = EDGE_LOOP('',(#3505,#3506,#3507,#3520,#3529,#3537));
#3505 = ORIENTED_EDGE('',*,*,#3451,.T.);
#3506 = ORIENTED_EDGE('',*,*,#1384,.F.);
#3507 = ORIENTED_EDGE('',*,*,#3508,.F.);
#3508 = EDGE_CURVE('',#3509,#1385,#3511,.T.);
#3509 = VERTEX_POINT('',#3510);
#3510 = CARTESIAN_POINT('',(19.8530614805,-26.89904712192,
    -8.878412861006));
#3511 = B_SPLINE_CURVE_WITH_KNOTS('',3,(#3512,#3513,#3514,#3515,#3516,
    #3517,#3518,#3519),.UNSPECIFIED.,.F.,.F.,(4,2,2,4),(12.510045962199,
    12.800627287483,13.210529508637,13.288567852746),.UNSPECIFIED.);
#3512 = CARTESIAN_POINT('',(19.8530614805,-26.89904712192,
    -8.878412861006));
#3513 = CARTESIAN_POINT('',(19.326442208929,-26.45748900643,
    -9.643708323688));
#3514 = CARTESIAN_POINT('',(18.827328999317,-26.05261597306,
    -10.4575784732));
#3515 = CARTESIAN_POINT('',(17.723493318471,-25.183229984,
    -12.51164086068));
#3516 = CARTESIAN_POINT('',(17.15915880758,-24.76230118613,
    -13.79274159006));
#3517 = CARTESIAN_POINT('',(16.615971784843,-24.37284857829,
    -15.36159764387));
#3518 = CARTESIAN_POINT('',(16.532953618897,-24.31390010626,
    -15.61381492429));
#3519 = CARTESIAN_POINT('',(16.453890569917,-24.25825076091,
    -15.86699168659));
#3520 = ORIENTED_EDGE('',*,*,#3521,.T.);
#3521 = EDGE_CURVE('',#3509,#3522,#3524,.T.);
#3522 = VERTEX_POINT('',#3523);
#3523 = CARTESIAN_POINT('',(19.894038433174,-26.93333255883,
    -8.819040739109));
#3524 = ELLIPSE('',#3525,28.803310209191,26.);
#3525 = AXIS2_PLACEMENT_3D('',#3526,#3527,#3528);
#3526 = CARTESIAN_POINT('',(41.271895893095,-25.94719664155,
    -23.61725714956));
#3527 = DIRECTION('',(0.215997855176,0.90267403404,0.372188816099));
#3528 = DIRECTION('',(-0.453089388006,0.430324979835,-0.780724290775));
#3529 = ORIENTED_EDGE('',*,*,#3530,.T.);
#3530 = EDGE_CURVE('',#3522,#3531,#3533,.T.);
#3531 = VERTEX_POINT('',#3532);
#3532 = CARTESIAN_POINT('',(19.894038333156,-24.10795473163,
    -8.819040739109));
#3533 = LINE('',#3534,#3535);
#3534 = CARTESIAN_POINT('',(19.894038415114,-26.4231515938,
    -8.819040739109));
#3535 = VECTOR('',#3536,1.);
#3536 = DIRECTION('',(-3.539988043E-08,1.,-1.811E-14));
#3537 = ORIENTED_EDGE('',*,*,#3538,.T.);
#3538 = EDGE_CURVE('',#3531,#3415,#3539,.T.);
#3539 = ELLIPSE('',#3540,213.57764193972,26.);
#3540 = AXIS2_PLACEMENT_3D('',#3541,#3542,#3543);
#3541 = CARTESIAN_POINT('',(41.271902931071,-224.7607905314,
    -23.61725714956));
#3542 = DIRECTION('',(-0.954732737542,-0.121735622616,0.271414513342));
#3543 = DIRECTION('',(-0.11709588031,0.992562561346,3.328838578494E-02)
  );
#3544 = CYLINDRICAL_SURFACE('',#3545,26.);
#3545 = AXIS2_PLACEMENT_3D('',#3546,#3547,#3548);
#3546 = CARTESIAN_POINT('',(41.271895909944,-26.42315083703,
    -23.61725714956));
#3547 = DIRECTION('',(-3.539988043E-08,1.,-1.811E-14));
#3548 = DIRECTION('',(-0.89893699375,-3.182225415926E-08,0.438077939718)
  );
#3549 = ADVANCED_FACE('',(#3550),#3568,.F.);
#3550 = FACE_BOUND('',#3551,.F.);
#3551 = EDGE_LOOP('',(#3552,#3553,#3559,#3560,#3561,#3567));
#3552 = ORIENTED_EDGE('',*,*,#1906,.T.);
#3553 = ORIENTED_EDGE('',*,*,#3554,.T.);
#3554 = EDGE_CURVE('',#1907,#3509,#3555,.T.);
#3555 = LINE('',#3556,#3557);
#3556 = CARTESIAN_POINT('',(13.11827344059,-26.89904736033,
    -4.969912863221));
#3557 = VECTOR('',#3558,1.);
#3558 = DIRECTION('',(0.864901689809,3.061742592E-08,-0.501941298326));
#3559 = ORIENTED_EDGE('',*,*,#3508,.T.);
#3560 = ORIENTED_EDGE('',*,*,#1392,.T.);
#3561 = ORIENTED_EDGE('',*,*,#3562,.T.);
#3562 = EDGE_CURVE('',#1393,#1636,#3563,.T.);
#3563 = LINE('',#3564,#3565);
#3564 = CARTESIAN_POINT('',(5.508354922321,-23.47011262078,
    -18.08266390149));
#3565 = VECTOR('',#3566,1.);
#3566 = DIRECTION('',(-0.864901689809,-3.061742589E-08,0.501941298326));
#3567 = ORIENTED_EDGE('',*,*,#1635,.T.);
#3568 = CYLINDRICAL_SURFACE('',#3569,35.231448316271);
#3569 = AXIS2_PLACEMENT_3D('',#3570,#3571,#3572);
#3570 = CARTESIAN_POINT('',(5.50835616951,-58.70156093705,
    -18.08266390149));
#3571 = DIRECTION('',(-0.864901689809,-3.061742589E-08,0.501941298326));
#3572 = DIRECTION('',(0.110726653623,0.975365070547,0.190794620821));
#3573 = ADVANCED_FACE('',(#3574),#3643,.F.);
#3574 = FACE_BOUND('',#3575,.F.);
#3575 = EDGE_LOOP('',(#3576,#3586,#3594,#3602,#3610,#3618,#3627,#3634,
    #3635,#3636,#3637));
#3576 = ORIENTED_EDGE('',*,*,#3577,.F.);
#3577 = EDGE_CURVE('',#3578,#3580,#3582,.T.);
#3578 = VERTEX_POINT('',#3579);
#3579 = CARTESIAN_POINT('',(-12.75055605453,-23.4701132589,
    -30.23108640344));
#3580 = VERTEX_POINT('',#3581);
#3581 = CARTESIAN_POINT('',(12.750558416237,-23.47011235617,
    -30.23108640344));
#3582 = LINE('',#3583,#3584);
#3583 = CARTESIAN_POINT('',(1.18085247427E-06,-23.47011280754,
    -30.23108640344));
#3584 = VECTOR('',#3585,1.);
#3585 = DIRECTION('',(1.,3.539988028E-08,1.844E-14));
#3586 = ORIENTED_EDGE('',*,*,#3587,.T.);
#3587 = EDGE_CURVE('',#3578,#3588,#3590,.T.);
#3588 = VERTEX_POINT('',#3589);
#3589 = CARTESIAN_POINT('',(-12.76186709094,-23.4701132593,
    -27.68963397409));
#3590 = LINE('',#3591,#3592);
#3591 = CARTESIAN_POINT('',(-12.8191406962,-23.47011326133,
    -14.82095086788));
#3592 = VECTOR('',#3593,1.);
#3593 = DIRECTION('',(-4.450574899924E-03,-1.5753246E-10,0.999990096142)
  );
#3594 = ORIENTED_EDGE('',*,*,#3595,.T.);
#3595 = EDGE_CURVE('',#3588,#3596,#3598,.T.);
#3596 = VERTEX_POINT('',#3597);
#3597 = CARTESIAN_POINT('',(-14.18879286487,-23.47011331806,
    -23.1203128925));
#3598 = LINE('',#3599,#3600);
#3599 = CARTESIAN_POINT('',(-18.78819037772,-23.47011348088,
    -8.392059747154));
#3600 = VECTOR('',#3601,1.);
#3601 = DIRECTION('',(-0.298087133191,-1.055223217E-08,0.954538663976));
#3602 = ORIENTED_EDGE('',*,*,#3603,.T.);
#3603 = EDGE_CURVE('',#3596,#3604,#3606,.T.);
#3604 = VERTEX_POINT('',#3605);
#3605 = CARTESIAN_POINT('',(-8.270789614999,-23.47011310856,
    -19.68582979489));
#3606 = LINE('',#3607,#3608);
#3607 = CARTESIAN_POINT('',(-5.508353260644,-23.47011301077,
    -18.08266390149));
#3608 = VECTOR('',#3609,1.);
#3609 = DIRECTION('',(0.864901689809,3.061742503E-08,0.501941298326));
#3610 = ORIENTED_EDGE('',*,*,#3611,.F.);
#3611 = EDGE_CURVE('',#3612,#3604,#3614,.T.);
#3612 = VERTEX_POINT('',#3613);
#3613 = CARTESIAN_POINT('',(-7.539229311381,-23.47011308267,
    -19.68582979489));
#3614 = LINE('',#3615,#3616);
#3615 = CARTESIAN_POINT('',(0.875001092353,-23.4701127848,
    -19.68582979489));
#3616 = VECTOR('',#3617,1.);
#3617 = DIRECTION('',(-1.,-3.539988028E-08,0.));
#3618 = ORIENTED_EDGE('',*,*,#3619,.F.);
#3619 = EDGE_CURVE('',#3620,#3612,#3622,.T.);
#3620 = VERTEX_POINT('',#3621);
#3621 = CARTESIAN_POINT('',(8.30838057E-07,-23.47011281578,
    -22.58582988548));
#3622 = CIRCLE('',#3623,11.25);
#3623 = AXIS2_PLACEMENT_3D('',#3624,#3625,#3626);
#3624 = CARTESIAN_POINT('',(1.51893927852E-06,-23.47011281578,
    -11.33582988548));
#3625 = DIRECTION('',(-3.539988028E-08,1.,-1.745E-14));
#3626 = DIRECTION('',(1.,3.539988028E-08,9.44E-15));
#3627 = ORIENTED_EDGE('',*,*,#3628,.T.);
#3628 = EDGE_CURVE('',#3620,#1645,#3629,.T.);
#3629 = CIRCLE('',#3630,11.25);
#3630 = AXIS2_PLACEMENT_3D('',#3631,#3632,#3633);
#3631 = CARTESIAN_POINT('',(1.4273728171E-07,-23.47011281578,
    -11.33582988548));
#3632 = DIRECTION('',(3.539990152E-08,-1.,1.745E-14));
#3633 = DIRECTION('',(-1.,-3.539990152E-08,-9.25E-15));
#3634 = ORIENTED_EDGE('',*,*,#1644,.F.);
#3635 = ORIENTED_EDGE('',*,*,#3562,.F.);
#3636 = ORIENTED_EDGE('',*,*,#1401,.F.);
#3637 = ORIENTED_EDGE('',*,*,#3638,.T.);
#3638 = EDGE_CURVE('',#1402,#3580,#3639,.T.);
#3639 = LINE('',#3640,#3641);
#3640 = CARTESIAN_POINT('',(12.784565634907,-23.47011235496,
    -22.5900776278));
#3641 = VECTOR('',#3642,1.);
#3642 = DIRECTION('',(-4.450574899905E-03,-1.5756736E-10,-0.999990096142
    ));
#3643 = PLANE('',#3644);
#3644 = AXIS2_PLACEMENT_3D('',#3645,#3646,#3647);
#3645 = CARTESIAN_POINT('',(1.18085302592E-06,-23.47011281578,
    -16.65766169545));
#3646 = DIRECTION('',(-3.539988028E-08,1.,-1.745E-14));
#3647 = DIRECTION('',(-1.,-3.539988028E-08,-9.44E-15));
#3648 = ADVANCED_FACE('',(#3649),#3690,.T.);
#3649 = FACE_BOUND('',#3650,.T.);
#3650 = EDGE_LOOP('',(#3651,#3659,#3660,#3661,#3669,#3677,#3683,#3684));
#3651 = ORIENTED_EDGE('',*,*,#3652,.T.);
#3652 = EDGE_CURVE('',#3653,#3147,#3655,.T.);
#3653 = VERTEX_POINT('',#3654);
#3654 = CARTESIAN_POINT('',(23.576252926261,7.912650472104,
    -1.065196560856));
#3655 = LINE('',#3656,#3657);
#3656 = CARTESIAN_POINT('',(23.576253016978,5.350014508574,
    -1.065196560856));
#3657 = VECTOR('',#3658,1.);
#3658 = DIRECTION('',(3.539986991E-08,-1.,1.796E-14));
#3659 = ORIENTED_EDGE('',*,*,#3146,.F.);
#3660 = ORIENTED_EDGE('',*,*,#1481,.F.);
#3661 = ORIENTED_EDGE('',*,*,#3662,.F.);
#3662 = EDGE_CURVE('',#3663,#1474,#3665,.T.);
#3663 = VERTEX_POINT('',#3664);
#3664 = CARTESIAN_POINT('',(22.123853810541,3.987477503089,
    -1.903739661509));
#3665 = LINE('',#3666,#3667);
#3666 = CARTESIAN_POINT('',(10.613898655461,-4.058869059025,
    -8.549015533112));
#3667 = VECTOR('',#3668,1.);
#3668 = DIRECTION('',(-0.740833792618,-0.517899970939,-0.427720600178));
#3669 = ORIENTED_EDGE('',*,*,#3670,.T.);
#3670 = EDGE_CURVE('',#3663,#3671,#3673,.T.);
#3671 = VERTEX_POINT('',#3672);
#3672 = CARTESIAN_POINT('',(22.123853688254,7.441933019009,
    -1.903739661509));
#3673 = LINE('',#3674,#3675);
#3674 = CARTESIAN_POINT('',(22.123853756375,5.517598783539,
    -1.903739661509));
#3675 = VECTOR('',#3676,1.);
#3676 = DIRECTION('',(-3.539986926E-08,1.,-1.736E-14));
#3677 = ORIENTED_EDGE('',*,*,#3678,.T.);
#3678 = EDGE_CURVE('',#3671,#1442,#3679,.T.);
#3679 = LINE('',#3680,#3681);
#3680 = CARTESIAN_POINT('',(14.857232246302,13.127613187762,
    -6.099125390916));
#3681 = VECTOR('',#3682,1.);
#3682 = DIRECTION('',(-0.716934778364,0.560956956983,-0.413922475815));
#3683 = ORIENTED_EDGE('',*,*,#1441,.F.);
#3684 = ORIENTED_EDGE('',*,*,#3685,.T.);
#3685 = EDGE_CURVE('',#1434,#3653,#3686,.T.);
#3686 = LINE('',#3687,#3688);
#3687 = CARTESIAN_POINT('',(14.828479126353,14.757240411484,
    -6.115725979152));
#3688 = VECTOR('',#3689,1.);
#3689 = DIRECTION('',(0.716934778364,-0.560956956983,0.413922475815));
#3690 = PLANE('',#3691);
#3691 = AXIS2_PLACEMENT_3D('',#3692,#3693,#3694);
#3692 = CARTESIAN_POINT('',(1.190971489319,6.728413850168,
    -13.98934484856));
#3693 = DIRECTION('',(0.5,1.769991978E-08,-0.866025403784));
#3694 = DIRECTION('',(-0.866025403784,-3.065721638E-08,-0.5));
#3695 = ADVANCED_FACE('',(#3696),#3722,.T.);
#3696 = FACE_BOUND('',#3697,.T.);
#3697 = EDGE_LOOP('',(#3698,#3706,#3707,#3708,#3716));
#3698 = ORIENTED_EDGE('',*,*,#3699,.F.);
#3699 = EDGE_CURVE('',#1410,#3700,#3702,.T.);
#3700 = VERTEX_POINT('',#3701);
#3701 = CARTESIAN_POINT('',(12.753017018949,4.216365435653,
    -29.67844803398));
#3702 = LINE('',#3703,#3704);
#3703 = CARTESIAN_POINT('',(12.795723291959,4.216365437165,
    -20.08286746169));
#3704 = VECTOR('',#3705,1.);
#3705 = DIRECTION('',(-4.450574899905E-03,-1.5756755E-10,-0.999990096142
    ));
#3706 = ORIENTED_EDGE('',*,*,#1409,.T.);
#3707 = ORIENTED_EDGE('',*,*,#3638,.T.);
#3708 = ORIENTED_EDGE('',*,*,#3709,.T.);
#3709 = EDGE_CURVE('',#3580,#3710,#3712,.T.);
#3710 = VERTEX_POINT('',#3711);
#3711 = CARTESIAN_POINT('',(12.750557446877,3.913011806916,
    -30.23108640344));
#3712 = LINE('',#3713,#3714);
#3713 = CARTESIAN_POINT('',(12.750557893619,-8.706862223771,
    -30.23108640344));
#3714 = VECTOR('',#3715,1.);
#3715 = DIRECTION('',(-3.539988018E-08,1.,4.E-16));
#3716 = ORIENTED_EDGE('',*,*,#3717,.F.);
#3717 = EDGE_CURVE('',#3700,#3710,#3718,.T.);
#3718 = LINE('',#3719,#3720);
#3719 = CARTESIAN_POINT('',(12.771777988417,6.530267199487,
    -25.4630677755));
#3720 = VECTOR('',#3721,1.);
#3721 = DIRECTION('',(-3.901436200051E-03,-0.481187292626,
    -0.876609130805));
#3722 = PLANE('',#3723);
#3723 = AXIS2_PLACEMENT_3D('',#3724,#3725,#3726);
#3724 = CARTESIAN_POINT('',(12.763910673359,4.716365436038,
    -27.23077229179));
#3725 = DIRECTION('',(0.999990096142,3.539952959E-08,-4.450574899905E-03
    ));
#3726 = DIRECTION('',(3.539988026334E-08,-1.,1.751998511665E-14));
#3727 = ADVANCED_FACE('',(#3728),#3746,.F.);
#3728 = FACE_BOUND('',#3729,.T.);
#3729 = EDGE_LOOP('',(#3730,#3738,#3739,#3740));
#3730 = ORIENTED_EDGE('',*,*,#3731,.F.);
#3731 = EDGE_CURVE('',#3663,#3732,#3734,.T.);
#3732 = VERTEX_POINT('',#3733);
#3733 = CARTESIAN_POINT('',(22.384892343325,4.63456357,-1.067838455304)
  );
#3734 = LINE('',#3735,#3736);
#3735 = CARTESIAN_POINT('',(20.996308885316,1.192416547274,
    -5.514379642586));
#3736 = VECTOR('',#3737,1.);
#3737 = DIRECTION('',(0.23973802931,0.594284440788,0.767692438897));
#3738 = ORIENTED_EDGE('',*,*,#3662,.T.);
#3739 = ORIENTED_EDGE('',*,*,#1473,.T.);
#3740 = ORIENTED_EDGE('',*,*,#3741,.T.);
#3741 = EDGE_CURVE('',#1466,#3732,#3742,.T.);
#3742 = LINE('',#3743,#3744);
#3743 = CARTESIAN_POINT('',(15.961861914454,2.078910056745,
    -1.923123341998));
#3744 = VECTOR('',#3745,1.);
#3745 = DIRECTION('',(0.922120448149,0.366901634525,0.122788719709));
#3746 = PLANE('',#3747);
#3747 = AXIS2_PLACEMENT_3D('',#3748,#3749,#3750);
#3748 = CARTESIAN_POINT('',(12.177950847255,-1.564044930808,
    -5.579183769796));
#3749 = DIRECTION('',(0.246721160066,-0.802086321301,0.543862300916));
#3750 = DIRECTION('',(0.965319045769,0.153972295478,-0.210835651874));
#3751 = ADVANCED_FACE('',(#3752),#3777,.T.);
#3752 = FACE_BOUND('',#3753,.T.);
#3753 = EDGE_LOOP('',(#3754,#3764,#3770,#3771));
#3754 = ORIENTED_EDGE('',*,*,#3755,.T.);
#3755 = EDGE_CURVE('',#3756,#3758,#3760,.T.);
#3756 = VERTEX_POINT('',#3757);
#3757 = CARTESIAN_POINT('',(12.262207730609,4.716365418278,
    -27.61229018607));
#3758 = VERTEX_POINT('',#3759);
#3759 = CARTESIAN_POINT('',(18.242843750359,4.716365629992,
    -8.461016345741));
#3760 = LINE('',#3761,#3762);
#3761 = CARTESIAN_POINT('',(18.848664244759,4.716365651438,
    -6.521049735475));
#3762 = VECTOR('',#3763,1.);
#3763 = DIRECTION('',(0.298087133191,1.055226575E-08,0.954538663976));
#3764 = ORIENTED_EDGE('',*,*,#3765,.F.);
#3765 = EDGE_CURVE('',#1418,#3758,#3766,.T.);
#3766 = LINE('',#3767,#3768);
#3767 = CARTESIAN_POINT('',(12.879396715395,9.835982834187,
    -8.461016345741));
#3768 = VECTOR('',#3769,1.);
#3769 = DIRECTION('',(-0.723358021933,0.690473150894,3.467E-14));
#3770 = ORIENTED_EDGE('',*,*,#1417,.T.);
#3771 = ORIENTED_EDGE('',*,*,#3772,.F.);
#3772 = EDGE_CURVE('',#3756,#1410,#3773,.T.);
#3773 = LINE('',#3774,#3775);
#3774 = CARTESIAN_POINT('',(12.262207730609,4.716365418278,
    -27.61229018607));
#3775 = VECTOR('',#3776,1.);
#3776 = DIRECTION('',(0.702673008381,-0.703150082179,-0.108768585646));
#3777 = PLANE('',#3778);
#3778 = AXIS2_PLACEMENT_3D('',#3779,#3780,#3781);
#3779 = CARTESIAN_POINT('',(19.087298919609,4.466365659886,
    -6.595571518772));
#3780 = DIRECTION('',(0.67496073717,0.707106805081,-0.210779433264));
#3781 = DIRECTION('',(0.298087133191,1.055241019565E-08,0.954538663976)
  );
#3782 = ADVANCED_FACE('',(#3783),#3801,.T.);
#3783 = FACE_BOUND('',#3784,.T.);
#3784 = EDGE_LOOP('',(#3785,#3786,#3787,#3795));
#3785 = ORIENTED_EDGE('',*,*,#3741,.F.);
#3786 = ORIENTED_EDGE('',*,*,#1465,.F.);
#3787 = ORIENTED_EDGE('',*,*,#3788,.T.);
#3788 = EDGE_CURVE('',#1458,#3789,#3791,.T.);
#3789 = VERTEX_POINT('',#3790);
#3790 = CARTESIAN_POINT('',(23.579578523245,4.634563612292,
    2.757801846061));
#3791 = LINE('',#3792,#3793);
#3792 = CARTESIAN_POINT('',(22.346221367388,3.905083705411,
    4.435057203638));
#3793 = VECTOR('',#3794,1.);
#3794 = DIRECTION('',(0.55908862612,0.330677871356,-0.760310498112));
#3795 = ORIENTED_EDGE('',*,*,#3796,.F.);
#3796 = EDGE_CURVE('',#3732,#3789,#3797,.T.);
#3797 = LINE('',#3798,#3799);
#3798 = CARTESIAN_POINT('',(21.719477648415,4.634563546444,
    -3.198638423304));
#3799 = VECTOR('',#3800,1.);
#3800 = DIRECTION('',(0.298087133191,1.05522654E-08,0.954538663976));
#3801 = PLANE('',#3802);
#3802 = AXIS2_PLACEMENT_3D('',#3803,#3804,#3805);
#3803 = CARTESIAN_POINT('',(20.943495137921,4.280995857675,
    -2.956311512492));
#3804 = DIRECTION('',(-0.380704157985,0.91702237443,0.118887799577));
#3805 = DIRECTION('',(0.87533331087,0.398835761681,-0.273352574683));
#3806 = ADVANCED_FACE('',(#3807),#3841,.F.);
#3807 = FACE_BOUND('',#3808,.T.);
#3808 = EDGE_LOOP('',(#3809,#3810,#3811,#3819,#3827,#3835));
#3809 = ORIENTED_EDGE('',*,*,#1425,.F.);
#3810 = ORIENTED_EDGE('',*,*,#3765,.T.);
#3811 = ORIENTED_EDGE('',*,*,#3812,.F.);
#3812 = EDGE_CURVE('',#3813,#3758,#3815,.T.);
#3813 = VERTEX_POINT('',#3814);
#3814 = CARTESIAN_POINT('',(17.081122288429,4.716365588867,
    -8.461016345741));
#3815 = LINE('',#3816,#3817);
#3816 = CARTESIAN_POINT('',(-1.6696018151E-07,4.716364984198,
    -8.461016345741));
#3817 = VECTOR('',#3818,1.);
#3818 = DIRECTION('',(1.,3.539988026E-08,-3.89E-15));
#3819 = ORIENTED_EDGE('',*,*,#3820,.F.);
#3820 = EDGE_CURVE('',#3821,#3813,#3823,.T.);
#3821 = VERTEX_POINT('',#3822);
#3822 = CARTESIAN_POINT('',(17.08112205833,11.216365588867,
    -8.461016345741));
#3823 = LINE('',#3824,#3825);
#3824 = CARTESIAN_POINT('',(17.081122164529,8.216365588807,
    -8.461016345741));
#3825 = VECTOR('',#3826,1.);
#3826 = DIRECTION('',(3.539994695E-08,-1.,-4.592E-14));
#3827 = ORIENTED_EDGE('',*,*,#3828,.F.);
#3828 = EDGE_CURVE('',#3829,#3821,#3831,.T.);
#3829 = VERTEX_POINT('',#3830);
#3830 = CARTESIAN_POINT('',(17.500975932646,11.50713820308,
    -8.461016345741));
#3831 = LINE('',#3832,#3833);
#3832 = CARTESIAN_POINT('',(10.19797798273,6.449398033555,
    -8.461016345741));
#3833 = VECTOR('',#3834,1.);
#3834 = DIRECTION('',(-0.822096376018,-0.569348354294,-2.294E-14));
#3835 = ORIENTED_EDGE('',*,*,#3836,.F.);
#3836 = EDGE_CURVE('',#1426,#3829,#3837,.T.);
#3837 = LINE('',#3838,#3839);
#3838 = CARTESIAN_POINT('',(14.660144480953,14.218821469365,
    -8.46101634574));
#3839 = VECTOR('',#3840,1.);
#3840 = DIRECTION('',(-0.723358021933,0.690473150894,3.452E-14));
#3841 = PLANE('',#3842);
#3842 = AXIS2_PLACEMENT_3D('',#3843,#3844,#3845);
#3843 = CARTESIAN_POINT('',(-2.9085971715E-07,8.216364761478,
    -8.461016345741));
#3844 = DIRECTION('',(3.89E-15,-4.614E-14,1.));
#3845 = DIRECTION('',(-3.539986062E-08,1.,4.614000013771E-14));
#3846 = ADVANCED_FACE('',(#3847,#3880),#3898,.T.);
#3847 = FACE_BOUND('',#3848,.T.);
#3848 = EDGE_LOOP('',(#3849,#3857,#3865,#3873,#3879));
#3849 = ORIENTED_EDGE('',*,*,#3850,.T.);
#3850 = EDGE_CURVE('',#3155,#3851,#3853,.T.);
#3851 = VERTEX_POINT('',#3852);
#3852 = CARTESIAN_POINT('',(24.415230717751,7.912650501804,1.62138951088
    ));
#3853 = LINE('',#3854,#3855);
#3854 = CARTESIAN_POINT('',(24.415231135751,-3.895296299806,
    1.621389510881));
#3855 = VECTOR('',#3856,1.);
#3856 = DIRECTION('',(-3.539987299E-08,1.,-2.76E-14));
#3857 = ORIENTED_EDGE('',*,*,#3858,.T.);
#3858 = EDGE_CURVE('',#3851,#3859,#3861,.T.);
#3859 = VERTEX_POINT('',#3860);
#3860 = CARTESIAN_POINT('',(22.668903060951,10.287499608544,
    3.996238679438));
#3861 = LINE('',#3862,#3863);
#3862 = CARTESIAN_POINT('',(26.115265472601,5.600755592935,
    -0.69050545817));
#3863 = VECTOR('',#3864,1.);
#3864 = DIRECTION('',(-0.461328791855,0.627365812471,0.627365828802));
#3865 = ORIENTED_EDGE('',*,*,#3866,.T.);
#3866 = EDGE_CURVE('',#3859,#3867,#3869,.T.);
#3867 = VERTEX_POINT('',#3868);
#3868 = CARTESIAN_POINT('',(22.309492040418,10.085045748741,
    4.485005502809));
#3869 = LINE('',#3870,#3871);
#3870 = CARTESIAN_POINT('',(22.66044846683,10.282737191385,
    4.007736170821));
#3871 = VECTOR('',#3872,1.);
#3872 = DIRECTION('',(-0.561952428433,-0.316544100385,0.764205012212));
#3873 = ORIENTED_EDGE('',*,*,#3874,.T.);
#3874 = EDGE_CURVE('',#3867,#3163,#3875,.T.);
#3875 = LINE('',#3876,#3877);
#3876 = CARTESIAN_POINT('',(22.309492813818,-11.7622070784,
    4.485005502809));
#3877 = VECTOR('',#3878,1.);
#3878 = DIRECTION('',(3.539988025E-08,-1.,1.774E-14));
#3879 = ORIENTED_EDGE('',*,*,#3162,.T.);
#3880 = FACE_BOUND('',#3881,.T.);
#3881 = EDGE_LOOP('',(#3882,#3890,#3891,#3892));
#3882 = ORIENTED_EDGE('',*,*,#3883,.F.);
#3883 = EDGE_CURVE('',#3789,#3884,#3886,.T.);
#3884 = VERTEX_POINT('',#3885);
#3885 = CARTESIAN_POINT('',(23.579578423864,7.441933070542,2.75780184606
    ));
#3886 = LINE('',#3887,#3888);
#3887 = CARTESIAN_POINT('',(23.579578819268,-3.727712003009,
    2.757801846061));
#3888 = VECTOR('',#3889,1.);
#3889 = DIRECTION('',(-3.539987262E-08,1.,-2.833E-14));
#3890 = ORIENTED_EDGE('',*,*,#3788,.F.);
#3891 = ORIENTED_EDGE('',*,*,#1457,.F.);
#3892 = ORIENTED_EDGE('',*,*,#3893,.F.);
#3893 = EDGE_CURVE('',#3884,#1450,#3894,.T.);
#3894 = LINE('',#3895,#3896);
#3895 = CARTESIAN_POINT('',(26.733145924299,3.153363893808,
    -1.530767442315));
#3896 = VECTOR('',#3897,1.);
#3897 = DIRECTION('',(-0.461328791855,0.627365812471,0.627365828802));
#3898 = PLANE('',#3899);
#3899 = AXIS2_PLACEMENT_3D('',#3900,#3901,#3902);
#3900 = CARTESIAN_POINT('',(22.484971030518,-11.76220707218,
    4.246370836815));
#3901 = DIRECTION('',(0.805632401654,2.851930092E-08,0.592415760598));
#3902 = DIRECTION('',(-3.539988165863E-08,1.,-1.559899090749E-14));
#3903 = ADVANCED_FACE('',(#3904),#3946,.T.);
#3904 = FACE_BOUND('',#3905,.T.);
#3905 = EDGE_LOOP('',(#3906,#3914,#3922,#3930,#3936,#3937,#3943,#3944,
    #3945));
#3906 = ORIENTED_EDGE('',*,*,#3907,.F.);
#3907 = EDGE_CURVE('',#3908,#3829,#3910,.T.);
#3908 = VERTEX_POINT('',#3909);
#3909 = CARTESIAN_POINT('',(17.40202635261,11.716365600227,
    -8.075973869888));
#3910 = LINE('',#3911,#3912);
#3911 = CARTESIAN_POINT('',(16.644199822634,13.31877838747,
    -5.12704368504));
#3912 = VECTOR('',#3913,1.);
#3913 = DIRECTION('',(0.220255446373,-0.465726825033,-0.85707996289));
#3914 = ORIENTED_EDGE('',*,*,#3915,.T.);
#3915 = EDGE_CURVE('',#3908,#3916,#3918,.T.);
#3916 = VERTEX_POINT('',#3917);
#3917 = CARTESIAN_POINT('',(21.16847699559,11.716365733559,
    3.985005502809));
#3918 = LINE('',#3919,#3920);
#3919 = CARTESIAN_POINT('',(19.84908885544,11.716365686853,
    -0.239957108229));
#3920 = VECTOR('',#3921,1.);
#3921 = DIRECTION('',(0.298087133191,1.055226595E-08,0.954538663976));
#3922 = ORIENTED_EDGE('',*,*,#3923,.F.);
#3923 = EDGE_CURVE('',#3924,#3916,#3926,.T.);
#3924 = VERTEX_POINT('',#3925);
#3925 = CARTESIAN_POINT('',(21.183753110617,11.70513255747,
    3.996238679438));
#3926 = LINE('',#3927,#3928);
#3927 = CARTESIAN_POINT('',(17.409175982301,14.48073940986,
    1.220631693422));
#3928 = VECTOR('',#3929,1.);
#3929 = DIRECTION('',(-0.693132502183,0.509689763192,-0.509689787729));
#3930 = ORIENTED_EDGE('',*,*,#3931,.F.);
#3931 = EDGE_CURVE('',#3859,#3924,#3932,.T.);
#3932 = LINE('',#3933,#3934);
#3933 = CARTESIAN_POINT('',(18.138052916941,14.612370945152,
    3.996238679438));
#3934 = VECTOR('',#3935,1.);
#3935 = DIRECTION('',(-0.723358021933,0.690473150894,5.08E-15));
#3936 = ORIENTED_EDGE('',*,*,#3858,.F.);
#3937 = ORIENTED_EDGE('',*,*,#3938,.T.);
#3938 = EDGE_CURVE('',#3851,#3653,#3939,.T.);
#3939 = LINE('',#3940,#3941);
#3940 = CARTESIAN_POINT('',(25.309492117331,7.91265053346,4.485005502813
    ));
#3941 = VECTOR('',#3942,1.);
#3942 = DIRECTION('',(-0.298087133191,-1.05522658E-08,-0.954538663976));
#3943 = ORIENTED_EDGE('',*,*,#3685,.F.);
#3944 = ORIENTED_EDGE('',*,*,#1433,.T.);
#3945 = ORIENTED_EDGE('',*,*,#3836,.T.);
#3946 = PLANE('',#3947);
#3947 = AXIS2_PLACEMENT_3D('',#3948,#3949,#3950);
#3948 = CARTESIAN_POINT('',(20.525555486827,11.00768136742,
    -0.451206792482));
#3949 = DIRECTION('',(0.67496073717,0.707106805081,-0.210779433264));
#3950 = DIRECTION('',(-0.723358021933,0.690473150894,1.56624713199E-13)
  );
#3951 = ADVANCED_FACE('',(#3952),#3963,.T.);
#3952 = FACE_BOUND('',#3953,.T.);
#3953 = EDGE_LOOP('',(#3954,#3960,#3961,#3962));
#3954 = ORIENTED_EDGE('',*,*,#3955,.F.);
#3955 = EDGE_CURVE('',#3884,#3671,#3956,.T.);
#3956 = LINE('',#3957,#3958);
#3957 = CARTESIAN_POINT('',(21.719477549034,7.441933004694,
    -3.198638423304));
#3958 = VECTOR('',#3959,1.);
#3959 = DIRECTION('',(-0.298087133191,-1.055226579E-08,-0.954538663976)
  );
#3960 = ORIENTED_EDGE('',*,*,#3893,.T.);
#3961 = ORIENTED_EDGE('',*,*,#1449,.F.);
#3962 = ORIENTED_EDGE('',*,*,#3678,.F.);
#3963 = PLANE('',#3964);
#3964 = AXIS2_PLACEMENT_3D('',#3965,#3966,#3967);
#3965 = CARTESIAN_POINT('',(21.859266505108,7.295486400243,
    -3.242292273267));
#3966 = DIRECTION('',(-0.67496073717,-0.707106805081,0.210779433264));
#3967 = DIRECTION('',(-0.674960787234,0.707106757293,0.210779433264));
#3968 = ADVANCED_FACE('',(#3969),#3980,.F.);
#3969 = FACE_BOUND('',#3970,.F.);
#3970 = EDGE_LOOP('',(#3971,#3972,#3978,#3979));
#3971 = ORIENTED_EDGE('',*,*,#3628,.F.);
#3972 = ORIENTED_EDGE('',*,*,#3973,.T.);
#3973 = EDGE_CURVE('',#3620,#2595,#3974,.T.);
#3974 = LINE('',#3975,#3976);
#3975 = CARTESIAN_POINT('',(-6.076020141E-08,1.716364984198,
    -22.58582988548));
#3976 = VECTOR('',#3977,1.);
#3977 = DIRECTION('',(-3.539988028E-08,1.,-1.752E-14));
#3978 = ORIENTED_EDGE('',*,*,#2621,.T.);
#3979 = ORIENTED_EDGE('',*,*,#1652,.F.);
#3980 = CYLINDRICAL_SURFACE('',#3981,11.25);
#3981 = AXIS2_PLACEMENT_3D('',#3982,#3983,#3984);
#3982 = CARTESIAN_POINT('',(-7.4886155451E-07,1.716364984198,
    -11.33582988548));
#3983 = DIRECTION('',(-3.539990152E-08,1.,-1.752E-14));
#3984 = DIRECTION('',(0.737513928898,2.61079086208E-08,-0.675331921859)
  );
#3985 = ADVANCED_FACE('',(#3986),#4003,.F.);
#3986 = FACE_BOUND('',#3987,.F.);
#3987 = EDGE_LOOP('',(#3988,#3996,#3997));
#3988 = ORIENTED_EDGE('',*,*,#3989,.T.);
#3989 = EDGE_CURVE('',#3990,#1865,#3992,.T.);
#3990 = VERTEX_POINT('',#3991);
#3991 = CARTESIAN_POINT('',(13.503465348049,-21.02501781213,
    -2.985829794896));
#3992 = LINE('',#3993,#3994);
#3993 = CARTESIAN_POINT('',(12.641839363478,-16.49605826467,
    -2.985829794896));
#3994 = VECTOR('',#3995,1.);
#3995 = DIRECTION('',(0.186895884319,-0.982379727206,0.));
#3996 = ORIENTED_EDGE('',*,*,#1862,.F.);
#3997 = ORIENTED_EDGE('',*,*,#3998,.F.);
#3998 = EDGE_CURVE('',#3990,#1863,#3999,.T.);
#3999 = LINE('',#4000,#4001);
#4000 = CARTESIAN_POINT('',(-248.5996246636,-21.02502709054,
    -2.985829794896));
#4001 = VECTOR('',#4002,1.);
#4002 = DIRECTION('',(1.,3.539985516E-08,2.943E-14));
#4003 = PLANE('',#4004);
#4004 = AXIS2_PLACEMENT_3D('',#4005,#4006,#4007);
#4005 = CARTESIAN_POINT('',(1.750000846803,-19.03363495385,
    -2.985829794896));
#4006 = DIRECTION('',(0.,0.,1.));
#4007 = DIRECTION('',(1.,0.,0.));
#4008 = ADVANCED_FACE('',(#4009),#4068,.F.);
#4009 = FACE_BOUND('',#4010,.F.);
#4010 = EDGE_LOOP('',(#4011,#4019,#4020,#4021,#4030,#4038,#4046,#4054,
    #4062));
#4011 = ORIENTED_EDGE('',*,*,#4012,.F.);
#4012 = EDGE_CURVE('',#1916,#4013,#4015,.T.);
#4013 = VERTEX_POINT('',#4014);
#4014 = CARTESIAN_POINT('',(14.999437393049,-28.33770854605,
    -2.572434275559));
#4015 = LINE('',#4016,#4017);
#4016 = CARTESIAN_POINT('',(12.737160957815,-25.11328126221,
    -9.079776305157));
#4017 = VECTOR('',#4018,1.);
#4018 = DIRECTION('',(0.297409771023,-0.423898761987,0.8554865678));
#4019 = ORIENTED_EDGE('',*,*,#1923,.F.);
#4020 = ORIENTED_EDGE('',*,*,#3989,.F.);
#4021 = ORIENTED_EDGE('',*,*,#4022,.F.);
#4022 = EDGE_CURVE('',#4023,#3990,#4025,.T.);
#4023 = VERTEX_POINT('',#4024);
#4024 = CARTESIAN_POINT('',(14.015268479514,-21.78781700187,
    -1.538671635893));
#4025 = ELLIPSE('',#4026,18.2424263405,17.390340002837);
#4026 = AXIS2_PLACEMENT_3D('',#4027,#4028,#4029);
#4027 = CARTESIAN_POINT('',(12.888199345492,-6.039399226551,
    5.837727331853));
#4028 = DIRECTION('',(0.95329094722,0.181361798966,-0.241545581257));
#4029 = DIRECTION('',(-0.302053587877,0.572383661137,-0.762325766661));
#4030 = ORIENTED_EDGE('',*,*,#4031,.F.);
#4031 = EDGE_CURVE('',#4032,#4023,#4034,.T.);
#4032 = VERTEX_POINT('',#4033);
#4033 = CARTESIAN_POINT('',(15.912149053357,-24.38198584416,
    3.999810765571));
#4034 = LINE('',#4035,#4036);
#4035 = CARTESIAN_POINT('',(-2.772704883541,1.171370847904,
    -50.55593519454));
#4036 = VECTOR('',#4037,1.);
#4037 = DIRECTION('',(-0.296233383027,0.40512798902,-0.864937625088));
#4038 = ORIENTED_EDGE('',*,*,#4039,.F.);
#4039 = EDGE_CURVE('',#4040,#4032,#4042,.T.);
#4040 = VERTEX_POINT('',#4041);
#4041 = CARTESIAN_POINT('',(17.076843980584,-30.50396487572,
    3.999810765571));
#4042 = LINE('',#4043,#4044);
#4043 = CARTESIAN_POINT('',(14.889299716113,-19.00558894512,
    3.999810765571));
#4044 = VECTOR('',#4045,1.);
#4045 = DIRECTION('',(-0.186895884319,0.982379727206,-1.269E-14));
#4046 = ORIENTED_EDGE('',*,*,#4047,.F.);
#4047 = EDGE_CURVE('',#4048,#4040,#4050,.T.);
#4048 = VERTEX_POINT('',#4049);
#4049 = CARTESIAN_POINT('',(17.078480684956,-30.515593059,3.997539340123
    ));
#4050 = LINE('',#4051,#4052);
#4051 = CARTESIAN_POINT('',(15.733239918733,-20.95815160448,
    5.864470331316));
#4052 = VECTOR('',#4053,1.);
#4053 = DIRECTION('',(-0.136842824057,0.972217994162,0.189911066903));
#4054 = ORIENTED_EDGE('',*,*,#4055,.T.);
#4055 = EDGE_CURVE('',#4048,#4056,#4058,.T.);
#4056 = VERTEX_POINT('',#4057);
#4057 = CARTESIAN_POINT('',(15.759140772229,-30.34648819862,
    -1.082436153632));
#4058 = LINE('',#4059,#4060);
#4059 = CARTESIAN_POINT('',(13.265575895465,-30.0268784178,
    -10.6836377423));
#4060 = VECTOR('',#4061,1.);
#4061 = DIRECTION('',(-0.251244028833,3.220291147684E-02,-0.967387931736
    ));
#4062 = ORIENTED_EDGE('',*,*,#4063,.F.);
#4063 = EDGE_CURVE('',#4013,#4056,#4064,.T.);
#4064 = LINE('',#4065,#4066);
#4065 = CARTESIAN_POINT('',(13.302062327219,-23.84957059453,
    -5.901476799175));
#4066 = VECTOR('',#4067,1.);
#4067 = DIRECTION('',(0.290640506553,-0.76850107383,0.57002999524));
#4068 = PLANE('',#4069);
#4069 = AXIS2_PLACEMENT_3D('',#4070,#4071,#4072);
#4070 = CARTESIAN_POINT('',(11.410750601361,-16.26484555222,
    -7.670877696779));
#4071 = DIRECTION('',(0.95329094722,0.181361798966,-0.241545581257));
#4072 = DIRECTION('',(0.302053587877,-0.572383661137,0.762325766661));
#4073 = ADVANCED_FACE('',(#4074),#4094,.T.);
#4074 = FACE_BOUND('',#4075,.T.);
#4075 = EDGE_LOOP('',(#4076,#4077,#4078,#4079,#4080,#4088));
#4076 = ORIENTED_EDGE('',*,*,#4012,.F.);
#4077 = ORIENTED_EDGE('',*,*,#1915,.F.);
#4078 = ORIENTED_EDGE('',*,*,#3554,.T.);
#4079 = ORIENTED_EDGE('',*,*,#3521,.T.);
#4080 = ORIENTED_EDGE('',*,*,#4081,.F.);
#4081 = EDGE_CURVE('',#4082,#3522,#4084,.T.);
#4082 = VERTEX_POINT('',#4083);
#4083 = CARTESIAN_POINT('',(21.355044091797,-29.21194198172,
    -4.140588846469));
#4084 = LINE('',#4085,#4086);
#4085 = CARTESIAN_POINT('',(21.256327210156,-29.05798144408,
    -4.456701367325));
#4086 = VECTOR('',#4087,1.);
#4087 = DIRECTION('',(-0.270304073549,0.421570857991,-0.865571325493));
#4088 = ORIENTED_EDGE('',*,*,#4089,.F.);
#4089 = EDGE_CURVE('',#4013,#4082,#4090,.T.);
#4090 = LINE('',#4091,#4092);
#4091 = CARTESIAN_POINT('',(18.926731964952,-28.87792010873,
    -3.541437743861));
#4092 = VECTOR('',#4093,1.);
#4093 = DIRECTION('',(0.962339859621,-0.132372835771,-0.237443523673));
#4094 = PLANE('',#4095);
#4095 = AXIS2_PLACEMENT_3D('',#4096,#4097,#4098);
#4096 = CARTESIAN_POINT('',(17.626189311615,-26.67939502826,
    -8.118783988413));
#4097 = DIRECTION('',(-0.215997855176,-0.90267403404,-0.372188816099));
#4098 = DIRECTION('',(0.972587078758,-0.232538523748,-4.573906462893E-04
    ));
#4099 = ADVANCED_FACE('',(#4100),#4113,.F.);
#4100 = FACE_BOUND('',#4101,.F.);
#4101 = EDGE_LOOP('',(#4102,#4103,#4104,#4105,#4111,#4112));
#4102 = ORIENTED_EDGE('',*,*,#1872,.T.);
#4103 = ORIENTED_EDGE('',*,*,#3398,.T.);
#4104 = ORIENTED_EDGE('',*,*,#3440,.F.);
#4105 = ORIENTED_EDGE('',*,*,#4106,.T.);
#4106 = EDGE_CURVE('',#3432,#4023,#4107,.T.);
#4107 = LINE('',#4108,#4109);
#4108 = CARTESIAN_POINT('',(-248.5996246366,-21.7878262984,
    -1.538671635901));
#4109 = VECTOR('',#4110,1.);
#4110 = DIRECTION('',(-1.,-3.539985516E-08,-2.943E-14));
#4111 = ORIENTED_EDGE('',*,*,#4022,.T.);
#4112 = ORIENTED_EDGE('',*,*,#3998,.T.);
#4113 = CYLINDRICAL_SURFACE('',#4114,17.390340002837);
#4114 = AXIS2_PLACEMENT_3D('',#4115,#4116,#4117);
#4115 = CARTESIAN_POINT('',(-248.5996251941,-6.039408483182,
    5.837727331845));
#4116 = DIRECTION('',(1.,3.539985516E-08,2.943E-14));
#4117 = DIRECTION('',(2.658510208895E-08,-0.750994108193,-0.660308904573
    ));
#4118 = ADVANCED_FACE('',(#4119),#4140,.T.);
#4119 = FACE_BOUND('',#4120,.T.);
#4120 = EDGE_LOOP('',(#4121,#4122,#4133));
#4121 = ORIENTED_EDGE('',*,*,#2062,.T.);
#4122 = ORIENTED_EDGE('',*,*,#4123,.T.);
#4123 = EDGE_CURVE('',#2065,#4124,#4126,.T.);
#4124 = VERTEX_POINT('',#4125);
#4125 = CARTESIAN_POINT('',(11.416784355585,-6.838090200155,
    -30.23108640345));
#4126 = B_SPLINE_CURVE_WITH_KNOTS('',3,(#4127,#4128,#4129,#4130,#4131,
    #4132),.UNSPECIFIED.,.F.,.F.,(4,2,4),(-0.714904505154,
    -0.502138200602,0.),.UNSPECIFIED.);
#4127 = CARTESIAN_POINT('',(11.729789636447,-10.53363460057,
    -25.58944291522));
#4128 = CARTESIAN_POINT('',(11.758929133103,-10.40301154331,
    -26.08999667911));
#4129 = CARTESIAN_POINT('',(11.78501195504,-10.20491866324,
    -26.54600038921));
#4130 = CARTESIAN_POINT('',(11.831919749559,-9.23483079899,
    -28.0862080485));
#4131 = CARTESIAN_POINT('',(11.7861716116,-8.067048874264,
    -29.15647019587));
#4132 = CARTESIAN_POINT('',(11.416784355585,-6.838090200157,
    -30.23108640344));
#4133 = ORIENTED_EDGE('',*,*,#4134,.F.);
#4134 = EDGE_CURVE('',#2063,#4124,#4135,.T.);
#4135 = B_SPLINE_CURVE_WITH_KNOTS('',3,(#4136,#4137,#4138,#4139),
  .UNSPECIFIED.,.F.,.F.,(4,4),(-1.1E-16,4.982348903869E-02),
  .PIECEWISE_BEZIER_KNOTS.);
#4136 = CARTESIAN_POINT('',(12.000000722897,-10.533634591,
    -30.23108640344));
#4137 = CARTESIAN_POINT('',(12.000000678569,-9.281433733884,
    -30.23108640344));
#4138 = CARTESIAN_POINT('',(11.802414721058,-8.029432387689,
    -30.23108640344));
#4139 = CARTESIAN_POINT('',(11.416784355585,-6.838090200155,
    -30.23108640344));
#4140 = B_SPLINE_SURFACE_WITH_KNOTS('',3,3,(
    (#4141,#4142,#4143,#4144)
    ,(#4145,#4146,#4147,#4148)
    ,(#4149,#4150,#4151,#4152)
    ,(#4153,#4154,#4155,#4156
    )),.UNSPECIFIED.,.F.,.F.,.F.,(4,4),(4,4),(-1.1E-16,
    4.982348903869E-02),(0.753970774709,1.),.PIECEWISE_BEZIER_KNOTS.);
#4141 = CARTESIAN_POINT('',(11.729789636447,-10.53363460057,
    -25.58944291522));
#4142 = CARTESIAN_POINT('',(11.819859998597,-10.53363459738,
    -27.1366574113));
#4143 = CARTESIAN_POINT('',(11.909930360747,-10.53363459419,
    -28.68387190737));
#4144 = CARTESIAN_POINT('',(12.000000722897,-10.533634591,
    -30.23108640344));
#4145 = CARTESIAN_POINT('',(11.729789592152,-9.282353126097,
    -25.58944291522));
#4146 = CARTESIAN_POINT('',(11.819887838171,-9.28204296496,
    -27.1366574113));
#4147 = CARTESIAN_POINT('',(11.90990243256,-9.281743895021,
    -28.68387190737));
#4148 = CARTESIAN_POINT('',(12.000000678569,-9.281433733884,
    -30.23108640344));
#4149 = CARTESIAN_POINT('',(11.580815543822,-8.031222077033,
    -25.58944291522));
#4150 = CARTESIAN_POINT('',(11.65470960347,-8.030620444125,
    -27.1366574113));
#4151 = CARTESIAN_POINT('',(11.72852066141,-8.030034020596,
    -28.68387190737));
#4152 = CARTESIAN_POINT('',(11.802414721058,-8.029432387689,
    -30.23108640344));
#4153 = CARTESIAN_POINT('',(11.290061507541,-6.825826260817,
    -25.58944291522));
#4154 = CARTESIAN_POINT('',(11.332302456886,-6.829914240595,
    -27.1366574113));
#4155 = CARTESIAN_POINT('',(11.37454340624,-6.834002220375,
    -28.68387190737));
#4156 = CARTESIAN_POINT('',(11.416784355585,-6.838090200155,
    -30.23108640344));
#4157 = ADVANCED_FACE('',(#4158),#4212,.F.);
#4158 = FACE_BOUND('',#4159,.F.);
#4159 = EDGE_LOOP('',(#4160,#4171,#4188,#4201,#4210,#4211));
#4160 = ORIENTED_EDGE('',*,*,#4161,.F.);
#4161 = EDGE_CURVE('',#4162,#4124,#4164,.T.);
#4162 = VERTEX_POINT('',#4163);
#4163 = CARTESIAN_POINT('',(5.347238687199,-6.838090415015,
    -30.23108640345));
#4164 = B_SPLINE_CURVE_WITH_KNOTS('',3,(#4165,#4166,#4167,#4168,#4169,
    #4170),.UNSPECIFIED.,.F.,.F.,(4,2,4),(-1.500210480958,
    -0.989569863218,-0.893255914119),.UNSPECIFIED.);
#4165 = CARTESIAN_POINT('',(5.347238687199,-6.838090415016,
    -30.23108640345));
#4166 = CARTESIAN_POINT('',(7.049374079665,-6.838090354761,
    -30.23108640345));
#4167 = CARTESIAN_POINT('',(8.751509472132,-6.838090294505,
    -30.23108640345));
#4168 = CARTESIAN_POINT('',(10.774691361595,-6.838090222885,
    -30.23108640345));
#4169 = CARTESIAN_POINT('',(11.095737858585,-6.83809021152,
    -30.23108640345));
#4170 = CARTESIAN_POINT('',(11.416784355585,-6.838090200155,
    -30.23108640345));
#4171 = ORIENTED_EDGE('',*,*,#4172,.T.);
#4172 = EDGE_CURVE('',#4162,#4173,#4175,.T.);
#4173 = VERTEX_POINT('',#4174);
#4174 = CARTESIAN_POINT('',(2.202568627968,-10.53363493783,
    -25.58944291522));
#4175 = B_SPLINE_CURVE_WITH_KNOTS('',3,(#4176,#4177,#4178,#4179,#4180,
    #4181,#4182,#4183,#4184,#4185,#4186,#4187),.UNSPECIFIED.,.F.,.F.,(4,
    2,2,2,2,4),(-0.739594615676,-0.700294890188,-0.657173854765,
    -0.556805742861,-0.33553629478,0.),.UNSPECIFIED.);
#4176 = CARTESIAN_POINT('',(5.347238687199,-6.838090415015,
    -30.23108640345));
#4177 = CARTESIAN_POINT('',(5.398783608942,-6.912672912089,
    -30.16587057239));
#4178 = CARTESIAN_POINT('',(5.432583421679,-6.992491901069,
    -30.09575828373));
#4179 = CARTESIAN_POINT('',(5.474668154741,-7.165081104271,
    -29.94318240079));
#4180 = CARTESIAN_POINT('',(5.480028348847,-7.257863482039,
    -29.86060664826));
#4181 = CARTESIAN_POINT('',(5.461558789452,-7.560910041895,
    -29.5886806704));
#4182 = CARTESIAN_POINT('',(5.38854995787,-7.780326028167,
    -29.38787185142));
#4183 = CARTESIAN_POINT('',(5.097411833426,-8.411618834372,
    -28.79430304153));
#4184 = CARTESIAN_POINT('',(4.743114139575,-8.884065003042,
    -28.32797436881));
#4185 = CARTESIAN_POINT('',(3.661175805242,-9.921755768815,
    -27.10023520661));
#4186 = CARTESIAN_POINT('',(2.929697553066,-10.31904995931,
    -26.41174265991));
#4187 = CARTESIAN_POINT('',(2.202568627968,-10.53363493783,
    -25.58944291522));
#4188 = ORIENTED_EDGE('',*,*,#4189,.T.);
#4189 = EDGE_CURVE('',#4173,#4190,#4192,.T.);
#4190 = VERTEX_POINT('',#4191);
#4191 = CARTESIAN_POINT('',(0.567946370711,-10.7447411087,
    -23.05108636555));
#4192 = B_SPLINE_CURVE_WITH_KNOTS('',3,(#4193,#4194,#4195,#4196,#4197,
    #4198,#4199,#4200),.UNSPECIFIED.,.F.,.F.,(4,2,2,4),(-0.323093349167,
    -0.165147365838,-6.241616149402E-02,-3.224557968929E-02),
  .UNSPECIFIED.);
#4193 = CARTESIAN_POINT('',(2.202568627968,-10.53363493783,
    -25.58944291522));
#4194 = CARTESIAN_POINT('',(1.789944722995,-10.64840683044,
    -25.14963162015));
#4195 = CARTESIAN_POINT('',(1.41054836785,-10.7035798909,-24.7059680553)
  );
#4196 = CARTESIAN_POINT('',(0.927706323024,-10.74754777006,
    -23.98507933085));
#4197 = CARTESIAN_POINT('',(0.749791587759,-10.75389519603,
    -23.66804195645));
#4198 = CARTESIAN_POINT('',(0.611546845463,-10.74925937039,
    -23.24745940905));
#4199 = CARTESIAN_POINT('',(0.585841181266,-10.74738075871,
    -23.14989122419));
#4200 = CARTESIAN_POINT('',(0.567946377352,-10.74474110968,
    -23.05108636432));
#4201 = ORIENTED_EDGE('',*,*,#4202,.T.);
#4202 = EDGE_CURVE('',#4190,#2653,#4203,.T.);
#4203 = B_SPLINE_CURVE_WITH_KNOTS('',3,(#4204,#4205,#4206,#4207,#4208,
    #4209),.UNSPECIFIED.,.F.,.F.,(4,2,4),(1.E-03,0.989569863218,
    1.102292116815),.UNSPECIFIED.);
#4204 = CARTESIAN_POINT('',(0.567946370711,-10.74474111072,
    -23.05108640345));
#4205 = CARTESIAN_POINT('',(3.863179248105,-10.74474099407,
    -23.05108640345));
#4206 = CARTESIAN_POINT('',(7.158412125499,-10.74474087742,
    -23.05108640345));
#4207 = CARTESIAN_POINT('',(10.82938584821,-10.74474074747,
    -23.05108640345));
#4208 = CARTESIAN_POINT('',(11.20512669354,-10.74474073417,
    -23.05108640345));
#4209 = CARTESIAN_POINT('',(11.58086753886,-10.74474072087,
    -23.05108640345));
#4210 = ORIENTED_EDGE('',*,*,#2661,.T.);
#4211 = ORIENTED_EDGE('',*,*,#4123,.T.);
#4212 = B_SPLINE_SURFACE_WITH_KNOTS('',3,1,(
    (#4213,#4214)
    ,(#4215,#4216)
    ,(#4217,#4218)
    ,(#4219,#4220)
    ,(#4221,#4222)
    ,(#4223,#4224)
    ,(#4225,#4226)
    ,(#4227,#4228)
    ,(#4229,#4230)
    ,(#4231,#4232)
    ,(#4233,#4234)
    ,(#4235,#4236)
    ,(#4237,#4238)
    ,(#4239,#4240)
    ,(#4241,#4242)
    ,(#4243,#4244)
    ,(#4245,#4246)
    ,(#4247,#4248)
    ,(#4249,#4250
    )),.UNSPECIFIED.,.F.,.F.,.F.,(4,3,3,3,3,3,4),(2,2),(-0.202312577615,
    0.,0.174144055956,0.466298016749,0.694715272236,0.888398737599,
    1.150791327866),(-0.669205470968,1.309934255469),.UNSPECIFIED.);
#4213 = CARTESIAN_POINT('',(0.557946101911,-3.151495100587,
    -33.43244410752));
#4214 = CARTESIAN_POINT('',(20.34934336627,-3.151494399974,
    -33.43244410752));
#4215 = CARTESIAN_POINT('',(0.557946143367,-4.322582176663,
    -32.41566504466));
#4216 = CARTESIAN_POINT('',(20.349343407726,-4.32258147605,
    -32.41566504466));
#4217 = CARTESIAN_POINT('',(0.557946184824,-5.493669252739,
    -31.39888598179));
#4218 = CARTESIAN_POINT('',(20.349343449183,-5.493668552126,
    -31.39888598179));
#4219 = CARTESIAN_POINT('',(0.55794622628,-6.664756328815,
    -30.38210691892));
#4220 = CARTESIAN_POINT('',(20.349343490639,-6.664755628202,
    -30.38210691892));
#4221 = CARTESIAN_POINT('',(0.557946262068,-7.67572712721,
    -29.50434645006));
#4222 = CARTESIAN_POINT('',(20.349343526427,-7.675726426597,
    -29.50434645006));
#4223 = CARTESIAN_POINT('',(0.557946282537,-8.253950222551,
    -28.95507167966));
#4224 = CARTESIAN_POINT('',(20.349343546896,-8.253949521938,
    -28.95507167966));
#4225 = CARTESIAN_POINT('',(0.557946298833,-8.71427081214,
    -28.47972686068));
#4226 = CARTESIAN_POINT('',(20.349343563192,-8.714270111527,
    -28.47972686068));
#4227 = CARTESIAN_POINT('',(0.557946326171,-9.486530782455,
    -27.68226138967));
#4228 = CARTESIAN_POINT('',(20.34934359053,-9.486530081842,
    -27.68226138967));
#4229 = CARTESIAN_POINT('',(0.557946340303,-9.885742585698,
    -27.13081807596));
#4230 = CARTESIAN_POINT('',(20.349343604662,-9.885741885085,
    -27.13081807596));
#4231 = CARTESIAN_POINT('',(0.55794635087,-10.18424952348,
    -26.52770237614));
#4232 = CARTESIAN_POINT('',(20.349343615229,-10.18424882287,
    -26.52770237614));
#4233 = CARTESIAN_POINT('',(0.557946359131,-10.41763378187,
    -26.05616321741));
#4234 = CARTESIAN_POINT('',(20.34934362349,-10.41763308126,
    -26.05616321741));
#4235 = CARTESIAN_POINT('',(0.557946364585,-10.57169654458,
    -25.5743005962));
#4236 = CARTESIAN_POINT('',(20.349343628944,-10.57169584397,
    -25.5743005962));
#4237 = CARTESIAN_POINT('',(0.557946367831,-10.66337262716,
    -24.93851808296));
#4238 = CARTESIAN_POINT('',(20.34934363219,-10.66337192655,
    -24.93851808296));
#4239 = CARTESIAN_POINT('',(0.557946370582,-10.74110817883,
    -24.39941450201));
#4240 = CARTESIAN_POINT('',(20.349343634941,-10.74110747822,
    -24.39941450201));
#4241 = CARTESIAN_POINT('',(0.557946371864,-10.77732393942,
    -23.77861798757));
#4242 = CARTESIAN_POINT('',(20.349343636223,-10.7773232388,
    -23.77861798757));
#4243 = CARTESIAN_POINT('',(0.557946370312,-10.7334626462,
    -22.72278518461));
#4244 = CARTESIAN_POINT('',(20.349343634671,-10.73346194559,
    -22.72278518461));
#4245 = CARTESIAN_POINT('',(0.557946368226,-10.6745298164,
    -21.30414906344));
#4246 = CARTESIAN_POINT('',(20.349343632585,-10.67452911579,
    -21.30414906344));
#4247 = CARTESIAN_POINT('',(0.557946366139,-10.6155969866,
    -19.88551294228));
#4248 = CARTESIAN_POINT('',(20.349343630498,-10.61559628599,
    -19.88551294228));
#4249 = CARTESIAN_POINT('',(0.557946364053,-10.5566641568,
    -18.46687682111));
#4250 = CARTESIAN_POINT('',(20.349343628412,-10.55666345618,
    -18.46687682111));
#4251 = ADVANCED_FACE('',(#4252),#4377,.T.);
#4252 = FACE_BOUND('',#4253,.T.);
#4253 = EDGE_LOOP('',(#4254,#4255,#4266,#4276,#4277,#4278,#4279,#4290,
    #4302,#4311,#4312,#4323,#4335,#4344,#4345,#4356,#4368));
#4254 = ORIENTED_EDGE('',*,*,#2110,.F.);
#4255 = ORIENTED_EDGE('',*,*,#4256,.F.);
#4256 = EDGE_CURVE('',#4257,#2098,#4259,.T.);
#4257 = VERTEX_POINT('',#4258);
#4258 = CARTESIAN_POINT('',(0.18904060097,-11.97199533175,
    -23.05108640352));
#4259 = B_SPLINE_CURVE_WITH_KNOTS('',3,(#4260,#4261,#4262,#4263,#4264,
    #4265),.UNSPECIFIED.,.F.,.F.,(4,2,4),(0.57351130658,1.245064295011,
    1.505896208347),.UNSPECIFIED.);
#4260 = CARTESIAN_POINT('',(0.189040600974,-11.97199533175,
    -23.05108640345));
#4261 = CARTESIAN_POINT('',(0.189040680217,-14.21050529319,
    -23.05108640345));
#4262 = CARTESIAN_POINT('',(0.18904075946,-16.44901525462,
    -23.05108640345));
#4263 = CARTESIAN_POINT('',(0.189040869481,-19.55696492718,
    -23.05108640345));
#4264 = CARTESIAN_POINT('',(0.189040900259,-20.4264046383,
    -23.05108640345));
#4265 = CARTESIAN_POINT('',(0.189040931037,-21.29584434942,
    -23.05108640345));
#4266 = ORIENTED_EDGE('',*,*,#4267,.T.);
#4267 = EDGE_CURVE('',#4257,#4190,#4268,.T.);
#4268 = B_SPLINE_CURVE_WITH_KNOTS('',3,(#4269,#4270,#4271,#4272,#4273,
    #4274,#4275),.UNSPECIFIED.,.F.,.F.,(4,3,4),(-0.151927380656,
    -0.107951786172,-2.212704211595E-02),.UNSPECIFIED.);
#4269 = CARTESIAN_POINT('',(0.189046738013,-11.97198721553,
    -23.05108640352));
#4270 = CARTESIAN_POINT('',(0.232993638864,-11.83456880336,
    -23.05108640352));
#4271 = CARTESIAN_POINT('',(0.276689498574,-11.69664493902,
    -23.05108640352));
#4272 = CARTESIAN_POINT('',(0.319961265842,-11.5582999811,
    -23.05108640352));
#4273 = CARTESIAN_POINT('',(0.404412389111,-11.28829975157,
    -23.05108640352));
#4274 = CARTESIAN_POINT('',(0.487248179143,-11.01669561124,
    -23.05108640352));
#4275 = CARTESIAN_POINT('',(0.567932392892,-10.74473681738,
    -23.05108640352));
#4276 = ORIENTED_EDGE('',*,*,#4202,.T.);
#4277 = ORIENTED_EDGE('',*,*,#2652,.F.);
#4278 = ORIENTED_EDGE('',*,*,#2300,.F.);
#4279 = ORIENTED_EDGE('',*,*,#4280,.F.);
#4280 = EDGE_CURVE('',#4281,#2288,#4283,.T.);
#4281 = VERTEX_POINT('',#4282);
#4282 = CARTESIAN_POINT('',(0.574485746817,-10.34459551742,
    -23.05108638691));
#4283 = B_SPLINE_CURVE_WITH_KNOTS('',3,(#4284,#4285,#4286,#4287,#4288,
    #4289),.UNSPECIFIED.,.F.,.F.,(4,2,4),(1.E-03,1.002002423824,
    1.101661020583),.UNSPECIFIED.);
#4284 = CARTESIAN_POINT('',(0.574485746817,-10.34459551832,
    -23.05108640345));
#4285 = CARTESIAN_POINT('',(3.911160492896,-10.3445954002,
    -23.05108640345));
#4286 = CARTESIAN_POINT('',(7.247835238975,-10.34459528209,
    -23.05108640345));
#4287 = CARTESIAN_POINT('',(10.916705307575,-10.34459515221,
    -23.05108640345));
#4288 = CARTESIAN_POINT('',(11.248900630105,-10.34459514045,
    -23.05108640345));
#4289 = CARTESIAN_POINT('',(11.581095952635,-10.34459512869,
    -23.05108640345));
#4290 = ORIENTED_EDGE('',*,*,#4291,.T.);
#4291 = EDGE_CURVE('',#4281,#4292,#4294,.T.);
#4292 = VERTEX_POINT('',#4293);
#4293 = CARTESIAN_POINT('',(0.211107139477,-9.164395153026,
    -23.05108640345));
#4294 = B_SPLINE_CURVE_WITH_KNOTS('',3,(#4295,#4296,#4297,#4298,#4299,
    #4300,#4301),.UNSPECIFIED.,.F.,.F.,(4,3,4),(-0.197587729116,
    -8.59934558305E-02,-7.040420175625E-02),.UNSPECIFIED.);
#4295 = CARTESIAN_POINT('',(0.574484890852,-10.34459589148,
    -23.05108638639));
#4296 = CARTESIAN_POINT('',(0.471748268978,-9.997709654864,
    -23.05108638639));
#4297 = CARTESIAN_POINT('',(0.365353364638,-9.651404917498,
    -23.05108638639));
#4298 = CARTESIAN_POINT('',(0.256757163152,-9.308094062149,
    -23.05108638639));
#4299 = CARTESIAN_POINT('',(0.241586727191,-9.260134968972,
    -23.05108638639));
#4300 = CARTESIAN_POINT('',(0.226373333084,-9.212234301174,
    -23.05108638639));
#4301 = CARTESIAN_POINT('',(0.211124765595,-9.164394335927,
    -23.05108638639));
#4302 = ORIENTED_EDGE('',*,*,#4303,.T.);
#4303 = EDGE_CURVE('',#4292,#2238,#4304,.T.);
#4304 = B_SPLINE_CURVE_WITH_KNOTS('',3,(#4305,#4306,#4307,#4308,#4309,
    #4310),.UNSPECIFIED.,.F.,.F.,(4,2,4),(0.35192398553,1.124967127734,
    1.291198091196),.UNSPECIFIED.);
#4305 = CARTESIAN_POINT('',(0.211107139477,-9.164395153026,
    -23.05108640345));
#4306 = CARTESIAN_POINT('',(0.211107048258,-6.587584679013,
    -23.05108640345));
#4307 = CARTESIAN_POINT('',(0.211106957039,-4.010774204999,
    -23.05108640345));
#4308 = CARTESIAN_POINT('',(0.211106846205,-0.879860519446,
    -23.05108640345));
#4309 = CARTESIAN_POINT('',(0.21110682659,-0.325757307909,
    -23.05108640345));
#4310 = CARTESIAN_POINT('',(0.211106806975,0.228345903631,
    -23.05108640345));
#4311 = ORIENTED_EDGE('',*,*,#2237,.F.);
#4312 = ORIENTED_EDGE('',*,*,#4313,.F.);
#4313 = EDGE_CURVE('',#4314,#2225,#4316,.T.);
#4314 = VERTEX_POINT('',#4315);
#4315 = CARTESIAN_POINT('',(-0.189038455136,-9.095274699853,
    -23.05108640352));
#4316 = B_SPLINE_CURVE_WITH_KNOTS('',3,(#4317,#4318,#4319,#4320,#4321,
    #4322),.UNSPECIFIED.,.F.,.F.,(4,2,4),(0.573511306575,1.245064295009,
    1.505896209027),.UNSPECIFIED.);
#4317 = CARTESIAN_POINT('',(-0.18903845514,-9.095274699853,
    -23.05108640345));
#4318 = CARTESIAN_POINT('',(-0.189038534383,-6.856764738407,
    -23.05108640345));
#4319 = CARTESIAN_POINT('',(-0.189038613626,-4.618254776962,
    -23.05108640345));
#4320 = CARTESIAN_POINT('',(-0.189038723647,-1.510305102123,
    -23.05108640345));
#4321 = CARTESIAN_POINT('',(-0.189038754425,-0.64086538873,
    -23.05108640345));
#4322 = CARTESIAN_POINT('',(-0.189038785203,0.228574324656,
    -23.05108640345));
#4323 = ORIENTED_EDGE('',*,*,#4324,.T.);
#4324 = EDGE_CURVE('',#4314,#4325,#4327,.T.);
#4325 = VERTEX_POINT('',#4326);
#4326 = CARTESIAN_POINT('',(-0.567944224877,-10.3225289229,
    -23.05108636555));
#4327 = B_SPLINE_CURVE_WITH_KNOTS('',3,(#4328,#4329,#4330,#4331,#4332,
    #4333,#4334),.UNSPECIFIED.,.F.,.F.,(4,3,4),(-0.151927380656,
    -0.107951786172,-2.212704211598E-02),.UNSPECIFIED.);
#4328 = CARTESIAN_POINT('',(-0.189044592181,-9.095282816077,
    -23.05108640352));
#4329 = CARTESIAN_POINT('',(-0.232991493031,-9.232701228247,
    -23.05108640352));
#4330 = CARTESIAN_POINT('',(-0.276687352741,-9.370625092584,
    -23.05108640352));
#4331 = CARTESIAN_POINT('',(-0.319959120008,-9.508970050498,
    -23.05108640352));
#4332 = CARTESIAN_POINT('',(-0.404410243277,-9.77897028003,
    -23.05108640352));
#4333 = CARTESIAN_POINT('',(-0.487246033309,-10.05057442036,
    -23.05108640352));
#4334 = CARTESIAN_POINT('',(-0.567930247058,-10.32253321422,
    -23.05108640352));
#4335 = ORIENTED_EDGE('',*,*,#4336,.T.);
#4336 = EDGE_CURVE('',#4325,#2175,#4337,.T.);
#4337 = B_SPLINE_CURVE_WITH_KNOTS('',3,(#4338,#4339,#4340,#4341,#4342,
    #4343),.UNSPECIFIED.,.F.,.F.,(4,2,4),(1.E-03,0.989569863218,
    1.102292186818),.UNSPECIFIED.);
#4338 = CARTESIAN_POINT('',(-0.567944224877,-10.32252892087,
    -23.05108640345));
#4339 = CARTESIAN_POINT('',(-3.863177102271,-10.32252903752,
    -23.05108640345));
#4340 = CARTESIAN_POINT('',(-7.158409979665,-10.32252915417,
    -23.05108640345));
#4341 = CARTESIAN_POINT('',(-10.82938393572,-10.32252928413,
    -23.05108640345));
#4342 = CARTESIAN_POINT('',(-11.20512501439,-10.32252929743,
    -23.05108640345));
#4343 = CARTESIAN_POINT('',(-11.58086609305,-10.32252931073,
    -23.05108640345));
#4344 = ORIENTED_EDGE('',*,*,#2174,.F.);
#4345 = ORIENTED_EDGE('',*,*,#4346,.F.);
#4346 = EDGE_CURVE('',#4347,#2162,#4349,.T.);
#4347 = VERTEX_POINT('',#4348);
#4348 = CARTESIAN_POINT('',(-0.574483600983,-10.72267451417,
    -23.05108638691));
#4349 = B_SPLINE_CURVE_WITH_KNOTS('',3,(#4350,#4351,#4352,#4353,#4354,
    #4355),.UNSPECIFIED.,.F.,.F.,(4,2,4),(1.E-03,1.002002423824,
    1.101661090585),.UNSPECIFIED.);
#4350 = CARTESIAN_POINT('',(-0.574483600983,-10.72267451327,
    -23.05108640345));
#4351 = CARTESIAN_POINT('',(-3.911158347062,-10.72267463139,
    -23.05108640345));
#4352 = CARTESIAN_POINT('',(-7.247833093141,-10.72267474951,
    -23.05108640345));
#4353 = CARTESIAN_POINT('',(-10.91670339509,-10.72267487939,
    -23.05108640345));
#4354 = CARTESIAN_POINT('',(-11.24889895096,-10.72267489115,
    -23.05108640345));
#4355 = CARTESIAN_POINT('',(-11.58109450683,-10.72267490291,
    -23.05108640345));
#4356 = ORIENTED_EDGE('',*,*,#4357,.T.);
#4357 = EDGE_CURVE('',#4347,#4358,#4360,.T.);
#4358 = VERTEX_POINT('',#4359);
#4359 = CARTESIAN_POINT('',(-0.211104993644,-11.90287487857,
    -23.05108640345));
#4360 = B_SPLINE_CURVE_WITH_KNOTS('',3,(#4361,#4362,#4363,#4364,#4365,
    #4366,#4367),.UNSPECIFIED.,.F.,.F.,(4,3,4),(-0.197985217478,
    -0.115284148109,-7.061861258173E-02),.UNSPECIFIED.);
#4361 = CARTESIAN_POINT('',(-0.574483163399,-10.72267458816,
    -23.05108638639));
#4362 = CARTESIAN_POINT('',(-0.498460876275,-10.97938337171,
    -23.05108638639));
#4363 = CARTESIAN_POINT('',(-0.42047871232,-11.23582023614,
    -23.05108638639));
#4364 = CARTESIAN_POINT('',(-0.341004049118,-11.49087370148,
    -23.05108638639));
#4365 = CARTESIAN_POINT('',(-0.298081044377,-11.62862403172,
    -23.05108638639));
#4366 = CARTESIAN_POINT('',(-0.254722691227,-11.76597083707,
    -23.05108638639));
#4367 = CARTESIAN_POINT('',(-0.211092547373,-11.90283913618,
    -23.05108638639));
#4368 = ORIENTED_EDGE('',*,*,#4369,.T.);
#4369 = EDGE_CURVE('',#4358,#2111,#4370,.T.);
#4370 = B_SPLINE_CURVE_WITH_KNOTS('',3,(#4371,#4372,#4373,#4374,#4375,
    #4376),.UNSPECIFIED.,.F.,.F.,(4,2,4),(0.35192398553,1.124967127734,
    1.291198091961),.UNSPECIFIED.);
#4371 = CARTESIAN_POINT('',(-0.211104993644,-11.90287487857,
    -23.05108640345));
#4372 = CARTESIAN_POINT('',(-0.211104902425,-14.47968535259,
    -23.05108640345));
#4373 = CARTESIAN_POINT('',(-0.211104811207,-17.0564958266,
    -23.05108640345));
#4374 = CARTESIAN_POINT('',(-0.211104700373,-20.1874095147,
    -23.05108640345));
#4375 = CARTESIAN_POINT('',(-0.211104680758,-20.74151272879,
    -23.05108640345));
#4376 = CARTESIAN_POINT('',(-0.211104661142,-21.29561594288,
    -23.05108640345));
#4377 = PLANE('',#4378);
#4378 = AXIS2_PLACEMENT_3D('',#4379,#4380,#4381);
#4379 = CARTESIAN_POINT('',(1.07999646858E-06,-10.7336350158,
    -23.05108640345));
#4380 = DIRECTION('',(-5.15E-15,-2.651E-14,1.));
#4381 = DIRECTION('',(-3.539987266E-08,1.,2.650999981769E-14));
#4382 = ADVANCED_FACE('',(#4383),#4394,.F.);
#4383 = FACE_BOUND('',#4384,.F.);
#4384 = EDGE_LOOP('',(#4385,#4386,#4392,#4393));
#4385 = ORIENTED_EDGE('',*,*,#3619,.T.);
#4386 = ORIENTED_EDGE('',*,*,#4387,.F.);
#4387 = EDGE_CURVE('',#2399,#3612,#4388,.T.);
#4388 = LINE('',#4389,#4390);
#4389 = CARTESIAN_POINT('',(-7.53923020298,1.71636471731,-19.68582979489
    ));
#4390 = VECTOR('',#4391,1.);
#4391 = DIRECTION('',(3.539988028E-08,-1.,1.752E-14));
#4392 = ORIENTED_EDGE('',*,*,#2594,.T.);
#4393 = ORIENTED_EDGE('',*,*,#3973,.F.);
#4394 = CYLINDRICAL_SURFACE('',#4395,11.25);
#4395 = AXIS2_PLACEMENT_3D('',#4396,#4397,#4398);
#4396 = CARTESIAN_POINT('',(6.2734098408E-07,1.716364984198,
    -11.33582988548));
#4397 = DIRECTION('',(3.539988028E-08,-1.,1.752E-14));
#4398 = DIRECTION('',(-0.737513928898,-2.610791661963E-08,
    -0.675331921859));
#4399 = ADVANCED_FACE('',(#4400),#4413,.F.);
#4400 = FACE_BOUND('',#4401,.F.);
#4401 = EDGE_LOOP('',(#4402,#4403,#4404,#4405,#4406));
#4402 = ORIENTED_EDGE('',*,*,#2894,.F.);
#4403 = ORIENTED_EDGE('',*,*,#2398,.F.);
#4404 = ORIENTED_EDGE('',*,*,#4387,.T.);
#4405 = ORIENTED_EDGE('',*,*,#3611,.T.);
#4406 = ORIENTED_EDGE('',*,*,#4407,.F.);
#4407 = EDGE_CURVE('',#2886,#3604,#4408,.T.);
#4408 = ELLIPSE('',#4409,70.190375714777,35.231448316271);
#4409 = AXIS2_PLACEMENT_3D('',#4410,#4411,#4412);
#4410 = CARTESIAN_POINT('',(-8.270788367811,-58.70156142483,
    -19.68582979489));
#4411 = DIRECTION('',(-0.,0.,-1.));
#4412 = DIRECTION('',(-1.,-3.539989041E-08,0.));
#4413 = PLANE('',#4414);
#4414 = AXIS2_PLACEMENT_3D('',#4415,#4416,#4417);
#4415 = CARTESIAN_POINT('',(1.750000846803,-19.03363495385,
    -19.68582979489));
#4416 = DIRECTION('',(-0.,-0.,-1.));
#4417 = DIRECTION('',(-1.,0.,0.));
#4418 = ADVANCED_FACE('',(#4419),#4455,.T.);
#4419 = FACE_BOUND('',#4420,.T.);
#4420 = EDGE_LOOP('',(#4421,#4422,#4431,#4454));
#4421 = ORIENTED_EDGE('',*,*,#2287,.F.);
#4422 = ORIENTED_EDGE('',*,*,#4423,.T.);
#4423 = EDGE_CURVE('',#2279,#4424,#4426,.T.);
#4424 = VERTEX_POINT('',#4425);
#4425 = CARTESIAN_POINT('',(4.988035966232,-6.402513506463,
    -30.08006588797));
#4426 = B_SPLINE_CURVE_WITH_KNOTS('',3,(#4427,#4428,#4429,#4430),
  .UNSPECIFIED.,.F.,.F.,(4,4),(-0.401378587764,0.226196496044),
  .PIECEWISE_BEZIER_KNOTS.);
#4427 = CARTESIAN_POINT('',(11.263786804306,-6.402513284302,
    -30.08006588797));
#4428 = CARTESIAN_POINT('',(9.171869858286,-6.402513358355,
    -30.08006588797));
#4429 = CARTESIAN_POINT('',(7.079952912259,-6.402513432409,
    -30.08006588797));
#4430 = CARTESIAN_POINT('',(4.988035966232,-6.402513506463,
    -30.08006588797));
#4431 = ORIENTED_EDGE('',*,*,#4432,.F.);
#4432 = EDGE_CURVE('',#4281,#4424,#4433,.T.);
#4433 = B_SPLINE_CURVE_WITH_KNOTS('',3,(#4434,#4435,#4436,#4437,#4438,
    #4439,#4440,#4441,#4442,#4443,#4444,#4445,#4446,#4447,#4448,#4449,
    #4450,#4451,#4452,#4453),.UNSPECIFIED.,.F.,.F.,(4,2,2,2,2,2,2,2,2,4)
  ,(-0.847852980057,-0.837829984262,-0.797984242979,-0.706796415946,
    -0.614286397194,-0.339717615674,-0.215153283022,-9.283343548641E-02,
    -5.12186849427E-02,0.),.UNSPECIFIED.);
#4434 = CARTESIAN_POINT('',(0.574485749944,-10.34459551786,
    -23.05108638629));
#4435 = CARTESIAN_POINT('',(0.582145064664,-10.34565716032,
    -23.09004183853));
#4436 = CARTESIAN_POINT('',(0.590935124047,-10.34659871731,
    -23.12878034655));
#4437 = CARTESIAN_POINT('',(0.639594066331,-10.35066087787,
    -23.32013217616));
#4438 = CARTESIAN_POINT('',(0.694633048849,-10.35194165249,
    -23.4706269653));
#4439 = CARTESIAN_POINT('',(0.904032570509,-10.34891979502,
    -23.94519321685));
#4440 = CARTESIAN_POINT('',(1.105457830721,-10.33483482246,
    -24.26804835665));
#4441 = CARTESIAN_POINT('',(1.528115169267,-10.27631821566,
    -24.86303486945));
#4442 = CARTESIAN_POINT('',(1.762010829131,-10.23041361515,
    -25.15185588943));
#4443 = CARTESIAN_POINT('',(2.708423109967,-9.956754815187,
    -26.2557881102));
#4444 = CARTESIAN_POINT('',(3.37384180289,-9.561657849078,
    -26.91468855924));
#4445 = CARTESIAN_POINT('',(4.228980294889,-8.67904352532,
    -27.94686580303));
#4446 = CARTESIAN_POINT('',(4.475433596582,-8.364864453579,
    -28.27241656979));
#4447 = CARTESIAN_POINT('',(4.864194923807,-7.71746135711,
    -28.90354368316));
#4448 = CARTESIAN_POINT('',(5.004499084145,-7.390934033836,
    -29.20363367962));
#4449 = CARTESIAN_POINT('',(5.077082238504,-6.988262294713,
    -29.56514255808));
#4450 = CARTESIAN_POINT('',(5.086524466131,-6.883262850295,
    -29.65854390057));
#4451 = CARTESIAN_POINT('',(5.076079028632,-6.651559514874,
    -29.8630698012));
#4452 = CARTESIAN_POINT('',(5.04881404678,-6.522985854507,
    -29.97546754867));
#4453 = CARTESIAN_POINT('',(4.988035966232,-6.402513506463,
    -30.08006588797));
#4454 = ORIENTED_EDGE('',*,*,#4280,.T.);
#4455 = B_SPLINE_SURFACE_WITH_KNOTS('',3,1,(
    (#4456,#4457)
    ,(#4458,#4459)
    ,(#4460,#4461)
    ,(#4462,#4463)
    ,(#4464,#4465)
    ,(#4466,#4467)
    ,(#4468,#4469)
    ,(#4470,#4471)
    ,(#4472,#4473)
    ,(#4474,#4475)
    ,(#4476,#4477)
    ,(#4478,#4479)
    ,(#4480,#4481)
    ,(#4482,#4483)
    ,(#4484,#4485)
    ,(#4486,#4487)
    ,(#4488,#4489)
    ,(#4490,#4491)
    ,(#4492,#4493)
    ,(#4494,#4495)
    ,(#4496,#4497)
    ,(#4498,#4499
    )),.UNSPECIFIED.,.F.,.F.,.F.,(4,3,3,3,3,3,3,4),(2,2),(
    -0.233464935532,-4.360996436069E-04,0.,0.174205644479,0.471383736504
    ,0.700024232494,0.888398737599,1.163733255213),(-0.668551531941,
    1.335453315707),.UNSPECIFIED.);
#4456 = CARTESIAN_POINT('',(0.564485463748,-2.348275830561,
    -33.60009802579));
#4457 = CARTESIAN_POINT('',(20.604533940216,-2.348275121146,
    -33.60009802579));
#4458 = CARTESIAN_POINT('',(0.564485511499,-3.697164077052,
    -32.42894572191));
#4459 = CARTESIAN_POINT('',(20.604533987967,-3.697163367638,
    -32.42894572191));
#4460 = CARTESIAN_POINT('',(0.564485559249,-5.046052323544,
    -31.25779341804));
#4461 = CARTESIAN_POINT('',(20.604534035717,-5.046051614129,
    -31.25779341804));
#4462 = CARTESIAN_POINT('',(0.564485607,-6.394940570036,-30.08664111417)
  );
#4463 = CARTESIAN_POINT('',(20.604534083468,-6.394939860621,
    -30.08664111417));
#4464 = CARTESIAN_POINT('',(0.564485607089,-6.397464934376,
    -30.0844493721));
#4465 = CARTESIAN_POINT('',(20.604534083557,-6.397464224961,
    -30.08444937211));
#4466 = CARTESIAN_POINT('',(0.564485607178,-6.399989298716,
    -30.08225763004));
#4467 = CARTESIAN_POINT('',(20.604534083646,-6.399988589301,
    -30.08225763004));
#4468 = CARTESIAN_POINT('',(0.564485607268,-6.402513663056,
    -30.08006588797));
#4469 = CARTESIAN_POINT('',(20.604534083736,-6.402512953641,
    -30.08006588797));
#4470 = CARTESIAN_POINT('',(0.564485642861,-7.407965307476,
    -29.20709734306));
#4471 = CARTESIAN_POINT('',(20.604534119329,-7.407964598061,
    -29.20709734306));
#4472 = CARTESIAN_POINT('',(0.564485663042,-7.978071449518,
    -28.66500269557));
#4473 = CARTESIAN_POINT('',(20.60453413951,-7.978070740103,
    -28.66500269557));
#4474 = CARTESIAN_POINT('',(0.564485678948,-8.427400084102,
    -28.20096949935));
#4475 = CARTESIAN_POINT('',(20.604534155416,-8.427399374687,
    -28.20096949935));
#4476 = CARTESIAN_POINT('',(0.564485706083,-9.193911563784,
    -27.4093734503));
#4477 = CARTESIAN_POINT('',(20.604534182551,-9.193910854369,
    -27.4093734503));
#4478 = CARTESIAN_POINT('',(0.564485719231,-9.565343153434,
    -26.88619572097));
#4479 = CARTESIAN_POINT('',(20.604534195699,-9.565342444019,
    -26.88619572097));
#4480 = CARTESIAN_POINT('',(0.564485728953,-9.839972928993,
    -26.32128755548));
#4481 = CARTESIAN_POINT('',(20.604534205421,-9.839972219579,
    -26.32128755548));
#4482 = CARTESIAN_POINT('',(0.564485736433,-10.05126538218,
    -25.88666304374));
#4483 = CARTESIAN_POINT('',(20.604534212901,-10.05126467276,
    -25.88666304374));
#4484 = CARTESIAN_POINT('',(0.564485741336,-10.18977409702,
    -25.44712876018));
#4485 = CARTESIAN_POINT('',(20.604534217804,-10.1897733876,
    -25.44712876018));
#4486 = CARTESIAN_POINT('',(0.564485744296,-10.27338984436,
    -24.8393894875));
#4487 = CARTESIAN_POINT('',(20.604534220764,-10.27338913495,
    -24.8393894875));
#4488 = CARTESIAN_POINT('',(0.564485746735,-10.34227998106,
    -24.33867947886));
#4489 = CARTESIAN_POINT('',(20.604534223203,-10.34227927165,
    -24.33867947886));
#4490 = CARTESIAN_POINT('',(0.56448574792,-10.37576535612,
    -23.74940443976));
#4491 = CARTESIAN_POINT('',(20.604534224388,-10.3757646467,
    -23.74940443976));
#4492 = CARTESIAN_POINT('',(0.564485746435,-10.33380734566,
    -22.73938762229));
#4493 = CARTESIAN_POINT('',(20.604534222903,-10.33380663625,
    -22.73938762229));
#4494 = CARTESIAN_POINT('',(0.564485744246,-10.27196778591,
    -21.25078044899));
#4495 = CARTESIAN_POINT('',(20.604534220714,-10.27196707649,
    -21.25078044899));
#4496 = CARTESIAN_POINT('',(0.564485742057,-10.21012822615,
    -19.7621732757));
#4497 = CARTESIAN_POINT('',(20.604534218525,-10.21012751674,
    -19.7621732757));
#4498 = CARTESIAN_POINT('',(0.564485739868,-10.1482886664,-18.2735661024
    ));
#4499 = CARTESIAN_POINT('',(20.604534216336,-10.14828795699,
    -18.2735661024));
#4500 = ADVANCED_FACE('',(#4501),#4523,.F.);
#4501 = FACE_BOUND('',#4502,.F.);
#4502 = EDGE_LOOP('',(#4503,#4504,#4516,#4522));
#4503 = ORIENTED_EDGE('',*,*,#4423,.T.);
#4504 = ORIENTED_EDGE('',*,*,#4505,.T.);
#4505 = EDGE_CURVE('',#4424,#4506,#4508,.T.);
#4506 = VERTEX_POINT('',#4507);
#4507 = CARTESIAN_POINT('',(5.123476314297,-6.533634834432,
    -30.23108640345));
#4508 = B_SPLINE_CURVE_WITH_KNOTS('',3,(#4509,#4510,#4511,#4512,#4513,
    #4514,#4515),.UNSPECIFIED.,.F.,.F.,(4,3,4),(-2.329167518292E-02,
    -1.139216862616E-02,0.),.UNSPECIFIED.);
#4509 = CARTESIAN_POINT('',(4.982858822763,-6.404946937595,
    -30.08006588797));
#4510 = CARTESIAN_POINT('',(5.009057713506,-6.426006572044,
    -30.10423657135));
#4511 = CARTESIAN_POINT('',(5.034455943683,-6.448010514744,
    -30.1295017217));
#4512 = CARTESIAN_POINT('',(5.057731817529,-6.470561739417,
    -30.15539832768));
#4513 = CARTESIAN_POINT('',(5.080015319664,-6.49215148795,
    -30.18019082649));
#4514 = CARTESIAN_POINT('',(5.100352154523,-6.514242115432,
    -30.20556151188));
#4515 = CARTESIAN_POINT('',(5.117552786543,-6.536456583288,
    -30.23108640345));
#4516 = ORIENTED_EDGE('',*,*,#4517,.T.);
#4517 = EDGE_CURVE('',#4506,#2263,#4518,.T.);
#4518 = LINE('',#4519,#4520);
#4519 = CARTESIAN_POINT('',(4.825000931317,-6.533634844998,
    -30.23108640345));
#4520 = VECTOR('',#4521,1.);
#4521 = DIRECTION('',(1.,3.539988635E-08,-3.85E-15));
#4522 = ORIENTED_EDGE('',*,*,#2278,.T.);
#4523 = PLANE('',#4524);
#4524 = AXIS2_PLACEMENT_3D('',#4525,#4526,#4527);
#4525 = CARTESIAN_POINT('',(9.650000931317,-6.533634674194,
    -30.23108640345));
#4526 = DIRECTION('',(2.673054795E-08,-0.755102577372,0.65560666382));
#4527 = DIRECTION('',(1.,3.539987247152E-08,-1.984132018261E-14));
#4528 = ADVANCED_FACE('',(#4529,#4579,#4608,#4646,#4677,#4715,#4726,
    #4737,#4748),#4759,.T.);
#4529 = FACE_BOUND('',#4530,.T.);
#4530 = EDGE_LOOP('',(#4531,#4539,#4540,#4541,#4549,#4557,#4565,#4573));
#4531 = ORIENTED_EDGE('',*,*,#4532,.F.);
#4532 = EDGE_CURVE('',#3710,#4533,#4535,.T.);
#4533 = VERTEX_POINT('',#4534);
#4534 = CARTESIAN_POINT('',(4.397216733519,3.913011511208,
    -30.23108640344));
#4535 = LINE('',#4536,#4537);
#4536 = CARTESIAN_POINT('',(3.648615214E-08,3.913011355548,
    -30.23108640344));
#4537 = VECTOR('',#4538,1.);
#4538 = DIRECTION('',(-1.,-3.539989163E-08,-4.4E-16));
#4539 = ORIENTED_EDGE('',*,*,#3709,.F.);
#4540 = ORIENTED_EDGE('',*,*,#3577,.F.);
#4541 = ORIENTED_EDGE('',*,*,#4542,.F.);
#4542 = EDGE_CURVE('',#4543,#3578,#4545,.T.);
#4543 = VERTEX_POINT('',#4544);
#4544 = CARTESIAN_POINT('',(-12.75055702389,3.913010904179,
    -30.23108640344));
#4545 = LINE('',#4546,#4547);
#4546 = CARTESIAN_POINT('',(-12.75055653493,-9.899530098213,
    -30.23108640344));
#4547 = VECTOR('',#4548,1.);
#4548 = DIRECTION('',(3.539990163E-08,-1.,-4.E-16));
#4549 = ORIENTED_EDGE('',*,*,#4550,.F.);
#4550 = EDGE_CURVE('',#4551,#4543,#4553,.T.);
#4551 = VERTEX_POINT('',#4552);
#4552 = CARTESIAN_POINT('',(-10.84260647012,3.913010971721,
    -30.23108640344));
#4553 = LINE('',#4554,#4555);
#4554 = CARTESIAN_POINT('',(3.648615214E-08,3.913011355548,
    -30.23108640344));
#4555 = VECTOR('',#4556,1.);
#4556 = DIRECTION('',(-1.,-3.539989163E-08,-4.4E-16));
#4557 = ORIENTED_EDGE('',*,*,#4558,.F.);
#4558 = EDGE_CURVE('',#4559,#4551,#4561,.T.);
#4559 = VERTEX_POINT('',#4560);
#4560 = CARTESIAN_POINT('',(-10.84260640344,2.029475283901,
    -30.23108640344));
#4561 = LINE('',#4562,#4563);
#4562 = CARTESIAN_POINT('',(-10.84260622681,-2.960243296052,
    -30.23108640344));
#4563 = VECTOR('',#4564,1.);
#4564 = DIRECTION('',(-3.539988278E-08,1.,4.E-16));
#4565 = ORIENTED_EDGE('',*,*,#4566,.T.);
#4566 = EDGE_CURVE('',#4559,#4567,#4569,.T.);
#4567 = VERTEX_POINT('',#4568);
#4568 = CARTESIAN_POINT('',(4.397216800196,2.029475823388,
    -30.23108640344));
#4569 = LINE('',#4570,#4571);
#4570 = CARTESIAN_POINT('',(5.125000278171,2.029475849152,
    -30.23108640344));
#4571 = VECTOR('',#4572,1.);
#4572 = DIRECTION('',(1.,3.53998774E-08,4.4E-16));
#4573 = ORIENTED_EDGE('',*,*,#4574,.F.);
#4574 = EDGE_CURVE('',#4533,#4567,#4575,.T.);
#4575 = LINE('',#4576,#4577);
#4576 = CARTESIAN_POINT('',(4.397216976832,-2.960242756565,
    -30.23108640344));
#4577 = VECTOR('',#4578,1.);
#4578 = DIRECTION('',(3.539987776E-08,-1.,-4.E-16));
#4579 = FACE_BOUND('',#4580,.T.);
#4580 = EDGE_LOOP('',(#4581,#4582,#4583,#4584,#4593,#4602));
#4581 = ORIENTED_EDGE('',*,*,#2073,.T.);
#4582 = ORIENTED_EDGE('',*,*,#4134,.T.);
#4583 = ORIENTED_EDGE('',*,*,#4161,.F.);
#4584 = ORIENTED_EDGE('',*,*,#4585,.F.);
#4585 = EDGE_CURVE('',#4586,#4162,#4588,.T.);
#4586 = VERTEX_POINT('',#4587);
#4587 = CARTESIAN_POINT('',(6.500001072917,-10.5336347857,
    -30.23108640345));
#4588 = B_SPLINE_CURVE_WITH_KNOTS('',3,(#4589,#4590,#4591,#4592),
  .UNSPECIFIED.,.F.,.F.,(4,4),(0.,0.384987187329),
  .PIECEWISE_BEZIER_KNOTS.);
#4589 = CARTESIAN_POINT('',(6.500001072917,-10.5336347857,
    -30.23108640345));
#4590 = CARTESIAN_POINT('',(6.500001026534,-9.223372456312,
    -30.23108640345));
#4591 = CARTESIAN_POINT('',(6.092182206737,-7.915980263061,
    -30.23108640345));
#4592 = CARTESIAN_POINT('',(5.347238687199,-6.838090415015,
    -30.23108640345));
#4593 = ORIENTED_EDGE('',*,*,#4594,.F.);
#4594 = EDGE_CURVE('',#4595,#4586,#4597,.T.);
#4595 = VERTEX_POINT('',#4596);
#4596 = CARTESIAN_POINT('',(4.000001254286,-15.65711025718,
    -30.23108640345));
#4597 = CIRCLE('',#4598,6.5);
#4598 = AXIS2_PLACEMENT_3D('',#4599,#4600,#4601);
#4599 = CARTESIAN_POINT('',(1.07291687221E-06,-10.5336350158,
    -30.23108640345));
#4600 = DIRECTION('',(3.85E-15,-4.257E-14,1.));
#4601 = DIRECTION('',(1.,3.539987266E-08,-3.849998493027E-15));
#4602 = ORIENTED_EDGE('',*,*,#4603,.T.);
#4603 = EDGE_CURVE('',#4595,#2074,#4604,.T.);
#4604 = LINE('',#4605,#4606);
#4605 = CARTESIAN_POINT('',(4.00000124726,-15.4586348742,-30.23108640345
    ));
#4606 = VECTOR('',#4607,1.);
#4607 = DIRECTION('',(3.539988647E-08,-1.,-4.257E-14));
#4608 = FACE_BOUND('',#4609,.T.);
#4609 = EDGE_LOOP('',(#4610,#4621,#4630,#4639,#4645));
#4610 = ORIENTED_EDGE('',*,*,#4611,.T.);
#4611 = EDGE_CURVE('',#2123,#4612,#4614,.T.);
#4612 = VERTEX_POINT('',#4613);
#4613 = CARTESIAN_POINT('',(3.695545673703,-15.88087263008,
    -30.23108640345));
#4614 = B_SPLINE_CURVE_WITH_KNOTS('',3,(#4615,#4616,#4617,#4618,#4619,
    #4620),.UNSPECIFIED.,.F.,.F.,(4,2,4),(0.893255890448,1.124967127734,
    1.500210480958),.UNSPECIFIED.);
#4615 = CARTESIAN_POINT('',(3.695545888565,-21.95041853519,
    -30.23108640345));
#4616 = CARTESIAN_POINT('',(3.695545861223,-21.17804774423,
    -30.23108640345));
#4617 = CARTESIAN_POINT('',(3.695545833881,-20.40567695328,
    -30.23108640345));
#4618 = CARTESIAN_POINT('',(3.695545762261,-18.38249498491,
    -30.23108640345));
#4619 = CARTESIAN_POINT('',(3.695545717982,-17.13168380749,
    -30.23108640345));
#4620 = CARTESIAN_POINT('',(3.695545673703,-15.88087263008,
    -30.23108640345));
#4621 = ORIENTED_EDGE('',*,*,#4622,.F.);
#4622 = EDGE_CURVE('',#4623,#4612,#4625,.T.);
#4623 = VERTEX_POINT('',#4624);
#4624 = CARTESIAN_POINT('',(1.303016043E-06,-17.0336350158,
    -30.23108640345));
#4625 = B_SPLINE_CURVE_WITH_KNOTS('',3,(#4626,#4627,#4628,#4629),
  .UNSPECIFIED.,.F.,.F.,(4,4),(0.,0.384987187329),
  .PIECEWISE_BEZIER_KNOTS.);
#4626 = CARTESIAN_POINT('',(1.30301604346E-06,-17.0336350158,
    -30.23108640345));
#4627 = CARTESIAN_POINT('',(1.310263632407,-17.03363496941,
    -30.23108640345));
#4628 = CARTESIAN_POINT('',(2.617655825657,-16.62581614962,
    -30.23108640345));
#4629 = CARTESIAN_POINT('',(3.695545673703,-15.88087263008,
    -30.23108640345));
#4630 = ORIENTED_EDGE('',*,*,#4631,.F.);
#4631 = EDGE_CURVE('',#4632,#4623,#4634,.T.);
#4632 = VERTEX_POINT('',#4633);
#4633 = CARTESIAN_POINT('',(-5.123474168464,-14.53363519717,
    -30.23108640345));
#4634 = CIRCLE('',#4635,6.5);
#4635 = AXIS2_PLACEMENT_3D('',#4636,#4637,#4638);
#4636 = CARTESIAN_POINT('',(1.07291687221E-06,-10.5336350158,
    -30.23108640345));
#4637 = DIRECTION('',(3.85E-15,-4.257E-14,1.));
#4638 = DIRECTION('',(1.,3.539987266E-08,-3.849998493027E-15));
#4639 = ORIENTED_EDGE('',*,*,#4640,.T.);
#4640 = EDGE_CURVE('',#4632,#2136,#4641,.T.);
#4641 = LINE('',#4642,#4643);
#4642 = CARTESIAN_POINT('',(-4.824998785484,-14.5336351866,
    -30.23108640345));
#4643 = VECTOR('',#4644,1.);
#4644 = DIRECTION('',(-1.,-3.53998866E-08,3.85E-15));
#4645 = ORIENTED_EDGE('',*,*,#2135,.T.);
#4646 = FACE_BOUND('',#4647,.T.);
#4647 = EDGE_LOOP('',(#4648,#4649,#4660,#4669,#4676));
#4648 = ORIENTED_EDGE('',*,*,#2262,.T.);
#4649 = ORIENTED_EDGE('',*,*,#4650,.T.);
#4650 = EDGE_CURVE('',#2250,#4651,#4653,.T.);
#4651 = VERTEX_POINT('',#4652);
#4652 = CARTESIAN_POINT('',(-3.695543527871,-5.18639740152,
    -30.23108640345));
#4653 = B_SPLINE_CURVE_WITH_KNOTS('',3,(#4654,#4655,#4656,#4657,#4658,
    #4659),.UNSPECIFIED.,.F.,.F.,(4,2,4),(0.893255867788,1.124967127734,
    1.500210480958),.UNSPECIFIED.);
#4654 = CARTESIAN_POINT('',(-3.695543742732,0.883148730176,
    -30.23108640345));
#4655 = CARTESIAN_POINT('',(-3.69554371539,0.110777863686,
    -30.23108640345));
#4656 = CARTESIAN_POINT('',(-3.695543688048,-0.661593002794,
    -30.23108640345));
#4657 = CARTESIAN_POINT('',(-3.695543616428,-2.684775046694,
    -30.23108640345));
#4658 = CARTESIAN_POINT('',(-3.695543572149,-3.935586224107,
    -30.23108640345));
#4659 = CARTESIAN_POINT('',(-3.695543527871,-5.18639740152,
    -30.23108640345));
#4660 = ORIENTED_EDGE('',*,*,#4661,.F.);
#4661 = EDGE_CURVE('',#4662,#4651,#4664,.T.);
#4662 = VERTEX_POINT('',#4663);
#4663 = CARTESIAN_POINT('',(8.42817703E-07,-4.033635015802,
    -30.23108640345));
#4664 = B_SPLINE_CURVE_WITH_KNOTS('',3,(#4665,#4666,#4667,#4668),
  .UNSPECIFIED.,.F.,.F.,(4,4),(0.,0.384987187329),
  .PIECEWISE_BEZIER_KNOTS.);
#4665 = CARTESIAN_POINT('',(8.4281770031E-07,-4.033635015802,
    -30.23108640345));
#4666 = CARTESIAN_POINT('',(-1.310261486573,-4.033635062186,
    -30.23108640345));
#4667 = CARTESIAN_POINT('',(-2.617653679825,-4.441453881982,
    -30.23108640345));
#4668 = CARTESIAN_POINT('',(-3.695543527871,-5.18639740152,
    -30.23108640345));
#4669 = ORIENTED_EDGE('',*,*,#4670,.F.);
#4670 = EDGE_CURVE('',#4506,#4662,#4671,.T.);
#4671 = CIRCLE('',#4672,6.5);
#4672 = AXIS2_PLACEMENT_3D('',#4673,#4674,#4675);
#4673 = CARTESIAN_POINT('',(1.07291687221E-06,-10.5336350158,
    -30.23108640345));
#4674 = DIRECTION('',(3.85E-15,-4.257E-14,1.));
#4675 = DIRECTION('',(1.,3.539987266E-08,-3.849998493027E-15));
#4676 = ORIENTED_EDGE('',*,*,#4517,.T.);
#4677 = FACE_BOUND('',#4678,.T.);
#4678 = EDGE_LOOP('',(#4679,#4690,#4699,#4708,#4714));
#4679 = ORIENTED_EDGE('',*,*,#4680,.F.);
#4680 = EDGE_CURVE('',#4681,#2184,#4683,.T.);
#4681 = VERTEX_POINT('',#4682);
#4682 = CARTESIAN_POINT('',(-5.347236541365,-14.22917961658,
    -30.23108640345));
#4683 = B_SPLINE_CURVE_WITH_KNOTS('',3,(#4684,#4685,#4686,#4687,#4688,
    #4689),.UNSPECIFIED.,.F.,.F.,(4,2,4),(-1.500210480958,
    -0.989569863218,-0.893255844117),.UNSPECIFIED.);
#4684 = CARTESIAN_POINT('',(-5.347236541365,-14.22917961658,
    -30.23108640345));
#4685 = CARTESIAN_POINT('',(-7.049371933831,-14.22917967684,
    -30.23108640345));
#4686 = CARTESIAN_POINT('',(-8.751507326298,-14.2291797371,
    -30.23108640345));
#4687 = CARTESIAN_POINT('',(-10.7746894491,-14.22917980872,
    -30.23108640345));
#4688 = CARTESIAN_POINT('',(-11.09573617944,-14.22917982008,
    -30.23108640345));
#4689 = CARTESIAN_POINT('',(-11.41678290978,-14.22917983145,
    -30.23108640345));
#4690 = ORIENTED_EDGE('',*,*,#4691,.F.);
#4691 = EDGE_CURVE('',#4692,#4681,#4694,.T.);
#4692 = VERTEX_POINT('',#4693);
#4693 = CARTESIAN_POINT('',(-6.499998927083,-10.5336352459,
    -30.23108640345));
#4694 = B_SPLINE_CURVE_WITH_KNOTS('',3,(#4695,#4696,#4697,#4698),
  .UNSPECIFIED.,.F.,.F.,(4,4),(0.,0.384987187329),
  .PIECEWISE_BEZIER_KNOTS.);
#4695 = CARTESIAN_POINT('',(-6.499998927083,-10.5336352459,
    -30.23108640345));
#4696 = CARTESIAN_POINT('',(-6.4999988807,-11.84389757529,
    -30.23108640345));
#4697 = CARTESIAN_POINT('',(-6.092180060903,-13.15128976854,
    -30.23108640345));
#4698 = CARTESIAN_POINT('',(-5.347236541365,-14.22917961658,
    -30.23108640345));
#4699 = ORIENTED_EDGE('',*,*,#4700,.F.);
#4700 = EDGE_CURVE('',#4701,#4692,#4703,.T.);
#4701 = VERTEX_POINT('',#4702);
#4702 = CARTESIAN_POINT('',(-3.999999108454,-5.410159774422,
    -30.23108640345));
#4703 = CIRCLE('',#4704,6.5);
#4704 = AXIS2_PLACEMENT_3D('',#4705,#4706,#4707);
#4705 = CARTESIAN_POINT('',(1.07291687221E-06,-10.5336350158,
    -30.23108640345));
#4706 = DIRECTION('',(3.85E-15,-4.257E-14,1.));
#4707 = DIRECTION('',(1.,3.539987266E-08,-3.849998493027E-15));
#4708 = ORIENTED_EDGE('',*,*,#4709,.T.);
#4709 = EDGE_CURVE('',#4701,#2197,#4710,.T.);
#4710 = LINE('',#4711,#4712);
#4711 = CARTESIAN_POINT('',(-3.999999094348,-5.808635157402,
    -30.23108640345));
#4712 = VECTOR('',#4713,1.);
#4713 = DIRECTION('',(-3.53998866E-08,1.,4.257E-14));
#4714 = ORIENTED_EDGE('',*,*,#2196,.T.);
#4715 = FACE_BOUND('',#4716,.T.);
#4716 = EDGE_LOOP('',(#4717));
#4717 = ORIENTED_EDGE('',*,*,#4718,.T.);
#4718 = EDGE_CURVE('',#4719,#4719,#4721,.T.);
#4719 = VERTEX_POINT('',#4720);
#4720 = CARTESIAN_POINT('',(-8.849998923097,-20.53363532909,
    -30.23108640344));
#4721 = CIRCLE('',#4722,1.15);
#4722 = AXIS2_PLACEMENT_3D('',#4723,#4724,#4725);
#4723 = CARTESIAN_POINT('',(-9.999998923097,-20.5336353698,
    -30.23108640344));
#4724 = DIRECTION('',(-4.4E-16,-4.E-16,1.));
#4725 = DIRECTION('',(-1.,-3.53998909E-08,-4.4000001416E-16));
#4726 = FACE_BOUND('',#4727,.T.);
#4727 = EDGE_LOOP('',(#4728));
#4728 = ORIENTED_EDGE('',*,*,#4729,.T.);
#4729 = EDGE_CURVE('',#4730,#4730,#4732,.T.);
#4730 = VERTEX_POINT('',#4731);
#4731 = CARTESIAN_POINT('',(11.150001076896,-20.53363462109,
    -30.23108640344));
#4732 = CIRCLE('',#4733,1.15);
#4733 = AXIS2_PLACEMENT_3D('',#4734,#4735,#4736);
#4734 = CARTESIAN_POINT('',(10.000001076903,-20.5336346618,
    -30.23108640344));
#4735 = DIRECTION('',(-4.4E-16,-4.E-16,1.));
#4736 = DIRECTION('',(-1.,-3.53998909E-08,-4.4000001416E-16));
#4737 = FACE_BOUND('',#4738,.T.);
#4738 = EDGE_LOOP('',(#4739));
#4739 = ORIENTED_EDGE('',*,*,#4740,.T.);
#4740 = EDGE_CURVE('',#4741,#4741,#4743,.T.);
#4741 = VERTEX_POINT('',#4742);
#4742 = CARTESIAN_POINT('',(11.150000368898,-0.533634621095,
    -30.23108640344));
#4743 = CIRCLE('',#4744,1.15);
#4744 = AXIS2_PLACEMENT_3D('',#4745,#4746,#4747);
#4745 = CARTESIAN_POINT('',(10.000000368905,-0.533634661805,
    -30.23108640344));
#4746 = DIRECTION('',(-4.4E-16,-4.E-16,1.));
#4747 = DIRECTION('',(-1.,-3.53998909E-08,-4.4000001416E-16));
#4748 = FACE_BOUND('',#4749,.T.);
#4749 = EDGE_LOOP('',(#4750));
#4750 = ORIENTED_EDGE('',*,*,#4751,.T.);
#4751 = EDGE_CURVE('',#4752,#4752,#4754,.T.);
#4752 = VERTEX_POINT('',#4753);
#4753 = CARTESIAN_POINT('',(-8.849999631095,-0.533635329092,
    -30.23108640344));
#4754 = CIRCLE('',#4755,1.15);
#4755 = AXIS2_PLACEMENT_3D('',#4756,#4757,#4758);
#4756 = CARTESIAN_POINT('',(-9.999999631096,-0.533635369802,
    -30.23108640344));
#4757 = DIRECTION('',(-4.4E-16,-4.E-16,1.));
#4758 = DIRECTION('',(-1.,-3.53998909E-08,-4.4000001416E-16));
#4759 = PLANE('',#4760);
#4760 = AXIS2_PLACEMENT_3D('',#4761,#4762,#4763);
#4761 = CARTESIAN_POINT('',(6.3451746503E-07,-8.036851425534,
    -30.23108640344));
#4762 = DIRECTION('',(4.4E-16,4.E-16,-1.));
#4763 = DIRECTION('',(3.53998909E-08,-1.,-3.99999984424E-16));
#4764 = ADVANCED_FACE('',(#4765),#4801,.F.);
#4765 = FACE_BOUND('',#4766,.F.);
#4766 = EDGE_LOOP('',(#4767,#4768,#4785,#4799,#4800));
#4767 = ORIENTED_EDGE('',*,*,#4650,.T.);
#4768 = ORIENTED_EDGE('',*,*,#4769,.T.);
#4769 = EDGE_CURVE('',#4651,#4770,#4772,.T.);
#4770 = VERTEX_POINT('',#4771);
#4771 = CARTESIAN_POINT('',(9.58847988E-07,-7.311337728052,
    -25.58944291522));
#4772 = B_SPLINE_CURVE_WITH_KNOTS('',3,(#4773,#4774,#4775,#4776,#4777,
    #4778,#4779,#4780,#4781,#4782,#4783,#4784),.UNSPECIFIED.,.F.,.F.,(4,
    2,2,2,2,4),(-0.527285826999,-0.494797497363,-0.45793094508,
    -0.371424115857,-0.192370962941,-4.314243961692E-02),.UNSPECIFIED.);
#4773 = CARTESIAN_POINT('',(-3.695543527871,-5.18639740152,
    -30.23108640345));
#4774 = CARTESIAN_POINT('',(-3.602093251734,-5.121812715309,
    -30.14937235981));
#4775 = CARTESIAN_POINT('',(-3.500418537648,-5.083025504445,
    -30.05995873946));
#4776 = CARTESIAN_POINT('',(-3.279732166659,-5.037721547385,
    -29.86425067038));
#4777 = CARTESIAN_POINT('',(-3.158076677794,-5.035844105362,
    -29.75537494853));
#4778 = CARTESIAN_POINT('',(-2.765844165386,-5.071178777734,
    -29.40025561015));
#4779 = CARTESIAN_POINT('',(-2.475156104289,-5.167931656777,
    -29.12958445032));
#4780 = CARTESIAN_POINT('',(-1.693931293338,-5.509749555114,
    -28.36841359036));
#4781 = CARTESIAN_POINT('',(-1.116957038596,-5.892114201314,
    -27.76660789003));
#4782 = CARTESIAN_POINT('',(-0.315906768971,-6.708299201905,
    -26.54753661076));
#4783 = CARTESIAN_POINT('',(-0.119939879115,-7.046327898478,
    -26.04906187473));
#4784 = CARTESIAN_POINT('',(9.5884697168E-07,-7.31133772805,
    -25.58944291523));
#4785 = ORIENTED_EDGE('',*,*,#4786,.T.);
#4786 = EDGE_CURVE('',#4770,#4292,#4787,.T.);
#4787 = B_SPLINE_CURVE_WITH_KNOTS('',3,(#4788,#4789,#4790,#4791,#4792,
    #4793,#4794,#4795,#4796,#4797,#4798),.UNSPECIFIED.,.F.,.F.,(4,3,2,2,
    4),(-6.015417240609E-02,0.,0.160937691523,0.230342914972,
    0.245080349743),.UNSPECIFIED.);
#4788 = CARTESIAN_POINT('',(9.5884798702E-07,-7.311337728052,
    -25.58944291522));
#4789 = CARTESIAN_POINT('',(3.977514889655E-02,-7.435315758079,
    -25.43702634412));
#4790 = CARTESIAN_POINT('',(7.256318378648E-02,-7.559585562689,
    -25.28334930106));
#4791 = CARTESIAN_POINT('',(9.959915214753E-02,-7.683635012277,
    -25.1281506613));
#4792 = CARTESIAN_POINT('',(0.171931729624,-8.01551942283,
    -24.71292907633));
#4793 = CARTESIAN_POINT('',(0.205694462641,-8.378412950753,
    -24.24800892881));
#4794 = CARTESIAN_POINT('',(0.218577732862,-8.834823677588,
    -23.63071237881));
#4795 = CARTESIAN_POINT('',(0.21838581006,-9.007189152638,
    -23.39598295962));
#4796 = CARTESIAN_POINT('',(0.213412153178,-9.129145134076,
    -23.14345865822));
#4797 = CARTESIAN_POINT('',(0.212355195042,-9.148555140989,
    -23.09780245874));
#4798 = CARTESIAN_POINT('',(0.211107139477,-9.164395153026,
    -23.05108640345));
#4799 = ORIENTED_EDGE('',*,*,#4303,.T.);
#4800 = ORIENTED_EDGE('',*,*,#2249,.T.);
#4801 = B_SPLINE_SURFACE_WITH_KNOTS('',3,1,(
    (#4802,#4803)
    ,(#4804,#4805)
    ,(#4806,#4807)
    ,(#4808,#4809)
    ,(#4810,#4811)
    ,(#4812,#4813)
    ,(#4814,#4815)
    ,(#4816,#4817)
    ,(#4818,#4819)
    ,(#4820,#4821)
    ,(#4822,#4823)
    ,(#4824,#4825)
    ,(#4826,#4827)
    ,(#4828,#4829)
    ,(#4830,#4831)
    ,(#4832,#4833)
    ,(#4834,#4835)
    ,(#4836,#4837)
    ,(#4838,#4839
    )),.UNSPECIFIED.,.F.,.F.,.F.,(4,3,3,3,3,3,4),(2,2),(-0.202312577621,
    0.,0.174144055956,0.466298016749,0.694715272236,0.888398737599,
    1.460160885679),(-0.94,1.309934255469),.UNSPECIFIED.);
#4802 = CARTESIAN_POINT('',(-7.382138746535,-12.68363527712,
    -33.43244410761));
#4803 = CARTESIAN_POINT('',(-7.382139543009,9.815707277551,
    -33.43244410761));
#4804 = CARTESIAN_POINT('',(-6.211051670426,-12.68363523567,
    -32.41566504471));
#4805 = CARTESIAN_POINT('',(-6.2110524669,9.815707319007,-32.41566504471
    ));
#4806 = CARTESIAN_POINT('',(-5.039964594318,-12.68363519421,
    -31.39888598182));
#4807 = CARTESIAN_POINT('',(-5.039965390792,9.815707360463,
    -31.39888598182));
#4808 = CARTESIAN_POINT('',(-3.868877518209,-12.68363515276,
    -30.38210691892));
#4809 = CARTESIAN_POINT('',(-3.868878314683,9.81570740192,
    -30.38210691892));
#4810 = CARTESIAN_POINT('',(-2.857906719814,-12.68363511697,
    -29.50434645006));
#4811 = CARTESIAN_POINT('',(-2.857907516288,9.815707437708,
    -29.50434645006));
#4812 = CARTESIAN_POINT('',(-2.279683624473,-12.6836350965,
    -28.95507167966));
#4813 = CARTESIAN_POINT('',(-2.279684420947,9.815707458177,
    -28.95507167966));
#4814 = CARTESIAN_POINT('',(-1.819363034885,-12.6836350802,
    -28.47972686068));
#4815 = CARTESIAN_POINT('',(-1.819363831359,9.815707474472,
    -28.47972686068));
#4816 = CARTESIAN_POINT('',(-1.047103064569,-12.68363505287,
    -27.68226138967));
#4817 = CARTESIAN_POINT('',(-1.047103861043,9.81570750181,
    -27.68226138967));
#4818 = CARTESIAN_POINT('',(-0.647891261326,-12.68363503873,
    -27.13081807596));
#4819 = CARTESIAN_POINT('',(-0.6478920578,9.815707515942,-27.13081807596
    ));
#4820 = CARTESIAN_POINT('',(-0.349384323535,-12.68363502817,
    -26.52770237614));
#4821 = CARTESIAN_POINT('',(-0.349385120009,9.815707526509,
    -26.52770237614));
#4822 = CARTESIAN_POINT('',(-0.11600006515,-12.6836350199,
    -26.05616321741));
#4823 = CARTESIAN_POINT('',(-0.116000861624,9.815707534771,
    -26.05616321741));
#4824 = CARTESIAN_POINT('',(3.806269755791E-02,-12.68363501445,
    -25.5743005962));
#4825 = CARTESIAN_POINT('',(3.806190108405E-02,9.815707540225,
    -25.5743005962));
#4826 = CARTESIAN_POINT('',(0.129738780142,-12.68363501121,
    -24.93851808296));
#4827 = CARTESIAN_POINT('',(0.129737983668,9.81570754347,-24.93851808295
    ));
#4828 = CARTESIAN_POINT('',(0.20747433181,-12.68363500845,
    -24.39941450201));
#4829 = CARTESIAN_POINT('',(0.207473535336,9.815707546222,
    -24.39941450201));
#4830 = CARTESIAN_POINT('',(0.243690092395,-12.68363500717,
    -23.77861798757));
#4831 = CARTESIAN_POINT('',(0.243689295921,9.815707547504,
    -23.77861798757));
#4832 = CARTESIAN_POINT('',(0.19982879918,-12.68363500872,
    -22.72278518461));
#4833 = CARTESIAN_POINT('',(0.199828002706,9.815707545951,
    -22.72278518461));
#4834 = CARTESIAN_POINT('',(7.141221041408E-02,-12.68363501327,
    -19.63153007273));
#4835 = CARTESIAN_POINT('',(7.141141394022E-02,9.815707541406,
    -19.63153007273));
#4836 = CARTESIAN_POINT('',(-5.700437835172E-02,-12.68363501782,
    -16.54027496085));
#4837 = CARTESIAN_POINT('',(-5.700517482558E-02,9.81570753686,
    -16.54027496085));
#4838 = CARTESIAN_POINT('',(-0.185420967117,-12.68363502236,
    -13.44901984897));
#4839 = CARTESIAN_POINT('',(-0.185421763591,9.815707532314,
    -13.44901984897));
#4840 = ADVANCED_FACE('',(#4841),#4880,.T.);
#4841 = FACE_BOUND('',#4842,.T.);
#4842 = EDGE_LOOP('',(#4843,#4844,#4853,#4879));
#4843 = ORIENTED_EDGE('',*,*,#2224,.F.);
#4844 = ORIENTED_EDGE('',*,*,#4845,.T.);
#4845 = EDGE_CURVE('',#2216,#4846,#4848,.T.);
#4846 = VERTEX_POINT('',#4847);
#4847 = CARTESIAN_POINT('',(-4.131120436463,-5.54447673262,
    -30.08006588797));
#4848 = B_SPLINE_CURVE_WITH_KNOTS('',3,(#4849,#4850,#4851,#4852),
  .UNSPECIFIED.,.F.,.F.,(4,4),(-0.399656232011,0.226084157058),
  .PIECEWISE_BEZIER_KNOTS.);
#4849 = CARTESIAN_POINT('',(-4.131120657974,0.712927158066,
    -30.08006588797));
#4850 = CARTESIAN_POINT('',(-4.131120584137,-1.372874138828,
    -30.08006588797));
#4851 = CARTESIAN_POINT('',(-4.1311205103,-3.458675435724,
    -30.08006588797));
#4852 = CARTESIAN_POINT('',(-4.131120436463,-5.54447673262,
    -30.08006588797));
#4853 = ORIENTED_EDGE('',*,*,#4854,.F.);
#4854 = EDGE_CURVE('',#4314,#4846,#4855,.T.);
#4855 = B_SPLINE_CURVE_WITH_KNOTS('',3,(#4856,#4857,#4858,#4859,#4860,
    #4861,#4862,#4863,#4864,#4865,#4866,#4867,#4868,#4869,#4870,#4871,
    #4872,#4873,#4874,#4875,#4876,#4877,#4878),.UNSPECIFIED.,.F.,.F.,(4,
    2,2,2,2,3,2,2,2,2,4),(-0.83498032577,-0.794322445239,-0.733571489911
    ,-0.695152921349,-0.659596853291,-0.613402857058,-0.44530065146,
    -0.275454220123,-0.157031516763,-5.501125018349E-02,0.),
  .UNSPECIFIED.);
#4856 = CARTESIAN_POINT('',(-0.189038455136,-9.095274699853,
    -23.05108640359));
#4857 = CARTESIAN_POINT('',(-0.18477540403,-9.01984678379,
    -23.20751303201));
#4858 = CARTESIAN_POINT('',(-0.182443252491,-8.917294549881,
    -23.3703199739));
#4859 = CARTESIAN_POINT('',(-0.182145300086,-8.703143803268,
    -23.71623231785));
#4860 = CARTESIAN_POINT('',(-0.18651321555,-8.567415110497,
    -23.93651288373));
#4861 = CARTESIAN_POINT('',(-0.20377087725,-8.361411658491,
    -24.27644167821));
#4862 = CARTESIAN_POINT('',(-0.213031506738,-8.281724572678,
    -24.40824920404));
#4863 = CARTESIAN_POINT('',(-0.237075326646,-8.127525570454,
    -24.66067709386));
#4864 = CARTESIAN_POINT('',(-0.251394961996,-8.05305170822,
    -24.78143685055));
#4865 = CARTESIAN_POINT('',(-0.292070661602,-7.880533237134,
    -25.05738298651));
#4866 = CARTESIAN_POINT('',(-0.320689769327,-7.782337673699,
    -25.21167763652));
#4867 = CARTESIAN_POINT('',(-0.35638175419,-7.683635028418,
    -25.36441448432));
#4868 = CARTESIAN_POINT('',(-0.486266628133,-7.324451287607,
    -25.92023132385));
#4869 = CARTESIAN_POINT('',(-0.697934276188,-6.992948903252,
    -26.40428663617));
#4870 = CARTESIAN_POINT('',(-1.356680661641,-6.349837111302,
    -27.39910130946));
#4871 = CARTESIAN_POINT('',(-1.764422115426,-6.080269516462,
    -27.84980138313));
#4872 = CARTESIAN_POINT('',(-2.393114856147,-5.74879345697,
    -28.49583746546));
#4873 = CARTESIAN_POINT('',(-2.676718323973,-5.625562974678,
    -28.76911628427));
#4874 = CARTESIAN_POINT('',(-3.199582920142,-5.469810495859,
    -29.25516785912));
#4875 = CARTESIAN_POINT('',(-3.472248381189,-5.417529473551,
    -29.50098452589));
#4876 = CARTESIAN_POINT('',(-3.863073797049,-5.446395911411,
    -29.8464489694));
#4877 = CARTESIAN_POINT('',(-4.002179874293,-5.477646906373,
    -29.9681151466));
#4878 = CARTESIAN_POINT('',(-4.131120436463,-5.54447673262,
    -30.08006588797));
#4879 = ORIENTED_EDGE('',*,*,#4313,.T.);
#4880 = B_SPLINE_SURFACE_WITH_KNOTS('',3,1,(
    (#4881,#4882)
    ,(#4883,#4884)
    ,(#4885,#4886)
    ,(#4887,#4888)
    ,(#4889,#4890)
    ,(#4891,#4892)
    ,(#4893,#4894)
    ,(#4895,#4896)
    ,(#4897,#4898)
    ,(#4899,#4900)
    ,(#4901,#4902)
    ,(#4903,#4904)
    ,(#4905,#4906)
    ,(#4907,#4908)
    ,(#4909,#4910)
    ,(#4911,#4912)
    ,(#4913,#4914)
    ,(#4915,#4916)
    ,(#4917,#4918
    )),.UNSPECIFIED.,.F.,.F.,.F.,(4,3,3,3,3,3,4),(2,2),(-1.920522787961,
    0.,0.174205644479,0.471383736504,0.700024232494,0.888398737599,
    1.770055584844),(-1.154675274311,1.335453315707),.UNSPECIFIED.);
#4881 = CARTESIAN_POINT('',(-37.48197910231,-14.83038908576,
    -59.03645678928));
#4882 = CARTESIAN_POINT('',(-37.48197998381,10.0708968144,
    -59.03645678928));
#4883 = CARTESIAN_POINT('',(-26.36502610412,-14.83038869223,
    -49.38432648885));
#4884 = CARTESIAN_POINT('',(-26.36502698562,10.070897207939,
    -49.38432648884));
#4885 = CARTESIAN_POINT('',(-15.24807310593,-14.83038829869,
    -39.73219618841));
#4886 = CARTESIAN_POINT('',(-15.24807398743,10.070897601478,
    -39.73219618841));
#4887 = CARTESIAN_POINT('',(-4.131120107743,-14.83038790515,
    -30.08006588797));
#4888 = CARTESIAN_POINT('',(-4.131120989245,10.070897995016,
    -30.08006588797));
#4889 = CARTESIAN_POINT('',(-3.125668463323,-14.83038786956,
    -29.20709734306));
#4890 = CARTESIAN_POINT('',(-3.125669344825,10.070898030609,
    -29.20709734306));
#4891 = CARTESIAN_POINT('',(-2.555562321281,-14.83038784937,
    -28.66500269557));
#4892 = CARTESIAN_POINT('',(-2.555563202783,10.070898050791,
    -28.66500269557));
#4893 = CARTESIAN_POINT('',(-2.106233686697,-14.83038783347,
    -28.20096949935));
#4894 = CARTESIAN_POINT('',(-2.106234568199,10.070898066697,
    -28.20096949935));
#4895 = CARTESIAN_POINT('',(-1.339722207016,-14.83038780633,
    -27.4093734503));
#4896 = CARTESIAN_POINT('',(-1.339723088518,10.070898093832,
    -27.4093734503));
#4897 = CARTESIAN_POINT('',(-0.968290617366,-14.83038779319,
    -26.88619572097));
#4898 = CARTESIAN_POINT('',(-0.968291498868,10.07089810698,
    -26.88619572097));
#4899 = CARTESIAN_POINT('',(-0.693660841806,-14.83038778346,
    -26.32128755548));
#4900 = CARTESIAN_POINT('',(-0.693661723308,10.070898116702,
    -26.32128755548));
#4901 = CARTESIAN_POINT('',(-0.482368388619,-14.83038777598,
    -25.88666304374));
#4902 = CARTESIAN_POINT('',(-0.482369270121,10.070898124182,
    -25.88666304374));
#4903 = CARTESIAN_POINT('',(-0.343859673777,-14.83038777108,
    -25.44712876018));
#4904 = CARTESIAN_POINT('',(-0.343860555279,10.070898129085,
    -25.44712876018));
#4905 = CARTESIAN_POINT('',(-0.260243926434,-14.83038776812,
    -24.8393894875));
#4906 = CARTESIAN_POINT('',(-0.260244807936,10.070898132045,
    -24.8393894875));
#4907 = CARTESIAN_POINT('',(-0.19135378973,-14.83038776568,
    -24.33867947886));
#4908 = CARTESIAN_POINT('',(-0.191354671232,10.070898134484,
    -24.33867947886));
#4909 = CARTESIAN_POINT('',(-0.15786841468,-14.8303877645,
    -23.74940443976));
#4910 = CARTESIAN_POINT('',(-0.157869296182,10.070898135669,
    -23.74940443976));
#4911 = CARTESIAN_POINT('',(-0.199826425132,-14.83038776598,
    -22.73938762229));
#4912 = CARTESIAN_POINT('',(-0.199827306634,10.070898134184,
    -22.73938762229));
#4913 = CARTESIAN_POINT('',(-0.397844718518,-14.83038777299,
    -17.9726743218));
#4914 = CARTESIAN_POINT('',(-0.39784560002,10.070898127174,
    -17.9726743218));
#4915 = CARTESIAN_POINT('',(-0.595863011903,-14.83038778,-13.20596102132
    ));
#4916 = CARTESIAN_POINT('',(-0.595863893405,10.070898120164,
    -13.20596102131));
#4917 = CARTESIAN_POINT('',(-0.793881305288,-14.83038778701,
    -8.439247720834));
#4918 = CARTESIAN_POINT('',(-0.79388218679,10.070898113154,
    -8.439247720833));
#4919 = ADVANCED_FACE('',(#4920),#4935,.F.);
#4920 = FACE_BOUND('',#4921,.F.);
#4921 = EDGE_LOOP('',(#4922,#4923,#4933,#4934));
#4922 = ORIENTED_EDGE('',*,*,#4845,.T.);
#4923 = ORIENTED_EDGE('',*,*,#4924,.T.);
#4924 = EDGE_CURVE('',#4846,#4701,#4925,.T.);
#4925 = B_SPLINE_CURVE_WITH_KNOTS('',3,(#4926,#4927,#4928,#4929,#4930,
    #4931,#4932),.UNSPECIFIED.,.F.,.F.,(4,3,4),(-2.326306481477E-02,
    -1.137473038988E-02,0.),.UNSPECIFIED.);
#4926 = CARTESIAN_POINT('',(-4.134228477604,-5.544356542553,
    -30.08006588797));
#4927 = CARTESIAN_POINT('',(-4.113134316169,-5.518212025785,
    -30.10435963836));
#4928 = CARTESIAN_POINT('',(-4.091170272524,-5.493002291167,
    -30.1296434483));
#4929 = CARTESIAN_POINT('',(-4.068686222358,-5.469888276252,
    -30.15552549334));
#4930 = CARTESIAN_POINT('',(-4.047173536091,-5.447772841198,
    -30.1802893731));
#4931 = CARTESIAN_POINT('',(-4.025186095572,-5.427576413274,
    -30.20560058338));
#4932 = CARTESIAN_POINT('',(-4.003039487352,-5.410348176887,
    -30.23108640345));
#4933 = ORIENTED_EDGE('',*,*,#4709,.T.);
#4934 = ORIENTED_EDGE('',*,*,#2215,.T.);
#4935 = PLANE('',#4936);
#4936 = AXIS2_PLACEMENT_3D('',#4937,#4938,#4939);
#4937 = CARTESIAN_POINT('',(-3.999999268692,-0.883635157402,
    -30.23108640345));
#4938 = DIRECTION('',(0.755102577372,2.673051771E-08,0.65560666382));
#4939 = DIRECTION('',(-3.539987266446E-08,1.,2.650612335355E-14));
#4940 = ADVANCED_FACE('',(#4941),#4974,.F.);
#4941 = FACE_BOUND('',#4942,.F.);
#4942 = EDGE_LOOP('',(#4943,#4944,#4961,#4972,#4973));
#4943 = ORIENTED_EDGE('',*,*,#4680,.F.);
#4944 = ORIENTED_EDGE('',*,*,#4945,.T.);
#4945 = EDGE_CURVE('',#4681,#4946,#4948,.T.);
#4946 = VERTEX_POINT('',#4947);
#4947 = CARTESIAN_POINT('',(-2.202566482135,-10.53363509377,
    -25.58944291523));
#4948 = B_SPLINE_CURVE_WITH_KNOTS('',3,(#4949,#4950,#4951,#4952,#4953,
    #4954,#4955,#4956,#4957,#4958,#4959,#4960),.UNSPECIFIED.,.F.,.F.,(4,
    2,2,2,2,4),(-0.739594615676,-0.700294890188,-0.657173854765,
    -0.556805742861,-0.33553629478,0.),.UNSPECIFIED.);
#4949 = CARTESIAN_POINT('',(-5.347236541365,-14.22917961658,
    -30.23108640345));
#4950 = CARTESIAN_POINT('',(-5.39878146311,-14.15459711951,
    -30.16587057239));
#4951 = CARTESIAN_POINT('',(-5.432581275845,-14.07477813053,
    -30.09575828374));
#4952 = CARTESIAN_POINT('',(-5.474666008908,-13.90218892733,
    -29.94318240079));
#4953 = CARTESIAN_POINT('',(-5.480026203013,-13.80940654956,
    -29.86060664826));
#4954 = CARTESIAN_POINT('',(-5.461556643618,-13.50635998971,
    -29.5886806704));
#4955 = CARTESIAN_POINT('',(-5.388547812036,-13.28694400343,
    -29.38787185142));
#4956 = CARTESIAN_POINT('',(-5.097409687593,-12.65565119723,
    -28.79430304153));
#4957 = CARTESIAN_POINT('',(-4.743111993742,-12.18320502856,
    -28.32797436881));
#4958 = CARTESIAN_POINT('',(-3.66117365941,-11.14551426279,
    -27.10023520662));
#4959 = CARTESIAN_POINT('',(-2.929695407233,-10.74822007228,
    -26.41174265991));
#4960 = CARTESIAN_POINT('',(-2.202566482135,-10.53363509377,
    -25.58944291523));
#4961 = ORIENTED_EDGE('',*,*,#4962,.T.);
#4962 = EDGE_CURVE('',#4946,#4325,#4963,.T.);
#4963 = B_SPLINE_CURVE_WITH_KNOTS('',3,(#4964,#4965,#4966,#4967,#4968,
    #4969,#4970,#4971),.UNSPECIFIED.,.F.,.F.,(4,2,2,4),(-0.323093349168,
    -0.165147365838,-6.241616149402E-02,-3.224557968929E-02),
  .UNSPECIFIED.);
#4964 = CARTESIAN_POINT('',(-2.202566482135,-10.53363509377,
    -25.58944291523));
#4965 = CARTESIAN_POINT('',(-1.789942577161,-10.41886320115,
    -25.14963162015));
#4966 = CARTESIAN_POINT('',(-1.410546222016,-10.3636901407,
    -24.7059680553));
#4967 = CARTESIAN_POINT('',(-0.927704177191,-10.31972226153,
    -23.98507933085));
#4968 = CARTESIAN_POINT('',(-0.749789441925,-10.31337483557,
    -23.66804195645));
#4969 = CARTESIAN_POINT('',(-0.611544699628,-10.31801066121,
    -23.24745940905));
#4970 = CARTESIAN_POINT('',(-0.585839035433,-10.31988927289,
    -23.14989122419));
#4971 = CARTESIAN_POINT('',(-0.567944231518,-10.32252892192,
    -23.05108636432));
#4972 = ORIENTED_EDGE('',*,*,#4336,.T.);
#4973 = ORIENTED_EDGE('',*,*,#2183,.T.);
#4974 = B_SPLINE_SURFACE_WITH_KNOTS('',3,1,(
    (#4975,#4976)
    ,(#4977,#4978)
    ,(#4979,#4980)
    ,(#4981,#4982)
    ,(#4983,#4984)
    ,(#4985,#4986)
    ,(#4987,#4988)
    ,(#4989,#4990)
    ,(#4991,#4992)
    ,(#4993,#4994)
    ,(#4995,#4996)
    ,(#4997,#4998)
    ,(#4999,#5000)
    ,(#5001,#5002)
    ,(#5003,#5004)
    ,(#5005,#5006)
    ,(#5007,#5008)
    ,(#5009,#5010)
    ,(#5011,#5012
    )),.UNSPECIFIED.,.F.,.F.,.F.,(4,3,3,3,3,3,4),(2,2),(-0.202312577615,
    0.,0.174144055956,0.466298016749,0.694715272236,0.888398737599,
    1.146459570895),(-0.669205470968,1.309934255469),.UNSPECIFIED.);
#4975 = CARTESIAN_POINT('',(-0.557943956077,-17.91577493101,
    -33.43244410752));
#4976 = CARTESIAN_POINT('',(-20.34934122044,-17.91577563163,
    -33.43244410752));
#4977 = CARTESIAN_POINT('',(-0.557943997534,-16.74468785494,
    -32.41566504466));
#4978 = CARTESIAN_POINT('',(-20.34934126189,-16.74468855555,
    -32.41566504466));
#4979 = CARTESIAN_POINT('',(-0.55794403899,-15.57360077886,
    -31.39888598179));
#4980 = CARTESIAN_POINT('',(-20.34934130335,-15.57360147947,
    -31.39888598179));
#4981 = CARTESIAN_POINT('',(-0.557944080446,-14.40251370278,
    -30.38210691892));
#4982 = CARTESIAN_POINT('',(-20.34934134481,-14.4025144034,
    -30.38210691892));
#4983 = CARTESIAN_POINT('',(-0.557944116235,-13.39154290439,
    -29.50434645006));
#4984 = CARTESIAN_POINT('',(-20.3493413806,-13.391543605,-29.50434645006
    ));
#4985 = CARTESIAN_POINT('',(-0.557944136704,-12.81331980905,
    -28.95507167966));
#4986 = CARTESIAN_POINT('',(-20.34934140106,-12.81332050966,
    -28.95507167966));
#4987 = CARTESIAN_POINT('',(-0.557944152999,-12.35299921946,
    -28.47972686068));
#4988 = CARTESIAN_POINT('',(-20.34934141736,-12.35299992007,
    -28.47972686068));
#4989 = CARTESIAN_POINT('',(-0.557944180337,-11.58073924915,
    -27.68226138967));
#4990 = CARTESIAN_POINT('',(-20.3493414447,-11.58073994976,
    -27.68226138967));
#4991 = CARTESIAN_POINT('',(-0.557944194469,-11.1815274459,
    -27.13081807596));
#4992 = CARTESIAN_POINT('',(-20.34934145883,-11.18152814652,
    -27.13081807596));
#4993 = CARTESIAN_POINT('',(-0.557944205036,-10.88302050811,
    -26.52770237614));
#4994 = CARTESIAN_POINT('',(-20.3493414694,-10.88302120872,
    -26.52770237614));
#4995 = CARTESIAN_POINT('',(-0.557944213298,-10.64963624973,
    -26.05616321741));
#4996 = CARTESIAN_POINT('',(-20.34934147766,-10.64963695034,
    -26.05616321741));
#4997 = CARTESIAN_POINT('',(-0.557944218752,-10.49557348702,
    -25.5743005962));
#4998 = CARTESIAN_POINT('',(-20.34934148311,-10.49557418763,
    -25.5743005962));
#4999 = CARTESIAN_POINT('',(-0.557944221997,-10.40389740443,
    -24.93851808296));
#5000 = CARTESIAN_POINT('',(-20.34934148636,-10.40389810505,
    -24.93851808296));
#5001 = CARTESIAN_POINT('',(-0.557944224749,-10.32616185277,
    -24.39941450201));
#5002 = CARTESIAN_POINT('',(-20.34934148911,-10.32616255338,
    -24.39941450201));
#5003 = CARTESIAN_POINT('',(-0.557944226031,-10.28994609218,
    -23.77861798757));
#5004 = CARTESIAN_POINT('',(-20.34934149039,-10.28994679279,
    -23.77861798757));
#5005 = CARTESIAN_POINT('',(-0.557944224478,-10.3338073854,
    -22.72278518461));
#5006 = CARTESIAN_POINT('',(-20.34934148884,-10.33380808601,
    -22.72278518461));
#5007 = CARTESIAN_POINT('',(-0.557944222426,-10.39176731159,
    -21.3275688822));
#5008 = CARTESIAN_POINT('',(-20.34934148679,-10.39176801221,
    -21.3275688822));
#5009 = CARTESIAN_POINT('',(-0.557944220374,-10.44972723779,
    -19.93235257979));
#5010 = CARTESIAN_POINT('',(-20.34934148473,-10.44972793841,
    -19.93235257979));
#5011 = CARTESIAN_POINT('',(-0.557944218323,-10.50768716399,
    -18.53713627738));
#5012 = CARTESIAN_POINT('',(-20.34934148268,-10.50768786461,
    -18.53713627738));
#5013 = ADVANCED_FACE('',(#5014),#5050,.T.);
#5014 = FACE_BOUND('',#5015,.T.);
#5015 = EDGE_LOOP('',(#5016,#5017,#5026,#5049));
#5016 = ORIENTED_EDGE('',*,*,#2161,.F.);
#5017 = ORIENTED_EDGE('',*,*,#5018,.T.);
#5018 = EDGE_CURVE('',#2153,#5019,#5021,.T.);
#5019 = VERTEX_POINT('',#5020);
#5020 = CARTESIAN_POINT('',(-4.988033820398,-14.66475652514,
    -30.08006588797));
#5021 = B_SPLINE_CURVE_WITH_KNOTS('',3,(#5022,#5023,#5024,#5025),
  .UNSPECIFIED.,.F.,.F.,(4,4),(-0.401378657766,0.226196496044),
  .PIECEWISE_BEZIER_KNOTS.);
#5022 = CARTESIAN_POINT('',(-11.2637853585,-14.6647567473,
    -30.08006588797));
#5023 = CARTESIAN_POINT('',(-9.171868179137,-14.66475667324,
    -30.08006588797));
#5024 = CARTESIAN_POINT('',(-7.079950999768,-14.66475659919,
    -30.08006588797));
#5025 = CARTESIAN_POINT('',(-4.988033820398,-14.66475652514,
    -30.08006588797));
#5026 = ORIENTED_EDGE('',*,*,#5027,.F.);
#5027 = EDGE_CURVE('',#4347,#5019,#5028,.T.);
#5028 = B_SPLINE_CURVE_WITH_KNOTS('',3,(#5029,#5030,#5031,#5032,#5033,
    #5034,#5035,#5036,#5037,#5038,#5039,#5040,#5041,#5042,#5043,#5044,
    #5045,#5046,#5047,#5048),.UNSPECIFIED.,.F.,.F.,(4,2,2,2,2,2,2,2,2,4)
  ,(-0.84785298006,-0.837829984266,-0.797984242983,-0.70679641595,
    -0.614286397196,-0.339717615675,-0.215153283022,-9.28334354864E-02,
    -5.12186849427E-02,0.),.UNSPECIFIED.);
#5029 = CARTESIAN_POINT('',(-0.57448360411,-10.72267451374,
    -23.05108638629));
#5030 = CARTESIAN_POINT('',(-0.582142918831,-10.72161287128,
    -23.09004183853));
#5031 = CARTESIAN_POINT('',(-0.590932978213,-10.72067131429,
    -23.12878034655));
#5032 = CARTESIAN_POINT('',(-0.639591920497,-10.71660915373,
    -23.32013217616));
#5033 = CARTESIAN_POINT('',(-0.694630903014,-10.71532837911,
    -23.4706269653));
#5034 = CARTESIAN_POINT('',(-0.904030424675,-10.71835023658,
    -23.94519321684));
#5035 = CARTESIAN_POINT('',(-1.105455684888,-10.73243520913,
    -24.26804835665));
#5036 = CARTESIAN_POINT('',(-1.528113023432,-10.79095181593,
    -24.86303486945));
#5037 = CARTESIAN_POINT('',(-1.762008683296,-10.83685641644,
    -25.15185588943));
#5038 = CARTESIAN_POINT('',(-2.708420964133,-11.11051521641,
    -26.2557881102));
#5039 = CARTESIAN_POINT('',(-3.373839657056,-11.50561218252,
    -26.91468855924));
#5040 = CARTESIAN_POINT('',(-4.228978149055,-12.38822650628,
    -27.94686580303));
#5041 = CARTESIAN_POINT('',(-4.475431450748,-12.70240557802,
    -28.27241656979));
#5042 = CARTESIAN_POINT('',(-4.864192777973,-13.34980867449,
    -28.90354368316));
#5043 = CARTESIAN_POINT('',(-5.004496938311,-13.67633599776,
    -29.20363367962));
#5044 = CARTESIAN_POINT('',(-5.07708009267,-14.07900773689,
    -29.56514255808));
#5045 = CARTESIAN_POINT('',(-5.086522320297,-14.18400718131,
    -29.65854390057));
#5046 = CARTESIAN_POINT('',(-5.076076882798,-14.41571051673,
    -29.8630698012));
#5047 = CARTESIAN_POINT('',(-5.048811900948,-14.54428417709,
    -29.97546754867));
#5048 = CARTESIAN_POINT('',(-4.988033820398,-14.66475652514,
    -30.08006588797));
#5049 = ORIENTED_EDGE('',*,*,#4346,.T.);
#5050 = B_SPLINE_SURFACE_WITH_KNOTS('',3,1,(
    (#5051,#5052)
    ,(#5053,#5054)
    ,(#5055,#5056)
    ,(#5057,#5058)
    ,(#5059,#5060)
    ,(#5061,#5062)
    ,(#5063,#5064)
    ,(#5065,#5066)
    ,(#5067,#5068)
    ,(#5069,#5070)
    ,(#5071,#5072)
    ,(#5073,#5074)
    ,(#5075,#5076)
    ,(#5077,#5078)
    ,(#5079,#5080)
    ,(#5081,#5082)
    ,(#5083,#5084)
    ,(#5085,#5086)
    ,(#5087,#5088)
    ,(#5089,#5090)
    ,(#5091,#5092)
    ,(#5093,#5094
    )),.UNSPECIFIED.,.F.,.F.,.F.,(4,3,3,3,3,3,3,4),(2,2),(
    -0.233464935532,-4.360996436069E-04,0.,0.174205644479,0.471383736504
    ,0.700024232494,0.888398737599,1.153264681056),(-0.668551531941,
    1.335453315707),.UNSPECIFIED.);
#5051 = CARTESIAN_POINT('',(-0.564483317914,-18.71899420104,
    -33.60009802579));
#5052 = CARTESIAN_POINT('',(-20.60453179438,-18.71899491045,
    -33.60009802579));
#5053 = CARTESIAN_POINT('',(-0.564483365665,-17.37010595455,
    -32.42894572191));
#5054 = CARTESIAN_POINT('',(-20.60453184213,-17.37010666396,
    -32.42894572192));
#5055 = CARTESIAN_POINT('',(-0.564483413415,-16.02121770806,
    -31.25779341804));
#5056 = CARTESIAN_POINT('',(-20.60453188988,-16.02121841747,
    -31.25779341804));
#5057 = CARTESIAN_POINT('',(-0.564483461166,-14.67232946156,
    -30.08664111417));
#5058 = CARTESIAN_POINT('',(-20.60453193764,-14.67233017098,
    -30.08664111417));
#5059 = CARTESIAN_POINT('',(-0.564483461255,-14.66980509722,
    -30.08444937211));
#5060 = CARTESIAN_POINT('',(-20.60453193772,-14.66980580664,
    -30.08444937211));
#5061 = CARTESIAN_POINT('',(-0.564483461345,-14.66728073288,
    -30.08225763004));
#5062 = CARTESIAN_POINT('',(-20.60453193781,-14.6672814423,
    -30.08225763004));
#5063 = CARTESIAN_POINT('',(-0.564483461434,-14.66475636854,
    -30.08006588797));
#5064 = CARTESIAN_POINT('',(-20.6045319379,-14.66475707796,
    -30.08006588797));
#5065 = CARTESIAN_POINT('',(-0.564483497027,-13.65930472412,
    -29.20709734306));
#5066 = CARTESIAN_POINT('',(-20.6045319735,-13.65930543354,
    -29.20709734306));
#5067 = CARTESIAN_POINT('',(-0.564483517208,-13.08919858208,
    -28.66500269557));
#5068 = CARTESIAN_POINT('',(-20.60453199368,-13.0891992915,
    -28.66500269557));
#5069 = CARTESIAN_POINT('',(-0.564483533115,-12.6398699475,
    -28.20096949935));
#5070 = CARTESIAN_POINT('',(-20.60453200958,-12.63987065691,
    -28.20096949935));
#5071 = CARTESIAN_POINT('',(-0.564483560249,-11.87335846782,
    -27.4093734503));
#5072 = CARTESIAN_POINT('',(-20.60453203672,-11.87335917723,
    -27.4093734503));
#5073 = CARTESIAN_POINT('',(-0.564483573398,-11.50192687817,
    -26.88619572097));
#5074 = CARTESIAN_POINT('',(-20.60453204987,-11.50192758758,
    -26.88619572097));
#5075 = CARTESIAN_POINT('',(-0.56448358312,-11.22729710261,
    -26.32128755548));
#5076 = CARTESIAN_POINT('',(-20.60453205959,-11.22729781202,
    -26.32128755548));
#5077 = CARTESIAN_POINT('',(-0.564483590599,-11.01600464942,
    -25.88666304374));
#5078 = CARTESIAN_POINT('',(-20.60453206707,-11.01600535884,
    -25.88666304374));
#5079 = CARTESIAN_POINT('',(-0.564483595502,-10.87749593458,
    -25.44712876018));
#5080 = CARTESIAN_POINT('',(-20.60453207197,-10.87749664399,
    -25.44712876018));
#5081 = CARTESIAN_POINT('',(-0.564483598462,-10.79388018724,
    -24.8393894875));
#5082 = CARTESIAN_POINT('',(-20.60453207493,-10.79388089665,
    -24.8393894875));
#5083 = CARTESIAN_POINT('',(-0.564483600901,-10.72499005053,
    -24.33867947886));
#5084 = CARTESIAN_POINT('',(-20.60453207737,-10.72499075995,
    -24.33867947886));
#5085 = CARTESIAN_POINT('',(-0.564483602087,-10.69150467548,
    -23.74940443976));
#5086 = CARTESIAN_POINT('',(-20.60453207856,-10.6915053849,
    -23.74940443976));
#5087 = CARTESIAN_POINT('',(-0.564483600601,-10.73346268593,
    -22.73938762229));
#5088 = CARTESIAN_POINT('',(-20.60453207707,-10.73346339535,
    -22.73938762229));
#5089 = CARTESIAN_POINT('',(-0.564483598495,-10.79295102571,
    -21.30737921735));
#5090 = CARTESIAN_POINT('',(-20.60453207496,-10.79295173513,
    -21.30737921735));
#5091 = CARTESIAN_POINT('',(-0.564483596389,-10.8524393655,
    -19.87537081242));
#5092 = CARTESIAN_POINT('',(-20.60453207286,-10.85244007491,
    -19.87537081242));
#5093 = CARTESIAN_POINT('',(-0.564483594284,-10.91192770528,
    -18.44336240749));
#5094 = CARTESIAN_POINT('',(-20.60453207075,-10.91192841469,
    -18.44336240749));
#5095 = ADVANCED_FACE('',(#5096),#5111,.F.);
#5096 = FACE_BOUND('',#5097,.F.);
#5097 = EDGE_LOOP('',(#5098,#5099,#5109,#5110));
#5098 = ORIENTED_EDGE('',*,*,#5018,.T.);
#5099 = ORIENTED_EDGE('',*,*,#5100,.T.);
#5100 = EDGE_CURVE('',#5019,#4632,#5101,.T.);
#5101 = B_SPLINE_CURVE_WITH_KNOTS('',3,(#5102,#5103,#5104,#5105,#5106,
    #5107,#5108),.UNSPECIFIED.,.F.,.F.,(4,3,4),(-2.329167518292E-02,
    -1.139837796373E-02,0.),.UNSPECIFIED.);
#5102 = CARTESIAN_POINT('',(-4.988504625286,-14.66802388835,
    -30.08006588797));
#5103 = CARTESIAN_POINT('',(-5.014792055923,-14.64709344629,
    -30.10422395873));
#5104 = CARTESIAN_POINT('',(-5.040270677651,-14.62520997725,
    -30.12947535249));
#5105 = CARTESIAN_POINT('',(-5.063617906563,-14.60276646225,
    -30.1553577885));
#5106 = CARTESIAN_POINT('',(-5.085993580411,-14.5812568958,
    -30.18016317114));
#5107 = CARTESIAN_POINT('',(-5.106410166711,-14.55923368424,
    -30.20554759946));
#5108 = CARTESIAN_POINT('',(-5.123675095039,-14.53707313343,
    -30.23108640345));
#5109 = ORIENTED_EDGE('',*,*,#4640,.T.);
#5110 = ORIENTED_EDGE('',*,*,#2152,.T.);
#5111 = PLANE('',#5112);
#5112 = AXIS2_PLACEMENT_3D('',#5113,#5114,#5115);
#5113 = CARTESIAN_POINT('',(-9.649998785485,-14.53363535741,
    -30.23108640345));
#5114 = DIRECTION('',(-2.673054309E-08,0.755102577372,0.65560666382));
#5115 = DIRECTION('',(-1.,-3.539987260018E-08,-1.228015519491E-14));
#5116 = ADVANCED_FACE('',(#5117),#5153,.F.);
#5117 = FACE_BOUND('',#5118,.F.);
#5118 = EDGE_LOOP('',(#5119,#5120,#5137,#5151,#5152));
#5119 = ORIENTED_EDGE('',*,*,#4611,.T.);
#5120 = ORIENTED_EDGE('',*,*,#5121,.T.);
#5121 = EDGE_CURVE('',#4612,#5122,#5124,.T.);
#5122 = VERTEX_POINT('',#5123);
#5123 = CARTESIAN_POINT('',(1.186985814E-06,-13.75593230355,
    -25.58944291523));
#5124 = B_SPLINE_CURVE_WITH_KNOTS('',3,(#5125,#5126,#5127,#5128,#5129,
    #5130,#5131,#5132,#5133,#5134,#5135,#5136),.UNSPECIFIED.,.F.,.F.,(4,
    2,2,2,2,4),(-0.519417004525,-0.490509125788,-0.458397451127,
    -0.383647289479,-0.220129597645,0.),.UNSPECIFIED.);
#5125 = CARTESIAN_POINT('',(3.695545673703,-15.88087263008,
    -30.23108640345));
#5126 = CARTESIAN_POINT('',(3.6155870754,-15.93613304444,-30.16116964492
    ));
#5127 = CARTESIAN_POINT('',(3.529609073776,-15.97251545043,
    -30.0856212669));
#5128 = CARTESIAN_POINT('',(3.343873423348,-16.02033748862,
    -29.92128186586));
#5129 = CARTESIAN_POINT('',(3.242854387013,-16.02875471619,
    -29.83124105728));
#5130 = CARTESIAN_POINT('',(2.91427939333,-16.02186993946,
    -29.53568794373));
#5131 = CARTESIAN_POINT('',(2.671954857215,-15.95964121096,
    -29.31291451281));
#5132 = CARTESIAN_POINT('',(1.981267636326,-15.71118332116,
    -28.65714272793));
#5133 = CARTESIAN_POINT('',(1.458957492003,-15.40452299795,
    -28.13294509069));
#5134 = CARTESIAN_POINT('',(0.445751501991,-14.56722213108,
    -26.84124258878));
#5135 = CARTESIAN_POINT('',(0.161800631214,-14.11342891495,
    -26.20946603219));
#5136 = CARTESIAN_POINT('',(1.18698581422E-06,-13.75593230355,
    -25.58944291523));
#5137 = ORIENTED_EDGE('',*,*,#5138,.T.);
#5138 = EDGE_CURVE('',#5122,#4358,#5139,.T.);
#5139 = B_SPLINE_CURVE_WITH_KNOTS('',3,(#5140,#5141,#5142,#5143,#5144,
    #5145,#5146,#5147,#5148,#5149,#5150),.UNSPECIFIED.,.F.,.F.,(4,3,2,2,
    4),(-6.015417240648E-02,0.,0.160937691563,0.230342915085,
    0.245080349709),.UNSPECIFIED.);
#5140 = CARTESIAN_POINT('',(1.18698581387E-06,-13.75593230355,
    -25.58944291523));
#5141 = CARTESIAN_POINT('',(-3.97730030631E-02,-13.63195427352,
    -25.43702634412));
#5142 = CARTESIAN_POINT('',(-7.256103795328E-02,-13.50768446891,
    -25.28334930106));
#5143 = CARTESIAN_POINT('',(-9.959700631452E-02,-13.38363501932,
    -25.1281506613));
#5144 = CARTESIAN_POINT('',(-0.171929583809,-13.05175060869,
    -24.71292907622));
#5145 = CARTESIAN_POINT('',(-0.205692316834,-12.68885708054,
    -24.24800892843));
#5146 = CARTESIAN_POINT('',(-0.218575587036,-12.23244635351,
    -23.63071237811));
#5147 = CARTESIAN_POINT('',(-0.218383664222,-12.06008087821,
    -23.3959829586));
#5148 = CARTESIAN_POINT('',(-0.213410007324,-11.93812489713,
    -23.1434586573));
#5149 = CARTESIAN_POINT('',(-0.212353049197,-11.91871489045,
    -23.09780245827));
#5150 = CARTESIAN_POINT('',(-0.211104993644,-11.90287487857,
    -23.05108640345));
#5151 = ORIENTED_EDGE('',*,*,#4369,.T.);
#5152 = ORIENTED_EDGE('',*,*,#2122,.T.);
#5153 = B_SPLINE_SURFACE_WITH_KNOTS('',3,1,(
    (#5154,#5155)
    ,(#5156,#5157)
    ,(#5158,#5159)
    ,(#5160,#5161)
    ,(#5162,#5163)
    ,(#5164,#5165)
    ,(#5166,#5167)
    ,(#5168,#5169)
    ,(#5170,#5171)
    ,(#5172,#5173)
    ,(#5174,#5175)
    ,(#5176,#5177)
    ,(#5178,#5179)
    ,(#5180,#5181)
    ,(#5182,#5183)
    ,(#5184,#5185)
    ,(#5186,#5187)
    ,(#5188,#5189)
    ,(#5190,#5191
    )),.UNSPECIFIED.,.F.,.F.,.F.,(4,3,3,3,3,3,4),(2,2),(-0.202312577615,
    0.,0.174144055956,0.466298016749,0.694715272236,0.888398737599,
    1.460160885679),(-0.94,1.309934255469),.UNSPECIFIED.);
#5154 = CARTESIAN_POINT('',(7.382140892269,-8.383634754476,
    -33.43244410752));
#5155 = CARTESIAN_POINT('',(7.382141688743,-30.88297730916,
    -33.43244410752));
#5156 = CARTESIAN_POINT('',(6.211053816194,-8.383634795932,
    -32.41566504466));
#5157 = CARTESIAN_POINT('',(6.211054612668,-30.88297735061,
    -32.41566504466));
#5158 = CARTESIAN_POINT('',(5.039966740118,-8.383634837388,
    -31.39888598179));
#5159 = CARTESIAN_POINT('',(5.039967536592,-30.88297739207,
    -31.39888598179));
#5160 = CARTESIAN_POINT('',(3.868879664042,-8.383634878845,
    -30.38210691892));
#5161 = CARTESIAN_POINT('',(3.868880460516,-30.88297743353,
    -30.38210691892));
#5162 = CARTESIAN_POINT('',(2.857908865647,-8.383634914633,
    -29.50434645006));
#5163 = CARTESIAN_POINT('',(2.857909662121,-30.88297746931,
    -29.50434645006));
#5164 = CARTESIAN_POINT('',(2.279685770306,-8.383634935102,
    -28.95507167966));
#5165 = CARTESIAN_POINT('',(2.27968656678,-30.88297748978,
    -28.95507167966));
#5166 = CARTESIAN_POINT('',(1.819365180718,-8.383634951397,
    -28.47972686068));
#5167 = CARTESIAN_POINT('',(1.819365977192,-30.88297750608,
    -28.47972686068));
#5168 = CARTESIAN_POINT('',(1.047105210402,-8.383634978735,
    -27.68226138967));
#5169 = CARTESIAN_POINT('',(1.047106006876,-30.88297753342,
    -27.68226138967));
#5170 = CARTESIAN_POINT('',(0.647893407159,-8.383634992867,
    -27.13081807596));
#5171 = CARTESIAN_POINT('',(0.647894203633,-30.88297754755,
    -27.13081807596));
#5172 = CARTESIAN_POINT('',(0.349386469368,-8.383635003434,
    -26.52770237614));
#5173 = CARTESIAN_POINT('',(0.349387265842,-30.88297755812,
    -26.52770237614));
#5174 = CARTESIAN_POINT('',(0.116002210983,-8.383635011696,
    -26.05616321741));
#5175 = CARTESIAN_POINT('',(0.116003007457,-30.88297756638,
    -26.05616321741));
#5176 = CARTESIAN_POINT('',(-3.806055172495E-02,-8.38363501715,
    -25.5743005962));
#5177 = CARTESIAN_POINT('',(-3.805975525109E-02,-30.88297757183,
    -25.5743005962));
#5178 = CARTESIAN_POINT('',(-0.129736634309,-8.383635020395,
    -24.93851808295));
#5179 = CARTESIAN_POINT('',(-0.129735837835,-30.88297757508,
    -24.93851808296));
#5180 = CARTESIAN_POINT('',(-0.207472185977,-8.383635023147,
    -24.39941450201));
#5181 = CARTESIAN_POINT('',(-0.207471389503,-30.88297757783,
    -24.39941450201));
#5182 = CARTESIAN_POINT('',(-0.243687946562,-8.383635024429,
    -23.77861798757));
#5183 = CARTESIAN_POINT('',(-0.243687150088,-30.88297757911,
    -23.77861798757));
#5184 = CARTESIAN_POINT('',(-0.199826653347,-8.383635022876,
    -22.72278518461));
#5185 = CARTESIAN_POINT('',(-0.199825856873,-30.88297757756,
    -22.72278518461));
#5186 = CARTESIAN_POINT('',(-7.141006458117E-02,-8.383635018331,
    -19.63153007273));
#5187 = CARTESIAN_POINT('',(-7.140926810732E-02,-30.88297757301,
    -19.63153007273));
#5188 = CARTESIAN_POINT('',(5.700652418455E-02,-8.383635013785,
    -16.54027496086));
#5189 = CARTESIAN_POINT('',(5.700732065841E-02,-30.88297756847,
    -16.54027496086));
#5190 = CARTESIAN_POINT('',(0.18542311295,-8.38363500924,-13.44901984898
    ));
#5191 = CARTESIAN_POINT('',(0.185423909424,-30.88297756392,
    -13.44901984898));
#5192 = ADVANCED_FACE('',(#5193),#5230,.T.);
#5193 = FACE_BOUND('',#5194,.T.);
#5194 = EDGE_LOOP('',(#5195,#5196,#5203,#5229));
#5195 = ORIENTED_EDGE('',*,*,#2097,.F.);
#5196 = ORIENTED_EDGE('',*,*,#5197,.F.);
#5197 = EDGE_CURVE('',#5198,#2089,#5200,.T.);
#5198 = VERTEX_POINT('',#5199);
#5199 = CARTESIAN_POINT('',(4.131122582295,-15.52279329898,
    -30.08006588797));
#5200 = B_SPLINE_CURVE_WITH_KNOTS('',1,(#5201,#5202),.UNSPECIFIED.,.F.,
  .F.,(2,2),(-0.226084157058,0.399656206566),.PIECEWISE_BEZIER_KNOTS.);
#5201 = CARTESIAN_POINT('',(4.131122582295,-15.52279329898,
    -30.08006588797));
#5202 = CARTESIAN_POINT('',(4.131122803807,-21.78019693521,
    -30.08006588797));
#5203 = ORIENTED_EDGE('',*,*,#5204,.F.);
#5204 = EDGE_CURVE('',#4257,#5198,#5205,.T.);
#5205 = B_SPLINE_CURVE_WITH_KNOTS('',3,(#5206,#5207,#5208,#5209,#5210,
    #5211,#5212,#5213,#5214,#5215,#5216,#5217,#5218,#5219,#5220,#5221,
    #5222,#5223,#5224,#5225,#5226,#5227,#5228),.UNSPECIFIED.,.F.,.F.,(4,
    2,2,2,2,3,2,2,2,2,4),(-0.83498032577,-0.794322445239,-0.733571489911
    ,-0.695152921349,-0.659596853292,-0.613402857059,-0.445300651461,
    -0.275454220123,-0.157031516763,-5.50112501835E-02,0.),
  .UNSPECIFIED.);
#5206 = CARTESIAN_POINT('',(0.18904060097,-11.97199533175,
    -23.05108640359));
#5207 = CARTESIAN_POINT('',(0.184777549864,-12.04742324781,-23.207513032
    ));
#5208 = CARTESIAN_POINT('',(0.182445398325,-12.14997548172,
    -23.37031997389));
#5209 = CARTESIAN_POINT('',(0.18214744592,-12.36412622833,
    -23.71623231785));
#5210 = CARTESIAN_POINT('',(0.186515361383,-12.4998549211,
    -23.93651288373));
#5211 = CARTESIAN_POINT('',(0.203773023082,-12.70585837311,
    -24.27644167821));
#5212 = CARTESIAN_POINT('',(0.213033652571,-12.78554545892,
    -24.40824920404));
#5213 = CARTESIAN_POINT('',(0.237077472479,-12.93974446115,
    -24.66067709386));
#5214 = CARTESIAN_POINT('',(0.251397107829,-13.01421832338,
    -24.78143685055));
#5215 = CARTESIAN_POINT('',(0.292072807433,-13.18673679447,
    -25.05738298651));
#5216 = CARTESIAN_POINT('',(0.320691915159,-13.2849323579,
    -25.21167763651));
#5217 = CARTESIAN_POINT('',(0.356383900023,-13.38363500318,
    -25.36441448432));
#5218 = CARTESIAN_POINT('',(0.486268773966,-13.74281874399,
    -25.92023132385));
#5219 = CARTESIAN_POINT('',(0.697936422021,-14.07432112835,
    -26.40428663617));
#5220 = CARTESIAN_POINT('',(1.356682807473,-14.7174329203,
    -27.39910130946));
#5221 = CARTESIAN_POINT('',(1.764424261258,-14.98700051514,
    -27.84980138313));
#5222 = CARTESIAN_POINT('',(2.393117001979,-15.31847657463,
    -28.49583746546));
#5223 = CARTESIAN_POINT('',(2.676720469806,-15.44170705692,
    -28.76911628427));
#5224 = CARTESIAN_POINT('',(3.199585065975,-15.59745953574,
    -29.25516785912));
#5225 = CARTESIAN_POINT('',(3.472250527021,-15.64974055805,
    -29.50098452589));
#5226 = CARTESIAN_POINT('',(3.863075942882,-15.62087412019,
    -29.8464489694));
#5227 = CARTESIAN_POINT('',(4.002182020126,-15.58962312523,
    -29.9681151466));
#5228 = CARTESIAN_POINT('',(4.131122582295,-15.52279329898,
    -30.08006588797));
#5229 = ORIENTED_EDGE('',*,*,#4256,.T.);
#5230 = B_SPLINE_SURFACE_WITH_KNOTS('',3,1,(
    (#5231,#5232)
    ,(#5233,#5234)
    ,(#5235,#5236)
    ,(#5237,#5238)
    ,(#5239,#5240)
    ,(#5241,#5242)
    ,(#5243,#5244)
    ,(#5245,#5246)
    ,(#5247,#5248)
    ,(#5249,#5250)
    ,(#5251,#5252)
    ,(#5253,#5254)
    ,(#5255,#5256)
    ,(#5257,#5258)
    ,(#5259,#5260)
    ,(#5261,#5262)
    ,(#5263,#5264)
    ,(#5265,#5266)
    ,(#5267,#5268
    )),.UNSPECIFIED.,.F.,.F.,.F.,(4,3,3,3,3,3,4),(2,2),(-1.920522787963,
    0.,0.174205644479,0.471383736504,0.700024232494,0.888398737599,
    1.770055584844),(-1.154675274316,1.335453315706),.UNSPECIFIED.);
#5231 = CARTESIAN_POINT('',(37.481981248172,-6.236880945784,
    -59.03645678931));
#5232 = CARTESIAN_POINT('',(37.481982129675,-31.138166846,
    -59.03645678931));
#5233 = CARTESIAN_POINT('',(26.365028249972,-6.236881339324,
    -49.38432648886));
#5234 = CARTESIAN_POINT('',(26.365029131475,-31.13816723954,
    -49.38432648886));
#5235 = CARTESIAN_POINT('',(15.248075251772,-6.236881732864,
    -39.73219618842));
#5236 = CARTESIAN_POINT('',(15.248076133275,-31.13816763308,
    -39.73219618842));
#5237 = CARTESIAN_POINT('',(4.131122253575,-6.236882126402,
    -30.08006588797));
#5238 = CARTESIAN_POINT('',(4.131123135078,-31.13816802662,
    -30.08006588797));
#5239 = CARTESIAN_POINT('',(3.125670609155,-6.236882161995,
    -29.20709734306));
#5240 = CARTESIAN_POINT('',(3.125671490658,-31.13816806221,
    -29.20709734306));
#5241 = CARTESIAN_POINT('',(2.555564467113,-6.236882182177,
    -28.66500269557));
#5242 = CARTESIAN_POINT('',(2.555565348616,-31.1381680824,
    -28.66500269557));
#5243 = CARTESIAN_POINT('',(2.106235832529,-6.236882198083,
    -28.20096949935));
#5244 = CARTESIAN_POINT('',(2.106236714032,-31.1381680983,
    -28.20096949935));
#5245 = CARTESIAN_POINT('',(1.339724352848,-6.236882225217,
    -27.4093734503));
#5246 = CARTESIAN_POINT('',(1.339725234351,-31.13816812544,
    -27.4093734503));
#5247 = CARTESIAN_POINT('',(0.968292763198,-6.236882238366,
    -26.88619572097));
#5248 = CARTESIAN_POINT('',(0.968293644701,-31.13816813859,
    -26.88619572097));
#5249 = CARTESIAN_POINT('',(0.693662987638,-6.236882248088,
    -26.32128755548));
#5250 = CARTESIAN_POINT('',(0.693663869141,-31.13816814831,
    -26.32128755548));
#5251 = CARTESIAN_POINT('',(0.482370534451,-6.236882255568,
    -25.88666304374));
#5252 = CARTESIAN_POINT('',(0.482371415954,-31.13816815579,
    -25.88666304374));
#5253 = CARTESIAN_POINT('',(0.343861819609,-6.236882260471,
    -25.44712876018));
#5254 = CARTESIAN_POINT('',(0.343862701112,-31.13816816069,
    -25.44712876018));
#5255 = CARTESIAN_POINT('',(0.260246072266,-6.236882263431,
    -24.8393894875));
#5256 = CARTESIAN_POINT('',(0.260246953769,-31.13816816365,
    -24.8393894875));
#5257 = CARTESIAN_POINT('',(0.191355935563,-6.236882265869,
    -24.33867947886));
#5258 = CARTESIAN_POINT('',(0.191356817066,-31.13816816609,
    -24.33867947886));
#5259 = CARTESIAN_POINT('',(0.157870560512,-6.236882267055,
    -23.74940443976));
#5260 = CARTESIAN_POINT('',(0.157871442015,-31.13816816727,
    -23.74940443976));
#5261 = CARTESIAN_POINT('',(0.199828570964,-6.23688226557,
    -22.73938762229));
#5262 = CARTESIAN_POINT('',(0.199829452467,-31.13816816579,
    -22.73938762229));
#5263 = CARTESIAN_POINT('',(0.39784686435,-6.236882258561,-17.9726743218
    ));
#5264 = CARTESIAN_POINT('',(0.397847745853,-31.13816815878,
    -17.9726743218));
#5265 = CARTESIAN_POINT('',(0.595865157736,-6.236882251551,
    -13.20596102131));
#5266 = CARTESIAN_POINT('',(0.595866039238,-31.13816815177,
    -13.20596102131));
#5267 = CARTESIAN_POINT('',(0.793883451121,-6.236882244541,
    -8.439247720828));
#5268 = CARTESIAN_POINT('',(0.793884332624,-31.13816814476,
    -8.43924772083));
#5269 = ADVANCED_FACE('',(#5270),#5285,.F.);
#5270 = FACE_BOUND('',#5271,.F.);
#5271 = EDGE_LOOP('',(#5272,#5273,#5283,#5284));
#5272 = ORIENTED_EDGE('',*,*,#5197,.F.);
#5273 = ORIENTED_EDGE('',*,*,#5274,.T.);
#5274 = EDGE_CURVE('',#5198,#4595,#5275,.T.);
#5275 = B_SPLINE_CURVE_WITH_KNOTS('',3,(#5276,#5277,#5278,#5279,#5280,
    #5281,#5282),.UNSPECIFIED.,.F.,.F.,(4,3,4),(-2.326306481477E-02,
    -1.137473038982E-02,0.),.UNSPECIFIED.);
#5276 = CARTESIAN_POINT('',(4.134230623437,-15.52291348905,
    -30.08006588797));
#5277 = CARTESIAN_POINT('',(4.113136462002,-15.54905800582,
    -30.10435963836));
#5278 = CARTESIAN_POINT('',(4.091172418357,-15.57426774043,
    -30.1296434483));
#5279 = CARTESIAN_POINT('',(4.068688368191,-15.59738175535,
    -30.15552549334));
#5280 = CARTESIAN_POINT('',(4.047175681924,-15.6194971904,-30.1802893731
    ));
#5281 = CARTESIAN_POINT('',(4.025188241405,-15.63969361833,
    -30.20560058338));
#5282 = CARTESIAN_POINT('',(4.003041633185,-15.65692185471,
    -30.23108640345));
#5283 = ORIENTED_EDGE('',*,*,#4603,.T.);
#5284 = ORIENTED_EDGE('',*,*,#2088,.T.);
#5285 = PLANE('',#5286);
#5286 = AXIS2_PLACEMENT_3D('',#5287,#5288,#5289);
#5287 = CARTESIAN_POINT('',(4.000001414525,-20.1836348742,
    -30.23108640345));
#5288 = DIRECTION('',(-0.755102577372,-2.673057343E-08,0.65560666382));
#5289 = DIRECTION('',(3.539987254357E-08,-1.,-5.862310107215E-14));
#5290 = ADVANCED_FACE('',(#5291),#5310,.F.);
#5291 = FACE_BOUND('',#5292,.F.);
#5292 = EDGE_LOOP('',(#5293,#5301,#5308,#5309));
#5293 = ORIENTED_EDGE('',*,*,#5294,.F.);
#5294 = EDGE_CURVE('',#5295,#2821,#5297,.T.);
#5295 = VERTEX_POINT('',#5296);
#5296 = CARTESIAN_POINT('',(-17.51047595651,-9.636083729277,
    -12.48357577793));
#5297 = LINE('',#5298,#5299);
#5298 = CARTESIAN_POINT('',(174.78539006048,-137.1575359866,
    68.603450662756));
#5299 = VECTOR('',#5300,1.);
#5300 = DIRECTION('',(0.786260779237,-0.521410670432,0.331549241883));
#5301 = ORIENTED_EDGE('',*,*,#5302,.F.);
#5302 = EDGE_CURVE('',#2930,#5295,#5303,.T.);
#5303 = ELLIPSE('',#5304,5.817198701668,4.940819446345);
#5304 = AXIS2_PLACEMENT_3D('',#5305,#5306,#5307);
#5305 = CARTESIAN_POINT('',(-18.66098266616,-6.221983792008,
    -8.799407962981));
#5306 = DIRECTION('',(-0.954538663976,-3.379057994524E-08,
    -0.298087133191));
#5307 = DIRECTION('',(4.636606408629E-02,0.987828737366,-0.148474151743)
  );
#5308 = ORIENTED_EDGE('',*,*,#2929,.F.);
#5309 = ORIENTED_EDGE('',*,*,#2820,.T.);
#5310 = CYLINDRICAL_SURFACE('',#5311,4.940819446345);
#5311 = AXIS2_PLACEMENT_3D('',#5312,#5313,#5314);
#5312 = CARTESIAN_POINT('',(174.78538996663,-134.5063971962,
    72.772762346409));
#5313 = DIRECTION('',(-0.786260779237,0.521410670432,-0.331549241883));
#5314 = DIRECTION('',(0.52303284276,0.27593561174,-0.806409439161));
#5315 = ADVANCED_FACE('',(#5316),#5334,.T.);
#5316 = FACE_BOUND('',#5317,.T.);
#5317 = EDGE_LOOP('',(#5318,#5326,#5327,#5328));
#5318 = ORIENTED_EDGE('',*,*,#5319,.T.);
#5319 = EDGE_CURVE('',#5320,#2830,#5322,.T.);
#5320 = VERTEX_POINT('',#5321);
#5321 = CARTESIAN_POINT('',(-18.64920695075,-15.37068748271,
    -8.837115281613));
#5322 = LINE('',#5323,#5324);
#5323 = CARTESIAN_POINT('',(248.59962595204,-15.37067802212,
    -8.837115281616));
#5324 = VECTOR('',#5325,1.);
#5325 = DIRECTION('',(1.,3.539992664E-08,-1.075E-14));
#5326 = ORIENTED_EDGE('',*,*,#2829,.F.);
#5327 = ORIENTED_EDGE('',*,*,#5294,.F.);
#5328 = ORIENTED_EDGE('',*,*,#5329,.F.);
#5329 = EDGE_CURVE('',#5320,#5295,#5330,.T.);
#5330 = LINE('',#5331,#5332);
#5331 = CARTESIAN_POINT('',(-17.66028216211,-10.39050179046,
    -12.00386422747));
#5332 = VECTOR('',#5333,1.);
#5333 = DIRECTION('',(0.165260884722,0.832247207299,-0.529200742558));
#5334 = PLANE('',#5335);
#5335 = AXIS2_PLACEMENT_3D('',#5336,#5337,#5338);
#5336 = CARTESIAN_POINT('',(160.35378459959,-16.79287341705,
    -7.932786369991));
#5337 = DIRECTION('',(-1.899483981E-08,0.53657876374,0.843850241632));
#5338 = DIRECTION('',(-1.,-3.539989490111E-08,-9.441753128938E-15));
#5339 = ADVANCED_FACE('',(#5340),#5388,.F.);
#5340 = FACE_BOUND('',#5341,.F.);
#5341 = EDGE_LOOP('',(#5342,#5351,#5359,#5370,#5379,#5386,#5387));
#5342 = ORIENTED_EDGE('',*,*,#5343,.F.);
#5343 = EDGE_CURVE('',#5344,#2838,#5346,.T.);
#5344 = VERTEX_POINT('',#5345);
#5345 = CARTESIAN_POINT('',(-14.01526693694,-21.78781799415,
    -1.538671635894));
#5346 = ELLIPSE('',#5347,18.2424263405,17.390340002837);
#5347 = AXIS2_PLACEMENT_3D('',#5348,#5349,#5350);
#5348 = CARTESIAN_POINT('',(-12.8881989179,-6.039400139033,
    5.837727331852));
#5349 = DIRECTION('',(0.95329096006,-0.181361731474,0.241545581257));
#5350 = DIRECTION('',(0.302053547352,0.572383682522,-0.762325766661));
#5351 = ORIENTED_EDGE('',*,*,#5352,.F.);
#5352 = EDGE_CURVE('',#5353,#5344,#5355,.T.);
#5353 = VERTEX_POINT('',#5354);
#5354 = CARTESIAN_POINT('',(-21.59671339603,-21.7878182625,
    -1.538671635963));
#5355 = LINE('',#5356,#5357);
#5356 = CARTESIAN_POINT('',(248.59962617921,-21.7878086976,
    -1.538671635896));
#5357 = VECTOR('',#5358,1.);
#5358 = DIRECTION('',(1.,3.539992664E-08,-1.075E-14));
#5359 = ORIENTED_EDGE('',*,*,#5360,.T.);
#5360 = EDGE_CURVE('',#5353,#5361,#5363,.T.);
#5361 = VERTEX_POINT('',#5362);
#5362 = CARTESIAN_POINT('',(-19.37113163507,-17.97879586653,
    -6.806431816009));
#5363 = B_SPLINE_CURVE_WITH_KNOTS('',3,(#5364,#5365,#5366,#5367,#5368,
    #5369),.UNSPECIFIED.,.F.,.F.,(4,2,4),(0.123544594014,0.577427721948,
    0.815396371668),.UNSPECIFIED.);
#5364 = CARTESIAN_POINT('',(-21.59671339603,-21.7878182625,
    -1.538671635963));
#5365 = CARTESIAN_POINT('',(-21.06684366134,-21.18619977136,
    -2.823111253425));
#5366 = CARTESIAN_POINT('',(-20.53700507446,-20.42712074728,
    -4.034947668329));
#5367 = CARTESIAN_POINT('',(-19.8138967948,-19.04795907314,
    -5.727974915728));
#5368 = CARTESIAN_POINT('',(-19.5802222648,-18.53272448151,
    -6.283378234809));
#5369 = CARTESIAN_POINT('',(-19.37113163508,-17.97879586654,-6.806431816
    ));
#5370 = ORIENTED_EDGE('',*,*,#5371,.T.);
#5371 = EDGE_CURVE('',#5361,#5372,#5374,.T.);
#5372 = VERTEX_POINT('',#5373);
#5373 = CARTESIAN_POINT('',(-18.75036302305,-15.86157135097,
    -8.513191878224));
#5374 = B_SPLINE_CURVE_WITH_KNOTS('',3,(#5375,#5376,#5377,#5378),
  .UNSPECIFIED.,.F.,.F.,(4,4),(0.815396371669,1.095990576639),
  .PIECEWISE_BEZIER_KNOTS.);
#5375 = CARTESIAN_POINT('',(-19.37113163507,-17.97879586653,
    -6.806431816008));
#5376 = CARTESIAN_POINT('',(-19.12458815515,-17.32564613647,
    -7.423176097006));
#5377 = CARTESIAN_POINT('',(-18.91219575359,-16.61873361256,
    -7.994968826009));
#5378 = CARTESIAN_POINT('',(-18.75036302305,-15.86157135097,
    -8.513191878224));
#5379 = ORIENTED_EDGE('',*,*,#5380,.T.);
#5380 = EDGE_CURVE('',#5372,#5320,#5381,.T.);
#5381 = ELLIPSE('',#5382,18.218581037244,17.390340002837);
#5382 = AXIS2_PLACEMENT_3D('',#5383,#5384,#5385);
#5383 = CARTESIAN_POINT('',(-23.23192554045,-6.0394005052,5.837727331853
    ));
#5384 = DIRECTION('',(0.954538663976,3.379057996E-08,0.298087133191));
#5385 = DIRECTION('',(0.298087133191,1.055232278E-08,-0.954538663976));
#5386 = ORIENTED_EDGE('',*,*,#5319,.T.);
#5387 = ORIENTED_EDGE('',*,*,#2837,.F.);
#5388 = CYLINDRICAL_SURFACE('',#5389,17.390340002837);
#5389 = AXIS2_PLACEMENT_3D('',#5390,#5391,#5392);
#5390 = CARTESIAN_POINT('',(248.59962562172,-6.039390882383,
    5.83772733185));
#5391 = DIRECTION('',(1.,3.539992664E-08,-1.075E-14));
#5392 = DIRECTION('',(2.65851292388E-08,-0.750994108193,-0.660308904573)
  );
#5393 = ADVANCED_FACE('',(#5394),#5464,.T.);
#5394 = FACE_BOUND('',#5395,.T.);
#5395 = EDGE_LOOP('',(#5396,#5407,#5408,#5409,#5417,#5425,#5433,#5441,
    #5449,#5457));
#5396 = ORIENTED_EDGE('',*,*,#5397,.F.);
#5397 = EDGE_CURVE('',#2847,#5398,#5400,.T.);
#5398 = VERTEX_POINT('',#5399);
#5399 = CARTESIAN_POINT('',(-11.66407344748,-24.3272218856,
    -12.72464395408));
#5400 = B_SPLINE_CURVE_WITH_KNOTS('',3,(#5401,#5402,#5403,#5404,#5405,
    #5406),.UNSPECIFIED.,.F.,.F.,(4,1,1,4),(-0.735331590116,
    -0.709573037611,-0.647103290431,-0.48051729795),.UNSPECIFIED.);
#5401 = CARTESIAN_POINT('',(-11.11912813887,-21.89190399386,
    -13.04681075375));
#5402 = CARTESIAN_POINT('',(-11.14263184823,-21.96556764033,
    -13.00935982153));
#5403 = CARTESIAN_POINT('',(-11.22174298345,-22.22337071171,
    -12.89070594887));
#5404 = CARTESIAN_POINT('',(-11.43466390654,-23.01424629665,
    -12.64420578348));
#5405 = CARTESIAN_POINT('',(-11.58294807447,-23.78023905619,
    -12.63411997016));
#5406 = CARTESIAN_POINT('',(-11.66407344747,-24.3272218856,
    -12.72464395408));
#5407 = ORIENTED_EDGE('',*,*,#2846,.F.);
#5408 = ORIENTED_EDGE('',*,*,#5343,.F.);
#5409 = ORIENTED_EDGE('',*,*,#5410,.F.);
#5410 = EDGE_CURVE('',#5411,#5344,#5413,.T.);
#5411 = VERTEX_POINT('',#5412);
#5412 = CARTESIAN_POINT('',(-15.91214732712,-24.38198697074,
    3.999810765571));
#5413 = LINE('',#5414,#5415);
#5414 = CARTESIAN_POINT('',(2.772704800606,1.171371044211,
    -50.55593519454));
#5415 = VECTOR('',#5416,1.);
#5416 = DIRECTION('',(0.296233354344,0.405128009993,-0.864937625088));
#5417 = ORIENTED_EDGE('',*,*,#5418,.F.);
#5418 = EDGE_CURVE('',#5419,#5411,#5421,.T.);
#5419 = VERTEX_POINT('',#5420);
#5420 = CARTESIAN_POINT('',(-17.07684182092,-30.50396608476,
    3.999810765571));
#5421 = LINE('',#5422,#5423);
#5422 = CARTESIAN_POINT('',(-14.88929837052,-19.00558999928,
    3.999810765571));
#5423 = VECTOR('',#5424,1.);
#5424 = DIRECTION('',(0.186895814767,0.982379740438,-9.2E-15));
#5425 = ORIENTED_EDGE('',*,*,#5426,.F.);
#5426 = EDGE_CURVE('',#5427,#5419,#5429,.T.);
#5427 = VERTEX_POINT('',#5428);
#5428 = CARTESIAN_POINT('',(-17.07847852446,-30.51559426815,
    3.997539340123));
#5429 = LINE('',#5430,#5431);
#5430 = CARTESIAN_POINT('',(-15.7332384349,-20.95815271839,
    5.864470331315));
#5431 = VECTOR('',#5432,1.);
#5432 = DIRECTION('',(0.136842755225,0.97221800385,0.189911066903));
#5433 = ORIENTED_EDGE('',*,*,#5434,.T.);
#5434 = EDGE_CURVE('',#5427,#5435,#5437,.T.);
#5435 = VERTEX_POINT('',#5436);
#5436 = CARTESIAN_POINT('',(-15.75913837101,-30.34648928197,
    -1.082437126646));
#5437 = LINE('',#5438,#5439);
#5438 = CARTESIAN_POINT('',(-13.26557376958,-30.026879357,-10.6836377423
    ));
#5439 = VECTOR('',#5440,1.);
#5440 = DIRECTION('',(0.251244026553,3.220292926486E-02,-0.967387931736)
  );
#5441 = ORIENTED_EDGE('',*,*,#5442,.T.);
#5442 = EDGE_CURVE('',#5435,#5443,#5445,.T.);
#5443 = VERTEX_POINT('',#5444);
#5444 = CARTESIAN_POINT('',(-14.99943538674,-28.33770960801,
    -2.572434275559));
#5445 = LINE('',#5446,#5447);
#5446 = CARTESIAN_POINT('',(-13.30206053728,-23.84957190402,
    -5.90147747542));
#5447 = VECTOR('',#5448,1.);
#5448 = DIRECTION('',(0.290640452143,0.768501094407,-0.57002999524));
#5449 = ORIENTED_EDGE('',*,*,#5450,.F.);
#5450 = EDGE_CURVE('',#5451,#5443,#5453,.T.);
#5451 = VERTEX_POINT('',#5452);
#5452 = CARTESIAN_POINT('',(-13.99006263505,-26.89904831996,
    -5.475852395091));
#5453 = LINE('',#5454,#5455);
#5454 = CARTESIAN_POINT('',(-12.7371591798,-25.113282164,-9.079776305157
    ));
#5455 = VECTOR('',#5456,1.);
#5456 = DIRECTION('',(-0.297409741011,-0.423898783043,0.8554865678));
#5457 = ORIENTED_EDGE('',*,*,#5458,.F.);
#5458 = EDGE_CURVE('',#5398,#5451,#5459,.T.);
#5459 = ELLIPSE('',#5460,37.25260086661,35.231448316271);
#5460 = AXIS2_PLACEMENT_3D('',#5461,#5462,#5463);
#5461 = CARTESIAN_POINT('',(-15.39263810945,-58.70156167695,
    -23.81895908337));
#5462 = DIRECTION('',(0.95329096006,-0.181361731474,0.241545581257));
#5463 = DIRECTION('',(-0.112856028468,0.527904613619,0.841772080648));
#5464 = PLANE('',#5465);
#5465 = AXIS2_PLACEMENT_3D('',#5466,#5467,#5468);
#5466 = CARTESIAN_POINT('',(-11.41074944981,-16.2648463601,
    -7.67087769678));
#5467 = DIRECTION('',(0.95329096006,-0.181361731474,0.241545581257));
#5468 = DIRECTION('',(-0.302053547352,-0.572383682522,0.762325766661));
#5469 = ADVANCED_FACE('',(#5470),#5485,.T.);
#5470 = FACE_BOUND('',#5471,.T.);
#5471 = EDGE_LOOP('',(#5472,#5473,#5484));
#5472 = ORIENTED_EDGE('',*,*,#5397,.T.);
#5473 = ORIENTED_EDGE('',*,*,#5474,.T.);
#5474 = EDGE_CURVE('',#5398,#2855,#5475,.T.);
#5475 = B_SPLINE_CURVE_WITH_KNOTS('',3,(#5476,#5477,#5478,#5479,#5480,
    #5481,#5482,#5483),.UNSPECIFIED.,.F.,.F.,(4,2,2,4),(0.,
    0.203383494425,0.330079646046,0.377427018485),.UNSPECIFIED.);
#5476 = CARTESIAN_POINT('',(-11.66407344747,-24.32722188558,
    -12.72464395408));
#5477 = CARTESIAN_POINT('',(-11.47566429015,-24.18256864053,
    -13.35961389507));
#5478 = CARTESIAN_POINT('',(-11.24262140119,-24.05432789354,
    -13.98190453611));
#5479 = CARTESIAN_POINT('',(-10.79332733531,-23.87506336589,
    -14.97223819556));
#5480 = CARTESIAN_POINT('',(-10.61250421747,-23.81579326354,
    -15.33027082424));
#5481 = CARTESIAN_POINT('',(-10.32561176007,-23.73904481805,
    -15.85132326881));
#5482 = CARTESIAN_POINT('',(-10.25875791198,-23.72280148063,
    -15.96876982121));
#5483 = CARTESIAN_POINT('',(-10.22159482053,-23.71383091542,
    -16.03492214851));
#5484 = ORIENTED_EDGE('',*,*,#2854,.F.);
#5485 = B_SPLINE_SURFACE_WITH_KNOTS('',3,3,(
    (#5486,#5487,#5488,#5489,#5490,#5491)
    ,(#5492,#5493,#5494,#5495,#5496,#5497)
    ,(#5498,#5499,#5500,#5501,#5502,#5503)
    ,(#5504,#5505,#5506,#5507,#5508,#5509
    )),.UNSPECIFIED.,.F.,.F.,.F.,(4,4),(4,1,1,4),(0.,1.),(
    -0.772042784791,-0.709573037611,-0.647103290431,-0.48051729795),
  .UNSPECIFIED.);
#5486 = CARTESIAN_POINT('',(-10.32606528852,-23.53932967904,
    -15.8006752407));
#5487 = CARTESIAN_POINT('',(-10.32606684176,-23.53933059367,
    -15.80067166986));
#5488 = CARTESIAN_POINT('',(-10.29970481052,-23.59001266133,
    -15.86193394619));
#5489 = CARTESIAN_POINT('',(-10.18527878928,-23.7792200464,
    -16.11788233891));
#5490 = CARTESIAN_POINT('',(-10.07452956276,-23.89830634689,
    -16.34487543922));
#5491 = CARTESIAN_POINT('',(-10.00333100238,-23.95149747471,
    -16.48324070325));
#5492 = CARTESIAN_POINT('',(-10.67681406186,-22.8770665031,
    -14.98948065664));
#5493 = CARTESIAN_POINT('',(-10.69629509364,-22.93149804723,
    -14.95346553954));
#5494 = CARTESIAN_POINT('',(-10.72230583373,-23.08129938563,
    -14.93573037707));
#5495 = CARTESIAN_POINT('',(-10.74993956376,-23.50073887499,
    -15.02692040559));
#5496 = CARTESIAN_POINT('',(-10.74511880112,-23.82588793872,
    -15.18736756021));
#5497 = CARTESIAN_POINT('',(-10.73648599311,-24.03583156496,
    -15.31662422412));
#5498 = CARTESIAN_POINT('',(-10.90903719619,-22.22036182584,
    -14.1225807025));
#5499 = CARTESIAN_POINT('',(-10.94855543773,-22.33077891942,
    -14.04952224681));
#5500 = CARTESIAN_POINT('',(-11.02230716641,-22.58289338621,
    -13.94763064803));
#5501 = CARTESIAN_POINT('',(-11.17116932873,-23.24249736399,
    -13.85559828893));
#5502 = CARTESIAN_POINT('',(-11.25465415734,-23.7858235437,
    -13.93377747877));
#5503 = CARTESIAN_POINT('',(-11.29812732168,-24.16289663633,
    -14.04551606524));
#5504 = CARTESIAN_POINT('',(-11.01630711955,-21.58739750919,
    -13.22397203607));
#5505 = CARTESIAN_POINT('',(-11.07586375637,-21.75380346462,
    -13.1138680501));
#5506 = CARTESIAN_POINT('',(-11.19106738283,-22.10942895704,
    -12.92621932405));
#5507 = CARTESIAN_POINT('',(-11.43466390654,-23.01424629665,
    -12.64420578348));
#5508 = CARTESIAN_POINT('',(-11.58294807447,-23.78023905619,
    -12.63411997016));
#5509 = CARTESIAN_POINT('',(-11.66407344747,-24.3272218856,
    -12.72464395408));
#5510 = ADVANCED_FACE('',(#5511),#5546,.F.);
#5511 = FACE_BOUND('',#5512,.F.);
#5512 = EDGE_LOOP('',(#5513,#5514,#5523,#5536,#5542,#5543,#5544,#5545));
#5513 = ORIENTED_EDGE('',*,*,#3603,.F.);
#5514 = ORIENTED_EDGE('',*,*,#5515,.F.);
#5515 = EDGE_CURVE('',#5516,#3596,#5518,.T.);
#5516 = VERTEX_POINT('',#5517);
#5517 = CARTESIAN_POINT('',(-16.45388885244,-24.25825192585,
    -15.8669916866));
#5518 = ELLIPSE('',#5519,36.12724702963,35.231448316271);
#5519 = AXIS2_PLACEMENT_3D('',#5520,#5521,#5522);
#5520 = CARTESIAN_POINT('',(-14.18879161768,-58.70156163433,
    -23.1203128925));
#5521 = DIRECTION('',(-0.954538663976,-3.379057996E-08,-0.298087133191)
  );
#5522 = DIRECTION('',(-0.298087133191,-1.05523221E-08,0.954538663976));
#5523 = ORIENTED_EDGE('',*,*,#5524,.F.);
#5524 = EDGE_CURVE('',#5525,#5516,#5527,.T.);
#5525 = VERTEX_POINT('',#5526);
#5526 = CARTESIAN_POINT('',(-19.85305957605,-26.89904852751,
    -8.878412861007));
#5527 = B_SPLINE_CURVE_WITH_KNOTS('',3,(#5528,#5529,#5530,#5531,#5532,
    #5533,#5534,#5535),.UNSPECIFIED.,.F.,.F.,(4,2,2,4),(12.510045962199,
    12.800627287483,13.210529508637,13.288567852746),.UNSPECIFIED.);
#5528 = CARTESIAN_POINT('',(-19.85305957605,-26.89904852751,
    -8.878412861007));
#5529 = CARTESIAN_POINT('',(-19.32644033575,-26.45749037473,
    -9.643708323688));
#5530 = CARTESIAN_POINT('',(-18.8273271548,-26.05261730603,
    -10.4575784732));
#5531 = CARTESIAN_POINT('',(-17.72349153551,-25.18323123882,
    -12.51164086068));
#5532 = CARTESIAN_POINT('',(-17.15915705441,-24.762302401,
    -13.79274159006));
#5533 = CARTESIAN_POINT('',(-16.61597005925,-24.3728497547,
    -15.36159764387));
#5534 = CARTESIAN_POINT('',(-16.53295189748,-24.31390127679,
    -15.61381492429));
#5535 = CARTESIAN_POINT('',(-16.45388885244,-24.25825192585,
    -15.8669916866));
#5536 = ORIENTED_EDGE('',*,*,#5537,.F.);
#5537 = EDGE_CURVE('',#5451,#5525,#5538,.T.);
#5538 = LINE('',#5539,#5540);
#5539 = CARTESIAN_POINT('',(-13.11827153614,-26.8990482891,
    -4.969912863221));
#5540 = VECTOR('',#5541,1.);
#5541 = DIRECTION('',(-0.864901689809,-3.0617425E-08,-0.501941298326));
#5542 = ORIENTED_EDGE('',*,*,#5458,.F.);
#5543 = ORIENTED_EDGE('',*,*,#5474,.T.);
#5544 = ORIENTED_EDGE('',*,*,#2885,.T.);
#5545 = ORIENTED_EDGE('',*,*,#4407,.T.);
#5546 = CYLINDRICAL_SURFACE('',#5547,35.231448316271);
#5547 = AXIS2_PLACEMENT_3D('',#5548,#5549,#5550);
#5548 = CARTESIAN_POINT('',(-5.508352013455,-58.70156132704,
    -18.08266390149));
#5549 = DIRECTION('',(-0.864901689809,-3.061742503E-08,-0.501941298326)
  );
#5550 = DIRECTION('',(-0.110726722679,0.975365062708,0.190794620821));
#5551 = ADVANCED_FACE('',(#5552),#5563,.T.);
#5552 = FACE_BOUND('',#5553,.T.);
#5553 = EDGE_LOOP('',(#5554,#5555,#5556,#5557));
#5554 = ORIENTED_EDGE('',*,*,#3043,.F.);
#5555 = ORIENTED_EDGE('',*,*,#3021,.T.);
#5556 = ORIENTED_EDGE('',*,*,#3178,.T.);
#5557 = ORIENTED_EDGE('',*,*,#5558,.T.);
#5558 = EDGE_CURVE('',#3171,#3044,#5559,.T.);
#5559 = LINE('',#5560,#5561);
#5560 = CARTESIAN_POINT('',(-173.3248553039,2.240456496139,
    4.485005502814));
#5561 = VECTOR('',#5562,1.);
#5562 = DIRECTION('',(-1.,-3.539988602E-08,2.39E-14));
#5563 = PLANE('',#5564);
#5564 = AXIS2_PLACEMENT_3D('',#5565,#5566,#5567);
#5565 = CARTESIAN_POINT('',(-173.3248545912,1.883054862859,
    4.278883715787));
#5566 = DIRECTION('',(1.768552454E-08,-0.499592110359,0.866260770938));
#5567 = DIRECTION('',(1.,3.539993726889E-08,5.571932943038E-15));
#5568 = ADVANCED_FACE('',(#5569,#5653,#5664),#5675,.T.);
#5569 = FACE_BOUND('',#5570,.T.);
#5570 = EDGE_LOOP('',(#5571,#5581,#5589,#5597,#5605,#5613,#5621,#5627,
    #5628,#5629,#5630,#5631,#5639,#5647));
#5571 = ORIENTED_EDGE('',*,*,#5572,.F.);
#5572 = EDGE_CURVE('',#5573,#5575,#5577,.T.);
#5573 = VERTEX_POINT('',#5574);
#5574 = CARTESIAN_POINT('',(10.955518054499,4.216365372022,
    4.485005502809));
#5575 = VERTEX_POINT('',#5576);
#5576 = CARTESIAN_POINT('',(14.555606985432,7.712042734354,
    4.485005502809));
#5577 = LINE('',#5578,#5579);
#5578 = CARTESIAN_POINT('',(-81.1678751256,-85.23521936925,
    4.485005502813));
#5579 = VECTOR('',#5580,1.);
#5580 = DIRECTION('',(0.717433929844,0.69662655441,-2.97E-14));
#5581 = ORIENTED_EDGE('',*,*,#5582,.F.);
#5582 = EDGE_CURVE('',#5583,#5573,#5585,.T.);
#5583 = VERTEX_POINT('',#5584);
#5584 = CARTESIAN_POINT('',(-10.95551835302,4.216364596374,
    4.485005502809));
#5585 = LINE('',#5586,#5587);
#5586 = CARTESIAN_POINT('',(-336.8454662599,4.2163530599,4.485005502818)
  );
#5587 = VECTOR('',#5588,1.);
#5588 = DIRECTION('',(1.,3.539988026E-08,-2.398E-14));
#5589 = ORIENTED_EDGE('',*,*,#5590,.T.);
#5590 = EDGE_CURVE('',#5583,#5591,#5593,.T.);
#5591 = VERTEX_POINT('',#5592);
#5592 = CARTESIAN_POINT('',(-14.55560753145,7.712041703821,
    4.485005502809));
#5593 = LINE('',#5594,#5595);
#5594 = CARTESIAN_POINT('',(81.167881160233,-85.23521362259,
    4.485005502815));
#5595 = VECTOR('',#5596,1.);
#5596 = DIRECTION('',(-0.717433979165,0.696626503616,-4.31E-14));
#5597 = ORIENTED_EDGE('',*,*,#5598,.T.);
#5598 = EDGE_CURVE('',#5591,#5599,#5601,.T.);
#5599 = VERTEX_POINT('',#5600);
#5600 = CARTESIAN_POINT('',(-14.5556076555,11.216364468931,
    4.485005502809));
#5601 = LINE('',#5602,#5603);
#5602 = CARTESIAN_POINT('',(-14.5556073723,3.216364468931,4.485005502809
    ));
#5603 = VECTOR('',#5604,1.);
#5604 = DIRECTION('',(-3.539990158E-08,1.,-1.796E-14));
#5605 = ORIENTED_EDGE('',*,*,#5606,.T.);
#5606 = EDGE_CURVE('',#5599,#5607,#5609,.T.);
#5607 = VERTEX_POINT('',#5608);
#5608 = CARTESIAN_POINT('',(-21.1242919557,11.21636423639,4.485005502808
    ));
#5609 = LINE('',#5610,#5611);
#5610 = CARTESIAN_POINT('',(-8.535089633405,11.216364682056,
    4.485005502809));
#5611 = VECTOR('',#5612,1.);
#5612 = DIRECTION('',(-1.,-3.539990158E-08,-4.286E-14));
#5613 = ORIENTED_EDGE('',*,*,#5614,.T.);
#5614 = EDGE_CURVE('',#5607,#5615,#5617,.T.);
#5615 = VERTEX_POINT('',#5616);
#5616 = CARTESIAN_POINT('',(-22.30949275444,10.085044169234,
    4.485005502808));
#5617 = LINE('',#5618,#5619);
#5618 = CARTESIAN_POINT('',(-17.86558612556,14.326925166258,
    4.485005502808));
#5619 = VECTOR('',#5620,1.);
#5620 = DIRECTION('',(-0.723357973047,-0.690473202108,-1.86E-14));
#5621 = ORIENTED_EDGE('',*,*,#5622,.T.);
#5622 = EDGE_CURVE('',#5615,#3078,#5623,.T.);
#5623 = LINE('',#5624,#5625);
#5624 = CARTESIAN_POINT('',(-22.30949198105,-11.7622086579,
    4.485005502809));
#5625 = VECTOR('',#5626,1.);
#5626 = DIRECTION('',(3.539990155E-08,-1.,1.752E-14));
#5627 = ORIENTED_EDGE('',*,*,#3085,.F.);
#5628 = ORIENTED_EDGE('',*,*,#5558,.F.);
#5629 = ORIENTED_EDGE('',*,*,#3170,.T.);
#5630 = ORIENTED_EDGE('',*,*,#3874,.F.);
#5631 = ORIENTED_EDGE('',*,*,#5632,.F.);
#5632 = EDGE_CURVE('',#5633,#3867,#5635,.T.);
#5633 = VERTEX_POINT('',#5634);
#5634 = CARTESIAN_POINT('',(21.12429116158,11.216365731995,
    4.485005502809));
#5635 = LINE('',#5636,#5637);
#5636 = CARTESIAN_POINT('',(17.865585111206,14.326926431137,
    4.485005502809));
#5637 = VECTOR('',#5638,1.);
#5638 = DIRECTION('',(0.723358021933,-0.690473150894,-5.09E-15));
#5639 = ORIENTED_EDGE('',*,*,#5640,.F.);
#5640 = EDGE_CURVE('',#5641,#5633,#5643,.T.);
#5641 = VERTEX_POINT('',#5642);
#5642 = CARTESIAN_POINT('',(14.55560686138,11.216365499464,
    4.485005502809));
#5643 = LINE('',#5644,#5645);
#5644 = CARTESIAN_POINT('',(8.535088839287,11.216365286339,
    4.485005502809));
#5645 = VECTOR('',#5646,1.);
#5646 = DIRECTION('',(1.,3.539988022E-08,-2.417E-14));
#5647 = ORIENTED_EDGE('',*,*,#5648,.F.);
#5648 = EDGE_CURVE('',#5575,#5641,#5649,.T.);
#5649 = LINE('',#5650,#5651);
#5650 = CARTESIAN_POINT('',(14.555607144579,3.216365499464,
    4.485005502809));
#5651 = VECTOR('',#5652,1.);
#5652 = DIRECTION('',(-3.539988022E-08,1.,-1.796E-14));
#5653 = FACE_BOUND('',#5654,.T.);
#5654 = EDGE_LOOP('',(#5655));
#5655 = ORIENTED_EDGE('',*,*,#5656,.T.);
#5656 = EDGE_CURVE('',#5657,#5657,#5659,.T.);
#5657 = VERTEX_POINT('',#5658);
#5658 = CARTESIAN_POINT('',(-18.12294042265,6.322341535878,4.48500550281
    ));
#5659 = ELLIPSE('',#5660,1.809809726195,1.7);
#5660 = AXIS2_PLACEMENT_3D('',#5661,#5662,#5663);
#5661 = CARTESIAN_POINT('',(-19.77647887672,6.992168861603,4.48500550281
    ));
#5662 = DIRECTION('',(-2.398E-14,-1.796E-14,-1.));
#5663 = DIRECTION('',(-0.994908027679,-0.100786985573,2.566802876462E-14
    ));
#5664 = FACE_BOUND('',#5665,.T.);
#5665 = EDGE_LOOP('',(#5666));
#5666 = ORIENTED_EDGE('',*,*,#5667,.F.);
#5667 = EDGE_CURVE('',#5668,#5668,#5670,.T.);
#5668 = VERTEX_POINT('',#5669);
#5669 = CARTESIAN_POINT('',(18.122939975027,6.322342818977,4.48500550281
    ));
#5670 = ELLIPSE('',#5671,1.809809726195,1.7);
#5671 = AXIS2_PLACEMENT_3D('',#5672,#5673,#5674);
#5672 = CARTESIAN_POINT('',(19.776478381676,6.992170261782,4.48500550281
    ));
#5673 = DIRECTION('',(-4.267E-14,1.796E-14,1.));
#5674 = DIRECTION('',(0.994908034814,-0.100786915133,4.426285884132E-14)
  );
#5675 = PLANE('',#5676);
#5676 = AXIS2_PLACEMENT_3D('',#5677,#5678,#5679);
#5677 = CARTESIAN_POINT('',(2.8925457267E-07,1.716364984198,
    4.48500550281));
#5678 = DIRECTION('',(2.398E-14,1.752E-14,1.));
#5679 = DIRECTION('',(1.,3.539988104E-08,-2.398000062021E-14));
#5680 = ADVANCED_FACE('',(#5681,#5698),#5732,.F.);
#5681 = FACE_BOUND('',#5682,.T.);
#5682 = EDGE_LOOP('',(#5683,#5684,#5690,#5691,#5697));
#5683 = ORIENTED_EDGE('',*,*,#5622,.F.);
#5684 = ORIENTED_EDGE('',*,*,#5685,.F.);
#5685 = EDGE_CURVE('',#142,#5615,#5686,.T.);
#5686 = LINE('',#5687,#5688);
#5687 = CARTESIAN_POINT('',(-22.66044919485,10.28273558702,4.00773617082
    ));
#5688 = VECTOR('',#5689,1.);
#5689 = DIRECTION('',(0.561952450844,-0.316544060599,0.764205012212));
#5690 = ORIENTED_EDGE('',*,*,#141,.F.);
#5691 = ORIENTED_EDGE('',*,*,#5692,.F.);
#5692 = EDGE_CURVE('',#3070,#134,#5693,.T.);
#5693 = LINE('',#5694,#5695);
#5694 = CARTESIAN_POINT('',(-24.41523085997,-3.8952980284,1.62138951088)
  );
#5695 = VECTOR('',#5696,1.);
#5696 = DIRECTION('',(-3.539990881E-08,1.,-2.782E-14));
#5697 = ORIENTED_EDGE('',*,*,#3077,.F.);
#5698 = FACE_BOUND('',#5699,.T.);
#5699 = EDGE_LOOP('',(#5700,#5710,#5718,#5726));
#5700 = ORIENTED_EDGE('',*,*,#5701,.T.);
#5701 = EDGE_CURVE('',#5702,#5704,#5706,.T.);
#5702 = VERTEX_POINT('',#5703);
#5703 = CARTESIAN_POINT('',(-22.66044804453,8.691867246161,
    4.007737658571));
#5704 = VERTEX_POINT('',#5705);
#5705 = CARTESIAN_POINT('',(-22.66044788165,4.090933957511,
    4.007737658571));
#5706 = LINE('',#5707,#5708);
#5707 = CARTESIAN_POINT('',(-22.66044768374,-1.499824232954,
    4.007737658571));
#5708 = VECTOR('',#5709,1.);
#5709 = DIRECTION('',(3.539990029E-08,-1.,1.624E-14));
#5710 = ORIENTED_EDGE('',*,*,#5711,.T.);
#5711 = EDGE_CURVE('',#5704,#5712,#5714,.T.);
#5712 = VERTEX_POINT('',#5713);
#5713 = CARTESIAN_POINT('',(-23.57957885137,4.634561942863,2.75780184606
    ));
#5714 = LINE('',#5715,#5716);
#5715 = CARTESIAN_POINT('',(-22.34622164387,3.905082123304,
    4.435057203638));
#5716 = VECTOR('',#5717,1.);
#5717 = DIRECTION('',(-0.559088649532,0.330677831772,-0.760310498112));
#5718 = ORIENTED_EDGE('',*,*,#5719,.T.);
#5719 = EDGE_CURVE('',#5712,#5720,#5722,.T.);
#5720 = VERTEX_POINT('',#5721);
#5721 = CARTESIAN_POINT('',(-23.57957895075,7.441931401113,2.75780184606
    ));
#5722 = LINE('',#5723,#5724);
#5723 = CARTESIAN_POINT('',(-23.57957855535,-3.727713672439,
    2.75780184606));
#5724 = VECTOR('',#5725,1.);
#5725 = DIRECTION('',(-3.539990918E-08,1.,-2.789E-14));
#5726 = ORIENTED_EDGE('',*,*,#5727,.T.);
#5727 = EDGE_CURVE('',#5720,#5702,#5728,.T.);
#5728 = LINE('',#5729,#5730);
#5729 = CARTESIAN_POINT('',(-26.73314614756,3.153362001108,
    -1.530767442316));
#5730 = VECTOR('',#5731,1.);
#5731 = DIRECTION('',(0.461328747437,0.627365845133,0.627365828802));
#5732 = PLANE('',#5733);
#5733 = AXIS2_PLACEMENT_3D('',#5734,#5735,#5736);
#5734 = CARTESIAN_POINT('',(-22.48497019776,-11.76220866411,
    4.246370836815));
#5735 = DIRECTION('',(0.805632401654,2.851929733E-08,-0.592415760598));
#5736 = DIRECTION('',(-3.53999001464E-08,1.,-1.560265090046E-14));
#5737 = ADVANCED_FACE('',(#5738),#5749,.T.);
#5738 = FACE_BOUND('',#5739,.T.);
#5739 = EDGE_LOOP('',(#5740,#5746,#5747,#5748));
#5740 = ORIENTED_EDGE('',*,*,#5741,.T.);
#5741 = EDGE_CURVE('',#126,#3062,#5742,.T.);
#5742 = LINE('',#5743,#5744);
#5743 = CARTESIAN_POINT('',(-23.57625339576,5.350012839381,
    -1.065196560856));
#5744 = VECTOR('',#5745,1.);
#5745 = DIRECTION('',(3.539991189E-08,-1.,1.796E-14));
#5746 = ORIENTED_EDGE('',*,*,#3069,.F.);
#5747 = ORIENTED_EDGE('',*,*,#5692,.T.);
#5748 = ORIENTED_EDGE('',*,*,#133,.T.);
#5749 = PLANE('',#5750);
#5750 = AXIS2_PLACEMENT_3D('',#5751,#5752,#5753);
#5751 = CARTESIAN_POINT('',(-25.30949253803,3.971612643985,
    4.485005502812));
#5752 = DIRECTION('',(-0.954538663976,-3.379058983E-08,-0.298087133191)
  );
#5753 = DIRECTION('',(-3.539996528222E-08,1.,1.534293066742E-13));
#5754 = ADVANCED_FACE('',(#5755),#5798,.F.);
#5755 = FACE_BOUND('',#5756,.T.);
#5756 = EDGE_LOOP('',(#5757,#5767,#5775,#5781,#5782,#5783,#5784,#5792));
#5757 = ORIENTED_EDGE('',*,*,#5758,.F.);
#5758 = EDGE_CURVE('',#5759,#5761,#5763,.T.);
#5759 = VERTEX_POINT('',#5760);
#5760 = CARTESIAN_POINT('',(-22.12385409286,3.987475936726,
    -1.903739661509));
#5761 = VERTEX_POINT('',#5762);
#5762 = CARTESIAN_POINT('',(-22.12385421515,7.441931452646,
    -1.90373966151));
#5763 = LINE('',#5764,#5765);
#5764 = CARTESIAN_POINT('',(-22.12385414703,5.517597217176,
    -1.903739661509));
#5765 = VECTOR('',#5766,1.);
#5766 = DIRECTION('',(-3.539991254E-08,1.,-1.758E-14));
#5767 = ORIENTED_EDGE('',*,*,#5768,.T.);
#5768 = EDGE_CURVE('',#5759,#5769,#5771,.T.);
#5769 = VERTEX_POINT('',#5770);
#5770 = CARTESIAN_POINT('',(-20.52636727369,2.870709849807,
    -2.826049083759));
#5771 = LINE('',#5772,#5773);
#5772 = CARTESIAN_POINT('',(-10.61389836809,-4.058869810487,
    -8.549015533113));
#5773 = VECTOR('',#5774,1.);
#5774 = DIRECTION('',(0.740833829285,-0.517899918488,-0.427720600178));
#5775 = ORIENTED_EDGE('',*,*,#5776,.T.);
#5776 = EDGE_CURVE('',#5769,#3054,#5777,.T.);
#5777 = LINE('',#5778,#5779);
#5778 = CARTESIAN_POINT('',(-20.5263668444,-9.256184182878,
    -2.826049083759));
#5779 = VECTOR('',#5780,1.);
#5780 = DIRECTION('',(3.539989928E-08,-1.,2.48E-14));
#5781 = ORIENTED_EDGE('',*,*,#3061,.T.);
#5782 = ORIENTED_EDGE('',*,*,#5741,.F.);
#5783 = ORIENTED_EDGE('',*,*,#125,.F.);
#5784 = ORIENTED_EDGE('',*,*,#5785,.T.);
#5785 = EDGE_CURVE('',#118,#5786,#5788,.T.);
#5786 = VERTEX_POINT('',#5787);
#5787 = CARTESIAN_POINT('',(-20.52636747976,8.691865833957,
    -2.826049083759));
#5788 = LINE('',#5789,#5790);
#5789 = CARTESIAN_POINT('',(-20.5263668444,-9.256184182878,
    -2.826049083759));
#5790 = VECTOR('',#5791,1.);
#5791 = DIRECTION('',(3.539989928E-08,-1.,2.524E-14));
#5792 = ORIENTED_EDGE('',*,*,#5793,.F.);
#5793 = EDGE_CURVE('',#5761,#5786,#5794,.T.);
#5794 = LINE('',#5795,#5796);
#5795 = CARTESIAN_POINT('',(-14.85723317574,13.127612135873,
    -6.099125390916));
#5796 = VECTOR('',#5797,1.);
#5797 = DIRECTION('',(0.716934738648,0.560957007742,-0.413922475815));
#5798 = PLANE('',#5799);
#5799 = AXIS2_PLACEMENT_3D('',#5800,#5801,#5802);
#5800 = CARTESIAN_POINT('',(-1.190971965691,6.728413765847,
    -13.98934484856));
#5801 = DIRECTION('',(0.5,1.769997112E-08,0.866025403784));
#5802 = DIRECTION('',(0.866025403784,3.065719325E-08,-0.5));
#5803 = ADVANCED_FACE('',(#5804),#5839,.T.);
#5804 = FACE_BOUND('',#5805,.T.);
#5805 = EDGE_LOOP('',(#5806,#5816,#5833,#5834));
#5806 = ORIENTED_EDGE('',*,*,#5807,.F.);
#5807 = EDGE_CURVE('',#5808,#5810,#5812,.T.);
#5808 = VERTEX_POINT('',#5809);
#5809 = CARTESIAN_POINT('',(-17.18132287553,-9.854362362982,
    -13.53759444015));
#5810 = VERTEX_POINT('',#5811);
#5811 = CARTESIAN_POINT('',(-17.18132308137,-4.283635624019,
    -13.53759444015));
#5812 = LINE('',#5813,#5814);
#5813 = CARTESIAN_POINT('',(-17.18132300082,-6.463495634204,
    -13.53759444015));
#5814 = VECTOR('',#5815,1.);
#5815 = DIRECTION('',(-3.69499094167E-08,1.,0.));
#5816 = ORIENTED_EDGE('',*,*,#5817,.F.);
#5817 = EDGE_CURVE('',#3110,#5808,#5818,.T.);
#5818 = B_SPLINE_CURVE_WITH_KNOTS('',4,(#5819,#5820,#5821,#5822,#5823,
    #5824,#5825,#5826,#5827,#5828,#5829,#5830,#5831,#5832),
  .UNSPECIFIED.,.F.,.F.,(5,3,3,3,5),(0.,0.246781490107,0.494884482994,
    0.746054148036,1.),.UNSPECIFIED.);
#5819 = CARTESIAN_POINT('',(-20.47646975913,-7.219132076389,
    -2.985829794897));
#5820 = CARTESIAN_POINT('',(-20.26894608282,-7.299473015893,
    -3.650364973903));
#5821 = CARTESIAN_POINT('',(-20.06185266871,-7.394027227422,
    -4.313522359657));
#5822 = CARTESIAN_POINT('',(-19.85530008238,-7.502616443439,
    -4.97494789753));
#5823 = CARTESIAN_POINT('',(-19.44237306959,-7.748002900989,
    -6.297228463961));
#5824 = CARTESIAN_POINT('',(-19.23600536274,-7.884948674625,
    -6.958061974857));
#5825 = CARTESIAN_POINT('',(-19.03038579743,-8.035556371709,
    -7.616499774962));
#5826 = CARTESIAN_POINT('',(-18.61828533245,-8.365465841533,
    -8.936133548554));
#5827 = CARTESIAN_POINT('',(-18.41182510239,-8.545099965649,
    -9.597263333494));
#5828 = CARTESIAN_POINT('',(-18.20631037514,-8.738059857341,
    -10.25536541467));
#5829 = CARTESIAN_POINT('',(-17.79505824244,-9.152129380319,
    -11.57228263694));
#5830 = CARTESIAN_POINT('',(-17.58934344575,-9.373527284523,
    -12.23102537989));
#5831 = CARTESIAN_POINT('',(-17.38474565234,-9.607748777635,
    -12.88619123797));
#5832 = CARTESIAN_POINT('',(-17.18132287553,-9.854362362982,
    -13.53759444015));
#5833 = ORIENTED_EDGE('',*,*,#3128,.F.);
#5834 = ORIENTED_EDGE('',*,*,#5835,.F.);
#5835 = EDGE_CURVE('',#5810,#3100,#5836,.T.);
#5836 = B_SPLINE_CURVE_WITH_KNOTS('',1,(#5837,#5838),.UNSPECIFIED.,.F.,
  .F.,(2,2),(0.,1.),.PIECEWISE_BEZIER_KNOTS.);
#5837 = CARTESIAN_POINT('',(-17.18132308137,-4.283635624019,
    -13.53759444015));
#5838 = CARTESIAN_POINT('',(-20.4764698676,-4.283635740667,
    -2.985829794897));
#5839 = SURFACE_OF_LINEAR_EXTRUSION('',#5840,#5843);
#5840 = B_SPLINE_CURVE_WITH_KNOTS('',1,(#5841,#5842),.UNSPECIFIED.,.F.,
  .F.,(2,2),(0.,1.),.PIECEWISE_BEZIER_KNOTS.);
#5841 = CARTESIAN_POINT('',(-17.18132308137,-4.283635624019,
    -13.53759444015));
#5842 = CARTESIAN_POINT('',(-20.4764698676,-4.283635740667,
    -2.985829794897));
#5843 = VECTOR('',#5844,1.);
#5844 = DIRECTION('',(-3.539988910398E-08,1.,-5.485498373955E-17));
#5845 = ADVANCED_FACE('',(#5846),#5916,.T.);
#5846 = FACE_BOUND('',#5847,.T.);
#5847 = EDGE_LOOP('',(#5848,#5858,#5867,#5874,#5875,#5876,#5885));
#5848 = ORIENTED_EDGE('',*,*,#5849,.F.);
#5849 = EDGE_CURVE('',#5850,#5852,#5854,.T.);
#5850 = VERTEX_POINT('',#5851);
#5851 = CARTESIAN_POINT('',(-21.87548274381,-22.3152607236,
    -1.045004492271));
#5852 = VERTEX_POINT('',#5853);
#5853 = CARTESIAN_POINT('',(-19.72217770535,-23.32064002394,
    -9.070445773957));
#5854 = LINE('',#5855,#5856);
#5855 = CARTESIAN_POINT('',(-16.70511872463,-24.7293065124,
    -20.3151274427));
#5856 = VECTOR('',#5857,1.);
#5857 = DIRECTION('',(0.257267728793,-0.120118443302,-0.95884559513));
#5858 = ORIENTED_EDGE('',*,*,#5859,.T.);
#5859 = EDGE_CURVE('',#5850,#5860,#5862,.T.);
#5860 = VERTEX_POINT('',#5861);
#5861 = CARTESIAN_POINT('',(-21.60646933455,-21.79889316654,
    -1.515027007727));
#5862 = B_SPLINE_CURVE_WITH_KNOTS('',3,(#5863,#5864,#5865,#5866),
  .UNSPECIFIED.,.F.,.F.,(4,4),(0.,7.482858531666E-02),
  .PIECEWISE_BEZIER_KNOTS.);
#5863 = CARTESIAN_POINT('',(-21.87548274381,-22.31526072361,
    -1.045004492279));
#5864 = CARTESIAN_POINT('',(-21.78435704937,-22.14326233249,
    -1.200923086817));
#5865 = CARTESIAN_POINT('',(-21.69469423936,-21.97112393774,
    -1.357591352562));
#5866 = CARTESIAN_POINT('',(-21.60651880939,-21.79887829735,
    -1.514940361959));
#5867 = ORIENTED_EDGE('',*,*,#5868,.T.);
#5868 = EDGE_CURVE('',#5860,#5353,#5869,.T.);
#5869 = B_SPLINE_CURVE_WITH_KNOTS('',3,(#5870,#5871,#5872,#5873),
  .UNSPECIFIED.,.F.,.F.,(4,4),(0.114558219275,0.117355951463),
  .PIECEWISE_BEZIER_KNOTS.);
#5870 = CARTESIAN_POINT('',(-21.60651880939,-21.79887829738,
    -1.514940361975));
#5871 = CARTESIAN_POINT('',(-21.60326819676,-21.79517983158,
    -1.52281132212));
#5872 = CARTESIAN_POINT('',(-21.60001646071,-21.79149421378,
    -1.530698054911));
#5873 = CARTESIAN_POINT('',(-21.59676628991,-21.78780220821,
    -1.538576644442));
#5874 = ORIENTED_EDGE('',*,*,#5360,.T.);
#5875 = ORIENTED_EDGE('',*,*,#5371,.T.);
#5876 = ORIENTED_EDGE('',*,*,#5877,.T.);
#5877 = EDGE_CURVE('',#5372,#5878,#5880,.T.);
#5878 = VERTEX_POINT('',#5879);
#5879 = CARTESIAN_POINT('',(-16.45388915123,-15.81777315459,
    -15.8669916866));
#5880 = B_SPLINE_CURVE_WITH_KNOTS('',3,(#5881,#5882,#5883,#5884),
  .UNSPECIFIED.,.F.,.F.,(4,4),(2.529199593376,3.29980278035),
  .PIECEWISE_BEZIER_KNOTS.);
#5881 = CARTESIAN_POINT('',(-18.75036337619,-15.86149098216,
    -8.513190747396));
#5882 = CARTESIAN_POINT('',(-17.98182792878,-15.82332893449,
    -10.9742053931));
#5883 = CARTESIAN_POINT('',(-17.219568204,-15.81184935882,
    -13.41512383158));
#5884 = CARTESIAN_POINT('',(-16.45388915123,-15.81777315459,
    -15.8669916866));
#5885 = ORIENTED_EDGE('',*,*,#5886,.F.);
#5886 = EDGE_CURVE('',#5852,#5878,#5887,.T.);
#5887 = B_SPLINE_CURVE_WITH_KNOTS('',3,(#5888,#5889,#5890,#5891,#5892,
    #5893,#5894,#5895,#5896,#5897,#5898,#5899,#5900,#5901,#5902,#5903,
    #5904,#5905,#5906,#5907,#5908,#5909,#5910,#5911,#5912,#5913,#5914,
    #5915),.UNSPECIFIED.,.F.,.F.,(4,3,3,3,3,3,3,3,3,4),(-1.062102853709,
    -0.929651668148,-0.797067341669,-0.664486947338,-0.567369994384,
    -0.421479017442,-0.275611166794,-0.129997379143,0.,3.2079160095E-03)
  ,.UNSPECIFIED.);
#5888 = CARTESIAN_POINT('',(-19.72163027797,-23.32089561809,
    -9.072486054489));
#5889 = CARTESIAN_POINT('',(-19.54420663102,-23.01334119009,
    -9.335947911804));
#5890 = CARTESIAN_POINT('',(-19.37199486787,-22.70491417282,
    -9.601899987587));
#5891 = CARTESIAN_POINT('',(-19.20500969631,-22.39585664443,
    -9.870231575391));
#5892 = CARTESIAN_POINT('',(-19.03785667,-22.0864884491,-10.1388328921)
  );
#5893 = CARTESIAN_POINT('',(-18.87594012667,-21.77648859896,
    -10.40981831896));
#5894 = CARTESIAN_POINT('',(-18.71926251733,-21.46604906635,
    -10.68307676318));
#5895 = CARTESIAN_POINT('',(-18.56258955469,-21.15561874067,
    -10.95632710319));
#5896 = CARTESIAN_POINT('',(-18.41115462592,-20.84474878214,
    -11.23185015244));
#5897 = CARTESIAN_POINT('',(-18.2649569717,-20.53357925178,
    -11.5095374863));
#5898 = CARTESIAN_POINT('',(-18.15786518955,-20.30564331303,
    -11.71294725797));
#5899 = CARTESIAN_POINT('',(-18.0535835069,-20.07754554188,
    -11.91751838021));
#5900 = CARTESIAN_POINT('',(-17.95211323626,-19.84932338046,
    -12.12320992741));
#5901 = CARTESIAN_POINT('',(-17.79968262076,-19.50648360761,
    -12.43220377305));
#5902 = CARTESIAN_POINT('',(-17.6535001895,-19.16315396718,
    -12.74392677713));
#5903 = CARTESIAN_POINT('',(-17.51362286778,-18.81958740023,
    -13.05826198376));
#5904 = CARTESIAN_POINT('',(-17.37376771907,-18.47607529464,
    -13.37254736271));
#5905 = CARTESIAN_POINT('',(-17.2402150667,-18.13232629014,
    -13.68944395667));
#5906 = CARTESIAN_POINT('',(-17.11302388517,-17.78854123898,
    -14.00883845918));
#5907 = CARTESIAN_POINT('',(-16.98605423683,-17.44535496993,
    -14.32767666143));
#5908 = CARTESIAN_POINT('',(-16.86542333763,-17.10213263356,
    -14.64900393423));
#5909 = CARTESIAN_POINT('',(-16.75120087055,-16.75902372457,
    -14.97271341462));
#5910 = CARTESIAN_POINT('',(-16.64922823733,-16.45271166683,
    -15.26170654317));
#5911 = CARTESIAN_POINT('',(-16.55236307454,-16.14648922857,
    -15.55259833195));
#5912 = CARTESIAN_POINT('',(-16.46066797075,-15.84043057779,
    -15.84531805316));
#5913 = CARTESIAN_POINT('',(-16.45840523136,-15.83287803749,
    -15.85254143171));
#5914 = CARTESIAN_POINT('',(-16.45614562414,-15.82532556143,
    -15.85976597756));
#5915 = CARTESIAN_POINT('',(-16.45388915123,-15.81777315459,
    -15.86699168659));
#5916 = B_SPLINE_SURFACE_WITH_KNOTS('',3,3,(
    (#5917,#5918,#5919,#5920,#5921)
    ,(#5922,#5923,#5924,#5925,#5926)
    ,(#5927,#5928,#5929,#5930,#5931)
    ,(#5932,#5933,#5934,#5935,#5936
    )),.UNSPECIFIED.,.F.,.F.,.F.,(4,4),(4,1,4),(0.,1.),(1.705600663269,
    2.388830142018,3.29980278035),.UNSPECIFIED.);
#5917 = CARTESIAN_POINT('',(-21.87548274381,-22.3152607236,
    -1.045004492271));
#5918 = CARTESIAN_POINT('',(-21.28875665636,-22.58920345478,
    -3.231752620949));
#5919 = CARTESIAN_POINT('',(-19.91505060064,-23.23058756363,
    -8.351601918427));
#5920 = CARTESIAN_POINT('',(-18.56705684491,-23.85996658554,
    -13.37562059736));
#5921 = CARTESIAN_POINT('',(-17.7919322162,-24.22187269869,
    -16.26453651154));
#5922 = CARTESIAN_POINT('',(-21.42256781056,-20.28191537839,
    -0.810853342073));
#5923 = CARTESIAN_POINT('',(-20.77309660478,-20.4384352213,
    -2.995036967063));
#5924 = CARTESIAN_POINT('',(-19.25397663799,-20.83437656666,
    -8.105587940404));
#5925 = CARTESIAN_POINT('',(-17.76554707134,-21.26546311724,
    -13.11574920719));
#5926 = CARTESIAN_POINT('',(-16.90993234396,-21.52240871482,
    -15.99562407728));
#5927 = CARTESIAN_POINT('',(-21.20656405601,-18.18772237171,
    -0.647911327644));
#5928 = CARTESIAN_POINT('',(-20.52242319767,-18.21570493275,
    -2.838461555447));
#5929 = CARTESIAN_POINT('',(-18.92286128327,-18.33785995264,
    -7.960711381372));
#5930 = CARTESIAN_POINT('',(-17.35630177344,-18.53832491366,
    -12.97779948343));
#5931 = CARTESIAN_POINT('',(-16.45585006982,-18.67036849805,
    -15.8607120831));
#5932 = CARTESIAN_POINT('',(-21.23373527205,-16.09341022719,
    -0.560903528259));
#5933 = CARTESIAN_POINT('',(-20.54476354954,-15.99281403924,
    -2.767138141213));
#5934 = CARTESIAN_POINT('',(-18.93469356447,-15.84107717713,
    -7.922926118791));
#5935 = CARTESIAN_POINT('',(-17.35904069824,-15.81077030805,
    -12.96850311754));
#5936 = CARTESIAN_POINT('',(-16.45388915123,-15.81777315459,
    -15.8669916866));
#5937 = ADVANCED_FACE('',(#5938),#5972,.F.);
#5938 = FACE_BOUND('',#5939,.F.);
#5939 = EDGE_LOOP('',(#5940,#5950,#5957,#5958,#5964,#5965));
#5940 = ORIENTED_EDGE('',*,*,#5941,.F.);
#5941 = EDGE_CURVE('',#5942,#5944,#5946,.T.);
#5942 = VERTEX_POINT('',#5943);
#5943 = CARTESIAN_POINT('',(-19.8940365263,-26.93333396733,
    -8.81904073911));
#5944 = VERTEX_POINT('',#5945);
#5945 = CARTESIAN_POINT('',(-19.89403662632,-24.10795614012,
    -8.81904073911));
#5946 = LINE('',#5947,#5948);
#5947 = CARTESIAN_POINT('',(-19.89403654436,-26.4231530023,
    -8.81904073911));
#5948 = VECTOR('',#5949,1.);
#5949 = DIRECTION('',(-3.539990137E-08,1.,-1.811E-14));
#5950 = ORIENTED_EDGE('',*,*,#5951,.F.);
#5951 = EDGE_CURVE('',#5525,#5942,#5952,.T.);
#5952 = ELLIPSE('',#5953,28.803310209191,26.);
#5953 = AXIS2_PLACEMENT_3D('',#5954,#5955,#5956);
#5954 = CARTESIAN_POINT('',(-41.27189405604,-25.94719956359,
    -23.61725714956));
#5955 = DIRECTION('',(0.215997919085,-0.902674018747,-0.372188816099));
#5956 = DIRECTION('',(0.45308935754,0.430325011913,-0.780724290775));
#5957 = ORIENTED_EDGE('',*,*,#5524,.T.);
#5958 = ORIENTED_EDGE('',*,*,#5959,.T.);
#5959 = EDGE_CURVE('',#5516,#5878,#5960,.T.);
#5960 = LINE('',#5961,#5962);
#5961 = CARTESIAN_POINT('',(-16.4538887758,-26.42315288052,
    -15.8669916866));
#5962 = VECTOR('',#5963,1.);
#5963 = DIRECTION('',(-3.539990137E-08,1.,-1.811E-14));
#5964 = ORIENTED_EDGE('',*,*,#5886,.F.);
#5965 = ORIENTED_EDGE('',*,*,#5966,.F.);
#5966 = EDGE_CURVE('',#5944,#5852,#5967,.T.);
#5967 = ELLIPSE('',#5968,213.57764193972,26.);
#5968 = AXIS2_PLACEMENT_3D('',#5969,#5970,#5971);
#5969 = CARTESIAN_POINT('',(-41.27188701806,-224.7607934534,
    -23.61725714956));
#5970 = DIRECTION('',(-0.95473274616,0.121735555021,-0.271414513342));
#5971 = DIRECTION('',(0.117095810036,0.992562569637,3.328838578467E-02)
  );
#5972 = CYLINDRICAL_SURFACE('',#5973,26.);
#5973 = AXIS2_PLACEMENT_3D('',#5974,#5975,#5976);
#5974 = CARTESIAN_POINT('',(-41.27189403919,-26.42315375907,
    -23.61725714956));
#5975 = DIRECTION('',(3.539990137E-08,-1.,1.811E-14));
#5976 = DIRECTION('',(0.89893699375,3.182228885019E-08,0.438077939718));
#5977 = ADVANCED_FACE('',(#5978),#6002,.T.);
#5978 = FACE_BOUND('',#5979,.T.);
#5979 = EDGE_LOOP('',(#5980,#5988,#5994,#5995,#5996));
#5980 = ORIENTED_EDGE('',*,*,#5981,.F.);
#5981 = EDGE_CURVE('',#5982,#22,#5984,.T.);
#5982 = VERTEX_POINT('',#5983);
#5983 = CARTESIAN_POINT('',(-12.75301661744,4.216364532732,
    -29.67844803398));
#5984 = LINE('',#5985,#5986);
#5985 = CARTESIAN_POINT('',(-12.82760169274,4.216364530102,
    -12.92008797968));
#5986 = VECTOR('',#5987,1.);
#5987 = DIRECTION('',(-4.450574899924E-03,-1.5753208E-10,0.999990096142)
  );
#5988 = ORIENTED_EDGE('',*,*,#5989,.F.);
#5989 = EDGE_CURVE('',#4543,#5982,#5990,.T.);
#5990 = LINE('',#5991,#5992);
#5991 = CARTESIAN_POINT('',(-12.78080747872,7.643946539139,
    -23.43420648571));
#5992 = VECTOR('',#5993,1.);
#5993 = DIRECTION('',(-3.901470268023E-03,0.48118729235,0.876609130805)
  );
#5994 = ORIENTED_EDGE('',*,*,#4542,.T.);
#5995 = ORIENTED_EDGE('',*,*,#3587,.T.);
#5996 = ORIENTED_EDGE('',*,*,#5997,.T.);
#5997 = EDGE_CURVE('',#3588,#22,#5998,.T.);
#5998 = LINE('',#5999,#6000);
#5999 = CARTESIAN_POINT('',(-12.76186725671,-18.50149474609,
    -27.68963624813));
#6000 = VECTOR('',#6001,1.);
#6001 = DIRECTION('',(-3.539990155E-08,1.,-1.748E-14));
#6002 = PLANE('',#6003);
#6003 = AXIS2_PLACEMENT_3D('',#6004,#6005,#6006);
#6004 = CARTESIAN_POINT('',(-12.8276673285,-11.76220832225,
    -12.90521333088));
#6005 = DIRECTION('',(-0.999990096142,-3.539955104E-08,
    -4.450574899924E-03));
#6006 = DIRECTION('',(3.539990156615E-08,-1.,1.559998287492E-14));
#6007 = ADVANCED_FACE('',(#6008),#6024,.F.);
#6008 = FACE_BOUND('',#6009,.F.);
#6009 = EDGE_LOOP('',(#6010,#6011,#6017,#6018));
#6010 = ORIENTED_EDGE('',*,*,#5727,.T.);
#6011 = ORIENTED_EDGE('',*,*,#6012,.F.);
#6012 = EDGE_CURVE('',#5786,#5702,#6013,.T.);
#6013 = LINE('',#6014,#6015);
#6014 = CARTESIAN_POINT('',(-21.66793009207,8.691865793546,
    0.829478208332));
#6015 = VECTOR('',#6016,1.);
#6016 = DIRECTION('',(-0.298087133191,-1.055223831E-08,0.954538663976));
#6017 = ORIENTED_EDGE('',*,*,#5793,.F.);
#6018 = ORIENTED_EDGE('',*,*,#6019,.F.);
#6019 = EDGE_CURVE('',#5720,#5761,#6020,.T.);
#6020 = LINE('',#6021,#6022);
#6021 = CARTESIAN_POINT('',(-21.71947807593,7.441931466961,
    -3.198638423304));
#6022 = VECTOR('',#6023,1.);
#6023 = DIRECTION('',(0.298087133191,1.055223819E-08,-0.954538663976));
#6024 = PLANE('',#6025);
#6025 = AXIS2_PLACEMENT_3D('',#6026,#6027,#6028);
#6026 = CARTESIAN_POINT('',(-21.85926702163,7.295484852602,
    -3.242292273268));
#6027 = DIRECTION('',(-0.674960787233,0.707106757293,-0.210779433264));
#6028 = DIRECTION('',(0.674960737171,0.70710680508,0.210779433264));
#6029 = ADVANCED_FACE('',(#6030),#6055,.F.);
#6030 = FACE_BOUND('',#6031,.F.);
#6031 = EDGE_LOOP('',(#6032,#6040,#6041,#6049));
#6032 = ORIENTED_EDGE('',*,*,#6033,.F.);
#6033 = EDGE_CURVE('',#5704,#6034,#6036,.T.);
#6034 = VERTEX_POINT('',#6035);
#6035 = CARTESIAN_POINT('',(-21.01861363179,4.090934662681,
    -1.249771252703));
#6036 = LINE('',#6037,#6038);
#6037 = CARTESIAN_POINT('',(-21.6679299292,4.090934639696,0.829478208333
    ));
#6038 = VECTOR('',#6039,1.);
#6039 = DIRECTION('',(0.298087133191,1.055223853E-08,-0.954538663976));
#6040 = ORIENTED_EDGE('',*,*,#5711,.T.);
#6041 = ORIENTED_EDGE('',*,*,#6042,.F.);
#6042 = EDGE_CURVE('',#6043,#5712,#6045,.T.);
#6043 = VERTEX_POINT('',#6044);
#6044 = CARTESIAN_POINT('',(-22.38489267145,4.634561985155,
    -1.067838455305));
#6045 = LINE('',#6046,#6047);
#6046 = CARTESIAN_POINT('',(-21.71947797654,4.634562008711,
    -3.198638423304));
#6047 = VECTOR('',#6048,1.);
#6048 = DIRECTION('',(-0.298087133191,-1.055223858E-08,0.954538663976));
#6049 = ORIENTED_EDGE('',*,*,#6050,.F.);
#6050 = EDGE_CURVE('',#6034,#6043,#6051,.T.);
#6051 = LINE('',#6052,#6053);
#6052 = CARTESIAN_POINT('',(-15.96186206164,2.07890892665,
    -1.923123341998));
#6053 = VECTOR('',#6054,1.);
#6054 = DIRECTION('',(-0.922120474126,0.366901569239,0.122788719709));
#6055 = PLANE('',#6056);
#6056 = AXIS2_PLACEMENT_3D('',#6057,#6058,#6059);
#6057 = CARTESIAN_POINT('',(-20.94349544101,4.28099437488,
    -2.956311512492));
#6058 = DIRECTION('',(-0.38070409306,-0.917022401383,-0.118887799577));
#6059 = DIRECTION('',(-0.875333339108,0.398835699707,-0.273352574683));
#6060 = ADVANCED_FACE('',(#6061),#6077,.T.);
#6061 = FACE_BOUND('',#6062,.T.);
#6062 = EDGE_LOOP('',(#6063,#6069,#6070,#6076));
#6063 = ORIENTED_EDGE('',*,*,#6064,.T.);
#6064 = EDGE_CURVE('',#5759,#6043,#6065,.T.);
#6065 = LINE('',#6066,#6067);
#6066 = CARTESIAN_POINT('',(-20.99630896975,1.192415060741,
    -5.514379642586));
#6067 = VECTOR('',#6068,1.);
#6068 = DIRECTION('',(-0.239738071386,0.594284423814,0.767692438897));
#6069 = ORIENTED_EDGE('',*,*,#6050,.F.);
#6070 = ORIENTED_EDGE('',*,*,#6071,.F.);
#6071 = EDGE_CURVE('',#5769,#6034,#6072,.T.);
#6072 = LINE('',#6073,#6074);
#6073 = CARTESIAN_POINT('',(-18.45302510832,-2.26887831403,-9.4653329255
    ));
#6074 = VECTOR('',#6075,1.);
#6075 = DIRECTION('',(-0.239738071386,0.594284423814,0.767692438897));
#6076 = ORIENTED_EDGE('',*,*,#5768,.F.);
#6077 = PLANE('',#6078);
#6078 = AXIS2_PLACEMENT_3D('',#6079,#6080,#6081);
#6079 = CARTESIAN_POINT('',(-12.17795073652,-1.564045793003,
    -5.579183769796));
#6080 = DIRECTION('',(0.246721103278,0.802086338769,-0.543862300916));
#6081 = DIRECTION('',(-0.96531905667,0.153972227134,-0.210835651874));
#6082 = ADVANCED_FACE('',(#6083),#6089,.F.);
#6083 = FACE_BOUND('',#6084,.T.);
#6084 = EDGE_LOOP('',(#6085,#6086,#6087,#6088));
#6085 = ORIENTED_EDGE('',*,*,#3850,.F.);
#6086 = ORIENTED_EDGE('',*,*,#3154,.T.);
#6087 = ORIENTED_EDGE('',*,*,#3652,.F.);
#6088 = ORIENTED_EDGE('',*,*,#3938,.F.);
#6089 = PLANE('',#6090);
#6090 = AXIS2_PLACEMENT_3D('',#6091,#6092,#6093);
#6091 = CARTESIAN_POINT('',(25.309492256843,3.9716144359,4.485005502812)
  );
#6092 = DIRECTION('',(-0.954538663976,-3.379053931E-08,0.298087133191));
#6093 = DIRECTION('',(-3.539981652898E-08,1.,1.534296823862E-13));
#6094 = ADVANCED_FACE('',(#6095),#6114,.F.);
#6095 = FACE_BOUND('',#6096,.F.);
#6096 = EDGE_LOOP('',(#6097,#6098,#6106,#6113));
#6097 = ORIENTED_EDGE('',*,*,#3204,.T.);
#6098 = ORIENTED_EDGE('',*,*,#6099,.T.);
#6099 = EDGE_CURVE('',#3205,#6100,#6102,.T.);
#6100 = VERTEX_POINT('',#6101);
#6101 = CARTESIAN_POINT('',(2.100000200756,4.216365058537,
    -11.33582979489));
#6102 = LINE('',#6103,#6104);
#6103 = CARTESIAN_POINT('',(2.100000289255,1.716365058537,
    -11.33582979489));
#6104 = VECTOR('',#6105,1.);
#6105 = DIRECTION('',(-3.539988028E-08,1.,-1.752E-14));
#6106 = ORIENTED_EDGE('',*,*,#6107,.T.);
#6107 = EDGE_CURVE('',#6100,#6100,#6108,.T.);
#6108 = CIRCLE('',#6109,2.1);
#6109 = AXIS2_PLACEMENT_3D('',#6110,#6111,#6112);
#6110 = CARTESIAN_POINT('',(2.0075545735E-07,4.216364984198,
    -11.33582979489));
#6111 = DIRECTION('',(3.539988026E-08,-1.,1.752E-14));
#6112 = DIRECTION('',(-1.,-3.539988026E-08,-9.44E-15));
#6113 = ORIENTED_EDGE('',*,*,#6099,.F.);
#6114 = CYLINDRICAL_SURFACE('',#6115,2.1);
#6115 = AXIS2_PLACEMENT_3D('',#6116,#6117,#6118);
#6116 = CARTESIAN_POINT('',(2.8925515808E-07,1.716364984198,
    -11.33582979489));
#6117 = DIRECTION('',(-3.539988028E-08,1.,-1.752E-14));
#6118 = DIRECTION('',(-1.,-3.539988028E-08,-9.44E-15));
#6119 = ADVANCED_FACE('',(#6120,#6178,#6181),#6184,.F.);
#6120 = FACE_BOUND('',#6121,.F.);
#6121 = EDGE_LOOP('',(#6122,#6132,#6140,#6148,#6156,#6164,#6172));
#6122 = ORIENTED_EDGE('',*,*,#6123,.F.);
#6123 = EDGE_CURVE('',#6124,#6126,#6128,.T.);
#6124 = VERTEX_POINT('',#6125);
#6125 = CARTESIAN_POINT('',(-12.24999979924,4.216364550545,
    -18.51082979489));
#6126 = VERTEX_POINT('',#6127);
#6127 = CARTESIAN_POINT('',(-12.24999946737,-5.158636104348,
    -18.51082979489));
#6128 = LINE('',#6129,#6130);
#6129 = CARTESIAN_POINT('',(-12.24999970632,1.591363895652,
    -18.51082979489));
#6130 = VECTOR('',#6131,1.);
#6131 = DIRECTION('',(3.539987392E-08,-1.,-1.7E-16));
#6132 = ORIENTED_EDGE('',*,*,#6133,.F.);
#6133 = EDGE_CURVE('',#6134,#6124,#6136,.T.);
#6134 = VERTEX_POINT('',#6135);
#6135 = CARTESIAN_POINT('',(-12.24999979924,4.216364550544,
    -4.860829794896));
#6136 = LINE('',#6137,#6138);
#6137 = CARTESIAN_POINT('',(-12.24999979924,4.216364550544,
    -4.860829794896));
#6138 = VECTOR('',#6139,1.);
#6139 = DIRECTION('',(2.8E-16,1.7E-16,-1.));
#6140 = ORIENTED_EDGE('',*,*,#6141,.F.);
#6141 = EDGE_CURVE('',#6142,#6134,#6144,.T.);
#6142 = VERTEX_POINT('',#6143);
#6143 = CARTESIAN_POINT('',(-12.24999946755,-5.153508948081,
    -4.860829794896));
#6144 = LINE('',#6145,#6146);
#6145 = CARTESIAN_POINT('',(-12.24999970613,1.586236739384,
    -4.860829794896));
#6146 = VECTOR('',#6147,1.);
#6147 = DIRECTION('',(-3.539987392E-08,1.,1.7E-16));
#6148 = ORIENTED_EDGE('',*,*,#6149,.F.);
#6149 = EDGE_CURVE('',#6150,#6142,#6152,.T.);
#6150 = VERTEX_POINT('',#6151);
#6151 = CARTESIAN_POINT('',(-12.24999946755,-5.153508948081,
    -11.21082979489));
#6152 = LINE('',#6153,#6154);
#6153 = CARTESIAN_POINT('',(-12.24999946755,-5.153508948081,
    -11.21082979489));
#6154 = VECTOR('',#6155,1.);
#6155 = DIRECTION('',(0.,0.,1.));
#6156 = ORIENTED_EDGE('',*,*,#6157,.F.);
#6157 = EDGE_CURVE('',#6158,#6150,#6160,.T.);
#6158 = VERTEX_POINT('',#6159);
#6159 = CARTESIAN_POINT('',(-12.249999501,-4.20863610435,-11.21082979489
    ));
#6160 = LINE('',#6161,#6162);
#6161 = CARTESIAN_POINT('',(-12.249999501,-4.20863610435,-11.21082979489
    ));
#6162 = VECTOR('',#6163,1.);
#6163 = DIRECTION('',(3.5399874E-08,-1.,0.));
#6164 = ORIENTED_EDGE('',*,*,#6165,.F.);
#6165 = EDGE_CURVE('',#6166,#6158,#6168,.T.);
#6166 = VERTEX_POINT('',#6167);
#6167 = CARTESIAN_POINT('',(-12.24999946737,-5.158636104348,
    -12.16082979489));
#6168 = LINE('',#6169,#6170);
#6169 = CARTESIAN_POINT('',(-12.24999946737,-5.158636104348,
    -12.16082979489));
#6170 = VECTOR('',#6171,1.);
#6171 = DIRECTION('',(-2.503149095854E-08,0.707106781186,0.707106781187)
  );
#6172 = ORIENTED_EDGE('',*,*,#6173,.F.);
#6173 = EDGE_CURVE('',#6126,#6166,#6174,.T.);
#6174 = LINE('',#6175,#6176);
#6175 = CARTESIAN_POINT('',(-12.24999946737,-5.158636104348,
    -18.51082979489));
#6176 = VECTOR('',#6177,1.);
#6177 = DIRECTION('',(0.,0.,1.));
#6178 = FACE_BOUND('',#6179,.F.);
#6179 = EDGE_LOOP('',(#6180));
#6180 = ORIENTED_EDGE('',*,*,#3276,.T.);
#6181 = FACE_BOUND('',#6182,.F.);
#6182 = EDGE_LOOP('',(#6183));
#6183 = ORIENTED_EDGE('',*,*,#3301,.T.);
#6184 = PLANE('',#6185);
#6185 = AXIS2_PLACEMENT_3D('',#6186,#6187,#6188);
#6186 = CARTESIAN_POINT('',(-12.24999963816,-0.334004801784,
    -11.67727679855));
#6187 = DIRECTION('',(1.,3.539987388E-08,2.9E-16));
#6188 = DIRECTION('',(-3.539987388E-08,1.,0.));
#6189 = ADVANCED_FACE('',(#6190),#6224,.T.);
#6190 = FACE_BOUND('',#6191,.T.);
#6191 = EDGE_LOOP('',(#6192,#6202,#6208,#6209,#6210,#6218));
#6192 = ORIENTED_EDGE('',*,*,#6193,.F.);
#6193 = EDGE_CURVE('',#6194,#6196,#6198,.T.);
#6194 = VERTEX_POINT('',#6195);
#6195 = CARTESIAN_POINT('',(23.899635378759,-26.92472448822,
    4.007736170821));
#6196 = VERTEX_POINT('',#6197);
#6197 = CARTESIAN_POINT('',(23.845175544524,-26.33249296449,
    4.081796641654));
#6198 = LINE('',#6199,#6200);
#6199 = CARTESIAN_POINT('',(7.862674510225,147.47157885333,
    25.81655893588));
#6200 = VECTOR('',#6201,1.);
#6201 = DIRECTION('',(-9.086880113028E-02,0.988166220278,0.123573387437)
  );
#6202 = ORIENTED_EDGE('',*,*,#6203,.F.);
#6203 = EDGE_CURVE('',#3531,#6194,#6204,.T.);
#6204 = LINE('',#6205,#6206);
#6205 = CARTESIAN_POINT('',(4.36152791195,-13.18537198945,
    -58.55745520155));
#6206 = VECTOR('',#6207,1.);
#6207 = DIRECTION('',(0.29174645277,-0.205158575713,0.934234427811));
#6208 = ORIENTED_EDGE('',*,*,#3538,.T.);
#6209 = ORIENTED_EDGE('',*,*,#3412,.F.);
#6210 = ORIENTED_EDGE('',*,*,#6211,.T.);
#6211 = EDGE_CURVE('',#3413,#6212,#6214,.T.);
#6212 = VERTEX_POINT('',#6213);
#6213 = CARTESIAN_POINT('',(23.344131845212,-25.98015479295,
    2.477347746754));
#6214 = LINE('',#6215,#6216);
#6215 = CARTESIAN_POINT('',(-34.79692092371,119.10631858419,
    -136.9660955601));
#6216 = VECTOR('',#6217,1.);
#6217 = DIRECTION('',(0.27757133892,-0.692657679154,0.665717275815));
#6218 = ORIENTED_EDGE('',*,*,#6219,.T.);
#6219 = EDGE_CURVE('',#6212,#6196,#6220,.T.);
#6220 = LINE('',#6221,#6222);
#6221 = CARTESIAN_POINT('',(-15.36832079494,1.242769669691,
    -121.4881904733));
#6222 = VECTOR('',#6223,1.);
#6223 = DIRECTION('',(0.29174645277,-0.205158575713,0.934234427811));
#6224 = PLANE('',#6225);
#6225 = AXIS2_PLACEMENT_3D('',#6226,#6227,#6228);
#6226 = CARTESIAN_POINT('',(-34.96243461735,329.05529279973,
    -43.38138839361));
#6227 = DIRECTION('',(0.954732737542,0.121735622616,-0.271414513342));
#6228 = DIRECTION('',(-0.157348168324,0.981000322599,-0.113489739563));
#6229 = ADVANCED_FACE('',(#6230),#6265,.T.);
#6230 = FACE_BOUND('',#6231,.T.);
#6231 = EDGE_LOOP('',(#6232,#6242,#6250,#6256,#6257,#6258,#6259));
#6232 = ORIENTED_EDGE('',*,*,#6233,.T.);
#6233 = EDGE_CURVE('',#6234,#6236,#6238,.T.);
#6234 = VERTEX_POINT('',#6235);
#6235 = CARTESIAN_POINT('',(15.957236930434,-24.39716289967,
    4.032213383373));
#6236 = VERTEX_POINT('',#6237);
#6237 = CARTESIAN_POINT('',(20.960065649804,-24.39716272257,
    4.032213383373));
#6238 = LINE('',#6239,#6240);
#6239 = CARTESIAN_POINT('',(-168.4227327166,-24.3971694267,
    4.032213383377));
#6240 = VECTOR('',#6241,1.);
#6241 = DIRECTION('',(1.,3.539988027E-08,-2.417E-14));
#6242 = ORIENTED_EDGE('',*,*,#6243,.F.);
#6243 = EDGE_CURVE('',#6244,#6236,#6246,.T.);
#6244 = VERTEX_POINT('',#6245);
#6245 = CARTESIAN_POINT('',(18.858181353977,-22.9562854045,
    0.955978041925));
#6246 = LINE('',#6247,#6248);
#6247 = CARTESIAN_POINT('',(-91.65443727665,52.801988189202,
    -160.785952179));
#6248 = VECTOR('',#6249,1.);
#6249 = DIRECTION('',(0.526174168496,-0.360701312745,0.77008785693));
#6250 = ORIENTED_EDGE('',*,*,#6251,.T.);
#6251 = EDGE_CURVE('',#6244,#3423,#6252,.T.);
#6252 = LINE('',#6253,#6254);
#6253 = CARTESIAN_POINT('',(-94.76693202785,-70.80750228686,
    103.11705913045));
#6254 = VECTOR('',#6255,1.);
#6255 = DIRECTION('',(0.70964027584,0.298852513647,-0.638042203928));
#6256 = ORIENTED_EDGE('',*,*,#3431,.T.);
#6257 = ORIENTED_EDGE('',*,*,#4106,.T.);
#6258 = ORIENTED_EDGE('',*,*,#4031,.F.);
#6259 = ORIENTED_EDGE('',*,*,#6260,.T.);
#6260 = EDGE_CURVE('',#4032,#6234,#6261,.T.);
#6261 = LINE('',#6262,#6263);
#6262 = CARTESIAN_POINT('',(-94.80653287736,12.887091581668,
    -75.56869782259));
#6263 = VECTOR('',#6264,1.);
#6264 = DIRECTION('',(0.783315393822,-0.263672232654,0.562933341995));
#6265 = PLANE('',#6266);
#6266 = AXIS2_PLACEMENT_3D('',#6267,#6268,#6269);
#6267 = CARTESIAN_POINT('',(-336.8454660565,-21.3023406074,
    -2.575177488548));
#6268 = DIRECTION('',(-3.205756337E-08,0.905584238874,0.424166460606));
#6269 = DIRECTION('',(-1.,-3.539986253739E-08,-1.366877616467E-14));
#6270 = ADVANCED_FACE('',(#6271),#6282,.F.);
#6271 = FACE_BOUND('',#6272,.T.);
#6272 = EDGE_LOOP('',(#6273,#6274,#6275,#6276));
#6273 = ORIENTED_EDGE('',*,*,#6211,.F.);
#6274 = ORIENTED_EDGE('',*,*,#3422,.T.);
#6275 = ORIENTED_EDGE('',*,*,#6251,.F.);
#6276 = ORIENTED_EDGE('',*,*,#6277,.F.);
#6277 = EDGE_CURVE('',#6212,#6244,#6278,.T.);
#6278 = LINE('',#6279,#6280);
#6279 = CARTESIAN_POINT('',(-191.0491531279,118.53710922668,
    -70.23220384428));
#6280 = VECTOR('',#6281,1.);
#6281 = DIRECTION('',(-0.798240849622,0.538074611947,-0.270716194516));
#6282 = PLANE('',#6283);
#6283 = AXIS2_PLACEMENT_3D('',#6284,#6285,#6286);
#6284 = CARTESIAN_POINT('',(-141.517209363,61.859542612596,
    -27.10289718574));
#6285 = DIRECTION('',(-0.269832271889,-0.721261949772,-0.6379433712));
#6286 = DIRECTION('',(0.889898570307,-0.439847468415,0.120891435159));
#6287 = ADVANCED_FACE('',(#6288),#6323,.F.);
#6288 = FACE_BOUND('',#6289,.F.);
#6289 = EDGE_LOOP('',(#6290,#6298,#6306,#6314,#6320,#6321,#6322));
#6290 = ORIENTED_EDGE('',*,*,#6291,.T.);
#6291 = EDGE_CURVE('',#4082,#6292,#6294,.T.);
#6292 = VERTEX_POINT('',#6293);
#6293 = CARTESIAN_POINT('',(22.184335722707,-32.57297328145,
    -1.485020310597));
#6294 = LINE('',#6295,#6296);
#6295 = CARTESIAN_POINT('',(21.650583698418,-30.40973223955,
    -3.194208042417));
#6296 = VECTOR('',#6297,1.);
#6297 = DIRECTION('',(0.190071038429,-0.77033800809,0.608647971854));
#6298 = ORIENTED_EDGE('',*,*,#6299,.T.);
#6299 = EDGE_CURVE('',#6292,#6300,#6302,.T.);
#6300 = VERTEX_POINT('',#6301);
#6301 = CARTESIAN_POINT('',(23.89427857831,-32.0411430541,3.990581971717
    ));
#6302 = LINE('',#6303,#6304);
#6303 = CARTESIAN_POINT('',(21.482587640523,-32.79123252963,
    -3.732167569266));
#6304 = VECTOR('',#6305,1.);
#6305 = DIRECTION('',(0.296814231711,9.231582202633E-02,0.950462572044)
  );
#6306 = ORIENTED_EDGE('',*,*,#6307,.F.);
#6307 = EDGE_CURVE('',#6308,#6300,#6310,.T.);
#6308 = VERTEX_POINT('',#6309);
#6309 = CARTESIAN_POINT('',(23.899635558957,-32.01507159718,
    4.007736170821));
#6310 = LINE('',#6311,#6312);
#6311 = CARTESIAN_POINT('',(24.10561231689,-31.01261993259,
    4.667317854522));
#6312 = VECTOR('',#6313,1.);
#6313 = DIRECTION('',(-0.169175665478,-0.823347396906,-0.541736705622));
#6314 = ORIENTED_EDGE('',*,*,#6315,.F.);
#6315 = EDGE_CURVE('',#6194,#6308,#6316,.T.);
#6316 = LINE('',#6317,#6318);
#6317 = CARTESIAN_POINT('',(23.899635319148,-25.24077987445,
    4.007736170821));
#6318 = VECTOR('',#6319,1.);
#6319 = DIRECTION('',(3.539988025E-08,-1.,1.752E-14));
#6320 = ORIENTED_EDGE('',*,*,#6203,.F.);
#6321 = ORIENTED_EDGE('',*,*,#3530,.F.);
#6322 = ORIENTED_EDGE('',*,*,#4081,.F.);
#6323 = PLANE('',#6324);
#6324 = AXIS2_PLACEMENT_3D('',#6325,#6326,#6327);
#6325 = CARTESIAN_POINT('',(24.168941450548,-25.24077986492,
    4.870111920199));
#6326 = DIRECTION('',(-0.954538663976,-3.379054918E-08,0.298087133191));
#6327 = DIRECTION('',(-0.298087133191,-1.055226517E-08,-0.954538663976)
  );
#6328 = ADVANCED_FACE('',(#6329),#6336,.T.);
#6329 = FACE_BOUND('',#6330,.T.);
#6330 = EDGE_LOOP('',(#6331,#6332,#6333,#6334,#6335));
#6331 = ORIENTED_EDGE('',*,*,#3670,.F.);
#6332 = ORIENTED_EDGE('',*,*,#3731,.T.);
#6333 = ORIENTED_EDGE('',*,*,#3796,.T.);
#6334 = ORIENTED_EDGE('',*,*,#3883,.T.);
#6335 = ORIENTED_EDGE('',*,*,#3955,.T.);
#6336 = PLANE('',#6337);
#6337 = AXIS2_PLACEMENT_3D('',#6338,#6339,#6340);
#6338 = CARTESIAN_POINT('',(21.719477660018,4.306782961564,
    -3.198638423304));
#6339 = DIRECTION('',(-0.954538663976,-3.37905388E-08,0.298087133191));
#6340 = DIRECTION('',(-3.539986989438E-08,1.,-1.916863160834E-14));
#6341 = ADVANCED_FACE('',(#6342),#6360,.T.);
#6342 = FACE_BOUND('',#6343,.T.);
#6343 = EDGE_LOOP('',(#6344,#6345,#6353,#6359));
#6344 = ORIENTED_EDGE('',*,*,#3699,.T.);
#6345 = ORIENTED_EDGE('',*,*,#6346,.T.);
#6346 = EDGE_CURVE('',#3700,#6347,#6349,.T.);
#6347 = VERTEX_POINT('',#6348);
#6348 = CARTESIAN_POINT('',(12.257066035419,4.716365418086,
    -28.76756661162));
#6349 = LINE('',#6350,#6351);
#6350 = CARTESIAN_POINT('',(8.476960468788,8.527332186401,
    -21.82488870688));
#6351 = VECTOR('',#6352,1.);
#6352 = DIRECTION('',(-0.430745412353,0.434262065739,0.791122524011));
#6353 = ORIENTED_EDGE('',*,*,#6354,.T.);
#6354 = EDGE_CURVE('',#6347,#3756,#6355,.T.);
#6355 = LINE('',#6356,#6357);
#6356 = CARTESIAN_POINT('',(12.295728226179,4.716365419465,
    -20.08064217424));
#6357 = VECTOR('',#6358,1.);
#6358 = DIRECTION('',(4.450574899905E-03,1.5756755E-10,0.999990096142));
#6359 = ORIENTED_EDGE('',*,*,#3772,.T.);
#6360 = PLANE('',#6361);
#6361 = AXIS2_PLACEMENT_3D('',#6362,#6363,#6364);
#6362 = CARTESIAN_POINT('',(12.545725759069,4.466365428315,
    -20.08175481797));
#6363 = DIRECTION('',(0.70709975307,0.707106806218,-3.147031691911E-03)
  );
#6364 = DIRECTION('',(4.450574899921E-03,1.575480505604E-10,
    0.999990096142));
#6365 = ADVANCED_FACE('',(#6366),#6394,.T.);
#6366 = FACE_BOUND('',#6367,.T.);
#6367 = EDGE_LOOP('',(#6368,#6369,#6370,#6371,#6380,#6388));
#6368 = ORIENTED_EDGE('',*,*,#6346,.F.);
#6369 = ORIENTED_EDGE('',*,*,#3717,.T.);
#6370 = ORIENTED_EDGE('',*,*,#4532,.T.);
#6371 = ORIENTED_EDGE('',*,*,#6372,.T.);
#6372 = EDGE_CURVE('',#4533,#6373,#6375,.T.);
#6373 = VERTEX_POINT('',#6374);
#6374 = CARTESIAN_POINT('',(3.90208268808,4.225668298681,-29.66149985296
    ));
#6375 = ELLIPSE('',#6376,0.570375298501,0.5);
#6376 = AXIS2_PLACEMENT_3D('',#6377,#6378,#6379);
#6377 = CARTESIAN_POINT('',(4.397216723804,4.187470945628,
    -29.73108640344));
#6378 = DIRECTION('',(-3.10321042E-08,0.876615802463,-0.481190954687));
#6379 = DIRECTION('',(1.703407902E-08,-0.481190954687,-0.876615802463));
#6380 = ORIENTED_EDGE('',*,*,#6381,.T.);
#6381 = EDGE_CURVE('',#6373,#6382,#6384,.T.);
#6382 = VERTEX_POINT('',#6383);
#6383 = CARTESIAN_POINT('',(4.027716794619,4.716365126778,
    -28.76756661162));
#6384 = LINE('',#6385,#6386);
#6385 = CARTESIAN_POINT('',(4.325286832014,5.878602655342,
    -26.65024548453));
#6386 = VECTOR('',#6387,1.);
#6387 = DIRECTION('',(0.122275823677,0.477580176948,0.870037813851));
#6388 = ORIENTED_EDGE('',*,*,#6389,.T.);
#6389 = EDGE_CURVE('',#6382,#6347,#6390,.T.);
#6390 = LINE('',#6391,#6392);
#6391 = CARTESIAN_POINT('',(-336.8454664526,4.7163530599,-28.76756661161
    ));
#6392 = VECTOR('',#6393,1.);
#6393 = DIRECTION('',(1.,3.539988026E-08,-2.027E-14));
#6394 = PLANE('',#6395);
#6395 = AXIS2_PLACEMENT_3D('',#6396,#6397,#6398);
#6396 = CARTESIAN_POINT('',(-2.7328513763E-07,7.719910526798,
    -23.29581893968));
#6397 = DIRECTION('',(-3.10321042E-08,0.876615802463,-0.481190954687));
#6398 = DIRECTION('',(-1.,-3.5399896597E-08,-9.481645300333E-15));
#6399 = ADVANCED_FACE('',(#6400,#6558),#6569,.T.);
#6400 = FACE_BOUND('',#6401,.T.);
#6401 = EDGE_LOOP('',(#6402,#6412,#6420,#6428,#6436,#6444,#6452,#6460,
    #6466,#6467,#6468,#6469,#6470,#6478,#6487,#6495,#6504,#6512,#6520,
    #6526,#6527,#6528,#6536,#6544,#6552));
#6402 = ORIENTED_EDGE('',*,*,#6403,.F.);
#6403 = EDGE_CURVE('',#6404,#6406,#6408,.T.);
#6404 = VERTEX_POINT('',#6405);
#6405 = CARTESIAN_POINT('',(-13.33118657364,4.716364512275,
    -4.860829794896));
#6406 = VERTEX_POINT('',#6407);
#6407 = CARTESIAN_POINT('',(-11.74999981694,4.716364568244,
    -4.860829794896));
#6408 = LINE('',#6409,#6410);
#6409 = CARTESIAN_POINT('',(-6.715509816911,4.716364746465,
    -4.860829794896));
#6410 = VECTOR('',#6411,1.);
#6411 = DIRECTION('',(1.,3.53998891E-08,4.E-16));
#6412 = ORIENTED_EDGE('',*,*,#6413,.T.);
#6413 = EDGE_CURVE('',#6404,#6414,#6416,.T.);
#6414 = VERTEX_POINT('',#6415);
#6415 = CARTESIAN_POINT('',(-9.935419199348,4.716364632485,
    -1.600668588952));
#6416 = LINE('',#6417,#6418);
#6417 = CARTESIAN_POINT('',(-13.045633236,4.716364522384,-4.586679710103
    ));
#6418 = VECTOR('',#6419,1.);
#6419 = DIRECTION('',(0.721363492345,2.553619354E-08,0.692556648882));
#6420 = ORIENTED_EDGE('',*,*,#6421,.T.);
#6421 = EDGE_CURVE('',#6414,#6422,#6424,.T.);
#6422 = VERTEX_POINT('',#6423);
#6423 = CARTESIAN_POINT('',(-9.513592038137,4.716364647418,
    -0.547321162052));
#6424 = LINE('',#6425,#6426);
#6425 = CARTESIAN_POINT('',(-46.91295828538,4.716363323475,
    -93.93752887467));
#6426 = VECTOR('',#6427,1.);
#6427 = DIRECTION('',(0.371761550468,1.316033084E-08,0.928328255303));
#6428 = ORIENTED_EDGE('',*,*,#6429,.T.);
#6429 = EDGE_CURVE('',#6422,#6430,#6432,.T.);
#6430 = VERTEX_POINT('',#6431);
#6431 = CARTESIAN_POINT('',(-10.62959246722,4.716364607911,
    3.985005502809));
#6432 = LINE('',#6433,#6434);
#6433 = CARTESIAN_POINT('',(165.80035727256,4.716370853489,
    -712.5363728477));
#6434 = VECTOR('',#6435,1.);
#6435 = DIRECTION('',(-0.239089905319,-8.4637368E-09,0.970997434175));
#6436 = ORIENTED_EDGE('',*,*,#6437,.T.);
#6437 = EDGE_CURVE('',#6430,#6438,#6440,.T.);
#6438 = VERTEX_POINT('',#6439);
#6439 = CARTESIAN_POINT('',(10.629592133299,4.716365360484,3.98500550281
    ));
#6440 = LINE('',#6441,#6442);
#6441 = CARTESIAN_POINT('',(336.84546664366,4.716376908485,
    3.985005502824));
#6442 = VECTOR('',#6443,1.);
#6443 = DIRECTION('',(1.,3.539990155E-08,4.286E-14));
#6444 = ORIENTED_EDGE('',*,*,#6445,.T.);
#6445 = EDGE_CURVE('',#6438,#6446,#6448,.T.);
#6446 = VERTEX_POINT('',#6447);
#6447 = CARTESIAN_POINT('',(9.513591704218,4.716365320977,
    -0.547321162051));
#6448 = LINE('',#6449,#6450);
#6449 = CARTESIAN_POINT('',(-165.8003576065,4.716359114866,
    -712.5363728477));
#6450 = VECTOR('',#6451,1.);
#6451 = DIRECTION('',(-0.239089905319,-8.46377124E-09,-0.970997434175));
#6452 = ORIENTED_EDGE('',*,*,#6453,.T.);
#6453 = EDGE_CURVE('',#6446,#6454,#6456,.T.);
#6454 = VERTEX_POINT('',#6455);
#6455 = CARTESIAN_POINT('',(9.935418865428,4.71636533591,-1.600668588952
    ));
#6456 = LINE('',#6457,#6458);
#6457 = CARTESIAN_POINT('',(46.912957951399,4.7163666449,-93.93752887467
    ));
#6458 = VECTOR('',#6459,1.);
#6459 = DIRECTION('',(0.371761550467,1.316029791E-08,-0.928328255303));
#6460 = ORIENTED_EDGE('',*,*,#6461,.T.);
#6461 = EDGE_CURVE('',#6454,#3813,#6462,.T.);
#6462 = LINE('',#6463,#6464);
#6463 = CARTESIAN_POINT('',(13.045632902079,4.716365446011,
    -4.586679710102));
#6464 = VECTOR('',#6465,1.);
#6465 = DIRECTION('',(0.721363492345,2.553616897E-08,-0.692556648882));
#6466 = ORIENTED_EDGE('',*,*,#3812,.T.);
#6467 = ORIENTED_EDGE('',*,*,#3755,.F.);
#6468 = ORIENTED_EDGE('',*,*,#6354,.F.);
#6469 = ORIENTED_EDGE('',*,*,#6389,.F.);
#6470 = ORIENTED_EDGE('',*,*,#6471,.T.);
#6471 = EDGE_CURVE('',#6382,#6472,#6474,.T.);
#6472 = VERTEX_POINT('',#6473);
#6473 = CARTESIAN_POINT('',(4.092082098294,4.716365129057,
    -28.30958367868));
#6474 = LINE('',#6475,#6476);
#6475 = CARTESIAN_POINT('',(-194.2764707443,4.716358106805,
    -1.439775178428E+03));
#6476 = VECTOR('',#6477,1.);
#6477 = DIRECTION('',(0.139173100962,4.92672845E-09,0.990268068741));
#6478 = ORIENTED_EDGE('',*,*,#6479,.T.);
#6479 = EDGE_CURVE('',#6472,#6480,#6482,.T.);
#6480 = VERTEX_POINT('',#6481);
#6481 = CARTESIAN_POINT('',(2.606679995182,4.716365076474,
    -26.60082402724));
#6482 = CIRCLE('',#6483,1.5);
#6483 = AXIS2_PLACEMENT_3D('',#6484,#6485,#6486);
#6484 = CARTESIAN_POINT('',(2.606679995182,4.716365076464,
    -28.10082402724));
#6485 = DIRECTION('',(3.539988026E-08,-1.,1.752000000691E-14));
#6486 = DIRECTION('',(0.754709580223,2.671664026513E-08,0.65605902899));
#6487 = ORIENTED_EDGE('',*,*,#6488,.T.);
#6488 = EDGE_CURVE('',#6480,#6489,#6491,.T.);
#6489 = VERTEX_POINT('',#6490);
#6490 = CARTESIAN_POINT('',(-9.05206978866,4.716364663745,
    -26.60082402724));
#6491 = LINE('',#6492,#6493);
#6492 = CARTESIAN_POINT('',(336.87944993216,4.716376909688,
    -26.60082402722));
#6493 = VECTOR('',#6494,1.);
#6494 = DIRECTION('',(-1.,-3.539990154E-08,-4.512E-14));
#6495 = ORIENTED_EDGE('',*,*,#6496,.T.);
#6496 = EDGE_CURVE('',#6489,#6497,#6499,.T.);
#6497 = VERTEX_POINT('',#6498);
#6498 = CARTESIAN_POINT('',(-10.53747189177,4.716364611162,
    -28.30958367868));
#6499 = CIRCLE('',#6500,1.5);
#6500 = AXIS2_PLACEMENT_3D('',#6501,#6502,#6503);
#6501 = CARTESIAN_POINT('',(-9.05206978866,4.716364663745,
    -28.10082402724));
#6502 = DIRECTION('',(3.539988026E-08,-1.,1.751999999698E-14));
#6503 = DIRECTION('',(-0.754709580223,-2.67166172768E-08,0.656059028991)
  );
#6504 = ORIENTED_EDGE('',*,*,#6505,.T.);
#6505 = EDGE_CURVE('',#6497,#6506,#6508,.T.);
#6506 = VERTEX_POINT('',#6507);
#6507 = CARTESIAN_POINT('',(-10.47310658809,4.716364613441,
    -28.76756661162));
#6508 = LINE('',#6509,#6510);
#6509 = CARTESIAN_POINT('',(174.89843359126,4.71637117555,
    -1.347754610995E+03));
#6510 = VECTOR('',#6511,1.);
#6511 = DIRECTION('',(0.13917310096,4.92669376E-09,-0.990268068742));
#6512 = ORIENTED_EDGE('',*,*,#6513,.F.);
#6513 = EDGE_CURVE('',#6514,#6506,#6516,.T.);
#6514 = VERTEX_POINT('',#6515);
#6515 = CARTESIAN_POINT('',(-12.25706566931,4.716364550289,
    -28.76756661162));
#6516 = LINE('',#6517,#6518);
#6517 = CARTESIAN_POINT('',(-336.8454664526,4.7163530599,-28.76756661161
    ));
#6518 = VECTOR('',#6519,1.);
#6519 = DIRECTION('',(1.,3.539988026E-08,-2.027E-14));
#6520 = ORIENTED_EDGE('',*,*,#6521,.F.);
#6521 = EDGE_CURVE('',#40,#6514,#6522,.T.);
#6522 = LINE('',#6523,#6524);
#6523 = CARTESIAN_POINT('',(-12.32760666237,4.716364547802,
    -12.91786269223));
#6524 = VECTOR('',#6525,1.);
#6525 = DIRECTION('',(4.450574899924E-03,1.5753208E-10,-0.999990096142)
  );
#6526 = ORIENTED_EDGE('',*,*,#39,.F.);
#6527 = ORIENTED_EDGE('',*,*,#94,.T.);
#6528 = ORIENTED_EDGE('',*,*,#6529,.T.);
#6529 = EDGE_CURVE('',#87,#6530,#6532,.T.);
#6530 = VERTEX_POINT('',#6531);
#6531 = CARTESIAN_POINT('',(-14.44999981694,4.716364472669,
    -5.934964483892));
#6532 = LINE('',#6533,#6534);
#6533 = CARTESIAN_POINT('',(-13.045633236,4.716364522384,-4.586679710103
    ));
#6534 = VECTOR('',#6535,1.);
#6535 = DIRECTION('',(0.721363492345,2.553619354E-08,0.692556648882));
#6536 = ORIENTED_EDGE('',*,*,#6537,.T.);
#6537 = EDGE_CURVE('',#6530,#6538,#6540,.T.);
#6538 = VERTEX_POINT('',#6539);
#6539 = CARTESIAN_POINT('',(-14.44999981694,4.716364472665,
    -19.01082979489));
#6540 = LINE('',#6541,#6542);
#6541 = CARTESIAN_POINT('',(-14.44999981694,4.716364472669,
    -4.860829794896));
#6542 = VECTOR('',#6543,1.);
#6543 = DIRECTION('',(0.,0.,-1.));
#6544 = ORIENTED_EDGE('',*,*,#6545,.F.);
#6545 = EDGE_CURVE('',#6546,#6538,#6548,.T.);
#6546 = VERTEX_POINT('',#6547);
#6547 = CARTESIAN_POINT('',(-11.74999981694,4.716364568245,
    -19.01082979489));
#6548 = LINE('',#6549,#6550);
#6549 = CARTESIAN_POINT('',(-12.24999981694,4.716364550545,
    -19.01082979489));
#6550 = VECTOR('',#6551,1.);
#6551 = DIRECTION('',(-1.,-3.539987414E-08,-2.8E-16));
#6552 = ORIENTED_EDGE('',*,*,#6553,.F.);
#6553 = EDGE_CURVE('',#6406,#6546,#6554,.T.);
#6554 = LINE('',#6555,#6556);
#6555 = CARTESIAN_POINT('',(-11.74999981694,4.716364568244,
    -4.860829794896));
#6556 = VECTOR('',#6557,1.);
#6557 = DIRECTION('',(2.8E-16,1.7E-16,-1.));
#6558 = FACE_BOUND('',#6559,.T.);
#6559 = EDGE_LOOP('',(#6560));
#6560 = ORIENTED_EDGE('',*,*,#6561,.F.);
#6561 = EDGE_CURVE('',#6562,#6562,#6564,.T.);
#6562 = VERTEX_POINT('',#6563);
#6563 = CARTESIAN_POINT('',(2.600000183056,4.716365076237,
    -11.33582979489));
#6564 = CIRCLE('',#6565,2.6);
#6565 = AXIS2_PLACEMENT_3D('',#6566,#6567,#6568);
#6566 = CARTESIAN_POINT('',(1.8305551722E-07,4.716364984198,
    -11.33582979489));
#6567 = DIRECTION('',(-3.539988026E-08,1.,-1.752E-14));
#6568 = DIRECTION('',(-1.,-3.539988026E-08,-9.44E-15));
#6569 = PLANE('',#6570);
#6570 = AXIS2_PLACEMENT_3D('',#6571,#6572,#6573);
#6571 = CARTESIAN_POINT('',(-8.101981687817E-02,4.716364981325,
    -12.56998799465));
#6572 = DIRECTION('',(-3.53998891E-08,1.,3.062E-14));
#6573 = DIRECTION('',(-5.642372883947E-37,3.062E-14,-1.));
#6574 = ADVANCED_FACE('',(#6575,#6601),#6612,.F.);
#6575 = FACE_BOUND('',#6576,.T.);
#6576 = EDGE_LOOP('',(#6577,#6585,#6586,#6587,#6595));
#6577 = ORIENTED_EDGE('',*,*,#6578,.F.);
#6578 = EDGE_CURVE('',#3821,#6579,#6581,.T.);
#6579 = VERTEX_POINT('',#6580);
#6580 = CARTESIAN_POINT('',(12.41653777117,11.216365423741,
    -3.982707009853));
#6581 = LINE('',#6582,#6583);
#6582 = CARTESIAN_POINT('',(15.5245579881,11.216365533765,
    -6.966611919009));
#6583 = VECTOR('',#6584,1.);
#6584 = DIRECTION('',(-0.721363492345,-2.553616879E-08,0.692556648882));
#6585 = ORIENTED_EDGE('',*,*,#3820,.T.);
#6586 = ORIENTED_EDGE('',*,*,#6461,.F.);
#6587 = ORIENTED_EDGE('',*,*,#6588,.F.);
#6588 = EDGE_CURVE('',#6589,#6454,#6591,.T.);
#6589 = VERTEX_POINT('',#6590);
#6590 = CARTESIAN_POINT('',(12.416537895824,7.695047079051,
    -3.982707009852));
#6591 = LINE('',#6592,#6593);
#6592 = CARTESIAN_POINT('',(162.31199350932,187.65048313212,
    -147.8922615351));
#6593 = VECTOR('',#6594,1.);
#6594 = DIRECTION('',(-0.54529952129,-0.654653690011,0.523523617648));
#6595 = ORIENTED_EDGE('',*,*,#6596,.F.);
#6596 = EDGE_CURVE('',#6579,#6589,#6597,.T.);
#6597 = LINE('',#6598,#6599);
#6598 = CARTESIAN_POINT('',(12.416537939319,6.466365535041,
    -3.982707009852));
#6599 = VECTOR('',#6600,1.);
#6600 = DIRECTION('',(3.539988026E-08,-1.,1.811E-14));
#6601 = FACE_BOUND('',#6602,.T.);
#6602 = EDGE_LOOP('',(#6603));
#6603 = ORIENTED_EDGE('',*,*,#6604,.T.);
#6604 = EDGE_CURVE('',#6605,#6605,#6607,.T.);
#6605 = VERTEX_POINT('',#6606);
#6606 = CARTESIAN_POINT('',(14.366294120956,6.702901356683,
    -5.854601869262));
#6607 = ELLIPSE('',#6608,1.860055073746,1.7);
#6608 = AXIS2_PLACEMENT_3D('',#6609,#6610,#6611);
#6609 = CARTESIAN_POINT('',(15.59221185807,7.4160479472,-7.031563978258)
  );
#6610 = DIRECTION('',(0.692556648882,2.451643550672E-08,0.721363492345)
  );
#6611 = DIRECTION('',(0.718741041248,8.51915321941E-02,-0.690038925329)
  );
#6612 = PLANE('',#6613);
#6613 = AXIS2_PLACEMENT_3D('',#6614,#6615,#6616);
#6614 = CARTESIAN_POINT('',(15.691971323039,8.216365762291,
    -7.127339687883));
#6615 = DIRECTION('',(0.692556648882,2.451643551E-08,0.721363492345));
#6616 = DIRECTION('',(-3.539988178201E-08,1.,-1.665209762367E-14));
#6617 = ADVANCED_FACE('',(#6618),#6645,.T.);
#6618 = FACE_BOUND('',#6619,.T.);
#6619 = EDGE_LOOP('',(#6620,#6621,#6622,#6630,#6638,#6644));
#6620 = ORIENTED_EDGE('',*,*,#3828,.T.);
#6621 = ORIENTED_EDGE('',*,*,#6578,.T.);
#6622 = ORIENTED_EDGE('',*,*,#6623,.T.);
#6623 = EDGE_CURVE('',#6579,#6624,#6626,.T.);
#6624 = VERTEX_POINT('',#6625);
#6625 = CARTESIAN_POINT('',(12.295969366755,11.432871770413,
    -3.566818489088));
#6626 = LINE('',#6627,#6628);
#6627 = CARTESIAN_POINT('',(13.020563686486,10.131707756984,
    -6.066233333596));
#6628 = VECTOR('',#6629,1.);
#6629 = DIRECTION('',(-0.24904502528,0.447213586684,0.85905563456));
#6630 = ORIENTED_EDGE('',*,*,#6631,.T.);
#6631 = EDGE_CURVE('',#6624,#6632,#6634,.T.);
#6632 = VERTEX_POINT('',#6633);
#6633 = CARTESIAN_POINT('',(12.61037403499,11.716365430603,
    -3.475670823069));
#6634 = LINE('',#6635,#6636);
#6635 = CARTESIAN_POINT('',(12.317299793834,11.452105075318,
    -3.560634679368));
#6636 = VECTOR('',#6637,1.);
#6637 = DIRECTION('',(0.726034501422,0.65465369641,0.210481449355));
#6638 = ORIENTED_EDGE('',*,*,#6639,.T.);
#6639 = EDGE_CURVE('',#6632,#3908,#6640,.T.);
#6640 = LINE('',#6641,#6642);
#6641 = CARTESIAN_POINT('',(15.87083629485,11.716365546023,
    -6.605930172836));
#6642 = VECTOR('',#6643,1.);
#6643 = DIRECTION('',(0.721363492345,2.553616879E-08,-0.692556648882));
#6644 = ORIENTED_EDGE('',*,*,#3907,.T.);
#6645 = PLANE('',#6646);
#6646 = AXIS2_PLACEMENT_3D('',#6647,#6648,#6649);
#6647 = CARTESIAN_POINT('',(15.69769714148,11.466365539894,
    -6.786271045922));
#6648 = DIRECTION('',(-0.489711527812,0.707106763851,-0.510081017138));
#6649 = DIRECTION('',(0.721363492345,2.553632205693E-08,-0.692556648883)
  );
#6650 = ADVANCED_FACE('',(#6651),#6662,.T.);
#6651 = FACE_BOUND('',#6652,.T.);
#6652 = EDGE_LOOP('',(#6653,#6654,#6655,#6661));
#6653 = ORIENTED_EDGE('',*,*,#3866,.F.);
#6654 = ORIENTED_EDGE('',*,*,#3931,.T.);
#6655 = ORIENTED_EDGE('',*,*,#6656,.F.);
#6656 = EDGE_CURVE('',#5633,#3924,#6657,.T.);
#6657 = LINE('',#6658,#6659);
#6658 = CARTESIAN_POINT('',(21.12429116158,11.216365731995,
    4.485005502809));
#6659 = VECTOR('',#6660,1.);
#6660 = DIRECTION('',(8.570800790253E-02,0.704504840883,-0.704504837849)
  );
#6661 = ORIENTED_EDGE('',*,*,#5632,.T.);
#6662 = PLANE('',#6663);
#6663 = AXIS2_PLACEMENT_3D('',#6664,#6665,#6666);
#6664 = CARTESIAN_POINT('',(18.001819014074,14.46964868814,
    4.240622091123));
#6665 = DIRECTION('',(0.537235020977,0.562821684788,0.628180136082));
#6666 = DIRECTION('',(-0.723358021933,0.690473150894,-1.302846719398E-13
    ));
#6667 = ADVANCED_FACE('',(#6668),#6686,.T.);
#6668 = FACE_BOUND('',#6669,.T.);
#6669 = EDGE_LOOP('',(#6670,#6671,#6679,#6685));
#6670 = ORIENTED_EDGE('',*,*,#6639,.F.);
#6671 = ORIENTED_EDGE('',*,*,#6672,.T.);
#6672 = EDGE_CURVE('',#6632,#6673,#6675,.T.);
#6673 = VERTEX_POINT('',#6674);
#6674 = CARTESIAN_POINT('',(14.4474256415,11.716365495635,3.985005502809
    ));
#6675 = LINE('',#6676,#6677);
#6676 = CARTESIAN_POINT('',(11.4331430401,11.716365388929,
    -8.256668473056));
#6677 = VECTOR('',#6678,1.);
#6678 = DIRECTION('',(0.239089905319,8.46377144E-09,0.970997434175));
#6679 = ORIENTED_EDGE('',*,*,#6680,.F.);
#6680 = EDGE_CURVE('',#3916,#6673,#6681,.T.);
#6681 = LINE('',#6682,#6683);
#6682 = CARTESIAN_POINT('',(8.535088821587,11.716365286339,
    3.985005502809));
#6683 = VECTOR('',#6684,1.);
#6684 = DIRECTION('',(-1.,-3.539988022E-08,2.417E-14));
#6685 = ORIENTED_EDGE('',*,*,#3915,.F.);
#6686 = PLANE('',#6687);
#6687 = AXIS2_PLACEMENT_3D('',#6688,#6689,#6690);
#6688 = CARTESIAN_POINT('',(17.07017840794,11.71636558848,
    -5.021596973046));
#6689 = DIRECTION('',(-3.539988022E-08,1.,-1.796E-14));
#6690 = DIRECTION('',(-1.,-3.539988022E-08,-3.97E-15));
#6691 = ADVANCED_FACE('',(#6692),#6712,.T.);
#6692 = FACE_BOUND('',#6693,.T.);
#6693 = EDGE_LOOP('',(#6694,#6702,#6708,#6709,#6710,#6711));
#6694 = ORIENTED_EDGE('',*,*,#6695,.T.);
#6695 = EDGE_CURVE('',#6673,#6696,#6698,.T.);
#6696 = VERTEX_POINT('',#6697);
#6697 = CARTESIAN_POINT('',(14.245834376456,11.459114847038,
    4.242256144265));
#6698 = LINE('',#6699,#6700);
#6699 = CARTESIAN_POINT('',(15.083913311127,12.528587522216,
    3.172783498754));
#6700 = VECTOR('',#6701,1.);
#6701 = DIRECTION('',(-0.48468005885,-0.618500307913,0.618500290756));
#6702 = ORIENTED_EDGE('',*,*,#6703,.F.);
#6703 = EDGE_CURVE('',#5641,#6696,#6704,.T.);
#6704 = LINE('',#6705,#6706);
#6705 = CARTESIAN_POINT('',(14.55560686138,11.216365499464,
    4.485005502809));
#6706 = VECTOR('',#6707,1.);
#6707 = DIRECTION('',(-0.669923618215,0.524977295156,-0.524977318871));
#6708 = ORIENTED_EDGE('',*,*,#5640,.T.);
#6709 = ORIENTED_EDGE('',*,*,#6656,.T.);
#6710 = ORIENTED_EDGE('',*,*,#3923,.T.);
#6711 = ORIENTED_EDGE('',*,*,#6680,.T.);
#6712 = PLANE('',#6713);
#6713 = AXIS2_PLACEMENT_3D('',#6714,#6715,#6716);
#6714 = CARTESIAN_POINT('',(8.535088830437,11.466365286339,
    4.235005502809));
#6715 = DIRECTION('',(-2.503147827E-08,0.707106781187,0.707106781187));
#6716 = DIRECTION('',(-1.,-3.539984680284E-08,-9.252840704127E-15));
#6717 = ADVANCED_FACE('',(#6718,#6753),#6764,.T.);
#6718 = FACE_BOUND('',#6719,.T.);
#6719 = EDGE_LOOP('',(#6720,#6728,#6729,#6730,#6731,#6739,#6747));
#6720 = ORIENTED_EDGE('',*,*,#6721,.T.);
#6721 = EDGE_CURVE('',#6722,#4056,#6724,.T.);
#6722 = VERTEX_POINT('',#6723);
#6723 = CARTESIAN_POINT('',(17.979276980398,-34.23966943121,
    1.53019563954));
#6724 = LINE('',#6725,#6726);
#6725 = CARTESIAN_POINT('',(13.834500718235,-26.97148241738,
    -3.347331333026));
#6726 = VECTOR('',#6727,1.);
#6727 = DIRECTION('',(-0.427965711125,0.750471105609,-0.503625326753));
#6728 = ORIENTED_EDGE('',*,*,#4063,.F.);
#6729 = ORIENTED_EDGE('',*,*,#4089,.T.);
#6730 = ORIENTED_EDGE('',*,*,#6291,.T.);
#6731 = ORIENTED_EDGE('',*,*,#6732,.T.);
#6732 = EDGE_CURVE('',#6292,#6733,#6735,.T.);
#6733 = VERTEX_POINT('',#6734);
#6734 = CARTESIAN_POINT('',(20.913589674757,-34.24077998016,
    0.451630059041));
#6735 = LINE('',#6736,#6737);
#6736 = CARTESIAN_POINT('',(25.100437463312,-28.74569872495,
    -5.929235992352));
#6737 = VECTOR('',#6738,1.);
#6738 = DIRECTION('',(-0.4452051641,-0.584315140057,0.678504369152));
#6739 = ORIENTED_EDGE('',*,*,#6740,.T.);
#6740 = EDGE_CURVE('',#6733,#6741,#6743,.T.);
#6741 = VERTEX_POINT('',#6742);
#6742 = CARTESIAN_POINT('',(17.980546686307,-34.24078008399,
    1.530706862755));
#6743 = LINE('',#6744,#6745);
#6744 = CARTESIAN_POINT('',(15.674441845667,-34.24078016563,
    2.379130922771));
#6745 = VECTOR('',#6746,1.);
#6746 = DIRECTION('',(-0.938500580958,-3.322283732E-08,0.345277655722));
#6747 = ORIENTED_EDGE('',*,*,#6748,.T.);
#6748 = EDGE_CURVE('',#6741,#6722,#6749,.T.);
#6749 = LINE('',#6750,#6751);
#6750 = CARTESIAN_POINT('',(15.113921556841,-31.73325045562,
    0.376514137467));
#6751 = VECTOR('',#6752,1.);
#6752 = DIRECTION('',(-0.720325663475,0.630092133315,-0.290025588654));
#6753 = FACE_BOUND('',#6754,.T.);
#6754 = EDGE_LOOP('',(#6755));
#6755 = ORIENTED_EDGE('',*,*,#6756,.F.);
#6756 = EDGE_CURVE('',#6757,#6757,#6759,.T.);
#6757 = VERTEX_POINT('',#6758);
#6758 = CARTESIAN_POINT('',(17.798372470235,-31.52574415974,
    -0.793892946022));
#6759 = ELLIPSE('',#6760,2.225084862488,1.7);
#6760 = AXIS2_PLACEMENT_3D('',#6761,#6762,#6763);
#6761 = CARTESIAN_POINT('',(19.15891552371,-30.83917180985,
    -1.899229694036));
#6762 = DIRECTION('',(-0.266114821139,-0.637165410951,-0.723327824059));
#6763 = DIRECTION('',(5.350772077575E-03,0.74939774944,-0.662098468789)
  );
#6764 = PLANE('',#6765);
#6765 = AXIS2_PLACEMENT_3D('',#6766,#6767,#6768);
#6766 = CARTESIAN_POINT('',(19.389977244881,-29.27563051898,
    -3.361531215636));
#6767 = DIRECTION('',(-0.266114821139,-0.637165410951,-0.723327824059));
#6768 = DIRECTION('',(0.182427683544,-0.770114963838,0.611263513347));
#6769 = ADVANCED_FACE('',(#6770),#6796,.F.);
#6770 = FACE_BOUND('',#6771,.T.);
#6771 = EDGE_LOOP('',(#6772,#6780,#6788,#6794,#6795));
#6772 = ORIENTED_EDGE('',*,*,#6773,.T.);
#6773 = EDGE_CURVE('',#6722,#6774,#6776,.T.);
#6774 = VERTEX_POINT('',#6775);
#6775 = CARTESIAN_POINT('',(18.584001342178,-34.2396694098,
    3.986116155634));
#6776 = LINE('',#6777,#6778);
#6777 = CARTESIAN_POINT('',(14.944565726238,-34.23966953864,
    -10.7944436518));
#6778 = VECTOR('',#6779,1.);
#6779 = DIRECTION('',(0.239089905319,8.46377087E-09,0.970997434175));
#6780 = ORIENTED_EDGE('',*,*,#6781,.T.);
#6781 = EDGE_CURVE('',#6774,#6782,#6784,.T.);
#6782 = VERTEX_POINT('',#6783);
#6783 = CARTESIAN_POINT('',(18.582187444443,-34.22824622538,
    3.997539340123));
#6784 = LINE('',#6785,#6786);
#6785 = CARTESIAN_POINT('',(18.844543174941,-35.8804550796,
    2.345330476609));
#6786 = VECTOR('',#6787,1.);
#6787 = DIRECTION('',(-0.111580958783,0.70269114271,0.70269114666));
#6788 = ORIENTED_EDGE('',*,*,#6789,.T.);
#6789 = EDGE_CURVE('',#6782,#4048,#6790,.T.);
#6790 = LINE('',#6791,#6792);
#6791 = CARTESIAN_POINT('',(14.269305167667,-23.57973650759,
    3.997539340123));
#6792 = VECTOR('',#6793,1.);
#6793 = DIRECTION('',(-0.37540000299,0.926862901272,-7.16E-15));
#6794 = ORIENTED_EDGE('',*,*,#4055,.T.);
#6795 = ORIENTED_EDGE('',*,*,#6721,.F.);
#6796 = PLANE('',#6797);
#6797 = AXIS2_PLACEMENT_3D('',#6798,#6799,#6800);
#6798 = CARTESIAN_POINT('',(12.225932721833,-28.52568779794,
    -12.43657418042));
#6799 = DIRECTION('',(0.90362860364,0.36598959786,-0.222501597617));
#6800 = DIRECTION('',(0.239089905319,8.463940978642E-09,0.970997434175)
  );
#6801 = ADVANCED_FACE('',(#6802),#6828,.F.);
#6802 = FACE_BOUND('',#6803,.T.);
#6803 = EDGE_LOOP('',(#6804,#6805,#6813,#6821,#6827));
#6804 = ORIENTED_EDGE('',*,*,#6789,.F.);
#6805 = ORIENTED_EDGE('',*,*,#6806,.F.);
#6806 = EDGE_CURVE('',#6807,#6782,#6809,.T.);
#6807 = VERTEX_POINT('',#6808);
#6808 = CARTESIAN_POINT('',(19.044236354967,-33.74078004633,
    4.48500550281));
#6809 = LINE('',#6810,#6811);
#6810 = CARTESIAN_POINT('',(17.341151473962,-35.53755147166,
    2.688234137777));
#6811 = VECTOR('',#6812,1.);
#6812 = DIRECTION('',(-0.556751817303,-0.587378684106,-0.587378664397));
#6813 = ORIENTED_EDGE('',*,*,#6814,.F.);
#6814 = EDGE_CURVE('',#6815,#6807,#6817,.T.);
#6815 = VERTEX_POINT('',#6816);
#6816 = CARTESIAN_POINT('',(17.687045914495,-30.3898757863,4.48500550281
    ));
#6817 = LINE('',#6818,#6819);
#6818 = CARTESIAN_POINT('',(14.835850856454,-23.35027295589,
    4.48500550281));
#6819 = VECTOR('',#6820,1.);
#6820 = DIRECTION('',(0.37540000299,-0.926862901272,7.16E-15));
#6821 = ORIENTED_EDGE('',*,*,#6822,.F.);
#6822 = EDGE_CURVE('',#4040,#6815,#6823,.T.);
#6823 = LINE('',#6824,#6825);
#6824 = CARTESIAN_POINT('',(17.076843980584,-30.50396487572,
    3.999810765571));
#6825 = VECTOR('',#6826,1.);
#6826 = DIRECTION('',(0.774472304903,0.144802622103,0.615812349316));
#6827 = ORIENTED_EDGE('',*,*,#4047,.F.);
#6828 = PLANE('',#6829);
#6829 = AXIS2_PLACEMENT_3D('',#6830,#6831,#6832);
#6830 = CARTESIAN_POINT('',(14.552578012056,-23.46500473174,
    4.241272421466));
#6831 = DIRECTION('',(0.577896752838,0.234060984041,-0.781825299417));
#6832 = DIRECTION('',(-0.37540000299,0.926862901272,-6.150635556423E-14)
  );
#6833 = ADVANCED_FACE('',(#6834),#6853,.F.);
#6834 = FACE_BOUND('',#6835,.T.);
#6835 = EDGE_LOOP('',(#6836,#6844,#6850,#6851,#6852));
#6836 = ORIENTED_EDGE('',*,*,#6837,.F.);
#6837 = EDGE_CURVE('',#6838,#6815,#6840,.T.);
#6838 = VERTEX_POINT('',#6839);
#6839 = CARTESIAN_POINT('',(16.682416109082,-25.1092461043,4.48500550281
    ));
#6840 = LINE('',#6841,#6842);
#6841 = CARTESIAN_POINT('',(15.499134320826,-18.88956906546,
    4.48500550281));
#6842 = VECTOR('',#6843,1.);
#6843 = DIRECTION('',(0.186895884319,-0.982379727206,1.269E-14));
#6844 = ORIENTED_EDGE('',*,*,#6845,.T.);
#6845 = EDGE_CURVE('',#6838,#6234,#6846,.T.);
#6846 = LINE('',#6847,#6848);
#6847 = CARTESIAN_POINT('',(16.682416109082,-25.1092461043,4.48500550281
    ));
#6848 = VECTOR('',#6849,1.);
#6849 = DIRECTION('',(-0.651764363091,0.639994183503,-0.406952896643));
#6850 = ORIENTED_EDGE('',*,*,#6260,.F.);
#6851 = ORIENTED_EDGE('',*,*,#4039,.F.);
#6852 = ORIENTED_EDGE('',*,*,#6822,.T.);
#6853 = PLANE('',#6854);
#6854 = AXIS2_PLACEMENT_3D('',#6855,#6856,#6857);
#6855 = CARTESIAN_POINT('',(15.194217018469,-18.94757900529,
    4.24240813419));
#6856 = DIRECTION('',(0.604963449974,0.115093151694,-0.787891357123));
#6857 = DIRECTION('',(-0.186895884319,0.982379727206,3.655686864334E-13)
  );
#6858 = ADVANCED_FACE('',(#6859),#6870,.T.);
#6859 = FACE_BOUND('',#6860,.T.);
#6860 = EDGE_LOOP('',(#6861,#6862,#6869));
#6861 = ORIENTED_EDGE('',*,*,#4172,.T.);
#6862 = ORIENTED_EDGE('',*,*,#6863,.F.);
#6863 = EDGE_CURVE('',#4586,#4173,#6864,.T.);
#6864 = B_SPLINE_CURVE_WITH_KNOTS('',3,(#6865,#6866,#6867,#6868),
  .UNSPECIFIED.,.F.,.F.,(4,4),(0.,0.657457333762),
  .PIECEWISE_BEZIER_KNOTS.);
#6865 = CARTESIAN_POINT('',(6.500001072917,-10.5336347857,
    -30.23108640345));
#6866 = CARTESIAN_POINT('',(6.500001072917,-10.5336347857,
    -29.40926473624));
#6867 = CARTESIAN_POINT('',(3.949725213187,-10.53363487598,
    -27.50681770475));
#6868 = CARTESIAN_POINT('',(2.202568627916,-10.53363493783,
    -25.58944291517));
#6869 = ORIENTED_EDGE('',*,*,#4585,.T.);
#6870 = B_SPLINE_SURFACE_WITH_KNOTS('',3,3,(
    (#6871,#6872,#6873,#6874)
    ,(#6875,#6876,#6877,#6878)
    ,(#6879,#6880,#6881,#6882)
    ,(#6883,#6884,#6885,#6886
    )),.UNSPECIFIED.,.F.,.F.,.F.,(4,4),(4,4),(0.,0.384987187329),(0.,
    0.657457333755),.PIECEWISE_BEZIER_KNOTS.);
#6871 = CARTESIAN_POINT('',(6.500001072917,-10.5336347857,
    -30.23108640345));
#6872 = CARTESIAN_POINT('',(6.500001072917,-10.5336347857,
    -29.40926473625));
#6873 = CARTESIAN_POINT('',(3.949725213237,-10.53363487598,
    -27.50681770479));
#6874 = CARTESIAN_POINT('',(2.202568627968,-10.53363493783,
    -25.58944291522));
#6875 = CARTESIAN_POINT('',(6.500001026534,-9.223372456312,
    -30.23108640345));
#6876 = CARTESIAN_POINT('',(6.500001026534,-9.223372456312,
    -29.40926473625));
#6877 = CARTESIAN_POINT('',(3.917181570904,-9.678600901632,
    -27.50681770479));
#6878 = CARTESIAN_POINT('',(2.146485339947,-9.990795134591,
    -25.58944291522));
#6879 = CARTESIAN_POINT('',(6.092182206737,-7.915980263061,
    -30.23108640345));
#6880 = CARTESIAN_POINT('',(6.092182206737,-7.915980263061,
    -29.40926473625));
#6881 = CARTESIAN_POINT('',(3.652338643094,-8.825319114161,
    -27.50681770479));
#6882 = CARTESIAN_POINT('',(1.97962965623,-9.448734922378,
    -25.58944291522));
#6883 = CARTESIAN_POINT('',(5.347238687199,-6.838090415015,
    -30.23108640345));
#6884 = CARTESIAN_POINT('',(5.347238687199,-6.838090415015,
    -29.40926473625));
#6885 = CARTESIAN_POINT('',(3.19539806424,-8.102668565894,
    -27.50681770479));
#6886 = CARTESIAN_POINT('',(1.721203615595,-8.969012508848,
    -25.58944291522));
#6887 = ADVANCED_FACE('',(#6888),#6896,.T.);
#6888 = FACE_BOUND('',#6889,.T.);
#6889 = EDGE_LOOP('',(#6890,#6891,#6892,#6893,#6894,#6895));
#6890 = ORIENTED_EDGE('',*,*,#4267,.F.);
#6891 = ORIENTED_EDGE('',*,*,#5204,.T.);
#6892 = ORIENTED_EDGE('',*,*,#5274,.T.);
#6893 = ORIENTED_EDGE('',*,*,#4594,.T.);
#6894 = ORIENTED_EDGE('',*,*,#6863,.T.);
#6895 = ORIENTED_EDGE('',*,*,#4189,.T.);
#6896 = B_SPLINE_SURFACE_WITH_KNOTS('',3,3,(
    (#6897,#6898,#6899,#6900)
    ,(#6901,#6902,#6903,#6904)
    ,(#6905,#6906,#6907,#6908)
    ,(#6909,#6910,#6911,#6912)
    ,(#6913,#6914,#6915,#6916
  )),.UNSPECIFIED.,.F.,.F.,.F.,(4,1,4),(4,4),(0.119549482832,
    0.496885418761,1.),(-0.,0.958171555999),.UNSPECIFIED.);
#6897 = CARTESIAN_POINT('',(1.213461155702,-16.91936243149,
    -30.23108640345));
#6898 = CARTESIAN_POINT('',(1.213461155702,-16.91936243149,
    -29.03337195845));
#6899 = CARTESIAN_POINT('',(0.16524683859,-12.67334294757,
    -25.54042568663));
#6900 = CARTESIAN_POINT('',(7.75564908626E-02,-12.31813417115,
    -23.05108636432));
#6901 = CARTESIAN_POINT('',(2.475106141492,-16.67961592663,
    -30.23108640345));
#6902 = CARTESIAN_POINT('',(2.475106141493,-16.67961592663,
    -29.03337195845));
#6903 = CARTESIAN_POINT('',(0.337693894958,-12.42295974304,
    -25.54042568663));
#6904 = CARTESIAN_POINT('',(0.159076127794,-12.06663714227,
    -23.05108636432));
#6905 = CARTESIAN_POINT('',(5.255547761764,-15.22533687636,
    -30.23108640345));
#6906 = CARTESIAN_POINT('',(5.255547761764,-15.22533687636,
    -29.03337195845));
#6907 = CARTESIAN_POINT('',(0.726877691499,-11.76448798441,
    -25.54042568663));
#6908 = CARTESIAN_POINT('',(0.348454884284,-11.4752446749,
    -23.05108636432));
#6909 = CARTESIAN_POINT('',(6.500001133532,-12.24593094739,
    -30.23108640345));
#6910 = CARTESIAN_POINT('',(6.500001133532,-12.24593094739,
    -29.03337195845));
#6911 = CARTESIAN_POINT('',(0.991766583783,-10.9821396954,
    -25.54042568663));
#6912 = CARTESIAN_POINT('',(0.529996278362,-10.87607026513,
    -23.05108636432));
#6913 = CARTESIAN_POINT('',(6.500001072917,-10.5336347857,
    -30.23108640345));
#6914 = CARTESIAN_POINT('',(6.500001072917,-10.5336347857,
    -29.03337195845));
#6915 = CARTESIAN_POINT('',(1.083253961633,-10.53363497745,
    -25.54042568663));
#6916 = CARTESIAN_POINT('',(0.630105755212,-10.53363499349,
    -23.05108636432));
#6917 = ADVANCED_FACE('',(#6918),#6932,.T.);
#6918 = FACE_BOUND('',#6919,.T.);
#6919 = EDGE_LOOP('',(#6920,#6921,#6922,#6923,#6924,#6931));
#6920 = ORIENTED_EDGE('',*,*,#4291,.F.);
#6921 = ORIENTED_EDGE('',*,*,#4432,.T.);
#6922 = ORIENTED_EDGE('',*,*,#4505,.T.);
#6923 = ORIENTED_EDGE('',*,*,#4670,.T.);
#6924 = ORIENTED_EDGE('',*,*,#6925,.T.);
#6925 = EDGE_CURVE('',#4662,#4770,#6926,.T.);
#6926 = B_SPLINE_CURVE_WITH_KNOTS('',3,(#6927,#6928,#6929,#6930),
  .UNSPECIFIED.,.F.,.F.,(4,4),(0.,0.657457333755),
  .PIECEWISE_BEZIER_KNOTS.);
#6927 = CARTESIAN_POINT('',(8.428177032E-07,-4.033635015802,
    -30.23108640345));
#6928 = CARTESIAN_POINT('',(8.4281770636E-07,-4.033635015802,
    -29.40926473625));
#6929 = CARTESIAN_POINT('',(9.1167492254E-07,-5.978760671492,
    -27.50681770479));
#6930 = CARTESIAN_POINT('',(9.5884798735E-07,-7.311337728053,
    -25.58944291522));
#6931 = ORIENTED_EDGE('',*,*,#4786,.T.);
#6932 = B_SPLINE_SURFACE_WITH_KNOTS('',3,3,(
    (#6933,#6934,#6935,#6936)
    ,(#6937,#6938,#6939,#6940)
    ,(#6941,#6942,#6943,#6944)
    ,(#6945,#6946,#6947,#6948)
    ,(#6949,#6950,#6951,#6952
  )),.UNSPECIFIED.,.F.,.F.,.F.,(4,1,4),(4,4),(7.224128350145E-02,
    0.602389121501,1.),(-0.,0.958171561736),.UNSPECIFIED.);
#6933 = CARTESIAN_POINT('',(6.458196074367,-9.797620530042,
    -30.23108640345));
#6934 = CARTESIAN_POINT('',(6.458196074367,-9.797620530043,
    -29.03337195128));
#6935 = CARTESIAN_POINT('',(1.040035240438,-10.34070167305,
    -25.54042564481));
#6936 = CARTESIAN_POINT('',(0.586768828547,-10.38613414518,
    -23.05108631961));
#6937 = CARTESIAN_POINT('',(6.253889670818,-8.004924027879,
    -30.23108640345));
#6938 = CARTESIAN_POINT('',(6.253889670818,-8.004924027879,
    -29.03337195128));
#6939 = CARTESIAN_POINT('',(0.92702648263,-9.868834738866,
    -25.54042564481));
#6940 = CARTESIAN_POINT('',(0.480237792208,-10.02535842774,
    -23.05108631961));
#6941 = CARTESIAN_POINT('',(4.517950048209,-5.047668197605,
    -30.23108640345));
#6942 = CARTESIAN_POINT('',(4.517950048209,-5.047668197605,
    -29.03337195128));
#6943 = CARTESIAN_POINT('',(0.613003500929,-9.059684442879,
    -25.54042564481));
#6944 = CARTESIAN_POINT('',(0.286775192901,-9.394919181374,
    -23.05108631961));
#6945 = CARTESIAN_POINT('',(1.353226542272,-4.033634967898,
    -30.23108640345));
#6946 = CARTESIAN_POINT('',(1.353226542272,-4.033634967898,
    -29.03337195128));
#6947 = CARTESIAN_POINT('',(0.183562672694,-8.408183034923,
    -25.54042564481));
#6948 = CARTESIAN_POINT('',(8.602224219646E-02,-8.77439520334,
    -23.05108631961));
#6949 = CARTESIAN_POINT('',(8.428177032E-07,-4.033635015802,
    -30.23108640345));
#6950 = CARTESIAN_POINT('',(8.4281770781E-07,-4.033635015802,
    -29.03337195128));
#6951 = CARTESIAN_POINT('',(9.8906938662E-07,-8.165052353543,
    -25.54042564481));
#6952 = CARTESIAN_POINT('',(1.00130433392E-06,-8.51067382365,
    -23.05108631961));
#6953 = ADVANCED_FACE('',(#6954),#6968,.T.);
#6954 = FACE_BOUND('',#6955,.T.);
#6955 = EDGE_LOOP('',(#6956,#6957,#6958,#6959,#6960,#6967));
#6956 = ORIENTED_EDGE('',*,*,#4324,.F.);
#6957 = ORIENTED_EDGE('',*,*,#4854,.T.);
#6958 = ORIENTED_EDGE('',*,*,#4924,.T.);
#6959 = ORIENTED_EDGE('',*,*,#4700,.T.);
#6960 = ORIENTED_EDGE('',*,*,#6961,.T.);
#6961 = EDGE_CURVE('',#4692,#4946,#6962,.T.);
#6962 = B_SPLINE_CURVE_WITH_KNOTS('',3,(#6963,#6964,#6965,#6966),
  .UNSPECIFIED.,.F.,.F.,(4,4),(0.,0.657457333761),
  .PIECEWISE_BEZIER_KNOTS.);
#6963 = CARTESIAN_POINT('',(-6.499998927083,-10.5336352459,
    -30.23108640345));
#6964 = CARTESIAN_POINT('',(-6.499998927083,-10.5336352459,
    -29.40926473624));
#6965 = CARTESIAN_POINT('',(-3.949723067354,-10.53363515562,
    -27.50681770475));
#6966 = CARTESIAN_POINT('',(-2.202566482084,-10.53363509377,
    -25.58944291517));
#6967 = ORIENTED_EDGE('',*,*,#4962,.T.);
#6968 = B_SPLINE_SURFACE_WITH_KNOTS('',3,3,(
    (#6969,#6970,#6971,#6972)
    ,(#6973,#6974,#6975,#6976)
    ,(#6977,#6978,#6979,#6980)
    ,(#6981,#6982,#6983,#6984)
    ,(#6985,#6986,#6987,#6988
  )),.UNSPECIFIED.,.F.,.F.,.F.,(4,1,4),(4,4),(0.119549482832,
    0.496885418761,1.),(0.,0.958171555999),.UNSPECIFIED.);
#6969 = CARTESIAN_POINT('',(-1.213459009872,-4.147907600114,
    -30.23108640345));
#6970 = CARTESIAN_POINT('',(-1.213459009872,-4.147907600114,
    -29.03337195845));
#6971 = CARTESIAN_POINT('',(-0.165244692758,-8.393927084036,
    -25.54042568663));
#6972 = CARTESIAN_POINT('',(-7.755434502903E-02,-8.749135860454,
    -23.05108636432));
#6973 = CARTESIAN_POINT('',(-2.475103995661,-4.387654104975,
    -30.23108640345));
#6974 = CARTESIAN_POINT('',(-2.475103995661,-4.387654104975,
    -29.03337195845));
#6975 = CARTESIAN_POINT('',(-0.337691749124,-8.644310288558,
    -25.54042568663));
#6976 = CARTESIAN_POINT('',(-0.159073981961,-9.000632889333,
    -23.05108636432));
#6977 = CARTESIAN_POINT('',(-5.255545615931,-5.841933155245,
    -30.23108640345));
#6978 = CARTESIAN_POINT('',(-5.255545615931,-5.841933155245,
    -29.03337195845));
#6979 = CARTESIAN_POINT('',(-0.726875545665,-9.302782047194,
    -25.54042568663));
#6980 = CARTESIAN_POINT('',(-0.348452738451,-9.592025356705,
    -23.05108636432));
#6981 = CARTESIAN_POINT('',(-6.499998987698,-8.821339084207,
    -30.23108640345));
#6982 = CARTESIAN_POINT('',(-6.499998987698,-8.821339084208,
    -29.03337195845));
#6983 = CARTESIAN_POINT('',(-0.991764437949,-10.0851303362,
    -25.54042568663));
#6984 = CARTESIAN_POINT('',(-0.529994132528,-10.19119976647,
    -23.05108636432));
#6985 = CARTESIAN_POINT('',(-6.499998927083,-10.5336352459,
    -30.23108640345));
#6986 = CARTESIAN_POINT('',(-6.499998927083,-10.5336352459,
    -29.03337195845));
#6987 = CARTESIAN_POINT('',(-1.083251815799,-10.53363505415,
    -25.54042568663));
#6988 = CARTESIAN_POINT('',(-0.630103609378,-10.5336350381,
    -23.05108636432));
#6989 = ADVANCED_FACE('',(#6990),#7004,.T.);
#6990 = FACE_BOUND('',#6991,.T.);
#6991 = EDGE_LOOP('',(#6992,#6993,#6994,#6995,#6996,#7003));
#6992 = ORIENTED_EDGE('',*,*,#4357,.F.);
#6993 = ORIENTED_EDGE('',*,*,#5027,.T.);
#6994 = ORIENTED_EDGE('',*,*,#5100,.T.);
#6995 = ORIENTED_EDGE('',*,*,#4631,.T.);
#6996 = ORIENTED_EDGE('',*,*,#6997,.T.);
#6997 = EDGE_CURVE('',#4623,#5122,#6998,.T.);
#6998 = B_SPLINE_CURVE_WITH_KNOTS('',3,(#6999,#7000,#7001,#7002),
  .UNSPECIFIED.,.F.,.F.,(4,4),(0.,0.657457333755),
  .PIECEWISE_BEZIER_KNOTS.);
#6999 = CARTESIAN_POINT('',(1.30301604201E-06,-17.0336350158,
    -30.23108640345));
#7000 = CARTESIAN_POINT('',(1.30301604518E-06,-17.0336350158,
    -29.40926473625));
#7001 = CARTESIAN_POINT('',(1.23415886277E-06,-15.08850936011,
    -27.50681770479));
#7002 = CARTESIAN_POINT('',(1.18698581303E-06,-13.75593230355,
    -25.58944291522));
#7003 = ORIENTED_EDGE('',*,*,#5138,.T.);
#7004 = B_SPLINE_SURFACE_WITH_KNOTS('',3,3,(
    (#7005,#7006,#7007,#7008)
    ,(#7009,#7010,#7011,#7012)
    ,(#7013,#7014,#7015,#7016)
    ,(#7017,#7018,#7019,#7020)
    ,(#7021,#7022,#7023,#7024
  )),.UNSPECIFIED.,.F.,.F.,.F.,(4,1,4),(4,4),(7.224128350134E-02,
    0.469852162001,1.),(-5.9E-16,0.958171561736),.UNSPECIFIED.);
#7005 = CARTESIAN_POINT('',(-6.458193928533,-11.26964950156,
    -30.23108640345));
#7006 = CARTESIAN_POINT('',(-6.458193928533,-11.26964950156,
    -29.03337195128));
#7007 = CARTESIAN_POINT('',(-1.040033094604,-10.72656835854,
    -25.54042564481));
#7008 = CARTESIAN_POINT('',(-0.586766682714,-10.68113588642,
    -23.05108631961));
#7009 = CARTESIAN_POINT('',(-6.304964125871,-12.61417187818,
    -30.23108640345));
#7010 = CARTESIAN_POINT('',(-6.304964125871,-12.61417187818,
    -29.03337195128));
#7011 = CARTESIAN_POINT('',(-0.954736375199,-11.07979895634,
    -25.54042564481));
#7012 = CARTESIAN_POINT('',(-0.506868405459,-10.9517176745,
    -23.05108631961));
#7013 = CARTESIAN_POINT('',(-4.939101610478,-15.64371939387,
    -30.23108640345));
#7014 = CARTESIAN_POINT('',(-4.939101610478,-15.64371939387,
    -29.03337195128));
#7015 = CARTESIAN_POINT('',(-0.671927746185,-11.89559282579,
    -25.54042564481));
#7016 = CARTESIAN_POINT('',(-0.315294119835,-11.58252578826,
    -23.05108631961));
#7017 = CARTESIAN_POINT('',(-1.80429962959,-17.03363507967,
    -30.23108640345));
#7018 = CARTESIAN_POINT('',(-1.80429962959,-17.03363507967,
    -29.03337195128));
#7019 = CARTESIAN_POINT('',(-0.245553265834,-12.57886010049,
    -25.54042564481));
#7020 = CARTESIAN_POINT('',(-0.114693843327,-12.2049677017,
    -23.05108631961));
#7021 = CARTESIAN_POINT('',(1.30301604201E-06,-17.0336350158,
    -30.23108640345));
#7022 = CARTESIAN_POINT('',(1.30301604663E-06,-17.0336350158,
    -29.03337195128));
#7023 = CARTESIAN_POINT('',(1.15676443532E-06,-12.90221767806,
    -25.54042564481));
#7024 = CARTESIAN_POINT('',(1.144529471E-06,-12.55659620795,
    -23.05108631961));
#7025 = ADVANCED_FACE('',(#7026),#7052,.T.);
#7026 = FACE_BOUND('',#7027,.T.);
#7027 = EDGE_LOOP('',(#7028,#7034,#7035,#7043,#7050,#7051));
#7028 = ORIENTED_EDGE('',*,*,#7029,.F.);
#7029 = EDGE_CURVE('',#6514,#5982,#7030,.T.);
#7030 = LINE('',#7031,#7032);
#7031 = CARTESIAN_POINT('',(-7.259479176795,9.754752607443,
    -19.58881877414));
#7032 = VECTOR('',#7033,1.);
#7033 = DIRECTION('',(-0.430745381607,-0.434262096235,-0.791122524011));
#7034 = ORIENTED_EDGE('',*,*,#6513,.T.);
#7035 = ORIENTED_EDGE('',*,*,#7036,.T.);
#7036 = EDGE_CURVE('',#6506,#7037,#7039,.T.);
#7037 = VERTEX_POINT('',#7038);
#7038 = CARTESIAN_POINT('',(-10.34747244682,4.225667794238,
    -29.66149985296));
#7039 = LINE('',#7040,#7041);
#7040 = CARTESIAN_POINT('',(-10.68099941936,5.528344143842,
    -27.28833245906));
#7041 = VECTOR('',#7042,1.);
#7042 = DIRECTION('',(0.122275857487,-0.477580168291,-0.870037813851));
#7043 = ORIENTED_EDGE('',*,*,#7044,.T.);
#7044 = EDGE_CURVE('',#7037,#4551,#7045,.T.);
#7045 = ELLIPSE('',#7046,0.570375298501,0.5);
#7046 = AXIS2_PLACEMENT_3D('',#7047,#7048,#7049);
#7047 = CARTESIAN_POINT('',(-10.84260647983,4.187470406141,
    -29.73108640344));
#7048 = DIRECTION('',(-3.10321042E-08,0.876615802463,-0.481190954687));
#7049 = DIRECTION('',(1.703408985E-08,-0.481190954687,-0.876615802463));
#7050 = ORIENTED_EDGE('',*,*,#4550,.T.);
#7051 = ORIENTED_EDGE('',*,*,#5989,.T.);
#7052 = PLANE('',#7053);
#7053 = AXIS2_PLACEMENT_3D('',#7054,#7055,#7056);
#7054 = CARTESIAN_POINT('',(-2.7328513763E-07,7.719910526798,
    -23.29581893968));
#7055 = DIRECTION('',(-3.10321042E-08,0.876615802463,-0.481190954687));
#7056 = DIRECTION('',(-1.,-3.5399896597E-08,-9.481645300333E-15));
#7057 = ADVANCED_FACE('',(#7058),#7077,.T.);
#7058 = FACE_BOUND('',#7059,.T.);
#7059 = EDGE_LOOP('',(#7060,#7061,#7069,#7076));
#7060 = ORIENTED_EDGE('',*,*,#7044,.F.);
#7061 = ORIENTED_EDGE('',*,*,#7062,.T.);
#7062 = EDGE_CURVE('',#7037,#7063,#7065,.T.);
#7063 = VERTEX_POINT('',#7064);
#7064 = CARTESIAN_POINT('',(-10.34747236934,2.037096104068,
    -29.66149985296));
#7065 = LINE('',#7066,#7067);
#7066 = CARTESIAN_POINT('',(-10.34747219243,-2.960243278525,
    -29.66149985296));
#7067 = VECTOR('',#7068,1.);
#7068 = DIRECTION('',(3.539988278E-08,-1.,-4.E-16));
#7069 = ORIENTED_EDGE('',*,*,#7070,.F.);
#7070 = EDGE_CURVE('',#4559,#7063,#7071,.T.);
#7071 = ELLIPSE('',#7072,0.50004475098,0.5);
#7072 = AXIS2_PLACEMENT_3D('',#7073,#7074,#7075);
#7073 = CARTESIAN_POINT('',(-10.84260640368,2.036165050921,
    -29.73108640344));
#7074 = DIRECTION('',(3.539670932E-08,-0.999910506049,1.337833666332E-02
    ));
#7075 = DIRECTION('',(4.7390458E-10,-1.337833666332E-02,-0.999910506049)
  );
#7076 = ORIENTED_EDGE('',*,*,#4558,.T.);
#7077 = CYLINDRICAL_SURFACE('',#7078,0.5);
#7078 = AXIS2_PLACEMENT_3D('',#7079,#7080,#7081);
#7079 = CARTESIAN_POINT('',(-10.84260622681,-2.960243296052,
    -29.73108640344));
#7080 = DIRECTION('',(3.539988278E-08,-1.,-4.E-16));
#7081 = DIRECTION('',(0.754709580223,2.671663093525E-08,-0.656059028991)
  );
#7082 = ADVANCED_FACE('',(#7083),#7136,.F.);
#7083 = FACE_BOUND('',#7084,.T.);
#7084 = EDGE_LOOP('',(#7085,#7093,#7102,#7110,#7119,#7127,#7134,#7135));
#7085 = ORIENTED_EDGE('',*,*,#7086,.F.);
#7086 = EDGE_CURVE('',#7087,#7063,#7089,.T.);
#7087 = VERTEX_POINT('',#7088);
#7088 = CARTESIAN_POINT('',(-10.53747179756,2.055184105832,
    -28.30958367868));
#7089 = LINE('',#7090,#7091);
#7090 = CARTESIAN_POINT('',(-9.391722723997,1.946108455162,
    -36.46201191872));
#7091 = VECTOR('',#7092,1.);
#7092 = DIRECTION('',(0.139160887492,-1.324815764793E-02,-0.990181162066
    ));
#7093 = ORIENTED_EDGE('',*,*,#7094,.F.);
#7094 = EDGE_CURVE('',#7095,#7087,#7097,.T.);
#7095 = VERTEX_POINT('',#7096);
#7096 = CARTESIAN_POINT('',(-9.052069695264,2.078046566355,
    -26.60082402724));
#7097 = ELLIPSE('',#7098,1.500134252941,1.5);
#7098 = AXIS2_PLACEMENT_3D('',#7099,#7100,#7101);
#7099 = CARTESIAN_POINT('',(-9.052069694554,2.057977265275,
    -28.10082402724));
#7100 = DIRECTION('',(3.539670932E-08,-0.999910506049,1.337833666332E-02
    ));
#7101 = DIRECTION('',(-4.741779E-10,1.337833666332E-02,0.999910506049));
#7102 = ORIENTED_EDGE('',*,*,#7103,.F.);
#7103 = EDGE_CURVE('',#7104,#7095,#7106,.T.);
#7104 = VERTEX_POINT('',#7105);
#7105 = CARTESIAN_POINT('',(2.606680088578,2.078046979074,
    -26.60082402724));
#7106 = LINE('',#7107,#7108);
#7107 = CARTESIAN_POINT('',(2.634120979382,2.078046980045,
    -26.60082402724));
#7108 = VECTOR('',#7109,1.);
#7109 = DIRECTION('',(-1.,-3.539987704E-08,2.644E-14));
#7110 = ORIENTED_EDGE('',*,*,#7111,.F.);
#7111 = EDGE_CURVE('',#7112,#7104,#7114,.T.);
#7112 = VERTEX_POINT('',#7113);
#7113 = CARTESIAN_POINT('',(4.092082192499,2.055184623717,
    -28.30958367868));
#7114 = ELLIPSE('',#7115,1.500134252941,1.5);
#7115 = AXIS2_PLACEMENT_3D('',#7116,#7117,#7118);
#7116 = CARTESIAN_POINT('',(2.606680089288,2.057977677994,
    -28.10082402724));
#7117 = DIRECTION('',(3.539670932E-08,-0.999910506049,1.337833666332E-02
    ));
#7118 = DIRECTION('',(-4.7370017E-10,1.337833666332E-02,0.999910506049)
  );
#7119 = ORIENTED_EDGE('',*,*,#7120,.F.);
#7120 = EDGE_CURVE('',#7121,#7112,#7123,.T.);
#7121 = VERTEX_POINT('',#7122);
#7122 = CARTESIAN_POINT('',(3.902082765556,2.037096608501,
    -29.66149985296));
#7123 = LINE('',#7124,#7125);
#7124 = CARTESIAN_POINT('',(3.260986443004,1.976064003186,
    -34.22313723088));
#7125 = VECTOR('',#7126,1.);
#7126 = DIRECTION('',(0.139160886556,1.324816750047E-02,0.990181162066)
  );
#7127 = ORIENTED_EDGE('',*,*,#7128,.T.);
#7128 = EDGE_CURVE('',#7121,#4567,#7129,.T.);
#7129 = ELLIPSE('',#7130,0.50004475098,0.5);
#7130 = AXIS2_PLACEMENT_3D('',#7131,#7132,#7133);
#7131 = CARTESIAN_POINT('',(4.39721679996,2.036165590408,-29.73108640344
    ));
#7132 = DIRECTION('',(3.539670932E-08,-0.999910506049,1.337833666332E-02
    ));
#7133 = DIRECTION('',(4.7323552E-10,-1.337833666332E-02,-0.999910506049)
  );
#7134 = ORIENTED_EDGE('',*,*,#4566,.F.);
#7135 = ORIENTED_EDGE('',*,*,#7070,.T.);
#7136 = PLANE('',#7137);
#7137 = AXIS2_PLACEMENT_3D('',#7138,#7139,#7140);
#7138 = CARTESIAN_POINT('',(10.250000283377,1.882230634756,
    -41.23635723375));
#7139 = DIRECTION('',(3.539670932E-08,-0.999910506049,1.337833666332E-02
    ));
#7140 = DIRECTION('',(-4.7356414E-10,1.337833666332E-02,0.999910506049)
  );
#7141 = ADVANCED_FACE('',(#7142),#7153,.T.);
#7142 = FACE_BOUND('',#7143,.T.);
#7143 = EDGE_LOOP('',(#7144,#7145,#7146,#7147));
#7144 = ORIENTED_EDGE('',*,*,#6372,.F.);
#7145 = ORIENTED_EDGE('',*,*,#4574,.T.);
#7146 = ORIENTED_EDGE('',*,*,#7128,.F.);
#7147 = ORIENTED_EDGE('',*,*,#7148,.T.);
#7148 = EDGE_CURVE('',#7121,#6373,#7149,.T.);
#7149 = LINE('',#7150,#7151);
#7150 = CARTESIAN_POINT('',(3.902082942461,-2.960242774092,
    -29.66149985296));
#7151 = VECTOR('',#7152,1.);
#7152 = DIRECTION('',(-3.539987776E-08,1.,4.E-16));
#7153 = CYLINDRICAL_SURFACE('',#7154,0.5);
#7154 = AXIS2_PLACEMENT_3D('',#7155,#7156,#7157);
#7155 = CARTESIAN_POINT('',(4.397216976832,-2.960242756565,
    -29.73108640344));
#7156 = DIRECTION('',(-3.539987776E-08,1.,4.E-16));
#7157 = DIRECTION('',(-0.754709580223,-2.671662662178E-08,-0.65605902899
    ));
#7158 = ADVANCED_FACE('',(#7159),#7164,.T.);
#7159 = FACE_BOUND('',#7160,.T.);
#7160 = EDGE_LOOP('',(#7161,#7162,#7163));
#7161 = ORIENTED_EDGE('',*,*,#5121,.T.);
#7162 = ORIENTED_EDGE('',*,*,#6997,.F.);
#7163 = ORIENTED_EDGE('',*,*,#4622,.T.);
#7164 = B_SPLINE_SURFACE_WITH_KNOTS('',3,3,(
    (#7165,#7166,#7167,#7168)
    ,(#7169,#7170,#7171,#7172)
    ,(#7173,#7174,#7175,#7176)
    ,(#7177,#7178,#7179,#7180
    )),.UNSPECIFIED.,.F.,.F.,.F.,(4,4),(4,4),(0.,0.384987187329),(0.,
    0.657457333755),.PIECEWISE_BEZIER_KNOTS.);
#7165 = CARTESIAN_POINT('',(1.30301604346E-06,-17.0336350158,
    -30.23108640345));
#7166 = CARTESIAN_POINT('',(1.30301604662E-06,-17.0336350158,
    -29.40926473625));
#7167 = CARTESIAN_POINT('',(1.23415886366E-06,-15.08850936011,
    -27.50681770479));
#7168 = CARTESIAN_POINT('',(1.18698581354E-06,-13.75593230355,
    -25.58944291523));
#7169 = CARTESIAN_POINT('',(1.310263632407,-17.03363496941,
    -30.23108640345));
#7170 = CARTESIAN_POINT('',(1.310263632407,-17.03363496941,
    -29.40926473625));
#7171 = CARTESIAN_POINT('',(0.777376847446,-14.97830736221,
    -27.50681770479));
#7172 = CARTESIAN_POINT('',(0.411980025052,-13.56898805962,
    -25.58944291523));
#7173 = CARTESIAN_POINT('',(2.617655825657,-16.62581614962,
    -30.23108640345));
#7174 = CARTESIAN_POINT('',(2.617655825657,-16.62581614962,
    -29.40926473625));
#7175 = CARTESIAN_POINT('',(1.553000273852,-14.63580607884,
    -27.50681770479));
#7176 = CARTESIAN_POINT('',(0.823179272091,-13.27127141999,
    -25.58944291523));
#7177 = CARTESIAN_POINT('',(3.695545673703,-15.88087263008,
    -30.23108640345));
#7178 = CARTESIAN_POINT('',(3.695545673703,-15.88087263008,
    -29.40926473625));
#7179 = CARTESIAN_POINT('',(2.197992461055,-14.10120714442,
    -27.50681770479));
#7180 = CARTESIAN_POINT('',(1.172040720446,-12.88198442345,
    -25.58944291523));
#7181 = ADVANCED_FACE('',(#7182),#7187,.T.);
#7182 = FACE_BOUND('',#7183,.T.);
#7183 = EDGE_LOOP('',(#7184,#7185,#7186));
#7184 = ORIENTED_EDGE('',*,*,#4769,.T.);
#7185 = ORIENTED_EDGE('',*,*,#6925,.F.);
#7186 = ORIENTED_EDGE('',*,*,#4661,.T.);
#7187 = B_SPLINE_SURFACE_WITH_KNOTS('',3,3,(
    (#7188,#7189,#7190,#7191)
    ,(#7192,#7193,#7194,#7195)
    ,(#7196,#7197,#7198,#7199)
    ,(#7200,#7201,#7202,#7203
    )),.UNSPECIFIED.,.F.,.F.,.F.,(4,4),(4,4),(0.,0.384987187329),(0.,
    0.657457333755),.PIECEWISE_BEZIER_KNOTS.);
#7188 = CARTESIAN_POINT('',(8.4281770031E-07,-4.033635015802,
    -30.23108640345));
#7189 = CARTESIAN_POINT('',(8.4281770348E-07,-4.033635015802,
    -29.40926473625));
#7190 = CARTESIAN_POINT('',(9.1167492083E-07,-5.978760671491,
    -27.50681770479));
#7191 = CARTESIAN_POINT('',(9.5884798644E-07,-7.311337728052,
    -25.58944291522));
#7192 = CARTESIAN_POINT('',(-1.310261486573,-4.033635062186,
    -30.23108640345));
#7193 = CARTESIAN_POINT('',(-1.310261486573,-4.033635062186,
    -29.40926473625));
#7194 = CARTESIAN_POINT('',(-0.777374701612,-6.08896266939,
    -27.50681770479));
#7195 = CARTESIAN_POINT('',(-0.411977879217,-7.498281971983,
    -25.58944291522));
#7196 = CARTESIAN_POINT('',(-2.617653679825,-4.441453881982,
    -30.23108640345));
#7197 = CARTESIAN_POINT('',(-2.617653679825,-4.441453881982,
    -29.40926473625));
#7198 = CARTESIAN_POINT('',(-1.552998128017,-6.431463952767,
    -27.50681770479));
#7199 = CARTESIAN_POINT('',(-0.823177126256,-7.795998611611,
    -25.58944291522));
#7200 = CARTESIAN_POINT('',(-3.695543527871,-5.18639740152,
    -30.23108640345));
#7201 = CARTESIAN_POINT('',(-3.695543527871,-5.18639740152,
    -29.40926473625));
#7202 = CARTESIAN_POINT('',(-2.197990315221,-6.966062887187,
    -27.50681770479));
#7203 = CARTESIAN_POINT('',(-1.172038574611,-8.185285608155,
    -25.58944291522));
#7204 = ADVANCED_FACE('',(#7205),#7210,.T.);
#7205 = FACE_BOUND('',#7206,.T.);
#7206 = EDGE_LOOP('',(#7207,#7208,#7209));
#7207 = ORIENTED_EDGE('',*,*,#4945,.T.);
#7208 = ORIENTED_EDGE('',*,*,#6961,.F.);
#7209 = ORIENTED_EDGE('',*,*,#4691,.T.);
#7210 = B_SPLINE_SURFACE_WITH_KNOTS('',3,3,(
    (#7211,#7212,#7213,#7214)
    ,(#7215,#7216,#7217,#7218)
    ,(#7219,#7220,#7221,#7222)
    ,(#7223,#7224,#7225,#7226
    )),.UNSPECIFIED.,.F.,.F.,.F.,(4,4),(4,4),(0.,0.384987187329),(0.,
    0.657457333755),.PIECEWISE_BEZIER_KNOTS.);
#7211 = CARTESIAN_POINT('',(-6.499998927083,-10.5336352459,
    -30.23108640345));
#7212 = CARTESIAN_POINT('',(-6.499998927083,-10.5336352459,
    -29.40926473625));
#7213 = CARTESIAN_POINT('',(-3.949723067404,-10.53363515562,
    -27.50681770479));
#7214 = CARTESIAN_POINT('',(-2.202566482135,-10.53363509377,
    -25.58944291523));
#7215 = CARTESIAN_POINT('',(-6.4999988807,-11.84389757529,
    -30.23108640345));
#7216 = CARTESIAN_POINT('',(-6.4999988807,-11.84389757529,
    -29.40926473625));
#7217 = CARTESIAN_POINT('',(-3.917179425071,-11.38866912997,
    -27.50681770479));
#7218 = CARTESIAN_POINT('',(-2.146483194115,-11.07647489701,
    -25.58944291523));
#7219 = CARTESIAN_POINT('',(-6.092180060903,-13.15128976854,
    -30.23108640345));
#7220 = CARTESIAN_POINT('',(-6.092180060903,-13.15128976854,
    -29.40926473625));
#7221 = CARTESIAN_POINT('',(-3.652336497261,-12.24195091744,
    -27.50681770479));
#7222 = CARTESIAN_POINT('',(-1.979627510398,-11.61853510922,
    -25.58944291523));
#7223 = CARTESIAN_POINT('',(-5.347236541365,-14.22917961658,
    -30.23108640345));
#7224 = CARTESIAN_POINT('',(-5.347236541365,-14.22917961658,
    -29.40926473625));
#7225 = CARTESIAN_POINT('',(-3.195395918407,-12.96460146571,
    -27.50681770479));
#7226 = CARTESIAN_POINT('',(-1.721201469763,-12.09825752275,
    -25.58944291523));
#7227 = ADVANCED_FACE('',(#7228),#7247,.F.);
#7228 = FACE_BOUND('',#7229,.F.);
#7229 = EDGE_LOOP('',(#7230,#7238,#7245,#7246));
#7230 = ORIENTED_EDGE('',*,*,#7231,.T.);
#7231 = EDGE_CURVE('',#4719,#7232,#7234,.T.);
#7232 = VERTEX_POINT('',#7233);
#7233 = CARTESIAN_POINT('',(-8.849998923097,-20.53363532909,
    -24.23082402724));
#7234 = LINE('',#7235,#7236);
#7235 = CARTESIAN_POINT('',(-8.849998923097,-20.53363532909,
    -30.23108640344));
#7236 = VECTOR('',#7237,1.);
#7237 = DIRECTION('',(-4.4E-16,-3.9E-16,1.));
#7238 = ORIENTED_EDGE('',*,*,#7239,.F.);
#7239 = EDGE_CURVE('',#7232,#7232,#7240,.T.);
#7240 = CIRCLE('',#7241,1.15);
#7241 = AXIS2_PLACEMENT_3D('',#7242,#7243,#7244);
#7242 = CARTESIAN_POINT('',(-9.999998923097,-20.5336353698,
    -24.23082402724));
#7243 = DIRECTION('',(2.644E-14,1.746E-14,1.));
#7244 = DIRECTION('',(-1.,-3.53998909E-08,2.644000061808E-14));
#7245 = ORIENTED_EDGE('',*,*,#7231,.F.);
#7246 = ORIENTED_EDGE('',*,*,#4718,.T.);
#7247 = CYLINDRICAL_SURFACE('',#7248,1.15);
#7248 = AXIS2_PLACEMENT_3D('',#7249,#7250,#7251);
#7249 = CARTESIAN_POINT('',(-9.999998923097,-20.5336353698,
    -30.23108640344));
#7250 = DIRECTION('',(-4.4E-16,-3.9E-16,1.));
#7251 = DIRECTION('',(-1.,-3.53998909E-08,-4.40000013806E-16));
#7252 = ADVANCED_FACE('',(#7253),#7272,.F.);
#7253 = FACE_BOUND('',#7254,.F.);
#7254 = EDGE_LOOP('',(#7255,#7263,#7270,#7271));
#7255 = ORIENTED_EDGE('',*,*,#7256,.T.);
#7256 = EDGE_CURVE('',#4730,#7257,#7259,.T.);
#7257 = VERTEX_POINT('',#7258);
#7258 = CARTESIAN_POINT('',(11.150001076896,-20.53363462109,
    -24.23082402724));
#7259 = LINE('',#7260,#7261);
#7260 = CARTESIAN_POINT('',(11.150001076896,-20.53363462109,
    -30.23108640344));
#7261 = VECTOR('',#7262,1.);
#7262 = DIRECTION('',(-3.3E-16,-3.9E-16,1.));
#7263 = ORIENTED_EDGE('',*,*,#7264,.F.);
#7264 = EDGE_CURVE('',#7257,#7257,#7265,.T.);
#7265 = CIRCLE('',#7266,1.15);
#7266 = AXIS2_PLACEMENT_3D('',#7267,#7268,#7269);
#7267 = CARTESIAN_POINT('',(10.000001076903,-20.5336346618,
    -24.23082402724));
#7268 = DIRECTION('',(2.644E-14,1.746E-14,1.));
#7269 = DIRECTION('',(-1.,-3.53998909E-08,2.644000061808E-14));
#7270 = ORIENTED_EDGE('',*,*,#7256,.F.);
#7271 = ORIENTED_EDGE('',*,*,#4729,.T.);
#7272 = CYLINDRICAL_SURFACE('',#7273,1.15);
#7273 = AXIS2_PLACEMENT_3D('',#7274,#7275,#7276);
#7274 = CARTESIAN_POINT('',(10.000001076903,-20.5336346618,
    -30.23108640344));
#7275 = DIRECTION('',(-3.3E-16,-3.9E-16,1.));
#7276 = DIRECTION('',(-1.,-3.53998909E-08,-3.30000013806E-16));
#7277 = ADVANCED_FACE('',(#7278),#7297,.F.);
#7278 = FACE_BOUND('',#7279,.F.);
#7279 = EDGE_LOOP('',(#7280,#7288,#7295,#7296));
#7280 = ORIENTED_EDGE('',*,*,#7281,.T.);
#7281 = EDGE_CURVE('',#4741,#7282,#7284,.T.);
#7282 = VERTEX_POINT('',#7283);
#7283 = CARTESIAN_POINT('',(11.150000368898,-0.533634621095,
    -24.23082402724));
#7284 = LINE('',#7285,#7286);
#7285 = CARTESIAN_POINT('',(11.150000368898,-0.533634621095,
    -30.23108640344));
#7286 = VECTOR('',#7287,1.);
#7287 = DIRECTION('',(-3.3E-16,-3.9E-16,1.));
#7288 = ORIENTED_EDGE('',*,*,#7289,.F.);
#7289 = EDGE_CURVE('',#7282,#7282,#7290,.T.);
#7290 = CIRCLE('',#7291,1.15);
#7291 = AXIS2_PLACEMENT_3D('',#7292,#7293,#7294);
#7292 = CARTESIAN_POINT('',(10.000000368905,-0.533634661805,
    -24.23082402724));
#7293 = DIRECTION('',(2.644E-14,1.746E-14,1.));
#7294 = DIRECTION('',(-1.,-3.53998909E-08,2.644000061808E-14));
#7295 = ORIENTED_EDGE('',*,*,#7281,.F.);
#7296 = ORIENTED_EDGE('',*,*,#4740,.T.);
#7297 = CYLINDRICAL_SURFACE('',#7298,1.15);
#7298 = AXIS2_PLACEMENT_3D('',#7299,#7300,#7301);
#7299 = CARTESIAN_POINT('',(10.000000368905,-0.533634661805,
    -30.23108640344));
#7300 = DIRECTION('',(-3.3E-16,-3.9E-16,1.));
#7301 = DIRECTION('',(-1.,-3.53998909E-08,-3.30000013806E-16));
#7302 = ADVANCED_FACE('',(#7303),#7322,.F.);
#7303 = FACE_BOUND('',#7304,.F.);
#7304 = EDGE_LOOP('',(#7305,#7313,#7320,#7321));
#7305 = ORIENTED_EDGE('',*,*,#7306,.T.);
#7306 = EDGE_CURVE('',#4752,#7307,#7309,.T.);
#7307 = VERTEX_POINT('',#7308);
#7308 = CARTESIAN_POINT('',(-8.849999631095,-0.533635329092,
    -24.23082402724));
#7309 = LINE('',#7310,#7311);
#7310 = CARTESIAN_POINT('',(-8.849999631095,-0.533635329092,
    -30.23108640344));
#7311 = VECTOR('',#7312,1.);
#7312 = DIRECTION('',(-4.4E-16,-3.9E-16,1.));
#7313 = ORIENTED_EDGE('',*,*,#7314,.F.);
#7314 = EDGE_CURVE('',#7307,#7307,#7315,.T.);
#7315 = CIRCLE('',#7316,1.15);
#7316 = AXIS2_PLACEMENT_3D('',#7317,#7318,#7319);
#7317 = CARTESIAN_POINT('',(-9.999999631096,-0.533635369802,
    -24.23082402724));
#7318 = DIRECTION('',(2.644E-14,1.746E-14,1.));
#7319 = DIRECTION('',(-1.,-3.53998909E-08,2.644000061808E-14));
#7320 = ORIENTED_EDGE('',*,*,#7306,.F.);
#7321 = ORIENTED_EDGE('',*,*,#4751,.T.);
#7322 = CYLINDRICAL_SURFACE('',#7323,1.15);
#7323 = AXIS2_PLACEMENT_3D('',#7324,#7325,#7326);
#7324 = CARTESIAN_POINT('',(-9.999999631096,-0.533635369802,
    -30.23108640344));
#7325 = DIRECTION('',(-4.4E-16,-3.9E-16,1.));
#7326 = DIRECTION('',(-1.,-3.53998909E-08,-4.40000013806E-16));
#7327 = ADVANCED_FACE('',(#7328),#7363,.F.);
#7328 = FACE_BOUND('',#7329,.T.);
#7329 = EDGE_LOOP('',(#7330,#7340,#7346,#7347,#7348,#7349,#7357));
#7330 = ORIENTED_EDGE('',*,*,#7331,.F.);
#7331 = EDGE_CURVE('',#7332,#7334,#7336,.T.);
#7332 = VERTEX_POINT('',#7333);
#7333 = CARTESIAN_POINT('',(-15.95723520312,-24.39716402944,
    4.032213383373));
#7334 = VERTEX_POINT('',#7335);
#7335 = CARTESIAN_POINT('',(-20.96006392249,-24.39716420654,
    4.032213383372));
#7336 = LINE('',#7337,#7338);
#7337 = CARTESIAN_POINT('',(168.42273444398,-24.3971575024,4.03221338338
    ));
#7338 = VECTOR('',#7339,1.);
#7339 = DIRECTION('',(-1.,-3.539990153E-08,-4.286E-14));
#7340 = ORIENTED_EDGE('',*,*,#7341,.F.);
#7341 = EDGE_CURVE('',#5411,#7332,#7342,.T.);
#7342 = LINE('',#7343,#7344);
#7343 = CARTESIAN_POINT('',(94.806531964956,12.887098293947,
    -75.56869782258));
#7344 = VECTOR('',#7345,1.);
#7345 = DIRECTION('',(-0.783315375154,-0.263672288112,0.562933341995));
#7346 = ORIENTED_EDGE('',*,*,#5410,.T.);
#7347 = ORIENTED_EDGE('',*,*,#5352,.F.);
#7348 = ORIENTED_EDGE('',*,*,#5868,.F.);
#7349 = ORIENTED_EDGE('',*,*,#7350,.F.);
#7350 = EDGE_CURVE('',#7351,#5860,#7353,.T.);
#7351 = VERTEX_POINT('',#7352);
#7352 = CARTESIAN_POINT('',(-18.85817972868,-22.95628673966,
    0.955978041924));
#7353 = LINE('',#7354,#7355);
#7354 = CARTESIAN_POINT('',(94.766937041004,-70.80749557738,
    103.11705913045));
#7355 = VECTOR('',#7356,1.);
#7356 = DIRECTION('',(-0.709640296998,0.298852463405,-0.638042203928));
#7357 = ORIENTED_EDGE('',*,*,#7358,.T.);
#7358 = EDGE_CURVE('',#7351,#7334,#7359,.T.);
#7359 = LINE('',#7360,#7361);
#7360 = CARTESIAN_POINT('',(91.654433538284,52.801994678323,
    -160.785952179));
#7361 = VECTOR('',#7362,1.);
#7362 = DIRECTION('',(-0.526174142959,-0.360701349998,0.77008785693));
#7363 = PLANE('',#7364);
#7364 = AXIS2_PLACEMENT_3D('',#7365,#7366,#7367);
#7365 = CARTESIAN_POINT('',(336.84546756472,-21.30231675882,
    -2.575177488541));
#7366 = DIRECTION('',(3.205761106E-08,-0.905584238874,-0.424166460606));
#7367 = DIRECTION('',(1.,3.539991925607E-08,5.008158376442E-15));
#7368 = ADVANCED_FACE('',(#7369),#7388,.F.);
#7369 = FACE_BOUND('',#7370,.T.);
#7370 = EDGE_LOOP('',(#7371,#7372,#7380,#7386,#7387));
#7371 = ORIENTED_EDGE('',*,*,#5450,.T.);
#7372 = ORIENTED_EDGE('',*,*,#7373,.T.);
#7373 = EDGE_CURVE('',#5443,#7374,#7376,.T.);
#7374 = VERTEX_POINT('',#7375);
#7375 = CARTESIAN_POINT('',(-21.3550420236,-29.21194349365,
    -4.14058884647));
#7376 = LINE('',#7377,#7378);
#7377 = CARTESIAN_POINT('',(-18.92672992041,-28.87792144873,
    -3.541437743861));
#7378 = VECTOR('',#7379,1.);
#7379 = DIRECTION('',(-0.962339850249,-0.132372903905,-0.237443523674));
#7380 = ORIENTED_EDGE('',*,*,#7381,.T.);
#7381 = EDGE_CURVE('',#7374,#5942,#7382,.T.);
#7382 = LINE('',#7383,#7384);
#7383 = CARTESIAN_POINT('',(-21.25632515286,-29.05798294902,
    -4.456701367325));
#7384 = VECTOR('',#7385,1.);
#7385 = DIRECTION('',(0.270304043702,0.421570877129,-0.865571325493));
#7386 = ORIENTED_EDGE('',*,*,#5951,.F.);
#7387 = ORIENTED_EDGE('',*,*,#5537,.F.);
#7388 = PLANE('',#7389);
#7389 = AXIS2_PLACEMENT_3D('',#7390,#7391,#7392);
#7390 = CARTESIAN_POINT('',(-17.62618742272,-26.67939627619,
    -8.118783988413));
#7391 = DIRECTION('',(-0.215997919085,0.902674018747,0.372188816099));
#7392 = DIRECTION('',(-0.972587062294,-0.232538592606,
    -4.573906463051E-04));
#7393 = ADVANCED_FACE('',(#7394,#7436),#7447,.F.);
#7394 = FACE_BOUND('',#7395,.F.);
#7395 = EDGE_LOOP('',(#7396,#7397,#7398,#7406,#7414,#7422,#7430));
#7396 = ORIENTED_EDGE('',*,*,#5442,.T.);
#7397 = ORIENTED_EDGE('',*,*,#7373,.T.);
#7398 = ORIENTED_EDGE('',*,*,#7399,.F.);
#7399 = EDGE_CURVE('',#7400,#7374,#7402,.T.);
#7400 = VERTEX_POINT('',#7401);
#7401 = CARTESIAN_POINT('',(-22.18433314667,-32.57297493603,
    -1.485021174819));
#7402 = LINE('',#7403,#7404);
#7403 = CARTESIAN_POINT('',(-21.65058134728,-30.4097341471,
    -3.194208676917));
#7404 = VECTOR('',#7405,1.);
#7405 = DIRECTION('',(0.190070983889,0.770338021547,-0.608647971854));
#7406 = ORIENTED_EDGE('',*,*,#7407,.F.);
#7407 = EDGE_CURVE('',#7408,#7400,#7410,.T.);
#7408 = VERTEX_POINT('',#7409);
#7409 = CARTESIAN_POINT('',(-20.9135870446,-34.24078146084,
    0.451629097349));
#7410 = LINE('',#7411,#7412);
#7411 = CARTESIAN_POINT('',(-25.10043502473,-28.74570076122,
    -5.929236653099));
#7412 = VECTOR('',#7413,1.);
#7413 = DIRECTION('',(-0.445205205469,0.584315108537,-0.678504369152));
#7414 = ORIENTED_EDGE('',*,*,#7415,.F.);
#7415 = EDGE_CURVE('',#7416,#7408,#7418,.T.);
#7416 = VERTEX_POINT('',#7417);
#7417 = CARTESIAN_POINT('',(-17.98054402783,-34.24078135701,
    1.530705911478));
#7418 = LINE('',#7419,#7420);
#7419 = CARTESIAN_POINT('',(-15.67443910726,-34.24078127537,
    2.379130000901));
#7420 = VECTOR('',#7421,1.);
#7421 = DIRECTION('',(-0.938500580958,-3.322279904E-08,-0.345277655722)
  );
#7422 = ORIENTED_EDGE('',*,*,#7423,.F.);
#7423 = EDGE_CURVE('',#7424,#7416,#7426,.T.);
#7424 = VERTEX_POINT('',#7425);
#7425 = CARTESIAN_POINT('',(-17.97927432201,-34.23967070414,
    1.530194688263));
#7426 = LINE('',#7427,#7428);
#7427 = CARTESIAN_POINT('',(-15.11391932668,-31.73325174504,
    0.376513287159));
#7428 = VECTOR('',#7429,1.);
#7429 = DIRECTION('',(-0.720325618864,-0.630092184314,0.290025588654));
#7430 = ORIENTED_EDGE('',*,*,#7431,.F.);
#7431 = EDGE_CURVE('',#5435,#7424,#7432,.T.);
#7432 = LINE('',#7433,#7434);
#7433 = CARTESIAN_POINT('',(-13.83449876859,-26.97148373733,
    -3.347332055822));
#7434 = VECTOR('',#7435,1.);
#7435 = DIRECTION('',(-0.427965657992,-0.750471135909,0.503625326753));
#7436 = FACE_BOUND('',#7437,.T.);
#7437 = EDGE_LOOP('',(#7438));
#7438 = ORIENTED_EDGE('',*,*,#7439,.F.);
#7439 = EDGE_CURVE('',#7440,#7440,#7442,.T.);
#7440 = VERTEX_POINT('',#7441);
#7441 = CARTESIAN_POINT('',(-17.79837004192,-31.5257454231,
    -0.793893908402));
#7442 = ELLIPSE('',#7443,2.225084862488,1.7);
#7443 = AXIS2_PLACEMENT_3D('',#7444,#7445,#7446);
#7444 = CARTESIAN_POINT('',(-19.158913144,-30.83917316953,
    -1.899230656416));
#7445 = DIRECTION('',(0.266114866251,-0.63716539211,-0.723327824059));
#7446 = DIRECTION('',(-5.350825134759E-03,0.749397749061,-0.662098468789
    ));
#7447 = PLANE('',#7448);
#7448 = AXIS2_PLACEMENT_3D('',#7449,#7450,#7451);
#7449 = CARTESIAN_POINT('',(-19.38997495731,-29.27563216254,
    -3.361531935531));
#7450 = DIRECTION('',(-0.266114866251,0.63716539211,0.723327824059));
#7451 = DIRECTION('',(-0.18242762902,-0.770114976754,0.611263513347));
#7452 = ADVANCED_FACE('',(#7453),#7479,.T.);
#7453 = FACE_BOUND('',#7454,.T.);
#7454 = EDGE_LOOP('',(#7455,#7463,#7464,#7465,#7473));
#7455 = ORIENTED_EDGE('',*,*,#7456,.F.);
#7456 = EDGE_CURVE('',#7424,#7457,#7459,.T.);
#7457 = VERTEX_POINT('',#7458);
#7458 = CARTESIAN_POINT('',(-18.58399891802,-34.23967072555,
    3.986116155634));
#7459 = LINE('',#7460,#7461);
#7460 = CARTESIAN_POINT('',(-14.94456330207,-34.23967059671,
    -10.7944436518));
#7461 = VECTOR('',#7462,1.);
#7462 = DIRECTION('',(-0.239089905319,-8.46374225E-09,0.970997434175));
#7463 = ORIENTED_EDGE('',*,*,#7431,.F.);
#7464 = ORIENTED_EDGE('',*,*,#5434,.F.);
#7465 = ORIENTED_EDGE('',*,*,#7466,.F.);
#7466 = EDGE_CURVE('',#7467,#5427,#7469,.T.);
#7467 = VERTEX_POINT('',#7468);
#7468 = CARTESIAN_POINT('',(-18.58218502109,-34.22824754099,
    3.997539340123));
#7469 = LINE('',#7470,#7471);
#7470 = CARTESIAN_POINT('',(-14.26930349823,-23.57973751785,
    3.997539340123));
#7471 = VECTOR('',#7472,1.);
#7472 = DIRECTION('',(0.375399937368,0.926862927851,-1.5E-16));
#7473 = ORIENTED_EDGE('',*,*,#7474,.F.);
#7474 = EDGE_CURVE('',#7457,#7467,#7475,.T.);
#7475 = LINE('',#7476,#7477);
#7476 = CARTESIAN_POINT('',(-18.84454063462,-35.88045641379,
    2.345330476609));
#7477 = VECTOR('',#7478,1.);
#7478 = DIRECTION('',(0.111580909033,0.70269115061,0.70269114666));
#7479 = PLANE('',#7480);
#7480 = AXIS2_PLACEMENT_3D('',#7481,#7482,#7483);
#7481 = CARTESIAN_POINT('',(-12.22593070223,-28.52568866354,
    -12.43657418042));
#7482 = DIRECTION('',(0.903628629552,-0.365989533884,0.222501597617));
#7483 = DIRECTION('',(-0.239089905319,-8.463570913553E-09,0.970997434175
    ));
#7484 = ADVANCED_FACE('',(#7485),#7511,.T.);
#7485 = FACE_BOUND('',#7486,.T.);
#7486 = EDGE_LOOP('',(#7487,#7488,#7489,#7497,#7505));
#7487 = ORIENTED_EDGE('',*,*,#7466,.T.);
#7488 = ORIENTED_EDGE('',*,*,#5426,.T.);
#7489 = ORIENTED_EDGE('',*,*,#7490,.T.);
#7490 = EDGE_CURVE('',#5419,#7491,#7493,.T.);
#7491 = VERTEX_POINT('',#7492);
#7492 = CARTESIAN_POINT('',(-17.6870437629,-30.38987703854,4.48500550281
    ));
#7493 = LINE('',#7494,#7495);
#7494 = CARTESIAN_POINT('',(-17.07684182092,-30.50396608476,
    3.999810765571));
#7495 = VECTOR('',#7496,1.);
#7496 = DIRECTION('',(-0.774472315155,0.144802567271,0.615812349316));
#7497 = ORIENTED_EDGE('',*,*,#7498,.T.);
#7498 = EDGE_CURVE('',#7491,#7499,#7501,.T.);
#7499 = VERTEX_POINT('',#7500);
#7500 = CARTESIAN_POINT('',(-19.04423396613,-33.74078139466,
    4.485005502809));
#7501 = LINE('',#7502,#7503);
#7502 = CARTESIAN_POINT('',(-14.83584920326,-23.35027400626,
    4.485005502809));
#7503 = VECTOR('',#7504,1.);
#7504 = DIRECTION('',(-0.375399937368,-0.926862927851,1.5E-16));
#7505 = ORIENTED_EDGE('',*,*,#7506,.T.);
#7506 = EDGE_CURVE('',#7499,#7467,#7507,.T.);
#7507 = LINE('',#7508,#7509);
#7508 = CARTESIAN_POINT('',(-17.34114895791,-35.53755269941,
    2.688234137776));
#7509 = VECTOR('',#7510,1.);
#7510 = DIRECTION('',(0.556751858889,-0.587378644688,-0.587378664397));
#7511 = PLANE('',#7512);
#7512 = AXIS2_PLACEMENT_3D('',#7513,#7514,#7515);
#7513 = CARTESIAN_POINT('',(-14.55257635074,-23.46500576206,
    4.241272421466));
#7514 = DIRECTION('',(0.57789676941,-0.234060943127,0.781825299417));
#7515 = DIRECTION('',(0.375399937368,0.926862927851,-5.892508703198E-14)
  );
#7516 = ADVANCED_FACE('',(#7517),#7536,.T.);
#7517 = FACE_BOUND('',#7518,.T.);
#7518 = EDGE_LOOP('',(#7519,#7527,#7528,#7529,#7530));
#7519 = ORIENTED_EDGE('',*,*,#7520,.T.);
#7520 = EDGE_CURVE('',#7521,#7491,#7523,.T.);
#7521 = VERTEX_POINT('',#7522);
#7522 = CARTESIAN_POINT('',(-16.68241433136,-25.10924728541,
    4.485005502809));
#7523 = LINE('',#7524,#7525);
#7524 = CARTESIAN_POINT('',(-15.49913298345,-18.88957016279,
    4.485005502809));
#7525 = VECTOR('',#7526,1.);
#7526 = DIRECTION('',(-0.186895814767,-0.982379740438,9.2E-15));
#7527 = ORIENTED_EDGE('',*,*,#7490,.F.);
#7528 = ORIENTED_EDGE('',*,*,#5418,.T.);
#7529 = ORIENTED_EDGE('',*,*,#7341,.T.);
#7530 = ORIENTED_EDGE('',*,*,#7531,.F.);
#7531 = EDGE_CURVE('',#7521,#7332,#7532,.T.);
#7532 = LINE('',#7533,#7534);
#7533 = CARTESIAN_POINT('',(-16.68241433136,-25.10924728541,
    4.485005502809));
#7534 = VECTOR('',#7535,1.);
#7535 = DIRECTION('',(0.651764317779,0.639994229648,-0.406952896643));
#7536 = PLANE('',#7537);
#7537 = AXIS2_PLACEMENT_3D('',#7538,#7539,#7540);
#7538 = CARTESIAN_POINT('',(-15.19421567699,-18.94758008104,
    4.24240813419));
#7539 = DIRECTION('',(0.604963458122,-0.115093108862,0.787891357123));
#7540 = DIRECTION('',(0.186895814767,0.982379740438,3.668593206996E-13)
  );
#7541 = ADVANCED_FACE('',(#7542),#7575,.T.);
#7542 = FACE_BOUND('',#7543,.T.);
#7543 = EDGE_LOOP('',(#7544,#7554,#7560,#7561,#7569));
#7544 = ORIENTED_EDGE('',*,*,#7545,.T.);
#7545 = EDGE_CURVE('',#7546,#7548,#7550,.T.);
#7546 = VERTEX_POINT('',#7547);
#7547 = CARTESIAN_POINT('',(13.934263556248,7.923472258649,
    3.992202801775));
#7548 = VERTEX_POINT('',#7549);
#7549 = CARTESIAN_POINT('',(10.623952059494,4.709168061314,
    3.992202801775));
#7550 = LINE('',#7551,#7552);
#7551 = CARTESIAN_POINT('',(-81.5750749746,-84.81585696332,
    3.992202801779));
#7552 = VECTOR('',#7553,1.);
#7553 = DIRECTION('',(-0.717433929844,-0.69662655441,2.986E-14));
#7554 = ORIENTED_EDGE('',*,*,#7555,.F.);
#7555 = EDGE_CURVE('',#5573,#7548,#7556,.T.);
#7556 = LINE('',#7557,#7558);
#7557 = CARTESIAN_POINT('',(10.955518054499,4.216365372022,
    4.485005502809));
#7558 = VECTOR('',#7559,1.);
#7559 = DIRECTION('',(-0.429611830736,0.638527076744,-0.638527091952));
#7560 = ORIENTED_EDGE('',*,*,#5572,.T.);
#7561 = ORIENTED_EDGE('',*,*,#7562,.F.);
#7562 = EDGE_CURVE('',#7563,#5575,#7565,.T.);
#7563 = VERTEX_POINT('',#7564);
#7564 = CARTESIAN_POINT('',(13.936062025663,7.913142865562,
    3.999506785722));
#7565 = LINE('',#7566,#7567);
#7566 = CARTESIAN_POINT('',(13.936062025663,7.913142865562,
    3.999506785722));
#7567 = VECTOR('',#7568,1.);
#7568 = DIRECTION('',(0.762615087104,-0.247539733237,0.597613846384));
#7569 = ORIENTED_EDGE('',*,*,#7570,.T.);
#7570 = EDGE_CURVE('',#7563,#7546,#7571,.T.);
#7571 = LINE('',#7572,#7573);
#7572 = CARTESIAN_POINT('',(17.766821973341,-14.0885798561,
    19.557074215884));
#7573 = VECTOR('',#7574,1.);
#7574 = DIRECTION('',(-0.140746577499,0.808368891408,-0.571603128338));
#7575 = PLANE('',#7576);
#7576 = AXIS2_PLACEMENT_3D('',#7577,#7578,#7579);
#7577 = CARTESIAN_POINT('',(-81.3714750501,-85.02553816628,
    4.238604152296));
#7578 = DIRECTION('',(-0.449023750538,0.4624355358,0.764546301202));
#7579 = DIRECTION('',(-0.717433929843,-0.69662655441,-6.110112416025E-13
    ));
#7580 = ADVANCED_FACE('',(#7581),#7606,.T.);
#7581 = FACE_BOUND('',#7582,.T.);
#7582 = EDGE_LOOP('',(#7583,#7584,#7592,#7598,#7599,#7600));
#7583 = ORIENTED_EDGE('',*,*,#6437,.F.);
#7584 = ORIENTED_EDGE('',*,*,#7585,.F.);
#7585 = EDGE_CURVE('',#7586,#6430,#7588,.T.);
#7586 = VERTEX_POINT('',#7587);
#7587 = CARTESIAN_POINT('',(-10.6239523929,4.709167309141,3.992202801775
    ));
#7588 = LINE('',#7589,#7590);
#7589 = CARTESIAN_POINT('',(-141.4240840145,171.6232138194,
    -162.9218483386));
#7590 = VECTOR('',#7591,1.);
#7591 = DIRECTION('',(-0.48468010264,0.618500273598,-0.618500290755));
#7592 = ORIENTED_EDGE('',*,*,#7593,.F.);
#7593 = EDGE_CURVE('',#5583,#7586,#7594,.T.);
#7594 = LINE('',#7595,#7596);
#7595 = CARTESIAN_POINT('',(-10.95551835302,4.216364596374,
    4.485005502809));
#7596 = VECTOR('',#7597,1.);
#7597 = DIRECTION('',(0.429611785528,0.63852710716,-0.638527091952));
#7598 = ORIENTED_EDGE('',*,*,#5582,.T.);
#7599 = ORIENTED_EDGE('',*,*,#7555,.T.);
#7600 = ORIENTED_EDGE('',*,*,#7601,.T.);
#7601 = EDGE_CURVE('',#7548,#6438,#7602,.T.);
#7602 = LINE('',#7603,#7604);
#7603 = CARTESIAN_POINT('',(141.42407186358,171.62322383219,
    -162.9218483386));
#7604 = VECTOR('',#7605,1.);
#7605 = DIRECTION('',(0.48468005885,0.618500307914,-0.618500290755));
#7606 = PLANE('',#7607);
#7607 = AXIS2_PLACEMENT_3D('',#7608,#7609,#7610);
#7608 = CARTESIAN_POINT('',(-336.8454662687,4.4663530599,4.235005502818)
  );
#7609 = DIRECTION('',(-2.503147843E-08,0.707106781186,0.707106781187));
#7610 = DIRECTION('',(-1.,-3.539984684099E-08,-9.440990302977E-15));
#7611 = ADVANCED_FACE('',(#7612),#7638,.F.);
#7612 = FACE_BOUND('',#7613,.T.);
#7613 = EDGE_LOOP('',(#7614,#7615,#7616,#7624,#7632));
#7614 = ORIENTED_EDGE('',*,*,#5590,.F.);
#7615 = ORIENTED_EDGE('',*,*,#7593,.T.);
#7616 = ORIENTED_EDGE('',*,*,#7617,.F.);
#7617 = EDGE_CURVE('',#7618,#7586,#7620,.T.);
#7618 = VERTEX_POINT('',#7619);
#7619 = CARTESIAN_POINT('',(-13.93426411723,7.923471272106,
    3.992202801775));
#7620 = LINE('',#7621,#7622);
#7621 = CARTESIAN_POINT('',(81.575080979538,-84.81585118782,
    3.99220280178));
#7622 = VECTOR('',#7623,1.);
#7623 = DIRECTION('',(0.717433979165,-0.696626503616,4.311E-14));
#7624 = ORIENTED_EDGE('',*,*,#7625,.F.);
#7625 = EDGE_CURVE('',#7626,#7618,#7628,.T.);
#7626 = VERTEX_POINT('',#7627);
#7627 = CARTESIAN_POINT('',(-13.93606258591,7.913141878883,
    3.999506785721));
#7628 = LINE('',#7629,#7630);
#7629 = CARTESIAN_POINT('',(-17.76682097588,-14.08858111399,
    19.557074215884));
#7630 = VECTOR('',#7631,1.);
#7631 = DIRECTION('',(0.140746520267,0.808368901373,-0.571603128338));
#7632 = ORIENTED_EDGE('',*,*,#7633,.T.);
#7633 = EDGE_CURVE('',#7626,#5591,#7634,.T.);
#7634 = LINE('',#7635,#7636);
#7635 = CARTESIAN_POINT('',(-13.93606258591,7.913141878883,
    3.999506785721));
#7636 = VECTOR('',#7637,1.);
#7637 = DIRECTION('',(-0.762615069579,-0.24753978723,0.597613846384));
#7638 = PLANE('',#7639);
#7639 = AXIS2_PLACEMENT_3D('',#7640,#7641,#7642);
#7640 = CARTESIAN_POINT('',(81.371481069881,-85.0255324052,
    4.238604152297));
#7641 = DIRECTION('',(-0.449023717798,-0.462435567591,-0.764546301202));
#7642 = DIRECTION('',(0.717433979164,-0.696626503616,-6.054601264793E-13
    ));
#7643 = ADVANCED_FACE('',(#7644),#7670,.F.);
#7644 = FACE_BOUND('',#7645,.T.);
#7645 = EDGE_LOOP('',(#7646,#7656,#7662,#7663,#7664));
#7646 = ORIENTED_EDGE('',*,*,#7647,.F.);
#7647 = EDGE_CURVE('',#7648,#7650,#7652,.T.);
#7648 = VERTEX_POINT('',#7649);
#7649 = CARTESIAN_POINT('',(-14.24583518777,11.459113838437,
    4.242256144265));
#7650 = VERTEX_POINT('',#7651);
#7651 = CARTESIAN_POINT('',(-13.93606270284,11.216364490863,
    3.999506785721));
#7652 = LINE('',#7653,#7654);
#7653 = CARTESIAN_POINT('',(-9.924615283939,8.072843709707,0.85598586257
    ));
#7654 = VECTOR('',#7655,1.);
#7655 = DIRECTION('',(0.669923618215,-0.524977295156,-0.524977318871));
#7656 = ORIENTED_EDGE('',*,*,#7657,.F.);
#7657 = EDGE_CURVE('',#5599,#7648,#7658,.T.);
#7658 = LINE('',#7659,#7660);
#7659 = CARTESIAN_POINT('',(-14.5556076555,11.216364468931,
    4.485005502809));
#7660 = VECTOR('',#7661,1.);
#7661 = DIRECTION('',(0.669923581047,0.524977342586,-0.524977318871));
#7662 = ORIENTED_EDGE('',*,*,#5598,.F.);
#7663 = ORIENTED_EDGE('',*,*,#7633,.F.);
#7664 = ORIENTED_EDGE('',*,*,#7665,.F.);
#7665 = EDGE_CURVE('',#7650,#7626,#7666,.T.);
#7666 = LINE('',#7667,#7668);
#7667 = CARTESIAN_POINT('',(-13.93606241964,3.216364490863,
    3.999506785721));
#7668 = VECTOR('',#7669,1.);
#7669 = DIRECTION('',(3.539990158E-08,-1.,1.796E-14));
#7670 = PLANE('',#7671);
#7671 = AXIS2_PLACEMENT_3D('',#7672,#7673,#7674);
#7672 = CARTESIAN_POINT('',(-14.24583489597,3.216364479897,
    4.242256144265));
#7673 = DIRECTION('',(-0.616810381998,-2.183504095E-08,-0.787111779012)
  );
#7674 = DIRECTION('',(3.539990402833E-08,-1.,1.603786670565E-14));
#7675 = ADVANCED_FACE('',(#7676),#7701,.F.);
#7676 = FACE_BOUND('',#7677,.T.);
#7677 = EDGE_LOOP('',(#7678,#7686,#7692,#7693,#7699,#7700));
#7678 = ORIENTED_EDGE('',*,*,#7679,.F.);
#7679 = EDGE_CURVE('',#7680,#7648,#7682,.T.);
#7680 = VERTEX_POINT('',#7681);
#7681 = CARTESIAN_POINT('',(-14.44742647102,11.71636447276,
    3.985005502809));
#7682 = LINE('',#7683,#7684);
#7683 = CARTESIAN_POINT('',(-15.08391419815,12.528586454279,
    3.172783498753));
#7684 = VECTOR('',#7685,1.);
#7685 = DIRECTION('',(0.48468010264,-0.618500273597,0.618500290756));
#7686 = ORIENTED_EDGE('',*,*,#7687,.F.);
#7687 = EDGE_CURVE('',#158,#7680,#7688,.T.);
#7688 = LINE('',#7689,#7690);
#7689 = CARTESIAN_POINT('',(-8.535089651105,11.716364682056,
    3.985005502809));
#7690 = VECTOR('',#7691,1.);
#7691 = DIRECTION('',(1.,3.539990158E-08,4.286E-14));
#7692 = ORIENTED_EDGE('',*,*,#157,.F.);
#7693 = ORIENTED_EDGE('',*,*,#7694,.F.);
#7694 = EDGE_CURVE('',#5607,#150,#7695,.T.);
#7695 = LINE('',#7696,#7697);
#7696 = CARTESIAN_POINT('',(-21.1242919557,11.21636423639,4.485005502808
    ));
#7697 = VECTOR('',#7698,1.);
#7698 = DIRECTION('',(-8.570805778131E-02,0.704504834815,-0.704504837849
    ));
#7699 = ORIENTED_EDGE('',*,*,#5606,.F.);
#7700 = ORIENTED_EDGE('',*,*,#7657,.T.);
#7701 = PLANE('',#7702);
#7702 = AXIS2_PLACEMENT_3D('',#7703,#7704,#7705);
#7703 = CARTESIAN_POINT('',(-8.535089642255,11.466364682056,
    4.235005502809));
#7704 = DIRECTION('',(2.503154077E-08,-0.707106781187,-0.707106781187));
#7705 = DIRECTION('',(1.,3.539993500201E-08,9.442014524629E-15));
#7706 = ADVANCED_FACE('',(#7707),#7713,.F.);
#7707 = FACE_BOUND('',#7708,.T.);
#7708 = EDGE_LOOP('',(#7709,#7710,#7711,#7712));
#7709 = ORIENTED_EDGE('',*,*,#5685,.T.);
#7710 = ORIENTED_EDGE('',*,*,#5614,.F.);
#7711 = ORIENTED_EDGE('',*,*,#7694,.T.);
#7712 = ORIENTED_EDGE('',*,*,#149,.F.);
#7713 = PLANE('',#7714);
#7714 = AXIS2_PLACEMENT_3D('',#7715,#7716,#7717);
#7715 = CARTESIAN_POINT('',(-18.00182003853,14.469647413615,
    4.240622091123));
#7716 = DIRECTION('',(0.537235060825,-0.562821646752,-0.628180136082));
#7717 = DIRECTION('',(0.723357973047,0.690473202108,-1.222355550112E-13)
  );
#7718 = ADVANCED_FACE('',(#7719),#7738,.T.);
#7719 = FACE_BOUND('',#7720,.T.);
#7720 = EDGE_LOOP('',(#7721,#7729,#7735,#7736,#7737));
#7721 = ORIENTED_EDGE('',*,*,#7722,.T.);
#7722 = EDGE_CURVE('',#6696,#7723,#7725,.T.);
#7723 = VERTEX_POINT('',#7724);
#7724 = CARTESIAN_POINT('',(13.93606190873,11.216365477532,
    3.999506785722));
#7725 = LINE('',#7726,#7727);
#7726 = CARTESIAN_POINT('',(9.924614712381,8.072844412368,0.855985862571
    ));
#7727 = VECTOR('',#7728,1.);
#7728 = DIRECTION('',(-0.669923581047,-0.524977342586,-0.524977318871));
#7729 = ORIENTED_EDGE('',*,*,#7730,.T.);
#7730 = EDGE_CURVE('',#7723,#7563,#7731,.T.);
#7731 = LINE('',#7732,#7733);
#7732 = CARTESIAN_POINT('',(13.936062191929,3.216365477532,
    3.999506785722));
#7733 = VECTOR('',#7734,1.);
#7734 = DIRECTION('',(3.539988022E-08,-1.,1.796E-14));
#7735 = ORIENTED_EDGE('',*,*,#7562,.T.);
#7736 = ORIENTED_EDGE('',*,*,#5648,.T.);
#7737 = ORIENTED_EDGE('',*,*,#6703,.T.);
#7738 = PLANE('',#7739);
#7739 = AXIS2_PLACEMENT_3D('',#7740,#7741,#7742);
#7740 = CARTESIAN_POINT('',(14.245834668259,3.216365488498,
    4.242256144265));
#7741 = DIRECTION('',(-0.616810381998,-2.183499951E-08,0.787111779012));
#7742 = DIRECTION('',(3.539987777945E-08,-1.,1.604070200948E-14));
#7743 = ADVANCED_FACE('',(#7744),#7763,.F.);
#7744 = FACE_BOUND('',#7745,.F.);
#7745 = EDGE_LOOP('',(#7746,#7754,#7755,#7756));
#7746 = ORIENTED_EDGE('',*,*,#7747,.T.);
#7747 = EDGE_CURVE('',#7748,#5657,#7750,.T.);
#7748 = VERTEX_POINT('',#7749);
#7749 = CARTESIAN_POINT('',(-14.36629459552,6.702900339553,
    -5.854601869263));
#7750 = LINE('',#7751,#7752);
#7751 = CARTESIAN_POINT('',(-16.10861419338,6.526398456675,
    -1.05912702613));
#7752 = VECTOR('',#7753,1.);
#7753 = DIRECTION('',(-0.341281076615,-3.457273435124E-02,0.939325264636
    ));
#7754 = ORIENTED_EDGE('',*,*,#5656,.T.);
#7755 = ORIENTED_EDGE('',*,*,#7747,.F.);
#7756 = ORIENTED_EDGE('',*,*,#7757,.T.);
#7757 = EDGE_CURVE('',#7748,#7748,#7758,.T.);
#7758 = ELLIPSE('',#7759,1.860055073746,1.7);
#7759 = AXIS2_PLACEMENT_3D('',#7760,#7761,#7762);
#7760 = CARTESIAN_POINT('',(-15.59221238312,7.416046843275,
    -7.031563978258));
#7761 = DIRECTION('',(-0.692556648882,-2.451642428652E-08,0.721363492345
    ));
#7762 = DIRECTION('',(-0.718741047279,8.519148130739E-02,-0.690038925329
    ));
#7763 = CYLINDRICAL_SURFACE('',#7764,1.7);
#7764 = AXIS2_PLACEMENT_3D('',#7765,#7766,#7767);
#7765 = CARTESIAN_POINT('',(-17.57746374404,7.214935288538,
    -1.567455688234));
#7766 = DIRECTION('',(0.341281076615,3.457273435124E-02,-0.939325264636)
  );
#7767 = DIRECTION('',(-0.864029147443,0.405021665802,-0.299016860061));
#7768 = ADVANCED_FACE('',(#7769),#7780,.F.);
#7769 = FACE_BOUND('',#7770,.F.);
#7770 = EDGE_LOOP('',(#7771,#7777,#7778,#7779));
#7771 = ORIENTED_EDGE('',*,*,#7772,.T.);
#7772 = EDGE_CURVE('',#6605,#5668,#7773,.T.);
#7773 = LINE('',#7774,#7775);
#7774 = CARTESIAN_POINT('',(16.108613731314,6.52639959716,-1.05912702613
    ));
#7775 = VECTOR('',#7776,1.);
#7776 = DIRECTION('',(0.341281079063,-3.457271018862E-02,0.939325264636)
  );
#7777 = ORIENTED_EDGE('',*,*,#5667,.F.);
#7778 = ORIENTED_EDGE('',*,*,#7772,.F.);
#7779 = ORIENTED_EDGE('',*,*,#6604,.T.);
#7780 = CYLINDRICAL_SURFACE('',#7781,1.7);
#7781 = AXIS2_PLACEMENT_3D('',#7782,#7783,#7784);
#7782 = CARTESIAN_POINT('',(17.57746323322,7.214936533018,
    -1.567455688234));
#7783 = DIRECTION('',(0.341281079063,-3.457271018862E-02,0.939325264636)
  );
#7784 = DIRECTION('',(0.864029118767,0.405021726975,-0.299016860061));
#7785 = ADVANCED_FACE('',(#7786),#7793,.F.);
#7786 = FACE_BOUND('',#7787,.T.);
#7787 = EDGE_LOOP('',(#7788,#7789,#7790,#7791,#7792));
#7788 = ORIENTED_EDGE('',*,*,#5719,.F.);
#7789 = ORIENTED_EDGE('',*,*,#6042,.F.);
#7790 = ORIENTED_EDGE('',*,*,#6064,.F.);
#7791 = ORIENTED_EDGE('',*,*,#5758,.T.);
#7792 = ORIENTED_EDGE('',*,*,#6019,.F.);
#7793 = PLANE('',#7794);
#7794 = AXIS2_PLACEMENT_3D('',#7795,#7796,#7797);
#7795 = CARTESIAN_POINT('',(-21.71947796494,4.306781423831,
    -3.198638423304));
#7796 = DIRECTION('',(-0.954538663976,-3.379059034E-08,-0.298087133191)
  );
#7797 = DIRECTION('',(-3.539991191682E-08,1.,-1.91690073237E-14));
#7798 = ADVANCED_FACE('',(#7799),#7833,.F.);
#7799 = FACE_BOUND('',#7800,.T.);
#7800 = EDGE_LOOP('',(#7801,#7811,#7819,#7825,#7826,#7827));
#7801 = ORIENTED_EDGE('',*,*,#7802,.T.);
#7802 = EDGE_CURVE('',#7803,#7805,#7807,.T.);
#7803 = VERTEX_POINT('',#7804);
#7804 = CARTESIAN_POINT('',(-23.8996334725,-26.92472618031,
    4.007736170821));
#7805 = VERTEX_POINT('',#7806);
#7806 = CARTESIAN_POINT('',(-23.84517368019,-26.33249465273,
    4.081796641654));
#7807 = LINE('',#7808,#7809);
#7808 = CARTESIAN_POINT('',(-7.862684951184,147.47157829666,
    25.81655893588));
#7809 = VECTOR('',#7810,1.);
#7810 = DIRECTION('',(9.086873116832E-02,0.988166226711,0.123573387437)
  );
#7811 = ORIENTED_EDGE('',*,*,#7812,.F.);
#7812 = EDGE_CURVE('',#7813,#7805,#7815,.T.);
#7813 = VERTEX_POINT('',#7814);
#7814 = CARTESIAN_POINT('',(-23.34413000582,-25.98015644571,
    2.477347746754));
#7815 = LINE('',#7816,#7817);
#7816 = CARTESIAN_POINT('',(15.368320706944,1.242770757764,
    -121.4881904733));
#7817 = VECTOR('',#7818,1.);
#7818 = DIRECTION('',(-0.291746438245,-0.205158596369,0.934234427811));
#7819 = ORIENTED_EDGE('',*,*,#7820,.F.);
#7820 = EDGE_CURVE('',#5850,#7813,#7821,.T.);
#7821 = LINE('',#7822,#7823);
#7822 = CARTESIAN_POINT('',(34.796912491009,119.1063210478,
    -136.9660955601));
#7823 = VECTOR('',#7824,1.);
#7824 = DIRECTION('',(-0.27757128988,-0.692657698806,0.665717275815));
#7825 = ORIENTED_EDGE('',*,*,#5849,.T.);
#7826 = ORIENTED_EDGE('',*,*,#5966,.F.);
#7827 = ORIENTED_EDGE('',*,*,#7828,.T.);
#7828 = EDGE_CURVE('',#5944,#7803,#7829,.T.);
#7829 = LINE('',#7830,#7831);
#7830 = CARTESIAN_POINT('',(-4.36152697843,-13.18537229825,
    -58.55745520155));
#7831 = VECTOR('',#7832,1.);
#7832 = DIRECTION('',(-0.291746438245,-0.205158596369,0.934234427811));
#7833 = PLANE('',#7834);
#7834 = AXIS2_PLACEMENT_3D('',#7835,#7836,#7837);
#7835 = CARTESIAN_POINT('',(34.962411320301,329.05529527506,
    -43.38138839361));
#7836 = DIRECTION('',(0.95473274616,-0.121735555021,0.271414513342));
#7837 = DIRECTION('',(0.157348098869,0.981000333739,-0.113489739563));
#7838 = ADVANCED_FACE('',(#7839),#7850,.T.);
#7839 = FACE_BOUND('',#7840,.T.);
#7840 = EDGE_LOOP('',(#7841,#7842,#7848,#7849));
#7841 = ORIENTED_EDGE('',*,*,#7820,.T.);
#7842 = ORIENTED_EDGE('',*,*,#7843,.T.);
#7843 = EDGE_CURVE('',#7813,#7351,#7844,.T.);
#7844 = LINE('',#7845,#7846);
#7845 = CARTESIAN_POINT('',(191.04914473542,118.53712275291,
    -70.23220384428));
#7846 = VECTOR('',#7847,1.);
#7847 = DIRECTION('',(0.798240811526,0.538074668463,-0.270716194516));
#7848 = ORIENTED_EDGE('',*,*,#7350,.T.);
#7849 = ORIENTED_EDGE('',*,*,#5859,.F.);
#7850 = PLANE('',#7851);
#7851 = AXIS2_PLACEMENT_3D('',#7852,#7853,#7854);
#7852 = CARTESIAN_POINT('',(141.5172049834,61.859552631979,
    -27.10289718573));
#7853 = DIRECTION('',(-0.269832322955,0.721261930668,0.6379433712));
#7854 = DIRECTION('',(-0.889898539166,-0.43984753142,0.120891435159));
#7855 = ADVANCED_FACE('',(#7856),#7884,.T.);
#7856 = FACE_BOUND('',#7857,.T.);
#7857 = EDGE_LOOP('',(#7858,#7859,#7860,#7868,#7876,#7882,#7883));
#7858 = ORIENTED_EDGE('',*,*,#7381,.F.);
#7859 = ORIENTED_EDGE('',*,*,#7399,.F.);
#7860 = ORIENTED_EDGE('',*,*,#7861,.T.);
#7861 = EDGE_CURVE('',#7400,#7862,#7864,.T.);
#7862 = VERTEX_POINT('',#7863);
#7863 = CARTESIAN_POINT('',(-23.89427630981,-32.0411447458,
    3.990581971717));
#7864 = LINE('',#7865,#7866);
#7865 = CARTESIAN_POINT('',(-21.48258531891,-32.79123405059,
    -3.732167569267));
#7866 = VECTOR('',#7867,1.);
#7867 = DIRECTION('',(-0.296814238247,9.231580101195E-02,0.950462572044)
  );
#7868 = ORIENTED_EDGE('',*,*,#7869,.F.);
#7869 = EDGE_CURVE('',#7870,#7862,#7872,.T.);
#7870 = VERTEX_POINT('',#7871);
#7871 = CARTESIAN_POINT('',(-23.8996332923,-32.01507328927,
    4.007736170821));
#7872 = LINE('',#7873,#7874);
#7873 = CARTESIAN_POINT('',(-24.10561012121,-31.01262163926,
    4.667317854521));
#7874 = VECTOR('',#7875,1.);
#7875 = DIRECTION('',(0.16917572377,-0.823347384928,-0.541736705622));
#7876 = ORIENTED_EDGE('',*,*,#7877,.F.);
#7877 = EDGE_CURVE('',#7803,#7870,#7878,.T.);
#7878 = LINE('',#7879,#7880);
#7879 = CARTESIAN_POINT('',(-23.89963353211,-25.24078156654,
    4.007736170821));
#7880 = VECTOR('',#7881,1.);
#7881 = DIRECTION('',(3.539990155E-08,-1.,1.752E-14));
#7882 = ORIENTED_EDGE('',*,*,#7828,.F.);
#7883 = ORIENTED_EDGE('',*,*,#5941,.F.);
#7884 = PLANE('',#7885);
#7885 = AXIS2_PLACEMENT_3D('',#7886,#7887,#7888);
#7886 = CARTESIAN_POINT('',(-24.16893966351,-25.24078157608,
    4.870111920199));
#7887 = DIRECTION('',(-0.954538663976,-3.379057996E-08,-0.298087133191)
  );
#7888 = DIRECTION('',(0.298087133191,1.055223881E-08,-0.954538663976));
#7889 = ADVANCED_FACE('',(#7890),#7896,.T.);
#7890 = FACE_BOUND('',#7891,.T.);
#7891 = EDGE_LOOP('',(#7892,#7893,#7894,#7895));
#7892 = ORIENTED_EDGE('',*,*,#6521,.T.);
#7893 = ORIENTED_EDGE('',*,*,#7029,.T.);
#7894 = ORIENTED_EDGE('',*,*,#5981,.T.);
#7895 = ORIENTED_EDGE('',*,*,#47,.F.);
#7896 = PLANE('',#7897);
#7897 = AXIS2_PLACEMENT_3D('',#7898,#7899,#7900);
#7898 = CARTESIAN_POINT('',(-12.57760417756,4.466364538952,
    -12.91897533595));
#7899 = DIRECTION('',(-0.707099803133,0.707106756155,-3.147031691924E-03
    ));
#7900 = DIRECTION('',(4.45057489994E-03,1.575518509059E-10,
    -0.999990096142));
#7901 = ADVANCED_FACE('',(#7902),#7936,.T.);
#7902 = FACE_BOUND('',#7903,.T.);
#7903 = EDGE_LOOP('',(#7904,#7914,#7920,#7921,#7922,#7930));
#7904 = ORIENTED_EDGE('',*,*,#7905,.F.);
#7905 = EDGE_CURVE('',#7906,#7908,#7910,.T.);
#7906 = VERTEX_POINT('',#7907);
#7907 = CARTESIAN_POINT('',(-12.41653856529,11.216364544644,
    -3.982707009853));
#7908 = VERTEX_POINT('',#7909);
#7909 = CARTESIAN_POINT('',(-12.2959701762,11.432870899862,
    -3.566818489088));
#7910 = LINE('',#7911,#7912);
#7911 = CARTESIAN_POINT('',(-13.02056440381,10.131706835131,
    -6.066233333596));
#7912 = VECTOR('',#7913,1.);
#7913 = DIRECTION('',(0.249044993618,0.447213604316,0.85905563456));
#7914 = ORIENTED_EDGE('',*,*,#7915,.T.);
#7915 = EDGE_CURVE('',#7906,#79,#7916,.T.);
#7916 = LINE('',#7917,#7918);
#7917 = CARTESIAN_POINT('',(-15.52455878222,11.21636443462,
    -6.966611919009));
#7918 = VECTOR('',#7919,1.);
#7919 = DIRECTION('',(-0.721363492345,-2.553620907E-08,-0.692556648882)
  );
#7920 = ORIENTED_EDGE('',*,*,#78,.T.);
#7921 = ORIENTED_EDGE('',*,*,#108,.T.);
#7922 = ORIENTED_EDGE('',*,*,#7923,.T.);
#7923 = EDGE_CURVE('',#109,#7924,#7926,.T.);
#7924 = VERTEX_POINT('',#7925);
#7925 = CARTESIAN_POINT('',(-12.61037486451,11.716364537782,
    -3.47567082307));
#7926 = LINE('',#7927,#7928);
#7927 = CARTESIAN_POINT('',(-15.87083712436,11.716364422362,
    -6.605930172836));
#7928 = VECTOR('',#7929,1.);
#7929 = DIRECTION('',(0.721363492345,2.553620907E-08,0.692556648882));
#7930 = ORIENTED_EDGE('',*,*,#7931,.T.);
#7931 = EDGE_CURVE('',#7924,#7908,#7932,.T.);
#7932 = LINE('',#7933,#7934);
#7933 = CARTESIAN_POINT('',(-12.31730060464,11.452104203257,
    -3.560634679368));
#7934 = VECTOR('',#7935,1.);
#7935 = DIRECTION('',(0.726034547771,-0.654653645006,-0.210481449355));
#7936 = PLANE('',#7937);
#7937 = AXIS2_PLACEMENT_3D('',#7938,#7939,#7940);
#7938 = CARTESIAN_POINT('',(-15.69769795329,11.466364428491,
    -6.786271045923));
#7939 = DIRECTION('',(0.489711477749,0.707106798522,-0.510081017138));
#7940 = DIRECTION('',(0.721363492345,2.553603206668E-08,0.692556648883)
  );
#7941 = ADVANCED_FACE('',(#7942,#7968),#7971,.T.);
#7942 = FACE_BOUND('',#7943,.T.);
#7943 = EDGE_LOOP('',(#7944,#7952,#7953,#7959,#7960,#7961,#7962));
#7944 = ORIENTED_EDGE('',*,*,#7945,.F.);
#7945 = EDGE_CURVE('',#6414,#7946,#7948,.T.);
#7946 = VERTEX_POINT('',#7947);
#7947 = CARTESIAN_POINT('',(-12.41653844064,7.695046199964,
    -3.982707009853));
#7948 = LINE('',#7949,#7950);
#7949 = CARTESIAN_POINT('',(-162.3120067949,187.65047164047,
    -147.8922615351));
#7950 = VECTOR('',#7951,1.);
#7951 = DIRECTION('',(-0.54529956764,0.654653651404,-0.523523617648));
#7952 = ORIENTED_EDGE('',*,*,#6413,.F.);
#7953 = ORIENTED_EDGE('',*,*,#7954,.F.);
#7954 = EDGE_CURVE('',#6530,#6404,#7955,.T.);
#7955 = LINE('',#7956,#7957);
#7956 = CARTESIAN_POINT('',(-13.045633236,4.716364522384,-4.586679710103
    ));
#7957 = VECTOR('',#7958,1.);
#7958 = DIRECTION('',(0.721363492345,2.553619354E-08,0.692556648882));
#7959 = ORIENTED_EDGE('',*,*,#6529,.F.);
#7960 = ORIENTED_EDGE('',*,*,#86,.T.);
#7961 = ORIENTED_EDGE('',*,*,#7915,.F.);
#7962 = ORIENTED_EDGE('',*,*,#7963,.F.);
#7963 = EDGE_CURVE('',#7946,#7906,#7964,.T.);
#7964 = LINE('',#7965,#7966);
#7965 = CARTESIAN_POINT('',(-12.41653839714,6.466364655954,
    -3.982707009853));
#7966 = VECTOR('',#7967,1.);
#7967 = DIRECTION('',(-3.539990158E-08,1.,-1.794E-14));
#7968 = FACE_BOUND('',#7969,.T.);
#7969 = EDGE_LOOP('',(#7970));
#7970 = ORIENTED_EDGE('',*,*,#7757,.T.);
#7971 = PLANE('',#7972);
#7972 = AXIS2_PLACEMENT_3D('',#7973,#7974,#7975);
#7973 = CARTESIAN_POINT('',(-15.69197190476,8.216364651304,
    -7.127339687883));
#7974 = DIRECTION('',(0.692556648882,2.451642428E-08,-0.721363492345));
#7975 = DIRECTION('',(-3.539990004794E-08,1.,-1.645214281745E-14));
#7976 = ADVANCED_FACE('',(#7977),#7988,.F.);
#7977 = FACE_BOUND('',#7978,.T.);
#7978 = EDGE_LOOP('',(#7979,#7980,#7981,#7982));
#7979 = ORIENTED_EDGE('',*,*,#7923,.F.);
#7980 = ORIENTED_EDGE('',*,*,#165,.T.);
#7981 = ORIENTED_EDGE('',*,*,#7687,.T.);
#7982 = ORIENTED_EDGE('',*,*,#7983,.F.);
#7983 = EDGE_CURVE('',#7924,#7680,#7984,.T.);
#7984 = LINE('',#7985,#7986);
#7985 = CARTESIAN_POINT('',(-11.43314386962,11.716364579456,
    -8.256668473056));
#7986 = VECTOR('',#7987,1.);
#7987 = DIRECTION('',(-0.239089905319,-8.46374168E-09,0.970997434175));
#7988 = PLANE('',#7989);
#7989 = AXIS2_PLACEMENT_3D('',#7990,#7991,#7992);
#7990 = CARTESIAN_POINT('',(-17.07017923746,11.716364379905,
    -5.021596973046));
#7991 = DIRECTION('',(3.539990158E-08,-1.,1.796E-14));
#7992 = DIRECTION('',(1.,3.539990158E-08,1.471E-14));
#7993 = ADVANCED_FACE('',(#7994),#8005,.F.);
#7994 = FACE_BOUND('',#7995,.F.);
#7995 = EDGE_LOOP('',(#7996,#8002,#8003,#8004));
#7996 = ORIENTED_EDGE('',*,*,#7997,.T.);
#7997 = EDGE_CURVE('',#6100,#6562,#7998,.T.);
#7998 = LINE('',#7999,#8000);
#7999 = CARTESIAN_POINT('',(2.350000191906,4.466365067387,
    -11.33582979489));
#8000 = VECTOR('',#8001,1.);
#8001 = DIRECTION('',(0.707106756155,0.707106806218,-5.8E-15));
#8002 = ORIENTED_EDGE('',*,*,#6561,.F.);
#8003 = ORIENTED_EDGE('',*,*,#7997,.F.);
#8004 = ORIENTED_EDGE('',*,*,#6107,.F.);
#8005 = CONICAL_SURFACE('',#8006,2.35,0.785398163398);
#8006 = AXIS2_PLACEMENT_3D('',#8007,#8008,#8009);
#8007 = CARTESIAN_POINT('',(1.9190548729E-07,4.466364984198,
    -11.33582979489));
#8008 = DIRECTION('',(-3.539988026E-08,1.,-1.776E-14));
#8009 = DIRECTION('',(-1.,-3.539988026E-08,-9.44E-15));
#8010 = ADVANCED_FACE('',(#8011),#8036,.F.);
#8011 = FACE_BOUND('',#8012,.F.);
#8012 = EDGE_LOOP('',(#8013,#8023,#8029,#8030));
#8013 = ORIENTED_EDGE('',*,*,#8014,.T.);
#8014 = EDGE_CURVE('',#8015,#8017,#8019,.T.);
#8015 = VERTEX_POINT('',#8016);
#8016 = CARTESIAN_POINT('',(-14.44999946737,-5.158636182228,
    -18.51082979489));
#8017 = VERTEX_POINT('',#8018);
#8018 = CARTESIAN_POINT('',(-14.44999979924,4.216364472665,
    -18.51082979489));
#8019 = LINE('',#8020,#8021);
#8020 = CARTESIAN_POINT('',(-14.44999970632,1.591363817772,
    -18.51082979489));
#8021 = VECTOR('',#8022,1.);
#8022 = DIRECTION('',(-3.539987392E-08,1.,1.7E-16));
#8023 = ORIENTED_EDGE('',*,*,#8024,.F.);
#8024 = EDGE_CURVE('',#6124,#8017,#8025,.T.);
#8025 = LINE('',#8026,#8027);
#8026 = CARTESIAN_POINT('',(-12.24999979924,4.216364550545,
    -18.51082979489));
#8027 = VECTOR('',#8028,1.);
#8028 = DIRECTION('',(-1.,-3.539987414E-08,-2.8E-16));
#8029 = ORIENTED_EDGE('',*,*,#6123,.T.);
#8030 = ORIENTED_EDGE('',*,*,#8031,.T.);
#8031 = EDGE_CURVE('',#6126,#8015,#8032,.T.);
#8032 = LINE('',#8033,#8034);
#8033 = CARTESIAN_POINT('',(-12.24999946737,-5.158636104348,
    -18.51082979489));
#8034 = VECTOR('',#8035,1.);
#8035 = DIRECTION('',(-1.,-3.539987414E-08,-2.8E-16));
#8036 = PLANE('',#8037);
#8037 = AXIS2_PLACEMENT_3D('',#8038,#8039,#8040);
#8038 = CARTESIAN_POINT('',(-13.34999964215,-0.22113581584,
    -18.51082979489));
#8039 = DIRECTION('',(1.32E-15,0.,-1.));
#8040 = DIRECTION('',(-1.,0.,-1.32E-15));
#8041 = ADVANCED_FACE('',(#8042),#8058,.F.);
#8042 = FACE_BOUND('',#8043,.F.);
#8043 = EDGE_LOOP('',(#8044,#8050,#8051,#8057));
#8044 = ORIENTED_EDGE('',*,*,#8045,.F.);
#8045 = EDGE_CURVE('',#6134,#6406,#8046,.T.);
#8046 = LINE('',#8047,#8048);
#8047 = CARTESIAN_POINT('',(-13.50873394201,2.957630318658,
    -4.860829794896));
#8048 = VECTOR('',#8049,1.);
#8049 = DIRECTION('',(0.707106756155,0.707106806218,2.9E-16));
#8050 = ORIENTED_EDGE('',*,*,#6133,.T.);
#8051 = ORIENTED_EDGE('',*,*,#8052,.T.);
#8052 = EDGE_CURVE('',#6124,#6546,#8053,.T.);
#8053 = LINE('',#8054,#8055);
#8054 = CARTESIAN_POINT('',(-14.35833305794,2.108031142577,
    -16.40249646156));
#8055 = VECTOR('',#8056,1.);
#8056 = DIRECTION('',(0.577350248751,0.577350289628,-0.57735026919));
#8057 = ORIENTED_EDGE('',*,*,#6553,.F.);
#8058 = PLANE('',#8059);
#8059 = AXIS2_PLACEMENT_3D('',#8060,#8061,#8062);
#8060 = CARTESIAN_POINT('',(-11.99999980809,4.466364559394,
    -4.860829794896));
#8061 = DIRECTION('',(0.707106806218,-0.707106756155,-2.141E-14));
#8062 = DIRECTION('',(-1.491915619296E-14,1.535915619302E-14,-1.));
#8063 = ADVANCED_FACE('',(#8064),#8082,.T.);
#8064 = FACE_BOUND('',#8065,.T.);
#8065 = EDGE_LOOP('',(#8066,#8067,#8075,#8081));
#8066 = ORIENTED_EDGE('',*,*,#8031,.T.);
#8067 = ORIENTED_EDGE('',*,*,#8068,.T.);
#8068 = EDGE_CURVE('',#8015,#8069,#8071,.T.);
#8069 = VERTEX_POINT('',#8070);
#8070 = CARTESIAN_POINT('',(-14.44999946737,-5.158636182228,
    -12.16082979489));
#8071 = LINE('',#8072,#8073);
#8072 = CARTESIAN_POINT('',(-14.44999946737,-5.158636182228,
    -18.51082979489));
#8073 = VECTOR('',#8074,1.);
#8074 = DIRECTION('',(0.,0.,1.));
#8075 = ORIENTED_EDGE('',*,*,#8076,.F.);
#8076 = EDGE_CURVE('',#6166,#8069,#8077,.T.);
#8077 = LINE('',#8078,#8079);
#8078 = CARTESIAN_POINT('',(-12.24999946737,-5.158636104348,
    -12.16082979489));
#8079 = VECTOR('',#8080,1.);
#8080 = DIRECTION('',(-1.,-3.539987414E-08,-2.8E-16));
#8081 = ORIENTED_EDGE('',*,*,#6173,.F.);
#8082 = PLANE('',#8083);
#8083 = AXIS2_PLACEMENT_3D('',#8084,#8085,#8086);
#8084 = CARTESIAN_POINT('',(-12.24999946737,-5.158636104348,
    -18.51082979489));
#8085 = DIRECTION('',(-3.539987414E-08,1.,1.7E-16));
#8086 = DIRECTION('',(-2.8E-16,-1.70000009912E-16,1.));
#8087 = ADVANCED_FACE('',(#8088),#8115,.F.);
#8088 = FACE_BOUND('',#8089,.F.);
#8089 = EDGE_LOOP('',(#8090,#8091,#8092,#8093,#8101,#8109));
#8090 = ORIENTED_EDGE('',*,*,#6141,.T.);
#8091 = ORIENTED_EDGE('',*,*,#8045,.T.);
#8092 = ORIENTED_EDGE('',*,*,#6403,.F.);
#8093 = ORIENTED_EDGE('',*,*,#8094,.T.);
#8094 = EDGE_CURVE('',#6404,#8095,#8097,.T.);
#8095 = VERTEX_POINT('',#8096);
#8096 = CARTESIAN_POINT('',(-14.44999981694,4.716364472669,
    -4.860829794896));
#8097 = LINE('',#8098,#8099);
#8098 = CARTESIAN_POINT('',(-12.24999981694,4.716364550549,
    -4.860829794896));
#8099 = VECTOR('',#8100,1.);
#8100 = DIRECTION('',(-1.,-3.539987414E-08,-2.8E-16));
#8101 = ORIENTED_EDGE('',*,*,#8102,.F.);
#8102 = EDGE_CURVE('',#8103,#8095,#8105,.T.);
#8103 = VERTEX_POINT('',#8104);
#8104 = CARTESIAN_POINT('',(-14.44999946755,-5.153509025961,
    -4.860829794896));
#8105 = LINE('',#8106,#8107);
#8106 = CARTESIAN_POINT('',(-14.44999946755,-5.153509025961,
    -4.860829794896));
#8107 = VECTOR('',#8108,1.);
#8108 = DIRECTION('',(-3.539987392E-08,1.,1.7E-16));
#8109 = ORIENTED_EDGE('',*,*,#8110,.F.);
#8110 = EDGE_CURVE('',#6142,#8103,#8111,.T.);
#8111 = LINE('',#8112,#8113);
#8112 = CARTESIAN_POINT('',(-12.24999946755,-5.153508948081,
    -4.860829794896));
#8113 = VECTOR('',#8114,1.);
#8114 = DIRECTION('',(-1.,-3.539987414E-08,-2.8E-16));
#8115 = PLANE('',#8116);
#8116 = AXIS2_PLACEMENT_3D('',#8117,#8118,#8119);
#8117 = CARTESIAN_POINT('',(-13.34999964224,-0.218572237706,
    -4.860829794896));
#8118 = DIRECTION('',(-4.E-16,0.,1.));
#8119 = DIRECTION('',(1.,0.,4.E-16));
#8120 = ADVANCED_FACE('',(#8121),#8139,.T.);
#8121 = FACE_BOUND('',#8122,.T.);
#8122 = EDGE_LOOP('',(#8123,#8124,#8132,#8138));
#8123 = ORIENTED_EDGE('',*,*,#8076,.T.);
#8124 = ORIENTED_EDGE('',*,*,#8125,.T.);
#8125 = EDGE_CURVE('',#8069,#8126,#8128,.T.);
#8126 = VERTEX_POINT('',#8127);
#8127 = CARTESIAN_POINT('',(-14.449999501,-4.208636182229,
    -11.21082979489));
#8128 = LINE('',#8129,#8130);
#8129 = CARTESIAN_POINT('',(-14.44999946737,-5.158636182228,
    -12.16082979489));
#8130 = VECTOR('',#8131,1.);
#8131 = DIRECTION('',(-2.503149095854E-08,0.707106781186,0.707106781187)
  );
#8132 = ORIENTED_EDGE('',*,*,#8133,.F.);
#8133 = EDGE_CURVE('',#6158,#8126,#8134,.T.);
#8134 = LINE('',#8135,#8136);
#8135 = CARTESIAN_POINT('',(-12.249999501,-4.20863610435,-11.21082979489
    ));
#8136 = VECTOR('',#8137,1.);
#8137 = DIRECTION('',(-1.,-3.539987414E-08,-2.8E-16));
#8138 = ORIENTED_EDGE('',*,*,#6165,.F.);
#8139 = PLANE('',#8140);
#8140 = AXIS2_PLACEMENT_3D('',#8141,#8142,#8143);
#8141 = CARTESIAN_POINT('',(-12.24999946737,-5.158636104348,
    -12.16082979489));
#8142 = DIRECTION('',(-2.503149086E-08,0.707106781187,-0.707106781186));
#8143 = DIRECTION('',(-2.50314911E-08,0.707106781186,0.707106781187));
#8144 = ADVANCED_FACE('',(#8145),#8163,.T.);
#8145 = FACE_BOUND('',#8146,.T.);
#8146 = EDGE_LOOP('',(#8147,#8155,#8161,#8162));
#8147 = ORIENTED_EDGE('',*,*,#8148,.T.);
#8148 = EDGE_CURVE('',#6150,#8149,#8151,.T.);
#8149 = VERTEX_POINT('',#8150);
#8150 = CARTESIAN_POINT('',(-14.44999946755,-5.153509025961,
    -11.21082979489));
#8151 = LINE('',#8152,#8153);
#8152 = CARTESIAN_POINT('',(-12.24999946755,-5.153508948081,
    -11.21082979489));
#8153 = VECTOR('',#8154,1.);
#8154 = DIRECTION('',(-1.,-3.539987414E-08,-2.8E-16));
#8155 = ORIENTED_EDGE('',*,*,#8156,.T.);
#8156 = EDGE_CURVE('',#8149,#8103,#8157,.T.);
#8157 = LINE('',#8158,#8159);
#8158 = CARTESIAN_POINT('',(-14.44999946755,-5.153509025961,
    -11.21082979489));
#8159 = VECTOR('',#8160,1.);
#8160 = DIRECTION('',(0.,0.,1.));
#8161 = ORIENTED_EDGE('',*,*,#8110,.F.);
#8162 = ORIENTED_EDGE('',*,*,#6149,.F.);
#8163 = PLANE('',#8164);
#8164 = AXIS2_PLACEMENT_3D('',#8165,#8166,#8167);
#8165 = CARTESIAN_POINT('',(-12.24999946755,-5.153508948081,
    -11.21082979489));
#8166 = DIRECTION('',(-3.539987414E-08,1.,1.7E-16));
#8167 = DIRECTION('',(-2.8E-16,-1.70000009912E-16,1.));
#8168 = ADVANCED_FACE('',(#8169),#8180,.T.);
#8169 = FACE_BOUND('',#8170,.T.);
#8170 = EDGE_LOOP('',(#8171,#8172,#8178,#8179));
#8171 = ORIENTED_EDGE('',*,*,#8133,.T.);
#8172 = ORIENTED_EDGE('',*,*,#8173,.T.);
#8173 = EDGE_CURVE('',#8126,#8149,#8174,.T.);
#8174 = LINE('',#8175,#8176);
#8175 = CARTESIAN_POINT('',(-14.449999501,-4.208636182229,
    -11.21082979489));
#8176 = VECTOR('',#8177,1.);
#8177 = DIRECTION('',(3.5399874E-08,-1.,0.));
#8178 = ORIENTED_EDGE('',*,*,#8148,.F.);
#8179 = ORIENTED_EDGE('',*,*,#6157,.F.);
#8180 = PLANE('',#8181);
#8181 = AXIS2_PLACEMENT_3D('',#8182,#8183,#8184);
#8182 = CARTESIAN_POINT('',(-12.249999501,-4.20863610435,-11.21082979489
    ));
#8183 = DIRECTION('',(-2.8E-16,-1.7E-16,1.));
#8184 = DIRECTION('',(3.539987392E-08,-1.,-1.69999990088E-16));
#8185 = ADVANCED_FACE('',(#8186),#8212,.F.);
#8186 = FACE_BOUND('',#8187,.T.);
#8187 = EDGE_LOOP('',(#8188,#8189,#8197,#8205,#8211));
#8188 = ORIENTED_EDGE('',*,*,#6193,.T.);
#8189 = ORIENTED_EDGE('',*,*,#8190,.F.);
#8190 = EDGE_CURVE('',#8191,#6196,#8193,.T.);
#8191 = VERTEX_POINT('',#8192);
#8192 = CARTESIAN_POINT('',(23.548678917501,-26.1377578458,4.48500550281
    ));
#8193 = LINE('',#8194,#8195);
#8194 = CARTESIAN_POINT('',(-41.5299471015,16.605035181233,
    92.986109025409));
#8195 = VECTOR('',#8196,1.);
#8196 = DIRECTION('',(0.552096571407,-0.362609829465,-0.750801896252));
#8197 = ORIENTED_EDGE('',*,*,#8198,.F.);
#8198 = EDGE_CURVE('',#8199,#8191,#8201,.T.);
#8199 = VERTEX_POINT('',#8200);
#8200 = CARTESIAN_POINT('',(23.548679117394,-31.78447235936,
    4.48500550281));
#8201 = LINE('',#8202,#8203);
#8202 = CARTESIAN_POINT('',(23.548678885748,-25.24077988688,
    4.48500550281));
#8203 = VECTOR('',#8204,1.);
#8204 = DIRECTION('',(-3.539988025E-08,1.,-1.752E-14));
#8205 = ORIENTED_EDGE('',*,*,#8206,.T.);
#8206 = EDGE_CURVE('',#8199,#6308,#8207,.T.);
#8207 = LINE('',#8208,#8209);
#8208 = CARTESIAN_POINT('',(23.548679117394,-31.78447235936,
    4.48500550281));
#8209 = VECTOR('',#8210,1.);
#8210 = DIRECTION('',(0.5520664529,-0.362740466306,-0.750760937773));
#8211 = ORIENTED_EDGE('',*,*,#6315,.F.);
#8212 = PLANE('',#8213);
#8213 = AXIS2_PLACEMENT_3D('',#8214,#8215,#8216);
#8214 = CARTESIAN_POINT('',(23.724157102448,-25.24077988067,
    4.246370836815));
#8215 = DIRECTION('',(-0.805632401654,-2.851930092E-08,-0.592415760598)
  );
#8216 = DIRECTION('',(3.539987889546E-08,-1.,1.935665807143E-14));
#8217 = ADVANCED_FACE('',(#8218),#8238,.T.);
#8218 = FACE_BOUND('',#8219,.T.);
#8219 = EDGE_LOOP('',(#8220,#8221,#8222,#8223,#8231,#8237));
#8220 = ORIENTED_EDGE('',*,*,#6219,.F.);
#8221 = ORIENTED_EDGE('',*,*,#6277,.T.);
#8222 = ORIENTED_EDGE('',*,*,#6243,.T.);
#8223 = ORIENTED_EDGE('',*,*,#8224,.T.);
#8224 = EDGE_CURVE('',#6236,#8225,#8227,.T.);
#8225 = VERTEX_POINT('',#8226);
#8226 = CARTESIAN_POINT('',(22.015016257882,-25.10924591553,
    4.48500550281));
#8227 = LINE('',#8228,#8229);
#8228 = CARTESIAN_POINT('',(-169.7894138577,104.35720490567,
    -77.83878649653));
#8229 = VECTOR('',#8230,1.);
#8230 = DIRECTION('',(0.780908627431,-0.527107055599,0.335171400245));
#8231 = ORIENTED_EDGE('',*,*,#8232,.T.);
#8232 = EDGE_CURVE('',#8225,#8191,#8233,.T.);
#8233 = LINE('',#8234,#8235);
#8234 = CARTESIAN_POINT('',(-135.5829017939,80.57979716455,
    4.485005502812));
#8235 = VECTOR('',#8236,1.);
#8236 = DIRECTION('',(0.830530015338,-0.55697387158,-1.032E-14));
#8237 = ORIENTED_EDGE('',*,*,#8190,.T.);
#8238 = PLANE('',#8239);
#8239 = AXIS2_PLACEMENT_3D('',#8240,#8241,#8242);
#8240 = CARTESIAN_POINT('',(-278.0300919983,176.16471158616,
    -1.050136445427));
#8241 = DIRECTION('',(0.556953983333,0.830500359034,8.450685994721E-03)
  );
#8242 = DIRECTION('',(-0.830541603709,0.556944859961,3.614895855086E-03)
  );
#8243 = ADVANCED_FACE('',(#8244),#8255,.F.);
#8244 = FACE_BOUND('',#8245,.T.);
#8245 = EDGE_LOOP('',(#8246,#8252,#8253,#8254));
#8246 = ORIENTED_EDGE('',*,*,#8247,.F.);
#8247 = EDGE_CURVE('',#8225,#6838,#8248,.T.);
#8248 = LINE('',#8249,#8250);
#8249 = CARTESIAN_POINT('',(-168.4227326914,-25.109252657,4.485005502814
    ));
#8250 = VECTOR('',#8251,1.);
#8251 = DIRECTION('',(-1.,-3.539988027E-08,2.417E-14));
#8252 = ORIENTED_EDGE('',*,*,#8224,.F.);
#8253 = ORIENTED_EDGE('',*,*,#6233,.F.);
#8254 = ORIENTED_EDGE('',*,*,#6845,.F.);
#8255 = PLANE('',#8256);
#8256 = AXIS2_PLACEMENT_3D('',#8257,#8258,#8259);
#8257 = CARTESIAN_POINT('',(-168.422732704,-24.75321104185,
    4.258609443096));
#8258 = DIRECTION('',(1.89948036E-08,-0.53657876374,-0.843850241632));
#8259 = DIRECTION('',(1.,3.539982771276E-08,9.254334198575E-15));
#8260 = ADVANCED_FACE('',(#8261),#8287,.F.);
#8261 = FACE_BOUND('',#8262,.T.);
#8262 = EDGE_LOOP('',(#8263,#8264,#8272,#8280,#8286));
#8263 = ORIENTED_EDGE('',*,*,#6299,.T.);
#8264 = ORIENTED_EDGE('',*,*,#8265,.T.);
#8265 = EDGE_CURVE('',#6300,#8266,#8268,.T.);
#8266 = VERTEX_POINT('',#8267);
#8267 = CARTESIAN_POINT('',(21.677020142509,-34.23520348423,
    3.990581971717));
#8268 = LINE('',#8269,#8270);
#8269 = CARTESIAN_POINT('',(19.974470248279,-35.9199404968,
    3.990581971717));
#8270 = VECTOR('',#8271,1.);
#8271 = DIRECTION('',(-0.710815447658,-0.7033785605,2.951E-14));
#8272 = ORIENTED_EDGE('',*,*,#8273,.T.);
#8273 = EDGE_CURVE('',#8266,#8274,#8276,.T.);
#8274 = VERTEX_POINT('',#8275);
#8275 = CARTESIAN_POINT('',(21.670190624737,-34.24077995338,
    3.98500550281));
#8276 = LINE('',#8277,#8278);
#8277 = CARTESIAN_POINT('',(15.49775535427,-39.28072509291,
    -1.054939418217));
#8278 = VECTOR('',#8279,1.);
#8279 = DIRECTION('',(-0.654640849173,-0.534530346832,-0.534530323658));
#8280 = ORIENTED_EDGE('',*,*,#8281,.F.);
#8281 = EDGE_CURVE('',#6733,#8274,#8282,.T.);
#8282 = LINE('',#8283,#8284);
#8283 = CARTESIAN_POINT('',(17.902258524987,-34.24078008676,
    -13.6114814635));
#8284 = VECTOR('',#8285,1.);
#8285 = DIRECTION('',(0.209383314282,7.41218824E-09,0.977833640094));
#8286 = ORIENTED_EDGE('',*,*,#6732,.F.);
#8287 = PLANE('',#8288);
#8288 = AXIS2_PLACEMENT_3D('',#8289,#8290,#8291);
#8289 = CARTESIAN_POINT('',(22.752685266548,-29.22102798108,
    -14.65010237241));
#8290 = DIRECTION('',(-0.695533823154,0.702887767173,0.148934507779));
#8291 = DIRECTION('',(-0.710815447658,-0.7033785605,4.075906279155E-14)
  );
#8292 = ADVANCED_FACE('',(#8293),#8312,.F.);
#8293 = FACE_BOUND('',#8294,.T.);
#8294 = EDGE_LOOP('',(#8295,#8303,#8309,#8310,#8311));
#8295 = ORIENTED_EDGE('',*,*,#8296,.F.);
#8296 = EDGE_CURVE('',#8297,#8199,#8299,.T.);
#8297 = VERTEX_POINT('',#8298);
#8298 = CARTESIAN_POINT('',(21.571687297097,-33.74077995686,
    4.48500550281));
#8299 = LINE('',#8300,#8301);
#8300 = CARTESIAN_POINT('',(19.675159637881,-35.61746524738,
    4.48500550281));
#8301 = VECTOR('',#8302,1.);
#8302 = DIRECTION('',(0.710815447658,0.7033785605,-2.95E-14));
#8303 = ORIENTED_EDGE('',*,*,#8304,.F.);
#8304 = EDGE_CURVE('',#8266,#8297,#8305,.T.);
#8305 = LINE('',#8306,#8307);
#8306 = CARTESIAN_POINT('',(21.677020142509,-34.23520348423,
    3.990581971717));
#8307 = VECTOR('',#8308,1.);
#8308 = DIRECTION('',(-0.148962503833,0.699217478714,0.699217483987));
#8309 = ORIENTED_EDGE('',*,*,#8265,.F.);
#8310 = ORIENTED_EDGE('',*,*,#6307,.F.);
#8311 = ORIENTED_EDGE('',*,*,#8206,.F.);
#8312 = PLANE('',#8313);
#8313 = AXIS2_PLACEMENT_3D('',#8314,#8315,#8316);
#8314 = CARTESIAN_POINT('',(19.824814943075,-35.76870287209,
    4.237793737263));
#8315 = DIRECTION('',(-0.533116059674,0.538752745522,-0.652328710169));
#8316 = DIRECTION('',(-0.710815447658,-0.7033785605,1.446065489574E-14)
  );
#8317 = ADVANCED_FACE('',(#8318),#8330,.F.);
#8318 = FACE_BOUND('',#8319,.T.);
#8319 = EDGE_LOOP('',(#8320,#8321,#8322,#8323,#8329));
#8320 = ORIENTED_EDGE('',*,*,#6381,.F.);
#8321 = ORIENTED_EDGE('',*,*,#7148,.F.);
#8322 = ORIENTED_EDGE('',*,*,#7120,.T.);
#8323 = ORIENTED_EDGE('',*,*,#8324,.T.);
#8324 = EDGE_CURVE('',#7112,#6472,#8325,.T.);
#8325 = LINE('',#8326,#8327);
#8326 = CARTESIAN_POINT('',(4.092082190333,2.116365745937,
    -28.30958367868));
#8327 = VECTOR('',#8328,1.);
#8328 = DIRECTION('',(-3.539988027E-08,1.,-1.746E-14));
#8329 = ORIENTED_EDGE('',*,*,#6471,.F.);
#8330 = PLANE('',#8331);
#8331 = AXIS2_PLACEMENT_3D('',#8332,#8333,#8334);
#8332 = CARTESIAN_POINT('',(4.092082190333,2.116365745937,
    -28.30958367868));
#8333 = DIRECTION('',(0.990268068741,3.505536864E-08,-0.139173100962));
#8334 = DIRECTION('',(-0.139173100962,-4.92672831E-09,-0.990268068741));
#8335 = ADVANCED_FACE('',(#8336),#8347,.F.);
#8336 = FACE_BOUND('',#8337,.F.);
#8337 = EDGE_LOOP('',(#8338,#8339,#8340,#8346));
#8338 = ORIENTED_EDGE('',*,*,#8052,.F.);
#8339 = ORIENTED_EDGE('',*,*,#8024,.T.);
#8340 = ORIENTED_EDGE('',*,*,#8341,.T.);
#8341 = EDGE_CURVE('',#8017,#6538,#8342,.T.);
#8342 = LINE('',#8343,#8344);
#8343 = CARTESIAN_POINT('',(-14.44999970292,1.495383885497,
    -15.78984920772));
#8344 = VECTOR('',#8345,1.);
#8345 = DIRECTION('',(-2.503149067E-08,0.707106781187,-0.707106781187));
#8346 = ORIENTED_EDGE('',*,*,#6545,.F.);
#8347 = PLANE('',#8348);
#8348 = AXIS2_PLACEMENT_3D('',#8349,#8350,#8351);
#8349 = CARTESIAN_POINT('',(-12.24999980809,4.466364550545,
    -18.76082979489));
#8350 = DIRECTION('',(2.503150268E-08,-0.707106781187,-0.707106781187));
#8351 = DIRECTION('',(-1.,-3.539988221832E-08,-8.358317508035E-15));
#8352 = ADVANCED_FACE('',(#8353),#8379,.T.);
#8353 = FACE_BOUND('',#8354,.T.);
#8354 = EDGE_LOOP('',(#8355,#8363,#8364,#8365,#8373));
#8355 = ORIENTED_EDGE('',*,*,#8356,.T.);
#8356 = EDGE_CURVE('',#8357,#6422,#8359,.T.);
#8357 = VERTEX_POINT('',#8358);
#8358 = CARTESIAN_POINT('',(-12.18498000922,7.923471334031,
    -3.112030136269));
#8359 = LINE('',#8360,#8361);
#8360 = CARTESIAN_POINT('',(-162.316317294,188.16206673432,
    -147.2480344207));
#8361 = VECTOR('',#8362,1.);
#8362 = DIRECTION('',(0.54529956764,-0.654653651404,0.523523617648));
#8363 = ORIENTED_EDGE('',*,*,#6421,.F.);
#8364 = ORIENTED_EDGE('',*,*,#7945,.T.);
#8365 = ORIENTED_EDGE('',*,*,#8366,.T.);
#8366 = EDGE_CURVE('',#7946,#8367,#8369,.T.);
#8367 = VERTEX_POINT('',#8368);
#8368 = CARTESIAN_POINT('',(-12.17540165347,7.8744059423,-3.150929968324
    ));
#8369 = LINE('',#8370,#8371);
#8370 = CARTESIAN_POINT('',(-12.41653844064,7.695046199964,
    -3.982707009853));
#8371 = VECTOR('',#8372,1.);
#8372 = DIRECTION('',(0.272654654988,0.202803019986,0.940494749692));
#8373 = ORIENTED_EDGE('',*,*,#8374,.T.);
#8374 = EDGE_CURVE('',#8367,#8357,#8375,.T.);
#8375 = LINE('',#8376,#8377);
#8376 = CARTESIAN_POINT('',(-17.08473853702,33.02261966615,
    16.786978521087));
#8377 = VECTOR('',#8378,1.);
#8378 = DIRECTION('',(-0.151213760694,0.774596663889,0.614112698834));
#8379 = PLANE('',#8380);
#8380 = AXIS2_PLACEMENT_3D('',#8381,#8382,#8383);
#8381 = CARTESIAN_POINT('',(-162.3141620445,187.90626918739,
    -147.5701479779));
#8382 = DIRECTION('',(0.838224866771,0.429766281558,-0.335678441313));
#8383 = DIRECTION('',(0.371761550467,1.316002332108E-08,0.928328255303)
  );
#8384 = ADVANCED_FACE('',(#8385),#8397,.F.);
#8385 = FACE_BOUND('',#8386,.T.);
#8386 = EDGE_LOOP('',(#8387,#8388,#8389,#8390,#8391));
#8387 = ORIENTED_EDGE('',*,*,#7617,.T.);
#8388 = ORIENTED_EDGE('',*,*,#7585,.T.);
#8389 = ORIENTED_EDGE('',*,*,#6429,.F.);
#8390 = ORIENTED_EDGE('',*,*,#8356,.F.);
#8391 = ORIENTED_EDGE('',*,*,#8392,.F.);
#8392 = EDGE_CURVE('',#7618,#8357,#8393,.T.);
#8393 = LINE('',#8394,#8395);
#8394 = CARTESIAN_POINT('',(162.35970115883,7.923477512881,
    -711.9769123105));
#8395 = VECTOR('',#8396,1.);
#8396 = DIRECTION('',(0.239089905319,8.4637417E-09,-0.970997434175));
#8397 = PLANE('',#8398);
#8398 = AXIS2_PLACEMENT_3D('',#8399,#8400,#8401);
#8399 = CARTESIAN_POINT('',(335.90806862145,6.569930265871,
    -1.411134268415E+03));
#8400 = DIRECTION('',(-0.686598845188,-0.707106805492,-0.169062093364));
#8401 = DIRECTION('',(0.717433979164,-0.696626503616,7.230327447871E-15)
  );
#8402 = ADVANCED_FACE('',(#8403,#8419,#8430),#8441,.T.);
#8403 = FACE_BOUND('',#8404,.T.);
#8404 = EDGE_LOOP('',(#8405,#8406,#8407,#8408,#8414,#8415,#8416,#8417,
    #8418));
#8405 = ORIENTED_EDGE('',*,*,#8014,.T.);
#8406 = ORIENTED_EDGE('',*,*,#8341,.T.);
#8407 = ORIENTED_EDGE('',*,*,#6537,.F.);
#8408 = ORIENTED_EDGE('',*,*,#8409,.F.);
#8409 = EDGE_CURVE('',#8095,#6530,#8410,.T.);
#8410 = LINE('',#8411,#8412);
#8411 = CARTESIAN_POINT('',(-14.44999981694,4.716364472669,
    -4.860829794896));
#8412 = VECTOR('',#8413,1.);
#8413 = DIRECTION('',(0.,-0.,-1.));
#8414 = ORIENTED_EDGE('',*,*,#8102,.F.);
#8415 = ORIENTED_EDGE('',*,*,#8156,.F.);
#8416 = ORIENTED_EDGE('',*,*,#8173,.F.);
#8417 = ORIENTED_EDGE('',*,*,#8125,.F.);
#8418 = ORIENTED_EDGE('',*,*,#8068,.F.);
#8419 = FACE_BOUND('',#8420,.T.);
#8420 = EDGE_LOOP('',(#8421));
#8421 = ORIENTED_EDGE('',*,*,#8422,.F.);
#8422 = EDGE_CURVE('',#8423,#8423,#8425,.T.);
#8423 = VERTEX_POINT('',#8424);
#8424 = CARTESIAN_POINT('',(-14.44999966337,0.378244033123,
    -15.33582979489));
#8425 = CIRCLE('',#8426,2.161880215352);
#8426 = AXIS2_PLACEMENT_3D('',#8427,#8428,#8429);
#8427 = CARTESIAN_POINT('',(-14.44999958684,-1.783636182228,
    -15.33582979489));
#8428 = DIRECTION('',(1.,3.539987414E-08,1.7E-16));
#8429 = DIRECTION('',(-3.539987414E-08,1.,6.E-17));
#8430 = FACE_BOUND('',#8431,.T.);
#8431 = EDGE_LOOP('',(#8432));
#8432 = ORIENTED_EDGE('',*,*,#8433,.F.);
#8433 = EDGE_CURVE('',#8434,#8434,#8436,.T.);
#8434 = VERTEX_POINT('',#8435);
#8435 = CARTESIAN_POINT('',(-14.44999966337,0.378244033123,
    -8.035829794896));
#8436 = CIRCLE('',#8437,2.161880215352);
#8437 = AXIS2_PLACEMENT_3D('',#8438,#8439,#8440);
#8438 = CARTESIAN_POINT('',(-14.44999958684,-1.783636182228,
    -8.035829794896));
#8439 = DIRECTION('',(1.,3.539987414E-08,1.7E-16));
#8440 = DIRECTION('',(-3.539987414E-08,1.,6.E-17));
#8441 = PLANE('',#8442);
#8442 = AXIS2_PLACEMENT_3D('',#8443,#8444,#8445);
#8443 = CARTESIAN_POINT('',(-14.44999963816,-0.334004879664,
    -11.67727679855));
#8444 = DIRECTION('',(1.,3.539987388E-08,2.9E-16));
#8445 = DIRECTION('',(-3.539987388E-08,1.,0.));
#8446 = ADVANCED_FACE('',(#8447),#8466,.T.);
#8447 = FACE_BOUND('',#8448,.T.);
#8448 = EDGE_LOOP('',(#8449,#8450,#8451,#8459,#8465));
#8449 = ORIENTED_EDGE('',*,*,#7601,.F.);
#8450 = ORIENTED_EDGE('',*,*,#7545,.F.);
#8451 = ORIENTED_EDGE('',*,*,#8452,.T.);
#8452 = EDGE_CURVE('',#7546,#8453,#8455,.T.);
#8453 = VERTEX_POINT('',#8454);
#8454 = CARTESIAN_POINT('',(12.184979448238,7.923472196724,
    -3.112030136269));
#8455 = LINE('',#8456,#8457);
#8456 = CARTESIAN_POINT('',(-162.3597017198,7.923466017854,
    -711.9769123105));
#8457 = VECTOR('',#8458,1.);
#8458 = DIRECTION('',(-0.239089905319,-8.46377142E-09,-0.970997434175));
#8459 = ORIENTED_EDGE('',*,*,#8460,.F.);
#8460 = EDGE_CURVE('',#6446,#8453,#8461,.T.);
#8461 = LINE('',#8462,#8463);
#8462 = CARTESIAN_POINT('',(162.31630397221,188.16207822627,
    -147.2480344207));
#8463 = VECTOR('',#8464,1.);
#8464 = DIRECTION('',(0.54529952129,0.654653690011,-0.523523617648));
#8465 = ORIENTED_EDGE('',*,*,#6445,.F.);
#8466 = PLANE('',#8467);
#8467 = AXIS2_PLACEMENT_3D('',#8468,#8469,#8470);
#8468 = CARTESIAN_POINT('',(-335.9080690866,6.569906483654,
    -1.411134268415E+03));
#8469 = DIRECTION('',(-0.686598895251,0.707106756881,0.169062093364));
#8470 = DIRECTION('',(-0.717433929843,-0.69662655441,-5.870304242706E-15
    ));
#8471 = ADVANCED_FACE('',(#8472),#8491,.T.);
#8472 = FACE_BOUND('',#8473,.T.);
#8473 = EDGE_LOOP('',(#8474,#8475,#8476,#8477,#8485));
#8474 = ORIENTED_EDGE('',*,*,#6588,.T.);
#8475 = ORIENTED_EDGE('',*,*,#6453,.F.);
#8476 = ORIENTED_EDGE('',*,*,#8460,.T.);
#8477 = ORIENTED_EDGE('',*,*,#8478,.T.);
#8478 = EDGE_CURVE('',#8453,#8479,#8481,.T.);
#8479 = VERTEX_POINT('',#8480);
#8480 = CARTESIAN_POINT('',(12.175401095965,7.874406804315,
    -3.150929968324));
#8481 = LINE('',#8482,#8483);
#8482 = CARTESIAN_POINT('',(17.084736199011,33.022620875645,
    16.78697852105));
#8483 = VECTOR('',#8484,1.);
#8484 = DIRECTION('',(-0.151213705852,-0.774596674594,-0.614112698835));
#8485 = ORIENTED_EDGE('',*,*,#8486,.F.);
#8486 = EDGE_CURVE('',#6589,#8479,#8487,.T.);
#8487 = LINE('',#8488,#8489);
#8488 = CARTESIAN_POINT('',(12.416537895824,7.695047079051,
    -3.982707009852));
#8489 = VECTOR('',#8490,1.);
#8490 = DIRECTION('',(-0.272654669347,0.20280300068,0.940494749692));
#8491 = PLANE('',#8492);
#8492 = AXIS2_PLACEMENT_3D('',#8493,#8494,#8495);
#8493 = CARTESIAN_POINT('',(162.31414874076,187.90628067919,
    -147.5701479779));
#8494 = DIRECTION('',(-0.838224897199,0.429766222212,-0.335678441313));
#8495 = DIRECTION('',(0.371761550467,1.316024100806E-08,-0.928328255303)
  );
#8496 = ADVANCED_FACE('',(#8497),#8509,.F.);
#8497 = FACE_BOUND('',#8498,.T.);
#8498 = EDGE_LOOP('',(#8499,#8500,#8501,#8507,#8508));
#8499 = ORIENTED_EDGE('',*,*,#7036,.F.);
#8500 = ORIENTED_EDGE('',*,*,#6505,.F.);
#8501 = ORIENTED_EDGE('',*,*,#8502,.F.);
#8502 = EDGE_CURVE('',#7087,#6497,#8503,.T.);
#8503 = LINE('',#8504,#8505);
#8504 = CARTESIAN_POINT('',(-10.53747179973,2.116365228052,
    -28.30958367868));
#8505 = VECTOR('',#8506,1.);
#8506 = DIRECTION('',(-3.539988027E-08,1.,-1.746E-14));
#8507 = ORIENTED_EDGE('',*,*,#7086,.T.);
#8508 = ORIENTED_EDGE('',*,*,#7062,.F.);
#8509 = PLANE('',#8510);
#8510 = AXIS2_PLACEMENT_3D('',#8511,#8512,#8513);
#8511 = CARTESIAN_POINT('',(-10.42996405202,2.116365231858,
    -29.07454105164));
#8512 = DIRECTION('',(-0.990268068742,-3.50553735E-08,-0.13917310096));
#8513 = DIRECTION('',(-0.13917310096,-4.9266939E-09,0.990268068742));
#8514 = ADVANCED_FACE('',(#8515),#8526,.F.);
#8515 = FACE_BOUND('',#8516,.F.);
#8516 = EDGE_LOOP('',(#8517,#8518,#8519,#8525));
#8517 = ORIENTED_EDGE('',*,*,#8502,.F.);
#8518 = ORIENTED_EDGE('',*,*,#7094,.F.);
#8519 = ORIENTED_EDGE('',*,*,#8520,.F.);
#8520 = EDGE_CURVE('',#6489,#7095,#8521,.T.);
#8521 = LINE('',#8522,#8523);
#8522 = CARTESIAN_POINT('',(-9.052069696621,2.116365280635,
    -26.60082402724));
#8523 = VECTOR('',#8524,1.);
#8524 = DIRECTION('',(3.539988027E-08,-1.,1.746E-14));
#8525 = ORIENTED_EDGE('',*,*,#6496,.T.);
#8526 = CYLINDRICAL_SURFACE('',#8527,1.5);
#8527 = AXIS2_PLACEMENT_3D('',#8528,#8529,#8530);
#8528 = CARTESIAN_POINT('',(-9.052069696621,2.116365280635,
    -28.10082402724));
#8529 = DIRECTION('',(-3.539988027E-08,1.,-1.746E-14));
#8530 = DIRECTION('',(-0.754709580223,-2.671661732371E-08,0.656059028991
    ));
#8531 = ADVANCED_FACE('',(#8532),#8543,.F.);
#8532 = FACE_BOUND('',#8533,.T.);
#8533 = EDGE_LOOP('',(#8534,#8540,#8541,#8542));
#8534 = ORIENTED_EDGE('',*,*,#8535,.T.);
#8535 = EDGE_CURVE('',#6480,#7104,#8536,.T.);
#8536 = LINE('',#8537,#8538);
#8537 = CARTESIAN_POINT('',(2.606680087221,2.116365693354,
    -26.60082402724));
#8538 = VECTOR('',#8539,1.);
#8539 = DIRECTION('',(3.539988027E-08,-1.,1.746E-14));
#8540 = ORIENTED_EDGE('',*,*,#7103,.T.);
#8541 = ORIENTED_EDGE('',*,*,#8520,.F.);
#8542 = ORIENTED_EDGE('',*,*,#6488,.F.);
#8543 = PLANE('',#8544);
#8544 = AXIS2_PLACEMENT_3D('',#8545,#8546,#8547);
#8545 = CARTESIAN_POINT('',(-4.981757845446,-11.2622080445,
    -26.60082402724));
#8546 = DIRECTION('',(2.644E-14,1.746E-14,1.));
#8547 = DIRECTION('',(-3.539989091E-08,1.,-1.745999906403E-14));
#8548 = ADVANCED_FACE('',(#8549),#8555,.F.);
#8549 = FACE_BOUND('',#8550,.F.);
#8550 = EDGE_LOOP('',(#8551,#8552,#8553,#8554));
#8551 = ORIENTED_EDGE('',*,*,#8535,.T.);
#8552 = ORIENTED_EDGE('',*,*,#7111,.F.);
#8553 = ORIENTED_EDGE('',*,*,#8324,.T.);
#8554 = ORIENTED_EDGE('',*,*,#6479,.T.);
#8555 = CYLINDRICAL_SURFACE('',#8556,1.5);
#8556 = AXIS2_PLACEMENT_3D('',#8557,#8558,#8559);
#8557 = CARTESIAN_POINT('',(2.606680087221,2.116365693354,
    -28.10082402724));
#8558 = DIRECTION('',(-3.539988027E-08,1.,-1.746E-14));
#8559 = DIRECTION('',(0.754709580223,2.671664023331E-08,0.65605902899));
#8560 = ADVANCED_FACE('',(#8561),#8580,.T.);
#8561 = FACE_BOUND('',#8562,.T.);
#8562 = EDGE_LOOP('',(#8563,#8564,#8565,#8566,#8574));
#8563 = ORIENTED_EDGE('',*,*,#6623,.F.);
#8564 = ORIENTED_EDGE('',*,*,#6596,.T.);
#8565 = ORIENTED_EDGE('',*,*,#8486,.T.);
#8566 = ORIENTED_EDGE('',*,*,#8567,.T.);
#8567 = EDGE_CURVE('',#8479,#8568,#8570,.T.);
#8568 = VERTEX_POINT('',#8569);
#8569 = CARTESIAN_POINT('',(12.17540097766,11.216365415205,
    -3.150929968324));
#8570 = LINE('',#8571,#8572);
#8571 = CARTESIAN_POINT('',(12.175401145809,6.466365526505,
    -3.150929968324));
#8572 = VECTOR('',#8573,1.);
#8573 = DIRECTION('',(-3.539988026E-08,1.,-1.811E-14));
#8574 = ORIENTED_EDGE('',*,*,#8575,.T.);
#8575 = EDGE_CURVE('',#8568,#6624,#8576,.T.);
#8576 = LINE('',#8577,#8578);
#8577 = CARTESIAN_POINT('',(12.482260721323,11.767397780848,
    -4.209411763069));
#8578 = VECTOR('',#8579,1.);
#8579 = DIRECTION('',(0.249044993618,0.447213604316,-0.85905563456));
#8580 = PLANE('',#8581);
#8581 = AXIS2_PLACEMENT_3D('',#8582,#8583,#8584);
#8582 = CARTESIAN_POINT('',(12.295969542569,6.466365530773,
    -3.566818489088));
#8583 = DIRECTION('',(-0.960453397665,-3.399994032E-08,-0.278440785293)
  );
#8584 = DIRECTION('',(0.278440785293,9.85676864E-09,-0.960453397665));
#8585 = ADVANCED_FACE('',(#8586),#8599,.F.);
#8586 = FACE_BOUND('',#8587,.T.);
#8587 = EDGE_LOOP('',(#8588,#8589,#8590,#8596,#8597,#8598));
#8588 = ORIENTED_EDGE('',*,*,#6631,.F.);
#8589 = ORIENTED_EDGE('',*,*,#8575,.F.);
#8590 = ORIENTED_EDGE('',*,*,#8591,.F.);
#8591 = EDGE_CURVE('',#7723,#8568,#8592,.T.);
#8592 = LINE('',#8593,#8594);
#8593 = CARTESIAN_POINT('',(10.94764434071,11.216365371743,
    -8.137123520396));
#8594 = VECTOR('',#8595,1.);
#8595 = DIRECTION('',(-0.239089905319,-8.46377144E-09,-0.970997434175));
#8596 = ORIENTED_EDGE('',*,*,#7722,.F.);
#8597 = ORIENTED_EDGE('',*,*,#6695,.F.);
#8598 = ORIENTED_EDGE('',*,*,#6672,.F.);
#8599 = PLANE('',#8600);
#8600 = AXIS2_PLACEMENT_3D('',#8601,#8602,#8603);
#8601 = CARTESIAN_POINT('',(11.19039369041,11.466365380336,
    -8.196895996726));
#8602 = DIRECTION('',(0.686598895251,-0.707106756881,-0.169062093364));
#8603 = DIRECTION('',(0.717433929843,0.69662655441,2.844946500602E-15));
#8604 = ADVANCED_FACE('',(#8605),#8623,.F.);
#8605 = FACE_BOUND('',#8606,.T.);
#8606 = EDGE_LOOP('',(#8607,#8608,#8609,#8617));
#8607 = ORIENTED_EDGE('',*,*,#6740,.F.);
#8608 = ORIENTED_EDGE('',*,*,#8281,.T.);
#8609 = ORIENTED_EDGE('',*,*,#8610,.T.);
#8610 = EDGE_CURVE('',#8274,#8611,#8613,.T.);
#8611 = VERTEX_POINT('',#8612);
#8612 = CARTESIAN_POINT('',(18.584871691527,-34.2407800626,3.98500550281
    ));
#8613 = LINE('',#8614,#8615);
#8614 = CARTESIAN_POINT('',(2.490880159176,-34.24078063232,3.98500550281
    ));
#8615 = VECTOR('',#8616,1.);
#8616 = DIRECTION('',(-1.,-3.539992437E-08,2.417E-14));
#8617 = ORIENTED_EDGE('',*,*,#8618,.F.);
#8618 = EDGE_CURVE('',#6741,#8611,#8619,.T.);
#8619 = LINE('',#8620,#8621);
#8620 = CARTESIAN_POINT('',(14.923358923367,-34.24078019221,
    -10.88521454405));
#8621 = VECTOR('',#8622,1.);
#8622 = DIRECTION('',(0.239089905319,8.46379907E-09,0.970997434175));
#8623 = PLANE('',#8624);
#8624 = AXIS2_PLACEMENT_3D('',#8625,#8626,#8627);
#8625 = CARTESIAN_POINT('',(4.981759456245,-34.24078054415,
    -10.84481768117));
#8626 = DIRECTION('',(-3.539992437E-08,1.,-3.554E-14));
#8627 = DIRECTION('',(-1.,-3.539992437E-08,-9.21E-15));
#8628 = ADVANCED_FACE('',(#8629),#8640,.T.);
#8629 = FACE_BOUND('',#8630,.T.);
#8630 = EDGE_LOOP('',(#8631,#8632,#8638,#8639));
#8631 = ORIENTED_EDGE('',*,*,#8618,.T.);
#8632 = ORIENTED_EDGE('',*,*,#8633,.T.);
#8633 = EDGE_CURVE('',#8611,#6774,#8634,.T.);
#8634 = LINE('',#8635,#8636);
#8635 = CARTESIAN_POINT('',(18.218718685836,-33.7735322161,
    4.452253362267));
#8636 = VECTOR('',#8637,1.);
#8637 = DIRECTION('',(-0.48468010264,0.618500273597,0.618500290756));
#8638 = ORIENTED_EDGE('',*,*,#6773,.F.);
#8639 = ORIENTED_EDGE('',*,*,#6748,.F.);
#8640 = PLANE('',#8641);
#8641 = AXIS2_PLACEMENT_3D('',#8642,#8643,#8644);
#8642 = CARTESIAN_POINT('',(15.725031350597,-34.49078016384,
    -8.675075807363));
#8643 = DIRECTION('',(-0.686598845188,-0.707106805492,0.169062093364));
#8644 = DIRECTION('',(0.717433979164,-0.696626503616,2.683964162031E-14)
  );
#8645 = ADVANCED_FACE('',(#8646),#8665,.F.);
#8646 = FACE_BOUND('',#8647,.F.);
#8647 = EDGE_LOOP('',(#8648,#8656,#8663,#8664));
#8648 = ORIENTED_EDGE('',*,*,#8649,.T.);
#8649 = EDGE_CURVE('',#6757,#8650,#8652,.T.);
#8650 = VERTEX_POINT('',#8651);
#8651 = CARTESIAN_POINT('',(18.875163849837,-31.50799263054,
    4.48500550281));
#8652 = LINE('',#8653,#8654);
#8653 = CARTESIAN_POINT('',(19.504283772269,-31.49762122444,
    7.569224271265));
#8654 = VECTOR('',#8655,1.);
#8655 = DIRECTION('',(0.199863624084,3.294867536082E-03,0.979818184979)
  );
#8656 = ORIENTED_EDGE('',*,*,#8657,.F.);
#8657 = EDGE_CURVE('',#8650,#8650,#8658,.T.);
#8658 = ELLIPSE('',#8659,1.735015767274,1.7);
#8659 = AXIS2_PLACEMENT_3D('',#8660,#8661,#8662);
#8660 = CARTESIAN_POINT('',(20.46117384369,-30.81770332762,4.48500550281
    ));
#8661 = DIRECTION('',(2.417E-14,1.752E-14,1.));
#8662 = DIRECTION('',(0.999864140537,1.648333913795E-02,
    -2.445550437846E-14));
#8663 = ORIENTED_EDGE('',*,*,#8649,.F.);
#8664 = ORIENTED_EDGE('',*,*,#6756,.F.);
#8665 = CYLINDRICAL_SURFACE('',#8666,1.7);
#8666 = AXIS2_PLACEMENT_3D('',#8667,#8668,#8669);
#8667 = CARTESIAN_POINT('',(21.02648528211,-30.80838384132,7.25640740287
    ));
#8668 = DIRECTION('',(0.199863624084,3.294867536082E-03,0.979818184979)
  );
#8669 = DIRECTION('',(0.895412652846,0.405433754778,-0.184009922585));
#8670 = ADVANCED_FACE('',(#8671),#8685,.F.);
#8671 = FACE_BOUND('',#8672,.T.);
#8672 = EDGE_LOOP('',(#8673,#8674,#8675,#8676,#8677,#8678,#8679));
#8673 = ORIENTED_EDGE('',*,*,#6806,.T.);
#8674 = ORIENTED_EDGE('',*,*,#6781,.F.);
#8675 = ORIENTED_EDGE('',*,*,#8633,.F.);
#8676 = ORIENTED_EDGE('',*,*,#8610,.F.);
#8677 = ORIENTED_EDGE('',*,*,#8273,.F.);
#8678 = ORIENTED_EDGE('',*,*,#8304,.T.);
#8679 = ORIENTED_EDGE('',*,*,#8680,.F.);
#8680 = EDGE_CURVE('',#6807,#8297,#8681,.T.);
#8681 = LINE('',#8682,#8683);
#8682 = CARTESIAN_POINT('',(2.490880141476,-33.74078063232,4.48500550281
    ));
#8683 = VECTOR('',#8684,1.);
#8684 = DIRECTION('',(1.,3.539992437E-08,-2.417E-14));
#8685 = PLANE('',#8686);
#8686 = AXIS2_PLACEMENT_3D('',#8687,#8688,#8689);
#8687 = CARTESIAN_POINT('',(2.490880150326,-33.99078063232,4.23500550281
    ));
#8688 = DIRECTION('',(-2.503154368E-08,0.707106781187,-0.707106781187));
#8689 = DIRECTION('',(-1.,-3.53999577997E-08,-9.240304742239E-15));
#8690 = ADVANCED_FACE('',(#8691,#8700),#8703,.F.);
#8691 = FACE_BOUND('',#8692,.T.);
#8692 = EDGE_LOOP('',(#8693,#8694,#8695,#8696,#8697,#8698,#8699));
#8693 = ORIENTED_EDGE('',*,*,#8198,.T.);
#8694 = ORIENTED_EDGE('',*,*,#8232,.F.);
#8695 = ORIENTED_EDGE('',*,*,#8247,.T.);
#8696 = ORIENTED_EDGE('',*,*,#6837,.T.);
#8697 = ORIENTED_EDGE('',*,*,#6814,.T.);
#8698 = ORIENTED_EDGE('',*,*,#8680,.T.);
#8699 = ORIENTED_EDGE('',*,*,#8296,.T.);
#8700 = FACE_BOUND('',#8701,.T.);
#8701 = EDGE_LOOP('',(#8702));
#8702 = ORIENTED_EDGE('',*,*,#8657,.F.);
#8703 = PLANE('',#8704);
#8704 = AXIS2_PLACEMENT_3D('',#8705,#8706,#8707);
#8705 = CARTESIAN_POINT('',(5.4350619094E-07,-25.2407807205,
    4.48500550281));
#8706 = DIRECTION('',(-2.417E-14,-1.752E-14,-1.));
#8707 = DIRECTION('',(1.,3.539987946E-08,-2.417000062021E-14));
#8708 = ADVANCED_FACE('',(#8709),#8712,.F.);
#8709 = FACE_BOUND('',#8710,.T.);
#8710 = EDGE_LOOP('',(#8711));
#8711 = ORIENTED_EDGE('',*,*,#7239,.F.);
#8712 = PLANE('',#8713);
#8713 = AXIS2_PLACEMENT_3D('',#8714,#8715,#8716);
#8714 = CARTESIAN_POINT('',(-4.981757845446,-11.2622080445,
    -24.23082402724));
#8715 = DIRECTION('',(2.644E-14,1.746E-14,1.));
#8716 = DIRECTION('',(-3.539989091E-08,1.,-1.745999906403E-14));
#8717 = ADVANCED_FACE('',(#8718),#8721,.F.);
#8718 = FACE_BOUND('',#8719,.T.);
#8719 = EDGE_LOOP('',(#8720));
#8720 = ORIENTED_EDGE('',*,*,#7264,.F.);
#8721 = PLANE('',#8722);
#8722 = AXIS2_PLACEMENT_3D('',#8723,#8724,#8725);
#8723 = CARTESIAN_POINT('',(-4.981757845446,-11.2622080445,
    -24.23082402724));
#8724 = DIRECTION('',(2.644E-14,1.746E-14,1.));
#8725 = DIRECTION('',(-3.539989091E-08,1.,-1.745999906403E-14));
#8726 = ADVANCED_FACE('',(#8727),#8730,.F.);
#8727 = FACE_BOUND('',#8728,.T.);
#8728 = EDGE_LOOP('',(#8729));
#8729 = ORIENTED_EDGE('',*,*,#7289,.F.);
#8730 = PLANE('',#8731);
#8731 = AXIS2_PLACEMENT_3D('',#8732,#8733,#8734);
#8732 = CARTESIAN_POINT('',(-4.981757845446,-11.2622080445,
    -24.23082402724));
#8733 = DIRECTION('',(2.644E-14,1.746E-14,1.));
#8734 = DIRECTION('',(-3.539989091E-08,1.,-1.745999906403E-14));
#8735 = ADVANCED_FACE('',(#8736),#8739,.F.);
#8736 = FACE_BOUND('',#8737,.T.);
#8737 = EDGE_LOOP('',(#8738));
#8738 = ORIENTED_EDGE('',*,*,#7314,.F.);
#8739 = PLANE('',#8740);
#8740 = AXIS2_PLACEMENT_3D('',#8741,#8742,#8743);
#8741 = CARTESIAN_POINT('',(-4.981757845446,-11.2622080445,
    -24.23082402724));
#8742 = DIRECTION('',(2.644E-14,1.746E-14,1.));
#8743 = DIRECTION('',(-3.539989091E-08,1.,-1.745999906403E-14));
#8744 = ADVANCED_FACE('',(#8745),#8763,.T.);
#8745 = FACE_BOUND('',#8746,.T.);
#8746 = EDGE_LOOP('',(#8747,#8748,#8756,#8762));
#8747 = ORIENTED_EDGE('',*,*,#7331,.T.);
#8748 = ORIENTED_EDGE('',*,*,#8749,.F.);
#8749 = EDGE_CURVE('',#8750,#7334,#8752,.T.);
#8750 = VERTEX_POINT('',#8751);
#8751 = CARTESIAN_POINT('',(-22.01501448016,-25.10924747419,
    4.485005502809));
#8752 = LINE('',#8753,#8754);
#8753 = CARTESIAN_POINT('',(169.78940646919,104.35721692672,
    -77.83878649653));
#8754 = VECTOR('',#8755,1.);
#8755 = DIRECTION('',(0.780908590112,0.527107110887,-0.335171400245));
#8756 = ORIENTED_EDGE('',*,*,#8757,.T.);
#8757 = EDGE_CURVE('',#8750,#7521,#8758,.T.);
#8758 = LINE('',#8759,#8760);
#8759 = CARTESIAN_POINT('',(168.42273446919,-25.10924073271,
    4.485005502817));
#8760 = VECTOR('',#8761,1.);
#8761 = DIRECTION('',(1.,3.539990153E-08,4.286E-14));
#8762 = ORIENTED_EDGE('',*,*,#7531,.T.);
#8763 = PLANE('',#8764);
#8764 = AXIS2_PLACEMENT_3D('',#8765,#8766,#8767);
#8765 = CARTESIAN_POINT('',(168.42273445658,-24.75319911756,
    4.258609443099));
#8766 = DIRECTION('',(-1.899487157E-08,0.53657876374,0.843850241632));
#8767 = DIRECTION('',(-1.,-3.539995409106E-08,-9.441671251292E-15));
#8768 = ADVANCED_FACE('',(#8769),#8789,.F.);
#8769 = FACE_BOUND('',#8770,.T.);
#8770 = EDGE_LOOP('',(#8771,#8772,#8773,#8774,#8782,#8788));
#8771 = ORIENTED_EDGE('',*,*,#7358,.F.);
#8772 = ORIENTED_EDGE('',*,*,#7843,.F.);
#8773 = ORIENTED_EDGE('',*,*,#7812,.T.);
#8774 = ORIENTED_EDGE('',*,*,#8775,.T.);
#8775 = EDGE_CURVE('',#7805,#8776,#8778,.T.);
#8776 = VERTEX_POINT('',#8777);
#8777 = CARTESIAN_POINT('',(-23.54867706695,-26.13775951304,
    4.485005502809));
#8778 = LINE('',#8779,#8780);
#8779 = CARTESIAN_POINT('',(41.529945925861,16.605038121542,
    92.986109025409));
#8780 = VECTOR('',#8781,1.);
#8781 = DIRECTION('',(0.552096545735,0.362609868553,0.750801896252));
#8782 = ORIENTED_EDGE('',*,*,#8783,.T.);
#8783 = EDGE_CURVE('',#8776,#8750,#8784,.T.);
#8784 = LINE('',#8785,#8786);
#8785 = CARTESIAN_POINT('',(135.58289608891,80.579806763785,
    4.485005502814));
#8786 = VECTOR('',#8787,1.);
#8787 = DIRECTION('',(0.830529975904,0.556973930382,2.584E-14));
#8788 = ORIENTED_EDGE('',*,*,#8749,.T.);
#8789 = PLANE('',#8790);
#8790 = AXIS2_PLACEMENT_3D('',#8791,#8792,#8793);
#8791 = CARTESIAN_POINT('',(278.03007952581,176.16473127062,
    -1.050136445422));
#8792 = DIRECTION('',(0.556954042132,-0.830500319602,-8.450685994711E-03
    ));
#8793 = DIRECTION('',(0.830541564277,0.556944918763,3.614895855102E-03)
  );
#8794 = ADVANCED_FACE('',(#8795),#8821,.T.);
#8795 = FACE_BOUND('',#8796,.T.);
#8796 = EDGE_LOOP('',(#8797,#8798,#8799,#8807,#8815));
#8797 = ORIENTED_EDGE('',*,*,#7861,.F.);
#8798 = ORIENTED_EDGE('',*,*,#7407,.F.);
#8799 = ORIENTED_EDGE('',*,*,#8800,.T.);
#8800 = EDGE_CURVE('',#7408,#8801,#8803,.T.);
#8801 = VERTEX_POINT('',#8802);
#8802 = CARTESIAN_POINT('',(-21.6701882005,-34.24078148762,
    3.985005502809));
#8803 = LINE('',#8804,#8805);
#8804 = CARTESIAN_POINT('',(-17.90225610075,-34.24078135424,
    -13.6114814635));
#8805 = VECTOR('',#8806,1.);
#8806 = DIRECTION('',(-0.209383314282,-7.41210472E-09,0.977833640094));
#8807 = ORIENTED_EDGE('',*,*,#8808,.F.);
#8808 = EDGE_CURVE('',#8809,#8801,#8811,.T.);
#8809 = VERTEX_POINT('',#8810);
#8810 = CARTESIAN_POINT('',(-21.67701771866,-34.23520501896,
    3.990581971717));
#8811 = LINE('',#8812,#8813);
#8812 = CARTESIAN_POINT('',(-15.49775257321,-39.28072619014,
    -1.054939418217));
#8813 = VECTOR('',#8814,1.);
#8814 = DIRECTION('',(0.654640887017,-0.534530300484,-0.534530323658));
#8815 = ORIENTED_EDGE('',*,*,#8816,.F.);
#8816 = EDGE_CURVE('',#7862,#8809,#8817,.T.);
#8817 = LINE('',#8818,#8819);
#8818 = CARTESIAN_POINT('',(-19.97446770516,-35.91994191099,
    3.990581971717));
#8819 = VECTOR('',#8820,1.);
#8820 = DIRECTION('',(0.710815497457,-0.703378510174,4.279E-14));
#8821 = PLANE('',#8822);
#8822 = AXIS2_PLACEMENT_3D('',#8823,#8824,#8825);
#8823 = CARTESIAN_POINT('',(-22.75268319771,-29.22102959196,
    -14.65010237241));
#8824 = DIRECTION('',(-0.69553377339,-0.702887816416,-0.148934507779));
#8825 = DIRECTION('',(0.710815497457,-0.703378510174,5.377642775528E-14)
  );
#8826 = ADVANCED_FACE('',(#8827),#8845,.T.);
#8827 = FACE_BOUND('',#8828,.T.);
#8828 = EDGE_LOOP('',(#8829,#8830,#8838,#8844));
#8829 = ORIENTED_EDGE('',*,*,#7415,.F.);
#8830 = ORIENTED_EDGE('',*,*,#8831,.T.);
#8831 = EDGE_CURVE('',#7416,#8832,#8834,.T.);
#8832 = VERTEX_POINT('',#8833);
#8833 = CARTESIAN_POINT('',(-18.58486926729,-34.2407813784,3.98500550281
    ));
#8834 = LINE('',#8835,#8836);
#8835 = CARTESIAN_POINT('',(-14.92335649913,-34.24078124878,
    -10.88521454405));
#8836 = VECTOR('',#8837,1.);
#8837 = DIRECTION('',(-0.239089905319,-8.46371405E-09,0.970997434175));
#8838 = ORIENTED_EDGE('',*,*,#8839,.F.);
#8839 = EDGE_CURVE('',#8801,#8832,#8840,.T.);
#8840 = LINE('',#8841,#8842);
#8841 = CARTESIAN_POINT('',(-2.490877734938,-34.24078080868,
    3.98500550281));
#8842 = VECTOR('',#8843,1.);
#8843 = DIRECTION('',(1.,3.539985743E-08,4.286E-14));
#8844 = ORIENTED_EDGE('',*,*,#8800,.F.);
#8845 = PLANE('',#8846);
#8846 = AXIS2_PLACEMENT_3D('',#8847,#8848,#8849);
#8847 = CARTESIAN_POINT('',(-4.981757032007,-34.24078089685,
    -10.84481768117));
#8848 = DIRECTION('',(3.539985743E-08,-1.,3.554E-14));
#8849 = DIRECTION('',(1.,3.539985743E-08,9.48E-15));
#8850 = ADVANCED_FACE('',(#8851),#8862,.F.);
#8851 = FACE_BOUND('',#8852,.T.);
#8852 = EDGE_LOOP('',(#8853,#8854,#8855,#8856));
#8853 = ORIENTED_EDGE('',*,*,#8831,.F.);
#8854 = ORIENTED_EDGE('',*,*,#7423,.F.);
#8855 = ORIENTED_EDGE('',*,*,#7456,.T.);
#8856 = ORIENTED_EDGE('',*,*,#8857,.F.);
#8857 = EDGE_CURVE('',#8832,#7457,#8858,.T.);
#8858 = LINE('',#8859,#8860);
#8859 = CARTESIAN_POINT('',(-18.21871629468,-33.77353350598,
    4.452253362267));
#8860 = VECTOR('',#8861,1.);
#8861 = DIRECTION('',(0.48468005885,0.618500307913,0.618500290756));
#8862 = PLANE('',#8863);
#8863 = AXIS2_PLACEMENT_3D('',#8864,#8865,#8866);
#8864 = CARTESIAN_POINT('',(-15.72502890866,-34.49078127716,
    -8.675075807364));
#8865 = DIRECTION('',(-0.686598895251,0.707106756881,-0.169062093364));
#8866 = DIRECTION('',(-0.717433929843,-0.69662655441,1.375288771754E-14)
  );
#8867 = ADVANCED_FACE('',(#8868),#8887,.F.);
#8868 = FACE_BOUND('',#8869,.F.);
#8869 = EDGE_LOOP('',(#8870,#8878,#8885,#8886));
#8870 = ORIENTED_EDGE('',*,*,#8871,.T.);
#8871 = EDGE_CURVE('',#7440,#8872,#8874,.T.);
#8872 = VERTEX_POINT('',#8873);
#8873 = CARTESIAN_POINT('',(-18.87516161908,-31.5079939669,
    4.485005502809));
#8874 = LINE('',#8875,#8876);
#8875 = CARTESIAN_POINT('',(-19.50428154225,-31.49762260534,
    7.569224271265));
#8876 = VECTOR('',#8877,1.);
#8877 = DIRECTION('',(-0.199863624319,3.29485338578E-03,0.979818184979)
  );
#8878 = ORIENTED_EDGE('',*,*,#8879,.T.);
#8879 = EDGE_CURVE('',#8872,#8872,#8880,.T.);
#8880 = ELLIPSE('',#8881,1.735015767274,1.7);
#8881 = AXIS2_PLACEMENT_3D('',#8882,#8883,#8884);
#8882 = CARTESIAN_POINT('',(-20.4611716618,-30.81770477627,
    4.485005502809));
#8883 = DIRECTION('',(4.286E-14,-1.752E-14,-1.));
#8884 = DIRECTION('',(-0.999864141704,1.648326834778E-02,
    -4.314296397487E-14));
#8885 = ORIENTED_EDGE('',*,*,#8871,.F.);
#8886 = ORIENTED_EDGE('',*,*,#7439,.F.);
#8887 = CYLINDRICAL_SURFACE('',#8888,1.7);
#8888 = AXIS2_PLACEMENT_3D('',#8889,#8890,#8891);
#8889 = CARTESIAN_POINT('',(-21.02648310088,-30.80838532999,
    7.256407402869));
#8890 = DIRECTION('',(0.199863624319,-3.29485338578E-03,-0.979818184979)
  );
#8891 = DIRECTION('',(-0.895412681551,0.405433691383,-0.184009922586));
#8892 = ADVANCED_FACE('',(#8893),#8914,.T.);
#8893 = FACE_BOUND('',#8894,.T.);
#8894 = EDGE_LOOP('',(#8895,#8896,#8904,#8910,#8911,#8912,#8913));
#8895 = ORIENTED_EDGE('',*,*,#7506,.F.);
#8896 = ORIENTED_EDGE('',*,*,#8897,.T.);
#8897 = EDGE_CURVE('',#7499,#8898,#8900,.T.);
#8898 = VERTEX_POINT('',#8899);
#8899 = CARTESIAN_POINT('',(-21.57168490826,-33.74078148413,
    4.485005502809));
#8900 = LINE('',#8901,#8902);
#8901 = CARTESIAN_POINT('',(-2.490877752638,-33.74078080868,
    4.48500550281));
#8902 = VECTOR('',#8903,1.);
#8903 = DIRECTION('',(-1.,-3.539985743E-08,-4.286E-14));
#8904 = ORIENTED_EDGE('',*,*,#8905,.F.);
#8905 = EDGE_CURVE('',#8809,#8898,#8906,.T.);
#8906 = LINE('',#8907,#8908);
#8907 = CARTESIAN_POINT('',(-21.67701771866,-34.23520501896,
    3.990581971717));
#8908 = VECTOR('',#8909,1.);
#8909 = DIRECTION('',(0.148962454329,0.69921748926,0.699217483987));
#8910 = ORIENTED_EDGE('',*,*,#8808,.T.);
#8911 = ORIENTED_EDGE('',*,*,#8839,.T.);
#8912 = ORIENTED_EDGE('',*,*,#8857,.T.);
#8913 = ORIENTED_EDGE('',*,*,#7474,.T.);
#8914 = PLANE('',#8915);
#8915 = AXIS2_PLACEMENT_3D('',#8916,#8917,#8918);
#8916 = CARTESIAN_POINT('',(-2.490877743788,-33.99078080868,
    4.23500550281));
#8917 = DIRECTION('',(2.503144894E-08,-0.707106781187,0.707106781187));
#8918 = DIRECTION('',(1.,3.53998240134E-08,9.436601193311E-15));
#8919 = ADVANCED_FACE('',(#8920,#8941),#8944,.T.);
#8920 = FACE_BOUND('',#8921,.T.);
#8921 = EDGE_LOOP('',(#8922,#8923,#8924,#8932,#8938,#8939,#8940));
#8922 = ORIENTED_EDGE('',*,*,#8757,.F.);
#8923 = ORIENTED_EDGE('',*,*,#8783,.F.);
#8924 = ORIENTED_EDGE('',*,*,#8925,.F.);
#8925 = EDGE_CURVE('',#8926,#8776,#8928,.T.);
#8926 = VERTEX_POINT('',#8927);
#8927 = CARTESIAN_POINT('',(-23.54867686706,-31.7844740266,
    4.485005502809));
#8928 = LINE('',#8929,#8930);
#8929 = CARTESIAN_POINT('',(-23.54867709871,-25.24078155412,
    4.485005502809));
#8930 = VECTOR('',#8931,1.);
#8931 = DIRECTION('',(-3.539990155E-08,1.,-1.752E-14));
#8932 = ORIENTED_EDGE('',*,*,#8933,.F.);
#8933 = EDGE_CURVE('',#8898,#8926,#8934,.T.);
#8934 = LINE('',#8935,#8936);
#8935 = CARTESIAN_POINT('',(-19.67515711617,-35.61746664038,
    4.485005502809));
#8936 = VECTOR('',#8937,1.);
#8937 = DIRECTION('',(-0.710815497457,0.703378510174,-4.278E-14));
#8938 = ORIENTED_EDGE('',*,*,#8897,.F.);
#8939 = ORIENTED_EDGE('',*,*,#7498,.F.);
#8940 = ORIENTED_EDGE('',*,*,#7520,.F.);
#8941 = FACE_BOUND('',#8942,.T.);
#8942 = EDGE_LOOP('',(#8943));
#8943 = ORIENTED_EDGE('',*,*,#8879,.T.);
#8944 = PLANE('',#8945);
#8945 = AXIS2_PLACEMENT_3D('',#8946,#8947,#8948);
#8946 = CARTESIAN_POINT('',(1.24353295639E-06,-25.2407807205,
    4.48500550281));
#8947 = DIRECTION('',(-4.286E-14,1.752E-14,1.));
#8948 = DIRECTION('',(-1.,-3.539990233E-08,-4.285999937979E-14));
#8949 = ADVANCED_FACE('',(#8950),#8958,.T.);
#8950 = FACE_BOUND('',#8951,.T.);
#8951 = EDGE_LOOP('',(#8952,#8953,#8954,#8955,#8956,#8957));
#8952 = ORIENTED_EDGE('',*,*,#8567,.F.);
#8953 = ORIENTED_EDGE('',*,*,#8478,.F.);
#8954 = ORIENTED_EDGE('',*,*,#8452,.F.);
#8955 = ORIENTED_EDGE('',*,*,#7570,.F.);
#8956 = ORIENTED_EDGE('',*,*,#7730,.F.);
#8957 = ORIENTED_EDGE('',*,*,#8591,.T.);
#8958 = PLANE('',#8959);
#8959 = AXIS2_PLACEMENT_3D('',#8960,#8961,#8962);
#8960 = CARTESIAN_POINT('',(9.874368939041,4.716365333749,
    -12.49593525368));
#8961 = DIRECTION('',(-0.970997434175,-3.437318858E-08,0.239089905319));
#8962 = DIRECTION('',(0.239089905319,8.46377145E-09,0.970997434175));
#8963 = ADVANCED_FACE('',(#8964),#8984,.F.);
#8964 = FACE_BOUND('',#8965,.T.);
#8965 = EDGE_LOOP('',(#8966,#8974,#8980,#8981,#8982,#8983));
#8966 = ORIENTED_EDGE('',*,*,#8967,.F.);
#8967 = EDGE_CURVE('',#8968,#8367,#8970,.T.);
#8968 = VERTEX_POINT('',#8969);
#8969 = CARTESIAN_POINT('',(-12.17540177178,11.21636455318,
    -3.150929968324));
#8970 = LINE('',#8971,#8972);
#8971 = CARTESIAN_POINT('',(-12.17540160363,6.46636466449,
    -3.150929968324));
#8972 = VECTOR('',#8973,1.);
#8973 = DIRECTION('',(3.539990158E-08,-1.,1.794E-14));
#8974 = ORIENTED_EDGE('',*,*,#8975,.F.);
#8975 = EDGE_CURVE('',#7650,#8968,#8976,.T.);
#8976 = LINE('',#8977,#8978);
#8977 = CARTESIAN_POINT('',(-10.94764513483,11.216364596642,
    -8.137123520396));
#8978 = VECTOR('',#8979,1.);
#8979 = DIRECTION('',(0.239089905319,8.46374168E-09,-0.970997434175));
#8980 = ORIENTED_EDGE('',*,*,#7665,.T.);
#8981 = ORIENTED_EDGE('',*,*,#7625,.T.);
#8982 = ORIENTED_EDGE('',*,*,#8392,.T.);
#8983 = ORIENTED_EDGE('',*,*,#8374,.F.);
#8984 = PLANE('',#8985);
#8985 = AXIS2_PLACEMENT_3D('',#8986,#8987,#8988);
#8986 = CARTESIAN_POINT('',(-9.87436927296,4.716364634636,
    -12.49593525368));
#8987 = DIRECTION('',(-0.970997434175,-3.43732179E-08,-0.239089905319));
#8988 = DIRECTION('',(-0.239089905319,-8.46374167E-09,0.970997434175));
#8989 = ADVANCED_FACE('',(#8990),#9003,.T.);
#8990 = FACE_BOUND('',#8991,.T.);
#8991 = EDGE_LOOP('',(#8992,#8998,#8999,#9000,#9001,#9002));
#8992 = ORIENTED_EDGE('',*,*,#8993,.F.);
#8993 = EDGE_CURVE('',#7908,#8968,#8994,.T.);
#8994 = LINE('',#8995,#8996);
#8995 = CARTESIAN_POINT('',(-12.48226155446,11.767396897107,
    -4.209411763069));
#8996 = VECTOR('',#8997,1.);
#8997 = DIRECTION('',(0.24904502528,-0.447213586684,0.85905563456));
#8998 = ORIENTED_EDGE('',*,*,#7931,.F.);
#8999 = ORIENTED_EDGE('',*,*,#7983,.T.);
#9000 = ORIENTED_EDGE('',*,*,#7679,.T.);
#9001 = ORIENTED_EDGE('',*,*,#7647,.T.);
#9002 = ORIENTED_EDGE('',*,*,#8975,.T.);
#9003 = PLANE('',#9004);
#9004 = AXIS2_PLACEMENT_3D('',#9005,#9006,#9007);
#9005 = CARTESIAN_POINT('',(-11.19039450222,11.466364588049,
    -8.196895996726));
#9006 = DIRECTION('',(0.686598845188,0.707106805492,0.169062093364));
#9007 = DIRECTION('',(-0.717433979164,0.696626503616,-1.001976279724E-14
    ));
#9008 = ADVANCED_FACE('',(#9009),#9021,.T.);
#9009 = FACE_BOUND('',#9010,.T.);
#9010 = EDGE_LOOP('',(#9011,#9012,#9013,#9014,#9015));
#9011 = ORIENTED_EDGE('',*,*,#8925,.T.);
#9012 = ORIENTED_EDGE('',*,*,#8775,.F.);
#9013 = ORIENTED_EDGE('',*,*,#7802,.F.);
#9014 = ORIENTED_EDGE('',*,*,#7877,.T.);
#9015 = ORIENTED_EDGE('',*,*,#9016,.F.);
#9016 = EDGE_CURVE('',#8926,#7870,#9017,.T.);
#9017 = LINE('',#9018,#9019);
#9018 = CARTESIAN_POINT('',(-23.54867686706,-31.7844740266,
    4.485005502809));
#9019 = VECTOR('',#9020,1.);
#9020 = DIRECTION('',(-0.552066427218,-0.362740505392,-0.750760937773));
#9021 = PLANE('',#9022);
#9022 = AXIS2_PLACEMENT_3D('',#9023,#9024,#9025);
#9023 = CARTESIAN_POINT('',(-23.72415531541,-25.24078156033,
    4.246370836815));
#9024 = DIRECTION('',(-0.805632401654,-2.851929733E-08,0.592415760598));
#9025 = DIRECTION('',(3.539990290957E-08,-1.,1.93603180677E-14));
#9026 = ADVANCED_FACE('',(#9027),#9034,.T.);
#9027 = FACE_BOUND('',#9028,.T.);
#9028 = EDGE_LOOP('',(#9029,#9030,#9031,#9032,#9033));
#9029 = ORIENTED_EDGE('',*,*,#8933,.T.);
#9030 = ORIENTED_EDGE('',*,*,#9016,.T.);
#9031 = ORIENTED_EDGE('',*,*,#7869,.T.);
#9032 = ORIENTED_EDGE('',*,*,#8816,.T.);
#9033 = ORIENTED_EDGE('',*,*,#8905,.T.);
#9034 = PLANE('',#9035);
#9035 = AXIS2_PLACEMENT_3D('',#9036,#9037,#9038);
#9036 = CARTESIAN_POINT('',(-19.82481241067,-35.76870427568,
    4.237793737263));
#9037 = DIRECTION('',(-0.53311602153,-0.538752783266,0.652328710169));
#9038 = DIRECTION('',(0.710815497457,-0.703378510174,2.214894934127E-14)
  );
#9039 = ADVANCED_FACE('',(#9040),#9047,.T.);
#9040 = FACE_BOUND('',#9041,.T.);
#9041 = EDGE_LOOP('',(#9042,#9043,#9044,#9045,#9046));
#9042 = ORIENTED_EDGE('',*,*,#7963,.T.);
#9043 = ORIENTED_EDGE('',*,*,#7905,.T.);
#9044 = ORIENTED_EDGE('',*,*,#8993,.T.);
#9045 = ORIENTED_EDGE('',*,*,#8967,.T.);
#9046 = ORIENTED_EDGE('',*,*,#8366,.F.);
#9047 = PLANE('',#9048);
#9048 = AXIS2_PLACEMENT_3D('',#9049,#9050,#9051);
#9049 = CARTESIAN_POINT('',(-12.29597000039,6.466364660222,
    -3.566818489088));
#9050 = DIRECTION('',(0.960453397665,3.399995077E-08,-0.278440785293));
#9051 = DIRECTION('',(0.278440785293,9.85676906E-09,0.960453397665));
#9052 = ADVANCED_FACE('',(#9053),#9058,.T.);
#9053 = FACE_BOUND('',#9054,.T.);
#9054 = EDGE_LOOP('',(#9055,#9056,#9057));
#9055 = ORIENTED_EDGE('',*,*,#7954,.T.);
#9056 = ORIENTED_EDGE('',*,*,#8094,.T.);
#9057 = ORIENTED_EDGE('',*,*,#8409,.T.);
#9058 = PLANE('',#9059);
#9059 = AXIS2_PLACEMENT_3D('',#9060,#9061,#9062);
#9060 = CARTESIAN_POINT('',(-12.24999981694,4.716364550549,
    -4.860829794896));
#9061 = DIRECTION('',(3.539987414E-08,-1.,-1.7E-16));
#9062 = DIRECTION('',(2.8E-16,1.70000009912E-16,-1.));
#9063 = ADVANCED_FACE('',(#9064),#9092,.F.);
#9064 = FACE_BOUND('',#9065,.F.);
#9065 = EDGE_LOOP('',(#9066,#9067,#9075,#9084,#9091));
#9066 = ORIENTED_EDGE('',*,*,#8422,.F.);
#9067 = ORIENTED_EDGE('',*,*,#9068,.T.);
#9068 = EDGE_CURVE('',#8423,#9069,#9071,.T.);
#9069 = VERTEX_POINT('',#9070);
#9070 = CARTESIAN_POINT('',(-15.24999964702,-8.363621054815E-02,
    -15.33582979489));
#9071 = LINE('',#9072,#9073);
#9072 = CARTESIAN_POINT('',(-15.24999964702,-8.363621054815E-02,
    -15.33582979489));
#9073 = VECTOR('',#9074,1.);
#9074 = DIRECTION('',(-0.866025386085,-0.500000030657,-1.8E-16));
#9075 = ORIENTED_EDGE('',*,*,#9076,.T.);
#9076 = EDGE_CURVE('',#9069,#9077,#9079,.T.);
#9077 = VERTEX_POINT('',#9078);
#9078 = CARTESIAN_POINT('',(-15.24999882574,-1.783635148552,
    -17.03582979489));
#9079 = CIRCLE('',#9080,1.7);
#9080 = AXIS2_PLACEMENT_3D('',#9081,#9082,#9083);
#9081 = CARTESIAN_POINT('',(-15.24999958684,-1.783636210548,
    -15.33582979489));
#9082 = DIRECTION('',(1.,3.539987414E-08,1.7E-16));
#9083 = DIRECTION('',(-3.539987414E-08,1.,6.E-17));
#9084 = ORIENTED_EDGE('',*,*,#9085,.T.);
#9085 = EDGE_CURVE('',#9077,#9069,#9086,.T.);
#9086 = CIRCLE('',#9087,1.7);
#9087 = AXIS2_PLACEMENT_3D('',#9088,#9089,#9090);
#9088 = CARTESIAN_POINT('',(-15.24999958684,-1.783636210548,
    -15.33582979489));
#9089 = DIRECTION('',(1.,3.539987414E-08,1.7E-16));
#9090 = DIRECTION('',(-3.539987414E-08,1.,6.E-17));
#9091 = ORIENTED_EDGE('',*,*,#9068,.F.);
#9092 = CONICAL_SURFACE('',#9093,2.161880215352,0.523598775598);
#9093 = AXIS2_PLACEMENT_3D('',#9094,#9095,#9096);
#9094 = CARTESIAN_POINT('',(-14.44999958684,-1.783636182228,
    -15.33582979489));
#9095 = DIRECTION('',(1.,3.539987414E-08,1.7E-16));
#9096 = DIRECTION('',(-3.539987414E-08,1.,6.E-17));
#9097 = ADVANCED_FACE('',(#9098),#9126,.F.);
#9098 = FACE_BOUND('',#9099,.F.);
#9099 = EDGE_LOOP('',(#9100,#9101,#9109,#9118,#9125));
#9100 = ORIENTED_EDGE('',*,*,#8433,.F.);
#9101 = ORIENTED_EDGE('',*,*,#9102,.T.);
#9102 = EDGE_CURVE('',#8434,#9103,#9105,.T.);
#9103 = VERTEX_POINT('',#9104);
#9104 = CARTESIAN_POINT('',(-15.24999964702,-8.363621054815E-02,
    -8.035829794896));
#9105 = LINE('',#9106,#9107);
#9106 = CARTESIAN_POINT('',(-15.24999964702,-8.363621054815E-02,
    -8.035829794896));
#9107 = VECTOR('',#9108,1.);
#9108 = DIRECTION('',(-0.866025386085,-0.500000030657,-1.8E-16));
#9109 = ORIENTED_EDGE('',*,*,#9110,.T.);
#9110 = EDGE_CURVE('',#9103,#9111,#9113,.T.);
#9111 = VERTEX_POINT('',#9112);
#9112 = CARTESIAN_POINT('',(-15.24999882574,-1.783635148552,
    -9.735829794896));
#9113 = CIRCLE('',#9114,1.7);
#9114 = AXIS2_PLACEMENT_3D('',#9115,#9116,#9117);
#9115 = CARTESIAN_POINT('',(-15.24999958684,-1.783636210548,
    -8.035829794896));
#9116 = DIRECTION('',(1.,3.539987414E-08,1.7E-16));
#9117 = DIRECTION('',(-3.539987414E-08,1.,6.E-17));
#9118 = ORIENTED_EDGE('',*,*,#9119,.T.);
#9119 = EDGE_CURVE('',#9111,#9103,#9120,.T.);
#9120 = CIRCLE('',#9121,1.7);
#9121 = AXIS2_PLACEMENT_3D('',#9122,#9123,#9124);
#9122 = CARTESIAN_POINT('',(-15.24999958684,-1.783636210548,
    -8.035829794896));
#9123 = DIRECTION('',(1.,3.539987414E-08,1.7E-16));
#9124 = DIRECTION('',(-3.539987414E-08,1.,6.E-17));
#9125 = ORIENTED_EDGE('',*,*,#9102,.F.);
#9126 = CONICAL_SURFACE('',#9127,2.161880215352,0.523598775598);
#9127 = AXIS2_PLACEMENT_3D('',#9128,#9129,#9130);
#9128 = CARTESIAN_POINT('',(-14.44999958684,-1.783636182228,
    -8.035829794896));
#9129 = DIRECTION('',(1.,3.539987414E-08,1.7E-16));
#9130 = DIRECTION('',(-3.539987414E-08,1.,6.E-17));
#9131 = ADVANCED_FACE('',(#9132),#9145,.F.);
#9132 = FACE_BOUND('',#9133,.T.);
#9133 = EDGE_LOOP('',(#9134,#9142,#9143,#9144));
#9134 = ORIENTED_EDGE('',*,*,#9135,.F.);
#9135 = EDGE_CURVE('',#9077,#9136,#9138,.T.);
#9136 = VERTEX_POINT('',#9137);
#9137 = CARTESIAN_POINT('',(-16.27146187809,-1.783635148552,
    -15.33582979489));
#9138 = LINE('',#9139,#9140);
#9139 = CARTESIAN_POINT('',(-15.24999882574,-1.783635148552,
    -17.03582979489));
#9140 = VECTOR('',#9141,1.);
#9141 = DIRECTION('',(-0.51503807491,0.,0.857167300702));
#9142 = ORIENTED_EDGE('',*,*,#9085,.T.);
#9143 = ORIENTED_EDGE('',*,*,#9076,.T.);
#9144 = ORIENTED_EDGE('',*,*,#9135,.T.);
#9145 = CONICAL_SURFACE('',#9146,1.7,1.029744258677);
#9146 = AXIS2_PLACEMENT_3D('',#9147,#9148,#9149);
#9147 = CARTESIAN_POINT('',(-15.24999882574,-1.783635148552,
    -15.33582979489));
#9148 = DIRECTION('',(1.,0.,0.));
#9149 = DIRECTION('',(0.,0.,-1.));
#9150 = ADVANCED_FACE('',(#9151),#9164,.F.);
#9151 = FACE_BOUND('',#9152,.T.);
#9152 = EDGE_LOOP('',(#9153,#9161,#9162,#9163));
#9153 = ORIENTED_EDGE('',*,*,#9154,.F.);
#9154 = EDGE_CURVE('',#9111,#9155,#9157,.T.);
#9155 = VERTEX_POINT('',#9156);
#9156 = CARTESIAN_POINT('',(-16.27146187809,-1.783635148552,
    -8.035829794896));
#9157 = LINE('',#9158,#9159);
#9158 = CARTESIAN_POINT('',(-15.24999882574,-1.783635148552,
    -9.735829794896));
#9159 = VECTOR('',#9160,1.);
#9160 = DIRECTION('',(-0.51503807491,0.,0.857167300702));
#9161 = ORIENTED_EDGE('',*,*,#9119,.T.);
#9162 = ORIENTED_EDGE('',*,*,#9110,.T.);
#9163 = ORIENTED_EDGE('',*,*,#9154,.T.);
#9164 = CONICAL_SURFACE('',#9165,1.7,1.029744258677);
#9165 = AXIS2_PLACEMENT_3D('',#9166,#9167,#9168);
#9166 = CARTESIAN_POINT('',(-15.24999882574,-1.783635148552,
    -8.035829794896));
#9167 = DIRECTION('',(1.,0.,0.));
#9168 = DIRECTION('',(0.,0.,-1.));
#9169 = ADVANCED_FACE('',(#9170),#9196,.T.);
#9170 = FACE_BOUND('',#9171,.T.);
#9171 = EDGE_LOOP('',(#9172,#9173,#9174,#9175,#9176,#9177,#9178,#9179,
    #9180,#9181,#9182,#9183,#9184,#9185,#9186,#9187,#9188,#9189,#9190,
    #9191,#9192,#9193,#9194,#9195));
#9172 = ORIENTED_EDGE('',*,*,#3099,.F.);
#9173 = ORIENTED_EDGE('',*,*,#1020,.F.);
#9174 = ORIENTED_EDGE('',*,*,#3053,.F.);
#9175 = ORIENTED_EDGE('',*,*,#5776,.F.);
#9176 = ORIENTED_EDGE('',*,*,#6071,.T.);
#9177 = ORIENTED_EDGE('',*,*,#6033,.F.);
#9178 = ORIENTED_EDGE('',*,*,#5701,.F.);
#9179 = ORIENTED_EDGE('',*,*,#6012,.F.);
#9180 = ORIENTED_EDGE('',*,*,#5785,.F.);
#9181 = ORIENTED_EDGE('',*,*,#117,.T.);
#9182 = ORIENTED_EDGE('',*,*,#62,.T.);
#9183 = ORIENTED_EDGE('',*,*,#21,.F.);
#9184 = ORIENTED_EDGE('',*,*,#5997,.F.);
#9185 = ORIENTED_EDGE('',*,*,#3595,.T.);
#9186 = ORIENTED_EDGE('',*,*,#5515,.F.);
#9187 = ORIENTED_EDGE('',*,*,#5959,.T.);
#9188 = ORIENTED_EDGE('',*,*,#5877,.F.);
#9189 = ORIENTED_EDGE('',*,*,#5380,.T.);
#9190 = ORIENTED_EDGE('',*,*,#5329,.T.);
#9191 = ORIENTED_EDGE('',*,*,#5302,.F.);
#9192 = ORIENTED_EDGE('',*,*,#3109,.T.);
#9193 = ORIENTED_EDGE('',*,*,#5817,.T.);
#9194 = ORIENTED_EDGE('',*,*,#5807,.T.);
#9195 = ORIENTED_EDGE('',*,*,#5835,.T.);
#9196 = PLANE('',#9197);
#9197 = AXIS2_PLACEMENT_3D('',#9198,#9199,#9200);
#9198 = CARTESIAN_POINT('',(-17.06463458926,-5.060771848339,
    -13.91125585265));
#9199 = DIRECTION('',(-0.954538671049,-3.527011743E-08,-0.298087110543)
  );
#9200 = DIRECTION('',(-0.298087110543,-1.055224629E-08,0.954538671049));
#9201 = ( GEOMETRIC_REPRESENTATION_CONTEXT(3) 
GLOBAL_UNCERTAINTY_ASSIGNED_CONTEXT((#9205)) 
GLOBAL_UNIT_ASSIGNED_CONTEXT((#9202,#9203,#9204)) REPRESENTATION_CONTEXT
('Context #1','3D Context with UNIT and UNCERTAINTY') );
#9202 = ( LENGTH_UNIT() NAMED_UNIT(*) SI_UNIT(.MILLI.,.METRE.) );
#9203 = ( NAMED_UNIT(*) PLANE_ANGLE_UNIT() SI_UNIT($,.RADIAN.) );
#9204 = ( NAMED_UNIT(*) SI_UNIT($,.STERADIAN.) SOLID_ANGLE_UNIT() );
#9205 = UNCERTAINTY_MEASURE_WITH_UNIT(LENGTH_MEASURE(5.E-05),#9202,
  'distance_accuracy_value','confusion accuracy');
#9206 = PRODUCT_RELATED_PRODUCT_CATEGORY('part',$,(#7));
#9207 = MECHANICAL_DESIGN_GEOMETRIC_PRESENTATION_REPRESENTATION('',(
    #9208),#9201);
#9208 = STYLED_ITEM('color',(#9209),#15);
#9209 = PRESENTATION_STYLE_ASSIGNMENT((#9210,#9218));
#9210 = SURFACE_STYLE_USAGE(.BOTH.,#9211);
#9211 = SURFACE_SIDE_STYLE('',(#9212,#9216));
#9212 = SURFACE_STYLE_FILL_AREA(#9213);
#9213 = FILL_AREA_STYLE('',(#9214));
#9214 = FILL_AREA_STYLE_COLOUR('',#9215);
#9215 = COLOUR_RGB('',0.447058818107,0.474509808674,0.501960817233);
#9216 = SURFACE_STYLE_RENDERING_WITH_PROPERTIES(.NORMAL_SHADING.,#9215,(
    #9217));
#9217 = SURFACE_STYLE_TRANSPARENT(0.699999988079);
#9218 = CURVE_STYLE('',#9219,POSITIVE_LENGTH_MEASURE(0.1),#9220);
#9219 = DRAUGHTING_PRE_DEFINED_CURVE_FONT('continuous');
#9220 = COLOUR_RGB('',9.803921802644E-02,9.803921802644E-02,
  9.803921802644E-02);
ENDSEC;
END-ISO-10303-21;
