ISO-10303-21;
HEADER;
FILE_DESCRIPTION(('FreeCAD Model'),'2;1');
FILE_NAME('Open CASCADE Shape Model','2026-01-17T16:44:04',(''),(''),
  'Open CASCADE STEP processor 7.8','FreeCAD','Unknown');
FILE_SCHEMA(('AUTOMOTIVE_DESIGN { 1 0 10303 214 1 1 1 1 }'));
ENDSEC;
DATA;
#1 = APPLICATION_PROTOCOL_DEFINITION('international standard',
  'automotive_design',2000,#2);
#2 = APPLICATION_CONTEXT(
  'core data for automotive mechanical design processes');
#3 = SHAPE_DEFINITION_REPRESENTATION(#4,#10);
#4 = PRODUCT_DEFINITION_SHAPE('','',#5);
#5 = PRODUCT_DEFINITION('design','',#6,#9);
#6 = PRODUCT_DEFINITION_FORMATION('','',#7);
#7 = PRODUCT('Backplate001','Backplate001','',(#8));
#8 = PRODUCT_CONTEXT('',#2,'mechanical');
#9 = PRODUCT_DEFINITION_CONTEXT('part definition',#2,'design');
#10 = SHAPE_REPRESENTATION('',(#11,#15),#19);
#11 = AXIS2_PLACEMENT_3D('',#12,#13,#14);
#12 = CARTESIAN_POINT('',(0.,0.,0.));
#13 = DIRECTION('',(0.,0.,1.));
#14 = DIRECTION('',(1.,0.,-0.));
#15 = AXIS2_PLACEMENT_3D('',#16,#17,#18);
#16 = CARTESIAN_POINT('',(-0.575576658591,-72.09425146023,-76.7038287742
    ));
#17 = DIRECTION('',(1.3E-15,1.,-5.995204332976E-15));
#18 = DIRECTION('',(1.,-1.3E-15,-1.7E-15));
#19 = ( GEOMETRIC_REPRESENTATION_CONTEXT(3) 
GLOBAL_UNCERTAINTY_ASSIGNED_CONTEXT((#23)) GLOBAL_UNIT_ASSIGNED_CONTEXT(
(#20,#21,#22)) REPRESENTATION_CONTEXT('Context #1',
  '3D Context with UNIT and UNCERTAINTY') );
#20 = ( LENGTH_UNIT() NAMED_UNIT(*) SI_UNIT(.MILLI.,.METRE.) );
#21 = ( NAMED_UNIT(*) PLANE_ANGLE_UNIT() SI_UNIT($,.RADIAN.) );
#22 = ( NAMED_UNIT(*) SI_UNIT($,.STERADIAN.) SOLID_ANGLE_UNIT() );
#23 = UNCERTAINTY_MEASURE_WITH_UNIT(LENGTH_MEASURE(2.E-04),#20,
  'distance_accuracy_value','confusion accuracy');
#24 = PRODUCT_RELATED_PRODUCT_CATEGORY('part',$,(#7));
#25 = SHAPE_DEFINITION_REPRESENTATION(#26,#32);
#26 = PRODUCT_DEFINITION_SHAPE('','',#27);
#27 = PRODUCT_DEFINITION('design','',#28,#31);
#28 = PRODUCT_DEFINITION_FORMATION('','',#29);
#29 = PRODUCT('Plate (1)001','Plate (1)001','',(#30));
#30 = PRODUCT_CONTEXT('',#2,'mechanical');
#31 = PRODUCT_DEFINITION_CONTEXT('part definition',#2,'design');
#32 = SHAPE_REPRESENTATION('',(#11,#33,#37),#41);
#33 = AXIS2_PLACEMENT_3D('',#34,#35,#36);
#34 = CARTESIAN_POINT('',(3.634136056689E-04,-77.30113616542,
    75.911435601769));
#35 = DIRECTION('',(-1.671E-13,-1.,-5.995204332948E-15));
#36 = DIRECTION('',(1.,-1.671E-13,-1.667E-13));
#37 = AXIS2_PLACEMENT_3D('',#38,#39,#40);
#38 = CARTESIAN_POINT('',(0.,0.,0.));
#39 = DIRECTION('',(0.,0.,1.));
#40 = DIRECTION('',(1.,0.,0.));
#41 = ( GEOMETRIC_REPRESENTATION_CONTEXT(3) 
GLOBAL_UNCERTAINTY_ASSIGNED_CONTEXT((#45)) GLOBAL_UNIT_ASSIGNED_CONTEXT(
(#42,#43,#44)) REPRESENTATION_CONTEXT('Context #1',
  '3D Context with UNIT and UNCERTAINTY') );
#42 = ( LENGTH_UNIT() NAMED_UNIT(*) SI_UNIT(.MILLI.,.METRE.) );
#43 = ( NAMED_UNIT(*) PLANE_ANGLE_UNIT() SI_UNIT($,.RADIAN.) );
#44 = ( NAMED_UNIT(*) SI_UNIT($,.STERADIAN.) SOLID_ANGLE_UNIT() );
#45 = UNCERTAINTY_MEASURE_WITH_UNIT(LENGTH_MEASURE(2.E-04),#42,
  'distance_accuracy_value','confusion accuracy');
#46 = CONTEXT_DEPENDENT_SHAPE_REPRESENTATION(#47,#49);
#47 = ( REPRESENTATION_RELATIONSHIP('','',#32,#10) 
REPRESENTATION_RELATIONSHIP_WITH_TRANSFORMATION(#48) 
SHAPE_REPRESENTATION_RELATIONSHIP() );
#48 = ITEM_DEFINED_TRANSFORMATION('','',#11,#15);
#49 = PRODUCT_DEFINITION_SHAPE('Placement','Placement of an item',#50);
#50 = NEXT_ASSEMBLY_USAGE_OCCURRENCE('3','Plate (1)001','',#5,#27,$);
#51 = PRODUCT_RELATED_PRODUCT_CATEGORY('part',$,(#29));
#52 = SHAPE_DEFINITION_REPRESENTATION(#53,#59);
#53 = PRODUCT_DEFINITION_SHAPE('','',#54);
#54 = PRODUCT_DEFINITION('design','',#55,#58);
#55 = PRODUCT_DEFINITION_FORMATION('','',#56);
#56 = PRODUCT('Addon (1) (2)001','Addon (1) (2)001','',(#57));
#57 = PRODUCT_CONTEXT('',#2,'mechanical');
#58 = PRODUCT_DEFINITION_CONTEXT('part definition',#2,'design');
#59 = SHAPE_REPRESENTATION('',(#11,#60,#337,#817,#1288,#1296,#1304,#1312
    ,#1320,#1328,#1336,#1345,#1353,#1361,#1370,#1378,#1386,#1394,#1402,
    #1410,#1419,#1427,#1436,#1445,#1454,#1462,#1493,#1508,#1516,#1525,
    #1534,#1547,#1555,#1564,#1573,#1581,#1590,#1598,#1606,#1614,#1622,
    #1630,#1638,#1647,#1655,#1668,#1676,#1685,#1693,#1702,#1711,#1726,
    #1757,#1765,#1773,#1781,#1789,#1797,#1806,#1814,#1823,#1832,#1840,
    #1849,#1857,#1866,#1875,#1883,#1891,#1899,#1907,#1915,#1924,#1933,
    #1942,#1950,#1958,#1966,#1974,#1982,#1991,#2000,#2009,#2017,#2031,
    #2040,#2048,#2079,#2094,#2102,#2110,#2118,#2126,#2134,#2142,#2150,
    #2158,#2166,#2175,#2183,#2192,#2201,#2210,#2218,#2233,#2264,#2272,
    #2281,#2290,#2298,#2306,#2314,#2322,#2330,#2338,#2346,#2354,#2362,
    #2370,#2379,#2387,#2396,#2404,#2413,#2421,#2430,#2439,#2447,#2456,
    #2464,#2473,#2481,#2490,#2499,#2507,#2521,#2529,#2537,#2545,#2553,
    #2562,#2571),#2580);
#60 = GEOMETRIC_CURVE_SET('',(#61,#62,#63,#64,#65,#66,#67,#68,#69,#70,
    #71,#72,#73,#74,#75,#76,#77,#78,#79,#80,#81,#82,#83,#84,#85,#86,#87,
    #88,#89,#90,#91,#92,#93,#94,#95,#96,#97,#98,#99,#100,#101,#102,#103,
    #104,#105,#106,#107,#108,#109,#110,#111,#112,#113,#114,#115,#116,
    #117,#118,#119,#120,#121,#122,#123,#124,#125,#126,#127,#128,#129,
    #130,#131,#132,#133,#134,#135,#136,#137,#138,#139,#140,#141,#142,
    #143,#144,#145,#146,#147,#148,#149,#150,#151,#152,#153,#154,#155,
    #156,#157,#158,#159,#160,#161,#162,#163,#164,#165,#166,#167,#168,
    #169,#170,#171,#172,#173,#174,#175,#176,#177,#178,#179,#180,#181,
    #182,#183,#184,#185,#186,#187,#188,#189,#190,#191,#192,#193,#194,
    #195,#196,#197,#198,#199,#200,#201,#202,#203,#204,#205,#206,#207,
    #208,#209,#210,#211,#212,#213,#214,#215,#216,#217,#218,#219,#220,
    #221,#222,#223,#224,#225,#226,#227,#228,#229,#230,#231,#232,#233,
    #234,#235,#236,#237,#238,#239,#240,#241,#242,#243,#244,#245,#246,
    #247,#248,#249,#250,#251,#252,#253,#254,#255,#256,#257,#258,#259,
    #260,#261,#262,#263,#264,#265,#266,#267,#268,#269,#270,#271,#272,
    #273,#274,#275,#276,#277,#278,#279,#280,#281,#282,#283,#284,#285,
    #286,#287,#288,#289,#290,#291,#292,#293,#294,#295,#296,#297,#298,
    #299,#300,#301,#302,#303,#304,#305,#306,#307,#308,#309,#310,#311,
    #312,#313,#314,#315,#316,#317,#318,#319,#320,#321,#322,#323,#324,
    #325,#326,#327,#328,#329,#330,#331,#332,#333,#334,#335,#336));
#61 = CARTESIAN_POINT('',(13.500000060684,30.805980023306,74.39770529306
    ));
#62 = CARTESIAN_POINT('',(11.139636046282,30.805980023306,74.39770529306
    ));
#63 = CARTESIAN_POINT('',(11.139636046282,13.148721338123,74.39770529306
    ));
#64 = CARTESIAN_POINT('',(11.139636046282,30.805980023306,74.39770529306
    ));
#65 = CARTESIAN_POINT('',(13.500000060684,13.148721338123,
    74.397709631466));
#66 = CARTESIAN_POINT('',(11.139636046282,13.148721338123,74.39770529306
    ));
#67 = CARTESIAN_POINT('',(13.500000060684,13.148721338123,
    74.397709631466));
#68 = CARTESIAN_POINT('',(13.500000060684,30.805980023306,74.39770529306
    ));
#69 = CARTESIAN_POINT('',(11.139636046282,30.805980023306,65.63588545406
    ));
#70 = CARTESIAN_POINT('',(23.847669138502,30.805980023306,65.63588545406
    ));
#71 = CARTESIAN_POINT('',(23.847669138502,13.978920563274,65.63588545406
    ));
#72 = CARTESIAN_POINT('',(23.847669138502,30.805980023306,65.63588545406
    ));
#73 = CARTESIAN_POINT('',(22.364410818518,13.148721338123,65.63588545406
    ));
#74 = CARTESIAN_POINT('',(23.847669138502,13.978920563274,65.63588545406
    ));
#75 = CARTESIAN_POINT('',(11.139636046282,13.148721338123,65.63588545406
    ));
#76 = CARTESIAN_POINT('',(22.364410818518,13.148721338123,65.63588545406
    ));
#77 = CARTESIAN_POINT('',(11.139636046282,30.805980023306,65.63588545406
    ));
#78 = CARTESIAN_POINT('',(11.139636046282,13.148721338123,65.63588545406
    ));
#79 = CARTESIAN_POINT('',(17.499635652949,15.948722675286,
    65.635885454061));
#80 = CARTESIAN_POINT('',(17.499635652949,15.948722675286,
    65.635885454061));
#81 = CARTESIAN_POINT('',(11.139636046282,30.805980023306,65.63588545406
    ));
#82 = CARTESIAN_POINT('',(11.139636046282,30.805980023306,74.39770529306
    ));
#83 = CARTESIAN_POINT('',(11.139636046282,30.805980023306,65.63588545406
    ));
#84 = CARTESIAN_POINT('',(11.139636046282,13.148721338123,65.63588545406
    ));
#85 = CARTESIAN_POINT('',(11.139636046282,13.148721338123,65.63588545406
    ));
#86 = CARTESIAN_POINT('',(11.139636046282,13.148721338123,74.39770529306
    ));
#87 = CARTESIAN_POINT('',(11.139636046282,13.148721338123,74.39770529306
    ));
#88 = CARTESIAN_POINT('',(11.139636046282,30.805980023306,74.39770529306
    ));
#89 = CARTESIAN_POINT('',(20.871665028488,30.805980023306,
    67.411786493735));
#90 = CARTESIAN_POINT('',(20.871665028488,29.805980023306,
    67.411786493735));
#91 = CARTESIAN_POINT('',(20.871665028488,29.805980023306,
    67.411786493735));
#92 = CARTESIAN_POINT('',(20.871665028488,29.805980023306,
    67.411786493735));
#93 = CARTESIAN_POINT('',(20.871665028488,30.805980023306,
    67.411786493735));
#94 = CARTESIAN_POINT('',(20.871665028488,29.805980023306,
    67.411786493735));
#95 = CARTESIAN_POINT('',(20.871665028488,30.805980023306,
    67.411786493735));
#96 = CARTESIAN_POINT('',(20.871665028488,30.805980023306,
    67.411786493735));
#97 = CARTESIAN_POINT('',(20.871665028488,29.805980023306,
    67.411786493735));
#98 = CARTESIAN_POINT('',(20.871665028488,29.805980023306,
    67.411786493735));
#99 = CARTESIAN_POINT('',(20.871665028488,29.805980023306,
    67.561786493735));
#100 = CARTESIAN_POINT('',(20.871665028488,29.805980023306,
    67.561786493735));
#101 = CARTESIAN_POINT('',(17.49963565295,14.398722675287,
    71.088005402288));
#102 = CARTESIAN_POINT('',(17.499635652949,14.398722675287,
    73.814237618462));
#103 = CARTESIAN_POINT('',(17.499635652949,14.398722675287,
    73.814237618462));
#104 = CARTESIAN_POINT('',(20.599635652949,17.498722675287,
    72.464034486844));
#105 = CARTESIAN_POINT('',(20.599635652949,17.498722675287,
    72.464034486844));
#106 = CARTESIAN_POINT('',(17.499635652949,14.398722675287,
    73.814237618462));
#107 = CARTESIAN_POINT('',(17.49963565295,14.398722675287,
    71.088005402288));
#108 = CARTESIAN_POINT('',(17.499635652949,14.398722675287,
    73.814237618462));
#109 = CARTESIAN_POINT('',(17.49963565295,14.398722675287,
    71.088005402288));
#110 = CARTESIAN_POINT('',(17.49963565295,14.398722675287,
    71.088005402288));
#111 = CARTESIAN_POINT('',(22.61833229627,13.326137478971,
    71.021164822378));
#112 = CARTESIAN_POINT('',(22.364410818518,13.148721338123,
    71.233940180613));
#113 = CARTESIAN_POINT('',(24.586541868382,14.234224541977,
    68.947064513949));
#114 = CARTESIAN_POINT('',(22.61833229627,13.326137478971,
    71.021164822378));
#115 = CARTESIAN_POINT('',(24.586541868382,14.234224541977,
    68.833062783193));
#116 = CARTESIAN_POINT('',(24.586541868382,14.234224541977,
    68.947064513949));
#117 = CARTESIAN_POINT('',(23.847669138502,13.978920563274,
    65.63588545406));
#118 = CARTESIAN_POINT('',(24.586541868382,14.234224541977,
    68.833062783193));
#119 = CARTESIAN_POINT('',(22.364410818518,13.148721338123,
    65.63588545406));
#120 = CARTESIAN_POINT('',(23.847669138502,13.978920563274,
    65.63588545406));
#121 = CARTESIAN_POINT('',(22.364410818518,13.148721338123,
    71.233940180613));
#122 = CARTESIAN_POINT('',(22.364410818518,13.148721338123,
    65.63588545406));
#123 = CARTESIAN_POINT('',(23.847669138502,13.978920563274,
    65.63588545406));
#124 = CARTESIAN_POINT('',(24.586541868382,14.234224541977,
    68.833062783193));
#125 = CARTESIAN_POINT('',(23.847669138502,13.978920563274,
    65.63588545406));
#126 = CARTESIAN_POINT('',(23.847669138502,30.805980023306,
    65.63588545406));
#127 = CARTESIAN_POINT('',(24.586541868382,30.805980023306,
    68.833062783193));
#128 = CARTESIAN_POINT('',(23.847669138502,30.805980023306,
    65.63588545406));
#129 = CARTESIAN_POINT('',(24.586541868382,30.805980023306,
    68.833062783193));
#130 = CARTESIAN_POINT('',(24.586541868382,14.234224541977,
    68.833062783193));
#131 = CARTESIAN_POINT('',(11.139636046282,13.148721338123,
    65.63588545406));
#132 = CARTESIAN_POINT('',(11.139636046282,13.148721338123,
    74.39770529306));
#133 = CARTESIAN_POINT('',(11.139636046282,13.148721338123,
    65.63588545406));
#134 = CARTESIAN_POINT('',(22.364410818518,13.148721338123,
    65.63588545406));
#135 = CARTESIAN_POINT('',(22.364410818518,13.148721338123,
    71.233940180613));
#136 = CARTESIAN_POINT('',(22.364410818518,13.148721338123,
    65.63588545406));
#137 = CARTESIAN_POINT('',(13.500000060684,13.148721338123,
    74.397709631466));
#138 = CARTESIAN_POINT('',(22.364410818518,13.148721338123,
    71.233940180613));
#139 = CARTESIAN_POINT('',(13.500000060684,13.148721338123,
    74.397709631466));
#140 = CARTESIAN_POINT('',(11.139636046282,13.148721338123,
    74.39770529306));
#141 = CARTESIAN_POINT('',(24.586541868382,14.234224541977,
    68.947064513949));
#142 = CARTESIAN_POINT('',(22.61833229627,13.326137478971,
    71.021164822378));
#143 = CARTESIAN_POINT('',(24.586541868382,14.234224541977,
    68.947064513949));
#144 = CARTESIAN_POINT('',(24.586541868382,30.805980023306,
    68.947064513949));
#145 = CARTESIAN_POINT('',(13.500000060684,30.805980023306,
    74.39770529306));
#146 = CARTESIAN_POINT('',(24.586541868382,30.805980023306,
    68.947064513949));
#147 = CARTESIAN_POINT('',(13.500000060684,13.148721338123,
    74.397709631466));
#148 = CARTESIAN_POINT('',(13.500000060684,30.805980023306,
    74.39770529306));
#149 = CARTESIAN_POINT('',(13.500000060684,13.148721338123,
    74.397709631466));
#150 = CARTESIAN_POINT('',(22.364410818518,13.148721338123,
    71.233940180613));
#151 = CARTESIAN_POINT('',(22.61833229627,13.326137478971,
    71.021164822378));
#152 = CARTESIAN_POINT('',(22.364410818518,13.148721338123,
    71.233940180613));
#153 = CARTESIAN_POINT('',(20.599635652949,17.498722675287,
    72.464034486844));
#154 = CARTESIAN_POINT('',(17.499635652949,14.398722675287,
    73.814237618462));
#155 = CARTESIAN_POINT('',(17.499635652949,14.398722675287,
    73.814237618462));
#156 = CARTESIAN_POINT('',(20.599635652949,17.498722675287,
    72.464034486844));
#157 = CARTESIAN_POINT('',(24.586541868382,14.234224541977,
    68.833062783193));
#158 = CARTESIAN_POINT('',(24.586541868382,14.234224541977,
    68.947064513949));
#159 = CARTESIAN_POINT('',(24.586541868382,30.805980023306,
    68.833062783193));
#160 = CARTESIAN_POINT('',(24.586541868382,14.234224541977,
    68.833062783193));
#161 = CARTESIAN_POINT('',(24.586541868382,30.805980023306,
    68.833062783193));
#162 = CARTESIAN_POINT('',(24.586541868382,30.805980023306,
    68.947064513949));
#163 = CARTESIAN_POINT('',(24.586541868382,14.234224541977,
    68.947064513949));
#164 = CARTESIAN_POINT('',(24.586541868382,30.805980023306,
    68.947064513949));
#165 = CARTESIAN_POINT('',(17.499635652949,15.948722675286,
    65.635885454061));
#166 = CARTESIAN_POINT('',(17.499635652949,15.948722675287,
    71.088005402287));
#167 = CARTESIAN_POINT('',(17.499635652949,15.948722675287,
    71.088005402287));
#168 = CARTESIAN_POINT('',(17.499635652949,15.948722675287,
    71.088005402287));
#169 = CARTESIAN_POINT('',(17.499635652949,15.948722675286,
    65.635885454061));
#170 = CARTESIAN_POINT('',(17.499635652949,15.948722675287,
    71.088005402287));
#171 = CARTESIAN_POINT('',(17.499635652949,15.948722675286,
    65.635885454061));
#172 = CARTESIAN_POINT('',(17.499635652949,15.948722675286,
    65.635885454061));
#173 = CARTESIAN_POINT('',(20.871665028488,24.805721338123,
    67.561786493735));
#174 = CARTESIAN_POINT('',(20.871665028488,24.805721338123,
    67.561786493735));
#175 = CARTESIAN_POINT('',(20.871665028488,29.805980023306,
    67.561786493735));
#176 = CARTESIAN_POINT('',(20.871665028488,24.805721338123,
    67.561786493735));
#177 = CARTESIAN_POINT('',(20.871665028488,24.805721338123,
    67.561786493735));
#178 = CARTESIAN_POINT('',(20.871665028488,24.805721338123,
    67.561786493735));
#179 = CARTESIAN_POINT('',(20.871665028488,29.805980023306,
    67.561786493735));
#180 = CARTESIAN_POINT('',(20.871665028488,24.805721338123,
    67.561786493735));
#181 = CARTESIAN_POINT('',(20.871665028488,29.805980023306,
    67.561786493735));
#182 = CARTESIAN_POINT('',(20.871665028488,29.805980023306,
    67.561786493735));
#183 = CARTESIAN_POINT('',(13.500000060684,30.805980023306,
    74.39770529306));
#184 = CARTESIAN_POINT('',(24.586541868382,30.805980023306,
    68.947064513949));
#185 = CARTESIAN_POINT('',(24.586541868382,30.805980023306,
    68.833062783193));
#186 = CARTESIAN_POINT('',(24.586541868382,30.805980023306,
    68.947064513949));
#187 = CARTESIAN_POINT('',(24.586541868382,30.805980023306,
    68.833062783193));
#188 = CARTESIAN_POINT('',(23.847669138502,30.805980023306,
    65.63588545406));
#189 = CARTESIAN_POINT('',(11.139636046282,30.805980023306,
    65.63588545406));
#190 = CARTESIAN_POINT('',(23.847669138502,30.805980023306,
    65.63588545406));
#191 = CARTESIAN_POINT('',(11.139636046282,30.805980023306,
    65.63588545406));
#192 = CARTESIAN_POINT('',(11.139636046282,30.805980023306,
    74.39770529306));
#193 = CARTESIAN_POINT('',(13.500000060684,30.805980023306,
    74.39770529306));
#194 = CARTESIAN_POINT('',(11.139636046282,30.805980023306,
    74.39770529306));
#195 = CARTESIAN_POINT('',(20.871665028488,30.805980023306,
    67.411786493735));
#196 = CARTESIAN_POINT('',(20.871665028488,30.805980023306,
    67.411786493735));
#197 = CARTESIAN_POINT('',(17.49963565295,14.398722675287,
    71.088005402288));
#198 = CARTESIAN_POINT('',(17.49963565295,14.398722675287,
    71.088005402288));
#199 = CARTESIAN_POINT('',(17.499635652949,15.948722675287,
    71.088005402287));
#200 = CARTESIAN_POINT('',(17.499635652949,15.948722675287,
    71.088005402287));
#201 = CARTESIAN_POINT('',(-13.50000006068,30.805980023306,
    74.397709631465));
#202 = CARTESIAN_POINT('',(-11.21066604317,30.805980023306,
    74.397709631467));
#203 = CARTESIAN_POINT('',(-11.21066604317,30.805980023306,
    74.397709631467));
#204 = CARTESIAN_POINT('',(-11.21066604317,30.805980023306,
    65.63588545406));
#205 = CARTESIAN_POINT('',(-23.8476691385,30.805980023306,65.63588545406
    ));
#206 = CARTESIAN_POINT('',(-11.21066604317,30.805980023306,
    65.63588545406));
#207 = CARTESIAN_POINT('',(-23.8476691385,30.805980023306,65.63588545406
    ));
#208 = CARTESIAN_POINT('',(-24.53057186527,30.805980023306,
    68.590874896431));
#209 = CARTESIAN_POINT('',(-24.53057186527,30.805980023306,
    69.019155319823));
#210 = CARTESIAN_POINT('',(-24.53057186527,30.805980023306,
    68.590874896431));
#211 = CARTESIAN_POINT('',(-24.53057186527,30.805980023306,
    69.019155319823));
#212 = CARTESIAN_POINT('',(-13.50000006068,30.805980023306,
    74.397709631465));
#213 = CARTESIAN_POINT('',(-20.42833497151,30.805980023306,
    67.411786493736));
#214 = CARTESIAN_POINT('',(-20.42833497151,30.805980023306,
    67.411786493736));
#215 = CARTESIAN_POINT('',(-24.53057186527,30.805980023306,
    69.019155319823));
#216 = CARTESIAN_POINT('',(-13.50000006068,30.805980023306,
    74.397709631465));
#217 = CARTESIAN_POINT('',(-24.53057186527,30.805980023306,
    69.019155319823));
#218 = CARTESIAN_POINT('',(-24.53057186527,14.217731865091,
    69.019155319823));
#219 = CARTESIAN_POINT('',(-22.36556597254,13.148721338123,
    71.232995144978));
#220 = CARTESIAN_POINT('',(-24.53057186527,14.217731865091,
    69.019155319823));
#221 = CARTESIAN_POINT('',(-22.36556597254,13.148721338123,
    71.232995144978));
#222 = CARTESIAN_POINT('',(-13.50000006068,13.148721338123,
    74.397709631467));
#223 = CARTESIAN_POINT('',(-13.50000006068,30.805980023306,
    74.397709631465));
#224 = CARTESIAN_POINT('',(-13.50000006068,13.148721338123,
    74.397709631467));
#225 = CARTESIAN_POINT('',(-20.60030728497,17.49872267528,
    72.463639292614));
#226 = CARTESIAN_POINT('',(-17.50030728497,14.398722675281,
    73.814037382148));
#227 = CARTESIAN_POINT('',(-17.50030728497,14.398722675281,
    73.814037382148));
#228 = CARTESIAN_POINT('',(-20.60030728497,17.49872267528,
    72.463639292614));
#229 = CARTESIAN_POINT('',(-13.50000006068,30.805980023306,
    74.397709631465));
#230 = CARTESIAN_POINT('',(-11.21066604317,30.805980023306,
    74.397709631467));
#231 = CARTESIAN_POINT('',(-13.50000006068,30.805980023306,
    74.397709631465));
#232 = CARTESIAN_POINT('',(-13.50000006068,13.148721338123,
    74.397709631467));
#233 = CARTESIAN_POINT('',(-13.50000006068,13.148721338123,
    74.397709631467));
#234 = CARTESIAN_POINT('',(-11.21066604317,13.148721338123,
    74.397709631467));
#235 = CARTESIAN_POINT('',(-11.21066604317,13.148721338123,
    74.397709631467));
#236 = CARTESIAN_POINT('',(-11.21066604317,30.805980023306,
    74.397709631467));
#237 = CARTESIAN_POINT('',(-11.21066604317,30.805980023306,
    74.397709631467));
#238 = CARTESIAN_POINT('',(-11.21066604317,30.805980023306,
    65.63588545406));
#239 = CARTESIAN_POINT('',(-11.21066604317,13.148721338123,
    74.397709631467));
#240 = CARTESIAN_POINT('',(-11.21066604317,30.805980023306,
    74.397709631467));
#241 = CARTESIAN_POINT('',(-11.21066604317,13.148721338123,
    74.397709631467));
#242 = CARTESIAN_POINT('',(-11.21066604317,13.148721338123,
    65.63588545406));
#243 = CARTESIAN_POINT('',(-11.21066604317,30.805980023306,
    65.63588545406));
#244 = CARTESIAN_POINT('',(-11.21066604317,13.148721338123,
    65.63588545406));
#245 = CARTESIAN_POINT('',(-20.42833497151,30.805980023306,
    67.411786493736));
#246 = CARTESIAN_POINT('',(-20.42833497151,29.805980023306,
    67.411786493736));
#247 = CARTESIAN_POINT('',(-20.42833497151,29.805980023306,
    67.411786493736));
#248 = CARTESIAN_POINT('',(-20.42833497151,29.805980023306,
    67.411786493736));
#249 = CARTESIAN_POINT('',(-20.42833497151,30.805980023306,
    67.411786493736));
#250 = CARTESIAN_POINT('',(-20.42833497151,29.805980023306,
    67.411786493736));
#251 = CARTESIAN_POINT('',(-20.42833497151,30.805980023306,
    67.411786493736));
#252 = CARTESIAN_POINT('',(-20.42833497151,30.805980023306,
    67.411786493736));
#253 = CARTESIAN_POINT('',(-20.42833497151,29.805980023306,
    67.411786493736));
#254 = CARTESIAN_POINT('',(-20.42833497151,29.805980023306,
    67.411786493736));
#255 = CARTESIAN_POINT('',(-20.42833497151,29.805980023306,
    67.561786493735));
#256 = CARTESIAN_POINT('',(-20.42833497151,29.805980023306,
    67.561786493735));
#257 = CARTESIAN_POINT('',(-17.50030728497,14.39872267528,
    71.088005402283));
#258 = CARTESIAN_POINT('',(-17.50030728497,14.398722675281,
    73.814037382148));
#259 = CARTESIAN_POINT('',(-17.50030728497,14.398722675281,
    73.814037382148));
#260 = CARTESIAN_POINT('',(-20.60030728497,17.49872267528,
    72.463639292614));
#261 = CARTESIAN_POINT('',(-20.60030728497,17.49872267528,
    72.463639292614));
#262 = CARTESIAN_POINT('',(-17.50030728497,14.398722675281,
    73.814037382148));
#263 = CARTESIAN_POINT('',(-17.50030728497,14.39872267528,
    71.088005402283));
#264 = CARTESIAN_POINT('',(-17.50030728497,14.398722675281,
    73.814037382148));
#265 = CARTESIAN_POINT('',(-17.50030728497,14.39872267528,
    71.088005402283));
#266 = CARTESIAN_POINT('',(-17.50030728497,14.39872267528,
    71.088005402283));
#267 = CARTESIAN_POINT('',(-24.53057186527,14.217731865091,
    68.590874896432));
#268 = CARTESIAN_POINT('',(-23.8476691385,13.978447559893,65.63588545406
    ));
#269 = CARTESIAN_POINT('',(-24.53057186527,14.217731865091,
    68.590874896432));
#270 = CARTESIAN_POINT('',(-24.53057186527,30.805980023306,
    68.590874896431));
#271 = CARTESIAN_POINT('',(-23.8476691385,30.805980023306,65.63588545406
    ));
#272 = CARTESIAN_POINT('',(-24.53057186527,30.805980023306,
    68.590874896431));
#273 = CARTESIAN_POINT('',(-23.8476691385,30.805980023306,65.63588545406
    ));
#274 = CARTESIAN_POINT('',(-23.8476691385,13.978447559893,65.63588545406
    ));
#275 = CARTESIAN_POINT('',(-24.53057186527,14.217731865091,
    69.019155319823));
#276 = CARTESIAN_POINT('',(-24.53057186527,14.217731865091,
    68.590874896432));
#277 = CARTESIAN_POINT('',(-24.53057186527,30.805980023306,
    69.019155319823));
#278 = CARTESIAN_POINT('',(-24.53057186527,14.217731865091,
    69.019155319823));
#279 = CARTESIAN_POINT('',(-24.53057186527,30.805980023306,
    69.019155319823));
#280 = CARTESIAN_POINT('',(-24.53057186527,30.805980023306,
    68.590874896431));
#281 = CARTESIAN_POINT('',(-24.53057186527,14.217731865091,
    68.590874896432));
#282 = CARTESIAN_POINT('',(-24.53057186527,30.805980023306,
    68.590874896431));
#283 = CARTESIAN_POINT('',(-23.8476691385,30.805980023306,65.63588545406
    ));
#284 = CARTESIAN_POINT('',(-11.21066604317,30.805980023306,
    65.63588545406));
#285 = CARTESIAN_POINT('',(-11.21066604317,30.805980023306,
    65.63588545406));
#286 = CARTESIAN_POINT('',(-11.21066604317,13.148721338123,
    65.63588545406));
#287 = CARTESIAN_POINT('',(-22.36556597254,13.148721338123,
    65.63588545406));
#288 = CARTESIAN_POINT('',(-11.21066604317,13.148721338123,
    65.63588545406));
#289 = CARTESIAN_POINT('',(-23.8476691385,13.978447559893,65.63588545406
    ));
#290 = CARTESIAN_POINT('',(-22.36556597254,13.148721338123,
    65.63588545406));
#291 = CARTESIAN_POINT('',(-23.8476691385,30.805980023306,65.63588545406
    ));
#292 = CARTESIAN_POINT('',(-23.8476691385,13.978447559893,65.63588545406
    ));
#293 = CARTESIAN_POINT('',(-17.50030728497,15.94872267528,
    65.635885454061));
#294 = CARTESIAN_POINT('',(-17.50030728497,15.94872267528,
    65.635885454061));
#295 = CARTESIAN_POINT('',(-17.50030728497,15.94872267528,
    65.635885454061));
#296 = CARTESIAN_POINT('',(-17.50030728497,15.94872267528,
    71.088005402283));
#297 = CARTESIAN_POINT('',(-17.50030728497,15.94872267528,
    71.088005402283));
#298 = CARTESIAN_POINT('',(-17.50030728497,15.94872267528,
    71.088005402283));
#299 = CARTESIAN_POINT('',(-17.50030728497,15.94872267528,
    65.635885454061));
#300 = CARTESIAN_POINT('',(-17.50030728497,15.94872267528,
    71.088005402283));
#301 = CARTESIAN_POINT('',(-17.50030728497,15.94872267528,
    65.635885454061));
#302 = CARTESIAN_POINT('',(-17.50030728497,15.94872267528,
    65.635885454061));
#303 = CARTESIAN_POINT('',(-20.42833497151,24.805721338123,
    67.561786493735));
#304 = CARTESIAN_POINT('',(-20.42833497151,24.805721338123,
    67.561786493735));
#305 = CARTESIAN_POINT('',(-20.42833497151,29.805980023306,
    67.561786493735));
#306 = CARTESIAN_POINT('',(-20.42833497151,24.805721338123,
    67.561786493735));
#307 = CARTESIAN_POINT('',(-20.42833497151,24.805721338123,
    67.561786493735));
#308 = CARTESIAN_POINT('',(-20.42833497151,24.805721338123,
    67.561786493735));
#309 = CARTESIAN_POINT('',(-20.42833497151,29.805980023306,
    67.561786493735));
#310 = CARTESIAN_POINT('',(-20.42833497151,24.805721338123,
    67.561786493735));
#311 = CARTESIAN_POINT('',(-20.42833497151,29.805980023306,
    67.561786493735));
#312 = CARTESIAN_POINT('',(-20.42833497151,29.805980023306,
    67.561786493735));
#313 = CARTESIAN_POINT('',(-22.36556597254,13.148721338123,
    65.63588545406));
#314 = CARTESIAN_POINT('',(-22.36556597254,13.148721338123,
    71.232995144978));
#315 = CARTESIAN_POINT('',(-23.8476691385,13.978447559893,65.63588545406
    ));
#316 = CARTESIAN_POINT('',(-22.36556597254,13.148721338123,
    65.63588545406));
#317 = CARTESIAN_POINT('',(-24.53057186527,14.217731865091,
    68.590874896432));
#318 = CARTESIAN_POINT('',(-23.8476691385,13.978447559893,65.63588545406
    ));
#319 = CARTESIAN_POINT('',(-24.53057186527,14.217731865091,
    69.019155319823));
#320 = CARTESIAN_POINT('',(-24.53057186527,14.217731865091,
    68.590874896432));
#321 = CARTESIAN_POINT('',(-22.36556597254,13.148721338123,
    71.232995144978));
#322 = CARTESIAN_POINT('',(-24.53057186527,14.217731865091,
    69.019155319823));
#323 = CARTESIAN_POINT('',(-22.36556597254,13.148721338123,
    65.63588545406));
#324 = CARTESIAN_POINT('',(-22.36556597254,13.148721338123,
    71.232995144978));
#325 = CARTESIAN_POINT('',(-22.36556597254,13.148721338123,
    65.63588545406));
#326 = CARTESIAN_POINT('',(-11.21066604317,13.148721338123,
    65.63588545406));
#327 = CARTESIAN_POINT('',(-11.21066604317,13.148721338123,
    74.397709631467));
#328 = CARTESIAN_POINT('',(-11.21066604317,13.148721338123,
    65.63588545406));
#329 = CARTESIAN_POINT('',(-13.50000006068,13.148721338123,
    74.397709631467));
#330 = CARTESIAN_POINT('',(-11.21066604317,13.148721338123,
    74.397709631467));
#331 = CARTESIAN_POINT('',(-22.36556597254,13.148721338123,
    71.232995144978));
#332 = CARTESIAN_POINT('',(-13.50000006068,13.148721338123,
    74.397709631467));
#333 = CARTESIAN_POINT('',(-17.50030728497,14.39872267528,
    71.088005402283));
#334 = CARTESIAN_POINT('',(-17.50030728497,14.39872267528,
    71.088005402283));
#335 = CARTESIAN_POINT('',(-17.50030728497,15.94872267528,
    71.088005402283));
#336 = CARTESIAN_POINT('',(-17.50030728497,15.94872267528,
    71.088005402283));
#337 = MANIFOLD_SOLID_BREP('',#338);
#338 = CLOSED_SHELL('',(#339,#379,#439,#461,#494,#514,#584,#638,#662,
    #681,#712,#729,#754,#771,#788,#805));
#339 = ADVANCED_FACE('',(#340),#374,.F.);
#340 = FACE_BOUND('',#341,.T.);
#341 = EDGE_LOOP('',(#342,#352,#360,#368));
#342 = ORIENTED_EDGE('',*,*,#343,.T.);
#343 = EDGE_CURVE('',#344,#346,#348,.T.);
#344 = VERTEX_POINT('',#345);
#345 = CARTESIAN_POINT('',(13.500000060684,30.805980023306,
    74.39770529306));
#346 = VERTEX_POINT('',#347);
#347 = CARTESIAN_POINT('',(11.139636046282,30.805980023306,
    74.39770529306));
#348 = LINE('',#349,#350);
#349 = CARTESIAN_POINT('',(18.363088957332,30.805980023306,
    74.39770529306));
#350 = VECTOR('',#351,1.);
#351 = DIRECTION('',(-1.,1.5E-16,0.));
#352 = ORIENTED_EDGE('',*,*,#353,.F.);
#353 = EDGE_CURVE('',#354,#346,#356,.T.);
#354 = VERTEX_POINT('',#355);
#355 = CARTESIAN_POINT('',(11.139636046282,13.148721338123,
    74.39770529306));
#356 = LINE('',#357,#358);
#357 = CARTESIAN_POINT('',(11.139636046282,28.133721338123,
    74.39770529306));
#358 = VECTOR('',#359,1.);
#359 = DIRECTION('',(1.5E-16,1.,-6.78E-15));
#360 = ORIENTED_EDGE('',*,*,#361,.F.);
#361 = EDGE_CURVE('',#362,#354,#364,.T.);
#362 = VERTEX_POINT('',#363);
#363 = CARTESIAN_POINT('',(13.500000060684,13.148721338123,
    74.397709631466));
#364 = LINE('',#365,#366);
#365 = CARTESIAN_POINT('',(12.139636046282,13.148721338123,
    74.39770529306));
#366 = VECTOR('',#367,1.);
#367 = DIRECTION('',(-1.,-0.,0.));
#368 = ORIENTED_EDGE('',*,*,#369,.T.);
#369 = EDGE_CURVE('',#362,#344,#370,.T.);
#370 = LINE('',#371,#372);
#371 = CARTESIAN_POINT('',(13.500000060684,5.148722016667,74.39770529306
    ));
#372 = VECTOR('',#373,1.);
#373 = DIRECTION('',(2.1E-15,1.,-8.8E-15));
#374 = PLANE('',#375);
#375 = AXIS2_PLACEMENT_3D('',#376,#377,#378);
#376 = CARTESIAN_POINT('',(18.363088957332,28.133721338123,
    74.39770529306));
#377 = DIRECTION('',(-0.,-6.78E-15,-1.));
#378 = DIRECTION('',(-1.5E-16,-1.,6.78E-15));
#379 = ADVANCED_FACE('',(#380,#423),#434,.F.);
#380 = FACE_BOUND('',#381,.T.);
#381 = EDGE_LOOP('',(#382,#392,#400,#409,#417));
#382 = ORIENTED_EDGE('',*,*,#383,.T.);
#383 = EDGE_CURVE('',#384,#386,#388,.T.);
#384 = VERTEX_POINT('',#385);
#385 = CARTESIAN_POINT('',(11.139636046282,30.805980023306,
    65.63588545406));
#386 = VERTEX_POINT('',#387);
#387 = CARTESIAN_POINT('',(23.847669138502,30.805980023306,
    65.63588545406));
#388 = LINE('',#389,#390);
#389 = CARTESIAN_POINT('',(18.363088957332,30.805980023306,
    65.63588545406));
#390 = VECTOR('',#391,1.);
#391 = DIRECTION('',(1.,-1.5E-16,-0.));
#392 = ORIENTED_EDGE('',*,*,#393,.F.);
#393 = EDGE_CURVE('',#394,#386,#396,.T.);
#394 = VERTEX_POINT('',#395);
#395 = CARTESIAN_POINT('',(23.847669138502,13.978920563274,
    65.63588545406));
#396 = LINE('',#397,#398);
#397 = CARTESIAN_POINT('',(23.847669138502,27.534004286672,
    65.63588545406));
#398 = VECTOR('',#399,1.);
#399 = DIRECTION('',(6.E-17,1.,-6.78E-15));
#400 = ORIENTED_EDGE('',*,*,#401,.F.);
#401 = EDGE_CURVE('',#402,#394,#404,.T.);
#402 = VERTEX_POINT('',#403);
#403 = CARTESIAN_POINT('',(22.364410818518,13.148721338123,
    65.63588545406));
#404 = CIRCLE('',#405,7.);
#405 = AXIS2_PLACEMENT_3D('',#406,#407,#408);
#406 = CARTESIAN_POINT('',(26.499636815899,7.500721165444,65.63588545406
    ));
#407 = DIRECTION('',(0.,-6.78E-15,-1.));
#408 = DIRECTION('',(-0.873395228691,0.48701208866,-3.301941961112E-15)
  );
#409 = ORIENTED_EDGE('',*,*,#410,.F.);
#410 = EDGE_CURVE('',#411,#402,#413,.T.);
#411 = VERTEX_POINT('',#412);
#412 = CARTESIAN_POINT('',(11.139636046282,13.148721338123,
    65.63588545406));
#413 = LINE('',#414,#415);
#414 = CARTESIAN_POINT('',(18.363088957332,13.148721338123,
    65.63588545406));
#415 = VECTOR('',#416,1.);
#416 = DIRECTION('',(1.,-1.5E-16,-0.));
#417 = ORIENTED_EDGE('',*,*,#418,.F.);
#418 = EDGE_CURVE('',#384,#411,#419,.T.);
#419 = LINE('',#420,#421);
#420 = CARTESIAN_POINT('',(11.139636046282,28.133721338123,
    65.63588545406));
#421 = VECTOR('',#422,1.);
#422 = DIRECTION('',(-1.5E-16,-1.,6.78E-15));
#423 = FACE_BOUND('',#424,.T.);
#424 = EDGE_LOOP('',(#425));
#425 = ORIENTED_EDGE('',*,*,#426,.T.);
#426 = EDGE_CURVE('',#427,#427,#429,.T.);
#427 = VERTEX_POINT('',#428);
#428 = CARTESIAN_POINT('',(17.499635652949,15.948722675286,
    65.635885454061));
#429 = CIRCLE('',#430,1.55);
#430 = AXIS2_PLACEMENT_3D('',#431,#432,#433);
#431 = CARTESIAN_POINT('',(17.499635652949,17.498722675286,
    65.635885454061));
#432 = DIRECTION('',(0.,6.78E-15,1.));
#433 = DIRECTION('',(-1.6581E-13,1.,-6.78E-15));
#434 = PLANE('',#435);
#435 = AXIS2_PLACEMENT_3D('',#436,#437,#438);
#436 = CARTESIAN_POINT('',(18.363088957332,28.133721338123,
    65.63588545406));
#437 = DIRECTION('',(0.,6.78E-15,1.));
#438 = DIRECTION('',(1.5E-16,1.,-6.78E-15));
#439 = ADVANCED_FACE('',(#440),#456,.T.);
#440 = FACE_BOUND('',#441,.T.);
#441 = EDGE_LOOP('',(#442,#448,#449,#455));
#442 = ORIENTED_EDGE('',*,*,#443,.F.);
#443 = EDGE_CURVE('',#384,#346,#444,.T.);
#444 = LINE('',#445,#446);
#445 = CARTESIAN_POINT('',(11.139636046282,30.805980023306,
    70.01679537356));
#446 = VECTOR('',#447,1.);
#447 = DIRECTION('',(0.,6.78E-15,1.));
#448 = ORIENTED_EDGE('',*,*,#418,.T.);
#449 = ORIENTED_EDGE('',*,*,#450,.T.);
#450 = EDGE_CURVE('',#411,#354,#451,.T.);
#451 = LINE('',#452,#453);
#452 = CARTESIAN_POINT('',(11.139636046282,13.148721338123,
    70.01679537356));
#453 = VECTOR('',#454,1.);
#454 = DIRECTION('',(0.,6.78E-15,1.));
#455 = ORIENTED_EDGE('',*,*,#353,.T.);
#456 = PLANE('',#457);
#457 = AXIS2_PLACEMENT_3D('',#458,#459,#460);
#458 = CARTESIAN_POINT('',(11.139636046282,28.133721338123,
    70.01679537356));
#459 = DIRECTION('',(-1.,0.,0.));
#460 = DIRECTION('',(0.,0.,1.));
#461 = ADVANCED_FACE('',(#462),#489,.F.);
#462 = FACE_BOUND('',#463,.F.);
#463 = EDGE_LOOP('',(#464,#474,#481,#482));
#464 = ORIENTED_EDGE('',*,*,#465,.T.);
#465 = EDGE_CURVE('',#466,#468,#470,.T.);
#466 = VERTEX_POINT('',#467);
#467 = CARTESIAN_POINT('',(20.871665028488,30.805980023306,
    67.411786493735));
#468 = VERTEX_POINT('',#469);
#469 = CARTESIAN_POINT('',(20.871665028488,29.805980023306,
    67.411786493735));
#470 = LINE('',#471,#472);
#471 = CARTESIAN_POINT('',(20.871665028488,35.852441951271,
    67.411786493735));
#472 = VECTOR('',#473,1.);
#473 = DIRECTION('',(-1.5E-16,-1.,6.78E-15));
#474 = ORIENTED_EDGE('',*,*,#475,.F.);
#475 = EDGE_CURVE('',#468,#468,#476,.T.);
#476 = CIRCLE('',#477,1.5);
#477 = AXIS2_PLACEMENT_3D('',#478,#479,#480);
#478 = CARTESIAN_POINT('',(20.871665028488,29.805980023306,
    68.911786493735));
#479 = DIRECTION('',(-1.5E-16,-1.,6.78E-15));
#480 = DIRECTION('',(0.,6.78E-15,1.));
#481 = ORIENTED_EDGE('',*,*,#465,.F.);
#482 = ORIENTED_EDGE('',*,*,#483,.F.);
#483 = EDGE_CURVE('',#466,#466,#484,.T.);
#484 = CIRCLE('',#485,1.5);
#485 = AXIS2_PLACEMENT_3D('',#486,#487,#488);
#486 = CARTESIAN_POINT('',(20.871665028488,30.805980023306,
    68.911786493735));
#487 = DIRECTION('',(1.5E-16,1.,-6.78E-15));
#488 = DIRECTION('',(0.,6.78E-15,1.));
#489 = CYLINDRICAL_SURFACE('',#490,1.5);
#490 = AXIS2_PLACEMENT_3D('',#491,#492,#493);
#491 = CARTESIAN_POINT('',(20.871665028488,35.852441951271,
    68.911786493735));
#492 = DIRECTION('',(-1.5E-16,-1.,6.78E-15));
#493 = DIRECTION('',(0.,6.78E-15,1.));
#494 = ADVANCED_FACE('',(#495,#498),#509,.F.);
#495 = FACE_BOUND('',#496,.T.);
#496 = EDGE_LOOP('',(#497));
#497 = ORIENTED_EDGE('',*,*,#475,.F.);
#498 = FACE_BOUND('',#499,.T.);
#499 = EDGE_LOOP('',(#500));
#500 = ORIENTED_EDGE('',*,*,#501,.T.);
#501 = EDGE_CURVE('',#502,#502,#504,.T.);
#502 = VERTEX_POINT('',#503);
#503 = CARTESIAN_POINT('',(20.871665028488,29.805980023306,
    67.561786493735));
#504 = CIRCLE('',#505,1.35);
#505 = AXIS2_PLACEMENT_3D('',#506,#507,#508);
#506 = CARTESIAN_POINT('',(20.871665028488,29.805980023306,
    68.911786493735));
#507 = DIRECTION('',(-1.5E-16,-1.,6.78E-15));
#508 = DIRECTION('',(0.,6.78E-15,1.));
#509 = PLANE('',#510);
#510 = AXIS2_PLACEMENT_3D('',#511,#512,#513);
#511 = CARTESIAN_POINT('',(20.871665028488,29.805980023306,
    68.911786493735));
#512 = DIRECTION('',(-1.5E-16,-1.,6.78E-15));
#513 = DIRECTION('',(0.,6.78E-15,1.));
#514 = ADVANCED_FACE('',(#515),#579,.F.);
#515 = FACE_BOUND('',#516,.F.);
#516 = EDGE_LOOP('',(#517,#527,#558,#571,#572));
#517 = ORIENTED_EDGE('',*,*,#518,.T.);
#518 = EDGE_CURVE('',#519,#521,#523,.T.);
#519 = VERTEX_POINT('',#520);
#520 = CARTESIAN_POINT('',(17.49963565295,14.398722675287,
    71.088005402288));
#521 = VERTEX_POINT('',#522);
#522 = CARTESIAN_POINT('',(17.499635652949,14.398722675287,
    73.814237618462));
#523 = LINE('',#524,#525);
#524 = CARTESIAN_POINT('',(17.49963565295,14.398722675287,
    70.173025362374));
#525 = VECTOR('',#526,1.);
#526 = DIRECTION('',(-2.172E-14,8.348E-14,1.));
#527 = ORIENTED_EDGE('',*,*,#528,.T.);
#528 = EDGE_CURVE('',#521,#529,#531,.T.);
#529 = VERTEX_POINT('',#530);
#530 = CARTESIAN_POINT('',(20.599635652949,17.498722675287,
    72.464034486844));
#531 = B_SPLINE_CURVE_WITH_KNOTS('',3,(#532,#533,#534,#535,#536,#537,
    #538,#539,#540,#541,#542,#543,#544,#545,#546,#547,#548,#549,#550,
    #551,#552,#553,#554,#555,#556,#557),.UNSPECIFIED.,.F.,.F.,(4,2,2,2,2
    ,2,2,2,2,2,2,2,4),(0.487521091741,0.606963874257,0.726406656773,
    0.84304890754,0.959691158307,1.076620758836,1.193550359365,
    1.312705507121,1.431860654877,1.558048635685,1.684236616494,
    1.801809181556,1.919381746618),.UNSPECIFIED.);
#532 = CARTESIAN_POINT('',(17.499635652949,14.398722675287,
    73.814237618462));
#533 = CARTESIAN_POINT('',(17.11808595087,14.398722675287,
    73.927980141103));
#534 = CARTESIAN_POINT('',(16.704877344304,14.473744761453,
    74.031580788633));
#535 = CARTESIAN_POINT('',(15.937399873317,14.7891928624,74.189470932776
    ));
#536 = CARTESIAN_POINT('',(15.583420499218,15.029853403815,
    74.244697423455));
#537 = CARTESIAN_POINT('',(15.030305792387,15.585003516926,
    74.316551094991));
#538 = CARTESIAN_POINT('',(14.79262029927,15.932750920638,
    74.338806693115));
#539 = CARTESIAN_POINT('',(14.477287416162,16.695223423942,
    74.364454063583));
#540 = CARTESIAN_POINT('',(14.399635652949,17.109915172731,
    74.368775126971));
#541 = CARTESIAN_POINT('',(14.399635652949,17.888488010384,
    74.368775126971));
#542 = CARTESIAN_POINT('',(14.477667598882,18.304135359299,
    74.364435592804));
#543 = CARTESIAN_POINT('',(14.794427266925,19.06806261504,
    74.338647187288));
#544 = CARTESIAN_POINT('',(15.033159601329,19.416308667024,
    74.31626062549));
#545 = CARTESIAN_POINT('',(15.587273234819,19.970422300513,
    74.244113939623));
#546 = CARTESIAN_POINT('',(15.94073581943,20.210028318978,
    74.188860139724));
#547 = CARTESIAN_POINT('',(16.706745510934,20.524060990478,
    74.031120445199));
#548 = CARTESIAN_POINT('',(17.119004775389,20.598722675287,
    73.927706233358));
#549 = CARTESIAN_POINT('',(17.902732311191,20.598722675287,
    73.694071803819));
#550 = CARTESIAN_POINT('',(18.32613137947,20.515873274048,
    73.546178706602));
#551 = CARTESIAN_POINT('',(19.098932812412,20.187317327964,
    73.23616351957));
#552 = CARTESIAN_POINT('',(19.448750777959,19.941877395022,
    73.074795532013));
#553 = CARTESIAN_POINT('',(19.983289255923,19.390461052372,
    72.809424080391));
#554 = CARTESIAN_POINT('',(20.212425069245,19.05276183073,
    72.684920507577));
#555 = CARTESIAN_POINT('',(20.520765226289,18.303109482281,
    72.51138580058));
#556 = CARTESIAN_POINT('',(20.599635652949,17.890631225494,
    72.464034486844));
#557 = CARTESIAN_POINT('',(20.599635652949,17.498722675287,
    72.464034486844));
#558 = ORIENTED_EDGE('',*,*,#559,.T.);
#559 = EDGE_CURVE('',#529,#521,#560,.T.);
#560 = B_SPLINE_CURVE_WITH_KNOTS('',3,(#561,#562,#563,#564,#565,#566,
    #567,#568,#569,#570),.UNSPECIFIED.,.F.,.F.,(4,2,2,2,4),(0.,
    0.117572565062,0.235145130124,0.361333110933,0.487521091741),
  .UNSPECIFIED.);
#561 = CARTESIAN_POINT('',(20.599635652949,17.498722675287,
    72.464034486844));
#562 = CARTESIAN_POINT('',(20.599635652949,17.10681412508,
    72.464034486844));
#563 = CARTESIAN_POINT('',(20.520765226289,16.694335868292,
    72.51138580058));
#564 = CARTESIAN_POINT('',(20.212425069245,15.944683519844,
    72.684920507577));
#565 = CARTESIAN_POINT('',(19.983289255923,15.606984298201,
    72.809424080391));
#566 = CARTESIAN_POINT('',(19.448750777959,15.055567955552,
    73.074795532013));
#567 = CARTESIAN_POINT('',(19.098932812412,14.81012802261,73.23616351957
    ));
#568 = CARTESIAN_POINT('',(18.32613137947,14.481572076526,
    73.546178706602));
#569 = CARTESIAN_POINT('',(17.902732311191,14.398722675287,
    73.694071803819));
#570 = CARTESIAN_POINT('',(17.499635652949,14.398722675287,
    73.814237618462));
#571 = ORIENTED_EDGE('',*,*,#518,.F.);
#572 = ORIENTED_EDGE('',*,*,#573,.T.);
#573 = EDGE_CURVE('',#519,#519,#574,.T.);
#574 = CIRCLE('',#575,3.1);
#575 = AXIS2_PLACEMENT_3D('',#576,#577,#578);
#576 = CARTESIAN_POINT('',(17.499635652949,17.498722675287,
    71.088005402287));
#577 = DIRECTION('',(0.,6.E-16,1.));
#578 = DIRECTION('',(-1.6581E-13,1.,-6.E-16));
#579 = CYLINDRICAL_SURFACE('',#580,3.1);
#580 = AXIS2_PLACEMENT_3D('',#581,#582,#583);
#581 = CARTESIAN_POINT('',(17.499635652949,17.498722675287,
    70.173025362374));
#582 = DIRECTION('',(-2.172E-14,8.348E-14,1.));
#583 = DIRECTION('',(-1.6581E-13,1.,-8.348E-14));
#584 = ADVANCED_FACE('',(#585),#633,.F.);
#585 = FACE_BOUND('',#586,.F.);
#586 = EDGE_LOOP('',(#587,#598,#611,#619,#626,#627));
#587 = ORIENTED_EDGE('',*,*,#588,.F.);
#588 = EDGE_CURVE('',#589,#591,#593,.T.);
#589 = VERTEX_POINT('',#590);
#590 = CARTESIAN_POINT('',(22.61833229627,13.326137478971,
    71.021164822378));
#591 = VERTEX_POINT('',#592);
#592 = CARTESIAN_POINT('',(22.364410818518,13.148721338123,
    71.233940180613));
#593 = B_SPLINE_CURVE_WITH_KNOTS('',3,(#594,#595,#596,#597),
  .UNSPECIFIED.,.F.,.F.,(4,4),(4.918061020252,4.953435555319),
  .PIECEWISE_BEZIER_KNOTS.);
#594 = CARTESIAN_POINT('',(22.61833229627,13.326137478971,
    71.021164822378));
#595 = CARTESIAN_POINT('',(22.532817161298,13.269161245514,
    71.094562414723));
#596 = CARTESIAN_POINT('',(22.447992465107,13.209916272137,
    71.165569173509));
#597 = CARTESIAN_POINT('',(22.364410818518,13.148721338123,
    71.233940180613));
#598 = ORIENTED_EDGE('',*,*,#599,.F.);
#599 = EDGE_CURVE('',#600,#589,#602,.T.);
#600 = VERTEX_POINT('',#601);
#601 = CARTESIAN_POINT('',(24.586541868382,14.234224541977,
    68.947064513949));
#602 = B_SPLINE_CURVE_WITH_KNOTS('',3,(#603,#604,#605,#606,#607,#608,
    #609,#610),.UNSPECIFIED.,.F.,.F.,(4,2,2,4),(4.632630841236,
    4.674924302228,4.846807594786,4.918061020252),.UNSPECIFIED.);
#603 = CARTESIAN_POINT('',(24.586541868382,14.234224541977,
    68.947064513949));
#604 = CARTESIAN_POINT('',(24.500980550184,14.209915216446,
    69.058014386935));
#605 = CARTESIAN_POINT('',(24.414348839459,14.183538792656,
    69.166906337795));
#606 = CARTESIAN_POINT('',(23.971117653192,14.038810218437,
    69.707540325099));
#607 = CARTESIAN_POINT('',(23.559363896242,13.871248740191,
    70.152006253881));
#608 = CARTESIAN_POINT('',(22.965746650343,13.546458862115,
    70.715613007419));
#609 = CARTESIAN_POINT('',(22.790581805255,13.4409022892,70.873323165503
    ));
#610 = CARTESIAN_POINT('',(22.61833229627,13.326137478971,
    71.021164822378));
#611 = ORIENTED_EDGE('',*,*,#612,.F.);
#612 = EDGE_CURVE('',#613,#600,#615,.T.);
#613 = VERTEX_POINT('',#614);
#614 = CARTESIAN_POINT('',(24.586541868382,14.234224541977,
    68.833062783193));
#615 = LINE('',#616,#617);
#616 = CARTESIAN_POINT('',(24.586541868382,14.234224541977,
    56.428537183784));
#617 = VECTOR('',#618,1.);
#618 = DIRECTION('',(3.3E-16,7.28E-15,1.));
#619 = ORIENTED_EDGE('',*,*,#620,.F.);
#620 = EDGE_CURVE('',#394,#613,#621,.T.);
#621 = ELLIPSE('',#622,31.08804561519,7.);
#622 = AXIS2_PLACEMENT_3D('',#623,#624,#625);
#623 = CARTESIAN_POINT('',(26.499636815899,7.500721165444,
    77.111218881431));
#624 = DIRECTION('',(0.974320199218,-1.58E-15,-0.225166936727));
#625 = DIRECTION('',(-0.225166936727,-7.12E-15,-0.974320199218));
#626 = ORIENTED_EDGE('',*,*,#401,.F.);
#627 = ORIENTED_EDGE('',*,*,#628,.F.);
#628 = EDGE_CURVE('',#591,#402,#629,.T.);
#629 = LINE('',#630,#631);
#630 = CARTESIAN_POINT('',(22.364410818518,13.148721338123,
    56.428537183784));
#631 = VECTOR('',#632,1.);
#632 = DIRECTION('',(-3.3E-16,-7.28E-15,-1.));
#633 = CYLINDRICAL_SURFACE('',#634,7.);
#634 = AXIS2_PLACEMENT_3D('',#635,#636,#637);
#635 = CARTESIAN_POINT('',(26.499636815899,7.500721165444,
    56.428537183784));
#636 = DIRECTION('',(3.3E-16,7.28E-15,1.));
#637 = DIRECTION('',(-0.873395228691,0.48701208866,-3.257227579974E-15)
  );
#638 = ADVANCED_FACE('',(#639),#657,.T.);
#639 = FACE_BOUND('',#640,.T.);
#640 = EDGE_LOOP('',(#641,#642,#643,#651));
#641 = ORIENTED_EDGE('',*,*,#620,.F.);
#642 = ORIENTED_EDGE('',*,*,#393,.T.);
#643 = ORIENTED_EDGE('',*,*,#644,.F.);
#644 = EDGE_CURVE('',#645,#386,#647,.T.);
#645 = VERTEX_POINT('',#646);
#646 = CARTESIAN_POINT('',(24.586541868382,30.805980023306,
    68.833062783193));
#647 = LINE('',#648,#649);
#648 = CARTESIAN_POINT('',(24.518090962582,30.805980023306,
    68.536868763124));
#649 = VECTOR('',#650,1.);
#650 = DIRECTION('',(-0.225166936727,-6.57E-15,-0.974320199218));
#651 = ORIENTED_EDGE('',*,*,#652,.T.);
#652 = EDGE_CURVE('',#645,#613,#653,.T.);
#653 = LINE('',#654,#655);
#654 = CARTESIAN_POINT('',(24.586541868382,27.534004286672,
    68.833062783193));
#655 = VECTOR('',#656,1.);
#656 = DIRECTION('',(-1.5E-16,-1.,6.38E-15));
#657 = PLANE('',#658);
#658 = AXIS2_PLACEMENT_3D('',#659,#660,#661);
#659 = CARTESIAN_POINT('',(24.505477236241,26.934287235222,
    68.482287888417));
#660 = DIRECTION('',(0.974320199218,-1.58E-15,-0.225166936727));
#661 = DIRECTION('',(-0.225166936727,-4.930380657631E-32,-0.974320199218
    ));
#662 = ADVANCED_FACE('',(#663),#676,.F.);
#663 = FACE_BOUND('',#664,.T.);
#664 = EDGE_LOOP('',(#665,#666,#667,#668,#675));
#665 = ORIENTED_EDGE('',*,*,#450,.F.);
#666 = ORIENTED_EDGE('',*,*,#410,.T.);
#667 = ORIENTED_EDGE('',*,*,#628,.F.);
#668 = ORIENTED_EDGE('',*,*,#669,.F.);
#669 = EDGE_CURVE('',#362,#591,#670,.T.);
#670 = CIRCLE('',#671,14.000264020169);
#671 = AXIS2_PLACEMENT_3D('',#672,#673,#674);
#672 = CARTESIAN_POINT('',(13.500000060684,13.148721338123,
    60.397445611296));
#673 = DIRECTION('',(1.5E-16,1.,-6.78E-15));
#674 = DIRECTION('',(0.999981160321,-1.083793471257E-16,
    6.138322554933E-03));
#675 = ORIENTED_EDGE('',*,*,#361,.T.);
#676 = PLANE('',#677);
#677 = AXIS2_PLACEMENT_3D('',#678,#679,#680);
#678 = CARTESIAN_POINT('',(18.363088957332,13.148721338123,
    70.01679537356));
#679 = DIRECTION('',(1.5E-16,1.,-6.78E-15));
#680 = DIRECTION('',(0.,-6.78E-15,-1.));
#681 = ADVANCED_FACE('',(#682,#703),#707,.T.);
#682 = FACE_BOUND('',#683,.T.);
#683 = EDGE_LOOP('',(#684,#685,#693,#700,#701,#702));
#684 = ORIENTED_EDGE('',*,*,#599,.F.);
#685 = ORIENTED_EDGE('',*,*,#686,.T.);
#686 = EDGE_CURVE('',#600,#687,#689,.T.);
#687 = VERTEX_POINT('',#688);
#688 = CARTESIAN_POINT('',(24.586541868382,30.805980023306,
    68.947064513949));
#689 = LINE('',#690,#691);
#690 = CARTESIAN_POINT('',(24.586541868382,5.148722016667,
    68.947064513949));
#691 = VECTOR('',#692,1.);
#692 = DIRECTION('',(2.1E-15,1.,-8.8E-15));
#693 = ORIENTED_EDGE('',*,*,#694,.F.);
#694 = EDGE_CURVE('',#344,#687,#695,.T.);
#695 = CIRCLE('',#696,14.000264020169);
#696 = AXIS2_PLACEMENT_3D('',#697,#698,#699);
#697 = CARTESIAN_POINT('',(13.500000060684,30.805980023306,
    60.397445611296));
#698 = DIRECTION('',(1.5E-16,1.,-6.78E-15));
#699 = DIRECTION('',(0.999981160321,-1.083793471257E-16,
    6.138322554933E-03));
#700 = ORIENTED_EDGE('',*,*,#369,.F.);
#701 = ORIENTED_EDGE('',*,*,#669,.T.);
#702 = ORIENTED_EDGE('',*,*,#588,.F.);
#703 = FACE_BOUND('',#704,.T.);
#704 = EDGE_LOOP('',(#705,#706));
#705 = ORIENTED_EDGE('',*,*,#559,.T.);
#706 = ORIENTED_EDGE('',*,*,#528,.T.);
#707 = CYLINDRICAL_SURFACE('',#708,14.000264020169);
#708 = AXIS2_PLACEMENT_3D('',#709,#710,#711);
#709 = CARTESIAN_POINT('',(13.500000060684,5.148722016667,
    60.397445611296));
#710 = DIRECTION('',(2.1E-15,1.,-8.8E-15));
#711 = DIRECTION('',(0.999981160321,-2.04594319819E-15,
    6.138322554933E-03));
#712 = ADVANCED_FACE('',(#713),#724,.F.);
#713 = FACE_BOUND('',#714,.T.);
#714 = EDGE_LOOP('',(#715,#716,#717,#723));
#715 = ORIENTED_EDGE('',*,*,#612,.F.);
#716 = ORIENTED_EDGE('',*,*,#652,.F.);
#717 = ORIENTED_EDGE('',*,*,#718,.T.);
#718 = EDGE_CURVE('',#645,#687,#719,.T.);
#719 = LINE('',#720,#721);
#720 = CARTESIAN_POINT('',(24.586541868382,30.805980023306,
    70.01679537356));
#721 = VECTOR('',#722,1.);
#722 = DIRECTION('',(0.,6.78E-15,1.));
#723 = ORIENTED_EDGE('',*,*,#686,.F.);
#724 = PLANE('',#725);
#725 = AXIS2_PLACEMENT_3D('',#726,#727,#728);
#726 = CARTESIAN_POINT('',(24.586541868382,28.133721338123,
    70.01679537356));
#727 = DIRECTION('',(-1.,1.5E-16,0.));
#728 = DIRECTION('',(1.5E-16,1.,-6.78E-15));
#729 = ADVANCED_FACE('',(#730),#749,.F.);
#730 = FACE_BOUND('',#731,.F.);
#731 = EDGE_LOOP('',(#732,#740,#747,#748));
#732 = ORIENTED_EDGE('',*,*,#733,.T.);
#733 = EDGE_CURVE('',#427,#734,#736,.T.);
#734 = VERTEX_POINT('',#735);
#735 = CARTESIAN_POINT('',(17.499635652949,15.948722675287,
    71.088005402287));
#736 = LINE('',#737,#738);
#737 = CARTESIAN_POINT('',(17.499635652949,15.948722675287,
    70.173025362374));
#738 = VECTOR('',#739,1.);
#739 = DIRECTION('',(-2.172E-14,8.348E-14,1.));
#740 = ORIENTED_EDGE('',*,*,#741,.T.);
#741 = EDGE_CURVE('',#734,#734,#742,.T.);
#742 = CIRCLE('',#743,1.55);
#743 = AXIS2_PLACEMENT_3D('',#744,#745,#746);
#744 = CARTESIAN_POINT('',(17.499635652949,17.498722675287,
    71.088005402287));
#745 = DIRECTION('',(0.,-6.E-16,-1.));
#746 = DIRECTION('',(-1.6581E-13,1.,-6.E-16));
#747 = ORIENTED_EDGE('',*,*,#733,.F.);
#748 = ORIENTED_EDGE('',*,*,#426,.T.);
#749 = CYLINDRICAL_SURFACE('',#750,1.55);
#750 = AXIS2_PLACEMENT_3D('',#751,#752,#753);
#751 = CARTESIAN_POINT('',(17.499635652949,17.498722675287,
    70.173025362374));
#752 = DIRECTION('',(-2.172E-14,8.348E-14,1.));
#753 = DIRECTION('',(-1.6581E-13,1.,-8.348E-14));
#754 = ADVANCED_FACE('',(#755),#766,.F.);
#755 = FACE_BOUND('',#756,.T.);
#756 = EDGE_LOOP('',(#757));
#757 = ORIENTED_EDGE('',*,*,#758,.F.);
#758 = EDGE_CURVE('',#759,#759,#761,.T.);
#759 = VERTEX_POINT('',#760);
#760 = CARTESIAN_POINT('',(20.871665028488,24.805721338123,
    67.561786493735));
#761 = CIRCLE('',#762,1.35);
#762 = AXIS2_PLACEMENT_3D('',#763,#764,#765);
#763 = CARTESIAN_POINT('',(20.871665028488,24.805721338123,
    68.911786493735));
#764 = DIRECTION('',(-1.5E-16,-1.,6.78E-15));
#765 = DIRECTION('',(0.,6.78E-15,1.));
#766 = PLANE('',#767);
#767 = AXIS2_PLACEMENT_3D('',#768,#769,#770);
#768 = CARTESIAN_POINT('',(20.871665028488,24.805721338123,
    68.911786493735));
#769 = DIRECTION('',(-1.5E-16,-1.,6.78E-15));
#770 = DIRECTION('',(0.,6.78E-15,1.));
#771 = ADVANCED_FACE('',(#772),#783,.F.);
#772 = FACE_BOUND('',#773,.F.);
#773 = EDGE_LOOP('',(#774,#780,#781,#782));
#774 = ORIENTED_EDGE('',*,*,#775,.T.);
#775 = EDGE_CURVE('',#502,#759,#776,.T.);
#776 = LINE('',#777,#778);
#777 = CARTESIAN_POINT('',(20.871665028488,34.013721338123,
    67.561786493735));
#778 = VECTOR('',#779,1.);
#779 = DIRECTION('',(-1.5E-16,-1.,6.78E-15));
#780 = ORIENTED_EDGE('',*,*,#758,.F.);
#781 = ORIENTED_EDGE('',*,*,#775,.F.);
#782 = ORIENTED_EDGE('',*,*,#501,.T.);
#783 = CYLINDRICAL_SURFACE('',#784,1.35);
#784 = AXIS2_PLACEMENT_3D('',#785,#786,#787);
#785 = CARTESIAN_POINT('',(20.871665028488,34.013721338123,
    68.911786493735));
#786 = DIRECTION('',(-1.5E-16,-1.,6.78E-15));
#787 = DIRECTION('',(0.,6.78E-15,1.));
#788 = ADVANCED_FACE('',(#789,#797),#800,.T.);
#789 = FACE_BOUND('',#790,.T.);
#790 = EDGE_LOOP('',(#791,#792,#793,#794,#795,#796));
#791 = ORIENTED_EDGE('',*,*,#694,.T.);
#792 = ORIENTED_EDGE('',*,*,#718,.F.);
#793 = ORIENTED_EDGE('',*,*,#644,.T.);
#794 = ORIENTED_EDGE('',*,*,#383,.F.);
#795 = ORIENTED_EDGE('',*,*,#443,.T.);
#796 = ORIENTED_EDGE('',*,*,#343,.F.);
#797 = FACE_BOUND('',#798,.T.);
#798 = EDGE_LOOP('',(#799));
#799 = ORIENTED_EDGE('',*,*,#483,.F.);
#800 = PLANE('',#801);
#801 = AXIS2_PLACEMENT_3D('',#802,#803,#804);
#802 = CARTESIAN_POINT('',(18.363088957332,30.805980023306,
    70.01679537356));
#803 = DIRECTION('',(1.5E-16,1.,-6.78E-15));
#804 = DIRECTION('',(0.,-6.78E-15,-1.));
#805 = ADVANCED_FACE('',(#806,#809),#812,.T.);
#806 = FACE_BOUND('',#807,.T.);
#807 = EDGE_LOOP('',(#808));
#808 = ORIENTED_EDGE('',*,*,#573,.T.);
#809 = FACE_BOUND('',#810,.T.);
#810 = EDGE_LOOP('',(#811));
#811 = ORIENTED_EDGE('',*,*,#741,.T.);
#812 = PLANE('',#813);
#813 = AXIS2_PLACEMENT_3D('',#814,#815,#816);
#814 = CARTESIAN_POINT('',(17.865162405528,26.934610724574,
    71.088005402287));
#815 = DIRECTION('',(0.,6.E-16,1.));
#816 = DIRECTION('',(1.,0.,-0.));
#817 = MANIFOLD_SOLID_BREP('',#818);
#818 = CLOSED_SHELL('',(#819,#887,#981,#1005,#1029,#1054,#1074,#1100,
    #1132,#1149,#1186,#1211,#1228,#1245,#1263,#1276));
#819 = ADVANCED_FACE('',(#820,#871),#882,.T.);
#820 = FACE_BOUND('',#821,.T.);
#821 = EDGE_LOOP('',(#822,#832,#840,#848,#856,#864));
#822 = ORIENTED_EDGE('',*,*,#823,.T.);
#823 = EDGE_CURVE('',#824,#826,#828,.T.);
#824 = VERTEX_POINT('',#825);
#825 = CARTESIAN_POINT('',(-13.50000006068,30.805980023306,
    74.397709631465));
#826 = VERTEX_POINT('',#827);
#827 = CARTESIAN_POINT('',(-11.21066604317,30.805980023306,
    74.397709631467));
#828 = LINE('',#829,#830);
#829 = CARTESIAN_POINT('',(-12.66805950745,30.805980023306,
    74.397709631467));
#830 = VECTOR('',#831,1.);
#831 = DIRECTION('',(1.,-1.5E-16,-6.439E-14));
#832 = ORIENTED_EDGE('',*,*,#833,.T.);
#833 = EDGE_CURVE('',#826,#834,#836,.T.);
#834 = VERTEX_POINT('',#835);
#835 = CARTESIAN_POINT('',(-11.21066604317,30.805980023306,
    65.63588545406));
#836 = LINE('',#837,#838);
#837 = CARTESIAN_POINT('',(-11.21066604317,30.805980023306,
    70.01679537356));
#838 = VECTOR('',#839,1.);
#839 = DIRECTION('',(0.,-6.78E-15,-1.));
#840 = ORIENTED_EDGE('',*,*,#841,.F.);
#841 = EDGE_CURVE('',#842,#834,#844,.T.);
#842 = VERTEX_POINT('',#843);
#843 = CARTESIAN_POINT('',(-23.8476691385,30.805980023306,65.63588545406
    ));
#844 = LINE('',#845,#846);
#845 = CARTESIAN_POINT('',(-11.83611895422,30.805980023306,
    65.63588545406));
#846 = VECTOR('',#847,1.);
#847 = DIRECTION('',(1.,-1.5E-16,-0.));
#848 = ORIENTED_EDGE('',*,*,#849,.T.);
#849 = EDGE_CURVE('',#842,#850,#852,.T.);
#850 = VERTEX_POINT('',#851);
#851 = CARTESIAN_POINT('',(-24.53057186527,30.805980023306,
    68.590874896431));
#852 = LINE('',#853,#854);
#853 = CARTESIAN_POINT('',(-24.35282390774,30.805980023306,
    67.821741435197));
#854 = VECTOR('',#855,1.);
#855 = DIRECTION('',(-0.225166936727,6.64E-15,0.974320199218));
#856 = ORIENTED_EDGE('',*,*,#857,.F.);
#857 = EDGE_CURVE('',#858,#850,#860,.T.);
#858 = VERTEX_POINT('',#859);
#859 = CARTESIAN_POINT('',(-24.53057186527,30.805980023306,
    69.019155319823));
#860 = LINE('',#861,#862);
#861 = CARTESIAN_POINT('',(-24.53057186527,30.805980023306,
    70.01679537356));
#862 = VECTOR('',#863,1.);
#863 = DIRECTION('',(-0.,-6.78E-15,-1.));
#864 = ORIENTED_EDGE('',*,*,#865,.T.);
#865 = EDGE_CURVE('',#858,#824,#866,.T.);
#866 = CIRCLE('',#867,14.000264020169);
#867 = AXIS2_PLACEMENT_3D('',#868,#869,#870);
#868 = CARTESIAN_POINT('',(-13.50000006068,30.805980023306,
    60.397445611296));
#869 = DIRECTION('',(1.5E-16,1.,-6.78E-15));
#870 = DIRECTION('',(-0.999981160321,1.916150009705E-16,
    6.138322554933E-03));
#871 = FACE_BOUND('',#872,.T.);
#872 = EDGE_LOOP('',(#873));
#873 = ORIENTED_EDGE('',*,*,#874,.F.);
#874 = EDGE_CURVE('',#875,#875,#877,.T.);
#875 = VERTEX_POINT('',#876);
#876 = CARTESIAN_POINT('',(-20.42833497151,30.805980023306,
    67.411786493736));
#877 = CIRCLE('',#878,1.5);
#878 = AXIS2_PLACEMENT_3D('',#879,#880,#881);
#879 = CARTESIAN_POINT('',(-20.42833497151,30.805980023306,
    68.911786493736));
#880 = DIRECTION('',(1.5E-16,1.,-6.78E-15));
#881 = DIRECTION('',(0.,6.78E-15,1.));
#882 = PLANE('',#883);
#883 = AXIS2_PLACEMENT_3D('',#884,#885,#886);
#884 = CARTESIAN_POINT('',(-11.83611895422,30.805980023306,
    70.01679537356));
#885 = DIRECTION('',(1.5E-16,1.,-6.78E-15));
#886 = DIRECTION('',(0.,-6.78E-15,-1.));
#887 = ADVANCED_FACE('',(#888,#928),#976,.T.);
#888 = FACE_BOUND('',#889,.T.);
#889 = EDGE_LOOP('',(#890,#891,#899,#913,#922));
#890 = ORIENTED_EDGE('',*,*,#865,.F.);
#891 = ORIENTED_EDGE('',*,*,#892,.T.);
#892 = EDGE_CURVE('',#858,#893,#895,.T.);
#893 = VERTEX_POINT('',#894);
#894 = CARTESIAN_POINT('',(-24.53057186527,14.217731865091,
    69.019155319823));
#895 = LINE('',#896,#897);
#896 = CARTESIAN_POINT('',(-24.53057186527,5.148722016667,
    69.019155319823));
#897 = VECTOR('',#898,1.);
#898 = DIRECTION('',(2.1E-15,-1.,8.8E-15));
#899 = ORIENTED_EDGE('',*,*,#900,.F.);
#900 = EDGE_CURVE('',#901,#893,#903,.T.);
#901 = VERTEX_POINT('',#902);
#902 = CARTESIAN_POINT('',(-22.36556597254,13.148721338123,
    71.232995144978));
#903 = B_SPLINE_CURVE_WITH_KNOTS('',3,(#904,#905,#906,#907,#908,#909,
    #910,#911,#912),.UNSPECIFIED.,.F.,.F.,(4,3,2,4),(2.546916163156,
    2.581699700898,2.81632908027,2.856134650454),.UNSPECIFIED.);
#904 = CARTESIAN_POINT('',(-22.36556597254,13.148721338123,
    71.232995144978));
#905 = CARTESIAN_POINT('',(-22.44774428941,13.208888813682,
    71.165757458279));
#906 = CARTESIAN_POINT('',(-22.5311300055,13.267175097038,
    71.095966197265));
#907 = CARTESIAN_POINT('',(-22.61519331909,13.323274138553,
    71.02385819957));
#908 = CARTESIAN_POINT('',(-23.18223539505,13.701681674813,
    70.537457162053));
#909 = CARTESIAN_POINT('',(-23.74518902132,13.959157804921,
    69.974178666167));
#910 = CARTESIAN_POINT('',(-24.35717208373,14.165078987366,
    69.23760972397));
#911 = CARTESIAN_POINT('',(-24.44459301134,14.192512720121,
    69.129156230789));
#912 = CARTESIAN_POINT('',(-24.53057186527,14.217731865091,
    69.019155319823));
#913 = ORIENTED_EDGE('',*,*,#914,.T.);
#914 = EDGE_CURVE('',#901,#915,#917,.T.);
#915 = VERTEX_POINT('',#916);
#916 = CARTESIAN_POINT('',(-13.50000006068,13.148721338123,
    74.397709631467));
#917 = CIRCLE('',#918,14.000264020169);
#918 = AXIS2_PLACEMENT_3D('',#919,#920,#921);
#919 = CARTESIAN_POINT('',(-13.50000006068,13.148721338123,
    60.397445611296));
#920 = DIRECTION('',(1.5E-16,1.,-6.78E-15));
#921 = DIRECTION('',(-0.999981160321,1.916150009705E-16,
    6.138322554933E-03));
#922 = ORIENTED_EDGE('',*,*,#923,.F.);
#923 = EDGE_CURVE('',#824,#915,#924,.T.);
#924 = LINE('',#925,#926);
#925 = CARTESIAN_POINT('',(-13.50000006068,5.148722016667,
    74.397709631466));
#926 = VECTOR('',#927,1.);
#927 = DIRECTION('',(2.1E-15,-1.,8.8E-15));
#928 = FACE_BOUND('',#929,.T.);
#929 = EDGE_LOOP('',(#930,#963));
#930 = ORIENTED_EDGE('',*,*,#931,.T.);
#931 = EDGE_CURVE('',#932,#934,#936,.T.);
#932 = VERTEX_POINT('',#933);
#933 = CARTESIAN_POINT('',(-20.60030728497,17.49872267528,
    72.463639292614));
#934 = VERTEX_POINT('',#935);
#935 = CARTESIAN_POINT('',(-17.50030728497,14.398722675281,
    73.814037382148));
#936 = B_SPLINE_CURVE_WITH_KNOTS('',3,(#937,#938,#939,#940,#941,#942,
    #943,#944,#945,#946,#947,#948,#949,#950,#951,#952,#953,#954,#955,
    #956,#957,#958,#959,#960,#961,#962),.UNSPECIFIED.,.F.,.F.,(4,2,2,2,2
    ,2,2,2,2,2,2,2,4),(0.,0.117572667346,0.235145334691,0.361336084865,
    0.487526835039,0.606970916142,0.726414997245,0.84305710937,
    0.959699221494,1.076628949685,1.193558677875,1.312714857653,
    1.431871037431),.UNSPECIFIED.);
#937 = CARTESIAN_POINT('',(-20.60030728497,17.49872267528,
    72.463639292614));
#938 = CARTESIAN_POINT('',(-20.60030728497,17.890631566432,
    72.463639292614));
#939 = CARTESIAN_POINT('',(-20.52143673494,18.303108785151,
    72.510996655231));
#940 = CARTESIAN_POINT('',(-20.21309903152,19.052757162357,
    72.684552368966));
#941 = CARTESIAN_POINT('',(-19.98396585761,19.390453570877,
    72.809070701398));
#942 = CARTESIAN_POINT('',(-19.44943103918,19.941871020789,
    73.074476530349));
#943 = CARTESIAN_POINT('',(-19.0996121126,20.187313071116,
    73.235867589813));
#944 = CARTESIAN_POINT('',(-18.32680780815,20.515872231457,
    73.545930734328));
#945 = CARTESIAN_POINT('',(-17.90340677365,20.598722675281,
    73.693848751222));
#946 = CARTESIAN_POINT('',(-17.1187591291,20.598722675281,
    73.927800241631));
#947 = CARTESIAN_POINT('',(-16.70555069508,20.523701169269,
    74.03142263173));
#948 = CARTESIAN_POINT('',(-15.93807140097,20.208252571555,
    74.189352378711));
#949 = CARTESIAN_POINT('',(-15.58409011205,19.967590872762,
    74.244596729447));
#950 = CARTESIAN_POINT('',(-15.03097535808,19.412438829414,
    74.316477466027));
#951 = CARTESIAN_POINT('',(-14.79329074021,19.064692165357,
    74.33874451582));
#952 = CARTESIAN_POINT('',(-14.47795888828,18.302220924506,
    74.364407064849));
#953 = CARTESIAN_POINT('',(-14.40030728497,17.887529715697,
    74.368731863332));
#954 = CARTESIAN_POINT('',(-14.40030728497,17.108956914646,
    74.368731863332));
#955 = CARTESIAN_POINT('',(-14.47833942353,16.693309220689,
    74.364388558619));
#956 = CARTESIAN_POINT('',(-14.79509937948,15.929381882687,
    74.338584774692));
#957 = CARTESIAN_POINT('',(-15.0338318055,15.581136111394,
    74.316186588869));
#958 = CARTESIAN_POINT('',(-15.58794640072,15.02702151618,
    74.244012516274));
#959 = CARTESIAN_POINT('',(-15.94141041786,14.787415316588,
    74.188740854743));
#960 = CARTESIAN_POINT('',(-16.70742057382,14.47338345248,
    74.030961768046));
#961 = CARTESIAN_POINT('',(-17.11967879141,14.398722675281,
    73.927526034005));
#962 = CARTESIAN_POINT('',(-17.50030728497,14.398722675281,
    73.814037382148));
#963 = ORIENTED_EDGE('',*,*,#964,.T.);
#964 = EDGE_CURVE('',#934,#932,#965,.T.);
#965 = B_SPLINE_CURVE_WITH_KNOTS('',3,(#966,#967,#968,#969,#970,#971,
    #972,#973,#974,#975),.UNSPECIFIED.,.F.,.F.,(4,2,2,2,4),(
    1.431871037431,1.558061787605,1.684252537779,1.801825205124,
    1.91939787247),.UNSPECIFIED.);
#966 = CARTESIAN_POINT('',(-17.50030728497,14.398722675281,
    73.814037382148));
#967 = CARTESIAN_POINT('',(-17.90340677365,14.39872267528,
    73.693848751222));
#968 = CARTESIAN_POINT('',(-18.32680780815,14.481573119104,
    73.545930734328));
#969 = CARTESIAN_POINT('',(-19.0996121126,14.810132279445,
    73.235867589813));
#970 = CARTESIAN_POINT('',(-19.44943103918,15.055574329772,
    73.074476530349));
#971 = CARTESIAN_POINT('',(-19.98396585761,15.606991779684,
    72.809070701398));
#972 = CARTESIAN_POINT('',(-20.21309903152,15.944688188204,
    72.684552368966));
#973 = CARTESIAN_POINT('',(-20.52143673494,16.69433656541,
    72.510996655231));
#974 = CARTESIAN_POINT('',(-20.60030728497,17.106813784128,
    72.463639292614));
#975 = CARTESIAN_POINT('',(-20.60030728497,17.49872267528,
    72.463639292614));
#976 = CYLINDRICAL_SURFACE('',#977,14.000264020169);
#977 = AXIS2_PLACEMENT_3D('',#978,#979,#980);
#978 = CARTESIAN_POINT('',(-13.50000006068,5.148722016667,
    60.397445611296));
#979 = DIRECTION('',(2.1E-15,-1.,8.8E-15));
#980 = DIRECTION('',(-0.999981160321,-2.04594319819E-15,
    6.138322554933E-03));
#981 = ADVANCED_FACE('',(#982),#1000,.T.);
#982 = FACE_BOUND('',#983,.T.);
#983 = EDGE_LOOP('',(#984,#985,#986,#994));
#984 = ORIENTED_EDGE('',*,*,#823,.F.);
#985 = ORIENTED_EDGE('',*,*,#923,.T.);
#986 = ORIENTED_EDGE('',*,*,#987,.T.);
#987 = EDGE_CURVE('',#915,#988,#990,.T.);
#988 = VERTEX_POINT('',#989);
#989 = CARTESIAN_POINT('',(-11.21066604317,13.148721338123,
    74.397709631467));
#990 = LINE('',#991,#992);
#991 = CARTESIAN_POINT('',(-12.66805950745,13.148721338123,
    74.397709631467));
#992 = VECTOR('',#993,1.);
#993 = DIRECTION('',(1.,-1.5E-16,-6.439E-14));
#994 = ORIENTED_EDGE('',*,*,#995,.T.);
#995 = EDGE_CURVE('',#988,#826,#996,.T.);
#996 = LINE('',#997,#998);
#997 = CARTESIAN_POINT('',(-11.21066604317,21.396925880315,
    74.397709631467));
#998 = VECTOR('',#999,1.);
#999 = DIRECTION('',(0.,1.,-8.8E-15));
#1000 = PLANE('',#1001);
#1001 = AXIS2_PLACEMENT_3D('',#1002,#1003,#1004);
#1002 = CARTESIAN_POINT('',(-13.50000006068,14.660130422506,
    74.397709631467));
#1003 = DIRECTION('',(6.439E-14,8.8E-15,1.));
#1004 = DIRECTION('',(1.,0.,-6.439E-14));
#1005 = ADVANCED_FACE('',(#1006),#1024,.T.);
#1006 = FACE_BOUND('',#1007,.T.);
#1007 = EDGE_LOOP('',(#1008,#1009,#1010,#1018));
#1008 = ORIENTED_EDGE('',*,*,#833,.F.);
#1009 = ORIENTED_EDGE('',*,*,#995,.F.);
#1010 = ORIENTED_EDGE('',*,*,#1011,.T.);
#1011 = EDGE_CURVE('',#988,#1012,#1014,.T.);
#1012 = VERTEX_POINT('',#1013);
#1013 = CARTESIAN_POINT('',(-11.21066604317,13.148721338123,
    65.63588545406));
#1014 = LINE('',#1015,#1016);
#1015 = CARTESIAN_POINT('',(-11.21066604317,13.148721338123,
    70.01679537356));
#1016 = VECTOR('',#1017,1.);
#1017 = DIRECTION('',(-0.,-6.78E-15,-1.));
#1018 = ORIENTED_EDGE('',*,*,#1019,.F.);
#1019 = EDGE_CURVE('',#834,#1012,#1020,.T.);
#1020 = LINE('',#1021,#1022);
#1021 = CARTESIAN_POINT('',(-11.21066604317,27.534004286566,
    65.63588545406));
#1022 = VECTOR('',#1023,1.);
#1023 = DIRECTION('',(0.,-1.,6.78E-15));
#1024 = PLANE('',#1025);
#1025 = AXIS2_PLACEMENT_3D('',#1026,#1027,#1028);
#1026 = CARTESIAN_POINT('',(-11.21066604317,28.133721338123,
    70.01679537356));
#1027 = DIRECTION('',(1.,0.,0.));
#1028 = DIRECTION('',(0.,0.,-1.));
#1029 = ADVANCED_FACE('',(#1030),#1049,.F.);
#1030 = FACE_BOUND('',#1031,.F.);
#1031 = EDGE_LOOP('',(#1032,#1040,#1047,#1048));
#1032 = ORIENTED_EDGE('',*,*,#1033,.T.);
#1033 = EDGE_CURVE('',#875,#1034,#1036,.T.);
#1034 = VERTEX_POINT('',#1035);
#1035 = CARTESIAN_POINT('',(-20.42833497151,29.805980023306,
    67.411786493736));
#1036 = LINE('',#1037,#1038);
#1037 = CARTESIAN_POINT('',(-20.42833497151,35.852441951271,
    67.411786493736));
#1038 = VECTOR('',#1039,1.);
#1039 = DIRECTION('',(-1.5E-16,-1.,6.78E-15));
#1040 = ORIENTED_EDGE('',*,*,#1041,.F.);
#1041 = EDGE_CURVE('',#1034,#1034,#1042,.T.);
#1042 = CIRCLE('',#1043,1.5);
#1043 = AXIS2_PLACEMENT_3D('',#1044,#1045,#1046);
#1044 = CARTESIAN_POINT('',(-20.42833497151,29.805980023306,
    68.911786493736));
#1045 = DIRECTION('',(-1.5E-16,-1.,6.78E-15));
#1046 = DIRECTION('',(0.,6.78E-15,1.));
#1047 = ORIENTED_EDGE('',*,*,#1033,.F.);
#1048 = ORIENTED_EDGE('',*,*,#874,.F.);
#1049 = CYLINDRICAL_SURFACE('',#1050,1.5);
#1050 = AXIS2_PLACEMENT_3D('',#1051,#1052,#1053);
#1051 = CARTESIAN_POINT('',(-20.42833497151,35.852441951271,
    68.911786493736));
#1052 = DIRECTION('',(-1.5E-16,-1.,6.78E-15));
#1053 = DIRECTION('',(0.,6.78E-15,1.));
#1054 = ADVANCED_FACE('',(#1055,#1058),#1069,.F.);
#1055 = FACE_BOUND('',#1056,.T.);
#1056 = EDGE_LOOP('',(#1057));
#1057 = ORIENTED_EDGE('',*,*,#1041,.F.);
#1058 = FACE_BOUND('',#1059,.T.);
#1059 = EDGE_LOOP('',(#1060));
#1060 = ORIENTED_EDGE('',*,*,#1061,.T.);
#1061 = EDGE_CURVE('',#1062,#1062,#1064,.T.);
#1062 = VERTEX_POINT('',#1063);
#1063 = CARTESIAN_POINT('',(-20.42833497151,29.805980023306,
    67.561786493735));
#1064 = CIRCLE('',#1065,1.35);
#1065 = AXIS2_PLACEMENT_3D('',#1066,#1067,#1068);
#1066 = CARTESIAN_POINT('',(-20.42833497151,29.805980023306,
    68.911786493736));
#1067 = DIRECTION('',(-1.5E-16,-1.,6.78E-15));
#1068 = DIRECTION('',(0.,6.78E-15,1.));
#1069 = PLANE('',#1070);
#1070 = AXIS2_PLACEMENT_3D('',#1071,#1072,#1073);
#1071 = CARTESIAN_POINT('',(-20.42833497151,29.805980023306,
    68.911786493736));
#1072 = DIRECTION('',(-1.5E-16,-1.,6.78E-15));
#1073 = DIRECTION('',(0.,6.78E-15,1.));
#1074 = ADVANCED_FACE('',(#1075),#1095,.F.);
#1075 = FACE_BOUND('',#1076,.F.);
#1076 = EDGE_LOOP('',(#1077,#1085,#1086,#1087,#1088));
#1077 = ORIENTED_EDGE('',*,*,#1078,.T.);
#1078 = EDGE_CURVE('',#1079,#934,#1081,.T.);
#1079 = VERTEX_POINT('',#1080);
#1080 = CARTESIAN_POINT('',(-17.50030728497,14.39872267528,
    71.088005402283));
#1081 = LINE('',#1082,#1083);
#1082 = CARTESIAN_POINT('',(-17.50030728497,14.39872267528,
    70.173015825624));
#1083 = VECTOR('',#1084,1.);
#1084 = DIRECTION('',(-2.172E-14,8.348E-14,1.));
#1085 = ORIENTED_EDGE('',*,*,#964,.T.);
#1086 = ORIENTED_EDGE('',*,*,#931,.T.);
#1087 = ORIENTED_EDGE('',*,*,#1078,.F.);
#1088 = ORIENTED_EDGE('',*,*,#1089,.T.);
#1089 = EDGE_CURVE('',#1079,#1079,#1090,.T.);
#1090 = CIRCLE('',#1091,3.1);
#1091 = AXIS2_PLACEMENT_3D('',#1092,#1093,#1094);
#1092 = CARTESIAN_POINT('',(-17.50030728497,17.49872267528,
    71.088005402282));
#1093 = DIRECTION('',(-3.3148E-13,6.E-16,1.));
#1094 = DIRECTION('',(-1.6581E-13,1.,-6.00000000055E-16));
#1095 = CYLINDRICAL_SURFACE('',#1096,3.1);
#1096 = AXIS2_PLACEMENT_3D('',#1097,#1098,#1099);
#1097 = CARTESIAN_POINT('',(-17.50030728497,17.49872267528,
    70.173015825624));
#1098 = DIRECTION('',(-2.172E-14,8.348E-14,1.));
#1099 = DIRECTION('',(-1.6581E-13,1.,-8.348E-14));
#1100 = ADVANCED_FACE('',(#1101),#1127,.T.);
#1101 = FACE_BOUND('',#1102,.T.);
#1102 = EDGE_LOOP('',(#1103,#1114,#1120,#1121));
#1103 = ORIENTED_EDGE('',*,*,#1104,.F.);
#1104 = EDGE_CURVE('',#1105,#1107,#1109,.T.);
#1105 = VERTEX_POINT('',#1106);
#1106 = CARTESIAN_POINT('',(-24.53057186527,14.217731865091,
    68.590874896432));
#1107 = VERTEX_POINT('',#1108);
#1108 = CARTESIAN_POINT('',(-23.8476691385,13.978447559893,
    65.63588545406));
#1109 = ELLIPSE('',#1110,31.088045615235,7.);
#1110 = AXIS2_PLACEMENT_3D('',#1111,#1112,#1113);
#1111 = CARTESIAN_POINT('',(-26.50079196991,7.500721165435,
    77.116217350161));
#1112 = DIRECTION('',(-0.974320199218,-1.58E-15,-0.225166936727));
#1113 = DIRECTION('',(0.225166936727,-7.14E-15,-0.974320199218));
#1114 = ORIENTED_EDGE('',*,*,#1115,.T.);
#1115 = EDGE_CURVE('',#1105,#850,#1116,.T.);
#1116 = LINE('',#1117,#1118);
#1117 = CARTESIAN_POINT('',(-24.53057186527,27.534006786566,
    68.590874896431));
#1118 = VECTOR('',#1119,1.);
#1119 = DIRECTION('',(1.5E-16,1.,-7.68E-15));
#1120 = ORIENTED_EDGE('',*,*,#849,.F.);
#1121 = ORIENTED_EDGE('',*,*,#1122,.T.);
#1122 = EDGE_CURVE('',#842,#1107,#1123,.T.);
#1123 = LINE('',#1124,#1125);
#1124 = CARTESIAN_POINT('',(-23.8476691385,27.534006786566,
    65.63588545406));
#1125 = VECTOR('',#1126,1.);
#1126 = DIRECTION('',(6.E-17,-1.,6.78E-15));
#1127 = PLANE('',#1128);
#1128 = AXIS2_PLACEMENT_3D('',#1129,#1130,#1131);
#1129 = CARTESIAN_POINT('',(-24.50586148081,26.934292235008,
    68.483950553679));
#1130 = DIRECTION('',(-0.974320199218,-1.58E-15,-0.225166936727));
#1131 = DIRECTION('',(-0.225166936727,4.930380657631E-32,0.974320199218)
  );
#1132 = ADVANCED_FACE('',(#1133),#1144,.F.);
#1133 = FACE_BOUND('',#1134,.T.);
#1134 = EDGE_LOOP('',(#1135,#1141,#1142,#1143));
#1135 = ORIENTED_EDGE('',*,*,#1136,.F.);
#1136 = EDGE_CURVE('',#893,#1105,#1137,.T.);
#1137 = LINE('',#1138,#1139);
#1138 = CARTESIAN_POINT('',(-24.53057186527,14.217731865092,
    56.428537183776));
#1139 = VECTOR('',#1140,1.);
#1140 = DIRECTION('',(3.3181E-13,-7.28E-15,-1.));
#1141 = ORIENTED_EDGE('',*,*,#892,.F.);
#1142 = ORIENTED_EDGE('',*,*,#857,.T.);
#1143 = ORIENTED_EDGE('',*,*,#1115,.F.);
#1144 = PLANE('',#1145);
#1145 = AXIS2_PLACEMENT_3D('',#1146,#1147,#1148);
#1146 = CARTESIAN_POINT('',(-24.53057186527,28.133721338123,
    70.01679537356));
#1147 = DIRECTION('',(1.,-1.5E-16,-0.));
#1148 = DIRECTION('',(-1.5E-16,-1.,6.78E-15));
#1149 = ADVANCED_FACE('',(#1150,#1170),#1181,.F.);
#1150 = FACE_BOUND('',#1151,.T.);
#1151 = EDGE_LOOP('',(#1152,#1153,#1154,#1162,#1169));
#1152 = ORIENTED_EDGE('',*,*,#841,.T.);
#1153 = ORIENTED_EDGE('',*,*,#1019,.T.);
#1154 = ORIENTED_EDGE('',*,*,#1155,.F.);
#1155 = EDGE_CURVE('',#1156,#1012,#1158,.T.);
#1156 = VERTEX_POINT('',#1157);
#1157 = CARTESIAN_POINT('',(-22.36556597254,13.148721338123,
    65.63588545406));
#1158 = LINE('',#1159,#1160);
#1159 = CARTESIAN_POINT('',(-11.83611895422,13.148721338123,
    65.63588545406));
#1160 = VECTOR('',#1161,1.);
#1161 = DIRECTION('',(1.,-1.5E-16,-0.));
#1162 = ORIENTED_EDGE('',*,*,#1163,.F.);
#1163 = EDGE_CURVE('',#1107,#1156,#1164,.T.);
#1164 = CIRCLE('',#1165,7.);
#1165 = AXIS2_PLACEMENT_3D('',#1166,#1167,#1168);
#1166 = CARTESIAN_POINT('',(-26.50079196991,7.500721165435,
    65.635885454055));
#1167 = DIRECTION('',(0.,-6.78E-15,-1.));
#1168 = DIRECTION('',(0.87339522869,0.48701208866,-3.301941961114E-15));
#1169 = ORIENTED_EDGE('',*,*,#1122,.F.);
#1170 = FACE_BOUND('',#1171,.T.);
#1171 = EDGE_LOOP('',(#1172));
#1172 = ORIENTED_EDGE('',*,*,#1173,.T.);
#1173 = EDGE_CURVE('',#1174,#1174,#1176,.T.);
#1174 = VERTEX_POINT('',#1175);
#1175 = CARTESIAN_POINT('',(-17.50030728497,15.94872267528,
    65.635885454061));
#1176 = CIRCLE('',#1177,1.55);
#1177 = AXIS2_PLACEMENT_3D('',#1178,#1179,#1180);
#1178 = CARTESIAN_POINT('',(-17.50030728497,17.49872267528,
    65.635885454061));
#1179 = DIRECTION('',(0.,6.78E-15,1.));
#1180 = DIRECTION('',(-1.6581E-13,1.,-6.78E-15));
#1181 = PLANE('',#1182);
#1182 = AXIS2_PLACEMENT_3D('',#1183,#1184,#1185);
#1183 = CARTESIAN_POINT('',(-11.83611895422,28.133721338123,
    65.63588545406));
#1184 = DIRECTION('',(0.,6.78E-15,1.));
#1185 = DIRECTION('',(1.5E-16,1.,-6.78E-15));
#1186 = ADVANCED_FACE('',(#1187),#1206,.F.);
#1187 = FACE_BOUND('',#1188,.F.);
#1188 = EDGE_LOOP('',(#1189,#1197,#1204,#1205));
#1189 = ORIENTED_EDGE('',*,*,#1190,.T.);
#1190 = EDGE_CURVE('',#1174,#1191,#1193,.T.);
#1191 = VERTEX_POINT('',#1192);
#1192 = CARTESIAN_POINT('',(-17.50030728497,15.94872267528,
    71.088005402283));
#1193 = LINE('',#1194,#1195);
#1194 = CARTESIAN_POINT('',(-17.50030728497,15.94872267528,
    70.173015825624));
#1195 = VECTOR('',#1196,1.);
#1196 = DIRECTION('',(-2.172E-14,8.348E-14,1.));
#1197 = ORIENTED_EDGE('',*,*,#1198,.T.);
#1198 = EDGE_CURVE('',#1191,#1191,#1199,.T.);
#1199 = CIRCLE('',#1200,1.55);
#1200 = AXIS2_PLACEMENT_3D('',#1201,#1202,#1203);
#1201 = CARTESIAN_POINT('',(-17.50030728497,17.49872267528,
    71.088005402282));
#1202 = DIRECTION('',(3.3148E-13,-6.E-16,-1.));
#1203 = DIRECTION('',(-1.6581E-13,1.,-6.00000000055E-16));
#1204 = ORIENTED_EDGE('',*,*,#1190,.F.);
#1205 = ORIENTED_EDGE('',*,*,#1173,.T.);
#1206 = CYLINDRICAL_SURFACE('',#1207,1.55);
#1207 = AXIS2_PLACEMENT_3D('',#1208,#1209,#1210);
#1208 = CARTESIAN_POINT('',(-17.50030728497,17.49872267528,
    70.173015825624));
#1209 = DIRECTION('',(-2.172E-14,8.348E-14,1.));
#1210 = DIRECTION('',(-1.6581E-13,1.,-8.348E-14));
#1211 = ADVANCED_FACE('',(#1212),#1223,.F.);
#1212 = FACE_BOUND('',#1213,.T.);
#1213 = EDGE_LOOP('',(#1214));
#1214 = ORIENTED_EDGE('',*,*,#1215,.F.);
#1215 = EDGE_CURVE('',#1216,#1216,#1218,.T.);
#1216 = VERTEX_POINT('',#1217);
#1217 = CARTESIAN_POINT('',(-20.42833497151,24.805721338123,
    67.561786493735));
#1218 = CIRCLE('',#1219,1.35);
#1219 = AXIS2_PLACEMENT_3D('',#1220,#1221,#1222);
#1220 = CARTESIAN_POINT('',(-20.42833497151,24.805721338123,
    68.911786493736));
#1221 = DIRECTION('',(-1.5E-16,-1.,6.78E-15));
#1222 = DIRECTION('',(0.,6.78E-15,1.));
#1223 = PLANE('',#1224);
#1224 = AXIS2_PLACEMENT_3D('',#1225,#1226,#1227);
#1225 = CARTESIAN_POINT('',(-20.42833497151,24.805721338123,
    68.911786493736));
#1226 = DIRECTION('',(-1.5E-16,-1.,6.78E-15));
#1227 = DIRECTION('',(0.,6.78E-15,1.));
#1228 = ADVANCED_FACE('',(#1229),#1240,.F.);
#1229 = FACE_BOUND('',#1230,.F.);
#1230 = EDGE_LOOP('',(#1231,#1237,#1238,#1239));
#1231 = ORIENTED_EDGE('',*,*,#1232,.T.);
#1232 = EDGE_CURVE('',#1062,#1216,#1233,.T.);
#1233 = LINE('',#1234,#1235);
#1234 = CARTESIAN_POINT('',(-20.42833497151,34.013721338123,
    67.561786493735));
#1235 = VECTOR('',#1236,1.);
#1236 = DIRECTION('',(-1.5E-16,-1.,6.78E-15));
#1237 = ORIENTED_EDGE('',*,*,#1215,.F.);
#1238 = ORIENTED_EDGE('',*,*,#1232,.F.);
#1239 = ORIENTED_EDGE('',*,*,#1061,.T.);
#1240 = CYLINDRICAL_SURFACE('',#1241,1.35);
#1241 = AXIS2_PLACEMENT_3D('',#1242,#1243,#1244);
#1242 = CARTESIAN_POINT('',(-20.42833497151,34.013721338123,
    68.911786493736));
#1243 = DIRECTION('',(-1.5E-16,-1.,6.78E-15));
#1244 = DIRECTION('',(0.,6.78E-15,1.));
#1245 = ADVANCED_FACE('',(#1246),#1258,.F.);
#1246 = FACE_BOUND('',#1247,.F.);
#1247 = EDGE_LOOP('',(#1248,#1254,#1255,#1256,#1257));
#1248 = ORIENTED_EDGE('',*,*,#1249,.F.);
#1249 = EDGE_CURVE('',#1156,#901,#1250,.T.);
#1250 = LINE('',#1251,#1252);
#1251 = CARTESIAN_POINT('',(-22.36556597254,13.148721338123,
    56.428537183776));
#1252 = VECTOR('',#1253,1.);
#1253 = DIRECTION('',(-3.3181E-13,7.28E-15,1.));
#1254 = ORIENTED_EDGE('',*,*,#1163,.F.);
#1255 = ORIENTED_EDGE('',*,*,#1104,.F.);
#1256 = ORIENTED_EDGE('',*,*,#1136,.F.);
#1257 = ORIENTED_EDGE('',*,*,#900,.F.);
#1258 = CYLINDRICAL_SURFACE('',#1259,7.);
#1259 = AXIS2_PLACEMENT_3D('',#1260,#1261,#1262);
#1260 = CARTESIAN_POINT('',(-26.50079196991,7.500721165435,
    56.428537183775));
#1261 = DIRECTION('',(3.3181E-13,-7.28E-15,-1.));
#1262 = DIRECTION('',(0.87339522869,0.48701208866,2.862558228263E-13));
#1263 = ADVANCED_FACE('',(#1264),#1271,.F.);
#1264 = FACE_BOUND('',#1265,.T.);
#1265 = EDGE_LOOP('',(#1266,#1267,#1268,#1269,#1270));
#1266 = ORIENTED_EDGE('',*,*,#1249,.F.);
#1267 = ORIENTED_EDGE('',*,*,#1155,.T.);
#1268 = ORIENTED_EDGE('',*,*,#1011,.F.);
#1269 = ORIENTED_EDGE('',*,*,#987,.F.);
#1270 = ORIENTED_EDGE('',*,*,#914,.F.);
#1271 = PLANE('',#1272);
#1272 = AXIS2_PLACEMENT_3D('',#1273,#1274,#1275);
#1273 = CARTESIAN_POINT('',(-11.83611895422,13.148721338123,
    70.01679537356));
#1274 = DIRECTION('',(1.5E-16,1.,-6.78E-15));
#1275 = DIRECTION('',(0.,-6.78E-15,-1.));
#1276 = ADVANCED_FACE('',(#1277,#1280),#1283,.T.);
#1277 = FACE_BOUND('',#1278,.T.);
#1278 = EDGE_LOOP('',(#1279));
#1279 = ORIENTED_EDGE('',*,*,#1089,.T.);
#1280 = FACE_BOUND('',#1281,.T.);
#1281 = EDGE_LOOP('',(#1282));
#1282 = ORIENTED_EDGE('',*,*,#1198,.T.);
#1283 = PLANE('',#1284);
#1284 = AXIS2_PLACEMENT_3D('',#1285,#1286,#1287);
#1285 = CARTESIAN_POINT('',(-17.87272238893,26.934615734211,
    71.088005402282));
#1286 = DIRECTION('',(-3.3148E-13,6.E-16,1.));
#1287 = DIRECTION('',(1.,0.,3.3148E-13));
#1288 = GEOMETRIC_CURVE_SET('',(#1289));
#1289 = TRIMMED_CURVE('',#1290,(#1294,PARAMETER_VALUE(4.863088896649)),(
    #1295,PARAMETER_VALUE(7.22345291105)),.T.,.PARAMETER.);
#1290 = LINE('',#1291,#1292);
#1291 = CARTESIAN_POINT('',(18.363088957332,30.805980023306,
    74.39770529306));
#1292 = VECTOR('',#1293,1.);
#1293 = DIRECTION('',(-1.,1.5E-16,0.));
#1294 = CARTESIAN_POINT('',(13.500000060684,30.805980023306,
    74.39770529306));
#1295 = CARTESIAN_POINT('',(11.139636046282,30.805980023306,
    74.39770529306));
#1296 = GEOMETRIC_CURVE_SET('',(#1297));
#1297 = TRIMMED_CURVE('',#1298,(#1302,PARAMETER_VALUE(-14.985)),(#1303,
    PARAMETER_VALUE(2.672258685182)),.T.,.PARAMETER.);
#1298 = LINE('',#1299,#1300);
#1299 = CARTESIAN_POINT('',(11.139636046282,28.133721338123,
    74.39770529306));
#1300 = VECTOR('',#1301,1.);
#1301 = DIRECTION('',(1.5E-16,1.,-6.78E-15));
#1302 = CARTESIAN_POINT('',(11.139636046282,13.148721338123,
    74.39770529306));
#1303 = CARTESIAN_POINT('',(11.139636046282,30.805980023306,
    74.39770529306));
#1304 = GEOMETRIC_CURVE_SET('',(#1305));
#1305 = TRIMMED_CURVE('',#1306,(#1310,PARAMETER_VALUE(-1.360364014401)),
  (#1311,PARAMETER_VALUE(1.)),.T.,.PARAMETER.);
#1306 = LINE('',#1307,#1308);
#1307 = CARTESIAN_POINT('',(12.139636046282,13.148721338123,
    74.39770529306));
#1308 = VECTOR('',#1309,1.);
#1309 = DIRECTION('',(-1.,-0.,0.));
#1310 = CARTESIAN_POINT('',(13.500000060684,13.148721338123,
    74.397709631466));
#1311 = CARTESIAN_POINT('',(11.139636046282,13.148721338123,
    74.39770529306));
#1312 = GEOMETRIC_CURVE_SET('',(#1313));
#1313 = TRIMMED_CURVE('',#1314,(#1318,PARAMETER_VALUE(7.999999321456)),(
    #1319,PARAMETER_VALUE(25.657258006638)),.T.,.PARAMETER.);
#1314 = LINE('',#1315,#1316);
#1315 = CARTESIAN_POINT('',(13.500000060684,5.148722016667,
    74.39770529306));
#1316 = VECTOR('',#1317,1.);
#1317 = DIRECTION('',(2.1E-15,1.,-8.8E-15));
#1318 = CARTESIAN_POINT('',(13.500000060684,13.148721338123,
    74.397709631466));
#1319 = CARTESIAN_POINT('',(13.500000060684,30.805980023306,
    74.39770529306));
#1320 = GEOMETRIC_CURVE_SET('',(#1321));
#1321 = TRIMMED_CURVE('',#1322,(#1326,PARAMETER_VALUE(-7.22345291105)),(
    #1327,PARAMETER_VALUE(5.48458018117)),.T.,.PARAMETER.);
#1322 = LINE('',#1323,#1324);
#1323 = CARTESIAN_POINT('',(18.363088957332,30.805980023306,
    65.63588545406));
#1324 = VECTOR('',#1325,1.);
#1325 = DIRECTION('',(1.,-1.5E-16,-0.));
#1326 = CARTESIAN_POINT('',(11.139636046282,30.805980023306,
    65.63588545406));
#1327 = CARTESIAN_POINT('',(23.847669138502,30.805980023306,
    65.63588545406));
#1328 = GEOMETRIC_CURVE_SET('',(#1329));
#1329 = TRIMMED_CURVE('',#1330,(#1334,PARAMETER_VALUE(-13.55508372339)),
  (#1335,PARAMETER_VALUE(3.271975736633)),.T.,.PARAMETER.);
#1330 = LINE('',#1331,#1332);
#1331 = CARTESIAN_POINT('',(23.847669138502,27.534004286672,
    65.63588545406));
#1332 = VECTOR('',#1333,1.);
#1333 = DIRECTION('',(6.E-17,1.,-6.78E-15));
#1334 = CARTESIAN_POINT('',(23.847669138502,13.978920563274,
    65.63588545406));
#1335 = CARTESIAN_POINT('',(23.847669138502,30.805980023306,
    65.63588545406));
#1336 = GEOMETRIC_CURVE_SET('',(#1337));
#1337 = TRIMMED_CURVE('',#1338,(#1343,PARAMETER_VALUE(0.430147069341)),(
    #1344,PARAMETER_VALUE(0.673574799004)),.T.,.PARAMETER.);
#1338 = CIRCLE('',#1339,7.);
#1339 = AXIS2_PLACEMENT_3D('',#1340,#1341,#1342);
#1340 = CARTESIAN_POINT('',(26.499636815899,7.500721165444,
    65.63588545406));
#1341 = DIRECTION('',(-0.,-6.78E-15,-1.));
#1342 = DIRECTION('',(-0.873395228691,0.48701208866,-3.301941961112E-15)
  );
#1343 = CARTESIAN_POINT('',(22.364410818518,13.148721338123,
    65.63588545406));
#1344 = CARTESIAN_POINT('',(23.847669138502,13.978920563274,
    65.63588545406));
#1345 = GEOMETRIC_CURVE_SET('',(#1346));
#1346 = TRIMMED_CURVE('',#1347,(#1351,PARAMETER_VALUE(-7.22345291105)),(
    #1352,PARAMETER_VALUE(4.001321861186)),.T.,.PARAMETER.);
#1347 = LINE('',#1348,#1349);
#1348 = CARTESIAN_POINT('',(18.363088957332,13.148721338123,
    65.63588545406));
#1349 = VECTOR('',#1350,1.);
#1350 = DIRECTION('',(1.,-1.5E-16,-0.));
#1351 = CARTESIAN_POINT('',(11.139636046282,13.148721338123,
    65.63588545406));
#1352 = CARTESIAN_POINT('',(22.364410818518,13.148721338123,
    65.63588545406));
#1353 = GEOMETRIC_CURVE_SET('',(#1354));
#1354 = TRIMMED_CURVE('',#1355,(#1359,PARAMETER_VALUE(-2.672258685183)),
  (#1360,PARAMETER_VALUE(14.985)),.T.,.PARAMETER.);
#1355 = LINE('',#1356,#1357);
#1356 = CARTESIAN_POINT('',(11.139636046282,28.133721338123,
    65.63588545406));
#1357 = VECTOR('',#1358,1.);
#1358 = DIRECTION('',(-1.5E-16,-1.,6.78E-15));
#1359 = CARTESIAN_POINT('',(11.139636046282,30.805980023306,
    65.63588545406));
#1360 = CARTESIAN_POINT('',(11.139636046282,13.148721338123,
    65.63588545406));
#1361 = GEOMETRIC_CURVE_SET('',(#1362));
#1362 = TRIMMED_CURVE('',#1363,(#1368,PARAMETER_VALUE(3.14159265359)),(
    #1369,PARAMETER_VALUE(9.424777960769)),.T.,.PARAMETER.);
#1363 = CIRCLE('',#1364,1.55);
#1364 = AXIS2_PLACEMENT_3D('',#1365,#1366,#1367);
#1365 = CARTESIAN_POINT('',(17.499635652949,17.498722675286,
    65.635885454061));
#1366 = DIRECTION('',(0.,6.78E-15,1.));
#1367 = DIRECTION('',(-1.6581E-13,1.,-6.78E-15));
#1368 = CARTESIAN_POINT('',(17.499635652949,15.948722675286,
    65.635885454061));
#1369 = CARTESIAN_POINT('',(17.499635652949,15.948722675286,
    65.635885454061));
#1370 = GEOMETRIC_CURVE_SET('',(#1371));
#1371 = TRIMMED_CURVE('',#1372,(#1376,PARAMETER_VALUE(-4.3809099195)),(
    #1377,PARAMETER_VALUE(4.3809099195)),.T.,.PARAMETER.);
#1372 = LINE('',#1373,#1374);
#1373 = CARTESIAN_POINT('',(11.139636046282,30.805980023306,
    70.01679537356));
#1374 = VECTOR('',#1375,1.);
#1375 = DIRECTION('',(0.,6.78E-15,1.));
#1376 = CARTESIAN_POINT('',(11.139636046282,30.805980023306,
    65.63588545406));
#1377 = CARTESIAN_POINT('',(11.139636046282,30.805980023306,
    74.39770529306));
#1378 = GEOMETRIC_CURVE_SET('',(#1379));
#1379 = TRIMMED_CURVE('',#1380,(#1384,PARAMETER_VALUE(-2.672258685183)),
  (#1385,PARAMETER_VALUE(14.985)),.T.,.PARAMETER.);
#1380 = LINE('',#1381,#1382);
#1381 = CARTESIAN_POINT('',(11.139636046282,28.133721338123,
    65.63588545406));
#1382 = VECTOR('',#1383,1.);
#1383 = DIRECTION('',(-1.5E-16,-1.,6.78E-15));
#1384 = CARTESIAN_POINT('',(11.139636046282,30.805980023306,
    65.63588545406));
#1385 = CARTESIAN_POINT('',(11.139636046282,13.148721338123,
    65.63588545406));
#1386 = GEOMETRIC_CURVE_SET('',(#1387));
#1387 = TRIMMED_CURVE('',#1388,(#1392,PARAMETER_VALUE(-4.3809099195)),(
    #1393,PARAMETER_VALUE(4.3809099195)),.T.,.PARAMETER.);
#1388 = LINE('',#1389,#1390);
#1389 = CARTESIAN_POINT('',(11.139636046282,13.148721338123,
    70.01679537356));
#1390 = VECTOR('',#1391,1.);
#1391 = DIRECTION('',(0.,6.78E-15,1.));
#1392 = CARTESIAN_POINT('',(11.139636046282,13.148721338123,
    65.63588545406));
#1393 = CARTESIAN_POINT('',(11.139636046282,13.148721338123,
    74.39770529306));
#1394 = GEOMETRIC_CURVE_SET('',(#1395));
#1395 = TRIMMED_CURVE('',#1396,(#1400,PARAMETER_VALUE(-14.985)),(#1401,
    PARAMETER_VALUE(2.672258685182)),.T.,.PARAMETER.);
#1396 = LINE('',#1397,#1398);
#1397 = CARTESIAN_POINT('',(11.139636046282,28.133721338123,
    74.39770529306));
#1398 = VECTOR('',#1399,1.);
#1399 = DIRECTION('',(1.5E-16,1.,-6.78E-15));
#1400 = CARTESIAN_POINT('',(11.139636046282,13.148721338123,
    74.39770529306));
#1401 = CARTESIAN_POINT('',(11.139636046282,30.805980023306,
    74.39770529306));
#1402 = GEOMETRIC_CURVE_SET('',(#1403));
#1403 = TRIMMED_CURVE('',#1404,(#1408,PARAMETER_VALUE(5.046461927965)),(
    #1409,PARAMETER_VALUE(6.046461927965)),.T.,.PARAMETER.);
#1404 = LINE('',#1405,#1406);
#1405 = CARTESIAN_POINT('',(20.871665028488,35.852441951271,
    67.411786493735));
#1406 = VECTOR('',#1407,1.);
#1407 = DIRECTION('',(-1.5E-16,-1.,6.78E-15));
#1408 = CARTESIAN_POINT('',(20.871665028488,30.805980023306,
    67.411786493735));
#1409 = CARTESIAN_POINT('',(20.871665028488,29.805980023306,
    67.411786493735));
#1410 = GEOMETRIC_CURVE_SET('',(#1411));
#1411 = TRIMMED_CURVE('',#1412,(#1417,PARAMETER_VALUE(3.14159265359)),(
    #1418,PARAMETER_VALUE(9.424777960769)),.T.,.PARAMETER.);
#1412 = CIRCLE('',#1413,1.5);
#1413 = AXIS2_PLACEMENT_3D('',#1414,#1415,#1416);
#1414 = CARTESIAN_POINT('',(20.871665028488,29.805980023306,
    68.911786493735));
#1415 = DIRECTION('',(-1.5E-16,-1.,6.78E-15));
#1416 = DIRECTION('',(0.,6.78E-15,1.));
#1417 = CARTESIAN_POINT('',(20.871665028488,29.805980023306,
    67.411786493735));
#1418 = CARTESIAN_POINT('',(20.871665028488,29.805980023306,
    67.411786493735));
#1419 = GEOMETRIC_CURVE_SET('',(#1420));
#1420 = TRIMMED_CURVE('',#1421,(#1425,PARAMETER_VALUE(5.046461927965)),(
    #1426,PARAMETER_VALUE(6.046461927965)),.T.,.PARAMETER.);
#1421 = LINE('',#1422,#1423);
#1422 = CARTESIAN_POINT('',(20.871665028488,35.852441951271,
    67.411786493735));
#1423 = VECTOR('',#1424,1.);
#1424 = DIRECTION('',(-1.5E-16,-1.,6.78E-15));
#1425 = CARTESIAN_POINT('',(20.871665028488,30.805980023306,
    67.411786493735));
#1426 = CARTESIAN_POINT('',(20.871665028488,29.805980023306,
    67.411786493735));
#1427 = GEOMETRIC_CURVE_SET('',(#1428));
#1428 = TRIMMED_CURVE('',#1429,(#1434,PARAMETER_VALUE(3.14159265359)),(
    #1435,PARAMETER_VALUE(9.424777960769)),.T.,.PARAMETER.);
#1429 = CIRCLE('',#1430,1.5);
#1430 = AXIS2_PLACEMENT_3D('',#1431,#1432,#1433);
#1431 = CARTESIAN_POINT('',(20.871665028488,30.805980023306,
    68.911786493735));
#1432 = DIRECTION('',(1.5E-16,1.,-6.78E-15));
#1433 = DIRECTION('',(0.,6.78E-15,1.));
#1434 = CARTESIAN_POINT('',(20.871665028488,30.805980023306,
    67.411786493735));
#1435 = CARTESIAN_POINT('',(20.871665028488,30.805980023306,
    67.411786493735));
#1436 = GEOMETRIC_CURVE_SET('',(#1437));
#1437 = TRIMMED_CURVE('',#1438,(#1443,PARAMETER_VALUE(3.14159265359)),(
    #1444,PARAMETER_VALUE(9.424777960769)),.T.,.PARAMETER.);
#1438 = CIRCLE('',#1439,1.5);
#1439 = AXIS2_PLACEMENT_3D('',#1440,#1441,#1442);
#1440 = CARTESIAN_POINT('',(20.871665028488,29.805980023306,
    68.911786493735));
#1441 = DIRECTION('',(-1.5E-16,-1.,6.78E-15));
#1442 = DIRECTION('',(0.,6.78E-15,1.));
#1443 = CARTESIAN_POINT('',(20.871665028488,29.805980023306,
    67.411786493735));
#1444 = CARTESIAN_POINT('',(20.871665028488,29.805980023306,
    67.411786493735));
#1445 = GEOMETRIC_CURVE_SET('',(#1446));
#1446 = TRIMMED_CURVE('',#1447,(#1452,PARAMETER_VALUE(3.14159265359)),(
    #1453,PARAMETER_VALUE(9.424777960769)),.T.,.PARAMETER.);
#1447 = CIRCLE('',#1448,1.35);
#1448 = AXIS2_PLACEMENT_3D('',#1449,#1450,#1451);
#1449 = CARTESIAN_POINT('',(20.871665028488,29.805980023306,
    68.911786493735));
#1450 = DIRECTION('',(-1.5E-16,-1.,6.78E-15));
#1451 = DIRECTION('',(0.,6.78E-15,1.));
#1452 = CARTESIAN_POINT('',(20.871665028488,29.805980023306,
    67.561786493735));
#1453 = CARTESIAN_POINT('',(20.871665028488,29.805980023306,
    67.561786493735));
#1454 = GEOMETRIC_CURVE_SET('',(#1455));
#1455 = TRIMMED_CURVE('',#1456,(#1460,PARAMETER_VALUE(0.914980039914)),(
    #1461,PARAMETER_VALUE(3.641212256088)),.T.,.PARAMETER.);
#1456 = LINE('',#1457,#1458);
#1457 = CARTESIAN_POINT('',(17.49963565295,14.398722675287,
    70.173025362374));
#1458 = VECTOR('',#1459,1.);
#1459 = DIRECTION('',(-2.172E-14,8.348E-14,1.));
#1460 = CARTESIAN_POINT('',(17.49963565295,14.398722675287,
    71.088005402288));
#1461 = CARTESIAN_POINT('',(17.499635652949,14.398722675287,
    73.814237618462));
#1462 = GEOMETRIC_CURVE_SET('',(#1463));
#1463 = TRIMMED_CURVE('',#1464,(#1491,PARAMETER_VALUE(0.487521091741)),(
    #1492,PARAMETER_VALUE(1.919381746618)),.T.,.PARAMETER.);
#1464 = B_SPLINE_CURVE_WITH_KNOTS('',3,(#1465,#1466,#1467,#1468,#1469,
    #1470,#1471,#1472,#1473,#1474,#1475,#1476,#1477,#1478,#1479,#1480,
    #1481,#1482,#1483,#1484,#1485,#1486,#1487,#1488,#1489,#1490),
  .UNSPECIFIED.,.F.,.F.,(4,2,2,2,2,2,2,2,2,2,2,2,4),(0.487521091741,
    0.606963874257,0.726406656773,0.84304890754,0.959691158307,
    1.076620758836,1.193550359365,1.312705507121,1.431860654877,
    1.558048635685,1.684236616494,1.801809181556,1.919381746618),
  .UNSPECIFIED.);
#1465 = CARTESIAN_POINT('',(17.499635652949,14.398722675287,
    73.814237618462));
#1466 = CARTESIAN_POINT('',(17.11808595087,14.398722675287,
    73.927980141103));
#1467 = CARTESIAN_POINT('',(16.704877344304,14.473744761453,
    74.031580788633));
#1468 = CARTESIAN_POINT('',(15.937399873317,14.7891928624,
    74.189470932776));
#1469 = CARTESIAN_POINT('',(15.583420499218,15.029853403815,
    74.244697423455));
#1470 = CARTESIAN_POINT('',(15.030305792387,15.585003516926,
    74.316551094991));
#1471 = CARTESIAN_POINT('',(14.79262029927,15.932750920638,
    74.338806693115));
#1472 = CARTESIAN_POINT('',(14.477287416162,16.695223423942,
    74.364454063583));
#1473 = CARTESIAN_POINT('',(14.399635652949,17.109915172731,
    74.368775126971));
#1474 = CARTESIAN_POINT('',(14.399635652949,17.888488010384,
    74.368775126971));
#1475 = CARTESIAN_POINT('',(14.477667598882,18.304135359299,
    74.364435592804));
#1476 = CARTESIAN_POINT('',(14.794427266925,19.06806261504,
    74.338647187288));
#1477 = CARTESIAN_POINT('',(15.033159601329,19.416308667024,
    74.31626062549));
#1478 = CARTESIAN_POINT('',(15.587273234819,19.970422300513,
    74.244113939623));
#1479 = CARTESIAN_POINT('',(15.94073581943,20.210028318978,
    74.188860139724));
#1480 = CARTESIAN_POINT('',(16.706745510934,20.524060990478,
    74.031120445199));
#1481 = CARTESIAN_POINT('',(17.119004775389,20.598722675287,
    73.927706233358));
#1482 = CARTESIAN_POINT('',(17.902732311191,20.598722675287,
    73.694071803819));
#1483 = CARTESIAN_POINT('',(18.32613137947,20.515873274048,
    73.546178706602));
#1484 = CARTESIAN_POINT('',(19.098932812412,20.187317327964,
    73.23616351957));
#1485 = CARTESIAN_POINT('',(19.448750777959,19.941877395022,
    73.074795532013));
#1486 = CARTESIAN_POINT('',(19.983289255923,19.390461052372,
    72.809424080391));
#1487 = CARTESIAN_POINT('',(20.212425069245,19.05276183073,
    72.684920507577));
#1488 = CARTESIAN_POINT('',(20.520765226289,18.303109482281,
    72.51138580058));
#1489 = CARTESIAN_POINT('',(20.599635652949,17.890631225494,
    72.464034486844));
#1490 = CARTESIAN_POINT('',(20.599635652949,17.498722675287,
    72.464034486844));
#1491 = CARTESIAN_POINT('',(17.499635652949,14.398722675287,
    73.814237618462));
#1492 = CARTESIAN_POINT('',(20.599635652949,17.498722675287,
    72.464034486844));
#1493 = GEOMETRIC_CURVE_SET('',(#1494));
#1494 = TRIMMED_CURVE('',#1495,(#1506,PARAMETER_VALUE(0.)),(#1507,
    PARAMETER_VALUE(0.487521091741)),.T.,.PARAMETER.);
#1495 = B_SPLINE_CURVE_WITH_KNOTS('',3,(#1496,#1497,#1498,#1499,#1500,
    #1501,#1502,#1503,#1504,#1505),.UNSPECIFIED.,.F.,.F.,(4,2,2,2,4),(0.
    ,0.117572565062,0.235145130124,0.361333110933,0.487521091741),
  .UNSPECIFIED.);
#1496 = CARTESIAN_POINT('',(20.599635652949,17.498722675287,
    72.464034486844));
#1497 = CARTESIAN_POINT('',(20.599635652949,17.10681412508,
    72.464034486844));
#1498 = CARTESIAN_POINT('',(20.520765226289,16.694335868292,
    72.51138580058));
#1499 = CARTESIAN_POINT('',(20.212425069245,15.944683519844,
    72.684920507577));
#1500 = CARTESIAN_POINT('',(19.983289255923,15.606984298201,
    72.809424080391));
#1501 = CARTESIAN_POINT('',(19.448750777959,15.055567955552,
    73.074795532013));
#1502 = CARTESIAN_POINT('',(19.098932812412,14.81012802261,
    73.23616351957));
#1503 = CARTESIAN_POINT('',(18.32613137947,14.481572076526,
    73.546178706602));
#1504 = CARTESIAN_POINT('',(17.902732311191,14.398722675287,
    73.694071803819));
#1505 = CARTESIAN_POINT('',(17.499635652949,14.398722675287,
    73.814237618462));
#1506 = CARTESIAN_POINT('',(20.599635652949,17.498722675287,
    72.464034486844));
#1507 = CARTESIAN_POINT('',(17.499635652949,14.398722675287,
    73.814237618462));
#1508 = GEOMETRIC_CURVE_SET('',(#1509));
#1509 = TRIMMED_CURVE('',#1510,(#1514,PARAMETER_VALUE(0.914980039914)),(
    #1515,PARAMETER_VALUE(3.641212256088)),.T.,.PARAMETER.);
#1510 = LINE('',#1511,#1512);
#1511 = CARTESIAN_POINT('',(17.49963565295,14.398722675287,
    70.173025362374));
#1512 = VECTOR('',#1513,1.);
#1513 = DIRECTION('',(-2.172E-14,8.348E-14,1.));
#1514 = CARTESIAN_POINT('',(17.49963565295,14.398722675287,
    71.088005402288));
#1515 = CARTESIAN_POINT('',(17.499635652949,14.398722675287,
    73.814237618462));
#1516 = GEOMETRIC_CURVE_SET('',(#1517));
#1517 = TRIMMED_CURVE('',#1518,(#1523,PARAMETER_VALUE(3.14159265359)),(
    #1524,PARAMETER_VALUE(9.424777960769)),.T.,.PARAMETER.);
#1518 = CIRCLE('',#1519,3.1);
#1519 = AXIS2_PLACEMENT_3D('',#1520,#1521,#1522);
#1520 = CARTESIAN_POINT('',(17.499635652949,17.498722675287,
    71.088005402287));
#1521 = DIRECTION('',(0.,6.E-16,1.));
#1522 = DIRECTION('',(-1.6581E-13,1.,-6.E-16));
#1523 = CARTESIAN_POINT('',(17.49963565295,14.398722675287,
    71.088005402288));
#1524 = CARTESIAN_POINT('',(17.49963565295,14.398722675287,
    71.088005402288));
#1525 = GEOMETRIC_CURVE_SET('',(#1526));
#1526 = TRIMMED_CURVE('',#1527,(#1532,PARAMETER_VALUE(4.918061020252)),(
    #1533,PARAMETER_VALUE(4.953435555319)),.T.,.PARAMETER.);
#1527 = B_SPLINE_CURVE_WITH_KNOTS('',3,(#1528,#1529,#1530,#1531),
  .UNSPECIFIED.,.F.,.F.,(4,4),(4.918061020252,4.953435555319),
  .PIECEWISE_BEZIER_KNOTS.);
#1528 = CARTESIAN_POINT('',(22.61833229627,13.326137478971,
    71.021164822378));
#1529 = CARTESIAN_POINT('',(22.532817161298,13.269161245514,
    71.094562414723));
#1530 = CARTESIAN_POINT('',(22.447992465107,13.209916272137,
    71.165569173509));
#1531 = CARTESIAN_POINT('',(22.364410818518,13.148721338123,
    71.233940180613));
#1532 = CARTESIAN_POINT('',(22.61833229627,13.326137478971,
    71.021164822378));
#1533 = CARTESIAN_POINT('',(22.364410818518,13.148721338123,
    71.233940180613));
#1534 = GEOMETRIC_CURVE_SET('',(#1535));
#1535 = TRIMMED_CURVE('',#1536,(#1545,PARAMETER_VALUE(4.632630841236)),(
    #1546,PARAMETER_VALUE(4.918061020252)),.T.,.PARAMETER.);
#1536 = B_SPLINE_CURVE_WITH_KNOTS('',3,(#1537,#1538,#1539,#1540,#1541,
    #1542,#1543,#1544),.UNSPECIFIED.,.F.,.F.,(4,2,2,4),(4.632630841236,
    4.674924302228,4.846807594786,4.918061020252),.UNSPECIFIED.);
#1537 = CARTESIAN_POINT('',(24.586541868382,14.234224541977,
    68.947064513949));
#1538 = CARTESIAN_POINT('',(24.500980550184,14.209915216446,
    69.058014386935));
#1539 = CARTESIAN_POINT('',(24.414348839459,14.183538792656,
    69.166906337795));
#1540 = CARTESIAN_POINT('',(23.971117653192,14.038810218437,
    69.707540325099));
#1541 = CARTESIAN_POINT('',(23.559363896242,13.871248740191,
    70.152006253881));
#1542 = CARTESIAN_POINT('',(22.965746650343,13.546458862115,
    70.715613007419));
#1543 = CARTESIAN_POINT('',(22.790581805255,13.4409022892,
    70.873323165503));
#1544 = CARTESIAN_POINT('',(22.61833229627,13.326137478971,
    71.021164822378));
#1545 = CARTESIAN_POINT('',(24.586541868382,14.234224541977,
    68.947064513949));
#1546 = CARTESIAN_POINT('',(22.61833229627,13.326137478971,
    71.021164822378));
#1547 = GEOMETRIC_CURVE_SET('',(#1548));
#1548 = TRIMMED_CURVE('',#1549,(#1553,PARAMETER_VALUE(12.404525599409)),
  (#1554,PARAMETER_VALUE(12.518527330165)),.T.,.PARAMETER.);
#1549 = LINE('',#1550,#1551);
#1550 = CARTESIAN_POINT('',(24.586541868382,14.234224541977,
    56.428537183784));
#1551 = VECTOR('',#1552,1.);
#1552 = DIRECTION('',(3.3E-16,7.28E-15,1.));
#1553 = CARTESIAN_POINT('',(24.586541868382,14.234224541977,
    68.833062783193));
#1554 = CARTESIAN_POINT('',(24.586541868382,14.234224541977,
    68.947064513949));
#1555 = GEOMETRIC_CURVE_SET('',(#1556));
#1556 = TRIMMED_CURVE('',#1557,(#1562,PARAMETER_VALUE(1.18224024596)),(
    #1563,PARAMETER_VALUE(1.293975102065)),.T.,.PARAMETER.);
#1557 = ELLIPSE('',#1558,31.08804561519,7.);
#1558 = AXIS2_PLACEMENT_3D('',#1559,#1560,#1561);
#1559 = CARTESIAN_POINT('',(26.499636815899,7.500721165444,
    77.111218881431));
#1560 = DIRECTION('',(0.974320199218,-1.58E-15,-0.225166936727));
#1561 = DIRECTION('',(-0.225166936727,-7.12E-15,-0.974320199218));
#1562 = CARTESIAN_POINT('',(23.847669138502,13.978920563274,
    65.63588545406));
#1563 = CARTESIAN_POINT('',(24.586541868382,14.234224541977,
    68.833062783193));
#1564 = GEOMETRIC_CURVE_SET('',(#1565));
#1565 = TRIMMED_CURVE('',#1566,(#1571,PARAMETER_VALUE(0.430147069341)),(
    #1572,PARAMETER_VALUE(0.673574799004)),.T.,.PARAMETER.);
#1566 = CIRCLE('',#1567,7.);
#1567 = AXIS2_PLACEMENT_3D('',#1568,#1569,#1570);
#1568 = CARTESIAN_POINT('',(26.499636815899,7.500721165444,
    65.63588545406));
#1569 = DIRECTION('',(-0.,-6.78E-15,-1.));
#1570 = DIRECTION('',(-0.873395228691,0.48701208866,-3.301941961112E-15)
  );
#1571 = CARTESIAN_POINT('',(22.364410818518,13.148721338123,
    65.63588545406));
#1572 = CARTESIAN_POINT('',(23.847669138502,13.978920563274,
    65.63588545406));
#1573 = GEOMETRIC_CURVE_SET('',(#1574));
#1574 = TRIMMED_CURVE('',#1575,(#1579,PARAMETER_VALUE(-14.80540299682)),
  (#1580,PARAMETER_VALUE(-9.207348270276)),.T.,.PARAMETER.);
#1575 = LINE('',#1576,#1577);
#1576 = CARTESIAN_POINT('',(22.364410818518,13.148721338123,
    56.428537183784));
#1577 = VECTOR('',#1578,1.);
#1578 = DIRECTION('',(-3.3E-16,-7.28E-15,-1.));
#1579 = CARTESIAN_POINT('',(22.364410818518,13.148721338123,
    71.233940180613));
#1580 = CARTESIAN_POINT('',(22.364410818518,13.148721338123,
    65.63588545406));
#1581 = GEOMETRIC_CURVE_SET('',(#1582));
#1582 = TRIMMED_CURVE('',#1583,(#1588,PARAMETER_VALUE(1.18224024596)),(
    #1589,PARAMETER_VALUE(1.293975102065)),.T.,.PARAMETER.);
#1583 = ELLIPSE('',#1584,31.08804561519,7.);
#1584 = AXIS2_PLACEMENT_3D('',#1585,#1586,#1587);
#1585 = CARTESIAN_POINT('',(26.499636815899,7.500721165444,
    77.111218881431));
#1586 = DIRECTION('',(0.974320199218,-1.58E-15,-0.225166936727));
#1587 = DIRECTION('',(-0.225166936727,-7.12E-15,-0.974320199218));
#1588 = CARTESIAN_POINT('',(23.847669138502,13.978920563274,
    65.63588545406));
#1589 = CARTESIAN_POINT('',(24.586541868382,14.234224541977,
    68.833062783193));
#1590 = GEOMETRIC_CURVE_SET('',(#1591));
#1591 = TRIMMED_CURVE('',#1592,(#1596,PARAMETER_VALUE(-13.55508372339)),
  (#1597,PARAMETER_VALUE(3.271975736633)),.T.,.PARAMETER.);
#1592 = LINE('',#1593,#1594);
#1593 = CARTESIAN_POINT('',(23.847669138502,27.534004286672,
    65.63588545406));
#1594 = VECTOR('',#1595,1.);
#1595 = DIRECTION('',(6.E-17,1.,-6.78E-15));
#1596 = CARTESIAN_POINT('',(23.847669138502,13.978920563274,
    65.63588545406));
#1597 = CARTESIAN_POINT('',(23.847669138502,30.805980023306,
    65.63588545406));
#1598 = GEOMETRIC_CURVE_SET('',(#1599));
#1599 = TRIMMED_CURVE('',#1600,(#1604,PARAMETER_VALUE(-0.304000697416)),
  (#1605,PARAMETER_VALUE(2.977443464059)),.T.,.PARAMETER.);
#1600 = LINE('',#1601,#1602);
#1601 = CARTESIAN_POINT('',(24.518090962582,30.805980023306,
    68.536868763124));
#1602 = VECTOR('',#1603,1.);
#1603 = DIRECTION('',(-0.225166936727,-6.57E-15,-0.974320199218));
#1604 = CARTESIAN_POINT('',(24.586541868382,30.805980023306,
    68.833062783193));
#1605 = CARTESIAN_POINT('',(23.847669138502,30.805980023306,
    65.63588545406));
#1606 = GEOMETRIC_CURVE_SET('',(#1607));
#1607 = TRIMMED_CURVE('',#1608,(#1612,PARAMETER_VALUE(-3.271975736633)),
  (#1613,PARAMETER_VALUE(13.299779744695)),.T.,.PARAMETER.);
#1608 = LINE('',#1609,#1610);
#1609 = CARTESIAN_POINT('',(24.586541868382,27.534004286672,
    68.833062783193));
#1610 = VECTOR('',#1611,1.);
#1611 = DIRECTION('',(-1.5E-16,-1.,6.38E-15));
#1612 = CARTESIAN_POINT('',(24.586541868382,30.805980023306,
    68.833062783193));
#1613 = CARTESIAN_POINT('',(24.586541868382,14.234224541977,
    68.833062783193));
#1614 = GEOMETRIC_CURVE_SET('',(#1615));
#1615 = TRIMMED_CURVE('',#1616,(#1620,PARAMETER_VALUE(-4.3809099195)),(
    #1621,PARAMETER_VALUE(4.3809099195)),.T.,.PARAMETER.);
#1616 = LINE('',#1617,#1618);
#1617 = CARTESIAN_POINT('',(11.139636046282,13.148721338123,
    70.01679537356));
#1618 = VECTOR('',#1619,1.);
#1619 = DIRECTION('',(0.,6.78E-15,1.));
#1620 = CARTESIAN_POINT('',(11.139636046282,13.148721338123,
    65.63588545406));
#1621 = CARTESIAN_POINT('',(11.139636046282,13.148721338123,
    74.39770529306));
#1622 = GEOMETRIC_CURVE_SET('',(#1623));
#1623 = TRIMMED_CURVE('',#1624,(#1628,PARAMETER_VALUE(-7.22345291105)),(
    #1629,PARAMETER_VALUE(4.001321861186)),.T.,.PARAMETER.);
#1624 = LINE('',#1625,#1626);
#1625 = CARTESIAN_POINT('',(18.363088957332,13.148721338123,
    65.63588545406));
#1626 = VECTOR('',#1627,1.);
#1627 = DIRECTION('',(1.,-1.5E-16,-0.));
#1628 = CARTESIAN_POINT('',(11.139636046282,13.148721338123,
    65.63588545406));
#1629 = CARTESIAN_POINT('',(22.364410818518,13.148721338123,
    65.63588545406));
#1630 = GEOMETRIC_CURVE_SET('',(#1631));
#1631 = TRIMMED_CURVE('',#1632,(#1636,PARAMETER_VALUE(-14.80540299682)),
  (#1637,PARAMETER_VALUE(-9.207348270276)),.T.,.PARAMETER.);
#1632 = LINE('',#1633,#1634);
#1633 = CARTESIAN_POINT('',(22.364410818518,13.148721338123,
    56.428537183784));
#1634 = VECTOR('',#1635,1.);
#1635 = DIRECTION('',(-3.3E-16,-7.28E-15,-1.));
#1636 = CARTESIAN_POINT('',(22.364410818518,13.148721338123,
    71.233940180613));
#1637 = CARTESIAN_POINT('',(22.364410818518,13.148721338123,
    65.63588545406));
#1638 = GEOMETRIC_CURVE_SET('',(#1639));
#1639 = TRIMMED_CURVE('',#1640,(#1645,PARAMETER_VALUE(4.718527341488)),(
    #1646,PARAMETER_VALUE(5.404156678137)),.T.,.PARAMETER.);
#1640 = CIRCLE('',#1641,14.000264020169);
#1641 = AXIS2_PLACEMENT_3D('',#1642,#1643,#1644);
#1642 = CARTESIAN_POINT('',(13.500000060684,13.148721338123,
    60.397445611296));
#1643 = DIRECTION('',(1.5E-16,1.,-6.78E-15));
#1644 = DIRECTION('',(0.999981160321,-1.083793471257E-16,
    6.138322554933E-03));
#1645 = CARTESIAN_POINT('',(13.500000060684,13.148721338123,
    74.397709631466));
#1646 = CARTESIAN_POINT('',(22.364410818518,13.148721338123,
    71.233940180613));
#1647 = GEOMETRIC_CURVE_SET('',(#1648));
#1648 = TRIMMED_CURVE('',#1649,(#1653,PARAMETER_VALUE(-1.360364014401)),
  (#1654,PARAMETER_VALUE(1.)),.T.,.PARAMETER.);
#1649 = LINE('',#1650,#1651);
#1650 = CARTESIAN_POINT('',(12.139636046282,13.148721338123,
    74.39770529306));
#1651 = VECTOR('',#1652,1.);
#1652 = DIRECTION('',(-1.,-0.,0.));
#1653 = CARTESIAN_POINT('',(13.500000060684,13.148721338123,
    74.397709631466));
#1654 = CARTESIAN_POINT('',(11.139636046282,13.148721338123,
    74.39770529306));
#1655 = GEOMETRIC_CURVE_SET('',(#1656));
#1656 = TRIMMED_CURVE('',#1657,(#1666,PARAMETER_VALUE(4.632630841236)),(
    #1667,PARAMETER_VALUE(4.918061020252)),.T.,.PARAMETER.);
#1657 = B_SPLINE_CURVE_WITH_KNOTS('',3,(#1658,#1659,#1660,#1661,#1662,
    #1663,#1664,#1665),.UNSPECIFIED.,.F.,.F.,(4,2,2,4),(4.632630841236,
    4.674924302228,4.846807594786,4.918061020252),.UNSPECIFIED.);
#1658 = CARTESIAN_POINT('',(24.586541868382,14.234224541977,
    68.947064513949));
#1659 = CARTESIAN_POINT('',(24.500980550184,14.209915216446,
    69.058014386935));
#1660 = CARTESIAN_POINT('',(24.414348839459,14.183538792656,
    69.166906337795));
#1661 = CARTESIAN_POINT('',(23.971117653192,14.038810218437,
    69.707540325099));
#1662 = CARTESIAN_POINT('',(23.559363896242,13.871248740191,
    70.152006253881));
#1663 = CARTESIAN_POINT('',(22.965746650343,13.546458862115,
    70.715613007419));
#1664 = CARTESIAN_POINT('',(22.790581805255,13.4409022892,
    70.873323165503));
#1665 = CARTESIAN_POINT('',(22.61833229627,13.326137478971,
    71.021164822378));
#1666 = CARTESIAN_POINT('',(24.586541868382,14.234224541977,
    68.947064513949));
#1667 = CARTESIAN_POINT('',(22.61833229627,13.326137478971,
    71.021164822378));
#1668 = GEOMETRIC_CURVE_SET('',(#1669));
#1669 = TRIMMED_CURVE('',#1670,(#1674,PARAMETER_VALUE(9.08550252531)),(
    #1675,PARAMETER_VALUE(25.657258006638)),.T.,.PARAMETER.);
#1670 = LINE('',#1671,#1672);
#1671 = CARTESIAN_POINT('',(24.586541868382,5.148722016667,
    68.947064513949));
#1672 = VECTOR('',#1673,1.);
#1673 = DIRECTION('',(2.1E-15,1.,-8.8E-15));
#1674 = CARTESIAN_POINT('',(24.586541868382,14.234224541977,
    68.947064513949));
#1675 = CARTESIAN_POINT('',(24.586541868382,30.805980023306,
    68.947064513949));
#1676 = GEOMETRIC_CURVE_SET('',(#1677));
#1677 = TRIMMED_CURVE('',#1678,(#1683,PARAMETER_VALUE(4.718527341488)),(
    #1684,PARAMETER_VALUE(5.632410264764)),.T.,.PARAMETER.);
#1678 = CIRCLE('',#1679,14.000264020169);
#1679 = AXIS2_PLACEMENT_3D('',#1680,#1681,#1682);
#1680 = CARTESIAN_POINT('',(13.500000060684,30.805980023306,
    60.397445611296));
#1681 = DIRECTION('',(1.5E-16,1.,-6.78E-15));
#1682 = DIRECTION('',(0.999981160321,-1.083793471257E-16,
    6.138322554933E-03));
#1683 = CARTESIAN_POINT('',(13.500000060684,30.805980023306,
    74.39770529306));
#1684 = CARTESIAN_POINT('',(24.586541868382,30.805980023306,
    68.947064513949));
#1685 = GEOMETRIC_CURVE_SET('',(#1686));
#1686 = TRIMMED_CURVE('',#1687,(#1691,PARAMETER_VALUE(7.999999321456)),(
    #1692,PARAMETER_VALUE(25.657258006638)),.T.,.PARAMETER.);
#1687 = LINE('',#1688,#1689);
#1688 = CARTESIAN_POINT('',(13.500000060684,5.148722016667,
    74.39770529306));
#1689 = VECTOR('',#1690,1.);
#1690 = DIRECTION('',(2.1E-15,1.,-8.8E-15));
#1691 = CARTESIAN_POINT('',(13.500000060684,13.148721338123,
    74.397709631466));
#1692 = CARTESIAN_POINT('',(13.500000060684,30.805980023306,
    74.39770529306));
#1693 = GEOMETRIC_CURVE_SET('',(#1694));
#1694 = TRIMMED_CURVE('',#1695,(#1700,PARAMETER_VALUE(4.718527341488)),(
    #1701,PARAMETER_VALUE(5.404156678137)),.T.,.PARAMETER.);
#1695 = CIRCLE('',#1696,14.000264020169);
#1696 = AXIS2_PLACEMENT_3D('',#1697,#1698,#1699);
#1697 = CARTESIAN_POINT('',(13.500000060684,13.148721338123,
    60.397445611296));
#1698 = DIRECTION('',(1.5E-16,1.,-6.78E-15));
#1699 = DIRECTION('',(0.999981160321,-1.083793471257E-16,
    6.138322554933E-03));
#1700 = CARTESIAN_POINT('',(13.500000060684,13.148721338123,
    74.397709631466));
#1701 = CARTESIAN_POINT('',(22.364410818518,13.148721338123,
    71.233940180613));
#1702 = GEOMETRIC_CURVE_SET('',(#1703));
#1703 = TRIMMED_CURVE('',#1704,(#1709,PARAMETER_VALUE(4.918061020252)),(
    #1710,PARAMETER_VALUE(4.953435555319)),.T.,.PARAMETER.);
#1704 = B_SPLINE_CURVE_WITH_KNOTS('',3,(#1705,#1706,#1707,#1708),
  .UNSPECIFIED.,.F.,.F.,(4,4),(4.918061020252,4.953435555319),
  .PIECEWISE_BEZIER_KNOTS.);
#1705 = CARTESIAN_POINT('',(22.61833229627,13.326137478971,
    71.021164822378));
#1706 = CARTESIAN_POINT('',(22.532817161298,13.269161245514,
    71.094562414723));
#1707 = CARTESIAN_POINT('',(22.447992465107,13.209916272137,
    71.165569173509));
#1708 = CARTESIAN_POINT('',(22.364410818518,13.148721338123,
    71.233940180613));
#1709 = CARTESIAN_POINT('',(22.61833229627,13.326137478971,
    71.021164822378));
#1710 = CARTESIAN_POINT('',(22.364410818518,13.148721338123,
    71.233940180613));
#1711 = GEOMETRIC_CURVE_SET('',(#1712));
#1712 = TRIMMED_CURVE('',#1713,(#1724,PARAMETER_VALUE(0.)),(#1725,
    PARAMETER_VALUE(0.487521091741)),.T.,.PARAMETER.);
#1713 = B_SPLINE_CURVE_WITH_KNOTS('',3,(#1714,#1715,#1716,#1717,#1718,
    #1719,#1720,#1721,#1722,#1723),.UNSPECIFIED.,.F.,.F.,(4,2,2,2,4),(0.
    ,0.117572565062,0.235145130124,0.361333110933,0.487521091741),
  .UNSPECIFIED.);
#1714 = CARTESIAN_POINT('',(20.599635652949,17.498722675287,
    72.464034486844));
#1715 = CARTESIAN_POINT('',(20.599635652949,17.10681412508,
    72.464034486844));
#1716 = CARTESIAN_POINT('',(20.520765226289,16.694335868292,
    72.51138580058));
#1717 = CARTESIAN_POINT('',(20.212425069245,15.944683519844,
    72.684920507577));
#1718 = CARTESIAN_POINT('',(19.983289255923,15.606984298201,
    72.809424080391));
#1719 = CARTESIAN_POINT('',(19.448750777959,15.055567955552,
    73.074795532013));
#1720 = CARTESIAN_POINT('',(19.098932812412,14.81012802261,
    73.23616351957));
#1721 = CARTESIAN_POINT('',(18.32613137947,14.481572076526,
    73.546178706602));
#1722 = CARTESIAN_POINT('',(17.902732311191,14.398722675287,
    73.694071803819));
#1723 = CARTESIAN_POINT('',(17.499635652949,14.398722675287,
    73.814237618462));
#1724 = CARTESIAN_POINT('',(20.599635652949,17.498722675287,
    72.464034486844));
#1725 = CARTESIAN_POINT('',(17.499635652949,14.398722675287,
    73.814237618462));
#1726 = GEOMETRIC_CURVE_SET('',(#1727));
#1727 = TRIMMED_CURVE('',#1728,(#1755,PARAMETER_VALUE(0.487521091741)),(
    #1756,PARAMETER_VALUE(1.919381746618)),.T.,.PARAMETER.);
#1728 = B_SPLINE_CURVE_WITH_KNOTS('',3,(#1729,#1730,#1731,#1732,#1733,
    #1734,#1735,#1736,#1737,#1738,#1739,#1740,#1741,#1742,#1743,#1744,
    #1745,#1746,#1747,#1748,#1749,#1750,#1751,#1752,#1753,#1754),
  .UNSPECIFIED.,.F.,.F.,(4,2,2,2,2,2,2,2,2,2,2,2,4),(0.487521091741,
    0.606963874257,0.726406656773,0.84304890754,0.959691158307,
    1.076620758836,1.193550359365,1.312705507121,1.431860654877,
    1.558048635685,1.684236616494,1.801809181556,1.919381746618),
  .UNSPECIFIED.);
#1729 = CARTESIAN_POINT('',(17.499635652949,14.398722675287,
    73.814237618462));
#1730 = CARTESIAN_POINT('',(17.11808595087,14.398722675287,
    73.927980141103));
#1731 = CARTESIAN_POINT('',(16.704877344304,14.473744761453,
    74.031580788633));
#1732 = CARTESIAN_POINT('',(15.937399873317,14.7891928624,
    74.189470932776));
#1733 = CARTESIAN_POINT('',(15.583420499218,15.029853403815,
    74.244697423455));
#1734 = CARTESIAN_POINT('',(15.030305792387,15.585003516926,
    74.316551094991));
#1735 = CARTESIAN_POINT('',(14.79262029927,15.932750920638,
    74.338806693115));
#1736 = CARTESIAN_POINT('',(14.477287416162,16.695223423942,
    74.364454063583));
#1737 = CARTESIAN_POINT('',(14.399635652949,17.109915172731,
    74.368775126971));
#1738 = CARTESIAN_POINT('',(14.399635652949,17.888488010384,
    74.368775126971));
#1739 = CARTESIAN_POINT('',(14.477667598882,18.304135359299,
    74.364435592804));
#1740 = CARTESIAN_POINT('',(14.794427266925,19.06806261504,
    74.338647187288));
#1741 = CARTESIAN_POINT('',(15.033159601329,19.416308667024,
    74.31626062549));
#1742 = CARTESIAN_POINT('',(15.587273234819,19.970422300513,
    74.244113939623));
#1743 = CARTESIAN_POINT('',(15.94073581943,20.210028318978,
    74.188860139724));
#1744 = CARTESIAN_POINT('',(16.706745510934,20.524060990478,
    74.031120445199));
#1745 = CARTESIAN_POINT('',(17.119004775389,20.598722675287,
    73.927706233358));
#1746 = CARTESIAN_POINT('',(17.902732311191,20.598722675287,
    73.694071803819));
#1747 = CARTESIAN_POINT('',(18.32613137947,20.515873274048,
    73.546178706602));
#1748 = CARTESIAN_POINT('',(19.098932812412,20.187317327964,
    73.23616351957));
#1749 = CARTESIAN_POINT('',(19.448750777959,19.941877395022,
    73.074795532013));
#1750 = CARTESIAN_POINT('',(19.983289255923,19.390461052372,
    72.809424080391));
#1751 = CARTESIAN_POINT('',(20.212425069245,19.05276183073,
    72.684920507577));
#1752 = CARTESIAN_POINT('',(20.520765226289,18.303109482281,
    72.51138580058));
#1753 = CARTESIAN_POINT('',(20.599635652949,17.890631225494,
    72.464034486844));
#1754 = CARTESIAN_POINT('',(20.599635652949,17.498722675287,
    72.464034486844));
#1755 = CARTESIAN_POINT('',(17.499635652949,14.398722675287,
    73.814237618462));
#1756 = CARTESIAN_POINT('',(20.599635652949,17.498722675287,
    72.464034486844));
#1757 = GEOMETRIC_CURVE_SET('',(#1758));
#1758 = TRIMMED_CURVE('',#1759,(#1763,PARAMETER_VALUE(12.404525599409)),
  (#1764,PARAMETER_VALUE(12.518527330165)),.T.,.PARAMETER.);
#1759 = LINE('',#1760,#1761);
#1760 = CARTESIAN_POINT('',(24.586541868382,14.234224541977,
    56.428537183784));
#1761 = VECTOR('',#1762,1.);
#1762 = DIRECTION('',(3.3E-16,7.28E-15,1.));
#1763 = CARTESIAN_POINT('',(24.586541868382,14.234224541977,
    68.833062783193));
#1764 = CARTESIAN_POINT('',(24.586541868382,14.234224541977,
    68.947064513949));
#1765 = GEOMETRIC_CURVE_SET('',(#1766));
#1766 = TRIMMED_CURVE('',#1767,(#1771,PARAMETER_VALUE(-3.271975736633)),
  (#1772,PARAMETER_VALUE(13.299779744695)),.T.,.PARAMETER.);
#1767 = LINE('',#1768,#1769);
#1768 = CARTESIAN_POINT('',(24.586541868382,27.534004286672,
    68.833062783193));
#1769 = VECTOR('',#1770,1.);
#1770 = DIRECTION('',(-1.5E-16,-1.,6.38E-15));
#1771 = CARTESIAN_POINT('',(24.586541868382,30.805980023306,
    68.833062783193));
#1772 = CARTESIAN_POINT('',(24.586541868382,14.234224541977,
    68.833062783193));
#1773 = GEOMETRIC_CURVE_SET('',(#1774));
#1774 = TRIMMED_CURVE('',#1775,(#1779,PARAMETER_VALUE(-1.183732590368)),
  (#1780,PARAMETER_VALUE(-1.069730859611)),.T.,.PARAMETER.);
#1775 = LINE('',#1776,#1777);
#1776 = CARTESIAN_POINT('',(24.586541868382,30.805980023306,
    70.01679537356));
#1777 = VECTOR('',#1778,1.);
#1778 = DIRECTION('',(0.,6.78E-15,1.));
#1779 = CARTESIAN_POINT('',(24.586541868382,30.805980023306,
    68.833062783193));
#1780 = CARTESIAN_POINT('',(24.586541868382,30.805980023306,
    68.947064513949));
#1781 = GEOMETRIC_CURVE_SET('',(#1782));
#1782 = TRIMMED_CURVE('',#1783,(#1787,PARAMETER_VALUE(9.08550252531)),(
    #1788,PARAMETER_VALUE(25.657258006638)),.T.,.PARAMETER.);
#1783 = LINE('',#1784,#1785);
#1784 = CARTESIAN_POINT('',(24.586541868382,5.148722016667,
    68.947064513949));
#1785 = VECTOR('',#1786,1.);
#1786 = DIRECTION('',(2.1E-15,1.,-8.8E-15));
#1787 = CARTESIAN_POINT('',(24.586541868382,14.234224541977,
    68.947064513949));
#1788 = CARTESIAN_POINT('',(24.586541868382,30.805980023306,
    68.947064513949));
#1789 = GEOMETRIC_CURVE_SET('',(#1790));
#1790 = TRIMMED_CURVE('',#1791,(#1795,PARAMETER_VALUE(-4.537139908313)),
  (#1796,PARAMETER_VALUE(0.914980039914)),.T.,.PARAMETER.);
#1791 = LINE('',#1792,#1793);
#1792 = CARTESIAN_POINT('',(17.499635652949,15.948722675287,
    70.173025362374));
#1793 = VECTOR('',#1794,1.);
#1794 = DIRECTION('',(-2.172E-14,8.348E-14,1.));
#1795 = CARTESIAN_POINT('',(17.499635652949,15.948722675286,
    65.635885454061));
#1796 = CARTESIAN_POINT('',(17.499635652949,15.948722675287,
    71.088005402287));
#1797 = GEOMETRIC_CURVE_SET('',(#1798));
#1798 = TRIMMED_CURVE('',#1799,(#1804,PARAMETER_VALUE(3.14159265359)),(
    #1805,PARAMETER_VALUE(9.424777960769)),.T.,.PARAMETER.);
#1799 = CIRCLE('',#1800,1.55);
#1800 = AXIS2_PLACEMENT_3D('',#1801,#1802,#1803);
#1801 = CARTESIAN_POINT('',(17.499635652949,17.498722675287,
    71.088005402287));
#1802 = DIRECTION('',(-0.,-6.E-16,-1.));
#1803 = DIRECTION('',(-1.6581E-13,1.,-6.E-16));
#1804 = CARTESIAN_POINT('',(17.499635652949,15.948722675287,
    71.088005402287));
#1805 = CARTESIAN_POINT('',(17.499635652949,15.948722675287,
    71.088005402287));
#1806 = GEOMETRIC_CURVE_SET('',(#1807));
#1807 = TRIMMED_CURVE('',#1808,(#1812,PARAMETER_VALUE(-4.537139908313)),
  (#1813,PARAMETER_VALUE(0.914980039914)),.T.,.PARAMETER.);
#1808 = LINE('',#1809,#1810);
#1809 = CARTESIAN_POINT('',(17.499635652949,15.948722675287,
    70.173025362374));
#1810 = VECTOR('',#1811,1.);
#1811 = DIRECTION('',(-2.172E-14,8.348E-14,1.));
#1812 = CARTESIAN_POINT('',(17.499635652949,15.948722675286,
    65.635885454061));
#1813 = CARTESIAN_POINT('',(17.499635652949,15.948722675287,
    71.088005402287));
#1814 = GEOMETRIC_CURVE_SET('',(#1815));
#1815 = TRIMMED_CURVE('',#1816,(#1821,PARAMETER_VALUE(3.14159265359)),(
    #1822,PARAMETER_VALUE(9.424777960769)),.T.,.PARAMETER.);
#1816 = CIRCLE('',#1817,1.55);
#1817 = AXIS2_PLACEMENT_3D('',#1818,#1819,#1820);
#1818 = CARTESIAN_POINT('',(17.499635652949,17.498722675286,
    65.635885454061));
#1819 = DIRECTION('',(0.,6.78E-15,1.));
#1820 = DIRECTION('',(-1.6581E-13,1.,-6.78E-15));
#1821 = CARTESIAN_POINT('',(17.499635652949,15.948722675286,
    65.635885454061));
#1822 = CARTESIAN_POINT('',(17.499635652949,15.948722675286,
    65.635885454061));
#1823 = GEOMETRIC_CURVE_SET('',(#1824));
#1824 = TRIMMED_CURVE('',#1825,(#1830,PARAMETER_VALUE(3.14159265359)),(
    #1831,PARAMETER_VALUE(9.424777960769)),.T.,.PARAMETER.);
#1825 = CIRCLE('',#1826,1.35);
#1826 = AXIS2_PLACEMENT_3D('',#1827,#1828,#1829);
#1827 = CARTESIAN_POINT('',(20.871665028488,24.805721338123,
    68.911786493735));
#1828 = DIRECTION('',(-1.5E-16,-1.,6.78E-15));
#1829 = DIRECTION('',(0.,6.78E-15,1.));
#1830 = CARTESIAN_POINT('',(20.871665028488,24.805721338123,
    67.561786493735));
#1831 = CARTESIAN_POINT('',(20.871665028488,24.805721338123,
    67.561786493735));
#1832 = GEOMETRIC_CURVE_SET('',(#1833));
#1833 = TRIMMED_CURVE('',#1834,(#1838,PARAMETER_VALUE(4.207741314817)),(
    #1839,PARAMETER_VALUE(9.208)),.T.,.PARAMETER.);
#1834 = LINE('',#1835,#1836);
#1835 = CARTESIAN_POINT('',(20.871665028488,34.013721338123,
    67.561786493735));
#1836 = VECTOR('',#1837,1.);
#1837 = DIRECTION('',(-1.5E-16,-1.,6.78E-15));
#1838 = CARTESIAN_POINT('',(20.871665028488,29.805980023306,
    67.561786493735));
#1839 = CARTESIAN_POINT('',(20.871665028488,24.805721338123,
    67.561786493735));
#1840 = GEOMETRIC_CURVE_SET('',(#1841));
#1841 = TRIMMED_CURVE('',#1842,(#1847,PARAMETER_VALUE(3.14159265359)),(
    #1848,PARAMETER_VALUE(9.424777960769)),.T.,.PARAMETER.);
#1842 = CIRCLE('',#1843,1.35);
#1843 = AXIS2_PLACEMENT_3D('',#1844,#1845,#1846);
#1844 = CARTESIAN_POINT('',(20.871665028488,24.805721338123,
    68.911786493735));
#1845 = DIRECTION('',(-1.5E-16,-1.,6.78E-15));
#1846 = DIRECTION('',(0.,6.78E-15,1.));
#1847 = CARTESIAN_POINT('',(20.871665028488,24.805721338123,
    67.561786493735));
#1848 = CARTESIAN_POINT('',(20.871665028488,24.805721338123,
    67.561786493735));
#1849 = GEOMETRIC_CURVE_SET('',(#1850));
#1850 = TRIMMED_CURVE('',#1851,(#1855,PARAMETER_VALUE(4.207741314817)),(
    #1856,PARAMETER_VALUE(9.208)),.T.,.PARAMETER.);
#1851 = LINE('',#1852,#1853);
#1852 = CARTESIAN_POINT('',(20.871665028488,34.013721338123,
    67.561786493735));
#1853 = VECTOR('',#1854,1.);
#1854 = DIRECTION('',(-1.5E-16,-1.,6.78E-15));
#1855 = CARTESIAN_POINT('',(20.871665028488,29.805980023306,
    67.561786493735));
#1856 = CARTESIAN_POINT('',(20.871665028488,24.805721338123,
    67.561786493735));
#1857 = GEOMETRIC_CURVE_SET('',(#1858));
#1858 = TRIMMED_CURVE('',#1859,(#1864,PARAMETER_VALUE(3.14159265359)),(
    #1865,PARAMETER_VALUE(9.424777960769)),.T.,.PARAMETER.);
#1859 = CIRCLE('',#1860,1.35);
#1860 = AXIS2_PLACEMENT_3D('',#1861,#1862,#1863);
#1861 = CARTESIAN_POINT('',(20.871665028488,29.805980023306,
    68.911786493735));
#1862 = DIRECTION('',(-1.5E-16,-1.,6.78E-15));
#1863 = DIRECTION('',(0.,6.78E-15,1.));
#1864 = CARTESIAN_POINT('',(20.871665028488,29.805980023306,
    67.561786493735));
#1865 = CARTESIAN_POINT('',(20.871665028488,29.805980023306,
    67.561786493735));
#1866 = GEOMETRIC_CURVE_SET('',(#1867));
#1867 = TRIMMED_CURVE('',#1868,(#1873,PARAMETER_VALUE(4.718527341488)),(
    #1874,PARAMETER_VALUE(5.632410264764)),.T.,.PARAMETER.);
#1868 = CIRCLE('',#1869,14.000264020169);
#1869 = AXIS2_PLACEMENT_3D('',#1870,#1871,#1872);
#1870 = CARTESIAN_POINT('',(13.500000060684,30.805980023306,
    60.397445611296));
#1871 = DIRECTION('',(1.5E-16,1.,-6.78E-15));
#1872 = DIRECTION('',(0.999981160321,-1.083793471257E-16,
    6.138322554933E-03));
#1873 = CARTESIAN_POINT('',(13.500000060684,30.805980023306,
    74.39770529306));
#1874 = CARTESIAN_POINT('',(24.586541868382,30.805980023306,
    68.947064513949));
#1875 = GEOMETRIC_CURVE_SET('',(#1876));
#1876 = TRIMMED_CURVE('',#1877,(#1881,PARAMETER_VALUE(-1.183732590368)),
  (#1882,PARAMETER_VALUE(-1.069730859611)),.T.,.PARAMETER.);
#1877 = LINE('',#1878,#1879);
#1878 = CARTESIAN_POINT('',(24.586541868382,30.805980023306,
    70.01679537356));
#1879 = VECTOR('',#1880,1.);
#1880 = DIRECTION('',(0.,6.78E-15,1.));
#1881 = CARTESIAN_POINT('',(24.586541868382,30.805980023306,
    68.833062783193));
#1882 = CARTESIAN_POINT('',(24.586541868382,30.805980023306,
    68.947064513949));
#1883 = GEOMETRIC_CURVE_SET('',(#1884));
#1884 = TRIMMED_CURVE('',#1885,(#1889,PARAMETER_VALUE(-0.304000697416)),
  (#1890,PARAMETER_VALUE(2.977443464059)),.T.,.PARAMETER.);
#1885 = LINE('',#1886,#1887);
#1886 = CARTESIAN_POINT('',(24.518090962582,30.805980023306,
    68.536868763124));
#1887 = VECTOR('',#1888,1.);
#1888 = DIRECTION('',(-0.225166936727,-6.57E-15,-0.974320199218));
#1889 = CARTESIAN_POINT('',(24.586541868382,30.805980023306,
    68.833062783193));
#1890 = CARTESIAN_POINT('',(23.847669138502,30.805980023306,
    65.63588545406));
#1891 = GEOMETRIC_CURVE_SET('',(#1892));
#1892 = TRIMMED_CURVE('',#1893,(#1897,PARAMETER_VALUE(-7.22345291105)),(
    #1898,PARAMETER_VALUE(5.48458018117)),.T.,.PARAMETER.);
#1893 = LINE('',#1894,#1895);
#1894 = CARTESIAN_POINT('',(18.363088957332,30.805980023306,
    65.63588545406));
#1895 = VECTOR('',#1896,1.);
#1896 = DIRECTION('',(1.,-1.5E-16,-0.));
#1897 = CARTESIAN_POINT('',(11.139636046282,30.805980023306,
    65.63588545406));
#1898 = CARTESIAN_POINT('',(23.847669138502,30.805980023306,
    65.63588545406));
#1899 = GEOMETRIC_CURVE_SET('',(#1900));
#1900 = TRIMMED_CURVE('',#1901,(#1905,PARAMETER_VALUE(-4.3809099195)),(
    #1906,PARAMETER_VALUE(4.3809099195)),.T.,.PARAMETER.);
#1901 = LINE('',#1902,#1903);
#1902 = CARTESIAN_POINT('',(11.139636046282,30.805980023306,
    70.01679537356));
#1903 = VECTOR('',#1904,1.);
#1904 = DIRECTION('',(0.,6.78E-15,1.));
#1905 = CARTESIAN_POINT('',(11.139636046282,30.805980023306,
    65.63588545406));
#1906 = CARTESIAN_POINT('',(11.139636046282,30.805980023306,
    74.39770529306));
#1907 = GEOMETRIC_CURVE_SET('',(#1908));
#1908 = TRIMMED_CURVE('',#1909,(#1913,PARAMETER_VALUE(4.863088896649)),(
    #1914,PARAMETER_VALUE(7.22345291105)),.T.,.PARAMETER.);
#1909 = LINE('',#1910,#1911);
#1910 = CARTESIAN_POINT('',(18.363088957332,30.805980023306,
    74.39770529306));
#1911 = VECTOR('',#1912,1.);
#1912 = DIRECTION('',(-1.,1.5E-16,0.));
#1913 = CARTESIAN_POINT('',(13.500000060684,30.805980023306,
    74.39770529306));
#1914 = CARTESIAN_POINT('',(11.139636046282,30.805980023306,
    74.39770529306));
#1915 = GEOMETRIC_CURVE_SET('',(#1916));
#1916 = TRIMMED_CURVE('',#1917,(#1922,PARAMETER_VALUE(3.14159265359)),(
    #1923,PARAMETER_VALUE(9.424777960769)),.T.,.PARAMETER.);
#1917 = CIRCLE('',#1918,1.5);
#1918 = AXIS2_PLACEMENT_3D('',#1919,#1920,#1921);
#1919 = CARTESIAN_POINT('',(20.871665028488,30.805980023306,
    68.911786493735));
#1920 = DIRECTION('',(1.5E-16,1.,-6.78E-15));
#1921 = DIRECTION('',(0.,6.78E-15,1.));
#1922 = CARTESIAN_POINT('',(20.871665028488,30.805980023306,
    67.411786493735));
#1923 = CARTESIAN_POINT('',(20.871665028488,30.805980023306,
    67.411786493735));
#1924 = GEOMETRIC_CURVE_SET('',(#1925));
#1925 = TRIMMED_CURVE('',#1926,(#1931,PARAMETER_VALUE(3.14159265359)),(
    #1932,PARAMETER_VALUE(9.424777960769)),.T.,.PARAMETER.);
#1926 = CIRCLE('',#1927,3.1);
#1927 = AXIS2_PLACEMENT_3D('',#1928,#1929,#1930);
#1928 = CARTESIAN_POINT('',(17.499635652949,17.498722675287,
    71.088005402287));
#1929 = DIRECTION('',(0.,6.E-16,1.));
#1930 = DIRECTION('',(-1.6581E-13,1.,-6.E-16));
#1931 = CARTESIAN_POINT('',(17.49963565295,14.398722675287,
    71.088005402288));
#1932 = CARTESIAN_POINT('',(17.49963565295,14.398722675287,
    71.088005402288));
#1933 = GEOMETRIC_CURVE_SET('',(#1934));
#1934 = TRIMMED_CURVE('',#1935,(#1940,PARAMETER_VALUE(3.14159265359)),(
    #1941,PARAMETER_VALUE(9.424777960769)),.T.,.PARAMETER.);
#1935 = CIRCLE('',#1936,1.55);
#1936 = AXIS2_PLACEMENT_3D('',#1937,#1938,#1939);
#1937 = CARTESIAN_POINT('',(17.499635652949,17.498722675287,
    71.088005402287));
#1938 = DIRECTION('',(-0.,-6.E-16,-1.));
#1939 = DIRECTION('',(-1.6581E-13,1.,-6.E-16));
#1940 = CARTESIAN_POINT('',(17.499635652949,15.948722675287,
    71.088005402287));
#1941 = CARTESIAN_POINT('',(17.499635652949,15.948722675287,
    71.088005402287));
#1942 = GEOMETRIC_CURVE_SET('',(#1943));
#1943 = TRIMMED_CURVE('',#1944,(#1948,PARAMETER_VALUE(-0.831940553227)),
  (#1949,PARAMETER_VALUE(1.457393464277)),.T.,.PARAMETER.);
#1944 = LINE('',#1945,#1946);
#1945 = CARTESIAN_POINT('',(-12.66805950745,30.805980023306,
    74.397709631467));
#1946 = VECTOR('',#1947,1.);
#1947 = DIRECTION('',(1.,-1.5E-16,-6.439E-14));
#1948 = CARTESIAN_POINT('',(-13.50000006068,30.805980023306,
    74.397709631465));
#1949 = CARTESIAN_POINT('',(-11.21066604317,30.805980023306,
    74.397709631467));
#1950 = GEOMETRIC_CURVE_SET('',(#1951));
#1951 = TRIMMED_CURVE('',#1952,(#1956,PARAMETER_VALUE(-4.380914257907)),
  (#1957,PARAMETER_VALUE(4.3809099195)),.T.,.PARAMETER.);
#1952 = LINE('',#1953,#1954);
#1953 = CARTESIAN_POINT('',(-11.21066604317,30.805980023306,
    70.01679537356));
#1954 = VECTOR('',#1955,1.);
#1955 = DIRECTION('',(0.,-6.78E-15,-1.));
#1956 = CARTESIAN_POINT('',(-11.21066604317,30.805980023306,
    74.397709631467));
#1957 = CARTESIAN_POINT('',(-11.21066604317,30.805980023306,
    65.63588545406));
#1958 = GEOMETRIC_CURVE_SET('',(#1959));
#1959 = TRIMMED_CURVE('',#1960,(#1964,PARAMETER_VALUE(-12.01155018427)),
  (#1965,PARAMETER_VALUE(0.62545291105)),.T.,.PARAMETER.);
#1960 = LINE('',#1961,#1962);
#1961 = CARTESIAN_POINT('',(-11.83611895422,30.805980023306,
    65.63588545406));
#1962 = VECTOR('',#1963,1.);
#1963 = DIRECTION('',(1.,-1.5E-16,-0.));
#1964 = CARTESIAN_POINT('',(-23.8476691385,30.805980023306,
    65.63588545406));
#1965 = CARTESIAN_POINT('',(-11.21066604317,30.805980023306,
    65.63588545406));
#1966 = GEOMETRIC_CURVE_SET('',(#1967));
#1967 = TRIMMED_CURVE('',#1968,(#1972,PARAMETER_VALUE(-2.243467786966)),
  (#1973,PARAMETER_VALUE(0.789405230284)),.T.,.PARAMETER.);
#1968 = LINE('',#1969,#1970);
#1969 = CARTESIAN_POINT('',(-24.35282390774,30.805980023306,
    67.821741435197));
#1970 = VECTOR('',#1971,1.);
#1971 = DIRECTION('',(-0.225166936727,6.64E-15,0.974320199218));
#1972 = CARTESIAN_POINT('',(-23.8476691385,30.805980023306,
    65.63588545406));
#1973 = CARTESIAN_POINT('',(-24.53057186527,30.805980023306,
    68.590874896431));
#1974 = GEOMETRIC_CURVE_SET('',(#1975));
#1975 = TRIMMED_CURVE('',#1976,(#1980,PARAMETER_VALUE(0.997640053737)),(
    #1981,PARAMETER_VALUE(1.425920477129)),.T.,.PARAMETER.);
#1976 = LINE('',#1977,#1978);
#1977 = CARTESIAN_POINT('',(-24.53057186527,30.805980023306,
    70.01679537356));
#1978 = VECTOR('',#1979,1.);
#1979 = DIRECTION('',(-0.,-6.78E-15,-1.));
#1980 = CARTESIAN_POINT('',(-24.53057186527,30.805980023306,
    69.019155319823));
#1981 = CARTESIAN_POINT('',(-24.53057186527,30.805980023306,
    68.590874896431));
#1982 = GEOMETRIC_CURVE_SET('',(#1983));
#1983 = TRIMMED_CURVE('',#1984,(#1989,PARAMETER_VALUE(0.657294026025)),(
    #1990,PARAMETER_VALUE(1.564657965692)),.T.,.PARAMETER.);
#1984 = CIRCLE('',#1985,14.000264020169);
#1985 = AXIS2_PLACEMENT_3D('',#1986,#1987,#1988);
#1986 = CARTESIAN_POINT('',(-13.50000006068,30.805980023306,
    60.397445611296));
#1987 = DIRECTION('',(1.5E-16,1.,-6.78E-15));
#1988 = DIRECTION('',(-0.999981160321,1.916150009705E-16,
    6.138322554933E-03));
#1989 = CARTESIAN_POINT('',(-24.53057186527,30.805980023306,
    69.019155319823));
#1990 = CARTESIAN_POINT('',(-13.50000006068,30.805980023306,
    74.397709631465));
#1991 = GEOMETRIC_CURVE_SET('',(#1992));
#1992 = TRIMMED_CURVE('',#1993,(#1998,PARAMETER_VALUE(3.14159265359)),(
    #1999,PARAMETER_VALUE(9.424777960769)),.T.,.PARAMETER.);
#1993 = CIRCLE('',#1994,1.5);
#1994 = AXIS2_PLACEMENT_3D('',#1995,#1996,#1997);
#1995 = CARTESIAN_POINT('',(-20.42833497151,30.805980023306,
    68.911786493736));
#1996 = DIRECTION('',(1.5E-16,1.,-6.78E-15));
#1997 = DIRECTION('',(0.,6.78E-15,1.));
#1998 = CARTESIAN_POINT('',(-20.42833497151,30.805980023306,
    67.411786493736));
#1999 = CARTESIAN_POINT('',(-20.42833497151,30.805980023306,
    67.411786493736));
#2000 = GEOMETRIC_CURVE_SET('',(#2001));
#2001 = TRIMMED_CURVE('',#2002,(#2007,PARAMETER_VALUE(0.657294026025)),(
    #2008,PARAMETER_VALUE(1.564657965692)),.T.,.PARAMETER.);
#2002 = CIRCLE('',#2003,14.000264020169);
#2003 = AXIS2_PLACEMENT_3D('',#2004,#2005,#2006);
#2004 = CARTESIAN_POINT('',(-13.50000006068,30.805980023306,
    60.397445611296));
#2005 = DIRECTION('',(1.5E-16,1.,-6.78E-15));
#2006 = DIRECTION('',(-0.999981160321,1.916150009705E-16,
    6.138322554933E-03));
#2007 = CARTESIAN_POINT('',(-24.53057186527,30.805980023306,
    69.019155319823));
#2008 = CARTESIAN_POINT('',(-13.50000006068,30.805980023306,
    74.397709631465));
#2009 = GEOMETRIC_CURVE_SET('',(#2010));
#2010 = TRIMMED_CURVE('',#2011,(#2015,PARAMETER_VALUE(-25.65725800663)),
  (#2016,PARAMETER_VALUE(-9.069009848424)),.T.,.PARAMETER.);
#2011 = LINE('',#2012,#2013);
#2012 = CARTESIAN_POINT('',(-24.53057186527,5.148722016667,
    69.019155319823));
#2013 = VECTOR('',#2014,1.);
#2014 = DIRECTION('',(2.1E-15,-1.,8.8E-15));
#2015 = CARTESIAN_POINT('',(-24.53057186527,30.805980023306,
    69.019155319823));
#2016 = CARTESIAN_POINT('',(-24.53057186527,14.217731865091,
    69.019155319823));
#2017 = GEOMETRIC_CURVE_SET('',(#2018));
#2018 = TRIMMED_CURVE('',#2019,(#2029,PARAMETER_VALUE(2.546916163156)),(
    #2030,PARAMETER_VALUE(2.856134650454)),.T.,.PARAMETER.);
#2019 = B_SPLINE_CURVE_WITH_KNOTS('',3,(#2020,#2021,#2022,#2023,#2024,
    #2025,#2026,#2027,#2028),.UNSPECIFIED.,.F.,.F.,(4,3,2,4),(
    2.546916163156,2.581699700898,2.81632908027,2.856134650454),
  .UNSPECIFIED.);
#2020 = CARTESIAN_POINT('',(-22.36556597254,13.148721338123,
    71.232995144978));
#2021 = CARTESIAN_POINT('',(-22.44774428941,13.208888813682,
    71.165757458279));
#2022 = CARTESIAN_POINT('',(-22.5311300055,13.267175097038,
    71.095966197265));
#2023 = CARTESIAN_POINT('',(-22.61519331909,13.323274138553,
    71.02385819957));
#2024 = CARTESIAN_POINT('',(-23.18223539505,13.701681674813,
    70.537457162053));
#2025 = CARTESIAN_POINT('',(-23.74518902132,13.959157804921,
    69.974178666167));
#2026 = CARTESIAN_POINT('',(-24.35717208373,14.165078987366,
    69.23760972397));
#2027 = CARTESIAN_POINT('',(-24.44459301134,14.192512720121,
    69.129156230789));
#2028 = CARTESIAN_POINT('',(-24.53057186527,14.217731865091,
    69.019155319823));
#2029 = CARTESIAN_POINT('',(-22.36556597254,13.148721338123,
    71.232995144978));
#2030 = CARTESIAN_POINT('',(-24.53057186527,14.217731865091,
    69.019155319823));
#2031 = GEOMETRIC_CURVE_SET('',(#2032));
#2032 = TRIMMED_CURVE('',#2033,(#2038,PARAMETER_VALUE(0.878922025898)),(
    #2039,PARAMETER_VALUE(1.564657965692)),.T.,.PARAMETER.);
#2033 = CIRCLE('',#2034,14.000264020169);
#2034 = AXIS2_PLACEMENT_3D('',#2035,#2036,#2037);
#2035 = CARTESIAN_POINT('',(-13.50000006068,13.148721338123,
    60.397445611296));
#2036 = DIRECTION('',(1.5E-16,1.,-6.78E-15));
#2037 = DIRECTION('',(-0.999981160321,1.916150009705E-16,
    6.138322554933E-03));
#2038 = CARTESIAN_POINT('',(-22.36556597254,13.148721338123,
    71.232995144978));
#2039 = CARTESIAN_POINT('',(-13.50000006068,13.148721338123,
    74.397709631467));
#2040 = GEOMETRIC_CURVE_SET('',(#2041));
#2041 = TRIMMED_CURVE('',#2042,(#2046,PARAMETER_VALUE(-25.65725800663)),
  (#2047,PARAMETER_VALUE(-7.999999321456)),.T.,.PARAMETER.);
#2042 = LINE('',#2043,#2044);
#2043 = CARTESIAN_POINT('',(-13.50000006068,5.148722016667,
    74.397709631466));
#2044 = VECTOR('',#2045,1.);
#2045 = DIRECTION('',(2.1E-15,-1.,8.8E-15));
#2046 = CARTESIAN_POINT('',(-13.50000006068,30.805980023306,
    74.397709631465));
#2047 = CARTESIAN_POINT('',(-13.50000006068,13.148721338123,
    74.397709631467));
#2048 = GEOMETRIC_CURVE_SET('',(#2049));
#2049 = TRIMMED_CURVE('',#2050,(#2077,PARAMETER_VALUE(0.)),(#2078,
    PARAMETER_VALUE(1.431871037431)),.T.,.PARAMETER.);
#2050 = B_SPLINE_CURVE_WITH_KNOTS('',3,(#2051,#2052,#2053,#2054,#2055,
    #2056,#2057,#2058,#2059,#2060,#2061,#2062,#2063,#2064,#2065,#2066,
    #2067,#2068,#2069,#2070,#2071,#2072,#2073,#2074,#2075,#2076),
  .UNSPECIFIED.,.F.,.F.,(4,2,2,2,2,2,2,2,2,2,2,2,4),(0.,0.117572667346,
    0.235145334691,0.361336084865,0.487526835039,0.606970916142,
    0.726414997245,0.84305710937,0.959699221494,1.076628949685,
    1.193558677875,1.312714857653,1.431871037431),.UNSPECIFIED.);
#2051 = CARTESIAN_POINT('',(-20.60030728497,17.49872267528,
    72.463639292614));
#2052 = CARTESIAN_POINT('',(-20.60030728497,17.890631566432,
    72.463639292614));
#2053 = CARTESIAN_POINT('',(-20.52143673494,18.303108785151,
    72.510996655231));
#2054 = CARTESIAN_POINT('',(-20.21309903152,19.052757162357,
    72.684552368966));
#2055 = CARTESIAN_POINT('',(-19.98396585761,19.390453570877,
    72.809070701398));
#2056 = CARTESIAN_POINT('',(-19.44943103918,19.941871020789,
    73.074476530349));
#2057 = CARTESIAN_POINT('',(-19.0996121126,20.187313071116,
    73.235867589813));
#2058 = CARTESIAN_POINT('',(-18.32680780815,20.515872231457,
    73.545930734328));
#2059 = CARTESIAN_POINT('',(-17.90340677365,20.598722675281,
    73.693848751222));
#2060 = CARTESIAN_POINT('',(-17.1187591291,20.598722675281,
    73.927800241631));
#2061 = CARTESIAN_POINT('',(-16.70555069508,20.523701169269,
    74.03142263173));
#2062 = CARTESIAN_POINT('',(-15.93807140097,20.208252571555,
    74.189352378711));
#2063 = CARTESIAN_POINT('',(-15.58409011205,19.967590872762,
    74.244596729447));
#2064 = CARTESIAN_POINT('',(-15.03097535808,19.412438829414,
    74.316477466027));
#2065 = CARTESIAN_POINT('',(-14.79329074021,19.064692165357,
    74.33874451582));
#2066 = CARTESIAN_POINT('',(-14.47795888828,18.302220924506,
    74.364407064849));
#2067 = CARTESIAN_POINT('',(-14.40030728497,17.887529715697,
    74.368731863332));
#2068 = CARTESIAN_POINT('',(-14.40030728497,17.108956914646,
    74.368731863332));
#2069 = CARTESIAN_POINT('',(-14.47833942353,16.693309220689,
    74.364388558619));
#2070 = CARTESIAN_POINT('',(-14.79509937948,15.929381882687,
    74.338584774692));
#2071 = CARTESIAN_POINT('',(-15.0338318055,15.581136111394,
    74.316186588869));
#2072 = CARTESIAN_POINT('',(-15.58794640072,15.02702151618,
    74.244012516274));
#2073 = CARTESIAN_POINT('',(-15.94141041786,14.787415316588,
    74.188740854743));
#2074 = CARTESIAN_POINT('',(-16.70742057382,14.47338345248,
    74.030961768046));
#2075 = CARTESIAN_POINT('',(-17.11967879141,14.398722675281,
    73.927526034005));
#2076 = CARTESIAN_POINT('',(-17.50030728497,14.398722675281,
    73.814037382148));
#2077 = CARTESIAN_POINT('',(-20.60030728497,17.49872267528,
    72.463639292614));
#2078 = CARTESIAN_POINT('',(-17.50030728497,14.398722675281,
    73.814037382148));
#2079 = GEOMETRIC_CURVE_SET('',(#2080));
#2080 = TRIMMED_CURVE('',#2081,(#2092,PARAMETER_VALUE(1.431871037431)),(
    #2093,PARAMETER_VALUE(1.91939787247)),.T.,.PARAMETER.);
#2081 = B_SPLINE_CURVE_WITH_KNOTS('',3,(#2082,#2083,#2084,#2085,#2086,
    #2087,#2088,#2089,#2090,#2091),.UNSPECIFIED.,.F.,.F.,(4,2,2,2,4),(
    1.431871037431,1.558061787605,1.684252537779,1.801825205124,
    1.91939787247),.UNSPECIFIED.);
#2082 = CARTESIAN_POINT('',(-17.50030728497,14.398722675281,
    73.814037382148));
#2083 = CARTESIAN_POINT('',(-17.90340677365,14.39872267528,
    73.693848751222));
#2084 = CARTESIAN_POINT('',(-18.32680780815,14.481573119104,
    73.545930734328));
#2085 = CARTESIAN_POINT('',(-19.0996121126,14.810132279445,
    73.235867589813));
#2086 = CARTESIAN_POINT('',(-19.44943103918,15.055574329772,
    73.074476530349));
#2087 = CARTESIAN_POINT('',(-19.98396585761,15.606991779684,
    72.809070701398));
#2088 = CARTESIAN_POINT('',(-20.21309903152,15.944688188204,
    72.684552368966));
#2089 = CARTESIAN_POINT('',(-20.52143673494,16.69433656541,
    72.510996655231));
#2090 = CARTESIAN_POINT('',(-20.60030728497,17.106813784128,
    72.463639292614));
#2091 = CARTESIAN_POINT('',(-20.60030728497,17.49872267528,
    72.463639292614));
#2092 = CARTESIAN_POINT('',(-17.50030728497,14.398722675281,
    73.814037382148));
#2093 = CARTESIAN_POINT('',(-20.60030728497,17.49872267528,
    72.463639292614));
#2094 = GEOMETRIC_CURVE_SET('',(#2095));
#2095 = TRIMMED_CURVE('',#2096,(#2100,PARAMETER_VALUE(-0.831940553227)),
  (#2101,PARAMETER_VALUE(1.457393464277)),.T.,.PARAMETER.);
#2096 = LINE('',#2097,#2098);
#2097 = CARTESIAN_POINT('',(-12.66805950745,30.805980023306,
    74.397709631467));
#2098 = VECTOR('',#2099,1.);
#2099 = DIRECTION('',(1.,-1.5E-16,-6.439E-14));
#2100 = CARTESIAN_POINT('',(-13.50000006068,30.805980023306,
    74.397709631465));
#2101 = CARTESIAN_POINT('',(-11.21066604317,30.805980023306,
    74.397709631467));
#2102 = GEOMETRIC_CURVE_SET('',(#2103));
#2103 = TRIMMED_CURVE('',#2104,(#2108,PARAMETER_VALUE(-25.65725800663)),
  (#2109,PARAMETER_VALUE(-7.999999321456)),.T.,.PARAMETER.);
#2104 = LINE('',#2105,#2106);
#2105 = CARTESIAN_POINT('',(-13.50000006068,5.148722016667,
    74.397709631466));
#2106 = VECTOR('',#2107,1.);
#2107 = DIRECTION('',(2.1E-15,-1.,8.8E-15));
#2108 = CARTESIAN_POINT('',(-13.50000006068,30.805980023306,
    74.397709631465));
#2109 = CARTESIAN_POINT('',(-13.50000006068,13.148721338123,
    74.397709631467));
#2110 = GEOMETRIC_CURVE_SET('',(#2111));
#2111 = TRIMMED_CURVE('',#2112,(#2116,PARAMETER_VALUE(-0.831940553227)),
  (#2117,PARAMETER_VALUE(1.457393464277)),.T.,.PARAMETER.);
#2112 = LINE('',#2113,#2114);
#2113 = CARTESIAN_POINT('',(-12.66805950745,13.148721338123,
    74.397709631467));
#2114 = VECTOR('',#2115,1.);
#2115 = DIRECTION('',(1.,-1.5E-16,-6.439E-14));
#2116 = CARTESIAN_POINT('',(-13.50000006068,13.148721338123,
    74.397709631467));
#2117 = CARTESIAN_POINT('',(-11.21066604317,13.148721338123,
    74.397709631467));
#2118 = GEOMETRIC_CURVE_SET('',(#2119));
#2119 = TRIMMED_CURVE('',#2120,(#2124,PARAMETER_VALUE(-8.248204542192)),
  (#2125,PARAMETER_VALUE(9.409054142991)),.T.,.PARAMETER.);
#2120 = LINE('',#2121,#2122);
#2121 = CARTESIAN_POINT('',(-11.21066604317,21.396925880315,
    74.397709631467));
#2122 = VECTOR('',#2123,1.);
#2123 = DIRECTION('',(0.,1.,-8.8E-15));
#2124 = CARTESIAN_POINT('',(-11.21066604317,13.148721338123,
    74.397709631467));
#2125 = CARTESIAN_POINT('',(-11.21066604317,30.805980023306,
    74.397709631467));
#2126 = GEOMETRIC_CURVE_SET('',(#2127));
#2127 = TRIMMED_CURVE('',#2128,(#2132,PARAMETER_VALUE(-4.380914257907)),
  (#2133,PARAMETER_VALUE(4.3809099195)),.T.,.PARAMETER.);
#2128 = LINE('',#2129,#2130);
#2129 = CARTESIAN_POINT('',(-11.21066604317,30.805980023306,
    70.01679537356));
#2130 = VECTOR('',#2131,1.);
#2131 = DIRECTION('',(0.,-6.78E-15,-1.));
#2132 = CARTESIAN_POINT('',(-11.21066604317,30.805980023306,
    74.397709631467));
#2133 = CARTESIAN_POINT('',(-11.21066604317,30.805980023306,
    65.63588545406));
#2134 = GEOMETRIC_CURVE_SET('',(#2135));
#2135 = TRIMMED_CURVE('',#2136,(#2140,PARAMETER_VALUE(-8.248204542192)),
  (#2141,PARAMETER_VALUE(9.409054142991)),.T.,.PARAMETER.);
#2136 = LINE('',#2137,#2138);
#2137 = CARTESIAN_POINT('',(-11.21066604317,21.396925880315,
    74.397709631467));
#2138 = VECTOR('',#2139,1.);
#2139 = DIRECTION('',(0.,1.,-8.8E-15));
#2140 = CARTESIAN_POINT('',(-11.21066604317,13.148721338123,
    74.397709631467));
#2141 = CARTESIAN_POINT('',(-11.21066604317,30.805980023306,
    74.397709631467));
#2142 = GEOMETRIC_CURVE_SET('',(#2143));
#2143 = TRIMMED_CURVE('',#2144,(#2148,PARAMETER_VALUE(-4.380914257907)),
  (#2149,PARAMETER_VALUE(4.3809099195)),.T.,.PARAMETER.);
#2144 = LINE('',#2145,#2146);
#2145 = CARTESIAN_POINT('',(-11.21066604317,13.148721338123,
    70.01679537356));
#2146 = VECTOR('',#2147,1.);
#2147 = DIRECTION('',(-0.,-6.78E-15,-1.));
#2148 = CARTESIAN_POINT('',(-11.21066604317,13.148721338123,
    74.397709631467));
#2149 = CARTESIAN_POINT('',(-11.21066604317,13.148721338123,
    65.63588545406));
#2150 = GEOMETRIC_CURVE_SET('',(#2151));
#2151 = TRIMMED_CURVE('',#2152,(#2156,PARAMETER_VALUE(-3.27197573674)),(
    #2157,PARAMETER_VALUE(14.385282948442)),.T.,.PARAMETER.);
#2152 = LINE('',#2153,#2154);
#2153 = CARTESIAN_POINT('',(-11.21066604317,27.534004286566,
    65.63588545406));
#2154 = VECTOR('',#2155,1.);
#2155 = DIRECTION('',(0.,-1.,6.78E-15));
#2156 = CARTESIAN_POINT('',(-11.21066604317,30.805980023306,
    65.63588545406));
#2157 = CARTESIAN_POINT('',(-11.21066604317,13.148721338123,
    65.63588545406));
#2158 = GEOMETRIC_CURVE_SET('',(#2159));
#2159 = TRIMMED_CURVE('',#2160,(#2164,PARAMETER_VALUE(5.046461927965)),(
    #2165,PARAMETER_VALUE(6.046461927965)),.T.,.PARAMETER.);
#2160 = LINE('',#2161,#2162);
#2161 = CARTESIAN_POINT('',(-20.42833497151,35.852441951271,
    67.411786493736));
#2162 = VECTOR('',#2163,1.);
#2163 = DIRECTION('',(-1.5E-16,-1.,6.78E-15));
#2164 = CARTESIAN_POINT('',(-20.42833497151,30.805980023306,
    67.411786493736));
#2165 = CARTESIAN_POINT('',(-20.42833497151,29.805980023306,
    67.411786493736));
#2166 = GEOMETRIC_CURVE_SET('',(#2167));
#2167 = TRIMMED_CURVE('',#2168,(#2173,PARAMETER_VALUE(3.14159265359)),(
    #2174,PARAMETER_VALUE(9.424777960769)),.T.,.PARAMETER.);
#2168 = CIRCLE('',#2169,1.5);
#2169 = AXIS2_PLACEMENT_3D('',#2170,#2171,#2172);
#2170 = CARTESIAN_POINT('',(-20.42833497151,29.805980023306,
    68.911786493736));
#2171 = DIRECTION('',(-1.5E-16,-1.,6.78E-15));
#2172 = DIRECTION('',(0.,6.78E-15,1.));
#2173 = CARTESIAN_POINT('',(-20.42833497151,29.805980023306,
    67.411786493736));
#2174 = CARTESIAN_POINT('',(-20.42833497151,29.805980023306,
    67.411786493736));
#2175 = GEOMETRIC_CURVE_SET('',(#2176));
#2176 = TRIMMED_CURVE('',#2177,(#2181,PARAMETER_VALUE(5.046461927965)),(
    #2182,PARAMETER_VALUE(6.046461927965)),.T.,.PARAMETER.);
#2177 = LINE('',#2178,#2179);
#2178 = CARTESIAN_POINT('',(-20.42833497151,35.852441951271,
    67.411786493736));
#2179 = VECTOR('',#2180,1.);
#2180 = DIRECTION('',(-1.5E-16,-1.,6.78E-15));
#2181 = CARTESIAN_POINT('',(-20.42833497151,30.805980023306,
    67.411786493736));
#2182 = CARTESIAN_POINT('',(-20.42833497151,29.805980023306,
    67.411786493736));
#2183 = GEOMETRIC_CURVE_SET('',(#2184));
#2184 = TRIMMED_CURVE('',#2185,(#2190,PARAMETER_VALUE(3.14159265359)),(
    #2191,PARAMETER_VALUE(9.424777960769)),.T.,.PARAMETER.);
#2185 = CIRCLE('',#2186,1.5);
#2186 = AXIS2_PLACEMENT_3D('',#2187,#2188,#2189);
#2187 = CARTESIAN_POINT('',(-20.42833497151,30.805980023306,
    68.911786493736));
#2188 = DIRECTION('',(1.5E-16,1.,-6.78E-15));
#2189 = DIRECTION('',(0.,6.78E-15,1.));
#2190 = CARTESIAN_POINT('',(-20.42833497151,30.805980023306,
    67.411786493736));
#2191 = CARTESIAN_POINT('',(-20.42833497151,30.805980023306,
    67.411786493736));
#2192 = GEOMETRIC_CURVE_SET('',(#2193));
#2193 = TRIMMED_CURVE('',#2194,(#2199,PARAMETER_VALUE(3.14159265359)),(
    #2200,PARAMETER_VALUE(9.424777960769)),.T.,.PARAMETER.);
#2194 = CIRCLE('',#2195,1.5);
#2195 = AXIS2_PLACEMENT_3D('',#2196,#2197,#2198);
#2196 = CARTESIAN_POINT('',(-20.42833497151,29.805980023306,
    68.911786493736));
#2197 = DIRECTION('',(-1.5E-16,-1.,6.78E-15));
#2198 = DIRECTION('',(0.,6.78E-15,1.));
#2199 = CARTESIAN_POINT('',(-20.42833497151,29.805980023306,
    67.411786493736));
#2200 = CARTESIAN_POINT('',(-20.42833497151,29.805980023306,
    67.411786493736));
#2201 = GEOMETRIC_CURVE_SET('',(#2202));
#2202 = TRIMMED_CURVE('',#2203,(#2208,PARAMETER_VALUE(3.14159265359)),(
    #2209,PARAMETER_VALUE(9.424777960769)),.T.,.PARAMETER.);
#2203 = CIRCLE('',#2204,1.35);
#2204 = AXIS2_PLACEMENT_3D('',#2205,#2206,#2207);
#2205 = CARTESIAN_POINT('',(-20.42833497151,29.805980023306,
    68.911786493736));
#2206 = DIRECTION('',(-1.5E-16,-1.,6.78E-15));
#2207 = DIRECTION('',(0.,6.78E-15,1.));
#2208 = CARTESIAN_POINT('',(-20.42833497151,29.805980023306,
    67.561786493735));
#2209 = CARTESIAN_POINT('',(-20.42833497151,29.805980023306,
    67.561786493735));
#2210 = GEOMETRIC_CURVE_SET('',(#2211));
#2211 = TRIMMED_CURVE('',#2212,(#2216,PARAMETER_VALUE(0.914989576658)),(
    #2217,PARAMETER_VALUE(3.641021556524)),.T.,.PARAMETER.);
#2212 = LINE('',#2213,#2214);
#2213 = CARTESIAN_POINT('',(-17.50030728497,14.39872267528,
    70.173015825624));
#2214 = VECTOR('',#2215,1.);
#2215 = DIRECTION('',(-2.172E-14,8.348E-14,1.));
#2216 = CARTESIAN_POINT('',(-17.50030728497,14.39872267528,
    71.088005402283));
#2217 = CARTESIAN_POINT('',(-17.50030728497,14.398722675281,
    73.814037382148));
#2218 = GEOMETRIC_CURVE_SET('',(#2219));
#2219 = TRIMMED_CURVE('',#2220,(#2231,PARAMETER_VALUE(1.431871037431)),(
    #2232,PARAMETER_VALUE(1.91939787247)),.T.,.PARAMETER.);
#2220 = B_SPLINE_CURVE_WITH_KNOTS('',3,(#2221,#2222,#2223,#2224,#2225,
    #2226,#2227,#2228,#2229,#2230),.UNSPECIFIED.,.F.,.F.,(4,2,2,2,4),(
    1.431871037431,1.558061787605,1.684252537779,1.801825205124,
    1.91939787247),.UNSPECIFIED.);
#2221 = CARTESIAN_POINT('',(-17.50030728497,14.398722675281,
    73.814037382148));
#2222 = CARTESIAN_POINT('',(-17.90340677365,14.39872267528,
    73.693848751222));
#2223 = CARTESIAN_POINT('',(-18.32680780815,14.481573119104,
    73.545930734328));
#2224 = CARTESIAN_POINT('',(-19.0996121126,14.810132279445,
    73.235867589813));
#2225 = CARTESIAN_POINT('',(-19.44943103918,15.055574329772,
    73.074476530349));
#2226 = CARTESIAN_POINT('',(-19.98396585761,15.606991779684,
    72.809070701398));
#2227 = CARTESIAN_POINT('',(-20.21309903152,15.944688188204,
    72.684552368966));
#2228 = CARTESIAN_POINT('',(-20.52143673494,16.69433656541,
    72.510996655231));
#2229 = CARTESIAN_POINT('',(-20.60030728497,17.106813784128,
    72.463639292614));
#2230 = CARTESIAN_POINT('',(-20.60030728497,17.49872267528,
    72.463639292614));
#2231 = CARTESIAN_POINT('',(-17.50030728497,14.398722675281,
    73.814037382148));
#2232 = CARTESIAN_POINT('',(-20.60030728497,17.49872267528,
    72.463639292614));
#2233 = GEOMETRIC_CURVE_SET('',(#2234));
#2234 = TRIMMED_CURVE('',#2235,(#2262,PARAMETER_VALUE(0.)),(#2263,
    PARAMETER_VALUE(1.431871037431)),.T.,.PARAMETER.);
#2235 = B_SPLINE_CURVE_WITH_KNOTS('',3,(#2236,#2237,#2238,#2239,#2240,
    #2241,#2242,#2243,#2244,#2245,#2246,#2247,#2248,#2249,#2250,#2251,
    #2252,#2253,#2254,#2255,#2256,#2257,#2258,#2259,#2260,#2261),
  .UNSPECIFIED.,.F.,.F.,(4,2,2,2,2,2,2,2,2,2,2,2,4),(0.,0.117572667346,
    0.235145334691,0.361336084865,0.487526835039,0.606970916142,
    0.726414997245,0.84305710937,0.959699221494,1.076628949685,
    1.193558677875,1.312714857653,1.431871037431),.UNSPECIFIED.);
#2236 = CARTESIAN_POINT('',(-20.60030728497,17.49872267528,
    72.463639292614));
#2237 = CARTESIAN_POINT('',(-20.60030728497,17.890631566432,
    72.463639292614));
#2238 = CARTESIAN_POINT('',(-20.52143673494,18.303108785151,
    72.510996655231));
#2239 = CARTESIAN_POINT('',(-20.21309903152,19.052757162357,
    72.684552368966));
#2240 = CARTESIAN_POINT('',(-19.98396585761,19.390453570877,
    72.809070701398));
#2241 = CARTESIAN_POINT('',(-19.44943103918,19.941871020789,
    73.074476530349));
#2242 = CARTESIAN_POINT('',(-19.0996121126,20.187313071116,
    73.235867589813));
#2243 = CARTESIAN_POINT('',(-18.32680780815,20.515872231457,
    73.545930734328));
#2244 = CARTESIAN_POINT('',(-17.90340677365,20.598722675281,
    73.693848751222));
#2245 = CARTESIAN_POINT('',(-17.1187591291,20.598722675281,
    73.927800241631));
#2246 = CARTESIAN_POINT('',(-16.70555069508,20.523701169269,
    74.03142263173));
#2247 = CARTESIAN_POINT('',(-15.93807140097,20.208252571555,
    74.189352378711));
#2248 = CARTESIAN_POINT('',(-15.58409011205,19.967590872762,
    74.244596729447));
#2249 = CARTESIAN_POINT('',(-15.03097535808,19.412438829414,
    74.316477466027));
#2250 = CARTESIAN_POINT('',(-14.79329074021,19.064692165357,
    74.33874451582));
#2251 = CARTESIAN_POINT('',(-14.47795888828,18.302220924506,
    74.364407064849));
#2252 = CARTESIAN_POINT('',(-14.40030728497,17.887529715697,
    74.368731863332));
#2253 = CARTESIAN_POINT('',(-14.40030728497,17.108956914646,
    74.368731863332));
#2254 = CARTESIAN_POINT('',(-14.47833942353,16.693309220689,
    74.364388558619));
#2255 = CARTESIAN_POINT('',(-14.79509937948,15.929381882687,
    74.338584774692));
#2256 = CARTESIAN_POINT('',(-15.0338318055,15.581136111394,
    74.316186588869));
#2257 = CARTESIAN_POINT('',(-15.58794640072,15.02702151618,
    74.244012516274));
#2258 = CARTESIAN_POINT('',(-15.94141041786,14.787415316588,
    74.188740854743));
#2259 = CARTESIAN_POINT('',(-16.70742057382,14.47338345248,
    74.030961768046));
#2260 = CARTESIAN_POINT('',(-17.11967879141,14.398722675281,
    73.927526034005));
#2261 = CARTESIAN_POINT('',(-17.50030728497,14.398722675281,
    73.814037382148));
#2262 = CARTESIAN_POINT('',(-20.60030728497,17.49872267528,
    72.463639292614));
#2263 = CARTESIAN_POINT('',(-17.50030728497,14.398722675281,
    73.814037382148));
#2264 = GEOMETRIC_CURVE_SET('',(#2265));
#2265 = TRIMMED_CURVE('',#2266,(#2270,PARAMETER_VALUE(0.914989576658)),(
    #2271,PARAMETER_VALUE(3.641021556524)),.T.,.PARAMETER.);
#2266 = LINE('',#2267,#2268);
#2267 = CARTESIAN_POINT('',(-17.50030728497,14.39872267528,
    70.173015825624));
#2268 = VECTOR('',#2269,1.);
#2269 = DIRECTION('',(-2.172E-14,8.348E-14,1.));
#2270 = CARTESIAN_POINT('',(-17.50030728497,14.39872267528,
    71.088005402283));
#2271 = CARTESIAN_POINT('',(-17.50030728497,14.398722675281,
    73.814037382148));
#2272 = GEOMETRIC_CURVE_SET('',(#2273));
#2273 = TRIMMED_CURVE('',#2274,(#2279,PARAMETER_VALUE(3.14159265359)),(
    #2280,PARAMETER_VALUE(9.424777960769)),.T.,.PARAMETER.);
#2274 = CIRCLE('',#2275,3.1);
#2275 = AXIS2_PLACEMENT_3D('',#2276,#2277,#2278);
#2276 = CARTESIAN_POINT('',(-17.50030728497,17.49872267528,
    71.088005402282));
#2277 = DIRECTION('',(-3.3148E-13,6.E-16,1.));
#2278 = DIRECTION('',(-1.6581E-13,1.,-6.00000000055E-16));
#2279 = CARTESIAN_POINT('',(-17.50030728497,14.39872267528,
    71.088005402283));
#2280 = CARTESIAN_POINT('',(-17.50030728497,14.39872267528,
    71.088005402283));
#2281 = GEOMETRIC_CURVE_SET('',(#2282));
#2282 = TRIMMED_CURVE('',#2283,(#2288,PARAMETER_VALUE(4.997704276543)),(
    #2289,PARAMETER_VALUE(5.101123381786)),.T.,.PARAMETER.);
#2283 = ELLIPSE('',#2284,31.088045615235,7.);
#2284 = AXIS2_PLACEMENT_3D('',#2285,#2286,#2287);
#2285 = CARTESIAN_POINT('',(-26.50079196991,7.500721165435,
    77.116217350161));
#2286 = DIRECTION('',(-0.974320199218,-1.58E-15,-0.225166936727));
#2287 = DIRECTION('',(0.225166936727,-7.14E-15,-0.974320199218));
#2288 = CARTESIAN_POINT('',(-24.53057186527,14.217731865091,
    68.590874896432));
#2289 = CARTESIAN_POINT('',(-23.8476691385,13.978447559893,
    65.63588545406));
#2290 = GEOMETRIC_CURVE_SET('',(#2291));
#2291 = TRIMMED_CURVE('',#2292,(#2296,PARAMETER_VALUE(-13.31627492147)),
  (#2297,PARAMETER_VALUE(3.27197323674)),.T.,.PARAMETER.);
#2292 = LINE('',#2293,#2294);
#2293 = CARTESIAN_POINT('',(-24.53057186527,27.534006786566,
    68.590874896431));
#2294 = VECTOR('',#2295,1.);
#2295 = DIRECTION('',(1.5E-16,1.,-7.68E-15));
#2296 = CARTESIAN_POINT('',(-24.53057186527,14.217731865091,
    68.590874896432));
#2297 = CARTESIAN_POINT('',(-24.53057186527,30.805980023306,
    68.590874896431));
#2298 = GEOMETRIC_CURVE_SET('',(#2299));
#2299 = TRIMMED_CURVE('',#2300,(#2304,PARAMETER_VALUE(-2.243467786966)),
  (#2305,PARAMETER_VALUE(0.789405230284)),.T.,.PARAMETER.);
#2300 = LINE('',#2301,#2302);
#2301 = CARTESIAN_POINT('',(-24.35282390774,30.805980023306,
    67.821741435197));
#2302 = VECTOR('',#2303,1.);
#2303 = DIRECTION('',(-0.225166936727,6.64E-15,0.974320199218));
#2304 = CARTESIAN_POINT('',(-23.8476691385,30.805980023306,
    65.63588545406));
#2305 = CARTESIAN_POINT('',(-24.53057186527,30.805980023306,
    68.590874896431));
#2306 = GEOMETRIC_CURVE_SET('',(#2307));
#2307 = TRIMMED_CURVE('',#2308,(#2312,PARAMETER_VALUE(-3.27197323674)),(
    #2313,PARAMETER_VALUE(13.555559226673)),.T.,.PARAMETER.);
#2308 = LINE('',#2309,#2310);
#2309 = CARTESIAN_POINT('',(-23.8476691385,27.534006786566,
    65.63588545406));
#2310 = VECTOR('',#2311,1.);
#2311 = DIRECTION('',(6.E-17,-1.,6.78E-15));
#2312 = CARTESIAN_POINT('',(-23.8476691385,30.805980023306,
    65.63588545406));
#2313 = CARTESIAN_POINT('',(-23.8476691385,13.978447559893,
    65.63588545406));
#2314 = GEOMETRIC_CURVE_SET('',(#2315));
#2315 = TRIMMED_CURVE('',#2316,(#2320,PARAMETER_VALUE(-12.59061813604)),
  (#2321,PARAMETER_VALUE(-12.16233771265)),.T.,.PARAMETER.);
#2316 = LINE('',#2317,#2318);
#2317 = CARTESIAN_POINT('',(-24.53057186527,14.217731865092,
    56.428537183776));
#2318 = VECTOR('',#2319,1.);
#2319 = DIRECTION('',(3.3181E-13,-7.28E-15,-1.));
#2320 = CARTESIAN_POINT('',(-24.53057186527,14.217731865091,
    69.019155319823));
#2321 = CARTESIAN_POINT('',(-24.53057186527,14.217731865091,
    68.590874896432));
#2322 = GEOMETRIC_CURVE_SET('',(#2323));
#2323 = TRIMMED_CURVE('',#2324,(#2328,PARAMETER_VALUE(-25.65725800663)),
  (#2329,PARAMETER_VALUE(-9.069009848424)),.T.,.PARAMETER.);
#2324 = LINE('',#2325,#2326);
#2325 = CARTESIAN_POINT('',(-24.53057186527,5.148722016667,
    69.019155319823));
#2326 = VECTOR('',#2327,1.);
#2327 = DIRECTION('',(2.1E-15,-1.,8.8E-15));
#2328 = CARTESIAN_POINT('',(-24.53057186527,30.805980023306,
    69.019155319823));
#2329 = CARTESIAN_POINT('',(-24.53057186527,14.217731865091,
    69.019155319823));
#2330 = GEOMETRIC_CURVE_SET('',(#2331));
#2331 = TRIMMED_CURVE('',#2332,(#2336,PARAMETER_VALUE(0.997640053737)),(
    #2337,PARAMETER_VALUE(1.425920477129)),.T.,.PARAMETER.);
#2332 = LINE('',#2333,#2334);
#2333 = CARTESIAN_POINT('',(-24.53057186527,30.805980023306,
    70.01679537356));
#2334 = VECTOR('',#2335,1.);
#2335 = DIRECTION('',(-0.,-6.78E-15,-1.));
#2336 = CARTESIAN_POINT('',(-24.53057186527,30.805980023306,
    69.019155319823));
#2337 = CARTESIAN_POINT('',(-24.53057186527,30.805980023306,
    68.590874896431));
#2338 = GEOMETRIC_CURVE_SET('',(#2339));
#2339 = TRIMMED_CURVE('',#2340,(#2344,PARAMETER_VALUE(-13.31627492147)),
  (#2345,PARAMETER_VALUE(3.27197323674)),.T.,.PARAMETER.);
#2340 = LINE('',#2341,#2342);
#2341 = CARTESIAN_POINT('',(-24.53057186527,27.534006786566,
    68.590874896431));
#2342 = VECTOR('',#2343,1.);
#2343 = DIRECTION('',(1.5E-16,1.,-7.68E-15));
#2344 = CARTESIAN_POINT('',(-24.53057186527,14.217731865091,
    68.590874896432));
#2345 = CARTESIAN_POINT('',(-24.53057186527,30.805980023306,
    68.590874896431));
#2346 = GEOMETRIC_CURVE_SET('',(#2347));
#2347 = TRIMMED_CURVE('',#2348,(#2352,PARAMETER_VALUE(-12.01155018427)),
  (#2353,PARAMETER_VALUE(0.62545291105)),.T.,.PARAMETER.);
#2348 = LINE('',#2349,#2350);
#2349 = CARTESIAN_POINT('',(-11.83611895422,30.805980023306,
    65.63588545406));
#2350 = VECTOR('',#2351,1.);
#2351 = DIRECTION('',(1.,-1.5E-16,-0.));
#2352 = CARTESIAN_POINT('',(-23.8476691385,30.805980023306,
    65.63588545406));
#2353 = CARTESIAN_POINT('',(-11.21066604317,30.805980023306,
    65.63588545406));
#2354 = GEOMETRIC_CURVE_SET('',(#2355));
#2355 = TRIMMED_CURVE('',#2356,(#2360,PARAMETER_VALUE(-3.27197573674)),(
    #2361,PARAMETER_VALUE(14.385282948442)),.T.,.PARAMETER.);
#2356 = LINE('',#2357,#2358);
#2357 = CARTESIAN_POINT('',(-11.21066604317,27.534004286566,
    65.63588545406));
#2358 = VECTOR('',#2359,1.);
#2359 = DIRECTION('',(0.,-1.,6.78E-15));
#2360 = CARTESIAN_POINT('',(-11.21066604317,30.805980023306,
    65.63588545406));
#2361 = CARTESIAN_POINT('',(-11.21066604317,13.148721338123,
    65.63588545406));
#2362 = GEOMETRIC_CURVE_SET('',(#2363));
#2363 = TRIMMED_CURVE('',#2364,(#2368,PARAMETER_VALUE(-10.52944701831)),
  (#2369,PARAMETER_VALUE(0.62545291105)),.T.,.PARAMETER.);
#2364 = LINE('',#2365,#2366);
#2365 = CARTESIAN_POINT('',(-11.83611895422,13.148721338123,
    65.63588545406));
#2366 = VECTOR('',#2367,1.);
#2367 = DIRECTION('',(1.,-1.5E-16,-0.));
#2368 = CARTESIAN_POINT('',(-22.36556597254,13.148721338123,
    65.63588545406));
#2369 = CARTESIAN_POINT('',(-11.21066604317,13.148721338123,
    65.63588545406));
#2370 = GEOMETRIC_CURVE_SET('',(#2371));
#2371 = TRIMMED_CURVE('',#2372,(#2377,PARAMETER_VALUE(5.609788828742)),(
    #2378,PARAMETER_VALUE(5.853038237837)),.T.,.PARAMETER.);
#2372 = CIRCLE('',#2373,7.);
#2373 = AXIS2_PLACEMENT_3D('',#2374,#2375,#2376);
#2374 = CARTESIAN_POINT('',(-26.50079196991,7.500721165435,
    65.635885454055));
#2375 = DIRECTION('',(-0.,-6.78E-15,-1.));
#2376 = DIRECTION('',(0.87339522869,0.48701208866,-3.301941961114E-15));
#2377 = CARTESIAN_POINT('',(-23.8476691385,13.978447559893,
    65.63588545406));
#2378 = CARTESIAN_POINT('',(-22.36556597254,13.148721338123,
    65.63588545406));
#2379 = GEOMETRIC_CURVE_SET('',(#2380));
#2380 = TRIMMED_CURVE('',#2381,(#2385,PARAMETER_VALUE(-3.27197323674)),(
    #2386,PARAMETER_VALUE(13.555559226673)),.T.,.PARAMETER.);
#2381 = LINE('',#2382,#2383);
#2382 = CARTESIAN_POINT('',(-23.8476691385,27.534006786566,
    65.63588545406));
#2383 = VECTOR('',#2384,1.);
#2384 = DIRECTION('',(6.E-17,-1.,6.78E-15));
#2385 = CARTESIAN_POINT('',(-23.8476691385,30.805980023306,
    65.63588545406));
#2386 = CARTESIAN_POINT('',(-23.8476691385,13.978447559893,
    65.63588545406));
#2387 = GEOMETRIC_CURVE_SET('',(#2388));
#2388 = TRIMMED_CURVE('',#2389,(#2394,PARAMETER_VALUE(3.14159265359)),(
    #2395,PARAMETER_VALUE(9.424777960769)),.T.,.PARAMETER.);
#2389 = CIRCLE('',#2390,1.55);
#2390 = AXIS2_PLACEMENT_3D('',#2391,#2392,#2393);
#2391 = CARTESIAN_POINT('',(-17.50030728497,17.49872267528,
    65.635885454061));
#2392 = DIRECTION('',(0.,6.78E-15,1.));
#2393 = DIRECTION('',(-1.6581E-13,1.,-6.78E-15));
#2394 = CARTESIAN_POINT('',(-17.50030728497,15.94872267528,
    65.635885454061));
#2395 = CARTESIAN_POINT('',(-17.50030728497,15.94872267528,
    65.635885454061));
#2396 = GEOMETRIC_CURVE_SET('',(#2397));
#2397 = TRIMMED_CURVE('',#2398,(#2402,PARAMETER_VALUE(-4.537130371563)),
  (#2403,PARAMETER_VALUE(0.914989576658)),.T.,.PARAMETER.);
#2398 = LINE('',#2399,#2400);
#2399 = CARTESIAN_POINT('',(-17.50030728497,15.94872267528,
    70.173015825624));
#2400 = VECTOR('',#2401,1.);
#2401 = DIRECTION('',(-2.172E-14,8.348E-14,1.));
#2402 = CARTESIAN_POINT('',(-17.50030728497,15.94872267528,
    65.635885454061));
#2403 = CARTESIAN_POINT('',(-17.50030728497,15.94872267528,
    71.088005402283));
#2404 = GEOMETRIC_CURVE_SET('',(#2405));
#2405 = TRIMMED_CURVE('',#2406,(#2411,PARAMETER_VALUE(3.14159265359)),(
    #2412,PARAMETER_VALUE(9.424777960769)),.T.,.PARAMETER.);
#2406 = CIRCLE('',#2407,1.55);
#2407 = AXIS2_PLACEMENT_3D('',#2408,#2409,#2410);
#2408 = CARTESIAN_POINT('',(-17.50030728497,17.49872267528,
    71.088005402282));
#2409 = DIRECTION('',(3.3148E-13,-6.E-16,-1.));
#2410 = DIRECTION('',(-1.6581E-13,1.,-6.00000000055E-16));
#2411 = CARTESIAN_POINT('',(-17.50030728497,15.94872267528,
    71.088005402283));
#2412 = CARTESIAN_POINT('',(-17.50030728497,15.94872267528,
    71.088005402283));
#2413 = GEOMETRIC_CURVE_SET('',(#2414));
#2414 = TRIMMED_CURVE('',#2415,(#2419,PARAMETER_VALUE(-4.537130371563)),
  (#2420,PARAMETER_VALUE(0.914989576658)),.T.,.PARAMETER.);
#2415 = LINE('',#2416,#2417);
#2416 = CARTESIAN_POINT('',(-17.50030728497,15.94872267528,
    70.173015825624));
#2417 = VECTOR('',#2418,1.);
#2418 = DIRECTION('',(-2.172E-14,8.348E-14,1.));
#2419 = CARTESIAN_POINT('',(-17.50030728497,15.94872267528,
    65.635885454061));
#2420 = CARTESIAN_POINT('',(-17.50030728497,15.94872267528,
    71.088005402283));
#2421 = GEOMETRIC_CURVE_SET('',(#2422));
#2422 = TRIMMED_CURVE('',#2423,(#2428,PARAMETER_VALUE(3.14159265359)),(
    #2429,PARAMETER_VALUE(9.424777960769)),.T.,.PARAMETER.);
#2423 = CIRCLE('',#2424,1.55);
#2424 = AXIS2_PLACEMENT_3D('',#2425,#2426,#2427);
#2425 = CARTESIAN_POINT('',(-17.50030728497,17.49872267528,
    65.635885454061));
#2426 = DIRECTION('',(0.,6.78E-15,1.));
#2427 = DIRECTION('',(-1.6581E-13,1.,-6.78E-15));
#2428 = CARTESIAN_POINT('',(-17.50030728497,15.94872267528,
    65.635885454061));
#2429 = CARTESIAN_POINT('',(-17.50030728497,15.94872267528,
    65.635885454061));
#2430 = GEOMETRIC_CURVE_SET('',(#2431));
#2431 = TRIMMED_CURVE('',#2432,(#2437,PARAMETER_VALUE(3.14159265359)),(
    #2438,PARAMETER_VALUE(9.424777960769)),.T.,.PARAMETER.);
#2432 = CIRCLE('',#2433,1.35);
#2433 = AXIS2_PLACEMENT_3D('',#2434,#2435,#2436);
#2434 = CARTESIAN_POINT('',(-20.42833497151,24.805721338123,
    68.911786493736));
#2435 = DIRECTION('',(-1.5E-16,-1.,6.78E-15));
#2436 = DIRECTION('',(0.,6.78E-15,1.));
#2437 = CARTESIAN_POINT('',(-20.42833497151,24.805721338123,
    67.561786493735));
#2438 = CARTESIAN_POINT('',(-20.42833497151,24.805721338123,
    67.561786493735));
#2439 = GEOMETRIC_CURVE_SET('',(#2440));
#2440 = TRIMMED_CURVE('',#2441,(#2445,PARAMETER_VALUE(4.207741314817)),(
    #2446,PARAMETER_VALUE(9.208)),.T.,.PARAMETER.);
#2441 = LINE('',#2442,#2443);
#2442 = CARTESIAN_POINT('',(-20.42833497151,34.013721338123,
    67.561786493735));
#2443 = VECTOR('',#2444,1.);
#2444 = DIRECTION('',(-1.5E-16,-1.,6.78E-15));
#2445 = CARTESIAN_POINT('',(-20.42833497151,29.805980023306,
    67.561786493735));
#2446 = CARTESIAN_POINT('',(-20.42833497151,24.805721338123,
    67.561786493735));
#2447 = GEOMETRIC_CURVE_SET('',(#2448));
#2448 = TRIMMED_CURVE('',#2449,(#2454,PARAMETER_VALUE(3.14159265359)),(
    #2455,PARAMETER_VALUE(9.424777960769)),.T.,.PARAMETER.);
#2449 = CIRCLE('',#2450,1.35);
#2450 = AXIS2_PLACEMENT_3D('',#2451,#2452,#2453);
#2451 = CARTESIAN_POINT('',(-20.42833497151,24.805721338123,
    68.911786493736));
#2452 = DIRECTION('',(-1.5E-16,-1.,6.78E-15));
#2453 = DIRECTION('',(0.,6.78E-15,1.));
#2454 = CARTESIAN_POINT('',(-20.42833497151,24.805721338123,
    67.561786493735));
#2455 = CARTESIAN_POINT('',(-20.42833497151,24.805721338123,
    67.561786493735));
#2456 = GEOMETRIC_CURVE_SET('',(#2457));
#2457 = TRIMMED_CURVE('',#2458,(#2462,PARAMETER_VALUE(4.207741314817)),(
    #2463,PARAMETER_VALUE(9.208)),.T.,.PARAMETER.);
#2458 = LINE('',#2459,#2460);
#2459 = CARTESIAN_POINT('',(-20.42833497151,34.013721338123,
    67.561786493735));
#2460 = VECTOR('',#2461,1.);
#2461 = DIRECTION('',(-1.5E-16,-1.,6.78E-15));
#2462 = CARTESIAN_POINT('',(-20.42833497151,29.805980023306,
    67.561786493735));
#2463 = CARTESIAN_POINT('',(-20.42833497151,24.805721338123,
    67.561786493735));
#2464 = GEOMETRIC_CURVE_SET('',(#2465));
#2465 = TRIMMED_CURVE('',#2466,(#2471,PARAMETER_VALUE(3.14159265359)),(
    #2472,PARAMETER_VALUE(9.424777960769)),.T.,.PARAMETER.);
#2466 = CIRCLE('',#2467,1.35);
#2467 = AXIS2_PLACEMENT_3D('',#2468,#2469,#2470);
#2468 = CARTESIAN_POINT('',(-20.42833497151,29.805980023306,
    68.911786493736));
#2469 = DIRECTION('',(-1.5E-16,-1.,6.78E-15));
#2470 = DIRECTION('',(0.,6.78E-15,1.));
#2471 = CARTESIAN_POINT('',(-20.42833497151,29.805980023306,
    67.561786493735));
#2472 = CARTESIAN_POINT('',(-20.42833497151,29.805980023306,
    67.561786493735));
#2473 = GEOMETRIC_CURVE_SET('',(#2474));
#2474 = TRIMMED_CURVE('',#2475,(#2479,PARAMETER_VALUE(9.207348270284)),(
    #2480,PARAMETER_VALUE(14.804457961202)),.T.,.PARAMETER.);
#2475 = LINE('',#2476,#2477);
#2476 = CARTESIAN_POINT('',(-22.36556597254,13.148721338123,
    56.428537183776));
#2477 = VECTOR('',#2478,1.);
#2478 = DIRECTION('',(-3.3181E-13,7.28E-15,1.));
#2479 = CARTESIAN_POINT('',(-22.36556597254,13.148721338123,
    65.63588545406));
#2480 = CARTESIAN_POINT('',(-22.36556597254,13.148721338123,
    71.232995144978));
#2481 = GEOMETRIC_CURVE_SET('',(#2482));
#2482 = TRIMMED_CURVE('',#2483,(#2488,PARAMETER_VALUE(5.609788828742)),(
    #2489,PARAMETER_VALUE(5.853038237837)),.T.,.PARAMETER.);
#2483 = CIRCLE('',#2484,7.);
#2484 = AXIS2_PLACEMENT_3D('',#2485,#2486,#2487);
#2485 = CARTESIAN_POINT('',(-26.50079196991,7.500721165435,
    65.635885454055));
#2486 = DIRECTION('',(-0.,-6.78E-15,-1.));
#2487 = DIRECTION('',(0.87339522869,0.48701208866,-3.301941961114E-15));
#2488 = CARTESIAN_POINT('',(-23.8476691385,13.978447559893,
    65.63588545406));
#2489 = CARTESIAN_POINT('',(-22.36556597254,13.148721338123,
    65.63588545406));
#2490 = GEOMETRIC_CURVE_SET('',(#2491));
#2491 = TRIMMED_CURVE('',#2492,(#2497,PARAMETER_VALUE(4.997704276543)),(
    #2498,PARAMETER_VALUE(5.101123381786)),.T.,.PARAMETER.);
#2492 = ELLIPSE('',#2493,31.088045615235,7.);
#2493 = AXIS2_PLACEMENT_3D('',#2494,#2495,#2496);
#2494 = CARTESIAN_POINT('',(-26.50079196991,7.500721165435,
    77.116217350161));
#2495 = DIRECTION('',(-0.974320199218,-1.58E-15,-0.225166936727));
#2496 = DIRECTION('',(0.225166936727,-7.14E-15,-0.974320199218));
#2497 = CARTESIAN_POINT('',(-24.53057186527,14.217731865091,
    68.590874896432));
#2498 = CARTESIAN_POINT('',(-23.8476691385,13.978447559893,
    65.63588545406));
#2499 = GEOMETRIC_CURVE_SET('',(#2500));
#2500 = TRIMMED_CURVE('',#2501,(#2505,PARAMETER_VALUE(-12.59061813604)),
  (#2506,PARAMETER_VALUE(-12.16233771265)),.T.,.PARAMETER.);
#2501 = LINE('',#2502,#2503);
#2502 = CARTESIAN_POINT('',(-24.53057186527,14.217731865092,
    56.428537183776));
#2503 = VECTOR('',#2504,1.);
#2504 = DIRECTION('',(3.3181E-13,-7.28E-15,-1.));
#2505 = CARTESIAN_POINT('',(-24.53057186527,14.217731865091,
    69.019155319823));
#2506 = CARTESIAN_POINT('',(-24.53057186527,14.217731865091,
    68.590874896432));
#2507 = GEOMETRIC_CURVE_SET('',(#2508));
#2508 = TRIMMED_CURVE('',#2509,(#2519,PARAMETER_VALUE(2.546916163156)),(
    #2520,PARAMETER_VALUE(2.856134650454)),.T.,.PARAMETER.);
#2509 = B_SPLINE_CURVE_WITH_KNOTS('',3,(#2510,#2511,#2512,#2513,#2514,
    #2515,#2516,#2517,#2518),.UNSPECIFIED.,.F.,.F.,(4,3,2,4),(
    2.546916163156,2.581699700898,2.81632908027,2.856134650454),
  .UNSPECIFIED.);
#2510 = CARTESIAN_POINT('',(-22.36556597254,13.148721338123,
    71.232995144978));
#2511 = CARTESIAN_POINT('',(-22.44774428941,13.208888813682,
    71.165757458279));
#2512 = CARTESIAN_POINT('',(-22.5311300055,13.267175097038,
    71.095966197265));
#2513 = CARTESIAN_POINT('',(-22.61519331909,13.323274138553,
    71.02385819957));
#2514 = CARTESIAN_POINT('',(-23.18223539505,13.701681674813,
    70.537457162053));
#2515 = CARTESIAN_POINT('',(-23.74518902132,13.959157804921,
    69.974178666167));
#2516 = CARTESIAN_POINT('',(-24.35717208373,14.165078987366,
    69.23760972397));
#2517 = CARTESIAN_POINT('',(-24.44459301134,14.192512720121,
    69.129156230789));
#2518 = CARTESIAN_POINT('',(-24.53057186527,14.217731865091,
    69.019155319823));
#2519 = CARTESIAN_POINT('',(-22.36556597254,13.148721338123,
    71.232995144978));
#2520 = CARTESIAN_POINT('',(-24.53057186527,14.217731865091,
    69.019155319823));
#2521 = GEOMETRIC_CURVE_SET('',(#2522));
#2522 = TRIMMED_CURVE('',#2523,(#2527,PARAMETER_VALUE(9.207348270284)),(
    #2528,PARAMETER_VALUE(14.804457961202)),.T.,.PARAMETER.);
#2523 = LINE('',#2524,#2525);
#2524 = CARTESIAN_POINT('',(-22.36556597254,13.148721338123,
    56.428537183776));
#2525 = VECTOR('',#2526,1.);
#2526 = DIRECTION('',(-3.3181E-13,7.28E-15,1.));
#2527 = CARTESIAN_POINT('',(-22.36556597254,13.148721338123,
    65.63588545406));
#2528 = CARTESIAN_POINT('',(-22.36556597254,13.148721338123,
    71.232995144978));
#2529 = GEOMETRIC_CURVE_SET('',(#2530));
#2530 = TRIMMED_CURVE('',#2531,(#2535,PARAMETER_VALUE(-10.52944701831)),
  (#2536,PARAMETER_VALUE(0.62545291105)),.T.,.PARAMETER.);
#2531 = LINE('',#2532,#2533);
#2532 = CARTESIAN_POINT('',(-11.83611895422,13.148721338123,
    65.63588545406));
#2533 = VECTOR('',#2534,1.);
#2534 = DIRECTION('',(1.,-1.5E-16,-0.));
#2535 = CARTESIAN_POINT('',(-22.36556597254,13.148721338123,
    65.63588545406));
#2536 = CARTESIAN_POINT('',(-11.21066604317,13.148721338123,
    65.63588545406));
#2537 = GEOMETRIC_CURVE_SET('',(#2538));
#2538 = TRIMMED_CURVE('',#2539,(#2543,PARAMETER_VALUE(-4.380914257907)),
  (#2544,PARAMETER_VALUE(4.3809099195)),.T.,.PARAMETER.);
#2539 = LINE('',#2540,#2541);
#2540 = CARTESIAN_POINT('',(-11.21066604317,13.148721338123,
    70.01679537356));
#2541 = VECTOR('',#2542,1.);
#2542 = DIRECTION('',(-0.,-6.78E-15,-1.));
#2543 = CARTESIAN_POINT('',(-11.21066604317,13.148721338123,
    74.397709631467));
#2544 = CARTESIAN_POINT('',(-11.21066604317,13.148721338123,
    65.63588545406));
#2545 = GEOMETRIC_CURVE_SET('',(#2546));
#2546 = TRIMMED_CURVE('',#2547,(#2551,PARAMETER_VALUE(-0.831940553227)),
  (#2552,PARAMETER_VALUE(1.457393464277)),.T.,.PARAMETER.);
#2547 = LINE('',#2548,#2549);
#2548 = CARTESIAN_POINT('',(-12.66805950745,13.148721338123,
    74.397709631467));
#2549 = VECTOR('',#2550,1.);
#2550 = DIRECTION('',(1.,-1.5E-16,-6.439E-14));
#2551 = CARTESIAN_POINT('',(-13.50000006068,13.148721338123,
    74.397709631467));
#2552 = CARTESIAN_POINT('',(-11.21066604317,13.148721338123,
    74.397709631467));
#2553 = GEOMETRIC_CURVE_SET('',(#2554));
#2554 = TRIMMED_CURVE('',#2555,(#2560,PARAMETER_VALUE(0.878922025898)),(
    #2561,PARAMETER_VALUE(1.564657965692)),.T.,.PARAMETER.);
#2555 = CIRCLE('',#2556,14.000264020169);
#2556 = AXIS2_PLACEMENT_3D('',#2557,#2558,#2559);
#2557 = CARTESIAN_POINT('',(-13.50000006068,13.148721338123,
    60.397445611296));
#2558 = DIRECTION('',(1.5E-16,1.,-6.78E-15));
#2559 = DIRECTION('',(-0.999981160321,1.916150009705E-16,
    6.138322554933E-03));
#2560 = CARTESIAN_POINT('',(-22.36556597254,13.148721338123,
    71.232995144978));
#2561 = CARTESIAN_POINT('',(-13.50000006068,13.148721338123,
    74.397709631467));
#2562 = GEOMETRIC_CURVE_SET('',(#2563));
#2563 = TRIMMED_CURVE('',#2564,(#2569,PARAMETER_VALUE(3.14159265359)),(
    #2570,PARAMETER_VALUE(9.424777960769)),.T.,.PARAMETER.);
#2564 = CIRCLE('',#2565,3.1);
#2565 = AXIS2_PLACEMENT_3D('',#2566,#2567,#2568);
#2566 = CARTESIAN_POINT('',(-17.50030728497,17.49872267528,
    71.088005402282));
#2567 = DIRECTION('',(-3.3148E-13,6.E-16,1.));
#2568 = DIRECTION('',(-1.6581E-13,1.,-6.00000000055E-16));
#2569 = CARTESIAN_POINT('',(-17.50030728497,14.39872267528,
    71.088005402283));
#2570 = CARTESIAN_POINT('',(-17.50030728497,14.39872267528,
    71.088005402283));
#2571 = GEOMETRIC_CURVE_SET('',(#2572));
#2572 = TRIMMED_CURVE('',#2573,(#2578,PARAMETER_VALUE(3.14159265359)),(
    #2579,PARAMETER_VALUE(9.424777960769)),.T.,.PARAMETER.);
#2573 = CIRCLE('',#2574,1.55);
#2574 = AXIS2_PLACEMENT_3D('',#2575,#2576,#2577);
#2575 = CARTESIAN_POINT('',(-17.50030728497,17.49872267528,
    71.088005402282));
#2576 = DIRECTION('',(3.3148E-13,-6.E-16,-1.));
#2577 = DIRECTION('',(-1.6581E-13,1.,-6.00000000055E-16));
#2578 = CARTESIAN_POINT('',(-17.50030728497,15.94872267528,
    71.088005402283));
#2579 = CARTESIAN_POINT('',(-17.50030728497,15.94872267528,
    71.088005402283));
#2580 = ( GEOMETRIC_REPRESENTATION_CONTEXT(3) 
GLOBAL_UNCERTAINTY_ASSIGNED_CONTEXT((#2584)) 
GLOBAL_UNIT_ASSIGNED_CONTEXT((#2581,#2582,#2583)) REPRESENTATION_CONTEXT
('Context #1','3D Context with UNIT and UNCERTAINTY') );
#2581 = ( LENGTH_UNIT() NAMED_UNIT(*) SI_UNIT(.MILLI.,.METRE.) );
#2582 = ( NAMED_UNIT(*) PLANE_ANGLE_UNIT() SI_UNIT($,.RADIAN.) );
#2583 = ( NAMED_UNIT(*) SI_UNIT($,.STERADIAN.) SOLID_ANGLE_UNIT() );
#2584 = UNCERTAINTY_MEASURE_WITH_UNIT(LENGTH_MEASURE(2.E-04),#2581,
  'distance_accuracy_value','confusion accuracy');
#2585 = CONTEXT_DEPENDENT_SHAPE_REPRESENTATION(#2586,#2588);
#2586 = ( REPRESENTATION_RELATIONSHIP('','',#59,#32) 
REPRESENTATION_RELATIONSHIP_WITH_TRANSFORMATION(#2587) 
SHAPE_REPRESENTATION_RELATIONSHIP() );
#2587 = ITEM_DEFINED_TRANSFORMATION('','',#11,#33);
#2588 = PRODUCT_DEFINITION_SHAPE('Placement','Placement of an item',
  #2589);
#2589 = NEXT_ASSEMBLY_USAGE_OCCURRENCE('1','Addon (1) (2)001','',#27,#54
  ,$);
#2590 = PRODUCT_RELATED_PRODUCT_CATEGORY('part',$,(#56));
#2591 = SHAPE_DEFINITION_REPRESENTATION(#2592,#2598);
#2592 = PRODUCT_DEFINITION_SHAPE('','',#2593);
#2593 = PRODUCT_DEFINITION('design','',#2594,#2597);
#2594 = PRODUCT_DEFINITION_FORMATION('','',#2595);
#2595 = PRODUCT('SOLID001','SOLID001','',(#2596));
#2596 = PRODUCT_CONTEXT('',#2,'mechanical');
#2597 = PRODUCT_DEFINITION_CONTEXT('part definition',#2,'design');
#2598 = ADVANCED_BREP_SHAPE_REPRESENTATION('',(#11,#2599),#14571);
#2599 = MANIFOLD_SOLID_BREP('',#2600);
#2600 = CLOSED_SHELL('',(#2601,#2641,#2672,#2712,#2743,#2765,#2796,#2820
    ,#2844,#2868,#2892,#2922,#2944,#2956,#2996,#3027,#3058,#3082,#3113,
    #3144,#3175,#3197,#3228,#3245,#3269,#3286,#3311,#3351,#3382,#3413,
    #3444,#3486,#3510,#3534,#3558,#3575,#3615,#3646,#3677,#3708,#3739,
    #3766,#3790,#3807,#3847,#3878,#3902,#3926,#3943,#3983,#4014,#4045,
    #4076,#4107,#4138,#4160,#4175,#4215,#4246,#4277,#4308,#4346,#4370,
    #4394,#4418,#4447,#4471,#4488,#4505,#4530,#4563,#4583,#4600,#4633,
    #4666,#4686,#4711,#4728,#4737,#4754,#4779,#4821,#4841,#4859,#4884,
    #4947,#4967,#4984,#5009,#5029,#5091,#5142,#5157,#5196,#5264,#5295,
    #5334,#5382,#5422,#5445,#5462,#5479,#5504,#5524,#5541,#5558,#5571,
    #5785,#5826,#5841,#5873,#5973,#5990,#6007,#6024,#6049,#6074,#6099,
    #6139,#6227,#6267,#6307,#6395,#6412,#6429,#6477,#6516,#6547,#6587,
    #6626,#6665,#6687,#6728,#6794,#6850,#6900,#6920,#6960,#6992,#7016,
    #7036,#7069,#7109,#7150,#7192,#7229,#7246,#7270,#7294,#7319,#7344,
    #7374,#7414,#7445,#7476,#7507,#7531,#7555,#7572,#7603,#7627,#7651,
    #7675,#7699,#7723,#7747,#7771,#7795,#7812,#7843,#7867,#7891,#7908,
    #7939,#7963,#7987,#8004,#8035,#8059,#8083,#8107,#8131,#8155,#8179,
    #8203,#8227,#8244,#8302,#8327,#8352,#8385,#8419,#8458,#8489,#8529,
    #8562,#8602,#8622,#8653,#8684,#8708,#8748,#8779,#8811,#8836,#8867,
    #8898,#8947,#8997,#9021,#9053,#9082,#9106,#9124,#9155,#9179,#9203,
    #9235,#9266,#9297,#9340,#9370,#9401,#9443,#9467,#9491,#9556,#9594,
    #9634,#9665,#9696,#9727,#9751,#9783,#9805,#9837,#9857,#9890,#9930,
    #9948,#9979,#10019,#10045,#10070,#10113,#10145,#10225,#10274,#10305,
    #10330,#10380,#10430,#10485,#10510,#10832,#10857,#10882,#10923,
    #10948,#10996,#11031,#11065,#11090,#11108,#11133,#11173,#11197,
    #11221,#11258,#11283,#11311,#11335,#11360,#11387,#11412,#11436,
    #11460,#11485,#11519,#11544,#11569,#11594,#11622,#11647,#11673,
    #11712,#11737,#11763,#11788,#11822,#11847,#11874,#11899,#11938,
    #11973,#12000,#12026,#12051,#12068,#12108,#12140,#12172,#12197,
    #12224,#12249,#12273,#12298,#12326,#12358,#12388,#12412,#12436,
    #12469,#12488,#12513,#12544,#12562,#12594,#12617,#12643,#12668,
    #12692,#12732,#12763,#12802,#12833,#12875,#12899,#12924,#12955,
    #13012,#13037,#13080,#13122,#13185,#13255,#13280,#13330,#13380,
    #13411,#13443,#13467,#13509,#13534,#13560,#13585,#13646,#13686,
    #13711,#13864,#13927,#13945,#13976,#13994,#14011,#14028,#14047,
    #14064,#14083,#14101,#14118,#14135,#14152,#14170,#14189,#14206,
    #14238,#14262,#14287,#14313,#14338,#14362,#14390,#14413,#14430,
    #14455,#14472,#14490,#14507,#14524,#14536,#14553));
#2601 = ADVANCED_FACE('',(#2602),#2636,.T.);
#2602 = FACE_BOUND('',#2603,.T.);
#2603 = EDGE_LOOP('',(#2604,#2614,#2622,#2630));
#2604 = ORIENTED_EDGE('',*,*,#2605,.F.);
#2605 = EDGE_CURVE('',#2606,#2608,#2610,.T.);
#2606 = VERTEX_POINT('',#2607);
#2607 = CARTESIAN_POINT('',(17.499598038001,-136.3738375826,
    96.181271509162));
#2608 = VERTEX_POINT('',#2609);
#2609 = CARTESIAN_POINT('',(15.099598038001,-136.3738375826,
    94.795630863107));
#2610 = LINE('',#2611,#2612);
#2611 = CARTESIAN_POINT('',(7.454505056211,-136.3738375826,
    90.381734372093));
#2612 = VECTOR('',#2613,1.);
#2613 = DIRECTION('',(-0.866025403784,1.07E-15,-0.5));
#2614 = ORIENTED_EDGE('',*,*,#2615,.T.);
#2615 = EDGE_CURVE('',#2606,#2616,#2618,.T.);
#2616 = VERTEX_POINT('',#2617);
#2617 = CARTESIAN_POINT('',(17.499598038001,-136.7738375826,
    95.71939129381));
#2618 = LINE('',#2619,#2620);
#2619 = CARTESIAN_POINT('',(17.499598038001,-136.3738375826,
    96.181271509162));
#2620 = VECTOR('',#2621,1.);
#2621 = DIRECTION('',(1.8888E-13,-0.654653670708,-0.755928946018));
#2622 = ORIENTED_EDGE('',*,*,#2623,.T.);
#2623 = EDGE_CURVE('',#2616,#2624,#2626,.T.);
#2624 = VERTEX_POINT('',#2625);
#2625 = CARTESIAN_POINT('',(15.499598038001,-136.7738375826,
    94.564690755431));
#2626 = LINE('',#2627,#2628);
#2627 = CARTESIAN_POINT('',(10.27551195903,-136.7738375826,
    91.548563251467));
#2628 = VECTOR('',#2629,1.);
#2629 = DIRECTION('',(-0.866025403784,3.97E-15,-0.5));
#2630 = ORIENTED_EDGE('',*,*,#2631,.F.);
#2631 = EDGE_CURVE('',#2608,#2624,#2632,.T.);
#2632 = LINE('',#2633,#2634);
#2633 = CARTESIAN_POINT('',(15.099598038001,-136.3738375826,
    94.795630863107));
#2634 = VECTOR('',#2635,1.);
#2635 = DIRECTION('',(0.654653670708,-0.654653670708,-0.377964473009));
#2636 = PLANE('',#2637);
#2637 = AXIS2_PLACEMENT_3D('',#2638,#2639,#2640);
#2638 = CARTESIAN_POINT('',(10.17551195903,-136.5738375826,
    91.721768332224));
#2639 = DIRECTION('',(0.353553390593,0.707106781187,-0.612372435696));
#2640 = DIRECTION('',(-0.866025403784,2.803313137179E-15,-0.5));
#2641 = ADVANCED_FACE('',(#2642),#2667,.T.);
#2642 = FACE_BOUND('',#2643,.T.);
#2643 = EDGE_LOOP('',(#2644,#2652,#2660,#2666));
#2644 = ORIENTED_EDGE('',*,*,#2645,.F.);
#2645 = EDGE_CURVE('',#2646,#2606,#2648,.T.);
#2646 = VERTEX_POINT('',#2647);
#2647 = CARTESIAN_POINT('',(19.899598038001,-136.3738375826,
    94.795630863107));
#2648 = LINE('',#2649,#2650);
#2649 = CARTESIAN_POINT('',(11.844992733253,-136.3738375826,
    99.445959404021));
#2650 = VECTOR('',#2651,1.);
#2651 = DIRECTION('',(-0.866025403784,1.81E-15,0.5));
#2652 = ORIENTED_EDGE('',*,*,#2653,.T.);
#2653 = EDGE_CURVE('',#2646,#2654,#2656,.T.);
#2654 = VERTEX_POINT('',#2655);
#2655 = CARTESIAN_POINT('',(19.499598038001,-136.7738375826,
    94.564690755431));
#2656 = LINE('',#2657,#2658);
#2657 = CARTESIAN_POINT('',(19.899598038001,-136.3738375826,
    94.795630863107));
#2658 = VECTOR('',#2659,1.);
#2659 = DIRECTION('',(-0.654653670708,-0.654653670708,-0.37796447301));
#2660 = ORIENTED_EDGE('',*,*,#2661,.T.);
#2661 = EDGE_CURVE('',#2654,#2616,#2662,.T.);
#2662 = LINE('',#2663,#2664);
#2663 = CARTESIAN_POINT('',(13.573684745007,-136.7738375826,
    97.986018390335));
#2664 = VECTOR('',#2665,1.);
#2665 = DIRECTION('',(-0.866025403784,-4.4E-16,0.5));
#2666 = ORIENTED_EDGE('',*,*,#2615,.F.);
#2667 = PLANE('',#2668);
#2668 = AXIS2_PLACEMENT_3D('',#2669,#2670,#2671);
#2669 = CARTESIAN_POINT('',(13.673684745007,-136.5738375826,
    98.159223471092));
#2670 = DIRECTION('',(-0.353553390593,0.707106781187,-0.612372435696));
#2671 = DIRECTION('',(-0.866025403784,-1.97064586871E-15,0.5));
#2672 = ADVANCED_FACE('',(#2673),#2707,.T.);
#2673 = FACE_BOUND('',#2674,.T.);
#2674 = EDGE_LOOP('',(#2675,#2685,#2693,#2701));
#2675 = ORIENTED_EDGE('',*,*,#2676,.T.);
#2676 = EDGE_CURVE('',#2677,#2679,#2681,.T.);
#2677 = VERTEX_POINT('',#2678);
#2678 = CARTESIAN_POINT('',(15.499598038001,-136.7738375826,
    92.255289678672));
#2679 = VERTEX_POINT('',#2680);
#2680 = CARTESIAN_POINT('',(17.499598038001,-136.7738375826,
    91.100589140293));
#2681 = LINE('',#2682,#2683);
#2682 = CARTESIAN_POINT('',(12.598684745007,-136.7738375826,
    93.930132749278));
#2683 = VECTOR('',#2684,1.);
#2684 = DIRECTION('',(0.866025403784,4.4E-16,-0.5));
#2685 = ORIENTED_EDGE('',*,*,#2686,.F.);
#2686 = EDGE_CURVE('',#2687,#2679,#2689,.T.);
#2687 = VERTEX_POINT('',#2688);
#2688 = CARTESIAN_POINT('',(17.499598038001,-136.3738375826,
    90.638708924942));
#2689 = LINE('',#2690,#2691);
#2690 = CARTESIAN_POINT('',(17.499598038001,-136.3738375826,
    90.638708924942));
#2691 = VECTOR('',#2692,1.);
#2692 = DIRECTION('',(-7.308E-14,-0.654653670708,0.755928946018));
#2693 = ORIENTED_EDGE('',*,*,#2694,.F.);
#2694 = EDGE_CURVE('',#2695,#2687,#2697,.T.);
#2695 = VERTEX_POINT('',#2696);
#2696 = CARTESIAN_POINT('',(15.099598038001,-136.3738375826,
    92.024349570997));
#2697 = LINE('',#2698,#2699);
#2698 = CARTESIAN_POINT('',(9.957492733251,-136.3738375826,
    94.993145452893));
#2699 = VECTOR('',#2700,1.);
#2700 = DIRECTION('',(0.866025403784,-1.81E-15,-0.5));
#2701 = ORIENTED_EDGE('',*,*,#2702,.T.);
#2702 = EDGE_CURVE('',#2695,#2677,#2703,.T.);
#2703 = LINE('',#2704,#2705);
#2704 = CARTESIAN_POINT('',(15.099598038001,-136.3738375826,
    92.024349570997));
#2705 = VECTOR('',#2706,1.);
#2706 = DIRECTION('',(0.654653670708,-0.654653670708,0.377964473009));
#2707 = PLANE('',#2708);
#2708 = AXIS2_PLACEMENT_3D('',#2709,#2710,#2711);
#2709 = CARTESIAN_POINT('',(12.498684745007,-136.5738375826,
    93.756927668521));
#2710 = DIRECTION('',(0.353553390593,0.707106781187,0.612372435696));
#2711 = DIRECTION('',(0.866025403784,2.747801985947E-15,-0.5));
#2712 = ADVANCED_FACE('',(#2713),#2738,.T.);
#2713 = FACE_BOUND('',#2714,.T.);
#2714 = EDGE_LOOP('',(#2715,#2723,#2724,#2732));
#2715 = ORIENTED_EDGE('',*,*,#2716,.T.);
#2716 = EDGE_CURVE('',#2717,#2654,#2719,.T.);
#2717 = VERTEX_POINT('',#2718);
#2718 = CARTESIAN_POINT('',(19.499598038001,-136.7738375826,
    92.255289678673));
#2719 = LINE('',#2720,#2721);
#2720 = CARTESIAN_POINT('',(19.499598038001,-136.7738375826,
    92.502773428094));
#2721 = VECTOR('',#2722,1.);
#2722 = DIRECTION('',(1.64E-15,-4.21E-15,1.));
#2723 = ORIENTED_EDGE('',*,*,#2653,.F.);
#2724 = ORIENTED_EDGE('',*,*,#2725,.F.);
#2725 = EDGE_CURVE('',#2726,#2646,#2728,.T.);
#2726 = VERTEX_POINT('',#2727);
#2727 = CARTESIAN_POINT('',(19.899598038001,-136.3738375826,
    92.024349570997));
#2728 = LINE('',#2729,#2730);
#2729 = CARTESIAN_POINT('',(19.899598038003,-136.3738375826,
    91.407465037696));
#2730 = VECTOR('',#2731,1.);
#2731 = DIRECTION('',(6.78E-15,7.4E-16,1.));
#2732 = ORIENTED_EDGE('',*,*,#2733,.F.);
#2733 = EDGE_CURVE('',#2717,#2726,#2734,.T.);
#2734 = LINE('',#2735,#2736);
#2735 = CARTESIAN_POINT('',(19.499598038001,-136.7738375826,
    92.255289678673));
#2736 = VECTOR('',#2737,1.);
#2737 = DIRECTION('',(0.654653670708,0.654653670708,-0.37796447301));
#2738 = PLANE('',#2739);
#2739 = AXIS2_PLACEMENT_3D('',#2740,#2741,#2742);
#2740 = CARTESIAN_POINT('',(19.699598038001,-136.5738375826,
    92.502773428094));
#2741 = DIRECTION('',(-0.707106781187,0.707106781187,4.27E-15));
#2742 = DIRECTION('',(1.134345955667E-15,-4.904345955667E-15,1.));
#2743 = ADVANCED_FACE('',(#2744),#2760,.T.);
#2744 = FACE_BOUND('',#2745,.T.);
#2745 = EDGE_LOOP('',(#2746,#2752,#2753,#2759));
#2746 = ORIENTED_EDGE('',*,*,#2747,.T.);
#2747 = EDGE_CURVE('',#2624,#2677,#2748,.T.);
#2748 = LINE('',#2749,#2750);
#2749 = CARTESIAN_POINT('',(15.499598038001,-136.7738375826,
    91.319205376255));
#2750 = VECTOR('',#2751,1.);
#2751 = DIRECTION('',(-1.64E-15,4.41E-15,-1.));
#2752 = ORIENTED_EDGE('',*,*,#2702,.F.);
#2753 = ORIENTED_EDGE('',*,*,#2754,.F.);
#2754 = EDGE_CURVE('',#2608,#2695,#2755,.T.);
#2755 = LINE('',#2756,#2757);
#2756 = CARTESIAN_POINT('',(15.099598037999,-136.3738375826,
    90.815681011776));
#2757 = VECTOR('',#2758,1.);
#2758 = DIRECTION('',(3.51E-15,-7.4E-16,-1.));
#2759 = ORIENTED_EDGE('',*,*,#2631,.T.);
#2760 = PLANE('',#2761);
#2761 = AXIS2_PLACEMENT_3D('',#2762,#2763,#2764);
#2762 = CARTESIAN_POINT('',(15.299598038001,-136.5738375826,
    91.319205376255));
#2763 = DIRECTION('',(0.707106781187,0.707106781187,1.96E-15));
#2764 = DIRECTION('',(-2.134070708874E-15,4.905929291126E-15,-1.));
#2765 = ADVANCED_FACE('',(#2766),#2791,.T.);
#2766 = FACE_BOUND('',#2767,.T.);
#2767 = EDGE_LOOP('',(#2768,#2769,#2777,#2785));
#2768 = ORIENTED_EDGE('',*,*,#2661,.F.);
#2769 = ORIENTED_EDGE('',*,*,#2770,.T.);
#2770 = EDGE_CURVE('',#2654,#2771,#2773,.T.);
#2771 = VERTEX_POINT('',#2772);
#2772 = CARTESIAN_POINT('',(19.499598038001,-142.3741615278,
    94.564690755432));
#2773 = LINE('',#2774,#2775);
#2774 = CARTESIAN_POINT('',(19.499598038001,-139.3739908028,
    94.564690755431));
#2775 = VECTOR('',#2776,1.);
#2776 = DIRECTION('',(-2.376E-14,-1.,7.23E-14));
#2777 = ORIENTED_EDGE('',*,*,#2778,.T.);
#2778 = EDGE_CURVE('',#2771,#2779,#2781,.T.);
#2779 = VERTEX_POINT('',#2780);
#2780 = CARTESIAN_POINT('',(17.499598038001,-142.3741615278,
    95.719391293811));
#2781 = LINE('',#2782,#2783);
#2782 = CARTESIAN_POINT('',(4.899507727259,-142.3741615278,
    102.99405682653));
#2783 = VECTOR('',#2784,1.);
#2784 = DIRECTION('',(-0.866025403784,5.672E-14,0.5));
#2785 = ORIENTED_EDGE('',*,*,#2786,.F.);
#2786 = EDGE_CURVE('',#2616,#2779,#2787,.T.);
#2787 = LINE('',#2788,#2789);
#2788 = CARTESIAN_POINT('',(17.499598038001,-139.3739908028,
    95.719391293811));
#2789 = VECTOR('',#2790,1.);
#2790 = DIRECTION('',(-2.376E-14,-1.,7.23E-14));
#2791 = PLANE('',#2792);
#2792 = AXIS2_PLACEMENT_3D('',#2793,#2794,#2795);
#2793 = CARTESIAN_POINT('',(17.474598038001,-136.3891654482,
    95.73382505054));
#2794 = DIRECTION('',(-0.5,-5.091E-14,-0.866025403784));
#2795 = DIRECTION('',(0.866025403784,-5.633E-14,-0.5));
#2796 = ADVANCED_FACE('',(#2797),#2815,.T.);
#2797 = FACE_BOUND('',#2798,.T.);
#2798 = EDGE_LOOP('',(#2799,#2807,#2808,#2809));
#2799 = ORIENTED_EDGE('',*,*,#2800,.T.);
#2800 = EDGE_CURVE('',#2801,#2771,#2803,.T.);
#2801 = VERTEX_POINT('',#2802);
#2802 = CARTESIAN_POINT('',(19.499598038001,-142.3741615278,
    92.255289678673));
#2803 = LINE('',#2804,#2805);
#2804 = CARTESIAN_POINT('',(19.499598038001,-142.3741615278,
    94.205498776589));
#2805 = VECTOR('',#2806,1.);
#2806 = DIRECTION('',(1.64E-15,7.229E-14,1.));
#2807 = ORIENTED_EDGE('',*,*,#2770,.F.);
#2808 = ORIENTED_EDGE('',*,*,#2716,.F.);
#2809 = ORIENTED_EDGE('',*,*,#2810,.F.);
#2810 = EDGE_CURVE('',#2801,#2717,#2811,.T.);
#2811 = LINE('',#2812,#2813);
#2812 = CARTESIAN_POINT('',(19.499598038001,-139.3739908028,
    92.255289678673));
#2813 = VECTOR('',#2814,1.);
#2814 = DIRECTION('',(2.376E-14,1.,-7.249E-14));
#2815 = PLANE('',#2816);
#2816 = AXIS2_PLACEMENT_3D('',#2817,#2818,#2819);
#2817 = CARTESIAN_POINT('',(19.499598038001,-136.3891654482,
    94.593558268891));
#2818 = DIRECTION('',(-1.,2.339E-14,1.64E-15));
#2819 = DIRECTION('',(-1.640000000002E-15,-7.229E-14,-1.));
#2820 = ADVANCED_FACE('',(#2821),#2839,.T.);
#2821 = FACE_BOUND('',#2822,.T.);
#2822 = EDGE_LOOP('',(#2823,#2824,#2825,#2833));
#2823 = ORIENTED_EDGE('',*,*,#2623,.F.);
#2824 = ORIENTED_EDGE('',*,*,#2786,.T.);
#2825 = ORIENTED_EDGE('',*,*,#2826,.T.);
#2826 = EDGE_CURVE('',#2779,#2827,#2829,.T.);
#2827 = VERTEX_POINT('',#2828);
#2828 = CARTESIAN_POINT('',(15.499598038001,-142.3741615278,
    94.564690755431));
#2829 = LINE('',#2830,#2831);
#2830 = CARTESIAN_POINT('',(3.075938348747,-142.3741615278,
    87.39188748952));
#2831 = VECTOR('',#2832,1.);
#2832 = DIRECTION('',(-0.866025403784,-1.557E-14,-0.5));
#2833 = ORIENTED_EDGE('',*,*,#2834,.F.);
#2834 = EDGE_CURVE('',#2624,#2827,#2835,.T.);
#2835 = LINE('',#2836,#2837);
#2836 = CARTESIAN_POINT('',(15.499598038001,-139.3739908028,
    94.564690755431));
#2837 = VECTOR('',#2838,1.);
#2838 = DIRECTION('',(-2.376E-14,-1.,7.23E-14));
#2839 = PLANE('',#2840);
#2840 = AXIS2_PLACEMENT_3D('',#2841,#2842,#2843);
#2841 = CARTESIAN_POINT('',(15.474598038001,-136.3891654482,
    94.550256998701));
#2842 = DIRECTION('',(0.5,-7.43E-14,-0.866025403784));
#2843 = DIRECTION('',(0.866025403784,1.595E-14,0.5));
#2844 = ADVANCED_FACE('',(#2845),#2863,.T.);
#2845 = FACE_BOUND('',#2846,.T.);
#2846 = EDGE_LOOP('',(#2847,#2848,#2849,#2857));
#2847 = ORIENTED_EDGE('',*,*,#2747,.F.);
#2848 = ORIENTED_EDGE('',*,*,#2834,.T.);
#2849 = ORIENTED_EDGE('',*,*,#2850,.T.);
#2850 = EDGE_CURVE('',#2827,#2851,#2853,.T.);
#2851 = VERTEX_POINT('',#2852);
#2852 = CARTESIAN_POINT('',(15.499598038001,-142.3741615278,
    92.255289678673));
#2853 = LINE('',#2854,#2855);
#2854 = CARTESIAN_POINT('',(15.499598038001,-142.3741615278,
    93.021930724751));
#2855 = VECTOR('',#2856,1.);
#2856 = DIRECTION('',(-1.64E-15,-7.229E-14,-1.));
#2857 = ORIENTED_EDGE('',*,*,#2858,.F.);
#2858 = EDGE_CURVE('',#2677,#2851,#2859,.T.);
#2859 = LINE('',#2860,#2861);
#2860 = CARTESIAN_POINT('',(15.499598038001,-139.3739908028,
    92.255289678673));
#2861 = VECTOR('',#2862,1.);
#2862 = DIRECTION('',(-2.376E-14,-1.,7.23E-14));
#2863 = PLANE('',#2864);
#2864 = AXIS2_PLACEMENT_3D('',#2865,#2866,#2867);
#2865 = CARTESIAN_POINT('',(15.499598038001,-136.3891654483,
    92.226422165213));
#2866 = DIRECTION('',(1.,-2.339E-14,-1.64E-15));
#2867 = DIRECTION('',(1.640000000002E-15,7.229E-14,1.));
#2868 = ADVANCED_FACE('',(#2869),#2887,.T.);
#2869 = FACE_BOUND('',#2870,.T.);
#2870 = EDGE_LOOP('',(#2871,#2872,#2873,#2881));
#2871 = ORIENTED_EDGE('',*,*,#2676,.F.);
#2872 = ORIENTED_EDGE('',*,*,#2858,.T.);
#2873 = ORIENTED_EDGE('',*,*,#2874,.T.);
#2874 = EDGE_CURVE('',#2851,#2875,#2877,.T.);
#2875 = VERTEX_POINT('',#2876);
#2876 = CARTESIAN_POINT('',(17.499598038001,-142.3741615278,
    91.100589140294));
#2877 = LINE('',#2878,#2879);
#2878 = CARTESIAN_POINT('',(3.924507727259,-142.3741615278,
    98.938171185474));
#2879 = VECTOR('',#2880,1.);
#2880 = DIRECTION('',(0.866025403784,-5.672E-14,-0.5));
#2881 = ORIENTED_EDGE('',*,*,#2882,.F.);
#2882 = EDGE_CURVE('',#2679,#2875,#2883,.T.);
#2883 = LINE('',#2884,#2885);
#2884 = CARTESIAN_POINT('',(17.499598038001,-139.3739908028,
    91.100589140294));
#2885 = VECTOR('',#2886,1.);
#2886 = DIRECTION('',(-2.376E-14,-1.,7.23E-14));
#2887 = PLANE('',#2888);
#2888 = AXIS2_PLACEMENT_3D('',#2889,#2890,#2891);
#2889 = CARTESIAN_POINT('',(17.524598038001,-136.3891654483,
    91.086155383564));
#2890 = DIRECTION('',(0.5,5.091E-14,0.866025403784));
#2891 = DIRECTION('',(-0.866025403784,5.633E-14,0.5));
#2892 = ADVANCED_FACE('',(#2893,#2906),#2917,.T.);
#2893 = FACE_BOUND('',#2894,.T.);
#2894 = EDGE_LOOP('',(#2895,#2896,#2902,#2903,#2904,#2905));
#2895 = ORIENTED_EDGE('',*,*,#2800,.F.);
#2896 = ORIENTED_EDGE('',*,*,#2897,.F.);
#2897 = EDGE_CURVE('',#2875,#2801,#2898,.T.);
#2898 = LINE('',#2899,#2900);
#2899 = CARTESIAN_POINT('',(6.100938348747,-142.3741615278,
    84.519569900302));
#2900 = VECTOR('',#2901,1.);
#2901 = DIRECTION('',(0.866025403784,1.557E-14,0.5));
#2902 = ORIENTED_EDGE('',*,*,#2874,.F.);
#2903 = ORIENTED_EDGE('',*,*,#2850,.F.);
#2904 = ORIENTED_EDGE('',*,*,#2826,.F.);
#2905 = ORIENTED_EDGE('',*,*,#2778,.F.);
#2906 = FACE_BOUND('',#2907,.T.);
#2907 = EDGE_LOOP('',(#2908));
#2908 = ORIENTED_EDGE('',*,*,#2909,.F.);
#2909 = EDGE_CURVE('',#2910,#2910,#2912,.T.);
#2910 = VERTEX_POINT('',#2911);
#2911 = CARTESIAN_POINT('',(15.949598038001,-142.3741615278,
    93.409990217052));
#2912 = CIRCLE('',#2913,1.55);
#2913 = AXIS2_PLACEMENT_3D('',#2914,#2915,#2916);
#2914 = CARTESIAN_POINT('',(17.499598038001,-142.3741615278,
    93.409990217052));
#2915 = DIRECTION('',(2.376E-14,1.,-7.248E-14));
#2916 = DIRECTION('',(1.,-2.376E-14,6.7E-16));
#2917 = PLANE('',#2918);
#2918 = AXIS2_PLACEMENT_3D('',#2919,#2920,#2921);
#2919 = CARTESIAN_POINT('',(-17.16540196199,-142.3741615278,
    93.717439284288));
#2920 = DIRECTION('',(2.376E-14,1.,-7.229E-14));
#2921 = DIRECTION('',(-1.,2.376E-14,1.64E-15));
#2922 = ADVANCED_FACE('',(#2923),#2939,.T.);
#2923 = FACE_BOUND('',#2924,.T.);
#2924 = EDGE_LOOP('',(#2925,#2931,#2932,#2938));
#2925 = ORIENTED_EDGE('',*,*,#2926,.F.);
#2926 = EDGE_CURVE('',#2687,#2726,#2927,.T.);
#2927 = LINE('',#2928,#2929);
#2928 = CARTESIAN_POINT('',(10.367005056212,-136.3738375826,
    86.520704446884));
#2929 = VECTOR('',#2930,1.);
#2930 = DIRECTION('',(0.866025403784,-1.07E-15,0.5));
#2931 = ORIENTED_EDGE('',*,*,#2686,.T.);
#2932 = ORIENTED_EDGE('',*,*,#2933,.T.);
#2933 = EDGE_CURVE('',#2679,#2717,#2934,.T.);
#2934 = LINE('',#2935,#2936);
#2935 = CARTESIAN_POINT('',(13.30051195903,-136.7738375826,
    88.676245662249));
#2936 = VECTOR('',#2937,1.);
#2937 = DIRECTION('',(0.866025403784,-3.97E-15,0.5));
#2938 = ORIENTED_EDGE('',*,*,#2733,.T.);
#2939 = PLANE('',#2940);
#2940 = AXIS2_PLACEMENT_3D('',#2941,#2942,#2943);
#2941 = CARTESIAN_POINT('',(13.40051195903,-136.5738375826,
    88.503040581492));
#2942 = DIRECTION('',(-0.353553390593,0.707106781187,0.612372435696));
#2943 = DIRECTION('',(0.866025403784,-3.080868893335E-15,0.5));
#2944 = ADVANCED_FACE('',(#2945),#2951,.T.);
#2945 = FACE_BOUND('',#2946,.T.);
#2946 = EDGE_LOOP('',(#2947,#2948,#2949,#2950));
#2947 = ORIENTED_EDGE('',*,*,#2933,.F.);
#2948 = ORIENTED_EDGE('',*,*,#2882,.T.);
#2949 = ORIENTED_EDGE('',*,*,#2897,.T.);
#2950 = ORIENTED_EDGE('',*,*,#2810,.T.);
#2951 = PLANE('',#2952);
#2952 = AXIS2_PLACEMENT_3D('',#2953,#2954,#2955);
#2953 = CARTESIAN_POINT('',(19.524598038001,-136.3891654483,
    92.269723435402));
#2954 = DIRECTION('',(-0.5,7.43E-14,0.866025403784));
#2955 = DIRECTION('',(-0.866025403784,-1.595E-14,-0.5));
#2956 = ADVANCED_FACE('',(#2957),#2991,.F.);
#2957 = FACE_BOUND('',#2958,.T.);
#2958 = EDGE_LOOP('',(#2959,#2969,#2977,#2985));
#2959 = ORIENTED_EDGE('',*,*,#2960,.F.);
#2960 = EDGE_CURVE('',#2961,#2963,#2965,.T.);
#2961 = VERTEX_POINT('',#2962);
#2962 = CARTESIAN_POINT('',(-17.50040196862,-136.7738375827,
    91.100589141218));
#2963 = VERTEX_POINT('',#2964);
#2964 = CARTESIAN_POINT('',(-19.50040196856,-136.7738375827,
    92.255289679704));
#2965 = LINE('',#2966,#2967);
#2966 = CARTESIAN_POINT('',(-13.30131588978,-136.7738375827,
    88.676245662952));
#2967 = VECTOR('',#2968,1.);
#2968 = DIRECTION('',(-0.866025403758,-1.99515E-12,0.500000000046));
#2969 = ORIENTED_EDGE('',*,*,#2970,.F.);
#2970 = EDGE_CURVE('',#2971,#2961,#2973,.T.);
#2971 = VERTEX_POINT('',#2972);
#2972 = CARTESIAN_POINT('',(-17.50040196864,-136.3738375827,
    90.638708925867));
#2973 = LINE('',#2974,#2975);
#2974 = CARTESIAN_POINT('',(-17.50040196864,-136.3738375827,
    90.638708925867));
#2975 = VECTOR('',#2976,1.);
#2976 = DIRECTION('',(4.15323E-11,-0.654653670708,0.755928946018));
#2977 = ORIENTED_EDGE('',*,*,#2978,.F.);
#2978 = EDGE_CURVE('',#2979,#2971,#2981,.T.);
#2979 = VERTEX_POINT('',#2980);
#2980 = CARTESIAN_POINT('',(-19.90040196857,-136.3738375827,
    92.024349572049));
#2981 = LINE('',#2982,#2983);
#2982 = CARTESIAN_POINT('',(-10.36766813559,-136.3738375826,
    86.520623126761));
#2983 = VECTOR('',#2984,1.);
#2984 = DIRECTION('',(0.866025403759,-2.8888E-13,-0.500000000044));
#2985 = ORIENTED_EDGE('',*,*,#2986,.F.);
#2986 = EDGE_CURVE('',#2963,#2979,#2987,.T.);
#2987 = LINE('',#2988,#2989);
#2988 = CARTESIAN_POINT('',(-19.50040196856,-136.7738375827,
    92.255289679704));
#2989 = VECTOR('',#2990,1.);
#2990 = DIRECTION('',(-0.654653670729,0.654653670707,-0.377964472975));
#2991 = PLANE('',#2992);
#2992 = AXIS2_PLACEMENT_3D('',#2993,#2994,#2995);
#2993 = CARTESIAN_POINT('',(-13.40131588978,-136.5738375827,
    88.5030405822));
#2994 = DIRECTION('',(-0.353553390624,-0.707106781187,-0.612372435677));
#2995 = DIRECTION('',(-0.866025403758,-1.994016063378E-12,0.500000000046
    ));
#2996 = ADVANCED_FACE('',(#2997),#3022,.F.);
#2997 = FACE_BOUND('',#2998,.T.);
#2998 = EDGE_LOOP('',(#2999,#3009,#3015,#3016));
#2999 = ORIENTED_EDGE('',*,*,#3000,.F.);
#3000 = EDGE_CURVE('',#3001,#3003,#3005,.T.);
#3001 = VERTEX_POINT('',#3002);
#3002 = CARTESIAN_POINT('',(-17.5004019686,-142.3741615278,
    91.100589141219));
#3003 = VERTEX_POINT('',#3004);
#3004 = CARTESIAN_POINT('',(-19.50040196854,-142.3741615278,
    92.255289679704));
#3005 = LINE('',#3006,#3007);
#3006 = CARTESIAN_POINT('',(-6.101742279703,-142.3741615278,
    84.519569900625));
#3007 = VECTOR('',#3008,1.);
#3008 = DIRECTION('',(-0.866025403758,-1.97562E-12,0.500000000046));
#3009 = ORIENTED_EDGE('',*,*,#3010,.F.);
#3010 = EDGE_CURVE('',#2961,#3001,#3011,.T.);
#3011 = LINE('',#3012,#3013);
#3012 = CARTESIAN_POINT('',(-17.50040196861,-139.3739908028,
    91.100589141219));
#3013 = VECTOR('',#3014,1.);
#3014 = DIRECTION('',(2.32309E-12,-1.,7.23E-14));
#3015 = ORIENTED_EDGE('',*,*,#2960,.T.);
#3016 = ORIENTED_EDGE('',*,*,#3017,.F.);
#3017 = EDGE_CURVE('',#3003,#2963,#3018,.T.);
#3018 = LINE('',#3019,#3020);
#3019 = CARTESIAN_POINT('',(-19.50040196855,-139.3739908028,
    92.255289679704));
#3020 = VECTOR('',#3021,1.);
#3021 = DIRECTION('',(-2.32309E-12,1.,-7.249E-14));
#3022 = PLANE('',#3023);
#3023 = AXIS2_PLACEMENT_3D('',#3024,#3025,#3026);
#3024 = CARTESIAN_POINT('',(-19.52540196856,-136.3891654483,
    92.269723436434));
#3025 = DIRECTION('',(-0.500000000046,-1.22397E-12,-0.866025403758));
#3026 = DIRECTION('',(0.866025403758,1.97533E-12,-0.500000000046));
#3027 = ADVANCED_FACE('',(#3028),#3053,.F.);
#3028 = FACE_BOUND('',#3029,.T.);
#3029 = EDGE_LOOP('',(#3030,#3038,#3046,#3052));
#3030 = ORIENTED_EDGE('',*,*,#3031,.T.);
#3031 = EDGE_CURVE('',#2963,#3032,#3034,.T.);
#3032 = VERTEX_POINT('',#3033);
#3033 = CARTESIAN_POINT('',(-19.50040196844,-136.7738375827,
    94.564690756462));
#3034 = LINE('',#3035,#3036);
#3035 = CARTESIAN_POINT('',(-19.50040196854,-136.7738375827,
    92.502773429125));
#3036 = VECTOR('',#3037,1.);
#3037 = DIRECTION('',(5.285248E-11,-4.41E-15,1.));
#3038 = ORIENTED_EDGE('',*,*,#3039,.T.);
#3039 = EDGE_CURVE('',#3032,#3040,#3042,.T.);
#3040 = VERTEX_POINT('',#3041);
#3041 = CARTESIAN_POINT('',(-19.50040196842,-142.3741615278,
    94.564690756462));
#3042 = LINE('',#3043,#3044);
#3043 = CARTESIAN_POINT('',(-19.50040196843,-139.3739908028,
    94.564690756462));
#3044 = VECTOR('',#3045,1.);
#3045 = DIRECTION('',(2.32309E-12,-1.,7.23E-14));
#3046 = ORIENTED_EDGE('',*,*,#3047,.F.);
#3047 = EDGE_CURVE('',#3003,#3040,#3048,.T.);
#3048 = LINE('',#3049,#3050);
#3049 = CARTESIAN_POINT('',(-19.50040196844,-142.3741615278,
    94.20549877762));
#3050 = VECTOR('',#3051,1.);
#3051 = DIRECTION('',(5.285248E-11,7.229E-14,1.));
#3052 = ORIENTED_EDGE('',*,*,#3017,.T.);
#3053 = PLANE('',#3054);
#3054 = AXIS2_PLACEMENT_3D('',#3055,#3056,#3057);
#3055 = CARTESIAN_POINT('',(-19.50040196843,-136.3891654483,
    94.593558269921));
#3056 = DIRECTION('',(-1.,-2.32272E-12,5.285248E-11));
#3057 = DIRECTION('',(-5.285248E-11,-7.229E-14,-1.));
#3058 = ADVANCED_FACE('',(#3059),#3077,.F.);
#3059 = FACE_BOUND('',#3060,.T.);
#3060 = EDGE_LOOP('',(#3061,#3069,#3075,#3076));
#3061 = ORIENTED_EDGE('',*,*,#3062,.F.);
#3062 = EDGE_CURVE('',#3063,#2979,#3065,.T.);
#3063 = VERTEX_POINT('',#3064);
#3064 = CARTESIAN_POINT('',(-19.90040196842,-136.3738375827,
    94.795630864159));
#3065 = LINE('',#3066,#3067);
#3066 = CARTESIAN_POINT('',(-19.90040196866,-136.3738375826,
    91.407465038642));
#3067 = VECTOR('',#3068,1.);
#3068 = DIRECTION('',(-5.284734E-11,-7.4E-16,-1.));
#3069 = ORIENTED_EDGE('',*,*,#3070,.T.);
#3070 = EDGE_CURVE('',#3063,#3032,#3071,.T.);
#3071 = LINE('',#3072,#3073);
#3072 = CARTESIAN_POINT('',(-19.90040196842,-136.3738375827,
    94.795630864159));
#3073 = VECTOR('',#3074,1.);
#3074 = DIRECTION('',(0.654653670689,-0.654653670707,-0.377964473044));
#3075 = ORIENTED_EDGE('',*,*,#3031,.F.);
#3076 = ORIENTED_EDGE('',*,*,#2986,.T.);
#3077 = PLANE('',#3078);
#3078 = AXIS2_PLACEMENT_3D('',#3079,#3080,#3081);
#3079 = CARTESIAN_POINT('',(-19.70040196854,-136.5738375827,
    92.502773429135));
#3080 = DIRECTION('',(-0.707106781185,-0.707106781188,3.736923E-11));
#3081 = DIRECTION('',(5.285298094078E-11,-4.909059218807E-15,1.));
#3082 = ADVANCED_FACE('',(#3083),#3108,.F.);
#3083 = FACE_BOUND('',#3084,.T.);
#3084 = EDGE_LOOP('',(#3085,#3093,#3094,#3102));
#3085 = ORIENTED_EDGE('',*,*,#3086,.T.);
#3086 = EDGE_CURVE('',#3087,#2961,#3089,.T.);
#3087 = VERTEX_POINT('',#3088);
#3088 = CARTESIAN_POINT('',(-15.50040196856,-136.7738375827,
    92.255289679492));
#3089 = LINE('',#3090,#3091);
#3090 = CARTESIAN_POINT('',(-12.59948867547,-136.7738375827,
    93.930132749944));
#3091 = VECTOR('',#3092,1.);
#3092 = DIRECTION('',(-0.866025403811,-1.99084E-12,-0.499999999954));
#3093 = ORIENTED_EDGE('',*,*,#3010,.T.);
#3094 = ORIENTED_EDGE('',*,*,#3095,.F.);
#3095 = EDGE_CURVE('',#3096,#3001,#3098,.T.);
#3096 = VERTEX_POINT('',#3097);
#3097 = CARTESIAN_POINT('',(-15.50040196854,-142.3741615278,
    92.255289679492));
#3098 = LINE('',#3099,#3100);
#3099 = CARTESIAN_POINT('',(-3.925311657454,-142.3741615278,
    98.938171185681));
#3100 = VECTOR('',#3101,1.);
#3101 = DIRECTION('',(-0.866025403811,-2.048E-12,-0.499999999954));
#3102 = ORIENTED_EDGE('',*,*,#3103,.F.);
#3103 = EDGE_CURVE('',#3087,#3096,#3104,.T.);
#3104 = LINE('',#3105,#3106);
#3105 = CARTESIAN_POINT('',(-15.50040196855,-139.3739908028,
    92.255289679492));
#3106 = VECTOR('',#3107,1.);
#3107 = DIRECTION('',(2.32309E-12,-1.,7.23E-14));
#3108 = PLANE('',#3109);
#3109 = AXIS2_PLACEMENT_3D('',#3110,#3111,#3112);
#3110 = CARTESIAN_POINT('',(-17.52540196862,-136.3891654483,
    91.08615538449));
#3111 = DIRECTION('',(0.499999999954,1.09876E-12,-0.866025403811));
#3112 = DIRECTION('',(0.866025403811,2.04762E-12,0.499999999954));
#3113 = ADVANCED_FACE('',(#3114),#3139,.F.);
#3114 = FACE_BOUND('',#3115,.T.);
#3115 = EDGE_LOOP('',(#3116,#3124,#3125,#3133));
#3116 = ORIENTED_EDGE('',*,*,#3117,.T.);
#3117 = EDGE_CURVE('',#3118,#3087,#3120,.T.);
#3118 = VERTEX_POINT('',#3119);
#3119 = CARTESIAN_POINT('',(-15.50040196843,-136.7738375827,
    94.56469075625));
#3120 = LINE('',#3121,#3122);
#3121 = CARTESIAN_POINT('',(-15.50040196861,-136.7738375827,
    91.319205377074));
#3122 = VECTOR('',#3123,1.);
#3123 = DIRECTION('',(-5.285248E-11,4.41E-15,-1.));
#3124 = ORIENTED_EDGE('',*,*,#3103,.T.);
#3125 = ORIENTED_EDGE('',*,*,#3126,.F.);
#3126 = EDGE_CURVE('',#3127,#3096,#3129,.T.);
#3127 = VERTEX_POINT('',#3128);
#3128 = CARTESIAN_POINT('',(-15.50040196842,-142.3741615278,
    94.564690756251));
#3129 = LINE('',#3130,#3131);
#3130 = CARTESIAN_POINT('',(-15.5004019685,-142.3741615278,
    93.02193072557));
#3131 = VECTOR('',#3132,1.);
#3132 = DIRECTION('',(-5.285248E-11,-7.229E-14,-1.));
#3133 = ORIENTED_EDGE('',*,*,#3134,.F.);
#3134 = EDGE_CURVE('',#3118,#3127,#3135,.T.);
#3135 = LINE('',#3136,#3137);
#3136 = CARTESIAN_POINT('',(-15.50040196843,-139.3739908028,
    94.56469075625));
#3137 = VECTOR('',#3138,1.);
#3138 = DIRECTION('',(2.32309E-12,-1.,7.23E-14));
#3139 = PLANE('',#3140);
#3140 = AXIS2_PLACEMENT_3D('',#3141,#3142,#3143);
#3141 = CARTESIAN_POINT('',(-15.50040196856,-136.3891654483,
    92.226422166032));
#3142 = DIRECTION('',(1.,2.32272E-12,-5.285248E-11));
#3143 = DIRECTION('',(5.285248E-11,7.229E-14,1.));
#3144 = ADVANCED_FACE('',(#3145),#3170,.F.);
#3145 = FACE_BOUND('',#3146,.T.);
#3146 = EDGE_LOOP('',(#3147,#3155,#3156,#3164));
#3147 = ORIENTED_EDGE('',*,*,#3148,.T.);
#3148 = EDGE_CURVE('',#3149,#3118,#3151,.T.);
#3149 = VERTEX_POINT('',#3150);
#3150 = CARTESIAN_POINT('',(-17.50040196837,-136.7738375827,
    95.719391294735));
#3151 = LINE('',#3152,#3153);
#3152 = CARTESIAN_POINT('',(-10.27631588962,-136.7738375827,
    91.548563252011));
#3153 = VECTOR('',#3154,1.);
#3154 = DIRECTION('',(0.866025403758,1.99525E-12,-0.500000000046));
#3155 = ORIENTED_EDGE('',*,*,#3134,.T.);
#3156 = ORIENTED_EDGE('',*,*,#3157,.F.);
#3157 = EDGE_CURVE('',#3158,#3127,#3160,.T.);
#3158 = VERTEX_POINT('',#3159);
#3159 = CARTESIAN_POINT('',(-17.50040196836,-142.3741615278,
    95.719391294736));
#3160 = LINE('',#3161,#3162);
#3161 = CARTESIAN_POINT('',(-3.076742279551,-142.3741615278,
    87.391887489683));
#3162 = VECTOR('',#3163,1.);
#3163 = DIRECTION('',(0.866025403758,1.97571E-12,-0.500000000046));
#3164 = ORIENTED_EDGE('',*,*,#3165,.F.);
#3165 = EDGE_CURVE('',#3149,#3158,#3166,.T.);
#3166 = LINE('',#3167,#3168);
#3167 = CARTESIAN_POINT('',(-17.50040196837,-139.3739908028,
    95.719391294736));
#3168 = VECTOR('',#3169,1.);
#3169 = DIRECTION('',(2.32309E-12,-1.,7.23E-14));
#3170 = PLANE('',#3171);
#3171 = AXIS2_PLACEMENT_3D('',#3172,#3173,#3174);
#3172 = CARTESIAN_POINT('',(-15.47540196844,-136.3891654483,
    94.550256999519));
#3173 = DIRECTION('',(0.500000000046,1.22397E-12,0.866025403758));
#3174 = DIRECTION('',(-0.866025403758,-1.97533E-12,0.500000000046));
#3175 = ADVANCED_FACE('',(#3176),#3192,.F.);
#3176 = FACE_BOUND('',#3177,.T.);
#3177 = EDGE_LOOP('',(#3178,#3184,#3185,#3191));
#3178 = ORIENTED_EDGE('',*,*,#3179,.T.);
#3179 = EDGE_CURVE('',#3032,#3149,#3180,.T.);
#3180 = LINE('',#3181,#3182);
#3181 = CARTESIAN_POINT('',(-13.57448867526,-136.7738375827,
    97.986018391053));
#3182 = VECTOR('',#3183,1.);
#3183 = DIRECTION('',(0.866025403811,1.99084E-12,0.499999999954));
#3184 = ORIENTED_EDGE('',*,*,#3165,.T.);
#3185 = ORIENTED_EDGE('',*,*,#3186,.F.);
#3186 = EDGE_CURVE('',#3040,#3158,#3187,.T.);
#3187 = LINE('',#3188,#3189);
#3188 = CARTESIAN_POINT('',(-4.900311657239,-142.3741615278,
    102.99405682679));
#3189 = VECTOR('',#3190,1.);
#3190 = DIRECTION('',(0.866025403811,2.048E-12,0.499999999954));
#3191 = ORIENTED_EDGE('',*,*,#3039,.F.);
#3192 = PLANE('',#3193);
#3193 = AXIS2_PLACEMENT_3D('',#3194,#3195,#3196);
#3194 = CARTESIAN_POINT('',(-17.47540196837,-136.3891654483,
    95.733825051464));
#3195 = DIRECTION('',(-0.499999999954,-1.09876E-12,0.866025403811));
#3196 = DIRECTION('',(-0.866025403811,-2.04762E-12,-0.499999999954));
#3197 = ADVANCED_FACE('',(#3198),#3223,.F.);
#3198 = FACE_BOUND('',#3199,.T.);
#3199 = EDGE_LOOP('',(#3200,#3201,#3209,#3217));
#3200 = ORIENTED_EDGE('',*,*,#3117,.F.);
#3201 = ORIENTED_EDGE('',*,*,#3202,.F.);
#3202 = EDGE_CURVE('',#3203,#3118,#3205,.T.);
#3203 = VERTEX_POINT('',#3204);
#3204 = CARTESIAN_POINT('',(-15.10040196842,-136.3738375827,
    94.795630863905));
#3205 = LINE('',#3206,#3207);
#3206 = CARTESIAN_POINT('',(-15.10040196842,-136.3738375827,
    94.795630863905));
#3207 = VECTOR('',#3208,1.);
#3208 = DIRECTION('',(-0.654653670726,-0.654653670709,-0.377964472975));
#3209 = ORIENTED_EDGE('',*,*,#3210,.F.);
#3210 = EDGE_CURVE('',#3211,#3203,#3213,.T.);
#3211 = VERTEX_POINT('',#3212);
#3212 = CARTESIAN_POINT('',(-15.10040196857,-136.3738375827,
    92.024349571795));
#3213 = LINE('',#3214,#3215);
#3214 = CARTESIAN_POINT('',(-15.10040196859,-136.3738375826,
    90.815681012469));
#3215 = VECTOR('',#3216,1.);
#3216 = DIRECTION('',(5.285762E-11,7.4E-16,1.));
#3217 = ORIENTED_EDGE('',*,*,#3218,.T.);
#3218 = EDGE_CURVE('',#3211,#3087,#3219,.T.);
#3219 = LINE('',#3220,#3221);
#3220 = CARTESIAN_POINT('',(-15.10040196857,-136.3738375827,
    92.024349571795));
#3221 = VECTOR('',#3222,1.);
#3222 = DIRECTION('',(-0.654653670687,-0.654653670709,0.377964473044));
#3223 = PLANE('',#3224);
#3224 = AXIS2_PLACEMENT_3D('',#3225,#3226,#3227);
#3225 = CARTESIAN_POINT('',(-15.30040196861,-136.5738375827,
    91.319205377064));
#3226 = DIRECTION('',(0.707106781188,-0.707106781185,-3.737546E-11));
#3227 = DIRECTION('',(-5.285197621591E-11,4.906215905796E-15,-1.));
#3228 = ADVANCED_FACE('',(#3229),#3240,.F.);
#3229 = FACE_BOUND('',#3230,.T.);
#3230 = EDGE_LOOP('',(#3231,#3232,#3233,#3239));
#3231 = ORIENTED_EDGE('',*,*,#3086,.F.);
#3232 = ORIENTED_EDGE('',*,*,#3218,.F.);
#3233 = ORIENTED_EDGE('',*,*,#3234,.F.);
#3234 = EDGE_CURVE('',#2971,#3211,#3235,.T.);
#3235 = LINE('',#3236,#3237);
#3236 = CARTESIAN_POINT('',(-9.958155812266,-136.3738375826,
    94.993226773984));
#3237 = VECTOR('',#3238,1.);
#3238 = DIRECTION('',(0.86602540381,-2.8814E-13,0.499999999956));
#3239 = ORIENTED_EDGE('',*,*,#2970,.T.);
#3240 = PLANE('',#3241);
#3241 = AXIS2_PLACEMENT_3D('',#3242,#3243,#3244);
#3242 = CARTESIAN_POINT('',(-12.49948867548,-136.5738375827,
    93.756927669182));
#3243 = DIRECTION('',(0.353553390563,-0.707106781186,-0.612372435714));
#3244 = DIRECTION('',(-0.866025403811,-1.989242104372E-12,
    -0.499999999954));
#3245 = ADVANCED_FACE('',(#3246),#3264,.F.);
#3246 = FACE_BOUND('',#3247,.T.);
#3247 = EDGE_LOOP('',(#3248,#3256,#3262,#3263));
#3248 = ORIENTED_EDGE('',*,*,#3249,.F.);
#3249 = EDGE_CURVE('',#3250,#3063,#3252,.T.);
#3250 = VERTEX_POINT('',#3251);
#3251 = CARTESIAN_POINT('',(-17.50040196835,-136.3738375827,
    96.181271510087));
#3252 = LINE('',#3253,#3254);
#3253 = CARTESIAN_POINT('',(-11.84565581204,-136.3738375826,
    99.446040725272));
#3254 = VECTOR('',#3255,1.);
#3255 = DIRECTION('',(-0.866025403812,2.8814E-13,-0.499999999952));
#3256 = ORIENTED_EDGE('',*,*,#3257,.T.);
#3257 = EDGE_CURVE('',#3250,#3149,#3258,.T.);
#3258 = LINE('',#3259,#3260);
#3259 = CARTESIAN_POINT('',(-17.50040196835,-136.3738375827,
    96.181271510087));
#3260 = VECTOR('',#3261,1.);
#3261 = DIRECTION('',(-3.863757E-11,-0.654653670708,-0.755928946018));
#3262 = ORIENTED_EDGE('',*,*,#3179,.F.);
#3263 = ORIENTED_EDGE('',*,*,#3070,.F.);
#3264 = PLANE('',#3265);
#3265 = AXIS2_PLACEMENT_3D('',#3266,#3267,#3268);
#3266 = CARTESIAN_POINT('',(-13.67448867525,-136.5738375827,
    98.159223471815));
#3267 = DIRECTION('',(-0.353553390559,-0.707106781187,0.612372435714));
#3268 = DIRECTION('',(0.866025403811,1.989047815343E-12,0.499999999954)
  );
#3269 = ADVANCED_FACE('',(#3270),#3281,.F.);
#3270 = FACE_BOUND('',#3271,.T.);
#3271 = EDGE_LOOP('',(#3272,#3278,#3279,#3280));
#3272 = ORIENTED_EDGE('',*,*,#3273,.F.);
#3273 = EDGE_CURVE('',#3203,#3250,#3274,.T.);
#3274 = LINE('',#3275,#3276);
#3275 = CARTESIAN_POINT('',(-7.455168135376,-136.3738375826,
    90.381653051861));
#3276 = VECTOR('',#3277,1.);
#3277 = DIRECTION('',(-0.866025403757,2.8888E-13,0.500000000048));
#3278 = ORIENTED_EDGE('',*,*,#3202,.T.);
#3279 = ORIENTED_EDGE('',*,*,#3148,.F.);
#3280 = ORIENTED_EDGE('',*,*,#3257,.F.);
#3281 = PLANE('',#3282);
#3282 = AXIS2_PLACEMENT_3D('',#3283,#3284,#3285);
#3283 = CARTESIAN_POINT('',(-10.17631588961,-136.5738375827,
    91.721768332762));
#3284 = DIRECTION('',(0.353553390627,-0.707106781186,0.612372435677));
#3285 = DIRECTION('',(0.866025403758,1.9938772855E-12,-0.500000000046));
#3286 = ADVANCED_FACE('',(#3287,#3295),#3306,.F.);
#3287 = FACE_BOUND('',#3288,.T.);
#3288 = EDGE_LOOP('',(#3289,#3290,#3291,#3292,#3293,#3294));
#3289 = ORIENTED_EDGE('',*,*,#3000,.T.);
#3290 = ORIENTED_EDGE('',*,*,#3047,.T.);
#3291 = ORIENTED_EDGE('',*,*,#3186,.T.);
#3292 = ORIENTED_EDGE('',*,*,#3157,.T.);
#3293 = ORIENTED_EDGE('',*,*,#3126,.T.);
#3294 = ORIENTED_EDGE('',*,*,#3095,.T.);
#3295 = FACE_BOUND('',#3296,.T.);
#3296 = EDGE_LOOP('',(#3297));
#3297 = ORIENTED_EDGE('',*,*,#3298,.T.);
#3298 = EDGE_CURVE('',#3299,#3299,#3301,.T.);
#3299 = VERTEX_POINT('',#3300);
#3300 = CARTESIAN_POINT('',(-15.95040196848,-142.3741615278,
    93.409990217895));
#3301 = CIRCLE('',#3302,1.55);
#3302 = AXIS2_PLACEMENT_3D('',#3303,#3304,#3305);
#3303 = CARTESIAN_POINT('',(-17.50040196848,-142.3741615278,
    93.409990217977));
#3304 = DIRECTION('',(2.3231E-12,-1.,7.248E-14));
#3305 = DIRECTION('',(-1.,-2.323099999996E-12,5.285479E-11));
#3306 = PLANE('',#3307);
#3307 = AXIS2_PLACEMENT_3D('',#3308,#3309,#3310);
#3308 = CARTESIAN_POINT('',(-4.019652361174E-04,-142.3741615278,
    93.409534680466));
#3309 = DIRECTION('',(-2.376E-14,-1.,7.229E-14));
#3310 = DIRECTION('',(-1.6652E-13,-7.229E-14,-1.));
#3311 = ADVANCED_FACE('',(#3312),#3346,.F.);
#3312 = FACE_BOUND('',#3313,.T.);
#3313 = EDGE_LOOP('',(#3314,#3324,#3332,#3340));
#3314 = ORIENTED_EDGE('',*,*,#3315,.F.);
#3315 = EDGE_CURVE('',#3316,#3318,#3320,.T.);
#3316 = VERTEX_POINT('',#3317);
#3317 = CARTESIAN_POINT('',(5.409477391758,-101.8928345532,
    87.912157605491));
#3318 = VERTEX_POINT('',#3319);
#3319 = CARTESIAN_POINT('',(4.337058225193,-98.69406760642,
    87.912157605492));
#3320 = LINE('',#3321,#3322);
#3321 = CARTESIAN_POINT('',(4.324066515924,-98.65531648047,
    87.912157605492));
#3322 = VECTOR('',#3323,1.);
#3323 = DIRECTION('',(-0.317871504468,0.94813380208,5.59E-15));
#3324 = ORIENTED_EDGE('',*,*,#3325,.F.);
#3325 = EDGE_CURVE('',#3326,#3316,#3328,.T.);
#3326 = VERTEX_POINT('',#3327);
#3327 = CARTESIAN_POINT('',(5.409477391758,-101.8928345532,
    87.369773225365));
#3328 = LINE('',#3329,#3330);
#3329 = CARTESIAN_POINT('',(5.409477391758,-101.8928345532,
    87.369773225365));
#3330 = VECTOR('',#3331,1.);
#3331 = DIRECTION('',(-6.1E-16,-1.122E-14,1.));
#3332 = ORIENTED_EDGE('',*,*,#3333,.T.);
#3333 = EDGE_CURVE('',#3326,#3334,#3336,.T.);
#3334 = VERTEX_POINT('',#3335);
#3335 = CARTESIAN_POINT('',(4.337058225193,-98.69406760642,
    87.369773225365));
#3336 = LINE('',#3337,#3338);
#3337 = CARTESIAN_POINT('',(5.409477391758,-101.8928345532,
    87.369773225365));
#3338 = VECTOR('',#3339,1.);
#3339 = DIRECTION('',(-0.317871504468,0.94813380208,1.266E-14));
#3340 = ORIENTED_EDGE('',*,*,#3341,.T.);
#3341 = EDGE_CURVE('',#3334,#3318,#3342,.T.);
#3342 = LINE('',#3343,#3344);
#3343 = CARTESIAN_POINT('',(4.337058225193,-98.69406760642,
    87.369773225365));
#3344 = VECTOR('',#3345,1.);
#3345 = DIRECTION('',(-6.1E-16,-1.122E-14,1.));
#3346 = PLANE('',#3347);
#3347 = AXIS2_PLACEMENT_3D('',#3348,#3349,#3350);
#3348 = CARTESIAN_POINT('',(4.337058225193,-98.69406760642,
    87.369773225365));
#3349 = DIRECTION('',(-0.94813380208,-0.317871504468,-4.14E-15));
#3350 = DIRECTION('',(0.317871504468,-0.94813380208,-1.266E-14));
#3351 = ADVANCED_FACE('',(#3352),#3377,.F.);
#3352 = FACE_BOUND('',#3353,.T.);
#3353 = EDGE_LOOP('',(#3354,#3362,#3363,#3371));
#3354 = ORIENTED_EDGE('',*,*,#3355,.F.);
#3355 = EDGE_CURVE('',#3318,#3356,#3358,.T.);
#3356 = VERTEX_POINT('',#3357);
#3357 = CARTESIAN_POINT('',(4.31240479044,-98.69406760642,
    87.912157605492));
#3358 = LINE('',#3359,#3360);
#3359 = CARTESIAN_POINT('',(2.408338480963,-98.69406760642,
    87.912157605492));
#3360 = VECTOR('',#3361,1.);
#3361 = DIRECTION('',(-1.,1.5968E-13,-5.E-16));
#3362 = ORIENTED_EDGE('',*,*,#3341,.F.);
#3363 = ORIENTED_EDGE('',*,*,#3364,.T.);
#3364 = EDGE_CURVE('',#3334,#3365,#3367,.T.);
#3365 = VERTEX_POINT('',#3366);
#3366 = CARTESIAN_POINT('',(4.31240479044,-98.69406760642,
    87.369773225365));
#3367 = LINE('',#3368,#3369);
#3368 = CARTESIAN_POINT('',(4.337058225193,-98.69406760642,
    87.369773225365));
#3369 = VECTOR('',#3370,1.);
#3370 = DIRECTION('',(-1.,1.5968E-13,-6.7E-16));
#3371 = ORIENTED_EDGE('',*,*,#3372,.T.);
#3372 = EDGE_CURVE('',#3365,#3356,#3373,.T.);
#3373 = LINE('',#3374,#3375);
#3374 = CARTESIAN_POINT('',(4.31240479044,-98.69406760642,
    87.369773225365));
#3375 = VECTOR('',#3376,1.);
#3376 = DIRECTION('',(-6.1E-16,-1.122E-14,1.));
#3377 = PLANE('',#3378);
#3378 = AXIS2_PLACEMENT_3D('',#3379,#3380,#3381);
#3379 = CARTESIAN_POINT('',(4.31240479044,-98.69406760642,
    87.369773225365));
#3380 = DIRECTION('',(-1.5968E-13,-1.,-1.122E-14));
#3381 = DIRECTION('',(1.,-1.5968E-13,6.7E-16));
#3382 = ADVANCED_FACE('',(#3383),#3408,.F.);
#3383 = FACE_BOUND('',#3384,.T.);
#3384 = EDGE_LOOP('',(#3385,#3393,#3394,#3402));
#3385 = ORIENTED_EDGE('',*,*,#3386,.F.);
#3386 = EDGE_CURVE('',#3356,#3387,#3389,.T.);
#3387 = VERTEX_POINT('',#3388);
#3388 = CARTESIAN_POINT('',(3.239986100712,-101.8928345532,
    87.912157605491));
#3389 = LINE('',#3390,#3391);
#3390 = CARTESIAN_POINT('',(3.403159399732,-101.4061278588,
    87.912157605492));
#3391 = VECTOR('',#3392,1.);
#3392 = DIRECTION('',(-0.317871377412,-0.948133844677,-5.91E-15));
#3393 = ORIENTED_EDGE('',*,*,#3372,.F.);
#3394 = ORIENTED_EDGE('',*,*,#3395,.T.);
#3395 = EDGE_CURVE('',#3365,#3396,#3398,.T.);
#3396 = VERTEX_POINT('',#3397);
#3397 = CARTESIAN_POINT('',(3.239986100712,-101.8928345532,
    87.369773225365));
#3398 = LINE('',#3399,#3400);
#3399 = CARTESIAN_POINT('',(4.31240479044,-98.69406760642,
    87.369773225365));
#3400 = VECTOR('',#3401,1.);
#3401 = DIRECTION('',(-0.317871377412,-0.948133844677,-1.309E-14));
#3402 = ORIENTED_EDGE('',*,*,#3403,.T.);
#3403 = EDGE_CURVE('',#3396,#3387,#3404,.T.);
#3404 = LINE('',#3405,#3406);
#3405 = CARTESIAN_POINT('',(3.239986100712,-101.8928345532,
    87.369773225365));
#3406 = VECTOR('',#3407,1.);
#3407 = DIRECTION('',(-6.1E-16,-1.122E-14,1.));
#3408 = PLANE('',#3409);
#3409 = AXIS2_PLACEMENT_3D('',#3410,#3411,#3412);
#3410 = CARTESIAN_POINT('',(3.239986100712,-101.8928345532,
    87.369773225365));
#3411 = DIRECTION('',(0.948133844677,-0.317871377412,-2.99E-15));
#3412 = DIRECTION('',(0.317871377412,0.948133844677,1.309E-14));
#3413 = ADVANCED_FACE('',(#3414),#3439,.F.);
#3414 = FACE_BOUND('',#3415,.T.);
#3415 = EDGE_LOOP('',(#3416,#3424,#3425,#3433));
#3416 = ORIENTED_EDGE('',*,*,#3417,.F.);
#3417 = EDGE_CURVE('',#3387,#3418,#3420,.T.);
#3418 = VERTEX_POINT('',#3419);
#3419 = CARTESIAN_POINT('',(2.290833631077,-101.8928345532,
    87.912157605491));
#3420 = LINE('',#3421,#3422);
#3421 = CARTESIAN_POINT('',(1.397552901281,-101.8928345532,
    87.912157605491));
#3422 = VECTOR('',#3423,1.);
#3423 = DIRECTION('',(-1.,1.5968E-13,-5.E-16));
#3424 = ORIENTED_EDGE('',*,*,#3403,.F.);
#3425 = ORIENTED_EDGE('',*,*,#3426,.T.);
#3426 = EDGE_CURVE('',#3396,#3427,#3429,.T.);
#3427 = VERTEX_POINT('',#3428);
#3428 = CARTESIAN_POINT('',(2.290833631077,-101.8928345532,
    87.369773225365));
#3429 = LINE('',#3430,#3431);
#3430 = CARTESIAN_POINT('',(3.239986100712,-101.8928345532,
    87.369773225365));
#3431 = VECTOR('',#3432,1.);
#3432 = DIRECTION('',(-1.,1.5968E-13,-6.7E-16));
#3433 = ORIENTED_EDGE('',*,*,#3434,.T.);
#3434 = EDGE_CURVE('',#3427,#3418,#3435,.T.);
#3435 = LINE('',#3436,#3437);
#3436 = CARTESIAN_POINT('',(2.290833631077,-101.8928345532,
    87.369773225365));
#3437 = VECTOR('',#3438,1.);
#3438 = DIRECTION('',(-6.1E-16,-1.122E-14,1.));
#3439 = PLANE('',#3440);
#3440 = AXIS2_PLACEMENT_3D('',#3441,#3442,#3443);
#3441 = CARTESIAN_POINT('',(2.290833631077,-101.8928345532,
    87.369773225365));
#3442 = DIRECTION('',(-1.5968E-13,-1.,-1.122E-14));
#3443 = DIRECTION('',(1.,-1.5968E-13,6.7E-16));
#3444 = ADVANCED_FACE('',(#3445),#3481,.F.);
#3445 = FACE_BOUND('',#3446,.T.);
#3446 = EDGE_LOOP('',(#3447,#3455,#3456,#3457,#3458,#3459,#3467,#3475));
#3447 = ORIENTED_EDGE('',*,*,#3448,.F.);
#3448 = EDGE_CURVE('',#3427,#3449,#3451,.T.);
#3449 = VERTEX_POINT('',#3450);
#3450 = CARTESIAN_POINT('',(3.770032086888,-97.89283479163,
    87.369773225365));
#3451 = LINE('',#3452,#3453);
#3452 = CARTESIAN_POINT('',(2.290833631077,-101.8928345532,
    87.369773225365));
#3453 = VECTOR('',#3454,1.);
#3454 = DIRECTION('',(0.346843579537,0.937922987955,1.237E-14));
#3455 = ORIENTED_EDGE('',*,*,#3426,.F.);
#3456 = ORIENTED_EDGE('',*,*,#3395,.F.);
#3457 = ORIENTED_EDGE('',*,*,#3364,.F.);
#3458 = ORIENTED_EDGE('',*,*,#3333,.F.);
#3459 = ORIENTED_EDGE('',*,*,#3460,.F.);
#3460 = EDGE_CURVE('',#3461,#3326,#3463,.T.);
#3461 = VERTEX_POINT('',#3462);
#3462 = CARTESIAN_POINT('',(6.383283296146,-101.8928345532,
    87.369773225365));
#3463 = LINE('',#3464,#3465);
#3464 = CARTESIAN_POINT('',(6.383283296146,-101.8928345532,
    87.369773225365));
#3465 = VECTOR('',#3466,1.);
#3466 = DIRECTION('',(-1.,1.5968E-13,-6.7E-16));
#3467 = ORIENTED_EDGE('',*,*,#3468,.F.);
#3468 = EDGE_CURVE('',#3469,#3461,#3471,.T.);
#3469 = VERTEX_POINT('',#3470);
#3470 = CARTESIAN_POINT('',(4.947227635899,-97.89283479163,
    87.369773225365));
#3471 = LINE('',#3472,#3473);
#3472 = CARTESIAN_POINT('',(4.947227635899,-97.89283479163,
    87.369773225365));
#3473 = VECTOR('',#3474,1.);
#3474 = DIRECTION('',(0.337897750905,-0.941182824925,-1.214E-14));
#3475 = ORIENTED_EDGE('',*,*,#3476,.F.);
#3476 = EDGE_CURVE('',#3449,#3469,#3477,.T.);
#3477 = LINE('',#3478,#3479);
#3478 = CARTESIAN_POINT('',(3.770032086888,-97.89283479163,
    87.369773225365));
#3479 = VECTOR('',#3480,1.);
#3480 = DIRECTION('',(1.,-1.5968E-13,6.7E-16));
#3481 = PLANE('',#3482);
#3482 = AXIS2_PLACEMENT_3D('',#3483,#3484,#3485);
#3483 = CARTESIAN_POINT('',(0.503468432941,-99.89283467242,
    87.369773225365));
#3484 = DIRECTION('',(7.E-16,1.117E-14,-1.));
#3485 = DIRECTION('',(-1.,1.5968E-13,-6.999999999982E-16));
#3486 = ADVANCED_FACE('',(#3487),#3505,.F.);
#3487 = FACE_BOUND('',#3488,.T.);
#3488 = EDGE_LOOP('',(#3489,#3497,#3498,#3499));
#3489 = ORIENTED_EDGE('',*,*,#3490,.F.);
#3490 = EDGE_CURVE('',#3418,#3491,#3493,.T.);
#3491 = VERTEX_POINT('',#3492);
#3492 = CARTESIAN_POINT('',(3.770032086888,-97.89283479163,
    87.912157605492));
#3493 = LINE('',#3494,#3495);
#3494 = CARTESIAN_POINT('',(3.24828331562,-99.30373064031,
    87.912157605492));
#3495 = VECTOR('',#3496,1.);
#3496 = DIRECTION('',(0.346843579537,0.937922987955,5.86E-15));
#3497 = ORIENTED_EDGE('',*,*,#3434,.F.);
#3498 = ORIENTED_EDGE('',*,*,#3448,.T.);
#3499 = ORIENTED_EDGE('',*,*,#3500,.T.);
#3500 = EDGE_CURVE('',#3449,#3491,#3501,.T.);
#3501 = LINE('',#3502,#3503);
#3502 = CARTESIAN_POINT('',(3.770032086888,-97.89283479163,
    87.369773225365));
#3503 = VECTOR('',#3504,1.);
#3504 = DIRECTION('',(-6.1E-16,-1.103E-14,1.));
#3505 = PLANE('',#3506);
#3506 = AXIS2_PLACEMENT_3D('',#3507,#3508,#3509);
#3507 = CARTESIAN_POINT('',(3.770032086888,-97.89283479163,
    87.369773225365));
#3508 = DIRECTION('',(-0.937922987955,0.346843579537,3.32E-15));
#3509 = DIRECTION('',(-0.346843579537,-0.937922987955,-1.255E-14));
#3510 = ADVANCED_FACE('',(#3511),#3529,.F.);
#3511 = FACE_BOUND('',#3512,.T.);
#3512 = EDGE_LOOP('',(#3513,#3521,#3522,#3523));
#3513 = ORIENTED_EDGE('',*,*,#3514,.F.);
#3514 = EDGE_CURVE('',#3491,#3515,#3517,.T.);
#3515 = VERTEX_POINT('',#3516);
#3516 = CARTESIAN_POINT('',(4.947227635899,-97.89283479163,
    87.912157605492));
#3517 = LINE('',#3518,#3519);
#3518 = CARTESIAN_POINT('',(2.725749903693,-97.89283479163,
    87.912157605492));
#3519 = VECTOR('',#3520,1.);
#3520 = DIRECTION('',(1.,-1.5968E-13,5.E-16));
#3521 = ORIENTED_EDGE('',*,*,#3500,.F.);
#3522 = ORIENTED_EDGE('',*,*,#3476,.T.);
#3523 = ORIENTED_EDGE('',*,*,#3524,.T.);
#3524 = EDGE_CURVE('',#3469,#3515,#3525,.T.);
#3525 = LINE('',#3526,#3527);
#3526 = CARTESIAN_POINT('',(4.947227635899,-97.89283479163,
    87.369773225365));
#3527 = VECTOR('',#3528,1.);
#3528 = DIRECTION('',(-6.1E-16,-1.122E-14,1.));
#3529 = PLANE('',#3530);
#3530 = AXIS2_PLACEMENT_3D('',#3531,#3532,#3533);
#3531 = CARTESIAN_POINT('',(4.947227635899,-97.89283479163,
    87.369773225365));
#3532 = DIRECTION('',(1.5968E-13,1.,1.122E-14));
#3533 = DIRECTION('',(-1.,1.5968E-13,-6.7E-16));
#3534 = ADVANCED_FACE('',(#3535),#3553,.F.);
#3535 = FACE_BOUND('',#3536,.T.);
#3536 = EDGE_LOOP('',(#3537,#3545,#3546,#3547));
#3537 = ORIENTED_EDGE('',*,*,#3538,.F.);
#3538 = EDGE_CURVE('',#3515,#3539,#3541,.T.);
#3539 = VERTEX_POINT('',#3540);
#3540 = CARTESIAN_POINT('',(6.383283296146,-101.8928345532,
    87.912157605491));
#3541 = LINE('',#3542,#3543);
#3542 = CARTESIAN_POINT('',(5.729642030938,-100.0721774732,
    87.912157605492));
#3543 = VECTOR('',#3544,1.);
#3544 = DIRECTION('',(0.337897750905,-0.941182824925,-5.54E-15));
#3545 = ORIENTED_EDGE('',*,*,#3524,.F.);
#3546 = ORIENTED_EDGE('',*,*,#3468,.T.);
#3547 = ORIENTED_EDGE('',*,*,#3548,.T.);
#3548 = EDGE_CURVE('',#3461,#3539,#3549,.T.);
#3549 = LINE('',#3550,#3551);
#3550 = CARTESIAN_POINT('',(6.383283296146,-101.8928345532,
    87.369773225365));
#3551 = VECTOR('',#3552,1.);
#3552 = DIRECTION('',(-6.1E-16,-1.122E-14,1.));
#3553 = PLANE('',#3554);
#3554 = AXIS2_PLACEMENT_3D('',#3555,#3556,#3557);
#3555 = CARTESIAN_POINT('',(6.383283296146,-101.8928345532,
    87.369773225365));
#3556 = DIRECTION('',(0.941182824925,0.337897750905,4.36E-15));
#3557 = DIRECTION('',(-0.337897750905,0.941182824925,1.214E-14));
#3558 = ADVANCED_FACE('',(#3559),#3570,.F.);
#3559 = FACE_BOUND('',#3560,.T.);
#3560 = EDGE_LOOP('',(#3561,#3567,#3568,#3569));
#3561 = ORIENTED_EDGE('',*,*,#3562,.F.);
#3562 = EDGE_CURVE('',#3539,#3316,#3563,.T.);
#3563 = LINE('',#3564,#3565);
#3564 = CARTESIAN_POINT('',(2.956874781622,-101.8928345532,
    87.912157605491));
#3565 = VECTOR('',#3566,1.);
#3566 = DIRECTION('',(-1.,1.5968E-13,-5.E-16));
#3567 = ORIENTED_EDGE('',*,*,#3548,.F.);
#3568 = ORIENTED_EDGE('',*,*,#3460,.T.);
#3569 = ORIENTED_EDGE('',*,*,#3325,.T.);
#3570 = PLANE('',#3571);
#3571 = AXIS2_PLACEMENT_3D('',#3572,#3573,#3574);
#3572 = CARTESIAN_POINT('',(5.409477391758,-101.8928345532,
    87.369773225365));
#3573 = DIRECTION('',(-1.5968E-13,-1.,-1.122E-14));
#3574 = DIRECTION('',(1.,-1.5968E-13,6.7E-16));
#3575 = ADVANCED_FACE('',(#3576),#3610,.F.);
#3576 = FACE_BOUND('',#3577,.T.);
#3577 = EDGE_LOOP('',(#3578,#3588,#3596,#3604));
#3578 = ORIENTED_EDGE('',*,*,#3579,.F.);
#3579 = EDGE_CURVE('',#3580,#3582,#3584,.T.);
#3580 = VERTEX_POINT('',#3581);
#3581 = CARTESIAN_POINT('',(-0.223804316006,-97.89283479163,
    87.912157605492));
#3582 = VERTEX_POINT('',#3583);
#3583 = CARTESIAN_POINT('',(0.676040807285,-97.89283479163,
    87.912157605492));
#3584 = LINE('',#3585,#3586);
#3585 = CARTESIAN_POINT('',(0.590156489386,-97.89283479163,
    87.912157605492));
#3586 = VECTOR('',#3587,1.);
#3587 = DIRECTION('',(1.,-1.5968E-13,5.E-16));
#3588 = ORIENTED_EDGE('',*,*,#3589,.F.);
#3589 = EDGE_CURVE('',#3590,#3580,#3592,.T.);
#3590 = VERTEX_POINT('',#3591);
#3591 = CARTESIAN_POINT('',(-0.223804316006,-97.89283479163,
    87.369773225365));
#3592 = LINE('',#3593,#3594);
#3593 = CARTESIAN_POINT('',(-0.223804316006,-97.89283479163,
    87.369773225365));
#3594 = VECTOR('',#3595,1.);
#3595 = DIRECTION('',(2.E-16,-1.081E-14,1.));
#3596 = ORIENTED_EDGE('',*,*,#3597,.T.);
#3597 = EDGE_CURVE('',#3590,#3598,#3600,.T.);
#3598 = VERTEX_POINT('',#3599);
#3599 = CARTESIAN_POINT('',(0.676040807285,-97.89283479163,
    87.369773225365));
#3600 = LINE('',#3601,#3602);
#3601 = CARTESIAN_POINT('',(-0.223804316006,-97.89283479163,
    87.369773225365));
#3602 = VECTOR('',#3603,1.);
#3603 = DIRECTION('',(1.,-1.5968E-13,6.4E-16));
#3604 = ORIENTED_EDGE('',*,*,#3605,.T.);
#3605 = EDGE_CURVE('',#3598,#3582,#3606,.T.);
#3606 = LINE('',#3607,#3608);
#3607 = CARTESIAN_POINT('',(0.676040807285,-97.89283479163,
    87.369773225365));
#3608 = VECTOR('',#3609,1.);
#3609 = DIRECTION('',(2.E-16,-1.081E-14,1.));
#3610 = PLANE('',#3611);
#3611 = AXIS2_PLACEMENT_3D('',#3612,#3613,#3614);
#3612 = CARTESIAN_POINT('',(0.676040807285,-97.89283479163,
    87.369773225365));
#3613 = DIRECTION('',(1.5968E-13,1.,1.081E-14));
#3614 = DIRECTION('',(-1.,1.5968E-13,-6.4E-16));
#3615 = ADVANCED_FACE('',(#3616),#3641,.F.);
#3616 = FACE_BOUND('',#3617,.T.);
#3617 = EDGE_LOOP('',(#3618,#3626,#3627,#3635));
#3618 = ORIENTED_EDGE('',*,*,#3619,.F.);
#3619 = EDGE_CURVE('',#3582,#3620,#3622,.T.);
#3620 = VERTEX_POINT('',#3621);
#3621 = CARTESIAN_POINT('',(0.676040807285,-100.9498454422,
    87.912157605492));
#3622 = LINE('',#3623,#3624);
#3623 = CARTESIAN_POINT('',(0.676040807285,-100.4213400573,
    87.912157605492));
#3624 = VECTOR('',#3625,1.);
#3625 = DIRECTION('',(-1.599E-13,-1.,-6.06E-15));
#3626 = ORIENTED_EDGE('',*,*,#3605,.F.);
#3627 = ORIENTED_EDGE('',*,*,#3628,.T.);
#3628 = EDGE_CURVE('',#3598,#3629,#3631,.T.);
#3629 = VERTEX_POINT('',#3630);
#3630 = CARTESIAN_POINT('',(0.676040807285,-100.9498454422,
    87.369773225365));
#3631 = LINE('',#3632,#3633);
#3632 = CARTESIAN_POINT('',(0.676040807285,-97.89283479163,
    87.369773225365));
#3633 = VECTOR('',#3634,1.);
#3634 = DIRECTION('',(-1.599E-13,-1.,-1.334E-14));
#3635 = ORIENTED_EDGE('',*,*,#3636,.T.);
#3636 = EDGE_CURVE('',#3629,#3620,#3637,.T.);
#3637 = LINE('',#3638,#3639);
#3638 = CARTESIAN_POINT('',(0.676040807285,-100.9498454422,
    87.369773225365));
#3639 = VECTOR('',#3640,1.);
#3640 = DIRECTION('',(2.E-16,-1.081E-14,1.));
#3641 = PLANE('',#3642);
#3642 = AXIS2_PLACEMENT_3D('',#3643,#3644,#3645);
#3643 = CARTESIAN_POINT('',(0.676040807285,-100.9498454422,
    87.369773225365));
#3644 = DIRECTION('',(1.,-1.599E-13,-2.E-16));
#3645 = DIRECTION('',(1.599E-13,1.,1.334E-14));
#3646 = ADVANCED_FACE('',(#3647),#3672,.F.);
#3647 = FACE_BOUND('',#3648,.T.);
#3648 = EDGE_LOOP('',(#3649,#3657,#3658,#3666));
#3649 = ORIENTED_EDGE('',*,*,#3650,.F.);
#3650 = EDGE_CURVE('',#3620,#3651,#3653,.T.);
#3651 = VERTEX_POINT('',#3652);
#3652 = CARTESIAN_POINT('',(1.766950765171,-100.3458396286,
    87.912157605492));
#3653 = LINE('',#3654,#3655);
#3654 = CARTESIAN_POINT('',(1.379724506156,-100.5602357939,
    87.912157605492));
#3655 = VECTOR('',#3656,1.);
#3656 = DIRECTION('',(0.874856088494,0.4843829316,3.38E-15));
#3657 = ORIENTED_EDGE('',*,*,#3636,.F.);
#3658 = ORIENTED_EDGE('',*,*,#3659,.T.);
#3659 = EDGE_CURVE('',#3629,#3660,#3662,.T.);
#3660 = VERTEX_POINT('',#3661);
#3661 = CARTESIAN_POINT('',(1.766950765171,-100.3458396286,
    87.369773225365));
#3662 = LINE('',#3663,#3664);
#3663 = CARTESIAN_POINT('',(0.676040807285,-100.9498454422,
    87.369773225365));
#3664 = VECTOR('',#3665,1.);
#3665 = DIRECTION('',(0.874856088494,0.4843829316,5.9E-15));
#3666 = ORIENTED_EDGE('',*,*,#3667,.T.);
#3667 = EDGE_CURVE('',#3660,#3651,#3668,.T.);
#3668 = LINE('',#3669,#3670);
#3669 = CARTESIAN_POINT('',(1.766950765171,-100.3458396286,
    87.369773225365));
#3670 = VECTOR('',#3671,1.);
#3671 = DIRECTION('',(2.E-16,-1.081E-14,1.));
#3672 = PLANE('',#3673);
#3673 = AXIS2_PLACEMENT_3D('',#3674,#3675,#3676);
#3674 = CARTESIAN_POINT('',(1.766950765171,-100.3458396286,
    87.369773225365));
#3675 = DIRECTION('',(-0.4843829316,0.874856088494,9.55E-15));
#3676 = DIRECTION('',(-0.874856088494,-0.4843829316,-5.9E-15));
#3677 = ADVANCED_FACE('',(#3678),#3703,.F.);
#3678 = FACE_BOUND('',#3679,.T.);
#3679 = EDGE_LOOP('',(#3680,#3688,#3689,#3697));
#3680 = ORIENTED_EDGE('',*,*,#3681,.F.);
#3681 = EDGE_CURVE('',#3651,#3682,#3684,.T.);
#3682 = VERTEX_POINT('',#3683);
#3683 = CARTESIAN_POINT('',(1.766950765171,-101.1039286942,
    87.912157605492));
#3684 = LINE('',#3685,#3686);
#3685 = CARTESIAN_POINT('',(1.766950765171,-100.4983816833,
    87.912157605492));
#3686 = VECTOR('',#3687,1.);
#3687 = DIRECTION('',(-1.5968E-13,-1.,-6.06E-15));
#3688 = ORIENTED_EDGE('',*,*,#3667,.F.);
#3689 = ORIENTED_EDGE('',*,*,#3690,.T.);
#3690 = EDGE_CURVE('',#3660,#3691,#3693,.T.);
#3691 = VERTEX_POINT('',#3692);
#3692 = CARTESIAN_POINT('',(1.766950765171,-101.1039286942,
    87.369773225365));
#3693 = LINE('',#3694,#3695);
#3694 = CARTESIAN_POINT('',(1.766950765171,-100.3458396286,
    87.369773225365));
#3695 = VECTOR('',#3696,1.);
#3696 = DIRECTION('',(-1.5968E-13,-1.,-1.101E-14));
#3697 = ORIENTED_EDGE('',*,*,#3698,.T.);
#3698 = EDGE_CURVE('',#3691,#3682,#3699,.T.);
#3699 = LINE('',#3700,#3701);
#3700 = CARTESIAN_POINT('',(1.766950765171,-101.1039286942,
    87.369773225365));
#3701 = VECTOR('',#3702,1.);
#3702 = DIRECTION('',(2.E-16,-1.081E-14,1.));
#3703 = PLANE('',#3704);
#3704 = AXIS2_PLACEMENT_3D('',#3705,#3706,#3707);
#3705 = CARTESIAN_POINT('',(1.76695076517,-101.1039286942,
    87.369773225365));
#3706 = DIRECTION('',(1.,-1.5968E-13,-2.E-16));
#3707 = DIRECTION('',(1.5968E-13,1.,1.121E-14));
#3708 = ADVANCED_FACE('',(#3709),#3734,.F.);
#3709 = FACE_BOUND('',#3710,.T.);
#3710 = EDGE_LOOP('',(#3711,#3719,#3720,#3728));
#3711 = ORIENTED_EDGE('',*,*,#3712,.F.);
#3712 = EDGE_CURVE('',#3682,#3713,#3715,.T.);
#3713 = VERTEX_POINT('',#3714);
#3714 = CARTESIAN_POINT('',(0.503467717685,-101.8928345532,
    87.912157605491));
#3715 = LINE('',#3716,#3717);
#3716 = CARTESIAN_POINT('',(0.953002769509,-101.6121494764,
    87.912157605491));
#3717 = VECTOR('',#3718,1.);
#3718 = DIRECTION('',(-0.848230867858,-0.529626656063,-3.64E-15));
#3719 = ORIENTED_EDGE('',*,*,#3698,.F.);
#3720 = ORIENTED_EDGE('',*,*,#3721,.T.);
#3721 = EDGE_CURVE('',#3691,#3722,#3724,.T.);
#3722 = VERTEX_POINT('',#3723);
#3723 = CARTESIAN_POINT('',(0.503467717685,-101.8928345532,
    87.369773225365));
#3724 = LINE('',#3725,#3726);
#3725 = CARTESIAN_POINT('',(1.766950765171,-101.1039286942,
    87.369773225365));
#3726 = VECTOR('',#3727,1.);
#3727 = DIRECTION('',(-0.848230867858,-0.529626656063,-6.38E-15));
#3728 = ORIENTED_EDGE('',*,*,#3729,.T.);
#3729 = EDGE_CURVE('',#3722,#3713,#3730,.T.);
#3730 = LINE('',#3731,#3732);
#3731 = CARTESIAN_POINT('',(0.503467717685,-101.8928345532,
    87.369773225365));
#3732 = VECTOR('',#3733,1.);
#3733 = DIRECTION('',(2.E-16,-1.081E-14,1.));
#3734 = PLANE('',#3735);
#3735 = AXIS2_PLACEMENT_3D('',#3736,#3737,#3738);
#3736 = CARTESIAN_POINT('',(0.503467717685,-101.8928345532,
    87.369773225365));
#3737 = DIRECTION('',(0.529626656063,-0.848230867858,-9.44E-15));
#3738 = DIRECTION('',(0.848230867858,0.529626656063,6.48E-15));
#3739 = ADVANCED_FACE('',(#3740),#3761,.F.);
#3740 = FACE_BOUND('',#3741,.T.);
#3741 = EDGE_LOOP('',(#3742,#3743,#3744,#3752,#3758,#3759,#3760));
#3742 = ORIENTED_EDGE('',*,*,#3628,.F.);
#3743 = ORIENTED_EDGE('',*,*,#3597,.F.);
#3744 = ORIENTED_EDGE('',*,*,#3745,.F.);
#3745 = EDGE_CURVE('',#3746,#3590,#3748,.T.);
#3746 = VERTEX_POINT('',#3747);
#3747 = CARTESIAN_POINT('',(-0.223804316006,-101.8928345532,
    87.369773225365));
#3748 = LINE('',#3749,#3750);
#3749 = CARTESIAN_POINT('',(-0.223804316006,-101.8928345532,
    87.369773225365));
#3750 = VECTOR('',#3751,1.);
#3751 = DIRECTION('',(1.5992E-13,1.,1.279E-14));
#3752 = ORIENTED_EDGE('',*,*,#3753,.F.);
#3753 = EDGE_CURVE('',#3722,#3746,#3754,.T.);
#3754 = LINE('',#3755,#3756);
#3755 = CARTESIAN_POINT('',(0.503467717685,-101.8928345532,
    87.369773225365));
#3756 = VECTOR('',#3757,1.);
#3757 = DIRECTION('',(-1.,1.5968E-13,-6.4E-16));
#3758 = ORIENTED_EDGE('',*,*,#3721,.F.);
#3759 = ORIENTED_EDGE('',*,*,#3690,.F.);
#3760 = ORIENTED_EDGE('',*,*,#3659,.F.);
#3761 = PLANE('',#3762);
#3762 = AXIS2_PLACEMENT_3D('',#3763,#3764,#3765);
#3763 = CARTESIAN_POINT('',(0.503468432941,-99.89283467242,
    87.369773225365));
#3764 = DIRECTION('',(6.8E-16,1.082E-14,-1.));
#3765 = DIRECTION('',(-1.,1.5968E-13,-6.799999999983E-16));
#3766 = ADVANCED_FACE('',(#3767),#3785,.F.);
#3767 = FACE_BOUND('',#3768,.T.);
#3768 = EDGE_LOOP('',(#3769,#3777,#3778,#3779));
#3769 = ORIENTED_EDGE('',*,*,#3770,.F.);
#3770 = EDGE_CURVE('',#3713,#3771,#3773,.T.);
#3771 = VERTEX_POINT('',#3772);
#3772 = CARTESIAN_POINT('',(-0.223804316006,-101.8928345532,
    87.912157605491));
#3773 = LINE('',#3774,#3775);
#3774 = CARTESIAN_POINT('',(0.14023392774,-101.8928345532,
    87.912157605491));
#3775 = VECTOR('',#3776,1.);
#3776 = DIRECTION('',(-1.,1.5968E-13,-5.E-16));
#3777 = ORIENTED_EDGE('',*,*,#3729,.F.);
#3778 = ORIENTED_EDGE('',*,*,#3753,.T.);
#3779 = ORIENTED_EDGE('',*,*,#3780,.T.);
#3780 = EDGE_CURVE('',#3746,#3771,#3781,.T.);
#3781 = LINE('',#3782,#3783);
#3782 = CARTESIAN_POINT('',(-0.223804316006,-101.8928345532,
    87.369773225365));
#3783 = VECTOR('',#3784,1.);
#3784 = DIRECTION('',(2.E-16,-1.081E-14,1.));
#3785 = PLANE('',#3786);
#3786 = AXIS2_PLACEMENT_3D('',#3787,#3788,#3789);
#3787 = CARTESIAN_POINT('',(-0.223804316006,-101.8928345532,
    87.369773225365));
#3788 = DIRECTION('',(-1.5968E-13,-1.,-1.081E-14));
#3789 = DIRECTION('',(1.,-1.5968E-13,6.4E-16));
#3790 = ADVANCED_FACE('',(#3791),#3802,.F.);
#3791 = FACE_BOUND('',#3792,.T.);
#3792 = EDGE_LOOP('',(#3793,#3799,#3800,#3801));
#3793 = ORIENTED_EDGE('',*,*,#3794,.F.);
#3794 = EDGE_CURVE('',#3771,#3580,#3795,.T.);
#3795 = LINE('',#3796,#3797);
#3796 = CARTESIAN_POINT('',(-0.223804316006,-98.89283473203,
    87.912157605492));
#3797 = VECTOR('',#3798,1.);
#3798 = DIRECTION('',(1.5992E-13,1.,6.06E-15));
#3799 = ORIENTED_EDGE('',*,*,#3780,.F.);
#3800 = ORIENTED_EDGE('',*,*,#3745,.T.);
#3801 = ORIENTED_EDGE('',*,*,#3589,.T.);
#3802 = PLANE('',#3803);
#3803 = AXIS2_PLACEMENT_3D('',#3804,#3805,#3806);
#3804 = CARTESIAN_POINT('',(-0.223804316006,-97.89283479163,
    87.369773225365));
#3805 = DIRECTION('',(-1.,1.5992E-13,2.E-16));
#3806 = DIRECTION('',(-1.5992E-13,-1.,-1.279E-14));
#3807 = ADVANCED_FACE('',(#3808),#3842,.F.);
#3808 = FACE_BOUND('',#3809,.T.);
#3809 = EDGE_LOOP('',(#3810,#3820,#3828,#3836));
#3810 = ORIENTED_EDGE('',*,*,#3811,.F.);
#3811 = EDGE_CURVE('',#3812,#3814,#3816,.T.);
#3812 = VERTEX_POINT('',#3813);
#3813 = CARTESIAN_POINT('',(-1.592063745937,-97.89283479163,
    87.912157605492));
#3814 = VERTEX_POINT('',#3815);
#3815 = CARTESIAN_POINT('',(-1.592063745937,-98.74337399909,
    87.912157605492));
#3816 = LINE('',#3817,#3818);
#3817 = CARTESIAN_POINT('',(-1.592063745938,-99.31810433575,
    87.912157605492));
#3818 = VECTOR('',#3819,1.);
#3819 = DIRECTION('',(-1.5995E-13,-1.,-6.06E-15));
#3820 = ORIENTED_EDGE('',*,*,#3821,.F.);
#3821 = EDGE_CURVE('',#3822,#3812,#3824,.T.);
#3822 = VERTEX_POINT('',#3823);
#3823 = CARTESIAN_POINT('',(-1.592063745937,-97.89283479163,
    87.369773225365));
#3824 = LINE('',#3825,#3826);
#3825 = CARTESIAN_POINT('',(-1.592063745937,-97.89283479163,
    87.369773225365));
#3826 = VECTOR('',#3827,1.);
#3827 = DIRECTION('',(-2.E-17,-1.081E-14,1.));
#3828 = ORIENTED_EDGE('',*,*,#3829,.T.);
#3829 = EDGE_CURVE('',#3822,#3830,#3832,.T.);
#3830 = VERTEX_POINT('',#3831);
#3831 = CARTESIAN_POINT('',(-1.592063745937,-98.74337399909,
    87.369773225365));
#3832 = LINE('',#3833,#3834);
#3833 = CARTESIAN_POINT('',(-1.592063745937,-97.89283479163,
    87.369773225365));
#3834 = VECTOR('',#3835,1.);
#3835 = DIRECTION('',(-1.5995E-13,-1.,-1.101E-14));
#3836 = ORIENTED_EDGE('',*,*,#3837,.T.);
#3837 = EDGE_CURVE('',#3830,#3814,#3838,.T.);
#3838 = LINE('',#3839,#3840);
#3839 = CARTESIAN_POINT('',(-1.592063745937,-98.74337399909,
    87.369773225365));
#3840 = VECTOR('',#3841,1.);
#3841 = DIRECTION('',(-2.E-17,-1.081E-14,1.));
#3842 = PLANE('',#3843);
#3843 = AXIS2_PLACEMENT_3D('',#3844,#3845,#3846);
#3844 = CARTESIAN_POINT('',(-1.592063745937,-98.74337399909,
    87.369773225365));
#3845 = DIRECTION('',(1.,-1.5995E-13,2.E-17));
#3846 = DIRECTION('',(1.5995E-13,1.,1.101E-14));
#3847 = ADVANCED_FACE('',(#3848),#3873,.F.);
#3848 = FACE_BOUND('',#3849,.T.);
#3849 = EDGE_LOOP('',(#3850,#3858,#3859,#3867));
#3850 = ORIENTED_EDGE('',*,*,#3851,.F.);
#3851 = EDGE_CURVE('',#3814,#3852,#3854,.T.);
#3852 = VERTEX_POINT('',#3853);
#3853 = CARTESIAN_POINT('',(-2.553542932949,-98.74337399909,
    87.912157605492));
#3854 = LINE('',#3855,#3856);
#3855 = CARTESIAN_POINT('',(-1.024635380732,-98.74337399909,
    87.912157605492));
#3856 = VECTOR('',#3857,1.);
#3857 = DIRECTION('',(-1.,1.5968E-13,-5.E-16));
#3858 = ORIENTED_EDGE('',*,*,#3837,.F.);
#3859 = ORIENTED_EDGE('',*,*,#3860,.T.);
#3860 = EDGE_CURVE('',#3830,#3861,#3863,.T.);
#3861 = VERTEX_POINT('',#3862);
#3862 = CARTESIAN_POINT('',(-2.553542932949,-98.74337399909,
    87.369773225365));
#3863 = LINE('',#3864,#3865);
#3864 = CARTESIAN_POINT('',(-1.592063745937,-98.74337399909,
    87.369773225365));
#3865 = VECTOR('',#3866,1.);
#3866 = DIRECTION('',(-1.,1.5968E-13,-6.4E-16));
#3867 = ORIENTED_EDGE('',*,*,#3868,.T.);
#3868 = EDGE_CURVE('',#3861,#3852,#3869,.T.);
#3869 = LINE('',#3870,#3871);
#3870 = CARTESIAN_POINT('',(-2.553542932949,-98.74337399909,
    87.369773225365));
#3871 = VECTOR('',#3872,1.);
#3872 = DIRECTION('',(-2.E-17,-1.081E-14,1.));
#3873 = PLANE('',#3874);
#3874 = AXIS2_PLACEMENT_3D('',#3875,#3876,#3877);
#3875 = CARTESIAN_POINT('',(-2.553542932949,-98.74337399909,
    87.369773225365));
#3876 = DIRECTION('',(-1.5968E-13,-1.,-1.081E-14));
#3877 = DIRECTION('',(1.,-1.5968E-13,6.4E-16));
#3878 = ADVANCED_FACE('',(#3879),#3897,.F.);
#3879 = FACE_BOUND('',#3880,.T.);
#3880 = EDGE_LOOP('',(#3881,#3882,#3890,#3896));
#3881 = ORIENTED_EDGE('',*,*,#3829,.F.);
#3882 = ORIENTED_EDGE('',*,*,#3883,.F.);
#3883 = EDGE_CURVE('',#3884,#3822,#3886,.T.);
#3884 = VERTEX_POINT('',#3885);
#3885 = CARTESIAN_POINT('',(-2.553542932949,-97.89283479163,
    87.369773225365));
#3886 = LINE('',#3887,#3888);
#3887 = CARTESIAN_POINT('',(-2.553542932949,-97.89283479163,
    87.369773225365));
#3888 = VECTOR('',#3889,1.);
#3889 = DIRECTION('',(1.,-1.5968E-13,6.4E-16));
#3890 = ORIENTED_EDGE('',*,*,#3891,.F.);
#3891 = EDGE_CURVE('',#3861,#3884,#3892,.T.);
#3892 = LINE('',#3893,#3894);
#3893 = CARTESIAN_POINT('',(-2.553542932949,-98.74337399909,
    87.369773225365));
#3894 = VECTOR('',#3895,1.);
#3895 = DIRECTION('',(1.5968E-13,1.,1.101E-14));
#3896 = ORIENTED_EDGE('',*,*,#3860,.F.);
#3897 = PLANE('',#3898);
#3898 = AXIS2_PLACEMENT_3D('',#3899,#3900,#3901);
#3899 = CARTESIAN_POINT('',(0.503468432941,-99.89283467242,
    87.369773225365));
#3900 = DIRECTION('',(6.4E-16,1.082E-14,-1.));
#3901 = DIRECTION('',(-1.,1.5968E-13,-6.399999999983E-16));
#3902 = ADVANCED_FACE('',(#3903),#3921,.F.);
#3903 = FACE_BOUND('',#3904,.T.);
#3904 = EDGE_LOOP('',(#3905,#3913,#3914,#3915));
#3905 = ORIENTED_EDGE('',*,*,#3906,.F.);
#3906 = EDGE_CURVE('',#3852,#3907,#3909,.T.);
#3907 = VERTEX_POINT('',#3908);
#3908 = CARTESIAN_POINT('',(-2.553542932949,-97.89283479163,
    87.912157605492));
#3909 = LINE('',#3910,#3911);
#3910 = CARTESIAN_POINT('',(-2.553542932949,-98.89283473203,
    87.912157605492));
#3911 = VECTOR('',#3912,1.);
#3912 = DIRECTION('',(1.5968E-13,1.,6.06E-15));
#3913 = ORIENTED_EDGE('',*,*,#3868,.F.);
#3914 = ORIENTED_EDGE('',*,*,#3891,.T.);
#3915 = ORIENTED_EDGE('',*,*,#3916,.T.);
#3916 = EDGE_CURVE('',#3884,#3907,#3917,.T.);
#3917 = LINE('',#3918,#3919);
#3918 = CARTESIAN_POINT('',(-2.553542932949,-97.89283479163,
    87.369773225365));
#3919 = VECTOR('',#3920,1.);
#3920 = DIRECTION('',(-2.E-17,-1.081E-14,1.));
#3921 = PLANE('',#3922);
#3922 = AXIS2_PLACEMENT_3D('',#3923,#3924,#3925);
#3923 = CARTESIAN_POINT('',(-2.553542932949,-97.89283479163,
    87.369773225365));
#3924 = DIRECTION('',(-1.,1.5968E-13,-2.E-17));
#3925 = DIRECTION('',(-1.5968E-13,-1.,-1.101E-14));
#3926 = ADVANCED_FACE('',(#3927),#3938,.F.);
#3927 = FACE_BOUND('',#3928,.T.);
#3928 = EDGE_LOOP('',(#3929,#3935,#3936,#3937));
#3929 = ORIENTED_EDGE('',*,*,#3930,.F.);
#3930 = EDGE_CURVE('',#3907,#3812,#3931,.T.);
#3931 = LINE('',#3932,#3933);
#3932 = CARTESIAN_POINT('',(-0.543895787226,-97.89283479163,
    87.912157605492));
#3933 = VECTOR('',#3934,1.);
#3934 = DIRECTION('',(1.,-1.5968E-13,5.E-16));
#3935 = ORIENTED_EDGE('',*,*,#3916,.F.);
#3936 = ORIENTED_EDGE('',*,*,#3883,.T.);
#3937 = ORIENTED_EDGE('',*,*,#3821,.T.);
#3938 = PLANE('',#3939);
#3939 = AXIS2_PLACEMENT_3D('',#3940,#3941,#3942);
#3940 = CARTESIAN_POINT('',(-1.592063745937,-97.89283479163,
    87.369773225365));
#3941 = DIRECTION('',(1.5968E-13,1.,1.081E-14));
#3942 = DIRECTION('',(-1.,1.5968E-13,-6.4E-16));
#3943 = ADVANCED_FACE('',(#3944),#3978,.F.);
#3944 = FACE_BOUND('',#3945,.T.);
#3945 = EDGE_LOOP('',(#3946,#3956,#3964,#3972));
#3946 = ORIENTED_EDGE('',*,*,#3947,.F.);
#3947 = EDGE_CURVE('',#3948,#3950,#3952,.T.);
#3948 = VERTEX_POINT('',#3949);
#3949 = CARTESIAN_POINT('',(-3.385591349087,-100.3458396286,
    87.912157605492));
#3950 = VERTEX_POINT('',#3951);
#3951 = CARTESIAN_POINT('',(-3.385591349087,-101.1039286942,
    87.912157605491));
#3952 = LINE('',#3953,#3954);
#3953 = CARTESIAN_POINT('',(-3.385591349087,-100.4983816833,
    87.912157605492));
#3954 = VECTOR('',#3955,1.);
#3955 = DIRECTION('',(-1.5968E-13,-1.,-6.06E-15));
#3956 = ORIENTED_EDGE('',*,*,#3957,.F.);
#3957 = EDGE_CURVE('',#3958,#3948,#3960,.T.);
#3958 = VERTEX_POINT('',#3959);
#3959 = CARTESIAN_POINT('',(-3.385591349087,-100.3458396286,
    87.369773225365));
#3960 = LINE('',#3961,#3962);
#3961 = CARTESIAN_POINT('',(-3.385591349087,-100.3458396286,
    87.369773225365));
#3962 = VECTOR('',#3963,1.);
#3963 = DIRECTION('',(-6.1E-16,-1.122E-14,1.));
#3964 = ORIENTED_EDGE('',*,*,#3965,.T.);
#3965 = EDGE_CURVE('',#3958,#3966,#3968,.T.);
#3966 = VERTEX_POINT('',#3967);
#3967 = CARTESIAN_POINT('',(-3.385591349087,-101.1039286942,
    87.369773225365));
#3968 = LINE('',#3969,#3970);
#3969 = CARTESIAN_POINT('',(-3.385591349087,-100.3458396286,
    87.369773225365));
#3970 = VECTOR('',#3971,1.);
#3971 = DIRECTION('',(-1.5968E-13,-1.,-1.136E-14));
#3972 = ORIENTED_EDGE('',*,*,#3973,.T.);
#3973 = EDGE_CURVE('',#3966,#3950,#3974,.T.);
#3974 = LINE('',#3975,#3976);
#3975 = CARTESIAN_POINT('',(-3.385591349087,-101.1039286942,
    87.369773225365));
#3976 = VECTOR('',#3977,1.);
#3977 = DIRECTION('',(-6.1E-16,-1.122E-14,1.));
#3978 = PLANE('',#3979);
#3979 = AXIS2_PLACEMENT_3D('',#3980,#3981,#3982);
#3980 = CARTESIAN_POINT('',(-3.385591349087,-101.1039286942,
    87.369773225365));
#3981 = DIRECTION('',(1.,-1.5968E-13,6.1E-16));
#3982 = DIRECTION('',(1.5968E-13,1.,1.136E-14));
#3983 = ADVANCED_FACE('',(#3984),#4009,.F.);
#3984 = FACE_BOUND('',#3985,.T.);
#3985 = EDGE_LOOP('',(#3986,#3994,#3995,#4003));
#3986 = ORIENTED_EDGE('',*,*,#3987,.F.);
#3987 = EDGE_CURVE('',#3950,#3988,#3990,.T.);
#3988 = VERTEX_POINT('',#3989);
#3989 = CARTESIAN_POINT('',(-4.649074396572,-101.8928345532,
    87.912157605491));
#3990 = LINE('',#3991,#3992);
#3991 = CARTESIAN_POINT('',(-2.345923641373,-100.4547708383,
    87.912157605492));
#3992 = VECTOR('',#3993,1.);
#3993 = DIRECTION('',(-0.848230867858,-0.529626656063,-3.64E-15));
#3994 = ORIENTED_EDGE('',*,*,#3973,.F.);
#3995 = ORIENTED_EDGE('',*,*,#3996,.T.);
#3996 = EDGE_CURVE('',#3966,#3997,#3999,.T.);
#3997 = VERTEX_POINT('',#3998);
#3998 = CARTESIAN_POINT('',(-4.649074396572,-101.8928345532,
    87.369773225365));
#3999 = LINE('',#4000,#4001);
#4000 = CARTESIAN_POINT('',(-3.385591349087,-101.1039286942,
    87.369773225365));
#4001 = VECTOR('',#4002,1.);
#4002 = DIRECTION('',(-0.848230867858,-0.529626656063,-6.58E-15));
#4003 = ORIENTED_EDGE('',*,*,#4004,.T.);
#4004 = EDGE_CURVE('',#3997,#3988,#4005,.T.);
#4005 = LINE('',#4006,#4007);
#4006 = CARTESIAN_POINT('',(-4.649074396572,-101.8928345532,
    87.369773225365));
#4007 = VECTOR('',#4008,1.);
#4008 = DIRECTION('',(-6.1E-16,-1.122E-14,1.));
#4009 = PLANE('',#4010);
#4010 = AXIS2_PLACEMENT_3D('',#4011,#4012,#4013);
#4011 = CARTESIAN_POINT('',(-4.649074396572,-101.8928345532,
    87.369773225365));
#4012 = DIRECTION('',(0.529626656063,-0.848230867858,-9.2E-15));
#4013 = DIRECTION('',(0.848230867858,0.529626656063,6.58E-15));
#4014 = ADVANCED_FACE('',(#4015),#4040,.F.);
#4015 = FACE_BOUND('',#4016,.T.);
#4016 = EDGE_LOOP('',(#4017,#4025,#4026,#4034));
#4017 = ORIENTED_EDGE('',*,*,#4018,.F.);
#4018 = EDGE_CURVE('',#3988,#4019,#4021,.T.);
#4019 = VERTEX_POINT('',#4020);
#4020 = CARTESIAN_POINT('',(-5.376346430264,-101.8928345532,
    87.912157605491));
#4021 = LINE('',#4022,#4023);
#4022 = CARTESIAN_POINT('',(-2.436037129389,-101.8928345532,
    87.912157605491));
#4023 = VECTOR('',#4024,1.);
#4024 = DIRECTION('',(-1.,1.5968E-13,-5.E-16));
#4025 = ORIENTED_EDGE('',*,*,#4004,.F.);
#4026 = ORIENTED_EDGE('',*,*,#4027,.T.);
#4027 = EDGE_CURVE('',#3997,#4028,#4030,.T.);
#4028 = VERTEX_POINT('',#4029);
#4029 = CARTESIAN_POINT('',(-5.376346430264,-101.8928345532,
    87.369773225365));
#4030 = LINE('',#4031,#4032);
#4031 = CARTESIAN_POINT('',(-4.649074396572,-101.8928345532,
    87.369773225365));
#4032 = VECTOR('',#4033,1.);
#4033 = DIRECTION('',(-1.,1.5968E-13,-6.7E-16));
#4034 = ORIENTED_EDGE('',*,*,#4035,.T.);
#4035 = EDGE_CURVE('',#4028,#4019,#4036,.T.);
#4036 = LINE('',#4037,#4038);
#4037 = CARTESIAN_POINT('',(-5.376346430264,-101.8928345532,
    87.369773225365));
#4038 = VECTOR('',#4039,1.);
#4039 = DIRECTION('',(-6.1E-16,-1.122E-14,1.));
#4040 = PLANE('',#4041);
#4041 = AXIS2_PLACEMENT_3D('',#4042,#4043,#4044);
#4042 = CARTESIAN_POINT('',(-5.376346430264,-101.8928345532,
    87.369773225365));
#4043 = DIRECTION('',(-1.5968E-13,-1.,-1.122E-14));
#4044 = DIRECTION('',(1.,-1.5968E-13,6.7E-16));
#4045 = ADVANCED_FACE('',(#4046),#4071,.F.);
#4046 = FACE_BOUND('',#4047,.T.);
#4047 = EDGE_LOOP('',(#4048,#4056,#4057,#4065));
#4048 = ORIENTED_EDGE('',*,*,#4049,.F.);
#4049 = EDGE_CURVE('',#4019,#4050,#4052,.T.);
#4050 = VERTEX_POINT('',#4051);
#4051 = CARTESIAN_POINT('',(-5.376346430263,-97.89283479163,
    87.912157605492));
#4052 = LINE('',#4053,#4054);
#4053 = CARTESIAN_POINT('',(-5.376346430263,-98.89283473202,
    87.912157605492));
#4054 = VECTOR('',#4055,1.);
#4055 = DIRECTION('',(1.5991E-13,1.,6.06E-15));
#4056 = ORIENTED_EDGE('',*,*,#4035,.F.);
#4057 = ORIENTED_EDGE('',*,*,#4058,.T.);
#4058 = EDGE_CURVE('',#4028,#4059,#4061,.T.);
#4059 = VERTEX_POINT('',#4060);
#4060 = CARTESIAN_POINT('',(-5.376346430263,-97.89283479163,
    87.369773225365));
#4061 = LINE('',#4062,#4063);
#4062 = CARTESIAN_POINT('',(-5.376346430264,-101.8928345532,
    87.369773225365));
#4063 = VECTOR('',#4064,1.);
#4064 = DIRECTION('',(1.5991E-13,1.,1.314E-14));
#4065 = ORIENTED_EDGE('',*,*,#4066,.T.);
#4066 = EDGE_CURVE('',#4059,#4050,#4067,.T.);
#4067 = LINE('',#4068,#4069);
#4068 = CARTESIAN_POINT('',(-5.376346430263,-97.89283479163,
    87.369773225365));
#4069 = VECTOR('',#4070,1.);
#4070 = DIRECTION('',(-6.1E-16,-1.122E-14,1.));
#4071 = PLANE('',#4072);
#4072 = AXIS2_PLACEMENT_3D('',#4073,#4074,#4075);
#4073 = CARTESIAN_POINT('',(-5.376346430263,-97.89283479163,
    87.369773225365));
#4074 = DIRECTION('',(-1.,1.5991E-13,-6.1E-16));
#4075 = DIRECTION('',(-1.5991E-13,-1.,-1.314E-14));
#4076 = ADVANCED_FACE('',(#4077),#4102,.F.);
#4077 = FACE_BOUND('',#4078,.T.);
#4078 = EDGE_LOOP('',(#4079,#4087,#4088,#4096));
#4079 = ORIENTED_EDGE('',*,*,#4080,.F.);
#4080 = EDGE_CURVE('',#4050,#4081,#4083,.T.);
#4081 = VERTEX_POINT('',#4082);
#4082 = CARTESIAN_POINT('',(-4.476501306972,-97.89283479163,
    87.912157605492));
#4083 = LINE('',#4084,#4085);
#4084 = CARTESIAN_POINT('',(-1.986114567743,-97.89283479163,
    87.912157605492));
#4085 = VECTOR('',#4086,1.);
#4086 = DIRECTION('',(1.,-1.5968E-13,5.E-16));
#4087 = ORIENTED_EDGE('',*,*,#4066,.F.);
#4088 = ORIENTED_EDGE('',*,*,#4089,.T.);
#4089 = EDGE_CURVE('',#4059,#4090,#4092,.T.);
#4090 = VERTEX_POINT('',#4091);
#4091 = CARTESIAN_POINT('',(-4.476501306972,-97.89283479163,
    87.369773225365));
#4092 = LINE('',#4093,#4094);
#4093 = CARTESIAN_POINT('',(-5.376346430263,-97.89283479163,
    87.369773225365));
#4094 = VECTOR('',#4095,1.);
#4095 = DIRECTION('',(1.,-1.5968E-13,6.7E-16));
#4096 = ORIENTED_EDGE('',*,*,#4097,.T.);
#4097 = EDGE_CURVE('',#4090,#4081,#4098,.T.);
#4098 = LINE('',#4099,#4100);
#4099 = CARTESIAN_POINT('',(-4.476501306972,-97.89283479163,
    87.369773225365));
#4100 = VECTOR('',#4101,1.);
#4101 = DIRECTION('',(-6.1E-16,-1.122E-14,1.));
#4102 = PLANE('',#4103);
#4103 = AXIS2_PLACEMENT_3D('',#4104,#4105,#4106);
#4104 = CARTESIAN_POINT('',(-4.476501306972,-97.89283479163,
    87.369773225365));
#4105 = DIRECTION('',(1.5968E-13,1.,1.122E-14));
#4106 = DIRECTION('',(-1.,1.5968E-13,-6.7E-16));
#4107 = ADVANCED_FACE('',(#4108),#4133,.F.);
#4108 = FACE_BOUND('',#4109,.T.);
#4109 = EDGE_LOOP('',(#4110,#4118,#4119,#4127));
#4110 = ORIENTED_EDGE('',*,*,#4111,.F.);
#4111 = EDGE_CURVE('',#4081,#4112,#4114,.T.);
#4112 = VERTEX_POINT('',#4113);
#4113 = CARTESIAN_POINT('',(-4.476501306973,-100.9498454422,
    87.912157605492));
#4114 = LINE('',#4115,#4116);
#4115 = CARTESIAN_POINT('',(-4.476501306973,-100.4213400573,
    87.912157605492));
#4116 = VECTOR('',#4117,1.);
#4117 = DIRECTION('',(-1.5998E-13,-1.,-6.06E-15));
#4118 = ORIENTED_EDGE('',*,*,#4097,.F.);
#4119 = ORIENTED_EDGE('',*,*,#4120,.T.);
#4120 = EDGE_CURVE('',#4090,#4121,#4123,.T.);
#4121 = VERTEX_POINT('',#4122);
#4122 = CARTESIAN_POINT('',(-4.476501306973,-100.9498454422,
    87.369773225365));
#4123 = LINE('',#4124,#4125);
#4124 = CARTESIAN_POINT('',(-4.476501306972,-97.89283479163,
    87.369773225365));
#4125 = VECTOR('',#4126,1.);
#4126 = DIRECTION('',(-1.5998E-13,-1.,-1.368E-14));
#4127 = ORIENTED_EDGE('',*,*,#4128,.T.);
#4128 = EDGE_CURVE('',#4121,#4112,#4129,.T.);
#4129 = LINE('',#4130,#4131);
#4130 = CARTESIAN_POINT('',(-4.476501306973,-100.9498454422,
    87.369773225365));
#4131 = VECTOR('',#4132,1.);
#4132 = DIRECTION('',(-6.1E-16,-1.122E-14,1.));
#4133 = PLANE('',#4134);
#4134 = AXIS2_PLACEMENT_3D('',#4135,#4136,#4137);
#4135 = CARTESIAN_POINT('',(-4.476501306973,-100.9498454422,
    87.369773225365));
#4136 = DIRECTION('',(1.,-1.5998E-13,6.1E-16));
#4137 = DIRECTION('',(1.5998E-13,1.,1.368E-14));
#4138 = ADVANCED_FACE('',(#4139),#4155,.F.);
#4139 = FACE_BOUND('',#4140,.T.);
#4140 = EDGE_LOOP('',(#4141,#4147,#4148,#4154));
#4141 = ORIENTED_EDGE('',*,*,#4142,.F.);
#4142 = EDGE_CURVE('',#4112,#3948,#4143,.T.);
#4143 = LINE('',#4144,#4145);
#4144 = CARTESIAN_POINT('',(-1.801008847966,-99.46850137001,
    87.912157605492));
#4145 = VECTOR('',#4146,1.);
#4146 = DIRECTION('',(0.874856088494,0.4843829316,3.38E-15));
#4147 = ORIENTED_EDGE('',*,*,#4128,.F.);
#4148 = ORIENTED_EDGE('',*,*,#4149,.T.);
#4149 = EDGE_CURVE('',#4121,#3958,#4150,.T.);
#4150 = LINE('',#4151,#4152);
#4151 = CARTESIAN_POINT('',(-4.476501306973,-100.9498454422,
    87.369773225365));
#4152 = VECTOR('',#4153,1.);
#4153 = DIRECTION('',(0.874856088494,0.4843829316,6.09E-15));
#4154 = ORIENTED_EDGE('',*,*,#3957,.T.);
#4155 = PLANE('',#4156);
#4156 = AXIS2_PLACEMENT_3D('',#4157,#4158,#4159);
#4157 = CARTESIAN_POINT('',(-3.385591349087,-100.3458396286,
    87.369773225365));
#4158 = DIRECTION('',(-0.4843829316,0.874856088494,9.52E-15));
#4159 = DIRECTION('',(-0.874856088494,-0.4843829316,-6.09E-15));
#4160 = ADVANCED_FACE('',(#4161),#4170,.F.);
#4161 = FACE_BOUND('',#4162,.T.);
#4162 = EDGE_LOOP('',(#4163,#4164,#4165,#4166,#4167,#4168,#4169));
#4163 = ORIENTED_EDGE('',*,*,#4120,.F.);
#4164 = ORIENTED_EDGE('',*,*,#4089,.F.);
#4165 = ORIENTED_EDGE('',*,*,#4058,.F.);
#4166 = ORIENTED_EDGE('',*,*,#4027,.F.);
#4167 = ORIENTED_EDGE('',*,*,#3996,.F.);
#4168 = ORIENTED_EDGE('',*,*,#3965,.F.);
#4169 = ORIENTED_EDGE('',*,*,#4149,.F.);
#4170 = PLANE('',#4171);
#4171 = AXIS2_PLACEMENT_3D('',#4172,#4173,#4174);
#4172 = CARTESIAN_POINT('',(0.503468432941,-99.89283467242,
    87.369773225365));
#4173 = DIRECTION('',(7.E-16,1.117E-14,-1.));
#4174 = DIRECTION('',(-1.,1.5968E-13,-6.999999999982E-16));
#4175 = ADVANCED_FACE('',(#4176),#4210,.F.);
#4176 = FACE_BOUND('',#4177,.T.);
#4177 = EDGE_LOOP('',(#4178,#4188,#4196,#4204));
#4178 = ORIENTED_EDGE('',*,*,#4179,.F.);
#4179 = EDGE_CURVE('',#4180,#4182,#4184,.T.);
#4180 = VERTEX_POINT('',#4181);
#4181 = CARTESIAN_POINT('',(-4.01965310332E-04,-102.7738375884,
    92.500814939798));
#4182 = VERTEX_POINT('',#4183);
#4183 = CARTESIAN_POINT('',(-4.01965303834E-04,-108.3735405761,
    92.500814939802));
#4184 = LINE('',#4185,#4186);
#4185 = CARTESIAN_POINT('',(-4.019652981603E-04,-113.3712021874,
    92.500814939806));
#4186 = VECTOR('',#4187,1.);
#4187 = DIRECTION('',(1.14853E-12,-1.,7.4831E-13));
#4188 = ORIENTED_EDGE('',*,*,#4189,.T.);
#4189 = EDGE_CURVE('',#4180,#4190,#4192,.T.);
#4190 = VERTEX_POINT('',#4191);
#4191 = CARTESIAN_POINT('',(-1.999999258572,-102.7738375884,
    93.655282975471));
#4192 = LINE('',#4193,#4194);
#4193 = CARTESIAN_POINT('',(-1.068580779955,-102.7738375884,
    93.117528266048));
#4194 = VECTOR('',#4195,1.);
#4195 = DIRECTION('',(-0.866025403758,-1.99575E-12,0.500000000046));
#4196 = ORIENTED_EDGE('',*,*,#4197,.T.);
#4197 = EDGE_CURVE('',#4190,#4198,#4200,.T.);
#4198 = VERTEX_POINT('',#4199);
#4199 = CARTESIAN_POINT('',(-1.999999258559,-108.3735405762,
    93.655282975471));
#4200 = LINE('',#4201,#4202);
#4201 = CARTESIAN_POINT('',(-1.999999258559,-108.3735553204,
    93.655282975471));
#4202 = VECTOR('',#4203,1.);
#4203 = DIRECTION('',(2.30193E-12,-1.,8.371E-14));
#4204 = ORIENTED_EDGE('',*,*,#4205,.F.);
#4205 = EDGE_CURVE('',#4182,#4198,#4206,.T.);
#4206 = LINE('',#4207,#4208);
#4207 = CARTESIAN_POINT('',(-1.061518919778,-108.3735405761,
    93.113451099181));
#4208 = VECTOR('',#4209,1.);
#4209 = DIRECTION('',(-0.866025403758,-1.95125E-12,0.500000000046));
#4210 = PLANE('',#4211);
#4211 = AXIS2_PLACEMENT_3D('',#4212,#4213,#4214);
#4212 = CARTESIAN_POINT('',(2.500074137942E-02,-108.3735553204,
    92.486148680255));
#4213 = DIRECTION('',(-0.500000000046,-1.22346E-12,-0.866025403758));
#4214 = DIRECTION('',(-0.866025403758,-1.95174E-12,0.500000000046));
#4215 = ADVANCED_FACE('',(#4216),#4241,.T.);
#4216 = FACE_BOUND('',#4217,.T.);
#4217 = EDGE_LOOP('',(#4218,#4228,#4234,#4235));
#4218 = ORIENTED_EDGE('',*,*,#4219,.F.);
#4219 = EDGE_CURVE('',#4220,#4222,#4224,.T.);
#4220 = VERTEX_POINT('',#4221);
#4221 = CARTESIAN_POINT('',(1.999195328007,-102.7738375884,
    93.655282975365));
#4222 = VERTEX_POINT('',#4223);
#4223 = CARTESIAN_POINT('',(1.999195328007,-108.3735405761,
    93.655282975366));
#4224 = LINE('',#4225,#4226);
#4225 = CARTESIAN_POINT('',(1.999195328007,-108.3735553204,
    93.655282975366));
#4226 = VECTOR('',#4227,1.);
#4227 = DIRECTION('',(-2.59E-15,-1.,8.39E-14));
#4228 = ORIENTED_EDGE('',*,*,#4229,.F.);
#4229 = EDGE_CURVE('',#4180,#4220,#4230,.T.);
#4230 = LINE('',#4231,#4232);
#4231 = CARTESIAN_POINT('',(1.067776849362,-102.7738375884,
    93.117528265991));
#4232 = VECTOR('',#4233,1.);
#4233 = DIRECTION('',(0.866025403784,-4.47E-15,0.5));
#4234 = ORIENTED_EDGE('',*,*,#4179,.T.);
#4235 = ORIENTED_EDGE('',*,*,#4236,.T.);
#4236 = EDGE_CURVE('',#4182,#4222,#4237,.T.);
#4237 = LINE('',#4238,#4239);
#4238 = CARTESIAN_POINT('',(1.060714989198,-108.3735405761,
    93.113451099125));
#4239 = VECTOR('',#4240,1.);
#4240 = DIRECTION('',(0.866025403784,4.003E-14,0.5));
#4241 = PLANE('',#4242);
#4242 = AXIS2_PLACEMENT_3D('',#4243,#4244,#4245);
#4243 = CARTESIAN_POINT('',(-2.580467199318E-02,-108.3735553204,
    92.486148680257));
#4244 = DIRECTION('',(-0.5,7.379E-14,0.866025403784));
#4245 = DIRECTION('',(0.866025403784,3.955E-14,0.5));
#4246 = ADVANCED_FACE('',(#4247),#4272,.T.);
#4247 = FACE_BOUND('',#4248,.T.);
#4248 = EDGE_LOOP('',(#4249,#4259,#4265,#4266));
#4249 = ORIENTED_EDGE('',*,*,#4250,.T.);
#4250 = EDGE_CURVE('',#4251,#4253,#4255,.T.);
#4251 = VERTEX_POINT('',#4252);
#4252 = CARTESIAN_POINT('',(1.999195328007,-108.3735405761,
    95.964684052124));
#4253 = VERTEX_POINT('',#4254);
#4254 = CARTESIAN_POINT('',(1.999195328007,-102.7738375884,
    95.964684052124));
#4255 = LINE('',#4256,#4257);
#4256 = CARTESIAN_POINT('',(1.999195328007,-108.3735553204,
    95.964684052124));
#4257 = VECTOR('',#4258,1.);
#4258 = DIRECTION('',(2.59E-15,1.,-8.39E-14));
#4259 = ORIENTED_EDGE('',*,*,#4260,.F.);
#4260 = EDGE_CURVE('',#4220,#4253,#4261,.T.);
#4261 = LINE('',#4262,#4263);
#4262 = CARTESIAN_POINT('',(1.999195328007,-102.7738375884,
    90.769202024602));
#4263 = VECTOR('',#4264,1.);
#4264 = DIRECTION('',(-3.07E-15,-4.84E-15,1.));
#4265 = ORIENTED_EDGE('',*,*,#4219,.T.);
#4266 = ORIENTED_EDGE('',*,*,#4267,.T.);
#4267 = EDGE_CURVE('',#4222,#4251,#4268,.T.);
#4268 = LINE('',#4269,#4270);
#4269 = CARTESIAN_POINT('',(1.999195328007,-108.3735405761,
    95.376414755355));
#4270 = VECTOR('',#4271,1.);
#4271 = DIRECTION('',(-3.07E-15,8.39E-14,1.));
#4272 = PLANE('',#4273);
#4273 = AXIS2_PLACEMENT_3D('',#4274,#4275,#4276);
#4274 = CARTESIAN_POINT('',(1.999195328007,-108.3735553204,
    93.626415461906));
#4275 = DIRECTION('',(-1.,2.59E-15,-3.07E-15));
#4276 = DIRECTION('',(-3.07E-15,8.371E-14,1.));
#4277 = ADVANCED_FACE('',(#4278),#4303,.F.);
#4278 = FACE_BOUND('',#4279,.T.);
#4279 = EDGE_LOOP('',(#4280,#4281,#4289,#4297));
#4280 = ORIENTED_EDGE('',*,*,#4197,.F.);
#4281 = ORIENTED_EDGE('',*,*,#4282,.T.);
#4282 = EDGE_CURVE('',#4190,#4283,#4285,.T.);
#4283 = VERTEX_POINT('',#4284);
#4284 = CARTESIAN_POINT('',(-1.99999925845,-102.7738375884,
    95.964684052229));
#4285 = LINE('',#4286,#4287);
#4286 = CARTESIAN_POINT('',(-1.999999258724,-102.7738375884,
    90.769202024708));
#4287 = VECTOR('',#4288,1.);
#4288 = DIRECTION('',(5.285718E-11,-4.84E-15,1.));
#4289 = ORIENTED_EDGE('',*,*,#4290,.F.);
#4290 = EDGE_CURVE('',#4291,#4283,#4293,.T.);
#4291 = VERTEX_POINT('',#4292);
#4292 = CARTESIAN_POINT('',(-1.999999258437,-108.3735405762,
    95.96468405223));
#4293 = LINE('',#4294,#4295);
#4294 = CARTESIAN_POINT('',(-1.999999258437,-108.3735553204,
    95.96468405223));
#4295 = VECTOR('',#4296,1.);
#4296 = DIRECTION('',(-2.30193E-12,1.,-8.39E-14));
#4297 = ORIENTED_EDGE('',*,*,#4298,.F.);
#4298 = EDGE_CURVE('',#4198,#4291,#4299,.T.);
#4299 = LINE('',#4300,#4301);
#4300 = CARTESIAN_POINT('',(-1.999999258468,-108.3735405762,
    95.37641475546));
#4301 = VECTOR('',#4302,1.);
#4302 = DIRECTION('',(5.285718E-11,8.39E-14,1.));
#4303 = PLANE('',#4304);
#4304 = AXIS2_PLACEMENT_3D('',#4305,#4306,#4307);
#4305 = CARTESIAN_POINT('',(-1.99999925856,-108.3735553204,
    93.626415462012));
#4306 = DIRECTION('',(-1.,-2.30193E-12,5.285718E-11));
#4307 = DIRECTION('',(5.285718E-11,8.371E-14,1.));
#4308 = ADVANCED_FACE('',(#4309),#4341,.F.);
#4309 = FACE_BOUND('',#4310,.T.);
#4310 = EDGE_LOOP('',(#4311,#4321,#4327,#4335));
#4311 = ORIENTED_EDGE('',*,*,#4312,.F.);
#4312 = EDGE_CURVE('',#4313,#4315,#4317,.T.);
#4313 = VERTEX_POINT('',#4314);
#4314 = CARTESIAN_POINT('',(-4.01965188278E-04,-102.7738375884,
    97.119152087621));
#4315 = VERTEX_POINT('',#4316);
#4316 = CARTESIAN_POINT('',(-4.0196517653E-04,-102.3738375884,
    97.581032302966));
#4317 = LINE('',#4318,#4319);
#4318 = CARTESIAN_POINT('',(-4.019653113551E-04,-106.9647257039,
    92.279931324501));
#4319 = VECTOR('',#4320,1.);
#4320 = DIRECTION('',(1.922577E-11,0.654653670713,0.755928946014));
#4321 = ORIENTED_EDGE('',*,*,#4322,.F.);
#4322 = EDGE_CURVE('',#4283,#4313,#4323,.T.);
#4323 = LINE('',#4324,#4325);
#4324 = CARTESIAN_POINT('',(-5.080500200638,-102.7738375884,
    94.186156004235));
#4325 = VECTOR('',#4326,1.);
#4326 = DIRECTION('',(0.866025403811,1.99092E-12,0.499999999954));
#4327 = ORIENTED_EDGE('',*,*,#4328,.T.);
#4328 = EDGE_CURVE('',#4283,#4329,#4331,.T.);
#4329 = VERTEX_POINT('',#4330);
#4330 = CARTESIAN_POINT('',(-2.399999258438,-102.3738375884,
    96.195624159926));
#4331 = LINE('',#4332,#4333);
#4332 = CARTESIAN_POINT('',(-1.99999925845,-102.7738375884,
    95.964684052229));
#4333 = VECTOR('',#4334,1.);
#4334 = DIRECTION('',(-0.65465367069,0.654653670706,0.377964473044));
#4335 = ORIENTED_EDGE('',*,*,#4336,.F.);
#4336 = EDGE_CURVE('',#4315,#4329,#4337,.T.);
#4337 = LINE('',#4338,#4339);
#4338 = CARTESIAN_POINT('',(-2.659132449976,-102.3738375884,
    96.046013542063));
#4339 = VECTOR('',#4340,1.);
#4340 = DIRECTION('',(-0.866025403812,1.48E-15,-0.499999999952));
#4341 = PLANE('',#4342);
#4342 = AXIS2_PLACEMENT_3D('',#4343,#4344,#4345);
#4343 = CARTESIAN_POINT('',(-5.18050020063,-102.5738375884,
    94.359361084997));
#4344 = DIRECTION('',(-0.353553390559,-0.707106781187,0.612372435714));
#4345 = DIRECTION('',(0.866025403811,1.988798015162E-12,0.499999999954)
  );
#4346 = ADVANCED_FACE('',(#4347),#4365,.F.);
#4347 = FACE_BOUND('',#4348,.T.);
#4348 = EDGE_LOOP('',(#4349,#4357,#4358,#4359));
#4349 = ORIENTED_EDGE('',*,*,#4350,.F.);
#4350 = EDGE_CURVE('',#4329,#4351,#4353,.T.);
#4351 = VERTEX_POINT('',#4352);
#4352 = CARTESIAN_POINT('',(-2.399999258585,-102.3738375884,
    93.424342867816));
#4353 = LINE('',#4354,#4355);
#4354 = CARTESIAN_POINT('',(-2.399999258808,-102.3738375884,
    89.340679336223));
#4355 = VECTOR('',#4356,1.);
#4356 = DIRECTION('',(-5.285185E-11,-5.E-16,-1.));
#4357 = ORIENTED_EDGE('',*,*,#4328,.F.);
#4358 = ORIENTED_EDGE('',*,*,#4282,.F.);
#4359 = ORIENTED_EDGE('',*,*,#4360,.T.);
#4360 = EDGE_CURVE('',#4190,#4351,#4361,.T.);
#4361 = LINE('',#4362,#4363);
#4362 = CARTESIAN_POINT('',(-1.999999258572,-102.7738375884,
    93.655282975471));
#4363 = VECTOR('',#4364,1.);
#4364 = DIRECTION('',(-0.65465367073,0.654653670706,-0.377964472975));
#4365 = PLANE('',#4366);
#4366 = AXIS2_PLACEMENT_3D('',#4367,#4368,#4369);
#4367 = CARTESIAN_POINT('',(-2.199999258725,-102.5738375884,
    90.769202024718));
#4368 = DIRECTION('',(-0.707106781185,-0.707106781188,3.737225E-11));
#4369 = DIRECTION('',(5.285768140326E-11,-5.338596738006E-15,1.));
#4370 = ADVANCED_FACE('',(#4371),#4389,.F.);
#4371 = FACE_BOUND('',#4372,.T.);
#4372 = EDGE_LOOP('',(#4373,#4374,#4375,#4383));
#4373 = ORIENTED_EDGE('',*,*,#4360,.F.);
#4374 = ORIENTED_EDGE('',*,*,#4189,.F.);
#4375 = ORIENTED_EDGE('',*,*,#4376,.F.);
#4376 = EDGE_CURVE('',#4377,#4180,#4379,.T.);
#4377 = VERTEX_POINT('',#4378);
#4378 = CARTESIAN_POINT('',(-4.01965322998E-04,-102.3738375884,
    92.038934724439));
#4379 = LINE('',#4380,#4381);
#4380 = CARTESIAN_POINT('',(-4.019651728324E-04,-107.1161646207,
    97.514902301901));
#4381 = VECTOR('',#4382,1.);
#4382 = DIRECTION('',(2.072955E-11,-0.654653670702,0.755928946024));
#4383 = ORIENTED_EDGE('',*,*,#4384,.F.);
#4384 = EDGE_CURVE('',#4351,#4377,#4385,.T.);
#4385 = LINE('',#4386,#4387);
#4386 = CARTESIAN_POINT('',(2.333673908604,-102.3738375884,
    90.691355390155));
#4387 = VECTOR('',#4388,1.);
#4388 = DIRECTION('',(0.866025403759,-1.98E-15,-0.500000000044));
#4389 = PLANE('',#4390);
#4390 = AXIS2_PLACEMENT_3D('',#4391,#4392,#4393);
#4391 = CARTESIAN_POINT('',(-1.168580779965,-102.5738375884,
    92.944323185296));
#4392 = DIRECTION('',(-0.353553390624,-0.707106781187,-0.612372435677));
#4393 = DIRECTION('',(-0.866025403758,-1.994238107983E-12,0.500000000046
    ));
#4394 = ADVANCED_FACE('',(#4395),#4413,.F.);
#4395 = FACE_BOUND('',#4396,.T.);
#4396 = EDGE_LOOP('',(#4397,#4398,#4399,#4407));
#4397 = ORIENTED_EDGE('',*,*,#4290,.T.);
#4398 = ORIENTED_EDGE('',*,*,#4322,.T.);
#4399 = ORIENTED_EDGE('',*,*,#4400,.F.);
#4400 = EDGE_CURVE('',#4401,#4313,#4403,.T.);
#4401 = VERTEX_POINT('',#4402);
#4402 = CARTESIAN_POINT('',(-4.0196518178E-04,-108.3735405761,
    97.119152087618));
#4403 = LINE('',#4404,#4405);
#4404 = CARTESIAN_POINT('',(-4.019651760404E-04,-113.3712021874,
    97.119152087615));
#4405 = VECTOR('',#4406,1.);
#4406 = DIRECTION('',(-1.14853E-12,1.,5.807E-13));
#4407 = ORIENTED_EDGE('',*,*,#4408,.F.);
#4408 = EDGE_CURVE('',#4291,#4401,#4409,.T.);
#4409 = LINE('',#4410,#4411);
#4410 = CARTESIAN_POINT('',(-1.083475074868,-108.3735405761,
    96.493839536267));
#4411 = VECTOR('',#4412,1.);
#4412 = DIRECTION('',(0.866025403811,2.03516E-12,0.499999999954));
#4413 = PLANE('',#4414);
#4414 = AXIS2_PLACEMENT_3D('',#4415,#4416,#4417);
#4415 = CARTESIAN_POINT('',(-2.024999258437,-108.3735553204,
    95.950250295502));
#4416 = DIRECTION('',(-0.499999999954,-1.07847E-12,0.866025403811));
#4417 = DIRECTION('',(0.866025403811,2.03545E-12,0.499999999954));
#4418 = ADVANCED_FACE('',(#4419),#4442,.T.);
#4419 = FACE_BOUND('',#4420,.T.);
#4420 = EDGE_LOOP('',(#4421,#4422,#4430,#4436));
#4421 = ORIENTED_EDGE('',*,*,#4312,.T.);
#4422 = ORIENTED_EDGE('',*,*,#4423,.F.);
#4423 = EDGE_CURVE('',#4424,#4315,#4426,.T.);
#4424 = VERTEX_POINT('',#4425);
#4425 = CARTESIAN_POINT('',(2.399195328007,-102.3738375884,96.1956241598
    ));
#4426 = LINE('',#4427,#4428);
#4427 = CARTESIAN_POINT('',(6.807711757047,-102.3738375884,
    93.650366012769));
#4428 = VECTOR('',#4429,1.);
#4429 = DIRECTION('',(-0.866025403784,1.98E-15,0.5));
#4430 = ORIENTED_EDGE('',*,*,#4431,.F.);
#4431 = EDGE_CURVE('',#4253,#4424,#4432,.T.);
#4432 = LINE('',#4433,#4434);
#4433 = CARTESIAN_POINT('',(1.999195328007,-102.7738375884,
    95.964684052124));
#4434 = VECTOR('',#4435,1.);
#4435 = DIRECTION('',(0.654653670708,0.654653670708,0.377964473009));
#4436 = ORIENTED_EDGE('',*,*,#4437,.T.);
#4437 = EDGE_CURVE('',#4253,#4313,#4438,.T.);
#4438 = LINE('',#4439,#4440);
#4439 = CARTESIAN_POINT('',(5.079696270101,-102.7738375884,
    94.186156003967));
#4440 = VECTOR('',#4441,1.);
#4441 = DIRECTION('',(-0.866025403784,-3.7E-16,0.5));
#4442 = PLANE('',#4443);
#4443 = AXIS2_PLACEMENT_3D('',#4444,#4445,#4446);
#4444 = CARTESIAN_POINT('',(5.179696270102,-102.5738375884,
    94.359361084723));
#4445 = DIRECTION('',(-0.353553390593,0.707106781187,-0.612372435696));
#4446 = DIRECTION('',(-0.866025403784,-2.359223927328E-15,0.5));
#4447 = ADVANCED_FACE('',(#4448),#4466,.T.);
#4448 = FACE_BOUND('',#4449,.T.);
#4449 = EDGE_LOOP('',(#4450,#4458,#4464,#4465));
#4450 = ORIENTED_EDGE('',*,*,#4451,.F.);
#4451 = EDGE_CURVE('',#4452,#4424,#4454,.T.);
#4452 = VERTEX_POINT('',#4453);
#4453 = CARTESIAN_POINT('',(2.399195328007,-102.3738375884,
    93.424342867689));
#4454 = LINE('',#4455,#4456);
#4455 = CARTESIAN_POINT('',(2.399195328009,-102.3738375884,
    89.34067933595));
#4456 = VECTOR('',#4457,1.);
#4457 = DIRECTION('',(2.27E-15,5.E-16,1.));
#4458 = ORIENTED_EDGE('',*,*,#4459,.F.);
#4459 = EDGE_CURVE('',#4220,#4452,#4460,.T.);
#4460 = LINE('',#4461,#4462);
#4461 = CARTESIAN_POINT('',(1.999195328007,-102.7738375884,
    93.655282975365));
#4462 = VECTOR('',#4463,1.);
#4463 = DIRECTION('',(0.654653670708,0.654653670708,-0.377964473009));
#4464 = ORIENTED_EDGE('',*,*,#4260,.T.);
#4465 = ORIENTED_EDGE('',*,*,#4431,.T.);
#4466 = PLANE('',#4467);
#4467 = AXIS2_PLACEMENT_3D('',#4468,#4469,#4470);
#4468 = CARTESIAN_POINT('',(2.199195328007,-102.5738375884,
    90.769202024602));
#4469 = DIRECTION('',(-0.707106781186,0.707106781187,1.25E-15));
#4470 = DIRECTION('',(-3.571116523517E-15,-5.338883476483E-15,1.));
#4471 = ADVANCED_FACE('',(#4472),#4483,.T.);
#4472 = FACE_BOUND('',#4473,.T.);
#4473 = EDGE_LOOP('',(#4474,#4475,#4481,#4482));
#4474 = ORIENTED_EDGE('',*,*,#4459,.T.);
#4475 = ORIENTED_EDGE('',*,*,#4476,.F.);
#4476 = EDGE_CURVE('',#4377,#4452,#4477,.T.);
#4477 = LINE('',#4478,#4479);
#4478 = CARTESIAN_POINT('',(1.814905398052,-102.3738375884,
    93.087002919343));
#4479 = VECTOR('',#4480,1.);
#4480 = DIRECTION('',(0.866025403784,-1.48E-15,0.5));
#4481 = ORIENTED_EDGE('',*,*,#4376,.T.);
#4482 = ORIENTED_EDGE('',*,*,#4229,.T.);
#4483 = PLANE('',#4484);
#4484 = AXIS2_PLACEMENT_3D('',#4485,#4486,#4487);
#4485 = CARTESIAN_POINT('',(1.167776849362,-102.5738375884,
    92.944323185235));
#4486 = DIRECTION('',(-0.353553390593,0.707106781187,0.612372435696));
#4487 = DIRECTION('',(0.866025403784,-3.30291349826E-15,0.5));
#4488 = ADVANCED_FACE('',(#4489),#4500,.T.);
#4489 = FACE_BOUND('',#4490,.T.);
#4490 = EDGE_LOOP('',(#4491,#4492,#4493,#4494));
#4491 = ORIENTED_EDGE('',*,*,#4400,.T.);
#4492 = ORIENTED_EDGE('',*,*,#4437,.F.);
#4493 = ORIENTED_EDGE('',*,*,#4250,.F.);
#4494 = ORIENTED_EDGE('',*,*,#4495,.T.);
#4495 = EDGE_CURVE('',#4251,#4401,#4496,.T.);
#4496 = LINE('',#4497,#4498);
#4497 = CARTESIAN_POINT('',(1.082671144467,-108.3735405761,
    96.49383953621));
#4498 = VECTOR('',#4499,1.);
#4499 = DIRECTION('',(-0.866025403784,4.387E-14,0.5));
#4500 = PLANE('',#4501);
#4501 = AXIS2_PLACEMENT_3D('',#4502,#4503,#4504);
#4502 = CARTESIAN_POINT('',(2.024195328007,-108.3735553204,
    95.950250295394));
#4503 = DIRECTION('',(-0.5,-7.12E-14,-0.866025403784));
#4504 = DIRECTION('',(-0.866025403784,4.416E-14,0.5));
#4505 = ADVANCED_FACE('',(#4506,#4514),#4525,.F.);
#4506 = FACE_BOUND('',#4507,.F.);
#4507 = EDGE_LOOP('',(#4508,#4509,#4510,#4511,#4512,#4513));
#4508 = ORIENTED_EDGE('',*,*,#4236,.T.);
#4509 = ORIENTED_EDGE('',*,*,#4267,.T.);
#4510 = ORIENTED_EDGE('',*,*,#4495,.T.);
#4511 = ORIENTED_EDGE('',*,*,#4408,.F.);
#4512 = ORIENTED_EDGE('',*,*,#4298,.F.);
#4513 = ORIENTED_EDGE('',*,*,#4205,.F.);
#4514 = FACE_BOUND('',#4515,.F.);
#4515 = EDGE_LOOP('',(#4516));
#4516 = ORIENTED_EDGE('',*,*,#4517,.F.);
#4517 = EDGE_CURVE('',#4518,#4518,#4520,.T.);
#4518 = VERTEX_POINT('',#4519);
#4519 = CARTESIAN_POINT('',(-8.04671998395E-04,-108.3735401346,
    93.259983513745));
#4520 = CIRCLE('',#4521,1.55);
#4521 = AXIS2_PLACEMENT_3D('',#4522,#4523,#4524);
#4522 = CARTESIAN_POINT('',(-8.046719983962E-04,-108.3735401346,
    94.809983513745));
#4523 = DIRECTION('',(-2.44E-15,-1.,8.39E-14));
#4524 = DIRECTION('',(-6.5E-16,8.39E-14,1.));
#4525 = PLANE('',#4526);
#4526 = AXIS2_PLACEMENT_3D('',#4527,#4528,#4529);
#4527 = CARTESIAN_POINT('',(0.19252263154,-108.3735434915,
    94.033869819343));
#4528 = DIRECTION('',(-2.22E-15,-1.,8.39E-14));
#4529 = DIRECTION('',(0.,8.39E-14,1.));
#4530 = ADVANCED_FACE('',(#4531),#4558,.F.);
#4531 = FACE_BOUND('',#4532,.F.);
#4532 = EDGE_LOOP('',(#4533,#4543,#4550,#4551));
#4533 = ORIENTED_EDGE('',*,*,#4534,.T.);
#4534 = EDGE_CURVE('',#4535,#4537,#4539,.T.);
#4535 = VERTEX_POINT('',#4536);
#4536 = CARTESIAN_POINT('',(-3.050804671998,-110.7085180906,
    94.809983513745));
#4537 = VERTEX_POINT('',#4538);
#4538 = CARTESIAN_POINT('',(-3.050804671998,-109.7085401346,
    94.809983513826));
#4539 = LINE('',#4540,#4541);
#4540 = CARTESIAN_POINT('',(-3.050804671998,-106.5411745153,
    94.809983513745));
#4541 = VECTOR('',#4542,1.);
#4542 = DIRECTION('',(1.321E-14,1.,-7.206E-14));
#4543 = ORIENTED_EDGE('',*,*,#4544,.T.);
#4544 = EDGE_CURVE('',#4537,#4537,#4545,.T.);
#4545 = CIRCLE('',#4546,3.05);
#4546 = AXIS2_PLACEMENT_3D('',#4547,#4548,#4549);
#4547 = CARTESIAN_POINT('',(-8.046719983996E-04,-109.7085401346,
    94.809983513745));
#4548 = DIRECTION('',(-2.11E-15,-1.,-8.45E-15));
#4549 = DIRECTION('',(1.,-2.11E-15,1.141E-14));
#4550 = ORIENTED_EDGE('',*,*,#4534,.F.);
#4551 = ORIENTED_EDGE('',*,*,#4552,.T.);
#4552 = EDGE_CURVE('',#4535,#4535,#4553,.T.);
#4553 = CIRCLE('',#4554,3.05);
#4554 = AXIS2_PLACEMENT_3D('',#4555,#4556,#4557);
#4555 = CARTESIAN_POINT('',(-8.046719984128E-04,-110.7085180906,
    94.809983513745));
#4556 = DIRECTION('',(2.E-15,1.,-5.E-16));
#4557 = DIRECTION('',(1.,-2.E-15,1.141E-14));
#4558 = CYLINDRICAL_SURFACE('',#4559,3.05);
#4559 = AXIS2_PLACEMENT_3D('',#4560,#4561,#4562);
#4560 = CARTESIAN_POINT('',(-8.046719983578E-04,-106.5411745153,
    94.809983513745));
#4561 = DIRECTION('',(1.321E-14,1.,-7.206E-14));
#4562 = DIRECTION('',(1.,-1.321E-14,1.141E-14));
#4563 = ADVANCED_FACE('',(#4564,#4567),#4578,.F.);
#4564 = FACE_BOUND('',#4565,.F.);
#4565 = EDGE_LOOP('',(#4566));
#4566 = ORIENTED_EDGE('',*,*,#4544,.F.);
#4567 = FACE_BOUND('',#4568,.F.);
#4568 = EDGE_LOOP('',(#4569));
#4569 = ORIENTED_EDGE('',*,*,#4570,.T.);
#4570 = EDGE_CURVE('',#4571,#4571,#4573,.T.);
#4571 = VERTEX_POINT('',#4572);
#4572 = CARTESIAN_POINT('',(-8.04671998398E-04,-109.7085401346,
    93.259983513745));
#4573 = CIRCLE('',#4574,1.55);
#4574 = AXIS2_PLACEMENT_3D('',#4575,#4576,#4577);
#4575 = CARTESIAN_POINT('',(-8.046719983994E-04,-109.7085401346,
    94.809983513745));
#4576 = DIRECTION('',(-2.11E-15,-1.,-8.45E-15));
#4577 = DIRECTION('',(-6.5E-16,-8.45E-15,1.));
#4578 = PLANE('',#4579);
#4579 = AXIS2_PLACEMENT_3D('',#4580,#4581,#4582);
#4580 = CARTESIAN_POINT('',(-5.080467199338E-02,-109.7085434915,
    91.717439284286));
#4581 = DIRECTION('',(1.88E-15,1.,8.45E-15));
#4582 = DIRECTION('',(-6.5E-16,-8.45E-15,1.));
#4583 = ADVANCED_FACE('',(#4584),#4595,.F.);
#4584 = FACE_BOUND('',#4585,.F.);
#4585 = EDGE_LOOP('',(#4586,#4592,#4593,#4594));
#4586 = ORIENTED_EDGE('',*,*,#4587,.T.);
#4587 = EDGE_CURVE('',#4518,#4571,#4588,.T.);
#4588 = LINE('',#4589,#4590);
#4589 = CARTESIAN_POINT('',(-8.046719983939E-04,-107.8735494015,
    93.259983513745));
#4590 = VECTOR('',#4591,1.);
#4591 = DIRECTION('',(-2.11E-15,-1.,-8.45E-15));
#4592 = ORIENTED_EDGE('',*,*,#4570,.F.);
#4593 = ORIENTED_EDGE('',*,*,#4587,.F.);
#4594 = ORIENTED_EDGE('',*,*,#4517,.T.);
#4595 = CYLINDRICAL_SURFACE('',#4596,1.55);
#4596 = AXIS2_PLACEMENT_3D('',#4597,#4598,#4599);
#4597 = CARTESIAN_POINT('',(-8.046719983951E-04,-107.8735494015,
    94.809983513745));
#4598 = DIRECTION('',(-2.11E-15,-1.,-8.45E-15));
#4599 = DIRECTION('',(-6.5E-16,-8.45E-15,1.));
#4600 = ADVANCED_FACE('',(#4601),#4628,.F.);
#4601 = FACE_BOUND('',#4602,.F.);
#4602 = EDGE_LOOP('',(#4603,#4613,#4620,#4621));
#4603 = ORIENTED_EDGE('',*,*,#4604,.T.);
#4604 = EDGE_CURVE('',#4605,#4607,#4609,.T.);
#4605 = VERTEX_POINT('',#4606);
#4606 = CARTESIAN_POINT('',(14.299598034735,-101.2719341313,
    90.971508569113));
#4607 = VERTEX_POINT('',#4608);
#4608 = CARTESIAN_POINT('',(14.299598034735,-101.0718613592,
    91.318044775627));
#4609 = LINE('',#4610,#4611);
#4610 = CARTESIAN_POINT('',(14.299598034735,-101.2719341313,
    90.971508569113));
#4611 = VECTOR('',#4612,1.);
#4612 = DIRECTION('',(6.6E-15,0.5,0.866025403784));
#4613 = ORIENTED_EDGE('',*,*,#4614,.T.);
#4614 = EDGE_CURVE('',#4607,#4607,#4615,.T.);
#4615 = CIRCLE('',#4616,3.1);
#4616 = AXIS2_PLACEMENT_3D('',#4617,#4618,#4619);
#4617 = CARTESIAN_POINT('',(17.399598034735,-101.0718613592,
    91.318044775627));
#4618 = DIRECTION('',(-1.12E-15,-0.5,-0.866025403784));
#4619 = DIRECTION('',(1.,-7.000784930204E-15,2.748640461007E-15));
#4620 = ORIENTED_EDGE('',*,*,#4604,.F.);
#4621 = ORIENTED_EDGE('',*,*,#4622,.T.);
#4622 = EDGE_CURVE('',#4605,#4605,#4623,.T.);
#4623 = CIRCLE('',#4624,3.1);
#4624 = AXIS2_PLACEMENT_3D('',#4625,#4626,#4627);
#4625 = CARTESIAN_POINT('',(17.399598034735,-101.2719341313,
    90.971508569113));
#4626 = DIRECTION('',(1.15E-15,0.5,0.866025403784));
#4627 = DIRECTION('',(1.,-7.017794549147E-15,2.723819952931E-15));
#4628 = CYLINDRICAL_SURFACE('',#4629,3.1);
#4629 = AXIS2_PLACEMENT_3D('',#4630,#4631,#4632);
#4630 = CARTESIAN_POINT('',(17.399598034735,-101.2719341313,
    90.971508569113));
#4631 = DIRECTION('',(6.6E-15,0.5,0.866025403784));
#4632 = DIRECTION('',(1.,-9.738974596216E-15,-1.998223948547E-15));
#4633 = ADVANCED_FACE('',(#4634),#4661,.F.);
#4634 = FACE_BOUND('',#4635,.F.);
#4635 = EDGE_LOOP('',(#4636,#4646,#4653,#4654));
#4636 = ORIENTED_EDGE('',*,*,#4637,.T.);
#4637 = EDGE_CURVE('',#4638,#4640,#4642,.T.);
#4638 = VERTEX_POINT('',#4639);
#4639 = CARTESIAN_POINT('',(15.999598034735,-104.5219341313,
    85.342343444514));
#4640 = VERTEX_POINT('',#4641);
#4641 = CARTESIAN_POINT('',(15.999598034735,-102.2719341313,
    89.239457761544));
#4642 = LINE('',#4643,#4644);
#4643 = CARTESIAN_POINT('',(15.999598034735,-105.1711388496,
    84.217887887911));
#4644 = VECTOR('',#4645,1.);
#4645 = DIRECTION('',(-1.913E-14,0.5,0.866025403784));
#4646 = ORIENTED_EDGE('',*,*,#4647,.F.);
#4647 = EDGE_CURVE('',#4640,#4640,#4648,.T.);
#4648 = CIRCLE('',#4649,1.4);
#4649 = AXIS2_PLACEMENT_3D('',#4650,#4651,#4652);
#4650 = CARTESIAN_POINT('',(17.399598034735,-102.2719341313,
    89.239457761544));
#4651 = DIRECTION('',(1.15E-15,0.5,0.866025403784));
#4652 = DIRECTION('',(1.,-7.017794549147E-15,2.723819952931E-15));
#4653 = ORIENTED_EDGE('',*,*,#4637,.F.);
#4654 = ORIENTED_EDGE('',*,*,#4655,.F.);
#4655 = EDGE_CURVE('',#4638,#4638,#4656,.T.);
#4656 = CIRCLE('',#4657,1.4);
#4657 = AXIS2_PLACEMENT_3D('',#4658,#4659,#4660);
#4658 = CARTESIAN_POINT('',(17.399598034735,-104.5219341313,
    85.342343444514));
#4659 = DIRECTION('',(-1.15E-15,-0.5,-0.866025403784));
#4660 = DIRECTION('',(1.,-7.017794549147E-15,2.723819952931E-15));
#4661 = CYLINDRICAL_SURFACE('',#4662,1.4);
#4662 = AXIS2_PLACEMENT_3D('',#4663,#4664,#4665);
#4663 = CARTESIAN_POINT('',(17.399598034735,-105.1711388496,
    84.217887887911));
#4664 = DIRECTION('',(-1.913E-14,0.5,0.866025403784));
#4665 = DIRECTION('',(1.,3.131002405626E-15,2.028173621747E-14));
#4666 = ADVANCED_FACE('',(#4667,#4678),#4681,.F.);
#4667 = FACE_BOUND('',#4668,.T.);
#4668 = EDGE_LOOP('',(#4669));
#4669 = ORIENTED_EDGE('',*,*,#4670,.F.);
#4670 = EDGE_CURVE('',#4671,#4671,#4673,.T.);
#4671 = VERTEX_POINT('',#4672);
#4672 = CARTESIAN_POINT('',(15.899598034735,-102.2719341313,
    89.239457761544));
#4673 = CIRCLE('',#4674,1.5);
#4674 = AXIS2_PLACEMENT_3D('',#4675,#4676,#4677);
#4675 = CARTESIAN_POINT('',(17.399598034735,-102.2719341313,
    89.239457761544));
#4676 = DIRECTION('',(-1.15E-15,-0.5,-0.866025403784));
#4677 = DIRECTION('',(1.,-3.675257738807E-16,-1.115714514652E-15));
#4678 = FACE_BOUND('',#4679,.T.);
#4679 = EDGE_LOOP('',(#4680));
#4680 = ORIENTED_EDGE('',*,*,#4647,.F.);
#4681 = PLANE('',#4682);
#4682 = AXIS2_PLACEMENT_3D('',#4683,#4684,#4685);
#4683 = CARTESIAN_POINT('',(17.399598034735,-102.2719341313,
    89.239457761544));
#4684 = DIRECTION('',(-1.15E-15,-0.5,-0.866025403784));
#4685 = DIRECTION('',(1.,-3.675257738807E-16,-1.115714514652E-15));
#4686 = ADVANCED_FACE('',(#4687),#4706,.F.);
#4687 = FACE_BOUND('',#4688,.F.);
#4688 = EDGE_LOOP('',(#4689,#4697,#4698,#4699));
#4689 = ORIENTED_EDGE('',*,*,#4690,.T.);
#4690 = EDGE_CURVE('',#4691,#4671,#4693,.T.);
#4691 = VERTEX_POINT('',#4692);
#4692 = CARTESIAN_POINT('',(15.899598034735,-102.0719341313,
    89.585867923058));
#4693 = LINE('',#4694,#4695);
#4694 = CARTESIAN_POINT('',(15.899598034735,-101.7719341313,
    90.105483165329));
#4695 = VECTOR('',#4696,1.);
#4696 = DIRECTION('',(-1.15E-15,-0.5,-0.866025403784));
#4697 = ORIENTED_EDGE('',*,*,#4670,.F.);
#4698 = ORIENTED_EDGE('',*,*,#4690,.F.);
#4699 = ORIENTED_EDGE('',*,*,#4700,.T.);
#4700 = EDGE_CURVE('',#4691,#4691,#4701,.T.);
#4701 = CIRCLE('',#4702,1.5);
#4702 = AXIS2_PLACEMENT_3D('',#4703,#4704,#4705);
#4703 = CARTESIAN_POINT('',(17.399598034735,-102.0719341313,
    89.585867923058));
#4704 = DIRECTION('',(-1.15E-15,-0.5,-0.866025403784));
#4705 = DIRECTION('',(1.,-3.675257738807E-16,-1.115714514652E-15));
#4706 = CYLINDRICAL_SURFACE('',#4707,1.5);
#4707 = AXIS2_PLACEMENT_3D('',#4708,#4709,#4710);
#4708 = CARTESIAN_POINT('',(17.399598034735,-101.7719341313,
    90.105483165329));
#4709 = DIRECTION('',(-1.15E-15,-0.5,-0.866025403784));
#4710 = DIRECTION('',(1.,-3.675257738807E-16,-1.115714514652E-15));
#4711 = ADVANCED_FACE('',(#4712),#4723,.F.);
#4712 = FACE_BOUND('',#4713,.F.);
#4713 = EDGE_LOOP('',(#4714,#4720,#4721,#4722));
#4714 = ORIENTED_EDGE('',*,*,#4715,.T.);
#4715 = EDGE_CURVE('',#4605,#4691,#4716,.T.);
#4716 = LINE('',#4717,#4718);
#4717 = CARTESIAN_POINT('',(15.149598034735,-101.6969341313,
    90.235386975896));
#4718 = VECTOR('',#4719,1.);
#4719 = DIRECTION('',(0.707106781187,-0.353553390593,-0.612372435696));
#4720 = ORIENTED_EDGE('',*,*,#4700,.F.);
#4721 = ORIENTED_EDGE('',*,*,#4715,.F.);
#4722 = ORIENTED_EDGE('',*,*,#4622,.F.);
#4723 = CONICAL_SURFACE('',#4724,2.25,0.785398163397);
#4724 = AXIS2_PLACEMENT_3D('',#4725,#4726,#4727);
#4725 = CARTESIAN_POINT('',(17.399598034735,-101.6969341313,
    90.235386975896));
#4726 = DIRECTION('',(1.34E-15,0.5,0.866025403784));
#4727 = DIRECTION('',(1.,-7.111012516844E-15,2.558246269382E-15));
#4728 = ADVANCED_FACE('',(#4729),#4732,.F.);
#4729 = FACE_BOUND('',#4730,.T.);
#4730 = EDGE_LOOP('',(#4731));
#4731 = ORIENTED_EDGE('',*,*,#4655,.F.);
#4732 = PLANE('',#4733);
#4733 = AXIS2_PLACEMENT_3D('',#4734,#4735,#4736);
#4734 = CARTESIAN_POINT('',(17.399598034735,-104.5219341313,
    85.342343444514));
#4735 = DIRECTION('',(-1.15E-15,-0.5,-0.866025403784));
#4736 = DIRECTION('',(1.,-3.675257738807E-16,-1.115714514652E-15));
#4737 = ADVANCED_FACE('',(#4738),#4749,.F.);
#4738 = FACE_BOUND('',#4739,.T.);
#4739 = EDGE_LOOP('',(#4740));
#4740 = ORIENTED_EDGE('',*,*,#4741,.F.);
#4741 = EDGE_CURVE('',#4742,#4742,#4744,.T.);
#4742 = VERTEX_POINT('',#4743);
#4743 = CARTESIAN_POINT('',(-16.00040196793,-104.5219341313,
    85.34234344536));
#4744 = CIRCLE('',#4745,1.4);
#4745 = AXIS2_PLACEMENT_3D('',#4746,#4747,#4748);
#4746 = CARTESIAN_POINT('',(-17.40040196793,-104.5219341313,
    85.342343445434));
#4747 = DIRECTION('',(-4.462219E-11,-0.5,-0.866025403784));
#4748 = DIRECTION('',(-1.,-2.306350601885E-12,5.28568389575E-11));
#4749 = PLANE('',#4750);
#4750 = AXIS2_PLACEMENT_3D('',#4751,#4752,#4753);
#4751 = CARTESIAN_POINT('',(-17.40040196793,-104.5219341313,
    85.342343445434));
#4752 = DIRECTION('',(-4.462219E-11,-0.5,-0.866025403784));
#4753 = DIRECTION('',(1.,-3.713843682424E-16,-5.15250523978E-11));
#4754 = ADVANCED_FACE('',(#4755),#4774,.F.);
#4755 = FACE_BOUND('',#4756,.F.);
#4756 = EDGE_LOOP('',(#4757,#4765,#4772,#4773));
#4757 = ORIENTED_EDGE('',*,*,#4758,.T.);
#4758 = EDGE_CURVE('',#4742,#4759,#4761,.T.);
#4759 = VERTEX_POINT('',#4760);
#4760 = CARTESIAN_POINT('',(-16.00040196773,-102.2719341313,
    89.23945776239));
#4761 = LINE('',#4762,#4763);
#4762 = CARTESIAN_POINT('',(-16.00040196799,-105.1711388496,
    84.217887888757));
#4763 = VECTOR('',#4764,1.);
#4764 = DIRECTION('',(4.464247E-11,0.5,0.866025403784));
#4765 = ORIENTED_EDGE('',*,*,#4766,.F.);
#4766 = EDGE_CURVE('',#4759,#4759,#4767,.T.);
#4767 = CIRCLE('',#4768,1.4);
#4768 = AXIS2_PLACEMENT_3D('',#4769,#4770,#4771);
#4769 = CARTESIAN_POINT('',(-17.40040196773,-102.2719341313,
    89.239457762464));
#4770 = DIRECTION('',(4.462219E-11,0.5,0.866025403784));
#4771 = DIRECTION('',(-1.,-2.306350601885E-12,5.28568389575E-11));
#4772 = ORIENTED_EDGE('',*,*,#4758,.F.);
#4773 = ORIENTED_EDGE('',*,*,#4741,.F.);
#4774 = CYLINDRICAL_SURFACE('',#4775,1.4);
#4775 = AXIS2_PLACEMENT_3D('',#4776,#4777,#4778);
#4776 = CARTESIAN_POINT('',(-17.40040196799,-105.1711388496,
    84.217887888831));
#4777 = DIRECTION('',(-4.464247E-11,-0.5,-0.866025403784));
#4778 = DIRECTION('',(-1.,-2.29620930493E-12,5.28744012039E-11));
#4779 = ADVANCED_FACE('',(#4780),#4816,.F.);
#4780 = FACE_BOUND('',#4781,.F.);
#4781 = EDGE_LOOP('',(#4782,#4792,#4801,#4808,#4809));
#4782 = ORIENTED_EDGE('',*,*,#4783,.T.);
#4783 = EDGE_CURVE('',#4784,#4786,#4788,.T.);
#4784 = VERTEX_POINT('',#4785);
#4785 = CARTESIAN_POINT('',(-14.30040196764,-101.2719341313,
    90.971508569869));
#4786 = VERTEX_POINT('',#4787);
#4787 = CARTESIAN_POINT('',(-15.90040196771,-102.0719341313,
    89.585867923898));
#4788 = LINE('',#4789,#4790);
#4789 = CARTESIAN_POINT('',(-15.15040196768,-101.6969341313,
    90.235386976697));
#4790 = VECTOR('',#4791,1.);
#4791 = DIRECTION('',(-0.707106781218,-0.353553390595,-0.612372435658));
#4792 = ORIENTED_EDGE('',*,*,#4793,.F.);
#4793 = EDGE_CURVE('',#4794,#4786,#4796,.T.);
#4794 = VERTEX_POINT('',#4795);
#4795 = CARTESIAN_POINT('',(-18.90040196771,-102.0719341313,
    89.585867924055));
#4796 = CIRCLE('',#4797,1.5);
#4797 = AXIS2_PLACEMENT_3D('',#4798,#4799,#4800);
#4798 = CARTESIAN_POINT('',(-17.40040196771,-102.0719341313,
    89.585867923978));
#4799 = DIRECTION('',(-4.462219E-11,-0.5,-0.866025403784));
#4800 = DIRECTION('',(1.,-3.713843682424E-16,-5.15250523978E-11));
#4801 = ORIENTED_EDGE('',*,*,#4802,.F.);
#4802 = EDGE_CURVE('',#4786,#4794,#4803,.T.);
#4803 = CIRCLE('',#4804,1.5);
#4804 = AXIS2_PLACEMENT_3D('',#4805,#4806,#4807);
#4805 = CARTESIAN_POINT('',(-17.40040196771,-102.0719341313,
    89.585867923978));
#4806 = DIRECTION('',(-4.462219E-11,-0.5,-0.866025403784));
#4807 = DIRECTION('',(1.,-3.713843682424E-16,-5.15250523978E-11));
#4808 = ORIENTED_EDGE('',*,*,#4783,.F.);
#4809 = ORIENTED_EDGE('',*,*,#4810,.T.);
#4810 = EDGE_CURVE('',#4784,#4784,#4811,.T.);
#4811 = CIRCLE('',#4812,3.1);
#4812 = AXIS2_PLACEMENT_3D('',#4813,#4814,#4815);
#4813 = CARTESIAN_POINT('',(-17.40040196764,-101.2719341313,
    90.971508570033));
#4814 = DIRECTION('',(-4.462219E-11,-0.5,-0.866025403784));
#4815 = DIRECTION('',(-1.,-2.306350601885E-12,5.28568389575E-11));
#4816 = CONICAL_SURFACE('',#4817,2.25,0.785398163397);
#4817 = AXIS2_PLACEMENT_3D('',#4818,#4819,#4820);
#4818 = CARTESIAN_POINT('',(-17.40040196768,-101.6969341313,
    90.235386976816));
#4819 = DIRECTION('',(4.4622E-11,0.5,0.866025403784));
#4820 = DIRECTION('',(-1.,-2.306451319853E-12,5.285667771395E-11));
#4821 = ADVANCED_FACE('',(#4822,#4833),#4836,.F.);
#4822 = FACE_BOUND('',#4823,.T.);
#4823 = EDGE_LOOP('',(#4824));
#4824 = ORIENTED_EDGE('',*,*,#4825,.F.);
#4825 = EDGE_CURVE('',#4826,#4826,#4828,.T.);
#4826 = VERTEX_POINT('',#4827);
#4827 = CARTESIAN_POINT('',(-18.90040196773,-102.2719341313,
    89.239457762541));
#4828 = CIRCLE('',#4829,1.5);
#4829 = AXIS2_PLACEMENT_3D('',#4830,#4831,#4832);
#4830 = CARTESIAN_POINT('',(-17.40040196773,-102.2719341313,
    89.239457762464));
#4831 = DIRECTION('',(-4.462219E-11,-0.5,-0.866025403784));
#4832 = DIRECTION('',(1.,-3.713843682424E-16,-5.15250523978E-11));
#4833 = FACE_BOUND('',#4834,.T.);
#4834 = EDGE_LOOP('',(#4835));
#4835 = ORIENTED_EDGE('',*,*,#4766,.F.);
#4836 = PLANE('',#4837);
#4837 = AXIS2_PLACEMENT_3D('',#4838,#4839,#4840);
#4838 = CARTESIAN_POINT('',(-17.40040196773,-102.2719341313,
    89.239457762464));
#4839 = DIRECTION('',(-4.462219E-11,-0.5,-0.866025403784));
#4840 = DIRECTION('',(1.,-3.713843682424E-16,-5.15250523978E-11));
#4841 = ADVANCED_FACE('',(#4842),#4854,.F.);
#4842 = FACE_BOUND('',#4843,.F.);
#4843 = EDGE_LOOP('',(#4844,#4850,#4851,#4852,#4853));
#4844 = ORIENTED_EDGE('',*,*,#4845,.T.);
#4845 = EDGE_CURVE('',#4794,#4826,#4846,.T.);
#4846 = LINE('',#4847,#4848);
#4847 = CARTESIAN_POINT('',(-18.90040196768,-101.7719341313,
    90.105483166325));
#4848 = VECTOR('',#4849,1.);
#4849 = DIRECTION('',(-4.462219E-11,-0.5,-0.866025403784));
#4850 = ORIENTED_EDGE('',*,*,#4825,.F.);
#4851 = ORIENTED_EDGE('',*,*,#4845,.F.);
#4852 = ORIENTED_EDGE('',*,*,#4793,.T.);
#4853 = ORIENTED_EDGE('',*,*,#4802,.T.);
#4854 = CYLINDRICAL_SURFACE('',#4855,1.5);
#4855 = AXIS2_PLACEMENT_3D('',#4856,#4857,#4858);
#4856 = CARTESIAN_POINT('',(-17.40040196768,-101.7719341313,
    90.105483166248));
#4857 = DIRECTION('',(-4.462219E-11,-0.5,-0.866025403784));
#4858 = DIRECTION('',(1.,-3.713843682424E-16,-5.15250523978E-11));
#4859 = ADVANCED_FACE('',(#4860),#4879,.F.);
#4860 = FACE_BOUND('',#4861,.F.);
#4861 = EDGE_LOOP('',(#4862,#4870,#4877,#4878));
#4862 = ORIENTED_EDGE('',*,*,#4863,.T.);
#4863 = EDGE_CURVE('',#4784,#4864,#4866,.T.);
#4864 = VERTEX_POINT('',#4865);
#4865 = CARTESIAN_POINT('',(-14.30040196764,-101.0718613591,
    91.31804477652));
#4866 = LINE('',#4867,#4868);
#4867 = CARTESIAN_POINT('',(-14.30040196764,-101.2719341312,
    90.971508569989));
#4868 = VECTOR('',#4869,1.);
#4869 = DIRECTION('',(6.6E-15,0.5,0.866025403784));
#4870 = ORIENTED_EDGE('',*,*,#4871,.T.);
#4871 = EDGE_CURVE('',#4864,#4864,#4872,.T.);
#4872 = CIRCLE('',#4873,3.1);
#4873 = AXIS2_PLACEMENT_3D('',#4874,#4875,#4876);
#4874 = CARTESIAN_POINT('',(-17.40040196764,-101.0718613592,
    91.318044776564));
#4875 = DIRECTION('',(-4.462204E-11,-0.5,-0.866025403784));
#4876 = DIRECTION('',(-1.,-2.306421810233E-12,5.285670686458E-11));
#4877 = ORIENTED_EDGE('',*,*,#4863,.F.);
#4878 = ORIENTED_EDGE('',*,*,#4810,.F.);
#4879 = CYLINDRICAL_SURFACE('',#4880,3.1);
#4880 = AXIS2_PLACEMENT_3D('',#4881,#4882,#4883);
#4881 = CARTESIAN_POINT('',(-17.40040196764,-101.2719341313,
    90.971508570033));
#4882 = DIRECTION('',(6.6E-15,0.5,0.866025403784));
#4883 = DIRECTION('',(-1.,-2.461415123325E-11,1.421860786395E-11));
#4884 = ADVANCED_FACE('',(#4885),#4942,.F.);
#4885 = FACE_BOUND('',#4886,.F.);
#4886 = EDGE_LOOP('',(#4887,#4897,#4934,#4935));
#4887 = ORIENTED_EDGE('',*,*,#4888,.T.);
#4888 = EDGE_CURVE('',#4889,#4891,#4893,.T.);
#4889 = VERTEX_POINT('',#4890);
#4890 = CARTESIAN_POINT('',(-14.40040196847,-147.7041415677,
    93.409534680765));
#4891 = VERTEX_POINT('',#4892);
#4892 = CARTESIAN_POINT('',(-14.40040196846,-151.675009961,
    93.409534680929));
#4893 = LINE('',#4894,#4895);
#4894 = CARTESIAN_POINT('',(-14.40040196847,-149.8891341056,
    93.409534680765));
#4895 = VECTOR('',#4896,1.);
#4896 = DIRECTION('',(2.30137E-12,-1.,-1.058E-14));
#4897 = ORIENTED_EDGE('',*,*,#4898,.T.);
#4898 = EDGE_CURVE('',#4891,#4891,#4899,.T.);
#4899 = B_SPLINE_CURVE_WITH_KNOTS('',3,(#4900,#4901,#4902,#4903,#4904,
    #4905,#4906,#4907,#4908,#4909,#4910,#4911,#4912,#4913,#4914,#4915,
    #4916,#4917,#4918,#4919,#4920,#4921,#4922,#4923,#4924,#4925,#4926,
    #4927,#4928,#4929,#4930,#4931,#4932,#4933),.UNSPECIFIED.,.T.,.F.,(1,
    3,2,2,2,2,2,2,2,2,2,2,2,2,2,2,2,3,1),(-0.11664218098,0.,
    0.11664218098,0.23328436196,0.352727798113,0.472171234265,
    0.598360609043,0.724549983821,0.842122600367,0.959695216912,
    1.077267833457,1.194840450002,1.32102982478,1.447219199558,
    1.566662635711,1.686106071864,1.802748252844,1.919390433824,
    2.036032614804),.UNSPECIFIED.);
#4900 = CARTESIAN_POINT('',(-14.40040196846,-151.675009961,
    93.409534680929));
#4901 = CARTESIAN_POINT('',(-14.40040196846,-151.675009961,
    93.020727410995));
#4902 = CARTESIAN_POINT('',(-14.47805365118,-151.6706870174,
    92.606035934004));
#4903 = CARTESIAN_POINT('',(-14.79338601526,-151.6450320064,
    91.843564066141));
#4904 = CARTESIAN_POINT('',(-15.03107106783,-151.6227706438,
    91.495817034723));
#4905 = CARTESIAN_POINT('',(-15.58418579841,-151.5509033484,
    90.94066595002));
#4906 = CARTESIAN_POINT('',(-15.93816613634,-151.4956678674,
    90.70000482604));
#4907 = CARTESIAN_POINT('',(-16.705644525,-151.3377577882,
    90.384556475061));
#4908 = CARTESIAN_POINT('',(-17.1188530447,-151.2341461961,
    90.309534680929));
#4909 = CARTESIAN_POINT('',(-17.90350005143,-151.0002161367,
    90.309534680929));
#4910 = CARTESIAN_POINT('',(-18.32690010943,-150.8523104957,
    90.392384606963));
#4911 = CARTESIAN_POINT('',(-19.09970298776,-150.5422711684,
    90.720942170967));
#4912 = CARTESIAN_POINT('',(-19.44952143705,-150.3808915672,
    90.966383169708));
#4913 = CARTESIAN_POINT('',(-19.98405807295,-150.115502811,
    91.517800069697));
#4914 = CARTESIAN_POINT('',(-20.21319255771,-149.9909918087,
    91.855497875336));
#4915 = CARTESIAN_POINT('',(-20.52153147971,-149.8174465275,
    92.605148224838));
#4916 = CARTESIAN_POINT('',(-20.60040196847,-149.770092169,
    93.017625959111));
#4917 = CARTESIAN_POINT('',(-20.60040196847,-149.770092169,
    93.801443402746));
#4918 = CARTESIAN_POINT('',(-20.52153147971,-149.8174465275,
    94.213921137019));
#4919 = CARTESIAN_POINT('',(-20.21319255771,-149.9909918087,
    94.963571486521));
#4920 = CARTESIAN_POINT('',(-19.98405807295,-150.115502811,
    95.30126929216));
#4921 = CARTESIAN_POINT('',(-19.44952143705,-150.3808915672,
    95.85268619215));
#4922 = CARTESIAN_POINT('',(-19.09970298776,-150.5422711684,
    96.09812719089));
#4923 = CARTESIAN_POINT('',(-18.32690010943,-150.8523104957,
    96.426684754894));
#4924 = CARTESIAN_POINT('',(-17.90350005143,-151.0002161367,
    96.509534680929));
#4925 = CARTESIAN_POINT('',(-17.1188530447,-151.2341461961,
    96.509534680929));
#4926 = CARTESIAN_POINT('',(-16.705644525,-151.3377577882,
    96.434512886796));
#4927 = CARTESIAN_POINT('',(-15.93816613634,-151.4956678674,
    96.119064535817));
#4928 = CARTESIAN_POINT('',(-15.58418579841,-151.5509033484,
    95.878403411837));
#4929 = CARTESIAN_POINT('',(-15.03107106783,-151.6227706438,
    95.323252327134));
#4930 = CARTESIAN_POINT('',(-14.79338601526,-151.6450320064,
    94.975505295716));
#4931 = CARTESIAN_POINT('',(-14.47805365118,-151.6706870174,
    94.213033427853));
#4932 = CARTESIAN_POINT('',(-14.40040196846,-151.675009961,
    93.798341950862));
#4933 = CARTESIAN_POINT('',(-14.40040196846,-151.675009961,
    93.409534680929));
#4934 = ORIENTED_EDGE('',*,*,#4888,.F.);
#4935 = ORIENTED_EDGE('',*,*,#4936,.F.);
#4936 = EDGE_CURVE('',#4889,#4889,#4937,.T.);
#4937 = CIRCLE('',#4938,3.1);
#4938 = AXIS2_PLACEMENT_3D('',#4939,#4940,#4941);
#4939 = CARTESIAN_POINT('',(-17.50040196847,-147.7041415677,
    93.409534680929));
#4940 = DIRECTION('',(-2.30137E-12,1.,1.058E-14));
#4941 = DIRECTION('',(-1.,-2.301370000001E-12,5.285399E-11));
#4942 = CYLINDRICAL_SURFACE('',#4943,3.1);
#4943 = AXIS2_PLACEMENT_3D('',#4944,#4945,#4946);
#4944 = CARTESIAN_POINT('',(-17.50040196847,-149.8891341056,
    93.409534680929));
#4945 = DIRECTION('',(-2.30137E-12,1.,1.058E-14));
#4946 = DIRECTION('',(-1.,-2.301370000001E-12,5.285399E-11));
#4947 = ADVANCED_FACE('',(#4948,#4951),#4962,.T.);
#4948 = FACE_BOUND('',#4949,.T.);
#4949 = EDGE_LOOP('',(#4950));
#4950 = ORIENTED_EDGE('',*,*,#4936,.F.);
#4951 = FACE_BOUND('',#4952,.T.);
#4952 = EDGE_LOOP('',(#4953));
#4953 = ORIENTED_EDGE('',*,*,#4954,.T.);
#4954 = EDGE_CURVE('',#4955,#4955,#4957,.T.);
#4955 = VERTEX_POINT('',#4956);
#4956 = CARTESIAN_POINT('',(-15.95040196847,-147.7041415677,
    93.409990217895));
#4957 = CIRCLE('',#4958,1.55);
#4958 = AXIS2_PLACEMENT_3D('',#4959,#4960,#4961);
#4959 = CARTESIAN_POINT('',(-17.50040196847,-147.7041415677,
    93.409990217977));
#4960 = DIRECTION('',(-2.30137E-12,1.,1.058E-14));
#4961 = DIRECTION('',(-1.,-2.301370000001E-12,5.285479E-11));
#4962 = PLANE('',#4963);
#4963 = AXIS2_PLACEMENT_3D('',#4964,#4965,#4966);
#4964 = CARTESIAN_POINT('',(-17.20040280581,-147.7041415677,
    94.216988588207));
#4965 = DIRECTION('',(2.30137E-12,-1.,-1.058E-14));
#4966 = DIRECTION('',(1.,2.301370000001E-12,-5.285399E-11));
#4967 = ADVANCED_FACE('',(#4968),#4979,.F.);
#4968 = FACE_BOUND('',#4969,.F.);
#4969 = EDGE_LOOP('',(#4970,#4976,#4977,#4978));
#4970 = ORIENTED_EDGE('',*,*,#4971,.T.);
#4971 = EDGE_CURVE('',#3299,#4955,#4972,.T.);
#4972 = LINE('',#4973,#4974);
#4973 = CARTESIAN_POINT('',(-15.95040196845,-158.3891654483,
    93.409990217895));
#4974 = VECTOR('',#4975,1.);
#4975 = DIRECTION('',(2.30122E-12,-1.,-8.21E-15));
#4976 = ORIENTED_EDGE('',*,*,#4954,.T.);
#4977 = ORIENTED_EDGE('',*,*,#4971,.F.);
#4978 = ORIENTED_EDGE('',*,*,#3298,.T.);
#4979 = CYLINDRICAL_SURFACE('',#4980,1.55);
#4980 = AXIS2_PLACEMENT_3D('',#4981,#4982,#4983);
#4981 = CARTESIAN_POINT('',(-17.50040196845,-158.3891654483,
    93.409990217977));
#4982 = DIRECTION('',(-2.30122E-12,1.,8.21E-15));
#4983 = DIRECTION('',(-1.,-2.30122E-12,5.285479E-11));
#4984 = ADVANCED_FACE('',(#4985),#5004,.F.);
#4985 = FACE_BOUND('',#4986,.F.);
#4986 = EDGE_LOOP('',(#4987,#4995,#5002,#5003));
#4987 = ORIENTED_EDGE('',*,*,#4988,.T.);
#4988 = EDGE_CURVE('',#2910,#4989,#4991,.T.);
#4989 = VERTEX_POINT('',#4990);
#4990 = CARTESIAN_POINT('',(15.949598038001,-147.7041415677,
    93.409990217052));
#4991 = LINE('',#4992,#4993);
#4992 = CARTESIAN_POINT('',(15.949598038001,-158.3891654482,
    93.409990217052));
#4993 = VECTOR('',#4994,1.);
#4994 = DIRECTION('',(-1.88E-15,-1.,-8.21E-15));
#4995 = ORIENTED_EDGE('',*,*,#4996,.T.);
#4996 = EDGE_CURVE('',#4989,#4989,#4997,.T.);
#4997 = CIRCLE('',#4998,1.55);
#4998 = AXIS2_PLACEMENT_3D('',#4999,#5000,#5001);
#4999 = CARTESIAN_POINT('',(17.499598038001,-147.7041415677,
    93.409990217052));
#5000 = DIRECTION('',(2.04E-15,1.,1.058E-14));
#5001 = DIRECTION('',(1.,-2.04E-15,6.7E-16));
#5002 = ORIENTED_EDGE('',*,*,#4988,.F.);
#5003 = ORIENTED_EDGE('',*,*,#2909,.F.);
#5004 = CYLINDRICAL_SURFACE('',#5005,1.55);
#5005 = AXIS2_PLACEMENT_3D('',#5006,#5007,#5008);
#5006 = CARTESIAN_POINT('',(17.499598038001,-158.3891654482,
    93.409990217052));
#5007 = DIRECTION('',(-1.88E-15,-1.,-8.21E-15));
#5008 = DIRECTION('',(1.,-1.88E-15,6.7E-16));
#5009 = ADVANCED_FACE('',(#5010,#5021),#5024,.F.);
#5010 = FACE_BOUND('',#5011,.T.);
#5011 = EDGE_LOOP('',(#5012));
#5012 = ORIENTED_EDGE('',*,*,#5013,.F.);
#5013 = EDGE_CURVE('',#5014,#5014,#5016,.T.);
#5014 = VERTEX_POINT('',#5015);
#5015 = CARTESIAN_POINT('',(14.399598038001,-147.7041415677,
    93.409534680004));
#5016 = CIRCLE('',#5017,3.1);
#5017 = AXIS2_PLACEMENT_3D('',#5018,#5019,#5020);
#5018 = CARTESIAN_POINT('',(17.499598038001,-147.7041415677,
    93.409534680004));
#5019 = DIRECTION('',(2.04E-15,1.,1.058E-14));
#5020 = DIRECTION('',(1.,-2.04E-15,-1.3E-16));
#5021 = FACE_BOUND('',#5022,.T.);
#5022 = EDGE_LOOP('',(#5023));
#5023 = ORIENTED_EDGE('',*,*,#4996,.T.);
#5024 = PLANE('',#5025);
#5025 = AXIS2_PLACEMENT_3D('',#5026,#5027,#5028);
#5026 = CARTESIAN_POINT('',(17.199598875381,-147.7041415677,
    94.216988587297));
#5027 = DIRECTION('',(2.04E-15,1.,1.058E-14));
#5028 = DIRECTION('',(-1.,2.04E-15,1.3E-16));
#5029 = ADVANCED_FACE('',(#5030),#5086,.F.);
#5030 = FACE_BOUND('',#5031,.F.);
#5031 = EDGE_LOOP('',(#5032,#5040,#5063,#5084,#5085));
#5032 = ORIENTED_EDGE('',*,*,#5033,.T.);
#5033 = EDGE_CURVE('',#5014,#5034,#5036,.T.);
#5034 = VERTEX_POINT('',#5035);
#5035 = CARTESIAN_POINT('',(14.399598038001,-151.6750341507,
    93.409534680004));
#5036 = LINE('',#5037,#5038);
#5037 = CARTESIAN_POINT('',(14.399598038001,-149.8891341055,
    93.409534680004));
#5038 = VECTOR('',#5039,1.);
#5039 = DIRECTION('',(-2.04E-15,-1.,-1.058E-14));
#5040 = ORIENTED_EDGE('',*,*,#5041,.T.);
#5041 = EDGE_CURVE('',#5034,#5042,#5044,.T.);
#5042 = VERTEX_POINT('',#5043);
#5043 = CARTESIAN_POINT('',(20.599598038001,-149.7703131697,
    93.409534680004));
#5044 = B_SPLINE_CURVE_WITH_KNOTS('',3,(#5045,#5046,#5047,#5048,#5049,
    #5050,#5051,#5052,#5053,#5054,#5055,#5056,#5057,#5058,#5059,#5060,
    #5061,#5062),.UNSPECIFIED.,.F.,.F.,(4,2,2,2,2,2,2,2,4),(
    0.959724891219,1.07636714973,1.193009408241,1.312452118225,
    1.43189482821,1.558082654331,1.684270480453,1.801843039802,
    1.919415599151),.UNSPECIFIED.);
#5045 = CARTESIAN_POINT('',(14.399598038001,-151.6750341507,
    93.409534680004));
#5046 = CARTESIAN_POINT('',(14.399598038001,-151.6750341507,
    93.798342208374));
#5047 = CARTESIAN_POINT('',(14.477249810146,-151.670713296,
    94.213033987324));
#5048 = CARTESIAN_POINT('',(14.79258275085,-151.6450667734,
    94.97550656114));
#5049 = CARTESIAN_POINT('',(15.030268292852,-151.622811815,
    95.323254006162));
#5050 = CARTESIAN_POINT('',(15.583382997044,-151.5509596554,
    95.878404011457));
#5051 = CARTESIAN_POINT('',(15.937362264187,-151.4957341624,
    96.119064488227));
#5052 = CARTESIAN_POINT('',(16.704839633343,-151.3378462305,
    96.43451256143));
#5053 = CARTESIAN_POINT('',(17.11804824955,-151.2342467976,
    96.509534680004));
#5054 = CARTESIAN_POINT('',(17.90269453814,-151.0003408708,
    96.509534680004));
#5055 = CARTESIAN_POINT('',(18.32609349659,-150.8524491656,
    96.426685337002));
#5056 = CARTESIAN_POINT('',(19.098894769138,-150.5424366575,
    96.098129570457));
#5057 = CARTESIAN_POINT('',(19.448712681005,-150.3810699588,
    95.852689755786));
#5058 = CARTESIAN_POINT('',(19.983251363383,-150.1157004275,
    95.301273474983));
#5059 = CARTESIAN_POINT('',(20.212387324135,-149.9911976791,
    94.963574096208));
#5060 = CARTESIAN_POINT('',(20.520727618232,-149.8176641456,
    94.213921525938));
#5061 = CARTESIAN_POINT('',(20.599598038001,-149.7703131697,
    93.801443211168));
#5062 = CARTESIAN_POINT('',(20.599598038001,-149.7703131697,
    93.409534680004));
#5063 = ORIENTED_EDGE('',*,*,#5064,.T.);
#5064 = EDGE_CURVE('',#5042,#5034,#5065,.T.);
#5065 = B_SPLINE_CURVE_WITH_KNOTS('',3,(#5066,#5067,#5068,#5069,#5070,
    #5071,#5072,#5073,#5074,#5075,#5076,#5077,#5078,#5079,#5080,#5081,
    #5082,#5083),.UNSPECIFIED.,.F.,.F.,(4,2,2,2,2,2,2,2,4),(0.,
    0.120142133552,0.240284267103,0.363919610665,0.487554954228,
    0.606997664212,0.726440374196,0.843082632708,0.959724891219),
  .UNSPECIFIED.);
#5066 = CARTESIAN_POINT('',(20.599598038001,-149.7703131697,
    93.409534680004));
#5067 = CARTESIAN_POINT('',(20.599598038001,-149.7703131697,
    93.009060901498));
#5068 = CARTESIAN_POINT('',(20.517305363903,-149.819749136,
    92.588437745583));
#5069 = CARTESIAN_POINT('',(20.196852981997,-149.9997717502,
    91.826633641536));
#5070 = CARTESIAN_POINT('',(19.959019468538,-150.1285700776,
    91.484894067184));
#5071 = CARTESIAN_POINT('',(19.416464102247,-150.3961003409,
    90.942338700893));
#5072 = CARTESIAN_POINT('',(19.070823929116,-150.5544244389,
    90.705650656611));
#5073 = CARTESIAN_POINT('',(18.310055848445,-150.8581122643,
    90.389121126773));
#5074 = CARTESIAN_POINT('',(17.894540845205,-151.0027715165,
    90.309534680004));
#5075 = CARTESIAN_POINT('',(17.11804824955,-151.2342467976,
    90.309534680004));
#5076 = CARTESIAN_POINT('',(16.704839633343,-151.3378462305,
    90.384556798577));
#5077 = CARTESIAN_POINT('',(15.937362264187,-151.4957341624,
    90.70000487178));
#5078 = CARTESIAN_POINT('',(15.583382997044,-151.5509596554,
    90.94066534855));
#5079 = CARTESIAN_POINT('',(15.030268292852,-151.622811815,
    91.495815353845));
#5080 = CARTESIAN_POINT('',(14.79258275085,-151.6450667734,
    91.843562798868));
#5081 = CARTESIAN_POINT('',(14.477249810146,-151.670713296,
    92.606035372683));
#5082 = CARTESIAN_POINT('',(14.399598038001,-151.6750341507,
    93.020727151633));
#5083 = CARTESIAN_POINT('',(14.399598038001,-151.6750341507,
    93.409534680004));
#5084 = ORIENTED_EDGE('',*,*,#5033,.F.);
#5085 = ORIENTED_EDGE('',*,*,#5013,.F.);
#5086 = CYLINDRICAL_SURFACE('',#5087,3.1);
#5087 = AXIS2_PLACEMENT_3D('',#5088,#5089,#5090);
#5088 = CARTESIAN_POINT('',(17.499598038001,-149.8891341055,
    93.409534680004));
#5089 = DIRECTION('',(-2.04E-15,-1.,-1.058E-14));
#5090 = DIRECTION('',(1.,-2.04E-15,-1.3E-16));
#5091 = ADVANCED_FACE('',(#5092),#5137,.F.);
#5092 = FACE_BOUND('',#5093,.F.);
#5093 = EDGE_LOOP('',(#5094,#5105,#5114,#5122,#5131));
#5094 = ORIENTED_EDGE('',*,*,#5095,.T.);
#5095 = EDGE_CURVE('',#5096,#5098,#5100,.T.);
#5096 = VERTEX_POINT('',#5097);
#5097 = CARTESIAN_POINT('',(13.381904939863,-136.3738375826,
    94.251258371211));
#5098 = VERTEX_POINT('',#5099);
#5099 = CARTESIAN_POINT('',(12.98465991204,-137.3012416401,
    93.816161074386));
#5100 = ELLIPSE('',#5101,5.190930122631,3.5);
#5101 = AXIS2_PLACEMENT_3D('',#5102,#5103,#5104);
#5102 = CARTESIAN_POINT('',(9.999598034767,-135.4738375828,
    90.546661741001));
#5103 = DIRECTION('',(0.738500471238,6.22E-15,-0.674252959935));
#5104 = DIRECTION('',(0.674252959935,-1.728E-14,0.738500471238));
#5105 = ORIENTED_EDGE('',*,*,#5106,.T.);
#5106 = EDGE_CURVE('',#5098,#5107,#5109,.T.);
#5107 = VERTEX_POINT('',#5108);
#5108 = CARTESIAN_POINT('',(6.617291129672,-136.3738375826,
    93.816161074386));
#5109 = CIRCLE('',#5110,3.5);
#5110 = AXIS2_PLACEMENT_3D('',#5111,#5112,#5113);
#5111 = CARTESIAN_POINT('',(9.999598034767,-135.4738375828,
    93.816161074386));
#5112 = DIRECTION('',(-3.1E-16,-7.4E-16,-1.));
#5113 = DIRECTION('',(1.,-2.08E-14,-3.1E-16));
#5114 = ORIENTED_EDGE('',*,*,#5115,.T.);
#5115 = EDGE_CURVE('',#5107,#5116,#5118,.T.);
#5116 = VERTEX_POINT('',#5117);
#5117 = CARTESIAN_POINT('',(6.617291129672,-136.3738375826,
    92.511988587297));
#5118 = LINE('',#5119,#5120);
#5119 = CARTESIAN_POINT('',(6.617291129672,-136.3738375826,
    95.311988587298));
#5120 = VECTOR('',#5121,1.);
#5121 = DIRECTION('',(2.7E-16,4.41E-15,-1.));
#5122 = ORIENTED_EDGE('',*,*,#5123,.F.);
#5123 = EDGE_CURVE('',#5124,#5116,#5126,.T.);
#5124 = VERTEX_POINT('',#5125);
#5125 = CARTESIAN_POINT('',(13.381904939863,-136.3738375826,
    92.511988587297));
#5126 = CIRCLE('',#5127,3.5);
#5127 = AXIS2_PLACEMENT_3D('',#5128,#5129,#5130);
#5128 = CARTESIAN_POINT('',(9.999598034767,-135.4738375828,
    92.511988587297));
#5129 = DIRECTION('',(4.2E-16,4.46E-15,-1.));
#5130 = DIRECTION('',(1.,-2.08E-14,4.199999999999E-16));
#5131 = ORIENTED_EDGE('',*,*,#5132,.T.);
#5132 = EDGE_CURVE('',#5124,#5096,#5133,.T.);
#5133 = LINE('',#5134,#5135);
#5134 = CARTESIAN_POINT('',(13.381904939863,-136.3738375826,
    95.311988587298));
#5135 = VECTOR('',#5136,1.);
#5136 = DIRECTION('',(-2.7E-16,-4.41E-15,1.));
#5137 = CYLINDRICAL_SURFACE('',#5138,3.5);
#5138 = AXIS2_PLACEMENT_3D('',#5139,#5140,#5141);
#5139 = CARTESIAN_POINT('',(9.999598034767,-135.4738375828,
    95.311988587298));
#5140 = DIRECTION('',(2.7E-16,4.41E-15,-1.));
#5141 = DIRECTION('',(1.,-2.08E-14,2.699999999999E-16));
#5142 = ADVANCED_FACE('',(#5143),#5152,.F.);
#5143 = FACE_BOUND('',#5144,.T.);
#5144 = EDGE_LOOP('',(#5145,#5151));
#5145 = ORIENTED_EDGE('',*,*,#5146,.F.);
#5146 = EDGE_CURVE('',#5116,#5124,#5147,.T.);
#5147 = LINE('',#5148,#5149);
#5148 = CARTESIAN_POINT('',(6.999798969347,-136.3738375826,
    92.511988587297));
#5149 = VECTOR('',#5150,1.);
#5150 = DIRECTION('',(1.,-1.67E-15,4.2E-16));
#5151 = ORIENTED_EDGE('',*,*,#5123,.F.);
#5152 = PLANE('',#5153);
#5153 = AXIS2_PLACEMENT_3D('',#5154,#5155,#5156);
#5154 = CARTESIAN_POINT('',(9.999598034767,-135.4738375828,
    92.511988587297));
#5155 = DIRECTION('',(4.2E-16,4.46E-15,-1.));
#5156 = DIRECTION('',(1.,-2.08E-14,4.199999999999E-16));
#5157 = ADVANCED_FACE('',(#5158),#5191,.T.);
#5158 = FACE_BOUND('',#5159,.T.);
#5159 = EDGE_LOOP('',(#5160,#5161,#5169,#5177,#5185));
#5160 = ORIENTED_EDGE('',*,*,#5095,.T.);
#5161 = ORIENTED_EDGE('',*,*,#5162,.T.);
#5162 = EDGE_CURVE('',#5098,#5163,#5165,.T.);
#5163 = VERTEX_POINT('',#5164);
#5164 = CARTESIAN_POINT('',(12.98465991204,-141.4513218326,
    93.816161074386));
#5165 = LINE('',#5166,#5167);
#5166 = CARTESIAN_POINT('',(12.98465991204,-139.8586991685,
    93.816161074386));
#5167 = VECTOR('',#5168,1.);
#5168 = DIRECTION('',(9.09E-15,-1.,7.4E-16));
#5169 = ORIENTED_EDGE('',*,*,#5170,.F.);
#5170 = EDGE_CURVE('',#5171,#5163,#5173,.T.);
#5171 = VERTEX_POINT('',#5172);
#5172 = CARTESIAN_POINT('',(14.998285038493,-140.947915551,
    96.021658407206));
#5173 = LINE('',#5174,#5175);
#5174 = CARTESIAN_POINT('',(14.155648116695,-141.1585747814,
    95.098729179145));
#5175 = VECTOR('',#5176,1.);
#5176 = DIRECTION('',(-0.664873407714,-0.166218351928,-0.728227170049));
#5177 = ORIENTED_EDGE('',*,*,#5178,.F.);
#5178 = EDGE_CURVE('',#5179,#5171,#5181,.T.);
#5179 = VERTEX_POINT('',#5180);
#5180 = CARTESIAN_POINT('',(14.998285038493,-136.3738375826,
    96.021658407206));
#5181 = LINE('',#5182,#5183);
#5182 = CARTESIAN_POINT('',(14.998285038493,-141.623141753,
    96.021658407206));
#5183 = VECTOR('',#5184,1.);
#5184 = DIRECTION('',(9.09E-15,-1.,7.4E-16));
#5185 = ORIENTED_EDGE('',*,*,#5186,.F.);
#5186 = EDGE_CURVE('',#5096,#5179,#5187,.T.);
#5187 = LINE('',#5188,#5189);
#5188 = CARTESIAN_POINT('',(10.729639106171,-136.3738375826,
    91.346266202963));
#5189 = VECTOR('',#5190,1.);
#5190 = DIRECTION('',(0.674252959935,-5.8E-16,0.738500471238));
#5191 = PLANE('',#5192);
#5192 = AXIS2_PLACEMENT_3D('',#5193,#5194,#5195);
#5193 = CARTESIAN_POINT('',(14.303968363395,-146.8571419384,
    95.261182410486));
#5194 = DIRECTION('',(-0.738500471238,-6.22E-15,0.674252959935));
#5195 = DIRECTION('',(0.674252959935,1.7E-16,0.738500471238));
#5196 = ADVANCED_FACE('',(#5197,#5248),#5259,.F.);
#5197 = FACE_BOUND('',#5198,.T.);
#5198 = EDGE_LOOP('',(#5199,#5209,#5217,#5225,#5234,#5242));
#5199 = ORIENTED_EDGE('',*,*,#5200,.F.);
#5200 = EDGE_CURVE('',#5201,#5203,#5205,.T.);
#5201 = VERTEX_POINT('',#5202);
#5202 = CARTESIAN_POINT('',(1.499196180282,-135.7109726999,
    93.816161074386));
#5203 = VERTEX_POINT('',#5204);
#5204 = CARTESIAN_POINT('',(-1.500000110763,-135.7109726999,
    93.816161074386));
#5205 = LINE('',#5206,#5207);
#5206 = CARTESIAN_POINT('',(-4.019653452533E-04,-135.7109726999,
    93.816161074386));
#5207 = VECTOR('',#5208,1.);
#5208 = DIRECTION('',(-1.,1.265E-14,3.1E-16));
#5209 = ORIENTED_EDGE('',*,*,#5210,.T.);
#5210 = EDGE_CURVE('',#5201,#5211,#5213,.T.);
#5211 = VERTEX_POINT('',#5212);
#5212 = CARTESIAN_POINT('',(1.499196180282,-135.7109726999,
    92.909066480405));
#5213 = LINE('',#5214,#5215);
#5214 = CARTESIAN_POINT('',(1.499196180282,-135.7109726999,
    91.275357169802));
#5215 = VECTOR('',#5216,1.);
#5216 = DIRECTION('',(7.2E-16,-7.23E-14,-1.));
#5217 = ORIENTED_EDGE('',*,*,#5218,.T.);
#5218 = EDGE_CURVE('',#5211,#5219,#5221,.T.);
#5219 = VERTEX_POINT('',#5220);
#5220 = CARTESIAN_POINT('',(1.742607969245,-135.7109726999,
    92.45298068114));
#5221 = LINE('',#5222,#5223);
#5222 = CARTESIAN_POINT('',(2.038680738565,-135.7109726999,
    91.898222893067));
#5223 = VECTOR('',#5224,1.);
#5224 = DIRECTION('',(0.470838250754,-6.974E-14,-0.882219554094));
#5225 = ORIENTED_EDGE('',*,*,#5226,.T.);
#5226 = EDGE_CURVE('',#5219,#5227,#5229,.T.);
#5227 = VERTEX_POINT('',#5228);
#5228 = CARTESIAN_POINT('',(-1.743906737025,-135.7109726999,
    92.452053494291));
#5229 = CIRCLE('',#5230,3.);
#5230 = AXIS2_PLACEMENT_3D('',#5231,#5232,#5233);
#5231 = CARTESIAN_POINT('',(-9.606477364E-08,-135.7109726999,
    90.010990277654));
#5232 = DIRECTION('',(-2.31199E-12,1.,-7.23E-14));
#5233 = DIRECTION('',(-1.,-2.311989999996E-12,5.284423E-11));
#5234 = ORIENTED_EDGE('',*,*,#5235,.F.);
#5235 = EDGE_CURVE('',#5236,#5227,#5238,.T.);
#5236 = VERTEX_POINT('',#5237);
#5237 = CARTESIAN_POINT('',(-1.500000110811,-135.7109726999,
    92.909066480484));
#5238 = LINE('',#5239,#5240);
#5239 = CARTESIAN_POINT('',(-2.039484669146,-135.7109726999,
    91.898222893175));
#5240 = VECTOR('',#5241,1.);
#5241 = DIRECTION('',(-0.470838250801,-1.15235E-12,-0.88221955407));
#5242 = ORIENTED_EDGE('',*,*,#5243,.F.);
#5243 = EDGE_CURVE('',#5203,#5236,#5244,.T.);
#5244 = LINE('',#5245,#5246);
#5245 = CARTESIAN_POINT('',(-1.500000110897,-135.7109726999,
    91.275357169882));
#5246 = VECTOR('',#5247,1.);
#5247 = DIRECTION('',(-5.285484E-11,-7.23E-14,-1.));
#5248 = FACE_BOUND('',#5249,.T.);
#5249 = EDGE_LOOP('',(#5250));
#5250 = ORIENTED_EDGE('',*,*,#5251,.T.);
#5251 = EDGE_CURVE('',#5252,#5252,#5254,.T.);
#5252 = VERTEX_POINT('',#5253);
#5253 = CARTESIAN_POINT('',(-9.6064707E-08,-135.7109726999,
    89.010990277654));
#5254 = CIRCLE('',#5255,1.);
#5255 = AXIS2_PLACEMENT_3D('',#5256,#5257,#5258);
#5256 = CARTESIAN_POINT('',(-9.606470688E-08,-135.7109726999,
    90.010990277654));
#5257 = DIRECTION('',(-1.265E-14,-1.,7.23E-14));
#5258 = DIRECTION('',(-1.8E-16,7.23E-14,1.));
#5259 = PLANE('',#5260);
#5260 = AXIS2_PLACEMENT_3D('',#5261,#5262,#5263);
#5261 = CARTESIAN_POINT('',(-8.03834616818E-04,-135.7109726999,
    89.910990277654));
#5262 = DIRECTION('',(-1.265E-14,-1.,7.23E-14));
#5263 = DIRECTION('',(1.,-1.265E-14,-9.88E-15));
#5264 = ADVANCED_FACE('',(#5265),#5290,.F.);
#5265 = FACE_BOUND('',#5266,.T.);
#5266 = EDGE_LOOP('',(#5267,#5275,#5276,#5284));
#5267 = ORIENTED_EDGE('',*,*,#5268,.F.);
#5268 = EDGE_CURVE('',#5203,#5269,#5271,.T.);
#5269 = VERTEX_POINT('',#5270);
#5270 = CARTESIAN_POINT('',(-1.500000110769,-133.0109645862,
    93.816161074386));
#5271 = LINE('',#5272,#5273);
#5272 = CARTESIAN_POINT('',(-1.500000110768,-133.4788621167,
    93.816161074386));
#5273 = VECTOR('',#5274,1.);
#5274 = DIRECTION('',(-2.46839E-12,1.,-7.4E-16));
#5275 = ORIENTED_EDGE('',*,*,#5243,.T.);
#5276 = ORIENTED_EDGE('',*,*,#5277,.T.);
#5277 = EDGE_CURVE('',#5236,#5278,#5280,.T.);
#5278 = VERTEX_POINT('',#5279);
#5279 = CARTESIAN_POINT('',(-1.500000110817,-133.0109645862,
    92.909066480484));
#5280 = LINE('',#5281,#5282);
#5281 = CARTESIAN_POINT('',(-1.500000110815,-134.097472328,
    92.909066480484));
#5282 = VECTOR('',#5283,1.);
#5283 = DIRECTION('',(-2.46839E-12,1.,-7.23E-14));
#5284 = ORIENTED_EDGE('',*,*,#5285,.T.);
#5285 = EDGE_CURVE('',#5278,#5269,#5286,.T.);
#5286 = LINE('',#5287,#5288);
#5287 = CARTESIAN_POINT('',(-1.500000110751,-133.0109645862,
    94.169361976023));
#5288 = VECTOR('',#5289,1.);
#5289 = DIRECTION('',(5.285484E-11,-4.41E-15,1.));
#5290 = PLANE('',#5291);
#5291 = AXIS2_PLACEMENT_3D('',#5292,#5293,#5294);
#5292 = CARTESIAN_POINT('',(-1.500000110829,-134.0974678348,
    92.63972406203));
#5293 = DIRECTION('',(-1.,-2.46839E-12,5.285484E-11));
#5294 = DIRECTION('',(2.46839E-12,-1.,-4.41E-15));
#5295 = ADVANCED_FACE('',(#5296),#5329,.F.);
#5296 = FACE_BOUND('',#5297,.T.);
#5297 = EDGE_LOOP('',(#5298,#5306,#5307,#5315,#5323));
#5298 = ORIENTED_EDGE('',*,*,#5299,.F.);
#5299 = EDGE_CURVE('',#5269,#5300,#5302,.T.);
#5300 = VERTEX_POINT('',#5301);
#5301 = CARTESIAN_POINT('',(-1.900000110776,-132.6109645862,
    93.816161074386));
#5302 = LINE('',#5303,#5304);
#5303 = CARTESIAN_POINT('',(-1.262677153979,-133.248287543,
    93.816161074386));
#5304 = VECTOR('',#5305,1.);
#5305 = DIRECTION('',(-0.707106781188,0.707106781185,-3.E-16));
#5306 = ORIENTED_EDGE('',*,*,#5285,.F.);
#5307 = ORIENTED_EDGE('',*,*,#5308,.F.);
#5308 = EDGE_CURVE('',#5309,#5278,#5311,.T.);
#5309 = VERTEX_POINT('',#5310);
#5310 = CARTESIAN_POINT('',(-1.62277969481,-132.8881850022,
    92.679011786215));
#5311 = LINE('',#5312,#5313);
#5312 = CARTESIAN_POINT('',(-1.291459721849,-133.2195049751,
    93.29981300256));
#5313 = VECTOR('',#5314,1.);
#5314 = DIRECTION('',(0.425982214129,-0.425982214085,0.798171852754));
#5315 = ORIENTED_EDGE('',*,*,#5316,.T.);
#5316 = EDGE_CURVE('',#5309,#5317,#5319,.T.);
#5317 = VERTEX_POINT('',#5318);
#5318 = CARTESIAN_POINT('',(-1.900000110822,-132.6109645862,
    92.830564703688));
#5319 = B_SPLINE_CURVE_WITH_KNOTS('',2,(#5320,#5321,#5322),
  .UNSPECIFIED.,.F.,.F.,(3,3),(19.256838888433,19.392415546294),
  .PIECEWISE_BEZIER_KNOTS.);
#5320 = CARTESIAN_POINT('',(-1.62277969481,-132.8881850022,
    92.679011786215));
#5321 = CARTESIAN_POINT('',(-1.757561853101,-132.7534028439,
    92.754788250061));
#5322 = CARTESIAN_POINT('',(-1.900000108101,-132.6109645889,
    92.830564713907));
#5323 = ORIENTED_EDGE('',*,*,#5324,.F.);
#5324 = EDGE_CURVE('',#5300,#5317,#5325,.T.);
#5325 = LINE('',#5326,#5327);
#5326 = CARTESIAN_POINT('',(-1.900000110717,-132.6109645862,
    94.93426496304));
#5327 = VECTOR('',#5328,1.);
#5328 = DIRECTION('',(-5.28497E-11,-7.4E-16,-1.));
#5329 = PLANE('',#5330);
#5330 = AXIS2_PLACEMENT_3D('',#5331,#5332,#5333);
#5331 = CARTESIAN_POINT('',(-1.700000110751,-132.8109645862,
    94.169361976033));
#5332 = DIRECTION('',(-0.707106781185,-0.707106781188,3.73709E-11));
#5333 = DIRECTION('',(5.285534180911E-11,-4.908190892353E-15,1.));
#5334 = ADVANCED_FACE('',(#5335),#5377,.T.);
#5335 = FACE_BOUND('',#5336,.T.);
#5336 = EDGE_LOOP('',(#5337,#5347,#5355,#5363,#5371));
#5337 = ORIENTED_EDGE('',*,*,#5338,.F.);
#5338 = EDGE_CURVE('',#5339,#5341,#5343,.T.);
#5339 = VERTEX_POINT('',#5340);
#5340 = CARTESIAN_POINT('',(1.899196180284,-132.6109645862,
    93.816161074386));
#5341 = VERTEX_POINT('',#5342);
#5342 = CARTESIAN_POINT('',(1.499196180283,-133.0109645862,
    93.816161074386));
#5343 = LINE('',#5344,#5345);
#5344 = CARTESIAN_POINT('',(1.262074158083,-133.2480866084,
    93.816161074386));
#5345 = VECTOR('',#5346,1.);
#5346 = DIRECTION('',(-0.707106781187,-0.707106781186,7.4E-16));
#5347 = ORIENTED_EDGE('',*,*,#5348,.F.);
#5348 = EDGE_CURVE('',#5349,#5339,#5351,.T.);
#5349 = VERTEX_POINT('',#5350);
#5350 = CARTESIAN_POINT('',(1.899196180283,-132.6109645862,
    92.831106144751));
#5351 = LINE('',#5352,#5353);
#5352 = CARTESIAN_POINT('',(1.899196180284,-132.6109645862,
    94.934264962939));
#5353 = VECTOR('',#5354,1.);
#5354 = DIRECTION('',(4.42E-15,7.4E-16,1.));
#5355 = ORIENTED_EDGE('',*,*,#5356,.F.);
#5356 = EDGE_CURVE('',#5357,#5349,#5359,.T.);
#5357 = VERTEX_POINT('',#5358);
#5358 = CARTESIAN_POINT('',(1.621775167726,-132.8883855988,
    92.679387648088));
#5359 = B_SPLINE_CURVE_WITH_KNOTS('',2,(#5360,#5361,#5362),
  .UNSPECIFIED.,.F.,.F.,(3,3),(1.91544415926E-02,6.075472247098E-02),
  .PIECEWISE_BEZIER_KNOTS.);
#5360 = CARTESIAN_POINT('',(1.621775167725,-132.8883855988,
    92.679387648087));
#5361 = CARTESIAN_POINT('',(1.756651311478,-132.753509455,
    92.755246896419));
#5362 = CARTESIAN_POINT('',(1.899196180284,-132.6109645862,
    92.831106144751));
#5363 = ORIENTED_EDGE('',*,*,#5364,.T.);
#5364 = EDGE_CURVE('',#5357,#5365,#5367,.T.);
#5365 = VERTEX_POINT('',#5366);
#5366 = CARTESIAN_POINT('',(1.499196180283,-133.0109645862,
    92.909066480405));
#5367 = LINE('',#5368,#5369);
#5368 = CARTESIAN_POINT('',(1.290655791336,-133.2195049751,
    93.299813002491));
#5369 = VECTOR('',#5370,1.);
#5370 = DIRECTION('',(-0.425982214086,-0.425982214086,0.798171852777));
#5371 = ORIENTED_EDGE('',*,*,#5372,.T.);
#5372 = EDGE_CURVE('',#5365,#5341,#5373,.T.);
#5373 = LINE('',#5374,#5375);
#5374 = CARTESIAN_POINT('',(1.499196180283,-133.0109645862,
    94.169361975943));
#5375 = VECTOR('',#5376,1.);
#5376 = DIRECTION('',(-7.2E-16,-4.41E-15,1.));
#5377 = PLANE('',#5378);
#5378 = AXIS2_PLACEMENT_3D('',#5379,#5380,#5381);
#5379 = CARTESIAN_POINT('',(1.699196180283,-132.8109645862,
    94.169361975943));
#5380 = DIRECTION('',(-0.707106781186,0.707106781187,2.6E-15));
#5381 = DIRECTION('',(-1.226522368915E-15,-4.903477631085E-15,1.));
#5382 = ADVANCED_FACE('',(#5383),#5417,.F.);
#5383 = FACE_BOUND('',#5384,.F.);
#5384 = EDGE_LOOP('',(#5385,#5386,#5394,#5403,#5409,#5410));
#5385 = ORIENTED_EDGE('',*,*,#5356,.F.);
#5386 = ORIENTED_EDGE('',*,*,#5387,.T.);
#5387 = EDGE_CURVE('',#5357,#5388,#5390,.T.);
#5388 = VERTEX_POINT('',#5389);
#5389 = CARTESIAN_POINT('',(1.742607969245,-133.0109645862,
    92.452980681139));
#5390 = ( BOUNDED_CURVE() B_SPLINE_CURVE(2,(#5391,#5392,#5393),
.UNSPECIFIED.,.F.,.F.) B_SPLINE_CURVE_WITH_KNOTS((3,3),(
    2.476952276641E-02,5.404944084637E-02),.PIECEWISE_BEZIER_KNOTS.) 
CURVE() GEOMETRIC_REPRESENTATION_ITEM() RATIONAL_B_SPLINE_CURVE((
1.001488896046,1.00162445598,1.)) REPRESENTATION_ITEM('') );
#5391 = CARTESIAN_POINT('',(1.621775167726,-132.8883855988,
    92.679387648088));
#5392 = CARTESIAN_POINT('',(1.683401153746,-132.9550536005,
    92.563917739218));
#5393 = CARTESIAN_POINT('',(1.742607969267,-133.0109645862,
    92.452980681099));
#5394 = ORIENTED_EDGE('',*,*,#5395,.T.);
#5395 = EDGE_CURVE('',#5388,#5396,#5398,.T.);
#5396 = VERTEX_POINT('',#5397);
#5397 = CARTESIAN_POINT('',(-1.743906737031,-133.0109645862,
    92.45205349429));
#5398 = CIRCLE('',#5399,3.);
#5399 = AXIS2_PLACEMENT_3D('',#5400,#5401,#5402);
#5400 = CARTESIAN_POINT('',(-9.6071016E-08,-133.0109645862,
    90.010990277654));
#5401 = DIRECTION('',(-2.31199E-12,1.,-7.23E-14));
#5402 = DIRECTION('',(-1.,-2.311989999996E-12,5.284423E-11));
#5403 = ORIENTED_EDGE('',*,*,#5404,.T.);
#5404 = EDGE_CURVE('',#5396,#5309,#5405,.T.);
#5405 = ( BOUNDED_CURVE() B_SPLINE_CURVE(2,(#5406,#5407,#5408),
.UNSPECIFIED.,.F.,.F.) B_SPLINE_CURVE_WITH_KNOTS((3,3),(20.67565664471,
21.34649533389),.PIECEWISE_BEZIER_KNOTS.) CURVE() 
GEOMETRIC_REPRESENTATION_ITEM() RATIONAL_B_SPLINE_CURVE((21.445632809586
,21.236602107171,20.99248329871)) REPRESENTATION_ITEM('') );
#5406 = CARTESIAN_POINT('',(-1.743906737031,-133.0109645862,
    92.45205349429));
#5407 = CARTESIAN_POINT('',(-1.684557693656,-132.9549793485,
    92.563257047723));
#5408 = CARTESIAN_POINT('',(-1.622779699895,-132.8881849971,
    92.679011776687));
#5409 = ORIENTED_EDGE('',*,*,#5316,.T.);
#5410 = ORIENTED_EDGE('',*,*,#5411,.T.);
#5411 = EDGE_CURVE('',#5317,#5349,#5412,.T.);
#5412 = CIRCLE('',#5413,3.400000000002);
#5413 = AXIS2_PLACEMENT_3D('',#5414,#5415,#5416);
#5414 = CARTESIAN_POINT('',(-9.60719366E-08,-132.6109645862,
    90.010990277654));
#5415 = DIRECTION('',(-1.67E-15,-1.,7.4E-16));
#5416 = DIRECTION('',(-1.,1.670000000039E-15,5.284423E-11));
#5417 = CONICAL_SURFACE('',#5418,3.2,0.785398163396);
#5418 = AXIS2_PLACEMENT_3D('',#5419,#5420,#5421);
#5419 = CARTESIAN_POINT('',(-9.607147633E-08,-132.8109645862,
    90.010990277654));
#5420 = DIRECTION('',(-2.30137E-12,1.,4.91E-15));
#5421 = DIRECTION('',(1.686742777381E-04,5.298181852711E-15,
    -0.999999985774));
#5422 = ADVANCED_FACE('',(#5423),#5440,.T.);
#5423 = FACE_BOUND('',#5424,.T.);
#5424 = EDGE_LOOP('',(#5425,#5426,#5432,#5433,#5439));
#5425 = ORIENTED_EDGE('',*,*,#5387,.T.);
#5426 = ORIENTED_EDGE('',*,*,#5427,.F.);
#5427 = EDGE_CURVE('',#5219,#5388,#5428,.T.);
#5428 = LINE('',#5429,#5430);
#5429 = CARTESIAN_POINT('',(1.742607969245,-134.1609687248,
    92.45298068114));
#5430 = VECTOR('',#5431,1.);
#5431 = DIRECTION('',(1.265E-14,1.,-7.225E-14));
#5432 = ORIENTED_EDGE('',*,*,#5218,.F.);
#5433 = ORIENTED_EDGE('',*,*,#5434,.T.);
#5434 = EDGE_CURVE('',#5211,#5365,#5435,.T.);
#5435 = LINE('',#5436,#5437);
#5436 = CARTESIAN_POINT('',(1.499196180282,-134.097472328,
    92.909066480405));
#5437 = VECTOR('',#5438,1.);
#5438 = DIRECTION('',(1.6905E-13,1.,-7.23E-14));
#5439 = ORIENTED_EDGE('',*,*,#5364,.F.);
#5440 = PLANE('',#5441);
#5441 = AXIS2_PLACEMENT_3D('',#5442,#5443,#5444);
#5442 = CARTESIAN_POINT('',(1.665349264935,-134.097472328,
    92.597741943754));
#5443 = DIRECTION('',(-0.882219554094,1.151E-13,-0.470838250754));
#5444 = DIRECTION('',(-0.470838250754,-4.15E-15,0.882219554094));
#5445 = ADVANCED_FACE('',(#5446),#5457,.F.);
#5446 = FACE_BOUND('',#5447,.F.);
#5447 = EDGE_LOOP('',(#5448,#5449,#5450,#5456));
#5448 = ORIENTED_EDGE('',*,*,#5427,.F.);
#5449 = ORIENTED_EDGE('',*,*,#5226,.T.);
#5450 = ORIENTED_EDGE('',*,*,#5451,.F.);
#5451 = EDGE_CURVE('',#5396,#5227,#5452,.T.);
#5452 = LINE('',#5453,#5454);
#5453 = CARTESIAN_POINT('',(-1.743906737028,-134.097472328,
    92.45205349429));
#5454 = VECTOR('',#5455,1.);
#5455 = DIRECTION('',(2.31199E-12,-1.,7.23E-14));
#5456 = ORIENTED_EDGE('',*,*,#5395,.F.);
#5457 = CYLINDRICAL_SURFACE('',#5458,3.);
#5458 = AXIS2_PLACEMENT_3D('',#5459,#5460,#5461);
#5459 = CARTESIAN_POINT('',(-9.606850405E-08,-134.097472328,
    90.010990277654));
#5460 = DIRECTION('',(-2.31199E-12,1.,-7.23E-14));
#5461 = DIRECTION('',(2.659351514979E-04,-7.168515803251E-14,
    -0.999999964639));
#5462 = ADVANCED_FACE('',(#5463),#5474,.F.);
#5463 = FACE_BOUND('',#5464,.T.);
#5464 = EDGE_LOOP('',(#5465));
#5465 = ORIENTED_EDGE('',*,*,#5466,.F.);
#5466 = EDGE_CURVE('',#5467,#5467,#5469,.T.);
#5467 = VERTEX_POINT('',#5468);
#5468 = CARTESIAN_POINT('',(-9.6064814E-08,-144.2109726999,
    89.110990277655));
#5469 = CIRCLE('',#5470,0.9);
#5470 = AXIS2_PLACEMENT_3D('',#5471,#5472,#5473);
#5471 = CARTESIAN_POINT('',(-9.606481444E-08,-144.2109726999,
    90.010990277655));
#5472 = DIRECTION('',(-1.265E-14,-1.,7.249E-14));
#5473 = DIRECTION('',(-1.8E-16,7.249E-14,1.));
#5474 = PLANE('',#5475);
#5475 = AXIS2_PLACEMENT_3D('',#5476,#5477,#5478);
#5476 = CARTESIAN_POINT('',(-9.606481444E-08,-144.2109726999,
    90.010990277655));
#5477 = DIRECTION('',(-1.265E-14,-1.,7.249E-14));
#5478 = DIRECTION('',(-1.8E-16,7.249E-14,1.));
#5479 = ADVANCED_FACE('',(#5480),#5499,.F.);
#5480 = FACE_BOUND('',#5481,.F.);
#5481 = EDGE_LOOP('',(#5482,#5490,#5491,#5492));
#5482 = ORIENTED_EDGE('',*,*,#5483,.T.);
#5483 = EDGE_CURVE('',#5484,#5467,#5486,.T.);
#5484 = VERTEX_POINT('',#5485);
#5485 = CARTESIAN_POINT('',(-9.6064719E-08,-136.7109726999,
    89.110990277654));
#5486 = LINE('',#5487,#5488);
#5487 = CARTESIAN_POINT('',(-9.606474457E-08,-138.7109726999,
    89.110990277654));
#5488 = VECTOR('',#5489,1.);
#5489 = DIRECTION('',(-1.265E-14,-1.,7.249E-14));
#5490 = ORIENTED_EDGE('',*,*,#5466,.F.);
#5491 = ORIENTED_EDGE('',*,*,#5483,.F.);
#5492 = ORIENTED_EDGE('',*,*,#5493,.T.);
#5493 = EDGE_CURVE('',#5484,#5484,#5494,.T.);
#5494 = CIRCLE('',#5495,0.9);
#5495 = AXIS2_PLACEMENT_3D('',#5496,#5497,#5498);
#5496 = CARTESIAN_POINT('',(-9.606471958E-08,-136.7109726999,
    90.010990277654));
#5497 = DIRECTION('',(-1.265E-14,-1.,7.249E-14));
#5498 = DIRECTION('',(-1.8E-16,7.249E-14,1.));
#5499 = CYLINDRICAL_SURFACE('',#5500,0.9);
#5500 = AXIS2_PLACEMENT_3D('',#5501,#5502,#5503);
#5501 = CARTESIAN_POINT('',(-9.606474484E-08,-138.7109726999,
    90.010990277654));
#5502 = DIRECTION('',(-1.265E-14,-1.,7.249E-14));
#5503 = DIRECTION('',(-1.8E-16,7.249E-14,1.));
#5504 = ADVANCED_FACE('',(#5505,#5516),#5519,.F.);
#5505 = FACE_BOUND('',#5506,.T.);
#5506 = EDGE_LOOP('',(#5507));
#5507 = ORIENTED_EDGE('',*,*,#5508,.F.);
#5508 = EDGE_CURVE('',#5509,#5509,#5511,.T.);
#5509 = VERTEX_POINT('',#5510);
#5510 = CARTESIAN_POINT('',(-9.6064719E-08,-136.7109726999,
    89.010990277654));
#5511 = CIRCLE('',#5512,1.);
#5512 = AXIS2_PLACEMENT_3D('',#5513,#5514,#5515);
#5513 = CARTESIAN_POINT('',(-9.606471958E-08,-136.7109726999,
    90.010990277654));
#5514 = DIRECTION('',(-1.265E-14,-1.,7.249E-14));
#5515 = DIRECTION('',(-1.8E-16,7.249E-14,1.));
#5516 = FACE_BOUND('',#5517,.T.);
#5517 = EDGE_LOOP('',(#5518));
#5518 = ORIENTED_EDGE('',*,*,#5493,.T.);
#5519 = PLANE('',#5520);
#5520 = AXIS2_PLACEMENT_3D('',#5521,#5522,#5523);
#5521 = CARTESIAN_POINT('',(-9.606471958E-08,-136.7109726999,
    90.010990277654));
#5522 = DIRECTION('',(-1.265E-14,-1.,7.249E-14));
#5523 = DIRECTION('',(-1.8E-16,7.249E-14,1.));
#5524 = ADVANCED_FACE('',(#5525),#5536,.F.);
#5525 = FACE_BOUND('',#5526,.F.);
#5526 = EDGE_LOOP('',(#5527,#5533,#5534,#5535));
#5527 = ORIENTED_EDGE('',*,*,#5528,.T.);
#5528 = EDGE_CURVE('',#5252,#5509,#5529,.T.);
#5529 = LINE('',#5530,#5531);
#5530 = CARTESIAN_POINT('',(-9.606471293E-08,-136.2109726999,
    89.010990277654));
#5531 = VECTOR('',#5532,1.);
#5532 = DIRECTION('',(-1.265E-14,-1.,7.249E-14));
#5533 = ORIENTED_EDGE('',*,*,#5508,.F.);
#5534 = ORIENTED_EDGE('',*,*,#5528,.F.);
#5535 = ORIENTED_EDGE('',*,*,#5251,.T.);
#5536 = CYLINDRICAL_SURFACE('',#5537,1.);
#5537 = AXIS2_PLACEMENT_3D('',#5538,#5539,#5540);
#5538 = CARTESIAN_POINT('',(-9.606471323E-08,-136.2109726999,
    90.010990277654));
#5539 = DIRECTION('',(-1.265E-14,-1.,7.249E-14));
#5540 = DIRECTION('',(-1.8E-16,7.249E-14,1.));
#5541 = ADVANCED_FACE('',(#5542),#5553,.T.);
#5542 = FACE_BOUND('',#5543,.T.);
#5543 = EDGE_LOOP('',(#5544,#5550,#5551,#5552));
#5544 = ORIENTED_EDGE('',*,*,#5545,.F.);
#5545 = EDGE_CURVE('',#5341,#5201,#5546,.T.);
#5546 = LINE('',#5547,#5548);
#5547 = CARTESIAN_POINT('',(1.499196180283,-133.4788621167,
    93.816161074386));
#5548 = VECTOR('',#5549,1.);
#5549 = DIRECTION('',(-1.6905E-13,-1.,7.4E-16));
#5550 = ORIENTED_EDGE('',*,*,#5372,.F.);
#5551 = ORIENTED_EDGE('',*,*,#5434,.F.);
#5552 = ORIENTED_EDGE('',*,*,#5210,.F.);
#5553 = PLANE('',#5554);
#5554 = AXIS2_PLACEMENT_3D('',#5555,#5556,#5557);
#5555 = CARTESIAN_POINT('',(1.499196180282,-134.0974678348,
    92.639724061951));
#5556 = DIRECTION('',(-1.,1.6905E-13,-7.2E-16));
#5557 = DIRECTION('',(-1.6905E-13,-1.,-4.41E-15));
#5558 = ADVANCED_FACE('',(#5559),#5566,.F.);
#5559 = FACE_BOUND('',#5560,.T.);
#5560 = EDGE_LOOP('',(#5561,#5562,#5563,#5564,#5565));
#5561 = ORIENTED_EDGE('',*,*,#5451,.F.);
#5562 = ORIENTED_EDGE('',*,*,#5404,.T.);
#5563 = ORIENTED_EDGE('',*,*,#5308,.T.);
#5564 = ORIENTED_EDGE('',*,*,#5277,.F.);
#5565 = ORIENTED_EDGE('',*,*,#5235,.T.);
#5566 = PLANE('',#5567);
#5567 = AXIS2_PLACEMENT_3D('',#5568,#5569,#5570);
#5568 = CARTESIAN_POINT('',(-1.666153195483,-134.097472328,
    92.597741943843));
#5569 = DIRECTION('',(-0.88221955407,-2.14362E-12,0.470838250801));
#5570 = DIRECTION('',(0.470838250801,1.07846E-12,0.88221955407));
#5571 = ADVANCED_FACE('',(#5572),#5780,.T.);
#5572 = FACE_BOUND('',#5573,.T.);
#5573 = EDGE_LOOP('',(#5574,#5575,#5583,#5591,#5597,#5598,#5599,#5600,
    #5601,#5602,#5610,#5618,#5626,#5635,#5643,#5651,#5659,#5668,#5676,
    #5684,#5692,#5700,#5708,#5716,#5724,#5732,#5740,#5748,#5756,#5765,
    #5773,#5779));
#5574 = ORIENTED_EDGE('',*,*,#5106,.T.);
#5575 = ORIENTED_EDGE('',*,*,#5576,.F.);
#5576 = EDGE_CURVE('',#5577,#5107,#5579,.T.);
#5577 = VERTEX_POINT('',#5578);
#5578 = CARTESIAN_POINT('',(2.626651830622,-136.3738375826,
    93.816161074386));
#5579 = LINE('',#5580,#5581);
#5580 = CARTESIAN_POINT('',(1.999999903926,-136.3738375826,
    93.816161074386));
#5581 = VECTOR('',#5582,1.);
#5582 = DIRECTION('',(1.,-1.67E-15,-3.1E-16));
#5583 = ORIENTED_EDGE('',*,*,#5584,.F.);
#5584 = EDGE_CURVE('',#5585,#5577,#5587,.T.);
#5585 = VERTEX_POINT('',#5586);
#5586 = CARTESIAN_POINT('',(2.626651830622,-132.6109645862,
    93.816161074386));
#5587 = LINE('',#5588,#5589);
#5588 = CARTESIAN_POINT('',(2.626651830622,-132.8602563986,
    93.816161074386));
#5589 = VECTOR('',#5590,1.);
#5590 = DIRECTION('',(-1.51E-15,-1.,7.4E-16));
#5591 = ORIENTED_EDGE('',*,*,#5592,.F.);
#5592 = EDGE_CURVE('',#5339,#5585,#5593,.T.);
#5593 = LINE('',#5594,#5595);
#5594 = CARTESIAN_POINT('',(2.008387580256E-04,-132.6109645862,
    93.816161074386));
#5595 = VECTOR('',#5596,1.);
#5596 = DIRECTION('',(1.,-1.67E-15,-3.1E-16));
#5597 = ORIENTED_EDGE('',*,*,#5338,.T.);
#5598 = ORIENTED_EDGE('',*,*,#5545,.T.);
#5599 = ORIENTED_EDGE('',*,*,#5200,.T.);
#5600 = ORIENTED_EDGE('',*,*,#5268,.T.);
#5601 = ORIENTED_EDGE('',*,*,#5299,.T.);
#5602 = ORIENTED_EDGE('',*,*,#5603,.F.);
#5603 = EDGE_CURVE('',#5604,#5300,#5606,.T.);
#5604 = VERTEX_POINT('',#5605);
#5605 = CARTESIAN_POINT('',(-2.627080157442,-132.6109645862,
    93.816161074386));
#5606 = LINE('',#5607,#5608);
#5607 = CARTESIAN_POINT('',(2.008387580256E-04,-132.6109645862,
    93.816161074386));
#5608 = VECTOR('',#5609,1.);
#5609 = DIRECTION('',(1.,-1.67E-15,-3.1E-16));
#5610 = ORIENTED_EDGE('',*,*,#5611,.T.);
#5611 = EDGE_CURVE('',#5604,#5612,#5614,.T.);
#5612 = VERTEX_POINT('',#5613);
#5613 = CARTESIAN_POINT('',(-2.627080157444,-136.3738375826,
    93.816161074386));
#5614 = LINE('',#5615,#5616);
#5615 = CARTESIAN_POINT('',(-2.627080157442,-132.8602563986,
    93.816161074386));
#5616 = VECTOR('',#5617,1.);
#5617 = DIRECTION('',(-3.333E-13,-1.,7.4E-16));
#5618 = ORIENTED_EDGE('',*,*,#5619,.T.);
#5619 = EDGE_CURVE('',#5612,#5620,#5622,.T.);
#5620 = VERTEX_POINT('',#5621);
#5621 = CARTESIAN_POINT('',(-6.618095060131,-136.3738375826,
    93.816161074386));
#5622 = LINE('',#5623,#5624);
#5623 = CARTESIAN_POINT('',(-2.000428230748,-136.3738375826,
    93.816161074386));
#5624 = VECTOR('',#5625,1.);
#5625 = DIRECTION('',(-1.,3.3315E-13,-2.44E-15));
#5626 = ORIENTED_EDGE('',*,*,#5627,.T.);
#5627 = EDGE_CURVE('',#5620,#5628,#5630,.T.);
#5628 = VERTEX_POINT('',#5629);
#5629 = CARTESIAN_POINT('',(-12.98508823886,-137.3018550466,
    93.816161074386));
#5630 = CIRCLE('',#5631,3.5);
#5631 = AXIS2_PLACEMENT_3D('',#5632,#5633,#5634);
#5632 = CARTESIAN_POINT('',(-10.00040196523,-135.4738375828,
    93.816161074915));
#5633 = DIRECTION('',(-3.1E-16,-7.4E-16,-1.));
#5634 = DIRECTION('',(-1.,-2.32014E-12,3.100000000017E-16));
#5635 = ORIENTED_EDGE('',*,*,#5636,.T.);
#5636 = EDGE_CURVE('',#5628,#5637,#5639,.T.);
#5637 = VERTEX_POINT('',#5638);
#5638 = CARTESIAN_POINT('',(-12.98508823886,-141.4513218326,
    93.816161074386));
#5639 = LINE('',#5640,#5641);
#5640 = CARTESIAN_POINT('',(-12.98508823886,-139.8586991685,
    93.816161074386));
#5641 = VECTOR('',#5642,1.);
#5642 = DIRECTION('',(-3.439E-13,-1.,7.4E-16));
#5643 = ORIENTED_EDGE('',*,*,#5644,.T.);
#5644 = EDGE_CURVE('',#5637,#5645,#5647,.T.);
#5645 = VERTEX_POINT('',#5646);
#5646 = CARTESIAN_POINT('',(-12.64738649793,-141.5357472678,
    93.816161074386));
#5647 = LINE('',#5648,#5649);
#5648 = CARTESIAN_POINT('',(-8.462829508801,-142.5818865151,
    93.816161074386));
#5649 = VECTOR('',#5650,1.);
#5650 = DIRECTION('',(0.970142500145,-0.242535625037,2.54E-15));
#5651 = ORIENTED_EDGE('',*,*,#5652,.F.);
#5652 = EDGE_CURVE('',#5653,#5645,#5655,.T.);
#5653 = VERTEX_POINT('',#5654);
#5654 = CARTESIAN_POINT('',(-12.18054097156,-142.1566827929,
    93.816161074386));
#5655 = LINE('',#5656,#5657);
#5656 = CARTESIAN_POINT('',(-12.33061206321,-141.9570782839,
    93.816161074386));
#5657 = VECTOR('',#5658,1.);
#5658 = DIRECTION('',(-0.600941952155,0.799292668639,-2.05E-15));
#5659 = ORIENTED_EDGE('',*,*,#5660,.F.);
#5660 = EDGE_CURVE('',#5661,#5653,#5663,.T.);
#5661 = VERTEX_POINT('',#5662);
#5662 = CARTESIAN_POINT('',(-11.20382551615,-142.9421428988,
    93.816161074386));
#5663 = CIRCLE('',#5664,1.);
#5664 = AXIS2_PLACEMENT_3D('',#5665,#5666,#5667);
#5665 = CARTESIAN_POINT('',(-11.20382574498,-141.9421428988,
    93.816161074386));
#5666 = DIRECTION('',(2.44E-15,-7.4E-16,-1.));
#5667 = DIRECTION('',(-0.612121756895,-0.790763526433,
    -9.084120772631E-16));
#5668 = ORIENTED_EDGE('',*,*,#5669,.T.);
#5669 = EDGE_CURVE('',#5661,#5670,#5672,.T.);
#5670 = VERTEX_POINT('',#5671);
#5671 = CARTESIAN_POINT('',(-7.812428230751,-142.9421421228,
    93.816161074386));
#5672 = LINE('',#5673,#5674);
#5673 = CARTESIAN_POINT('',(-4.239355975844E-04,-142.9421403351,
    93.816161074386));
#5674 = VECTOR('',#5675,1.);
#5675 = DIRECTION('',(1.,2.2883067174E-07,2.44E-15));
#5676 = ORIENTED_EDGE('',*,*,#5677,.T.);
#5677 = EDGE_CURVE('',#5670,#5678,#5680,.T.);
#5678 = VERTEX_POINT('',#5679);
#5679 = CARTESIAN_POINT('',(-6.812428230751,-143.9421418939,
    93.816161074386));
#5680 = LINE('',#5681,#5682);
#5681 = CARTESIAN_POINT('',(-8.129899214872,-142.6246712113,
    93.816161074386));
#5682 = VECTOR('',#5683,1.);
#5683 = DIRECTION('',(0.70710686209,-0.707106700283,2.25E-15));
#5684 = ORIENTED_EDGE('',*,*,#5685,.T.);
#5685 = EDGE_CURVE('',#5678,#5686,#5688,.T.);
#5686 = VERTEX_POINT('',#5687);
#5687 = CARTESIAN_POINT('',(-6.812428230753,-150.013142062,
    93.816161074386));
#5688 = LINE('',#5689,#5690);
#5689 = CARTESIAN_POINT('',(-6.81242823075,-141.4366992303,
    93.816161074386));
#5690 = VECTOR('',#5691,1.);
#5691 = DIRECTION('',(-3.3335E-13,-1.,7.4E-16));
#5692 = ORIENTED_EDGE('',*,*,#5693,.T.);
#5693 = EDGE_CURVE('',#5686,#5694,#5696,.T.);
#5694 = VERTEX_POINT('',#5695);
#5695 = CARTESIAN_POINT('',(-1.153648123245,-150.013142062,
    93.816161074386));
#5696 = LINE('',#5697,#5698);
#5697 = CARTESIAN_POINT('',(0.541181715493,-150.013142062,
    93.816161074386));
#5698 = VECTOR('',#5699,1.);
#5699 = DIRECTION('',(1.,-3.3315E-13,2.44E-15));
#5700 = ORIENTED_EDGE('',*,*,#5701,.T.);
#5701 = EDGE_CURVE('',#5694,#5702,#5704,.T.);
#5702 = VERTEX_POINT('',#5703);
#5703 = CARTESIAN_POINT('',(-1.153648123244,-148.213142062,
    93.816161074386));
#5704 = LINE('',#5705,#5706);
#5705 = CARTESIAN_POINT('',(-1.153648123242,-140.4366992303,
    93.816161074386));
#5706 = VECTOR('',#5707,1.);
#5707 = DIRECTION('',(3.3315E-13,1.,-7.4E-16));
#5708 = ORIENTED_EDGE('',*,*,#5709,.T.);
#5709 = EDGE_CURVE('',#5702,#5710,#5712,.T.);
#5710 = VERTEX_POINT('',#5711);
#5711 = CARTESIAN_POINT('',(1.153219796418,-148.213142062,
    93.816161074386));
#5712 = LINE('',#5713,#5714);
#5713 = CARTESIAN_POINT('',(-1.788765716538E-02,-148.213142062,
    93.816161074386));
#5714 = VECTOR('',#5715,1.);
#5715 = DIRECTION('',(1.,-3.0932E-13,2.44E-15));
#5716 = ORIENTED_EDGE('',*,*,#5717,.F.);
#5717 = EDGE_CURVE('',#5718,#5710,#5720,.T.);
#5718 = VERTEX_POINT('',#5719);
#5719 = CARTESIAN_POINT('',(1.153219796418,-150.013142062,
    93.816161074386));
#5720 = LINE('',#5721,#5722);
#5721 = CARTESIAN_POINT('',(1.153219796418,-140.4366992303,
    93.816161074386));
#5722 = VECTOR('',#5723,1.);
#5723 = DIRECTION('',(1.67E-15,1.,-7.4E-16));
#5724 = ORIENTED_EDGE('',*,*,#5725,.F.);
#5725 = EDGE_CURVE('',#5726,#5718,#5728,.T.);
#5726 = VERTEX_POINT('',#5727);
#5727 = CARTESIAN_POINT('',(6.811999903926,-150.013142062,
    93.816161074386));
#5728 = LINE('',#5729,#5730);
#5729 = CARTESIAN_POINT('',(-0.54161004232,-150.013142062,
    93.816161074386));
#5730 = VECTOR('',#5731,1.);
#5731 = DIRECTION('',(-1.,1.67E-15,3.1E-16));
#5732 = ORIENTED_EDGE('',*,*,#5733,.F.);
#5733 = EDGE_CURVE('',#5734,#5726,#5736,.T.);
#5734 = VERTEX_POINT('',#5735);
#5735 = CARTESIAN_POINT('',(6.811999903926,-143.9421418939,
    93.816161074386));
#5736 = LINE('',#5737,#5738);
#5737 = CARTESIAN_POINT('',(6.811999903926,-141.4366992303,
    93.816161074386));
#5738 = VECTOR('',#5739,1.);
#5739 = DIRECTION('',(-1.47E-15,-1.,7.4E-16));
#5740 = ORIENTED_EDGE('',*,*,#5741,.F.);
#5741 = EDGE_CURVE('',#5742,#5734,#5744,.T.);
#5742 = VERTEX_POINT('',#5743);
#5743 = CARTESIAN_POINT('',(7.811999903926,-142.9421421228,
    93.816161074386));
#5744 = LINE('',#5745,#5746);
#5745 = CARTESIAN_POINT('',(8.129470888048,-142.6246712113,
    93.816161074386));
#5746 = VECTOR('',#5747,1.);
#5747 = DIRECTION('',(-0.707106862091,-0.707106700283,7.4E-16));
#5748 = ORIENTED_EDGE('',*,*,#5749,.F.);
#5749 = EDGE_CURVE('',#5750,#5742,#5752,.T.);
#5750 = VERTEX_POINT('',#5751);
#5751 = CARTESIAN_POINT('',(11.203397189329,-142.9421428988,
    93.816161074386));
#5752 = LINE('',#5753,#5754);
#5753 = CARTESIAN_POINT('',(-4.39122662413E-06,-142.9421403351,
    93.816161074386));
#5754 = VECTOR('',#5755,1.);
#5755 = DIRECTION('',(-1.,2.2883100655E-07,3.1E-16));
#5756 = ORIENTED_EDGE('',*,*,#5757,.T.);
#5757 = EDGE_CURVE('',#5750,#5758,#5760,.T.);
#5758 = VERTEX_POINT('',#5759);
#5759 = CARTESIAN_POINT('',(12.180112644741,-142.1566827929,
    93.816161074386));
#5760 = CIRCLE('',#5761,1.);
#5761 = AXIS2_PLACEMENT_3D('',#5762,#5763,#5764);
#5762 = CARTESIAN_POINT('',(11.20339741816,-141.9421428988,
    93.816161074386));
#5763 = DIRECTION('',(3.1E-16,7.4E-16,1.));
#5764 = DIRECTION('',(0.612121756894,-0.790763526433,3.95407264923E-16)
  );
#5765 = ORIENTED_EDGE('',*,*,#5766,.T.);
#5766 = EDGE_CURVE('',#5758,#5767,#5769,.T.);
#5767 = VERTEX_POINT('',#5768);
#5768 = CARTESIAN_POINT('',(12.646958171113,-141.5357472678,
    93.816161074386));
#5769 = LINE('',#5770,#5771);
#5770 = CARTESIAN_POINT('',(12.330183736391,-141.9570782839,
    93.816161074386));
#5771 = VECTOR('',#5772,1.);
#5772 = DIRECTION('',(0.600941952156,0.799292668639,-7.7E-16));
#5773 = ORIENTED_EDGE('',*,*,#5774,.F.);
#5774 = EDGE_CURVE('',#5163,#5767,#5775,.T.);
#5775 = LINE('',#5776,#5777);
#5776 = CARTESIAN_POINT('',(8.462401181977,-142.5818865151,
    93.816161074386));
#5777 = VECTOR('',#5778,1.);
#5778 = DIRECTION('',(-0.970142500145,-0.242535625036,4.8E-16));
#5779 = ORIENTED_EDGE('',*,*,#5162,.F.);
#5780 = PLANE('',#5781);
#5781 = AXIS2_PLACEMENT_3D('',#5782,#5783,#5784);
#5782 = CARTESIAN_POINT('',(-9.607365365E-08,-132.8602563986,
    93.816161074386));
#5783 = DIRECTION('',(3.1E-16,7.4E-16,1.));
#5784 = DIRECTION('',(-1.,1.67E-15,3.1E-16));
#5785 = ADVANCED_FACE('',(#5786),#5821,.F.);
#5786 = FACE_BOUND('',#5787,.F.);
#5787 = EDGE_LOOP('',(#5788,#5789,#5798,#5806,#5815));
#5788 = ORIENTED_EDGE('',*,*,#5627,.T.);
#5789 = ORIENTED_EDGE('',*,*,#5790,.T.);
#5790 = EDGE_CURVE('',#5628,#5791,#5793,.T.);
#5791 = VERTEX_POINT('',#5792);
#5792 = CARTESIAN_POINT('',(-13.38270887031,-136.3738375826,
    94.251669764965));
#5793 = ELLIPSE('',#5794,5.190930122331,3.5);
#5794 = AXIS2_PLACEMENT_3D('',#5795,#5796,#5797);
#5795 = CARTESIAN_POINT('',(-10.0004019654,-135.4738375828,
    90.547073134961));
#5796 = DIRECTION('',(-0.738500471238,2.5348E-13,-0.674252959935));
#5797 = DIRECTION('',(-0.674252959935,-1.56762E-12,0.738500471238));
#5798 = ORIENTED_EDGE('',*,*,#5799,.T.);
#5799 = EDGE_CURVE('',#5791,#5800,#5802,.T.);
#5800 = VERTEX_POINT('',#5801);
#5801 = CARTESIAN_POINT('',(-13.3827088704,-136.3738375826,
    92.511988588004));
#5802 = LINE('',#5803,#5804);
#5803 = CARTESIAN_POINT('',(-13.38270887025,-136.3738375826,
    95.311988588004));
#5804 = VECTOR('',#5805,1.);
#5805 = DIRECTION('',(-5.285438E-11,4.41E-15,-1.));
#5806 = ORIENTED_EDGE('',*,*,#5807,.F.);
#5807 = EDGE_CURVE('',#5808,#5800,#5810,.T.);
#5808 = VERTEX_POINT('',#5809);
#5809 = CARTESIAN_POINT('',(-6.6180950602,-136.3738375826,
    92.511988587646));
#5810 = CIRCLE('',#5811,3.5);
#5811 = AXIS2_PLACEMENT_3D('',#5812,#5813,#5814);
#5812 = CARTESIAN_POINT('',(-10.0004019653,-135.4738375828,
    92.511988587825));
#5813 = DIRECTION('',(-5.285454E-11,4.46E-15,-1.));
#5814 = DIRECTION('',(-1.,-2.32014E-12,5.285454E-11));
#5815 = ORIENTED_EDGE('',*,*,#5816,.T.);
#5816 = EDGE_CURVE('',#5808,#5620,#5817,.T.);
#5817 = LINE('',#5818,#5819);
#5818 = CARTESIAN_POINT('',(-6.618095060052,-136.3738375826,
    95.311988587646));
#5819 = VECTOR('',#5820,1.);
#5820 = DIRECTION('',(5.285438E-11,-4.41E-15,1.));
#5821 = CYLINDRICAL_SURFACE('',#5822,3.5);
#5822 = AXIS2_PLACEMENT_3D('',#5823,#5824,#5825);
#5823 = CARTESIAN_POINT('',(-10.00040196515,-135.4738375828,
    95.311988587825));
#5824 = DIRECTION('',(5.285438E-11,-4.41E-15,1.));
#5825 = DIRECTION('',(-1.,-2.32014E-12,5.285438E-11));
#5826 = ADVANCED_FACE('',(#5827),#5836,.T.);
#5827 = FACE_BOUND('',#5828,.T.);
#5828 = EDGE_LOOP('',(#5829,#5835));
#5829 = ORIENTED_EDGE('',*,*,#5830,.F.);
#5830 = EDGE_CURVE('',#5800,#5808,#5831,.T.);
#5831 = LINE('',#5832,#5833);
#5832 = CARTESIAN_POINT('',(-7.000415097967,-136.3738375826,
    92.511988587666));
#5833 = VECTOR('',#5834,1.);
#5834 = DIRECTION('',(1.,-3.3315E-13,-5.285454E-11));
#5835 = ORIENTED_EDGE('',*,*,#5807,.F.);
#5836 = PLANE('',#5837);
#5837 = AXIS2_PLACEMENT_3D('',#5838,#5839,#5840);
#5838 = CARTESIAN_POINT('',(-10.0004019653,-135.4738375828,
    92.511988587825));
#5839 = DIRECTION('',(5.285454E-11,-4.46E-15,1.));
#5840 = DIRECTION('',(-1.,-2.32014E-12,5.285454E-11));
#5841 = ADVANCED_FACE('',(#5842),#5868,.F.);
#5842 = FACE_BOUND('',#5843,.T.);
#5843 = EDGE_LOOP('',(#5844,#5845,#5853,#5861,#5867));
#5844 = ORIENTED_EDGE('',*,*,#5790,.T.);
#5845 = ORIENTED_EDGE('',*,*,#5846,.T.);
#5846 = EDGE_CURVE('',#5791,#5847,#5849,.T.);
#5847 = VERTEX_POINT('',#5848);
#5848 = CARTESIAN_POINT('',(-14.99871336531,-136.3738375826,
    96.021658407206));
#5849 = LINE('',#5850,#5851);
#5850 = CARTESIAN_POINT('',(-10.73006743299,-136.3738375826,
    91.346266202963));
#5851 = VECTOR('',#5852,1.);
#5852 = DIRECTION('',(-0.674252959935,2.2517E-13,0.738500471238));
#5853 = ORIENTED_EDGE('',*,*,#5854,.T.);
#5854 = EDGE_CURVE('',#5847,#5855,#5857,.T.);
#5855 = VERTEX_POINT('',#5856);
#5856 = CARTESIAN_POINT('',(-14.99871336531,-140.947915551,
    96.021658407206));
#5857 = LINE('',#5858,#5859);
#5858 = CARTESIAN_POINT('',(-14.99871336531,-141.623141753,
    96.021658407206));
#5859 = VECTOR('',#5860,1.);
#5860 = DIRECTION('',(-3.439E-13,-1.,7.4E-16));
#5861 = ORIENTED_EDGE('',*,*,#5862,.T.);
#5862 = EDGE_CURVE('',#5855,#5637,#5863,.T.);
#5863 = LINE('',#5864,#5865);
#5864 = CARTESIAN_POINT('',(-14.15607644351,-141.1585747814,
    95.098729179145));
#5865 = VECTOR('',#5866,1.);
#5866 = DIRECTION('',(0.664873407714,-0.166218351929,-0.728227170049));
#5867 = ORIENTED_EDGE('',*,*,#5636,.F.);
#5868 = PLANE('',#5869);
#5869 = AXIS2_PLACEMENT_3D('',#5870,#5871,#5872);
#5870 = CARTESIAN_POINT('',(-14.30439669022,-146.8571419384,
    95.261182410486));
#5871 = DIRECTION('',(-0.738500471238,2.5348E-13,-0.674252959935));
#5872 = DIRECTION('',(-0.674252959935,2.2592E-13,0.738500471238));
#5873 = ADVANCED_FACE('',(#5874,#5960),#5968,.T.);
#5874 = FACE_BOUND('',#5875,.T.);
#5875 = EDGE_LOOP('',(#5876,#5877,#5878,#5887,#5895,#5903,#5911,#5919,
    #5927,#5935,#5943,#5951,#5957,#5958,#5959));
#5876 = ORIENTED_EDGE('',*,*,#5816,.T.);
#5877 = ORIENTED_EDGE('',*,*,#5619,.F.);
#5878 = ORIENTED_EDGE('',*,*,#5879,.T.);
#5879 = EDGE_CURVE('',#5612,#5880,#5882,.T.);
#5880 = VERTEX_POINT('',#5881);
#5881 = CARTESIAN_POINT('',(-6.224831488449,-136.3738375826,
    90.312156647297));
#5882 = CIRCLE('',#5883,3.599005393633);
#5883 = AXIS2_PLACEMENT_3D('',#5884,#5885,#5886);
#5884 = CARTESIAN_POINT('',(-2.627080157444,-136.3738375826,
    90.217155680753));
#5885 = DIRECTION('',(-3.3315E-13,-1.,7.4E-16));
#5886 = DIRECTION('',(-0.999717923227,3.33073601302E-13,
    2.375024163602E-02));
#5887 = ORIENTED_EDGE('',*,*,#5888,.T.);
#5888 = EDGE_CURVE('',#5880,#5889,#5891,.T.);
#5889 = VERTEX_POINT('',#5890);
#5890 = CARTESIAN_POINT('',(-8.036941085776,-136.3738375826,
    90.312156647297));
#5891 = LINE('',#5892,#5893);
#5892 = CARTESIAN_POINT('',(2.017828196766,-136.3738375826,
    90.312156647297));
#5893 = VECTOR('',#5894,1.);
#5894 = DIRECTION('',(-1.,3.3315E-13,-1.96E-15));
#5895 = ORIENTED_EDGE('',*,*,#5896,.T.);
#5896 = EDGE_CURVE('',#5889,#5897,#5899,.T.);
#5897 = VERTEX_POINT('',#5898);
#5898 = CARTESIAN_POINT('',(-8.455495074352,-136.3738375826,
    88.912156647297));
#5899 = LINE('',#5900,#5901);
#5900 = CARTESIAN_POINT('',(-7.633310212447,-136.3738375826,
    91.662241076268));
#5901 = VECTOR('',#5902,1.);
#5902 = DIRECTION('',(-0.28643987905,9.472E-14,-0.958098218185));
#5903 = ORIENTED_EDGE('',*,*,#5904,.F.);
#5904 = EDGE_CURVE('',#5905,#5897,#5907,.T.);
#5905 = VERTEX_POINT('',#5906);
#5906 = CARTESIAN_POINT('',(-8.455495074353,-136.3738375826,
    88.312156647297));
#5907 = LINE('',#5908,#5909);
#5908 = CARTESIAN_POINT('',(-8.455495074353,-136.3738375826,
    89.612156647297));
#5909 = VECTOR('',#5910,1.);
#5910 = DIRECTION('',(-2.44E-15,7.4E-16,1.));
#5911 = ORIENTED_EDGE('',*,*,#5912,.T.);
#5912 = EDGE_CURVE('',#5905,#5913,#5915,.T.);
#5913 = VERTEX_POINT('',#5914);
#5914 = CARTESIAN_POINT('',(-22.33015183112,-136.3738375826,
    88.312156647297));
#5915 = LINE('',#5916,#5917);
#5916 = CARTESIAN_POINT('',(-2.000428203718,-136.3738375826,
    88.312156647297));
#5917 = VECTOR('',#5918,1.);
#5918 = DIRECTION('',(-1.,3.3315E-13,-2.44E-15));
#5919 = ORIENTED_EDGE('',*,*,#5920,.F.);
#5920 = EDGE_CURVE('',#5921,#5913,#5923,.T.);
#5921 = VERTEX_POINT('',#5922);
#5922 = CARTESIAN_POINT('',(-22.33015183112,-136.3738375826,
    94.255704783704));
#5923 = LINE('',#5924,#5925);
#5924 = CARTESIAN_POINT('',(-22.33015183112,-136.3738375826,
    86.112156647297));
#5925 = VECTOR('',#5926,1.);
#5926 = DIRECTION('',(2.44E-15,-7.4E-16,-1.));
#5927 = ORIENTED_EDGE('',*,*,#5928,.F.);
#5928 = EDGE_CURVE('',#5929,#5921,#5931,.T.);
#5929 = VERTEX_POINT('',#5930);
#5930 = CARTESIAN_POINT('',(-21.29217688132,-136.3738375826,
    96.072160945869));
#5931 = LINE('',#5932,#5933);
#5932 = CARTESIAN_POINT('',(-20.29282521902,-136.3738375826,
    97.821026354885));
#5933 = VECTOR('',#5934,1.);
#5934 = DIRECTION('',(-0.496138938357,1.6465E-13,-0.868243142124));
#5935 = ORIENTED_EDGE('',*,*,#5936,.T.);
#5936 = EDGE_CURVE('',#5929,#5937,#5939,.T.);
#5937 = VERTEX_POINT('',#5938);
#5938 = CARTESIAN_POINT('',(-20.01706399624,-136.3738375826,
    96.812137688351));
#5939 = LINE('',#5940,#5941);
#5940 = CARTESIAN_POINT('',(-15.36607753102,-136.3738375826,
    99.511209946289));
#5941 = VECTOR('',#5942,1.);
#5942 = DIRECTION('',(0.864910093119,-2.8777E-13,0.501926818193));
#5943 = ORIENTED_EDGE('',*,*,#5944,.T.);
#5944 = EDGE_CURVE('',#5937,#5945,#5947,.T.);
#5945 = VERTEX_POINT('',#5946);
#5946 = CARTESIAN_POINT('',(-16.79080738254,-136.3738375826,
    96.812137688351));
#5947 = LINE('',#5948,#5949);
#5948 = CARTESIAN_POINT('',(-10.60042823074,-136.3738375826,
    96.812137688351));
#5949 = VECTOR('',#5950,1.);
#5950 = DIRECTION('',(1.,-3.3315E-13,2.44E-15));
#5951 = ORIENTED_EDGE('',*,*,#5952,.T.);
#5952 = EDGE_CURVE('',#5945,#5847,#5953,.T.);
#5953 = LINE('',#5954,#5955);
#5954 = CARTESIAN_POINT('',(-9.759681310053,-136.3738375826,
    93.710760511709));
#5955 = VECTOR('',#5956,1.);
#5956 = DIRECTION('',(0.914946162333,-3.0511E-13,-0.403575916071));
#5957 = ORIENTED_EDGE('',*,*,#5846,.F.);
#5958 = ORIENTED_EDGE('',*,*,#5799,.T.);
#5959 = ORIENTED_EDGE('',*,*,#5830,.T.);
#5960 = FACE_BOUND('',#5961,.T.);
#5961 = EDGE_LOOP('',(#5962,#5963,#5964,#5965,#5966,#5967));
#5962 = ORIENTED_EDGE('',*,*,#3210,.T.);
#5963 = ORIENTED_EDGE('',*,*,#3273,.T.);
#5964 = ORIENTED_EDGE('',*,*,#3249,.T.);
#5965 = ORIENTED_EDGE('',*,*,#3062,.T.);
#5966 = ORIENTED_EDGE('',*,*,#2978,.T.);
#5967 = ORIENTED_EDGE('',*,*,#3234,.T.);
#5968 = PLANE('',#5969);
#5969 = AXIS2_PLACEMENT_3D('',#5970,#5971,#5972);
#5970 = CARTESIAN_POINT('',(-4.000428230748,-136.3738375826,
    90.312156647297));
#5971 = DIRECTION('',(3.3315E-13,1.,-7.4E-16));
#5972 = DIRECTION('',(-1.,3.3315E-13,-2.44E-15));
#5973 = ADVANCED_FACE('',(#5974),#5985,.F.);
#5974 = FACE_BOUND('',#5975,.T.);
#5975 = EDGE_LOOP('',(#5976));
#5976 = ORIENTED_EDGE('',*,*,#5977,.F.);
#5977 = EDGE_CURVE('',#5978,#5978,#5980,.T.);
#5978 = VERTEX_POINT('',#5979);
#5979 = CARTESIAN_POINT('',(9.577309304218,-145.1464438875,
    101.48849303001));
#5980 = CIRCLE('',#5981,1.4);
#5981 = AXIS2_PLACEMENT_3D('',#5982,#5983,#5984);
#5982 = CARTESIAN_POINT('',(9.577309304218,-146.5464438875,
    101.48849303001));
#5983 = DIRECTION('',(-3.1E-16,-7.4E-16,-1.));
#5984 = DIRECTION('',(-1.67E-15,-1.,7.4E-16));
#5985 = PLANE('',#5986);
#5986 = AXIS2_PLACEMENT_3D('',#5987,#5988,#5989);
#5987 = CARTESIAN_POINT('',(9.549241584201,-146.7152719948,
    101.48849303001));
#5988 = DIRECTION('',(-3.1E-16,-7.4E-16,-1.));
#5989 = DIRECTION('',(-1.67E-15,-1.,7.4E-16));
#5990 = ADVANCED_FACE('',(#5991),#6002,.T.);
#5991 = FACE_BOUND('',#5992,.T.);
#5992 = EDGE_LOOP('',(#5993));
#5993 = ORIENTED_EDGE('',*,*,#5994,.T.);
#5994 = EDGE_CURVE('',#5995,#5995,#5997,.T.);
#5995 = VERTEX_POINT('',#5996);
#5996 = CARTESIAN_POINT('',(-9.577737631043,-145.1464438875,
    101.48849303001));
#5997 = CIRCLE('',#5998,1.4);
#5998 = AXIS2_PLACEMENT_3D('',#5999,#6000,#6001);
#5999 = CARTESIAN_POINT('',(-9.577737631043,-146.5464438875,
    101.48849303001));
#6000 = DIRECTION('',(-2.44E-15,7.4E-16,1.));
#6001 = DIRECTION('',(-3.3315E-13,-1.,7.399999999992E-16));
#6002 = PLANE('',#6003);
#6003 = AXIS2_PLACEMENT_3D('',#6004,#6005,#6006);
#6004 = CARTESIAN_POINT('',(-9.549669911026,-146.7152719948,
    101.48849303001));
#6005 = DIRECTION('',(-2.44E-15,7.4E-16,1.));
#6006 = DIRECTION('',(-3.3315E-13,-1.,7.399999999992E-16));
#6007 = ADVANCED_FACE('',(#6008),#6019,.F.);
#6008 = FACE_BOUND('',#6009,.T.);
#6009 = EDGE_LOOP('',(#6010));
#6010 = ORIENTED_EDGE('',*,*,#6011,.T.);
#6011 = EDGE_CURVE('',#6012,#6012,#6014,.T.);
#6012 = VERTEX_POINT('',#6013);
#6013 = CARTESIAN_POINT('',(-2.223531314855E-02,-151.0910543107,
    85.912593650397));
#6014 = CIRCLE('',#6015,3.15);
#6015 = AXIS2_PLACEMENT_3D('',#6016,#6017,#6018);
#6016 = CARTESIAN_POINT('',(-2.223531314854E-02,-147.9410543107,
    85.912593650397));
#6017 = DIRECTION('',(-9.62E-15,1.5E-16,-1.));
#6018 = DIRECTION('',(1.33E-15,1.,1.5E-16));
#6019 = PLANE('',#6020);
#6020 = AXIS2_PLACEMENT_3D('',#6021,#6022,#6023);
#6021 = CARTESIAN_POINT('',(-2.223531314854E-02,-147.9410543107,
    85.912593650397));
#6022 = DIRECTION('',(9.62E-15,-1.5E-16,1.));
#6023 = DIRECTION('',(1.33E-15,1.,1.5E-16));
#6024 = ADVANCED_FACE('',(#6025),#6044,.F.);
#6025 = FACE_BOUND('',#6026,.F.);
#6026 = EDGE_LOOP('',(#6027,#6035,#6036,#6037));
#6027 = ORIENTED_EDGE('',*,*,#6028,.T.);
#6028 = EDGE_CURVE('',#6029,#5978,#6031,.T.);
#6029 = VERTEX_POINT('',#6030);
#6030 = CARTESIAN_POINT('',(9.577309304218,-145.1464438875,
    109.6364933226));
#6031 = LINE('',#6032,#6033);
#6032 = CARTESIAN_POINT('',(9.577309304218,-145.1464438875,
    104.98849303001));
#6033 = VECTOR('',#6034,1.);
#6034 = DIRECTION('',(-3.1E-16,-7.4E-16,-1.));
#6035 = ORIENTED_EDGE('',*,*,#5977,.F.);
#6036 = ORIENTED_EDGE('',*,*,#6028,.F.);
#6037 = ORIENTED_EDGE('',*,*,#6038,.F.);
#6038 = EDGE_CURVE('',#6029,#6029,#6039,.T.);
#6039 = CIRCLE('',#6040,1.4);
#6040 = AXIS2_PLACEMENT_3D('',#6041,#6042,#6043);
#6041 = CARTESIAN_POINT('',(9.577309304218,-146.5464438875,
    109.6364933226));
#6042 = DIRECTION('',(3.1E-16,9.3E-16,1.));
#6043 = DIRECTION('',(-1.67E-15,-1.,9.3E-16));
#6044 = CYLINDRICAL_SURFACE('',#6045,1.4);
#6045 = AXIS2_PLACEMENT_3D('',#6046,#6047,#6048);
#6046 = CARTESIAN_POINT('',(9.577309304218,-146.5464438875,
    104.98849303001));
#6047 = DIRECTION('',(-3.1E-16,-7.4E-16,-1.));
#6048 = DIRECTION('',(-1.67E-15,-1.,7.4E-16));
#6049 = ADVANCED_FACE('',(#6050),#6069,.F.);
#6050 = FACE_BOUND('',#6051,.F.);
#6051 = EDGE_LOOP('',(#6052,#6060,#6061,#6062));
#6052 = ORIENTED_EDGE('',*,*,#6053,.T.);
#6053 = EDGE_CURVE('',#6054,#5995,#6056,.T.);
#6054 = VERTEX_POINT('',#6055);
#6055 = CARTESIAN_POINT('',(-9.577737631043,-145.1464438875,
    109.6364933226));
#6056 = LINE('',#6057,#6058);
#6057 = CARTESIAN_POINT('',(-9.577737631043,-145.1464438875,
    104.98849303001));
#6058 = VECTOR('',#6059,1.);
#6059 = DIRECTION('',(2.44E-15,-7.4E-16,-1.));
#6060 = ORIENTED_EDGE('',*,*,#5994,.T.);
#6061 = ORIENTED_EDGE('',*,*,#6053,.F.);
#6062 = ORIENTED_EDGE('',*,*,#6063,.F.);
#6063 = EDGE_CURVE('',#6054,#6054,#6064,.T.);
#6064 = CIRCLE('',#6065,1.4);
#6065 = AXIS2_PLACEMENT_3D('',#6066,#6067,#6068);
#6066 = CARTESIAN_POINT('',(-9.577737631043,-146.5464438875,
    109.6364933226));
#6067 = DIRECTION('',(3.1E-16,9.3E-16,1.));
#6068 = DIRECTION('',(-3.3315E-13,-1.,9.300000000001E-16));
#6069 = CYLINDRICAL_SURFACE('',#6070,1.4);
#6070 = AXIS2_PLACEMENT_3D('',#6071,#6072,#6073);
#6071 = CARTESIAN_POINT('',(-9.577737631043,-146.5464438875,
    104.98849303001));
#6072 = DIRECTION('',(-2.44E-15,7.4E-16,1.));
#6073 = DIRECTION('',(-3.3315E-13,-1.,7.399999999992E-16));
#6074 = ADVANCED_FACE('',(#6075),#6094,.F.);
#6075 = FACE_BOUND('',#6076,.F.);
#6076 = EDGE_LOOP('',(#6077,#6085,#6086,#6087));
#6077 = ORIENTED_EDGE('',*,*,#6078,.T.);
#6078 = EDGE_CURVE('',#6079,#6012,#6081,.T.);
#6079 = VERTEX_POINT('',#6080);
#6080 = CARTESIAN_POINT('',(-2.223531314859E-02,-151.0910543107,
    82.312156647297));
#6081 = LINE('',#6082,#6083);
#6082 = CARTESIAN_POINT('',(-2.223531314861E-02,-151.0910543107,
    80.118593650397));
#6083 = VECTOR('',#6084,1.);
#6084 = DIRECTION('',(9.62E-15,-1.5E-16,1.));
#6085 = ORIENTED_EDGE('',*,*,#6011,.T.);
#6086 = ORIENTED_EDGE('',*,*,#6078,.F.);
#6087 = ORIENTED_EDGE('',*,*,#6088,.T.);
#6088 = EDGE_CURVE('',#6079,#6079,#6089,.T.);
#6089 = CIRCLE('',#6090,3.15);
#6090 = AXIS2_PLACEMENT_3D('',#6091,#6092,#6093);
#6091 = CARTESIAN_POINT('',(-2.223531314858E-02,-147.9410543107,
    82.312156647297));
#6092 = DIRECTION('',(3.1E-16,7.4E-16,1.));
#6093 = DIRECTION('',(1.33E-15,1.,-7.4E-16));
#6094 = CYLINDRICAL_SURFACE('',#6095,3.15);
#6095 = AXIS2_PLACEMENT_3D('',#6096,#6097,#6098);
#6096 = CARTESIAN_POINT('',(-2.22353131486E-02,-147.9410543107,
    80.118593650397));
#6097 = DIRECTION('',(9.62E-15,-1.5E-16,1.));
#6098 = DIRECTION('',(1.33E-15,1.,1.5E-16));
#6099 = ADVANCED_FACE('',(#6100),#6134,.F.);
#6100 = FACE_BOUND('',#6101,.T.);
#6101 = EDGE_LOOP('',(#6102,#6112,#6120,#6128));
#6102 = ORIENTED_EDGE('',*,*,#6103,.F.);
#6103 = EDGE_CURVE('',#6104,#6106,#6108,.T.);
#6104 = VERTEX_POINT('',#6105);
#6105 = CARTESIAN_POINT('',(2.468790665822,-106.5302522317,
    82.512152740994));
#6106 = VERTEX_POINT('',#6107);
#6107 = CARTESIAN_POINT('',(-1.129480692626,-100.8807158067,
    82.512152740994));
#6108 = LINE('',#6109,#6110);
#6109 = CARTESIAN_POINT('',(2.468790665822,-106.5302522317,
    82.512152740994));
#6110 = VECTOR('',#6111,1.);
#6111 = DIRECTION('',(-0.53720612286,0.843450995353,-6.689E-14));
#6112 = ORIENTED_EDGE('',*,*,#6113,.F.);
#6113 = EDGE_CURVE('',#6114,#6104,#6116,.T.);
#6114 = VERTEX_POINT('',#6115);
#6115 = CARTESIAN_POINT('',(1.268790665822,-106.5302522317,
    82.512152740994));
#6116 = LINE('',#6117,#6118);
#6117 = CARTESIAN_POINT('',(1.268790665822,-106.5302522317,
    82.512152740994));
#6118 = VECTOR('',#6119,1.);
#6119 = DIRECTION('',(1.,1.825E-14,-1.2E-15));
#6120 = ORIENTED_EDGE('',*,*,#6121,.F.);
#6121 = EDGE_CURVE('',#6122,#6114,#6124,.T.);
#6122 = VERTEX_POINT('',#6123);
#6123 = CARTESIAN_POINT('',(-2.329480692626,-100.8807158067,
    82.512152740994));
#6124 = LINE('',#6125,#6126);
#6125 = CARTESIAN_POINT('',(-2.329480692626,-100.8807158067,
    82.512152740994));
#6126 = VECTOR('',#6127,1.);
#6127 = DIRECTION('',(0.53720612286,-0.843450995353,6.689E-14));
#6128 = ORIENTED_EDGE('',*,*,#6129,.F.);
#6129 = EDGE_CURVE('',#6106,#6122,#6130,.T.);
#6130 = LINE('',#6131,#6132);
#6131 = CARTESIAN_POINT('',(-1.129480692626,-100.8807158067,
    82.512152740994));
#6132 = VECTOR('',#6133,1.);
#6133 = DIRECTION('',(-1.,-1.686E-14,1.2E-15));
#6134 = PLANE('',#6135);
#6135 = AXIS2_PLACEMENT_3D('',#6136,#6137,#6138);
#6136 = CARTESIAN_POINT('',(6.965498659827E-02,-103.7054840192,
    82.512152740994));
#6137 = DIRECTION('',(1.2E-15,8.007E-14,1.));
#6138 = DIRECTION('',(-1.18E-15,-1.,8.007E-14));
#6139 = ADVANCED_FACE('',(#6140),#6222,.F.);
#6140 = FACE_BOUND('',#6141,.T.);
#6141 = EDGE_LOOP('',(#6142,#6152,#6160,#6168,#6176,#6184,#6192,#6200,
    #6208,#6216));
#6142 = ORIENTED_EDGE('',*,*,#6143,.F.);
#6143 = EDGE_CURVE('',#6144,#6146,#6148,.T.);
#6144 = VERTEX_POINT('',#6145);
#6145 = CARTESIAN_POINT('',(6.965498659828E-02,-97.70548401924,
    82.512152740994));
#6146 = VERTEX_POINT('',#6147);
#6147 = CARTESIAN_POINT('',(-5.126497436108,-100.7054840192,
    82.512152740994));
#6148 = LINE('',#6149,#6150);
#6149 = CARTESIAN_POINT('',(-5.126497436108,-100.7054840192,
    82.512152740994));
#6150 = VECTOR('',#6151,1.);
#6151 = DIRECTION('',(-0.866025403784,-0.5,4.107E-14));
#6152 = ORIENTED_EDGE('',*,*,#6153,.F.);
#6153 = EDGE_CURVE('',#6154,#6144,#6156,.T.);
#6154 = VERTEX_POINT('',#6155);
#6155 = CARTESIAN_POINT('',(5.265807409305,-100.7054840192,
    82.512152740994));
#6156 = LINE('',#6157,#6158);
#6157 = CARTESIAN_POINT('',(6.965498659828E-02,-97.70548401924,
    82.512152740994));
#6158 = VECTOR('',#6159,1.);
#6159 = DIRECTION('',(-0.866025403784,0.5,-3.9E-14));
#6160 = ORIENTED_EDGE('',*,*,#6161,.F.);
#6161 = EDGE_CURVE('',#6162,#6154,#6164,.T.);
#6162 = VERTEX_POINT('',#6163);
#6163 = CARTESIAN_POINT('',(4.365807409305,-101.2250992615,
    82.512152740994));
#6164 = LINE('',#6165,#6166);
#6165 = CARTESIAN_POINT('',(4.365807409305,-101.2250992615,
    82.512152740994));
#6166 = VECTOR('',#6167,1.);
#6167 = DIRECTION('',(0.866025403784,0.5,-4.107E-14));
#6168 = ORIENTED_EDGE('',*,*,#6169,.F.);
#6169 = EDGE_CURVE('',#6170,#6162,#6172,.T.);
#6170 = VERTEX_POINT('',#6171);
#6171 = CARTESIAN_POINT('',(6.965498659826E-02,-98.74471450378,
    82.512152740994));
#6172 = LINE('',#6173,#6174);
#6173 = CARTESIAN_POINT('',(6.965498659826E-02,-98.74471450378,
    82.512152740994));
#6174 = VECTOR('',#6175,1.);
#6175 = DIRECTION('',(0.866025403784,-0.5,3.9E-14));
#6176 = ORIENTED_EDGE('',*,*,#6177,.F.);
#6177 = EDGE_CURVE('',#6178,#6170,#6180,.T.);
#6178 = VERTEX_POINT('',#6179);
#6179 = CARTESIAN_POINT('',(-4.226497436108,-101.2250992615,
    82.512152740994));
#6180 = LINE('',#6181,#6182);
#6181 = CARTESIAN_POINT('',(-4.226497436108,-101.2250992615,
    82.512152740994));
#6182 = VECTOR('',#6183,1.);
#6183 = DIRECTION('',(0.866025403784,0.5,-4.107E-14));
#6184 = ORIENTED_EDGE('',*,*,#6185,.F.);
#6185 = EDGE_CURVE('',#6186,#6178,#6188,.T.);
#6186 = VERTEX_POINT('',#6187);
#6187 = CARTESIAN_POINT('',(-4.226497436108,-104.6858687769,
    82.512152740994));
#6188 = LINE('',#6189,#6190);
#6189 = CARTESIAN_POINT('',(-4.226497436108,-104.6858687769,
    82.512152740994));
#6190 = VECTOR('',#6191,1.);
#6191 = DIRECTION('',(1.42E-15,1.,-8.007E-14));
#6192 = ORIENTED_EDGE('',*,*,#6193,.F.);
#6193 = EDGE_CURVE('',#6194,#6186,#6196,.T.);
#6194 = VERTEX_POINT('',#6195);
#6195 = CARTESIAN_POINT('',(-5.126497436108,-105.2054840192,
    82.512152740994));
#6196 = LINE('',#6197,#6198);
#6197 = CARTESIAN_POINT('',(-5.126497436108,-105.2054840192,
    82.512152740994));
#6198 = VECTOR('',#6199,1.);
#6199 = DIRECTION('',(0.866025403784,0.5,-4.107E-14));
#6200 = ORIENTED_EDGE('',*,*,#6201,.F.);
#6201 = EDGE_CURVE('',#6202,#6194,#6204,.T.);
#6202 = VERTEX_POINT('',#6203);
#6203 = CARTESIAN_POINT('',(-6.626497436108,-103.7054840192,
    82.512152740994));
#6204 = LINE('',#6205,#6206);
#6205 = CARTESIAN_POINT('',(-6.626497436108,-103.7054840192,
    82.512152740994));
#6206 = VECTOR('',#6207,1.);
#6207 = DIRECTION('',(0.707106781187,-0.707106781187,5.577E-14));
#6208 = ORIENTED_EDGE('',*,*,#6209,.F.);
#6209 = EDGE_CURVE('',#6210,#6202,#6212,.T.);
#6210 = VERTEX_POINT('',#6211);
#6211 = CARTESIAN_POINT('',(-5.126497436108,-103.7054840192,
    82.512152740994));
#6212 = LINE('',#6213,#6214);
#6213 = CARTESIAN_POINT('',(-5.126497436108,-103.7054840192,
    82.512152740994));
#6214 = VECTOR('',#6215,1.);
#6215 = DIRECTION('',(-1.,1.18E-15,1.2E-15));
#6216 = ORIENTED_EDGE('',*,*,#6217,.F.);
#6217 = EDGE_CURVE('',#6146,#6210,#6218,.T.);
#6218 = LINE('',#6219,#6220);
#6219 = CARTESIAN_POINT('',(-5.126497436108,-103.7054840192,
    82.512152740994));
#6220 = VECTOR('',#6221,1.);
#6221 = DIRECTION('',(-1.18E-15,-1.,8.007E-14));
#6222 = PLANE('',#6223);
#6223 = AXIS2_PLACEMENT_3D('',#6224,#6225,#6226);
#6224 = CARTESIAN_POINT('',(-0.680345013402,-101.4554840192,
    82.512152740994));
#6225 = DIRECTION('',(1.2E-15,8.007E-14,1.));
#6226 = DIRECTION('',(-1.18E-15,-1.,8.007E-14));
#6227 = ADVANCED_FACE('',(#6228),#6262,.F.);
#6228 = FACE_BOUND('',#6229,.T.);
#6229 = EDGE_LOOP('',(#6230,#6240,#6248,#6256));
#6230 = ORIENTED_EDGE('',*,*,#6231,.F.);
#6231 = EDGE_CURVE('',#6232,#6234,#6236,.T.);
#6232 = VERTEX_POINT('',#6233);
#6233 = CARTESIAN_POINT('',(6.879066657091E-02,-106.5302946183,
    82.512152740994));
#6234 = VERTEX_POINT('',#6235);
#6235 = CARTESIAN_POINT('',(-1.730345013402,-103.7054840192,
    82.512152740994));
#6236 = LINE('',#6237,#6238);
#6237 = CARTESIAN_POINT('',(-1.730345013402,-103.7054840192,
    82.512152740994));
#6238 = VECTOR('',#6239,1.);
#6239 = DIRECTION('',(-0.537200388422,0.843454647672,-6.689E-14));
#6240 = ORIENTED_EDGE('',*,*,#6241,.F.);
#6241 = EDGE_CURVE('',#6242,#6232,#6244,.T.);
#6242 = VERTEX_POINT('',#6243);
#6243 = CARTESIAN_POINT('',(-1.131209333429,-106.5302946183,
    82.512152740994));
#6244 = LINE('',#6245,#6246);
#6245 = CARTESIAN_POINT('',(6.879066657091E-02,-106.5302946183,
    82.512152740994));
#6246 = VECTOR('',#6247,1.);
#6247 = DIRECTION('',(1.,1.825E-14,-1.2E-15));
#6248 = ORIENTED_EDGE('',*,*,#6249,.F.);
#6249 = EDGE_CURVE('',#6250,#6242,#6252,.T.);
#6250 = VERTEX_POINT('',#6251);
#6251 = CARTESIAN_POINT('',(-2.930345013402,-103.7054840192,
    82.512152740994));
#6252 = LINE('',#6253,#6254);
#6253 = CARTESIAN_POINT('',(-1.131209333429,-106.5302946183,
    82.512152740994));
#6254 = VECTOR('',#6255,1.);
#6255 = DIRECTION('',(0.537200388422,-0.843454647672,6.689E-14));
#6256 = ORIENTED_EDGE('',*,*,#6257,.F.);
#6257 = EDGE_CURVE('',#6234,#6250,#6258,.T.);
#6258 = LINE('',#6259,#6260);
#6259 = CARTESIAN_POINT('',(-1.730345013402,-103.7054840192,
    82.512152740994));
#6260 = VECTOR('',#6261,1.);
#6261 = DIRECTION('',(-1.,1.18E-15,1.2E-15));
#6262 = PLANE('',#6263);
#6263 = AXIS2_PLACEMENT_3D('',#6264,#6265,#6266);
#6264 = CARTESIAN_POINT('',(-1.430777173415,-105.1178893188,
    82.512152740994));
#6265 = DIRECTION('',(1.2E-15,8.007E-14,1.));
#6266 = DIRECTION('',(-1.18E-15,-1.,8.007E-14));
#6267 = ADVANCED_FACE('',(#6268),#6302,.F.);
#6268 = FACE_BOUND('',#6269,.T.);
#6269 = EDGE_LOOP('',(#6270,#6280,#6288,#6296));
#6270 = ORIENTED_EDGE('',*,*,#6271,.F.);
#6271 = EDGE_CURVE('',#6272,#6274,#6276,.T.);
#6272 = VERTEX_POINT('',#6273);
#6273 = CARTESIAN_POINT('',(7.051930662559E-02,-100.8806734201,
    82.512152740994));
#6274 = VERTEX_POINT('',#6275);
#6275 = CARTESIAN_POINT('',(1.869654986598,-103.7054840192,
    82.512152740994));
#6276 = LINE('',#6277,#6278);
#6277 = CARTESIAN_POINT('',(7.051930662559E-02,-100.8806734201,
    82.512152740994));
#6278 = VECTOR('',#6279,1.);
#6279 = DIRECTION('',(0.537200388422,-0.843454647672,6.689E-14));
#6280 = ORIENTED_EDGE('',*,*,#6281,.F.);
#6281 = EDGE_CURVE('',#6282,#6272,#6284,.T.);
#6282 = VERTEX_POINT('',#6283);
#6283 = CARTESIAN_POINT('',(1.270519306626,-100.8806734201,
    82.512152740994));
#6284 = LINE('',#6285,#6286);
#6285 = CARTESIAN_POINT('',(7.051930662559E-02,-100.8806734201,
    82.512152740994));
#6286 = VECTOR('',#6287,1.);
#6287 = DIRECTION('',(-1.,-1.825E-14,1.2E-15));
#6288 = ORIENTED_EDGE('',*,*,#6289,.F.);
#6289 = EDGE_CURVE('',#6290,#6282,#6292,.T.);
#6290 = VERTEX_POINT('',#6291);
#6291 = CARTESIAN_POINT('',(3.069654986598,-103.7054840192,
    82.512152740994));
#6292 = LINE('',#6293,#6294);
#6293 = CARTESIAN_POINT('',(3.069654986598,-103.7054840192,
    82.512152740994));
#6294 = VECTOR('',#6295,1.);
#6295 = DIRECTION('',(-0.537200388422,0.843454647672,-6.689E-14));
#6296 = ORIENTED_EDGE('',*,*,#6297,.F.);
#6297 = EDGE_CURVE('',#6274,#6290,#6298,.T.);
#6298 = LINE('',#6299,#6300);
#6299 = CARTESIAN_POINT('',(1.869654986598,-103.7054840192,
    82.512152740994));
#6300 = VECTOR('',#6301,1.);
#6301 = DIRECTION('',(1.,-1.18E-15,-1.2E-15));
#6302 = PLANE('',#6303);
#6303 = AXIS2_PLACEMENT_3D('',#6304,#6305,#6306);
#6304 = CARTESIAN_POINT('',(1.570087146612,-102.2930787196,
    82.512152740994));
#6305 = DIRECTION('',(1.2E-15,8.007E-14,1.));
#6306 = DIRECTION('',(-1.18E-15,-1.,8.007E-14));
#6307 = ADVANCED_FACE('',(#6308),#6390,.F.);
#6308 = FACE_BOUND('',#6309,.T.);
#6309 = EDGE_LOOP('',(#6310,#6320,#6328,#6336,#6344,#6352,#6360,#6368,
    #6376,#6384));
#6310 = ORIENTED_EDGE('',*,*,#6311,.F.);
#6311 = EDGE_CURVE('',#6312,#6314,#6316,.T.);
#6312 = VERTEX_POINT('',#6313);
#6313 = CARTESIAN_POINT('',(4.365807409305,-102.7250992615,
    82.512152740994));
#6314 = VERTEX_POINT('',#6315);
#6315 = CARTESIAN_POINT('',(4.365807409305,-106.1858687769,
    82.512152740994));
#6316 = LINE('',#6317,#6318);
#6317 = CARTESIAN_POINT('',(4.365807409305,-102.7250992615,
    82.512152740994));
#6318 = VECTOR('',#6319,1.);
#6319 = DIRECTION('',(-4.6E-16,-1.,8.007E-14));
#6320 = ORIENTED_EDGE('',*,*,#6321,.F.);
#6321 = EDGE_CURVE('',#6322,#6312,#6324,.T.);
#6322 = VERTEX_POINT('',#6323);
#6323 = CARTESIAN_POINT('',(5.265807409305,-102.2054840192,
    82.512152740994));
#6324 = LINE('',#6325,#6326);
#6325 = CARTESIAN_POINT('',(5.265807409305,-102.2054840192,
    82.512152740994));
#6326 = VECTOR('',#6327,1.);
#6327 = DIRECTION('',(-0.866025403784,-0.5,4.107E-14));
#6328 = ORIENTED_EDGE('',*,*,#6329,.F.);
#6329 = EDGE_CURVE('',#6330,#6322,#6332,.T.);
#6330 = VERTEX_POINT('',#6331);
#6331 = CARTESIAN_POINT('',(6.765807409305,-103.7054840192,
    82.512152740994));
#6332 = LINE('',#6333,#6334);
#6333 = CARTESIAN_POINT('',(6.765807409305,-103.7054840192,
    82.512152740994));
#6334 = VECTOR('',#6335,1.);
#6335 = DIRECTION('',(-0.707106781187,0.707106781187,-5.577E-14));
#6336 = ORIENTED_EDGE('',*,*,#6337,.F.);
#6337 = EDGE_CURVE('',#6338,#6330,#6340,.T.);
#6338 = VERTEX_POINT('',#6339);
#6339 = CARTESIAN_POINT('',(5.265807409305,-103.7054840192,
    82.512152740994));
#6340 = LINE('',#6341,#6342);
#6341 = CARTESIAN_POINT('',(5.265807409305,-103.7054840192,
    82.512152740994));
#6342 = VECTOR('',#6343,1.);
#6343 = DIRECTION('',(1.,-1.18E-15,-1.2E-15));
#6344 = ORIENTED_EDGE('',*,*,#6345,.F.);
#6345 = EDGE_CURVE('',#6346,#6338,#6348,.T.);
#6346 = VERTEX_POINT('',#6347);
#6347 = CARTESIAN_POINT('',(5.265807409305,-106.7054840192,
    82.512152740994));
#6348 = LINE('',#6349,#6350);
#6349 = CARTESIAN_POINT('',(5.265807409305,-103.7054840192,
    82.512152740994));
#6350 = VECTOR('',#6351,1.);
#6351 = DIRECTION('',(6.2E-16,1.,-8.007E-14));
#6352 = ORIENTED_EDGE('',*,*,#6353,.F.);
#6353 = EDGE_CURVE('',#6354,#6346,#6356,.T.);
#6354 = VERTEX_POINT('',#6355);
#6355 = CARTESIAN_POINT('',(6.965498659826E-02,-109.7054840192,
    82.512152740995));
#6356 = LINE('',#6357,#6358);
#6357 = CARTESIAN_POINT('',(5.265807409305,-106.7054840192,
    82.512152740994));
#6358 = VECTOR('',#6359,1.);
#6359 = DIRECTION('',(0.866025403784,0.5,-4.107E-14));
#6360 = ORIENTED_EDGE('',*,*,#6361,.F.);
#6361 = EDGE_CURVE('',#6362,#6354,#6364,.T.);
#6362 = VERTEX_POINT('',#6363);
#6363 = CARTESIAN_POINT('',(-5.126497436108,-106.7054840192,
    82.512152740994));
#6364 = LINE('',#6365,#6366);
#6365 = CARTESIAN_POINT('',(6.965498659825E-02,-109.7054840192,
    82.512152740995));
#6366 = VECTOR('',#6367,1.);
#6367 = DIRECTION('',(0.866025403784,-0.5,3.9E-14));
#6368 = ORIENTED_EDGE('',*,*,#6369,.F.);
#6369 = EDGE_CURVE('',#6370,#6362,#6372,.T.);
#6370 = VERTEX_POINT('',#6371);
#6371 = CARTESIAN_POINT('',(-4.226497436108,-106.1858687769,
    82.512152740994));
#6372 = LINE('',#6373,#6374);
#6373 = CARTESIAN_POINT('',(-5.126497436108,-106.7054840192,
    82.512152740994));
#6374 = VECTOR('',#6375,1.);
#6375 = DIRECTION('',(-0.866025403784,-0.5,4.107E-14));
#6376 = ORIENTED_EDGE('',*,*,#6377,.F.);
#6377 = EDGE_CURVE('',#6378,#6370,#6380,.T.);
#6378 = VERTEX_POINT('',#6379);
#6379 = CARTESIAN_POINT('',(6.965498659827E-02,-108.6662535347,
    82.512152740994));
#6380 = LINE('',#6381,#6382);
#6381 = CARTESIAN_POINT('',(6.965498659827E-02,-108.6662535347,
    82.512152740994));
#6382 = VECTOR('',#6383,1.);
#6383 = DIRECTION('',(-0.866025403784,0.5,-3.9E-14));
#6384 = ORIENTED_EDGE('',*,*,#6385,.F.);
#6385 = EDGE_CURVE('',#6314,#6378,#6386,.T.);
#6386 = LINE('',#6387,#6388);
#6387 = CARTESIAN_POINT('',(4.365807409305,-106.1858687769,
    82.512152740994));
#6388 = VECTOR('',#6389,1.);
#6389 = DIRECTION('',(-0.866025403784,-0.5,4.107E-14));
#6390 = PLANE('',#6391);
#6391 = AXIS2_PLACEMENT_3D('',#6392,#6393,#6394);
#6392 = CARTESIAN_POINT('',(0.819654986598,-105.9554840192,
    82.512152740994));
#6393 = DIRECTION('',(1.2E-15,8.007E-14,1.));
#6394 = DIRECTION('',(-1.18E-15,-1.,8.007E-14));
#6395 = ADVANCED_FACE('',(#6396),#6407,.T.);
#6396 = FACE_BOUND('',#6397,.T.);
#6397 = EDGE_LOOP('',(#6398));
#6398 = ORIENTED_EDGE('',*,*,#6399,.T.);
#6399 = EDGE_CURVE('',#6400,#6400,#6402,.T.);
#6400 = VERTEX_POINT('',#6401);
#6401 = CARTESIAN_POINT('',(-12.50042823074,-135.5585294812,
    86.912155744416));
#6402 = CIRCLE('',#6403,2.35);
#6403 = AXIS2_PLACEMENT_3D('',#6404,#6405,#6406);
#6404 = CARTESIAN_POINT('',(-12.50042823074,-137.9085294812,
    86.912155744416));
#6405 = DIRECTION('',(2.44E-15,-7.4E-16,-1.));
#6406 = DIRECTION('',(-3.3315E-13,-1.,7.399999999992E-16));
#6407 = PLANE('',#6408);
#6408 = AXIS2_PLACEMENT_3D('',#6409,#6410,#6411);
#6409 = CARTESIAN_POINT('',(-4.282307427551E-04,-118.0327723045,
    86.91215546129));
#6410 = DIRECTION('',(2.44E-15,-7.4E-16,-1.));
#6411 = DIRECTION('',(-3.3315E-13,-1.,7.399999999992E-16));
#6412 = ADVANCED_FACE('',(#6413),#6424,.F.);
#6413 = FACE_BOUND('',#6414,.F.);
#6414 = EDGE_LOOP('',(#6415));
#6415 = ORIENTED_EDGE('',*,*,#6416,.T.);
#6416 = EDGE_CURVE('',#6417,#6417,#6419,.T.);
#6417 = VERTEX_POINT('',#6418);
#6418 = CARTESIAN_POINT('',(12.499999903927,-135.5585294812,
    86.912155744416));
#6419 = CIRCLE('',#6420,2.35);
#6420 = AXIS2_PLACEMENT_3D('',#6421,#6422,#6423);
#6421 = CARTESIAN_POINT('',(12.499999903927,-137.9085294812,
    86.912155744416));
#6422 = DIRECTION('',(3.1E-16,7.4E-16,1.));
#6423 = DIRECTION('',(-1.67E-15,-1.,7.4E-16));
#6424 = PLANE('',#6425);
#6425 = AXIS2_PLACEMENT_3D('',#6426,#6427,#6428);
#6426 = CARTESIAN_POINT('',(-9.607309885E-08,-118.0327723045,
    86.91215546129));
#6427 = DIRECTION('',(3.1E-16,7.4E-16,1.));
#6428 = DIRECTION('',(-1.67E-15,-1.,7.4E-16));
#6429 = ADVANCED_FACE('',(#6430),#6472,.T.);
#6430 = FACE_BOUND('',#6431,.T.);
#6431 = EDGE_LOOP('',(#6432,#6442,#6450,#6458,#6466));
#6432 = ORIENTED_EDGE('',*,*,#6433,.F.);
#6433 = EDGE_CURVE('',#6434,#6436,#6438,.T.);
#6434 = VERTEX_POINT('',#6435);
#6435 = CARTESIAN_POINT('',(4.827775556791,-109.2085180906,
    96.738823952437));
#6436 = VERTEX_POINT('',#6437);
#6437 = CARTESIAN_POINT('',(3.607971654072,-110.7085180906,
    97.738823952437));
#6438 = LINE('',#6439,#6440);
#6439 = CARTESIAN_POINT('',(5.874818610653,-107.9209631178,
    95.880453970567));
#6440 = VECTOR('',#6441,1.);
#6441 = DIRECTION('',(-0.560397365963,-0.689123921534,0.459415947689));
#6442 = ORIENTED_EDGE('',*,*,#6443,.T.);
#6443 = EDGE_CURVE('',#6434,#6444,#6446,.T.);
#6444 = VERTEX_POINT('',#6445);
#6445 = CARTESIAN_POINT('',(4.827775556791,-102.7738375884,
    96.738823952437));
#6446 = LINE('',#6447,#6448);
#6447 = CARTESIAN_POINT('',(4.827775556791,-106.3330163028,
    96.738823952437));
#6448 = VECTOR('',#6449,1.);
#6449 = DIRECTION('',(2.69E-15,1.,3.3E-16));
#6450 = ORIENTED_EDGE('',*,*,#6451,.F.);
#6451 = EDGE_CURVE('',#6452,#6444,#6454,.T.);
#6452 = VERTEX_POINT('',#6453);
#6453 = CARTESIAN_POINT('',(3.033601354084,-102.7738375884,
    98.209694965973));
#6454 = LINE('',#6455,#6456);
#6455 = CARTESIAN_POINT('',(6.75366300797,-102.7738375884,
    95.159973903764));
#6456 = VECTOR('',#6457,1.);
#6457 = DIRECTION('',(0.773342141338,-1.86E-15,-0.633988905606));
#6458 = ORIENTED_EDGE('',*,*,#6459,.T.);
#6459 = EDGE_CURVE('',#6452,#6460,#6462,.T.);
#6460 = VERTEX_POINT('',#6461);
#6461 = CARTESIAN_POINT('',(3.033601354084,-110.7085180906,
    98.209694965973));
#6462 = LINE('',#6463,#6464);
#6463 = CARTESIAN_POINT('',(3.033601354084,-106.3330163028,
    98.209694965973));
#6464 = VECTOR('',#6465,1.);
#6465 = DIRECTION('',(-2.69E-15,-1.,-3.3E-16));
#6466 = ORIENTED_EDGE('',*,*,#6467,.T.);
#6467 = EDGE_CURVE('',#6460,#6436,#6468,.T.);
#6468 = LINE('',#6469,#6470);
#6469 = CARTESIAN_POINT('',(9.945336455224,-110.7085180906,
    92.543427555502));
#6470 = VECTOR('',#6471,1.);
#6471 = DIRECTION('',(0.773342141338,-1.86E-15,-0.633988905606));
#6472 = PLANE('',#6473);
#6473 = AXIS2_PLACEMENT_3D('',#6474,#6475,#6476);
#6474 = CARTESIAN_POINT('',(3.930688455437,-106.3330163028,
    97.474259459205));
#6475 = DIRECTION('',(0.633988905606,-1.96E-15,0.773342141338));
#6476 = DIRECTION('',(0.773342141338,-1.972152263053E-31,-0.633988905606
    ));
#6477 = ADVANCED_FACE('',(#6478),#6511,.T.);
#6478 = FACE_BOUND('',#6479,.T.);
#6479 = EDGE_LOOP('',(#6480,#6490,#6496,#6497,#6505));
#6480 = ORIENTED_EDGE('',*,*,#6481,.T.);
#6481 = EDGE_CURVE('',#6482,#6484,#6486,.T.);
#6482 = VERTEX_POINT('',#6483);
#6483 = CARTESIAN_POINT('',(4.84526992217,-110.3085180906,
    92.912071148906));
#6484 = VERTEX_POINT('',#6485);
#6485 = CARTESIAN_POINT('',(5.593126117497,-109.2085180906,
    92.912071148906));
#6486 = LINE('',#6487,#6488);
#6487 = CARTESIAN_POINT('',(6.891460564039,-107.2988355873,
    92.912071148906));
#6488 = VECTOR('',#6489,1.);
#6489 = DIRECTION('',(0.562236091417,0.82697676963,-4.7E-16));
#6490 = ORIENTED_EDGE('',*,*,#6491,.T.);
#6491 = EDGE_CURVE('',#6484,#6434,#6492,.T.);
#6492 = LINE('',#6493,#6494);
#6493 = CARTESIAN_POINT('',(5.997463954557,-109.2085180906,
    90.890381963605));
#6494 = VECTOR('',#6495,1.);
#6495 = DIRECTION('',(-0.196116135138,8.8E-16,0.980580675691));
#6496 = ORIENTED_EDGE('',*,*,#6433,.T.);
#6497 = ORIENTED_EDGE('',*,*,#6498,.T.);
#6498 = EDGE_CURVE('',#6436,#6499,#6501,.T.);
#6499 = VERTEX_POINT('',#6500);
#6500 = CARTESIAN_POINT('',(4.653322214779,-110.7085180906,
    92.512071148906));
#6501 = LINE('',#6502,#6503);
#6502 = CARTESIAN_POINT('',(5.016883278866,-110.7085180906,
    90.694265828467));
#6503 = VECTOR('',#6504,1.);
#6504 = DIRECTION('',(0.196116135138,-8.8E-16,-0.980580675691));
#6505 = ORIENTED_EDGE('',*,*,#6506,.T.);
#6506 = EDGE_CURVE('',#6499,#6482,#6507,.T.);
#6507 = LINE('',#6508,#6509);
#6508 = CARTESIAN_POINT('',(4.956982313198,-110.0757205385,
    93.144868701001));
#6509 = VECTOR('',#6510,1.);
#6510 = DIRECTION('',(0.321324453143,0.669608316784,0.669608316784));
#6511 = PLANE('',#6512);
#6512 = AXIS2_PLACEMENT_3D('',#6513,#6514,#6515);
#6513 = CARTESIAN_POINT('',(5.507173616712,-109.9585180906,
    90.792323896036));
#6514 = DIRECTION('',(0.815892439831,-0.554700196225,0.163178487966));
#6515 = DIRECTION('',(0.196116135138,0.,-0.980580675691));
#6516 = ADVANCED_FACE('',(#6517),#6542,.T.);
#6517 = FACE_BOUND('',#6518,.T.);
#6518 = EDGE_LOOP('',(#6519,#6527,#6528,#6536));
#6519 = ORIENTED_EDGE('',*,*,#6520,.T.);
#6520 = EDGE_CURVE('',#6521,#6482,#6523,.T.);
#6521 = VERTEX_POINT('',#6522);
#6522 = CARTESIAN_POINT('',(12.842226099778,-110.308524412,
    92.912071148906));
#6523 = LINE('',#6524,#6525);
#6524 = CARTESIAN_POINT('',(10.86883737302,-110.3085180906,
    92.912071148906));
#6525 = VECTOR('',#6526,1.);
#6526 = DIRECTION('',(-1.,2.E-15,4.5E-16));
#6527 = ORIENTED_EDGE('',*,*,#6506,.F.);
#6528 = ORIENTED_EDGE('',*,*,#6529,.T.);
#6529 = EDGE_CURVE('',#6499,#6530,#6532,.T.);
#6530 = VERTEX_POINT('',#6531);
#6531 = CARTESIAN_POINT('',(12.442231540639,-110.7085180906,
    92.512071148906));
#6532 = LINE('',#6533,#6534);
#6533 = CARTESIAN_POINT('',(10.86883737302,-110.7085180906,
    92.512071148906));
#6534 = VECTOR('',#6535,1.);
#6535 = DIRECTION('',(1.,-2.E-15,-4.5E-16));
#6536 = ORIENTED_EDGE('',*,*,#6537,.T.);
#6537 = EDGE_CURVE('',#6530,#6521,#6538,.T.);
#6538 = LINE('',#6539,#6540);
#6539 = CARTESIAN_POINT('',(11.767718859456,-111.3830292868,
    91.837559952697));
#6540 = VECTOR('',#6541,1.);
#6541 = DIRECTION('',(0.577351116568,0.5773498455,0.5773498455));
#6542 = PLANE('',#6543);
#6543 = AXIS2_PLACEMENT_3D('',#6544,#6545,#6546);
#6544 = CARTESIAN_POINT('',(10.86883737302,-110.5085180906,
    92.712071148906));
#6545 = DIRECTION('',(-1.09E-15,-0.707106781187,0.707106781187));
#6546 = DIRECTION('',(1.,4.253608506646E-18,1.545746391493E-15));
#6547 = ADVANCED_FACE('',(#6548),#6582,.F.);
#6548 = FACE_BOUND('',#6549,.T.);
#6549 = EDGE_LOOP('',(#6550,#6560,#6568,#6576));
#6550 = ORIENTED_EDGE('',*,*,#6551,.F.);
#6551 = EDGE_CURVE('',#6552,#6554,#6556,.T.);
#6552 = VERTEX_POINT('',#6553);
#6553 = CARTESIAN_POINT('',(-12.84142255342,-110.3085244121,
    92.912071149584));
#6554 = VERTEX_POINT('',#6555);
#6555 = CARTESIAN_POINT('',(-4.844466375821,-110.3085180906,
    92.912071149162));
#6556 = LINE('',#6557,#6558);
#6557 = CARTESIAN_POINT('',(-10.86803382667,-110.3085180906,
    92.91207114948));
#6558 = VECTOR('',#6559,1.);
#6559 = DIRECTION('',(1.,2.3023E-12,-5.285402E-11));
#6560 = ORIENTED_EDGE('',*,*,#6561,.F.);
#6561 = EDGE_CURVE('',#6562,#6552,#6564,.T.);
#6562 = VERTEX_POINT('',#6563);
#6563 = CARTESIAN_POINT('',(-12.44142799431,-110.7085180906,
    92.512071149563));
#6564 = LINE('',#6565,#6566);
#6565 = CARTESIAN_POINT('',(-11.76691531316,-111.3830292868,
    91.837559953319));
#6566 = VECTOR('',#6567,1.);
#6567 = DIRECTION('',(-0.577351116539,0.577349845498,0.57734984553));
#6568 = ORIENTED_EDGE('',*,*,#6569,.F.);
#6569 = EDGE_CURVE('',#6570,#6562,#6572,.T.);
#6570 = VERTEX_POINT('',#6571);
#6571 = CARTESIAN_POINT('',(-4.652518668449,-110.7085180906,
    92.512071149152));
#6572 = LINE('',#6573,#6574);
#6573 = CARTESIAN_POINT('',(-10.86803382669,-110.7085180906,
    92.51207114948));
#6574 = VECTOR('',#6575,1.);
#6575 = DIRECTION('',(-1.,-2.3023E-12,5.285402E-11));
#6576 = ORIENTED_EDGE('',*,*,#6577,.T.);
#6577 = EDGE_CURVE('',#6570,#6554,#6578,.T.);
#6578 = LINE('',#6579,#6580);
#6579 = CARTESIAN_POINT('',(-4.956178766837,-110.0757205385,
    93.144868701263));
#6580 = VECTOR('',#6581,1.);
#6581 = DIRECTION('',(-0.321324453109,0.669608316783,0.669608316801));
#6582 = PLANE('',#6583);
#6583 = AXIS2_PLACEMENT_3D('',#6584,#6585,#6586);
#6584 = CARTESIAN_POINT('',(-10.86803382668,-110.5085180906,
    92.71207114948));
#6585 = DIRECTION('',(-3.900141E-11,0.707106781187,-0.707106781187));
#6586 = DIRECTION('',(-1.,-2.300301486837E-12,5.285602148684E-11));
#6587 = ADVANCED_FACE('',(#6588),#6621,.F.);
#6588 = FACE_BOUND('',#6589,.T.);
#6589 = EDGE_LOOP('',(#6590,#6598,#6599,#6607,#6615));
#6590 = ORIENTED_EDGE('',*,*,#6591,.F.);
#6591 = EDGE_CURVE('',#6554,#6592,#6594,.T.);
#6592 = VERTEX_POINT('',#6593);
#6593 = CARTESIAN_POINT('',(-5.59232257115,-109.2085180906,
    92.912071149201));
#6594 = LINE('',#6595,#6596);
#6595 = CARTESIAN_POINT('',(-6.890657017697,-107.2988355873,
    92.91207114927));
#6596 = VECTOR('',#6597,1.);
#6597 = DIRECTION('',(-0.562236091419,0.826976769629,2.971622E-11));
#6598 = ORIENTED_EDGE('',*,*,#6577,.F.);
#6599 = ORIENTED_EDGE('',*,*,#6600,.F.);
#6600 = EDGE_CURVE('',#6601,#6570,#6603,.T.);
#6601 = VERTEX_POINT('',#6602);
#6602 = CARTESIAN_POINT('',(-3.607168107467,-110.7085180906,
    97.738823952628));
#6603 = LINE('',#6604,#6605);
#6604 = CARTESIAN_POINT('',(-5.016079732633,-110.7085180906,
    90.694265828732));
#6605 = VECTOR('',#6606,1.);
#6606 = DIRECTION('',(-0.19611613519,-4.5201E-13,-0.980580675681));
#6607 = ORIENTED_EDGE('',*,*,#6608,.F.);
#6608 = EDGE_CURVE('',#6609,#6601,#6611,.T.);
#6609 = VERTEX_POINT('',#6610);
#6610 = CARTESIAN_POINT('',(-4.826972010241,-109.2085180906,
    96.738823952692));
#6611 = LINE('',#6612,#6613);
#6612 = CARTESIAN_POINT('',(-5.874015064152,-107.9209631178,
    95.880453970877));
#6613 = VECTOR('',#6614,1.);
#6614 = DIRECTION('',(0.560397365989,-0.689123921533,0.45941594766));
#6615 = ORIENTED_EDGE('',*,*,#6616,.F.);
#6616 = EDGE_CURVE('',#6592,#6609,#6617,.T.);
#6617 = LINE('',#6618,#6619);
#6618 = CARTESIAN_POINT('',(-5.996660408317,-109.2085180906,
    90.890381963922));
#6619 = VECTOR('',#6620,1.);
#6620 = DIRECTION('',(0.19611613519,4.5201E-13,0.980580675681));
#6621 = PLANE('',#6622);
#6622 = AXIS2_PLACEMENT_3D('',#6623,#6624,#6625);
#6623 = CARTESIAN_POINT('',(-5.506370070475,-109.9585180906,
    90.792323896327));
#6624 = DIRECTION('',(0.815892439821,0.554700196227,-0.163178488009));
#6625 = DIRECTION('',(-0.19611613519,-4.513195372979E-13,-0.980580675681
    ));
#6626 = ADVANCED_FACE('',(#6627),#6660,.F.);
#6627 = FACE_BOUND('',#6628,.T.);
#6628 = EDGE_LOOP('',(#6629,#6630,#6638,#6646,#6654));
#6629 = ORIENTED_EDGE('',*,*,#6608,.T.);
#6630 = ORIENTED_EDGE('',*,*,#6631,.F.);
#6631 = EDGE_CURVE('',#6632,#6601,#6634,.T.);
#6632 = VERTEX_POINT('',#6633);
#6633 = CARTESIAN_POINT('',(-3.032797807453,-110.7085180906,
    98.209694966134));
#6634 = LINE('',#6635,#6636);
#6635 = CARTESIAN_POINT('',(-9.944532908892,-110.7085180906,
    92.543427556028));
#6636 = VECTOR('',#6637,1.);
#6637 = DIRECTION('',(-0.773342141371,-1.78078E-12,-0.633988905565));
#6638 = ORIENTED_EDGE('',*,*,#6639,.F.);
#6639 = EDGE_CURVE('',#6640,#6632,#6642,.T.);
#6640 = VERTEX_POINT('',#6641);
#6641 = CARTESIAN_POINT('',(-3.032797807471,-102.7738375884,
    98.209694966134));
#6642 = LINE('',#6643,#6644);
#6643 = CARTESIAN_POINT('',(-3.032797807463,-106.3330163028,
    98.209694966134));
#6644 = VECTOR('',#6645,1.);
#6645 = DIRECTION('',(2.30299E-12,-1.,-3.3E-16));
#6646 = ORIENTED_EDGE('',*,*,#6647,.T.);
#6647 = EDGE_CURVE('',#6640,#6648,#6650,.T.);
#6648 = VERTEX_POINT('',#6649);
#6649 = CARTESIAN_POINT('',(-4.826972010256,-102.7738375884,
    96.738823952692));
#6650 = LINE('',#6651,#6652);
#6651 = CARTESIAN_POINT('',(-6.752859461519,-102.7738375884,
    95.15997390412));
#6652 = VECTOR('',#6653,1.);
#6653 = DIRECTION('',(-0.773342141371,-1.78078E-12,-0.633988905565));
#6654 = ORIENTED_EDGE('',*,*,#6655,.F.);
#6655 = EDGE_CURVE('',#6609,#6648,#6656,.T.);
#6656 = LINE('',#6657,#6658);
#6657 = CARTESIAN_POINT('',(-4.826972010248,-106.3330163028,
    96.738823952692));
#6658 = VECTOR('',#6659,1.);
#6659 = DIRECTION('',(-2.30299E-12,1.,3.3E-16));
#6660 = PLANE('',#6661);
#6661 = AXIS2_PLACEMENT_3D('',#6662,#6663,#6664);
#6662 = CARTESIAN_POINT('',(-3.929884908856,-106.3330163028,
    97.474259459413));
#6663 = DIRECTION('',(0.633988905565,1.46032E-12,-0.773342141371));
#6664 = DIRECTION('',(-0.773342141371,-1.77892E-12,-0.633988905565));
#6665 = ADVANCED_FACE('',(#6666),#6682,.T.);
#6666 = FACE_BOUND('',#6667,.T.);
#6667 = EDGE_LOOP('',(#6668,#6674,#6675,#6681));
#6668 = ORIENTED_EDGE('',*,*,#6669,.F.);
#6669 = EDGE_CURVE('',#6460,#6632,#6670,.T.);
#6670 = LINE('',#6671,#6672);
#6671 = CARTESIAN_POINT('',(-8.101979269285,-110.7085180906,
    98.209694966402));
#6672 = VECTOR('',#6673,1.);
#6673 = DIRECTION('',(-1.,-2.3023E-12,5.285554E-11));
#6674 = ORIENTED_EDGE('',*,*,#6459,.F.);
#6675 = ORIENTED_EDGE('',*,*,#6676,.F.);
#6676 = EDGE_CURVE('',#6640,#6452,#6677,.T.);
#6677 = LINE('',#6678,#6679);
#6678 = CARTESIAN_POINT('',(2.766054460873,-102.7738375884,
    98.209694965973));
#6679 = VECTOR('',#6680,1.);
#6680 = DIRECTION('',(1.,-2.E-15,1.07E-15));
#6681 = ORIENTED_EDGE('',*,*,#6639,.T.);
#6682 = PLANE('',#6683);
#6683 = AXIS2_PLACEMENT_3D('',#6684,#6685,#6686);
#6684 = CARTESIAN_POINT('',(-9.607321634E-08,-105.5411805599,
    98.209694965973));
#6685 = DIRECTION('',(-1.07E-15,-3.3E-16,1.));
#6686 = DIRECTION('',(-2.35E-15,-1.,-3.3E-16));
#6687 = ADVANCED_FACE('',(#6688),#6723,.F.);
#6688 = FACE_BOUND('',#6689,.T.);
#6689 = EDGE_LOOP('',(#6690,#6701,#6709,#6717));
#6690 = ORIENTED_EDGE('',*,*,#6691,.F.);
#6691 = EDGE_CURVE('',#6692,#6694,#6696,.T.);
#6692 = VERTEX_POINT('',#6693);
#6693 = CARTESIAN_POINT('',(24.400000229492,-104.1027065412,
    83.912156647298));
#6694 = VERTEX_POINT('',#6695);
#6695 = CARTESIAN_POINT('',(27.100000224302,-104.1027065412,
    86.404143926501));
#6696 = CIRCLE('',#6697,2.5);
#6697 = AXIS2_PLACEMENT_3D('',#6698,#6699,#6700);
#6698 = CARTESIAN_POINT('',(26.900000229494,-104.1027065412,
    83.912156767209));
#6699 = DIRECTION('',(1.33E-15,1.,-1.19E-15));
#6700 = DIRECTION('',(1.,-1.33E-15,-2.E-15));
#6701 = ORIENTED_EDGE('',*,*,#6702,.F.);
#6702 = EDGE_CURVE('',#6703,#6692,#6705,.T.);
#6703 = VERTEX_POINT('',#6704);
#6704 = CARTESIAN_POINT('',(24.400000229492,-104.1027065412,
    82.312159577501));
#6705 = LINE('',#6706,#6707);
#6706 = CARTESIAN_POINT('',(24.400000229492,-104.1027065412,
    83.412156647298));
#6707 = VECTOR('',#6708,1.);
#6708 = DIRECTION('',(1.6672E-13,1.19E-15,1.));
#6709 = ORIENTED_EDGE('',*,*,#6710,.T.);
#6710 = EDGE_CURVE('',#6703,#6711,#6713,.T.);
#6711 = VERTEX_POINT('',#6712);
#6712 = CARTESIAN_POINT('',(27.100000224302,-104.1027065412,
    82.312159576068));
#6713 = LINE('',#6714,#6715);
#6714 = CARTESIAN_POINT('',(13.621873421471,-104.1027065412,
    82.312159576781));
#6715 = VECTOR('',#6716,1.);
#6716 = DIRECTION('',(1.,-1.33E-15,-5.285328E-11));
#6717 = ORIENTED_EDGE('',*,*,#6718,.T.);
#6718 = EDGE_CURVE('',#6711,#6694,#6719,.T.);
#6719 = LINE('',#6720,#6721);
#6720 = CARTESIAN_POINT('',(27.100000224302,-104.1027065412,
    81.912156707253));
#6721 = VECTOR('',#6722,1.);
#6722 = DIRECTION('',(3.3E-16,1.19E-15,1.));
#6723 = PLANE('',#6724);
#6724 = AXIS2_PLACEMENT_3D('',#6725,#6726,#6727);
#6725 = CARTESIAN_POINT('',(26.562598283592,-104.1027065412,
    81.912156767209));
#6726 = DIRECTION('',(1.33E-15,1.,-1.E-15));
#6727 = DIRECTION('',(-1.,1.33E-15,2.E-15));
#6728 = ADVANCED_FACE('',(#6729),#6773,.F.);
#6729 = FACE_BOUND('',#6730,.F.);
#6730 = EDGE_LOOP('',(#6731,#6742,#6757,#6766));
#6731 = ORIENTED_EDGE('',*,*,#6732,.F.);
#6732 = EDGE_CURVE('',#6733,#6735,#6737,.T.);
#6733 = VERTEX_POINT('',#6734);
#6734 = CARTESIAN_POINT('',(23.294411207432,-107.3423773074,
    84.894128996783));
#6735 = VERTEX_POINT('',#6736);
#6736 = CARTESIAN_POINT('',(22.900000229491,-106.3424226744,
    83.162156767209));
#6737 = ELLIPSE('',#6738,4.618802153517,4.);
#6738 = AXIS2_PLACEMENT_3D('',#6739,#6740,#6741);
#6739 = CARTESIAN_POINT('',(26.900000229491,-106.3424226744,
    83.162156767209));
#6740 = DIRECTION('',(-2.9928E-13,-0.866025403784,-0.5));
#6741 = DIRECTION('',(3.034E-14,-0.5,0.866025403784));
#6742 = ORIENTED_EDGE('',*,*,#6743,.T.);
#6743 = EDGE_CURVE('',#6733,#6744,#6746,.T.);
#6744 = VERTEX_POINT('',#6745);
#6745 = CARTESIAN_POINT('',(24.600928560241,-105.9504916585,
    84.894128996782));
#6746 = B_SPLINE_CURVE_WITH_KNOTS('',3,(#6747,#6748,#6749,#6750,#6751,
    #6752,#6753,#6754,#6755,#6756),.UNSPECIFIED.,.F.,.F.,(4,2,2,2,4),(0.
    ,5.51176357616E-02,0.103194770027,0.15086321759,0.215635735945),
  .UNSPECIFIED.);
#6747 = CARTESIAN_POINT('',(23.294411207432,-107.3423773074,
    84.894128996783));
#6748 = CARTESIAN_POINT('',(23.478136659971,-107.3423773074,
    84.894128996783));
#6749 = CARTESIAN_POINT('',(23.660652765209,-107.3091504947,
    84.894128996738));
#6750 = CARTESIAN_POINT('',(23.977479808571,-107.1769779121,
    84.894128996738));
#6751 = CARTESIAN_POINT('',(24.110841370867,-107.0886076983,
    84.894128996761));
#6752 = CARTESIAN_POINT('',(24.334914046674,-106.8620050487,
    84.894128996761));
#6753 = CARTESIAN_POINT('',(24.420914964459,-106.7294509359,
    84.894128996782));
#6754 = CARTESIAN_POINT('',(24.56591294269,-106.3837730013,
    84.894128996782));
#6755 = CARTESIAN_POINT('',(24.600928560241,-106.166653079,
    84.894128996782));
#6756 = CARTESIAN_POINT('',(24.600928560241,-105.9504916585,
    84.894128996782));
#6757 = ORIENTED_EDGE('',*,*,#6758,.F.);
#6758 = EDGE_CURVE('',#6759,#6744,#6761,.T.);
#6759 = VERTEX_POINT('',#6760);
#6760 = CARTESIAN_POINT('',(24.400000229489,-105.0433845687,
    83.912156767209));
#6761 = ELLIPSE('',#6762,3.403429642777,2.5);
#6762 = AXIS2_PLACEMENT_3D('',#6763,#6764,#6765);
#6763 = CARTESIAN_POINT('',(26.900000229491,-105.0433845687,
    83.912156767209));
#6764 = DIRECTION('',(4.3369E-13,0.734553160312,0.678551143744));
#6765 = DIRECTION('',(4.045E-14,-0.678551143744,0.734553160312));
#6766 = ORIENTED_EDGE('',*,*,#6767,.T.);
#6767 = EDGE_CURVE('',#6759,#6735,#6768,.T.);
#6768 = CIRCLE('',#6769,1.499999999997);
#6769 = AXIS2_PLACEMENT_3D('',#6770,#6771,#6772);
#6770 = CARTESIAN_POINT('',(22.900000229492,-105.0433845687,
    83.912156767209));
#6771 = DIRECTION('',(-1.4358E-13,0.5,-0.866025403784));
#6772 = DIRECTION('',(1.,8.241532864686E-19,-1.657914274754E-13));
#6773 = B_SPLINE_SURFACE_WITH_KNOTS('',3,3,(
    (#6774,#6775,#6776,#6777)
    ,(#6778,#6779,#6780,#6781)
    ,(#6782,#6783,#6784,#6785)
    ,(#6786,#6787,#6788,#6789)
    ,(#6790,#6791,#6792,#6793
  )),.UNSPECIFIED.,.F.,.F.,.F.,(4,1,4),(4,4),(0.,0.571428571429,1.),(
    -1.570796326795,-1.070804140374),.UNSPECIFIED.);
#6774 = CARTESIAN_POINT('',(24.400000229491,-105.0433845687,
    83.912156767209));
#6775 = CARTESIAN_POINT('',(24.400000229491,-105.4282787333,
    84.328816922559));
#6776 = CARTESIAN_POINT('',(24.506279797435,-105.8127767393,
    84.74504822365));
#6777 = CARTESIAN_POINT('',(24.706034459758,-106.1505545881,
    85.11070347103));
#6778 = CARTESIAN_POINT('',(24.400000229491,-105.4320558611,
    83.687757291952));
#6779 = CARTESIAN_POINT('',(24.361437740522,-105.7958712714,
    84.115774302975));
#6780 = CARTESIAN_POINT('',(24.439180766034,-106.1645304463,
    84.561260931886));
#6781 = CARTESIAN_POINT('',(24.623773516058,-106.4892033739,
    84.960123027156));
#6782 = CARTESIAN_POINT('',(24.023370628385,-106.1049287878,
    83.299273926589));
#6783 = CARTESIAN_POINT('',(23.963886217655,-106.4352009611,
    83.81044724806));
#6784 = CARTESIAN_POINT('',(24.039437552968,-106.7753375182,
    84.345163361279));
#6785 = CARTESIAN_POINT('',(24.248229285777,-107.0785733101,
    84.825007073838));
#6786 = CARTESIAN_POINT('',(23.236599442375,-106.3424226744,
    83.162156767209));
#6787 = CARTESIAN_POINT('',(23.218933514889,-106.7028114746,
    83.78700177466));
#6788 = CARTESIAN_POINT('',(23.360543395215,-107.0673031854,
    84.417405148649));
#6789 = CARTESIAN_POINT('',(23.647032151344,-107.3887097359,
    84.974379116923));
#6790 = CARTESIAN_POINT('',(22.900000229491,-106.3424226744,
    83.162156767209));
#6791 = CARTESIAN_POINT('',(22.900000229491,-106.727316839,
    83.82881301577));
#6792 = CARTESIAN_POINT('',(23.0700475382,-107.111814845,84.494783097515
    ));
#6793 = CARTESIAN_POINT('',(23.389654997918,-107.4495926938,
    85.079831493323));
#6794 = ADVANCED_FACE('',(#6795),#6845,.F.);
#6795 = FACE_BOUND('',#6796,.T.);
#6796 = EDGE_LOOP('',(#6797,#6805,#6822,#6830,#6838,#6844));
#6797 = ORIENTED_EDGE('',*,*,#6798,.F.);
#6798 = EDGE_CURVE('',#6799,#6744,#6801,.T.);
#6799 = VERTEX_POINT('',#6800);
#6800 = CARTESIAN_POINT('',(24.600928560243,-119.0069749819,
    84.894128996783));
#6801 = LINE('',#6802,#6803);
#6802 = CARTESIAN_POINT('',(24.600928560245,-151.7039662394,
    84.894128996786));
#6803 = VECTOR('',#6804,1.);
#6804 = DIRECTION('',(-5.721E-14,1.,-2.4E-15));
#6805 = ORIENTED_EDGE('',*,*,#6806,.T.);
#6806 = EDGE_CURVE('',#6799,#6807,#6809,.T.);
#6807 = VERTEX_POINT('',#6808);
#6808 = CARTESIAN_POINT('',(21.124375447528,-115.2952799182,
    84.894128996784));
#6809 = B_SPLINE_CURVE_WITH_KNOTS('',3,(#6810,#6811,#6812,#6813,#6814,
    #6815,#6816,#6817,#6818,#6819,#6820,#6821),.UNSPECIFIED.,.F.,.F.,(4,
    2,2,2,2,4),(0.,0.149935145089,0.245390101965,0.336603117262,
    0.395333512563,0.457256847926),.UNSPECIFIED.);
#6810 = CARTESIAN_POINT('',(24.600928560243,-119.0069749819,
    84.894128996783));
#6811 = CARTESIAN_POINT('',(24.600928560243,-118.507191165,
    84.894128996783));
#6812 = CARTESIAN_POINT('',(24.546040431844,-117.8851091818,
    84.894128996783));
#6813 = CARTESIAN_POINT('',(24.140663628762,-116.8965058964,
    84.894128996783));
#6814 = CARTESIAN_POINT('',(23.917884549335,-116.5543270016,
    84.894128996783));
#6815 = CARTESIAN_POINT('',(23.344377277261,-115.9826815398,
    84.894128996783));
#6816 = CARTESIAN_POINT('',(23.013568810375,-115.763275304,
    84.894128996783));
#6817 = CARTESIAN_POINT('',(22.418216716563,-115.5024360491,
    84.894128996783));
#6818 = CARTESIAN_POINT('',(22.174121321817,-115.4263499599,
    84.894128996419));
#6819 = CARTESIAN_POINT('',(21.661547041383,-115.3213278788,
    84.89412899642));
#6820 = CARTESIAN_POINT('',(21.393042171698,-115.2952799182,
    84.894128996784));
#6821 = CARTESIAN_POINT('',(21.124375447528,-115.2952799182,
    84.894128996784));
#6822 = ORIENTED_EDGE('',*,*,#6823,.T.);
#6823 = EDGE_CURVE('',#6807,#6824,#6826,.T.);
#6824 = VERTEX_POINT('',#6825);
#6825 = CARTESIAN_POINT('',(12.807426852562,-115.2952799182,
    84.894128996785));
#6826 = LINE('',#6827,#6828);
#6827 = CARTESIAN_POINT('',(14.004913918767,-115.2952799182,
    84.894128996785));
#6828 = VECTOR('',#6829,1.);
#6829 = DIRECTION('',(-1.,2.703E-13,1.777E-13));
#6830 = ORIENTED_EDGE('',*,*,#6831,.T.);
#6831 = EDGE_CURVE('',#6824,#6832,#6834,.T.);
#6832 = VERTEX_POINT('',#6833);
#6833 = CARTESIAN_POINT('',(12.807426852564,-107.3423773074,
    84.894128996785));
#6834 = LINE('',#6835,#6836);
#6835 = CARTESIAN_POINT('',(12.807426852564,-106.2034009107,
    84.894128996784));
#6836 = VECTOR('',#6837,1.);
#6837 = DIRECTION('',(1.6839E-13,1.,-7.968E-14));
#6838 = ORIENTED_EDGE('',*,*,#6839,.T.);
#6839 = EDGE_CURVE('',#6832,#6733,#6840,.T.);
#6840 = LINE('',#6841,#6842);
#6841 = CARTESIAN_POINT('',(18.900000229492,-107.3423773074,
    84.894128996783));
#6842 = VECTOR('',#6843,1.);
#6843 = DIRECTION('',(1.,-2.4299E-13,-1.777E-13));
#6844 = ORIENTED_EDGE('',*,*,#6743,.T.);
#6845 = PLANE('',#6846);
#6846 = AXIS2_PLACEMENT_3D('',#6847,#6848,#6849);
#6847 = CARTESIAN_POINT('',(18.900000229492,-107.4527065412,
    84.894128996783));
#6848 = DIRECTION('',(1.777E-13,7.968E-14,1.));
#6849 = DIRECTION('',(1.6839E-13,1.,-7.968000000003E-14));
#6850 = ADVANCED_FACE('',(#6851),#6879,.F.);
#6851 = FACE_BOUND('',#6852,.F.);
#6852 = EDGE_LOOP('',(#6853,#6854,#6863,#6872));
#6853 = ORIENTED_EDGE('',*,*,#6806,.T.);
#6854 = ORIENTED_EDGE('',*,*,#6855,.F.);
#6855 = EDGE_CURVE('',#6856,#6807,#6858,.T.);
#6856 = VERTEX_POINT('',#6857);
#6857 = CARTESIAN_POINT('',(20.400000229493,-117.0169201036,
    81.912159577502));
#6858 = ELLIPSE('',#6859,7.505553499466,6.5);
#6859 = AXIS2_PLACEMENT_3D('',#6860,#6861,#6862);
#6860 = CARTESIAN_POINT('',(26.900000229492,-117.0169223876,
    81.912156767208));
#6861 = DIRECTION('',(1.4523E-13,0.866025403784,-0.5));
#6862 = DIRECTION('',(-2.688E-14,0.5,0.866025403784));
#6863 = ORIENTED_EDGE('',*,*,#6864,.F.);
#6864 = EDGE_CURVE('',#6865,#6856,#6867,.T.);
#6865 = VERTEX_POINT('',#6866);
#6866 = CARTESIAN_POINT('',(24.400000229492,-120.4810241828,
    83.9121566473));
#6867 = CIRCLE('',#6868,4.);
#6868 = AXIS2_PLACEMENT_3D('',#6869,#6870,#6871);
#6869 = CARTESIAN_POINT('',(20.400000229492,-120.4810241828,
    83.912156455448));
#6870 = DIRECTION('',(-4.153726041E-08,0.499999147877,0.866025895757));
#6871 = DIRECTION('',(1.,-1.065777621534E-13,4.796313124388E-08));
#6872 = ORIENTED_EDGE('',*,*,#6873,.F.);
#6873 = EDGE_CURVE('',#6799,#6865,#6874,.T.);
#6874 = ELLIPSE('',#6875,4.509249752824,2.5);
#6875 = AXIS2_PLACEMENT_3D('',#6876,#6877,#6878);
#6876 = CARTESIAN_POINT('',(26.900000229492,-120.4810240028,
    83.912156767209));
#6877 = DIRECTION('',(-2.896E-13,-0.554415953216,0.832239719564));
#6878 = DIRECTION('',(-4.629E-14,0.832239719564,0.554415953216));
#6879 = B_SPLINE_SURFACE_WITH_KNOTS('',3,3,(
    (#6880,#6881,#6882,#6883)
    ,(#6884,#6885,#6886,#6887)
    ,(#6888,#6889,#6890,#6891)
    ,(#6892,#6893,#6894,#6895)
    ,(#6896,#6897,#6898,#6899
  )),.UNSPECIFIED.,.F.,.F.,.F.,(4,1,4),(4,4),(0.,0.571428571429,1.),(
    0.973449910003,1.570796374758),.UNSPECIFIED.);
#6880 = CARTESIAN_POINT('',(24.83292264665,-118.3702732515,
    85.318282745388));
#6881 = CARTESIAN_POINT('',(24.552941185961,-118.9881111446,
    84.906695583226));
#6882 = CARTESIAN_POINT('',(24.400000205616,-119.7337882079,
    84.40994536793));
#6883 = CARTESIAN_POINT('',(24.400000229492,-120.4810241828,
    83.9121566473));
#6884 = CARTESIAN_POINT('',(24.595560827034,-117.4862361372,
    84.969348649892));
#6885 = CARTESIAN_POINT('',(24.344737645386,-118.0668247496,
    84.448461420639));
#6886 = CARTESIAN_POINT('',(24.277513801027,-118.7643387658,
    83.847900329147));
#6887 = CARTESIAN_POINT('',(24.400000258193,-119.4445673874,
    83.313758037481));
#6888 = CARTESIAN_POINT('',(23.637019390546,-115.946665542,
    84.732523319397));
#6889 = CARTESIAN_POINT('',(23.282913049079,-116.465849994,
    83.965941236747));
#6890 = CARTESIAN_POINT('',(23.205421166482,-117.0772524044,
    83.076525104922));
#6891 = CARTESIAN_POINT('',(23.395375117502,-117.6503049603,
    82.277840094028));
#6892 = CARTESIAN_POINT('',(22.15861919459,-115.0926317692,
    85.245125886849));
#6893 = CARTESIAN_POINT('',(21.542291199075,-115.6633537157,
    84.255928640161));
#6894 = CARTESIAN_POINT('',(21.241534312083,-116.3476777617,
    83.073305767724));
#6895 = CARTESIAN_POINT('',(21.297598144222,-117.016922549,
    81.912156487736));
#6896 = CARTESIAN_POINT('',(21.525598514103,-114.9061716364,
    85.568084310475));
#6897 = CARTESIAN_POINT('',(20.797646716312,-115.5240095294,
    84.497957688854));
#6898 = CARTESIAN_POINT('',(20.400000167416,-116.2696865928,
    83.206407129084));
#6899 = CARTESIAN_POINT('',(20.400000229492,-117.0169225676,
    81.912156455447));
#6900 = ADVANCED_FACE('',(#6901,#6912),#6915,.F.);
#6901 = FACE_BOUND('',#6902,.T.);
#6902 = EDGE_LOOP('',(#6903));
#6903 = ORIENTED_EDGE('',*,*,#6904,.F.);
#6904 = EDGE_CURVE('',#6905,#6905,#6907,.T.);
#6905 = VERTEX_POINT('',#6906);
#6906 = CARTESIAN_POINT('',(8.077309304218,-146.5464438875,
    109.6364933226));
#6907 = CIRCLE('',#6908,1.5);
#6908 = AXIS2_PLACEMENT_3D('',#6909,#6910,#6911);
#6909 = CARTESIAN_POINT('',(9.577309304218,-146.5464438875,
    109.6364933226));
#6910 = DIRECTION('',(-3.1E-16,-9.3E-16,-1.));
#6911 = DIRECTION('',(1.,0.,-3.1E-16));
#6912 = FACE_BOUND('',#6913,.T.);
#6913 = EDGE_LOOP('',(#6914));
#6914 = ORIENTED_EDGE('',*,*,#6038,.F.);
#6915 = PLANE('',#6916);
#6916 = AXIS2_PLACEMENT_3D('',#6917,#6918,#6919);
#6917 = CARTESIAN_POINT('',(9.577309304218,-146.5464438875,
    109.6364933226));
#6918 = DIRECTION('',(-3.1E-16,-9.3E-16,-1.));
#6919 = DIRECTION('',(1.,0.,-3.1E-16));
#6920 = ADVANCED_FACE('',(#6921),#6955,.T.);
#6921 = FACE_BOUND('',#6922,.T.);
#6922 = EDGE_LOOP('',(#6923,#6933,#6941,#6949));
#6923 = ORIENTED_EDGE('',*,*,#6924,.F.);
#6924 = EDGE_CURVE('',#6925,#6927,#6929,.T.);
#6925 = VERTEX_POINT('',#6926);
#6926 = CARTESIAN_POINT('',(14.139209786616,-151.6893664308,
    108.6364933226));
#6927 = VERTEX_POINT('',#6928);
#6928 = CARTESIAN_POINT('',(14.139209786616,-150.013142062,
    108.6364933226));
#6929 = LINE('',#6930,#6931);
#6930 = CARTESIAN_POINT('',(14.139209786616,-150.0049451415,
    108.6364933226));
#6931 = VECTOR('',#6932,1.);
#6932 = DIRECTION('',(-8.77E-15,1.,-7.4E-16));
#6933 = ORIENTED_EDGE('',*,*,#6934,.F.);
#6934 = EDGE_CURVE('',#6935,#6925,#6937,.T.);
#6935 = VERTEX_POINT('',#6936);
#6936 = CARTESIAN_POINT('',(14.139209786616,-151.6893664308,
    104.30100997935));
#6937 = LINE('',#6938,#6939);
#6938 = CARTESIAN_POINT('',(14.139209786616,-151.6893664308,
    76.912157325842));
#6939 = VECTOR('',#6940,1.);
#6940 = DIRECTION('',(2.41E-15,2.51E-15,1.));
#6941 = ORIENTED_EDGE('',*,*,#6942,.T.);
#6942 = EDGE_CURVE('',#6935,#6943,#6945,.T.);
#6943 = VERTEX_POINT('',#6944);
#6944 = CARTESIAN_POINT('',(14.139209786616,-150.013142062,
    104.30100997935));
#6945 = LINE('',#6946,#6947);
#6946 = CARTESIAN_POINT('',(14.139209786616,-122.0836418148,
    104.30100997935));
#6947 = VECTOR('',#6948,1.);
#6948 = DIRECTION('',(-8.77E-15,1.,-1.29E-15));
#6949 = ORIENTED_EDGE('',*,*,#6950,.T.);
#6950 = EDGE_CURVE('',#6943,#6927,#6951,.T.);
#6951 = LINE('',#6952,#6953);
#6952 = CARTESIAN_POINT('',(14.139209786616,-150.013142062,
    93.100156647297));
#6953 = VECTOR('',#6954,1.);
#6954 = DIRECTION('',(3.1E-16,7.4E-16,1.));
#6955 = PLANE('',#6956);
#6956 = AXIS2_PLACEMENT_3D('',#6957,#6958,#6959);
#6957 = CARTESIAN_POINT('',(14.139209786616,-152.778142062,
    104.28815664729));
#6958 = DIRECTION('',(1.,8.77E-15,-3.1E-16));
#6959 = DIRECTION('',(-8.77E-15,1.,-7.4E-16));
#6960 = ADVANCED_FACE('',(#6961),#6987,.F.);
#6961 = FACE_BOUND('',#6962,.T.);
#6962 = EDGE_LOOP('',(#6963,#6972,#6980,#6986));
#6963 = ORIENTED_EDGE('',*,*,#6964,.F.);
#6964 = EDGE_CURVE('',#6965,#6935,#6967,.T.);
#6965 = VERTEX_POINT('',#6966);
#6966 = CARTESIAN_POINT('',(18.676501745436,-150.7118236035,
    97.821085512363));
#6967 = ELLIPSE('',#6968,24.408715443813,14.000264020169);
#6968 = AXIS2_PLACEMENT_3D('',#6969,#6970,#6971);
#6969 = CARTESIAN_POINT('',(13.49999996461,-137.7037022192,
    105.21389621254));
#6970 = DIRECTION('',(-0.819152044289,-7.93E-15,-0.573576436351));
#6971 = DIRECTION('',(0.573576436351,2.49E-15,-0.819152044289));
#6972 = ORIENTED_EDGE('',*,*,#6973,.T.);
#6973 = EDGE_CURVE('',#6965,#6974,#6976,.T.);
#6974 = VERTEX_POINT('',#6975);
#6975 = CARTESIAN_POINT('',(18.676501745436,-150.013142062,
    97.821085512363));
#6976 = LINE('',#6977,#6978);
#6977 = CARTESIAN_POINT('',(18.676501745435,-108.2641415677,
    97.821085512362));
#6978 = VECTOR('',#6979,1.);
#6979 = DIRECTION('',(-9.16E-15,1.,-7.4E-16));
#6980 = ORIENTED_EDGE('',*,*,#6981,.F.);
#6981 = EDGE_CURVE('',#6943,#6974,#6982,.T.);
#6982 = LINE('',#6983,#6984);
#6983 = CARTESIAN_POINT('',(24.310549330297,-150.013142062,
    89.774831684153));
#6984 = VECTOR('',#6985,1.);
#6985 = DIRECTION('',(0.573576436351,-1.56E-15,-0.819152044289));
#6986 = ORIENTED_EDGE('',*,*,#6942,.F.);
#6987 = PLANE('',#6988);
#6988 = AXIS2_PLACEMENT_3D('',#6989,#6990,#6991);
#6989 = CARTESIAN_POINT('',(28.257857953225,-91.38914156771,
    84.137490742321));
#6990 = DIRECTION('',(-0.819152044289,-7.93E-15,-0.573576436351));
#6991 = DIRECTION('',(9.161737185089E-15,-1.,7.412163900948E-16));
#6992 = ADVANCED_FACE('',(#6993),#7011,.T.);
#6993 = FACE_BOUND('',#6994,.T.);
#6994 = EDGE_LOOP('',(#6995,#7004,#7010));
#6995 = ORIENTED_EDGE('',*,*,#6996,.F.);
#6996 = EDGE_CURVE('',#6997,#6965,#6999,.T.);
#6997 = VERTEX_POINT('',#6998);
#6998 = CARTESIAN_POINT('',(20.169713855879,-150.013142062,
    96.954540874434));
#6999 = ELLIPSE('',#7000,16.186958773586,14.000264020169);
#7000 = AXIS2_PLACEMENT_3D('',#7001,#7002,#7003);
#7001 = CARTESIAN_POINT('',(13.49999996461,-137.7037022192,
    100.82512615068));
#7002 = DIRECTION('',(-0.501926818193,-5.23E-15,-0.864910093119));
#7003 = DIRECTION('',(0.864910093119,4.03E-15,-0.501926818193));
#7004 = ORIENTED_EDGE('',*,*,#7005,.T.);
#7005 = EDGE_CURVE('',#6997,#6974,#7006,.T.);
#7006 = LINE('',#7007,#7008);
#7007 = CARTESIAN_POINT('',(15.388044362953,-150.013142062,
    99.729451438354));
#7008 = VECTOR('',#7009,1.);
#7009 = DIRECTION('',(-0.864910093119,1.81E-15,0.501926818193));
#7010 = ORIENTED_EDGE('',*,*,#6973,.F.);
#7011 = PLANE('',#7012);
#7012 = AXIS2_PLACEMENT_3D('',#7013,#7014,#7015);
#7013 = CARTESIAN_POINT('',(19.974822336318,-125.1391415677,
    97.067640815207));
#7014 = DIRECTION('',(0.501926818193,5.23E-15,0.864910093119));
#7015 = DIRECTION('',(-9.160484849949E-15,1.,-7.3083548358E-16));
#7016 = ADVANCED_FACE('',(#7017,#7028),#7031,.F.);
#7017 = FACE_BOUND('',#7018,.T.);
#7018 = EDGE_LOOP('',(#7019));
#7019 = ORIENTED_EDGE('',*,*,#7020,.F.);
#7020 = EDGE_CURVE('',#7021,#7021,#7023,.T.);
#7021 = VERTEX_POINT('',#7022);
#7022 = CARTESIAN_POINT('',(-11.07773763104,-146.5464438875,
    109.6364933226));
#7023 = CIRCLE('',#7024,1.5);
#7024 = AXIS2_PLACEMENT_3D('',#7025,#7026,#7027);
#7025 = CARTESIAN_POINT('',(-9.577737631043,-146.5464438875,
    109.6364933226));
#7026 = DIRECTION('',(-3.1E-16,-9.3E-16,-1.));
#7027 = DIRECTION('',(1.,0.,-3.1E-16));
#7028 = FACE_BOUND('',#7029,.T.);
#7029 = EDGE_LOOP('',(#7030));
#7030 = ORIENTED_EDGE('',*,*,#6063,.F.);
#7031 = PLANE('',#7032);
#7032 = AXIS2_PLACEMENT_3D('',#7033,#7034,#7035);
#7033 = CARTESIAN_POINT('',(-9.577737631043,-146.5464438875,
    109.6364933226));
#7034 = DIRECTION('',(-3.1E-16,-9.3E-16,-1.));
#7035 = DIRECTION('',(1.,0.,-3.1E-16));
#7036 = ADVANCED_FACE('',(#7037),#7064,.F.);
#7037 = FACE_BOUND('',#7038,.F.);
#7038 = EDGE_LOOP('',(#7039,#7049,#7056,#7057));
#7039 = ORIENTED_EDGE('',*,*,#7040,.T.);
#7040 = EDGE_CURVE('',#7041,#7043,#7045,.T.);
#7041 = VERTEX_POINT('',#7042);
#7042 = CARTESIAN_POINT('',(-19.16490092132,-91.85988882312,
    81.912159577408));
#7043 = VERTEX_POINT('',#7044);
#7044 = CARTESIAN_POINT('',(-19.16490092114,-91.85988882312,
    85.412156647205));
#7045 = LINE('',#7046,#7047);
#7046 = CARTESIAN_POINT('',(-19.16490092146,-91.85988882312,
    79.337176735056));
#7047 = VECTOR('',#7048,1.);
#7048 = DIRECTION('',(5.285414E-11,6.9E-16,1.));
#7049 = ORIENTED_EDGE('',*,*,#7050,.F.);
#7050 = EDGE_CURVE('',#7043,#7043,#7051,.T.);
#7051 = CIRCLE('',#7052,1.75);
#7052 = AXIS2_PLACEMENT_3D('',#7053,#7054,#7055);
#7053 = CARTESIAN_POINT('',(-20.91490092114,-91.85988882312,
    85.412156647298));
#7054 = DIRECTION('',(-2.41E-15,1.1E-15,1.));
#7055 = DIRECTION('',(-1.,-2.30197E-12,-2.409999999997E-15));
#7056 = ORIENTED_EDGE('',*,*,#7040,.F.);
#7057 = ORIENTED_EDGE('',*,*,#7058,.T.);
#7058 = EDGE_CURVE('',#7041,#7041,#7059,.T.);
#7059 = CIRCLE('',#7060,1.75);
#7060 = AXIS2_PLACEMENT_3D('',#7061,#7062,#7063);
#7061 = CARTESIAN_POINT('',(-20.91490092132,-91.85988882312,
    81.912159577501));
#7062 = DIRECTION('',(5.285328E-11,7.987E-14,1.));
#7063 = DIRECTION('',(-1.,-2.30197E-12,5.285328E-11));
#7064 = CYLINDRICAL_SURFACE('',#7065,1.75);
#7065 = AXIS2_PLACEMENT_3D('',#7066,#7067,#7068);
#7066 = CARTESIAN_POINT('',(-20.91490092146,-91.85988882312,
    79.337176735149));
#7067 = DIRECTION('',(-5.285414E-11,-6.9E-16,-1.));
#7068 = DIRECTION('',(-1.,-2.30197E-12,5.285414E-11));
#7069 = ADVANCED_FACE('',(#7070),#7104,.T.);
#7070 = FACE_BOUND('',#7071,.T.);
#7071 = EDGE_LOOP('',(#7072,#7082,#7090,#7098));
#7072 = ORIENTED_EDGE('',*,*,#7073,.T.);
#7073 = EDGE_CURVE('',#7074,#7076,#7078,.T.);
#7074 = VERTEX_POINT('',#7075);
#7075 = CARTESIAN_POINT('',(-15.75372195388,-88.0961137459,
    82.312159578332));
#7076 = VERTEX_POINT('',#7077);
#7077 = CARTESIAN_POINT('',(-16.21590999292,-88.09611374591,
    81.912159578356));
#7078 = LINE('',#7079,#7080);
#7079 = CARTESIAN_POINT('',(-5.691825279925,-88.09611374576,
    91.020214156581));
#7080 = VECTOR('',#7081,1.);
#7081 = DIRECTION('',(-0.75614473479,-1.023593E-11,-0.654404416282));
#7082 = ORIENTED_EDGE('',*,*,#7083,.T.);
#7083 = EDGE_CURVE('',#7076,#7084,#7086,.T.);
#7084 = VERTEX_POINT('',#7085);
#7085 = CARTESIAN_POINT('',(-16.21590999293,-87.11111374591,
    81.912159578356));
#7086 = LINE('',#7087,#7088);
#7087 = CARTESIAN_POINT('',(-16.21590999292,-88.09611374591,
    81.912159578355));
#7088 = VECTOR('',#7089,1.);
#7089 = DIRECTION('',(-1.443919E-11,1.,1.05189E-12));
#7090 = ORIENTED_EDGE('',*,*,#7091,.F.);
#7091 = EDGE_CURVE('',#7092,#7084,#7094,.T.);
#7092 = VERTEX_POINT('',#7093);
#7093 = CARTESIAN_POINT('',(-15.7537219539,-87.1111137459,
    82.312159578332));
#7094 = LINE('',#7095,#7096);
#7095 = CARTESIAN_POINT('',(-5.691825279939,-87.11111374577,
    91.020214156581));
#7096 = VECTOR('',#7097,1.);
#7097 = DIRECTION('',(-0.75614473479,-1.023593E-11,-0.654404416282));
#7098 = ORIENTED_EDGE('',*,*,#7099,.F.);
#7099 = EDGE_CURVE('',#7074,#7092,#7100,.T.);
#7100 = LINE('',#7101,#7102);
#7101 = CARTESIAN_POINT('',(-15.75372195388,-88.0961137459,
    82.312159578331));
#7102 = VECTOR('',#7103,1.);
#7103 = DIRECTION('',(-1.443919E-11,1.,1.05189E-12));
#7104 = PLANE('',#7105);
#7105 = AXIS2_PLACEMENT_3D('',#7106,#7107,#7108);
#7106 = CARTESIAN_POINT('',(-15.75372195388,-88.0961137459,
    82.312159578331));
#7107 = DIRECTION('',(0.654404416282,1.024445E-11,-0.75614473479));
#7108 = DIRECTION('',(-0.75614473479,-1.023593E-11,-0.654404416282));
#7109 = ADVANCED_FACE('',(#7110),#7145,.F.);
#7110 = FACE_BOUND('',#7111,.F.);
#7111 = EDGE_LOOP('',(#7112,#7123,#7131,#7137,#7138,#7139));
#7112 = ORIENTED_EDGE('',*,*,#7113,.F.);
#7113 = EDGE_CURVE('',#7114,#7116,#7118,.T.);
#7114 = VERTEX_POINT('',#7115);
#7115 = CARTESIAN_POINT('',(-1.159479068729,-151.3039662394,
    81.912156647297));
#7116 = VERTEX_POINT('',#7117);
#7117 = CARTESIAN_POINT('',(1.115008442432,-151.3039662394,
    81.912156647297));
#7118 = CIRCLE('',#7119,3.55);
#7119 = AXIS2_PLACEMENT_3D('',#7120,#7121,#7122);
#7120 = CARTESIAN_POINT('',(-2.223531314858E-02,-147.9410543107,
    81.912156647297));
#7121 = DIRECTION('',(-3.1E-16,-7.4E-16,-1.));
#7122 = DIRECTION('',(1.33E-15,1.,-7.4E-16));
#7123 = ORIENTED_EDGE('',*,*,#7124,.F.);
#7124 = EDGE_CURVE('',#7125,#7114,#7127,.T.);
#7125 = VERTEX_POINT('',#7126);
#7126 = CARTESIAN_POINT('',(-2.223531314859E-02,-151.397510275,
    82.005700682933));
#7127 = B_SPLINE_CURVE_WITH_KNOTS('',2,(#7128,#7129,#7130),
  .UNSPECIFIED.,.F.,.F.,(3,3),(0.114491236905,0.228982473811),
  .PIECEWISE_BEZIER_KNOTS.);
#7128 = CARTESIAN_POINT('',(-2.223531314859E-02,-151.397510275,
    82.005700682933));
#7129 = CARTESIAN_POINT('',(-0.590857190939,-151.397510275,
    82.005700682933));
#7130 = CARTESIAN_POINT('',(-1.159479068729,-151.3039662394,
    81.912156647297));
#7131 = ORIENTED_EDGE('',*,*,#7132,.T.);
#7132 = EDGE_CURVE('',#7125,#6079,#7133,.T.);
#7133 = LINE('',#7134,#7135);
#7134 = CARTESIAN_POINT('',(-2.223531314859E-02,-151.2910543107,
    82.112156647297));
#7135 = VECTOR('',#7136,1.);
#7136 = DIRECTION('',(1.25E-15,0.707106781187,0.707106781186));
#7137 = ORIENTED_EDGE('',*,*,#6088,.F.);
#7138 = ORIENTED_EDGE('',*,*,#7132,.F.);
#7139 = ORIENTED_EDGE('',*,*,#7140,.F.);
#7140 = EDGE_CURVE('',#7116,#7125,#7141,.T.);
#7141 = B_SPLINE_CURVE_WITH_KNOTS('',2,(#7142,#7143,#7144),
  .UNSPECIFIED.,.F.,.F.,(3,3),(0.,0.114491236905),
  .PIECEWISE_BEZIER_KNOTS.);
#7142 = CARTESIAN_POINT('',(1.115008442433,-151.3039662394,
    81.912156647297));
#7143 = CARTESIAN_POINT('',(0.546386564642,-151.397510275,
    82.005700682933));
#7144 = CARTESIAN_POINT('',(-2.223531314859E-02,-151.397510275,
    82.005700682933));
#7145 = CONICAL_SURFACE('',#7146,3.35,0.785398163398);
#7146 = AXIS2_PLACEMENT_3D('',#7147,#7148,#7149);
#7147 = CARTESIAN_POINT('',(-2.223531314858E-02,-147.9410543107,
    82.112156647297));
#7148 = DIRECTION('',(-3.1E-16,-2.4E-16,-1.));
#7149 = DIRECTION('',(1.33E-15,1.,-2.4E-16));
#7150 = ADVANCED_FACE('',(#7151),#7187,.T.);
#7151 = FACE_BOUND('',#7152,.T.);
#7152 = EDGE_LOOP('',(#7153,#7164,#7172,#7181));
#7153 = ORIENTED_EDGE('',*,*,#7154,.T.);
#7154 = EDGE_CURVE('',#7155,#7157,#7159,.T.);
#7155 = VERTEX_POINT('',#7156);
#7156 = CARTESIAN_POINT('',(24.400000229491,-146.4899065681,
    82.312159577498));
#7157 = VERTEX_POINT('',#7158);
#7158 = CARTESIAN_POINT('',(13.49999996461,-151.7039662394,
    82.312156647297));
#7159 = CIRCLE('',#7160,14.000264020169);
#7160 = AXIS2_PLACEMENT_3D('',#7161,#7162,#7163);
#7161 = CARTESIAN_POINT('',(13.49999996461,-137.7037022192,
    82.312156647297));
#7162 = DIRECTION('',(-3.1E-16,-7.4E-16,-1.));
#7163 = DIRECTION('',(0.999981160321,-6.138322554934E-03,
    -3.054518010087E-16));
#7164 = ORIENTED_EDGE('',*,*,#7165,.T.);
#7165 = EDGE_CURVE('',#7157,#7166,#7168,.T.);
#7166 = VERTEX_POINT('',#7167);
#7167 = CARTESIAN_POINT('',(13.49999996461,-151.3039662394,
    81.912156647297));
#7168 = LINE('',#7169,#7170);
#7169 = CARTESIAN_POINT('',(13.49999996461,-151.7039662394,
    82.312156647297));
#7170 = VECTOR('',#7171,1.);
#7171 = DIRECTION('',(9.6E-16,0.707106781187,-0.707106781186));
#7172 = ORIENTED_EDGE('',*,*,#7173,.T.);
#7173 = EDGE_CURVE('',#7166,#7174,#7176,.T.);
#7174 = VERTEX_POINT('',#7175);
#7175 = CARTESIAN_POINT('',(24.400000229492,-145.8374083637,
    81.912159577503));
#7176 = CIRCLE('',#7177,13.600264020169);
#7177 = AXIS2_PLACEMENT_3D('',#7178,#7179,#7180);
#7178 = CARTESIAN_POINT('',(13.49999996461,-137.7037022192,
    81.912156647297));
#7179 = DIRECTION('',(3.1E-16,7.4E-16,1.));
#7180 = DIRECTION('',(0.999981160321,-6.138322554934E-03,
    -3.054518010087E-16));
#7181 = ORIENTED_EDGE('',*,*,#7182,.T.);
#7182 = EDGE_CURVE('',#7174,#7155,#7183,.T.);
#7183 = ( BOUNDED_CURVE() B_SPLINE_CURVE(2,(#7184,#7185,#7186),
.UNSPECIFIED.,.F.,.F.) B_SPLINE_CURVE_WITH_KNOTS((3,3),(0.,
8.241337031626E-02),.PIECEWISE_BEZIER_KNOTS.) CURVE() 
GEOMETRIC_REPRESENTATION_ITEM() RATIONAL_B_SPLINE_CURVE((1.,
1.001230093782,1.001901438074)) REPRESENTATION_ITEM('') );
#7184 = CARTESIAN_POINT('',(24.400000229491,-145.8374083636,
    81.912159577502));
#7185 = CARTESIAN_POINT('',(24.400000229491,-146.1589293085,
    82.104446791966));
#7186 = CARTESIAN_POINT('',(24.400000229491,-146.4899065681,
    82.312159577498));
#7187 = CONICAL_SURFACE('',#7188,13.800264020169,0.785398163398);
#7188 = AXIS2_PLACEMENT_3D('',#7189,#7190,#7191);
#7189 = CARTESIAN_POINT('',(13.49999996461,-137.7037022192,
    82.112156647297));
#7190 = DIRECTION('',(3.1E-16,7.4E-16,1.));
#7191 = DIRECTION('',(0.999981160321,-6.138322554934E-03,
    -3.054518010087E-16));
#7192 = ADVANCED_FACE('',(#7193),#7224,.T.);
#7193 = FACE_BOUND('',#7194,.T.);
#7194 = EDGE_LOOP('',(#7195,#7196,#7204,#7210,#7218));
#7195 = ORIENTED_EDGE('',*,*,#7182,.F.);
#7196 = ORIENTED_EDGE('',*,*,#7197,.F.);
#7197 = EDGE_CURVE('',#7198,#7174,#7200,.T.);
#7198 = VERTEX_POINT('',#7199);
#7199 = CARTESIAN_POINT('',(24.400000229492,-121.6357229186,
    81.912159577502));
#7200 = LINE('',#7201,#7202);
#7201 = CARTESIAN_POINT('',(24.400000229492,-132.6109645862,
    81.912159577503));
#7202 = VECTOR('',#7203,1.);
#7203 = DIRECTION('',(-2.94E-15,-1.,8.7E-16));
#7204 = ORIENTED_EDGE('',*,*,#7205,.F.);
#7205 = EDGE_CURVE('',#6865,#7198,#7206,.T.);
#7206 = LINE('',#7207,#7208);
#7207 = CARTESIAN_POINT('',(24.400000229491,-121.9087759306,
    81.439217887617));
#7208 = VECTOR('',#7209,1.);
#7209 = DIRECTION('',(-1.4568E-13,-0.5,-0.866025403784));
#7210 = ORIENTED_EDGE('',*,*,#7211,.T.);
#7211 = EDGE_CURVE('',#6865,#7212,#7214,.T.);
#7212 = VERTEX_POINT('',#7213);
#7213 = CARTESIAN_POINT('',(24.400000229493,-146.4899065681,
    83.9121566473));
#7214 = LINE('',#7215,#7216);
#7215 = CARTESIAN_POINT('',(24.400000229494,-151.7039662394,
    83.9121566473));
#7216 = VECTOR('',#7217,1.);
#7217 = DIRECTION('',(5.721E-14,-1.,2.4E-15));
#7218 = ORIENTED_EDGE('',*,*,#7219,.F.);
#7219 = EDGE_CURVE('',#7155,#7212,#7220,.T.);
#7220 = LINE('',#7221,#7222);
#7221 = CARTESIAN_POINT('',(24.400000229491,-146.4899065681,
    76.912157325842));
#7222 = VECTOR('',#7223,1.);
#7223 = DIRECTION('',(2.41E-15,2.51E-15,1.));
#7224 = PLANE('',#7225);
#7225 = AXIS2_PLACEMENT_3D('',#7226,#7227,#7228);
#7226 = CARTESIAN_POINT('',(24.400000229492,-133.6027065412,
    83.412156647298));
#7227 = DIRECTION('',(1.,-2.58E-15,-1.6672E-13));
#7228 = DIRECTION('',(-2.58E-15,-1.,1.19E-15));
#7229 = ADVANCED_FACE('',(#7230),#7241,.T.);
#7230 = FACE_BOUND('',#7231,.T.);
#7231 = EDGE_LOOP('',(#7232,#7233,#7234));
#7232 = ORIENTED_EDGE('',*,*,#6864,.F.);
#7233 = ORIENTED_EDGE('',*,*,#7205,.T.);
#7234 = ORIENTED_EDGE('',*,*,#7235,.T.);
#7235 = EDGE_CURVE('',#7198,#6856,#7236,.T.);
#7236 = ELLIPSE('',#7237,4.618802153517,4.);
#7237 = AXIS2_PLACEMENT_3D('',#7238,#7239,#7240);
#7238 = CARTESIAN_POINT('',(20.400000229491,-121.6357229186,
    81.912159577502));
#7239 = DIRECTION('',(1.2E-15,7.968E-14,1.));
#7240 = DIRECTION('',(2.8911E-13,1.,-7.968E-14));
#7241 = CYLINDRICAL_SURFACE('',#7242,4.);
#7242 = AXIS2_PLACEMENT_3D('',#7243,#7244,#7245);
#7243 = CARTESIAN_POINT('',(20.400000229491,-121.9087759306,
    81.439217887617));
#7244 = DIRECTION('',(-1.4568E-13,-0.5,-0.866025403784));
#7245 = DIRECTION('',(0.707106781187,0.612372435696,-0.353553390593));
#7246 = ADVANCED_FACE('',(#7247),#7265,.T.);
#7247 = FACE_BOUND('',#7248,.T.);
#7248 = EDGE_LOOP('',(#7249,#7250,#7258,#7264));
#7249 = ORIENTED_EDGE('',*,*,#6855,.F.);
#7250 = ORIENTED_EDGE('',*,*,#7251,.F.);
#7251 = EDGE_CURVE('',#7252,#6856,#7254,.T.);
#7252 = VERTEX_POINT('',#7253);
#7253 = CARTESIAN_POINT('',(11.085786667117,-117.0169201036,
    81.912159577502));
#7254 = LINE('',#7255,#7256);
#7255 = CARTESIAN_POINT('',(4.21474129732,-117.0169201036,
    81.912159577502));
#7256 = VECTOR('',#7257,1.);
#7257 = DIRECTION('',(1.,-1.6839E-13,-1.2E-15));
#7258 = ORIENTED_EDGE('',*,*,#7259,.T.);
#7259 = EDGE_CURVE('',#7252,#6824,#7260,.T.);
#7260 = LINE('',#7261,#7262);
#7261 = CARTESIAN_POINT('',(12.607609961811,-115.4950968089,
    84.548035989793));
#7262 = VECTOR('',#7263,1.);
#7263 = DIRECTION('',(0.4472135955,0.4472135955,0.774596669241));
#7264 = ORIENTED_EDGE('',*,*,#6823,.F.);
#7265 = PLANE('',#7266);
#7266 = AXIS2_PLACEMENT_3D('',#7267,#7268,#7269);
#7267 = CARTESIAN_POINT('',(9.109827608044,-116.3754992058,
    83.023134307315));
#7268 = DIRECTION('',(1.4523E-13,0.866025403784,-0.5));
#7269 = DIRECTION('',(-1.,4.931794499562E-14,-2.050388135427E-13));
#7270 = ADVANCED_FACE('',(#7271),#7289,.T.);
#7271 = FACE_BOUND('',#7272,.T.);
#7272 = EDGE_LOOP('',(#7273,#7274,#7275,#7283));
#7273 = ORIENTED_EDGE('',*,*,#6831,.F.);
#7274 = ORIENTED_EDGE('',*,*,#7259,.F.);
#7275 = ORIENTED_EDGE('',*,*,#7276,.F.);
#7276 = EDGE_CURVE('',#7277,#7252,#7279,.T.);
#7277 = VERTEX_POINT('',#7278);
#7278 = CARTESIAN_POINT('',(11.085786667119,-105.6207371219,
    81.912159577501));
#7279 = LINE('',#7280,#7281);
#7280 = CARTESIAN_POINT('',(11.085786667119,-103.4547896497,
    81.912159577501));
#7281 = VECTOR('',#7282,1.);
#7282 = DIRECTION('',(-1.6839E-13,-1.,7.968E-14));
#7283 = ORIENTED_EDGE('',*,*,#7284,.T.);
#7284 = EDGE_CURVE('',#7277,#6832,#7285,.T.);
#7285 = LINE('',#7286,#7287);
#7286 = CARTESIAN_POINT('',(12.702550435284,-107.2375008901,
    84.71247771354));
#7287 = VECTOR('',#7288,1.);
#7288 = DIRECTION('',(0.4472135955,-0.4472135955,0.774596669241));
#7289 = PLANE('',#7290);
#7290 = AXIS2_PLACEMENT_3D('',#7291,#7292,#7293);
#7291 = CARTESIAN_POINT('',(11.727207564946,-104.9540952802,
    83.023134307315));
#7292 = DIRECTION('',(0.866025403784,-1.8567E-13,-0.5));
#7293 = DIRECTION('',(-0.5,-4.754E-14,-0.866025403784));
#7294 = ADVANCED_FACE('',(#7295),#7314,.T.);
#7295 = FACE_BOUND('',#7296,.T.);
#7296 = EDGE_LOOP('',(#7297,#7298,#7299,#7300,#7308));
#7297 = ORIENTED_EDGE('',*,*,#6732,.F.);
#7298 = ORIENTED_EDGE('',*,*,#6839,.F.);
#7299 = ORIENTED_EDGE('',*,*,#7284,.F.);
#7300 = ORIENTED_EDGE('',*,*,#7301,.T.);
#7301 = EDGE_CURVE('',#7277,#7302,#7304,.T.);
#7302 = VERTEX_POINT('',#7303);
#7303 = CARTESIAN_POINT('',(22.900000229491,-105.620737122,
    81.912159577501));
#7304 = LINE('',#7305,#7306);
#7305 = CARTESIAN_POINT('',(9.109827608045,-105.6207371219,
    81.912159577501));
#7306 = VECTOR('',#7307,1.);
#7307 = DIRECTION('',(1.,-3.4489E-13,-1.2E-15));
#7308 = ORIENTED_EDGE('',*,*,#7309,.F.);
#7309 = EDGE_CURVE('',#6735,#7302,#7310,.T.);
#7310 = LINE('',#7311,#7312);
#7311 = CARTESIAN_POINT('',(22.900000229492,-110.2500397395,
    89.930348060491));
#7312 = VECTOR('',#7313,1.);
#7313 = DIRECTION('',(-1.4309E-13,0.5,-0.866025403784));
#7314 = PLANE('',#7315);
#7315 = AXIS2_PLACEMENT_3D('',#7316,#7317,#7318);
#7316 = CARTESIAN_POINT('',(18.900000229492,-107.2343327144,
    84.70699027219));
#7317 = DIRECTION('',(-2.9928E-13,-0.866025403784,-0.5));
#7318 = DIRECTION('',(-1.,1.010124023231E-13,4.236013869819E-13));
#7319 = ADVANCED_FACE('',(#7320),#7339,.T.);
#7320 = FACE_BOUND('',#7321,.T.);
#7321 = EDGE_LOOP('',(#7322,#7331,#7337,#7338));
#7322 = ORIENTED_EDGE('',*,*,#7323,.T.);
#7323 = EDGE_CURVE('',#7302,#7324,#7326,.T.);
#7324 = VERTEX_POINT('',#7325);
#7325 = CARTESIAN_POINT('',(24.400000229492,-103.8886856529,
    81.912159577501));
#7326 = ELLIPSE('',#7327,1.732050807569,1.5);
#7327 = AXIS2_PLACEMENT_3D('',#7328,#7329,#7330);
#7328 = CARTESIAN_POINT('',(22.900000229491,-103.8886856529,
    81.912159577501));
#7329 = DIRECTION('',(1.2E-15,7.968E-14,1.));
#7330 = DIRECTION('',(2.838E-13,-1.,7.968E-14));
#7331 = ORIENTED_EDGE('',*,*,#7332,.T.);
#7332 = EDGE_CURVE('',#7324,#6759,#7333,.T.);
#7333 = LINE('',#7334,#7335);
#7334 = CARTESIAN_POINT('',(24.400000229493,-108.9510016338,
    90.68034806049));
#7335 = VECTOR('',#7336,1.);
#7336 = DIRECTION('',(1.4309E-13,-0.5,0.866025403784));
#7337 = ORIENTED_EDGE('',*,*,#6767,.T.);
#7338 = ORIENTED_EDGE('',*,*,#7309,.T.);
#7339 = CYLINDRICAL_SURFACE('',#7340,1.5);
#7340 = AXIS2_PLACEMENT_3D('',#7341,#7342,#7343);
#7341 = CARTESIAN_POINT('',(22.900000229493,-108.9510016338,
    90.680348060491));
#7342 = DIRECTION('',(1.4309E-13,-0.5,0.866025403784));
#7343 = DIRECTION('',(0.707106781186,-0.612372435696,-0.353553390593));
#7344 = ADVANCED_FACE('',(#7345),#7369,.T.);
#7345 = FACE_BOUND('',#7346,.T.);
#7346 = EDGE_LOOP('',(#7347,#7348,#7356,#7362,#7363));
#7347 = ORIENTED_EDGE('',*,*,#7332,.F.);
#7348 = ORIENTED_EDGE('',*,*,#7349,.T.);
#7349 = EDGE_CURVE('',#7324,#7350,#7352,.T.);
#7350 = VERTEX_POINT('',#7351);
#7351 = CARTESIAN_POINT('',(24.400000229491,-103.7027065412,
    81.912159577501));
#7352 = LINE('',#7353,#7354);
#7353 = CARTESIAN_POINT('',(24.400000229491,-117.5290952802,
    81.912159577502));
#7354 = VECTOR('',#7355,1.);
#7355 = DIRECTION('',(2.58E-15,1.,-7.968E-14));
#7356 = ORIENTED_EDGE('',*,*,#7357,.T.);
#7357 = EDGE_CURVE('',#7350,#6703,#7358,.T.);
#7358 = LINE('',#7359,#7360);
#7359 = CARTESIAN_POINT('',(24.400000229493,-111.6527058087,
    89.86215884495));
#7360 = VECTOR('',#7361,1.);
#7361 = DIRECTION('',(1.1606E-13,-0.707106781187,0.707106781187));
#7362 = ORIENTED_EDGE('',*,*,#6702,.T.);
#7363 = ORIENTED_EDGE('',*,*,#7364,.F.);
#7364 = EDGE_CURVE('',#6759,#6692,#7365,.T.);
#7365 = LINE('',#7366,#7367);
#7366 = CARTESIAN_POINT('',(24.400000229492,-151.7039662394,
    83.912156767209));
#7367 = VECTOR('',#7368,1.);
#7368 = DIRECTION('',(-5.721E-14,1.,-2.4E-15));
#7369 = PLANE('',#7370);
#7370 = AXIS2_PLACEMENT_3D('',#7371,#7372,#7373);
#7371 = CARTESIAN_POINT('',(24.400000229492,-133.6027065412,
    83.412156647298));
#7372 = DIRECTION('',(1.,-2.58E-15,-1.6672E-13));
#7373 = DIRECTION('',(-2.58E-15,-1.,1.19E-15));
#7374 = ADVANCED_FACE('',(#7375),#7409,.T.);
#7375 = FACE_BOUND('',#7376,.T.);
#7376 = EDGE_LOOP('',(#7377,#7387,#7395,#7403));
#7377 = ORIENTED_EDGE('',*,*,#7378,.T.);
#7378 = EDGE_CURVE('',#7379,#7381,#7383,.T.);
#7379 = VERTEX_POINT('',#7380);
#7380 = CARTESIAN_POINT('',(16.216713538891,-88.09611374544,
    81.912159577499));
#7381 = VERTEX_POINT('',#7382);
#7382 = CARTESIAN_POINT('',(15.754525499869,-88.09611374544,
    82.312159577499));
#7383 = LINE('',#7384,#7385);
#7384 = CARTESIAN_POINT('',(5.68491004628,-88.0961137456,91.02689436371)
  );
#7385 = VECTOR('',#7386,1.);
#7386 = DIRECTION('',(-0.756144734761,-1.160327E-11,0.654404416316));
#7387 = ORIENTED_EDGE('',*,*,#7388,.T.);
#7388 = EDGE_CURVE('',#7381,#7389,#7391,.T.);
#7389 = VERTEX_POINT('',#7390);
#7390 = CARTESIAN_POINT('',(15.754525499855,-87.11111374545,
    82.312159577499));
#7391 = LINE('',#7392,#7393);
#7392 = CARTESIAN_POINT('',(15.754525499869,-88.09611374545,
    82.312159577498));
#7393 = VECTOR('',#7394,1.);
#7394 = DIRECTION('',(-1.443919E-11,1.,1.05189E-12));
#7395 = ORIENTED_EDGE('',*,*,#7396,.F.);
#7396 = EDGE_CURVE('',#7397,#7389,#7399,.T.);
#7397 = VERTEX_POINT('',#7398);
#7398 = CARTESIAN_POINT('',(16.216713538877,-87.11111374544,
    81.912159577499));
#7399 = LINE('',#7400,#7401);
#7400 = CARTESIAN_POINT('',(5.684910046265,-87.1111137456,91.02689436371
    ));
#7401 = VECTOR('',#7402,1.);
#7402 = DIRECTION('',(-0.756144734761,-1.160327E-11,0.654404416316));
#7403 = ORIENTED_EDGE('',*,*,#7404,.F.);
#7404 = EDGE_CURVE('',#7379,#7397,#7405,.T.);
#7405 = LINE('',#7406,#7407);
#7406 = CARTESIAN_POINT('',(16.216713538891,-88.09611374544,
    81.912159577498));
#7407 = VECTOR('',#7408,1.);
#7408 = DIRECTION('',(-1.443919E-11,1.,1.05189E-12));
#7409 = PLANE('',#7410);
#7410 = AXIS2_PLACEMENT_3D('',#7411,#7412,#7413);
#7411 = CARTESIAN_POINT('',(16.216713538891,-88.09611374544,
    81.912159577498));
#7412 = DIRECTION('',(-0.654404416316,-8.65369E-12,-0.756144734761));
#7413 = DIRECTION('',(-0.756144734761,-1.160327E-11,0.654404416316));
#7414 = ADVANCED_FACE('',(#7415),#7440,.T.);
#7415 = FACE_BOUND('',#7416,.T.);
#7416 = EDGE_LOOP('',(#7417,#7418,#7426,#7434));
#7417 = ORIENTED_EDGE('',*,*,#7378,.F.);
#7418 = ORIENTED_EDGE('',*,*,#7419,.T.);
#7419 = EDGE_CURVE('',#7379,#7420,#7422,.T.);
#7420 = VERTEX_POINT('',#7421);
#7421 = CARTESIAN_POINT('',(10.796924794935,-97.45852948127,
    81.9121595775));
#7422 = LINE('',#7423,#7424);
#7423 = CARTESIAN_POINT('',(8.37800457305,-101.6370939639,81.9121595775)
  );
#7424 = VECTOR('',#7425,1.);
#7425 = DIRECTION('',(-0.500997692803,-0.865448618813,6.956E-14));
#7426 = ORIENTED_EDGE('',*,*,#7427,.T.);
#7427 = EDGE_CURVE('',#7420,#7428,#7430,.T.);
#7428 = VERTEX_POINT('',#7429);
#7429 = CARTESIAN_POINT('',(10.5662918971,-97.05852948128,82.3121595775)
  );
#7430 = LINE('',#7431,#7432);
#7431 = CARTESIAN_POINT('',(10.796924794935,-97.45852948127,
    81.9121595775));
#7432 = VECTOR('',#7433,1.);
#7433 = DIRECTION('',(-0.377534572935,0.65478008813,0.654775291552));
#7434 = ORIENTED_EDGE('',*,*,#7435,.T.);
#7435 = EDGE_CURVE('',#7428,#7381,#7436,.T.);
#7436 = LINE('',#7437,#7438);
#7437 = CARTESIAN_POINT('',(8.031825125525,-101.4366948868,82.3121595775
    ));
#7438 = VECTOR('',#7439,1.);
#7439 = DIRECTION('',(0.500997692803,0.865448618813,-6.973E-14));
#7440 = PLANE('',#7441);
#7441 = AXIS2_PLACEMENT_3D('',#7442,#7443,#7444);
#7442 = CARTESIAN_POINT('',(8.204914849287,-101.5368944253,82.1121595775
    ));
#7443 = DIRECTION('',(-0.611964587131,0.35425886594,-0.707106781187));
#7444 = DIRECTION('',(-0.756144734758,2.22044604925E-16,0.654404416319)
  );
#7445 = ADVANCED_FACE('',(#7446),#7471,.F.);
#7446 = FACE_BOUND('',#7447,.T.);
#7447 = EDGE_LOOP('',(#7448,#7449,#7457,#7465));
#7448 = ORIENTED_EDGE('',*,*,#7073,.F.);
#7449 = ORIENTED_EDGE('',*,*,#7450,.F.);
#7450 = EDGE_CURVE('',#7451,#7074,#7453,.T.);
#7451 = VERTEX_POINT('',#7452);
#7452 = CARTESIAN_POINT('',(-10.56548835134,-97.0585294813,
    82.312159578059));
#7453 = LINE('',#7454,#7455);
#7454 = CARTESIAN_POINT('',(-8.031021579755,-101.4366948868,
    82.312159577925));
#7455 = VECTOR('',#7456,1.);
#7456 = DIRECTION('',(-0.500997692805,0.865448618812,2.641024E-11));
#7457 = ORIENTED_EDGE('',*,*,#7458,.F.);
#7458 = EDGE_CURVE('',#7459,#7451,#7461,.T.);
#7459 = VERTEX_POINT('',#7460);
#7460 = CARTESIAN_POINT('',(-10.79612124919,-97.45852948129,
    81.912159578071));
#7461 = LINE('',#7462,#7463);
#7462 = CARTESIAN_POINT('',(-10.79612124919,-97.45852948129,
    81.912159578071));
#7463 = VECTOR('',#7464,1.);
#7464 = DIRECTION('',(0.377534572968,0.654780088131,0.654775291532));
#7465 = ORIENTED_EDGE('',*,*,#7466,.F.);
#7466 = EDGE_CURVE('',#7076,#7459,#7467,.T.);
#7467 = LINE('',#7468,#7469);
#7468 = CARTESIAN_POINT('',(-8.377201027302,-101.6370939639,
    81.912159577943));
#7469 = VECTOR('',#7470,1.);
#7470 = DIRECTION('',(0.500997692805,-0.865448618812,-2.641024E-11));
#7471 = PLANE('',#7472);
#7472 = AXIS2_PLACEMENT_3D('',#7473,#7474,#7475);
#7473 = CARTESIAN_POINT('',(-8.204111303529,-101.5368944254,
    82.112159577934));
#7474 = DIRECTION('',(-0.611964587093,-0.354258865941,0.707106781219));
#7475 = DIRECTION('',(0.756144734792,1.739552946134E-12,0.654404416279)
  );
#7476 = ADVANCED_FACE('',(#7477),#7502,.F.);
#7477 = FACE_BOUND('',#7478,.T.);
#7478 = EDGE_LOOP('',(#7479,#7480,#7488,#7496));
#7479 = ORIENTED_EDGE('',*,*,#6103,.T.);
#7480 = ORIENTED_EDGE('',*,*,#7481,.T.);
#7481 = EDGE_CURVE('',#6106,#7482,#7484,.T.);
#7482 = VERTEX_POINT('',#7483);
#7483 = CARTESIAN_POINT('',(-1.129480692626,-100.8807158067,
    81.912153306596));
#7484 = LINE('',#7485,#7486);
#7485 = CARTESIAN_POINT('',(-1.129480692626,-100.8807158067,
    82.512152740994));
#7486 = VECTOR('',#7487,1.);
#7487 = DIRECTION('',(-1.45E-15,-7.9E-14,-1.));
#7488 = ORIENTED_EDGE('',*,*,#7489,.F.);
#7489 = EDGE_CURVE('',#7490,#7482,#7492,.T.);
#7490 = VERTEX_POINT('',#7491);
#7491 = CARTESIAN_POINT('',(2.468790665822,-106.5302522317,
    81.912153306597));
#7492 = LINE('',#7493,#7494);
#7493 = CARTESIAN_POINT('',(-0.934456804375,-101.1869168823,
    81.9121595775));
#7494 = VECTOR('',#7495,1.);
#7495 = DIRECTION('',(-0.53720612286,0.843450995353,-6.656E-14));
#7496 = ORIENTED_EDGE('',*,*,#7497,.F.);
#7497 = EDGE_CURVE('',#6104,#7490,#7498,.T.);
#7498 = LINE('',#7499,#7500);
#7499 = CARTESIAN_POINT('',(2.468790665822,-106.5302522317,
    82.512152740994));
#7500 = VECTOR('',#7501,1.);
#7501 = DIRECTION('',(-1.45E-15,-7.9E-14,-1.));
#7502 = PLANE('',#7503);
#7503 = AXIS2_PLACEMENT_3D('',#7504,#7505,#7506);
#7504 = CARTESIAN_POINT('',(-1.129480692626,-100.8807158067,
    82.512152740994));
#7505 = DIRECTION('',(0.843450995353,0.53720612286,-4.366E-14));
#7506 = DIRECTION('',(0.53720612286,-0.843450995353,6.689E-14));
#7507 = ADVANCED_FACE('',(#7508),#7526,.F.);
#7508 = FACE_BOUND('',#7509,.T.);
#7509 = EDGE_LOOP('',(#7510,#7511,#7512,#7520));
#7510 = ORIENTED_EDGE('',*,*,#6113,.T.);
#7511 = ORIENTED_EDGE('',*,*,#7497,.T.);
#7512 = ORIENTED_EDGE('',*,*,#7513,.F.);
#7513 = EDGE_CURVE('',#7514,#7490,#7516,.T.);
#7514 = VERTEX_POINT('',#7515);
#7515 = CARTESIAN_POINT('',(1.268790665822,-106.5302522317,
    81.912153306597));
#7516 = LINE('',#7517,#7518);
#7517 = CARTESIAN_POINT('',(0.894222826211,-106.5302522317,
    81.912159577501));
#7518 = VECTOR('',#7519,1.);
#7519 = DIRECTION('',(1.,1.825E-14,-1.2E-15));
#7520 = ORIENTED_EDGE('',*,*,#7521,.F.);
#7521 = EDGE_CURVE('',#6114,#7514,#7522,.T.);
#7522 = LINE('',#7523,#7524);
#7523 = CARTESIAN_POINT('',(1.268790665822,-106.5302522317,
    82.512152740994));
#7524 = VECTOR('',#7525,1.);
#7525 = DIRECTION('',(-1.45E-15,-7.9E-14,-1.));
#7526 = PLANE('',#7527);
#7527 = AXIS2_PLACEMENT_3D('',#7528,#7529,#7530);
#7528 = CARTESIAN_POINT('',(2.468790665822,-106.5302522317,
    82.512152740994));
#7529 = DIRECTION('',(1.825E-14,-1.,7.9E-14));
#7530 = DIRECTION('',(-1.,-1.825E-14,1.2E-15));
#7531 = ADVANCED_FACE('',(#7532),#7550,.F.);
#7532 = FACE_BOUND('',#7533,.T.);
#7533 = EDGE_LOOP('',(#7534,#7535,#7536,#7544));
#7534 = ORIENTED_EDGE('',*,*,#6121,.T.);
#7535 = ORIENTED_EDGE('',*,*,#7521,.T.);
#7536 = ORIENTED_EDGE('',*,*,#7537,.F.);
#7537 = EDGE_CURVE('',#7538,#7514,#7540,.T.);
#7538 = VERTEX_POINT('',#7539);
#7539 = CARTESIAN_POINT('',(-2.329480692626,-100.8807158067,
    81.912153306596));
#7540 = LINE('',#7541,#7542);
#7541 = CARTESIAN_POINT('',(-0.162166874088,-104.2835493183,
    81.912159577501));
#7542 = VECTOR('',#7543,1.);
#7543 = DIRECTION('',(0.53720612286,-0.843450995353,6.656E-14));
#7544 = ORIENTED_EDGE('',*,*,#7545,.F.);
#7545 = EDGE_CURVE('',#6122,#7538,#7546,.T.);
#7546 = LINE('',#7547,#7548);
#7547 = CARTESIAN_POINT('',(-2.329480692626,-100.8807158067,
    82.512152740994));
#7548 = VECTOR('',#7549,1.);
#7549 = DIRECTION('',(-1.45E-15,-7.9E-14,-1.));
#7550 = PLANE('',#7551);
#7551 = AXIS2_PLACEMENT_3D('',#7552,#7553,#7554);
#7552 = CARTESIAN_POINT('',(1.268790665822,-106.5302522317,
    82.512152740994));
#7553 = DIRECTION('',(-0.843450995353,-0.53720612286,4.366E-14));
#7554 = DIRECTION('',(-0.53720612286,0.843450995353,-6.689E-14));
#7555 = ADVANCED_FACE('',(#7556),#7567,.F.);
#7556 = FACE_BOUND('',#7557,.T.);
#7557 = EDGE_LOOP('',(#7558,#7559,#7560,#7566));
#7558 = ORIENTED_EDGE('',*,*,#6129,.T.);
#7559 = ORIENTED_EDGE('',*,*,#7545,.T.);
#7560 = ORIENTED_EDGE('',*,*,#7561,.F.);
#7561 = EDGE_CURVE('',#7482,#7538,#7562,.T.);
#7562 = LINE('',#7563,#7564);
#7563 = CARTESIAN_POINT('',(-1.504912853014,-100.8807158067,
    81.9121595775));
#7564 = VECTOR('',#7565,1.);
#7565 = DIRECTION('',(-1.,-1.686E-14,1.2E-15));
#7566 = ORIENTED_EDGE('',*,*,#7481,.F.);
#7567 = PLANE('',#7568);
#7568 = AXIS2_PLACEMENT_3D('',#7569,#7570,#7571);
#7569 = CARTESIAN_POINT('',(-2.329480692626,-100.8807158067,
    82.512152740994));
#7570 = DIRECTION('',(-1.686E-14,1.,-7.9E-14));
#7571 = DIRECTION('',(1.,1.686E-14,-1.2E-15));
#7572 = ADVANCED_FACE('',(#7573),#7598,.F.);
#7573 = FACE_BOUND('',#7574,.T.);
#7574 = EDGE_LOOP('',(#7575,#7576,#7584,#7592));
#7575 = ORIENTED_EDGE('',*,*,#6143,.T.);
#7576 = ORIENTED_EDGE('',*,*,#7577,.T.);
#7577 = EDGE_CURVE('',#6146,#7578,#7580,.T.);
#7578 = VERTEX_POINT('',#7579);
#7579 = CARTESIAN_POINT('',(-5.126497436108,-100.7054840192,
    81.912153306596));
#7580 = LINE('',#7581,#7582);
#7581 = CARTESIAN_POINT('',(-5.126497436108,-100.7054840192,
    82.512152740994));
#7582 = VECTOR('',#7583,1.);
#7583 = DIRECTION('',(-1.22E-15,-8.27E-14,-1.));
#7584 = ORIENTED_EDGE('',*,*,#7585,.F.);
#7585 = EDGE_CURVE('',#7586,#7578,#7588,.T.);
#7586 = VERTEX_POINT('',#7587);
#7587 = CARTESIAN_POINT('',(6.965498659828E-02,-97.70548401924,
    81.912153306596));
#7588 = LINE('',#7589,#7590);
#7589 = CARTESIAN_POINT('',(-3.621570040803,-99.83661378245,
    81.9121595775));
#7590 = VECTOR('',#7591,1.);
#7591 = DIRECTION('',(-0.866025403784,-0.5,4.088E-14));
#7592 = ORIENTED_EDGE('',*,*,#7593,.F.);
#7593 = EDGE_CURVE('',#6144,#7586,#7594,.T.);
#7594 = LINE('',#7595,#7596);
#7595 = CARTESIAN_POINT('',(6.965498659828E-02,-97.70548401924,
    82.512152740994));
#7596 = VECTOR('',#7597,1.);
#7597 = DIRECTION('',(-1.22E-15,-8.27E-14,-1.));
#7598 = PLANE('',#7599);
#7599 = AXIS2_PLACEMENT_3D('',#7600,#7601,#7602);
#7600 = CARTESIAN_POINT('',(-5.126497436108,-100.7054840192,
    82.512152740994));
#7601 = DIRECTION('',(-0.5,0.866025403784,-7.101E-14));
#7602 = DIRECTION('',(0.866025403784,0.5,-4.107E-14));
#7603 = ADVANCED_FACE('',(#7604),#7622,.F.);
#7604 = FACE_BOUND('',#7605,.T.);
#7605 = EDGE_LOOP('',(#7606,#7607,#7608,#7616));
#7606 = ORIENTED_EDGE('',*,*,#6153,.T.);
#7607 = ORIENTED_EDGE('',*,*,#7593,.T.);
#7608 = ORIENTED_EDGE('',*,*,#7609,.F.);
#7609 = EDGE_CURVE('',#7610,#7586,#7612,.T.);
#7610 = VERTEX_POINT('',#7611);
#7611 = CARTESIAN_POINT('',(5.265807409305,-100.7054840192,
    81.912153306596));
#7612 = LINE('',#7613,#7614);
#7613 = CARTESIAN_POINT('',(0.600303802646,-98.01185425603,81.9121595775
    ));
#7614 = VECTOR('',#7615,1.);
#7615 = DIRECTION('',(-0.866025403784,0.5,-3.88E-14));
#7616 = ORIENTED_EDGE('',*,*,#7617,.F.);
#7617 = EDGE_CURVE('',#6154,#7610,#7618,.T.);
#7618 = LINE('',#7619,#7620);
#7619 = CARTESIAN_POINT('',(5.265807409305,-100.7054840192,
    82.512152740994));
#7620 = VECTOR('',#7621,1.);
#7621 = DIRECTION('',(-1.22E-15,-8.27E-14,-1.));
#7622 = PLANE('',#7623);
#7623 = AXIS2_PLACEMENT_3D('',#7624,#7625,#7626);
#7624 = CARTESIAN_POINT('',(6.965498659828E-02,-97.70548401924,
    82.512152740994));
#7625 = DIRECTION('',(0.5,0.866025403784,-7.223E-14));
#7626 = DIRECTION('',(0.866025403784,-0.5,3.9E-14));
#7627 = ADVANCED_FACE('',(#7628),#7646,.F.);
#7628 = FACE_BOUND('',#7629,.T.);
#7629 = EDGE_LOOP('',(#7630,#7631,#7632,#7640));
#7630 = ORIENTED_EDGE('',*,*,#6161,.T.);
#7631 = ORIENTED_EDGE('',*,*,#7617,.T.);
#7632 = ORIENTED_EDGE('',*,*,#7633,.F.);
#7633 = EDGE_CURVE('',#7634,#7610,#7636,.T.);
#7634 = VERTEX_POINT('',#7635);
#7635 = CARTESIAN_POINT('',(4.365807409305,-101.2250992615,
    81.912153306596));
#7636 = LINE('',#7637,#7638);
#7637 = CARTESIAN_POINT('',(2.87362048758,-102.0866137824,
    81.912159577501));
#7638 = VECTOR('',#7639,1.);
#7639 = DIRECTION('',(0.866025403784,0.5,-4.088E-14));
#7640 = ORIENTED_EDGE('',*,*,#7641,.F.);
#7641 = EDGE_CURVE('',#6162,#7634,#7642,.T.);
#7642 = LINE('',#7643,#7644);
#7643 = CARTESIAN_POINT('',(4.365807409305,-101.2250992615,
    82.512152740994));
#7644 = VECTOR('',#7645,1.);
#7645 = DIRECTION('',(-1.22E-15,-8.27E-14,-1.));
#7646 = PLANE('',#7647);
#7647 = AXIS2_PLACEMENT_3D('',#7648,#7649,#7650);
#7648 = CARTESIAN_POINT('',(5.265807409305,-100.7054840192,
    82.512152740994));
#7649 = DIRECTION('',(0.5,-0.866025403784,7.101E-14));
#7650 = DIRECTION('',(-0.866025403784,-0.5,4.107E-14));
#7651 = ADVANCED_FACE('',(#7652),#7670,.F.);
#7652 = FACE_BOUND('',#7653,.T.);
#7653 = EDGE_LOOP('',(#7654,#7655,#7656,#7664));
#7654 = ORIENTED_EDGE('',*,*,#6169,.T.);
#7655 = ORIENTED_EDGE('',*,*,#7641,.T.);
#7656 = ORIENTED_EDGE('',*,*,#7657,.F.);
#7657 = EDGE_CURVE('',#7658,#7634,#7660,.T.);
#7658 = VERTEX_POINT('',#7659);
#7659 = CARTESIAN_POINT('',(6.965498659826E-02,-98.74471450378,
    81.912153306596));
#7660 = LINE('',#7661,#7662);
#7661 = CARTESIAN_POINT('',(2.523380014,-100.1613733088,81.9121595775));
#7662 = VECTOR('',#7663,1.);
#7663 = DIRECTION('',(0.866025403784,-0.5,3.88E-14));
#7664 = ORIENTED_EDGE('',*,*,#7665,.F.);
#7665 = EDGE_CURVE('',#6170,#7658,#7666,.T.);
#7666 = LINE('',#7667,#7668);
#7667 = CARTESIAN_POINT('',(6.965498659826E-02,-98.74471450378,
    82.512152740994));
#7668 = VECTOR('',#7669,1.);
#7669 = DIRECTION('',(-1.22E-15,-8.27E-14,-1.));
#7670 = PLANE('',#7671);
#7671 = AXIS2_PLACEMENT_3D('',#7672,#7673,#7674);
#7672 = CARTESIAN_POINT('',(4.365807409305,-101.2250992615,
    82.512152740994));
#7673 = DIRECTION('',(-0.5,-0.866025403784,7.223E-14));
#7674 = DIRECTION('',(-0.866025403784,0.5,-3.9E-14));
#7675 = ADVANCED_FACE('',(#7676),#7694,.F.);
#7676 = FACE_BOUND('',#7677,.T.);
#7677 = EDGE_LOOP('',(#7678,#7679,#7680,#7688));
#7678 = ORIENTED_EDGE('',*,*,#6177,.T.);
#7679 = ORIENTED_EDGE('',*,*,#7665,.T.);
#7680 = ORIENTED_EDGE('',*,*,#7681,.F.);
#7681 = EDGE_CURVE('',#7682,#7658,#7684,.T.);
#7682 = VERTEX_POINT('',#7683);
#7683 = CARTESIAN_POINT('',(-4.226497436108,-101.2250992615,
    81.912153306596));
#7684 = LINE('',#7685,#7686);
#7685 = CARTESIAN_POINT('',(-0.798493829449,-99.24594045642,
    81.9121595775));
#7686 = VECTOR('',#7687,1.);
#7687 = DIRECTION('',(0.866025403784,0.5,-4.088E-14));
#7688 = ORIENTED_EDGE('',*,*,#7689,.F.);
#7689 = EDGE_CURVE('',#6178,#7682,#7690,.T.);
#7690 = LINE('',#7691,#7692);
#7691 = CARTESIAN_POINT('',(-4.226497436108,-101.2250992615,
    82.512152740994));
#7692 = VECTOR('',#7693,1.);
#7693 = DIRECTION('',(-1.22E-15,-8.27E-14,-1.));
#7694 = PLANE('',#7695);
#7695 = AXIS2_PLACEMENT_3D('',#7696,#7697,#7698);
#7696 = CARTESIAN_POINT('',(6.965498659826E-02,-98.74471450378,
    82.512152740994));
#7697 = DIRECTION('',(0.5,-0.866025403784,7.101E-14));
#7698 = DIRECTION('',(-0.866025403784,-0.5,4.107E-14));
#7699 = ADVANCED_FACE('',(#7700),#7718,.F.);
#7700 = FACE_BOUND('',#7701,.T.);
#7701 = EDGE_LOOP('',(#7702,#7703,#7704,#7712));
#7702 = ORIENTED_EDGE('',*,*,#6185,.T.);
#7703 = ORIENTED_EDGE('',*,*,#7689,.T.);
#7704 = ORIENTED_EDGE('',*,*,#7705,.F.);
#7705 = EDGE_CURVE('',#7706,#7682,#7708,.T.);
#7706 = VERTEX_POINT('',#7707);
#7707 = CARTESIAN_POINT('',(-4.226497436108,-104.6858687769,
    81.912153306597));
#7708 = LINE('',#7709,#7710);
#7709 = CARTESIAN_POINT('',(-4.226497436108,-101.3402916403,
    81.9121595775));
#7710 = VECTOR('',#7711,1.);
#7711 = DIRECTION('',(1.42E-15,1.,-7.968E-14));
#7712 = ORIENTED_EDGE('',*,*,#7713,.F.);
#7713 = EDGE_CURVE('',#6186,#7706,#7714,.T.);
#7714 = LINE('',#7715,#7716);
#7715 = CARTESIAN_POINT('',(-4.226497436108,-104.6858687769,
    82.512152740994));
#7716 = VECTOR('',#7717,1.);
#7717 = DIRECTION('',(-1.22E-15,-8.27E-14,-1.));
#7718 = PLANE('',#7719);
#7719 = AXIS2_PLACEMENT_3D('',#7720,#7721,#7722);
#7720 = CARTESIAN_POINT('',(-4.226497436108,-101.2250992615,
    82.512152740994));
#7721 = DIRECTION('',(1.,-1.42E-15,-1.22E-15));
#7722 = DIRECTION('',(-1.42E-15,-1.,8.007E-14));
#7723 = ADVANCED_FACE('',(#7724),#7742,.F.);
#7724 = FACE_BOUND('',#7725,.T.);
#7725 = EDGE_LOOP('',(#7726,#7727,#7728,#7736));
#7726 = ORIENTED_EDGE('',*,*,#6193,.T.);
#7727 = ORIENTED_EDGE('',*,*,#7713,.T.);
#7728 = ORIENTED_EDGE('',*,*,#7729,.F.);
#7729 = EDGE_CURVE('',#7730,#7706,#7732,.T.);
#7730 = VERTEX_POINT('',#7731);
#7731 = CARTESIAN_POINT('',(-5.126497436108,-105.2054840192,
    81.912153306597));
#7732 = LINE('',#7733,#7734);
#7733 = CARTESIAN_POINT('',(-2.197291461545,-103.5143061613,
    81.912159577501));
#7734 = VECTOR('',#7735,1.);
#7735 = DIRECTION('',(0.866025403784,0.5,-4.088E-14));
#7736 = ORIENTED_EDGE('',*,*,#7737,.F.);
#7737 = EDGE_CURVE('',#6194,#7730,#7738,.T.);
#7738 = LINE('',#7739,#7740);
#7739 = CARTESIAN_POINT('',(-5.126497436108,-105.2054840192,
    82.512152740994));
#7740 = VECTOR('',#7741,1.);
#7741 = DIRECTION('',(-1.22E-15,-8.27E-14,-1.));
#7742 = PLANE('',#7743);
#7743 = AXIS2_PLACEMENT_3D('',#7744,#7745,#7746);
#7744 = CARTESIAN_POINT('',(-4.226497436108,-104.6858687769,
    82.512152740994));
#7745 = DIRECTION('',(0.5,-0.866025403784,7.101E-14));
#7746 = DIRECTION('',(-0.866025403784,-0.5,4.107E-14));
#7747 = ADVANCED_FACE('',(#7748),#7766,.F.);
#7748 = FACE_BOUND('',#7749,.T.);
#7749 = EDGE_LOOP('',(#7750,#7751,#7752,#7760));
#7750 = ORIENTED_EDGE('',*,*,#6201,.T.);
#7751 = ORIENTED_EDGE('',*,*,#7737,.T.);
#7752 = ORIENTED_EDGE('',*,*,#7753,.F.);
#7753 = EDGE_CURVE('',#7754,#7730,#7756,.T.);
#7754 = VERTEX_POINT('',#7755);
#7755 = CARTESIAN_POINT('',(-6.626497436108,-103.7054840192,
    81.912153306597));
#7756 = LINE('',#7757,#7758);
#7757 = CARTESIAN_POINT('',(-4.952459330431,-105.3795221249,
    81.912159577501));
#7758 = VECTOR('',#7759,1.);
#7759 = DIRECTION('',(0.707106781187,-0.707106781187,5.55E-14));
#7760 = ORIENTED_EDGE('',*,*,#7761,.F.);
#7761 = EDGE_CURVE('',#6202,#7754,#7762,.T.);
#7762 = LINE('',#7763,#7764);
#7763 = CARTESIAN_POINT('',(-6.626497436108,-103.7054840192,
    82.512152740994));
#7764 = VECTOR('',#7765,1.);
#7765 = DIRECTION('',(-1.22E-15,-8.27E-14,-1.));
#7766 = PLANE('',#7767);
#7767 = AXIS2_PLACEMENT_3D('',#7768,#7769,#7770);
#7768 = CARTESIAN_POINT('',(-5.126497436108,-105.2054840192,
    82.512152740994));
#7769 = DIRECTION('',(-0.707106781187,-0.707106781187,5.934E-14));
#7770 = DIRECTION('',(-0.707106781187,0.707106781187,-5.577E-14));
#7771 = ADVANCED_FACE('',(#7772),#7790,.F.);
#7772 = FACE_BOUND('',#7773,.T.);
#7773 = EDGE_LOOP('',(#7774,#7775,#7776,#7784));
#7774 = ORIENTED_EDGE('',*,*,#6209,.T.);
#7775 = ORIENTED_EDGE('',*,*,#7761,.T.);
#7776 = ORIENTED_EDGE('',*,*,#7777,.F.);
#7777 = EDGE_CURVE('',#7778,#7754,#7780,.T.);
#7778 = VERTEX_POINT('',#7779);
#7779 = CARTESIAN_POINT('',(-5.126497436108,-103.7054840192,
    81.912153306597));
#7780 = LINE('',#7781,#7782);
#7781 = CARTESIAN_POINT('',(-3.653421224755,-103.7054840192,
    81.912159577501));
#7782 = VECTOR('',#7783,1.);
#7783 = DIRECTION('',(-1.,1.18E-15,1.2E-15));
#7784 = ORIENTED_EDGE('',*,*,#7785,.F.);
#7785 = EDGE_CURVE('',#6210,#7778,#7786,.T.);
#7786 = LINE('',#7787,#7788);
#7787 = CARTESIAN_POINT('',(-5.126497436108,-103.7054840192,
    82.512152740994));
#7788 = VECTOR('',#7789,1.);
#7789 = DIRECTION('',(-1.22E-15,-8.27E-14,-1.));
#7790 = PLANE('',#7791);
#7791 = AXIS2_PLACEMENT_3D('',#7792,#7793,#7794);
#7792 = CARTESIAN_POINT('',(-6.626497436108,-103.7054840192,
    82.512152740994));
#7793 = DIRECTION('',(1.18E-15,1.,-8.27E-14));
#7794 = DIRECTION('',(1.,-1.18E-15,-1.2E-15));
#7795 = ADVANCED_FACE('',(#7796),#7807,.F.);
#7796 = FACE_BOUND('',#7797,.T.);
#7797 = EDGE_LOOP('',(#7798,#7799,#7800,#7806));
#7798 = ORIENTED_EDGE('',*,*,#6217,.T.);
#7799 = ORIENTED_EDGE('',*,*,#7785,.T.);
#7800 = ORIENTED_EDGE('',*,*,#7801,.F.);
#7801 = EDGE_CURVE('',#7578,#7778,#7802,.T.);
#7802 = LINE('',#7803,#7804);
#7803 = CARTESIAN_POINT('',(-5.126497436108,-102.5804840192,
    81.912159577501));
#7804 = VECTOR('',#7805,1.);
#7805 = DIRECTION('',(-1.18E-15,-1.,7.968E-14));
#7806 = ORIENTED_EDGE('',*,*,#7577,.F.);
#7807 = PLANE('',#7808);
#7808 = AXIS2_PLACEMENT_3D('',#7809,#7810,#7811);
#7809 = CARTESIAN_POINT('',(-5.126497436108,-103.7054840192,
    82.512152740994));
#7810 = DIRECTION('',(-1.,1.18E-15,1.22E-15));
#7811 = DIRECTION('',(1.18E-15,1.,-8.007E-14));
#7812 = ADVANCED_FACE('',(#7813),#7838,.F.);
#7813 = FACE_BOUND('',#7814,.T.);
#7814 = EDGE_LOOP('',(#7815,#7816,#7824,#7832));
#7815 = ORIENTED_EDGE('',*,*,#6231,.T.);
#7816 = ORIENTED_EDGE('',*,*,#7817,.T.);
#7817 = EDGE_CURVE('',#6234,#7818,#7820,.T.);
#7818 = VERTEX_POINT('',#7819);
#7819 = CARTESIAN_POINT('',(-1.730345013402,-103.7054840192,
    81.912153306597));
#7820 = LINE('',#7821,#7822);
#7821 = CARTESIAN_POINT('',(-1.730345013402,-103.7054840192,
    82.512152740994));
#7822 = VECTOR('',#7823,1.);
#7823 = DIRECTION('',(-1.22E-15,-7.9E-14,-1.));
#7824 = ORIENTED_EDGE('',*,*,#7825,.F.);
#7825 = EDGE_CURVE('',#7826,#7818,#7828,.T.);
#7826 = VERTEX_POINT('',#7827);
#7827 = CARTESIAN_POINT('',(6.879066657091E-02,-106.5302946183,
    81.912153306597));
#7828 = LINE('',#7829,#7830);
#7829 = CARTESIAN_POINT('',(-2.088580463197,-103.143020995,
    81.912159577501));
#7830 = VECTOR('',#7831,1.);
#7831 = DIRECTION('',(-0.537200388422,0.843454647672,-6.656E-14));
#7832 = ORIENTED_EDGE('',*,*,#7833,.F.);
#7833 = EDGE_CURVE('',#6232,#7826,#7834,.T.);
#7834 = LINE('',#7835,#7836);
#7835 = CARTESIAN_POINT('',(6.879066657091E-02,-106.5302946183,
    82.512152740994));
#7836 = VECTOR('',#7837,1.);
#7837 = DIRECTION('',(-1.22E-15,-7.9E-14,-1.));
#7838 = PLANE('',#7839);
#7839 = AXIS2_PLACEMENT_3D('',#7840,#7841,#7842);
#7840 = CARTESIAN_POINT('',(-1.730345013402,-103.7054840192,
    82.512152740994));
#7841 = DIRECTION('',(0.843454647672,0.537200388422,-4.346E-14));
#7842 = DIRECTION('',(0.537200388422,-0.843454647672,6.689E-14));
#7843 = ADVANCED_FACE('',(#7844),#7862,.F.);
#7844 = FACE_BOUND('',#7845,.T.);
#7845 = EDGE_LOOP('',(#7846,#7847,#7848,#7856));
#7846 = ORIENTED_EDGE('',*,*,#6241,.T.);
#7847 = ORIENTED_EDGE('',*,*,#7833,.T.);
#7848 = ORIENTED_EDGE('',*,*,#7849,.F.);
#7849 = EDGE_CURVE('',#7850,#7826,#7852,.T.);
#7850 = VERTEX_POINT('',#7851);
#7851 = CARTESIAN_POINT('',(-1.131209333429,-106.5302946183,
    81.912153306597));
#7852 = LINE('',#7853,#7854);
#7853 = CARTESIAN_POINT('',(-0.305777173415,-106.5302946183,
    81.912159577501));
#7854 = VECTOR('',#7855,1.);
#7855 = DIRECTION('',(1.,1.825E-14,-1.2E-15));
#7856 = ORIENTED_EDGE('',*,*,#7857,.F.);
#7857 = EDGE_CURVE('',#6242,#7850,#7858,.T.);
#7858 = LINE('',#7859,#7860);
#7859 = CARTESIAN_POINT('',(-1.131209333429,-106.5302946183,
    82.512152740994));
#7860 = VECTOR('',#7861,1.);
#7861 = DIRECTION('',(-1.22E-15,-7.9E-14,-1.));
#7862 = PLANE('',#7863);
#7863 = AXIS2_PLACEMENT_3D('',#7864,#7865,#7866);
#7864 = CARTESIAN_POINT('',(6.879066657091E-02,-106.5302946183,
    82.512152740994));
#7865 = DIRECTION('',(1.825E-14,-1.,7.9E-14));
#7866 = DIRECTION('',(-1.,-1.825E-14,1.2E-15));
#7867 = ADVANCED_FACE('',(#7868),#7886,.F.);
#7868 = FACE_BOUND('',#7869,.T.);
#7869 = EDGE_LOOP('',(#7870,#7871,#7872,#7880));
#7870 = ORIENTED_EDGE('',*,*,#6249,.T.);
#7871 = ORIENTED_EDGE('',*,*,#7857,.T.);
#7872 = ORIENTED_EDGE('',*,*,#7873,.F.);
#7873 = EDGE_CURVE('',#7874,#7850,#7876,.T.);
#7874 = VERTEX_POINT('',#7875);
#7875 = CARTESIAN_POINT('',(-2.930345013402,-103.7054840192,
    81.912153306597));
#7876 = LINE('',#7877,#7878);
#7877 = CARTESIAN_POINT('',(-2.215862068819,-104.8272887931,
    81.912159577501));
#7878 = VECTOR('',#7879,1.);
#7879 = DIRECTION('',(0.537200388422,-0.843454647672,6.656E-14));
#7880 = ORIENTED_EDGE('',*,*,#7881,.F.);
#7881 = EDGE_CURVE('',#6250,#7874,#7882,.T.);
#7882 = LINE('',#7883,#7884);
#7883 = CARTESIAN_POINT('',(-2.930345013402,-103.7054840192,
    82.512152740994));
#7884 = VECTOR('',#7885,1.);
#7885 = DIRECTION('',(-1.22E-15,-7.9E-14,-1.));
#7886 = PLANE('',#7887);
#7887 = AXIS2_PLACEMENT_3D('',#7888,#7889,#7890);
#7888 = CARTESIAN_POINT('',(-1.131209333429,-106.5302946183,
    82.512152740994));
#7889 = DIRECTION('',(-0.843454647672,-0.537200388422,4.346E-14));
#7890 = DIRECTION('',(-0.537200388422,0.843454647672,-6.689E-14));
#7891 = ADVANCED_FACE('',(#7892),#7903,.F.);
#7892 = FACE_BOUND('',#7893,.T.);
#7893 = EDGE_LOOP('',(#7894,#7895,#7896,#7902));
#7894 = ORIENTED_EDGE('',*,*,#6257,.T.);
#7895 = ORIENTED_EDGE('',*,*,#7881,.T.);
#7896 = ORIENTED_EDGE('',*,*,#7897,.F.);
#7897 = EDGE_CURVE('',#7818,#7874,#7898,.T.);
#7898 = LINE('',#7899,#7900);
#7899 = CARTESIAN_POINT('',(-1.805345013401,-103.7054840192,
    81.912159577501));
#7900 = VECTOR('',#7901,1.);
#7901 = DIRECTION('',(-1.,1.18E-15,1.2E-15));
#7902 = ORIENTED_EDGE('',*,*,#7817,.F.);
#7903 = PLANE('',#7904);
#7904 = AXIS2_PLACEMENT_3D('',#7905,#7906,#7907);
#7905 = CARTESIAN_POINT('',(-2.930345013402,-103.7054840192,
    82.512152740994));
#7906 = DIRECTION('',(1.18E-15,1.,-7.9E-14));
#7907 = DIRECTION('',(1.,-1.18E-15,-1.2E-15));
#7908 = ADVANCED_FACE('',(#7909),#7934,.F.);
#7909 = FACE_BOUND('',#7910,.T.);
#7910 = EDGE_LOOP('',(#7911,#7912,#7920,#7928));
#7911 = ORIENTED_EDGE('',*,*,#6271,.T.);
#7912 = ORIENTED_EDGE('',*,*,#7913,.T.);
#7913 = EDGE_CURVE('',#6274,#7914,#7916,.T.);
#7914 = VERTEX_POINT('',#7915);
#7915 = CARTESIAN_POINT('',(1.869654986598,-103.7054840192,
    81.912153306597));
#7916 = LINE('',#7917,#7918);
#7917 = CARTESIAN_POINT('',(1.869654986598,-103.7054840192,
    82.512152740994));
#7918 = VECTOR('',#7919,1.);
#7919 = DIRECTION('',(-1.22E-15,-7.9E-14,-1.));
#7920 = ORIENTED_EDGE('',*,*,#7921,.F.);
#7921 = EDGE_CURVE('',#7922,#7914,#7924,.T.);
#7922 = VERTEX_POINT('',#7923);
#7923 = CARTESIAN_POINT('',(7.051930662559E-02,-100.8806734201,
    81.912153306596));
#7924 = LINE('',#7925,#7926);
#7925 = CARTESIAN_POINT('',(0.991967873626,-102.3274334991,
    81.912159577501));
#7926 = VECTOR('',#7927,1.);
#7927 = DIRECTION('',(0.537200388422,-0.843454647672,6.656E-14));
#7928 = ORIENTED_EDGE('',*,*,#7929,.F.);
#7929 = EDGE_CURVE('',#6272,#7922,#7930,.T.);
#7930 = LINE('',#7931,#7932);
#7931 = CARTESIAN_POINT('',(7.051930662559E-02,-100.8806734201,
    82.512152740994));
#7932 = VECTOR('',#7933,1.);
#7933 = DIRECTION('',(-1.22E-15,-7.9E-14,-1.));
#7934 = PLANE('',#7935);
#7935 = AXIS2_PLACEMENT_3D('',#7936,#7937,#7938);
#7936 = CARTESIAN_POINT('',(1.869654986598,-103.7054840192,
    82.512152740994));
#7937 = DIRECTION('',(-0.843454647672,-0.537200388422,4.346E-14));
#7938 = DIRECTION('',(-0.537200388422,0.843454647672,-6.689E-14));
#7939 = ADVANCED_FACE('',(#7940),#7958,.F.);
#7940 = FACE_BOUND('',#7941,.T.);
#7941 = EDGE_LOOP('',(#7942,#7943,#7944,#7952));
#7942 = ORIENTED_EDGE('',*,*,#6281,.T.);
#7943 = ORIENTED_EDGE('',*,*,#7929,.T.);
#7944 = ORIENTED_EDGE('',*,*,#7945,.F.);
#7945 = EDGE_CURVE('',#7946,#7922,#7948,.T.);
#7946 = VERTEX_POINT('',#7947);
#7947 = CARTESIAN_POINT('',(1.270519306626,-100.8806734201,
    81.912153306596));
#7948 = LINE('',#7949,#7950);
#7949 = CARTESIAN_POINT('',(-0.304912853388,-100.8806734201,
    81.9121595775));
#7950 = VECTOR('',#7951,1.);
#7951 = DIRECTION('',(-1.,-1.825E-14,1.2E-15));
#7952 = ORIENTED_EDGE('',*,*,#7953,.F.);
#7953 = EDGE_CURVE('',#6282,#7946,#7954,.T.);
#7954 = LINE('',#7955,#7956);
#7955 = CARTESIAN_POINT('',(1.270519306626,-100.8806734201,
    82.512152740994));
#7956 = VECTOR('',#7957,1.);
#7957 = DIRECTION('',(-1.22E-15,-7.9E-14,-1.));
#7958 = PLANE('',#7959);
#7959 = AXIS2_PLACEMENT_3D('',#7960,#7961,#7962);
#7960 = CARTESIAN_POINT('',(7.051930662559E-02,-100.8806734201,
    82.512152740994));
#7961 = DIRECTION('',(-1.825E-14,1.,-7.9E-14));
#7962 = DIRECTION('',(1.,1.825E-14,-1.2E-15));
#7963 = ADVANCED_FACE('',(#7964),#7982,.F.);
#7964 = FACE_BOUND('',#7965,.T.);
#7965 = EDGE_LOOP('',(#7966,#7967,#7968,#7976));
#7966 = ORIENTED_EDGE('',*,*,#6289,.T.);
#7967 = ORIENTED_EDGE('',*,*,#7953,.T.);
#7968 = ORIENTED_EDGE('',*,*,#7969,.F.);
#7969 = EDGE_CURVE('',#7970,#7946,#7972,.T.);
#7970 = VERTEX_POINT('',#7971);
#7971 = CARTESIAN_POINT('',(3.069654986598,-103.7054840192,
    81.912153306597));
#7972 = LINE('',#7973,#7974);
#7973 = CARTESIAN_POINT('',(1.119249479248,-100.643165701,81.9121595775)
  );
#7974 = VECTOR('',#7975,1.);
#7975 = DIRECTION('',(-0.537200388422,0.843454647672,-6.656E-14));
#7976 = ORIENTED_EDGE('',*,*,#7977,.F.);
#7977 = EDGE_CURVE('',#6290,#7970,#7978,.T.);
#7978 = LINE('',#7979,#7980);
#7979 = CARTESIAN_POINT('',(3.069654986598,-103.7054840192,
    82.512152740994));
#7980 = VECTOR('',#7981,1.);
#7981 = DIRECTION('',(-1.22E-15,-7.9E-14,-1.));
#7982 = PLANE('',#7983);
#7983 = AXIS2_PLACEMENT_3D('',#7984,#7985,#7986);
#7984 = CARTESIAN_POINT('',(1.270519306626,-100.8806734201,
    82.512152740994));
#7985 = DIRECTION('',(0.843454647672,0.537200388422,-4.346E-14));
#7986 = DIRECTION('',(0.537200388422,-0.843454647672,6.689E-14));
#7987 = ADVANCED_FACE('',(#7988),#7999,.F.);
#7988 = FACE_BOUND('',#7989,.T.);
#7989 = EDGE_LOOP('',(#7990,#7991,#7992,#7998));
#7990 = ORIENTED_EDGE('',*,*,#6297,.T.);
#7991 = ORIENTED_EDGE('',*,*,#7977,.T.);
#7992 = ORIENTED_EDGE('',*,*,#7993,.F.);
#7993 = EDGE_CURVE('',#7914,#7970,#7994,.T.);
#7994 = LINE('',#7995,#7996);
#7995 = CARTESIAN_POINT('',(1.194654986599,-103.7054840192,
    81.912159577501));
#7996 = VECTOR('',#7997,1.);
#7997 = DIRECTION('',(1.,-1.18E-15,-1.2E-15));
#7998 = ORIENTED_EDGE('',*,*,#7913,.F.);
#7999 = PLANE('',#8000);
#8000 = AXIS2_PLACEMENT_3D('',#8001,#8002,#8003);
#8001 = CARTESIAN_POINT('',(3.069654986598,-103.7054840192,
    82.512152740994));
#8002 = DIRECTION('',(-1.18E-15,-1.,7.9E-14));
#8003 = DIRECTION('',(-1.,1.18E-15,1.2E-15));
#8004 = ADVANCED_FACE('',(#8005),#8030,.F.);
#8005 = FACE_BOUND('',#8006,.T.);
#8006 = EDGE_LOOP('',(#8007,#8008,#8016,#8024));
#8007 = ORIENTED_EDGE('',*,*,#6311,.T.);
#8008 = ORIENTED_EDGE('',*,*,#8009,.T.);
#8009 = EDGE_CURVE('',#6314,#8010,#8012,.T.);
#8010 = VERTEX_POINT('',#8011);
#8011 = CARTESIAN_POINT('',(4.365807409305,-106.1858687769,
    81.912153306597));
#8012 = LINE('',#8013,#8014);
#8013 = CARTESIAN_POINT('',(4.365807409305,-106.1858687769,
    82.512152740994));
#8014 = VECTOR('',#8015,1.);
#8015 = DIRECTION('',(-1.45E-15,-7.9E-14,-1.));
#8016 = ORIENTED_EDGE('',*,*,#8017,.F.);
#8017 = EDGE_CURVE('',#8018,#8010,#8020,.T.);
#8018 = VERTEX_POINT('',#8019);
#8019 = CARTESIAN_POINT('',(4.365807409305,-102.7250992615,
    81.912153306597));
#8020 = LINE('',#8021,#8022);
#8021 = CARTESIAN_POINT('',(4.365807409305,-103.8206763981,
    81.912159577501));
#8022 = VECTOR('',#8023,1.);
#8023 = DIRECTION('',(-4.6E-16,-1.,7.968E-14));
#8024 = ORIENTED_EDGE('',*,*,#8025,.F.);
#8025 = EDGE_CURVE('',#6312,#8018,#8026,.T.);
#8026 = LINE('',#8027,#8028);
#8027 = CARTESIAN_POINT('',(4.365807409305,-102.7250992615,
    82.512152740994));
#8028 = VECTOR('',#8029,1.);
#8029 = DIRECTION('',(-1.45E-15,-7.9E-14,-1.));
#8030 = PLANE('',#8031);
#8031 = AXIS2_PLACEMENT_3D('',#8032,#8033,#8034);
#8032 = CARTESIAN_POINT('',(4.365807409305,-106.1858687769,
    82.512152740994));
#8033 = DIRECTION('',(-1.,4.6E-16,1.45E-15));
#8034 = DIRECTION('',(4.599999999999E-16,1.,-8.007E-14));
#8035 = ADVANCED_FACE('',(#8036),#8054,.F.);
#8036 = FACE_BOUND('',#8037,.T.);
#8037 = EDGE_LOOP('',(#8038,#8039,#8040,#8048));
#8038 = ORIENTED_EDGE('',*,*,#6321,.T.);
#8039 = ORIENTED_EDGE('',*,*,#8025,.T.);
#8040 = ORIENTED_EDGE('',*,*,#8041,.F.);
#8041 = EDGE_CURVE('',#8042,#8018,#8044,.T.);
#8042 = VERTEX_POINT('',#8043);
#8043 = CARTESIAN_POINT('',(5.265807409305,-102.2054840192,
    81.912153306596));
#8044 = LINE('',#8045,#8046);
#8045 = CARTESIAN_POINT('',(2.748380014,-103.6589214035,81.912159577501)
  );
#8046 = VECTOR('',#8047,1.);
#8047 = DIRECTION('',(-0.866025403784,-0.5,4.088E-14));
#8048 = ORIENTED_EDGE('',*,*,#8049,.F.);
#8049 = EDGE_CURVE('',#6322,#8042,#8050,.T.);
#8050 = LINE('',#8051,#8052);
#8051 = CARTESIAN_POINT('',(5.265807409305,-102.2054840192,
    82.512152740994));
#8052 = VECTOR('',#8053,1.);
#8053 = DIRECTION('',(-1.45E-15,-7.9E-14,-1.));
#8054 = PLANE('',#8055);
#8055 = AXIS2_PLACEMENT_3D('',#8056,#8057,#8058);
#8056 = CARTESIAN_POINT('',(4.365807409305,-102.7250992615,
    82.512152740994));
#8057 = DIRECTION('',(-0.5,0.866025403784,-6.769E-14));
#8058 = DIRECTION('',(0.866025403784,0.5,-4.107E-14));
#8059 = ADVANCED_FACE('',(#8060),#8078,.F.);
#8060 = FACE_BOUND('',#8061,.T.);
#8061 = EDGE_LOOP('',(#8062,#8063,#8064,#8072));
#8062 = ORIENTED_EDGE('',*,*,#6329,.T.);
#8063 = ORIENTED_EDGE('',*,*,#8049,.T.);
#8064 = ORIENTED_EDGE('',*,*,#8065,.F.);
#8065 = EDGE_CURVE('',#8066,#8042,#8068,.T.);
#8066 = VERTEX_POINT('',#8067);
#8067 = CARTESIAN_POINT('',(6.765807409305,-103.7054840192,
    81.912153306597));
#8068 = LINE('',#8069,#8070);
#8069 = CARTESIAN_POINT('',(3.591769303628,-100.5314459135,81.9121595775
    ));
#8070 = VECTOR('',#8071,1.);
#8071 = DIRECTION('',(-0.707106781187,0.707106781187,-5.55E-14));
#8072 = ORIENTED_EDGE('',*,*,#8073,.F.);
#8073 = EDGE_CURVE('',#6330,#8066,#8074,.T.);
#8074 = LINE('',#8075,#8076);
#8075 = CARTESIAN_POINT('',(6.765807409305,-103.7054840192,
    82.512152740994));
#8076 = VECTOR('',#8077,1.);
#8077 = DIRECTION('',(-1.45E-15,-7.9E-14,-1.));
#8078 = PLANE('',#8079);
#8079 = AXIS2_PLACEMENT_3D('',#8080,#8081,#8082);
#8080 = CARTESIAN_POINT('',(5.265807409305,-102.2054840192,
    82.512152740994));
#8081 = DIRECTION('',(0.707106781187,0.707106781187,-5.688E-14));
#8082 = DIRECTION('',(0.707106781187,-0.707106781187,5.577E-14));
#8083 = ADVANCED_FACE('',(#8084),#8102,.F.);
#8084 = FACE_BOUND('',#8085,.T.);
#8085 = EDGE_LOOP('',(#8086,#8087,#8088,#8096));
#8086 = ORIENTED_EDGE('',*,*,#6337,.T.);
#8087 = ORIENTED_EDGE('',*,*,#8073,.T.);
#8088 = ORIENTED_EDGE('',*,*,#8089,.F.);
#8089 = EDGE_CURVE('',#8090,#8066,#8092,.T.);
#8090 = VERTEX_POINT('',#8091);
#8091 = CARTESIAN_POINT('',(5.265807409305,-103.7054840192,
    81.912153306597));
#8092 = LINE('',#8093,#8094);
#8093 = CARTESIAN_POINT('',(3.042731197952,-103.7054840192,
    81.912159577501));
#8094 = VECTOR('',#8095,1.);
#8095 = DIRECTION('',(1.,-1.18E-15,-1.2E-15));
#8096 = ORIENTED_EDGE('',*,*,#8097,.F.);
#8097 = EDGE_CURVE('',#6338,#8090,#8098,.T.);
#8098 = LINE('',#8099,#8100);
#8099 = CARTESIAN_POINT('',(5.265807409305,-103.7054840192,
    82.512152740994));
#8100 = VECTOR('',#8101,1.);
#8101 = DIRECTION('',(-1.45E-15,-7.9E-14,-1.));
#8102 = PLANE('',#8103);
#8103 = AXIS2_PLACEMENT_3D('',#8104,#8105,#8106);
#8104 = CARTESIAN_POINT('',(6.765807409305,-103.7054840192,
    82.512152740994));
#8105 = DIRECTION('',(-1.18E-15,-1.,7.9E-14));
#8106 = DIRECTION('',(-1.,1.18E-15,1.2E-15));
#8107 = ADVANCED_FACE('',(#8108),#8126,.F.);
#8108 = FACE_BOUND('',#8109,.T.);
#8109 = EDGE_LOOP('',(#8110,#8111,#8112,#8120));
#8110 = ORIENTED_EDGE('',*,*,#6345,.T.);
#8111 = ORIENTED_EDGE('',*,*,#8097,.T.);
#8112 = ORIENTED_EDGE('',*,*,#8113,.F.);
#8113 = EDGE_CURVE('',#8114,#8090,#8116,.T.);
#8114 = VERTEX_POINT('',#8115);
#8115 = CARTESIAN_POINT('',(5.265807409305,-106.7054840192,
    81.912153306597));
#8116 = LINE('',#8117,#8118);
#8117 = CARTESIAN_POINT('',(5.265807409305,-102.5804840192,
    81.912159577501));
#8118 = VECTOR('',#8119,1.);
#8119 = DIRECTION('',(6.2E-16,1.,-7.968E-14));
#8120 = ORIENTED_EDGE('',*,*,#8121,.F.);
#8121 = EDGE_CURVE('',#6346,#8114,#8122,.T.);
#8122 = LINE('',#8123,#8124);
#8123 = CARTESIAN_POINT('',(5.265807409305,-106.7054840192,
    82.512152740994));
#8124 = VECTOR('',#8125,1.);
#8125 = DIRECTION('',(-1.45E-15,-7.9E-14,-1.));
#8126 = PLANE('',#8127);
#8127 = AXIS2_PLACEMENT_3D('',#8128,#8129,#8130);
#8128 = CARTESIAN_POINT('',(5.265807409305,-103.7054840192,
    82.512152740994));
#8129 = DIRECTION('',(1.,-6.2E-16,-1.45E-15));
#8130 = DIRECTION('',(-6.199999999999E-16,-1.,8.007E-14));
#8131 = ADVANCED_FACE('',(#8132),#8150,.F.);
#8132 = FACE_BOUND('',#8133,.T.);
#8133 = EDGE_LOOP('',(#8134,#8135,#8136,#8144));
#8134 = ORIENTED_EDGE('',*,*,#6353,.T.);
#8135 = ORIENTED_EDGE('',*,*,#8121,.T.);
#8136 = ORIENTED_EDGE('',*,*,#8137,.F.);
#8137 = EDGE_CURVE('',#8138,#8114,#8140,.T.);
#8138 = VERTEX_POINT('',#8139);
#8139 = CARTESIAN_POINT('',(6.965498659825E-02,-109.7054840192,
    81.912153306597));
#8140 = LINE('',#8141,#8142);
#8141 = CARTESIAN_POINT('',(4.172658593257,-107.3366137824,
    81.912159577501));
#8142 = VECTOR('',#8143,1.);
#8143 = DIRECTION('',(0.866025403784,0.5,-4.088E-14));
#8144 = ORIENTED_EDGE('',*,*,#8145,.F.);
#8145 = EDGE_CURVE('',#6354,#8138,#8146,.T.);
#8146 = LINE('',#8147,#8148);
#8147 = CARTESIAN_POINT('',(6.965498659825E-02,-109.7054840192,
    82.512152740995));
#8148 = VECTOR('',#8149,1.);
#8149 = DIRECTION('',(-1.45E-15,-7.9E-14,-1.));
#8150 = PLANE('',#8151);
#8151 = AXIS2_PLACEMENT_3D('',#8152,#8153,#8154);
#8152 = CARTESIAN_POINT('',(5.265807409305,-106.7054840192,
    82.512152740994));
#8153 = DIRECTION('',(0.5,-0.866025403784,6.769E-14));
#8154 = DIRECTION('',(-0.866025403784,-0.5,4.107E-14));
#8155 = ADVANCED_FACE('',(#8156),#8174,.F.);
#8156 = FACE_BOUND('',#8157,.T.);
#8157 = EDGE_LOOP('',(#8158,#8159,#8160,#8168));
#8158 = ORIENTED_EDGE('',*,*,#6361,.T.);
#8159 = ORIENTED_EDGE('',*,*,#8145,.T.);
#8160 = ORIENTED_EDGE('',*,*,#8161,.F.);
#8161 = EDGE_CURVE('',#8162,#8138,#8164,.T.);
#8162 = VERTEX_POINT('',#8163);
#8163 = CARTESIAN_POINT('',(-5.126497436108,-106.7054840192,
    81.912153306597));
#8164 = LINE('',#8165,#8166);
#8165 = CARTESIAN_POINT('',(-1.997772408707,-108.511854256,
    81.912159577501));
#8166 = VECTOR('',#8167,1.);
#8167 = DIRECTION('',(0.866025403784,-0.5,3.88E-14));
#8168 = ORIENTED_EDGE('',*,*,#8169,.F.);
#8169 = EDGE_CURVE('',#6362,#8162,#8170,.T.);
#8170 = LINE('',#8171,#8172);
#8171 = CARTESIAN_POINT('',(-5.126497436108,-106.7054840192,
    82.512152740994));
#8172 = VECTOR('',#8173,1.);
#8173 = DIRECTION('',(-1.45E-15,-7.9E-14,-1.));
#8174 = PLANE('',#8175);
#8175 = AXIS2_PLACEMENT_3D('',#8176,#8177,#8178);
#8176 = CARTESIAN_POINT('',(6.965498659825E-02,-109.7054840192,
    82.512152740995));
#8177 = DIRECTION('',(-0.5,-0.866025403784,6.914E-14));
#8178 = DIRECTION('',(-0.866025403784,0.5,-3.9E-14));
#8179 = ADVANCED_FACE('',(#8180),#8198,.F.);
#8180 = FACE_BOUND('',#8181,.T.);
#8181 = EDGE_LOOP('',(#8182,#8183,#8184,#8192));
#8182 = ORIENTED_EDGE('',*,*,#6369,.T.);
#8183 = ORIENTED_EDGE('',*,*,#8169,.T.);
#8184 = ORIENTED_EDGE('',*,*,#8185,.F.);
#8185 = EDGE_CURVE('',#8186,#8162,#8188,.T.);
#8186 = VERTEX_POINT('',#8187);
#8187 = CARTESIAN_POINT('',(-4.226497436108,-106.1858687769,
    81.912153306597));
#8188 = LINE('',#8189,#8190);
#8189 = CARTESIAN_POINT('',(-2.322531935126,-105.0866137824,
    81.912159577501));
#8190 = VECTOR('',#8191,1.);
#8191 = DIRECTION('',(-0.866025403784,-0.5,4.088E-14));
#8192 = ORIENTED_EDGE('',*,*,#8193,.F.);
#8193 = EDGE_CURVE('',#6370,#8186,#8194,.T.);
#8194 = LINE('',#8195,#8196);
#8195 = CARTESIAN_POINT('',(-4.226497436108,-106.1858687769,
    82.512152740994));
#8196 = VECTOR('',#8197,1.);
#8197 = DIRECTION('',(-1.45E-15,-7.9E-14,-1.));
#8198 = PLANE('',#8199);
#8199 = AXIS2_PLACEMENT_3D('',#8200,#8201,#8202);
#8200 = CARTESIAN_POINT('',(-5.126497436108,-106.7054840192,
    82.512152740994));
#8201 = DIRECTION('',(-0.5,0.866025403784,-6.769E-14));
#8202 = DIRECTION('',(0.866025403784,0.5,-4.107E-14));
#8203 = ADVANCED_FACE('',(#8204),#8222,.F.);
#8204 = FACE_BOUND('',#8205,.T.);
#8205 = EDGE_LOOP('',(#8206,#8207,#8208,#8216));
#8206 = ORIENTED_EDGE('',*,*,#6377,.T.);
#8207 = ORIENTED_EDGE('',*,*,#8193,.T.);
#8208 = ORIENTED_EDGE('',*,*,#8209,.F.);
#8209 = EDGE_CURVE('',#8210,#8186,#8212,.T.);
#8210 = VERTEX_POINT('',#8211);
#8211 = CARTESIAN_POINT('',(6.965498659827E-02,-108.6662535347,
    81.912153306597));
#8212 = LINE('',#8213,#8214);
#8213 = CARTESIAN_POINT('',(-3.92084862006,-106.3623352031,
    81.912159577501));
#8214 = VECTOR('',#8215,1.);
#8215 = DIRECTION('',(-0.866025403784,0.5,-3.88E-14));
#8216 = ORIENTED_EDGE('',*,*,#8217,.F.);
#8217 = EDGE_CURVE('',#6378,#8210,#8218,.T.);
#8218 = LINE('',#8219,#8220);
#8219 = CARTESIAN_POINT('',(6.965498659827E-02,-108.6662535347,
    82.512152740994));
#8220 = VECTOR('',#8221,1.);
#8221 = DIRECTION('',(-1.45E-15,-7.9E-14,-1.));
#8222 = PLANE('',#8223);
#8223 = AXIS2_PLACEMENT_3D('',#8224,#8225,#8226);
#8224 = CARTESIAN_POINT('',(-4.226497436108,-106.1858687769,
    82.512152740994));
#8225 = DIRECTION('',(0.5,0.866025403784,-6.914E-14));
#8226 = DIRECTION('',(0.866025403784,-0.5,3.9E-14));
#8227 = ADVANCED_FACE('',(#8228),#8239,.F.);
#8228 = FACE_BOUND('',#8229,.T.);
#8229 = EDGE_LOOP('',(#8230,#8231,#8232,#8238));
#8230 = ORIENTED_EDGE('',*,*,#6385,.T.);
#8231 = ORIENTED_EDGE('',*,*,#8217,.T.);
#8232 = ORIENTED_EDGE('',*,*,#8233,.F.);
#8233 = EDGE_CURVE('',#8010,#8210,#8234,.T.);
#8234 = LINE('',#8235,#8236);
#8235 = CARTESIAN_POINT('',(1.349582381904,-107.9272871084,
    81.912159577501));
#8236 = VECTOR('',#8237,1.);
#8237 = DIRECTION('',(-0.866025403784,-0.5,4.088E-14));
#8238 = ORIENTED_EDGE('',*,*,#8009,.F.);
#8239 = PLANE('',#8240);
#8240 = AXIS2_PLACEMENT_3D('',#8241,#8242,#8243);
#8241 = CARTESIAN_POINT('',(6.965498659825E-02,-108.6662535347,
    82.512152740994));
#8242 = DIRECTION('',(-0.5,0.866025403784,-6.769E-14));
#8243 = DIRECTION('',(0.866025403784,0.5,-4.107E-14));
#8244 = ADVANCED_FACE('',(#8245),#8297,.T.);
#8245 = FACE_BOUND('',#8246,.T.);
#8246 = EDGE_LOOP('',(#8247,#8257,#8265,#8274,#8282,#8291));
#8247 = ORIENTED_EDGE('',*,*,#8248,.F.);
#8248 = EDGE_CURVE('',#8249,#8251,#8253,.T.);
#8249 = VERTEX_POINT('',#8250);
#8250 = CARTESIAN_POINT('',(8.37683720128,-110.3085235314,
    81.912156647297));
#8251 = VERTEX_POINT('',#8252);
#8252 = CARTESIAN_POINT('',(-8.376033655512,-110.3085235314,
    81.91215664774));
#8253 = LINE('',#8254,#8255);
#8254 = CARTESIAN_POINT('',(-2.810708983354,-110.3085235314,
    81.912156647446));
#8255 = VECTOR('',#8256,1.);
#8256 = DIRECTION('',(-1.,-2.3023E-12,5.285414E-11));
#8257 = ORIENTED_EDGE('',*,*,#8258,.F.);
#8258 = EDGE_CURVE('',#8259,#8249,#8261,.T.);
#8259 = VERTEX_POINT('',#8260);
#8260 = CARTESIAN_POINT('',(7.842189894368,-110.8431710305,
    82.446804146329));
#8261 = LINE('',#8262,#8263);
#8262 = CARTESIAN_POINT('',(4.765530289275,-113.9198317411,
    85.523464856985));
#8263 = VECTOR('',#8264,1.);
#8264 = DIRECTION('',(0.57735013088,0.577350338344,-0.577350338344));
#8265 = ORIENTED_EDGE('',*,*,#8266,.F.);
#8266 = EDGE_CURVE('',#8267,#8259,#8269,.T.);
#8267 = VERTEX_POINT('',#8268);
#8268 = CARTESIAN_POINT('',(7.500837353545,-110.7085180906,
    82.312151206449));
#8269 = ELLIPSE('',#8270,0.707106781187,0.5);
#8270 = AXIS2_PLACEMENT_3D('',#8271,#8272,#8273);
#8271 = CARTESIAN_POINT('',(7.500837524683,-111.2085180906,
    82.812151206449));
#8272 = DIRECTION('',(-1.650000011279E-15,-0.707106781187,
    -0.707106781187));
#8273 = DIRECTION('',(-4.8405017057E-07,0.707106781186,-0.707106781186)
  );
#8274 = ORIENTED_EDGE('',*,*,#8275,.F.);
#8275 = EDGE_CURVE('',#8276,#8267,#8278,.T.);
#8276 = VERTEX_POINT('',#8277);
#8277 = CARTESIAN_POINT('',(-7.500033807755,-110.7085180906,
    82.312151206846));
#8278 = LINE('',#8279,#8280);
#8279 = CARTESIAN_POINT('',(9.508539128593,-110.7085180906,
    82.312151206449));
#8280 = VECTOR('',#8281,1.);
#8281 = DIRECTION('',(1.,-2.E-15,-3.3E-16));
#8282 = ORIENTED_EDGE('',*,*,#8283,.T.);
#8283 = EDGE_CURVE('',#8276,#8284,#8286,.T.);
#8284 = VERTEX_POINT('',#8285);
#8285 = CARTESIAN_POINT('',(-7.84138634857,-110.8431710305,
    82.446804146743));
#8286 = ELLIPSE('',#8287,0.707106781187,0.5);
#8287 = AXIS2_PLACEMENT_3D('',#8288,#8289,#8290);
#8288 = CARTESIAN_POINT('',(-7.500033978865,-111.2085180906,
    82.812151206846));
#8289 = DIRECTION('',(3.574555E-11,0.707106781187,0.707106781187));
#8290 = DIRECTION('',(4.8401117025E-07,0.707106781186,-0.707106781186));
#8291 = ORIENTED_EDGE('',*,*,#8292,.T.);
#8292 = EDGE_CURVE('',#8284,#8251,#8293,.T.);
#8293 = LINE('',#8294,#8295);
#8294 = CARTESIAN_POINT('',(-4.764726743308,-113.9198317411,
    85.523464857237));
#8295 = VECTOR('',#8296,1.);
#8296 = DIRECTION('',(-0.577350130912,0.577350338343,-0.577350338314));
#8297 = PLANE('',#8298);
#8298 = AXIS2_PLACEMENT_3D('',#8299,#8300,#8301);
#8299 = CARTESIAN_POINT('',(2.811512529281,-110.5085235314,
    82.112156647297));
#8300 = DIRECTION('',(-1.65E-15,-0.707106781187,-0.707106781187));
#8301 = DIRECTION('',(1.,-2.001726188958E-15,-3.317261889578E-16));
#8302 = ADVANCED_FACE('',(#8303),#8322,.F.);
#8303 = FACE_BOUND('',#8304,.F.);
#8304 = EDGE_LOOP('',(#8305,#8313,#8320,#8321));
#8305 = ORIENTED_EDGE('',*,*,#8306,.T.);
#8306 = EDGE_CURVE('',#6400,#8307,#8309,.T.);
#8307 = VERTEX_POINT('',#8308);
#8308 = CARTESIAN_POINT('',(-12.50042823074,-135.5585294812,
    81.912156647297));
#8309 = LINE('',#8310,#8311);
#8310 = CARTESIAN_POINT('',(-12.50042823074,-135.5585294812,
    86.162156647297));
#8311 = VECTOR('',#8312,1.);
#8312 = DIRECTION('',(2.44E-15,-7.4E-16,-1.));
#8313 = ORIENTED_EDGE('',*,*,#8314,.T.);
#8314 = EDGE_CURVE('',#8307,#8307,#8315,.T.);
#8315 = CIRCLE('',#8316,2.35);
#8316 = AXIS2_PLACEMENT_3D('',#8317,#8318,#8319);
#8317 = CARTESIAN_POINT('',(-12.50042823074,-137.9085294812,
    81.912156647297));
#8318 = DIRECTION('',(-2.44E-15,7.4E-16,1.));
#8319 = DIRECTION('',(-3.3315E-13,-1.,7.399999999992E-16));
#8320 = ORIENTED_EDGE('',*,*,#8306,.F.);
#8321 = ORIENTED_EDGE('',*,*,#6399,.T.);
#8322 = CYLINDRICAL_SURFACE('',#8323,2.35);
#8323 = AXIS2_PLACEMENT_3D('',#8324,#8325,#8326);
#8324 = CARTESIAN_POINT('',(-12.50042823074,-137.9085294812,
    86.162156647297));
#8325 = DIRECTION('',(-2.44E-15,7.4E-16,1.));
#8326 = DIRECTION('',(-3.3315E-13,-1.,7.399999999992E-16));
#8327 = ADVANCED_FACE('',(#8328),#8347,.F.);
#8328 = FACE_BOUND('',#8329,.F.);
#8329 = EDGE_LOOP('',(#8330,#8338,#8345,#8346));
#8330 = ORIENTED_EDGE('',*,*,#8331,.T.);
#8331 = EDGE_CURVE('',#6417,#8332,#8334,.T.);
#8332 = VERTEX_POINT('',#8333);
#8333 = CARTESIAN_POINT('',(12.499999903927,-135.5585294812,
    81.912156647297));
#8334 = LINE('',#8335,#8336);
#8335 = CARTESIAN_POINT('',(12.499999903927,-135.5585294812,
    86.162156647297));
#8336 = VECTOR('',#8337,1.);
#8337 = DIRECTION('',(-3.1E-16,-7.4E-16,-1.));
#8338 = ORIENTED_EDGE('',*,*,#8339,.F.);
#8339 = EDGE_CURVE('',#8332,#8332,#8340,.T.);
#8340 = CIRCLE('',#8341,2.35);
#8341 = AXIS2_PLACEMENT_3D('',#8342,#8343,#8344);
#8342 = CARTESIAN_POINT('',(12.499999903927,-137.9085294812,
    81.912156647297));
#8343 = DIRECTION('',(-3.1E-16,-7.4E-16,-1.));
#8344 = DIRECTION('',(-1.67E-15,-1.,7.4E-16));
#8345 = ORIENTED_EDGE('',*,*,#8331,.F.);
#8346 = ORIENTED_EDGE('',*,*,#6416,.F.);
#8347 = CYLINDRICAL_SURFACE('',#8348,2.35);
#8348 = AXIS2_PLACEMENT_3D('',#8349,#8350,#8351);
#8349 = CARTESIAN_POINT('',(12.499999903927,-137.9085294812,
    86.162156647297));
#8350 = DIRECTION('',(-3.1E-16,-7.4E-16,-1.));
#8351 = DIRECTION('',(-1.67E-15,-1.,7.4E-16));
#8352 = ADVANCED_FACE('',(#8353),#8380,.F.);
#8353 = FACE_BOUND('',#8354,.F.);
#8354 = EDGE_LOOP('',(#8355,#8365,#8372,#8373));
#8355 = ORIENTED_EDGE('',*,*,#8356,.T.);
#8356 = EDGE_CURVE('',#8357,#8359,#8361,.T.);
#8357 = VERTEX_POINT('',#8358);
#8358 = CARTESIAN_POINT('',(19.165704467055,-91.85988882308,
    81.912159576395));
#8359 = VERTEX_POINT('',#8360);
#8360 = CARTESIAN_POINT('',(19.165704467055,-91.85988882308,
    85.412156647298));
#8361 = LINE('',#8362,#8363);
#8362 = CARTESIAN_POINT('',(19.165704467055,-91.85988882308,
    79.337176734043));
#8363 = VECTOR('',#8364,1.);
#8364 = DIRECTION('',(3.3E-16,6.9E-16,1.));
#8365 = ORIENTED_EDGE('',*,*,#8366,.F.);
#8366 = EDGE_CURVE('',#8359,#8359,#8367,.T.);
#8367 = CIRCLE('',#8368,1.75);
#8368 = AXIS2_PLACEMENT_3D('',#8369,#8370,#8371);
#8369 = CARTESIAN_POINT('',(20.915704467055,-91.85988882308,
    85.412156647298));
#8370 = DIRECTION('',(3.3E-16,1.1E-15,1.));
#8371 = DIRECTION('',(1.,-1.67E-15,-3.3E-16));
#8372 = ORIENTED_EDGE('',*,*,#8356,.F.);
#8373 = ORIENTED_EDGE('',*,*,#8374,.F.);
#8374 = EDGE_CURVE('',#8357,#8357,#8375,.T.);
#8375 = CIRCLE('',#8376,1.75);
#8376 = AXIS2_PLACEMENT_3D('',#8377,#8378,#8379);
#8377 = CARTESIAN_POINT('',(20.915704467055,-91.85988882308,
    81.912159576395));
#8378 = DIRECTION('',(-1.2E-15,-7.987E-14,-1.));
#8379 = DIRECTION('',(1.,-1.67E-15,-1.2E-15));
#8380 = CYLINDRICAL_SURFACE('',#8381,1.75);
#8381 = AXIS2_PLACEMENT_3D('',#8382,#8383,#8384);
#8382 = CARTESIAN_POINT('',(20.915704467055,-91.85988882308,
    79.337176734043));
#8383 = DIRECTION('',(3.3E-16,6.9E-16,1.));
#8384 = DIRECTION('',(1.,-1.67E-15,-3.3E-16));
#8385 = ADVANCED_FACE('',(#8386),#8414,.T.);
#8386 = FACE_BOUND('',#8387,.T.);
#8387 = EDGE_LOOP('',(#8388,#8399,#8407));
#8388 = ORIENTED_EDGE('',*,*,#8389,.T.);
#8389 = EDGE_CURVE('',#8390,#8392,#8394,.T.);
#8390 = VERTEX_POINT('',#8391);
#8391 = CARTESIAN_POINT('',(-20.39919668383,-117.2846759616,
    81.912159577502));
#8392 = VERTEX_POINT('',#8393);
#8393 = CARTESIAN_POINT('',(-24.39919668364,-121.9034787767,
    81.912159577476));
#8394 = ELLIPSE('',#8395,4.618802153517,4.);
#8395 = AXIS2_PLACEMENT_3D('',#8396,#8397,#8398);
#8396 = CARTESIAN_POINT('',(-20.39919668364,-121.9034787767,
    81.912159577502));
#8397 = DIRECTION('',(1.2E-15,7.968E-14,1.));
#8398 = DIRECTION('',(-2.01364E-12,1.,-7.968E-14));
#8399 = ORIENTED_EDGE('',*,*,#8400,.T.);
#8400 = EDGE_CURVE('',#8392,#8401,#8403,.T.);
#8401 = VERTEX_POINT('',#8402);
#8402 = CARTESIAN_POINT('',(-24.39919668364,-120.7487800402,
    83.91215664859));
#8403 = LINE('',#8404,#8405);
#8404 = CARTESIAN_POINT('',(-24.39919668364,-121.3444749584,
    82.880382592316));
#8405 = VECTOR('',#8406,1.);
#8406 = DIRECTION('',(-1.00581E-12,0.5,0.866025403784));
#8407 = ORIENTED_EDGE('',*,*,#8408,.F.);
#8408 = EDGE_CURVE('',#8390,#8401,#8409,.T.);
#8409 = CIRCLE('',#8410,4.000000572871);
#8410 = AXIS2_PLACEMENT_3D('',#8411,#8412,#8413);
#8411 = CARTESIAN_POINT('',(-20.39919668364,-120.7487780729,
    83.912159863937));
#8412 = DIRECTION('',(-9.4205315903E-07,0.5,0.866025403784));
#8413 = DIRECTION('',(-4.775735000007E-11,0.866025403784,-0.5));
#8414 = CYLINDRICAL_SURFACE('',#8415,4.);
#8415 = AXIS2_PLACEMENT_3D('',#8416,#8417,#8418);
#8416 = CARTESIAN_POINT('',(-20.39919668364,-121.3444749584,
    82.880382592316));
#8417 = DIRECTION('',(-1.00581E-12,0.5,0.866025403784));
#8418 = DIRECTION('',(-0.707106781204,0.61237243568,-0.353553390585));
#8419 = ADVANCED_FACE('',(#8420),#8453,.T.);
#8420 = FACE_BOUND('',#8421,.T.);
#8421 = EDGE_LOOP('',(#8422,#8431,#8439,#8447));
#8422 = ORIENTED_EDGE('',*,*,#8423,.F.);
#8423 = EDGE_CURVE('',#8424,#8390,#8426,.T.);
#8424 = VERTEX_POINT('',#8425);
#8425 = CARTESIAN_POINT('',(-21.12357190174,-115.5630357756,
    84.8941289979));
#8426 = ELLIPSE('',#8427,7.505553499465,6.5);
#8427 = AXIS2_PLACEMENT_3D('',#8428,#8429,#8430);
#8428 = CARTESIAN_POINT('',(-26.89919668383,-117.2846782452,
    81.91215676863));
#8429 = DIRECTION('',(-4.775694E-11,0.866025403784,-0.5));
#8430 = DIRECTION('',(4.465004E-11,0.5,0.866025403784));
#8431 = ORIENTED_EDGE('',*,*,#8432,.F.);
#8432 = EDGE_CURVE('',#8433,#8424,#8435,.T.);
#8433 = VERTEX_POINT('',#8434);
#8434 = CARTESIAN_POINT('',(-12.53886744947,-115.5630357754,
    84.894128997448));
#8435 = LINE('',#8436,#8437);
#8436 = CARTESIAN_POINT('',(-18.89919668346,-115.5630357755,
    84.894128997783));
#8437 = VECTOR('',#8438,1.);
#8438 = DIRECTION('',(-1.,-2.473201E-11,5.267678E-11));
#8439 = ORIENTED_EDGE('',*,*,#8440,.T.);
#8440 = EDGE_CURVE('',#8433,#8441,#8443,.T.);
#8441 = VERTEX_POINT('',#8442);
#8442 = CARTESIAN_POINT('',(-10.81722726385,-117.2846759611,
    81.912159577502));
#8443 = LINE('',#8444,#8445);
#8444 = CARTESIAN_POINT('',(-13.84949762182,-114.2524056029,
    87.164207046162));
#8445 = VECTOR('',#8446,1.);
#8446 = DIRECTION('',(0.447213595462,-0.447213595491,-0.774596669268));
#8447 = ORIENTED_EDGE('',*,*,#8448,.F.);
#8448 = EDGE_CURVE('',#8390,#8441,#8449,.T.);
#8449 = LINE('',#8450,#8451);
#8450 = CARTESIAN_POINT('',(-9.789770848069,-117.2846759611,
    81.912159577502));
#8451 = VECTOR('',#8452,1.);
#8452 = DIRECTION('',(1.,5.514427E-11,-1.2E-15));
#8453 = PLANE('',#8454);
#8454 = AXIS2_PLACEMENT_3D('',#8455,#8456,#8457);
#8455 = CARTESIAN_POINT('',(-18.89919668356,-115.6710803684,
    84.706990273415));
#8456 = DIRECTION('',(-4.775694E-11,0.866025403784,-0.5));
#8457 = DIRECTION('',(-1.,-1.615138399569E-11,6.753886230691E-11));
#8458 = ADVANCED_FACE('',(#8459),#8484,.T.);
#8459 = FACE_BOUND('',#8460,.T.);
#8460 = EDGE_LOOP('',(#8461,#8469,#8477,#8483));
#8461 = ORIENTED_EDGE('',*,*,#8462,.F.);
#8462 = EDGE_CURVE('',#8463,#8433,#8465,.T.);
#8463 = VERTEX_POINT('',#8464);
#8464 = CARTESIAN_POINT('',(-12.53886744949,-107.3423773071,
    84.894128997447));
#8465 = LINE('',#8466,#8467);
#8466 = CARTESIAN_POINT('',(-12.53886744949,-107.7027065413,
    84.894128997447));
#8467 = VECTOR('',#8468,1.);
#8468 = DIRECTION('',(2.46869E-12,-1.,7.968E-14));
#8469 = ORIENTED_EDGE('',*,*,#8470,.F.);
#8470 = EDGE_CURVE('',#8471,#8463,#8473,.T.);
#8471 = VERTEX_POINT('',#8472);
#8472 = CARTESIAN_POINT('',(-10.81722726388,-105.6207371214,
    81.912159577501));
#8473 = LINE('',#8474,#8475);
#8474 = CARTESIAN_POINT('',(-13.14949762191,-107.9530074796,
    85.951771480841));
#8475 = VECTOR('',#8476,1.);
#8476 = DIRECTION('',(-0.44721359546,-0.447213595493,0.774596669269));
#8477 = ORIENTED_EDGE('',*,*,#8478,.F.);
#8478 = EDGE_CURVE('',#8441,#8471,#8479,.T.);
#8479 = LINE('',#8480,#8481);
#8480 = CARTESIAN_POINT('',(-10.81722726388,-104.9540952802,
    81.912159577501));
#8481 = VECTOR('',#8482,1.);
#8482 = DIRECTION('',(-2.46869E-12,1.,-7.968E-14));
#8483 = ORIENTED_EDGE('',*,*,#8440,.F.);
#8484 = PLANE('',#8485);
#8485 = AXIS2_PLACEMENT_3D('',#8486,#8487,#8488);
#8486 = CARTESIAN_POINT('',(-12.43082285655,-107.9527065413,
    84.706990272978));
#8487 = DIRECTION('',(-0.866025403811,-2.17779E-12,-0.499999999954));
#8488 = DIRECTION('',(-0.499999999954,5.2395E-13,0.866025403811));
#8489 = ADVANCED_FACE('',(#8490),#8524,.T.);
#8490 = FACE_BOUND('',#8491,.T.);
#8491 = EDGE_LOOP('',(#8492,#8502,#8508,#8509,#8517));
#8492 = ORIENTED_EDGE('',*,*,#8493,.F.);
#8493 = EDGE_CURVE('',#8494,#8496,#8498,.T.);
#8494 = VERTEX_POINT('',#8495);
#8495 = CARTESIAN_POINT('',(-22.89919668375,-105.6207371208,
    81.912159577501));
#8496 = VERTEX_POINT('',#8497);
#8497 = CARTESIAN_POINT('',(-22.89919668374,-106.3424225632,
    83.162156576597));
#8498 = LINE('',#8499,#8500);
#8499 = CARTESIAN_POINT('',(-22.89919668373,-109.9375397392,
    89.389082184554));
#8500 = VECTOR('',#8501,1.);
#8501 = DIRECTION('',(1.29458E-12,-0.5,0.866025403784));
#8502 = ORIENTED_EDGE('',*,*,#8503,.T.);
#8503 = EDGE_CURVE('',#8494,#8471,#8504,.T.);
#8504 = LINE('',#8505,#8506);
#8505 = CARTESIAN_POINT('',(-9.78977084854,-105.6207371215,
    81.912159577501));
#8506 = VECTOR('',#8507,1.);
#8507 = DIRECTION('',(1.,-5.020688E-11,-1.2E-15));
#8508 = ORIENTED_EDGE('',*,*,#8470,.T.);
#8509 = ORIENTED_EDGE('',*,*,#8510,.F.);
#8510 = EDGE_CURVE('',#8511,#8463,#8513,.T.);
#8511 = VERTEX_POINT('',#8512);
#8512 = CARTESIAN_POINT('',(-23.29360766161,-107.3423773069,
    84.894128998014));
#8513 = LINE('',#8514,#8515);
#8514 = CARTESIAN_POINT('',(-18.89919668357,-107.342377307,
    84.894128997782));
#8515 = VECTOR('',#8516,1.);
#8516 = DIRECTION('',(1.,-1.979462E-11,-5.267678E-11));
#8517 = ORIENTED_EDGE('',*,*,#8518,.F.);
#8518 = EDGE_CURVE('',#8496,#8511,#8519,.T.);
#8519 = ELLIPSE('',#8520,4.618802153517,4.);
#8520 = AXIS2_PLACEMENT_3D('',#8521,#8522,#8523);
#8521 = CARTESIAN_POINT('',(-26.89919668374,-106.3424226739,
    83.16215676863));
#8522 = DIRECTION('',(-4.348104E-11,-0.866025403784,-0.5));
#8523 = DIRECTION('',(4.689313E-11,-0.5,0.866025403784));
#8524 = PLANE('',#8525);
#8525 = AXIS2_PLACEMENT_3D('',#8526,#8527,#8528);
#8526 = CARTESIAN_POINT('',(-18.89919668357,-107.2343327141,
    84.706990273414));
#8527 = DIRECTION('',(-4.348104E-11,-0.866025403784,-0.5));
#8528 = DIRECTION('',(-1.,1.47052611005E-11,6.149182063537E-11));
#8529 = ADVANCED_FACE('',(#8530),#8557,.T.);
#8530 = FACE_BOUND('',#8531,.T.);
#8531 = EDGE_LOOP('',(#8532,#8541,#8549,#8556));
#8532 = ORIENTED_EDGE('',*,*,#8533,.F.);
#8533 = EDGE_CURVE('',#8534,#8496,#8536,.T.);
#8534 = VERTEX_POINT('',#8535);
#8535 = CARTESIAN_POINT('',(-24.39919668368,-105.0433844575,
    83.91215664859));
#8536 = CIRCLE('',#8537,1.5);
#8537 = AXIS2_PLACEMENT_3D('',#8538,#8539,#8540);
#8538 = CARTESIAN_POINT('',(-22.89919668368,-105.0433844575,
    83.912156576597));
#8539 = DIRECTION('',(4.155981058E-08,-0.5,0.866025403784));
#8540 = DIRECTION('',(-1.,1.006601955854E-11,4.799494727076E-08));
#8541 = ORIENTED_EDGE('',*,*,#8542,.T.);
#8542 = EDGE_CURVE('',#8534,#8543,#8545,.T.);
#8543 = VERTEX_POINT('',#8544);
#8544 = CARTESIAN_POINT('',(-24.39919668368,-103.8886856517,
    81.912159577501));
#8545 = LINE('',#8546,#8547);
#8546 = CARTESIAN_POINT('',(-24.39919668367,-108.6385016335,
    90.139082184555));
#8547 = VECTOR('',#8548,1.);
#8548 = DIRECTION('',(-1.29458E-12,0.5,-0.866025403784));
#8549 = ORIENTED_EDGE('',*,*,#8550,.T.);
#8550 = EDGE_CURVE('',#8543,#8494,#8551,.T.);
#8551 = ELLIPSE('',#8552,1.732050807569,1.5);
#8552 = AXIS2_PLACEMENT_3D('',#8553,#8554,#8555);
#8553 = CARTESIAN_POINT('',(-22.89919668368,-103.8886856517,
    81.912159577501));
#8554 = DIRECTION('',(1.2E-15,7.968E-14,1.));
#8555 = DIRECTION('',(2.58743E-12,-1.,7.968E-14));
#8556 = ORIENTED_EDGE('',*,*,#8493,.T.);
#8557 = CYLINDRICAL_SURFACE('',#8558,1.5);
#8558 = AXIS2_PLACEMENT_3D('',#8559,#8560,#8561);
#8559 = CARTESIAN_POINT('',(-22.89919668367,-108.6385016335,
    90.139082184554));
#8560 = DIRECTION('',(-1.29458E-12,0.5,-0.866025403784));
#8561 = DIRECTION('',(-0.707106781201,-0.612372435684,-0.353553390585));
#8562 = ADVANCED_FACE('',(#8563),#8597,.T.);
#8563 = FACE_BOUND('',#8564,.T.);
#8564 = EDGE_LOOP('',(#8565,#8575,#8583,#8591));
#8565 = ORIENTED_EDGE('',*,*,#8566,.T.);
#8566 = EDGE_CURVE('',#8567,#8569,#8571,.T.);
#8567 = VERTEX_POINT('',#8568);
#8568 = CARTESIAN_POINT('',(-27.49919667854,-103.7027065413,
    81.912156648751));
#8569 = VERTEX_POINT('',#8570);
#8570 = CARTESIAN_POINT('',(-24.39919668368,-103.7027065413,
    81.912159577501));
#8571 = LINE('',#8572,#8573);
#8572 = CARTESIAN_POINT('',(-13.62106987561,-103.7027065413,
    81.912159577501));
#8573 = VECTOR('',#8574,1.);
#8574 = DIRECTION('',(1.,2.30164E-12,-1.2E-15));
#8575 = ORIENTED_EDGE('',*,*,#8576,.F.);
#8576 = EDGE_CURVE('',#8577,#8569,#8579,.T.);
#8577 = VERTEX_POINT('',#8578);
#8578 = CARTESIAN_POINT('',(-24.39919668368,-104.1027065413,
    82.312159577501));
#8579 = LINE('',#8580,#8581);
#8580 = CARTESIAN_POINT('',(-24.39919668366,-111.0277058091,
    89.23715884529));
#8581 = VECTOR('',#8582,1.);
#8582 = DIRECTION('',(-1.74451E-12,0.707106781187,-0.707106781187));
#8583 = ORIENTED_EDGE('',*,*,#8584,.T.);
#8584 = EDGE_CURVE('',#8577,#8585,#8587,.T.);
#8585 = VERTEX_POINT('',#8586);
#8586 = CARTESIAN_POINT('',(-27.09919667852,-104.1027065413,
    82.312159577501));
#8587 = LINE('',#8588,#8589);
#8588 = CARTESIAN_POINT('',(-13.62106987561,-104.1027065413,
    82.312159577501));
#8589 = VECTOR('',#8590,1.);
#8590 = DIRECTION('',(-1.,-2.30164E-12,1.2E-15));
#8591 = ORIENTED_EDGE('',*,*,#8592,.T.);
#8592 = EDGE_CURVE('',#8585,#8567,#8593,.T.);
#8593 = LINE('',#8594,#8595);
#8594 = CARTESIAN_POINT('',(-25.05284268935,-106.1490605303,
    84.358513566559));
#8595 = VECTOR('',#8596,1.);
#8596 = DIRECTION('',(-0.577350269211,0.577350269178,-0.57735026918));
#8597 = PLANE('',#8598);
#8598 = AXIS2_PLACEMENT_3D('',#8599,#8600,#8601);
#8599 = CARTESIAN_POINT('',(-13.62106987561,-103.9027065413,
    82.112159577501));
#8600 = DIRECTION('',(1.62666E-12,-0.707106781187,-0.707106781187));
#8601 = DIRECTION('',(-1.,-2.316684960691E-18,-2.300442316685E-12));
#8602 = ADVANCED_FACE('',(#8603,#8614),#8617,.F.);
#8603 = FACE_BOUND('',#8604,.T.);
#8604 = EDGE_LOOP('',(#8605));
#8605 = ORIENTED_EDGE('',*,*,#8606,.T.);
#8606 = EDGE_CURVE('',#8607,#8607,#8609,.T.);
#8607 = VERTEX_POINT('',#8608);
#8608 = CARTESIAN_POINT('',(-24.06319495872,-91.85892724545,
    85.412156647298));
#8609 = CIRCLE('',#8610,3.15);
#8610 = AXIS2_PLACEMENT_3D('',#8611,#8612,#8613);
#8611 = CARTESIAN_POINT('',(-20.91319495872,-91.85892724545,
    85.412156647298));
#8612 = DIRECTION('',(-2.41E-15,1.29E-15,1.));
#8613 = DIRECTION('',(1.,-3.3221E-13,2.41E-15));
#8614 = FACE_BOUND('',#8615,.T.);
#8615 = EDGE_LOOP('',(#8616));
#8616 = ORIENTED_EDGE('',*,*,#7050,.F.);
#8617 = PLANE('',#8618);
#8618 = AXIS2_PLACEMENT_3D('',#8619,#8620,#8621);
#8619 = CARTESIAN_POINT('',(-20.91319495872,-91.85892724545,
    85.412156647298));
#8620 = DIRECTION('',(2.41E-15,-1.1E-15,-1.));
#8621 = DIRECTION('',(1.,-3.3221E-13,2.41E-15));
#8622 = ADVANCED_FACE('',(#8623),#8648,.T.);
#8623 = FACE_BOUND('',#8624,.T.);
#8624 = EDGE_LOOP('',(#8625,#8633,#8641,#8647));
#8625 = ORIENTED_EDGE('',*,*,#8626,.T.);
#8626 = EDGE_CURVE('',#7381,#8627,#8629,.T.);
#8627 = VERTEX_POINT('',#8628);
#8628 = CARTESIAN_POINT('',(15.754525499866,-88.09611374545,
    87.512156647298));
#8629 = LINE('',#8630,#8631);
#8630 = CARTESIAN_POINT('',(15.754525499862,-88.09611374545,
    92.090843890538));
#8631 = VECTOR('',#8632,1.);
#8632 = DIRECTION('',(-7.3748E-13,-1.04472E-12,1.));
#8633 = ORIENTED_EDGE('',*,*,#8634,.T.);
#8634 = EDGE_CURVE('',#8627,#8635,#8637,.T.);
#8635 = VERTEX_POINT('',#8636);
#8636 = CARTESIAN_POINT('',(15.754525499851,-87.11111374545,
    87.512156647297));
#8637 = LINE('',#8638,#8639);
#8638 = CARTESIAN_POINT('',(15.754525499865,-88.09611374545,
    87.512156647296));
#8639 = VECTOR('',#8640,1.);
#8640 = DIRECTION('',(-1.443919E-11,1.,1.05189E-12));
#8641 = ORIENTED_EDGE('',*,*,#8642,.F.);
#8642 = EDGE_CURVE('',#7389,#8635,#8643,.T.);
#8643 = LINE('',#8644,#8645);
#8644 = CARTESIAN_POINT('',(15.754525499847,-87.11111374546,
    92.090843890538));
#8645 = VECTOR('',#8646,1.);
#8646 = DIRECTION('',(-7.3748E-13,-1.04472E-12,1.));
#8647 = ORIENTED_EDGE('',*,*,#7388,.F.);
#8648 = PLANE('',#8649);
#8649 = AXIS2_PLACEMENT_3D('',#8650,#8651,#8652);
#8650 = CARTESIAN_POINT('',(15.754525499869,-88.09611374545,
    82.312159577498));
#8651 = DIRECTION('',(-1.,-1.443919E-11,-7.3748E-13));
#8652 = DIRECTION('',(-7.374799999849E-13,-1.04472E-12,1.));
#8653 = ADVANCED_FACE('',(#8654),#8679,.T.);
#8654 = FACE_BOUND('',#8655,.T.);
#8655 = EDGE_LOOP('',(#8656,#8657,#8665,#8673));
#8656 = ORIENTED_EDGE('',*,*,#8642,.T.);
#8657 = ORIENTED_EDGE('',*,*,#8658,.F.);
#8658 = EDGE_CURVE('',#8659,#8635,#8661,.T.);
#8659 = VERTEX_POINT('',#8660);
#8660 = CARTESIAN_POINT('',(17.436769811863,-84.20512029029,
    87.512151807235));
#8661 = LINE('',#8662,#8663);
#8662 = CARTESIAN_POINT('',(6.232980417552,-103.5591097318,
    87.512156647298));
#8663 = VECTOR('',#8664,1.);
#8664 = DIRECTION('',(-0.500997692803,-0.865448618813,9.3E-16));
#8665 = ORIENTED_EDGE('',*,*,#8666,.F.);
#8666 = EDGE_CURVE('',#8667,#8659,#8669,.T.);
#8667 = VERTEX_POINT('',#8668);
#8668 = CARTESIAN_POINT('',(17.436758505922,-84.20511374542,
    82.312159577499));
#8669 = LINE('',#8670,#8671);
#8670 = CARTESIAN_POINT('',(17.436758505944,-84.20511374543,
    91.893237560907));
#8671 = VECTOR('',#8672,1.);
#8672 = DIRECTION('',(2.27717E-12,-1.04522E-12,1.));
#8673 = ORIENTED_EDGE('',*,*,#8674,.F.);
#8674 = EDGE_CURVE('',#7389,#8667,#8675,.T.);
#8675 = LINE('',#8676,#8677);
#8676 = CARTESIAN_POINT('',(8.03182512551,-100.4516948868,82.3121595775)
  );
#8677 = VECTOR('',#8678,1.);
#8678 = DIRECTION('',(0.500997692803,0.865448618813,-6.973E-14));
#8679 = PLANE('',#8680);
#8680 = AXIS2_PLACEMENT_3D('',#8681,#8682,#8683);
#8681 = CARTESIAN_POINT('',(10.226715139566,-96.6601314557,
    87.912146791096));
#8682 = DIRECTION('',(-0.865448618813,0.500997692803,-1.1485E-13));
#8683 = DIRECTION('',(0.500997692803,0.865448618813,-2.3337E-13));
#8684 = ADVANCED_FACE('',(#8685),#8703,.T.);
#8685 = FACE_BOUND('',#8686,.T.);
#8686 = EDGE_LOOP('',(#8687,#8688,#8689,#8697));
#8687 = ORIENTED_EDGE('',*,*,#7396,.T.);
#8688 = ORIENTED_EDGE('',*,*,#8674,.T.);
#8689 = ORIENTED_EDGE('',*,*,#8690,.T.);
#8690 = EDGE_CURVE('',#8667,#8691,#8693,.T.);
#8691 = VERTEX_POINT('',#8692);
#8692 = CARTESIAN_POINT('',(17.898961639632,-84.20511374541,
    81.912156647298));
#8693 = LINE('',#8694,#8695);
#8694 = CARTESIAN_POINT('',(6.407824721667,-84.20511374559,
    91.857148151656));
#8695 = VECTOR('',#8696,1.);
#8696 = DIRECTION('',(0.756144734761,1.16036E-11,-0.654404416316));
#8697 = ORIENTED_EDGE('',*,*,#8698,.T.);
#8698 = EDGE_CURVE('',#8691,#7397,#8699,.T.);
#8699 = LINE('',#8700,#8701);
#8700 = CARTESIAN_POINT('',(8.378004573036,-100.6520939639,81.9121595775
    ));
#8701 = VECTOR('',#8702,1.);
#8702 = DIRECTION('',(-0.500997692803,-0.865448618813,6.956E-14));
#8703 = PLANE('',#8704);
#8704 = AXIS2_PLACEMENT_3D('',#8705,#8706,#8707);
#8705 = CARTESIAN_POINT('',(8.204914849273,-100.5518944253,82.1121595775
    ));
#8706 = DIRECTION('',(-0.611964587131,0.35425886594,-0.707106781187));
#8707 = DIRECTION('',(-0.756144734758,2.22044604925E-16,0.654404416319)
  );
#8708 = ADVANCED_FACE('',(#8709),#8743,.F.);
#8709 = FACE_BOUND('',#8710,.T.);
#8710 = EDGE_LOOP('',(#8711,#8721,#8729,#8737));
#8711 = ORIENTED_EDGE('',*,*,#8712,.T.);
#8712 = EDGE_CURVE('',#8713,#8715,#8717,.T.);
#8713 = VERTEX_POINT('',#8714);
#8714 = CARTESIAN_POINT('',(27.366901524611,-86.20512029029,
    86.912146791093));
#8715 = VERTEX_POINT('',#8716);
#8716 = CARTESIAN_POINT('',(27.366901524611,-86.20512029029,
    82.912146791093));
#8717 = LINE('',#8718,#8719);
#8718 = CARTESIAN_POINT('',(27.366901524611,-86.20512029029,
    87.912146791093));
#8719 = VECTOR('',#8720,1.);
#8720 = DIRECTION('',(-1.676E-14,-2.6302E-13,-1.));
#8721 = ORIENTED_EDGE('',*,*,#8722,.T.);
#8722 = EDGE_CURVE('',#8715,#8723,#8725,.T.);
#8723 = VERTEX_POINT('',#8724);
#8724 = CARTESIAN_POINT('',(27.366901524611,-84.20512029029,
    82.912146791093));
#8725 = LINE('',#8726,#8727);
#8726 = CARTESIAN_POINT('',(27.366901524611,-106.4104455659,
    82.912146791095));
#8727 = VECTOR('',#8728,1.);
#8728 = DIRECTION('',(9.6E-16,1.,-6.756E-14));
#8729 = ORIENTED_EDGE('',*,*,#8730,.F.);
#8730 = EDGE_CURVE('',#8731,#8723,#8733,.T.);
#8731 = VERTEX_POINT('',#8732);
#8732 = CARTESIAN_POINT('',(27.366901524611,-84.20512029029,
    86.912146791093));
#8733 = LINE('',#8734,#8735);
#8734 = CARTESIAN_POINT('',(27.366901524611,-84.20512029029,
    87.912146791093));
#8735 = VECTOR('',#8736,1.);
#8736 = DIRECTION('',(-1.676E-14,-2.6302E-13,-1.));
#8737 = ORIENTED_EDGE('',*,*,#8738,.T.);
#8738 = EDGE_CURVE('',#8731,#8713,#8739,.T.);
#8739 = LINE('',#8740,#8741);
#8740 = CARTESIAN_POINT('',(27.366901524611,-102.7544454423,
    86.912146791094));
#8741 = VECTOR('',#8742,1.);
#8742 = DIRECTION('',(-9.6E-16,-1.,6.756E-14));
#8743 = PLANE('',#8744);
#8744 = AXIS2_PLACEMENT_3D('',#8745,#8746,#8747);
#8745 = CARTESIAN_POINT('',(27.366901524611,-86.14112029029,
    87.912146791093));
#8746 = DIRECTION('',(-1.,9.6E-16,1.676E-14));
#8747 = DIRECTION('',(9.599999999956E-16,1.,-2.6221E-13));
#8748 = ADVANCED_FACE('',(#8749),#8774,.F.);
#8749 = FACE_BOUND('',#8750,.F.);
#8750 = EDGE_LOOP('',(#8751,#8761,#8767,#8768));
#8751 = ORIENTED_EDGE('',*,*,#8752,.T.);
#8752 = EDGE_CURVE('',#8753,#8755,#8757,.T.);
#8753 = VERTEX_POINT('',#8754);
#8754 = CARTESIAN_POINT('',(26.366901524611,-84.20512029029,
    81.912146791093));
#8755 = VERTEX_POINT('',#8756);
#8756 = CARTESIAN_POINT('',(26.366901524611,-86.47306948272,
    81.912146791093));
#8757 = LINE('',#8758,#8759);
#8758 = CARTESIAN_POINT('',(26.366906540752,-119.897581688,
    81.912151807238));
#8759 = VECTOR('',#8760,1.);
#8760 = DIRECTION('',(1.157E-14,-1.,7.989E-14));
#8761 = ORIENTED_EDGE('',*,*,#8762,.T.);
#8762 = EDGE_CURVE('',#8755,#8715,#8763,.T.);
#8763 = LINE('',#8764,#8765);
#8764 = CARTESIAN_POINT('',(25.72819513398,-86.64421034429,
    81.273440400464));
#8765 = VECTOR('',#8766,1.);
#8766 = DIRECTION('',(0.694746590607,0.186156787898,0.694746590606));
#8767 = ORIENTED_EDGE('',*,*,#8722,.T.);
#8768 = ORIENTED_EDGE('',*,*,#8769,.T.);
#8769 = EDGE_CURVE('',#8723,#8753,#8770,.T.);
#8770 = LINE('',#8771,#8772);
#8771 = CARTESIAN_POINT('',(28.366901524609,-84.20512029029,
    83.912146791091));
#8772 = VECTOR('',#8773,1.);
#8773 = DIRECTION('',(-0.707106781187,-1.8517E-13,-0.707106781186));
#8774 = PLANE('',#8775);
#8775 = AXIS2_PLACEMENT_3D('',#8776,#8777,#8778);
#8776 = CARTESIAN_POINT('',(26.866901524611,-106.4104455659,
    82.412146791095));
#8777 = DIRECTION('',(-0.707106781186,4.831E-14,0.707106781187));
#8778 = DIRECTION('',(-9.60328599104E-16,-1.,6.73603285991E-14));
#8779 = ADVANCED_FACE('',(#8780),#8806,.F.);
#8780 = FACE_BOUND('',#8781,.T.);
#8781 = EDGE_LOOP('',(#8782,#8792,#8798,#8799,#8800));
#8782 = ORIENTED_EDGE('',*,*,#8783,.F.);
#8783 = EDGE_CURVE('',#8784,#8786,#8788,.T.);
#8784 = VERTEX_POINT('',#8785);
#8785 = CARTESIAN_POINT('',(27.472997907038,-103.7297088585,
    81.93915916227));
#8786 = VERTEX_POINT('',#8787);
#8787 = CARTESIAN_POINT('',(27.472997907038,-103.7027065412,
    81.912159576049));
#8788 = LINE('',#8789,#8790);
#8789 = CARTESIAN_POINT('',(27.472997907038,-110.1630301367,
    88.372483171491));
#8790 = VECTOR('',#8791,1.);
#8791 = DIRECTION('',(1.08E-15,0.707106781187,-0.707106781187));
#8792 = ORIENTED_EDGE('',*,*,#8793,.F.);
#8793 = EDGE_CURVE('',#6711,#8784,#8794,.T.);
#8794 = LINE('',#8795,#8796);
#8795 = CARTESIAN_POINT('',(27.100000224302,-104.1027065412,
    82.312159576068));
#8796 = VECTOR('',#8797,1.);
#8797 = DIRECTION('',(0.577348860084,0.577348860084,-0.57735308739));
#8798 = ORIENTED_EDGE('',*,*,#6710,.F.);
#8799 = ORIENTED_EDGE('',*,*,#7357,.F.);
#8800 = ORIENTED_EDGE('',*,*,#8801,.F.);
#8801 = EDGE_CURVE('',#8786,#7350,#8802,.T.);
#8802 = LINE('',#8803,#8804);
#8803 = CARTESIAN_POINT('',(13.62187342145,-103.7027065412,
    81.912159576781));
#8804 = VECTOR('',#8805,1.);
#8805 = DIRECTION('',(-1.,1.33E-15,5.285328E-11));
#8806 = PLANE('',#8807);
#8807 = AXIS2_PLACEMENT_3D('',#8808,#8809,#8810);
#8808 = CARTESIAN_POINT('',(13.62187342146,-103.9027065412,
    82.112159576781));
#8809 = DIRECTION('',(3.737385E-11,0.707106781187,0.707106781187));
#8810 = DIRECTION('',(1.,2.30030222595E-12,-5.515490777405E-11));
#8811 = ADVANCED_FACE('',(#8812),#8831,.F.);
#8812 = FACE_BOUND('',#8813,.T.);
#8813 = EDGE_LOOP('',(#8814,#8822,#8829,#8830));
#8814 = ORIENTED_EDGE('',*,*,#8815,.F.);
#8815 = EDGE_CURVE('',#8816,#8784,#8818,.T.);
#8816 = VERTEX_POINT('',#8817);
#8817 = CARTESIAN_POINT('',(27.472997907039,-103.7297088585,
    86.345605690347));
#8818 = LINE('',#8819,#8820);
#8819 = CARTESIAN_POINT('',(27.472997907041,-103.7297088585,
    98.208000188162));
#8820 = VECTOR('',#8821,1.);
#8821 = DIRECTION('',(-1.667E-13,-1.6756E-13,-1.));
#8822 = ORIENTED_EDGE('',*,*,#8823,.T.);
#8823 = EDGE_CURVE('',#8816,#6694,#8824,.T.);
#8824 = ELLIPSE('',#8825,3.535533905933,2.5);
#8825 = AXIS2_PLACEMENT_3D('',#8826,#8827,#8828);
#8826 = CARTESIAN_POINT('',(26.900000229491,-104.302706536,
    83.912156767209));
#8827 = DIRECTION('',(0.707106781187,-0.707106781186,6.1E-16));
#8828 = DIRECTION('',(0.707106781186,0.707106781187,-3.24E-15));
#8829 = ORIENTED_EDGE('',*,*,#6718,.F.);
#8830 = ORIENTED_EDGE('',*,*,#8793,.T.);
#8831 = PLANE('',#8832);
#8832 = AXIS2_PLACEMENT_3D('',#8833,#8834,#8835);
#8833 = CARTESIAN_POINT('',(27.300000224302,-103.9027065412,
    81.912156707253));
#8834 = DIRECTION('',(-0.707106781187,0.707106781186,-6.1E-16));
#8835 = DIRECTION('',(-6.713351365238E-16,1.913351365238E-16,1.));
#8836 = ADVANCED_FACE('',(#8837),#8862,.T.);
#8837 = FACE_BOUND('',#8838,.T.);
#8838 = EDGE_LOOP('',(#8839,#8840,#8848,#8856));
#8839 = ORIENTED_EDGE('',*,*,#6537,.F.);
#8840 = ORIENTED_EDGE('',*,*,#8841,.F.);
#8841 = EDGE_CURVE('',#8842,#6530,#8844,.T.);
#8842 = VERTEX_POINT('',#8843);
#8843 = CARTESIAN_POINT('',(12.442231540639,-110.7085180906,
    88.412156647297));
#8844 = LINE('',#8845,#8846);
#8845 = CARTESIAN_POINT('',(12.442231540639,-110.7085180906,
    88.575281596152));
#8846 = VECTOR('',#8847,1.);
#8847 = DIRECTION('',(-1.07E-15,5.E-16,1.));
#8848 = ORIENTED_EDGE('',*,*,#8849,.F.);
#8849 = EDGE_CURVE('',#8850,#8842,#8852,.T.);
#8850 = VERTEX_POINT('',#8851);
#8851 = CARTESIAN_POINT('',(12.842226099778,-110.308524412,
    88.412156647297));
#8852 = LINE('',#8853,#8854);
#8853 = CARTESIAN_POINT('',(9.572089625058,-113.5786536874,
    88.412156647297));
#8854 = VECTOR('',#8855,1.);
#8855 = DIRECTION('',(-0.707107559553,-0.707106002819,5.9E-16));
#8856 = ORIENTED_EDGE('',*,*,#8857,.T.);
#8857 = EDGE_CURVE('',#8850,#6521,#8858,.T.);
#8858 = LINE('',#8859,#8860);
#8859 = CARTESIAN_POINT('',(12.842226099778,-110.308524412,
    89.238406545006));
#8860 = VECTOR('',#8861,1.);
#8861 = DIRECTION('',(-1.07E-15,5.E-16,1.));
#8862 = PLANE('',#8863);
#8863 = AXIS2_PLACEMENT_3D('',#8864,#8865,#8866);
#8864 = CARTESIAN_POINT('',(12.642226099779,-110.5085239717,
    89.238406545006));
#8865 = DIRECTION('',(0.707106002819,-0.707107559553,1.11E-15));
#8866 = DIRECTION('',(0.707107559553,0.707106002819,-5.9E-16));
#8867 = ADVANCED_FACE('',(#8868),#8893,.T.);
#8868 = FACE_BOUND('',#8869,.T.);
#8869 = EDGE_LOOP('',(#8870,#8880,#8886,#8887));
#8870 = ORIENTED_EDGE('',*,*,#8871,.T.);
#8871 = EDGE_CURVE('',#8872,#8874,#8876,.T.);
#8872 = VERTEX_POINT('',#8873);
#8873 = CARTESIAN_POINT('',(12.842226099778,-108.652351693,
    88.412156647297));
#8874 = VERTEX_POINT('',#8875);
#8875 = CARTESIAN_POINT('',(12.842226386794,-104.1524371914,
    92.912071148906));
#8876 = LINE('',#8877,#8878);
#8877 = CARTESIAN_POINT('',(12.842226386794,-104.6621343634,
    92.402373976873));
#8878 = VECTOR('',#8879,1.);
#8879 = DIRECTION('',(1.41E-15,0.707106781187,0.707106781187));
#8880 = ORIENTED_EDGE('',*,*,#8881,.F.);
#8881 = EDGE_CURVE('',#6521,#8874,#8882,.T.);
#8882 = LINE('',#8883,#8884);
#8883 = CARTESIAN_POINT('',(12.842226386794,-101.7151789909,
    92.912071148906));
#8884 = VECTOR('',#8885,1.);
#8885 = DIRECTION('',(1.67E-15,1.,-2.6E-16));
#8886 = ORIENTED_EDGE('',*,*,#8857,.F.);
#8887 = ORIENTED_EDGE('',*,*,#8888,.F.);
#8888 = EDGE_CURVE('',#8872,#8850,#8889,.T.);
#8889 = LINE('',#8890,#8891);
#8890 = CARTESIAN_POINT('',(12.842226099778,-108.343998174,
    88.412156647297));
#8891 = VECTOR('',#8892,1.);
#8892 = DIRECTION('',(-2.35E-15,-1.,5.E-16));
#8893 = PLANE('',#8894);
#8894 = AXIS2_PLACEMENT_3D('',#8895,#8896,#8897);
#8895 = CARTESIAN_POINT('',(12.842226386794,-100.6565203933,
    90.412156647297));
#8896 = DIRECTION('',(1.,-1.67E-15,-3.3E-16));
#8897 = DIRECTION('',(-3.3E-16,-5.E-16,-1.));
#8898 = ADVANCED_FACE('',(#8899),#8942,.T.);
#8899 = FACE_BOUND('',#8900,.T.);
#8900 = EDGE_LOOP('',(#8901,#8911,#8920,#8928,#8934,#8935));
#8901 = ORIENTED_EDGE('',*,*,#8902,.T.);
#8902 = EDGE_CURVE('',#8903,#8905,#8907,.T.);
#8903 = VERTEX_POINT('',#8904);
#8904 = CARTESIAN_POINT('',(12.887136239216,-108.8594584742,
    88.205049866111));
#8905 = VERTEX_POINT('',#8906);
#8906 = CARTESIAN_POINT('',(21.635850789221,-108.8594584742,
    88.205049866111));
#8907 = LINE('',#8908,#8909);
#8908 = CARTESIAN_POINT('',(8.921378628219,-108.8594584742,
    88.205049866111));
#8909 = VECTOR('',#8910,1.);
#8910 = DIRECTION('',(1.,-1.67E-15,-3.3E-16));
#8911 = ORIENTED_EDGE('',*,*,#8912,.F.);
#8912 = EDGE_CURVE('',#8913,#8905,#8915,.T.);
#8913 = VERTEX_POINT('',#8914);
#8914 = CARTESIAN_POINT('',(21.342957570407,-108.152351693,
    88.912156647297));
#8915 = ELLIPSE('',#8916,1.414213562373,1.);
#8916 = AXIS2_PLACEMENT_3D('',#8917,#8918,#8919);
#8917 = CARTESIAN_POINT('',(22.342957570407,-108.152351693,
    88.912156647297));
#8918 = DIRECTION('',(-9.4E-16,-0.707106781187,0.707106781187));
#8919 = DIRECTION('',(-1.42E-15,-0.707106781187,-0.707106781187));
#8920 = ORIENTED_EDGE('',*,*,#8921,.F.);
#8921 = EDGE_CURVE('',#8922,#8913,#8924,.T.);
#8922 = VERTEX_POINT('',#8923);
#8923 = CARTESIAN_POINT('',(21.342957570407,-104.1524371914,
    92.912071148906));
#8924 = LINE('',#8925,#8926);
#8925 = CARTESIAN_POINT('',(21.342957570407,-107.6841586863,
    89.380349653984));
#8926 = VECTOR('',#8927,1.);
#8927 = DIRECTION('',(-3.38E-15,-0.707106781187,-0.707106781187));
#8928 = ORIENTED_EDGE('',*,*,#8929,.T.);
#8929 = EDGE_CURVE('',#8922,#8874,#8930,.T.);
#8930 = LINE('',#8931,#8932);
#8931 = CARTESIAN_POINT('',(11.687433212195,-104.1524371914,
    92.912071148906));
#8932 = VECTOR('',#8933,1.);
#8933 = DIRECTION('',(-1.,1.78E-15,4.5E-16));
#8934 = ORIENTED_EDGE('',*,*,#8871,.F.);
#8935 = ORIENTED_EDGE('',*,*,#8936,.T.);
#8936 = EDGE_CURVE('',#8872,#8903,#8937,.T.);
#8937 = ELLIPSE('',#8938,0.707106781187,0.5);
#8938 = AXIS2_PLACEMENT_3D('',#8939,#8940,#8941);
#8939 = CARTESIAN_POINT('',(13.342226099778,-108.652351693,
    88.412156647297));
#8940 = DIRECTION('',(-9.4E-16,-0.707106781187,0.707106781187));
#8941 = DIRECTION('',(-2.4E-15,-0.707106781187,-0.707106781187));
#8942 = PLANE('',#8943);
#8943 = AXIS2_PLACEMENT_3D('',#8944,#8945,#8946);
#8944 = CARTESIAN_POINT('',(17.842757406572,-105.6698326837,
    91.394675656598));
#8945 = DIRECTION('',(-9.4E-16,-0.707106781187,0.707106781187));
#8946 = DIRECTION('',(1.,-1.664680374315E-15,-3.353196256846E-16));
#8947 = ADVANCED_FACE('',(#8948),#8992,.T.);
#8948 = FACE_BOUND('',#8949,.T.);
#8949 = EDGE_LOOP('',(#8950,#8960,#8966,#8967,#8968,#8969,#8970,#8978,
    #8986));
#8950 = ORIENTED_EDGE('',*,*,#8951,.T.);
#8951 = EDGE_CURVE('',#8952,#8954,#8956,.T.);
#8952 = VERTEX_POINT('',#8953);
#8953 = CARTESIAN_POINT('',(12.842226386794,-103.8322346161,
    92.912071148906));
#8954 = VERTEX_POINT('',#8955);
#8955 = CARTESIAN_POINT('',(5.593126117497,-103.8322346161,
    92.912071148906));
#8956 = LINE('',#8957,#8958);
#8957 = CARTESIAN_POINT('',(5.532109120404,-103.8322346161,
    92.912071148906));
#8958 = VECTOR('',#8959,1.);
#8959 = DIRECTION('',(-1.,1.75E-15,4.5E-16));
#8960 = ORIENTED_EDGE('',*,*,#8961,.F.);
#8961 = EDGE_CURVE('',#6484,#8954,#8962,.T.);
#8962 = LINE('',#8963,#8964);
#8963 = CARTESIAN_POINT('',(5.593126117497,-104.949344817,
    92.912071148906));
#8964 = VECTOR('',#8965,1.);
#8965 = DIRECTION('',(2.8E-15,1.,-2.6E-16));
#8966 = ORIENTED_EDGE('',*,*,#6481,.F.);
#8967 = ORIENTED_EDGE('',*,*,#6520,.F.);
#8968 = ORIENTED_EDGE('',*,*,#8881,.T.);
#8969 = ORIENTED_EDGE('',*,*,#8929,.F.);
#8970 = ORIENTED_EDGE('',*,*,#8971,.T.);
#8971 = EDGE_CURVE('',#8922,#8972,#8974,.T.);
#8972 = VERTEX_POINT('',#8973);
#8973 = CARTESIAN_POINT('',(21.342957570407,-103.8327960263,
    92.912071148906));
#8974 = LINE('',#8975,#8976);
#8975 = CARTESIAN_POINT('',(21.342957570407,-110.4033083394,
    92.912071148906));
#8976 = VECTOR('',#8977,1.);
#8977 = DIRECTION('',(1.72E-15,1.,-2.6E-16));
#8978 = ORIENTED_EDGE('',*,*,#8979,.T.);
#8979 = EDGE_CURVE('',#8972,#8980,#8982,.T.);
#8980 = VERTEX_POINT('',#8981);
#8981 = CARTESIAN_POINT('',(12.842226386794,-103.8327960263,
    92.912071148906));
#8982 = LINE('',#8983,#8984);
#8983 = CARTESIAN_POINT('',(11.687433212195,-103.8327960263,
    92.912071148906));
#8984 = VECTOR('',#8985,1.);
#8985 = DIRECTION('',(-1.,1.46E-15,4.5E-16));
#8986 = ORIENTED_EDGE('',*,*,#8987,.F.);
#8987 = EDGE_CURVE('',#8952,#8980,#8988,.T.);
#8988 = LINE('',#8989,#8990);
#8989 = CARTESIAN_POINT('',(12.842226386794,-101.7151789909,
    92.912071148906));
#8990 = VECTOR('',#8991,1.);
#8991 = DIRECTION('',(-1.67E-15,-1.,2.6E-16));
#8992 = PLANE('',#8993);
#8993 = AXIS2_PLACEMENT_3D('',#8994,#8995,#8996);
#8994 = CARTESIAN_POINT('',(5.532109017818,-102.7738375884,
    92.912071148906));
#8995 = DIRECTION('',(4.5E-16,2.6E-16,1.));
#8996 = DIRECTION('',(-1.56E-15,-1.,2.6E-16));
#8997 = ADVANCED_FACE('',(#8998),#9016,.T.);
#8998 = FACE_BOUND('',#8999,.T.);
#8999 = EDGE_LOOP('',(#9000,#9008,#9009,#9010));
#9000 = ORIENTED_EDGE('',*,*,#9001,.F.);
#9001 = EDGE_CURVE('',#8972,#9002,#9004,.T.);
#9002 = VERTEX_POINT('',#9003);
#9003 = CARTESIAN_POINT('',(21.342957570408,-96.90474088361,
    88.912156647297));
#9004 = LINE('',#9005,#9006);
#9005 = CARTESIAN_POINT('',(21.342957570408,-107.8400084787,
    95.225636337009));
#9006 = VECTOR('',#9007,1.);
#9007 = DIRECTION('',(-4.E-17,0.866025403784,-0.5));
#9008 = ORIENTED_EDGE('',*,*,#8971,.F.);
#9009 = ORIENTED_EDGE('',*,*,#8921,.T.);
#9010 = ORIENTED_EDGE('',*,*,#9011,.F.);
#9011 = EDGE_CURVE('',#9002,#8913,#9012,.T.);
#9012 = LINE('',#9013,#9014);
#9013 = CARTESIAN_POINT('',(21.342957570407,-114.0897974393,
    88.912156647297));
#9014 = VECTOR('',#9015,1.);
#9015 = DIRECTION('',(-1.72E-15,-1.,5.E-16));
#9016 = PLANE('',#9017);
#9017 = AXIS2_PLACEMENT_3D('',#9018,#9019,#9020);
#9018 = CARTESIAN_POINT('',(21.342957570407,-118.0327790904,
    95.700318052822));
#9019 = DIRECTION('',(1.,-1.72E-15,-3.05E-15));
#9020 = DIRECTION('',(1.72E-15,1.,-1.E-15));
#9021 = ADVANCED_FACE('',(#9022),#9048,.F.);
#9022 = FACE_BOUND('',#9023,.T.);
#9023 = EDGE_LOOP('',(#9024,#9034,#9042));
#9024 = ORIENTED_EDGE('',*,*,#9025,.F.);
#9025 = EDGE_CURVE('',#9026,#9028,#9030,.T.);
#9026 = VERTEX_POINT('',#9027);
#9027 = CARTESIAN_POINT('',(12.842226386794,-102.7738387024,
    88.412165772622));
#9028 = VERTEX_POINT('',#9029);
#9029 = CARTESIAN_POINT('',(12.842226386794,-96.03873128535,
    88.412165772622));
#9030 = LINE('',#9031,#9032);
#9031 = CARTESIAN_POINT('',(12.842226386794,-121.4285079824,
    88.412165772622));
#9032 = VECTOR('',#9033,1.);
#9033 = DIRECTION('',(1.67E-15,1.,5.9E-15));
#9034 = ORIENTED_EDGE('',*,*,#9035,.T.);
#9035 = EDGE_CURVE('',#9026,#9036,#9038,.T.);
#9036 = VERTEX_POINT('',#9037);
#9037 = CARTESIAN_POINT('',(12.842226386794,-102.7738378009,
    92.300681332406));
#9038 = LINE('',#9039,#9040);
#9039 = CARTESIAN_POINT('',(12.842226386794,-102.7738385285,
    89.162156688144));
#9040 = VECTOR('',#9041,1.);
#9041 = DIRECTION('',(3.3E-16,2.3183045911E-07,1.));
#9042 = ORIENTED_EDGE('',*,*,#9043,.T.);
#9043 = EDGE_CURVE('',#9036,#9028,#9044,.T.);
#9044 = LINE('',#9045,#9046);
#9045 = CARTESIAN_POINT('',(12.842226386794,-100.1789909382,
    90.802545797718));
#9046 = VECTOR('',#9047,1.);
#9047 = DIRECTION('',(1.28E-15,0.866025403784,-0.5));
#9048 = PLANE('',#9049);
#9049 = AXIS2_PLACEMENT_3D('',#9050,#9051,#9052);
#9050 = CARTESIAN_POINT('',(12.842226386794,-100.6565203933,
    90.412156647297));
#9051 = DIRECTION('',(1.,-1.67E-15,-3.3E-16));
#9052 = DIRECTION('',(-3.3E-16,-5.E-16,-1.));
#9053 = ADVANCED_FACE('',(#9054),#9077,.T.);
#9054 = FACE_BOUND('',#9055,.T.);
#9055 = EDGE_LOOP('',(#9056,#9062,#9070,#9076));
#9056 = ORIENTED_EDGE('',*,*,#9057,.T.);
#9057 = EDGE_CURVE('',#8980,#9036,#9058,.T.);
#9058 = LINE('',#9059,#9060);
#9059 = CARTESIAN_POINT('',(12.842226386794,-100.1789909382,
    90.802545797718));
#9060 = VECTOR('',#9061,1.);
#9061 = DIRECTION('',(1.28E-15,0.866025403784,-0.5));
#9062 = ORIENTED_EDGE('',*,*,#9063,.T.);
#9063 = EDGE_CURVE('',#9036,#9064,#9066,.T.);
#9064 = VERTEX_POINT('',#9065);
#9065 = CARTESIAN_POINT('',(12.842226386794,-102.7738378004,
    92.302691082753));
#9066 = LINE('',#9067,#9068);
#9067 = CARTESIAN_POINT('',(12.842226386794,-102.7738385285,
    89.162156688144));
#9068 = VECTOR('',#9069,1.);
#9069 = DIRECTION('',(3.3E-16,2.3183045911E-07,1.));
#9070 = ORIENTED_EDGE('',*,*,#9071,.F.);
#9071 = EDGE_CURVE('',#8952,#9064,#9072,.T.);
#9072 = LINE('',#9073,#9074);
#9073 = CARTESIAN_POINT('',(12.842226386794,-102.1819226706,
    91.961891417051));
#9074 = VECTOR('',#9075,1.);
#9075 = DIRECTION('',(1.28E-15,0.866622428075,-0.498964494886));
#9076 = ORIENTED_EDGE('',*,*,#8987,.T.);
#9077 = PLANE('',#9078);
#9078 = AXIS2_PLACEMENT_3D('',#9079,#9080,#9081);
#9079 = CARTESIAN_POINT('',(12.842226386794,-100.6565203933,
    90.412156647297));
#9080 = DIRECTION('',(1.,-1.67E-15,-3.3E-16));
#9081 = DIRECTION('',(-3.3E-16,-5.E-16,-1.));
#9082 = ADVANCED_FACE('',(#9083),#9101,.T.);
#9083 = FACE_BOUND('',#9084,.T.);
#9084 = EDGE_LOOP('',(#9085,#9086,#9094,#9100));
#9085 = ORIENTED_EDGE('',*,*,#9071,.T.);
#9086 = ORIENTED_EDGE('',*,*,#9087,.T.);
#9087 = EDGE_CURVE('',#9064,#9088,#9090,.T.);
#9088 = VERTEX_POINT('',#9089);
#9089 = CARTESIAN_POINT('',(5.715002346927,-102.7738378004,
    92.302691082753));
#9090 = LINE('',#9091,#9092);
#9091 = CARTESIAN_POINT('',(5.532109325575,-102.7738378004,
    92.302691082753));
#9092 = VECTOR('',#9093,1.);
#9093 = DIRECTION('',(-1.,1.75E-15,4.5E-16));
#9094 = ORIENTED_EDGE('',*,*,#9095,.F.);
#9095 = EDGE_CURVE('',#8954,#9088,#9096,.T.);
#9096 = LINE('',#9097,#9098);
#9097 = CARTESIAN_POINT('',(5.370505918899,-105.7655150301,
    94.025172141898));
#9098 = VECTOR('',#9099,1.);
#9099 = DIRECTION('',(9.929967985875E-02,0.862339209986,-0.496498399294)
  );
#9100 = ORIENTED_EDGE('',*,*,#8951,.F.);
#9101 = PLANE('',#9102);
#9102 = AXIS2_PLACEMENT_3D('',#9103,#9104,#9105);
#9103 = CARTESIAN_POINT('',(5.53210922299,-103.9976790397,
    93.007327041873));
#9104 = DIRECTION('',(1.26E-15,0.498964494886,0.866622428075));
#9105 = DIRECTION('',(1.,2.628916682404E-18,-1.455433987424E-15));
#9106 = ADVANCED_FACE('',(#9107),#9119,.T.);
#9107 = FACE_BOUND('',#9108,.T.);
#9108 = EDGE_LOOP('',(#9109,#9110,#9116,#9117,#9118));
#9109 = ORIENTED_EDGE('',*,*,#9095,.T.);
#9110 = ORIENTED_EDGE('',*,*,#9111,.F.);
#9111 = EDGE_CURVE('',#6444,#9088,#9112,.T.);
#9112 = LINE('',#9113,#9114);
#9113 = CARTESIAN_POINT('',(5.792205171665,-102.7738375884,
    91.916675878067));
#9114 = VECTOR('',#9115,1.);
#9115 = DIRECTION('',(0.196116135138,-8.8E-16,-0.980580675691));
#9116 = ORIENTED_EDGE('',*,*,#6443,.F.);
#9117 = ORIENTED_EDGE('',*,*,#6491,.F.);
#9118 = ORIENTED_EDGE('',*,*,#8961,.T.);
#9119 = PLANE('',#9120);
#9120 = AXIS2_PLACEMENT_3D('',#9121,#9122,#9123);
#9121 = CARTESIAN_POINT('',(5.032109017819,-107.1248520457,
    95.717156647298));
#9122 = DIRECTION('',(0.980580675691,-2.7E-15,0.196116135138));
#9123 = DIRECTION('',(2.687567824365E-15,1.,3.295135648731E-16));
#9124 = ADVANCED_FACE('',(#9125),#9150,.T.);
#9125 = FACE_BOUND('',#9126,.T.);
#9126 = EDGE_LOOP('',(#9127,#9128,#9136,#9144));
#9127 = ORIENTED_EDGE('',*,*,#6451,.T.);
#9128 = ORIENTED_EDGE('',*,*,#9129,.F.);
#9129 = EDGE_CURVE('',#9130,#6444,#9132,.T.);
#9130 = VERTEX_POINT('',#9131);
#9131 = CARTESIAN_POINT('',(4.463588738318,-102.3738375884,
    96.520150239367));
#9132 = LINE('',#9133,#9134);
#9133 = CARTESIAN_POINT('',(4.463588738318,-102.3738375884,
    96.520150239367));
#9134 = VECTOR('',#9135,1.);
#9135 = DIRECTION('',(0.624162116693,-0.685540590744,0.374774266096));
#9136 = ORIENTED_EDGE('',*,*,#9137,.T.);
#9137 = EDGE_CURVE('',#9130,#9138,#9140,.T.);
#9138 = VERTEX_POINT('',#9139);
#9139 = CARTESIAN_POINT('',(2.890597048072,-102.3738375884,
    97.809694965974));
#9140 = LINE('',#9141,#9142);
#9141 = CARTESIAN_POINT('',(6.500067445728,-102.3738375884,
    94.850637047228));
#9142 = VECTOR('',#9143,1.);
#9143 = DIRECTION('',(-0.773342141338,1.86E-15,0.633988905606));
#9144 = ORIENTED_EDGE('',*,*,#9145,.T.);
#9145 = EDGE_CURVE('',#9138,#6452,#9146,.T.);
#9146 = LINE('',#9147,#9148);
#9147 = CARTESIAN_POINT('',(2.890597048072,-102.3738375884,
    97.809694965974));
#9148 = VECTOR('',#9149,1.);
#9149 = DIRECTION('',(0.245088141054,-0.685540590744,0.685540590744));
#9150 = PLANE('',#9151);
#9151 = AXIS2_PLACEMENT_3D('',#9152,#9153,#9154);
#9152 = CARTESIAN_POINT('',(6.626865226849,-102.5738375884,
    95.005305475496));
#9153 = DIRECTION('',(0.448297854351,0.707106781187,0.546835472317));
#9154 = DIRECTION('',(0.773342141338,2.22044604925E-16,-0.633988905606)
  );
#9155 = ADVANCED_FACE('',(#9156),#9174,.T.);
#9156 = FACE_BOUND('',#9157,.T.);
#9157 = EDGE_LOOP('',(#9158,#9159,#9160,#9168));
#9158 = ORIENTED_EDGE('',*,*,#6676,.T.);
#9159 = ORIENTED_EDGE('',*,*,#9145,.F.);
#9160 = ORIENTED_EDGE('',*,*,#9161,.F.);
#9161 = EDGE_CURVE('',#9162,#9138,#9164,.T.);
#9162 = VERTEX_POINT('',#9163);
#9163 = CARTESIAN_POINT('',(-2.889793501482,-102.3738375884,
    97.809694966126));
#9164 = LINE('',#9165,#9166);
#9165 = CARTESIAN_POINT('',(-2.765250914282,-102.3738375884,
    97.80969496612));
#9166 = VECTOR('',#9167,1.);
#9167 = DIRECTION('',(1.,2.3023E-12,-5.285554E-11));
#9168 = ORIENTED_EDGE('',*,*,#9169,.T.);
#9169 = EDGE_CURVE('',#9162,#6640,#9170,.T.);
#9170 = LINE('',#9171,#9172);
#9171 = CARTESIAN_POINT('',(-2.889793501482,-102.3738375884,
    97.809694966126));
#9172 = VECTOR('',#9173,1.);
#9173 = DIRECTION('',(-0.245088141017,-0.685540590744,0.685540590757));
#9174 = PLANE('',#9175);
#9175 = AXIS2_PLACEMENT_3D('',#9176,#9177,#9178);
#9176 = CARTESIAN_POINT('',(2.766054460873,-102.5738375884,
    98.009694965974));
#9177 = DIRECTION('',(6.6E-16,0.707106781187,0.707106781187));
#9178 = DIRECTION('',(1.,-1.690475583101E-18,-9.316904755831E-16));
#9179 = ADVANCED_FACE('',(#9180),#9198,.F.);
#9180 = FACE_BOUND('',#9181,.T.);
#9181 = EDGE_LOOP('',(#9182,#9183,#9184,#9192));
#9182 = ORIENTED_EDGE('',*,*,#6647,.F.);
#9183 = ORIENTED_EDGE('',*,*,#9169,.F.);
#9184 = ORIENTED_EDGE('',*,*,#9185,.F.);
#9185 = EDGE_CURVE('',#9186,#9162,#9188,.T.);
#9186 = VERTEX_POINT('',#9187);
#9187 = CARTESIAN_POINT('',(-4.462785191795,-102.3738375884,
    96.520150239603));
#9188 = LINE('',#9189,#9190);
#9189 = CARTESIAN_POINT('',(-6.499263899294,-102.3738375884,
    94.850637047572));
#9190 = VECTOR('',#9191,1.);
#9191 = DIRECTION('',(0.773342141371,1.78078E-12,0.633988905565));
#9192 = ORIENTED_EDGE('',*,*,#9193,.T.);
#9193 = EDGE_CURVE('',#9186,#6648,#9194,.T.);
#9194 = LINE('',#9195,#9196);
#9195 = CARTESIAN_POINT('',(-4.462785191795,-102.3738375884,
    96.520150239603));
#9196 = VECTOR('',#9197,1.);
#9197 = DIRECTION('',(-0.624162116672,-0.685540590745,0.374774266129));
#9198 = PLANE('',#9199);
#9199 = AXIS2_PLACEMENT_3D('',#9200,#9201,#9202);
#9200 = CARTESIAN_POINT('',(-6.626061680407,-102.5738375884,
    95.005305475846));
#9201 = DIRECTION('',(0.448297854323,-0.707106781186,-0.546835472341));
#9202 = DIRECTION('',(-0.773342141371,-1.779104641386E-12,
    -0.633988905565));
#9203 = ADVANCED_FACE('',(#9204),#9230,.F.);
#9204 = FACE_BOUND('',#9205,.T.);
#9205 = EDGE_LOOP('',(#9206,#9214,#9222,#9228,#9229));
#9206 = ORIENTED_EDGE('',*,*,#9207,.T.);
#9207 = EDGE_CURVE('',#6648,#9208,#9210,.T.);
#9208 = VERTEX_POINT('',#9209);
#9209 = CARTESIAN_POINT('',(-5.714198800627,-102.7738378004,
    92.302691083055));
#9210 = LINE('',#9211,#9212);
#9211 = CARTESIAN_POINT('',(-5.791401625385,-102.7738375884,
    91.916675878373));
#9212 = VECTOR('',#9213,1.);
#9213 = DIRECTION('',(-0.19611613519,-4.5201E-13,-0.980580675681));
#9214 = ORIENTED_EDGE('',*,*,#9215,.F.);
#9215 = EDGE_CURVE('',#9216,#9208,#9218,.T.);
#9216 = VERTEX_POINT('',#9217);
#9217 = CARTESIAN_POINT('',(-5.592322571162,-103.8322346162,
    92.912071149201));
#9218 = LINE('',#9219,#9220);
#9219 = CARTESIAN_POINT('',(-5.369702372501,-105.7655150301,
    94.025172142182));
#9220 = VECTOR('',#9221,1.);
#9221 = DIRECTION('',(-9.929967988697E-02,0.862339209985,-0.496498399288
    ));
#9222 = ORIENTED_EDGE('',*,*,#9223,.F.);
#9223 = EDGE_CURVE('',#6592,#9216,#9224,.T.);
#9224 = LINE('',#9225,#9226);
#9225 = CARTESIAN_POINT('',(-5.59232257116,-104.9493448171,
    92.912071149201));
#9226 = VECTOR('',#9227,1.);
#9227 = DIRECTION('',(-2.30311E-12,1.,-2.6E-16));
#9228 = ORIENTED_EDGE('',*,*,#6616,.T.);
#9229 = ORIENTED_EDGE('',*,*,#6655,.T.);
#9230 = PLANE('',#9231);
#9231 = AXIS2_PLACEMENT_3D('',#9232,#9233,#9234);
#9232 = CARTESIAN_POINT('',(-5.031305471328,-107.1248520457,
    95.717156647563));
#9233 = DIRECTION('',(0.980580675681,2.25833E-12,-0.19611613519));
#9234 = DIRECTION('',(-2.30298783428E-12,1.,3.295668559087E-16));
#9235 = ADVANCED_FACE('',(#9236),#9261,.F.);
#9236 = FACE_BOUND('',#9237,.T.);
#9237 = EDGE_LOOP('',(#9238,#9239,#9247,#9255));
#9238 = ORIENTED_EDGE('',*,*,#9215,.T.);
#9239 = ORIENTED_EDGE('',*,*,#9240,.F.);
#9240 = EDGE_CURVE('',#9241,#9208,#9243,.T.);
#9241 = VERTEX_POINT('',#9242);
#9242 = CARTESIAN_POINT('',(-12.84142284049,-102.7738378004,
    92.302691083432));
#9243 = LINE('',#9244,#9245);
#9244 = CARTESIAN_POINT('',(-5.531305779275,-102.7738378004,
    92.302691083045));
#9245 = VECTOR('',#9246,1.);
#9246 = DIRECTION('',(1.,2.30205E-12,-5.285402E-11));
#9247 = ORIENTED_EDGE('',*,*,#9248,.F.);
#9248 = EDGE_CURVE('',#9249,#9241,#9251,.T.);
#9249 = VERTEX_POINT('',#9250);
#9250 = CARTESIAN_POINT('',(-12.84142284045,-103.8322346162,
    92.912071149585));
#9251 = LINE('',#9252,#9253);
#9252 = CARTESIAN_POINT('',(-12.84142284051,-102.1819226706,
    91.961891417729));
#9253 = VECTOR('',#9254,1.);
#9254 = DIRECTION('',(-2.836728E-11,0.866622428075,-0.498964494886));
#9255 = ORIENTED_EDGE('',*,*,#9256,.T.);
#9256 = EDGE_CURVE('',#9249,#9216,#9257,.T.);
#9257 = LINE('',#9258,#9259);
#9258 = CARTESIAN_POINT('',(-5.531305574069,-103.8322346162,
    92.912071149198));
#9259 = VECTOR('',#9260,1.);
#9260 = DIRECTION('',(1.,2.30205E-12,-5.285402E-11));
#9261 = PLANE('',#9262);
#9262 = AXIS2_PLACEMENT_3D('',#9263,#9264,#9265);
#9263 = CARTESIAN_POINT('',(-5.531305676649,-103.9976790398,
    93.007327042166));
#9264 = DIRECTION('',(-4.465584E-11,-0.498964494886,-0.866622428075));
#9265 = DIRECTION('',(-1.,-2.3003022433E-12,5.285301610374E-11));
#9266 = ADVANCED_FACE('',(#9267),#9292,.F.);
#9267 = FACE_BOUND('',#9268,.T.);
#9268 = EDGE_LOOP('',(#9269,#9270,#9278,#9286));
#9269 = ORIENTED_EDGE('',*,*,#9248,.T.);
#9270 = ORIENTED_EDGE('',*,*,#9271,.F.);
#9271 = EDGE_CURVE('',#9272,#9241,#9274,.T.);
#9272 = VERTEX_POINT('',#9273);
#9273 = CARTESIAN_POINT('',(-12.84142284049,-102.7738378009,
    92.300681333084));
#9274 = LINE('',#9275,#9276);
#9275 = CARTESIAN_POINT('',(-12.84142284066,-102.7738385285,
    89.162156688822));
#9276 = VECTOR('',#9277,1.);
#9277 = DIRECTION('',(5.285414E-11,2.3183045911E-07,1.));
#9278 = ORIENTED_EDGE('',*,*,#9279,.F.);
#9279 = EDGE_CURVE('',#9280,#9272,#9282,.T.);
#9280 = VERTEX_POINT('',#9281);
#9281 = CARTESIAN_POINT('',(-12.84142284045,-103.8327960263,
    92.912071149584));
#9282 = LINE('',#9283,#9284);
#9283 = CARTESIAN_POINT('',(-12.84142284057,-100.1789909382,
    90.802545798397));
#9284 = VECTOR('',#9285,1.);
#9285 = DIRECTION('',(-2.842063E-11,0.866025403784,-0.5));
#9286 = ORIENTED_EDGE('',*,*,#9287,.F.);
#9287 = EDGE_CURVE('',#9249,#9280,#9288,.T.);
#9288 = LINE('',#9289,#9290);
#9289 = CARTESIAN_POINT('',(-12.84142284046,-101.7151789909,
    92.912071149584));
#9290 = VECTOR('',#9291,1.);
#9291 = DIRECTION('',(2.30197E-12,-1.,2.6E-16));
#9292 = PLANE('',#9293);
#9293 = AXIS2_PLACEMENT_3D('',#9294,#9295,#9296);
#9294 = CARTESIAN_POINT('',(-12.84142284059,-100.6565203933,
    90.412156647976));
#9295 = DIRECTION('',(1.,2.30197E-12,-5.285414E-11));
#9296 = DIRECTION('',(-5.285414E-11,-5.E-16,-1.));
#9297 = ADVANCED_FACE('',(#9298),#9335,.F.);
#9298 = FACE_BOUND('',#9299,.T.);
#9299 = EDGE_LOOP('',(#9300,#9301,#9302,#9310,#9318,#9326,#9332,#9333,
    #9334));
#9300 = ORIENTED_EDGE('',*,*,#9256,.F.);
#9301 = ORIENTED_EDGE('',*,*,#9287,.T.);
#9302 = ORIENTED_EDGE('',*,*,#9303,.F.);
#9303 = EDGE_CURVE('',#9304,#9280,#9306,.T.);
#9304 = VERTEX_POINT('',#9305);
#9305 = CARTESIAN_POINT('',(-21.34215402407,-103.8327960263,
    92.912071150034));
#9306 = LINE('',#9307,#9308);
#9307 = CARTESIAN_POINT('',(-11.68662966586,-103.8327960263,
    92.912071149523));
#9308 = VECTOR('',#9309,1.);
#9309 = DIRECTION('',(1.,2.30176E-12,-5.285402E-11));
#9310 = ORIENTED_EDGE('',*,*,#9311,.F.);
#9311 = EDGE_CURVE('',#9312,#9304,#9314,.T.);
#9312 = VERTEX_POINT('',#9313);
#9313 = CARTESIAN_POINT('',(-21.34215402407,-104.1524371914,
    92.912071150034));
#9314 = LINE('',#9315,#9316);
#9315 = CARTESIAN_POINT('',(-21.34215402405,-110.4033083394,
    92.912071150034));
#9316 = VECTOR('',#9317,1.);
#9317 = DIRECTION('',(-2.30202E-12,1.,-2.6E-16));
#9318 = ORIENTED_EDGE('',*,*,#9319,.T.);
#9319 = EDGE_CURVE('',#9312,#9320,#9322,.T.);
#9320 = VERTEX_POINT('',#9321);
#9321 = CARTESIAN_POINT('',(-12.84142284045,-104.1524371914,
    92.912071149584));
#9322 = LINE('',#9323,#9324);
#9323 = CARTESIAN_POINT('',(-11.68662966586,-104.1524371914,
    92.912071149523));
#9324 = VECTOR('',#9325,1.);
#9325 = DIRECTION('',(1.,2.30209E-12,-5.285402E-11));
#9326 = ORIENTED_EDGE('',*,*,#9327,.F.);
#9327 = EDGE_CURVE('',#6552,#9320,#9328,.T.);
#9328 = LINE('',#9329,#9330);
#9329 = CARTESIAN_POINT('',(-12.84142284046,-101.7151789909,
    92.912071149584));
#9330 = VECTOR('',#9331,1.);
#9331 = DIRECTION('',(-2.30197E-12,1.,-2.6E-16));
#9332 = ORIENTED_EDGE('',*,*,#6551,.T.);
#9333 = ORIENTED_EDGE('',*,*,#6591,.T.);
#9334 = ORIENTED_EDGE('',*,*,#9223,.T.);
#9335 = PLANE('',#9336);
#9336 = AXIS2_PLACEMENT_3D('',#9337,#9338,#9339);
#9337 = CARTESIAN_POINT('',(-5.531305471486,-102.7738375884,
    92.912071149198));
#9338 = DIRECTION('',(-5.285402E-11,-2.6E-16,-1.));
#9339 = DIRECTION('',(2.30186E-12,-1.,2.599998783374E-16));
#9340 = ADVANCED_FACE('',(#9341),#9365,.T.);
#9341 = FACE_BOUND('',#9342,.T.);
#9342 = EDGE_LOOP('',(#9343,#9351,#9359));
#9343 = ORIENTED_EDGE('',*,*,#9344,.F.);
#9344 = EDGE_CURVE('',#9272,#9345,#9347,.T.);
#9345 = VERTEX_POINT('',#9346);
#9346 = CARTESIAN_POINT('',(-12.84142284071,-96.03873128538,
    88.412165773301));
#9347 = LINE('',#9348,#9349);
#9348 = CARTESIAN_POINT('',(-12.84142284057,-100.1789909382,
    90.802545798397));
#9349 = VECTOR('',#9350,1.);
#9350 = DIRECTION('',(-2.842063E-11,0.866025403784,-0.5));
#9351 = ORIENTED_EDGE('',*,*,#9352,.F.);
#9352 = EDGE_CURVE('',#9353,#9272,#9355,.T.);
#9353 = VERTEX_POINT('',#9354);
#9354 = CARTESIAN_POINT('',(-12.84142284069,-102.7738387024,
    88.412165773301));
#9355 = LINE('',#9356,#9357);
#9356 = CARTESIAN_POINT('',(-12.84142284066,-102.7738385285,
    89.162156688822));
#9357 = VECTOR('',#9358,1.);
#9358 = DIRECTION('',(5.285414E-11,2.3183045911E-07,1.));
#9359 = ORIENTED_EDGE('',*,*,#9360,.T.);
#9360 = EDGE_CURVE('',#9353,#9345,#9361,.T.);
#9361 = LINE('',#9362,#9363);
#9362 = CARTESIAN_POINT('',(-12.84142284065,-121.4285079824,
    88.412165773301));
#9363 = VECTOR('',#9364,1.);
#9364 = DIRECTION('',(-2.30197E-12,1.,5.9E-15));
#9365 = PLANE('',#9366);
#9366 = AXIS2_PLACEMENT_3D('',#9367,#9368,#9369);
#9367 = CARTESIAN_POINT('',(-12.84142284059,-100.6565203933,
    90.412156647976));
#9368 = DIRECTION('',(1.,2.30197E-12,-5.285414E-11));
#9369 = DIRECTION('',(-5.285414E-11,-5.E-16,-1.));
#9370 = ADVANCED_FACE('',(#9371),#9396,.F.);
#9371 = FACE_BOUND('',#9372,.T.);
#9372 = EDGE_LOOP('',(#9373,#9383,#9389,#9390));
#9373 = ORIENTED_EDGE('',*,*,#9374,.T.);
#9374 = EDGE_CURVE('',#9375,#9377,#9379,.T.);
#9375 = VERTEX_POINT('',#9376);
#9376 = CARTESIAN_POINT('',(-21.3421540243,-96.90474088366,
    88.912156648426));
#9377 = VERTEX_POINT('',#9378);
#9378 = CARTESIAN_POINT('',(-21.34215402427,-108.152351693,
    88.912156648425));
#9379 = LINE('',#9380,#9381);
#9380 = CARTESIAN_POINT('',(-21.34215402426,-114.0897974393,
    88.912156648425));
#9381 = VECTOR('',#9382,1.);
#9382 = DIRECTION('',(2.30202E-12,-1.,5.E-16));
#9383 = ORIENTED_EDGE('',*,*,#9384,.F.);
#9384 = EDGE_CURVE('',#9312,#9377,#9385,.T.);
#9385 = LINE('',#9386,#9387);
#9386 = CARTESIAN_POINT('',(-21.34215402425,-107.6841586864,
    89.380349655112));
#9387 = VECTOR('',#9388,1.);
#9388 = DIRECTION('',(-3.574382E-11,-0.707106781187,-0.707106781187));
#9389 = ORIENTED_EDGE('',*,*,#9311,.T.);
#9390 = ORIENTED_EDGE('',*,*,#9391,.T.);
#9391 = EDGE_CURVE('',#9304,#9375,#9392,.T.);
#9392 = LINE('',#9393,#9394);
#9393 = CARTESIAN_POINT('',(-21.34215402394,-107.8400084788,
    95.225636338137));
#9394 = VECTOR('',#9395,1.);
#9395 = DIRECTION('',(-2.841932E-11,0.866025403784,-0.5));
#9396 = PLANE('',#9397);
#9397 = AXIS2_PLACEMENT_3D('',#9398,#9399,#9400);
#9398 = CARTESIAN_POINT('',(-21.34215402389,-118.0327790904,
    95.70031805395));
#9399 = DIRECTION('',(1.,2.30202E-12,-5.285142E-11));
#9400 = DIRECTION('',(-2.30202E-12,1.,-1.E-15));
#9401 = ADVANCED_FACE('',(#9402),#9438,.F.);
#9402 = FACE_BOUND('',#9403,.T.);
#9403 = EDGE_LOOP('',(#9404,#9414,#9423,#9429,#9430,#9431));
#9404 = ORIENTED_EDGE('',*,*,#9405,.F.);
#9405 = EDGE_CURVE('',#9406,#9408,#9410,.T.);
#9406 = VERTEX_POINT('',#9407);
#9407 = CARTESIAN_POINT('',(-12.88633269311,-108.8594584742,
    88.205049866792));
#9408 = VERTEX_POINT('',#9409);
#9409 = CARTESIAN_POINT('',(-21.63504724312,-108.8594584742,
    88.205049867254));
#9410 = LINE('',#9411,#9412);
#9411 = CARTESIAN_POINT('',(-8.920575082121,-108.8594584742,
    88.205049866582));
#9412 = VECTOR('',#9413,1.);
#9413 = DIRECTION('',(-1.,-2.30197E-12,5.285414E-11));
#9414 = ORIENTED_EDGE('',*,*,#9415,.F.);
#9415 = EDGE_CURVE('',#9416,#9406,#9418,.T.);
#9416 = VERTEX_POINT('',#9417);
#9417 = CARTESIAN_POINT('',(-12.84142255367,-108.652351693,
    88.412156647976));
#9418 = ELLIPSE('',#9419,0.707106781187,0.5);
#9419 = AXIS2_PLACEMENT_3D('',#9420,#9421,#9422);
#9420 = CARTESIAN_POINT('',(-13.34142255367,-108.652351693,
    88.412156648003));
#9421 = DIRECTION('',(-3.900126E-11,0.707106781187,-0.707106781187));
#9422 = DIRECTION('',(-3.574479E-11,-0.707106781187,-0.707106781187));
#9423 = ORIENTED_EDGE('',*,*,#9424,.T.);
#9424 = EDGE_CURVE('',#9416,#9320,#9425,.T.);
#9425 = LINE('',#9426,#9427);
#9426 = CARTESIAN_POINT('',(-12.84142284048,-104.6621343634,
    92.402373977551));
#9427 = VECTOR('',#9428,1.);
#9428 = DIRECTION('',(3.574578E-11,0.707106781187,0.707106781187));
#9429 = ORIENTED_EDGE('',*,*,#9319,.F.);
#9430 = ORIENTED_EDGE('',*,*,#9384,.T.);
#9431 = ORIENTED_EDGE('',*,*,#9432,.T.);
#9432 = EDGE_CURVE('',#9377,#9408,#9433,.T.);
#9433 = ELLIPSE('',#9434,1.414213562373,1.);
#9434 = AXIS2_PLACEMENT_3D('',#9435,#9436,#9437);
#9435 = CARTESIAN_POINT('',(-22.34215402427,-108.152351693,
    88.912156648478));
#9436 = DIRECTION('',(-3.900126E-11,0.707106781187,-0.707106781187));
#9437 = DIRECTION('',(-3.574577E-11,-0.707106781187,-0.707106781187));
#9438 = PLANE('',#9439);
#9439 = AXIS2_PLACEMENT_3D('',#9440,#9441,#9442);
#9440 = CARTESIAN_POINT('',(-17.84195386031,-105.6698326837,
    91.394675657541));
#9441 = DIRECTION('',(-3.900126E-11,0.707106781187,-0.707106781187));
#9442 = DIRECTION('',(-1.,-2.30197042082E-12,5.285414042082E-11));
#9443 = ADVANCED_FACE('',(#9444),#9462,.F.);
#9444 = FACE_BOUND('',#9445,.F.);
#9445 = EDGE_LOOP('',(#9446,#9454,#9460,#9461));
#9446 = ORIENTED_EDGE('',*,*,#9447,.F.);
#9447 = EDGE_CURVE('',#9448,#6552,#9450,.T.);
#9448 = VERTEX_POINT('',#9449);
#9449 = CARTESIAN_POINT('',(-12.84142255366,-110.3085244121,
    88.412156647976));
#9450 = LINE('',#9451,#9452);
#9451 = CARTESIAN_POINT('',(-12.84142255362,-110.3085244121,
    89.238406545685));
#9452 = VECTOR('',#9453,1.);
#9453 = DIRECTION('',(5.285554E-11,5.E-16,1.));
#9454 = ORIENTED_EDGE('',*,*,#9455,.F.);
#9455 = EDGE_CURVE('',#9416,#9448,#9456,.T.);
#9456 = LINE('',#9457,#9458);
#9457 = CARTESIAN_POINT('',(-12.84142255367,-108.3439981741,
    88.412156647976));
#9458 = VECTOR('',#9459,1.);
#9459 = DIRECTION('',(2.30266E-12,-1.,5.E-16));
#9460 = ORIENTED_EDGE('',*,*,#9424,.T.);
#9461 = ORIENTED_EDGE('',*,*,#9327,.F.);
#9462 = PLANE('',#9463);
#9463 = AXIS2_PLACEMENT_3D('',#9464,#9465,#9466);
#9464 = CARTESIAN_POINT('',(-12.84142284059,-100.6565203933,
    90.412156647976));
#9465 = DIRECTION('',(1.,2.30197E-12,-5.285414E-11));
#9466 = DIRECTION('',(-5.285414E-11,-5.E-16,-1.));
#9467 = ADVANCED_FACE('',(#9468),#9486,.F.);
#9468 = FACE_BOUND('',#9469,.T.);
#9469 = EDGE_LOOP('',(#9470,#9471,#9472,#9480));
#9470 = ORIENTED_EDGE('',*,*,#6561,.T.);
#9471 = ORIENTED_EDGE('',*,*,#9447,.F.);
#9472 = ORIENTED_EDGE('',*,*,#9473,.T.);
#9473 = EDGE_CURVE('',#9448,#9474,#9476,.T.);
#9474 = VERTEX_POINT('',#9475);
#9475 = CARTESIAN_POINT('',(-12.44142799452,-110.7085180906,
    88.412156647955));
#9476 = LINE('',#9477,#9478);
#9477 = CARTESIAN_POINT('',(-9.571286078939,-113.5786536874,
    88.412156647803));
#9478 = VECTOR('',#9479,1.);
#9479 = DIRECTION('',(0.707107559555,-0.707106002817,-3.737321E-11));
#9480 = ORIENTED_EDGE('',*,*,#9481,.T.);
#9481 = EDGE_CURVE('',#9474,#6562,#9482,.T.);
#9482 = LINE('',#9483,#9484);
#9483 = CARTESIAN_POINT('',(-12.44142799451,-110.7085180906,
    88.575281596809));
#9484 = VECTOR('',#9485,1.);
#9485 = DIRECTION('',(5.285554E-11,5.E-16,1.));
#9486 = PLANE('',#9487);
#9487 = AXIS2_PLACEMENT_3D('',#9488,#9489,#9490);
#9488 = CARTESIAN_POINT('',(-12.64142255362,-110.5085239718,
    89.238406545674));
#9489 = DIRECTION('',(0.707106002817,0.707107559555,-3.737482E-11));
#9490 = DIRECTION('',(-0.707107559555,0.707106002817,3.737321E-11));
#9491 = ADVANCED_FACE('',(#9492,#9548),#9551,.T.);
#9492 = FACE_BOUND('',#9493,.T.);
#9493 = EDGE_LOOP('',(#9494,#9495,#9496,#9497,#9498,#9499,#9507,#9515,
    #9521,#9522,#9530,#9538,#9544,#9545,#9546,#9547));
#9494 = ORIENTED_EDGE('',*,*,#6669,.T.);
#9495 = ORIENTED_EDGE('',*,*,#6631,.T.);
#9496 = ORIENTED_EDGE('',*,*,#6600,.T.);
#9497 = ORIENTED_EDGE('',*,*,#6569,.T.);
#9498 = ORIENTED_EDGE('',*,*,#9481,.F.);
#9499 = ORIENTED_EDGE('',*,*,#9500,.T.);
#9500 = EDGE_CURVE('',#9474,#9501,#9503,.T.);
#9501 = VERTEX_POINT('',#9502);
#9502 = CARTESIAN_POINT('',(-8.168928993114,-110.7085180906,
    88.412156647729));
#9503 = LINE('',#9504,#9505);
#9504 = CARTESIAN_POINT('',(-8.101979242931,-110.7085180906,
    88.412156647726));
#9505 = VECTOR('',#9506,1.);
#9506 = DIRECTION('',(1.,2.3023E-12,-5.285414E-11));
#9507 = ORIENTED_EDGE('',*,*,#9508,.T.);
#9508 = EDGE_CURVE('',#9501,#9509,#9511,.T.);
#9509 = VERTEX_POINT('',#9510);
#9510 = CARTESIAN_POINT('',(-7.500035666403,-110.7085180906,
    87.743263549893));
#9511 = LINE('',#9512,#9513);
#9512 = CARTESIAN_POINT('',(-9.879664664442,-110.7085180906,
    90.122891733696));
#9513 = VECTOR('',#9514,1.);
#9514 = DIRECTION('',(0.707106902162,1.62762E-12,-0.707106660211));
#9515 = ORIENTED_EDGE('',*,*,#9516,.T.);
#9516 = EDGE_CURVE('',#9509,#8276,#9517,.T.);
#9517 = LINE('',#9518,#9519);
#9518 = CARTESIAN_POINT('',(-7.500035210869,-110.7085180906,
    86.412159551395));
#9519 = VECTOR('',#9520,1.);
#9520 = DIRECTION('',(3.4222230471E-07,-5.E-16,-1.));
#9521 = ORIENTED_EDGE('',*,*,#8275,.T.);
#9522 = ORIENTED_EDGE('',*,*,#9523,.F.);
#9523 = EDGE_CURVE('',#9524,#8267,#9526,.T.);
#9524 = VERTEX_POINT('',#9525);
#9525 = CARTESIAN_POINT('',(7.50083921248,-110.7085180906,
    87.743263549497));
#9526 = LINE('',#9527,#9528);
#9527 = CARTESIAN_POINT('',(7.500838756876,-110.7085180906,
    86.412159550999));
#9528 = VECTOR('',#9529,1.);
#9529 = DIRECTION('',(-3.4227515919E-07,-5.E-16,-1.));
#9530 = ORIENTED_EDGE('',*,*,#9531,.F.);
#9531 = EDGE_CURVE('',#9532,#9524,#9534,.T.);
#9532 = VERTEX_POINT('',#9533);
#9533 = CARTESIAN_POINT('',(8.169732539227,-110.7085180906,
    88.412156647297));
#9534 = LINE('',#9535,#9536);
#9535 = CARTESIAN_POINT('',(9.880468210645,-110.7085180906,
    90.122891733174));
#9536 = VECTOR('',#9537,1.);
#9537 = DIRECTION('',(-0.707106902199,1.06E-15,-0.707106660174));
#9538 = ORIENTED_EDGE('',*,*,#9539,.F.);
#9539 = EDGE_CURVE('',#8842,#9532,#9540,.T.);
#9540 = LINE('',#9541,#9542);
#9541 = CARTESIAN_POINT('',(8.102782789043,-110.7085180906,
    88.412156647297));
#9542 = VECTOR('',#9543,1.);
#9543 = DIRECTION('',(-1.,2.E-15,3.3E-16));
#9544 = ORIENTED_EDGE('',*,*,#8841,.T.);
#9545 = ORIENTED_EDGE('',*,*,#6529,.F.);
#9546 = ORIENTED_EDGE('',*,*,#6498,.F.);
#9547 = ORIENTED_EDGE('',*,*,#6467,.F.);
#9548 = FACE_BOUND('',#9549,.T.);
#9549 = EDGE_LOOP('',(#9550));
#9550 = ORIENTED_EDGE('',*,*,#4552,.T.);
#9551 = PLANE('',#9552);
#9552 = AXIS2_PLACEMENT_3D('',#9553,#9554,#9555);
#9553 = CARTESIAN_POINT('',(16.205565728222,-110.7085180906,
    87.912156647297));
#9554 = DIRECTION('',(-2.E-15,-1.,5.E-16));
#9555 = DIRECTION('',(-1.,2.E-15,3.3E-16));
#9556 = ADVANCED_FACE('',(#9557),#9589,.T.);
#9557 = FACE_BOUND('',#9558,.T.);
#9558 = EDGE_LOOP('',(#9559,#9569,#9575,#9583));
#9559 = ORIENTED_EDGE('',*,*,#9560,.F.);
#9560 = EDGE_CURVE('',#9561,#9563,#9565,.T.);
#9561 = VERTEX_POINT('',#9562);
#9562 = CARTESIAN_POINT('',(-27.50042870028,-103.7027065413,
    81.912156648751));
#9563 = VERTEX_POINT('',#9564);
#9564 = CARTESIAN_POINT('',(-27.50042870004,-103.7027065413,
    86.339088989861));
#9565 = LINE('',#9566,#9567);
#9566 = CARTESIAN_POINT('',(-27.50042870028,-103.7027065413,
    81.912156708707));
#9567 = VECTOR('',#9568,1.);
#9568 = DIRECTION('',(5.285414E-11,1.39E-15,1.));
#9569 = ORIENTED_EDGE('',*,*,#9570,.F.);
#9570 = EDGE_CURVE('',#8567,#9561,#9571,.T.);
#9571 = LINE('',#9572,#9573);
#9572 = CARTESIAN_POINT('',(-27.49919667854,-103.7027065413,
    81.912156648751));
#9573 = VECTOR('',#9574,1.);
#9574 = DIRECTION('',(-1.,-3.43616E-12,5.243277E-11));
#9575 = ORIENTED_EDGE('',*,*,#9576,.F.);
#9576 = EDGE_CURVE('',#9577,#8567,#9579,.T.);
#9577 = VERTEX_POINT('',#9578);
#9578 = CARTESIAN_POINT('',(-27.49919667831,-103.7027065413,
    86.339088989861));
#9579 = LINE('',#9580,#9581);
#9580 = CARTESIAN_POINT('',(-27.49919667854,-103.7027065413,
    81.912156708707));
#9581 = VECTOR('',#9582,1.);
#9582 = DIRECTION('',(-5.285414E-11,-1.19E-15,-1.));
#9583 = ORIENTED_EDGE('',*,*,#9584,.T.);
#9584 = EDGE_CURVE('',#9577,#9563,#9585,.T.);
#9585 = LINE('',#9586,#9587);
#9586 = CARTESIAN_POINT('',(-27.49919667831,-103.7027065413,
    86.339088989861));
#9587 = VECTOR('',#9588,1.);
#9588 = DIRECTION('',(-1.,-3.43616E-12,5.243277E-11));
#9589 = PLANE('',#9590);
#9590 = AXIS2_PLACEMENT_3D('',#9591,#9592,#9593);
#9591 = CARTESIAN_POINT('',(-27.49919667854,-103.7027065413,
    81.912156648751));
#9592 = DIRECTION('',(3.43616E-12,-1.,1.39E-15));
#9593 = DIRECTION('',(5.285414E-11,1.390000181615E-15,1.));
#9594 = ADVANCED_FACE('',(#9595),#9629,.T.);
#9595 = FACE_BOUND('',#9596,.T.);
#9596 = EDGE_LOOP('',(#9597,#9607,#9615,#9623));
#9597 = ORIENTED_EDGE('',*,*,#9598,.T.);
#9598 = EDGE_CURVE('',#9599,#9601,#9603,.T.);
#9599 = VERTEX_POINT('',#9600);
#9600 = CARTESIAN_POINT('',(-27.36609797866,-84.20512029035,
    86.91214679254));
#9601 = VERTEX_POINT('',#9602);
#9602 = CARTESIAN_POINT('',(-27.36609797887,-84.20512029035,
    82.91214679254));
#9603 = LINE('',#9604,#9605);
#9604 = CARTESIAN_POINT('',(-27.36609797861,-84.20512029035,
    87.912146792539));
#9605 = VECTOR('',#9606,1.);
#9606 = DIRECTION('',(-5.283771E-11,-2.6302E-13,-1.));
#9607 = ORIENTED_EDGE('',*,*,#9608,.F.);
#9608 = EDGE_CURVE('',#9609,#9601,#9611,.T.);
#9609 = VERTEX_POINT('',#9610);
#9610 = CARTESIAN_POINT('',(-27.36609797887,-86.20512029035,
    82.91214679254));
#9611 = LINE('',#9612,#9613);
#9612 = CARTESIAN_POINT('',(-27.36609797882,-106.410445566,
    82.912146792541));
#9613 = VECTOR('',#9614,1.);
#9614 = DIRECTION('',(-2.30126E-12,1.,-6.756E-14));
#9615 = ORIENTED_EDGE('',*,*,#9616,.F.);
#9616 = EDGE_CURVE('',#9617,#9609,#9619,.T.);
#9617 = VERTEX_POINT('',#9618);
#9618 = CARTESIAN_POINT('',(-27.36609797865,-86.20512029035,
    86.91214679254));
#9619 = LINE('',#9620,#9621);
#9620 = CARTESIAN_POINT('',(-27.3660979786,-86.20512029035,
    87.91214679254));
#9621 = VECTOR('',#9622,1.);
#9622 = DIRECTION('',(-5.283771E-11,-2.6302E-13,-1.));
#9623 = ORIENTED_EDGE('',*,*,#9624,.F.);
#9624 = EDGE_CURVE('',#9599,#9617,#9625,.T.);
#9625 = LINE('',#9626,#9627);
#9626 = CARTESIAN_POINT('',(-27.36609797862,-102.7544454424,
    86.912146792541));
#9627 = VECTOR('',#9628,1.);
#9628 = DIRECTION('',(2.30126E-12,-1.,6.756E-14));
#9629 = PLANE('',#9630);
#9630 = AXIS2_PLACEMENT_3D('',#9631,#9632,#9633);
#9631 = CARTESIAN_POINT('',(-27.3660979786,-86.14112029035,
    87.91214679254));
#9632 = DIRECTION('',(-1.,-2.30126E-12,5.283771E-11));
#9633 = DIRECTION('',(-2.301260000014E-12,1.,-2.6221E-13));
#9634 = ADVANCED_FACE('',(#9635),#9660,.T.);
#9635 = FACE_BOUND('',#9636,.T.);
#9636 = EDGE_LOOP('',(#9637,#9645,#9653,#9659));
#9637 = ORIENTED_EDGE('',*,*,#9638,.T.);
#9638 = EDGE_CURVE('',#9601,#9639,#9641,.T.);
#9639 = VERTEX_POINT('',#9640);
#9640 = CARTESIAN_POINT('',(-26.36609797892,-84.20512029035,
    81.912146792486));
#9641 = LINE('',#9642,#9643);
#9642 = CARTESIAN_POINT('',(-28.36609797882,-84.20512029035,
    83.91214679259));
#9643 = VECTOR('',#9644,1.);
#9644 = DIRECTION('',(0.70710678115,1.44139E-12,-0.707106781224));
#9645 = ORIENTED_EDGE('',*,*,#9646,.T.);
#9646 = EDGE_CURVE('',#9639,#9647,#9649,.T.);
#9647 = VERTEX_POINT('',#9648);
#9648 = CARTESIAN_POINT('',(-26.36609797892,-86.47306948278,
    81.912146792487));
#9649 = LINE('',#9650,#9651);
#9650 = CARTESIAN_POINT('',(-26.36610299498,-119.897581688,
    81.912151808632));
#9651 = VECTOR('',#9652,1.);
#9652 = DIRECTION('',(2.28873E-12,-1.,7.989E-14));
#9653 = ORIENTED_EDGE('',*,*,#9654,.T.);
#9654 = EDGE_CURVE('',#9647,#9609,#9655,.T.);
#9655 = LINE('',#9656,#9657);
#9656 = CARTESIAN_POINT('',(-25.72739158832,-86.64421034435,
    81.273440401824));
#9657 = VECTOR('',#9658,1.);
#9658 = DIRECTION('',(-0.694746590571,0.186156787896,0.694746590643));
#9659 = ORIENTED_EDGE('',*,*,#9608,.T.);
#9660 = PLANE('',#9661);
#9661 = AXIS2_PLACEMENT_3D('',#9662,#9663,#9664);
#9662 = CARTESIAN_POINT('',(-26.86609797885,-106.410445566,
    82.412146792515));
#9663 = DIRECTION('',(-0.707106781224,-1.67487E-12,-0.70710678115));
#9664 = DIRECTION('',(2.301261934547E-12,-1.,6.736193454749E-14));
#9665 = ADVANCED_FACE('',(#9666),#9691,.F.);
#9666 = FACE_BOUND('',#9667,.T.);
#9667 = EDGE_LOOP('',(#9668,#9669,#9677,#9685));
#9668 = ORIENTED_EDGE('',*,*,#7091,.T.);
#9669 = ORIENTED_EDGE('',*,*,#9670,.F.);
#9670 = EDGE_CURVE('',#9671,#7084,#9673,.T.);
#9671 = VERTEX_POINT('',#9672);
#9672 = CARTESIAN_POINT('',(-17.89815809395,-84.20511374545,
    81.912156648244));
#9673 = LINE('',#9674,#9675);
#9674 = CARTESIAN_POINT('',(-8.377201027316,-100.6520939639,
    81.912159577943));
#9675 = VECTOR('',#9676,1.);
#9676 = DIRECTION('',(0.500997692805,-0.865448618812,-2.641024E-11));
#9677 = ORIENTED_EDGE('',*,*,#9678,.F.);
#9678 = EDGE_CURVE('',#9679,#9671,#9681,.T.);
#9679 = VERTEX_POINT('',#9680);
#9680 = CARTESIAN_POINT('',(-17.43595496021,-84.20511374546,
    82.312159578421));
#9681 = LINE('',#9682,#9683);
#9682 = CARTESIAN_POINT('',(-6.407021175459,-84.2051137456,
    91.857148151995));
#9683 = VECTOR('',#9684,1.);
#9684 = DIRECTION('',(-0.756144734795,9.86423E-12,-0.654404416276));
#9685 = ORIENTED_EDGE('',*,*,#9686,.F.);
#9686 = EDGE_CURVE('',#7092,#9679,#9687,.T.);
#9687 = LINE('',#9688,#9689);
#9688 = CARTESIAN_POINT('',(-8.03102157977,-100.4516948868,
    82.312159577925));
#9689 = VECTOR('',#9690,1.);
#9690 = DIRECTION('',(-0.500997692805,0.865448618812,2.641024E-11));
#9691 = PLANE('',#9692);
#9692 = AXIS2_PLACEMENT_3D('',#9693,#9694,#9695);
#9693 = CARTESIAN_POINT('',(-8.204111303543,-100.5518944254,
    82.112159577934));
#9694 = DIRECTION('',(-0.611964587093,-0.354258865941,0.707106781219));
#9695 = DIRECTION('',(0.756144734792,1.739552946134E-12,0.654404416279)
  );
#9696 = ADVANCED_FACE('',(#9697),#9722,.F.);
#9697 = FACE_BOUND('',#9698,.T.);
#9698 = EDGE_LOOP('',(#9699,#9707,#9708,#9716));
#9699 = ORIENTED_EDGE('',*,*,#9700,.T.);
#9700 = EDGE_CURVE('',#9701,#7092,#9703,.T.);
#9701 = VERTEX_POINT('',#9702);
#9702 = CARTESIAN_POINT('',(-15.75372195362,-87.11111374591,
    87.51215664813));
#9703 = LINE('',#9704,#9705);
#9704 = CARTESIAN_POINT('',(-15.75372195337,-87.11111374591,
    92.09084389137));
#9705 = VECTOR('',#9706,1.);
#9706 = DIRECTION('',(-5.359196E-11,1.04472E-12,-1.));
#9707 = ORIENTED_EDGE('',*,*,#9686,.T.);
#9708 = ORIENTED_EDGE('',*,*,#9709,.T.);
#9709 = EDGE_CURVE('',#9679,#9710,#9712,.T.);
#9710 = VERTEX_POINT('',#9711);
#9711 = CARTESIAN_POINT('',(-17.43596626588,-84.20512029033,
    87.512151808157));
#9712 = LINE('',#9713,#9714);
#9713 = CARTESIAN_POINT('',(-17.43595495973,-84.20511374547,
    91.893237561829));
#9714 = VECTOR('',#9715,1.);
#9715 = DIRECTION('',(5.05773E-11,-1.04522E-12,1.));
#9716 = ORIENTED_EDGE('',*,*,#9717,.T.);
#9717 = EDGE_CURVE('',#9710,#9701,#9718,.T.);
#9718 = LINE('',#9719,#9720);
#9719 = CARTESIAN_POINT('',(-6.232176871529,-103.5591097319,
    87.512156647627));
#9720 = VECTOR('',#9721,1.);
#9721 = DIRECTION('',(0.500997692805,-0.865448618812,-2.647903E-11));
#9722 = PLANE('',#9723);
#9723 = AXIS2_PLACEMENT_3D('',#9724,#9725,#9726);
#9724 = CARTESIAN_POINT('',(-10.22591159353,-96.66013145572,
    87.912146791637));
#9725 = DIRECTION('',(-0.865448618812,-0.500997692805,4.585768E-11));
#9726 = DIRECTION('',(-0.500997692805,0.865448618812,2.62466E-11));
#9727 = ADVANCED_FACE('',(#9728),#9746,.T.);
#9728 = FACE_BOUND('',#9729,.T.);
#9729 = EDGE_LOOP('',(#9730,#9738,#9739,#9740));
#9730 = ORIENTED_EDGE('',*,*,#9731,.T.);
#9731 = EDGE_CURVE('',#9732,#7074,#9734,.T.);
#9732 = VERTEX_POINT('',#9733);
#9733 = CARTESIAN_POINT('',(-15.75372195361,-88.09611374591,
    87.51215664813));
#9734 = LINE('',#9735,#9736);
#9735 = CARTESIAN_POINT('',(-15.75372195336,-88.09611374591,
    92.09084389137));
#9736 = VECTOR('',#9737,1.);
#9737 = DIRECTION('',(-5.359196E-11,1.04472E-12,-1.));
#9738 = ORIENTED_EDGE('',*,*,#7099,.T.);
#9739 = ORIENTED_EDGE('',*,*,#9700,.F.);
#9740 = ORIENTED_EDGE('',*,*,#9741,.F.);
#9741 = EDGE_CURVE('',#9732,#9701,#9742,.T.);
#9742 = LINE('',#9743,#9744);
#9743 = CARTESIAN_POINT('',(-15.75372195361,-88.09611374591,
    87.512156648129));
#9744 = VECTOR('',#9745,1.);
#9745 = DIRECTION('',(-1.443919E-11,1.,1.05189E-12));
#9746 = PLANE('',#9747);
#9747 = AXIS2_PLACEMENT_3D('',#9748,#9749,#9750);
#9748 = CARTESIAN_POINT('',(-15.75372195361,-88.09611374591,
    87.512156648129));
#9749 = DIRECTION('',(1.,1.443919E-11,-5.359196E-11));
#9750 = DIRECTION('',(-5.359196000002E-11,1.04472E-12,-1.));
#9751 = ADVANCED_FACE('',(#9752),#9778,.F.);
#9752 = FACE_BOUND('',#9753,.T.);
#9753 = EDGE_LOOP('',(#9754,#9755,#9763,#9771,#9777));
#9754 = ORIENTED_EDGE('',*,*,#9731,.F.);
#9755 = ORIENTED_EDGE('',*,*,#9756,.T.);
#9756 = EDGE_CURVE('',#9732,#9757,#9759,.T.);
#9757 = VERTEX_POINT('',#9758);
#9758 = CARTESIAN_POINT('',(-15.5396748228,-88.46586952797,
    87.512151808057));
#9759 = LINE('',#9760,#9761);
#9760 = CARTESIAN_POINT('',(-6.232176871515,-104.5441097319,
    87.512156647627));
#9761 = VECTOR('',#9762,1.);
#9762 = DIRECTION('',(0.500997692805,-0.865448618812,-2.647903E-11));
#9763 = ORIENTED_EDGE('',*,*,#9764,.T.);
#9764 = EDGE_CURVE('',#9757,#9765,#9767,.T.);
#9765 = VERTEX_POINT('',#9766);
#9766 = CARTESIAN_POINT('',(-10.56548835106,-97.0585294813,
    87.512156647856));
#9767 = LINE('',#9768,#9769);
#9768 = CARTESIAN_POINT('',(-6.232176871515,-104.5441097319,
    87.512156647627));
#9769 = VECTOR('',#9770,1.);
#9770 = DIRECTION('',(0.500997692805,-0.865448618812,-2.64792E-11));
#9771 = ORIENTED_EDGE('',*,*,#9772,.T.);
#9772 = EDGE_CURVE('',#9765,#7451,#9773,.T.);
#9773 = LINE('',#9774,#9775);
#9774 = CARTESIAN_POINT('',(-10.5654883512,-97.0585294813,
    84.912151719755));
#9775 = VECTOR('',#9776,1.);
#9776 = DIRECTION('',(-5.298678E-11,-6.9E-16,-1.));
#9777 = ORIENTED_EDGE('',*,*,#7450,.T.);
#9778 = PLANE('',#9779);
#9779 = AXIS2_PLACEMENT_3D('',#9780,#9781,#9782);
#9780 = CARTESIAN_POINT('',(-10.22591159352,-97.64513145572,
    87.912146791637));
#9781 = DIRECTION('',(-0.865448618812,-0.500997692805,4.585768E-11));
#9782 = DIRECTION('',(-0.500997692805,0.865448618812,2.62466E-11));
#9783 = ADVANCED_FACE('',(#9784),#9800,.T.);
#9784 = FACE_BOUND('',#9785,.T.);
#9785 = EDGE_LOOP('',(#9786,#9792,#9793,#9799));
#9786 = ORIENTED_EDGE('',*,*,#9787,.T.);
#9787 = EDGE_CURVE('',#7451,#7428,#9788,.T.);
#9788 = LINE('',#9789,#9790);
#9789 = CARTESIAN_POINT('',(7.909827285075,-97.05852948128,
    82.312156647297));
#9790 = VECTOR('',#9791,1.);
#9791 = DIRECTION('',(1.,-1.67E-15,-1.2E-15));
#9792 = ORIENTED_EDGE('',*,*,#7427,.F.);
#9793 = ORIENTED_EDGE('',*,*,#9794,.F.);
#9794 = EDGE_CURVE('',#7459,#7420,#9795,.T.);
#9795 = LINE('',#9796,#9797);
#9796 = CARTESIAN_POINT('',(-7.909023739337,-97.45852948129,
    81.912159577918));
#9797 = VECTOR('',#9798,1.);
#9798 = DIRECTION('',(1.,2.30197E-12,-5.285328E-11));
#9799 = ORIENTED_EDGE('',*,*,#7458,.T.);
#9800 = PLANE('',#9801);
#9801 = AXIS2_PLACEMENT_3D('',#9802,#9803,#9804);
#9802 = CARTESIAN_POINT('',(7.909827285075,-97.25852948127,
    82.112158112399));
#9803 = DIRECTION('',(3.3E-16,0.707104191224,-0.707109371139));
#9804 = DIRECTION('',(-1.,-1.655616889735E-18,-4.68344370982E-16));
#9805 = ADVANCED_FACE('',(#9806),#9832,.T.);
#9806 = FACE_BOUND('',#9807,.T.);
#9807 = EDGE_LOOP('',(#9808,#9809,#9810,#9818,#9826));
#9808 = ORIENTED_EDGE('',*,*,#8626,.F.);
#9809 = ORIENTED_EDGE('',*,*,#7435,.F.);
#9810 = ORIENTED_EDGE('',*,*,#9811,.F.);
#9811 = EDGE_CURVE('',#9812,#7428,#9814,.T.);
#9812 = VERTEX_POINT('',#9813);
#9813 = CARTESIAN_POINT('',(10.5662918971,-97.05852948128,
    87.512156647298));
#9814 = LINE('',#9815,#9816);
#9815 = CARTESIAN_POINT('',(10.5662918971,-97.05852948128,
    84.912151719197));
#9816 = VECTOR('',#9817,1.);
#9817 = DIRECTION('',(1.3231E-13,-6.9E-16,-1.));
#9818 = ORIENTED_EDGE('',*,*,#9819,.F.);
#9819 = EDGE_CURVE('',#9820,#9812,#9822,.T.);
#9820 = VERTEX_POINT('',#9821);
#9821 = CARTESIAN_POINT('',(15.540478368817,-88.46586952794,
    87.512151807236));
#9822 = LINE('',#9823,#9824);
#9823 = CARTESIAN_POINT('',(6.232980417566,-104.5441097318,
    87.512156647298));
#9824 = VECTOR('',#9825,1.);
#9825 = DIRECTION('',(-0.500997692803,-0.865448618813,7.7E-16));
#9826 = ORIENTED_EDGE('',*,*,#9827,.F.);
#9827 = EDGE_CURVE('',#8627,#9820,#9828,.T.);
#9828 = LINE('',#9829,#9830);
#9829 = CARTESIAN_POINT('',(6.232980417566,-104.5441097318,
    87.512156647298));
#9830 = VECTOR('',#9831,1.);
#9831 = DIRECTION('',(-0.500997692803,-0.865448618813,9.3E-16));
#9832 = PLANE('',#9833);
#9833 = AXIS2_PLACEMENT_3D('',#9834,#9835,#9836);
#9834 = CARTESIAN_POINT('',(10.22671513958,-97.6451314557,
    87.912146791096));
#9835 = DIRECTION('',(-0.865448618813,0.500997692803,-1.1485E-13));
#9836 = DIRECTION('',(0.500997692803,0.865448618813,-2.3337E-13));
#9837 = ADVANCED_FACE('',(#9838,#9849),#9852,.T.);
#9838 = FACE_BOUND('',#9839,.T.);
#9839 = EDGE_LOOP('',(#9840));
#9840 = ORIENTED_EDGE('',*,*,#9841,.F.);
#9841 = EDGE_CURVE('',#9842,#9842,#9844,.T.);
#9842 = VERTEX_POINT('',#9843);
#9843 = CARTESIAN_POINT('',(24.062766631921,-91.85892724546,
    85.412156647298));
#9844 = CIRCLE('',#9845,3.15);
#9845 = AXIS2_PLACEMENT_3D('',#9846,#9847,#9848);
#9846 = CARTESIAN_POINT('',(20.912766631921,-91.85892724546,
    85.412156647298));
#9847 = DIRECTION('',(-3.3E-16,-1.29E-15,-1.));
#9848 = DIRECTION('',(-1.,7.3E-16,3.3E-16));
#9849 = FACE_BOUND('',#9850,.T.);
#9850 = EDGE_LOOP('',(#9851));
#9851 = ORIENTED_EDGE('',*,*,#8366,.F.);
#9852 = PLANE('',#9853);
#9853 = AXIS2_PLACEMENT_3D('',#9854,#9855,#9856);
#9854 = CARTESIAN_POINT('',(20.912766631921,-91.85892724546,
    85.412156647298));
#9855 = DIRECTION('',(3.3E-16,1.1E-15,1.));
#9856 = DIRECTION('',(-1.,7.3E-16,3.3E-16));
#9857 = ADVANCED_FACE('',(#9858),#9885,.F.);
#9858 = FACE_BOUND('',#9859,.F.);
#9859 = EDGE_LOOP('',(#9860,#9869,#9870,#9879));
#9860 = ORIENTED_EDGE('',*,*,#9861,.F.);
#9861 = EDGE_CURVE('',#9501,#9862,#9864,.T.);
#9862 = VERTEX_POINT('',#9863);
#9863 = CARTESIAN_POINT('',(-8.376035724201,-111.2085180906,
    87.91215664774));
#9864 = ELLIPSE('',#9865,0.541196080964,0.5);
#9865 = AXIS2_PLACEMENT_3D('',#9866,#9867,#9868);
#9866 = CARTESIAN_POINT('',(-8.168928993113,-111.2085180906,
    88.412156647729));
#9867 = DIRECTION('',(-0.923879565237,-2.12725E-12,0.382683353359));
#9868 = DIRECTION('',(-0.382683353359,-8.8056E-13,-0.923879565237));
#9869 = ORIENTED_EDGE('',*,*,#9508,.T.);
#9870 = ORIENTED_EDGE('',*,*,#9871,.F.);
#9871 = EDGE_CURVE('',#9872,#9509,#9874,.T.);
#9872 = VERTEX_POINT('',#9873);
#9873 = CARTESIAN_POINT('',(-8.000035595525,-111.2085180846,
    87.53615664772));
#9874 = ELLIPSE('',#9875,0.541196080964,0.5);
#9875 = AXIS2_PLACEMENT_3D('',#9876,#9877,#9878);
#9876 = CARTESIAN_POINT('',(-7.500035666402,-111.2085180906,
    87.743263549893));
#9877 = DIRECTION('',(0.382683669482,8.8114E-13,-0.923879434294));
#9878 = DIRECTION('',(-0.923879434294,-2.12943E-12,-0.382683669482));
#9879 = ORIENTED_EDGE('',*,*,#9880,.T.);
#9880 = EDGE_CURVE('',#9872,#9862,#9881,.T.);
#9881 = LINE('',#9882,#9883);
#9882 = CARTESIAN_POINT('',(-10.23321799454,-111.2085180846,
    89.769338282615));
#9883 = VECTOR('',#9884,1.);
#9884 = DIRECTION('',(-0.707106902162,-1.62762E-12,0.707106660211));
#9885 = CYLINDRICAL_SURFACE('',#9886,0.5);
#9886 = AXIS2_PLACEMENT_3D('',#9887,#9888,#9889);
#9887 = CARTESIAN_POINT('',(-9.879664664441,-111.2085180906,
    90.122891733696));
#9888 = DIRECTION('',(-0.707106902162,-1.62762E-12,0.707106660211));
#9889 = DIRECTION('',(-0.499999911443,0.707106785451,-0.500000082526));
#9890 = ADVANCED_FACE('',(#9891),#9925,.F.);
#9891 = FACE_BOUND('',#9892,.T.);
#9892 = EDGE_LOOP('',(#9893,#9903,#9909,#9910,#9919));
#9893 = ORIENTED_EDGE('',*,*,#9894,.T.);
#9894 = EDGE_CURVE('',#9895,#9897,#9899,.T.);
#9895 = VERTEX_POINT('',#9896);
#9896 = CARTESIAN_POINT('',(-8.000034164697,-132.6109645862,
    82.28815664772));
#9897 = VERTEX_POINT('',#9898);
#9898 = CARTESIAN_POINT('',(-8.376034036021,-132.6109645862,
    81.91215664774));
#9899 = LINE('',#9900,#9901);
#9900 = CARTESIAN_POINT('',(-2.592579718898,-132.6109645862,
    87.695612943785));
#9901 = VECTOR('',#9902,1.);
#9902 = DIRECTION('',(-0.707106660211,6.6E-16,-0.707106902162));
#9903 = ORIENTED_EDGE('',*,*,#9904,.F.);
#9904 = EDGE_CURVE('',#8251,#9897,#9905,.T.);
#9905 = LINE('',#9906,#9907);
#9906 = CARTESIAN_POINT('',(-8.376033916593,-125.6110453247,
    81.91215664774));
#9907 = VECTOR('',#9908,1.);
#9908 = DIRECTION('',(-1.706134041E-08,-1.,5.E-16));
#9909 = ORIENTED_EDGE('',*,*,#8292,.F.);
#9910 = ORIENTED_EDGE('',*,*,#9911,.T.);
#9911 = EDGE_CURVE('',#8284,#9912,#9914,.T.);
#9912 = VERTEX_POINT('',#9913);
#9913 = CARTESIAN_POINT('',(-8.000033799543,-111.2085180821,
    82.28815664772));
#9914 = ELLIPSE('',#9915,0.707106660174,0.5);
#9915 = AXIS2_PLACEMENT_3D('',#9916,#9917,#9918);
#9916 = CARTESIAN_POINT('',(-7.500033970654,-111.2085180906,
    82.788156647694));
#9917 = DIRECTION('',(-0.707106902162,1.206419192E-08,0.707106660211));
#9918 = DIRECTION('',(-0.707106660211,1.206419514E-08,-0.707106902162));
#9919 = ORIENTED_EDGE('',*,*,#9920,.T.);
#9920 = EDGE_CURVE('',#9912,#9895,#9921,.T.);
#9921 = LINE('',#9922,#9923);
#9922 = CARTESIAN_POINT('',(-8.000034012625,-123.6977176411,
    82.28815664772));
#9923 = VECTOR('',#9924,1.);
#9924 = DIRECTION('',(-1.706134041E-08,-1.,5.E-16));
#9925 = PLANE('',#9926);
#9926 = AXIS2_PLACEMENT_3D('',#9927,#9928,#9929);
#9927 = CARTESIAN_POINT('',(-8.176033985038,-125.6110453281,
    82.11215664773));
#9928 = DIRECTION('',(-0.707106902162,1.206419192E-08,0.707106660211));
#9929 = DIRECTION('',(-1.70613404117E-08,-1.,5.01700812539E-16));
#9930 = ADVANCED_FACE('',(#9931),#9943,.F.);
#9931 = FACE_BOUND('',#9932,.F.);
#9932 = EDGE_LOOP('',(#9933,#9934,#9935,#9941,#9942));
#9933 = ORIENTED_EDGE('',*,*,#8283,.T.);
#9934 = ORIENTED_EDGE('',*,*,#9911,.T.);
#9935 = ORIENTED_EDGE('',*,*,#9936,.T.);
#9936 = EDGE_CURVE('',#9912,#9872,#9937,.T.);
#9937 = LINE('',#9938,#9939);
#9938 = CARTESIAN_POINT('',(-8.000035210868,-111.2085180821,
    86.412159380284));
#9939 = VECTOR('',#9940,1.);
#9940 = DIRECTION('',(-3.4222230471E-07,5.E-16,1.));
#9941 = ORIENTED_EDGE('',*,*,#9871,.T.);
#9942 = ORIENTED_EDGE('',*,*,#9516,.T.);
#9943 = CYLINDRICAL_SURFACE('',#9944,0.5);
#9944 = AXIS2_PLACEMENT_3D('',#9945,#9946,#9947);
#9945 = CARTESIAN_POINT('',(-7.500035210868,-111.2085180906,
    86.412159551395));
#9946 = DIRECTION('',(3.4222230471E-07,-5.E-16,-1.));
#9947 = DIRECTION('',(-0.707106775155,0.707106787218,-2.419877106232E-07
    ));
#9948 = ADVANCED_FACE('',(#9949),#9974,.F.);
#9949 = FACE_BOUND('',#9950,.F.);
#9950 = EDGE_LOOP('',(#9951,#9959,#9960,#9968));
#9951 = ORIENTED_EDGE('',*,*,#9952,.T.);
#9952 = EDGE_CURVE('',#9953,#9895,#9955,.T.);
#9953 = VERTEX_POINT('',#9954);
#9954 = CARTESIAN_POINT('',(-8.000034165119,-132.6109645862,
    82.289388519958));
#9955 = LINE('',#9956,#9957);
#9956 = CARTESIAN_POINT('',(-8.000037006063,-132.6109645862,
    90.590848778444));
#9957 = VECTOR('',#9958,1.);
#9958 = DIRECTION('',(3.4222230471E-07,-7.4E-16,-1.));
#9959 = ORIENTED_EDGE('',*,*,#9894,.T.);
#9960 = ORIENTED_EDGE('',*,*,#9961,.T.);
#9961 = EDGE_CURVE('',#9897,#9962,#9964,.T.);
#9962 = VERTEX_POINT('',#9963);
#9963 = CARTESIAN_POINT('',(-8.377265908662,-132.6109645862,
    81.912156647297));
#9964 = LINE('',#9965,#9966);
#9965 = CARTESIAN_POINT('',(-0.339971619906,-132.6109645862,
    81.912159577503));
#9966 = VECTOR('',#9967,1.);
#9967 = DIRECTION('',(-1.,1.67E-15,1.2E-15));
#9968 = ORIENTED_EDGE('',*,*,#9969,.F.);
#9969 = EDGE_CURVE('',#9953,#9962,#9970,.T.);
#9970 = LINE('',#9971,#9972);
#9971 = CARTESIAN_POINT('',(-2.593503623595,-132.6109645862,
    87.695920912002));
#9972 = VECTOR('',#9973,1.);
#9973 = DIRECTION('',(-0.707106660174,6.6E-16,-0.707106902199));
#9974 = PLANE('',#9975);
#9975 = AXIS2_PLACEMENT_3D('',#9976,#9977,#9978);
#9976 = CARTESIAN_POINT('',(4.017735897053E-04,-132.6109645862,
    96.269540990244));
#9977 = DIRECTION('',(1.67E-15,1.,-7.4E-16));
#9978 = DIRECTION('',(-1.,1.67E-15,1.667E-13));
#9979 = ADVANCED_FACE('',(#9980),#10014,.T.);
#9980 = FACE_BOUND('',#9981,.T.);
#9981 = EDGE_LOOP('',(#9982,#9992,#9999,#10000,#10008));
#9982 = ORIENTED_EDGE('',*,*,#9983,.F.);
#9983 = EDGE_CURVE('',#9984,#9986,#9988,.T.);
#9984 = VERTEX_POINT('',#9985);
#9985 = CARTESIAN_POINT('',(8.000837345333,-111.208518082,
    82.288156647297));
#9986 = VERTEX_POINT('',#9987);
#9987 = CARTESIAN_POINT('',(8.0008377152,-132.8842563986,82.288156647297
    ));
#9988 = LINE('',#9989,#9990);
#9989 = CARTESIAN_POINT('',(8.000837558444,-123.697717641,
    82.288156647297));
#9990 = VECTOR('',#9991,1.);
#9991 = DIRECTION('',(1.706364071E-08,-1.,5.E-16));
#9992 = ORIENTED_EDGE('',*,*,#9993,.F.);
#9993 = EDGE_CURVE('',#8259,#9984,#9994,.T.);
#9994 = ELLIPSE('',#9995,0.707106660174,0.5);
#9995 = AXIS2_PLACEMENT_3D('',#9996,#9997,#9998);
#9996 = CARTESIAN_POINT('',(7.50083751647,-111.2085180906,
    82.788156647297));
#9997 = DIRECTION('',(-0.707106902199,-1.206581848E-08,-0.707106660174)
  );
#9998 = DIRECTION('',(0.707106660174,1.20658217E-08,-0.707106902199));
#9999 = ORIENTED_EDGE('',*,*,#8258,.T.);
#10000 = ORIENTED_EDGE('',*,*,#10001,.T.);
#10001 = EDGE_CURVE('',#8249,#10002,#10004,.T.);
#10002 = VERTEX_POINT('',#10003);
#10003 = CARTESIAN_POINT('',(8.37683759292,-133.2602563986,
    81.912156647297));
#10004 = LINE('',#10005,#10006);
#10005 = CARTESIAN_POINT('',(8.376837462397,-125.6110453247,
    81.912156647297));
#10006 = VECTOR('',#10007,1.);
#10007 = DIRECTION('',(1.706364071E-08,-1.,7.4E-16));
#10008 = ORIENTED_EDGE('',*,*,#10009,.F.);
#10009 = EDGE_CURVE('',#9986,#10002,#10010,.T.);
#10010 = LINE('',#10011,#10012);
#10011 = CARTESIAN_POINT('',(7.976837723005,-132.8602563986,
    82.312156647297));
#10012 = VECTOR('',#10013,1.);
#10013 = DIRECTION('',(0.577350144016,-0.577350331777,-0.577350331777));
#10014 = PLANE('',#10015);
#10015 = AXIS2_PLACEMENT_3D('',#10016,#10017,#10018);
#10016 = CARTESIAN_POINT('',(8.176837530852,-125.6110453281,
    82.112156647297));
#10017 = DIRECTION('',(-0.707106902199,-1.206581848E-08,-0.707106660174)
  );
#10018 = DIRECTION('',(1.706364071266E-08,-1.,5.026591062417E-16));
#10019 = ADVANCED_FACE('',(#10020),#10040,.F.);
#10020 = FACE_BOUND('',#10021,.F.);
#10021 = EDGE_LOOP('',(#10022,#10031,#10037,#10038,#10039));
#10022 = ORIENTED_EDGE('',*,*,#10023,.F.);
#10023 = EDGE_CURVE('',#10024,#9524,#10026,.T.);
#10024 = VERTEX_POINT('',#10025);
#10025 = CARTESIAN_POINT('',(8.000839141593,-111.2085180845,
    87.536156647298));
#10026 = ELLIPSE('',#10027,0.541196080964,0.5);
#10027 = AXIS2_PLACEMENT_3D('',#10028,#10029,#10030);
#10028 = CARTESIAN_POINT('',(7.50083921248,-111.2085180906,
    87.743263549497));
#10029 = DIRECTION('',(0.382683669531,-8.5E-16,0.923879434274));
#10030 = DIRECTION('',(0.923879434274,-4.23E-15,-0.382683669531));
#10031 = ORIENTED_EDGE('',*,*,#10032,.F.);
#10032 = EDGE_CURVE('',#9984,#10024,#10033,.T.);
#10033 = LINE('',#10034,#10035);
#10034 = CARTESIAN_POINT('',(8.000838756876,-111.208518082,
    86.412159379861));
#10035 = VECTOR('',#10036,1.);
#10036 = DIRECTION('',(3.4227515919E-07,5.E-16,1.));
#10037 = ORIENTED_EDGE('',*,*,#9993,.F.);
#10038 = ORIENTED_EDGE('',*,*,#8266,.F.);
#10039 = ORIENTED_EDGE('',*,*,#9523,.F.);
#10040 = CYLINDRICAL_SURFACE('',#10041,0.5);
#10041 = AXIS2_PLACEMENT_3D('',#10042,#10043,#10044);
#10042 = CARTESIAN_POINT('',(7.500838756876,-111.2085180906,
    86.412159550999));
#10043 = DIRECTION('',(3.4227515919E-07,5.E-16,1.));
#10044 = DIRECTION('',(0.707106775154,0.707106787219,-2.420250843836E-07
    ));
#10045 = ADVANCED_FACE('',(#10046),#10065,.F.);
#10046 = FACE_BOUND('',#10047,.F.);
#10047 = EDGE_LOOP('',(#10048,#10049,#10050,#10059));
#10048 = ORIENTED_EDGE('',*,*,#10023,.T.);
#10049 = ORIENTED_EDGE('',*,*,#9531,.F.);
#10050 = ORIENTED_EDGE('',*,*,#10051,.T.);
#10051 = EDGE_CURVE('',#9532,#10052,#10054,.T.);
#10052 = VERTEX_POINT('',#10053);
#10053 = CARTESIAN_POINT('',(8.376839270288,-111.2085180906,
    87.912156647297));
#10054 = ELLIPSE('',#10055,0.541196080964,0.5);
#10055 = AXIS2_PLACEMENT_3D('',#10056,#10057,#10058);
#10056 = CARTESIAN_POINT('',(8.169732539227,-111.2085180906,
    88.412156647297));
#10057 = DIRECTION('',(-0.923879565257,2.05E-15,-0.38268335331));
#10058 = DIRECTION('',(0.38268335331,-2.7E-16,-0.923879565257));
#10059 = ORIENTED_EDGE('',*,*,#10060,.F.);
#10060 = EDGE_CURVE('',#10024,#10052,#10061,.T.);
#10061 = LINE('',#10062,#10063);
#10062 = CARTESIAN_POINT('',(10.234021540732,-111.2085180845,
    89.769338282074));
#10063 = VECTOR('',#10064,1.);
#10064 = DIRECTION('',(0.707106902199,-1.06E-15,0.707106660174));
#10065 = CYLINDRICAL_SURFACE('',#10066,0.5);
#10066 = AXIS2_PLACEMENT_3D('',#10067,#10068,#10069);
#10067 = CARTESIAN_POINT('',(9.880468210645,-111.2085180906,
    90.122891733174));
#10068 = DIRECTION('',(-0.707106902199,1.06E-15,-0.707106660174));
#10069 = DIRECTION('',(0.499999911415,0.707106785452,-0.500000082552));
#10070 = ADVANCED_FACE('',(#10071),#10108,.F.);
#10071 = FACE_BOUND('',#10072,.F.);
#10072 = EDGE_LOOP('',(#10073,#10084,#10092,#10101));
#10073 = ORIENTED_EDGE('',*,*,#10074,.T.);
#10074 = EDGE_CURVE('',#10075,#10077,#10079,.T.);
#10075 = VERTEX_POINT('',#10076);
#10076 = CARTESIAN_POINT('',(23.026565413581,-139.3891432831,
    89.664913119165));
#10077 = VERTEX_POINT('',#10078);
#10078 = CARTESIAN_POINT('',(21.834341722692,-139.38914299,
    81.912156646143));
#10079 = CIRCLE('',#10080,7.);
#10080 = AXIS2_PLACEMENT_3D('',#10081,#10082,#10083);
#10081 = CARTESIAN_POINT('',(28.161220227738,-139.3891432831,
    84.907254037279));
#10082 = DIRECTION('',(2.63128E-12,-1.,1.43E-15));
#10083 = DIRECTION('',(1.,2.63128E-12,-5.286033E-11));
#10084 = ORIENTED_EDGE('',*,*,#10085,.T.);
#10085 = EDGE_CURVE('',#10077,#10086,#10088,.T.);
#10086 = VERTEX_POINT('',#10087);
#10087 = CARTESIAN_POINT('',(21.834341722705,-144.3891012418,
    81.912156646143));
#10088 = LINE('',#10089,#10090);
#10089 = CARTESIAN_POINT('',(21.834340335021,-144.3891015349,
    81.912159577504));
#10090 = VECTOR('',#10091,1.);
#10091 = DIRECTION('',(2.63229E-12,-1.,1.47E-15));
#10092 = ORIENTED_EDGE('',*,*,#10093,.T.);
#10093 = EDGE_CURVE('',#10086,#10094,#10096,.T.);
#10094 = VERTEX_POINT('',#10095);
#10095 = CARTESIAN_POINT('',(24.182063661716,-144.3891015349,
    90.666274181624));
#10096 = CIRCLE('',#10097,7.);
#10097 = AXIS2_PLACEMENT_3D('',#10098,#10099,#10100);
#10098 = CARTESIAN_POINT('',(28.161220227751,-144.3891015349,
    84.907254037279));
#10099 = DIRECTION('',(-2.63128E-12,1.,-1.43E-15));
#10100 = DIRECTION('',(1.,2.63128E-12,-5.286033E-11));
#10101 = ORIENTED_EDGE('',*,*,#10102,.T.);
#10102 = EDGE_CURVE('',#10094,#10075,#10103,.T.);
#10103 = ELLIPSE('',#10104,31.088045615545,7.);
#10104 = AXIS2_PLACEMENT_3D('',#10105,#10106,#10107);
#10105 = CARTESIAN_POINT('',(28.161220227796,-161.6073160496,
    84.907254037279));
#10106 = DIRECTION('',(-0.974320199218,-0.225166936727,
    4.599999999998E-16));
#10107 = DIRECTION('',(0.225166936727,-0.974320199218,-1.190096E-11));
#10108 = CYLINDRICAL_SURFACE('',#10109,7.);
#10109 = AXIS2_PLACEMENT_3D('',#10110,#10111,#10112);
#10110 = CARTESIAN_POINT('',(28.161220227751,-144.3891015349,
    84.907254037279));
#10111 = DIRECTION('',(2.63229E-12,-1.,1.47E-15));
#10112 = DIRECTION('',(-0.965868892713,-2.542066251397E-12,
    0.259031430697));
#10113 = ADVANCED_FACE('',(#10114),#10140,.F.);
#10114 = FACE_BOUND('',#10115,.F.);
#10115 = EDGE_LOOP('',(#10116,#10117,#10125,#10134));
#10116 = ORIENTED_EDGE('',*,*,#10093,.F.);
#10117 = ORIENTED_EDGE('',*,*,#10118,.T.);
#10118 = EDGE_CURVE('',#10086,#10119,#10121,.T.);
#10119 = VERTEX_POINT('',#10120);
#10120 = CARTESIAN_POINT('',(23.548259229697,-144.3891012418,
    81.912159576259));
#10121 = LINE('',#10122,#10123);
#10122 = CARTESIAN_POINT('',(-13.05825740561,-144.3891012419,
    81.912159577504));
#10123 = VECTOR('',#10124,1.);
#10124 = DIRECTION('',(1.,2.63128E-12,-1.2E-15));
#10125 = ORIENTED_EDGE('',*,*,#10126,.F.);
#10126 = EDGE_CURVE('',#10127,#10119,#10129,.T.);
#10127 = VERTEX_POINT('',#10128);
#10128 = CARTESIAN_POINT('',(24.182063661716,-144.3891015349,
    88.704136050586));
#10129 = CIRCLE('',#10130,5.5);
#10130 = AXIS2_PLACEMENT_3D('',#10131,#10132,#10133);
#10131 = CARTESIAN_POINT('',(28.161220227751,-144.3891015349,
    84.907254037279));
#10132 = DIRECTION('',(2.63128E-12,-1.,1.43E-15));
#10133 = DIRECTION('',(1.,2.63128E-12,-5.286033E-11));
#10134 = ORIENTED_EDGE('',*,*,#10135,.T.);
#10135 = EDGE_CURVE('',#10127,#10094,#10136,.T.);
#10136 = LINE('',#10137,#10138);
#10137 = CARTESIAN_POINT('',(24.182063593984,-144.3891012418,
    82.662156707925));
#10138 = VECTOR('',#10139,1.);
#10139 = DIRECTION('',(1.5E-16,1.43E-15,1.));
#10140 = PLANE('',#10141);
#10141 = AXIS2_PLACEMENT_3D('',#10142,#10143,#10144);
#10142 = CARTESIAN_POINT('',(-25.43616979794,-144.3891012419,
    83.412156768553));
#10143 = DIRECTION('',(2.63128E-12,-1.,1.43E-15));
#10144 = DIRECTION('',(1.,2.63128E-12,-5.286033E-11));
#10145 = ADVANCED_FACE('',(#10146),#10220,.F.);
#10146 = FACE_BOUND('',#10147,.F.);
#10147 = EDGE_LOOP('',(#10148,#10149,#10150,#10151,#10152,#10153,#10154,
    #10155,#10166,#10175,#10188,#10196,#10205,#10214));
#10148 = ORIENTED_EDGE('',*,*,#8823,.T.);
#10149 = ORIENTED_EDGE('',*,*,#6691,.F.);
#10150 = ORIENTED_EDGE('',*,*,#7364,.F.);
#10151 = ORIENTED_EDGE('',*,*,#6758,.T.);
#10152 = ORIENTED_EDGE('',*,*,#6798,.F.);
#10153 = ORIENTED_EDGE('',*,*,#6873,.T.);
#10154 = ORIENTED_EDGE('',*,*,#7211,.T.);
#10155 = ORIENTED_EDGE('',*,*,#10156,.T.);
#10156 = EDGE_CURVE('',#7212,#10157,#10159,.T.);
#10157 = VERTEX_POINT('',#10158);
#10158 = CARTESIAN_POINT('',(24.606801490775,-146.2269851633,
    84.907766948016));
#10159 = B_SPLINE_CURVE_WITH_KNOTS('',3,(#10160,#10161,#10162,#10163,
    #10164,#10165),.UNSPECIFIED.,.F.,.F.,(4,2,4),(2.015584515361,
    2.093559207022,2.118465237924),.UNSPECIFIED.);
#10160 = CARTESIAN_POINT('',(24.400000229494,-146.4899065681,
    83.912156767209));
#10161 = CARTESIAN_POINT('',(24.400000229494,-146.4899065681,
    84.172072406079));
#10162 = CARTESIAN_POINT('',(24.443515752522,-146.4365788091,
    84.441863628468));
#10163 = CARTESIAN_POINT('',(24.54731761968,-146.3040409715,
    84.76157180773));
#10164 = CARTESIAN_POINT('',(24.575807042734,-146.2673744546,
    84.836377087176));
#10165 = CARTESIAN_POINT('',(24.606801509829,-146.2269851589,
    84.907766948016));
#10166 = ORIENTED_EDGE('',*,*,#10167,.F.);
#10167 = EDGE_CURVE('',#10168,#10157,#10170,.T.);
#10168 = VERTEX_POINT('',#10169);
#10169 = CARTESIAN_POINT('',(24.606724451752,-146.2266518945,
    84.907589440584));
#10170 = ELLIPSE('',#10171,11.102873433996,2.5);
#10171 = AXIS2_PLACEMENT_3D('',#10172,#10173,#10174);
#10172 = CARTESIAN_POINT('',(26.900000229494,-156.1498890496,
    83.912156767209));
#10173 = DIRECTION('',(0.974320199218,0.225166936727,-4.6E-16));
#10174 = DIRECTION('',(0.225166936727,-0.974320199218,7.2E-16));
#10175 = ORIENTED_EDGE('',*,*,#10176,.F.);
#10176 = EDGE_CURVE('',#10177,#10168,#10179,.T.);
#10177 = VERTEX_POINT('',#10178);
#10178 = CARTESIAN_POINT('',(25.877027179325,-144.2465760011,
    86.193280643422));
#10179 = B_SPLINE_CURVE_WITH_KNOTS('',3,(#10180,#10181,#10182,#10183,
    #10184,#10185,#10186,#10187),.UNSPECIFIED.,.F.,.F.,(4,2,2,4),(
    3.668850342154,3.783251785519,3.875023254989,3.928106376381),
  .UNSPECIFIED.);
#10180 = CARTESIAN_POINT('',(25.877027179325,-144.2465760011,
    86.193280643422));
#10181 = CARTESIAN_POINT('',(25.686861970834,-144.6063078314,
    86.108000801588));
#10182 = CARTESIAN_POINT('',(25.480545648311,-144.9554102494,
    85.984567750504));
#10183 = CARTESIAN_POINT('',(25.143078799858,-145.4829319262,
    85.701477647136));
#10184 = CARTESIAN_POINT('',(24.964461171601,-145.7423237467,
    85.512894328592));
#10185 = CARTESIAN_POINT('',(24.750345852928,-146.0372220453,
    85.196141381807));
#10186 = CARTESIAN_POINT('',(24.672774568233,-146.1405783549,
    85.05975556522));
#10187 = CARTESIAN_POINT('',(24.606724451752,-146.2266518945,
    84.907589440584));
#10188 = ORIENTED_EDGE('',*,*,#10189,.T.);
#10189 = EDGE_CURVE('',#10177,#10190,#10192,.T.);
#10190 = VERTEX_POINT('',#10191);
#10191 = CARTESIAN_POINT('',(25.877027179233,-139.3891470449,
    86.19328064338));
#10192 = LINE('',#10193,#10194);
#10193 = CARTESIAN_POINT('',(25.877027179233,-104.1027065412,
    86.19328064338));
#10194 = VECTOR('',#10195,1.);
#10195 = DIRECTION('',(2.6E-15,1.,-1.2E-15));
#10196 = ORIENTED_EDGE('',*,*,#10197,.T.);
#10197 = EDGE_CURVE('',#10190,#10198,#10200,.T.);
#10198 = VERTEX_POINT('',#10199);
#10199 = CARTESIAN_POINT('',(27.398441221149,-139.389146752,
    86.361964224507));
#10200 = CIRCLE('',#10201,2.5);
#10201 = AXIS2_PLACEMENT_3D('',#10202,#10203,#10204);
#10202 = CARTESIAN_POINT('',(26.900000229494,-139.3891470449,
    83.912156767209));
#10203 = DIRECTION('',(-2.29947E-12,1.,-8.3E-15));
#10204 = DIRECTION('',(1.,2.29947E-12,-2.E-15));
#10205 = ORIENTED_EDGE('',*,*,#10206,.F.);
#10206 = EDGE_CURVE('',#10207,#10198,#10209,.T.);
#10207 = VERTEX_POINT('',#10208);
#10208 = CARTESIAN_POINT('',(27.472997907033,-138.5770412917,
    86.345605690349));
#10209 = B_SPLINE_CURVE_WITH_KNOTS('',3,(#10210,#10211,#10212,#10213),
  .UNSPECIFIED.,.F.,.F.,(4,4),(2.137329699312,2.215936822544),
  .PIECEWISE_BEZIER_KNOTS.);
#10210 = CARTESIAN_POINT('',(27.472997907033,-138.5770412917,
    86.345605690349));
#10211 = CARTESIAN_POINT('',(27.456189377223,-138.8459695463,
    86.349563549687));
#10212 = CARTESIAN_POINT('',(27.431421254753,-139.117188197,
    86.355254064244));
#10213 = CARTESIAN_POINT('',(27.398441221149,-139.389146752,
    86.361964224508));
#10214 = ORIENTED_EDGE('',*,*,#10215,.T.);
#10215 = EDGE_CURVE('',#10207,#8816,#10216,.T.);
#10216 = LINE('',#10217,#10218);
#10217 = CARTESIAN_POINT('',(27.472997907039,-104.1027065412,
    86.345605690348));
#10218 = VECTOR('',#10219,1.);
#10219 = DIRECTION('',(2.6E-15,1.,-1.2E-15));
#10220 = CYLINDRICAL_SURFACE('',#10221,2.5);
#10221 = AXIS2_PLACEMENT_3D('',#10222,#10223,#10224);
#10222 = CARTESIAN_POINT('',(26.900000229494,-104.1027065412,
    83.912156767209));
#10223 = DIRECTION('',(-2.6E-15,-1.,1.2E-15));
#10224 = DIRECTION('',(1.,-2.6E-15,-2.E-15));
#10225 = ADVANCED_FACE('',(#10226),#10269,.T.);
#10226 = FACE_BOUND('',#10227,.T.);
#10227 = EDGE_LOOP('',(#10228,#10236,#10244,#10252,#10260,#10266,#10267,
    #10268));
#10228 = ORIENTED_EDGE('',*,*,#10229,.T.);
#10229 = EDGE_CURVE('',#6997,#10230,#10232,.T.);
#10230 = VERTEX_POINT('',#10231);
#10231 = CARTESIAN_POINT('',(20.169713855879,-150.013142062,
    96.723302967059));
#10232 = LINE('',#10233,#10234);
#10233 = CARTESIAN_POINT('',(20.169713855879,-150.013142062,
    76.912157325842));
#10234 = VECTOR('',#10235,1.);
#10235 = DIRECTION('',(-2.41E-15,-2.51E-15,-1.));
#10236 = ORIENTED_EDGE('',*,*,#10237,.T.);
#10237 = EDGE_CURVE('',#10230,#10238,#10240,.T.);
#10238 = VERTEX_POINT('',#10239);
#10239 = CARTESIAN_POINT('',(20.016635669418,-150.013142062,
    96.812137688351));
#10240 = LINE('',#10241,#10242);
#10241 = CARTESIAN_POINT('',(15.287658999314,-150.013142062,
    99.55646941973));
#10242 = VECTOR('',#10243,1.);
#10243 = DIRECTION('',(-0.864910093119,1.81E-15,0.501926818193));
#10244 = ORIENTED_EDGE('',*,*,#10245,.T.);
#10245 = EDGE_CURVE('',#10238,#10246,#10248,.T.);
#10246 = VERTEX_POINT('',#10247);
#10247 = CARTESIAN_POINT('',(12.139571769205,-150.013142062,
    96.812137688351));
#10248 = LINE('',#10249,#10250);
#10249 = CARTESIAN_POINT('',(8.05838995768,-150.013142062,
    96.812137688351));
#10250 = VECTOR('',#10251,1.);
#10251 = DIRECTION('',(-1.,1.67E-15,3.1E-16));
#10252 = ORIENTED_EDGE('',*,*,#10253,.T.);
#10253 = EDGE_CURVE('',#10246,#10254,#10256,.T.);
#10254 = VERTEX_POINT('',#10255);
#10255 = CARTESIAN_POINT('',(12.139571769205,-150.013142062,
    110.63613134001));
#10256 = LINE('',#10257,#10258);
#10257 = CARTESIAN_POINT('',(12.139571769205,-150.013142062,
    93.100156647297));
#10258 = VECTOR('',#10259,1.);
#10259 = DIRECTION('',(3.1E-16,7.4E-16,1.));
#10260 = ORIENTED_EDGE('',*,*,#10261,.F.);
#10261 = EDGE_CURVE('',#6927,#10254,#10262,.T.);
#10262 = LINE('',#10263,#10264);
#10263 = CARTESIAN_POINT('',(16.514686511648,-150.013142062,
    106.26101659757));
#10264 = VECTOR('',#10265,1.);
#10265 = DIRECTION('',(-0.707106781187,1.7E-15,0.707106781187));
#10266 = ORIENTED_EDGE('',*,*,#6950,.F.);
#10267 = ORIENTED_EDGE('',*,*,#6981,.T.);
#10268 = ORIENTED_EDGE('',*,*,#7005,.F.);
#10269 = PLANE('',#10270);
#10270 = AXIS2_PLACEMENT_3D('',#10271,#10272,#10273);
#10271 = CARTESIAN_POINT('',(-1.083219988566,-150.013142062,
    81.912156647297));
#10272 = DIRECTION('',(1.67E-15,1.,-7.4E-16));
#10273 = DIRECTION('',(-1.,1.67E-15,3.1E-16));
#10274 = ADVANCED_FACE('',(#10275),#10300,.T.);
#10275 = FACE_BOUND('',#10276,.T.);
#10276 = EDGE_LOOP('',(#10277,#10285,#10286,#10294));
#10277 = ORIENTED_EDGE('',*,*,#10278,.F.);
#10278 = EDGE_CURVE('',#10254,#10279,#10281,.T.);
#10279 = VERTEX_POINT('',#10280);
#10280 = CARTESIAN_POINT('',(12.139571769205,-143.942143113,
    110.63613134001));
#10281 = LINE('',#10282,#10283);
#10282 = CARTESIAN_POINT('',(12.139571769205,-147.1465427272,
    110.63613134001));
#10283 = VECTOR('',#10284,1.);
#10284 = DIRECTION('',(1.28E-15,1.,-1.079E-14));
#10285 = ORIENTED_EDGE('',*,*,#10253,.F.);
#10286 = ORIENTED_EDGE('',*,*,#10287,.T.);
#10287 = EDGE_CURVE('',#10246,#10288,#10290,.T.);
#10288 = VERTEX_POINT('',#10289);
#10289 = CARTESIAN_POINT('',(12.139571769205,-143.942143113,
    96.812137688351));
#10290 = LINE('',#10291,#10292);
#10291 = CARTESIAN_POINT('',(12.139571769205,-140.3386409402,
    96.812137688351));
#10292 = VECTOR('',#10293,1.);
#10293 = DIRECTION('',(1.28E-15,1.,-7.4E-16));
#10294 = ORIENTED_EDGE('',*,*,#10295,.F.);
#10295 = EDGE_CURVE('',#10279,#10288,#10296,.T.);
#10296 = LINE('',#10297,#10298);
#10297 = CARTESIAN_POINT('',(12.139571769205,-143.942143113,
    99.994240742976));
#10298 = VECTOR('',#10299,1.);
#10299 = DIRECTION('',(-3.1E-16,-4.1E-16,-1.));
#10300 = PLANE('',#10301);
#10301 = AXIS2_PLACEMENT_3D('',#10302,#10303,#10304);
#10302 = CARTESIAN_POINT('',(12.139571769205,-144.2881403128,
    104.28815664729));
#10303 = DIRECTION('',(1.,-1.28E-15,-3.1E-16));
#10304 = DIRECTION('',(-1.28E-15,-1.,7.4E-16));
#10305 = ADVANCED_FACE('',(#10306),#10325,.F.);
#10306 = FACE_BOUND('',#10307,.F.);
#10307 = EDGE_LOOP('',(#10308,#10316,#10317,#10318));
#10308 = ORIENTED_EDGE('',*,*,#10309,.T.);
#10309 = EDGE_CURVE('',#10310,#6905,#10312,.T.);
#10310 = VERTEX_POINT('',#10311);
#10311 = CARTESIAN_POINT('',(8.077309304218,-146.5464438875,
    110.6364933226));
#10312 = LINE('',#10313,#10314);
#10313 = CARTESIAN_POINT('',(8.077309304218,-146.5464438875,
    110.1364933226));
#10314 = VECTOR('',#10315,1.);
#10315 = DIRECTION('',(-3.1E-16,-9.3E-16,-1.));
#10316 = ORIENTED_EDGE('',*,*,#6904,.F.);
#10317 = ORIENTED_EDGE('',*,*,#10309,.F.);
#10318 = ORIENTED_EDGE('',*,*,#10319,.T.);
#10319 = EDGE_CURVE('',#10310,#10310,#10320,.T.);
#10320 = CIRCLE('',#10321,1.5);
#10321 = AXIS2_PLACEMENT_3D('',#10322,#10323,#10324);
#10322 = CARTESIAN_POINT('',(9.577309304218,-146.5464438875,
    110.6364933226));
#10323 = DIRECTION('',(-3.1E-16,-7.4E-16,-1.));
#10324 = DIRECTION('',(1.,0.,-3.1E-16));
#10325 = CYLINDRICAL_SURFACE('',#10326,1.5);
#10326 = AXIS2_PLACEMENT_3D('',#10327,#10328,#10329);
#10327 = CARTESIAN_POINT('',(9.577309304218,-146.5464438875,
    110.1364933226));
#10328 = DIRECTION('',(-3.1E-16,-9.3E-16,-1.));
#10329 = DIRECTION('',(1.,0.,-3.1E-16));
#10330 = ADVANCED_FACE('',(#10331),#10375,.T.);
#10331 = FACE_BOUND('',#10332,.T.);
#10332 = EDGE_LOOP('',(#10333,#10341,#10349,#10357,#10365,#10372,#10373,
    #10374));
#10333 = ORIENTED_EDGE('',*,*,#10334,.T.);
#10334 = EDGE_CURVE('',#10279,#10335,#10337,.T.);
#10335 = VERTEX_POINT('',#10336);
#10336 = CARTESIAN_POINT('',(12.139209786616,-143.9417811304,
    110.6364933226));
#10337 = LINE('',#10338,#10339);
#10338 = CARTESIAN_POINT('',(15.090232955552,-146.8928049746,
    107.68547015367));
#10339 = VECTOR('',#10340,1.);
#10340 = DIRECTION('',(-0.577350225151,0.577350357267,0.577350225151));
#10341 = ORIENTED_EDGE('',*,*,#10342,.T.);
#10342 = EDGE_CURVE('',#10335,#10343,#10345,.T.);
#10343 = VERTEX_POINT('',#10344);
#10344 = CARTESIAN_POINT('',(12.139209786616,-151.7039662394,
    110.6364933226));
#10345 = LINE('',#10346,#10347);
#10346 = CARTESIAN_POINT('',(12.139209786616,-150.0049451415,
    110.6364933226));
#10347 = VECTOR('',#10348,1.);
#10348 = DIRECTION('',(8.77E-15,-1.,7.4E-16));
#10349 = ORIENTED_EDGE('',*,*,#10350,.T.);
#10350 = EDGE_CURVE('',#10343,#10351,#10353,.T.);
#10351 = VERTEX_POINT('',#10352);
#10352 = CARTESIAN_POINT('',(13.489999965461,-151.703962668,
    109.28570314461));
#10353 = LINE('',#10354,#10355);
#10354 = CARTESIAN_POINT('',(14.660491406614,-151.7039662394,
    108.11521170261));
#10355 = VECTOR('',#10356,1.);
#10356 = DIRECTION('',(0.707106781187,4.147E-14,-0.707106781187));
#10357 = ORIENTED_EDGE('',*,*,#10358,.T.);
#10358 = EDGE_CURVE('',#10351,#10359,#10361,.T.);
#10359 = VERTEX_POINT('',#10360);
#10360 = CARTESIAN_POINT('',(13.49999996461,-151.7039662394,
    109.27570314461));
#10361 = LINE('',#10362,#10363);
#10362 = CARTESIAN_POINT('',(14.660491406614,-151.7039662394,
    108.11521170261));
#10363 = VECTOR('',#10364,1.);
#10364 = DIRECTION('',(0.707106781187,4.147E-14,-0.707106781187));
#10365 = ORIENTED_EDGE('',*,*,#10366,.T.);
#10366 = EDGE_CURVE('',#10359,#6925,#10367,.T.);
#10367 = ELLIPSE('',#10368,19.799363254127,14.000264020169);
#10368 = AXIS2_PLACEMENT_3D('',#10369,#10370,#10371);
#10369 = CARTESIAN_POINT('',(13.49999996461,-137.7037022192,
    109.27570314461));
#10370 = DIRECTION('',(0.707106781187,6.72E-15,0.707106781187));
#10371 = DIRECTION('',(0.707106781187,3.18E-15,-0.707106781187));
#10372 = ORIENTED_EDGE('',*,*,#6924,.T.);
#10373 = ORIENTED_EDGE('',*,*,#10261,.T.);
#10374 = ORIENTED_EDGE('',*,*,#10278,.T.);
#10375 = PLANE('',#10376);
#10376 = AXIS2_PLACEMENT_3D('',#10377,#10378,#10379);
#10377 = CARTESIAN_POINT('',(13.139209786616,-150.0049451415,
    109.6364933226));
#10378 = DIRECTION('',(0.707106781187,6.72E-15,0.707106781187));
#10379 = DIRECTION('',(0.707106781187,-1.7E-16,-0.707106781187));
#10380 = ADVANCED_FACE('',(#10381,#10421),#10425,.T.);
#10381 = FACE_BOUND('',#10382,.T.);
#10382 = EDGE_LOOP('',(#10383,#10384,#10385,#10386,#10394,#10403,#10410,
    #10411,#10412,#10413,#10414,#10415));
#10383 = ORIENTED_EDGE('',*,*,#7154,.F.);
#10384 = ORIENTED_EDGE('',*,*,#7219,.T.);
#10385 = ORIENTED_EDGE('',*,*,#10156,.T.);
#10386 = ORIENTED_EDGE('',*,*,#10387,.T.);
#10387 = EDGE_CURVE('',#10157,#10388,#10390,.T.);
#10388 = VERTEX_POINT('',#10389);
#10389 = CARTESIAN_POINT('',(24.606801478977,-146.2269851991,
    90.270818328033));
#10390 = LINE('',#10391,#10392);
#10391 = CARTESIAN_POINT('',(24.606801478977,-146.2269851991,
    76.912157325842));
#10392 = VECTOR('',#10393,1.);
#10393 = DIRECTION('',(2.41E-15,2.51E-15,1.));
#10394 = ORIENTED_EDGE('',*,*,#10395,.T.);
#10395 = EDGE_CURVE('',#10388,#10396,#10398,.T.);
#10396 = VERTEX_POINT('',#10397);
#10397 = CARTESIAN_POINT('',(21.291748554499,-149.335385096,
    96.072160945869));
#10398 = ELLIPSE('',#10399,28.218434268709,14.000264020169);
#10399 = AXIS2_PLACEMENT_3D('',#10400,#10401,#10402);
#10400 = CARTESIAN_POINT('',(13.49999996461,-137.7037022192,
    109.70772097817));
#10401 = DIRECTION('',(-0.868243142124,-8.32E-15,-0.496138938357));
#10402 = DIRECTION('',(0.496138938357,1.87E-15,-0.868243142124));
#10403 = ORIENTED_EDGE('',*,*,#10404,.F.);
#10404 = EDGE_CURVE('',#10230,#10396,#10405,.T.);
#10405 = ELLIPSE('',#10406,16.186958773586,14.000264020169);
#10406 = AXIS2_PLACEMENT_3D('',#10407,#10408,#10409);
#10407 = CARTESIAN_POINT('',(13.49999996461,-137.7037022192,
    100.5938882433));
#10408 = DIRECTION('',(0.501926818193,5.23E-15,0.864910093119));
#10409 = DIRECTION('',(0.864910093119,4.02E-15,-0.501926818193));
#10410 = ORIENTED_EDGE('',*,*,#10229,.F.);
#10411 = ORIENTED_EDGE('',*,*,#6996,.T.);
#10412 = ORIENTED_EDGE('',*,*,#6964,.T.);
#10413 = ORIENTED_EDGE('',*,*,#6934,.T.);
#10414 = ORIENTED_EDGE('',*,*,#10366,.F.);
#10415 = ORIENTED_EDGE('',*,*,#10416,.F.);
#10416 = EDGE_CURVE('',#7157,#10359,#10417,.T.);
#10417 = LINE('',#10418,#10419);
#10418 = CARTESIAN_POINT('',(13.49999996461,-151.7039662394,
    76.912157325842));
#10419 = VECTOR('',#10420,1.);
#10420 = DIRECTION('',(2.41E-15,2.51E-15,1.));
#10421 = FACE_BOUND('',#10422,.T.);
#10422 = EDGE_LOOP('',(#10423,#10424));
#10423 = ORIENTED_EDGE('',*,*,#5064,.T.);
#10424 = ORIENTED_EDGE('',*,*,#5041,.T.);
#10425 = CYLINDRICAL_SURFACE('',#10426,14.000264020169);
#10426 = AXIS2_PLACEMENT_3D('',#10427,#10428,#10429);
#10427 = CARTESIAN_POINT('',(13.49999996461,-137.7037022192,
    76.912157325842));
#10428 = DIRECTION('',(2.41E-15,2.51E-15,1.));
#10429 = DIRECTION('',(0.999981160321,-6.138322554934E-03,
    -2.39454740676E-15));
#10430 = ADVANCED_FACE('',(#10431),#10480,.T.);
#10431 = FACE_BOUND('',#10432,.T.);
#10432 = EDGE_LOOP('',(#10433,#10434,#10440,#10441,#10449,#10457,#10465,
    #10473,#10479));
#10433 = ORIENTED_EDGE('',*,*,#7140,.F.);
#10434 = ORIENTED_EDGE('',*,*,#10435,.T.);
#10435 = EDGE_CURVE('',#7116,#7166,#10436,.T.);
#10436 = LINE('',#10437,#10438);
#10437 = CARTESIAN_POINT('',(-12.0412701999,-151.3039662394,
    81.912156647297));
#10438 = VECTOR('',#10439,1.);
#10439 = DIRECTION('',(1.,6.116E-14,-3.1E-16));
#10440 = ORIENTED_EDGE('',*,*,#7165,.F.);
#10441 = ORIENTED_EDGE('',*,*,#10442,.T.);
#10442 = EDGE_CURVE('',#7157,#10443,#10445,.T.);
#10443 = VERTEX_POINT('',#10444);
#10444 = CARTESIAN_POINT('',(13.489999965461,-151.703962668,
    82.312153075936));
#10445 = LINE('',#10446,#10447);
#10446 = CARTESIAN_POINT('',(-12.0412701999,-151.7039662394,
    82.312156647297));
#10447 = VECTOR('',#10448,1.);
#10448 = DIRECTION('',(-1.,-6.116E-14,3.1E-16));
#10449 = ORIENTED_EDGE('',*,*,#10450,.T.);
#10450 = EDGE_CURVE('',#10443,#10451,#10453,.T.);
#10451 = VERTEX_POINT('',#10452);
#10452 = CARTESIAN_POINT('',(-13.49042829228,-151.703962668,
    82.31215307593));
#10453 = LINE('',#10454,#10455);
#10454 = CARTESIAN_POINT('',(-12.0412701999,-151.7039662394,
    82.312156647297));
#10455 = VECTOR('',#10456,1.);
#10456 = DIRECTION('',(-1.,-6.116E-14,3.1E-16));
#10457 = ORIENTED_EDGE('',*,*,#10458,.T.);
#10458 = EDGE_CURVE('',#10451,#10459,#10461,.T.);
#10459 = VERTEX_POINT('',#10460);
#10460 = CARTESIAN_POINT('',(-13.50042829143,-151.7039662394,
    82.312156647297));
#10461 = LINE('',#10462,#10463);
#10462 = CARTESIAN_POINT('',(-12.0412701999,-151.7039662394,
    82.312156647297));
#10463 = VECTOR('',#10464,1.);
#10464 = DIRECTION('',(-1.,-6.116E-14,3.1E-16));
#10465 = ORIENTED_EDGE('',*,*,#10466,.T.);
#10466 = EDGE_CURVE('',#10459,#10467,#10469,.T.);
#10467 = VERTEX_POINT('',#10468);
#10468 = CARTESIAN_POINT('',(-13.50042829143,-151.3039662394,
    81.912156647297));
#10469 = LINE('',#10470,#10471);
#10470 = CARTESIAN_POINT('',(-13.50042829143,-151.7039662394,
    82.312156647297));
#10471 = VECTOR('',#10472,1.);
#10472 = DIRECTION('',(2.3729E-13,0.707106781187,-0.707106781186));
#10473 = ORIENTED_EDGE('',*,*,#10474,.T.);
#10474 = EDGE_CURVE('',#10467,#7114,#10475,.T.);
#10475 = LINE('',#10476,#10477);
#10476 = CARTESIAN_POINT('',(-12.0412701999,-151.3039662394,
    81.912156647297));
#10477 = VECTOR('',#10478,1.);
#10478 = DIRECTION('',(1.,6.116E-14,-3.1E-16));
#10479 = ORIENTED_EDGE('',*,*,#7124,.F.);
#10480 = PLANE('',#10481);
#10481 = AXIS2_PLACEMENT_3D('',#10482,#10483,#10484);
#10482 = CARTESIAN_POINT('',(-12.0412701999,-151.5039662394,
    82.112156647297));
#10483 = DIRECTION('',(4.303E-14,-0.707106781187,-0.707106781187));
#10484 = DIRECTION('',(1.,6.116180479446E-14,-3.081952055429E-16));
#10485 = ADVANCED_FACE('',(#10486),#10505,.F.);
#10486 = FACE_BOUND('',#10487,.F.);
#10487 = EDGE_LOOP('',(#10488,#10496,#10497,#10498));
#10488 = ORIENTED_EDGE('',*,*,#10489,.T.);
#10489 = EDGE_CURVE('',#10490,#7021,#10492,.T.);
#10490 = VERTEX_POINT('',#10491);
#10491 = CARTESIAN_POINT('',(-11.07773763104,-146.5464438875,
    110.6364933226));
#10492 = LINE('',#10493,#10494);
#10493 = CARTESIAN_POINT('',(-11.07773763104,-146.5464438875,
    110.1364933226));
#10494 = VECTOR('',#10495,1.);
#10495 = DIRECTION('',(-3.1E-16,-9.3E-16,-1.));
#10496 = ORIENTED_EDGE('',*,*,#7020,.F.);
#10497 = ORIENTED_EDGE('',*,*,#10489,.F.);
#10498 = ORIENTED_EDGE('',*,*,#10499,.T.);
#10499 = EDGE_CURVE('',#10490,#10490,#10500,.T.);
#10500 = CIRCLE('',#10501,1.5);
#10501 = AXIS2_PLACEMENT_3D('',#10502,#10503,#10504);
#10502 = CARTESIAN_POINT('',(-9.577737631043,-146.5464438875,
    110.6364933226));
#10503 = DIRECTION('',(-3.1E-16,-7.4E-16,-1.));
#10504 = DIRECTION('',(1.,0.,-3.1E-16));
#10505 = CYLINDRICAL_SURFACE('',#10506,1.5);
#10506 = AXIS2_PLACEMENT_3D('',#10507,#10508,#10509);
#10507 = CARTESIAN_POINT('',(-9.577737631043,-146.5464438875,
    110.1364933226));
#10508 = DIRECTION('',(-3.1E-16,-9.3E-16,-1.));
#10509 = DIRECTION('',(1.,0.,-3.1E-16));
#10510 = ADVANCED_FACE('',(#10511,#10701,#10704,#10707,#10710,#10744,
    #10764,#10776,#10782,#10788,#10800,#10806,#10824),#10827,.F.);
#10511 = FACE_BOUND('',#10512,.F.);
#10512 = EDGE_LOOP('',(#10513,#10523,#10531,#10537,#10538,#10546,#10552,
    #10553,#10554,#10555,#10556,#10557,#10558,#10559,#10567,#10573,
    #10574,#10582,#10590,#10598,#10607,#10615,#10624,#10632,#10638,
    #10639,#10640,#10646,#10647,#10648,#10649,#10650,#10651,#10659,
    #10666,#10667,#10668,#10669,#10670,#10671,#10672,#10673,#10674,
    #10675,#10676,#10677,#10678,#10686,#10695));
#10513 = ORIENTED_EDGE('',*,*,#10514,.T.);
#10514 = EDGE_CURVE('',#10515,#10517,#10519,.T.);
#10515 = VERTEX_POINT('',#10516);
#10516 = CARTESIAN_POINT('',(23.987236431571,-87.11109176526,
    81.912159577497));
#10517 = VERTEX_POINT('',#10518);
#10518 = CARTESIAN_POINT('',(24.621322014642,-86.94079610274,
    81.912159577499));
#10519 = LINE('',#10520,#10521);
#10520 = CARTESIAN_POINT('',(-4.174247296074,-94.65654564514,
    81.9121595775));
#10521 = VECTOR('',#10522,1.);
#10522 = DIRECTION('',(0.965925826289,0.258819045103,-2.183E-14));
#10523 = ORIENTED_EDGE('',*,*,#10524,.F.);
#10524 = EDGE_CURVE('',#10525,#10517,#10527,.T.);
#10525 = VERTEX_POINT('',#10526);
#10526 = CARTESIAN_POINT('',(25.877027178954,-86.60433091803,
    81.912146791093));
#10527 = LINE('',#10528,#10529);
#10528 = CARTESIAN_POINT('',(11.670419869536,-90.41097987378,
    81.912146791095));
#10529 = VECTOR('',#10530,1.);
#10530 = DIRECTION('',(-0.965925826289,-0.258819045103,8.449E-14));
#10531 = ORIENTED_EDGE('',*,*,#10532,.F.);
#10532 = EDGE_CURVE('',#8755,#10525,#10533,.T.);
#10533 = LINE('',#10534,#10535);
#10534 = CARTESIAN_POINT('',(11.670419869536,-90.41097987378,
    81.912146791095));
#10535 = VECTOR('',#10536,1.);
#10536 = DIRECTION('',(-0.965925826289,-0.258819045103,8.454E-14));
#10537 = ORIENTED_EDGE('',*,*,#8752,.F.);
#10538 = ORIENTED_EDGE('',*,*,#10539,.F.);
#10539 = EDGE_CURVE('',#10540,#8753,#10542,.T.);
#10540 = VERTEX_POINT('',#10541);
#10541 = CARTESIAN_POINT('',(25.877027178949,-84.2051137453,
    81.912156647298));
#10542 = LINE('',#10543,#10544);
#10543 = CARTESIAN_POINT('',(-5.291377416985,-84.20511374575,
    81.912156647298));
#10544 = VECTOR('',#10545,1.);
#10545 = DIRECTION('',(1.,1.444115E-11,-3.3E-16));
#10546 = ORIENTED_EDGE('',*,*,#10547,.F.);
#10547 = EDGE_CURVE('',#8691,#10540,#10548,.T.);
#10548 = LINE('',#10549,#10550);
#10549 = CARTESIAN_POINT('',(-5.291377416986,-84.20511374575,
    81.912156647298));
#10550 = VECTOR('',#10551,1.);
#10551 = DIRECTION('',(1.,1.444115E-11,-3.3E-16));
#10552 = ORIENTED_EDGE('',*,*,#8698,.T.);
#10553 = ORIENTED_EDGE('',*,*,#7404,.F.);
#10554 = ORIENTED_EDGE('',*,*,#7419,.T.);
#10555 = ORIENTED_EDGE('',*,*,#9794,.F.);
#10556 = ORIENTED_EDGE('',*,*,#7466,.F.);
#10557 = ORIENTED_EDGE('',*,*,#7083,.T.);
#10558 = ORIENTED_EDGE('',*,*,#9670,.F.);
#10559 = ORIENTED_EDGE('',*,*,#10560,.T.);
#10560 = EDGE_CURVE('',#9671,#10561,#10563,.T.);
#10561 = VERTEX_POINT('',#10562);
#10562 = CARTESIAN_POINT('',(-25.8762236331,-84.20511374536,
    81.912156648665));
#10563 = LINE('',#10564,#10565);
#10564 = CARTESIAN_POINT('',(5.292180962668,-84.20511374573,
    81.912156647018));
#10565 = VECTOR('',#10566,1.);
#10566 = DIRECTION('',(-1.,1.214084E-11,5.285414E-11));
#10567 = ORIENTED_EDGE('',*,*,#10568,.T.);
#10568 = EDGE_CURVE('',#10561,#9639,#10569,.T.);
#10569 = LINE('',#10570,#10571);
#10570 = CARTESIAN_POINT('',(5.292180962668,-84.20511374573,
    81.912156647018));
#10571 = VECTOR('',#10572,1.);
#10572 = DIRECTION('',(-1.,1.214084E-11,5.285414E-11));
#10573 = ORIENTED_EDGE('',*,*,#9646,.T.);
#10574 = ORIENTED_EDGE('',*,*,#10575,.T.);
#10575 = EDGE_CURVE('',#9647,#10576,#10578,.T.);
#10576 = VERTEX_POINT('',#10577);
#10577 = CARTESIAN_POINT('',(-25.8762236331,-86.60433091813,
    81.912146792461));
#10578 = LINE('',#10579,#10580);
#10579 = CARTESIAN_POINT('',(-11.66961632384,-90.4109798738,
    81.912146791712));
#10580 = VECTOR('',#10581,1.);
#10581 = DIRECTION('',(0.96592582629,-0.2588190451,-5.096896E-11));
#10582 = ORIENTED_EDGE('',*,*,#10583,.T.);
#10583 = EDGE_CURVE('',#10576,#10584,#10586,.T.);
#10584 = VERTEX_POINT('',#10585);
#10585 = CARTESIAN_POINT('',(-24.62051846895,-86.9407961028,
    81.912159577499));
#10586 = LINE('',#10587,#10588);
#10587 = CARTESIAN_POINT('',(-11.66961632384,-90.4109798738,
    81.912146791712));
#10588 = VECTOR('',#10589,1.);
#10589 = DIRECTION('',(0.96592582629,-0.2588190451,-5.096901E-11));
#10590 = ORIENTED_EDGE('',*,*,#10591,.T.);
#10591 = EDGE_CURVE('',#10584,#10592,#10594,.T.);
#10592 = VERTEX_POINT('',#10593);
#10593 = CARTESIAN_POINT('',(-24.02939939777,-87.09918598055,
    81.912159577499));
#10594 = LINE('',#10595,#10596);
#10595 = CARTESIAN_POINT('',(3.539906359546,-94.48635919404,
    81.9121595775));
#10596 = VECTOR('',#10597,1.);
#10597 = DIRECTION('',(0.96592582629,-0.2588190451,1.957E-14));
#10598 = ORIENTED_EDGE('',*,*,#10599,.T.);
#10599 = EDGE_CURVE('',#10592,#10600,#10602,.T.);
#10600 = VERTEX_POINT('',#10601);
#10601 = CARTESIAN_POINT('',(-24.04126244926,-87.11111374602,
    81.912159577502));
#10602 = CIRCLE('',#10603,12.);
#10603 = AXIS2_PLACEMENT_3D('',#10604,#10605,#10606);
#10604 = CARTESIAN_POINT('',(-15.52700209297,-95.56731682928,
    81.912159577503));
#10605 = DIRECTION('',(1.2E-15,7.987E-14,1.));
#10606 = DIRECTION('',(-8.142047127141E-03,0.999966852985,
    -7.985758209135E-14));
#10607 = ORIENTED_EDGE('',*,*,#10608,.F.);
#10608 = EDGE_CURVE('',#10609,#10600,#10611,.T.);
#10609 = VERTEX_POINT('',#10610);
#10610 = CARTESIAN_POINT('',(-24.04126244924,-88.09611374602,
    81.912159577502));
#10611 = LINE('',#10612,#10613);
#10612 = CARTESIAN_POINT('',(-24.04126244924,-88.09611374602,
    81.912159577501));
#10613 = VECTOR('',#10614,1.);
#10614 = DIRECTION('',(-1.443919E-11,1.,1.05189E-12));
#10615 = ORIENTED_EDGE('',*,*,#10616,.T.);
#10616 = EDGE_CURVE('',#10609,#10617,#10619,.T.);
#10617 = VERTEX_POINT('',#10618);
#10618 = CARTESIAN_POINT('',(-27.50042870029,-95.75415940202,
    81.912156648751));
#10619 = CIRCLE('',#10620,12.);
#10620 = AXIS2_PLACEMENT_3D('',#10621,#10622,#10623);
#10621 = CARTESIAN_POINT('',(-15.52700209296,-96.55231682928,
    81.912159577503));
#10622 = DIRECTION('',(1.2E-15,7.987E-14,1.));
#10623 = DIRECTION('',(-8.142047127141E-03,0.999966852985,
    -7.985758209135E-14));
#10624 = ORIENTED_EDGE('',*,*,#10625,.T.);
#10625 = EDGE_CURVE('',#10617,#10626,#10628,.T.);
#10626 = VERTEX_POINT('',#10627);
#10627 = CARTESIAN_POINT('',(-27.50042870028,-101.8917771149,
    81.912156648751));
#10628 = LINE('',#10629,#10630);
#10629 = CARTESIAN_POINT('',(-27.5004287002,-136.8585294813,
    81.912156648751));
#10630 = VECTOR('',#10631,1.);
#10631 = DIRECTION('',(2.30197E-12,-1.,1.28E-15));
#10632 = ORIENTED_EDGE('',*,*,#10633,.T.);
#10633 = EDGE_CURVE('',#10626,#9561,#10634,.T.);
#10634 = LINE('',#10635,#10636);
#10635 = CARTESIAN_POINT('',(-27.5004287002,-136.8585294813,
    81.912156648751));
#10636 = VECTOR('',#10637,1.);
#10637 = DIRECTION('',(2.30197E-12,-1.,1.08E-15));
#10638 = ORIENTED_EDGE('',*,*,#9570,.F.);
#10639 = ORIENTED_EDGE('',*,*,#8566,.T.);
#10640 = ORIENTED_EDGE('',*,*,#10641,.T.);
#10641 = EDGE_CURVE('',#8569,#8543,#10642,.T.);
#10642 = LINE('',#10643,#10644);
#10643 = CARTESIAN_POINT('',(-24.39919668365,-116.2790952803,
    81.912159577502));
#10644 = VECTOR('',#10645,1.);
#10645 = DIRECTION('',(2.30039E-12,-1.,7.968E-14));
#10646 = ORIENTED_EDGE('',*,*,#8550,.T.);
#10647 = ORIENTED_EDGE('',*,*,#8503,.T.);
#10648 = ORIENTED_EDGE('',*,*,#8478,.F.);
#10649 = ORIENTED_EDGE('',*,*,#8448,.F.);
#10650 = ORIENTED_EDGE('',*,*,#8389,.T.);
#10651 = ORIENTED_EDGE('',*,*,#10652,.F.);
#10652 = EDGE_CURVE('',#10653,#8392,#10655,.T.);
#10653 = VERTEX_POINT('',#10654);
#10654 = CARTESIAN_POINT('',(-24.39919668358,-145.8390638372,
    81.912159577478));
#10655 = LINE('',#10656,#10657);
#10656 = CARTESIAN_POINT('',(-24.39919668365,-116.2790952803,
    81.912159577475));
#10657 = VECTOR('',#10658,1.);
#10658 = DIRECTION('',(-2.30039E-12,1.,-7.968E-14));
#10659 = ORIENTED_EDGE('',*,*,#10660,.F.);
#10660 = EDGE_CURVE('',#10467,#10653,#10661,.T.);
#10661 = CIRCLE('',#10662,13.600264020169);
#10662 = AXIS2_PLACEMENT_3D('',#10663,#10664,#10665);
#10663 = CARTESIAN_POINT('',(-13.50042829143,-137.7037022192,
    81.912156647297));
#10664 = DIRECTION('',(2.44E-15,-7.4E-16,-1.));
#10665 = DIRECTION('',(-0.999981160321,-6.138322554599E-03,
    -2.435411672492E-15));
#10666 = ORIENTED_EDGE('',*,*,#10474,.T.);
#10667 = ORIENTED_EDGE('',*,*,#7113,.T.);
#10668 = ORIENTED_EDGE('',*,*,#10435,.T.);
#10669 = ORIENTED_EDGE('',*,*,#7173,.T.);
#10670 = ORIENTED_EDGE('',*,*,#7197,.F.);
#10671 = ORIENTED_EDGE('',*,*,#7235,.T.);
#10672 = ORIENTED_EDGE('',*,*,#7251,.F.);
#10673 = ORIENTED_EDGE('',*,*,#7276,.F.);
#10674 = ORIENTED_EDGE('',*,*,#7301,.T.);
#10675 = ORIENTED_EDGE('',*,*,#7323,.T.);
#10676 = ORIENTED_EDGE('',*,*,#7349,.T.);
#10677 = ORIENTED_EDGE('',*,*,#8801,.F.);
#10678 = ORIENTED_EDGE('',*,*,#10679,.T.);
#10679 = EDGE_CURVE('',#8786,#10680,#10682,.T.);
#10680 = VERTEX_POINT('',#10681);
#10681 = CARTESIAN_POINT('',(27.472997907039,-96.55231682929,
    81.9121595775));
#10682 = LINE('',#10683,#10684);
#10683 = CARTESIAN_POINT('',(27.472997907039,-99.00390042427,
    81.9121595775));
#10684 = VECTOR('',#10685,1.);
#10685 = DIRECTION('',(1.6822E-13,1.,-7.968E-14));
#10686 = ORIENTED_EDGE('',*,*,#10687,.T.);
#10687 = EDGE_CURVE('',#10680,#10688,#10690,.T.);
#10688 = VERTEX_POINT('',#10689);
#10689 = CARTESIAN_POINT('',(23.98725826263,-88.09611374533,
    81.912159577497));
#10690 = CIRCLE('',#10691,12.);
#10691 = AXIS2_PLACEMENT_3D('',#10692,#10693,#10694);
#10692 = CARTESIAN_POINT('',(15.472997907039,-96.55231682929,
    81.912159577498));
#10693 = DIRECTION('',(1.2E-15,7.968E-14,1.));
#10694 = DIRECTION('',(8.142047127478E-03,0.999966852985,
    -7.968712930239E-14));
#10695 = ORIENTED_EDGE('',*,*,#10696,.T.);
#10696 = EDGE_CURVE('',#10688,#10515,#10697,.T.);
#10697 = LINE('',#10698,#10699);
#10698 = CARTESIAN_POINT('',(23.987258262629,-88.09611374533,
    81.912159577496));
#10699 = VECTOR('',#10700,1.);
#10700 = DIRECTION('',(-1.443919E-11,1.,1.05189E-12));
#10701 = FACE_BOUND('',#10702,.T.);
#10702 = EDGE_LOOP('',(#10703));
#10703 = ORIENTED_EDGE('',*,*,#8374,.F.);
#10704 = FACE_BOUND('',#10705,.F.);
#10705 = EDGE_LOOP('',(#10706));
#10706 = ORIENTED_EDGE('',*,*,#8339,.T.);
#10707 = FACE_BOUND('',#10708,.F.);
#10708 = EDGE_LOOP('',(#10709));
#10709 = ORIENTED_EDGE('',*,*,#8314,.F.);
#10710 = FACE_BOUND('',#10711,.T.);
#10711 = EDGE_LOOP('',(#10712,#10722,#10730,#10738));
#10712 = ORIENTED_EDGE('',*,*,#10713,.T.);
#10713 = EDGE_CURVE('',#10714,#10716,#10718,.T.);
#10714 = VERTEX_POINT('',#10715);
#10715 = CARTESIAN_POINT('',(-21.8335381767,-144.3891012419,
    81.912156647297));
#10716 = VERTEX_POINT('',#10717);
#10717 = CARTESIAN_POINT('',(-21.83353678956,-139.3891470451,
    81.912159577504));
#10718 = LINE('',#10719,#10720);
#10719 = CARTESIAN_POINT('',(-21.83353678955,-133.7296736422,
    81.912159577503));
#10720 = VECTOR('',#10721,1.);
#10721 = DIRECTION('',(3.3348E-13,1.,-1.24E-15));
#10722 = ORIENTED_EDGE('',*,*,#10723,.T.);
#10723 = EDGE_CURVE('',#10716,#10724,#10726,.T.);
#10724 = VERTEX_POINT('',#10725);
#10725 = CARTESIAN_POINT('',(-23.54745758621,-139.389146752,
    81.912156647297));
#10726 = LINE('',#10727,#10728);
#10727 = CARTESIAN_POINT('',(4.790841881871,-139.389146752,
    81.912156647297));
#10728 = VECTOR('',#10729,1.);
#10729 = DIRECTION('',(-1.,3.3348E-13,-2.44E-15));
#10730 = ORIENTED_EDGE('',*,*,#10731,.F.);
#10731 = EDGE_CURVE('',#10732,#10724,#10734,.T.);
#10732 = VERTEX_POINT('',#10733);
#10733 = CARTESIAN_POINT('',(-23.54745568369,-144.3891012419,
    81.912159577503));
#10734 = LINE('',#10735,#10736);
#10735 = CARTESIAN_POINT('',(-23.54745568368,-133.7296736422,
    81.912159577503));
#10736 = VECTOR('',#10737,1.);
#10737 = DIRECTION('',(3.3348E-13,1.,-1.24E-15));
#10738 = ORIENTED_EDGE('',*,*,#10739,.T.);
#10739 = EDGE_CURVE('',#10732,#10714,#10740,.T.);
#10740 = LINE('',#10741,#10742);
#10741 = CARTESIAN_POINT('',(-8.490457133791,-144.3891012419,
    81.912156647297));
#10742 = VECTOR('',#10743,1.);
#10743 = DIRECTION('',(1.,-3.3348E-13,2.44E-15));
#10744 = FACE_BOUND('',#10745,.F.);
#10745 = EDGE_LOOP('',(#10746,#10747,#10748,#10749,#10750,#10758));
#10746 = ORIENTED_EDGE('',*,*,#9961,.F.);
#10747 = ORIENTED_EDGE('',*,*,#9904,.F.);
#10748 = ORIENTED_EDGE('',*,*,#8248,.F.);
#10749 = ORIENTED_EDGE('',*,*,#10001,.T.);
#10750 = ORIENTED_EDGE('',*,*,#10751,.F.);
#10751 = EDGE_CURVE('',#10752,#10002,#10754,.T.);
#10752 = VERTEX_POINT('',#10753);
#10753 = CARTESIAN_POINT('',(-8.377265919741,-133.2602563986,
    81.912156647297));
#10754 = LINE('',#10755,#10756);
#10755 = CARTESIAN_POINT('',(5.290844417092,-133.2602563986,
    81.912156647297));
#10756 = VECTOR('',#10757,1.);
#10757 = DIRECTION('',(1.,-3.3315E-13,2.44E-15));
#10758 = ORIENTED_EDGE('',*,*,#10759,.F.);
#10759 = EDGE_CURVE('',#9962,#10752,#10760,.T.);
#10760 = LINE('',#10761,#10762);
#10761 = CARTESIAN_POINT('',(-8.377265789215,-125.6110453247,
    81.912156647297));
#10762 = VECTOR('',#10763,1.);
#10763 = DIRECTION('',(-1.706397552E-08,-1.,7.4E-16));
#10764 = FACE_BOUND('',#10765,.T.);
#10765 = EDGE_LOOP('',(#10766,#10767,#10768,#10769,#10770,#10771,#10772,
    #10773,#10774,#10775));
#10766 = ORIENTED_EDGE('',*,*,#8233,.T.);
#10767 = ORIENTED_EDGE('',*,*,#8209,.T.);
#10768 = ORIENTED_EDGE('',*,*,#8185,.T.);
#10769 = ORIENTED_EDGE('',*,*,#8161,.T.);
#10770 = ORIENTED_EDGE('',*,*,#8137,.T.);
#10771 = ORIENTED_EDGE('',*,*,#8113,.T.);
#10772 = ORIENTED_EDGE('',*,*,#8089,.T.);
#10773 = ORIENTED_EDGE('',*,*,#8065,.T.);
#10774 = ORIENTED_EDGE('',*,*,#8041,.T.);
#10775 = ORIENTED_EDGE('',*,*,#8017,.T.);
#10776 = FACE_BOUND('',#10777,.T.);
#10777 = EDGE_LOOP('',(#10778,#10779,#10780,#10781));
#10778 = ORIENTED_EDGE('',*,*,#7993,.T.);
#10779 = ORIENTED_EDGE('',*,*,#7969,.T.);
#10780 = ORIENTED_EDGE('',*,*,#7945,.T.);
#10781 = ORIENTED_EDGE('',*,*,#7921,.T.);
#10782 = FACE_BOUND('',#10783,.T.);
#10783 = EDGE_LOOP('',(#10784,#10785,#10786,#10787));
#10784 = ORIENTED_EDGE('',*,*,#7897,.T.);
#10785 = ORIENTED_EDGE('',*,*,#7873,.T.);
#10786 = ORIENTED_EDGE('',*,*,#7849,.T.);
#10787 = ORIENTED_EDGE('',*,*,#7825,.T.);
#10788 = FACE_BOUND('',#10789,.T.);
#10789 = EDGE_LOOP('',(#10790,#10791,#10792,#10793,#10794,#10795,#10796,
    #10797,#10798,#10799));
#10790 = ORIENTED_EDGE('',*,*,#7801,.T.);
#10791 = ORIENTED_EDGE('',*,*,#7777,.T.);
#10792 = ORIENTED_EDGE('',*,*,#7753,.T.);
#10793 = ORIENTED_EDGE('',*,*,#7729,.T.);
#10794 = ORIENTED_EDGE('',*,*,#7705,.T.);
#10795 = ORIENTED_EDGE('',*,*,#7681,.T.);
#10796 = ORIENTED_EDGE('',*,*,#7657,.T.);
#10797 = ORIENTED_EDGE('',*,*,#7633,.T.);
#10798 = ORIENTED_EDGE('',*,*,#7609,.T.);
#10799 = ORIENTED_EDGE('',*,*,#7585,.T.);
#10800 = FACE_BOUND('',#10801,.T.);
#10801 = EDGE_LOOP('',(#10802,#10803,#10804,#10805));
#10802 = ORIENTED_EDGE('',*,*,#7561,.T.);
#10803 = ORIENTED_EDGE('',*,*,#7537,.T.);
#10804 = ORIENTED_EDGE('',*,*,#7513,.T.);
#10805 = ORIENTED_EDGE('',*,*,#7489,.T.);
#10806 = FACE_BOUND('',#10807,.T.);
#10807 = EDGE_LOOP('',(#10808,#10816,#10822,#10823));
#10808 = ORIENTED_EDGE('',*,*,#10809,.T.);
#10809 = EDGE_CURVE('',#10119,#10810,#10812,.T.);
#10810 = VERTEX_POINT('',#10811);
#10811 = CARTESIAN_POINT('',(23.548259229684,-139.38914299,
    81.912159576259));
#10812 = LINE('',#10813,#10814);
#10813 = CARTESIAN_POINT('',(23.548259228888,-144.3891015349,
    81.912159577504));
#10814 = VECTOR('',#10815,1.);
#10815 = DIRECTION('',(-2.63229E-12,1.,-1.47E-15));
#10816 = ORIENTED_EDGE('',*,*,#10817,.T.);
#10817 = EDGE_CURVE('',#10810,#10077,#10818,.T.);
#10818 = LINE('',#10819,#10820);
#10819 = CARTESIAN_POINT('',(-13.05825740562,-139.3891429901,
    81.912159577504));
#10820 = VECTOR('',#10821,1.);
#10821 = DIRECTION('',(-1.,-2.63128E-12,1.2E-15));
#10822 = ORIENTED_EDGE('',*,*,#10085,.T.);
#10823 = ORIENTED_EDGE('',*,*,#10118,.T.);
#10824 = FACE_BOUND('',#10825,.T.);
#10825 = EDGE_LOOP('',(#10826));
#10826 = ORIENTED_EDGE('',*,*,#7058,.T.);
#10827 = PLANE('',#10828);
#10828 = AXIS2_PLACEMENT_3D('',#10829,#10830,#10831);
#10829 = CARTESIAN_POINT('',(-0.680345013401,-101.4554840192,
    81.9121595775));
#10830 = DIRECTION('',(1.2E-15,7.968E-14,1.));
#10831 = DIRECTION('',(-1.18E-15,-1.,7.968E-14));
#10832 = ADVANCED_FACE('',(#10833),#10852,.T.);
#10833 = FACE_BOUND('',#10834,.T.);
#10834 = EDGE_LOOP('',(#10835,#10843,#10844,#10845));
#10835 = ORIENTED_EDGE('',*,*,#10836,.T.);
#10836 = EDGE_CURVE('',#10837,#10653,#10839,.T.);
#10837 = VERTEX_POINT('',#10838);
#10838 = CARTESIAN_POINT('',(-24.39919668358,-146.491434587,
    82.312156647297));
#10839 = ( BOUNDED_CURVE() B_SPLINE_CURVE(2,(#10840,#10841,#10842),
.UNSPECIFIED.,.F.,.F.) B_SPLINE_CURVE_WITH_KNOTS((3,3),(2.265230879233,
2.382367128171),.PIECEWISE_BEZIER_KNOTS.) CURVE() 
GEOMETRIC_REPRESENTATION_ITEM() RATIONAL_B_SPLINE_CURVE((1.010348951963,
1.005442050785,1.)) REPRESENTATION_ITEM('') );
#10840 = CARTESIAN_POINT('',(-24.39919668358,-146.4914345871,
    82.312156647307));
#10841 = CARTESIAN_POINT('',(-24.39919668358,-146.1605220134,
    82.104448340507));
#10842 = CARTESIAN_POINT('',(-24.39919668358,-145.8390638372,
    81.912159577476));
#10843 = ORIENTED_EDGE('',*,*,#10660,.F.);
#10844 = ORIENTED_EDGE('',*,*,#10466,.F.);
#10845 = ORIENTED_EDGE('',*,*,#10846,.F.);
#10846 = EDGE_CURVE('',#10837,#10459,#10847,.T.);
#10847 = CIRCLE('',#10848,14.000264020169);
#10848 = AXIS2_PLACEMENT_3D('',#10849,#10850,#10851);
#10849 = CARTESIAN_POINT('',(-13.50042829143,-137.7037022192,
    82.312156647297));
#10850 = DIRECTION('',(-2.44E-15,7.4E-16,1.));
#10851 = DIRECTION('',(-0.999981160321,-6.138322554599E-03,
    -2.435411672492E-15));
#10852 = CONICAL_SURFACE('',#10853,13.800264020169,0.785398163398);
#10853 = AXIS2_PLACEMENT_3D('',#10854,#10855,#10856);
#10854 = CARTESIAN_POINT('',(-13.50042829143,-137.7037022192,
    82.112156647297));
#10855 = DIRECTION('',(-2.44E-15,7.4E-16,1.));
#10856 = DIRECTION('',(-0.999981160321,-6.138322554599E-03,
    -2.435411672492E-15));
#10857 = ADVANCED_FACE('',(#10858),#10877,.T.);
#10858 = FACE_BOUND('',#10859,.T.);
#10859 = EDGE_LOOP('',(#10860,#10861,#10862,#10870));
#10860 = ORIENTED_EDGE('',*,*,#9576,.T.);
#10861 = ORIENTED_EDGE('',*,*,#8592,.F.);
#10862 = ORIENTED_EDGE('',*,*,#10863,.T.);
#10863 = EDGE_CURVE('',#8585,#10864,#10866,.T.);
#10864 = VERTEX_POINT('',#10865);
#10865 = CARTESIAN_POINT('',(-27.09919667831,-104.1027065413,
    86.404143927937));
#10866 = LINE('',#10867,#10868);
#10867 = CARTESIAN_POINT('',(-27.09919667854,-104.1027065413,
    81.912156708685));
#10868 = VECTOR('',#10869,1.);
#10869 = DIRECTION('',(5.285414E-11,1.19E-15,1.));
#10870 = ORIENTED_EDGE('',*,*,#10871,.T.);
#10871 = EDGE_CURVE('',#10864,#9577,#10872,.T.);
#10872 = ELLIPSE('',#10873,3.535533905933,2.5);
#10873 = AXIS2_PLACEMENT_3D('',#10874,#10875,#10876);
#10874 = CARTESIAN_POINT('',(-26.89919668368,-104.3027065361,
    83.91215676863));
#10875 = DIRECTION('',(-0.707106781185,-0.707106781188,3.737437E-11));
#10876 = DIRECTION('',(-0.707106781188,0.707106781185,3.737051E-11));
#10877 = PLANE('',#10878);
#10878 = AXIS2_PLACEMENT_3D('',#10879,#10880,#10881);
#10879 = CARTESIAN_POINT('',(-27.29919667854,-103.9027065413,
    81.912156708696));
#10880 = DIRECTION('',(-0.707106781185,-0.707106781188,3.737437E-11));
#10881 = DIRECTION('',(5.285514546963E-11,1.954696336114E-16,1.));
#10882 = ADVANCED_FACE('',(#10883),#10918,.T.);
#10883 = FACE_BOUND('',#10884,.T.);
#10884 = EDGE_LOOP('',(#10885,#10893,#10894,#10902,#10911));
#10885 = ORIENTED_EDGE('',*,*,#10886,.F.);
#10886 = EDGE_CURVE('',#9563,#10887,#10889,.T.);
#10887 = VERTEX_POINT('',#10888);
#10888 = CARTESIAN_POINT('',(-27.50042855112,-137.7727012755,
    86.339089522512));
#10889 = LINE('',#10890,#10891);
#10890 = CARTESIAN_POINT('',(-27.50042654542,-151.7039662395,
    86.339089522512));
#10891 = VECTOR('',#10892,1.);
#10892 = DIRECTION('',(2.24309E-12,-1.,2.78E-15));
#10893 = ORIENTED_EDGE('',*,*,#9584,.F.);
#10894 = ORIENTED_EDGE('',*,*,#10895,.T.);
#10895 = EDGE_CURVE('',#9577,#10896,#10898,.T.);
#10896 = VERTEX_POINT('',#10897);
#10897 = CARTESIAN_POINT('',(-27.49919452371,-137.9084865161,
    86.339089522512));
#10898 = LINE('',#10899,#10900);
#10899 = CARTESIAN_POINT('',(-27.49919452368,-151.7039662395,
    86.339089522512));
#10900 = VECTOR('',#10901,1.);
#10901 = DIRECTION('',(2.24309E-12,-1.,2.59E-15));
#10902 = ORIENTED_EDGE('',*,*,#10903,.T.);
#10903 = EDGE_CURVE('',#10896,#10904,#10906,.T.);
#10904 = VERTEX_POINT('',#10905);
#10905 = CARTESIAN_POINT('',(-27.50041563337,-137.7917196032,
    86.339089522512));
#10906 = CIRCLE('',#10907,14.000264020169);
#10907 = AXIS2_PLACEMENT_3D('',#10908,#10909,#10910);
#10908 = CARTESIAN_POINT('',(-13.50042829143,-137.7037022192,
    86.339089522512));
#10909 = DIRECTION('',(-5.243277E-11,-2.78E-15,-1.));
#10910 = DIRECTION('',(-0.999981160321,-6.138322554599E-03,
    5.243179924796E-11));
#10911 = ORIENTED_EDGE('',*,*,#10912,.T.);
#10912 = EDGE_CURVE('',#10904,#10887,#10913,.T.);
#10913 = CIRCLE('',#10914,14.);
#10914 = AXIS2_PLACEMENT_3D('',#10915,#10916,#10917);
#10915 = CARTESIAN_POINT('',(-13.50042855112,-137.7727012755,
    86.339089522512));
#10916 = DIRECTION('',(-5.243277E-11,-2.78E-15,-1.));
#10917 = DIRECTION('',(-1.,3.3315E-13,5.243277E-11));
#10918 = PLANE('',#10919);
#10919 = AXIS2_PLACEMENT_3D('',#10920,#10921,#10922);
#10920 = CARTESIAN_POINT('',(-27.49919452379,-103.7027065413,
    86.339089522512));
#10921 = DIRECTION('',(-5.243277E-11,-2.78E-15,-1.));
#10922 = DIRECTION('',(2.24309E-12,-1.,2.779999882389E-15));
#10923 = ADVANCED_FACE('',(#10924),#10943,.T.);
#10924 = FACE_BOUND('',#10925,.T.);
#10925 = EDGE_LOOP('',(#10926,#10927,#10928,#10936,#10942));
#10926 = ORIENTED_EDGE('',*,*,#10652,.F.);
#10927 = ORIENTED_EDGE('',*,*,#10836,.F.);
#10928 = ORIENTED_EDGE('',*,*,#10929,.F.);
#10929 = EDGE_CURVE('',#10930,#10837,#10932,.T.);
#10930 = VERTEX_POINT('',#10931);
#10931 = CARTESIAN_POINT('',(-24.39919668362,-146.491434587,
    83.91215664859));
#10932 = LINE('',#10933,#10934);
#10933 = CARTESIAN_POINT('',(-24.39919668358,-146.491434587,
    76.912157325841));
#10934 = VECTOR('',#10935,1.);
#10935 = DIRECTION('',(4.54E-15,-2.51E-15,-1.));
#10936 = ORIENTED_EDGE('',*,*,#10937,.F.);
#10937 = EDGE_CURVE('',#8401,#10930,#10938,.T.);
#10938 = LINE('',#10939,#10940);
#10939 = CARTESIAN_POINT('',(-24.39919668362,-132.6109645862,
    83.91215664859));
#10940 = VECTOR('',#10941,1.);
#10941 = DIRECTION('',(-2.83E-15,-1.,9.8E-16));
#10942 = ORIENTED_EDGE('',*,*,#8400,.F.);
#10943 = PLANE('',#10944);
#10944 = AXIS2_PLACEMENT_3D('',#10945,#10946,#10947);
#10945 = CARTESIAN_POINT('',(-24.39919668362,-131.1027065413,
    83.412156648656));
#10946 = DIRECTION('',(-1.,-2.30039E-12,1.6672E-13));
#10947 = DIRECTION('',(-2.30039E-12,1.,-1.19E-15));
#10948 = ADVANCED_FACE('',(#10949),#10975,.F.);
#10949 = FACE_BOUND('',#10950,.F.);
#10950 = EDGE_LOOP('',(#10951,#10952,#10967,#10974));
#10951 = ORIENTED_EDGE('',*,*,#8423,.F.);
#10952 = ORIENTED_EDGE('',*,*,#10953,.T.);
#10953 = EDGE_CURVE('',#8424,#10954,#10956,.T.);
#10954 = VERTEX_POINT('',#10955);
#10955 = CARTESIAN_POINT('',(-24.60012501437,-119.2747308394,
    84.894128998084));
#10956 = B_SPLINE_CURVE_WITH_KNOTS('',3,(#10957,#10958,#10959,#10960,
    #10961,#10962,#10963,#10964,#10965,#10966),.UNSPECIFIED.,.F.,.F.,(4,
    2,2,2,4),(0.,0.15142877952,0.278612509874,0.402095266992,
    0.596620798833),.UNSPECIFIED.);
#10957 = CARTESIAN_POINT('',(-21.12357190175,-115.5630357756,
    84.8941289979));
#10958 = CARTESIAN_POINT('',(-21.62833450014,-115.5630357756,
    84.894128997927));
#10959 = CARTESIAN_POINT('',(-22.13152124198,-115.654979121,
    84.89412899794));
#10960 = CARTESIAN_POINT('',(-22.9857742658,-116.0118044023,
    84.894128997984));
#10961 = CARTESIAN_POINT('',(-23.34123714754,-116.2440259196,
    84.894128998017));
#10962 = CARTESIAN_POINT('',(-23.92748346459,-116.8366208285,
    84.894128998048));
#10963 = CARTESIAN_POINT('',(-24.14659881325,-117.1772163352,
    84.89412899806));
#10964 = CARTESIAN_POINT('',(-24.54608885883,-118.1605455764,
    84.894128998081));
#10965 = CARTESIAN_POINT('',(-24.60012501435,-118.7788239671,
    84.894128998084));
#10966 = CARTESIAN_POINT('',(-24.60012501434,-119.2747308394,
    84.894128998084));
#10967 = ORIENTED_EDGE('',*,*,#10968,.F.);
#10968 = EDGE_CURVE('',#8401,#10954,#10969,.T.);
#10969 = ELLIPSE('',#10970,4.509249752823,2.5);
#10970 = AXIS2_PLACEMENT_3D('',#10971,#10972,#10973);
#10971 = CARTESIAN_POINT('',(-26.89919668364,-120.7487798603,
    83.91215676863));
#10972 = DIRECTION('',(7.750411E-11,-0.554415953216,0.832239719564));
#10973 = DIRECTION('',(2.743569E-11,0.832239719564,0.554415953216));
#10974 = ORIENTED_EDGE('',*,*,#8408,.F.);
#10975 = B_SPLINE_SURFACE_WITH_KNOTS('',3,3,(
    (#10976,#10977,#10978,#10979)
    ,(#10980,#10981,#10982,#10983)
    ,(#10984,#10985,#10986,#10987)
    ,(#10988,#10989,#10990,#10991)
    ,(#10992,#10993,#10994,#10995
    )),.UNSPECIFIED.,.F.,.F.,.F.,(4,1,4),(4,4),(0.,0.571428571429,1.),(
    -1.57079637474,-0.973633959157),.UNSPECIFIED.);
#10976 = CARTESIAN_POINT('',(-24.39919668364,-120.7487800401,
    83.91215664861));
#10977 = CARTESIAN_POINT('',(-24.39919665975,-120.0017742971,
    84.40979199493));
#10978 = CARTESIAN_POINT('',(-24.55204087788,-119.2563250818,
    84.906390423945));
#10979 = CARTESIAN_POINT('',(-24.83186033944,-118.6386002331,
    85.317902278994));
#10980 = CARTESIAN_POINT('',(-24.39919671237,-119.7123232448,
    83.313758038799));
#10981 = CARTESIAN_POINT('',(-24.27674799464,-119.0323042093,
    83.847735755213));
#10982 = CARTESIAN_POINT('',(-24.3438897465,-118.3350079649,
    84.448092637762));
#10983 = CARTESIAN_POINT('',(-24.59452391733,-117.7545291391,
    84.968867402051));
#10984 = CARTESIAN_POINT('',(-23.39457114962,-117.918061093,
    82.277840254257));
#10985 = CARTESIAN_POINT('',(-23.20467572552,-117.3451851011,
    83.07627918131));
#10986 = CARTESIAN_POINT('',(-23.28205225792,-116.733981822,
    83.965394562877));
#10987 = CARTESIAN_POINT('',(-23.63588866187,-116.2149013246,
    84.731814808838));
#10988 = CARTESIAN_POINT('',(-21.29679459855,-117.2846784064,
    81.912156488917));
#10989 = CARTESIAN_POINT('',(-21.24074804027,-116.615639821,
    83.072948005746));
#10990 = CARTESIAN_POINT('',(-21.54129428997,-115.9315294733,
    84.255201298787));
#10991 = CARTESIAN_POINT('',(-22.15724644674,-115.3609154637,
    85.244211647484));
#10992 = CARTESIAN_POINT('',(-20.39919668383,-117.284678425,
    81.912156456577));
#10993 = CARTESIAN_POINT('',(-20.39919662173,-116.537672682,
    83.206008357018));
#10994 = CARTESIAN_POINT('',(-20.79659158887,-115.7922234667,
    84.497164272455));
#10995 = CARTESIAN_POINT('',(-21.52412218892,-115.174498618,
    85.567095095575));
#10996 = ADVANCED_FACE('',(#10997),#11026,.T.);
#10997 = FACE_BOUND('',#10998,.T.);
#10998 = EDGE_LOOP('',(#10999,#11007,#11022,#11023,#11024,#11025));
#10999 = ORIENTED_EDGE('',*,*,#11000,.T.);
#11000 = EDGE_CURVE('',#10954,#11001,#11003,.T.);
#11001 = VERTEX_POINT('',#11002);
#11002 = CARTESIAN_POINT('',(-24.60012501439,-105.950491658,
    84.894128998082));
#11003 = LINE('',#11004,#11005);
#11004 = CARTESIAN_POINT('',(-24.60012501427,-151.7039662395,
    84.894128998086));
#11005 = VECTOR('',#11006,1.);
#11006 = DIRECTION('',(-2.24309E-12,1.,-2.4E-15));
#11007 = ORIENTED_EDGE('',*,*,#11008,.T.);
#11008 = EDGE_CURVE('',#11001,#8511,#11009,.T.);
#11009 = B_SPLINE_CURVE_WITH_KNOTS('',3,(#11010,#11011,#11012,#11013,
    #11014,#11015,#11016,#11017,#11018,#11019,#11020,#11021),
  .UNSPECIFIED.,.F.,.F.,(4,2,2,2,2,4),(0.,6.416604522435E-02,
    0.113576705945,0.159794596875,0.187242691134,0.215815480387),
  .UNSPECIFIED.);
#11010 = CARTESIAN_POINT('',(-24.60012501437,-105.950491658,
    84.894128998082));
#11011 = CARTESIAN_POINT('',(-24.60012501437,-106.1643784754,
    84.894128998083));
#11012 = CARTESIAN_POINT('',(-24.56584243774,-106.3792335297,
    84.894128998081));
#11013 = CARTESIAN_POINT('',(-24.42128217799,-106.7287329766,
    84.894128998073));
#11014 = CARTESIAN_POINT('',(-24.33216509271,-106.8658381602,
    84.894128998));
#11015 = CARTESIAN_POINT('',(-24.10680421015,-107.0900230886,
    84.894128997989));
#11016 = CARTESIAN_POINT('',(-23.97876679557,-107.1748740476,
    84.89412899805));
#11017 = CARTESIAN_POINT('',(-23.75356105571,-107.2707311136,
    84.894128998038));
#11018 = CARTESIAN_POINT('',(-23.66607374005,-107.2972668441,
    84.894128998021));
#11019 = CARTESIAN_POINT('',(-23.48346420217,-107.3334964048,
    84.894128998011));
#11020 = CARTESIAN_POINT('',(-23.38859233296,-107.3423773069,
    84.894128998019));
#11021 = CARTESIAN_POINT('',(-23.29360766161,-107.3423773069,
    84.894128998014));
#11022 = ORIENTED_EDGE('',*,*,#8510,.T.);
#11023 = ORIENTED_EDGE('',*,*,#8462,.T.);
#11024 = ORIENTED_EDGE('',*,*,#8432,.T.);
#11025 = ORIENTED_EDGE('',*,*,#10953,.T.);
#11026 = PLANE('',#11027);
#11027 = AXIS2_PLACEMENT_3D('',#11028,#11029,#11030);
#11028 = CARTESIAN_POINT('',(-18.89919668357,-107.4527065413,
    84.894128997782));
#11029 = DIRECTION('',(-5.267678E-11,-7.968E-14,-1.));
#11030 = DIRECTION('',(-2.46869E-12,1.,-7.967999986996E-14));
#11031 = ADVANCED_FACE('',(#11032),#11044,.F.);
#11032 = FACE_BOUND('',#11033,.F.);
#11033 = EDGE_LOOP('',(#11034,#11035,#11036,#11037));
#11034 = ORIENTED_EDGE('',*,*,#11008,.T.);
#11035 = ORIENTED_EDGE('',*,*,#8518,.F.);
#11036 = ORIENTED_EDGE('',*,*,#8533,.F.);
#11037 = ORIENTED_EDGE('',*,*,#11038,.F.);
#11038 = EDGE_CURVE('',#11001,#8534,#11039,.T.);
#11039 = ELLIPSE('',#11040,3.403429642777,2.5);
#11040 = AXIS2_PLACEMENT_3D('',#11041,#11042,#11043);
#11041 = CARTESIAN_POINT('',(-26.89919668368,-105.0433845682,
    83.91215676863));
#11042 = DIRECTION('',(5.9996E-11,0.734553160312,0.678551143744));
#11043 = DIRECTION('',(4.03453E-11,-0.678551143744,0.734553160312));
#11044 = B_SPLINE_SURFACE_WITH_KNOTS('',3,3,(
    (#11045,#11046,#11047,#11048)
    ,(#11049,#11050,#11051,#11052)
    ,(#11053,#11054,#11055,#11056)
    ,(#11057,#11058,#11059,#11060)
    ,(#11061,#11062,#11063,#11064
    )),.UNSPECIFIED.,.F.,.F.,.F.,(4,1,4),(4,4),(0.,0.571428571429,1.),(
    1.071010715097,1.570796374745),.UNSPECIFIED.);
#11045 = CARTESIAN_POINT('',(-24.70498337123,-106.1501358992,
    85.11025022888));
#11046 = CARTESIAN_POINT('',(-24.50538672778,-105.8124594776,
    84.744704779621));
#11047 = CARTESIAN_POINT('',(-24.39919666368,-105.4281196377,
    84.328644698306));
#11048 = CARTESIAN_POINT('',(-24.39919668368,-105.0433844575,
    83.912156648599));
#11049 = CARTESIAN_POINT('',(-24.62274037422,-106.4888006759,
    84.959628691512));
#11050 = CARTESIAN_POINT('',(-24.43831186179,-106.1642267825,
    84.560893597057));
#11051 = CARTESIAN_POINT('',(-24.36065011294,-105.7957208878,
    84.115597381006));
#11052 = CARTESIAN_POINT('',(-24.39919669445,-105.4320557558,
    83.687757169919));
#11053 = CARTESIAN_POINT('',(-24.24716723222,-107.0781975268,
    84.824412266867));
#11054 = CARTESIAN_POINT('',(-24.038567853,-106.7750566468,
    84.344721861051));
#11055 = CARTESIAN_POINT('',(-23.96310723538,-106.4350644421,
    83.810235952092));
#11056 = CARTESIAN_POINT('',(-24.02256710073,-106.104928693,
    83.299273780424));
#11057 = CARTESIAN_POINT('',(-23.64587373144,-107.3883111968,
    84.973688829084));
#11058 = CARTESIAN_POINT('',(-23.35961968212,-107.0670026656,
    84.416884642854));
#11059 = CARTESIAN_POINT('',(-23.2181372414,-106.7026625075,
    83.786743496424));
#11060 = CARTESIAN_POINT('',(-23.23579590176,-106.3424225702,
    83.162156588708));
#11061 = CARTESIAN_POINT('',(-23.38845538384,-107.4491740049,
    85.079106305031));
#11062 = CARTESIAN_POINT('',(-23.06910075432,-107.1114975833,
    84.494233586218));
#11063 = CARTESIAN_POINT('',(-22.89919665175,-106.7271577434,
    83.828537456115));
#11064 = CARTESIAN_POINT('',(-22.89919668374,-106.3424225632,
    83.16215657658));
#11065 = ADVANCED_FACE('',(#11066),#11085,.T.);
#11066 = FACE_BOUND('',#11067,.T.);
#11067 = EDGE_LOOP('',(#11068,#11069,#11070,#11071,#11079));
#11068 = ORIENTED_EDGE('',*,*,#8576,.T.);
#11069 = ORIENTED_EDGE('',*,*,#10641,.T.);
#11070 = ORIENTED_EDGE('',*,*,#8542,.F.);
#11071 = ORIENTED_EDGE('',*,*,#11072,.T.);
#11072 = EDGE_CURVE('',#8534,#11073,#11075,.T.);
#11073 = VERTEX_POINT('',#11074);
#11074 = CARTESIAN_POINT('',(-24.39919668368,-104.1027065413,
    83.912156648587));
#11075 = LINE('',#11076,#11077);
#11076 = CARTESIAN_POINT('',(-24.39919668357,-151.7039662395,
    83.91215664859));
#11077 = VECTOR('',#11078,1.);
#11078 = DIRECTION('',(-2.24309E-12,1.,-2.4E-15));
#11079 = ORIENTED_EDGE('',*,*,#11080,.T.);
#11080 = EDGE_CURVE('',#11073,#8577,#11081,.T.);
#11081 = LINE('',#11082,#11083);
#11082 = CARTESIAN_POINT('',(-24.39919668368,-104.1027065413,
    83.412156648656));
#11083 = VECTOR('',#11084,1.);
#11084 = DIRECTION('',(-1.6672E-13,-1.19E-15,-1.));
#11085 = PLANE('',#11086);
#11086 = AXIS2_PLACEMENT_3D('',#11087,#11088,#11089);
#11087 = CARTESIAN_POINT('',(-24.39919668362,-131.1027065413,
    83.412156648656));
#11088 = DIRECTION('',(-1.,-2.30039E-12,1.6672E-13));
#11089 = DIRECTION('',(-2.30039E-12,1.,-1.19E-15));
#11090 = ADVANCED_FACE('',(#11091),#11103,.T.);
#11091 = FACE_BOUND('',#11092,.T.);
#11092 = EDGE_LOOP('',(#11093,#11094,#11095,#11102));
#11093 = ORIENTED_EDGE('',*,*,#8584,.F.);
#11094 = ORIENTED_EDGE('',*,*,#11080,.F.);
#11095 = ORIENTED_EDGE('',*,*,#11096,.T.);
#11096 = EDGE_CURVE('',#11073,#10864,#11097,.T.);
#11097 = CIRCLE('',#11098,2.5);
#11098 = AXIS2_PLACEMENT_3D('',#11099,#11100,#11101);
#11099 = CARTESIAN_POINT('',(-26.89919668368,-104.1027065413,
    83.91215676863));
#11100 = DIRECTION('',(2.30164E-12,-1.,1.E-15));
#11101 = DIRECTION('',(-1.,-2.30164E-12,5.285248E-11));
#11102 = ORIENTED_EDGE('',*,*,#10863,.F.);
#11103 = PLANE('',#11104);
#11104 = AXIS2_PLACEMENT_3D('',#11105,#11106,#11107);
#11105 = CARTESIAN_POINT('',(-26.56179473783,-104.1027065413,
    81.912156768612));
#11106 = DIRECTION('',(2.30164E-12,-1.,1.E-15));
#11107 = DIRECTION('',(1.,2.30164E-12,-5.285248E-11));
#11108 = ADVANCED_FACE('',(#11109),#11128,.F.);
#11109 = FACE_BOUND('',#11110,.F.);
#11110 = EDGE_LOOP('',(#11111,#11119,#11126,#11127));
#11111 = ORIENTED_EDGE('',*,*,#11112,.T.);
#11112 = EDGE_CURVE('',#8607,#11113,#11115,.T.);
#11113 = VERTEX_POINT('',#11114);
#11114 = CARTESIAN_POINT('',(-24.06319495872,-91.85892724545,
    87.912165772622));
#11115 = LINE('',#11116,#11117);
#11116 = CARTESIAN_POINT('',(-24.06319495872,-91.85892724545,
    85.412156647298));
#11117 = VECTOR('',#11118,1.);
#11118 = DIRECTION('',(-2.03E-15,2.3E-16,1.));
#11119 = ORIENTED_EDGE('',*,*,#11120,.T.);
#11120 = EDGE_CURVE('',#11113,#11113,#11121,.T.);
#11121 = CIRCLE('',#11122,3.15);
#11122 = AXIS2_PLACEMENT_3D('',#11123,#11124,#11125);
#11123 = CARTESIAN_POINT('',(-20.91319495872,-91.85892724545,
    87.912165772622));
#11124 = DIRECTION('',(2.022E-14,5.7E-15,-1.));
#11125 = DIRECTION('',(1.,-3.3221E-13,2.022E-14));
#11126 = ORIENTED_EDGE('',*,*,#11112,.F.);
#11127 = ORIENTED_EDGE('',*,*,#8606,.T.);
#11128 = CYLINDRICAL_SURFACE('',#11129,3.15);
#11129 = AXIS2_PLACEMENT_3D('',#11130,#11131,#11132);
#11130 = CARTESIAN_POINT('',(-20.91319495872,-91.85892724545,
    85.412156647298));
#11131 = DIRECTION('',(-2.03E-15,2.3E-16,1.));
#11132 = DIRECTION('',(1.,-3.3221E-13,2.03E-15));
#11133 = ADVANCED_FACE('',(#11134),#11168,.T.);
#11134 = FACE_BOUND('',#11135,.T.);
#11135 = EDGE_LOOP('',(#11136,#11144,#11145,#11146,#11154,#11162));
#11136 = ORIENTED_EDGE('',*,*,#11137,.F.);
#11137 = EDGE_CURVE('',#8627,#11138,#11140,.T.);
#11138 = VERTEX_POINT('',#11139);
#11139 = CARTESIAN_POINT('',(16.216713538887,-88.09611374544,
    87.912156647297));
#11140 = LINE('',#11141,#11142);
#11141 = CARTESIAN_POINT('',(10.790571723285,-88.09611374552,
    83.216109707536));
#11142 = VECTOR('',#11143,1.);
#11143 = DIRECTION('',(0.75614473476,1.023593E-11,0.654404416316));
#11144 = ORIENTED_EDGE('',*,*,#9827,.T.);
#11145 = ORIENTED_EDGE('',*,*,#9819,.T.);
#11146 = ORIENTED_EDGE('',*,*,#11147,.F.);
#11147 = EDGE_CURVE('',#11148,#9812,#11150,.T.);
#11148 = VERTEX_POINT('',#11149);
#11149 = CARTESIAN_POINT('',(11.028490480157,-97.05852948128,
    87.912165772622));
#11150 = LINE('',#11151,#11152);
#11151 = CARTESIAN_POINT('',(9.737265471752,-97.05852948128,
    86.79467687252));
#11152 = VECTOR('',#11153,1.);
#11153 = DIRECTION('',(-0.756144734758,8.1E-16,-0.654404416319));
#11154 = ORIENTED_EDGE('',*,*,#11155,.T.);
#11155 = EDGE_CURVE('',#11148,#11156,#11158,.T.);
#11156 = VERTEX_POINT('',#11157);
#11157 = CARTESIAN_POINT('',(14.836103572591,-90.48104885715,
    87.912156647298));
#11158 = LINE('',#11159,#11160);
#11159 = CARTESIAN_POINT('',(0.87425423969,-114.5994680038,
    87.912165772622));
#11160 = VECTOR('',#11161,1.);
#11161 = DIRECTION('',(0.500997692803,0.865448618813,1.49E-14));
#11162 = ORIENTED_EDGE('',*,*,#11163,.T.);
#11163 = EDGE_CURVE('',#11156,#11138,#11164,.T.);
#11164 = LINE('',#11165,#11166);
#11165 = CARTESIAN_POINT('',(6.579159865091,-104.744508809,
    87.912156647297));
#11166 = VECTOR('',#11167,1.);
#11167 = DIRECTION('',(0.500997692803,0.865448618813,-9.3E-16));
#11168 = PLANE('',#11169);
#11169 = AXIS2_PLACEMENT_3D('',#11170,#11171,#11172);
#11170 = CARTESIAN_POINT('',(6.406070141328,-104.6443092704,
    87.712156647298));
#11171 = DIRECTION('',(-0.611964587131,0.35425886594,0.707106781187));
#11172 = DIRECTION('',(0.756144734758,-1.110223024625E-16,0.654404416319
    ));
#11173 = ADVANCED_FACE('',(#11174),#11192,.T.);
#11174 = FACE_BOUND('',#11175,.T.);
#11175 = EDGE_LOOP('',(#11176,#11177,#11185,#11191));
#11176 = ORIENTED_EDGE('',*,*,#11137,.T.);
#11177 = ORIENTED_EDGE('',*,*,#11178,.T.);
#11178 = EDGE_CURVE('',#11138,#11179,#11181,.T.);
#11179 = VERTEX_POINT('',#11180);
#11180 = CARTESIAN_POINT('',(16.216713538872,-87.11111374545,
    87.912156647297));
#11181 = LINE('',#11182,#11183);
#11182 = CARTESIAN_POINT('',(16.216713538886,-88.09611374545,
    87.912156647296));
#11183 = VECTOR('',#11184,1.);
#11184 = DIRECTION('',(-1.443919E-11,1.,1.05189E-12));
#11185 = ORIENTED_EDGE('',*,*,#11186,.F.);
#11186 = EDGE_CURVE('',#8635,#11179,#11187,.T.);
#11187 = LINE('',#11188,#11189);
#11188 = CARTESIAN_POINT('',(10.79057172327,-87.11111374552,
    83.216109707536));
#11189 = VECTOR('',#11190,1.);
#11190 = DIRECTION('',(0.75614473476,1.023593E-11,0.654404416316));
#11191 = ORIENTED_EDGE('',*,*,#8634,.F.);
#11192 = PLANE('',#11193);
#11193 = AXIS2_PLACEMENT_3D('',#11194,#11195,#11196);
#11194 = CARTESIAN_POINT('',(15.754525499865,-88.09611374545,
    87.512156647296));
#11195 = DIRECTION('',(-0.654404416316,-1.024445E-11,0.75614473476));
#11196 = DIRECTION('',(0.75614473476,1.023593E-11,0.654404416316));
#11197 = ADVANCED_FACE('',(#11198),#11216,.T.);
#11198 = FACE_BOUND('',#11199,.T.);
#11199 = EDGE_LOOP('',(#11200,#11201,#11209,#11215));
#11200 = ORIENTED_EDGE('',*,*,#11186,.T.);
#11201 = ORIENTED_EDGE('',*,*,#11202,.T.);
#11202 = EDGE_CURVE('',#11179,#11203,#11205,.T.);
#11203 = VERTEX_POINT('',#11204);
#11204 = CARTESIAN_POINT('',(17.898961639628,-84.20511374542,
    87.912156647297));
#11205 = LINE('',#11206,#11207);
#11206 = CARTESIAN_POINT('',(6.579159865077,-103.759508809,
    87.912156647297));
#11207 = VECTOR('',#11208,1.);
#11208 = DIRECTION('',(0.500997692803,0.865448618813,-9.3E-16));
#11209 = ORIENTED_EDGE('',*,*,#11210,.T.);
#11210 = EDGE_CURVE('',#11203,#8659,#11211,.T.);
#11211 = LINE('',#11212,#11213);
#11212 = CARTESIAN_POINT('',(11.515852809865,-84.2051137455,
    82.387903926887));
#11213 = VECTOR('',#11214,1.);
#11214 = DIRECTION('',(-0.75614473476,-1.02356E-11,-0.654404416316));
#11215 = ORIENTED_EDGE('',*,*,#8658,.T.);
#11216 = PLANE('',#11217);
#11217 = AXIS2_PLACEMENT_3D('',#11218,#11219,#11220);
#11218 = CARTESIAN_POINT('',(6.406070141314,-103.6593092704,
    87.712156647298));
#11219 = DIRECTION('',(-0.611964587131,0.35425886594,0.707106781187));
#11220 = DIRECTION('',(0.756144734758,-1.110223024625E-16,0.654404416319
    ));
#11221 = ADVANCED_FACE('',(#11222),#11253,.T.);
#11222 = FACE_BOUND('',#11223,.T.);
#11223 = EDGE_LOOP('',(#11224,#11225,#11226,#11227,#11228,#11236,#11244,
    #11250,#11251,#11252));
#11224 = ORIENTED_EDGE('',*,*,#10547,.F.);
#11225 = ORIENTED_EDGE('',*,*,#8690,.F.);
#11226 = ORIENTED_EDGE('',*,*,#8666,.T.);
#11227 = ORIENTED_EDGE('',*,*,#11210,.F.);
#11228 = ORIENTED_EDGE('',*,*,#11229,.F.);
#11229 = EDGE_CURVE('',#11230,#11203,#11232,.T.);
#11230 = VERTEX_POINT('',#11231);
#11231 = CARTESIAN_POINT('',(26.366882543082,-84.20511374529,
    87.912165772623));
#11232 = LINE('',#11233,#11234);
#11233 = CARTESIAN_POINT('',(-1.071570836674E-04,-84.20511374568,
    87.912156647297));
#11234 = VECTOR('',#11235,1.);
#11235 = DIRECTION('',(-1.,-1.444115E-11,3.3E-16));
#11236 = ORIENTED_EDGE('',*,*,#11237,.T.);
#11237 = EDGE_CURVE('',#11230,#11238,#11240,.T.);
#11238 = VERTEX_POINT('',#11239);
#11239 = CARTESIAN_POINT('',(27.225110760549,-84.20512029029,
    87.053937555155));
#11240 = LINE('',#11241,#11242);
#11241 = CARTESIAN_POINT('',(26.866901524612,-84.20512029029,
    87.412146791092));
#11242 = VECTOR('',#11243,1.);
#11243 = DIRECTION('',(0.707106781186,-1.8652E-13,-0.707106781187));
#11244 = ORIENTED_EDGE('',*,*,#11245,.T.);
#11245 = EDGE_CURVE('',#11238,#8731,#11246,.T.);
#11246 = LINE('',#11247,#11248);
#11247 = CARTESIAN_POINT('',(26.866901524612,-84.20512029029,
    87.412146791093));
#11248 = VECTOR('',#11249,1.);
#11249 = DIRECTION('',(0.707106781186,-1.8666E-13,-0.707106781187));
#11250 = ORIENTED_EDGE('',*,*,#8730,.T.);
#11251 = ORIENTED_EDGE('',*,*,#8769,.T.);
#11252 = ORIENTED_EDGE('',*,*,#10539,.F.);
#11253 = PLANE('',#11254);
#11254 = AXIS2_PLACEMENT_3D('',#11255,#11256,#11257);
#11255 = CARTESIAN_POINT('',(-2.141636582005E-04,-84.20511374568,
    96.274323314619));
#11256 = DIRECTION('',(-1.444115E-11,1.,1.04522E-12));
#11257 = DIRECTION('',(-1.,-1.444115E-11,1.6672E-13));
#11258 = ADVANCED_FACE('',(#11259),#11278,.F.);
#11259 = FACE_BOUND('',#11260,.T.);
#11260 = EDGE_LOOP('',(#11261,#11269,#11270,#11271,#11272));
#11261 = ORIENTED_EDGE('',*,*,#11262,.F.);
#11262 = EDGE_CURVE('',#8713,#11263,#11265,.T.);
#11263 = VERTEX_POINT('',#11264);
#11264 = CARTESIAN_POINT('',(26.366882543082,-86.4730745688,
    87.912165772623));
#11265 = LINE('',#11266,#11267);
#11266 = CARTESIAN_POINT('',(24.516595185401,-86.96885757206,
    89.762453130307));
#11267 = VECTOR('',#11268,1.);
#11268 = DIRECTION('',(-0.694746590607,-0.186156787897,0.694746590607));
#11269 = ORIENTED_EDGE('',*,*,#8738,.F.);
#11270 = ORIENTED_EDGE('',*,*,#11245,.F.);
#11271 = ORIENTED_EDGE('',*,*,#11237,.F.);
#11272 = ORIENTED_EDGE('',*,*,#11273,.F.);
#11273 = EDGE_CURVE('',#11263,#11230,#11274,.T.);
#11274 = LINE('',#11275,#11276);
#11275 = CARTESIAN_POINT('',(26.366882543085,-121.9849705069,
    87.912165772623));
#11276 = VECTOR('',#11277,1.);
#11277 = DIRECTION('',(-7.172E-14,1.,5.32E-15));
#11278 = PLANE('',#11279);
#11279 = AXIS2_PLACEMENT_3D('',#11280,#11281,#11282);
#11280 = CARTESIAN_POINT('',(26.866901524611,-102.7544454423,
    87.412146791095));
#11281 = DIRECTION('',(-0.707106781187,-4.695E-14,-0.707106781186));
#11282 = DIRECTION('',(-9.613366232723E-16,-1.,6.735866337673E-14));
#11283 = ADVANCED_FACE('',(#11284),#11306,.F.);
#11284 = FACE_BOUND('',#11285,.F.);
#11285 = EDGE_LOOP('',(#11286,#11294,#11295,#11296,#11297,#11298,#11299,
    #11300));
#11286 = ORIENTED_EDGE('',*,*,#11287,.F.);
#11287 = EDGE_CURVE('',#11263,#11288,#11290,.T.);
#11288 = VERTEX_POINT('',#11289);
#11289 = CARTESIAN_POINT('',(23.987236431571,-87.11109176526,
    87.912165772624));
#11290 = LINE('',#11291,#11292);
#11291 = CARTESIAN_POINT('',(3.097444691587,-92.70810164944,
    87.912165772622));
#11292 = VECTOR('',#11293,1.);
#11293 = DIRECTION('',(-0.965925826289,-0.258819045103,-2.1E-14));
#11294 = ORIENTED_EDGE('',*,*,#11262,.F.);
#11295 = ORIENTED_EDGE('',*,*,#8712,.T.);
#11296 = ORIENTED_EDGE('',*,*,#8762,.F.);
#11297 = ORIENTED_EDGE('',*,*,#10532,.T.);
#11298 = ORIENTED_EDGE('',*,*,#10524,.T.);
#11299 = ORIENTED_EDGE('',*,*,#10514,.F.);
#11300 = ORIENTED_EDGE('',*,*,#11301,.F.);
#11301 = EDGE_CURVE('',#11288,#10515,#11302,.T.);
#11302 = LINE('',#11303,#11304);
#11303 = CARTESIAN_POINT('',(23.987258262568,-87.11111374529,
    41.907255280484));
#11304 = VECTOR('',#11305,1.);
#11305 = DIRECTION('',(-1.6675E-13,1.243E-14,-1.));
#11306 = PLANE('',#11307);
#11307 = AXIS2_PLACEMENT_3D('',#11308,#11309,#11310);
#11308 = CARTESIAN_POINT('',(22.366901500446,-87.54486625892,
    87.912146791094));
#11309 = DIRECTION('',(-0.258819045103,0.965925826289,-2.4935E-13));
#11310 = DIRECTION('',(0.965925826289,0.258819045103,-8.458E-14));
#11311 = ADVANCED_FACE('',(#11312),#11330,.T.);
#11312 = FACE_BOUND('',#11313,.T.);
#11313 = EDGE_LOOP('',(#11314,#11322,#11323,#11324));
#11314 = ORIENTED_EDGE('',*,*,#11315,.T.);
#11315 = EDGE_CURVE('',#11316,#10688,#11318,.T.);
#11316 = VERTEX_POINT('',#11317);
#11317 = CARTESIAN_POINT('',(23.987258262637,-88.09611374533,
    87.912165772625));
#11318 = LINE('',#11319,#11320);
#11319 = CARTESIAN_POINT('',(23.987258262582,-88.09611374528,
    41.907255280484));
#11320 = VECTOR('',#11321,1.);
#11321 = DIRECTION('',(-1.6675E-13,1.243E-14,-1.));
#11322 = ORIENTED_EDGE('',*,*,#10696,.T.);
#11323 = ORIENTED_EDGE('',*,*,#11301,.F.);
#11324 = ORIENTED_EDGE('',*,*,#11325,.F.);
#11325 = EDGE_CURVE('',#11316,#11288,#11326,.T.);
#11326 = LINE('',#11327,#11328);
#11327 = CARTESIAN_POINT('',(23.987258262637,-88.09611374533,
    87.912165772623));
#11328 = VECTOR('',#11329,1.);
#11329 = DIRECTION('',(-1.443919E-11,1.,1.05189E-12));
#11330 = PLANE('',#11331);
#11331 = AXIS2_PLACEMENT_3D('',#11332,#11333,#11334);
#11332 = CARTESIAN_POINT('',(23.987258262589,-88.09611374529,
    87.912165772623));
#11333 = DIRECTION('',(1.,1.443919E-11,-1.6675E-13));
#11334 = DIRECTION('',(-1.667500000002E-13,1.243E-14,-1.));
#11335 = ADVANCED_FACE('',(#11336),#11355,.T.);
#11336 = FACE_BOUND('',#11337,.T.);
#11337 = EDGE_LOOP('',(#11338,#11339,#11348,#11354));
#11338 = ORIENTED_EDGE('',*,*,#11315,.F.);
#11339 = ORIENTED_EDGE('',*,*,#11340,.T.);
#11340 = EDGE_CURVE('',#11316,#11341,#11343,.T.);
#11341 = VERTEX_POINT('',#11342);
#11342 = CARTESIAN_POINT('',(27.47299790704,-96.55231682929,
    87.912165772623));
#11343 = CIRCLE('',#11344,12.);
#11344 = AXIS2_PLACEMENT_3D('',#11345,#11346,#11347);
#11345 = CARTESIAN_POINT('',(15.47299790704,-96.55231682929,
    87.912165772625));
#11346 = DIRECTION('',(2.022E-14,5.9E-15,-1.));
#11347 = DIRECTION('',(8.142047127478E-03,0.999966852985,
    6.064436625529E-15));
#11348 = ORIENTED_EDGE('',*,*,#11349,.F.);
#11349 = EDGE_CURVE('',#10680,#11341,#11350,.T.);
#11350 = LINE('',#11351,#11352);
#11351 = CARTESIAN_POINT('',(27.472997907032,-96.55231682929,
    41.907255280484));
#11352 = VECTOR('',#11353,1.);
#11353 = DIRECTION('',(1.6675E-13,-1.243E-14,1.));
#11354 = ORIENTED_EDGE('',*,*,#10687,.T.);
#11355 = CYLINDRICAL_SURFACE('',#11356,12.);
#11356 = AXIS2_PLACEMENT_3D('',#11357,#11358,#11359);
#11357 = CARTESIAN_POINT('',(15.472997907032,-96.55231682929,
    41.907255280486));
#11358 = DIRECTION('',(-1.6675E-13,1.243E-14,-1.));
#11359 = DIRECTION('',(8.142047127478E-03,0.999966852985,
    1.10719016241E-14));
#11360 = ADVANCED_FACE('',(#11361),#11382,.T.);
#11361 = FACE_BOUND('',#11362,.T.);
#11362 = EDGE_LOOP('',(#11363,#11371,#11377,#11378,#11379,#11380,#11381)
  );
#11363 = ORIENTED_EDGE('',*,*,#11364,.T.);
#11364 = EDGE_CURVE('',#11341,#11365,#11367,.T.);
#11365 = VERTEX_POINT('',#11366);
#11366 = CARTESIAN_POINT('',(27.472997907033,-138.5770412917,
    87.912156647297));
#11367 = LINE('',#11368,#11369);
#11368 = CARTESIAN_POINT('',(27.472997907036,-119.3764062003,
    87.912165772622));
#11369 = VECTOR('',#11370,1.);
#11370 = DIRECTION('',(-1.6822E-13,-1.,-5.9E-15));
#11371 = ORIENTED_EDGE('',*,*,#11372,.T.);
#11372 = EDGE_CURVE('',#11365,#10207,#11373,.T.);
#11373 = LINE('',#11374,#11375);
#11374 = CARTESIAN_POINT('',(27.472997907031,-138.5770412917,
    76.912157325842));
#11375 = VECTOR('',#11376,1.);
#11376 = DIRECTION('',(-2.41E-15,-2.7E-15,-1.));
#11377 = ORIENTED_EDGE('',*,*,#10215,.T.);
#11378 = ORIENTED_EDGE('',*,*,#8815,.T.);
#11379 = ORIENTED_EDGE('',*,*,#8783,.T.);
#11380 = ORIENTED_EDGE('',*,*,#10679,.T.);
#11381 = ORIENTED_EDGE('',*,*,#11349,.T.);
#11382 = PLANE('',#11383);
#11383 = AXIS2_PLACEMENT_3D('',#11384,#11385,#11386);
#11384 = CARTESIAN_POINT('',(27.472997907045,-96.55231682929,
    114.50384366907));
#11385 = DIRECTION('',(1.,-1.6822E-13,-1.667E-13));
#11386 = DIRECTION('',(1.6822E-13,1.,5.86E-15));
#11387 = ADVANCED_FACE('',(#11388),#11407,.T.);
#11388 = FACE_BOUND('',#11389,.T.);
#11389 = EDGE_LOOP('',(#11390,#11391,#11400,#11406));
#11390 = ORIENTED_EDGE('',*,*,#11372,.F.);
#11391 = ORIENTED_EDGE('',*,*,#11392,.F.);
#11392 = EDGE_CURVE('',#11393,#11365,#11395,.T.);
#11393 = VERTEX_POINT('',#11394);
#11394 = CARTESIAN_POINT('',(27.398441221149,-139.389146752,
    87.912156647297));
#11395 = CIRCLE('',#11396,14.000264020169);
#11396 = AXIS2_PLACEMENT_3D('',#11397,#11398,#11399);
#11397 = CARTESIAN_POINT('',(13.49999996461,-137.7037022192,
    87.912156647297));
#11398 = DIRECTION('',(3.1E-16,9.3E-16,1.));
#11399 = DIRECTION('',(0.999981160321,-6.138322554934E-03,
    -3.042855197233E-16));
#11400 = ORIENTED_EDGE('',*,*,#11401,.F.);
#11401 = EDGE_CURVE('',#10198,#11393,#11402,.T.);
#11402 = LINE('',#11403,#11404);
#11403 = CARTESIAN_POINT('',(27.398441221149,-139.389146752,
    76.912157325842));
#11404 = VECTOR('',#11405,1.);
#11405 = DIRECTION('',(2.41E-15,2.7E-15,1.));
#11406 = ORIENTED_EDGE('',*,*,#10206,.F.);
#11407 = CYLINDRICAL_SURFACE('',#11408,14.000264020169);
#11408 = AXIS2_PLACEMENT_3D('',#11409,#11410,#11411);
#11409 = CARTESIAN_POINT('',(13.49999996461,-137.7037022192,
    76.912157325842));
#11410 = DIRECTION('',(2.41E-15,2.7E-15,1.));
#11411 = DIRECTION('',(0.999981160321,-6.138322554934E-03,
    -2.393381125474E-15));
#11412 = ADVANCED_FACE('',(#11413),#11431,.F.);
#11413 = FACE_BOUND('',#11414,.T.);
#11414 = EDGE_LOOP('',(#11415,#11416,#11417,#11425));
#11415 = ORIENTED_EDGE('',*,*,#10197,.T.);
#11416 = ORIENTED_EDGE('',*,*,#11401,.T.);
#11417 = ORIENTED_EDGE('',*,*,#11418,.T.);
#11418 = EDGE_CURVE('',#11393,#11419,#11421,.T.);
#11419 = VERTEX_POINT('',#11420);
#11420 = CARTESIAN_POINT('',(25.877027179405,-139.3891470449,
    87.912165772622));
#11421 = LINE('',#11422,#11423);
#11422 = CARTESIAN_POINT('',(26.255834933299,-139.3891470449,
    87.912165772622));
#11423 = VECTOR('',#11424,1.);
#11424 = DIRECTION('',(-1.,-2.29947E-12,-2.022E-14));
#11425 = ORIENTED_EDGE('',*,*,#11426,.F.);
#11426 = EDGE_CURVE('',#10190,#11419,#11427,.T.);
#11427 = LINE('',#11428,#11429);
#11428 = CARTESIAN_POINT('',(25.877027179507,-139.389146752,
    89.840848877246));
#11429 = VECTOR('',#11430,1.);
#11430 = DIRECTION('',(5.285464E-11,1.43E-15,1.));
#11431 = PLANE('',#11432);
#11432 = AXIS2_PLACEMENT_3D('',#11433,#11434,#11435);
#11433 = CARTESIAN_POINT('',(1.000000252273,-139.389146752,
    83.412156767209));
#11434 = DIRECTION('',(1.33E-15,1.,-1.43E-15));
#11435 = DIRECTION('',(-1.,1.33E-15,1.97E-15));
#11436 = ADVANCED_FACE('',(#11437),#11455,.T.);
#11437 = FACE_BOUND('',#11438,.T.);
#11438 = EDGE_LOOP('',(#11439,#11440,#11448,#11454));
#11439 = ORIENTED_EDGE('',*,*,#11426,.T.);
#11440 = ORIENTED_EDGE('',*,*,#11441,.T.);
#11441 = EDGE_CURVE('',#11419,#11442,#11444,.T.);
#11442 = VERTEX_POINT('',#11443);
#11443 = CARTESIAN_POINT('',(25.877027179416,-144.246576001,
    87.912165772623));
#11444 = LINE('',#11445,#11446);
#11445 = CARTESIAN_POINT('',(25.877027179384,-130.3237648858,
    87.912165772622));
#11446 = VECTOR('',#11447,1.);
#11447 = DIRECTION('',(2.29922E-12,-1.,-5.9E-15));
#11448 = ORIENTED_EDGE('',*,*,#11449,.T.);
#11449 = EDGE_CURVE('',#11442,#10177,#11450,.T.);
#11450 = LINE('',#11451,#11452);
#11451 = CARTESIAN_POINT('',(25.877027178834,-144.2465760021,
    76.912157325842));
#11452 = VECTOR('',#11453,1.);
#11453 = DIRECTION('',(-2.41E-15,-2.51E-15,-1.));
#11454 = ORIENTED_EDGE('',*,*,#10189,.T.);
#11455 = PLANE('',#11456);
#11456 = AXIS2_PLACEMENT_3D('',#11457,#11458,#11459);
#11457 = CARTESIAN_POINT('',(25.877027179798,-118.4470342001,
    96.269540988598));
#11458 = DIRECTION('',(1.,2.29922E-12,-5.285464E-11));
#11459 = DIRECTION('',(-2.29922E-12,1.,5.86E-15));
#11460 = ADVANCED_FACE('',(#11461),#11480,.T.);
#11461 = FACE_BOUND('',#11462,.T.);
#11462 = EDGE_LOOP('',(#11463,#11464,#11473,#11479));
#11463 = ORIENTED_EDGE('',*,*,#11449,.F.);
#11464 = ORIENTED_EDGE('',*,*,#11465,.T.);
#11465 = EDGE_CURVE('',#11442,#11466,#11468,.T.);
#11466 = VERTEX_POINT('',#11467);
#11467 = CARTESIAN_POINT('',(24.606724451752,-146.2266518945,
    87.912165772622));
#11468 = CIRCLE('',#11469,14.);
#11469 = AXIS2_PLACEMENT_3D('',#11470,#11471,#11472);
#11470 = CARTESIAN_POINT('',(13.49999996461,-137.7037022192,
    87.912165772622));
#11471 = DIRECTION('',(2.022E-14,5.9E-15,-1.));
#11472 = DIRECTION('',(0.999981160321,-6.138322554934E-03,
    2.018340295861E-14));
#11473 = ORIENTED_EDGE('',*,*,#11474,.T.);
#11474 = EDGE_CURVE('',#11466,#10168,#11475,.T.);
#11475 = LINE('',#11476,#11477);
#11476 = CARTESIAN_POINT('',(24.606724451752,-146.2266518945,
    76.912157325842));
#11477 = VECTOR('',#11478,1.);
#11478 = DIRECTION('',(-2.41E-15,-2.51E-15,-1.));
#11479 = ORIENTED_EDGE('',*,*,#10176,.F.);
#11480 = CYLINDRICAL_SURFACE('',#11481,14.);
#11481 = AXIS2_PLACEMENT_3D('',#11482,#11483,#11484);
#11482 = CARTESIAN_POINT('',(13.49999996461,-137.7037022192,
    76.912157325842));
#11483 = DIRECTION('',(2.41E-15,2.51E-15,1.));
#11484 = DIRECTION('',(0.999981160321,-6.138322554934E-03,
    -2.39454740676E-15));
#11485 = ADVANCED_FACE('',(#11486),#11514,.T.);
#11486 = FACE_BOUND('',#11487,.T.);
#11487 = EDGE_LOOP('',(#11488,#11498,#11505,#11506,#11507));
#11488 = ORIENTED_EDGE('',*,*,#11489,.F.);
#11489 = EDGE_CURVE('',#11490,#11492,#11494,.T.);
#11490 = VERTEX_POINT('',#11491);
#11491 = CARTESIAN_POINT('',(23.554648241673,-139.3891432831,
    87.912165772622));
#11492 = VERTEX_POINT('',#11493);
#11493 = CARTESIAN_POINT('',(23.554648241529,-141.6742113024,
    87.912165772622));
#11494 = LINE('',#11495,#11496);
#11495 = CARTESIAN_POINT('',(23.554648241686,-144.3891015349,
    87.912165772622));
#11496 = VECTOR('',#11497,1.);
#11497 = DIRECTION('',(2.63229E-12,-1.,1.47E-15));
#11498 = ORIENTED_EDGE('',*,*,#11499,.F.);
#11499 = EDGE_CURVE('',#10810,#11490,#11500,.T.);
#11500 = CIRCLE('',#11501,5.5);
#11501 = AXIS2_PLACEMENT_3D('',#11502,#11503,#11504);
#11502 = CARTESIAN_POINT('',(28.161220227738,-139.3891432831,
    84.907254037279));
#11503 = DIRECTION('',(-2.63128E-12,1.,-1.43E-15));
#11504 = DIRECTION('',(1.,2.63128E-12,-5.286033E-11));
#11505 = ORIENTED_EDGE('',*,*,#10809,.F.);
#11506 = ORIENTED_EDGE('',*,*,#10126,.F.);
#11507 = ORIENTED_EDGE('',*,*,#11508,.F.);
#11508 = EDGE_CURVE('',#11492,#10127,#11509,.T.);
#11509 = ELLIPSE('',#11510,24.426321555071,5.5);
#11510 = AXIS2_PLACEMENT_3D('',#11511,#11512,#11513);
#11511 = CARTESIAN_POINT('',(28.161220227796,-161.6073160496,
    84.907254037279));
#11512 = DIRECTION('',(0.974320199218,0.225166936727,-4.599999999998E-16
    ));
#11513 = DIRECTION('',(0.225166936727,-0.974320199218,-1.190096E-11));
#11514 = CYLINDRICAL_SURFACE('',#11515,5.5);
#11515 = AXIS2_PLACEMENT_3D('',#11516,#11517,#11518);
#11516 = CARTESIAN_POINT('',(28.161220227751,-144.3891015349,
    84.907254037279));
#11517 = DIRECTION('',(2.63229E-12,-1.,1.47E-15));
#11518 = DIRECTION('',(-0.995674233387,-2.620766745728E-12,
    9.291297524924E-02));
#11519 = ADVANCED_FACE('',(#11520),#11539,.T.);
#11520 = FACE_BOUND('',#11521,.T.);
#11521 = EDGE_LOOP('',(#11522,#11530,#11531,#11532,#11533));
#11522 = ORIENTED_EDGE('',*,*,#11523,.F.);
#11523 = EDGE_CURVE('',#10075,#11524,#11526,.T.);
#11524 = VERTEX_POINT('',#11525);
#11525 = CARTESIAN_POINT('',(23.026565345849,-139.38914299,
    87.912156647297));
#11526 = LINE('',#11527,#11528);
#11527 = CARTESIAN_POINT('',(23.026565345849,-139.38914299,
    82.662156707925));
#11528 = VECTOR('',#11529,1.);
#11529 = DIRECTION('',(-1.5E-16,-1.43E-15,-1.));
#11530 = ORIENTED_EDGE('',*,*,#10074,.T.);
#11531 = ORIENTED_EDGE('',*,*,#10817,.F.);
#11532 = ORIENTED_EDGE('',*,*,#11499,.T.);
#11533 = ORIENTED_EDGE('',*,*,#11534,.F.);
#11534 = EDGE_CURVE('',#11524,#11490,#11535,.T.);
#11535 = LINE('',#11536,#11537);
#11536 = CARTESIAN_POINT('',(0.194315047636,-139.3891429901,
    87.912165772622));
#11537 = VECTOR('',#11538,1.);
#11538 = DIRECTION('',(1.,2.63128E-12,2.022E-14));
#11539 = PLANE('',#11540);
#11540 = AXIS2_PLACEMENT_3D('',#11541,#11542,#11543);
#11541 = CARTESIAN_POINT('',(-25.43616979795,-139.3891429901,
    83.412156768553));
#11542 = DIRECTION('',(2.63128E-12,-1.,1.43E-15));
#11543 = DIRECTION('',(1.,2.63128E-12,-5.286033E-11));
#11544 = ADVANCED_FACE('',(#11545),#11564,.F.);
#11545 = FACE_BOUND('',#11546,.F.);
#11546 = EDGE_LOOP('',(#11547,#11548,#11549,#11558));
#11547 = ORIENTED_EDGE('',*,*,#10051,.F.);
#11548 = ORIENTED_EDGE('',*,*,#9539,.F.);
#11549 = ORIENTED_EDGE('',*,*,#11550,.F.);
#11550 = EDGE_CURVE('',#11551,#8842,#11553,.T.);
#11551 = VERTEX_POINT('',#11552);
#11552 = CARTESIAN_POINT('',(12.649337999416,-111.2085180906,
    87.912156647297));
#11553 = ELLIPSE('',#11554,0.541195976765,0.5);
#11554 = AXIS2_PLACEMENT_3D('',#11555,#11556,#11557);
#11555 = CARTESIAN_POINT('',(12.649337999416,-111.2085180906,
    88.412156647297));
#11556 = DIRECTION('',(0.923879743136,0.382682923872,4.930380657631E-32)
  );
#11557 = DIRECTION('',(-0.382682923872,0.923879743136,1.15E-15));
#11558 = ORIENTED_EDGE('',*,*,#11559,.F.);
#11559 = EDGE_CURVE('',#10052,#11551,#11560,.T.);
#11560 = LINE('',#11561,#11562);
#11561 = CARTESIAN_POINT('',(8.102782789043,-111.2085180906,
    87.912156647297));
#11562 = VECTOR('',#11563,1.);
#11563 = DIRECTION('',(1.,-2.E-15,-3.3E-16));
#11564 = CYLINDRICAL_SURFACE('',#11565,0.5);
#11565 = AXIS2_PLACEMENT_3D('',#11566,#11567,#11568);
#11566 = CARTESIAN_POINT('',(8.102782789043,-111.2085180906,
    88.412156647297));
#11567 = DIRECTION('',(-1.,2.E-15,3.3E-16));
#11568 = DIRECTION('',(1.180868324582E-15,0.707106781187,-0.707106781187
    ));
#11569 = ADVANCED_FACE('',(#11570),#11589,.F.);
#11570 = FACE_BOUND('',#11571,.F.);
#11571 = EDGE_LOOP('',(#11572,#11573,#11574,#11583));
#11572 = ORIENTED_EDGE('',*,*,#11550,.T.);
#11573 = ORIENTED_EDGE('',*,*,#8849,.F.);
#11574 = ORIENTED_EDGE('',*,*,#11575,.F.);
#11575 = EDGE_CURVE('',#11576,#8850,#11578,.T.);
#11576 = VERTEX_POINT('',#11577);
#11577 = CARTESIAN_POINT('',(13.342226099778,-110.5156315156,
    87.912156647297));
#11578 = ELLIPSE('',#11579,0.541196223527,0.5);
#11579 = AXIS2_PLACEMENT_3D('',#11580,#11581,#11582);
#11580 = CARTESIAN_POINT('',(13.342226099778,-110.5156315156,
    88.412156647297));
#11581 = DIRECTION('',(0.382683940858,0.923879321887,-5.9E-16));
#11582 = DIRECTION('',(-0.923879321887,0.382683940858,1.2E-16));
#11583 = ORIENTED_EDGE('',*,*,#11584,.F.);
#11584 = EDGE_CURVE('',#11551,#11576,#11585,.T.);
#11585 = LINE('',#11586,#11587);
#11586 = CARTESIAN_POINT('',(9.925642626468,-113.9322074672,
    87.912156647297));
#11587 = VECTOR('',#11588,1.);
#11588 = DIRECTION('',(0.707107559553,0.707106002819,-5.9E-16));
#11589 = CYLINDRICAL_SURFACE('',#11590,0.5);
#11590 = AXIS2_PLACEMENT_3D('',#11591,#11592,#11593);
#11591 = CARTESIAN_POINT('',(9.925642626468,-113.9322074672,
    88.412156647297));
#11592 = DIRECTION('',(0.707107559553,0.707106002819,-5.9E-16));
#11593 = DIRECTION('',(-0.499999449611,0.500000550388,-0.707106781187));
#11594 = ADVANCED_FACE('',(#11595),#11617,.F.);
#11595 = FACE_BOUND('',#11596,.F.);
#11596 = EDGE_LOOP('',(#11597,#11605,#11606,#11607,#11608));
#11597 = ORIENTED_EDGE('',*,*,#11598,.F.);
#11598 = EDGE_CURVE('',#11576,#11599,#11601,.T.);
#11599 = VERTEX_POINT('',#11600);
#11600 = CARTESIAN_POINT('',(13.342226099778,-109.5665652554,
    87.912156647297));
#11601 = LINE('',#11602,#11603);
#11602 = CARTESIAN_POINT('',(13.342226099778,-108.343998174,
    87.912156647297));
#11603 = VECTOR('',#11604,1.);
#11604 = DIRECTION('',(2.35E-15,1.,-5.E-16));
#11605 = ORIENTED_EDGE('',*,*,#11575,.T.);
#11606 = ORIENTED_EDGE('',*,*,#8888,.F.);
#11607 = ORIENTED_EDGE('',*,*,#8936,.T.);
#11608 = ORIENTED_EDGE('',*,*,#11609,.F.);
#11609 = EDGE_CURVE('',#11599,#8903,#11610,.T.);
#11610 = B_SPLINE_CURVE_WITH_KNOTS('',3,(#11611,#11612,#11613,#11614,
    #11615,#11616),.UNSPECIFIED.,.F.,.F.,(4,2,4),(0.,6.174589596754E-02,
    8.633352927442E-02),.UNSPECIFIED.);
#11611 = CARTESIAN_POINT('',(13.342226099778,-109.5665652554,
    87.912156647297));
#11612 = CARTESIAN_POINT('',(13.223396067584,-109.3985142122,
    87.912156647297));
#11613 = CARTESIAN_POINT('',(13.083772593538,-109.2013602368,
    87.963503372351));
#11614 = CARTESIAN_POINT('',(12.95080329216,-108.9835191133,
    88.096472673729));
#11615 = CARTESIAN_POINT('',(12.914005757116,-108.9185006991,
    88.146007641203));
#11616 = CARTESIAN_POINT('',(12.887136239216,-108.8594584742,
    88.205049866111));
#11617 = CYLINDRICAL_SURFACE('',#11618,0.5);
#11618 = AXIS2_PLACEMENT_3D('',#11619,#11620,#11621);
#11619 = CARTESIAN_POINT('',(13.342226099778,-108.343998174,
    88.412156647297));
#11620 = DIRECTION('',(-2.35E-15,-1.,5.E-16));
#11621 = DIRECTION('',(-0.707106781187,1.308147545195E-15,
    -0.707106781187));
#11622 = ADVANCED_FACE('',(#11623),#11642,.F.);
#11623 = FACE_BOUND('',#11624,.F.);
#11624 = EDGE_LOOP('',(#11625,#11626,#11627,#11636));
#11625 = ORIENTED_EDGE('',*,*,#11609,.T.);
#11626 = ORIENTED_EDGE('',*,*,#8902,.T.);
#11627 = ORIENTED_EDGE('',*,*,#11628,.T.);
#11628 = EDGE_CURVE('',#8905,#11629,#11631,.T.);
#11629 = VERTEX_POINT('',#11630);
#11630 = CARTESIAN_POINT('',(22.342957570407,-109.5665652554,
    87.912156647297));
#11631 = ELLIPSE('',#11632,1.414213562373,1.);
#11632 = AXIS2_PLACEMENT_3D('',#11633,#11634,#11635);
#11633 = CARTESIAN_POINT('',(22.342957570407,-109.5665652554,
    88.912156647297));
#11634 = DIRECTION('',(-0.707106781187,-0.707106781187,0.));
#11635 = DIRECTION('',(-0.707106781187,0.707106781187,-7.1E-16));
#11636 = ORIENTED_EDGE('',*,*,#11637,.F.);
#11637 = EDGE_CURVE('',#11599,#11629,#11638,.T.);
#11638 = LINE('',#11639,#11640);
#11639 = CARTESIAN_POINT('',(8.921378628219,-109.5665652554,
    87.912156647297));
#11640 = VECTOR('',#11641,1.);
#11641 = DIRECTION('',(1.,-1.67E-15,-3.3E-16));
#11642 = CYLINDRICAL_SURFACE('',#11643,1.);
#11643 = AXIS2_PLACEMENT_3D('',#11644,#11645,#11646);
#11644 = CARTESIAN_POINT('',(8.921378628219,-109.5665652554,
    88.912156647297));
#11645 = DIRECTION('',(1.,-1.67E-15,-3.3E-16));
#11646 = DIRECTION('',(3.34201086321E-16,0.382683432365,-0.923879532511)
  );
#11647 = ADVANCED_FACE('',(#11648),#11668,.F.);
#11648 = FACE_BOUND('',#11649,.F.);
#11649 = EDGE_LOOP('',(#11650,#11659,#11665,#11666,#11667));
#11650 = ORIENTED_EDGE('',*,*,#11651,.T.);
#11651 = EDGE_CURVE('',#9002,#11652,#11654,.T.);
#11652 = VERTEX_POINT('',#11653);
#11653 = CARTESIAN_POINT('',(22.342957570408,-95.17269007604,
    87.912156647297));
#11654 = ELLIPSE('',#11655,2.,1.);
#11655 = AXIS2_PLACEMENT_3D('',#11656,#11657,#11658);
#11656 = CARTESIAN_POINT('',(22.342957570408,-96.90474088361,
    88.912156647297));
#11657 = DIRECTION('',(-1.12E-15,-0.5,-0.866025403784));
#11658 = DIRECTION('',(1.35E-15,0.866025403784,-0.5));
#11659 = ORIENTED_EDGE('',*,*,#11660,.F.);
#11660 = EDGE_CURVE('',#11629,#11652,#11661,.T.);
#11661 = LINE('',#11662,#11663);
#11662 = CARTESIAN_POINT('',(22.342957570407,-114.0897974393,
    87.912156647297));
#11663 = VECTOR('',#11664,1.);
#11664 = DIRECTION('',(1.72E-15,1.,-5.E-16));
#11665 = ORIENTED_EDGE('',*,*,#11628,.F.);
#11666 = ORIENTED_EDGE('',*,*,#8912,.F.);
#11667 = ORIENTED_EDGE('',*,*,#9011,.F.);
#11668 = CYLINDRICAL_SURFACE('',#11669,1.);
#11669 = AXIS2_PLACEMENT_3D('',#11670,#11671,#11672);
#11670 = CARTESIAN_POINT('',(22.342957570407,-114.0897974393,
    88.912156647297));
#11671 = DIRECTION('',(-1.72E-15,-1.,5.E-16));
#11672 = DIRECTION('',(-0.707106781187,8.626702730476E-16,
    -0.707106781187));
#11673 = ADVANCED_FACE('',(#11674,#11704),#11707,.T.);
#11674 = FACE_BOUND('',#11675,.T.);
#11675 = EDGE_LOOP('',(#11676,#11677,#11678,#11686,#11694,#11701,#11702,
    #11703));
#11676 = ORIENTED_EDGE('',*,*,#9001,.T.);
#11677 = ORIENTED_EDGE('',*,*,#11651,.T.);
#11678 = ORIENTED_EDGE('',*,*,#11679,.T.);
#11679 = EDGE_CURVE('',#11652,#11680,#11682,.T.);
#11680 = VERTEX_POINT('',#11681);
#11681 = CARTESIAN_POINT('',(12.842227834353,-95.17269007604,
    87.912156647297));
#11682 = LINE('',#11683,#11684);
#11683 = CARTESIAN_POINT('',(8.921378628219,-95.17269007604,
    87.912156647297));
#11684 = VECTOR('',#11685,1.);
#11685 = DIRECTION('',(-1.,1.67E-15,3.3E-16));
#11686 = ORIENTED_EDGE('',*,*,#11687,.F.);
#11687 = EDGE_CURVE('',#11688,#11680,#11690,.T.);
#11688 = VERTEX_POINT('',#11689);
#11689 = CARTESIAN_POINT('',(12.342226386794,-95.17270588157,
    87.912165772622));
#11690 = LINE('',#11691,#11692);
#11691 = CARTESIAN_POINT('',(21.833778649904,-95.17270588157,
    87.912165772623));
#11692 = VECTOR('',#11693,1.);
#11693 = DIRECTION('',(1.,-3.726E-14,2.022E-14));
#11694 = ORIENTED_EDGE('',*,*,#11695,.F.);
#11695 = EDGE_CURVE('',#9028,#11688,#11696,.T.);
#11696 = ELLIPSE('',#11697,1.,0.5);
#11697 = AXIS2_PLACEMENT_3D('',#11698,#11699,#11700);
#11698 = CARTESIAN_POINT('',(12.342226386794,-96.03873128535,
    88.412165772622));
#11699 = DIRECTION('',(1.12E-15,0.5,0.866025403784));
#11700 = DIRECTION('',(1.32E-15,0.866025403784,-0.5));
#11701 = ORIENTED_EDGE('',*,*,#9043,.F.);
#11702 = ORIENTED_EDGE('',*,*,#9057,.F.);
#11703 = ORIENTED_EDGE('',*,*,#8979,.F.);
#11704 = FACE_BOUND('',#11705,.T.);
#11705 = EDGE_LOOP('',(#11706));
#11706 = ORIENTED_EDGE('',*,*,#4614,.T.);
#11707 = PLANE('',#11708);
#11708 = AXIS2_PLACEMENT_3D('',#11709,#11710,#11711);
#11709 = CARTESIAN_POINT('',(17.842757406572,-99.98988730769,
    90.693366765728));
#11710 = DIRECTION('',(1.12E-15,0.5,0.866025403784));
#11711 = DIRECTION('',(-1.,1.669605808376E-15,3.293172400786E-16));
#11712 = ADVANCED_FACE('',(#11713),#11732,.F.);
#11713 = FACE_BOUND('',#11714,.F.);
#11714 = EDGE_LOOP('',(#11715,#11716,#11717,#11726));
#11715 = ORIENTED_EDGE('',*,*,#11695,.F.);
#11716 = ORIENTED_EDGE('',*,*,#9025,.F.);
#11717 = ORIENTED_EDGE('',*,*,#11718,.T.);
#11718 = EDGE_CURVE('',#9026,#11719,#11721,.T.);
#11719 = VERTEX_POINT('',#11720);
#11720 = CARTESIAN_POINT('',(12.342226386794,-102.7738388183,
    87.912156647297));
#11721 = CIRCLE('',#11722,0.5);
#11722 = AXIS2_PLACEMENT_3D('',#11723,#11724,#11725);
#11723 = CARTESIAN_POINT('',(12.342226386794,-102.7738387024,
    88.412165772622));
#11724 = DIRECTION('',(1.750000006348E-15,1.,-2.3183045911E-07));
#11725 = DIRECTION('',(0.707106781187,-1.639288909597E-07,
    -0.707106781187));
#11726 = ORIENTED_EDGE('',*,*,#11727,.F.);
#11727 = EDGE_CURVE('',#11688,#11719,#11728,.T.);
#11728 = LINE('',#11729,#11730);
#11729 = CARTESIAN_POINT('',(12.342226386794,-121.4285079824,
    87.912165772622));
#11730 = VECTOR('',#11731,1.);
#11731 = DIRECTION('',(-1.67E-15,-1.,-5.9E-15));
#11732 = CYLINDRICAL_SURFACE('',#11733,0.5);
#11733 = AXIS2_PLACEMENT_3D('',#11734,#11735,#11736);
#11734 = CARTESIAN_POINT('',(12.342226386794,-121.4285079824,
    88.412165772622));
#11735 = DIRECTION('',(1.67E-15,1.,5.9E-15));
#11736 = DIRECTION('',(0.707106781187,2.991061684419E-15,-0.707106781187
    ));
#11737 = ADVANCED_FACE('',(#11738),#11758,.T.);
#11738 = FACE_BOUND('',#11739,.T.);
#11739 = EDGE_LOOP('',(#11740,#11741,#11749,#11755,#11756,#11757));
#11740 = ORIENTED_EDGE('',*,*,#11718,.T.);
#11741 = ORIENTED_EDGE('',*,*,#11742,.F.);
#11742 = EDGE_CURVE('',#11743,#11719,#11745,.T.);
#11743 = VERTEX_POINT('',#11744);
#11744 = CARTESIAN_POINT('',(6.593109017819,-102.7738388183,
    87.912156647297));
#11745 = LINE('',#11746,#11747);
#11746 = CARTESIAN_POINT('',(2.766054639013,-102.7738388183,
    87.912156647297));
#11747 = VECTOR('',#11748,1.);
#11748 = DIRECTION('',(1.,-1.75E-15,-3.3E-16));
#11749 = ORIENTED_EDGE('',*,*,#11750,.T.);
#11750 = EDGE_CURVE('',#11743,#9088,#11751,.T.);
#11751 = LINE('',#11752,#11753);
#11752 = CARTESIAN_POINT('',(5.792205315889,-102.7738378899,
    91.916675156945));
#11753 = VECTOR('',#11754,1.);
#11754 = DIRECTION('',(-0.196116135138,2.2732846858E-07,0.980580675691)
  );
#11755 = ORIENTED_EDGE('',*,*,#9087,.F.);
#11756 = ORIENTED_EDGE('',*,*,#9063,.F.);
#11757 = ORIENTED_EDGE('',*,*,#9035,.F.);
#11758 = PLANE('',#11759);
#11759 = AXIS2_PLACEMENT_3D('',#11760,#11761,#11762);
#11760 = CARTESIAN_POINT('',(5.532109428161,-102.7738388183,
    87.912156238131));
#11761 = DIRECTION('',(1.75E-15,1.,-2.3183045911E-07));
#11762 = DIRECTION('',(-7.73501267E-08,2.3183045911E-07,1.));
#11763 = ADVANCED_FACE('',(#11764),#11783,.T.);
#11764 = FACE_BOUND('',#11765,.T.);
#11765 = EDGE_LOOP('',(#11766,#11767,#11768,#11776,#11782));
#11766 = ORIENTED_EDGE('',*,*,#9111,.T.);
#11767 = ORIENTED_EDGE('',*,*,#11750,.F.);
#11768 = ORIENTED_EDGE('',*,*,#11769,.F.);
#11769 = EDGE_CURVE('',#11770,#11743,#11772,.T.);
#11770 = VERTEX_POINT('',#11771);
#11771 = CARTESIAN_POINT('',(6.185185631667,-102.3738375884,
    87.912165772622));
#11772 = LINE('',#11773,#11774);
#11773 = CARTESIAN_POINT('',(6.45127000973,-102.634752998,
    87.912156647297));
#11774 = VECTOR('',#11775,1.);
#11775 = DIRECTION('',(0.714005547295,-0.700140042014,1.1E-16));
#11776 = ORIENTED_EDGE('',*,*,#11777,.T.);
#11777 = EDGE_CURVE('',#11770,#9130,#11778,.T.);
#11778 = LINE('',#11779,#11780);
#11779 = CARTESIAN_POINT('',(5.399972901389,-102.3738375884,
    91.838229424012));
#11780 = VECTOR('',#11781,1.);
#11781 = DIRECTION('',(-0.196116135138,8.8E-16,0.980580675691));
#11782 = ORIENTED_EDGE('',*,*,#9129,.T.);
#11783 = PLANE('',#11784);
#11784 = AXIS2_PLACEMENT_3D('',#11785,#11786,#11787);
#11785 = CARTESIAN_POINT('',(5.596089036527,-102.5738375884,
    91.877452651039));
#11786 = DIRECTION('',(0.693375245282,0.707106781187,0.138675049056));
#11787 = DIRECTION('',(0.196116135138,-4.440892098501E-16,
    -0.980580675691));
#11788 = ADVANCED_FACE('',(#11789,#11809),#11817,.T.);
#11789 = FACE_BOUND('',#11790,.T.);
#11790 = EDGE_LOOP('',(#11791,#11792,#11793,#11794,#11802,#11808));
#11791 = ORIENTED_EDGE('',*,*,#9161,.T.);
#11792 = ORIENTED_EDGE('',*,*,#9137,.F.);
#11793 = ORIENTED_EDGE('',*,*,#11777,.F.);
#11794 = ORIENTED_EDGE('',*,*,#11795,.T.);
#11795 = EDGE_CURVE('',#11770,#11796,#11798,.T.);
#11796 = VERTEX_POINT('',#11797);
#11797 = CARTESIAN_POINT('',(-6.184382085599,-102.3738375884,
    87.912165772949));
#11798 = LINE('',#11799,#11800);
#11799 = CARTESIAN_POINT('',(-15.6776509093,-102.3738375884,
    87.912165773451));
#11800 = VECTOR('',#11801,1.);
#11801 = DIRECTION('',(-1.,-2.3023E-12,5.287469E-11));
#11802 = ORIENTED_EDGE('',*,*,#11803,.T.);
#11803 = EDGE_CURVE('',#11796,#9186,#11804,.T.);
#11804 = LINE('',#11805,#11806);
#11805 = CARTESIAN_POINT('',(-5.399169355114,-102.3738375884,
    91.838229424297));
#11806 = VECTOR('',#11807,1.);
#11807 = DIRECTION('',(0.19611613519,4.5201E-13,0.980580675681));
#11808 = ORIENTED_EDGE('',*,*,#9185,.T.);
#11809 = FACE_BOUND('',#11810,.T.);
#11810 = EDGE_LOOP('',(#11811,#11812,#11813,#11814,#11815,#11816));
#11811 = ORIENTED_EDGE('',*,*,#4336,.T.);
#11812 = ORIENTED_EDGE('',*,*,#4350,.T.);
#11813 = ORIENTED_EDGE('',*,*,#4384,.T.);
#11814 = ORIENTED_EDGE('',*,*,#4476,.T.);
#11815 = ORIENTED_EDGE('',*,*,#4451,.T.);
#11816 = ORIENTED_EDGE('',*,*,#4423,.T.);
#11817 = PLANE('',#11818);
#11818 = AXIS2_PLACEMENT_3D('',#11819,#11820,#11821);
#11819 = CARTESIAN_POINT('',(5.532109017818,-102.3738375884,
    87.912156647297));
#11820 = DIRECTION('',(2.E-15,1.,-5.E-16));
#11821 = DIRECTION('',(-1.,2.E-15,3.3E-16));
#11822 = ADVANCED_FACE('',(#11823),#11842,.F.);
#11823 = FACE_BOUND('',#11824,.T.);
#11824 = EDGE_LOOP('',(#11825,#11826,#11834,#11840,#11841));
#11825 = ORIENTED_EDGE('',*,*,#11803,.F.);
#11826 = ORIENTED_EDGE('',*,*,#11827,.T.);
#11827 = EDGE_CURVE('',#11796,#11828,#11830,.T.);
#11828 = VERTEX_POINT('',#11829);
#11829 = CARTESIAN_POINT('',(-6.592305471751,-102.7738388183,
    87.912156647646));
#11830 = LINE('',#11831,#11832);
#11831 = CARTESIAN_POINT('',(-6.450466463662,-102.634752998,
    87.912156647638));
#11832 = VECTOR('',#11833,1.);
#11833 = DIRECTION('',(-0.714005547294,-0.700140042016,3.77385E-11));
#11834 = ORIENTED_EDGE('',*,*,#11835,.T.);
#11835 = EDGE_CURVE('',#11828,#9208,#11836,.T.);
#11836 = LINE('',#11837,#11838);
#11837 = CARTESIAN_POINT('',(-5.79140176961,-102.7738378899,
    91.916675157251));
#11838 = VECTOR('',#11839,1.);
#11839 = DIRECTION('',(0.19611613519,2.2732891971E-07,0.980580675681));
#11840 = ORIENTED_EDGE('',*,*,#9207,.F.);
#11841 = ORIENTED_EDGE('',*,*,#9193,.F.);
#11842 = PLANE('',#11843);
#11843 = AXIS2_PLACEMENT_3D('',#11844,#11845,#11846);
#11844 = CARTESIAN_POINT('',(-5.59528549025,-102.5738375884,
    91.877452651335));
#11845 = DIRECTION('',(0.693375245276,-0.707106781185,-0.138675049093));
#11846 = DIRECTION('',(-0.19611613519,-4.514721929638E-13,
    -0.980580675681));
#11847 = ADVANCED_FACE('',(#11848),#11869,.F.);
#11848 = FACE_BOUND('',#11849,.T.);
#11849 = EDGE_LOOP('',(#11850,#11859,#11860,#11861,#11862,#11863));
#11850 = ORIENTED_EDGE('',*,*,#11851,.F.);
#11851 = EDGE_CURVE('',#9353,#11852,#11854,.T.);
#11852 = VERTEX_POINT('',#11853);
#11853 = CARTESIAN_POINT('',(-12.34142284072,-102.7738388183,
    87.91215664795));
#11854 = CIRCLE('',#11855,0.5);
#11855 = AXIS2_PLACEMENT_3D('',#11856,#11857,#11858);
#11856 = CARTESIAN_POINT('',(-12.34142284069,-102.7738387024,
    88.412165773275));
#11857 = DIRECTION('',(2.302060000002E-12,-1.,2.3183045911E-07));
#11858 = DIRECTION('',(-0.707106781224,-1.639305175158E-07,
    -0.707106781149));
#11859 = ORIENTED_EDGE('',*,*,#9352,.T.);
#11860 = ORIENTED_EDGE('',*,*,#9271,.T.);
#11861 = ORIENTED_EDGE('',*,*,#9240,.T.);
#11862 = ORIENTED_EDGE('',*,*,#11835,.F.);
#11863 = ORIENTED_EDGE('',*,*,#11864,.T.);
#11864 = EDGE_CURVE('',#11828,#11852,#11865,.T.);
#11865 = LINE('',#11866,#11867);
#11866 = CARTESIAN_POINT('',(-2.765251092945,-102.7738388183,
    87.912156647444));
#11867 = VECTOR('',#11868,1.);
#11868 = DIRECTION('',(-1.,-2.30205E-12,5.285414E-11));
#11869 = PLANE('',#11870);
#11870 = AXIS2_PLACEMENT_3D('',#11871,#11872,#11873);
#11871 = CARTESIAN_POINT('',(-5.531305882093,-102.7738388183,
    87.912156238423));
#11872 = DIRECTION('',(2.30206E-12,-1.,2.3183045911E-07));
#11873 = DIRECTION('',(7.740298118E-08,2.318304591102E-07,1.));
#11874 = ADVANCED_FACE('',(#11875),#11894,.F.);
#11875 = FACE_BOUND('',#11876,.F.);
#11876 = EDGE_LOOP('',(#11877,#11886,#11892,#11893));
#11877 = ORIENTED_EDGE('',*,*,#11878,.T.);
#11878 = EDGE_CURVE('',#9345,#11879,#11881,.T.);
#11879 = VERTEX_POINT('',#11880);
#11880 = CARTESIAN_POINT('',(-12.34142284074,-95.1727058816,
    87.912165773275));
#11881 = ELLIPSE('',#11882,1.,0.5);
#11882 = AXIS2_PLACEMENT_3D('',#11883,#11884,#11885);
#11883 = CARTESIAN_POINT('',(-12.34142284071,-96.03873128538,
    88.412165773275));
#11884 = DIRECTION('',(-4.462204E-11,-0.5,-0.866025403784));
#11885 = DIRECTION('',(-2.842068E-11,0.866025403784,-0.5));
#11886 = ORIENTED_EDGE('',*,*,#11887,.T.);
#11887 = EDGE_CURVE('',#11879,#11852,#11888,.T.);
#11888 = LINE('',#11889,#11890);
#11889 = CARTESIAN_POINT('',(-12.34142284068,-121.4285079824,
    87.912165773274));
#11890 = VECTOR('',#11891,1.);
#11891 = DIRECTION('',(2.30197E-12,-1.,-5.7E-15));
#11892 = ORIENTED_EDGE('',*,*,#11851,.F.);
#11893 = ORIENTED_EDGE('',*,*,#9360,.T.);
#11894 = CYLINDRICAL_SURFACE('',#11895,0.5);
#11895 = AXIS2_PLACEMENT_3D('',#11896,#11897,#11898);
#11896 = CARTESIAN_POINT('',(-12.34142284065,-121.4285079824,
    88.412165773274));
#11897 = DIRECTION('',(2.30197E-12,-1.,-5.9E-15));
#11898 = DIRECTION('',(-0.707106781224,-1.623566667165E-12,
    -0.707106781149));
#11899 = ADVANCED_FACE('',(#11900,#11930),#11933,.F.);
#11900 = FACE_BOUND('',#11901,.F.);
#11901 = EDGE_LOOP('',(#11902,#11903,#11904,#11905,#11914,#11922,#11928,
    #11929));
#11902 = ORIENTED_EDGE('',*,*,#9279,.F.);
#11903 = ORIENTED_EDGE('',*,*,#9303,.F.);
#11904 = ORIENTED_EDGE('',*,*,#9391,.T.);
#11905 = ORIENTED_EDGE('',*,*,#11906,.T.);
#11906 = EDGE_CURVE('',#9375,#11907,#11909,.T.);
#11907 = VERTEX_POINT('',#11908);
#11908 = CARTESIAN_POINT('',(-22.34111258972,-95.17269101537,
    87.912157190771));
#11909 = ELLIPSE('',#11910,2.,1.);
#11910 = AXIS2_PLACEMENT_3D('',#11911,#11912,#11913);
#11911 = CARTESIAN_POINT('',(-22.3421540243,-96.90474088366,
    88.912156648478));
#11912 = DIRECTION('',(4.462204E-11,0.5,0.866025403784));
#11913 = DIRECTION('',(-2.842071E-11,0.866025403784,-0.5));
#11914 = ORIENTED_EDGE('',*,*,#11915,.T.);
#11915 = EDGE_CURVE('',#11907,#11916,#11918,.T.);
#11916 = VERTEX_POINT('',#11917);
#11917 = CARTESIAN_POINT('',(-12.8414242883,-95.17269007607,
    87.912156647976));
#11918 = LINE('',#11919,#11920);
#11919 = CARTESIAN_POINT('',(2.227258344983,-95.17268606058,
    87.912165772622));
#11920 = VECTOR('',#11921,1.);
#11921 = DIRECTION('',(1.,2.30197E-12,2.022E-14));
#11922 = ORIENTED_EDGE('',*,*,#11923,.F.);
#11923 = EDGE_CURVE('',#11879,#11916,#11924,.T.);
#11924 = LINE('',#11925,#11926);
#11925 = CARTESIAN_POINT('',(-21.83297510385,-95.17270588162,
    87.912165773776));
#11926 = VECTOR('',#11927,1.);
#11927 = DIRECTION('',(-1.,-2.33756E-12,5.287469E-11));
#11928 = ORIENTED_EDGE('',*,*,#11878,.F.);
#11929 = ORIENTED_EDGE('',*,*,#9344,.F.);
#11930 = FACE_BOUND('',#11931,.T.);
#11931 = EDGE_LOOP('',(#11932));
#11932 = ORIENTED_EDGE('',*,*,#4871,.T.);
#11933 = PLANE('',#11934);
#11934 = AXIS2_PLACEMENT_3D('',#11935,#11936,#11937);
#11935 = CARTESIAN_POINT('',(-17.84195386036,-99.98988730773,
    90.693366766671));
#11936 = DIRECTION('',(-4.462204E-11,-0.5,-0.866025403784));
#11937 = DIRECTION('',(1.,2.30197146759E-12,-5.285413745806E-11));
#11938 = ADVANCED_FACE('',(#11939),#11968,.F.);
#11939 = FACE_BOUND('',#11940,.F.);
#11940 = EDGE_LOOP('',(#11941,#11950,#11951,#11952,#11953,#11962));
#11941 = ORIENTED_EDGE('',*,*,#11942,.F.);
#11942 = EDGE_CURVE('',#11907,#11943,#11945,.T.);
#11943 = VERTEX_POINT('',#11944);
#11944 = CARTESIAN_POINT('',(-22.34215402435,-95.1726900761,
    87.912156648478));
#11945 = ELLIPSE('',#11946,2.,1.);
#11946 = AXIS2_PLACEMENT_3D('',#11947,#11948,#11949);
#11947 = CARTESIAN_POINT('',(-22.3421540243,-96.90474088366,
    88.912156648478));
#11948 = DIRECTION('',(4.462204E-11,0.5,0.866025403784));
#11949 = DIRECTION('',(-2.842071E-11,0.866025403784,-0.5));
#11950 = ORIENTED_EDGE('',*,*,#11906,.F.);
#11951 = ORIENTED_EDGE('',*,*,#9374,.T.);
#11952 = ORIENTED_EDGE('',*,*,#9432,.T.);
#11953 = ORIENTED_EDGE('',*,*,#11954,.T.);
#11954 = EDGE_CURVE('',#9408,#11955,#11957,.T.);
#11955 = VERTEX_POINT('',#11956);
#11956 = CARTESIAN_POINT('',(-22.34215402432,-109.5665652554,
    87.912156648478));
#11957 = ELLIPSE('',#11958,1.414213562373,1.);
#11958 = AXIS2_PLACEMENT_3D('',#11959,#11960,#11961);
#11959 = CARTESIAN_POINT('',(-22.34215402427,-109.5665652554,
    88.912156648478));
#11960 = DIRECTION('',(-0.707106781188,0.707106781185,3.737376E-11));
#11961 = DIRECTION('',(0.707106781185,0.707106781188,-3.737446E-11));
#11962 = ORIENTED_EDGE('',*,*,#11963,.T.);
#11963 = EDGE_CURVE('',#11955,#11943,#11964,.T.);
#11964 = LINE('',#11965,#11966);
#11965 = CARTESIAN_POINT('',(-22.34215402431,-114.0897974393,
    87.912156648478));
#11966 = VECTOR('',#11967,1.);
#11967 = DIRECTION('',(-2.30202E-12,1.,-5.E-16));
#11968 = CYLINDRICAL_SURFACE('',#11969,1.);
#11969 = AXIS2_PLACEMENT_3D('',#11970,#11971,#11972);
#11970 = CARTESIAN_POINT('',(-22.34215402426,-114.0897974393,
    88.912156648478));
#11971 = DIRECTION('',(-2.30202E-12,1.,-5.E-16));
#11972 = DIRECTION('',(0.707106781149,1.62742039895E-12,-0.707106781224)
  );
#11973 = ADVANCED_FACE('',(#11974),#11995,.F.);
#11974 = FACE_BOUND('',#11975,.F.);
#11975 = EDGE_LOOP('',(#11976,#11977,#11978,#11989));
#11976 = ORIENTED_EDGE('',*,*,#11954,.F.);
#11977 = ORIENTED_EDGE('',*,*,#9405,.F.);
#11978 = ORIENTED_EDGE('',*,*,#11979,.F.);
#11979 = EDGE_CURVE('',#11980,#9406,#11982,.T.);
#11980 = VERTEX_POINT('',#11981);
#11981 = CARTESIAN_POINT('',(-13.34142255369,-109.5665652554,
    87.912156648003));
#11982 = B_SPLINE_CURVE_WITH_KNOTS('',3,(#11983,#11984,#11985,#11986,
    #11987,#11988),.UNSPECIFIED.,.F.,.F.,(4,2,4),(0.,6.174589596754E-02,
    8.633352927442E-02),.UNSPECIFIED.);
#11983 = CARTESIAN_POINT('',(-13.34142255369,-109.5665652554,
    87.912156648003));
#11984 = CARTESIAN_POINT('',(-13.2225925215,-109.3985142123,
    87.912156647996));
#11985 = CARTESIAN_POINT('',(-13.08296904745,-109.2013602368,
    87.963503373043));
#11986 = CARTESIAN_POINT('',(-12.94999974606,-108.9835191133,
    88.096472674414));
#11987 = CARTESIAN_POINT('',(-12.91320221102,-108.9185006991,
    88.146007641886));
#11988 = CARTESIAN_POINT('',(-12.88633269311,-108.8594584742,
    88.205049866792));
#11989 = ORIENTED_EDGE('',*,*,#11990,.T.);
#11990 = EDGE_CURVE('',#11980,#11955,#11991,.T.);
#11991 = LINE('',#11992,#11993);
#11992 = CARTESIAN_POINT('',(-8.920575082135,-109.5665652554,
    87.912156647769));
#11993 = VECTOR('',#11994,1.);
#11994 = DIRECTION('',(-1.,-2.30197E-12,5.285414E-11));
#11995 = CYLINDRICAL_SURFACE('',#11996,1.);
#11996 = AXIS2_PLACEMENT_3D('',#11997,#11998,#11999);
#11997 = CARTESIAN_POINT('',(-8.920575082082,-109.5665652554,
    88.912156647769));
#11998 = DIRECTION('',(1.,2.30197E-12,-5.285414E-11));
#11999 = DIRECTION('',(-4.971178393529E-11,0.382683432365,
    -0.923879532511));
#12000 = ADVANCED_FACE('',(#12001),#12021,.F.);
#12001 = FACE_BOUND('',#12002,.F.);
#12002 = EDGE_LOOP('',(#12003,#12004,#12005,#12014,#12020));
#12003 = ORIENTED_EDGE('',*,*,#9415,.F.);
#12004 = ORIENTED_EDGE('',*,*,#9455,.T.);
#12005 = ORIENTED_EDGE('',*,*,#12006,.F.);
#12006 = EDGE_CURVE('',#12007,#9448,#12009,.T.);
#12007 = VERTEX_POINT('',#12008);
#12008 = CARTESIAN_POINT('',(-13.34142255369,-110.5156315157,
    87.912156648003));
#12009 = ELLIPSE('',#12010,0.541196223527,0.5);
#12010 = AXIS2_PLACEMENT_3D('',#12011,#12012,#12013);
#12011 = CARTESIAN_POINT('',(-13.34142255366,-110.5156315157,
    88.412156648003));
#12012 = DIRECTION('',(0.38268394086,-0.923879321886,-2.022597E-11));
#12013 = DIRECTION('',(0.923879321886,0.38268394086,-4.883104E-11));
#12014 = ORIENTED_EDGE('',*,*,#12015,.T.);
#12015 = EDGE_CURVE('',#12007,#11980,#12016,.T.);
#12016 = LINE('',#12017,#12018);
#12017 = CARTESIAN_POINT('',(-13.34142255369,-108.3439981741,
    87.912156648003));
#12018 = VECTOR('',#12019,1.);
#12019 = DIRECTION('',(-2.30266E-12,1.,-5.E-16));
#12020 = ORIENTED_EDGE('',*,*,#11979,.T.);
#12021 = CYLINDRICAL_SURFACE('',#12022,0.5);
#12022 = AXIS2_PLACEMENT_3D('',#12023,#12024,#12025);
#12023 = CARTESIAN_POINT('',(-13.34142255367,-108.3439981741,
    88.412156648003));
#12024 = DIRECTION('',(-2.30266E-12,1.,-5.E-16));
#12025 = DIRECTION('',(0.707106781149,1.62787294729E-12,-0.707106781224)
  );
#12026 = ADVANCED_FACE('',(#12027),#12046,.F.);
#12027 = FACE_BOUND('',#12028,.F.);
#12028 = EDGE_LOOP('',(#12029,#12030,#12031,#12040));
#12029 = ORIENTED_EDGE('',*,*,#12006,.T.);
#12030 = ORIENTED_EDGE('',*,*,#9473,.T.);
#12031 = ORIENTED_EDGE('',*,*,#12032,.F.);
#12032 = EDGE_CURVE('',#12033,#9474,#12035,.T.);
#12033 = VERTEX_POINT('',#12034);
#12034 = CARTESIAN_POINT('',(-12.64853445332,-111.2085180906,
    87.912156647966));
#12035 = ELLIPSE('',#12036,0.541195976765,0.5);
#12036 = AXIS2_PLACEMENT_3D('',#12037,#12038,#12039);
#12037 = CARTESIAN_POINT('',(-12.6485344533,-111.2085180906,
    88.412156647966));
#12038 = DIRECTION('',(0.923879743137,-0.38268292387,-4.883118E-11));
#12039 = DIRECTION('',(0.38268292387,0.923879743137,-2.022535E-11));
#12040 = ORIENTED_EDGE('',*,*,#12041,.T.);
#12041 = EDGE_CURVE('',#12033,#12007,#12042,.T.);
#12042 = LINE('',#12043,#12044);
#12043 = CARTESIAN_POINT('',(-9.924839080374,-113.9322074672,
    87.912156647822));
#12044 = VECTOR('',#12045,1.);
#12045 = DIRECTION('',(-0.707107559555,0.707106002817,3.737321E-11));
#12046 = CYLINDRICAL_SURFACE('',#12047,0.5);
#12047 = AXIS2_PLACEMENT_3D('',#12048,#12049,#12050);
#12048 = CARTESIAN_POINT('',(-9.924839080348,-113.9322074672,
    88.412156647822));
#12049 = DIRECTION('',(0.707107559555,-0.707106002817,-3.737321E-11));
#12050 = DIRECTION('',(0.499999449573,0.50000055039,-0.707106781213));
#12051 = ADVANCED_FACE('',(#12052),#12063,.F.);
#12052 = FACE_BOUND('',#12053,.F.);
#12053 = EDGE_LOOP('',(#12054,#12055,#12056,#12057));
#12054 = ORIENTED_EDGE('',*,*,#12032,.T.);
#12055 = ORIENTED_EDGE('',*,*,#9500,.T.);
#12056 = ORIENTED_EDGE('',*,*,#9861,.T.);
#12057 = ORIENTED_EDGE('',*,*,#12058,.T.);
#12058 = EDGE_CURVE('',#9862,#12033,#12059,.T.);
#12059 = LINE('',#12060,#12061);
#12060 = CARTESIAN_POINT('',(-8.101979242956,-111.2085180906,
    87.912156647726));
#12061 = VECTOR('',#12062,1.);
#12062 = DIRECTION('',(-1.,-2.3023E-12,5.285414E-11));
#12063 = CYLINDRICAL_SURFACE('',#12064,0.5);
#12064 = AXIS2_PLACEMENT_3D('',#12065,#12066,#12067);
#12065 = CARTESIAN_POINT('',(-8.10197924293,-111.2085180906,
    88.412156647726));
#12066 = DIRECTION('',(-1.,-2.3023E-12,5.285414E-11));
#12067 = DIRECTION('',(-3.900149275011E-11,0.707106781187,
    -0.707106781187));
#12068 = ADVANCED_FACE('',(#12069),#12103,.T.);
#12069 = FACE_BOUND('',#12070,.T.);
#12070 = EDGE_LOOP('',(#12071,#12081,#12089,#12097));
#12071 = ORIENTED_EDGE('',*,*,#12072,.T.);
#12072 = EDGE_CURVE('',#12073,#12075,#12077,.T.);
#12073 = VERTEX_POINT('',#12074);
#12074 = CARTESIAN_POINT('',(-25.87622363309,-139.389147045,
    87.912165772621));
#12075 = VERTEX_POINT('',#12076);
#12076 = CARTESIAN_POINT('',(-25.87622363301,-139.389147045,
    86.193280644653));
#12077 = LINE('',#12078,#12079);
#12078 = CARTESIAN_POINT('',(-25.87622363309,-139.389146752,
    89.840848878566));
#12079 = VECTOR('',#12080,1.);
#12080 = DIRECTION('',(-1.58E-15,-1.43E-15,-1.));
#12081 = ORIENTED_EDGE('',*,*,#12082,.T.);
#12082 = EDGE_CURVE('',#12075,#12083,#12085,.T.);
#12083 = VERTEX_POINT('',#12084);
#12084 = CARTESIAN_POINT('',(-25.87622363309,-144.2489057807,
    86.193280644694));
#12085 = LINE('',#12086,#12087);
#12086 = CARTESIAN_POINT('',(-25.87622363309,-104.1027065413,
    86.193280644653));
#12087 = VECTOR('',#12088,1.);
#12088 = DIRECTION('',(2.30041E-12,-1.,1.18E-15));
#12089 = ORIENTED_EDGE('',*,*,#12090,.T.);
#12090 = EDGE_CURVE('',#12083,#12091,#12093,.T.);
#12091 = VERTEX_POINT('',#12092);
#12092 = CARTESIAN_POINT('',(-25.87622363309,-144.2489057807,
    87.912165772622));
#12093 = LINE('',#12094,#12095);
#12094 = CARTESIAN_POINT('',(-25.87622363309,-144.2489057807,
    76.912157325841));
#12095 = VECTOR('',#12096,1.);
#12096 = DIRECTION('',(-4.54E-15,2.51E-15,1.));
#12097 = ORIENTED_EDGE('',*,*,#12098,.T.);
#12098 = EDGE_CURVE('',#12091,#12073,#12099,.T.);
#12099 = LINE('',#12100,#12101);
#12100 = CARTESIAN_POINT('',(-25.87622363309,-130.3237648858,
    87.912165772621));
#12101 = VECTOR('',#12102,1.);
#12102 = DIRECTION('',(1.41E-15,1.,5.9E-15));
#12103 = PLANE('',#12104);
#12104 = AXIS2_PLACEMENT_3D('',#12105,#12106,#12107);
#12105 = CARTESIAN_POINT('',(-25.87622363309,-118.4470342002,
    96.269540989923));
#12106 = DIRECTION('',(-1.,1.41E-15,1.58E-15));
#12107 = DIRECTION('',(-1.41E-15,-1.,-5.86E-15));
#12108 = ADVANCED_FACE('',(#12109),#12135,.T.);
#12109 = FACE_BOUND('',#12110,.T.);
#12110 = EDGE_LOOP('',(#12111,#12120,#12121,#12129));
#12111 = ORIENTED_EDGE('',*,*,#12112,.T.);
#12112 = EDGE_CURVE('',#12113,#12075,#12115,.T.);
#12113 = VERTEX_POINT('',#12114);
#12114 = CARTESIAN_POINT('',(-27.39886954797,-139.389146752,
    86.361713264941));
#12115 = CIRCLE('',#12116,2.5);
#12116 = AXIS2_PLACEMENT_3D('',#12117,#12118,#12119);
#12117 = CARTESIAN_POINT('',(-26.8991966836,-139.389147045,
    83.91215676863));
#12118 = DIRECTION('',(1.67E-15,1.,-8.3E-15));
#12119 = DIRECTION('',(-1.,1.670000000439E-15,5.285248E-11));
#12120 = ORIENTED_EDGE('',*,*,#12072,.F.);
#12121 = ORIENTED_EDGE('',*,*,#12122,.T.);
#12122 = EDGE_CURVE('',#12073,#12123,#12125,.T.);
#12123 = VERTEX_POINT('',#12124);
#12124 = CARTESIAN_POINT('',(-27.39886954797,-139.389146752,
    87.912156647297));
#12125 = LINE('',#12126,#12127);
#12126 = CARTESIAN_POINT('',(-0.430632436538,-139.389147045,
    87.912165772622));
#12127 = VECTOR('',#12128,1.);
#12128 = DIRECTION('',(-1.,1.67E-15,-2.022E-14));
#12129 = ORIENTED_EDGE('',*,*,#12130,.F.);
#12130 = EDGE_CURVE('',#12113,#12123,#12131,.T.);
#12131 = LINE('',#12132,#12133);
#12132 = CARTESIAN_POINT('',(-27.39886954797,-139.389146752,
    76.912157325841));
#12133 = VECTOR('',#12134,1.);
#12134 = DIRECTION('',(-4.54E-15,2.7E-15,1.));
#12135 = PLANE('',#12136);
#12136 = AXIS2_PLACEMENT_3D('',#12137,#12138,#12139);
#12137 = CARTESIAN_POINT('',(-1.000428579096,-139.389146752,
    83.412156767209));
#12138 = DIRECTION('',(-3.3348E-13,-1.,1.43E-15));
#12139 = DIRECTION('',(1.,-3.3348E-13,4.1E-15));
#12140 = ADVANCED_FACE('',(#12141),#12167,.T.);
#12141 = FACE_BOUND('',#12142,.T.);
#12142 = EDGE_LOOP('',(#12143,#12150,#12151,#12160,#12166));
#12143 = ORIENTED_EDGE('',*,*,#12144,.F.);
#12144 = EDGE_CURVE('',#12113,#10896,#12145,.T.);
#12145 = B_SPLINE_CURVE_WITH_KNOTS('',3,(#12146,#12147,#12148,#12149),
  .UNSPECIFIED.,.F.,.F.,(4,4),(-0.164704979143,-2.040026865927E-02),
  .PIECEWISE_BEZIER_KNOTS.);
#12146 = CARTESIAN_POINT('',(-27.39886954797,-139.389146752,
    86.361713264941));
#12147 = CARTESIAN_POINT('',(-27.45941228741,-138.8899017805,
    86.349363452199));
#12148 = CARTESIAN_POINT('',(-27.49210483326,-138.3931277742,
    86.340842269451));
#12149 = CARTESIAN_POINT('',(-27.49919452371,-137.9084865161,
    86.339089522512));
#12150 = ORIENTED_EDGE('',*,*,#12130,.T.);
#12151 = ORIENTED_EDGE('',*,*,#12152,.T.);
#12152 = EDGE_CURVE('',#12123,#12153,#12155,.T.);
#12153 = VERTEX_POINT('',#12154);
#12154 = CARTESIAN_POINT('',(-27.50041563337,-137.7917196032,
    87.912156647297));
#12155 = CIRCLE('',#12156,14.000264020169);
#12156 = AXIS2_PLACEMENT_3D('',#12157,#12158,#12159);
#12157 = CARTESIAN_POINT('',(-13.50042829143,-137.7037022192,
    87.912156647297));
#12158 = DIRECTION('',(2.44E-15,-9.3E-16,-1.));
#12159 = DIRECTION('',(-0.999981160321,-6.138322554599E-03,
    -2.434245391207E-15));
#12160 = ORIENTED_EDGE('',*,*,#12161,.T.);
#12161 = EDGE_CURVE('',#12153,#10904,#12162,.T.);
#12162 = LINE('',#12163,#12164);
#12163 = CARTESIAN_POINT('',(-27.50041563337,-137.7917196032,
    76.912157325841));
#12164 = VECTOR('',#12165,1.);
#12165 = DIRECTION('',(4.54E-15,-2.7E-15,-1.));
#12166 = ORIENTED_EDGE('',*,*,#10903,.F.);
#12167 = CYLINDRICAL_SURFACE('',#12168,14.000264020169);
#12168 = AXIS2_PLACEMENT_3D('',#12169,#12170,#12171);
#12169 = CARTESIAN_POINT('',(-13.50042829143,-137.7037022192,
    76.912157325842));
#12170 = DIRECTION('',(4.54E-15,-2.7E-15,-1.));
#12171 = DIRECTION('',(-0.999981160321,-6.138322554599E-03,
    -4.523340996958E-15));
#12172 = ADVANCED_FACE('',(#12173),#12192,.T.);
#12173 = FACE_BOUND('',#12174,.T.);
#12174 = EDGE_LOOP('',(#12175,#12176,#12177,#12186));
#12175 = ORIENTED_EDGE('',*,*,#10912,.F.);
#12176 = ORIENTED_EDGE('',*,*,#12161,.F.);
#12177 = ORIENTED_EDGE('',*,*,#12178,.T.);
#12178 = EDGE_CURVE('',#12153,#12179,#12181,.T.);
#12179 = VERTEX_POINT('',#12180);
#12180 = CARTESIAN_POINT('',(-27.50042855112,-137.7727012755,
    87.912156647297));
#12181 = CIRCLE('',#12182,14.);
#12182 = AXIS2_PLACEMENT_3D('',#12183,#12184,#12185);
#12183 = CARTESIAN_POINT('',(-13.50042855112,-137.7727012755,
    87.912156647297));
#12184 = DIRECTION('',(2.44E-15,-9.3E-16,-1.));
#12185 = DIRECTION('',(-1.,3.3315E-13,-2.44E-15));
#12186 = ORIENTED_EDGE('',*,*,#12187,.F.);
#12187 = EDGE_CURVE('',#10887,#12179,#12188,.T.);
#12188 = LINE('',#12189,#12190);
#12189 = CARTESIAN_POINT('',(-27.50042855112,-137.7727012755,
    81.912156647297));
#12190 = VECTOR('',#12191,1.);
#12191 = DIRECTION('',(-2.44E-15,9.3E-16,1.));
#12192 = CYLINDRICAL_SURFACE('',#12193,14.);
#12193 = AXIS2_PLACEMENT_3D('',#12194,#12195,#12196);
#12194 = CARTESIAN_POINT('',(-13.50042855112,-137.7727012755,
    81.912156647297));
#12195 = DIRECTION('',(2.44E-15,-9.3E-16,-1.));
#12196 = DIRECTION('',(-1.,3.3315E-13,-2.44E-15));
#12197 = ADVANCED_FACE('',(#12198),#12219,.F.);
#12198 = FACE_BOUND('',#12199,.T.);
#12199 = EDGE_LOOP('',(#12200,#12201,#12202,#12203,#12204,#12212,#12218)
  );
#12200 = ORIENTED_EDGE('',*,*,#10633,.T.);
#12201 = ORIENTED_EDGE('',*,*,#9560,.T.);
#12202 = ORIENTED_EDGE('',*,*,#10886,.T.);
#12203 = ORIENTED_EDGE('',*,*,#12187,.T.);
#12204 = ORIENTED_EDGE('',*,*,#12205,.T.);
#12205 = EDGE_CURVE('',#12179,#12206,#12208,.T.);
#12206 = VERTEX_POINT('',#12207);
#12207 = CARTESIAN_POINT('',(-27.50042869998,-95.75415939728,
    87.912156648751));
#12208 = LINE('',#12209,#12210);
#12209 = CARTESIAN_POINT('',(-27.50042869988,-136.8585294813,
    87.912156648751));
#12210 = VECTOR('',#12211,1.);
#12211 = DIRECTION('',(-2.30197E-12,1.,-1.28E-15));
#12212 = ORIENTED_EDGE('',*,*,#12213,.F.);
#12213 = EDGE_CURVE('',#10617,#12206,#12214,.T.);
#12214 = LINE('',#12215,#12216);
#12215 = CARTESIAN_POINT('',(-27.50042855111,-95.75415716389,
    41.907255280493));
#12216 = VECTOR('',#12217,1.);
#12217 = DIRECTION('',(1.6651E-13,-1.224E-14,1.));
#12218 = ORIENTED_EDGE('',*,*,#10625,.T.);
#12219 = PLANE('',#12220);
#12220 = AXIS2_PLACEMENT_3D('',#12221,#12222,#12223);
#12221 = CARTESIAN_POINT('',(-27.50042855112,-136.8585294812,
    81.912156647297));
#12222 = DIRECTION('',(1.,-3.3315E-13,2.44E-15));
#12223 = DIRECTION('',(3.3315E-13,1.,-9.3E-16));
#12224 = ADVANCED_FACE('',(#12225),#12244,.T.);
#12225 = FACE_BOUND('',#12226,.T.);
#12226 = EDGE_LOOP('',(#12227,#12235,#12236,#12237));
#12227 = ORIENTED_EDGE('',*,*,#12228,.F.);
#12228 = EDGE_CURVE('',#10609,#12229,#12231,.T.);
#12229 = VERTEX_POINT('',#12230);
#12230 = CARTESIAN_POINT('',(-24.04126244925,-88.09611374603,
    87.91216577263));
#12231 = LINE('',#12232,#12233);
#12232 = CARTESIAN_POINT('',(-24.04126244921,-88.09611374598,
    41.907255280492));
#12233 = VECTOR('',#12234,1.);
#12234 = DIRECTION('',(1.6651E-13,-1.224E-14,1.));
#12235 = ORIENTED_EDGE('',*,*,#10616,.T.);
#12236 = ORIENTED_EDGE('',*,*,#12213,.T.);
#12237 = ORIENTED_EDGE('',*,*,#12238,.T.);
#12238 = EDGE_CURVE('',#12206,#12229,#12239,.T.);
#12239 = CIRCLE('',#12240,12.);
#12240 = AXIS2_PLACEMENT_3D('',#12241,#12242,#12243);
#12241 = CARTESIAN_POINT('',(-15.52700209296,-96.55231682928,
    87.91216577263));
#12242 = DIRECTION('',(2.022E-14,5.7E-15,-1.));
#12243 = DIRECTION('',(-8.142047127141E-03,0.999966852985,
    5.535178869103E-15));
#12244 = CYLINDRICAL_SURFACE('',#12245,12.);
#12245 = AXIS2_PLACEMENT_3D('',#12246,#12247,#12248);
#12246 = CARTESIAN_POINT('',(-15.52700209296,-96.55231682928,
    41.907255280491));
#12247 = DIRECTION('',(1.6651E-13,-1.224E-14,1.));
#12248 = DIRECTION('',(-8.142047127141E-03,0.999966852985,
    1.359532654768E-14));
#12249 = ADVANCED_FACE('',(#12250),#12268,.T.);
#12250 = FACE_BOUND('',#12251,.T.);
#12251 = EDGE_LOOP('',(#12252,#12253,#12261,#12267));
#12252 = ORIENTED_EDGE('',*,*,#12228,.T.);
#12253 = ORIENTED_EDGE('',*,*,#12254,.T.);
#12254 = EDGE_CURVE('',#12229,#12255,#12257,.T.);
#12255 = VERTEX_POINT('',#12256);
#12256 = CARTESIAN_POINT('',(-24.04126244926,-87.11111374603,
    87.912165772629));
#12257 = LINE('',#12258,#12259);
#12258 = CARTESIAN_POINT('',(-24.04126244925,-88.09611374603,
    87.912165772628));
#12259 = VECTOR('',#12260,1.);
#12260 = DIRECTION('',(-1.443919E-11,1.,1.05189E-12));
#12261 = ORIENTED_EDGE('',*,*,#12262,.F.);
#12262 = EDGE_CURVE('',#10600,#12255,#12263,.T.);
#12263 = LINE('',#12264,#12265);
#12264 = CARTESIAN_POINT('',(-24.04126244922,-87.11111374598,
    41.907255280492));
#12265 = VECTOR('',#12266,1.);
#12266 = DIRECTION('',(1.6651E-13,-1.224E-14,1.));
#12267 = ORIENTED_EDGE('',*,*,#10608,.F.);
#12268 = PLANE('',#12269);
#12269 = AXIS2_PLACEMENT_3D('',#12270,#12271,#12272);
#12270 = CARTESIAN_POINT('',(-24.0412624492,-88.09611374598,
    81.912159577501));
#12271 = DIRECTION('',(-1.,-1.443919E-11,1.6651E-13));
#12272 = DIRECTION('',(1.665100000002E-13,-1.224E-14,1.));
#12273 = ADVANCED_FACE('',(#12274),#12293,.T.);
#12274 = FACE_BOUND('',#12275,.T.);
#12275 = EDGE_LOOP('',(#12276,#12277,#12286,#12292));
#12276 = ORIENTED_EDGE('',*,*,#12262,.T.);
#12277 = ORIENTED_EDGE('',*,*,#12278,.T.);
#12278 = EDGE_CURVE('',#12255,#12279,#12281,.T.);
#12279 = VERTEX_POINT('',#12280);
#12280 = CARTESIAN_POINT('',(-24.02939939771,-87.09918598048,
    87.912165772622));
#12281 = CIRCLE('',#12282,12.);
#12282 = AXIS2_PLACEMENT_3D('',#12283,#12284,#12285);
#12283 = CARTESIAN_POINT('',(-15.52700209297,-95.56731682928,
    87.91216577263));
#12284 = DIRECTION('',(2.022E-14,5.7E-15,-1.));
#12285 = DIRECTION('',(-8.142047127141E-03,0.999966852985,
    5.535178869103E-15));
#12286 = ORIENTED_EDGE('',*,*,#12287,.T.);
#12287 = EDGE_CURVE('',#12279,#10592,#12288,.T.);
#12288 = LINE('',#12289,#12290);
#12289 = CARTESIAN_POINT('',(-24.02939939823,-87.099185981,
    41.907255280492));
#12290 = VECTOR('',#12291,1.);
#12291 = DIRECTION('',(-1.6651E-13,1.224E-14,-1.));
#12292 = ORIENTED_EDGE('',*,*,#10599,.T.);
#12293 = CYLINDRICAL_SURFACE('',#12294,12.);
#12294 = AXIS2_PLACEMENT_3D('',#12295,#12296,#12297);
#12295 = CARTESIAN_POINT('',(-15.52700209298,-95.56731682928,
    41.907255280491));
#12296 = DIRECTION('',(1.6651E-13,-1.224E-14,1.));
#12297 = DIRECTION('',(-8.142047127141E-03,0.999966852985,
    1.359532654768E-14));
#12298 = ADVANCED_FACE('',(#12299),#12321,.T.);
#12299 = FACE_BOUND('',#12300,.T.);
#12300 = EDGE_LOOP('',(#12301,#12302,#12310,#12316,#12317,#12318,#12319,
    #12320));
#12301 = ORIENTED_EDGE('',*,*,#12287,.F.);
#12302 = ORIENTED_EDGE('',*,*,#12303,.T.);
#12303 = EDGE_CURVE('',#12279,#12304,#12306,.T.);
#12304 = VERTEX_POINT('',#12305);
#12305 = CARTESIAN_POINT('',(-26.36607899707,-86.47307456887,
    87.912165774016));
#12306 = LINE('',#12307,#12308);
#12307 = CARTESIAN_POINT('',(-17.27040085152,-88.91025418256,
    87.912165773535));
#12308 = VECTOR('',#12309,1.);
#12309 = DIRECTION('',(-0.96592582629,0.2588190451,5.10744E-11));
#12310 = ORIENTED_EDGE('',*,*,#12311,.F.);
#12311 = EDGE_CURVE('',#9617,#12304,#12312,.T.);
#12312 = LINE('',#12313,#12314);
#12313 = CARTESIAN_POINT('',(-24.51579163929,-86.96885757212,
    89.762453131602));
#12314 = VECTOR('',#12315,1.);
#12315 = DIRECTION('',(0.694746590644,-0.186156787896,0.694746590571));
#12316 = ORIENTED_EDGE('',*,*,#9616,.T.);
#12317 = ORIENTED_EDGE('',*,*,#9654,.F.);
#12318 = ORIENTED_EDGE('',*,*,#10575,.T.);
#12319 = ORIENTED_EDGE('',*,*,#10583,.T.);
#12320 = ORIENTED_EDGE('',*,*,#10591,.T.);
#12321 = PLANE('',#12322);
#12322 = AXIS2_PLACEMENT_3D('',#12323,#12324,#12325);
#12323 = CARTESIAN_POINT('',(-22.36609795443,-87.54486625897,
    87.912146792276));
#12324 = DIRECTION('',(-0.2588190451,-0.96592582629,1.392909E-11));
#12325 = DIRECTION('',(-0.96592582629,0.2588190451,5.096893E-11));
#12326 = ADVANCED_FACE('',(#12327),#12353,.T.);
#12327 = FACE_BOUND('',#12328,.T.);
#12328 = EDGE_LOOP('',(#12329,#12330,#12338,#12346,#12352));
#12329 = ORIENTED_EDGE('',*,*,#12311,.T.);
#12330 = ORIENTED_EDGE('',*,*,#12331,.T.);
#12331 = EDGE_CURVE('',#12304,#12332,#12334,.T.);
#12332 = VERTEX_POINT('',#12333);
#12333 = CARTESIAN_POINT('',(-26.36607899708,-84.20511374536,
    87.912165774016));
#12334 = LINE('',#12335,#12336);
#12335 = CARTESIAN_POINT('',(-26.36607899699,-121.9849705069,
    87.912165774016));
#12336 = VECTOR('',#12337,1.);
#12337 = DIRECTION('',(-2.22858E-12,1.,5.32E-15));
#12338 = ORIENTED_EDGE('',*,*,#12339,.T.);
#12339 = EDGE_CURVE('',#12332,#12340,#12342,.T.);
#12340 = VERTEX_POINT('',#12341);
#12341 = CARTESIAN_POINT('',(-27.22430721459,-84.20512029035,
    87.053937556593));
#12342 = LINE('',#12343,#12344);
#12343 = CARTESIAN_POINT('',(-26.86609797863,-84.20512029035,
    87.412146792513));
#12344 = VECTOR('',#12345,1.);
#12345 = DIRECTION('',(-0.707106781224,-1.81308E-12,-0.70710678115));
#12346 = ORIENTED_EDGE('',*,*,#12347,.T.);
#12347 = EDGE_CURVE('',#12340,#9599,#12348,.T.);
#12348 = LINE('',#12349,#12350);
#12349 = CARTESIAN_POINT('',(-26.86609797863,-84.20512029035,
    87.412146792513));
#12350 = VECTOR('',#12351,1.);
#12351 = DIRECTION('',(-0.707106781224,-1.81322E-12,-0.70710678115));
#12352 = ORIENTED_EDGE('',*,*,#9624,.T.);
#12353 = PLANE('',#12354);
#12354 = AXIS2_PLACEMENT_3D('',#12355,#12356,#12357);
#12355 = CARTESIAN_POINT('',(-26.86609797859,-102.7544454424,
    87.412146792515));
#12356 = DIRECTION('',(-0.70710678115,-1.57961E-12,0.707106781224));
#12357 = DIRECTION('',(2.301262942692E-12,-1.,6.735705730799E-14));
#12358 = ADVANCED_FACE('',(#12359),#12383,.F.);
#12359 = FACE_BOUND('',#12360,.F.);
#12360 = EDGE_LOOP('',(#12361,#12362,#12363,#12364,#12365,#12366,#12367,
    #12368,#12369,#12377));
#12361 = ORIENTED_EDGE('',*,*,#12339,.T.);
#12362 = ORIENTED_EDGE('',*,*,#12347,.T.);
#12363 = ORIENTED_EDGE('',*,*,#9598,.T.);
#12364 = ORIENTED_EDGE('',*,*,#9638,.T.);
#12365 = ORIENTED_EDGE('',*,*,#10568,.F.);
#12366 = ORIENTED_EDGE('',*,*,#10560,.F.);
#12367 = ORIENTED_EDGE('',*,*,#9678,.F.);
#12368 = ORIENTED_EDGE('',*,*,#9709,.T.);
#12369 = ORIENTED_EDGE('',*,*,#12370,.F.);
#12370 = EDGE_CURVE('',#12371,#9710,#12373,.T.);
#12371 = VERTEX_POINT('',#12372);
#12372 = CARTESIAN_POINT('',(-17.89815809362,-84.20511374546,
    87.912156648243));
#12373 = LINE('',#12374,#12375);
#12374 = CARTESIAN_POINT('',(-11.51504926415,-84.20511374553,
    82.387903927496));
#12375 = VECTOR('',#12376,1.);
#12376 = DIRECTION('',(0.756144734726,-8.49624E-12,-0.654404416356));
#12377 = ORIENTED_EDGE('',*,*,#12378,.F.);
#12378 = EDGE_CURVE('',#12332,#12371,#12379,.T.);
#12379 = LINE('',#12380,#12381);
#12380 = CARTESIAN_POINT('',(9.107030831646E-04,-84.20511374568,
    87.912156647297));
#12381 = VECTOR('',#12382,1.);
#12382 = DIRECTION('',(1.,-1.214084E-11,-5.285414E-11));
#12383 = PLANE('',#12384);
#12384 = AXIS2_PLACEMENT_3D('',#12385,#12386,#12387);
#12385 = CARTESIAN_POINT('',(1.017710099608E-03,-84.20511374568,
    96.274323314619));
#12386 = DIRECTION('',(-1.214084E-11,-1.,-1.04522E-12));
#12387 = DIRECTION('',(1.,-1.214083999994E-11,-5.268775E-11));
#12388 = ADVANCED_FACE('',(#12389),#12407,.F.);
#12389 = FACE_BOUND('',#12390,.T.);
#12390 = EDGE_LOOP('',(#12391,#12399,#12400,#12401));
#12391 = ORIENTED_EDGE('',*,*,#12392,.T.);
#12392 = EDGE_CURVE('',#12393,#9701,#12395,.T.);
#12393 = VERTEX_POINT('',#12394);
#12394 = CARTESIAN_POINT('',(-16.21590999257,-87.11111374598,
    87.912156648154));
#12395 = LINE('',#12396,#12397);
#12396 = CARTESIAN_POINT('',(-10.79748695739,-87.11111374583,
    83.222789915641));
#12397 = VECTOR('',#12398,1.);
#12398 = DIRECTION('',(0.756144734721,1.160327E-11,-0.654404416362));
#12399 = ORIENTED_EDGE('',*,*,#9717,.F.);
#12400 = ORIENTED_EDGE('',*,*,#12370,.F.);
#12401 = ORIENTED_EDGE('',*,*,#12402,.F.);
#12402 = EDGE_CURVE('',#12393,#12371,#12403,.T.);
#12403 = LINE('',#12404,#12405);
#12404 = CARTESIAN_POINT('',(-6.578356319032,-103.759508809,
    87.912156647645));
#12405 = VECTOR('',#12406,1.);
#12406 = DIRECTION('',(-0.500997692805,0.865448618812,2.647903E-11));
#12407 = PLANE('',#12408);
#12408 = AXIS2_PLACEMENT_3D('',#12409,#12410,#12411);
#12409 = CARTESIAN_POINT('',(-6.405266595281,-103.6593092704,
    87.712156647636));
#12410 = DIRECTION('',(-0.611964587168,-0.354258865941,-0.707106781154)
  );
#12411 = DIRECTION('',(-0.756144734723,-1.739525190558E-12,
    0.654404416359));
#12412 = ADVANCED_FACE('',(#12413),#12431,.T.);
#12413 = FACE_BOUND('',#12414,.T.);
#12414 = EDGE_LOOP('',(#12415,#12423,#12424,#12425));
#12415 = ORIENTED_EDGE('',*,*,#12416,.T.);
#12416 = EDGE_CURVE('',#12417,#9732,#12419,.T.);
#12417 = VERTEX_POINT('',#12418);
#12418 = CARTESIAN_POINT('',(-16.21590999256,-88.09611374598,
    87.912156648155));
#12419 = LINE('',#12420,#12421);
#12420 = CARTESIAN_POINT('',(-10.79748695738,-88.09611374583,
    83.222789915641));
#12421 = VECTOR('',#12422,1.);
#12422 = DIRECTION('',(0.756144734721,1.160327E-11,-0.654404416362));
#12423 = ORIENTED_EDGE('',*,*,#9741,.T.);
#12424 = ORIENTED_EDGE('',*,*,#12392,.F.);
#12425 = ORIENTED_EDGE('',*,*,#12426,.F.);
#12426 = EDGE_CURVE('',#12417,#12393,#12427,.T.);
#12427 = LINE('',#12428,#12429);
#12428 = CARTESIAN_POINT('',(-16.21590999256,-88.09611374598,
    87.912156648153));
#12429 = VECTOR('',#12430,1.);
#12430 = DIRECTION('',(-1.443919E-11,1.,1.05189E-12));
#12431 = PLANE('',#12432);
#12432 = AXIS2_PLACEMENT_3D('',#12433,#12434,#12435);
#12433 = CARTESIAN_POINT('',(-16.21590999258,-88.09611374591,
    87.912156648134));
#12434 = DIRECTION('',(0.654404416362,8.65369E-12,0.756144734721));
#12435 = DIRECTION('',(0.756144734721,1.160327E-11,-0.654404416362));
#12436 = ADVANCED_FACE('',(#12437),#12464,.F.);
#12437 = FACE_BOUND('',#12438,.T.);
#12438 = EDGE_LOOP('',(#12439,#12440,#12448,#12456,#12462,#12463));
#12439 = ORIENTED_EDGE('',*,*,#12416,.F.);
#12440 = ORIENTED_EDGE('',*,*,#12441,.F.);
#12441 = EDGE_CURVE('',#12442,#12417,#12444,.T.);
#12442 = VERTEX_POINT('',#12443);
#12443 = CARTESIAN_POINT('',(-14.83530002655,-90.48104885718,
    87.912156648082));
#12444 = LINE('',#12445,#12446);
#12445 = CARTESIAN_POINT('',(-6.578356319018,-104.744508809,
    87.912156647645));
#12446 = VECTOR('',#12447,1.);
#12447 = DIRECTION('',(-0.500997692805,0.865448618812,2.647903E-11));
#12448 = ORIENTED_EDGE('',*,*,#12449,.F.);
#12449 = EDGE_CURVE('',#12450,#12442,#12452,.T.);
#12450 = VERTEX_POINT('',#12451);
#12451 = CARTESIAN_POINT('',(-11.0276869341,-97.0585294813,
    87.912165773205));
#12452 = LINE('',#12453,#12454);
#12453 = CARTESIAN_POINT('',(-0.873450693594,-114.5994680038,
    87.912165772668));
#12454 = VECTOR('',#12455,1.);
#12455 = DIRECTION('',(-0.500997692805,0.865448618812,2.649503E-11));
#12456 = ORIENTED_EDGE('',*,*,#12457,.T.);
#12457 = EDGE_CURVE('',#12450,#9765,#12458,.T.);
#12458 = LINE('',#12459,#12460);
#12459 = CARTESIAN_POINT('',(-9.736461925756,-97.0585294813,
    86.794676873035));
#12460 = VECTOR('',#12461,1.);
#12461 = DIRECTION('',(0.756144734723,1.74017E-12,-0.654404416359));
#12462 = ORIENTED_EDGE('',*,*,#9764,.F.);
#12463 = ORIENTED_EDGE('',*,*,#9756,.F.);
#12464 = PLANE('',#12465);
#12465 = AXIS2_PLACEMENT_3D('',#12466,#12467,#12468);
#12466 = CARTESIAN_POINT('',(-6.405266595266,-104.6443092704,
    87.712156647636));
#12467 = DIRECTION('',(-0.611964587168,-0.354258865941,-0.707106781154)
  );
#12468 = DIRECTION('',(-0.756144734723,-1.739525190558E-12,
    0.654404416359));
#12469 = ADVANCED_FACE('',(#12470),#12483,.T.);
#12470 = FACE_BOUND('',#12471,.T.);
#12471 = EDGE_LOOP('',(#12472,#12478,#12479,#12480,#12481,#12482));
#12472 = ORIENTED_EDGE('',*,*,#12473,.F.);
#12473 = EDGE_CURVE('',#11148,#12450,#12474,.T.);
#12474 = LINE('',#12475,#12476);
#12475 = CARTESIAN_POINT('',(-21.16159619217,-97.05852948133,
    87.912165773741));
#12476 = VECTOR('',#12477,1.);
#12477 = DIRECTION('',(-1.,-2.30197E-12,5.287469E-11));
#12478 = ORIENTED_EDGE('',*,*,#11147,.T.);
#12479 = ORIENTED_EDGE('',*,*,#9811,.T.);
#12480 = ORIENTED_EDGE('',*,*,#9787,.F.);
#12481 = ORIENTED_EDGE('',*,*,#9772,.F.);
#12482 = ORIENTED_EDGE('',*,*,#12457,.F.);
#12483 = PLANE('',#12484);
#12484 = AXIS2_PLACEMENT_3D('',#12485,#12486,#12487);
#12485 = CARTESIAN_POINT('',(16.499999583552,-97.05852948128,
    81.912156647297));
#12486 = DIRECTION('',(1.67E-15,1.,-5.E-16));
#12487 = DIRECTION('',(-1.,1.67E-15,3.3E-16));
#12488 = ADVANCED_FACE('',(#12489),#12508,.F.);
#12489 = FACE_BOUND('',#12490,.F.);
#12490 = EDGE_LOOP('',(#12491,#12499,#12506,#12507));
#12491 = ORIENTED_EDGE('',*,*,#12492,.T.);
#12492 = EDGE_CURVE('',#9842,#12493,#12495,.T.);
#12493 = VERTEX_POINT('',#12494);
#12494 = CARTESIAN_POINT('',(24.062766631921,-91.85892724546,
    87.912165772622));
#12495 = LINE('',#12496,#12497);
#12496 = CARTESIAN_POINT('',(24.062766631921,-91.85892724546,
    85.412156647298));
#12497 = VECTOR('',#12498,1.);
#12498 = DIRECTION('',(-2.03E-15,2.3E-16,1.));
#12499 = ORIENTED_EDGE('',*,*,#12500,.T.);
#12500 = EDGE_CURVE('',#12493,#12493,#12501,.T.);
#12501 = CIRCLE('',#12502,3.15);
#12502 = AXIS2_PLACEMENT_3D('',#12503,#12504,#12505);
#12503 = CARTESIAN_POINT('',(20.912766631921,-91.85892724546,
    87.912165772622));
#12504 = DIRECTION('',(2.022E-14,5.51E-15,-1.));
#12505 = DIRECTION('',(-1.,7.3E-16,-2.022E-14));
#12506 = ORIENTED_EDGE('',*,*,#12492,.F.);
#12507 = ORIENTED_EDGE('',*,*,#9841,.F.);
#12508 = CYLINDRICAL_SURFACE('',#12509,3.15);
#12509 = AXIS2_PLACEMENT_3D('',#12510,#12511,#12512);
#12510 = CARTESIAN_POINT('',(20.912766631921,-91.85892724546,
    85.412156647298));
#12511 = DIRECTION('',(-2.03E-15,2.3E-16,1.));
#12512 = DIRECTION('',(-1.,7.3E-16,-2.03E-15));
#12513 = ADVANCED_FACE('',(#12514),#12539,.F.);
#12514 = FACE_BOUND('',#12515,.T.);
#12515 = EDGE_LOOP('',(#12516,#12526,#12532,#12533));
#12516 = ORIENTED_EDGE('',*,*,#12517,.T.);
#12517 = EDGE_CURVE('',#12518,#12520,#12522,.T.);
#12518 = VERTEX_POINT('',#12519);
#12519 = CARTESIAN_POINT('',(-8.376036089355,-132.6109645862,
    87.91215664774));
#12520 = VERTEX_POINT('',#12521);
#12521 = CARTESIAN_POINT('',(-8.00003596068,-132.6109645862,
    87.53615664772));
#12522 = LINE('',#12523,#12524);
#12523 = CARTESIAN_POINT('',(-8.271271887484,-132.6109645862,
    87.807392481716));
#12524 = VECTOR('',#12525,1.);
#12525 = DIRECTION('',(0.707106902162,-1.7E-15,-0.707106660211));
#12526 = ORIENTED_EDGE('',*,*,#12527,.T.);
#12527 = EDGE_CURVE('',#12520,#9872,#12528,.T.);
#12528 = LINE('',#12529,#12530);
#12529 = CARTESIAN_POINT('',(-8.000035726326,-118.8749963762,
    87.53615664772));
#12530 = VECTOR('',#12531,1.);
#12531 = DIRECTION('',(1.706134041E-08,1.,-5.E-16));
#12532 = ORIENTED_EDGE('',*,*,#9880,.T.);
#12533 = ORIENTED_EDGE('',*,*,#12534,.F.);
#12534 = EDGE_CURVE('',#12518,#9862,#12535,.T.);
#12535 = LINE('',#12536,#12537);
#12536 = CARTESIAN_POINT('',(-8.376035805363,-115.9656027949,
    87.91215664774));
#12537 = VECTOR('',#12538,1.);
#12538 = DIRECTION('',(1.706134041E-08,1.,-5.E-16));
#12539 = PLANE('',#12540);
#12540 = AXIS2_PLACEMENT_3D('',#12541,#12542,#12543);
#12541 = CARTESIAN_POINT('',(-8.176035736919,-115.9656027983,
    87.71215664773));
#12542 = DIRECTION('',(-0.707106660211,1.206418708E-08,-0.707106902162)
  );
#12543 = DIRECTION('',(-1.706134040824E-08,-1.,5.017613191464E-16));
#12544 = ADVANCED_FACE('',(#12545),#12557,.F.);
#12545 = FACE_BOUND('',#12546,.T.);
#12546 = EDGE_LOOP('',(#12547,#12548,#12549,#12555,#12556));
#12547 = ORIENTED_EDGE('',*,*,#9936,.T.);
#12548 = ORIENTED_EDGE('',*,*,#12527,.F.);
#12549 = ORIENTED_EDGE('',*,*,#12550,.T.);
#12550 = EDGE_CURVE('',#12520,#9953,#12551,.T.);
#12551 = LINE('',#12552,#12553);
#12552 = CARTESIAN_POINT('',(-8.000037006063,-132.6109645862,
    90.590848778444));
#12553 = VECTOR('',#12554,1.);
#12554 = DIRECTION('',(3.4222230471E-07,-7.4E-16,-1.));
#12555 = ORIENTED_EDGE('',*,*,#9952,.T.);
#12556 = ORIENTED_EDGE('',*,*,#9920,.F.);
#12557 = PLANE('',#12558);
#12558 = AXIS2_PLACEMENT_3D('',#12559,#12560,#12561);
#12559 = CARTESIAN_POINT('',(-8.000034877973,-121.784389951,
    84.912159304573));
#12560 = DIRECTION('',(-1.,1.706134041E-08,-3.4222230471E-07));
#12561 = DIRECTION('',(-1.706134041E-08,-1.,9.999999999995E-16));
#12562 = ADVANCED_FACE('',(#12563),#12589,.F.);
#12563 = FACE_BOUND('',#12564,.T.);
#12564 = EDGE_LOOP('',(#12565,#12573,#12581,#12587,#12588));
#12565 = ORIENTED_EDGE('',*,*,#12566,.F.);
#12566 = EDGE_CURVE('',#12567,#9953,#12569,.T.);
#12567 = VERTEX_POINT('',#12568);
#12568 = CARTESIAN_POINT('',(-7.999266038042,-132.6109645862,
    82.290156647297));
#12569 = LINE('',#12570,#12571);
#12570 = CARTESIAN_POINT('',(-2.593074339733,-132.6109645862,
    87.696350196011));
#12571 = VECTOR('',#12572,1.);
#12572 = DIRECTION('',(-0.707106660174,6.6E-16,-0.707106902199));
#12573 = ORIENTED_EDGE('',*,*,#12574,.F.);
#12574 = EDGE_CURVE('',#12575,#12567,#12577,.T.);
#12575 = VERTEX_POINT('',#12576);
#12576 = CARTESIAN_POINT('',(-7.999266042671,-132.8822563986,
    82.290156647297));
#12577 = LINE('',#12578,#12579);
#12578 = CARTESIAN_POINT('',(-7.999265885946,-123.6977176411,
    82.290156647297));
#12579 = VECTOR('',#12580,1.);
#12580 = DIRECTION('',(1.706397552E-08,1.,-7.4E-16));
#12581 = ORIENTED_EDGE('',*,*,#12582,.T.);
#12582 = EDGE_CURVE('',#12575,#10752,#12583,.T.);
#12583 = LINE('',#12584,#12585);
#12584 = CARTESIAN_POINT('',(-7.977266049826,-132.8602563986,
    82.312156647297));
#12585 = VECTOR('',#12586,1.);
#12586 = DIRECTION('',(-0.577350144016,-0.577350331776,-0.577350331777)
  );
#12587 = ORIENTED_EDGE('',*,*,#10759,.F.);
#12588 = ORIENTED_EDGE('',*,*,#9969,.F.);
#12589 = PLANE('',#12590);
#12590 = AXIS2_PLACEMENT_3D('',#12591,#12592,#12593);
#12591 = CARTESIAN_POINT('',(-8.17726585767,-125.6110453281,
    82.112156647297));
#12592 = DIRECTION('',(-0.707106902199,1.206605539E-08,0.707106660174));
#12593 = DIRECTION('',(-1.70639755183E-08,-1.,7.38297984474E-16));
#12594 = ADVANCED_FACE('',(#12595),#12612,.F.);
#12595 = FACE_BOUND('',#12596,.T.);
#12596 = EDGE_LOOP('',(#12597,#12605,#12611));
#12597 = ORIENTED_EDGE('',*,*,#12598,.F.);
#12598 = EDGE_CURVE('',#12599,#12567,#12601,.T.);
#12599 = VERTEX_POINT('',#12600);
#12600 = CARTESIAN_POINT('',(-7.999266130898,-132.6109645862,
    82.561448459743));
#12601 = LINE('',#12602,#12603);
#12602 = CARTESIAN_POINT('',(-7.999268879562,-132.6109645862,
    90.592015314719));
#12603 = VECTOR('',#12604,1.);
#12604 = DIRECTION('',(3.4227516129E-07,-7.4E-16,-1.));
#12605 = ORIENTED_EDGE('',*,*,#12606,.F.);
#12606 = EDGE_CURVE('',#12575,#12599,#12607,.T.);
#12607 = LINE('',#12608,#12609);
#12608 = CARTESIAN_POINT('',(-7.999267129191,-129.5412893425,
    85.631123703421));
#12609 = VECTOR('',#12610,1.);
#12610 = DIRECTION('',(-2.2995903478E-07,0.707106781187,0.707106781187)
  );
#12611 = ORIENTED_EDGE('',*,*,#12574,.T.);
#12612 = PLANE('',#12613);
#12613 = AXIS2_PLACEMENT_3D('',#12614,#12615,#12616);
#12614 = CARTESIAN_POINT('',(-7.999266750744,-121.784389951,
    84.912159304835));
#12615 = DIRECTION('',(-1.,1.706397552E-08,-3.4227516129E-07));
#12616 = DIRECTION('',(-1.706397552E-08,-1.,1.24E-15));
#12617 = ADVANCED_FACE('',(#12618),#12638,.T.);
#12618 = FACE_BOUND('',#12619,.T.);
#12619 = EDGE_LOOP('',(#12620,#12628,#12634,#12635,#12636,#12637));
#12620 = ORIENTED_EDGE('',*,*,#12621,.T.);
#12621 = EDGE_CURVE('',#12599,#12622,#12624,.T.);
#12622 = VERTEX_POINT('',#12623);
#12623 = CARTESIAN_POINT('',(8.000837804077,-132.6109645862,
    82.561448459743));
#12624 = LINE('',#12625,#12626);
#12625 = CARTESIAN_POINT('',(2.645210454219,-132.6109645862,
    82.561448459743));
#12626 = VECTOR('',#12627,1.);
#12627 = DIRECTION('',(1.,-3.3315E-13,2.44E-15));
#12628 = ORIENTED_EDGE('',*,*,#12629,.T.);
#12629 = EDGE_CURVE('',#12622,#9986,#12630,.T.);
#12630 = LINE('',#12631,#12632);
#12631 = CARTESIAN_POINT('',(8.000838802371,-129.5412902032,
    85.631122842738));
#12632 = VECTOR('',#12633,1.);
#12633 = DIRECTION('',(-2.2995927002E-07,-0.707106781187,-0.707106781187
    ));
#12634 = ORIENTED_EDGE('',*,*,#10009,.T.);
#12635 = ORIENTED_EDGE('',*,*,#10751,.F.);
#12636 = ORIENTED_EDGE('',*,*,#12582,.F.);
#12637 = ORIENTED_EDGE('',*,*,#12606,.T.);
#12638 = PLANE('',#12639);
#12639 = AXIS2_PLACEMENT_3D('',#12640,#12641,#12642);
#12640 = CARTESIAN_POINT('',(-5.291272743913,-133.0602563986,
    82.112156647297));
#12641 = DIRECTION('',(9.6E-16,0.707106781187,-0.707106781187));
#12642 = DIRECTION('',(-1.,1.668822509939E-15,3.111774900609E-16));
#12643 = ADVANCED_FACE('',(#12644),#12663,.T.);
#12644 = FACE_BOUND('',#12645,.T.);
#12645 = EDGE_LOOP('',(#12646,#12654,#12660,#12661,#12662));
#12646 = ORIENTED_EDGE('',*,*,#12647,.T.);
#12647 = EDGE_CURVE('',#12622,#12648,#12650,.T.);
#12648 = VERTEX_POINT('',#12649);
#12649 = CARTESIAN_POINT('',(8.000839506796,-132.6109645862,
    87.536156647298));
#12650 = LINE('',#12651,#12652);
#12651 = CARTESIAN_POINT('',(8.000840552342,-132.6109645862,
    90.590848778021));
#12652 = VECTOR('',#12653,1.);
#12653 = DIRECTION('',(3.4227515919E-07,7.4E-16,1.));
#12654 = ORIENTED_EDGE('',*,*,#12655,.T.);
#12655 = EDGE_CURVE('',#12648,#10024,#12656,.T.);
#12656 = LINE('',#12657,#12658);
#12657 = CARTESIAN_POINT('',(8.000839272411,-118.8749963761,
    87.536156647298));
#12658 = VECTOR('',#12659,1.);
#12659 = DIRECTION('',(-1.706364071E-08,1.,-5.E-16));
#12660 = ORIENTED_EDGE('',*,*,#10032,.F.);
#12661 = ORIENTED_EDGE('',*,*,#9983,.T.);
#12662 = ORIENTED_EDGE('',*,*,#12629,.F.);
#12663 = PLANE('',#12664);
#12664 = AXIS2_PLACEMENT_3D('',#12665,#12666,#12667);
#12665 = CARTESIAN_POINT('',(8.000838423927,-121.784389951,
    84.91215930415));
#12666 = DIRECTION('',(-1.,-1.706364071E-08,3.4227515919E-07));
#12667 = DIRECTION('',(1.706364071E-08,-1.,9.999999999995E-16));
#12668 = ADVANCED_FACE('',(#12669),#12687,.T.);
#12669 = FACE_BOUND('',#12670,.T.);
#12670 = EDGE_LOOP('',(#12671,#12679,#12685,#12686));
#12671 = ORIENTED_EDGE('',*,*,#12672,.T.);
#12672 = EDGE_CURVE('',#12648,#12673,#12675,.T.);
#12673 = VERTEX_POINT('',#12674);
#12674 = CARTESIAN_POINT('',(8.376839635492,-132.6109645862,
    87.912156647297));
#12675 = LINE('',#12676,#12677);
#12676 = CARTESIAN_POINT('',(8.272075433756,-132.6109645862,
    87.80739248142));
#12677 = VECTOR('',#12678,1.);
#12678 = DIRECTION('',(0.707106902199,-6.6E-16,0.707106660174));
#12679 = ORIENTED_EDGE('',*,*,#12680,.T.);
#12680 = EDGE_CURVE('',#12673,#10052,#12681,.T.);
#12681 = LINE('',#12682,#12683);
#12682 = CARTESIAN_POINT('',(8.376839351461,-115.9656027949,
    87.912156647297));
#12683 = VECTOR('',#12684,1.);
#12684 = DIRECTION('',(-1.706364071E-08,1.,-5.E-16));
#12685 = ORIENTED_EDGE('',*,*,#10060,.F.);
#12686 = ORIENTED_EDGE('',*,*,#12655,.F.);
#12687 = PLANE('',#12688);
#12688 = AXIS2_PLACEMENT_3D('',#12689,#12690,#12691);
#12689 = CARTESIAN_POINT('',(8.176839283006,-115.9656027983,
    87.712156647298));
#12690 = DIRECTION('',(-0.707106660174,-1.206581364E-08,0.707106902199)
  );
#12691 = DIRECTION('',(1.706364071049E-08,-1.,4.9950759443E-16));
#12692 = ADVANCED_FACE('',(#12693),#12727,.F.);
#12693 = FACE_BOUND('',#12694,.T.);
#12694 = EDGE_LOOP('',(#12695,#12705,#12713,#12721));
#12695 = ORIENTED_EDGE('',*,*,#12696,.T.);
#12696 = EDGE_CURVE('',#12697,#12699,#12701,.T.);
#12697 = VERTEX_POINT('',#12698);
#12698 = CARTESIAN_POINT('',(6.224403161627,-136.3738375826,
    90.312156647297));
#12699 = VERTEX_POINT('',#12700);
#12700 = CARTESIAN_POINT('',(8.036512758954,-136.3738375826,
    90.312156647297));
#12701 = LINE('',#12702,#12703);
#12702 = CARTESIAN_POINT('',(-2.018256523588,-136.3738375826,
    90.312156647297));
#12703 = VECTOR('',#12704,1.);
#12704 = DIRECTION('',(1.,-1.67E-15,1.8E-16));
#12705 = ORIENTED_EDGE('',*,*,#12706,.F.);
#12706 = EDGE_CURVE('',#12707,#12699,#12709,.T.);
#12707 = VERTEX_POINT('',#12708);
#12708 = CARTESIAN_POINT('',(8.036512758954,-132.6109645862,
    90.312156647297));
#12709 = LINE('',#12710,#12711);
#12710 = CARTESIAN_POINT('',(8.036512758954,-132.8602563986,
    90.312156647297));
#12711 = VECTOR('',#12712,1.);
#12712 = DIRECTION('',(-1.67E-15,-1.,7.4E-16));
#12713 = ORIENTED_EDGE('',*,*,#12714,.F.);
#12714 = EDGE_CURVE('',#12715,#12707,#12717,.T.);
#12715 = VERTEX_POINT('',#12716);
#12716 = CARTESIAN_POINT('',(6.224403161627,-132.6109645862,
    90.312156647297));
#12717 = LINE('',#12718,#12719);
#12718 = CARTESIAN_POINT('',(-4.018055588756,-132.6109645862,
    90.312156647297));
#12719 = VECTOR('',#12720,1.);
#12720 = DIRECTION('',(1.,-1.67E-15,1.8E-16));
#12721 = ORIENTED_EDGE('',*,*,#12722,.F.);
#12722 = EDGE_CURVE('',#12697,#12715,#12723,.T.);
#12723 = LINE('',#12724,#12725);
#12724 = CARTESIAN_POINT('',(6.224403161627,-132.8602563986,
    90.312156647297));
#12725 = VECTOR('',#12726,1.);
#12726 = DIRECTION('',(1.51E-15,1.,-7.4E-16));
#12727 = PLANE('',#12728);
#12728 = AXIS2_PLACEMENT_3D('',#12729,#12730,#12731);
#12729 = CARTESIAN_POINT('',(-8.036512951101,-132.8602563986,
    90.312156647297));
#12730 = DIRECTION('',(1.8E-16,-7.4E-16,-1.));
#12731 = DIRECTION('',(1.,-1.55E-15,1.8E-16));
#12732 = ADVANCED_FACE('',(#12733),#12758,.F.);
#12733 = FACE_BOUND('',#12734,.T.);
#12734 = EDGE_LOOP('',(#12735,#12736,#12744,#12752));
#12735 = ORIENTED_EDGE('',*,*,#12706,.T.);
#12736 = ORIENTED_EDGE('',*,*,#12737,.T.);
#12737 = EDGE_CURVE('',#12699,#12738,#12740,.T.);
#12738 = VERTEX_POINT('',#12739);
#12739 = CARTESIAN_POINT('',(8.45506674753,-136.3738375826,
    88.912156647297));
#12740 = LINE('',#12741,#12742);
#12741 = CARTESIAN_POINT('',(7.632881885625,-136.3738375826,
    91.662241076268));
#12742 = VECTOR('',#12743,1.);
#12743 = DIRECTION('',(0.28643987905,-1.18E-15,-0.958098218185));
#12744 = ORIENTED_EDGE('',*,*,#12745,.T.);
#12745 = EDGE_CURVE('',#12738,#12746,#12748,.T.);
#12746 = VERTEX_POINT('',#12747);
#12747 = CARTESIAN_POINT('',(8.455066747531,-132.6109645862,
    88.912156647297));
#12748 = LINE('',#12749,#12750);
#12749 = CARTESIAN_POINT('',(8.455066747531,-127.0306991067,
    88.912156647297));
#12750 = VECTOR('',#12751,1.);
#12751 = DIRECTION('',(1.67E-15,1.,-7.4E-16));
#12752 = ORIENTED_EDGE('',*,*,#12753,.F.);
#12753 = EDGE_CURVE('',#12707,#12746,#12754,.T.);
#12754 = LINE('',#12755,#12756);
#12755 = CARTESIAN_POINT('',(6.651337818059,-132.6109645862,
    94.945358026765));
#12756 = VECTOR('',#12757,1.);
#12757 = DIRECTION('',(0.28643987905,-1.18E-15,-0.958098218185));
#12758 = PLANE('',#12759);
#12759 = AXIS2_PLACEMENT_3D('',#12760,#12761,#12762);
#12760 = CARTESIAN_POINT('',(7.56043802912,-132.8602563986,
    91.904554856269));
#12761 = DIRECTION('',(-0.958098218185,1.38E-15,-0.28643987905));
#12762 = DIRECTION('',(0.28643987905,-1.18E-15,-0.958098218185));
#12763 = ADVANCED_FACE('',(#12764),#12797,.F.);
#12764 = FACE_BOUND('',#12765,.T.);
#12765 = EDGE_LOOP('',(#12766,#12776,#12782,#12783,#12791));
#12766 = ORIENTED_EDGE('',*,*,#12767,.F.);
#12767 = EDGE_CURVE('',#12768,#12770,#12772,.T.);
#12768 = VERTEX_POINT('',#12769);
#12769 = CARTESIAN_POINT('',(8.455066747531,-132.6109645862,
    87.912157605491));
#12770 = VERTEX_POINT('',#12771);
#12771 = CARTESIAN_POINT('',(8.455066747531,-135.9738375826,
    87.912156647297));
#12772 = LINE('',#12773,#12774);
#12773 = CARTESIAN_POINT('',(8.45506674753,-121.4758836221,
    87.912156647297));
#12774 = VECTOR('',#12775,1.);
#12775 = DIRECTION('',(1.808E-14,-1.,7.4E-16));
#12776 = ORIENTED_EDGE('',*,*,#12777,.F.);
#12777 = EDGE_CURVE('',#12746,#12768,#12778,.T.);
#12778 = LINE('',#12779,#12780);
#12779 = CARTESIAN_POINT('',(8.455066747531,-132.6109645862,
    92.590848818771));
#12780 = VECTOR('',#12781,1.);
#12781 = DIRECTION('',(-3.1E-16,-7.4E-16,-1.));
#12782 = ORIENTED_EDGE('',*,*,#12745,.F.);
#12783 = ORIENTED_EDGE('',*,*,#12784,.F.);
#12784 = EDGE_CURVE('',#12785,#12738,#12787,.T.);
#12785 = VERTEX_POINT('',#12786);
#12786 = CARTESIAN_POINT('',(8.455066747531,-136.3738375826,
    88.312156647297));
#12787 = LINE('',#12788,#12789);
#12788 = CARTESIAN_POINT('',(8.455066747531,-136.3738375826,
    89.612156647297));
#12789 = VECTOR('',#12790,1.);
#12790 = DIRECTION('',(3.1E-16,7.4E-16,1.));
#12791 = ORIENTED_EDGE('',*,*,#12792,.T.);
#12792 = EDGE_CURVE('',#12785,#12770,#12793,.T.);
#12793 = LINE('',#12794,#12795);
#12794 = CARTESIAN_POINT('',(8.455066747531,-135.531616051,
    87.469935115637));
#12795 = VECTOR('',#12796,1.);
#12796 = DIRECTION('',(-1.3E-14,0.707106781187,-0.707106781187));
#12797 = PLANE('',#12798);
#12798 = AXIS2_PLACEMENT_3D('',#12799,#12800,#12801);
#12799 = CARTESIAN_POINT('',(8.455066747531,-132.804951456,
    88.912156647297));
#12800 = DIRECTION('',(-1.,-1.808E-14,3.1E-16));
#12801 = DIRECTION('',(1.808E-14,-1.,7.4E-16));
#12802 = ADVANCED_FACE('',(#12803),#12828,.T.);
#12803 = FACE_BOUND('',#12804,.T.);
#12804 = EDGE_LOOP('',(#12805,#12806,#12814,#12822));
#12805 = ORIENTED_EDGE('',*,*,#12792,.F.);
#12806 = ORIENTED_EDGE('',*,*,#12807,.T.);
#12807 = EDGE_CURVE('',#12785,#12808,#12810,.T.);
#12808 = VERTEX_POINT('',#12809);
#12809 = CARTESIAN_POINT('',(22.329723504307,-136.3738375826,
    88.312156647297));
#12810 = LINE('',#12811,#12812);
#12811 = CARTESIAN_POINT('',(1.999999876896,-136.3738375826,
    88.312156647297));
#12812 = VECTOR('',#12813,1.);
#12813 = DIRECTION('',(1.,-1.67E-15,-3.1E-16));
#12814 = ORIENTED_EDGE('',*,*,#12815,.T.);
#12815 = EDGE_CURVE('',#12808,#12816,#12818,.T.);
#12816 = VERTEX_POINT('',#12817);
#12817 = CARTESIAN_POINT('',(22.237282872611,-135.9738375826,
    87.912156647297));
#12818 = LINE('',#12819,#12820);
#12819 = CARTESIAN_POINT('',(21.392910333175,-132.3201518648,
    84.258470929511));
#12820 = VECTOR('',#12821,1.);
#12821 = DIRECTION('',(-0.161274347987,0.697850479932,-0.697850479932));
#12822 = ORIENTED_EDGE('',*,*,#12823,.T.);
#12823 = EDGE_CURVE('',#12816,#12770,#12824,.T.);
#12824 = LINE('',#12825,#12826);
#12825 = CARTESIAN_POINT('',(1.999999876896,-135.9738375826,
    87.912156647297));
#12826 = VECTOR('',#12827,1.);
#12827 = DIRECTION('',(-1.,1.67E-15,3.1E-16));
#12828 = PLANE('',#12829);
#12829 = AXIS2_PLACEMENT_3D('',#12830,#12831,#12832);
#12830 = CARTESIAN_POINT('',(1.999999876896,-136.1738375826,
    88.112156647297));
#12831 = DIRECTION('',(1.39E-15,0.707106781187,0.707106781187));
#12832 = DIRECTION('',(1.,2.121574150698E-18,-1.967878425849E-15));
#12833 = ADVANCED_FACE('',(#12834),#12870,.F.);
#12834 = FACE_BOUND('',#12835,.T.);
#12835 = EDGE_LOOP('',(#12836,#12837,#12838,#12844,#12845,#12846,#12847,
    #12848,#12854,#12855,#12863,#12869));
#12836 = ORIENTED_EDGE('',*,*,#10167,.F.);
#12837 = ORIENTED_EDGE('',*,*,#11474,.F.);
#12838 = ORIENTED_EDGE('',*,*,#12839,.T.);
#12839 = EDGE_CURVE('',#11466,#11492,#12840,.T.);
#12840 = LINE('',#12841,#12842);
#12841 = CARTESIAN_POINT('',(22.4926019435,-137.0786291281,
    87.912165772622));
#12842 = VECTOR('',#12843,1.);
#12843 = DIRECTION('',(-0.225166936727,0.974320199218,1.19E-15));
#12844 = ORIENTED_EDGE('',*,*,#11508,.T.);
#12845 = ORIENTED_EDGE('',*,*,#10135,.T.);
#12846 = ORIENTED_EDGE('',*,*,#10102,.T.);
#12847 = ORIENTED_EDGE('',*,*,#11523,.T.);
#12848 = ORIENTED_EDGE('',*,*,#12849,.F.);
#12849 = EDGE_CURVE('',#12816,#11524,#12850,.T.);
#12850 = LINE('',#12851,#12852);
#12851 = CARTESIAN_POINT('',(18.321897957532,-119.0315694773,
    87.912156647297));
#12852 = VECTOR('',#12853,1.);
#12853 = DIRECTION('',(0.225166936727,-0.974320199218,6.5E-16));
#12854 = ORIENTED_EDGE('',*,*,#12815,.F.);
#12855 = ORIENTED_EDGE('',*,*,#12856,.F.);
#12856 = EDGE_CURVE('',#12857,#12808,#12859,.T.);
#12857 = VERTEX_POINT('',#12858);
#12858 = CARTESIAN_POINT('',(22.329723504307,-136.3738375826,
    94.255704783704));
#12859 = LINE('',#12860,#12861);
#12860 = CARTESIAN_POINT('',(22.329723504307,-136.3738375826,
    86.112156647297));
#12861 = VECTOR('',#12862,1.);
#12862 = DIRECTION('',(-3.1E-16,-7.4E-16,-1.));
#12863 = ORIENTED_EDGE('',*,*,#12864,.F.);
#12864 = EDGE_CURVE('',#10388,#12857,#12865,.T.);
#12865 = LINE('',#12866,#12867);
#12866 = CARTESIAN_POINT('',(20.067409439713,-126.5845749042,
    98.214754396745));
#12867 = VECTOR('',#12868,1.);
#12868 = DIRECTION('',(-0.20948986679,0.906483925715,0.366607266883));
#12869 = ORIENTED_EDGE('',*,*,#10387,.F.);
#12870 = PLANE('',#12871);
#12871 = AXIS2_PLACEMENT_3D('',#12872,#12873,#12874);
#12872 = CARTESIAN_POINT('',(21.199999903926,-131.4854088489,
    81.912156647297));
#12873 = DIRECTION('',(-0.974320199218,-0.225166936727,4.6E-16));
#12874 = DIRECTION('',(0.225166936727,-0.974320199218,6.5E-16));
#12875 = ADVANCED_FACE('',(#12876),#12894,.F.);
#12876 = FACE_BOUND('',#12877,.T.);
#12877 = EDGE_LOOP('',(#12878,#12886,#12887,#12888));
#12878 = ORIENTED_EDGE('',*,*,#12879,.T.);
#12879 = EDGE_CURVE('',#12880,#10396,#12882,.T.);
#12880 = VERTEX_POINT('',#12881);
#12881 = CARTESIAN_POINT('',(21.291748554499,-136.3738375826,
    96.072160945869));
#12882 = LINE('',#12883,#12884);
#12883 = CARTESIAN_POINT('',(21.291748554499,-119.5141415677,
    96.072160945869));
#12884 = VECTOR('',#12885,1.);
#12885 = DIRECTION('',(9.16E-15,-1.,7.4E-16));
#12886 = ORIENTED_EDGE('',*,*,#10395,.F.);
#12887 = ORIENTED_EDGE('',*,*,#12864,.T.);
#12888 = ORIENTED_EDGE('',*,*,#12889,.F.);
#12889 = EDGE_CURVE('',#12880,#12857,#12890,.T.);
#12890 = LINE('',#12891,#12892);
#12891 = CARTESIAN_POINT('',(20.292396892204,-136.3738375826,
    97.821026354885));
#12892 = VECTOR('',#12893,1.);
#12893 = DIRECTION('',(0.496138938357,-1.47E-15,-0.868243142124));
#12894 = PLANE('',#12895);
#12895 = AXIS2_PLACEMENT_3D('',#12896,#12897,#12898);
#12896 = CARTESIAN_POINT('',(21.06824304605,-113.8891415677,
    96.463295585654));
#12897 = DIRECTION('',(-0.868243142124,-8.32E-15,-0.496138938357));
#12898 = DIRECTION('',(9.159782942476E-15,-1.,7.398759671289E-16));
#12899 = ADVANCED_FACE('',(#12900),#12919,.T.);
#12900 = FACE_BOUND('',#12901,.T.);
#12901 = EDGE_LOOP('',(#12902,#12903,#12904,#12905,#12913));
#12902 = ORIENTED_EDGE('',*,*,#10237,.F.);
#12903 = ORIENTED_EDGE('',*,*,#10404,.T.);
#12904 = ORIENTED_EDGE('',*,*,#12879,.F.);
#12905 = ORIENTED_EDGE('',*,*,#12906,.F.);
#12906 = EDGE_CURVE('',#12907,#12880,#12909,.T.);
#12907 = VERTEX_POINT('',#12908);
#12908 = CARTESIAN_POINT('',(20.016635669418,-136.3738375826,
    96.812137688351));
#12909 = LINE('',#12910,#12911);
#12910 = CARTESIAN_POINT('',(15.3656492042,-136.3738375826,
    99.511209946289));
#12911 = VECTOR('',#12912,1.);
#12912 = DIRECTION('',(0.864910093119,-1.81E-15,-0.501926818193));
#12913 = ORIENTED_EDGE('',*,*,#12914,.F.);
#12914 = EDGE_CURVE('',#10238,#12907,#12915,.T.);
#12915 = LINE('',#12916,#12917);
#12916 = CARTESIAN_POINT('',(20.016635669418,-130.7641415677,
    96.812137688351));
#12917 = VECTOR('',#12918,1.);
#12918 = DIRECTION('',(-9.16E-15,1.,-7.4E-16));
#12919 = PLANE('',#12920);
#12920 = AXIS2_PLACEMENT_3D('',#12921,#12922,#12923);
#12921 = CARTESIAN_POINT('',(19.87443697268,-125.1391415677,
    96.894658796583));
#12922 = DIRECTION('',(0.501926818193,5.23E-15,0.864910093119));
#12923 = DIRECTION('',(-9.160484849949E-15,1.,-7.3083548358E-16));
#12924 = ADVANCED_FACE('',(#12925),#12950,.T.);
#12925 = FACE_BOUND('',#12926,.T.);
#12926 = EDGE_LOOP('',(#12927,#12935,#12936,#12944));
#12927 = ORIENTED_EDGE('',*,*,#12928,.T.);
#12928 = EDGE_CURVE('',#12929,#5179,#12931,.T.);
#12929 = VERTEX_POINT('',#12930);
#12930 = CARTESIAN_POINT('',(16.79037905572,-136.3738375826,
    96.812137688351));
#12931 = LINE('',#12932,#12933);
#12932 = CARTESIAN_POINT('',(9.759252983231,-136.3738375826,
    93.710760511709));
#12933 = VECTOR('',#12934,1.);
#12934 = DIRECTION('',(-0.914946162333,1.23E-15,-0.403575916071));
#12935 = ORIENTED_EDGE('',*,*,#5178,.T.);
#12936 = ORIENTED_EDGE('',*,*,#12937,.F.);
#12937 = EDGE_CURVE('',#12938,#5171,#12940,.T.);
#12938 = VERTEX_POINT('',#12939);
#12939 = CARTESIAN_POINT('',(16.79037905572,-140.4998920467,
    96.812137688351));
#12940 = LINE('',#12941,#12942);
#12941 = CARTESIAN_POINT('',(14.982746406873,-140.9518002089,
    96.014804432897));
#12942 = VECTOR('',#12943,1.);
#12943 = DIRECTION('',(-0.891911049082,-0.222977762271,-0.393415299726)
  );
#12944 = ORIENTED_EDGE('',*,*,#12945,.F.);
#12945 = EDGE_CURVE('',#12929,#12938,#12946,.T.);
#12946 = LINE('',#12947,#12948);
#12947 = CARTESIAN_POINT('',(16.79037905572,-139.0061416604,
    96.812137688351));
#12948 = VECTOR('',#12949,1.);
#12949 = DIRECTION('',(9.09E-15,-1.,7.4E-16));
#12950 = PLANE('',#12951);
#12951 = AXIS2_PLACEMENT_3D('',#12952,#12953,#12954);
#12952 = CARTESIAN_POINT('',(15.835411518461,-141.623141753,
    96.390908642825));
#12953 = DIRECTION('',(-0.403575916071,-3.E-15,0.914946162333));
#12954 = DIRECTION('',(0.914946162333,1.E-16,0.403575916071));
#12955 = ADVANCED_FACE('',(#12956),#13007,.T.);
#12956 = FACE_BOUND('',#12957,.T.);
#12957 = EDGE_LOOP('',(#12958,#12959,#12960,#12966,#12967,#12975,#12983,
    #12992,#13000,#13006));
#12958 = ORIENTED_EDGE('',*,*,#10245,.F.);
#12959 = ORIENTED_EDGE('',*,*,#12914,.T.);
#12960 = ORIENTED_EDGE('',*,*,#12961,.F.);
#12961 = EDGE_CURVE('',#12929,#12907,#12962,.T.);
#12962 = LINE('',#12963,#12964);
#12963 = CARTESIAN_POINT('',(10.599999903926,-136.3738375826,
    96.812137688351));
#12964 = VECTOR('',#12965,1.);
#12965 = DIRECTION('',(1.,-1.67E-15,-3.1E-16));
#12966 = ORIENTED_EDGE('',*,*,#12945,.T.);
#12967 = ORIENTED_EDGE('',*,*,#12968,.T.);
#12968 = EDGE_CURVE('',#12938,#12969,#12971,.T.);
#12969 = VERTEX_POINT('',#12970);
#12970 = CARTESIAN_POINT('',(12.646958171113,-141.5357472678,
    96.812137688351));
#12971 = LINE('',#12972,#12973);
#12972 = CARTESIAN_POINT('',(16.141355867973,-140.6621478436,
    96.812137688351));
#12973 = VECTOR('',#12974,1.);
#12974 = DIRECTION('',(-0.970142500145,-0.242535625036,4.8E-16));
#12975 = ORIENTED_EDGE('',*,*,#12976,.T.);
#12976 = EDGE_CURVE('',#12969,#12977,#12979,.T.);
#12977 = VERTEX_POINT('',#12978);
#12978 = CARTESIAN_POINT('',(12.180112644741,-142.1566827929,
    96.812137688351));
#12979 = LINE('',#12980,#12981);
#12980 = CARTESIAN_POINT('',(14.588400259174,-138.9535004767,
    96.812137688351));
#12981 = VECTOR('',#12982,1.);
#12982 = DIRECTION('',(-0.600941952156,-0.799292668639,7.7E-16));
#12983 = ORIENTED_EDGE('',*,*,#12984,.F.);
#12984 = EDGE_CURVE('',#12985,#12977,#12987,.T.);
#12985 = VERTEX_POINT('',#12986);
#12986 = CARTESIAN_POINT('',(11.203397189329,-142.9421428988,
    96.812137688351));
#12987 = CIRCLE('',#12988,1.);
#12988 = AXIS2_PLACEMENT_3D('',#12989,#12990,#12991);
#12989 = CARTESIAN_POINT('',(11.20339741816,-141.9421428988,
    96.812137688351));
#12990 = DIRECTION('',(3.1E-16,7.4E-16,1.));
#12991 = DIRECTION('',(0.612121756894,-0.790763526433,3.95407264923E-16)
  );
#12992 = ORIENTED_EDGE('',*,*,#12993,.T.);
#12993 = EDGE_CURVE('',#12985,#12994,#12996,.T.);
#12994 = VERTEX_POINT('',#12995);
#12995 = CARTESIAN_POINT('',(11.139571769205,-142.9421428842,
    96.812137688351));
#12996 = LINE('',#12997,#12998);
#12997 = CARTESIAN_POINT('',(8.599996012532,-142.9421423031,
    96.812137688351));
#12998 = VECTOR('',#12999,1.);
#12999 = DIRECTION('',(-1.,2.2883100655E-07,3.1E-16));
#13000 = ORIENTED_EDGE('',*,*,#13001,.F.);
#13001 = EDGE_CURVE('',#10288,#12994,#13002,.T.);
#13002 = LINE('',#13003,#13004);
#13003 = CARTESIAN_POINT('',(11.266428127047,-143.0689992711,
    96.812137688351));
#13004 = VECTOR('',#13005,1.);
#13005 = DIRECTION('',(-0.707106700283,0.707106862091,-3.E-16));
#13006 = ORIENTED_EDGE('',*,*,#10287,.F.);
#13007 = PLANE('',#13008);
#13008 = AXIS2_PLACEMENT_3D('',#13009,#13010,#13011);
#13009 = CARTESIAN_POINT('',(17.199999903926,-136.3891415677,
    96.812137688351));
#13010 = DIRECTION('',(3.1E-16,7.4E-16,1.));
#13011 = DIRECTION('',(9.09E-15,-1.,7.4E-16));
#13012 = ADVANCED_FACE('',(#13013),#13032,.T.);
#13013 = FACE_BOUND('',#13014,.T.);
#13014 = EDGE_LOOP('',(#13015,#13016,#13017,#13018,#13026));
#13015 = ORIENTED_EDGE('',*,*,#10334,.F.);
#13016 = ORIENTED_EDGE('',*,*,#10295,.T.);
#13017 = ORIENTED_EDGE('',*,*,#13001,.T.);
#13018 = ORIENTED_EDGE('',*,*,#13019,.T.);
#13019 = EDGE_CURVE('',#12994,#13020,#13022,.T.);
#13020 = VERTEX_POINT('',#13021);
#13021 = CARTESIAN_POINT('',(11.139571769205,-142.9421428842,
    110.6364933226));
#13022 = LINE('',#13023,#13024);
#13023 = CARTESIAN_POINT('',(11.139571769205,-142.9421428842,
    99.994240742976));
#13024 = VECTOR('',#13025,1.);
#13025 = DIRECTION('',(3.1E-16,4.1E-16,1.));
#13026 = ORIENTED_EDGE('',*,*,#13027,.F.);
#13027 = EDGE_CURVE('',#10335,#13020,#13028,.T.);
#13028 = LINE('',#13029,#13030);
#13029 = CARTESIAN_POINT('',(9.677080774371,-141.4796515547,
    110.6364933226));
#13030 = VECTOR('',#13031,1.);
#13031 = DIRECTION('',(-0.707106700283,0.707106862091,-3.E-16));
#13032 = PLANE('',#13033);
#13033 = AXIS2_PLACEMENT_3D('',#13034,#13035,#13036);
#13034 = CARTESIAN_POINT('',(11.639571769205,-143.4421429986,
    99.994240742976));
#13035 = DIRECTION('',(0.707106862091,0.707106700283,-5.E-16));
#13036 = DIRECTION('',(-0.707106700283,0.707106862091,-3.E-16));
#13037 = ADVANCED_FACE('',(#13038,#13072),#13075,.T.);
#13038 = FACE_BOUND('',#13039,.T.);
#13039 = EDGE_LOOP('',(#13040,#13041,#13042,#13050,#13058,#13066));
#13040 = ORIENTED_EDGE('',*,*,#10342,.F.);
#13041 = ORIENTED_EDGE('',*,*,#13027,.T.);
#13042 = ORIENTED_EDGE('',*,*,#13043,.T.);
#13043 = EDGE_CURVE('',#13020,#13044,#13046,.T.);
#13044 = VERTEX_POINT('',#13045);
#13045 = CARTESIAN_POINT('',(7.811999903926,-142.9421421228,
    110.6364933226));
#13046 = LINE('',#13047,#13048);
#13047 = CARTESIAN_POINT('',(-2.74690516749E-06,-142.9421403351,
    110.6364933226));
#13048 = VECTOR('',#13049,1.);
#13049 = DIRECTION('',(-1.,2.2883100655E-07,3.1E-16));
#13050 = ORIENTED_EDGE('',*,*,#13051,.T.);
#13051 = EDGE_CURVE('',#13044,#13052,#13054,.T.);
#13052 = VERTEX_POINT('',#13053);
#13053 = CARTESIAN_POINT('',(6.811999903926,-143.9421418939,
    110.6364933226));
#13054 = LINE('',#13055,#13056);
#13055 = CARTESIAN_POINT('',(4.53659793244,-146.2175433447,
    110.6364933226));
#13056 = VECTOR('',#13057,1.);
#13057 = DIRECTION('',(-0.707106862091,-0.707106700283,7.4E-16));
#13058 = ORIENTED_EDGE('',*,*,#13059,.F.);
#13059 = EDGE_CURVE('',#13060,#13052,#13062,.T.);
#13060 = VERTEX_POINT('',#13061);
#13061 = CARTESIAN_POINT('',(6.811999903926,-151.7039662394,
    110.6364933226));
#13062 = LINE('',#13063,#13064);
#13063 = CARTESIAN_POINT('',(6.811999903926,-148.6224451415,
    110.6364933226));
#13064 = VECTOR('',#13065,1.);
#13065 = DIRECTION('',(1.47E-15,1.,-7.4E-16));
#13066 = ORIENTED_EDGE('',*,*,#13067,.T.);
#13067 = EDGE_CURVE('',#13060,#10343,#13068,.T.);
#13068 = LINE('',#13069,#13070);
#13069 = CARTESIAN_POINT('',(-6.749999913117,-151.7039662394,
    110.6364933226));
#13070 = VECTOR('',#13071,1.);
#13071 = DIRECTION('',(1.,6.116E-14,-3.1E-16));
#13072 = FACE_BOUND('',#13073,.T.);
#13073 = EDGE_LOOP('',(#13074));
#13074 = ORIENTED_EDGE('',*,*,#10319,.T.);
#13075 = PLANE('',#13076);
#13076 = AXIS2_PLACEMENT_3D('',#13077,#13078,#13079);
#13077 = CARTESIAN_POINT('',(-9.607368491E-08,-147.2317482211,
    110.6364933226));
#13078 = DIRECTION('',(3.1E-16,7.4E-16,1.));
#13079 = DIRECTION('',(-1.,1.67E-15,3.1E-16));
#13080 = ADVANCED_FACE('',(#13081),#13117,.F.);
#13081 = FACE_BOUND('',#13082,.F.);
#13082 = EDGE_LOOP('',(#13083,#13093,#13102,#13110));
#13083 = ORIENTED_EDGE('',*,*,#13084,.F.);
#13084 = EDGE_CURVE('',#13085,#13087,#13089,.T.);
#13085 = VERTEX_POINT('',#13086);
#13086 = CARTESIAN_POINT('',(6.811999903926,-151.7039662394,
    109.63017484276));
#13087 = VERTEX_POINT('',#13088);
#13088 = CARTESIAN_POINT('',(6.811999903926,-150.013142062,
    109.63017484276));
#13089 = LINE('',#13090,#13091);
#13090 = CARTESIAN_POINT('',(6.811999903926,-146.8571419384,
    109.63017484276));
#13091 = VECTOR('',#13092,1.);
#13092 = DIRECTION('',(1.47E-15,1.,-7.4E-16));
#13093 = ORIENTED_EDGE('',*,*,#13094,.F.);
#13094 = EDGE_CURVE('',#13095,#13085,#13097,.T.);
#13095 = VERTEX_POINT('',#13096);
#13096 = CARTESIAN_POINT('',(4.811999903926,-151.7039662394,
    107.63017484276));
#13097 = CIRCLE('',#13098,2.);
#13098 = AXIS2_PLACEMENT_3D('',#13099,#13100,#13101);
#13099 = CARTESIAN_POINT('',(4.811999903926,-151.7039662394,
    109.63017484276));
#13100 = DIRECTION('',(6.116E-14,-1.,2.51E-15));
#13101 = DIRECTION('',(0.707106781187,4.147181271659E-14,-0.707106781187
    ));
#13102 = ORIENTED_EDGE('',*,*,#13103,.F.);
#13103 = EDGE_CURVE('',#13104,#13095,#13106,.T.);
#13104 = VERTEX_POINT('',#13105);
#13105 = CARTESIAN_POINT('',(4.811999903926,-150.013142062,
    107.63017484276));
#13106 = LINE('',#13107,#13108);
#13107 = CARTESIAN_POINT('',(4.811999903926,-146.8571419384,
    107.63017484276));
#13108 = VECTOR('',#13109,1.);
#13109 = DIRECTION('',(-1.47E-15,-1.,7.4E-16));
#13110 = ORIENTED_EDGE('',*,*,#13111,.F.);
#13111 = EDGE_CURVE('',#13087,#13104,#13112,.T.);
#13112 = CIRCLE('',#13113,2.);
#13113 = AXIS2_PLACEMENT_3D('',#13114,#13115,#13116);
#13114 = CARTESIAN_POINT('',(4.811999903926,-150.013142062,
    109.63017484276));
#13115 = DIRECTION('',(1.67E-15,1.,-7.4E-16));
#13116 = DIRECTION('',(0.707106781187,-1.70412734266E-15,-0.707106781187
    ));
#13117 = CYLINDRICAL_SURFACE('',#13118,2.);
#13118 = AXIS2_PLACEMENT_3D('',#13119,#13120,#13121);
#13119 = CARTESIAN_POINT('',(4.811999903926,-146.8571419384,
    109.63017484276));
#13120 = DIRECTION('',(1.47E-15,1.,-7.4E-16));
#13121 = DIRECTION('',(0.707106781187,-1.562705986422E-15,
    -0.707106781187));
#13122 = ADVANCED_FACE('',(#13123),#13180,.T.);
#13123 = FACE_BOUND('',#13124,.T.);
#13124 = EDGE_LOOP('',(#13125,#13135,#13141,#13142,#13150,#13158,#13166,
    #13174));
#13125 = ORIENTED_EDGE('',*,*,#13126,.F.);
#13126 = EDGE_CURVE('',#13127,#13129,#13131,.T.);
#13127 = VERTEX_POINT('',#13128);
#13128 = CARTESIAN_POINT('',(-4.812428230753,-151.7039662394,
    107.63017484276));
#13129 = VERTEX_POINT('',#13130);
#13130 = CARTESIAN_POINT('',(-4.812428230753,-150.013142062,
    107.63017484276));
#13131 = LINE('',#13132,#13133);
#13132 = CARTESIAN_POINT('',(-4.812428230752,-146.8571419384,
    107.63017484276));
#13133 = VECTOR('',#13134,1.);
#13134 = DIRECTION('',(3.3335E-13,1.,-7.4E-16));
#13135 = ORIENTED_EDGE('',*,*,#13136,.T.);
#13136 = EDGE_CURVE('',#13127,#13095,#13137,.T.);
#13137 = LINE('',#13138,#13139);
#13138 = CARTESIAN_POINT('',(-12.04127019991,-151.7039662394,
    107.63017484276));
#13139 = VECTOR('',#13140,1.);
#13140 = DIRECTION('',(1.,6.116E-14,-3.1E-16));
#13141 = ORIENTED_EDGE('',*,*,#13103,.F.);
#13142 = ORIENTED_EDGE('',*,*,#13143,.T.);
#13143 = EDGE_CURVE('',#13104,#13144,#13146,.T.);
#13144 = VERTEX_POINT('',#13145);
#13145 = CARTESIAN_POINT('',(1.153219796418,-150.013142062,
    107.63017484276));
#13146 = LINE('',#13147,#13148);
#13147 = CARTESIAN_POINT('',(-5.832880329113,-150.013142062,
    107.63017484276));
#13148 = VECTOR('',#13149,1.);
#13149 = DIRECTION('',(-1.,1.67E-15,3.1E-16));
#13150 = ORIENTED_EDGE('',*,*,#13151,.T.);
#13151 = EDGE_CURVE('',#13144,#13152,#13154,.T.);
#13152 = VERTEX_POINT('',#13153);
#13153 = CARTESIAN_POINT('',(1.153219796418,-148.213142062,
    107.63017484276));
#13154 = LINE('',#13155,#13156);
#13155 = CARTESIAN_POINT('',(1.153219796418,-145.8571419384,
    107.63017484276));
#13156 = VECTOR('',#13157,1.);
#13157 = DIRECTION('',(1.67E-15,1.,-7.4E-16));
#13158 = ORIENTED_EDGE('',*,*,#13159,.T.);
#13159 = EDGE_CURVE('',#13152,#13160,#13162,.T.);
#13160 = VERTEX_POINT('',#13161);
#13161 = CARTESIAN_POINT('',(-1.153648123244,-148.213142062,
    107.63017484276));
#13162 = LINE('',#13163,#13164);
#13163 = CARTESIAN_POINT('',(-5.273810956454,-148.213142062,
    107.63017484276));
#13164 = VECTOR('',#13165,1.);
#13165 = DIRECTION('',(-1.,2.55E-14,3.1E-16));
#13166 = ORIENTED_EDGE('',*,*,#13167,.T.);
#13167 = EDGE_CURVE('',#13160,#13168,#13170,.T.);
#13168 = VERTEX_POINT('',#13169);
#13169 = CARTESIAN_POINT('',(-1.153648123245,-150.013142062,
    107.63017484276));
#13170 = LINE('',#13171,#13172);
#13171 = CARTESIAN_POINT('',(-1.153648123243,-145.8571419384,
    107.63017484276));
#13172 = VECTOR('',#13173,1.);
#13173 = DIRECTION('',(-3.3315E-13,-1.,7.4E-16));
#13174 = ORIENTED_EDGE('',*,*,#13175,.T.);
#13175 = EDGE_CURVE('',#13168,#13129,#13176,.T.);
#13176 = LINE('',#13177,#13178);
#13177 = CARTESIAN_POINT('',(-4.749874503962,-150.013142062,
    107.63017484276));
#13178 = VECTOR('',#13179,1.);
#13179 = DIRECTION('',(-1.,3.3315E-13,3.1E-16));
#13180 = PLANE('',#13181);
#13181 = AXIS2_PLACEMENT_3D('',#13182,#13183,#13184);
#13182 = CARTESIAN_POINT('',(-10.58254066966,-143.7011418148,
    107.63017484276));
#13183 = DIRECTION('',(3.1E-16,7.4E-16,1.));
#13184 = DIRECTION('',(-1.67E-15,-1.,7.4E-16));
#13185 = ADVANCED_FACE('',(#13186),#13250,.T.);
#13186 = FACE_BOUND('',#13187,.T.);
#13187 = EDGE_LOOP('',(#13188,#13198,#13204,#13205,#13206,#13207,#13208,
    #13209,#13210,#13211,#13217,#13218,#13219,#13228,#13236,#13244));
#13188 = ORIENTED_EDGE('',*,*,#13189,.F.);
#13189 = EDGE_CURVE('',#13190,#13192,#13194,.T.);
#13190 = VERTEX_POINT('',#13191);
#13191 = CARTESIAN_POINT('',(-13.50042829143,-151.7039662394,
    109.27570314461));
#13192 = VERTEX_POINT('',#13193);
#13193 = CARTESIAN_POINT('',(-13.49042829228,-151.703962668,
    109.28570314461));
#13194 = LINE('',#13195,#13196);
#13195 = CARTESIAN_POINT('',(-21.41081251681,-151.7039662394,
    101.36531891923));
#13196 = VECTOR('',#13197,1.);
#13197 = DIRECTION('',(0.707106781187,4.502E-14,0.707106781187));
#13198 = ORIENTED_EDGE('',*,*,#13199,.F.);
#13199 = EDGE_CURVE('',#10459,#13190,#13200,.T.);
#13200 = LINE('',#13201,#13202);
#13201 = CARTESIAN_POINT('',(-13.50042829143,-151.7039662394,
    76.912157325841));
#13202 = VECTOR('',#13203,1.);
#13203 = DIRECTION('',(-4.54E-15,2.51E-15,1.));
#13204 = ORIENTED_EDGE('',*,*,#10458,.F.);
#13205 = ORIENTED_EDGE('',*,*,#10450,.F.);
#13206 = ORIENTED_EDGE('',*,*,#10442,.F.);
#13207 = ORIENTED_EDGE('',*,*,#10416,.T.);
#13208 = ORIENTED_EDGE('',*,*,#10358,.F.);
#13209 = ORIENTED_EDGE('',*,*,#10350,.F.);
#13210 = ORIENTED_EDGE('',*,*,#13067,.F.);
#13211 = ORIENTED_EDGE('',*,*,#13212,.F.);
#13212 = EDGE_CURVE('',#13085,#13060,#13213,.T.);
#13213 = LINE('',#13214,#13215);
#13214 = CARTESIAN_POINT('',(6.811999903926,-151.7039662394,
    90.60015698657));
#13215 = VECTOR('',#13216,1.);
#13216 = DIRECTION('',(3.1E-16,2.51E-15,1.));
#13217 = ORIENTED_EDGE('',*,*,#13094,.F.);
#13218 = ORIENTED_EDGE('',*,*,#13136,.F.);
#13219 = ORIENTED_EDGE('',*,*,#13220,.F.);
#13220 = EDGE_CURVE('',#13221,#13127,#13223,.T.);
#13221 = VERTEX_POINT('',#13222);
#13222 = CARTESIAN_POINT('',(-6.812428230753,-151.7039662394,
    109.63017484276));
#13223 = CIRCLE('',#13224,2.);
#13224 = AXIS2_PLACEMENT_3D('',#13225,#13226,#13227);
#13225 = CARTESIAN_POINT('',(-4.812428230753,-151.7039662394,
    109.63017484276));
#13226 = DIRECTION('',(6.116E-14,-1.,2.51E-15));
#13227 = DIRECTION('',(-0.707106781187,-4.502148875815E-14,
    -0.707106781187));
#13228 = ORIENTED_EDGE('',*,*,#13229,.F.);
#13229 = EDGE_CURVE('',#13230,#13221,#13232,.T.);
#13230 = VERTEX_POINT('',#13231);
#13231 = CARTESIAN_POINT('',(-6.812428230753,-151.7039662394,
    110.6364933226));
#13232 = LINE('',#13233,#13234);
#13233 = CARTESIAN_POINT('',(-6.812428230753,-151.7039662394,
    90.60015698657));
#13234 = VECTOR('',#13235,1.);
#13235 = DIRECTION('',(2.44E-15,-2.51E-15,-1.));
#13236 = ORIENTED_EDGE('',*,*,#13237,.F.);
#13237 = EDGE_CURVE('',#13238,#13230,#13240,.T.);
#13238 = VERTEX_POINT('',#13239);
#13239 = CARTESIAN_POINT('',(-12.13963811344,-151.7039662394,
    110.6364933226));
#13240 = LINE('',#13241,#13242);
#13241 = CARTESIAN_POINT('',(-6.749999913117,-151.7039662394,
    110.6364933226));
#13242 = VECTOR('',#13243,1.);
#13243 = DIRECTION('',(1.,6.116E-14,-3.1E-16));
#13244 = ORIENTED_EDGE('',*,*,#13245,.F.);
#13245 = EDGE_CURVE('',#13192,#13238,#13246,.T.);
#13246 = LINE('',#13247,#13248);
#13247 = CARTESIAN_POINT('',(-21.41081251681,-151.7039662394,
    101.36531891923));
#13248 = VECTOR('',#13249,1.);
#13249 = DIRECTION('',(0.707106781187,4.502E-14,0.707106781187));
#13250 = PLANE('',#13251);
#13251 = AXIS2_PLACEMENT_3D('',#13252,#13253,#13254);
#13252 = CARTESIAN_POINT('',(-13.49999973016,-151.7039662394,
    76.912157325843));
#13253 = DIRECTION('',(6.116E-14,-1.,2.51E-15));
#13254 = DIRECTION('',(1.,6.116E-14,-2.19E-15));
#13255 = ADVANCED_FACE('',(#13256),#13275,.F.);
#13256 = FACE_BOUND('',#13257,.F.);
#13257 = EDGE_LOOP('',(#13258,#13259,#13260,#13268));
#13258 = ORIENTED_EDGE('',*,*,#13126,.F.);
#13259 = ORIENTED_EDGE('',*,*,#13220,.F.);
#13260 = ORIENTED_EDGE('',*,*,#13261,.F.);
#13261 = EDGE_CURVE('',#13262,#13221,#13264,.T.);
#13262 = VERTEX_POINT('',#13263);
#13263 = CARTESIAN_POINT('',(-6.812428230753,-150.013142062,
    109.63017484276));
#13264 = LINE('',#13265,#13266);
#13265 = CARTESIAN_POINT('',(-6.812428230752,-146.8571419384,
    109.63017484276));
#13266 = VECTOR('',#13267,1.);
#13267 = DIRECTION('',(-3.3335E-13,-1.,7.4E-16));
#13268 = ORIENTED_EDGE('',*,*,#13269,.F.);
#13269 = EDGE_CURVE('',#13129,#13262,#13270,.T.);
#13270 = CIRCLE('',#13271,2.);
#13271 = AXIS2_PLACEMENT_3D('',#13272,#13273,#13274);
#13272 = CARTESIAN_POINT('',(-4.812428230753,-150.013142062,
    109.63017484276));
#13273 = DIRECTION('',(3.3315E-13,1.,-7.4E-16));
#13274 = DIRECTION('',(-0.707106781187,2.350493651342E-13,
    -0.707106781187));
#13275 = CYLINDRICAL_SURFACE('',#13276,2.);
#13276 = AXIS2_PLACEMENT_3D('',#13277,#13278,#13279);
#13277 = CARTESIAN_POINT('',(-4.812428230752,-146.8571419384,
    109.63017484276));
#13278 = DIRECTION('',(-3.3335E-13,-1.,7.4E-16));
#13279 = DIRECTION('',(-0.707106781187,2.351907864905E-13,
    -0.707106781187));
#13280 = ADVANCED_FACE('',(#13281,#13322),#13325,.T.);
#13281 = FACE_BOUND('',#13282,.T.);
#13282 = EDGE_LOOP('',(#13283,#13291,#13292,#13300,#13308,#13316));
#13283 = ORIENTED_EDGE('',*,*,#13284,.F.);
#13284 = EDGE_CURVE('',#13238,#13285,#13287,.T.);
#13285 = VERTEX_POINT('',#13286);
#13286 = CARTESIAN_POINT('',(-12.13963811344,-143.9417811304,
    110.6364933226));
#13287 = LINE('',#13288,#13289);
#13288 = CARTESIAN_POINT('',(-12.13963811344,-150.0049451415,
    110.6364933226));
#13289 = VECTOR('',#13290,1.);
#13290 = DIRECTION('',(3.4359E-13,1.,-7.4E-16));
#13291 = ORIENTED_EDGE('',*,*,#13237,.T.);
#13292 = ORIENTED_EDGE('',*,*,#13293,.F.);
#13293 = EDGE_CURVE('',#13294,#13230,#13296,.T.);
#13294 = VERTEX_POINT('',#13295);
#13295 = CARTESIAN_POINT('',(-6.812428230751,-143.9421418939,
    110.6364933226));
#13296 = LINE('',#13297,#13298);
#13297 = CARTESIAN_POINT('',(-6.812428230752,-148.6224451415,
    110.6364933226));
#13298 = VECTOR('',#13299,1.);
#13299 = DIRECTION('',(-3.3335E-13,-1.,7.4E-16));
#13300 = ORIENTED_EDGE('',*,*,#13301,.T.);
#13301 = EDGE_CURVE('',#13294,#13302,#13304,.T.);
#13302 = VERTEX_POINT('',#13303);
#13303 = CARTESIAN_POINT('',(-7.812428230751,-142.9421421228,
    110.6364933226));
#13304 = LINE('',#13305,#13306);
#13305 = CARTESIAN_POINT('',(-4.536919225572,-146.2176503784,
    110.6364933226));
#13306 = VECTOR('',#13307,1.);
#13307 = DIRECTION('',(-0.70710686209,0.707106700283,-3.E-16));
#13308 = ORIENTED_EDGE('',*,*,#13309,.T.);
#13309 = EDGE_CURVE('',#13302,#13310,#13312,.T.);
#13310 = VERTEX_POINT('',#13311);
#13311 = CARTESIAN_POINT('',(-11.14000009602,-142.9421428842,
    110.6364933226));
#13312 = LINE('',#13313,#13314);
#13313 = CARTESIAN_POINT('',(-2.115125799011E-04,-142.9421403351,
    110.6364933226));
#13314 = VECTOR('',#13315,1.);
#13315 = DIRECTION('',(-1.,-2.2883067174E-07,3.1E-16));
#13316 = ORIENTED_EDGE('',*,*,#13317,.T.);
#13317 = EDGE_CURVE('',#13310,#13285,#13318,.T.);
#13318 = LINE('',#13319,#13320);
#13319 = CARTESIAN_POINT('',(-9.67740206755,-141.479544521,
    110.6364933226));
#13320 = VECTOR('',#13321,1.);
#13321 = DIRECTION('',(-0.707106700283,-0.70710686209,7.4E-16));
#13322 = FACE_BOUND('',#13323,.T.);
#13323 = EDGE_LOOP('',(#13324));
#13324 = ORIENTED_EDGE('',*,*,#10499,.T.);
#13325 = PLANE('',#13326);
#13326 = AXIS2_PLACEMENT_3D('',#13327,#13328,#13329);
#13327 = CARTESIAN_POINT('',(-9.607368491E-08,-147.2317482211,
    110.6364933226));
#13328 = DIRECTION('',(3.1E-16,7.4E-16,1.));
#13329 = DIRECTION('',(-1.,1.67E-15,3.1E-16));
#13330 = ADVANCED_FACE('',(#13331),#13375,.T.);
#13331 = FACE_BOUND('',#13332,.T.);
#13332 = EDGE_LOOP('',(#13333,#13334,#13335,#13336,#13344,#13352,#13360,
    #13368));
#13333 = ORIENTED_EDGE('',*,*,#13189,.T.);
#13334 = ORIENTED_EDGE('',*,*,#13245,.T.);
#13335 = ORIENTED_EDGE('',*,*,#13284,.T.);
#13336 = ORIENTED_EDGE('',*,*,#13337,.T.);
#13337 = EDGE_CURVE('',#13285,#13338,#13340,.T.);
#13338 = VERTEX_POINT('',#13339);
#13339 = CARTESIAN_POINT('',(-12.14000009603,-143.942143113,
    110.63613134001));
#13340 = LINE('',#13341,#13342);
#13341 = CARTESIAN_POINT('',(-15.09066128237,-146.8928049746,
    107.68547015367));
#13342 = VECTOR('',#13343,1.);
#13343 = DIRECTION('',(-0.577350225151,-0.577350357267,-0.577350225151)
  );
#13344 = ORIENTED_EDGE('',*,*,#13345,.T.);
#13345 = EDGE_CURVE('',#13338,#13346,#13348,.T.);
#13346 = VERTEX_POINT('',#13347);
#13347 = CARTESIAN_POINT('',(-12.14000009603,-150.013142062,
    110.63613134001));
#13348 = LINE('',#13349,#13350);
#13349 = CARTESIAN_POINT('',(-12.14000009603,-147.1465427272,
    110.63613134001));
#13350 = VECTOR('',#13351,1.);
#13351 = DIRECTION('',(-3.3353E-13,-1.,1.079E-14));
#13352 = ORIENTED_EDGE('',*,*,#13353,.T.);
#13353 = EDGE_CURVE('',#13346,#13354,#13356,.T.);
#13354 = VERTEX_POINT('',#13355);
#13355 = CARTESIAN_POINT('',(-14.13963811344,-150.013142062,
    108.6364933226));
#13356 = LINE('',#13357,#13358);
#13357 = CARTESIAN_POINT('',(-17.05661775105,-150.013142062,
    105.719513685));
#13358 = VECTOR('',#13359,1.);
#13359 = DIRECTION('',(-0.707106781187,6.6E-16,-0.707106781187));
#13360 = ORIENTED_EDGE('',*,*,#13361,.T.);
#13361 = EDGE_CURVE('',#13354,#13362,#13364,.T.);
#13362 = VERTEX_POINT('',#13363);
#13363 = CARTESIAN_POINT('',(-14.13963811344,-151.6893664308,
    108.6364933226));
#13364 = LINE('',#13365,#13366);
#13365 = CARTESIAN_POINT('',(-14.13963811344,-150.0049451415,
    108.6364933226));
#13366 = VECTOR('',#13367,1.);
#13367 = DIRECTION('',(-3.4359E-13,-1.,7.4E-16));
#13368 = ORIENTED_EDGE('',*,*,#13369,.T.);
#13369 = EDGE_CURVE('',#13362,#13190,#13370,.T.);
#13370 = ELLIPSE('',#13371,19.799363254127,14.000264020169);
#13371 = AXIS2_PLACEMENT_3D('',#13372,#13373,#13374);
#13372 = CARTESIAN_POINT('',(-13.50042829143,-137.7037022192,
    109.27570314461));
#13373 = DIRECTION('',(-0.707106781187,2.4347E-13,0.707106781187));
#13374 = DIRECTION('',(-0.707106781187,2.3993E-13,-0.707106781187));
#13375 = PLANE('',#13376);
#13376 = AXIS2_PLACEMENT_3D('',#13377,#13378,#13379);
#13377 = CARTESIAN_POINT('',(-13.13963811344,-150.0049451415,
    109.6364933226));
#13378 = DIRECTION('',(-0.707106781187,2.4347E-13,0.707106781187));
#13379 = DIRECTION('',(0.707106781187,1.7E-16,0.707106781187));
#13380 = ADVANCED_FACE('',(#13381),#13406,.F.);
#13381 = FACE_BOUND('',#13382,.T.);
#13382 = EDGE_LOOP('',(#13383,#13384,#13392,#13400));
#13383 = ORIENTED_EDGE('',*,*,#13361,.F.);
#13384 = ORIENTED_EDGE('',*,*,#13385,.F.);
#13385 = EDGE_CURVE('',#13386,#13354,#13388,.T.);
#13386 = VERTEX_POINT('',#13387);
#13387 = CARTESIAN_POINT('',(-14.13963811344,-150.013142062,
    104.30100997935));
#13388 = LINE('',#13389,#13390);
#13389 = CARTESIAN_POINT('',(-14.13963811344,-150.013142062,
    93.100156647297));
#13390 = VECTOR('',#13391,1.);
#13391 = DIRECTION('',(-2.44E-15,7.4E-16,1.));
#13392 = ORIENTED_EDGE('',*,*,#13393,.F.);
#13393 = EDGE_CURVE('',#13394,#13386,#13396,.T.);
#13394 = VERTEX_POINT('',#13395);
#13395 = CARTESIAN_POINT('',(-14.13963811344,-151.6893664308,
    104.30100997935));
#13396 = LINE('',#13397,#13398);
#13397 = CARTESIAN_POINT('',(-14.13963811343,-122.0836418148,
    104.30100997935));
#13398 = VECTOR('',#13399,1.);
#13399 = DIRECTION('',(3.4359E-13,1.,-1.29E-15));
#13400 = ORIENTED_EDGE('',*,*,#13401,.T.);
#13401 = EDGE_CURVE('',#13394,#13362,#13402,.T.);
#13402 = LINE('',#13403,#13404);
#13403 = CARTESIAN_POINT('',(-14.13963811344,-151.6893664308,
    76.912157325842));
#13404 = VECTOR('',#13405,1.);
#13405 = DIRECTION('',(-4.54E-15,2.51E-15,1.));
#13406 = PLANE('',#13407);
#13407 = AXIS2_PLACEMENT_3D('',#13408,#13409,#13410);
#13408 = CARTESIAN_POINT('',(-14.13963811344,-152.778142062,
    104.28815664729));
#13409 = DIRECTION('',(1.,-3.4359E-13,2.44E-15));
#13410 = DIRECTION('',(3.4359E-13,1.,-7.4E-16));
#13411 = ADVANCED_FACE('',(#13412),#13438,.T.);
#13412 = FACE_BOUND('',#13413,.T.);
#13413 = EDGE_LOOP('',(#13414,#13423,#13424,#13432));
#13414 = ORIENTED_EDGE('',*,*,#13415,.T.);
#13415 = EDGE_CURVE('',#13416,#13394,#13418,.T.);
#13416 = VERTEX_POINT('',#13417);
#13417 = CARTESIAN_POINT('',(-18.67693007226,-150.7118236035,
    97.821085512362));
#13418 = ELLIPSE('',#13419,24.408715443813,14.000264020169);
#13419 = AXIS2_PLACEMENT_3D('',#13420,#13421,#13422);
#13420 = CARTESIAN_POINT('',(-13.50042829143,-137.7037022192,
    105.21389621254));
#13421 = DIRECTION('',(-0.819152044289,2.8219E-13,0.573576436351));
#13422 = DIRECTION('',(-0.573576436351,1.9453E-13,-0.819152044289));
#13423 = ORIENTED_EDGE('',*,*,#13393,.T.);
#13424 = ORIENTED_EDGE('',*,*,#13425,.T.);
#13425 = EDGE_CURVE('',#13386,#13426,#13428,.T.);
#13426 = VERTEX_POINT('',#13427);
#13427 = CARTESIAN_POINT('',(-18.67693007226,-150.013142062,
    97.821085512362));
#13428 = LINE('',#13429,#13430);
#13429 = CARTESIAN_POINT('',(-24.31097765712,-150.013142062,
    89.774831684153));
#13430 = VECTOR('',#13431,1.);
#13431 = DIRECTION('',(-0.573576436351,1.9048E-13,-0.819152044289));
#13432 = ORIENTED_EDGE('',*,*,#13433,.F.);
#13433 = EDGE_CURVE('',#13416,#13426,#13434,.T.);
#13434 = LINE('',#13435,#13436);
#13435 = CARTESIAN_POINT('',(-18.67693007224,-108.2641415677,
    97.821085512362));
#13436 = VECTOR('',#13437,1.);
#13437 = DIRECTION('',(3.4397E-13,1.,-7.4E-16));
#13438 = PLANE('',#13439);
#13439 = AXIS2_PLACEMENT_3D('',#13440,#13441,#13442);
#13440 = CARTESIAN_POINT('',(-28.25828628003,-91.3891415677,
    84.137490742321));
#13441 = DIRECTION('',(-0.819152044289,2.8219E-13,0.573576436351));
#13442 = DIRECTION('',(-3.439714947584E-13,-1.,7.410466410674E-16));
#13443 = ADVANCED_FACE('',(#13444),#13462,.F.);
#13444 = FACE_BOUND('',#13445,.T.);
#13445 = EDGE_LOOP('',(#13446,#13455,#13456));
#13446 = ORIENTED_EDGE('',*,*,#13447,.T.);
#13447 = EDGE_CURVE('',#13448,#13416,#13450,.T.);
#13448 = VERTEX_POINT('',#13449);
#13449 = CARTESIAN_POINT('',(-20.1701421827,-150.013142062,
    96.954540874434));
#13450 = ELLIPSE('',#13451,16.186958773586,14.000264020169);
#13451 = AXIS2_PLACEMENT_3D('',#13452,#13453,#13454);
#13452 = CARTESIAN_POINT('',(-13.50042829143,-137.7037022192,
    100.82512615068));
#13453 = DIRECTION('',(-0.501926818193,1.7328E-13,0.864910093119));
#13454 = DIRECTION('',(-0.864910093119,2.9361E-13,-0.501926818193));
#13455 = ORIENTED_EDGE('',*,*,#13433,.T.);
#13456 = ORIENTED_EDGE('',*,*,#13457,.F.);
#13457 = EDGE_CURVE('',#13448,#13426,#13458,.T.);
#13458 = LINE('',#13459,#13460);
#13459 = CARTESIAN_POINT('',(-15.38847268977,-150.013142062,
    99.729451438354));
#13460 = VECTOR('',#13461,1.);
#13461 = DIRECTION('',(0.864910093119,-2.8777E-13,0.501926818193));
#13462 = PLANE('',#13463);
#13463 = AXIS2_PLACEMENT_3D('',#13464,#13465,#13466);
#13464 = CARTESIAN_POINT('',(-19.97525066313,-125.1391415677,
    97.067640815207));
#13465 = DIRECTION('',(0.501926818193,-1.7328E-13,-0.864910093119));
#13466 = DIRECTION('',(3.439704256229E-13,1.,-7.307334248137E-16));
#13467 = ADVANCED_FACE('',(#13468),#13504,.T.);
#13468 = FACE_BOUND('',#13469,.T.);
#13469 = EDGE_LOOP('',(#13470,#13479,#13487,#13496,#13503));
#13470 = ORIENTED_EDGE('',*,*,#13471,.T.);
#13471 = EDGE_CURVE('',#10724,#13472,#13474,.T.);
#13472 = VERTEX_POINT('',#13473);
#13473 = CARTESIAN_POINT('',(-23.55384469455,-139.3891470451,
    87.912165772621));
#13474 = CIRCLE('',#13475,5.5);
#13475 = AXIS2_PLACEMENT_3D('',#13476,#13477,#13478);
#13476 = CARTESIAN_POINT('',(-28.16041668158,-139.3891470451,
    84.907254038767));
#13477 = DIRECTION('',(-3.3348E-13,-1.,1.24E-15));
#13478 = DIRECTION('',(-1.,3.3348E-13,-4.1E-15));
#13479 = ORIENTED_EDGE('',*,*,#13480,.F.);
#13480 = EDGE_CURVE('',#13481,#13472,#13483,.T.);
#13481 = VERTEX_POINT('',#13482);
#13482 = CARTESIAN_POINT('',(-23.55384469455,-141.6688808594,
    87.912165772621));
#13483 = LINE('',#13484,#13485);
#13484 = CARTESIAN_POINT('',(-23.55384469454,-133.7296736422,
    87.912165772621));
#13485 = VECTOR('',#13486,1.);
#13486 = DIRECTION('',(3.3348E-13,1.,-1.24E-15));
#13487 = ORIENTED_EDGE('',*,*,#13488,.F.);
#13488 = EDGE_CURVE('',#13489,#13481,#13491,.T.);
#13489 = VERTEX_POINT('',#13490);
#13490 = CARTESIAN_POINT('',(-24.18249192082,-144.3891012419,
    88.705426572723));
#13491 = ELLIPSE('',#13492,24.426321554792,5.5);
#13492 = AXIS2_PLACEMENT_3D('',#13493,#13494,#13495);
#13493 = CARTESIAN_POINT('',(-28.16041668159,-161.6019856099,
    84.907254038767));
#13494 = DIRECTION('',(-0.974320199218,0.225166936727,-2.54E-15));
#13495 = DIRECTION('',(0.225166936727,0.974320199218,-6.7E-16));
#13496 = ORIENTED_EDGE('',*,*,#13497,.T.);
#13497 = EDGE_CURVE('',#13489,#10732,#13498,.T.);
#13498 = CIRCLE('',#13499,5.5);
#13499 = AXIS2_PLACEMENT_3D('',#13500,#13501,#13502);
#13500 = CARTESIAN_POINT('',(-28.16041668158,-144.3891015349,
    84.907254038767));
#13501 = DIRECTION('',(3.3348E-13,1.,-1.24E-15));
#13502 = DIRECTION('',(-1.,3.3348E-13,-4.1E-15));
#13503 = ORIENTED_EDGE('',*,*,#10731,.T.);
#13504 = CYLINDRICAL_SURFACE('',#13505,5.5);
#13505 = AXIS2_PLACEMENT_3D('',#13506,#13507,#13508);
#13506 = CARTESIAN_POINT('',(-28.16041668158,-133.7296736422,
    84.907254038767));
#13507 = DIRECTION('',(3.3348E-13,1.,-1.24E-15));
#13508 = DIRECTION('',(0.909062918481,-3.026376450619E-13,0.416658865551
    ));
#13509 = ADVANCED_FACE('',(#13510),#13529,.T.);
#13510 = FACE_BOUND('',#13511,.T.);
#13511 = EDGE_LOOP('',(#13512,#13513,#13521,#13528));
#13512 = ORIENTED_EDGE('',*,*,#13497,.F.);
#13513 = ORIENTED_EDGE('',*,*,#13514,.F.);
#13514 = EDGE_CURVE('',#13515,#13489,#13517,.T.);
#13515 = VERTEX_POINT('',#13516);
#13516 = CARTESIAN_POINT('',(-24.18249198855,-144.3891015349,
    90.667125142929));
#13517 = LINE('',#13518,#13519);
#13518 = CARTESIAN_POINT('',(-24.18249192082,-144.3891012419,
    82.662156707253));
#13519 = VECTOR('',#13520,1.);
#13520 = DIRECTION('',(2.32E-15,-1.24E-15,-1.));
#13521 = ORIENTED_EDGE('',*,*,#13522,.F.);
#13522 = EDGE_CURVE('',#10714,#13515,#13523,.T.);
#13523 = CIRCLE('',#13524,7.);
#13524 = AXIS2_PLACEMENT_3D('',#13525,#13526,#13527);
#13525 = CARTESIAN_POINT('',(-28.16041668158,-144.3891015349,
    84.907254038767));
#13526 = DIRECTION('',(-3.3348E-13,-1.,1.24E-15));
#13527 = DIRECTION('',(-1.,3.3348E-13,-4.1E-15));
#13528 = ORIENTED_EDGE('',*,*,#10739,.F.);
#13529 = PLANE('',#13530);
#13530 = AXIS2_PLACEMENT_3D('',#13531,#13532,#13533);
#13531 = CARTESIAN_POINT('',(25.436973344025,-144.3891012419,
    83.412156767209));
#13532 = DIRECTION('',(3.3348E-13,1.,-1.24E-15));
#13533 = DIRECTION('',(-1.,3.3348E-13,-4.1E-15));
#13534 = ADVANCED_FACE('',(#13535),#13555,.F.);
#13535 = FACE_BOUND('',#13536,.F.);
#13536 = EDGE_LOOP('',(#13537,#13538,#13547,#13554));
#13537 = ORIENTED_EDGE('',*,*,#10713,.T.);
#13538 = ORIENTED_EDGE('',*,*,#13539,.F.);
#13539 = EDGE_CURVE('',#13540,#10716,#13542,.T.);
#13540 = VERTEX_POINT('',#13541);
#13541 = CARTESIAN_POINT('',(-23.02699454206,-139.389146752,
    89.666243126537));
#13542 = CIRCLE('',#13543,7.);
#13543 = AXIS2_PLACEMENT_3D('',#13544,#13545,#13546);
#13544 = CARTESIAN_POINT('',(-28.16041668158,-139.3891470451,
    84.907254038767));
#13545 = DIRECTION('',(3.3348E-13,1.,-1.24E-15));
#13546 = DIRECTION('',(-1.,3.3348E-13,-4.1E-15));
#13547 = ORIENTED_EDGE('',*,*,#13548,.F.);
#13548 = EDGE_CURVE('',#13515,#13540,#13549,.T.);
#13549 = ELLIPSE('',#13550,31.08804561519,7.);
#13550 = AXIS2_PLACEMENT_3D('',#13551,#13552,#13553);
#13551 = CARTESIAN_POINT('',(-28.16041668159,-161.6019856099,
    84.907254038767));
#13552 = DIRECTION('',(-0.974320199218,0.225166936727,-2.54E-15));
#13553 = DIRECTION('',(0.225166936727,0.974320199218,-6.6E-16));
#13554 = ORIENTED_EDGE('',*,*,#13522,.F.);
#13555 = CYLINDRICAL_SURFACE('',#13556,7.);
#13556 = AXIS2_PLACEMENT_3D('',#13557,#13558,#13559);
#13557 = CARTESIAN_POINT('',(-28.16041668158,-133.7296736422,
    84.907254038767));
#13558 = DIRECTION('',(3.3348E-13,1.,-1.24E-15));
#13559 = DIRECTION('',(0.87339522869,-2.906559458738E-13,0.48701208866)
  );
#13560 = ADVANCED_FACE('',(#13561),#13580,.T.);
#13561 = FACE_BOUND('',#13562,.T.);
#13562 = EDGE_LOOP('',(#13563,#13564,#13572,#13578,#13579));
#13563 = ORIENTED_EDGE('',*,*,#13539,.F.);
#13564 = ORIENTED_EDGE('',*,*,#13565,.F.);
#13565 = EDGE_CURVE('',#13566,#13540,#13568,.T.);
#13566 = VERTEX_POINT('',#13567);
#13567 = CARTESIAN_POINT('',(-23.02699454206,-139.389146752,
    87.912156647297));
#13568 = LINE('',#13569,#13570);
#13569 = CARTESIAN_POINT('',(-23.02699454206,-139.389146752,
    82.662156707253));
#13570 = VECTOR('',#13571,1.);
#13571 = DIRECTION('',(-2.32E-15,1.24E-15,1.));
#13572 = ORIENTED_EDGE('',*,*,#13573,.F.);
#13573 = EDGE_CURVE('',#13472,#13566,#13574,.T.);
#13574 = LINE('',#13575,#13576);
#13575 = CARTESIAN_POINT('',(-0.500428377892,-139.389146752,
    87.912156647297));
#13576 = VECTOR('',#13577,1.);
#13577 = DIRECTION('',(1.,-3.3348E-13,2.44E-15));
#13578 = ORIENTED_EDGE('',*,*,#13471,.F.);
#13579 = ORIENTED_EDGE('',*,*,#10723,.F.);
#13580 = PLANE('',#13581);
#13581 = AXIS2_PLACEMENT_3D('',#13582,#13583,#13584);
#13582 = CARTESIAN_POINT('',(-1.000428579096,-139.389146752,
    83.412156767208));
#13583 = DIRECTION('',(-3.3348E-13,-1.,1.24E-15));
#13584 = DIRECTION('',(1.,-3.3348E-13,4.1E-15));
#13585 = ADVANCED_FACE('',(#13586,#13638),#13641,.T.);
#13586 = FACE_BOUND('',#13587,.T.);
#13587 = EDGE_LOOP('',(#13588,#13599,#13607,#13616,#13617,#13618,#13619,
    #13620,#13621,#13622,#13623,#13631));
#13588 = ORIENTED_EDGE('',*,*,#13589,.F.);
#13589 = EDGE_CURVE('',#13590,#13592,#13594,.T.);
#13590 = VERTEX_POINT('',#13591);
#13591 = CARTESIAN_POINT('',(-24.6072298058,-146.2269851991,
    90.270818328033));
#13592 = VERTEX_POINT('',#13593);
#13593 = CARTESIAN_POINT('',(-21.29217688132,-149.335385096,
    96.072160945869));
#13594 = ELLIPSE('',#13595,28.218434268709,14.000264020169);
#13595 = AXIS2_PLACEMENT_3D('',#13596,#13597,#13598);
#13596 = CARTESIAN_POINT('',(-13.50042829143,-137.7037022192,
    109.70772097817));
#13597 = DIRECTION('',(-0.868243142124,2.9902E-13,0.496138938357));
#13598 = DIRECTION('',(-0.496138938357,1.6798E-13,-0.868243142124));
#13599 = ORIENTED_EDGE('',*,*,#13600,.F.);
#13600 = EDGE_CURVE('',#13601,#13590,#13603,.T.);
#13601 = VERTEX_POINT('',#13602);
#13602 = CARTESIAN_POINT('',(-24.60722981776,-146.2269851628,
    84.91059954343));
#13603 = LINE('',#13604,#13605);
#13604 = CARTESIAN_POINT('',(-24.6072298058,-146.2269851991,
    76.912157325841));
#13605 = VECTOR('',#13606,1.);
#13606 = DIRECTION('',(-4.54E-15,2.51E-15,1.));
#13607 = ORIENTED_EDGE('',*,*,#13608,.T.);
#13608 = EDGE_CURVE('',#13601,#10930,#13609,.T.);
#13609 = B_SPLINE_CURVE_WITH_KNOTS('',3,(#13610,#13611,#13612,#13613,
    #13614,#13615),.UNSPECIFIED.,.F.,.F.,(4,2,4),(1.912776590851,
    1.937996140753,2.015985020541),.UNSPECIFIED.);
#13610 = CARTESIAN_POINT('',(-24.60722983709,-146.2269851583,
    84.91059954343));
#13611 = CARTESIAN_POINT('',(-24.57577658444,-146.2679723035,
    84.838397295995));
#13612 = CARTESIAN_POINT('',(-24.54688018909,-146.3051553891,
    84.762683890758));
#13613 = CARTESIAN_POINT('',(-24.44272787911,-146.4381030268,
    84.441959927378));
#13614 = CARTESIAN_POINT('',(-24.39919668358,-146.491434587,
    84.172119701257));
#13615 = CARTESIAN_POINT('',(-24.39919668358,-146.491434587,
    83.91215676863));
#13616 = ORIENTED_EDGE('',*,*,#10929,.T.);
#13617 = ORIENTED_EDGE('',*,*,#10846,.T.);
#13618 = ORIENTED_EDGE('',*,*,#13199,.T.);
#13619 = ORIENTED_EDGE('',*,*,#13369,.F.);
#13620 = ORIENTED_EDGE('',*,*,#13401,.F.);
#13621 = ORIENTED_EDGE('',*,*,#13415,.F.);
#13622 = ORIENTED_EDGE('',*,*,#13447,.F.);
#13623 = ORIENTED_EDGE('',*,*,#13624,.T.);
#13624 = EDGE_CURVE('',#13448,#13625,#13627,.T.);
#13625 = VERTEX_POINT('',#13626);
#13626 = CARTESIAN_POINT('',(-20.17014218269,-150.013142062,
    96.723302967066));
#13627 = LINE('',#13628,#13629);
#13628 = CARTESIAN_POINT('',(-20.1701421827,-150.013142062,
    76.912157325841));
#13629 = VECTOR('',#13630,1.);
#13630 = DIRECTION('',(4.54E-15,-2.51E-15,-1.));
#13631 = ORIENTED_EDGE('',*,*,#13632,.F.);
#13632 = EDGE_CURVE('',#13592,#13625,#13633,.T.);
#13633 = ELLIPSE('',#13634,16.186958773586,14.000264020169);
#13634 = AXIS2_PLACEMENT_3D('',#13635,#13636,#13637);
#13635 = CARTESIAN_POINT('',(-13.50042829143,-137.7037022192,
    100.5938882433));
#13636 = DIRECTION('',(-0.501926818193,1.7328E-13,0.864910093119));
#13637 = DIRECTION('',(-0.864910093119,2.936E-13,-0.501926818193));
#13638 = FACE_BOUND('',#13639,.T.);
#13639 = EDGE_LOOP('',(#13640));
#13640 = ORIENTED_EDGE('',*,*,#4898,.T.);
#13641 = CYLINDRICAL_SURFACE('',#13642,14.000264020169);
#13642 = AXIS2_PLACEMENT_3D('',#13643,#13644,#13645);
#13643 = CARTESIAN_POINT('',(-13.50042829143,-137.7037022192,
    76.912157325841));
#13644 = DIRECTION('',(4.54E-15,-2.51E-15,-1.));
#13645 = DIRECTION('',(-0.999981160321,-6.138322554599E-03,
    -4.524507278244E-15));
#13646 = ADVANCED_FACE('',(#13647),#13681,.F.);
#13647 = FACE_BOUND('',#13648,.F.);
#13648 = EDGE_LOOP('',(#13649,#13650,#13651,#13652,#13653,#13654,#13667,
    #13674,#13675,#13676,#13677,#13678,#13679,#13680));
#13649 = ORIENTED_EDGE('',*,*,#10871,.T.);
#13650 = ORIENTED_EDGE('',*,*,#10895,.T.);
#13651 = ORIENTED_EDGE('',*,*,#12144,.F.);
#13652 = ORIENTED_EDGE('',*,*,#12112,.T.);
#13653 = ORIENTED_EDGE('',*,*,#12082,.T.);
#13654 = ORIENTED_EDGE('',*,*,#13655,.F.);
#13655 = EDGE_CURVE('',#13656,#12083,#13658,.T.);
#13656 = VERTEX_POINT('',#13657);
#13657 = CARTESIAN_POINT('',(-24.60715277857,-146.2266518945,
    84.910422633708));
#13658 = B_SPLINE_CURVE_WITH_KNOTS('',3,(#13659,#13660,#13661,#13662,
    #13663,#13664,#13665,#13666),.UNSPECIFIED.,.F.,.F.,(4,2,2,4),(
    0.103188093947,0.155971838003,0.247756873682,0.36206682177),
  .UNSPECIFIED.);
#13659 = CARTESIAN_POINT('',(-24.60715277857,-146.2266518945,
    84.910422633765));
#13660 = CARTESIAN_POINT('',(-24.67297406958,-146.14087655,
    85.061549997868));
#13661 = CARTESIAN_POINT('',(-24.75013065537,-146.0380787697,
    85.197040544226));
#13662 = CARTESIAN_POINT('',(-24.96386826377,-145.7437811883,
    85.513155804923));
#13663 = CARTESIAN_POINT('',(-25.14254995685,-145.4843660707,
    85.701752023741));
#13664 = CARTESIAN_POINT('',(-25.47996161165,-144.95706966,
    85.984697065027));
#13665 = CARTESIAN_POINT('',(-25.68614076685,-144.6083180783,
    86.108037729321));
#13666 = CARTESIAN_POINT('',(-25.87622363309,-144.2489057807,
    86.193280644694));
#13667 = ORIENTED_EDGE('',*,*,#13668,.T.);
#13668 = EDGE_CURVE('',#13656,#13601,#13669,.T.);
#13669 = ELLIPSE('',#13670,11.10287343387,2.5);
#13670 = AXIS2_PLACEMENT_3D('',#13671,#13672,#13673);
#13671 = CARTESIAN_POINT('',(-26.89919668356,-156.1445586111,
    83.91215676863));
#13672 = DIRECTION('',(0.974320199218,-0.225166936727,2.54E-15));
#13673 = DIRECTION('',(-0.225166936727,-0.974320199218,1.190178E-11));
#13674 = ORIENTED_EDGE('',*,*,#13608,.T.);
#13675 = ORIENTED_EDGE('',*,*,#10937,.F.);
#13676 = ORIENTED_EDGE('',*,*,#10968,.T.);
#13677 = ORIENTED_EDGE('',*,*,#11000,.T.);
#13678 = ORIENTED_EDGE('',*,*,#11038,.T.);
#13679 = ORIENTED_EDGE('',*,*,#11072,.T.);
#13680 = ORIENTED_EDGE('',*,*,#11096,.T.);
#13681 = CYLINDRICAL_SURFACE('',#13682,2.5);
#13682 = AXIS2_PLACEMENT_3D('',#13683,#13684,#13685);
#13683 = CARTESIAN_POINT('',(-26.89919668368,-104.1027065413,
    83.91215676863));
#13684 = DIRECTION('',(2.30041E-12,-1.,1.18E-15));
#13685 = DIRECTION('',(0.616441420073,1.418997140061E-12,0.787400771919)
  );
#13686 = ADVANCED_FACE('',(#13687),#13706,.T.);
#13687 = FACE_BOUND('',#13688,.T.);
#13688 = EDGE_LOOP('',(#13689,#13690,#13691,#13699));
#13689 = ORIENTED_EDGE('',*,*,#12090,.F.);
#13690 = ORIENTED_EDGE('',*,*,#13655,.F.);
#13691 = ORIENTED_EDGE('',*,*,#13692,.T.);
#13692 = EDGE_CURVE('',#13656,#13693,#13695,.T.);
#13693 = VERTEX_POINT('',#13694);
#13694 = CARTESIAN_POINT('',(-24.60715277857,-146.2266518945,
    87.912165772621));
#13695 = LINE('',#13696,#13697);
#13696 = CARTESIAN_POINT('',(-24.60715277857,-146.2266518945,
    76.912157325841));
#13697 = VECTOR('',#13698,1.);
#13698 = DIRECTION('',(-4.54E-15,2.51E-15,1.));
#13699 = ORIENTED_EDGE('',*,*,#13700,.T.);
#13700 = EDGE_CURVE('',#13693,#12091,#13701,.T.);
#13701 = CIRCLE('',#13702,14.);
#13702 = AXIS2_PLACEMENT_3D('',#13703,#13704,#13705);
#13703 = CARTESIAN_POINT('',(-13.50042829143,-137.7037022192,
    87.912165772622));
#13704 = DIRECTION('',(2.022E-14,5.9E-15,-1.));
#13705 = DIRECTION('',(-0.999981160321,-6.138322554599E-03,
    -2.025583516476E-14));
#13706 = CYLINDRICAL_SURFACE('',#13707,14.);
#13707 = AXIS2_PLACEMENT_3D('',#13708,#13709,#13710);
#13708 = CARTESIAN_POINT('',(-13.50042829143,-137.7037022192,
    76.912157325841));
#13709 = DIRECTION('',(4.54E-15,-2.51E-15,-1.));
#13710 = DIRECTION('',(-0.999981160321,-6.138322554599E-03,
    -4.524507278244E-15));
#13711 = ADVANCED_FACE('',(#13712,#13819,#13829,#13838,#13844,#13853,
    #13856),#13859,.F.);
#13712 = FACE_BOUND('',#13713,.F.);
#13713 = EDGE_LOOP('',(#13714,#13715,#13716,#13717,#13718,#13719,#13720,
    #13721,#13722,#13723,#13724,#13725,#13726,#13727,#13733,#13734,
    #13735,#13736,#13737,#13738,#13739,#13740,#13741,#13742,#13743,
    #13744,#13745,#13746,#13747,#13748,#13749,#13750,#13751,#13752,
    #13753,#13754,#13755,#13756,#13757,#13765,#13773,#13781,#13787,
    #13788,#13789,#13795,#13796,#13797,#13798,#13799,#13800,#13801,
    #13802,#13803,#13804,#13805,#13806,#13807,#13808,#13809,#13810,
    #13811,#13812,#13813,#13814,#13815,#13816,#13817,#13818));
#13714 = ORIENTED_EDGE('',*,*,#11325,.F.);
#13715 = ORIENTED_EDGE('',*,*,#11340,.T.);
#13716 = ORIENTED_EDGE('',*,*,#11364,.T.);
#13717 = ORIENTED_EDGE('',*,*,#11392,.F.);
#13718 = ORIENTED_EDGE('',*,*,#11418,.T.);
#13719 = ORIENTED_EDGE('',*,*,#11441,.T.);
#13720 = ORIENTED_EDGE('',*,*,#11465,.T.);
#13721 = ORIENTED_EDGE('',*,*,#12839,.T.);
#13722 = ORIENTED_EDGE('',*,*,#11489,.F.);
#13723 = ORIENTED_EDGE('',*,*,#11534,.F.);
#13724 = ORIENTED_EDGE('',*,*,#12849,.F.);
#13725 = ORIENTED_EDGE('',*,*,#12823,.T.);
#13726 = ORIENTED_EDGE('',*,*,#12767,.F.);
#13727 = ORIENTED_EDGE('',*,*,#13728,.F.);
#13728 = EDGE_CURVE('',#12673,#12768,#13729,.T.);
#13729 = LINE('',#13730,#13731);
#13730 = CARTESIAN_POINT('',(0.252336972538,-132.6109645862,
    87.912157605491));
#13731 = VECTOR('',#13732,1.);
#13732 = DIRECTION('',(1.,-1.67E-15,5.E-16));
#13733 = ORIENTED_EDGE('',*,*,#12680,.T.);
#13734 = ORIENTED_EDGE('',*,*,#11559,.T.);
#13735 = ORIENTED_EDGE('',*,*,#11584,.T.);
#13736 = ORIENTED_EDGE('',*,*,#11598,.T.);
#13737 = ORIENTED_EDGE('',*,*,#11637,.T.);
#13738 = ORIENTED_EDGE('',*,*,#11660,.T.);
#13739 = ORIENTED_EDGE('',*,*,#11679,.T.);
#13740 = ORIENTED_EDGE('',*,*,#11687,.F.);
#13741 = ORIENTED_EDGE('',*,*,#11727,.T.);
#13742 = ORIENTED_EDGE('',*,*,#11742,.F.);
#13743 = ORIENTED_EDGE('',*,*,#11769,.F.);
#13744 = ORIENTED_EDGE('',*,*,#11795,.T.);
#13745 = ORIENTED_EDGE('',*,*,#11827,.T.);
#13746 = ORIENTED_EDGE('',*,*,#11864,.T.);
#13747 = ORIENTED_EDGE('',*,*,#11887,.F.);
#13748 = ORIENTED_EDGE('',*,*,#11923,.T.);
#13749 = ORIENTED_EDGE('',*,*,#11915,.F.);
#13750 = ORIENTED_EDGE('',*,*,#11942,.T.);
#13751 = ORIENTED_EDGE('',*,*,#11963,.F.);
#13752 = ORIENTED_EDGE('',*,*,#11990,.F.);
#13753 = ORIENTED_EDGE('',*,*,#12015,.F.);
#13754 = ORIENTED_EDGE('',*,*,#12041,.F.);
#13755 = ORIENTED_EDGE('',*,*,#12058,.F.);
#13756 = ORIENTED_EDGE('',*,*,#12534,.F.);
#13757 = ORIENTED_EDGE('',*,*,#13758,.F.);
#13758 = EDGE_CURVE('',#13759,#12518,#13761,.T.);
#13759 = VERTEX_POINT('',#13760);
#13760 = CARTESIAN_POINT('',(-8.455495074351,-132.6109645862,
    87.912157605491));
#13761 = LINE('',#13762,#13763);
#13762 = CARTESIAN_POINT('',(12.912600833412,-132.6109645862,
    87.912165772622));
#13763 = VECTOR('',#13764,1.);
#13764 = DIRECTION('',(1.,-1.67E-15,2.022E-14));
#13765 = ORIENTED_EDGE('',*,*,#13766,.T.);
#13766 = EDGE_CURVE('',#13759,#13767,#13769,.T.);
#13767 = VERTEX_POINT('',#13768);
#13768 = CARTESIAN_POINT('',(-8.455495074352,-135.9738375826,
    87.912156647297));
#13769 = LINE('',#13770,#13771);
#13770 = CARTESIAN_POINT('',(-8.455495074347,-121.4758836221,
    87.912156647297));
#13771 = VECTOR('',#13772,1.);
#13772 = DIRECTION('',(-3.5289E-13,-1.,7.4E-16));
#13773 = ORIENTED_EDGE('',*,*,#13774,.F.);
#13774 = EDGE_CURVE('',#13775,#13767,#13777,.T.);
#13775 = VERTEX_POINT('',#13776);
#13776 = CARTESIAN_POINT('',(-22.23771119943,-135.9738375826,
    87.912156647297));
#13777 = LINE('',#13778,#13779);
#13778 = CARTESIAN_POINT('',(-2.000428203718,-135.9738375826,
    87.912156647297));
#13779 = VECTOR('',#13780,1.);
#13780 = DIRECTION('',(1.,-3.3315E-13,2.44E-15));
#13781 = ORIENTED_EDGE('',*,*,#13782,.T.);
#13782 = EDGE_CURVE('',#13775,#13566,#13783,.T.);
#13783 = LINE('',#13784,#13785);
#13784 = CARTESIAN_POINT('',(-18.32232628434,-119.0315694773,
    87.912156647297));
#13785 = VECTOR('',#13786,1.);
#13786 = DIRECTION('',(-0.225166936727,-0.974320199218,1.7E-16));
#13787 = ORIENTED_EDGE('',*,*,#13573,.F.);
#13788 = ORIENTED_EDGE('',*,*,#13480,.F.);
#13789 = ORIENTED_EDGE('',*,*,#13790,.T.);
#13790 = EDGE_CURVE('',#13481,#13693,#13791,.T.);
#13791 = LINE('',#13792,#13793);
#13792 = CARTESIAN_POINT('',(-21.18369819951,-131.413016305,
    87.912165772621));
#13793 = VECTOR('',#13794,1.);
#13794 = DIRECTION('',(-0.225166936727,-0.974320199218,-1.03E-14));
#13795 = ORIENTED_EDGE('',*,*,#13700,.T.);
#13796 = ORIENTED_EDGE('',*,*,#12098,.T.);
#13797 = ORIENTED_EDGE('',*,*,#12122,.T.);
#13798 = ORIENTED_EDGE('',*,*,#12152,.T.);
#13799 = ORIENTED_EDGE('',*,*,#12178,.T.);
#13800 = ORIENTED_EDGE('',*,*,#12205,.T.);
#13801 = ORIENTED_EDGE('',*,*,#12238,.T.);
#13802 = ORIENTED_EDGE('',*,*,#12254,.T.);
#13803 = ORIENTED_EDGE('',*,*,#12278,.T.);
#13804 = ORIENTED_EDGE('',*,*,#12303,.T.);
#13805 = ORIENTED_EDGE('',*,*,#12331,.T.);
#13806 = ORIENTED_EDGE('',*,*,#12378,.T.);
#13807 = ORIENTED_EDGE('',*,*,#12402,.F.);
#13808 = ORIENTED_EDGE('',*,*,#12426,.F.);
#13809 = ORIENTED_EDGE('',*,*,#12441,.F.);
#13810 = ORIENTED_EDGE('',*,*,#12449,.F.);
#13811 = ORIENTED_EDGE('',*,*,#12473,.F.);
#13812 = ORIENTED_EDGE('',*,*,#11155,.T.);
#13813 = ORIENTED_EDGE('',*,*,#11163,.T.);
#13814 = ORIENTED_EDGE('',*,*,#11178,.T.);
#13815 = ORIENTED_EDGE('',*,*,#11202,.T.);
#13816 = ORIENTED_EDGE('',*,*,#11229,.F.);
#13817 = ORIENTED_EDGE('',*,*,#11273,.F.);
#13818 = ORIENTED_EDGE('',*,*,#11287,.T.);
#13819 = FACE_BOUND('',#13820,.T.);
#13820 = EDGE_LOOP('',(#13821,#13822,#13823,#13824,#13825,#13826,#13827,
    #13828));
#13821 = ORIENTED_EDGE('',*,*,#3490,.T.);
#13822 = ORIENTED_EDGE('',*,*,#3514,.T.);
#13823 = ORIENTED_EDGE('',*,*,#3538,.T.);
#13824 = ORIENTED_EDGE('',*,*,#3562,.T.);
#13825 = ORIENTED_EDGE('',*,*,#3315,.T.);
#13826 = ORIENTED_EDGE('',*,*,#3355,.T.);
#13827 = ORIENTED_EDGE('',*,*,#3386,.T.);
#13828 = ORIENTED_EDGE('',*,*,#3417,.T.);
#13829 = FACE_BOUND('',#13830,.T.);
#13830 = EDGE_LOOP('',(#13831,#13832,#13833,#13834,#13835,#13836,#13837)
  );
#13831 = ORIENTED_EDGE('',*,*,#3681,.T.);
#13832 = ORIENTED_EDGE('',*,*,#3712,.T.);
#13833 = ORIENTED_EDGE('',*,*,#3770,.T.);
#13834 = ORIENTED_EDGE('',*,*,#3794,.T.);
#13835 = ORIENTED_EDGE('',*,*,#3579,.T.);
#13836 = ORIENTED_EDGE('',*,*,#3619,.T.);
#13837 = ORIENTED_EDGE('',*,*,#3650,.T.);
#13838 = FACE_BOUND('',#13839,.T.);
#13839 = EDGE_LOOP('',(#13840,#13841,#13842,#13843));
#13840 = ORIENTED_EDGE('',*,*,#3906,.T.);
#13841 = ORIENTED_EDGE('',*,*,#3930,.T.);
#13842 = ORIENTED_EDGE('',*,*,#3811,.T.);
#13843 = ORIENTED_EDGE('',*,*,#3851,.T.);
#13844 = FACE_BOUND('',#13845,.T.);
#13845 = EDGE_LOOP('',(#13846,#13847,#13848,#13849,#13850,#13851,#13852)
  );
#13846 = ORIENTED_EDGE('',*,*,#4049,.T.);
#13847 = ORIENTED_EDGE('',*,*,#4080,.T.);
#13848 = ORIENTED_EDGE('',*,*,#4111,.T.);
#13849 = ORIENTED_EDGE('',*,*,#4142,.T.);
#13850 = ORIENTED_EDGE('',*,*,#3947,.T.);
#13851 = ORIENTED_EDGE('',*,*,#3987,.T.);
#13852 = ORIENTED_EDGE('',*,*,#4018,.T.);
#13853 = FACE_BOUND('',#13854,.F.);
#13854 = EDGE_LOOP('',(#13855));
#13855 = ORIENTED_EDGE('',*,*,#12500,.F.);
#13856 = FACE_BOUND('',#13857,.F.);
#13857 = EDGE_LOOP('',(#13858));
#13858 = ORIENTED_EDGE('',*,*,#11120,.F.);
#13859 = PLANE('',#13860);
#13860 = AXIS2_PLACEMENT_3D('',#13861,#13862,#13863);
#13861 = CARTESIAN_POINT('',(0.504272171486,-99.89283467242,
    87.912157605492));
#13862 = DIRECTION('',(5.E-16,6.06E-15,-1.));
#13863 = DIRECTION('',(-1.,1.592E-13,-4.99999999999E-16));
#13864 = ADVANCED_FACE('',(#13865),#13922,.T.);
#13865 = FACE_BOUND('',#13866,.T.);
#13866 = EDGE_LOOP('',(#13867,#13868,#13869,#13876,#13877,#13878,#13879,
    #13880,#13881,#13882,#13883,#13884,#13885,#13886,#13887,#13888,
    #13896,#13904,#13912,#13919,#13920,#13921));
#13867 = ORIENTED_EDGE('',*,*,#5348,.T.);
#13868 = ORIENTED_EDGE('',*,*,#5592,.T.);
#13869 = ORIENTED_EDGE('',*,*,#13870,.T.);
#13870 = EDGE_CURVE('',#5585,#12715,#13871,.T.);
#13871 = CIRCLE('',#13872,3.599005393633);
#13872 = AXIS2_PLACEMENT_3D('',#13873,#13874,#13875);
#13873 = CARTESIAN_POINT('',(2.626651830622,-132.6109645862,
    90.217155680753));
#13874 = DIRECTION('',(1.67E-15,1.,-7.4E-16));
#13875 = DIRECTION('',(0.999717923227,-1.651953752979E-15,
    2.375024163602E-02));
#13876 = ORIENTED_EDGE('',*,*,#12714,.T.);
#13877 = ORIENTED_EDGE('',*,*,#12753,.T.);
#13878 = ORIENTED_EDGE('',*,*,#12777,.T.);
#13879 = ORIENTED_EDGE('',*,*,#13728,.F.);
#13880 = ORIENTED_EDGE('',*,*,#12672,.F.);
#13881 = ORIENTED_EDGE('',*,*,#12647,.F.);
#13882 = ORIENTED_EDGE('',*,*,#12621,.F.);
#13883 = ORIENTED_EDGE('',*,*,#12598,.T.);
#13884 = ORIENTED_EDGE('',*,*,#12566,.T.);
#13885 = ORIENTED_EDGE('',*,*,#12550,.F.);
#13886 = ORIENTED_EDGE('',*,*,#12517,.F.);
#13887 = ORIENTED_EDGE('',*,*,#13758,.F.);
#13888 = ORIENTED_EDGE('',*,*,#13889,.T.);
#13889 = EDGE_CURVE('',#13759,#13890,#13892,.T.);
#13890 = VERTEX_POINT('',#13891);
#13891 = CARTESIAN_POINT('',(-8.455495074351,-132.6109645862,
    88.912156647297));
#13892 = LINE('',#13893,#13894);
#13893 = CARTESIAN_POINT('',(-8.455495074351,-132.6109645862,
    92.590848818771));
#13894 = VECTOR('',#13895,1.);
#13895 = DIRECTION('',(-2.44E-15,7.4E-16,1.));
#13896 = ORIENTED_EDGE('',*,*,#13897,.T.);
#13897 = EDGE_CURVE('',#13890,#13898,#13900,.T.);
#13898 = VERTEX_POINT('',#13899);
#13899 = CARTESIAN_POINT('',(-8.036941085775,-132.6109645862,
    90.312156647297));
#13900 = LINE('',#13901,#13902);
#13901 = CARTESIAN_POINT('',(-6.651715608601,-132.6109645862,
    94.945527062999));
#13902 = VECTOR('',#13903,1.);
#13903 = DIRECTION('',(0.28643987905,2.3E-16,0.958098218185));
#13904 = ORIENTED_EDGE('',*,*,#13905,.T.);
#13905 = EDGE_CURVE('',#13898,#13906,#13908,.T.);
#13906 = VERTEX_POINT('',#13907);
#13907 = CARTESIAN_POINT('',(-6.224831488448,-132.6109645862,
    90.312156647297));
#13908 = LINE('',#13909,#13910);
#13909 = CARTESIAN_POINT('',(-4.018055588756,-132.6109645862,
    90.312156647297));
#13910 = VECTOR('',#13911,1.);
#13911 = DIRECTION('',(1.,-1.67E-15,1.8E-16));
#13912 = ORIENTED_EDGE('',*,*,#13913,.T.);
#13913 = EDGE_CURVE('',#13906,#5604,#13914,.T.);
#13914 = CIRCLE('',#13915,3.599005393633);
#13915 = AXIS2_PLACEMENT_3D('',#13916,#13917,#13918);
#13916 = CARTESIAN_POINT('',(-2.627080157442,-132.6109645862,
    90.217155680753));
#13917 = DIRECTION('',(1.67E-15,1.,-7.4E-16));
#13918 = DIRECTION('',(-0.999717923227,1.687104110601E-15,
    2.375024163602E-02));
#13919 = ORIENTED_EDGE('',*,*,#5603,.T.);
#13920 = ORIENTED_EDGE('',*,*,#5324,.T.);
#13921 = ORIENTED_EDGE('',*,*,#5411,.T.);
#13922 = PLANE('',#13923);
#13923 = AXIS2_PLACEMENT_3D('',#13924,#13925,#13926);
#13924 = CARTESIAN_POINT('',(-4.81816618544E-06,-132.6109645862,
    95.699167949936));
#13925 = DIRECTION('',(1.67E-15,1.,-7.4E-16));
#13926 = DIRECTION('',(-1.,1.67E-15,1.97E-15));
#13927 = ADVANCED_FACE('',(#13928),#13940,.T.);
#13928 = FACE_BOUND('',#13929,.T.);
#13929 = EDGE_LOOP('',(#13930,#13931,#13932,#13933));
#13930 = ORIENTED_EDGE('',*,*,#12722,.T.);
#13931 = ORIENTED_EDGE('',*,*,#13870,.F.);
#13932 = ORIENTED_EDGE('',*,*,#5584,.T.);
#13933 = ORIENTED_EDGE('',*,*,#13934,.T.);
#13934 = EDGE_CURVE('',#5577,#12697,#13935,.T.);
#13935 = CIRCLE('',#13936,3.599005393633);
#13936 = AXIS2_PLACEMENT_3D('',#13937,#13938,#13939);
#13937 = CARTESIAN_POINT('',(2.626651830622,-136.3738375826,
    90.217155680753));
#13938 = DIRECTION('',(1.67E-15,1.,-7.4E-16));
#13939 = DIRECTION('',(0.999717923227,-1.651953752979E-15,
    2.375024163602E-02));
#13940 = CYLINDRICAL_SURFACE('',#13941,3.599005393633);
#13941 = AXIS2_PLACEMENT_3D('',#13942,#13943,#13944);
#13942 = CARTESIAN_POINT('',(2.626651830622,-132.8602563986,
    90.217155680753));
#13943 = DIRECTION('',(-1.51E-15,-1.,7.4E-16));
#13944 = DIRECTION('',(0.999717923227,-1.491998885263E-15,
    2.375024163602E-02));
#13945 = ADVANCED_FACE('',(#13946,#13963),#13971,.F.);
#13946 = FACE_BOUND('',#13947,.T.);
#13947 = EDGE_LOOP('',(#13948,#13949,#13950,#13951,#13952,#13953,#13954,
    #13955,#13956,#13957,#13958,#13959,#13960,#13961,#13962));
#13948 = ORIENTED_EDGE('',*,*,#5132,.T.);
#13949 = ORIENTED_EDGE('',*,*,#5186,.T.);
#13950 = ORIENTED_EDGE('',*,*,#12928,.F.);
#13951 = ORIENTED_EDGE('',*,*,#12961,.T.);
#13952 = ORIENTED_EDGE('',*,*,#12906,.T.);
#13953 = ORIENTED_EDGE('',*,*,#12889,.T.);
#13954 = ORIENTED_EDGE('',*,*,#12856,.T.);
#13955 = ORIENTED_EDGE('',*,*,#12807,.F.);
#13956 = ORIENTED_EDGE('',*,*,#12784,.T.);
#13957 = ORIENTED_EDGE('',*,*,#12737,.F.);
#13958 = ORIENTED_EDGE('',*,*,#12696,.F.);
#13959 = ORIENTED_EDGE('',*,*,#13934,.F.);
#13960 = ORIENTED_EDGE('',*,*,#5576,.T.);
#13961 = ORIENTED_EDGE('',*,*,#5115,.T.);
#13962 = ORIENTED_EDGE('',*,*,#5146,.T.);
#13963 = FACE_BOUND('',#13964,.T.);
#13964 = EDGE_LOOP('',(#13965,#13966,#13967,#13968,#13969,#13970));
#13965 = ORIENTED_EDGE('',*,*,#2694,.T.);
#13966 = ORIENTED_EDGE('',*,*,#2926,.T.);
#13967 = ORIENTED_EDGE('',*,*,#2725,.T.);
#13968 = ORIENTED_EDGE('',*,*,#2645,.T.);
#13969 = ORIENTED_EDGE('',*,*,#2605,.T.);
#13970 = ORIENTED_EDGE('',*,*,#2754,.T.);
#13971 = PLANE('',#13972);
#13972 = AXIS2_PLACEMENT_3D('',#13973,#13974,#13975);
#13973 = CARTESIAN_POINT('',(3.999999903926,-136.3738375826,
    90.312156647297));
#13974 = DIRECTION('',(-1.67E-15,-1.,7.4E-16));
#13975 = DIRECTION('',(1.,-1.67E-15,-3.1E-16));
#13976 = ADVANCED_FACE('',(#13977),#13989,.T.);
#13977 = FACE_BOUND('',#13978,.T.);
#13978 = EDGE_LOOP('',(#13979,#13985,#13986,#13987,#13988));
#13979 = ORIENTED_EDGE('',*,*,#13980,.F.);
#13980 = EDGE_CURVE('',#12969,#5767,#13981,.T.);
#13981 = LINE('',#13982,#13983);
#13982 = CARTESIAN_POINT('',(12.646958171113,-141.5357472678,
    96.117156132774));
#13983 = VECTOR('',#13984,1.);
#13984 = DIRECTION('',(-1.42E-15,-3.01E-15,-1.));
#13985 = ORIENTED_EDGE('',*,*,#12968,.F.);
#13986 = ORIENTED_EDGE('',*,*,#12937,.T.);
#13987 = ORIENTED_EDGE('',*,*,#5170,.T.);
#13988 = ORIENTED_EDGE('',*,*,#5774,.T.);
#13989 = PLANE('',#13990);
#13990 = AXIS2_PLACEMENT_3D('',#13991,#13992,#13993);
#13991 = CARTESIAN_POINT('',(14.139571769208,-141.1625938683,
    96.117156132774));
#13992 = DIRECTION('',(-0.242535625036,0.970142500145,-2.58E-15));
#13993 = DIRECTION('',(-0.970142500145,-0.242535625036,-1.08E-15));
#13994 = ADVANCED_FACE('',(#13995),#14006,.T.);
#13995 = FACE_BOUND('',#13996,.T.);
#13996 = EDGE_LOOP('',(#13997,#13998,#13999,#14000));
#13997 = ORIENTED_EDGE('',*,*,#12976,.F.);
#13998 = ORIENTED_EDGE('',*,*,#13980,.T.);
#13999 = ORIENTED_EDGE('',*,*,#5766,.F.);
#14000 = ORIENTED_EDGE('',*,*,#14001,.T.);
#14001 = EDGE_CURVE('',#5758,#12977,#14002,.T.);
#14002 = LINE('',#14003,#14004);
#14003 = CARTESIAN_POINT('',(12.180112644741,-142.1566827929,
    96.117156132774));
#14004 = VECTOR('',#14005,1.);
#14005 = DIRECTION('',(1.42E-15,3.01E-15,1.));
#14006 = PLANE('',#14007);
#14007 = AXIS2_PLACEMENT_3D('',#14008,#14009,#14010);
#14008 = CARTESIAN_POINT('',(12.413535407927,-141.8462150304,
    96.117156132774));
#14009 = DIRECTION('',(-0.799292668639,0.600941952156,-6.8E-16));
#14010 = DIRECTION('',(-6.701980994884E-16,2.401489395536E-16,1.));
#14011 = ADVANCED_FACE('',(#14012),#14023,.F.);
#14012 = FACE_BOUND('',#14013,.F.);
#14013 = EDGE_LOOP('',(#14014,#14015,#14021,#14022));
#14014 = ORIENTED_EDGE('',*,*,#12984,.F.);
#14015 = ORIENTED_EDGE('',*,*,#14016,.F.);
#14016 = EDGE_CURVE('',#5750,#12985,#14017,.T.);
#14017 = LINE('',#14018,#14019);
#14018 = CARTESIAN_POINT('',(11.203397189329,-142.9421428988,
    96.117156132774));
#14019 = VECTOR('',#14020,1.);
#14020 = DIRECTION('',(1.42E-15,3.01E-15,1.));
#14021 = ORIENTED_EDGE('',*,*,#5757,.T.);
#14022 = ORIENTED_EDGE('',*,*,#14001,.T.);
#14023 = CYLINDRICAL_SURFACE('',#14024,1.);
#14024 = AXIS2_PLACEMENT_3D('',#14025,#14026,#14027);
#14025 = CARTESIAN_POINT('',(11.20339741816,-141.9421428988,
    96.117156132774));
#14026 = DIRECTION('',(1.42E-15,3.01E-15,1.));
#14027 = DIRECTION('',(0.612121756894,-0.790763526433,1.510985319772E-15
    ));
#14028 = ADVANCED_FACE('',(#14029),#14042,.T.);
#14029 = FACE_BOUND('',#14030,.T.);
#14030 = EDGE_LOOP('',(#14031,#14037,#14038,#14039,#14040,#14041));
#14031 = ORIENTED_EDGE('',*,*,#14032,.F.);
#14032 = EDGE_CURVE('',#13044,#5742,#14033,.T.);
#14033 = LINE('',#14034,#14035);
#14034 = CARTESIAN_POINT('',(7.811999903926,-142.9421421228,
    99.994240742976));
#14035 = VECTOR('',#14036,1.);
#14036 = DIRECTION('',(-3.1E-16,-4.1E-16,-1.));
#14037 = ORIENTED_EDGE('',*,*,#13043,.F.);
#14038 = ORIENTED_EDGE('',*,*,#13019,.F.);
#14039 = ORIENTED_EDGE('',*,*,#12993,.F.);
#14040 = ORIENTED_EDGE('',*,*,#14016,.F.);
#14041 = ORIENTED_EDGE('',*,*,#5749,.T.);
#14042 = PLANE('',#14043);
#14043 = AXIS2_PLACEMENT_3D('',#14044,#14045,#14046);
#14044 = CARTESIAN_POINT('',(-6.37933194495E-06,-142.9421403351,
    95.700324838654));
#14045 = DIRECTION('',(2.2883100655E-07,1.,-4.1E-16));
#14046 = DIRECTION('',(-1.,2.2883100655E-07,3.1E-16));
#14047 = ADVANCED_FACE('',(#14048),#14059,.T.);
#14048 = FACE_BOUND('',#14049,.T.);
#14049 = EDGE_LOOP('',(#14050,#14056,#14057,#14058));
#14050 = ORIENTED_EDGE('',*,*,#14051,.T.);
#14051 = EDGE_CURVE('',#5734,#13052,#14052,.T.);
#14052 = LINE('',#14053,#14054);
#14053 = CARTESIAN_POINT('',(6.811999903926,-143.9421418939,
    99.994240742976));
#14054 = VECTOR('',#14055,1.);
#14055 = DIRECTION('',(3.1E-16,4.1E-16,1.));
#14056 = ORIENTED_EDGE('',*,*,#13051,.F.);
#14057 = ORIENTED_EDGE('',*,*,#14032,.T.);
#14058 = ORIENTED_EDGE('',*,*,#5741,.T.);
#14059 = PLANE('',#14060);
#14060 = AXIS2_PLACEMENT_3D('',#14061,#14062,#14063);
#14061 = CARTESIAN_POINT('',(7.311999903926,-143.4421420083,
    99.994240742976));
#14062 = DIRECTION('',(-0.707106700283,0.707106862091,-7.E-17));
#14063 = DIRECTION('',(-0.707106862091,-0.707106700283,7.4E-16));
#14064 = ADVANCED_FACE('',(#14065),#14078,.T.);
#14065 = FACE_BOUND('',#14066,.T.);
#14066 = EDGE_LOOP('',(#14067,#14068,#14069,#14070,#14071,#14072));
#14067 = ORIENTED_EDGE('',*,*,#13084,.F.);
#14068 = ORIENTED_EDGE('',*,*,#13212,.T.);
#14069 = ORIENTED_EDGE('',*,*,#13059,.T.);
#14070 = ORIENTED_EDGE('',*,*,#14051,.F.);
#14071 = ORIENTED_EDGE('',*,*,#5733,.T.);
#14072 = ORIENTED_EDGE('',*,*,#14073,.T.);
#14073 = EDGE_CURVE('',#5726,#13087,#14074,.T.);
#14074 = LINE('',#14075,#14076);
#14075 = CARTESIAN_POINT('',(6.811999903926,-150.013142062,
    93.100156647297));
#14076 = VECTOR('',#14077,1.);
#14077 = DIRECTION('',(3.1E-16,7.4E-16,1.));
#14078 = PLANE('',#14079);
#14079 = AXIS2_PLACEMENT_3D('',#14080,#14081,#14082);
#14080 = CARTESIAN_POINT('',(6.811999903926,-150.013142062,
    104.28815664729));
#14081 = DIRECTION('',(-1.,1.47E-15,3.1E-16));
#14082 = DIRECTION('',(1.47E-15,1.,-7.4E-16));
#14083 = ADVANCED_FACE('',(#14084),#14096,.T.);
#14084 = FACE_BOUND('',#14085,.T.);
#14085 = EDGE_LOOP('',(#14086,#14087,#14088,#14094,#14095));
#14086 = ORIENTED_EDGE('',*,*,#14073,.F.);
#14087 = ORIENTED_EDGE('',*,*,#5725,.T.);
#14088 = ORIENTED_EDGE('',*,*,#14089,.T.);
#14089 = EDGE_CURVE('',#5718,#13144,#14090,.T.);
#14090 = LINE('',#14091,#14092);
#14091 = CARTESIAN_POINT('',(1.153219796418,-150.013142062,
    81.912156647297));
#14092 = VECTOR('',#14093,1.);
#14093 = DIRECTION('',(3.1E-16,7.4E-16,1.));
#14094 = ORIENTED_EDGE('',*,*,#13143,.F.);
#14095 = ORIENTED_EDGE('',*,*,#13111,.F.);
#14096 = PLANE('',#14097);
#14097 = AXIS2_PLACEMENT_3D('',#14098,#14099,#14100);
#14098 = CARTESIAN_POINT('',(-1.083219988566,-150.013142062,
    81.912156647297));
#14099 = DIRECTION('',(1.67E-15,1.,-7.4E-16));
#14100 = DIRECTION('',(-1.,1.67E-15,3.1E-16));
#14101 = ADVANCED_FACE('',(#14102),#14113,.T.);
#14102 = FACE_BOUND('',#14103,.T.);
#14103 = EDGE_LOOP('',(#14104,#14105,#14111,#14112));
#14104 = ORIENTED_EDGE('',*,*,#5717,.T.);
#14105 = ORIENTED_EDGE('',*,*,#14106,.F.);
#14106 = EDGE_CURVE('',#13152,#5710,#14107,.T.);
#14107 = LINE('',#14108,#14109);
#14108 = CARTESIAN_POINT('',(1.153219796418,-148.213142062,
    81.912156647297));
#14109 = VECTOR('',#14110,1.);
#14110 = DIRECTION('',(-3.1E-16,-7.4E-16,-1.));
#14111 = ORIENTED_EDGE('',*,*,#13151,.F.);
#14112 = ORIENTED_EDGE('',*,*,#14089,.F.);
#14113 = PLANE('',#14114);
#14114 = AXIS2_PLACEMENT_3D('',#14115,#14116,#14117);
#14115 = CARTESIAN_POINT('',(1.153219796418,-148.013142062,
    81.912156647297));
#14116 = DIRECTION('',(1.,-1.67E-15,-3.1E-16));
#14117 = DIRECTION('',(1.67E-15,1.,-7.4E-16));
#14118 = ADVANCED_FACE('',(#14119),#14130,.T.);
#14119 = FACE_BOUND('',#14120,.T.);
#14120 = EDGE_LOOP('',(#14121,#14122,#14123,#14124));
#14121 = ORIENTED_EDGE('',*,*,#13159,.F.);
#14122 = ORIENTED_EDGE('',*,*,#14106,.T.);
#14123 = ORIENTED_EDGE('',*,*,#5709,.F.);
#14124 = ORIENTED_EDGE('',*,*,#14125,.F.);
#14125 = EDGE_CURVE('',#13160,#5702,#14126,.T.);
#14126 = LINE('',#14127,#14128);
#14127 = CARTESIAN_POINT('',(-1.153648123244,-148.213142062,
    81.912156647297));
#14128 = VECTOR('',#14129,1.);
#14129 = DIRECTION('',(2.44E-15,-7.4E-16,-1.));
#14130 = PLANE('',#14131);
#14131 = AXIS2_PLACEMENT_3D('',#14132,#14133,#14134);
#14132 = CARTESIAN_POINT('',(3.491875675286E-02,-148.213142062,
    81.912156647297));
#14133 = DIRECTION('',(2.55E-14,1.,-7.4E-16));
#14134 = DIRECTION('',(-1.,2.55E-14,3.1E-16));
#14135 = ADVANCED_FACE('',(#14136),#14147,.F.);
#14136 = FACE_BOUND('',#14137,.T.);
#14137 = EDGE_LOOP('',(#14138,#14139,#14145,#14146));
#14138 = ORIENTED_EDGE('',*,*,#5701,.F.);
#14139 = ORIENTED_EDGE('',*,*,#14140,.T.);
#14140 = EDGE_CURVE('',#5694,#13168,#14141,.T.);
#14141 = LINE('',#14142,#14143);
#14142 = CARTESIAN_POINT('',(-1.153648123245,-150.013142062,
    81.912156647297));
#14143 = VECTOR('',#14144,1.);
#14144 = DIRECTION('',(-2.44E-15,7.4E-16,1.));
#14145 = ORIENTED_EDGE('',*,*,#13167,.F.);
#14146 = ORIENTED_EDGE('',*,*,#14125,.T.);
#14147 = PLANE('',#14148);
#14148 = AXIS2_PLACEMENT_3D('',#14149,#14150,#14151);
#14149 = CARTESIAN_POINT('',(-1.153648123244,-148.013142062,
    81.912156647297));
#14150 = DIRECTION('',(1.,-3.3315E-13,2.44E-15));
#14151 = DIRECTION('',(3.3315E-13,1.,-7.4E-16));
#14152 = ADVANCED_FACE('',(#14153),#14165,.F.);
#14153 = FACE_BOUND('',#14154,.T.);
#14154 = EDGE_LOOP('',(#14155,#14156,#14157,#14158,#14164));
#14155 = ORIENTED_EDGE('',*,*,#13175,.F.);
#14156 = ORIENTED_EDGE('',*,*,#14140,.F.);
#14157 = ORIENTED_EDGE('',*,*,#5693,.F.);
#14158 = ORIENTED_EDGE('',*,*,#14159,.T.);
#14159 = EDGE_CURVE('',#5686,#13262,#14160,.T.);
#14160 = LINE('',#14161,#14162);
#14161 = CARTESIAN_POINT('',(-6.812428230753,-150.013142062,
    93.100156647297));
#14162 = VECTOR('',#14163,1.);
#14163 = DIRECTION('',(-2.44E-15,7.4E-16,1.));
#14164 = ORIENTED_EDGE('',*,*,#13269,.F.);
#14165 = PLANE('',#14166);
#14166 = AXIS2_PLACEMENT_3D('',#14167,#14168,#14169);
#14167 = CARTESIAN_POINT('',(1.082791661739,-150.013142062,
    81.912156647297));
#14168 = DIRECTION('',(-3.3315E-13,-1.,7.4E-16));
#14169 = DIRECTION('',(1.,-3.3315E-13,2.44E-15));
#14170 = ADVANCED_FACE('',(#14171),#14184,.F.);
#14171 = FACE_BOUND('',#14172,.T.);
#14172 = EDGE_LOOP('',(#14173,#14174,#14175,#14176,#14182,#14183));
#14173 = ORIENTED_EDGE('',*,*,#13261,.F.);
#14174 = ORIENTED_EDGE('',*,*,#14159,.F.);
#14175 = ORIENTED_EDGE('',*,*,#5685,.F.);
#14176 = ORIENTED_EDGE('',*,*,#14177,.T.);
#14177 = EDGE_CURVE('',#5678,#13294,#14178,.T.);
#14178 = LINE('',#14179,#14180);
#14179 = CARTESIAN_POINT('',(-6.812428230751,-143.9421418939,
    99.994240742976));
#14180 = VECTOR('',#14181,1.);
#14181 = DIRECTION('',(-2.44E-15,4.1E-16,1.));
#14182 = ORIENTED_EDGE('',*,*,#13293,.T.);
#14183 = ORIENTED_EDGE('',*,*,#13229,.T.);
#14184 = PLANE('',#14185);
#14185 = AXIS2_PLACEMENT_3D('',#14186,#14187,#14188);
#14186 = CARTESIAN_POINT('',(-6.812428230753,-150.013142062,
    104.28815664729));
#14187 = DIRECTION('',(-1.,3.3335E-13,-2.44E-15));
#14188 = DIRECTION('',(3.3335E-13,1.,-7.4E-16));
#14189 = ADVANCED_FACE('',(#14190),#14201,.F.);
#14190 = FACE_BOUND('',#14191,.T.);
#14191 = EDGE_LOOP('',(#14192,#14193,#14194,#14200));
#14192 = ORIENTED_EDGE('',*,*,#14177,.F.);
#14193 = ORIENTED_EDGE('',*,*,#5677,.F.);
#14194 = ORIENTED_EDGE('',*,*,#14195,.F.);
#14195 = EDGE_CURVE('',#13302,#5670,#14196,.T.);
#14196 = LINE('',#14197,#14198);
#14197 = CARTESIAN_POINT('',(-7.812428230751,-142.9421421228,
    99.994240742976));
#14198 = VECTOR('',#14199,1.);
#14199 = DIRECTION('',(2.44E-15,-4.1E-16,-1.));
#14200 = ORIENTED_EDGE('',*,*,#13301,.F.);
#14201 = PLANE('',#14202);
#14202 = AXIS2_PLACEMENT_3D('',#14203,#14204,#14205);
#14203 = CARTESIAN_POINT('',(-7.312428230751,-143.4421420083,
    99.994240742976));
#14204 = DIRECTION('',(-0.707106700283,-0.70710686209,-1.44E-15));
#14205 = DIRECTION('',(0.70710686209,-0.707106700283,2.25E-15));
#14206 = ADVANCED_FACE('',(#14207),#14233,.F.);
#14207 = FACE_BOUND('',#14208,.T.);
#14208 = EDGE_LOOP('',(#14209,#14217,#14218,#14219,#14227));
#14209 = ORIENTED_EDGE('',*,*,#14210,.T.);
#14210 = EDGE_CURVE('',#14211,#5645,#14213,.T.);
#14211 = VERTEX_POINT('',#14212);
#14212 = CARTESIAN_POINT('',(-12.64738649793,-141.5357472678,
    96.812137688351));
#14213 = LINE('',#14214,#14215);
#14214 = CARTESIAN_POINT('',(-12.64738649793,-141.5357472678,
    96.117156132774));
#14215 = VECTOR('',#14216,1.);
#14216 = DIRECTION('',(3.55E-15,-3.01E-15,-1.));
#14217 = ORIENTED_EDGE('',*,*,#5644,.F.);
#14218 = ORIENTED_EDGE('',*,*,#5862,.F.);
#14219 = ORIENTED_EDGE('',*,*,#14220,.F.);
#14220 = EDGE_CURVE('',#14221,#5855,#14223,.T.);
#14221 = VERTEX_POINT('',#14222);
#14222 = CARTESIAN_POINT('',(-16.79080738254,-140.4998920467,
    96.812137688351));
#14223 = LINE('',#14224,#14225);
#14224 = CARTESIAN_POINT('',(-14.98317473369,-140.9518002089,
    96.014804432897));
#14225 = VECTOR('',#14226,1.);
#14226 = DIRECTION('',(0.891911049082,-0.222977762271,-0.393415299726));
#14227 = ORIENTED_EDGE('',*,*,#14228,.F.);
#14228 = EDGE_CURVE('',#14211,#14221,#14229,.T.);
#14229 = LINE('',#14230,#14231);
#14230 = CARTESIAN_POINT('',(-16.14178419479,-140.6621478436,
    96.812137688351));
#14231 = VECTOR('',#14232,1.);
#14232 = DIRECTION('',(-0.970142500145,0.242535625037,-2.54E-15));
#14233 = PLANE('',#14234);
#14234 = AXIS2_PLACEMENT_3D('',#14235,#14236,#14237);
#14235 = CARTESIAN_POINT('',(-14.14000009603,-141.1625938683,
    96.117156132774));
#14236 = DIRECTION('',(-0.242535625037,-0.970142500145,2.06E-15));
#14237 = DIRECTION('',(0.970142500145,-0.242535625037,9.9E-16));
#14238 = ADVANCED_FACE('',(#14239),#14257,.F.);
#14239 = FACE_BOUND('',#14240,.T.);
#14240 = EDGE_LOOP('',(#14241,#14249,#14255,#14256));
#14241 = ORIENTED_EDGE('',*,*,#14242,.F.);
#14242 = EDGE_CURVE('',#14243,#14211,#14245,.T.);
#14243 = VERTEX_POINT('',#14244);
#14244 = CARTESIAN_POINT('',(-12.18054097156,-142.1566827929,
    96.812137688351));
#14245 = LINE('',#14246,#14247);
#14246 = CARTESIAN_POINT('',(-14.58882858599,-138.9535004767,
    96.812137688351));
#14247 = VECTOR('',#14248,1.);
#14248 = DIRECTION('',(-0.600941952155,0.799292668639,-2.05E-15));
#14249 = ORIENTED_EDGE('',*,*,#14250,.F.);
#14250 = EDGE_CURVE('',#5653,#14243,#14251,.T.);
#14251 = LINE('',#14252,#14253);
#14252 = CARTESIAN_POINT('',(-12.18054097156,-142.1566827929,
    96.117156132774));
#14253 = VECTOR('',#14254,1.);
#14254 = DIRECTION('',(-3.55E-15,3.01E-15,1.));
#14255 = ORIENTED_EDGE('',*,*,#5652,.T.);
#14256 = ORIENTED_EDGE('',*,*,#14210,.F.);
#14257 = PLANE('',#14258);
#14258 = AXIS2_PLACEMENT_3D('',#14259,#14260,#14261);
#14259 = CARTESIAN_POINT('',(-12.41396373475,-141.8462150304,
    96.117156132774));
#14260 = DIRECTION('',(-0.799292668639,-0.600941952155,-1.03E-15));
#14261 = DIRECTION('',(-1.469413195785E-15,2.404411841674E-16,1.));
#14262 = ADVANCED_FACE('',(#14263),#14282,.F.);
#14263 = FACE_BOUND('',#14264,.F.);
#14264 = EDGE_LOOP('',(#14265,#14266,#14274,#14281));
#14265 = ORIENTED_EDGE('',*,*,#5660,.F.);
#14266 = ORIENTED_EDGE('',*,*,#14267,.T.);
#14267 = EDGE_CURVE('',#5661,#14268,#14270,.T.);
#14268 = VERTEX_POINT('',#14269);
#14269 = CARTESIAN_POINT('',(-11.20382551615,-142.9421428988,
    96.812137688351));
#14270 = LINE('',#14271,#14272);
#14271 = CARTESIAN_POINT('',(-11.20382551615,-142.9421428988,
    96.117156132774));
#14272 = VECTOR('',#14273,1.);
#14273 = DIRECTION('',(-3.55E-15,3.01E-15,1.));
#14274 = ORIENTED_EDGE('',*,*,#14275,.F.);
#14275 = EDGE_CURVE('',#14243,#14268,#14276,.T.);
#14276 = CIRCLE('',#14277,1.);
#14277 = AXIS2_PLACEMENT_3D('',#14278,#14279,#14280);
#14278 = CARTESIAN_POINT('',(-11.20382574498,-141.9421428988,
    96.812137688351));
#14279 = DIRECTION('',(-2.44E-15,7.4E-16,1.));
#14280 = DIRECTION('',(-0.612121756895,-0.790763526433,
    -9.084120772631E-16));
#14281 = ORIENTED_EDGE('',*,*,#14250,.F.);
#14282 = CYLINDRICAL_SURFACE('',#14283,1.);
#14283 = AXIS2_PLACEMENT_3D('',#14284,#14285,#14286);
#14284 = CARTESIAN_POINT('',(-11.20382574498,-141.9421428988,
    96.117156132774));
#14285 = DIRECTION('',(3.55E-15,-3.01E-15,-1.));
#14286 = DIRECTION('',(-0.612121756895,-0.790763526433,
    2.071659775857E-16));
#14287 = ADVANCED_FACE('',(#14288),#14308,.F.);
#14288 = FACE_BOUND('',#14289,.T.);
#14289 = EDGE_LOOP('',(#14290,#14291,#14292,#14293,#14301,#14307));
#14290 = ORIENTED_EDGE('',*,*,#14195,.T.);
#14291 = ORIENTED_EDGE('',*,*,#5669,.F.);
#14292 = ORIENTED_EDGE('',*,*,#14267,.T.);
#14293 = ORIENTED_EDGE('',*,*,#14294,.F.);
#14294 = EDGE_CURVE('',#14295,#14268,#14297,.T.);
#14295 = VERTEX_POINT('',#14296);
#14296 = CARTESIAN_POINT('',(-11.14000009602,-142.9421428842,
    96.812137688351));
#14297 = LINE('',#14298,#14299);
#14298 = CARTESIAN_POINT('',(-8.600424339356,-142.9421423031,
    96.812137688351));
#14299 = VECTOR('',#14300,1.);
#14300 = DIRECTION('',(-1.,-2.2883067174E-07,-2.44E-15));
#14301 = ORIENTED_EDGE('',*,*,#14302,.T.);
#14302 = EDGE_CURVE('',#14295,#13310,#14303,.T.);
#14303 = LINE('',#14304,#14305);
#14304 = CARTESIAN_POINT('',(-11.14000009602,-142.9421428842,
    99.994240742976));
#14305 = VECTOR('',#14306,1.);
#14306 = DIRECTION('',(-2.44E-15,4.1E-16,1.));
#14307 = ORIENTED_EDGE('',*,*,#13309,.F.);
#14308 = PLANE('',#14309);
#14309 = AXIS2_PLACEMENT_3D('',#14310,#14311,#14312);
#14310 = CARTESIAN_POINT('',(-4.219474922677E-04,-142.9421403351,
    95.700324838654));
#14311 = DIRECTION('',(2.2883067174E-07,-1.,4.1E-16));
#14312 = DIRECTION('',(1.,2.2883067174E-07,2.44E-15));
#14313 = ADVANCED_FACE('',(#14314),#14333,.F.);
#14314 = FACE_BOUND('',#14315,.T.);
#14315 = EDGE_LOOP('',(#14316,#14317,#14318,#14319,#14327));
#14316 = ORIENTED_EDGE('',*,*,#13337,.F.);
#14317 = ORIENTED_EDGE('',*,*,#13317,.F.);
#14318 = ORIENTED_EDGE('',*,*,#14302,.F.);
#14319 = ORIENTED_EDGE('',*,*,#14320,.T.);
#14320 = EDGE_CURVE('',#14295,#14321,#14323,.T.);
#14321 = VERTEX_POINT('',#14322);
#14322 = CARTESIAN_POINT('',(-12.14000009603,-143.942143113,
    96.812137688351));
#14323 = LINE('',#14324,#14325);
#14324 = CARTESIAN_POINT('',(-11.26685645387,-143.0689992711,
    96.812137688351));
#14325 = VECTOR('',#14326,1.);
#14326 = DIRECTION('',(-0.707106700283,-0.70710686209,-1.2E-15));
#14327 = ORIENTED_EDGE('',*,*,#14328,.F.);
#14328 = EDGE_CURVE('',#13338,#14321,#14329,.T.);
#14329 = LINE('',#14330,#14331);
#14330 = CARTESIAN_POINT('',(-12.14000009603,-143.942143113,
    99.994240742976));
#14331 = VECTOR('',#14332,1.);
#14332 = DIRECTION('',(2.44E-15,-4.1E-16,-1.));
#14333 = PLANE('',#14334);
#14334 = AXIS2_PLACEMENT_3D('',#14335,#14336,#14337);
#14335 = CARTESIAN_POINT('',(-11.64000009602,-143.4421429986,
    99.994240742976));
#14336 = DIRECTION('',(0.70710686209,-0.707106700283,2.01E-15));
#14337 = DIRECTION('',(0.707106700283,0.70710686209,1.2E-15));
#14338 = ADVANCED_FACE('',(#14339),#14357,.F.);
#14339 = FACE_BOUND('',#14340,.T.);
#14340 = EDGE_LOOP('',(#14341,#14342,#14343,#14351));
#14341 = ORIENTED_EDGE('',*,*,#13345,.F.);
#14342 = ORIENTED_EDGE('',*,*,#14328,.T.);
#14343 = ORIENTED_EDGE('',*,*,#14344,.T.);
#14344 = EDGE_CURVE('',#14321,#14345,#14347,.T.);
#14345 = VERTEX_POINT('',#14346);
#14346 = CARTESIAN_POINT('',(-12.14000009603,-150.013142062,
    96.812137688351));
#14347 = LINE('',#14348,#14349);
#14348 = CARTESIAN_POINT('',(-12.14000009602,-140.3386409402,
    96.812137688351));
#14349 = VECTOR('',#14350,1.);
#14350 = DIRECTION('',(-3.3353E-13,-1.,7.4E-16));
#14351 = ORIENTED_EDGE('',*,*,#14352,.T.);
#14352 = EDGE_CURVE('',#14345,#13346,#14353,.T.);
#14353 = LINE('',#14354,#14355);
#14354 = CARTESIAN_POINT('',(-12.14000009603,-150.013142062,
    93.100156647297));
#14355 = VECTOR('',#14356,1.);
#14356 = DIRECTION('',(-2.44E-15,7.4E-16,1.));
#14357 = PLANE('',#14358);
#14358 = AXIS2_PLACEMENT_3D('',#14359,#14360,#14361);
#14359 = CARTESIAN_POINT('',(-12.14000009603,-144.2881403128,
    104.28815664729));
#14360 = DIRECTION('',(1.,-3.3353E-13,2.44E-15));
#14361 = DIRECTION('',(-3.3353E-13,-1.,7.4E-16));
#14362 = ADVANCED_FACE('',(#14363),#14385,.T.);
#14363 = FACE_BOUND('',#14364,.T.);
#14364 = EDGE_LOOP('',(#14365,#14366,#14367,#14368,#14369,#14370,#14371,
    #14379));
#14365 = ORIENTED_EDGE('',*,*,#13624,.F.);
#14366 = ORIENTED_EDGE('',*,*,#13457,.T.);
#14367 = ORIENTED_EDGE('',*,*,#13425,.F.);
#14368 = ORIENTED_EDGE('',*,*,#13385,.T.);
#14369 = ORIENTED_EDGE('',*,*,#13353,.F.);
#14370 = ORIENTED_EDGE('',*,*,#14352,.F.);
#14371 = ORIENTED_EDGE('',*,*,#14372,.T.);
#14372 = EDGE_CURVE('',#14345,#14373,#14375,.T.);
#14373 = VERTEX_POINT('',#14374);
#14374 = CARTESIAN_POINT('',(-20.01706399624,-150.013142062,
    96.812137688351));
#14375 = LINE('',#14376,#14377);
#14376 = CARTESIAN_POINT('',(-9.141824109657,-150.013142062,
    96.812137688351));
#14377 = VECTOR('',#14378,1.);
#14378 = DIRECTION('',(-1.,1.67E-15,-2.44E-15));
#14379 = ORIENTED_EDGE('',*,*,#14380,.F.);
#14380 = EDGE_CURVE('',#13625,#14373,#14381,.T.);
#14381 = LINE('',#14382,#14383);
#14382 = CARTESIAN_POINT('',(-16.09825091887,-150.013142062,
    99.086313229447));
#14383 = VECTOR('',#14384,1.);
#14384 = DIRECTION('',(0.864910093119,-1.07E-15,0.501926818193));
#14385 = PLANE('',#14386);
#14386 = AXIS2_PLACEMENT_3D('',#14387,#14388,#14389);
#14387 = CARTESIAN_POINT('',(-1.083219988566,-150.013142062,
    81.912156647297));
#14388 = DIRECTION('',(1.67E-15,1.,-7.4E-16));
#14389 = DIRECTION('',(-1.,1.67E-15,3.1E-16));
#14390 = ADVANCED_FACE('',(#14391),#14408,.F.);
#14391 = FACE_BOUND('',#14392,.T.);
#14392 = EDGE_LOOP('',(#14393,#14394,#14400,#14401,#14407));
#14393 = ORIENTED_EDGE('',*,*,#14380,.T.);
#14394 = ORIENTED_EDGE('',*,*,#14395,.F.);
#14395 = EDGE_CURVE('',#5937,#14373,#14396,.T.);
#14396 = LINE('',#14397,#14398);
#14397 = CARTESIAN_POINT('',(-20.01706399623,-130.7641415677,
    96.812137688351));
#14398 = VECTOR('',#14399,1.);
#14399 = DIRECTION('',(-3.4397E-13,-1.,7.4E-16));
#14400 = ORIENTED_EDGE('',*,*,#5936,.F.);
#14401 = ORIENTED_EDGE('',*,*,#14402,.F.);
#14402 = EDGE_CURVE('',#13592,#5929,#14403,.T.);
#14403 = LINE('',#14404,#14405);
#14404 = CARTESIAN_POINT('',(-21.29217688131,-119.5141415677,
    96.072160945869));
#14405 = VECTOR('',#14406,1.);
#14406 = DIRECTION('',(3.4397E-13,1.,-7.4E-16));
#14407 = ORIENTED_EDGE('',*,*,#13632,.T.);
#14408 = PLANE('',#14409);
#14409 = AXIS2_PLACEMENT_3D('',#14410,#14411,#14412);
#14410 = CARTESIAN_POINT('',(-19.87486529949,-125.1391415677,
    96.894658796583));
#14411 = DIRECTION('',(0.501926818193,-1.7328E-13,-0.864910093119));
#14412 = DIRECTION('',(3.439704256229E-13,1.,-7.307334248137E-16));
#14413 = ADVANCED_FACE('',(#14414),#14425,.T.);
#14414 = FACE_BOUND('',#14415,.T.);
#14415 = EDGE_LOOP('',(#14416,#14417,#14418,#14424));
#14416 = ORIENTED_EDGE('',*,*,#14402,.T.);
#14417 = ORIENTED_EDGE('',*,*,#5928,.T.);
#14418 = ORIENTED_EDGE('',*,*,#14419,.F.);
#14419 = EDGE_CURVE('',#13590,#5921,#14420,.T.);
#14420 = LINE('',#14421,#14422);
#14421 = CARTESIAN_POINT('',(-20.06783776653,-126.5845749042,
    98.214754396745));
#14422 = VECTOR('',#14423,1.);
#14423 = DIRECTION('',(0.209489866791,0.906483925715,0.366607266883));
#14424 = ORIENTED_EDGE('',*,*,#13589,.T.);
#14425 = PLANE('',#14426);
#14426 = AXIS2_PLACEMENT_3D('',#14427,#14428,#14429);
#14427 = CARTESIAN_POINT('',(-21.06867137286,-113.8891415677,
    96.463295585654));
#14428 = DIRECTION('',(-0.868243142124,2.9902E-13,0.496138938357));
#14429 = DIRECTION('',(-3.439728335888E-13,-1.,7.416191936142E-16));
#14430 = ADVANCED_FACE('',(#14431),#14450,.T.);
#14431 = FACE_BOUND('',#14432,.T.);
#14432 = EDGE_LOOP('',(#14433,#14434,#14435,#14436,#14437,#14438,#14444,
    #14445,#14446,#14447,#14448,#14449));
#14433 = ORIENTED_EDGE('',*,*,#13692,.F.);
#14434 = ORIENTED_EDGE('',*,*,#13668,.T.);
#14435 = ORIENTED_EDGE('',*,*,#13600,.T.);
#14436 = ORIENTED_EDGE('',*,*,#14419,.T.);
#14437 = ORIENTED_EDGE('',*,*,#5920,.T.);
#14438 = ORIENTED_EDGE('',*,*,#14439,.T.);
#14439 = EDGE_CURVE('',#5913,#13775,#14440,.T.);
#14440 = LINE('',#14441,#14442);
#14441 = CARTESIAN_POINT('',(-21.39333865999,-132.3201518648,
    84.258470929511));
#14442 = VECTOR('',#14443,1.);
#14443 = DIRECTION('',(0.161274347987,0.697850479931,-0.697850479932));
#14444 = ORIENTED_EDGE('',*,*,#13782,.T.);
#14445 = ORIENTED_EDGE('',*,*,#13565,.T.);
#14446 = ORIENTED_EDGE('',*,*,#13548,.F.);
#14447 = ORIENTED_EDGE('',*,*,#13514,.T.);
#14448 = ORIENTED_EDGE('',*,*,#13488,.T.);
#14449 = ORIENTED_EDGE('',*,*,#13790,.T.);
#14450 = PLANE('',#14451);
#14451 = AXIS2_PLACEMENT_3D('',#14452,#14453,#14454);
#14452 = CARTESIAN_POINT('',(-21.20042823074,-131.4854088489,
    81.912156647297));
#14453 = DIRECTION('',(-0.974320199218,0.225166936727,-2.54E-15));
#14454 = DIRECTION('',(-0.225166936727,-0.974320199218,1.7E-16));
#14455 = ADVANCED_FACE('',(#14456),#14467,.F.);
#14456 = FACE_BOUND('',#14457,.T.);
#14457 = EDGE_LOOP('',(#14458,#14464,#14465,#14466));
#14458 = ORIENTED_EDGE('',*,*,#14459,.T.);
#14459 = EDGE_CURVE('',#5905,#13767,#14460,.T.);
#14460 = LINE('',#14461,#14462);
#14461 = CARTESIAN_POINT('',(-8.455495074352,-135.531616051,
    87.469935115637));
#14462 = VECTOR('',#14463,1.);
#14463 = DIRECTION('',(2.5125E-13,0.707106781187,-0.707106781187));
#14464 = ORIENTED_EDGE('',*,*,#13774,.F.);
#14465 = ORIENTED_EDGE('',*,*,#14439,.F.);
#14466 = ORIENTED_EDGE('',*,*,#5912,.F.);
#14467 = PLANE('',#14468);
#14468 = AXIS2_PLACEMENT_3D('',#14469,#14470,#14471);
#14469 = CARTESIAN_POINT('',(-2.000428203718,-136.1738375826,
    88.112156647297));
#14470 = DIRECTION('',(-2.3384E-13,-0.707106781187,-0.707106781187));
#14471 = DIRECTION('',(-1.,3.348048497127E-13,-4.105150287338E-15));
#14472 = ADVANCED_FACE('',(#14473),#14485,.T.);
#14473 = FACE_BOUND('',#14474,.T.);
#14474 = EDGE_LOOP('',(#14475,#14481,#14482,#14483,#14484));
#14475 = ORIENTED_EDGE('',*,*,#14476,.T.);
#14476 = EDGE_CURVE('',#5897,#13890,#14477,.T.);
#14477 = LINE('',#14478,#14479);
#14478 = CARTESIAN_POINT('',(-8.455495074349,-127.0306991067,
    88.912156647297));
#14479 = VECTOR('',#14480,1.);
#14480 = DIRECTION('',(3.3315E-13,1.,-7.4E-16));
#14481 = ORIENTED_EDGE('',*,*,#13889,.F.);
#14482 = ORIENTED_EDGE('',*,*,#13766,.T.);
#14483 = ORIENTED_EDGE('',*,*,#14459,.F.);
#14484 = ORIENTED_EDGE('',*,*,#5904,.T.);
#14485 = PLANE('',#14486);
#14486 = AXIS2_PLACEMENT_3D('',#14487,#14488,#14489);
#14487 = CARTESIAN_POINT('',(-8.455495074351,-132.804951456,
    88.912156647297));
#14488 = DIRECTION('',(-1.,3.5289E-13,-2.44E-15));
#14489 = DIRECTION('',(-3.5289E-13,-1.,7.4E-16));
#14490 = ADVANCED_FACE('',(#14491),#14502,.T.);
#14491 = FACE_BOUND('',#14492,.T.);
#14492 = EDGE_LOOP('',(#14493,#14494,#14495,#14501));
#14493 = ORIENTED_EDGE('',*,*,#14476,.F.);
#14494 = ORIENTED_EDGE('',*,*,#5896,.F.);
#14495 = ORIENTED_EDGE('',*,*,#14496,.F.);
#14496 = EDGE_CURVE('',#13898,#5889,#14497,.T.);
#14497 = LINE('',#14498,#14499);
#14498 = CARTESIAN_POINT('',(-8.036941085775,-132.8602563986,
    90.312156647297));
#14499 = VECTOR('',#14500,1.);
#14500 = DIRECTION('',(-3.3315E-13,-1.,7.4E-16));
#14501 = ORIENTED_EDGE('',*,*,#13897,.F.);
#14502 = PLANE('',#14503);
#14503 = AXIS2_PLACEMENT_3D('',#14504,#14505,#14506);
#14504 = CARTESIAN_POINT('',(-7.560866355941,-132.8602563986,
    91.904554856269));
#14505 = DIRECTION('',(-0.958098218185,3.194E-13,0.28643987905));
#14506 = DIRECTION('',(-0.28643987905,9.472E-14,-0.958098218185));
#14507 = ADVANCED_FACE('',(#14508),#14519,.F.);
#14508 = FACE_BOUND('',#14509,.T.);
#14509 = EDGE_LOOP('',(#14510,#14511,#14517,#14518));
#14510 = ORIENTED_EDGE('',*,*,#5888,.F.);
#14511 = ORIENTED_EDGE('',*,*,#14512,.T.);
#14512 = EDGE_CURVE('',#5880,#13906,#14513,.T.);
#14513 = LINE('',#14514,#14515);
#14514 = CARTESIAN_POINT('',(-6.224831488448,-132.8602563986,
    90.312156647297));
#14515 = VECTOR('',#14516,1.);
#14516 = DIRECTION('',(3.333E-13,1.,-7.4E-16));
#14517 = ORIENTED_EDGE('',*,*,#13905,.F.);
#14518 = ORIENTED_EDGE('',*,*,#14496,.T.);
#14519 = PLANE('',#14520);
#14520 = AXIS2_PLACEMENT_3D('',#14521,#14522,#14523);
#14521 = CARTESIAN_POINT('',(-8.036512951101,-132.8602563986,
    90.312156647297));
#14522 = DIRECTION('',(1.8E-16,-7.4E-16,-1.));
#14523 = DIRECTION('',(1.,-1.55E-15,1.8E-16));
#14524 = ADVANCED_FACE('',(#14525),#14531,.T.);
#14525 = FACE_BOUND('',#14526,.T.);
#14526 = EDGE_LOOP('',(#14527,#14528,#14529,#14530));
#14527 = ORIENTED_EDGE('',*,*,#14512,.F.);
#14528 = ORIENTED_EDGE('',*,*,#5879,.F.);
#14529 = ORIENTED_EDGE('',*,*,#5611,.F.);
#14530 = ORIENTED_EDGE('',*,*,#13913,.F.);
#14531 = CYLINDRICAL_SURFACE('',#14532,3.599005393633);
#14532 = AXIS2_PLACEMENT_3D('',#14533,#14534,#14535);
#14533 = CARTESIAN_POINT('',(-2.627080157442,-132.8602563986,
    90.217155680753));
#14534 = DIRECTION('',(3.333E-13,1.,-7.4E-16));
#14535 = DIRECTION('',(-0.999717923227,3.332235589905E-13,
    2.375024163602E-02));
#14536 = ADVANCED_FACE('',(#14537),#14548,.F.);
#14537 = FACE_BOUND('',#14538,.T.);
#14538 = EDGE_LOOP('',(#14539,#14540,#14546,#14547));
#14539 = ORIENTED_EDGE('',*,*,#5952,.F.);
#14540 = ORIENTED_EDGE('',*,*,#14541,.F.);
#14541 = EDGE_CURVE('',#14221,#5945,#14542,.T.);
#14542 = LINE('',#14543,#14544);
#14543 = CARTESIAN_POINT('',(-16.79080738254,-139.0061416603,
    96.812137688351));
#14544 = VECTOR('',#14545,1.);
#14545 = DIRECTION('',(3.439E-13,1.,-7.4E-16));
#14546 = ORIENTED_EDGE('',*,*,#14220,.T.);
#14547 = ORIENTED_EDGE('',*,*,#5854,.F.);
#14548 = PLANE('',#14549);
#14549 = AXIS2_PLACEMENT_3D('',#14550,#14551,#14552);
#14550 = CARTESIAN_POINT('',(-15.83583984528,-141.623141753,
    96.390908642825));
#14551 = DIRECTION('',(-0.403575916071,1.3812E-13,-0.914946162333));
#14552 = DIRECTION('',(-0.914946162333,3.0643E-13,0.403575916071));
#14553 = ADVANCED_FACE('',(#14554),#14566,.F.);
#14554 = FACE_BOUND('',#14555,.T.);
#14555 = EDGE_LOOP('',(#14556,#14557,#14558,#14559,#14560,#14561,#14562,
    #14563,#14564,#14565));
#14556 = ORIENTED_EDGE('',*,*,#14395,.T.);
#14557 = ORIENTED_EDGE('',*,*,#14372,.F.);
#14558 = ORIENTED_EDGE('',*,*,#14344,.F.);
#14559 = ORIENTED_EDGE('',*,*,#14320,.F.);
#14560 = ORIENTED_EDGE('',*,*,#14294,.T.);
#14561 = ORIENTED_EDGE('',*,*,#14275,.F.);
#14562 = ORIENTED_EDGE('',*,*,#14242,.T.);
#14563 = ORIENTED_EDGE('',*,*,#14228,.T.);
#14564 = ORIENTED_EDGE('',*,*,#14541,.T.);
#14565 = ORIENTED_EDGE('',*,*,#5944,.F.);
#14566 = PLANE('',#14567);
#14567 = AXIS2_PLACEMENT_3D('',#14568,#14569,#14570);
#14568 = CARTESIAN_POINT('',(-17.20042823074,-136.3891415677,
    96.812137688351));
#14569 = DIRECTION('',(2.44E-15,-7.4E-16,-1.));
#14570 = DIRECTION('',(-3.439E-13,-1.,7.399999999992E-16));
#14571 = ( GEOMETRIC_REPRESENTATION_CONTEXT(3) 
GLOBAL_UNCERTAINTY_ASSIGNED_CONTEXT((#14575)) 
GLOBAL_UNIT_ASSIGNED_CONTEXT((#14572,#14573,#14574)) 
REPRESENTATION_CONTEXT('Context #1',
  '3D Context with UNIT and UNCERTAINTY') );
#14572 = ( LENGTH_UNIT() NAMED_UNIT(*) SI_UNIT(.MILLI.,.METRE.) );
#14573 = ( NAMED_UNIT(*) PLANE_ANGLE_UNIT() SI_UNIT($,.RADIAN.) );
#14574 = ( NAMED_UNIT(*) SI_UNIT($,.STERADIAN.) SOLID_ANGLE_UNIT() );
#14575 = UNCERTAINTY_MEASURE_WITH_UNIT(LENGTH_MEASURE(2.E-04),#14572,
  'distance_accuracy_value','confusion accuracy');
#14576 = CONTEXT_DEPENDENT_SHAPE_REPRESENTATION(#14577,#14579);
#14577 = ( REPRESENTATION_RELATIONSHIP('','',#2598,#32) 
REPRESENTATION_RELATIONSHIP_WITH_TRANSFORMATION(#14578) 
SHAPE_REPRESENTATION_RELATIONSHIP() );
#14578 = ITEM_DEFINED_TRANSFORMATION('','',#11,#37);
#14579 = PRODUCT_DEFINITION_SHAPE('Placement','Placement of an item',
  #14580);
#14580 = NEXT_ASSEMBLY_USAGE_OCCURRENCE('2','SOLID001','',#27,#2593,$);
#14581 = PRODUCT_RELATED_PRODUCT_CATEGORY('part',$,(#2595));
#14582 = MECHANICAL_DESIGN_GEOMETRIC_PRESENTATION_REPRESENTATION('',(
    #14583),#14571);
#14583 = STYLED_ITEM('color',(#14584),#2599);
#14584 = PRESENTATION_STYLE_ASSIGNMENT((#14585,#14591));
#14585 = SURFACE_STYLE_USAGE(.BOTH.,#14586);
#14586 = SURFACE_SIDE_STYLE('',(#14587));
#14587 = SURFACE_STYLE_FILL_AREA(#14588);
#14588 = FILL_AREA_STYLE('',(#14589));
#14589 = FILL_AREA_STYLE_COLOUR('',#14590);
#14590 = COLOUR_RGB('',0.960784305148,0.333333345507,1.960784362163E-02
  );
#14591 = CURVE_STYLE('',#14592,POSITIVE_LENGTH_MEASURE(0.1),#14593);
#14592 = DRAUGHTING_PRE_DEFINED_CURVE_FONT('continuous');
#14593 = COLOUR_RGB('',9.803921802644E-02,9.803921802644E-02,
  9.803921802644E-02);
#14594 = MECHANICAL_DESIGN_GEOMETRIC_PRESENTATION_REPRESENTATION('',(
    #14595,#14605,#14614,#14623,#14632,#14641,#14650,#14659,#14668,
    #14677,#14686,#14695,#14704,#14713,#14722,#14731,#14740,#14749,
    #14758,#14767,#14776,#14785,#14794,#14803,#14812,#14821,#14830,
    #14839,#14848,#14857,#14866,#14875,#14884,#14893,#14902,#14911,
    #14920,#14929,#14938,#14947,#14956,#14965,#14974,#14983,#14992,
    #15001,#15010,#15019,#15028),#2580);
#14595 = STYLED_ITEM('color',(#14596),#337);
#14596 = PRESENTATION_STYLE_ASSIGNMENT((#14597,#14603));
#14597 = SURFACE_STYLE_USAGE(.BOTH.,#14598);
#14598 = SURFACE_SIDE_STYLE('',(#14599));
#14599 = SURFACE_STYLE_FILL_AREA(#14600);
#14600 = FILL_AREA_STYLE('',(#14601));
#14601 = FILL_AREA_STYLE_COLOUR('',#14602);
#14602 = COLOUR_RGB('',0.447058818107,0.474509808674,0.501960817233);
#14603 = CURVE_STYLE('',#14604,POSITIVE_LENGTH_MEASURE(0.1),#14593);
#14604 = DRAUGHTING_PRE_DEFINED_CURVE_FONT('continuous');
#14605 = STYLED_ITEM('color',(#14606),#817);
#14606 = PRESENTATION_STYLE_ASSIGNMENT((#14607,#14612));
#14607 = SURFACE_STYLE_USAGE(.BOTH.,#14608);
#14608 = SURFACE_SIDE_STYLE('',(#14609));
#14609 = SURFACE_STYLE_FILL_AREA(#14610);
#14610 = FILL_AREA_STYLE('',(#14611));
#14611 = FILL_AREA_STYLE_COLOUR('',#14602);
#14612 = CURVE_STYLE('',#14613,POSITIVE_LENGTH_MEASURE(0.1),#14593);
#14613 = DRAUGHTING_PRE_DEFINED_CURVE_FONT('continuous');
#14614 = STYLED_ITEM('color',(#14615),#344);
#14615 = PRESENTATION_STYLE_ASSIGNMENT((#14616,#14621));
#14616 = SURFACE_STYLE_USAGE(.BOTH.,#14617);
#14617 = SURFACE_SIDE_STYLE('',(#14618));
#14618 = SURFACE_STYLE_FILL_AREA(#14619);
#14619 = FILL_AREA_STYLE('',(#14620));
#14620 = FILL_AREA_STYLE_COLOUR('',#14602);
#14621 = CURVE_STYLE('',#14622,POSITIVE_LENGTH_MEASURE(0.1),#14593);
#14622 = DRAUGHTING_PRE_DEFINED_CURVE_FONT('continuous');
#14623 = STYLED_ITEM('color',(#14624),#346);
#14624 = PRESENTATION_STYLE_ASSIGNMENT((#14625,#14630));
#14625 = SURFACE_STYLE_USAGE(.BOTH.,#14626);
#14626 = SURFACE_SIDE_STYLE('',(#14627));
#14627 = SURFACE_STYLE_FILL_AREA(#14628);
#14628 = FILL_AREA_STYLE('',(#14629));
#14629 = FILL_AREA_STYLE_COLOUR('',#14602);
#14630 = CURVE_STYLE('',#14631,POSITIVE_LENGTH_MEASURE(0.1),#14593);
#14631 = DRAUGHTING_PRE_DEFINED_CURVE_FONT('continuous');
#14632 = STYLED_ITEM('color',(#14633),#354);
#14633 = PRESENTATION_STYLE_ASSIGNMENT((#14634,#14639));
#14634 = SURFACE_STYLE_USAGE(.BOTH.,#14635);
#14635 = SURFACE_SIDE_STYLE('',(#14636));
#14636 = SURFACE_STYLE_FILL_AREA(#14637);
#14637 = FILL_AREA_STYLE('',(#14638));
#14638 = FILL_AREA_STYLE_COLOUR('',#14602);
#14639 = CURVE_STYLE('',#14640,POSITIVE_LENGTH_MEASURE(0.1),#14593);
#14640 = DRAUGHTING_PRE_DEFINED_CURVE_FONT('continuous');
#14641 = STYLED_ITEM('color',(#14642),#362);
#14642 = PRESENTATION_STYLE_ASSIGNMENT((#14643,#14648));
#14643 = SURFACE_STYLE_USAGE(.BOTH.,#14644);
#14644 = SURFACE_SIDE_STYLE('',(#14645));
#14645 = SURFACE_STYLE_FILL_AREA(#14646);
#14646 = FILL_AREA_STYLE('',(#14647));
#14647 = FILL_AREA_STYLE_COLOUR('',#14602);
#14648 = CURVE_STYLE('',#14649,POSITIVE_LENGTH_MEASURE(0.1),#14593);
#14649 = DRAUGHTING_PRE_DEFINED_CURVE_FONT('continuous');
#14650 = STYLED_ITEM('color',(#14651),#384);
#14651 = PRESENTATION_STYLE_ASSIGNMENT((#14652,#14657));
#14652 = SURFACE_STYLE_USAGE(.BOTH.,#14653);
#14653 = SURFACE_SIDE_STYLE('',(#14654));
#14654 = SURFACE_STYLE_FILL_AREA(#14655);
#14655 = FILL_AREA_STYLE('',(#14656));
#14656 = FILL_AREA_STYLE_COLOUR('',#14602);
#14657 = CURVE_STYLE('',#14658,POSITIVE_LENGTH_MEASURE(0.1),#14593);
#14658 = DRAUGHTING_PRE_DEFINED_CURVE_FONT('continuous');
#14659 = STYLED_ITEM('color',(#14660),#386);
#14660 = PRESENTATION_STYLE_ASSIGNMENT((#14661,#14666));
#14661 = SURFACE_STYLE_USAGE(.BOTH.,#14662);
#14662 = SURFACE_SIDE_STYLE('',(#14663));
#14663 = SURFACE_STYLE_FILL_AREA(#14664);
#14664 = FILL_AREA_STYLE('',(#14665));
#14665 = FILL_AREA_STYLE_COLOUR('',#14602);
#14666 = CURVE_STYLE('',#14667,POSITIVE_LENGTH_MEASURE(0.1),#14593);
#14667 = DRAUGHTING_PRE_DEFINED_CURVE_FONT('continuous');
#14668 = STYLED_ITEM('color',(#14669),#394);
#14669 = PRESENTATION_STYLE_ASSIGNMENT((#14670,#14675));
#14670 = SURFACE_STYLE_USAGE(.BOTH.,#14671);
#14671 = SURFACE_SIDE_STYLE('',(#14672));
#14672 = SURFACE_STYLE_FILL_AREA(#14673);
#14673 = FILL_AREA_STYLE('',(#14674));
#14674 = FILL_AREA_STYLE_COLOUR('',#14602);
#14675 = CURVE_STYLE('',#14676,POSITIVE_LENGTH_MEASURE(0.1),#14593);
#14676 = DRAUGHTING_PRE_DEFINED_CURVE_FONT('continuous');
#14677 = STYLED_ITEM('color',(#14678),#402);
#14678 = PRESENTATION_STYLE_ASSIGNMENT((#14679,#14684));
#14679 = SURFACE_STYLE_USAGE(.BOTH.,#14680);
#14680 = SURFACE_SIDE_STYLE('',(#14681));
#14681 = SURFACE_STYLE_FILL_AREA(#14682);
#14682 = FILL_AREA_STYLE('',(#14683));
#14683 = FILL_AREA_STYLE_COLOUR('',#14602);
#14684 = CURVE_STYLE('',#14685,POSITIVE_LENGTH_MEASURE(0.1),#14593);
#14685 = DRAUGHTING_PRE_DEFINED_CURVE_FONT('continuous');
#14686 = STYLED_ITEM('color',(#14687),#411);
#14687 = PRESENTATION_STYLE_ASSIGNMENT((#14688,#14693));
#14688 = SURFACE_STYLE_USAGE(.BOTH.,#14689);
#14689 = SURFACE_SIDE_STYLE('',(#14690));
#14690 = SURFACE_STYLE_FILL_AREA(#14691);
#14691 = FILL_AREA_STYLE('',(#14692));
#14692 = FILL_AREA_STYLE_COLOUR('',#14602);
#14693 = CURVE_STYLE('',#14694,POSITIVE_LENGTH_MEASURE(0.1),#14593);
#14694 = DRAUGHTING_PRE_DEFINED_CURVE_FONT('continuous');
#14695 = STYLED_ITEM('color',(#14696),#427);
#14696 = PRESENTATION_STYLE_ASSIGNMENT((#14697,#14702));
#14697 = SURFACE_STYLE_USAGE(.BOTH.,#14698);
#14698 = SURFACE_SIDE_STYLE('',(#14699));
#14699 = SURFACE_STYLE_FILL_AREA(#14700);
#14700 = FILL_AREA_STYLE('',(#14701));
#14701 = FILL_AREA_STYLE_COLOUR('',#14602);
#14702 = CURVE_STYLE('',#14703,POSITIVE_LENGTH_MEASURE(0.1),#14593);
#14703 = DRAUGHTING_PRE_DEFINED_CURVE_FONT('continuous');
#14704 = STYLED_ITEM('color',(#14705),#466);
#14705 = PRESENTATION_STYLE_ASSIGNMENT((#14706,#14711));
#14706 = SURFACE_STYLE_USAGE(.BOTH.,#14707);
#14707 = SURFACE_SIDE_STYLE('',(#14708));
#14708 = SURFACE_STYLE_FILL_AREA(#14709);
#14709 = FILL_AREA_STYLE('',(#14710));
#14710 = FILL_AREA_STYLE_COLOUR('',#14602);
#14711 = CURVE_STYLE('',#14712,POSITIVE_LENGTH_MEASURE(0.1),#14593);
#14712 = DRAUGHTING_PRE_DEFINED_CURVE_FONT('continuous');
#14713 = STYLED_ITEM('color',(#14714),#468);
#14714 = PRESENTATION_STYLE_ASSIGNMENT((#14715,#14720));
#14715 = SURFACE_STYLE_USAGE(.BOTH.,#14716);
#14716 = SURFACE_SIDE_STYLE('',(#14717));
#14717 = SURFACE_STYLE_FILL_AREA(#14718);
#14718 = FILL_AREA_STYLE('',(#14719));
#14719 = FILL_AREA_STYLE_COLOUR('',#14602);
#14720 = CURVE_STYLE('',#14721,POSITIVE_LENGTH_MEASURE(0.1),#14593);
#14721 = DRAUGHTING_PRE_DEFINED_CURVE_FONT('continuous');
#14722 = STYLED_ITEM('color',(#14723),#502);
#14723 = PRESENTATION_STYLE_ASSIGNMENT((#14724,#14729));
#14724 = SURFACE_STYLE_USAGE(.BOTH.,#14725);
#14725 = SURFACE_SIDE_STYLE('',(#14726));
#14726 = SURFACE_STYLE_FILL_AREA(#14727);
#14727 = FILL_AREA_STYLE('',(#14728));
#14728 = FILL_AREA_STYLE_COLOUR('',#14602);
#14729 = CURVE_STYLE('',#14730,POSITIVE_LENGTH_MEASURE(0.1),#14593);
#14730 = DRAUGHTING_PRE_DEFINED_CURVE_FONT('continuous');
#14731 = STYLED_ITEM('color',(#14732),#519);
#14732 = PRESENTATION_STYLE_ASSIGNMENT((#14733,#14738));
#14733 = SURFACE_STYLE_USAGE(.BOTH.,#14734);
#14734 = SURFACE_SIDE_STYLE('',(#14735));
#14735 = SURFACE_STYLE_FILL_AREA(#14736);
#14736 = FILL_AREA_STYLE('',(#14737));
#14737 = FILL_AREA_STYLE_COLOUR('',#14602);
#14738 = CURVE_STYLE('',#14739,POSITIVE_LENGTH_MEASURE(0.1),#14593);
#14739 = DRAUGHTING_PRE_DEFINED_CURVE_FONT('continuous');
#14740 = STYLED_ITEM('color',(#14741),#521);
#14741 = PRESENTATION_STYLE_ASSIGNMENT((#14742,#14747));
#14742 = SURFACE_STYLE_USAGE(.BOTH.,#14743);
#14743 = SURFACE_SIDE_STYLE('',(#14744));
#14744 = SURFACE_STYLE_FILL_AREA(#14745);
#14745 = FILL_AREA_STYLE('',(#14746));
#14746 = FILL_AREA_STYLE_COLOUR('',#14602);
#14747 = CURVE_STYLE('',#14748,POSITIVE_LENGTH_MEASURE(0.1),#14593);
#14748 = DRAUGHTING_PRE_DEFINED_CURVE_FONT('continuous');
#14749 = STYLED_ITEM('color',(#14750),#529);
#14750 = PRESENTATION_STYLE_ASSIGNMENT((#14751,#14756));
#14751 = SURFACE_STYLE_USAGE(.BOTH.,#14752);
#14752 = SURFACE_SIDE_STYLE('',(#14753));
#14753 = SURFACE_STYLE_FILL_AREA(#14754);
#14754 = FILL_AREA_STYLE('',(#14755));
#14755 = FILL_AREA_STYLE_COLOUR('',#14602);
#14756 = CURVE_STYLE('',#14757,POSITIVE_LENGTH_MEASURE(0.1),#14593);
#14757 = DRAUGHTING_PRE_DEFINED_CURVE_FONT('continuous');
#14758 = STYLED_ITEM('color',(#14759),#589);
#14759 = PRESENTATION_STYLE_ASSIGNMENT((#14760,#14765));
#14760 = SURFACE_STYLE_USAGE(.BOTH.,#14761);
#14761 = SURFACE_SIDE_STYLE('',(#14762));
#14762 = SURFACE_STYLE_FILL_AREA(#14763);
#14763 = FILL_AREA_STYLE('',(#14764));
#14764 = FILL_AREA_STYLE_COLOUR('',#14602);
#14765 = CURVE_STYLE('',#14766,POSITIVE_LENGTH_MEASURE(0.1),#14593);
#14766 = DRAUGHTING_PRE_DEFINED_CURVE_FONT('continuous');
#14767 = STYLED_ITEM('color',(#14768),#591);
#14768 = PRESENTATION_STYLE_ASSIGNMENT((#14769,#14774));
#14769 = SURFACE_STYLE_USAGE(.BOTH.,#14770);
#14770 = SURFACE_SIDE_STYLE('',(#14771));
#14771 = SURFACE_STYLE_FILL_AREA(#14772);
#14772 = FILL_AREA_STYLE('',(#14773));
#14773 = FILL_AREA_STYLE_COLOUR('',#14602);
#14774 = CURVE_STYLE('',#14775,POSITIVE_LENGTH_MEASURE(0.1),#14593);
#14775 = DRAUGHTING_PRE_DEFINED_CURVE_FONT('continuous');
#14776 = STYLED_ITEM('color',(#14777),#600);
#14777 = PRESENTATION_STYLE_ASSIGNMENT((#14778,#14783));
#14778 = SURFACE_STYLE_USAGE(.BOTH.,#14779);
#14779 = SURFACE_SIDE_STYLE('',(#14780));
#14780 = SURFACE_STYLE_FILL_AREA(#14781);
#14781 = FILL_AREA_STYLE('',(#14782));
#14782 = FILL_AREA_STYLE_COLOUR('',#14602);
#14783 = CURVE_STYLE('',#14784,POSITIVE_LENGTH_MEASURE(0.1),#14593);
#14784 = DRAUGHTING_PRE_DEFINED_CURVE_FONT('continuous');
#14785 = STYLED_ITEM('color',(#14786),#613);
#14786 = PRESENTATION_STYLE_ASSIGNMENT((#14787,#14792));
#14787 = SURFACE_STYLE_USAGE(.BOTH.,#14788);
#14788 = SURFACE_SIDE_STYLE('',(#14789));
#14789 = SURFACE_STYLE_FILL_AREA(#14790);
#14790 = FILL_AREA_STYLE('',(#14791));
#14791 = FILL_AREA_STYLE_COLOUR('',#14602);
#14792 = CURVE_STYLE('',#14793,POSITIVE_LENGTH_MEASURE(0.1),#14593);
#14793 = DRAUGHTING_PRE_DEFINED_CURVE_FONT('continuous');
#14794 = STYLED_ITEM('color',(#14795),#645);
#14795 = PRESENTATION_STYLE_ASSIGNMENT((#14796,#14801));
#14796 = SURFACE_STYLE_USAGE(.BOTH.,#14797);
#14797 = SURFACE_SIDE_STYLE('',(#14798));
#14798 = SURFACE_STYLE_FILL_AREA(#14799);
#14799 = FILL_AREA_STYLE('',(#14800));
#14800 = FILL_AREA_STYLE_COLOUR('',#14602);
#14801 = CURVE_STYLE('',#14802,POSITIVE_LENGTH_MEASURE(0.1),#14593);
#14802 = DRAUGHTING_PRE_DEFINED_CURVE_FONT('continuous');
#14803 = STYLED_ITEM('color',(#14804),#687);
#14804 = PRESENTATION_STYLE_ASSIGNMENT((#14805,#14810));
#14805 = SURFACE_STYLE_USAGE(.BOTH.,#14806);
#14806 = SURFACE_SIDE_STYLE('',(#14807));
#14807 = SURFACE_STYLE_FILL_AREA(#14808);
#14808 = FILL_AREA_STYLE('',(#14809));
#14809 = FILL_AREA_STYLE_COLOUR('',#14602);
#14810 = CURVE_STYLE('',#14811,POSITIVE_LENGTH_MEASURE(0.1),#14593);
#14811 = DRAUGHTING_PRE_DEFINED_CURVE_FONT('continuous');
#14812 = STYLED_ITEM('color',(#14813),#734);
#14813 = PRESENTATION_STYLE_ASSIGNMENT((#14814,#14819));
#14814 = SURFACE_STYLE_USAGE(.BOTH.,#14815);
#14815 = SURFACE_SIDE_STYLE('',(#14816));
#14816 = SURFACE_STYLE_FILL_AREA(#14817);
#14817 = FILL_AREA_STYLE('',(#14818));
#14818 = FILL_AREA_STYLE_COLOUR('',#14602);
#14819 = CURVE_STYLE('',#14820,POSITIVE_LENGTH_MEASURE(0.1),#14593);
#14820 = DRAUGHTING_PRE_DEFINED_CURVE_FONT('continuous');
#14821 = STYLED_ITEM('color',(#14822),#759);
#14822 = PRESENTATION_STYLE_ASSIGNMENT((#14823,#14828));
#14823 = SURFACE_STYLE_USAGE(.BOTH.,#14824);
#14824 = SURFACE_SIDE_STYLE('',(#14825));
#14825 = SURFACE_STYLE_FILL_AREA(#14826);
#14826 = FILL_AREA_STYLE('',(#14827));
#14827 = FILL_AREA_STYLE_COLOUR('',#14602);
#14828 = CURVE_STYLE('',#14829,POSITIVE_LENGTH_MEASURE(0.1),#14593);
#14829 = DRAUGHTING_PRE_DEFINED_CURVE_FONT('continuous');
#14830 = STYLED_ITEM('color',(#14831),#824);
#14831 = PRESENTATION_STYLE_ASSIGNMENT((#14832,#14837));
#14832 = SURFACE_STYLE_USAGE(.BOTH.,#14833);
#14833 = SURFACE_SIDE_STYLE('',(#14834));
#14834 = SURFACE_STYLE_FILL_AREA(#14835);
#14835 = FILL_AREA_STYLE('',(#14836));
#14836 = FILL_AREA_STYLE_COLOUR('',#14602);
#14837 = CURVE_STYLE('',#14838,POSITIVE_LENGTH_MEASURE(0.1),#14593);
#14838 = DRAUGHTING_PRE_DEFINED_CURVE_FONT('continuous');
#14839 = STYLED_ITEM('color',(#14840),#826);
#14840 = PRESENTATION_STYLE_ASSIGNMENT((#14841,#14846));
#14841 = SURFACE_STYLE_USAGE(.BOTH.,#14842);
#14842 = SURFACE_SIDE_STYLE('',(#14843));
#14843 = SURFACE_STYLE_FILL_AREA(#14844);
#14844 = FILL_AREA_STYLE('',(#14845));
#14845 = FILL_AREA_STYLE_COLOUR('',#14602);
#14846 = CURVE_STYLE('',#14847,POSITIVE_LENGTH_MEASURE(0.1),#14593);
#14847 = DRAUGHTING_PRE_DEFINED_CURVE_FONT('continuous');
#14848 = STYLED_ITEM('color',(#14849),#834);
#14849 = PRESENTATION_STYLE_ASSIGNMENT((#14850,#14855));
#14850 = SURFACE_STYLE_USAGE(.BOTH.,#14851);
#14851 = SURFACE_SIDE_STYLE('',(#14852));
#14852 = SURFACE_STYLE_FILL_AREA(#14853);
#14853 = FILL_AREA_STYLE('',(#14854));
#14854 = FILL_AREA_STYLE_COLOUR('',#14602);
#14855 = CURVE_STYLE('',#14856,POSITIVE_LENGTH_MEASURE(0.1),#14593);
#14856 = DRAUGHTING_PRE_DEFINED_CURVE_FONT('continuous');
#14857 = STYLED_ITEM('color',(#14858),#842);
#14858 = PRESENTATION_STYLE_ASSIGNMENT((#14859,#14864));
#14859 = SURFACE_STYLE_USAGE(.BOTH.,#14860);
#14860 = SURFACE_SIDE_STYLE('',(#14861));
#14861 = SURFACE_STYLE_FILL_AREA(#14862);
#14862 = FILL_AREA_STYLE('',(#14863));
#14863 = FILL_AREA_STYLE_COLOUR('',#14602);
#14864 = CURVE_STYLE('',#14865,POSITIVE_LENGTH_MEASURE(0.1),#14593);
#14865 = DRAUGHTING_PRE_DEFINED_CURVE_FONT('continuous');
#14866 = STYLED_ITEM('color',(#14867),#850);
#14867 = PRESENTATION_STYLE_ASSIGNMENT((#14868,#14873));
#14868 = SURFACE_STYLE_USAGE(.BOTH.,#14869);
#14869 = SURFACE_SIDE_STYLE('',(#14870));
#14870 = SURFACE_STYLE_FILL_AREA(#14871);
#14871 = FILL_AREA_STYLE('',(#14872));
#14872 = FILL_AREA_STYLE_COLOUR('',#14602);
#14873 = CURVE_STYLE('',#14874,POSITIVE_LENGTH_MEASURE(0.1),#14593);
#14874 = DRAUGHTING_PRE_DEFINED_CURVE_FONT('continuous');
#14875 = STYLED_ITEM('color',(#14876),#858);
#14876 = PRESENTATION_STYLE_ASSIGNMENT((#14877,#14882));
#14877 = SURFACE_STYLE_USAGE(.BOTH.,#14878);
#14878 = SURFACE_SIDE_STYLE('',(#14879));
#14879 = SURFACE_STYLE_FILL_AREA(#14880);
#14880 = FILL_AREA_STYLE('',(#14881));
#14881 = FILL_AREA_STYLE_COLOUR('',#14602);
#14882 = CURVE_STYLE('',#14883,POSITIVE_LENGTH_MEASURE(0.1),#14593);
#14883 = DRAUGHTING_PRE_DEFINED_CURVE_FONT('continuous');
#14884 = STYLED_ITEM('color',(#14885),#875);
#14885 = PRESENTATION_STYLE_ASSIGNMENT((#14886,#14891));
#14886 = SURFACE_STYLE_USAGE(.BOTH.,#14887);
#14887 = SURFACE_SIDE_STYLE('',(#14888));
#14888 = SURFACE_STYLE_FILL_AREA(#14889);
#14889 = FILL_AREA_STYLE('',(#14890));
#14890 = FILL_AREA_STYLE_COLOUR('',#14602);
#14891 = CURVE_STYLE('',#14892,POSITIVE_LENGTH_MEASURE(0.1),#14593);
#14892 = DRAUGHTING_PRE_DEFINED_CURVE_FONT('continuous');
#14893 = STYLED_ITEM('color',(#14894),#893);
#14894 = PRESENTATION_STYLE_ASSIGNMENT((#14895,#14900));
#14895 = SURFACE_STYLE_USAGE(.BOTH.,#14896);
#14896 = SURFACE_SIDE_STYLE('',(#14897));
#14897 = SURFACE_STYLE_FILL_AREA(#14898);
#14898 = FILL_AREA_STYLE('',(#14899));
#14899 = FILL_AREA_STYLE_COLOUR('',#14602);
#14900 = CURVE_STYLE('',#14901,POSITIVE_LENGTH_MEASURE(0.1),#14593);
#14901 = DRAUGHTING_PRE_DEFINED_CURVE_FONT('continuous');
#14902 = STYLED_ITEM('color',(#14903),#901);
#14903 = PRESENTATION_STYLE_ASSIGNMENT((#14904,#14909));
#14904 = SURFACE_STYLE_USAGE(.BOTH.,#14905);
#14905 = SURFACE_SIDE_STYLE('',(#14906));
#14906 = SURFACE_STYLE_FILL_AREA(#14907);
#14907 = FILL_AREA_STYLE('',(#14908));
#14908 = FILL_AREA_STYLE_COLOUR('',#14602);
#14909 = CURVE_STYLE('',#14910,POSITIVE_LENGTH_MEASURE(0.1),#14593);
#14910 = DRAUGHTING_PRE_DEFINED_CURVE_FONT('continuous');
#14911 = STYLED_ITEM('color',(#14912),#915);
#14912 = PRESENTATION_STYLE_ASSIGNMENT((#14913,#14918));
#14913 = SURFACE_STYLE_USAGE(.BOTH.,#14914);
#14914 = SURFACE_SIDE_STYLE('',(#14915));
#14915 = SURFACE_STYLE_FILL_AREA(#14916);
#14916 = FILL_AREA_STYLE('',(#14917));
#14917 = FILL_AREA_STYLE_COLOUR('',#14602);
#14918 = CURVE_STYLE('',#14919,POSITIVE_LENGTH_MEASURE(0.1),#14593);
#14919 = DRAUGHTING_PRE_DEFINED_CURVE_FONT('continuous');
#14920 = STYLED_ITEM('color',(#14921),#932);
#14921 = PRESENTATION_STYLE_ASSIGNMENT((#14922,#14927));
#14922 = SURFACE_STYLE_USAGE(.BOTH.,#14923);
#14923 = SURFACE_SIDE_STYLE('',(#14924));
#14924 = SURFACE_STYLE_FILL_AREA(#14925);
#14925 = FILL_AREA_STYLE('',(#14926));
#14926 = FILL_AREA_STYLE_COLOUR('',#14602);
#14927 = CURVE_STYLE('',#14928,POSITIVE_LENGTH_MEASURE(0.1),#14593);
#14928 = DRAUGHTING_PRE_DEFINED_CURVE_FONT('continuous');
#14929 = STYLED_ITEM('color',(#14930),#934);
#14930 = PRESENTATION_STYLE_ASSIGNMENT((#14931,#14936));
#14931 = SURFACE_STYLE_USAGE(.BOTH.,#14932);
#14932 = SURFACE_SIDE_STYLE('',(#14933));
#14933 = SURFACE_STYLE_FILL_AREA(#14934);
#14934 = FILL_AREA_STYLE('',(#14935));
#14935 = FILL_AREA_STYLE_COLOUR('',#14602);
#14936 = CURVE_STYLE('',#14937,POSITIVE_LENGTH_MEASURE(0.1),#14593);
#14937 = DRAUGHTING_PRE_DEFINED_CURVE_FONT('continuous');
#14938 = STYLED_ITEM('color',(#14939),#988);
#14939 = PRESENTATION_STYLE_ASSIGNMENT((#14940,#14945));
#14940 = SURFACE_STYLE_USAGE(.BOTH.,#14941);
#14941 = SURFACE_SIDE_STYLE('',(#14942));
#14942 = SURFACE_STYLE_FILL_AREA(#14943);
#14943 = FILL_AREA_STYLE('',(#14944));
#14944 = FILL_AREA_STYLE_COLOUR('',#14602);
#14945 = CURVE_STYLE('',#14946,POSITIVE_LENGTH_MEASURE(0.1),#14593);
#14946 = DRAUGHTING_PRE_DEFINED_CURVE_FONT('continuous');
#14947 = STYLED_ITEM('color',(#14948),#1012);
#14948 = PRESENTATION_STYLE_ASSIGNMENT((#14949,#14954));
#14949 = SURFACE_STYLE_USAGE(.BOTH.,#14950);
#14950 = SURFACE_SIDE_STYLE('',(#14951));
#14951 = SURFACE_STYLE_FILL_AREA(#14952);
#14952 = FILL_AREA_STYLE('',(#14953));
#14953 = FILL_AREA_STYLE_COLOUR('',#14602);
#14954 = CURVE_STYLE('',#14955,POSITIVE_LENGTH_MEASURE(0.1),#14593);
#14955 = DRAUGHTING_PRE_DEFINED_CURVE_FONT('continuous');
#14956 = STYLED_ITEM('color',(#14957),#1034);
#14957 = PRESENTATION_STYLE_ASSIGNMENT((#14958,#14963));
#14958 = SURFACE_STYLE_USAGE(.BOTH.,#14959);
#14959 = SURFACE_SIDE_STYLE('',(#14960));
#14960 = SURFACE_STYLE_FILL_AREA(#14961);
#14961 = FILL_AREA_STYLE('',(#14962));
#14962 = FILL_AREA_STYLE_COLOUR('',#14602);
#14963 = CURVE_STYLE('',#14964,POSITIVE_LENGTH_MEASURE(0.1),#14593);
#14964 = DRAUGHTING_PRE_DEFINED_CURVE_FONT('continuous');
#14965 = STYLED_ITEM('color',(#14966),#1062);
#14966 = PRESENTATION_STYLE_ASSIGNMENT((#14967,#14972));
#14967 = SURFACE_STYLE_USAGE(.BOTH.,#14968);
#14968 = SURFACE_SIDE_STYLE('',(#14969));
#14969 = SURFACE_STYLE_FILL_AREA(#14970);
#14970 = FILL_AREA_STYLE('',(#14971));
#14971 = FILL_AREA_STYLE_COLOUR('',#14602);
#14972 = CURVE_STYLE('',#14973,POSITIVE_LENGTH_MEASURE(0.1),#14593);
#14973 = DRAUGHTING_PRE_DEFINED_CURVE_FONT('continuous');
#14974 = STYLED_ITEM('color',(#14975),#1079);
#14975 = PRESENTATION_STYLE_ASSIGNMENT((#14976,#14981));
#14976 = SURFACE_STYLE_USAGE(.BOTH.,#14977);
#14977 = SURFACE_SIDE_STYLE('',(#14978));
#14978 = SURFACE_STYLE_FILL_AREA(#14979);
#14979 = FILL_AREA_STYLE('',(#14980));
#14980 = FILL_AREA_STYLE_COLOUR('',#14602);
#14981 = CURVE_STYLE('',#14982,POSITIVE_LENGTH_MEASURE(0.1),#14593);
#14982 = DRAUGHTING_PRE_DEFINED_CURVE_FONT('continuous');
#14983 = STYLED_ITEM('color',(#14984),#1105);
#14984 = PRESENTATION_STYLE_ASSIGNMENT((#14985,#14990));
#14985 = SURFACE_STYLE_USAGE(.BOTH.,#14986);
#14986 = SURFACE_SIDE_STYLE('',(#14987));
#14987 = SURFACE_STYLE_FILL_AREA(#14988);
#14988 = FILL_AREA_STYLE('',(#14989));
#14989 = FILL_AREA_STYLE_COLOUR('',#14602);
#14990 = CURVE_STYLE('',#14991,POSITIVE_LENGTH_MEASURE(0.1),#14593);
#14991 = DRAUGHTING_PRE_DEFINED_CURVE_FONT('continuous');
#14992 = STYLED_ITEM('color',(#14993),#1107);
#14993 = PRESENTATION_STYLE_ASSIGNMENT((#14994,#14999));
#14994 = SURFACE_STYLE_USAGE(.BOTH.,#14995);
#14995 = SURFACE_SIDE_STYLE('',(#14996));
#14996 = SURFACE_STYLE_FILL_AREA(#14997);
#14997 = FILL_AREA_STYLE('',(#14998));
#14998 = FILL_AREA_STYLE_COLOUR('',#14602);
#14999 = CURVE_STYLE('',#15000,POSITIVE_LENGTH_MEASURE(0.1),#14593);
#15000 = DRAUGHTING_PRE_DEFINED_CURVE_FONT('continuous');
#15001 = STYLED_ITEM('color',(#15002),#1156);
#15002 = PRESENTATION_STYLE_ASSIGNMENT((#15003,#15008));
#15003 = SURFACE_STYLE_USAGE(.BOTH.,#15004);
#15004 = SURFACE_SIDE_STYLE('',(#15005));
#15005 = SURFACE_STYLE_FILL_AREA(#15006);
#15006 = FILL_AREA_STYLE('',(#15007));
#15007 = FILL_AREA_STYLE_COLOUR('',#14602);
#15008 = CURVE_STYLE('',#15009,POSITIVE_LENGTH_MEASURE(0.1),#14593);
#15009 = DRAUGHTING_PRE_DEFINED_CURVE_FONT('continuous');
#15010 = STYLED_ITEM('color',(#15011),#1174);
#15011 = PRESENTATION_STYLE_ASSIGNMENT((#15012,#15017));
#15012 = SURFACE_STYLE_USAGE(.BOTH.,#15013);
#15013 = SURFACE_SIDE_STYLE('',(#15014));
#15014 = SURFACE_STYLE_FILL_AREA(#15015);
#15015 = FILL_AREA_STYLE('',(#15016));
#15016 = FILL_AREA_STYLE_COLOUR('',#14602);
#15017 = CURVE_STYLE('',#15018,POSITIVE_LENGTH_MEASURE(0.1),#14593);
#15018 = DRAUGHTING_PRE_DEFINED_CURVE_FONT('continuous');
#15019 = STYLED_ITEM('color',(#15020),#1191);
#15020 = PRESENTATION_STYLE_ASSIGNMENT((#15021,#15026));
#15021 = SURFACE_STYLE_USAGE(.BOTH.,#15022);
#15022 = SURFACE_SIDE_STYLE('',(#15023));
#15023 = SURFACE_STYLE_FILL_AREA(#15024);
#15024 = FILL_AREA_STYLE('',(#15025));
#15025 = FILL_AREA_STYLE_COLOUR('',#14602);
#15026 = CURVE_STYLE('',#15027,POSITIVE_LENGTH_MEASURE(0.1),#14593);
#15027 = DRAUGHTING_PRE_DEFINED_CURVE_FONT('continuous');
#15028 = STYLED_ITEM('color',(#15029),#1216);
#15029 = PRESENTATION_STYLE_ASSIGNMENT((#15030,#15035));
#15030 = SURFACE_STYLE_USAGE(.BOTH.,#15031);
#15031 = SURFACE_SIDE_STYLE('',(#15032));
#15032 = SURFACE_STYLE_FILL_AREA(#15033);
#15033 = FILL_AREA_STYLE('',(#15034));
#15034 = FILL_AREA_STYLE_COLOUR('',#14602);
#15035 = CURVE_STYLE('',#15036,POSITIVE_LENGTH_MEASURE(0.1),#14593);
#15036 = DRAUGHTING_PRE_DEFINED_CURVE_FONT('continuous');
ENDSEC;
END-ISO-10303-21;
