ISO-10303-21;
HEADER;
FILE_DESCRIPTION(('FreeCAD Model'),'2;1');
FILE_NAME('Open CASCADE Shape Model','2026-01-17T18:33:01',(''),(''),
  'Open CASCADE STEP processor 7.8','FreeCAD','Unknown');
FILE_SCHEMA(('AUTOMOTIVE_DESIGN { 1 0 10303 214 1 1 1 1 }'));
ENDSEC;
DATA;
#1 = APPLICATION_PROTOCOL_DEFINITION('international standard',
  'automotive_design',2000,#2);
#2 = APPLICATION_CONTEXT(
  'core data for automotive mechanical design processes');
#3 = SHAPE_DEFINITION_REPRESENTATION(#4,#10);
#4 = PRODUCT_DEFINITION_SHAPE('','',#5);
#5 = PRODUCT_DEFINITION('design','',#6,#9);
#6 = PRODUCT_DEFINITION_FORMATION('','',#7);
#7 = PRODUCT('Chamfer','Chamfer','',(#8));
#8 = PRODUCT_CONTEXT('',#2,'mechanical');
#9 = PRODUCT_DEFINITION_CONTEXT('part definition',#2,'design');
#10 = ADVANCED_BREP_SHAPE_REPRESENTATION('',(#11,#15),#11932);
#11 = AXIS2_PLACEMENT_3D('',#12,#13,#14);
#12 = CARTESIAN_POINT('',(0.,0.,0.));
#13 = DIRECTION('',(0.,0.,1.));
#14 = DIRECTION('',(1.,0.,-0.));
#15 = MANIFOLD_SOLID_BREP('',#16);
#16 = CLOSED_SHELL('',(#17,#1167,#1228,#1260,#1285,#1326,#1352,#1496,
    #1528,#1552,#1576,#1608,#1640,#1656,#1680,#1721,#1745,#1769,#1793,
    #1818,#1842,#1866,#1890,#1915,#1939,#1963,#1987,#2012,#2036,#2061,
    #2085,#2110,#2134,#2159,#2183,#2208,#2232,#2266,#2290,#2306,#2330,
    #2371,#2395,#2419,#2443,#2521,#2545,#2569,#2593,#2617,#2641,#2665,
    #2689,#2713,#2737,#2762,#2786,#2810,#2834,#2859,#2883,#2907,#2931,
    #2955,#2979,#3003,#3027,#3051,#3075,#3155,#3179,#3204,#3228,#3253,
    #3277,#3319,#3343,#3368,#3392,#3425,#3449,#3474,#3498,#3539,#3571,
    #3581,#3605,#3637,#3673,#3698,#3723,#3747,#3771,#3795,#3820,#3845,
    #3862,#3887,#3927,#3971,#4005,#4026,#4051,#4076,#4107,#4131,#4155,
    #4172,#4206,#4237,#4261,#4285,#4302,#4333,#4357,#4381,#4398,#4423,
    #4464,#4489,#4525,#4543,#4568,#4602,#4663,#4688,#4720,#4745,#4806,
    #4831,#4857,#4909,#4933,#4951,#4968,#5091,#5115,#5992,#6009,#6026,
    #6043,#6060,#6077,#6094,#6111,#6128,#6145,#6157,#6174,#6226,#6246,
    #6263,#6280,#6297,#6317,#6374,#6391,#6408,#6420,#6437,#6460,#6472,
    #6490,#6507,#6524,#6550,#6567,#6691,#6709,#6726,#6743,#6760,#6772,
    #6933,#6965,#6989,#7013,#7031,#7048,#7065,#7096,#7120,#7144,#7161,
    #7187,#7218,#7242,#7266,#7283,#7314,#7338,#7362,#7379,#7440,#7471,
    #7496,#7521,#7538,#7555,#7573,#7590,#7648,#7673,#7710,#7735,#7761,
    #7845,#7870,#7966,#8010,#8102,#8129,#8155,#8181,#8215,#8243,#8269,
    #8287,#8319,#8344,#8369,#8394,#8419,#8437,#8471,#8495,#8586,#8603,
    #8634,#8656,#8673,#8690,#8702,#8734,#8758,#8782,#8807,#8832,#8857,
    #8881,#8905,#8930,#8955,#8973,#8995,#9012,#9029,#9041,#9063,#9080,
    #9097,#9109,#9143,#9167,#9200,#9233,#9250,#9284,#9315,#9355,#9414,
    #9466,#9491,#9523,#9541,#9558,#9620,#9630,#9654,#9709,#9719,#9743,
    #9798,#9809,#9833,#9888,#9898,#9915,#9933,#9942,#9958,#9990,#10039,
    #10071,#10089,#10111,#10124,#10158,#10177,#10195,#10220,#10263,
    #10293,#10338,#10352,#10378,#10396,#10408,#10510,#10556,#10599,
    #10634,#10648,#10668,#10687,#10697,#10717,#10729,#10754,#10779,
    #10815,#10840,#10865,#10882,#10899,#10924,#10941,#10958,#10983,
    #11000,#11017,#11034,#11051,#11108,#11132,#11189,#11214,#11278,
    #11303,#11360,#11377,#11401,#11428,#11485,#11510,#11535,#11560,
    #11581,#11614,#11638,#11663,#11680,#11704,#11722,#11739,#11764,
    #11781,#11798,#11815,#11840,#11857,#11874,#11891,#11908));
#17 = ADVANCED_FACE('',(#18,#40,#889,#900,#936,#947,#958,#992,#1003,
    #1037,#1071,#1082,#1118,#1129,#1140),#1162,.T.);
#18 = FACE_BOUND('',#19,.T.);
#19 = EDGE_LOOP('',(#20));
#20 = ORIENTED_EDGE('',*,*,#21,.T.);
#21 = EDGE_CURVE('',#22,#22,#24,.T.);
#22 = VERTEX_POINT('',#23);
#23 = CARTESIAN_POINT('',(-12.90797036772,43.944296036613,6.16012382436)
  );
#24 = B_SPLINE_CURVE_WITH_KNOTS('',14,(#25,#26,#27,#28,#29,#30,#31,#32,
    #33,#34,#35,#36,#37,#38,#39),.UNSPECIFIED.,.T.,.F.,(15,15),(
    -4.419697822488E-16,11.309733552923),.PIECEWISE_BEZIER_KNOTS.);
#25 = CARTESIAN_POINT('',(-12.90797036772,43.944296036613,6.16012382436)
  );
#26 = CARTESIAN_POINT('',(-12.90797036644,43.944296036613,7.133198691826
    ));
#27 = CARTESIAN_POINT('',(-12.90797036459,43.480870542083,8.126987257543
    ));
#28 = CARTESIAN_POINT('',(-12.9079703624,42.521339872707,8.882465605162)
  );
#29 = CARTESIAN_POINT('',(-12.90797036062,41.212609077031,9.130830958675
    ));
#30 = CARTESIAN_POINT('',(-12.90797035943,39.856914501326,8.639212722069
    ));
#31 = CARTESIAN_POINT('',(-12.90797035997,38.947464118012,7.665841656585
    ));
#32 = CARTESIAN_POINT('',(-12.90797036081,38.372137001628,6.160123824033
    ));
#33 = CARTESIAN_POINT('',(-12.90797036397,38.947464117965,4.654405992724
    ));
#34 = CARTESIAN_POINT('',(-12.90797036592,39.856914501388,3.681034926214
    ));
#35 = CARTESIAN_POINT('',(-12.90797036849,41.212609076985,3.189416690305
    ));
#36 = CARTESIAN_POINT('',(-12.90797036955,42.521339872727,3.437782043432
    ));
#37 = CARTESIAN_POINT('',(-12.90797036978,43.480870542077,4.193260391221
    ));
#38 = CARTESIAN_POINT('',(-12.907970369,43.944296036614,5.187048956884)
  );
#39 = CARTESIAN_POINT('',(-12.90797036772,43.944296036613,6.16012382436)
  );
#40 = FACE_BOUND('',#41,.T.);
#41 = EDGE_LOOP('',(#42,#53,#62,#71,#79,#87,#95,#103,#111,#119,#127,#135
    ,#143,#151,#159,#167,#175,#183,#191,#199,#207,#215,#223,#231,#239,
    #247,#255,#263,#271,#279,#287,#295,#303,#311,#319,#327,#335,#343,
    #351,#359,#367,#375,#383,#391,#399,#408,#416,#424,#433,#441,#450,
    #458,#467,#476,#484,#493,#501,#510,#518,#527,#536,#545,#553,#567,
    #575,#583,#591,#599,#608,#616,#625,#633,#641,#649,#657,#678,#686,
    #694,#702,#711,#720,#729,#738,#747,#756,#764,#773,#781,#790,#798,
    #806,#815,#823,#831,#882));
#42 = ORIENTED_EDGE('',*,*,#43,.F.);
#43 = EDGE_CURVE('',#44,#46,#48,.T.);
#44 = VERTEX_POINT('',#45);
#45 = CARTESIAN_POINT('',(-12.90797034516,7.040347005364,52.277612966084
    ));
#46 = VERTEX_POINT('',#47);
#47 = CARTESIAN_POINT('',(-12.90797034516,7.086150382248,52.724593371787
    ));
#48 = CIRCLE('',#49,0.289749220871);
#49 = AXIS2_PLACEMENT_3D('',#50,#51,#52);
#50 = CARTESIAN_POINT('',(-12.90797034516,6.881220345674,52.519756141027
    ));
#51 = DIRECTION('',(1.,-1.528187327934E-13,-1.051938636352E-14));
#52 = DIRECTION('',(1.155202777486E-13,0.707266911564,0.706946614538));
#53 = ORIENTED_EDGE('',*,*,#54,.F.);
#54 = EDGE_CURVE('',#55,#44,#57,.T.);
#55 = VERTEX_POINT('',#56);
#56 = CARTESIAN_POINT('',(-12.90797034516,6.4779045765,52.348214715365)
  );
#57 = CIRCLE('',#58,0.43671705246);
#58 = AXIS2_PLACEMENT_3D('',#59,#60,#61);
#59 = CARTESIAN_POINT('',(-12.90797034516,6.800507444869,52.642577031617
    ));
#60 = DIRECTION('',(1.,-1.528187327934E-13,-1.051938636352E-14));
#61 = DIRECTION('',(4.542899504606E-14,0.361455420395,-0.932389392404));
#62 = ORIENTED_EDGE('',*,*,#63,.F.);
#63 = EDGE_CURVE('',#64,#55,#66,.T.);
#64 = VERTEX_POINT('',#65);
#65 = CARTESIAN_POINT('',(-12.90797034516,10.165563734269,
    58.224741201282));
#66 = CIRCLE('',#67,3.6);
#67 = AXIS2_PLACEMENT_3D('',#68,#69,#70);
#68 = CARTESIAN_POINT('',(-12.90797034516,9.137224425785,54.774738553945
    ));
#69 = DIRECTION('',(1.,-1.528187327934E-13,-1.051938636352E-14));
#70 = DIRECTION('',(-1.528187327934E-13,-1.,-3.963927421363E-14));
#71 = ORIENTED_EDGE('',*,*,#72,.F.);
#72 = EDGE_CURVE('',#73,#64,#75,.T.);
#73 = VERTEX_POINT('',#74);
#74 = CARTESIAN_POINT('',(-12.90797034515,14.875061804329,
    58.224741201282));
#75 = LINE('',#76,#77);
#76 = CARTESIAN_POINT('',(-12.90797034515,47.530025735512,
    58.224741201283));
#77 = VECTOR('',#78,1.);
#78 = DIRECTION('',(-1.528187327934E-13,-1.,-4.118927421363E-14));
#79 = ORIENTED_EDGE('',*,*,#80,.F.);
#80 = EDGE_CURVE('',#81,#73,#83,.T.);
#81 = VERTEX_POINT('',#82);
#82 = CARTESIAN_POINT('',(-12.90797034515,16.771041304859,
    61.011158502818));
#83 = LINE('',#84,#85);
#84 = CARTESIAN_POINT('',(-12.90797034515,16.302809015588,
    60.323023134478));
#85 = VECTOR('',#86,1.);
#86 = DIRECTION('',(-9.466621700717E-14,-0.562556660265,-0.826758733847)
  );
#87 = ORIENTED_EDGE('',*,*,#88,.F.);
#88 = EDGE_CURVE('',#89,#81,#91,.T.);
#89 = VERTEX_POINT('',#90);
#90 = CARTESIAN_POINT('',(-12.90797034515,16.805666089427,
    61.011158502818));
#91 = LINE('',#92,#93);
#92 = CARTESIAN_POINT('',(-12.90797034515,44.410089395979,
    61.011158502819));
#93 = VECTOR('',#94,1.);
#94 = DIRECTION('',(-1.528187327934E-13,-1.,-2.849927421363E-14));
#95 = ORIENTED_EDGE('',*,*,#96,.T.);
#96 = EDGE_CURVE('',#89,#97,#99,.T.);
#97 = VERTEX_POINT('',#98);
#98 = CARTESIAN_POINT('',(-12.90797034515,16.805666089427,
    63.212499500277));
#99 = LINE('',#100,#101);
#100 = CARTESIAN_POINT('',(-12.90797034516,16.805666089428,
    47.606814130605));
#101 = VECTOR('',#102,1.);
#102 = DIRECTION('',(1.043938636351E-14,-4.074518500372E-14,1.));
#103 = ORIENTED_EDGE('',*,*,#104,.T.);
#104 = EDGE_CURVE('',#97,#105,#107,.T.);
#105 = VERTEX_POINT('',#106);
#106 = CARTESIAN_POINT('',(-12.90797034515,15.77692355047,
    63.212499500276));
#107 = LINE('',#108,#109);
#108 = CARTESIAN_POINT('',(-12.90797034515,19.843859326786,
    63.212499500277));
#109 = VECTOR('',#110,1.);
#110 = DIRECTION('',(-1.528187327934E-13,-1.,-4.119927421363E-14));
#111 = ORIENTED_EDGE('',*,*,#112,.T.);
#112 = EDGE_CURVE('',#105,#113,#115,.T.);
#113 = VERTEX_POINT('',#114);
#114 = CARTESIAN_POINT('',(-12.90797034516,15.37692355047,
    63.612743317995));
#115 = LINE('',#116,#117);
#116 = CARTESIAN_POINT('',(-12.90797034515,24.086606128073,
    54.897751803033));
#117 = VECTOR('',#118,1.);
#118 = DIRECTION('',(-1.006438518014E-13,-0.706891307583,0.70732218915)
  );
#119 = ORIENTED_EDGE('',*,*,#120,.T.);
#120 = EDGE_CURVE('',#113,#121,#123,.T.);
#121 = VERTEX_POINT('',#122);
#122 = CARTESIAN_POINT('',(-12.90797034516,15.37692355047,
    64.813474771154));
#123 = LINE('',#124,#125);
#124 = CARTESIAN_POINT('',(-12.90797034516,15.37692355047,
    49.389195566598));
#125 = VECTOR('',#126,1.);
#126 = DIRECTION('',(1.043938636351E-14,-4.074518500372E-14,1.));
#127 = ORIENTED_EDGE('',*,*,#128,.T.);
#128 = EDGE_CURVE('',#121,#129,#131,.T.);
#129 = VERTEX_POINT('',#130);
#130 = CARTESIAN_POINT('',(-12.90797034515,15.77692355047,
    65.213718588873));
#131 = LINE('',#132,#133);
#132 = CARTESIAN_POINT('',(-12.90797034516,8.802048358802,
    58.234591901798));
#133 = VECTOR('',#134,1.);
#134 = DIRECTION('',(1.154089589382E-13,0.706891307583,0.70732218915));
#135 = ORIENTED_EDGE('',*,*,#136,.T.);
#136 = EDGE_CURVE('',#129,#137,#139,.T.);
#137 = VERTEX_POINT('',#138);
#138 = CARTESIAN_POINT('',(-12.90797034515,16.805666089427,
    65.213718588874));
#139 = LINE('',#140,#141);
#140 = CARTESIAN_POINT('',(-12.90797034515,19.843859326786,
    65.213718588874));
#141 = VECTOR('',#142,1.);
#142 = DIRECTION('',(1.528187327934E-13,1.,4.119927421363E-14));
#143 = ORIENTED_EDGE('',*,*,#144,.T.);
#144 = EDGE_CURVE('',#137,#145,#147,.T.);
#145 = VERTEX_POINT('',#146);
#146 = CARTESIAN_POINT('',(-12.90797034515,16.805666089427,
    67.41505958633));
#147 = LINE('',#148,#149);
#148 = CARTESIAN_POINT('',(-12.90797034516,16.805666089428,
    47.606814130605));
#149 = VECTOR('',#150,1.);
#150 = DIRECTION('',(1.043938636351E-14,-4.074518500372E-14,1.));
#151 = ORIENTED_EDGE('',*,*,#152,.T.);
#152 = EDGE_CURVE('',#145,#153,#155,.T.);
#153 = VERTEX_POINT('',#154);
#154 = CARTESIAN_POINT('',(-12.90797034515,15.77692355047,67.41505958633
    ));
#155 = LINE('',#156,#157);
#156 = CARTESIAN_POINT('',(-12.90797034515,19.843859326785,
    67.415059586331));
#157 = VECTOR('',#158,1.);
#158 = DIRECTION('',(-1.528187327934E-13,-1.,-5.285927421363E-14));
#159 = ORIENTED_EDGE('',*,*,#160,.T.);
#160 = EDGE_CURVE('',#153,#161,#163,.T.);
#161 = VERTEX_POINT('',#162);
#162 = CARTESIAN_POINT('',(-12.90797034515,15.37692355047,
    67.815303404049));
#163 = LINE('',#164,#165);
#164 = CARTESIAN_POINT('',(-12.90797034515,25.138525607432,
    58.047751218207));
#165 = VECTOR('',#166,1.);
#166 = DIRECTION('',(-1.006438518014E-13,-0.706891307583,0.70732218915)
  );
#167 = ORIENTED_EDGE('',*,*,#168,.T.);
#168 = EDGE_CURVE('',#161,#169,#171,.T.);
#169 = VERTEX_POINT('',#170);
#170 = CARTESIAN_POINT('',(-12.90797034515,15.37692355047,
    69.016034857208));
#171 = LINE('',#172,#173);
#172 = CARTESIAN_POINT('',(-12.90797034516,15.376923550471,
    51.487916303338));
#173 = VECTOR('',#174,1.);
#174 = DIRECTION('',(1.043938636351E-14,-5.239518500372E-14,1.));
#175 = ORIENTED_EDGE('',*,*,#176,.T.);
#176 = EDGE_CURVE('',#169,#177,#179,.T.);
#177 = VERTEX_POINT('',#178);
#178 = CARTESIAN_POINT('',(-12.90797034515,15.77692355047,
    69.416278674928));
#179 = LINE('',#180,#181);
#180 = CARTESIAN_POINT('',(-12.90797034516,7.746106364834,
    61.380566350461));
#181 = VECTOR('',#182,1.);
#182 = DIRECTION('',(1.154089589382E-13,0.706891307583,0.70732218915));
#183 = ORIENTED_EDGE('',*,*,#184,.F.);
#184 = EDGE_CURVE('',#185,#177,#187,.T.);
#185 = VERTEX_POINT('',#186);
#186 = CARTESIAN_POINT('',(-12.90797034515,16.805666089427,
    69.416278674928));
#187 = LINE('',#188,#189);
#188 = CARTESIAN_POINT('',(-12.90797034515,42.268458572428,
    69.416278674929));
#189 = VECTOR('',#190,1.);
#190 = DIRECTION('',(-1.528187327934E-13,-1.,-4.119927421363E-14));
#191 = ORIENTED_EDGE('',*,*,#192,.T.);
#192 = EDGE_CURVE('',#185,#193,#195,.T.);
#193 = VERTEX_POINT('',#194);
#194 = CARTESIAN_POINT('',(-12.90797034515,16.805666089427,
    71.612505228851));
#195 = LINE('',#196,#197);
#196 = CARTESIAN_POINT('',(-12.90797034515,16.805666089428,
    49.705536942442));
#197 = VECTOR('',#198,1.);
#198 = DIRECTION('',(9.359386363513E-15,-4.074518500372E-14,1.));
#199 = ORIENTED_EDGE('',*,*,#200,.T.);
#200 = EDGE_CURVE('',#193,#201,#203,.T.);
#201 = VERTEX_POINT('',#202);
#202 = CARTESIAN_POINT('',(-12.90797034515,15.776923550469,
    71.612505228851));
#203 = LINE('',#204,#205);
#204 = CARTESIAN_POINT('',(-12.90797034515,19.843859326785,
    71.612505228852));
#205 = VECTOR('',#206,1.);
#206 = DIRECTION('',(-1.528187327934E-13,-1.,-5.285927421363E-14));
#207 = ORIENTED_EDGE('',*,*,#208,.T.);
#208 = EDGE_CURVE('',#201,#209,#211,.T.);
#209 = VERTEX_POINT('',#210);
#210 = CARTESIAN_POINT('',(-12.90797034516,15.376923550469,
    72.012749046571));
#211 = LINE('',#212,#213);
#212 = CARTESIAN_POINT('',(-12.90797034515,26.187886827951,
    61.19519600806));
#213 = VECTOR('',#214,1.);
#214 = DIRECTION('',(-1.014138518014E-13,-0.706891307583,0.70732218915)
  );
#215 = ORIENTED_EDGE('',*,*,#216,.T.);
#216 = EDGE_CURVE('',#209,#217,#219,.T.);
#217 = VERTEX_POINT('',#218);
#218 = CARTESIAN_POINT('',(-12.90797034516,15.376923550469,
    73.213480499729));
#219 = LINE('',#220,#221);
#220 = CARTESIAN_POINT('',(-12.90797034516,15.37692355047,
    53.586639115175));
#221 = VECTOR('',#222,1.);
#222 = DIRECTION('',(9.359386363511E-15,-5.239518500372E-14,1.));
#223 = ORIENTED_EDGE('',*,*,#224,.T.);
#224 = EDGE_CURVE('',#217,#225,#227,.T.);
#225 = VERTEX_POINT('',#226);
#226 = CARTESIAN_POINT('',(-12.90797034515,15.776923550469,
    73.613724317449));
#227 = LINE('',#228,#229);
#228 = CARTESIAN_POINT('',(-12.90797034516,6.696745144315,
    64.528011140314));
#229 = VECTOR('',#230,1.);
#230 = DIRECTION('',(1.146489589382E-13,0.706891307583,0.70732218915));
#231 = ORIENTED_EDGE('',*,*,#232,.T.);
#232 = EDGE_CURVE('',#225,#233,#235,.T.);
#233 = VERTEX_POINT('',#234);
#234 = CARTESIAN_POINT('',(-12.90797034515,23.897303782615,
    73.61372431745));
#235 = LINE('',#236,#237);
#236 = CARTESIAN_POINT('',(-12.90797034515,19.843859326785,
    73.61372431745));
#237 = VECTOR('',#238,1.);
#238 = DIRECTION('',(1.528187327934E-13,1.,4.119927421363E-14));
#239 = ORIENTED_EDGE('',*,*,#240,.T.);
#240 = EDGE_CURVE('',#233,#241,#243,.T.);
#241 = VERTEX_POINT('',#242);
#242 = CARTESIAN_POINT('',(-12.90797034515,24.297303782615,
    73.21348049973));
#243 = LINE('',#244,#245);
#244 = CARTESIAN_POINT('',(-12.90797034515,32.952282640214,
    64.553226049113));
#245 = VECTOR('',#246,1.);
#246 = DIRECTION('',(1.014138518014E-13,0.706891307583,-0.70732218915));
#247 = ORIENTED_EDGE('',*,*,#248,.T.);
#248 = EDGE_CURVE('',#241,#249,#251,.T.);
#249 = VERTEX_POINT('',#250);
#250 = CARTESIAN_POINT('',(-12.90797034515,24.297303782615,
    72.012749046571));
#251 = LINE('',#252,#253);
#252 = CARTESIAN_POINT('',(-12.90797034515,24.297303782616,
    53.71440353199));
#253 = VECTOR('',#254,1.);
#254 = DIRECTION('',(-9.359386363511E-15,5.239518500372E-14,-1.));
#255 = ORIENTED_EDGE('',*,*,#256,.T.);
#256 = EDGE_CURVE('',#249,#257,#259,.T.);
#257 = VERTEX_POINT('',#258);
#258 = CARTESIAN_POINT('',(-12.90797034515,23.897303782615,
    71.612505228851));
#259 = LINE('',#260,#261);
#260 = CARTESIAN_POINT('',(-12.90797034516,13.525023153125,
    61.23390223484));
#261 = VECTOR('',#262,1.);
#262 = DIRECTION('',(-1.146489589382E-13,-0.706891307583,-0.70732218915)
  );
#263 = ORIENTED_EDGE('',*,*,#264,.T.);
#264 = EDGE_CURVE('',#257,#265,#267,.T.);
#265 = VERTEX_POINT('',#266);
#266 = CARTESIAN_POINT('',(-12.90797034515,22.868561243658,
    71.612505228852));
#267 = LINE('',#268,#269);
#268 = CARTESIAN_POINT('',(-12.90797034515,19.843859326785,
    71.612505228852));
#269 = VECTOR('',#270,1.);
#270 = DIRECTION('',(-1.528187327934E-13,-1.,-5.285927421363E-14));
#271 = ORIENTED_EDGE('',*,*,#272,.T.);
#272 = EDGE_CURVE('',#265,#273,#275,.T.);
#273 = VERTEX_POINT('',#274);
#274 = CARTESIAN_POINT('',(-12.90797034515,22.868561243658,
    69.416278674929));
#275 = LINE('',#276,#277);
#276 = CARTESIAN_POINT('',(-12.90797034515,22.868561243659,
    49.589075807099));
#277 = VECTOR('',#278,1.);
#278 = DIRECTION('',(-9.359386363513E-15,4.074518500372E-14,-1.));
#279 = ORIENTED_EDGE('',*,*,#280,.F.);
#280 = EDGE_CURVE('',#281,#273,#283,.T.);
#281 = VERTEX_POINT('',#282);
#282 = CARTESIAN_POINT('',(-12.90797034515,23.897303782615,
    69.416278674928));
#283 = LINE('',#284,#285);
#284 = CARTESIAN_POINT('',(-12.90797034515,42.268458572428,
    69.416278674929));
#285 = VECTOR('',#286,1.);
#286 = DIRECTION('',(-1.528187327934E-13,-1.,-4.119927421363E-14));
#287 = ORIENTED_EDGE('',*,*,#288,.T.);
#288 = EDGE_CURVE('',#281,#289,#291,.T.);
#289 = VERTEX_POINT('',#290);
#290 = CARTESIAN_POINT('',(-12.90797034515,24.297303782616,
    69.016034857209));
#291 = LINE('',#292,#293);
#292 = CARTESIAN_POINT('',(-12.90797034515,31.902921419696,
    61.40578125926));
#293 = VECTOR('',#294,1.);
#294 = DIRECTION('',(1.006438518014E-13,0.706891307583,-0.70732218915));
#295 = ORIENTED_EDGE('',*,*,#296,.T.);
#296 = EDGE_CURVE('',#289,#297,#299,.T.);
#297 = VERTEX_POINT('',#298);
#298 = CARTESIAN_POINT('',(-12.90797034515,24.297303782616,
    67.81530340405));
#299 = LINE('',#300,#301);
#300 = CARTESIAN_POINT('',(-12.90797034515,24.297303782616,
    51.615680720153));
#301 = VECTOR('',#302,1.);
#302 = DIRECTION('',(-1.043938636351E-14,5.239518500372E-14,-1.));
#303 = ORIENTED_EDGE('',*,*,#304,.T.);
#304 = EDGE_CURVE('',#297,#305,#307,.T.);
#305 = VERTEX_POINT('',#306);
#306 = CARTESIAN_POINT('',(-12.90797034515,23.897303782616,
    67.415059586331));
#307 = LINE('',#308,#309);
#308 = CARTESIAN_POINT('',(-12.90797034516,14.574384373644,
    58.086457444987));
#309 = VECTOR('',#310,1.);
#310 = DIRECTION('',(-1.154089589382E-13,-0.706891307583,-0.70732218915)
  );
#311 = ORIENTED_EDGE('',*,*,#312,.T.);
#312 = EDGE_CURVE('',#305,#313,#315,.T.);
#313 = VERTEX_POINT('',#314);
#314 = CARTESIAN_POINT('',(-12.90797034515,22.868561243658,
    67.415059586331));
#315 = LINE('',#316,#317);
#316 = CARTESIAN_POINT('',(-12.90797034515,19.843859326785,
    67.415059586331));
#317 = VECTOR('',#318,1.);
#318 = DIRECTION('',(-1.528187327934E-13,-1.,-5.285927421363E-14));
#319 = ORIENTED_EDGE('',*,*,#320,.T.);
#320 = EDGE_CURVE('',#313,#321,#323,.T.);
#321 = VERTEX_POINT('',#322);
#322 = CARTESIAN_POINT('',(-12.90797034515,22.868561243658,
    65.213718588875));
#323 = LINE('',#324,#325);
#324 = CARTESIAN_POINT('',(-12.90797034515,22.868561243659,
    47.490352995262));
#325 = VECTOR('',#326,1.);
#326 = DIRECTION('',(-1.043938636351E-14,4.074518500372E-14,-1.));
#327 = ORIENTED_EDGE('',*,*,#328,.T.);
#328 = EDGE_CURVE('',#321,#329,#331,.T.);
#329 = VERTEX_POINT('',#330);
#330 = CARTESIAN_POINT('',(-12.90797034515,23.897303782616,
    65.213718588874));
#331 = LINE('',#332,#333);
#332 = CARTESIAN_POINT('',(-12.90797034515,19.843859326786,
    65.213718588874));
#333 = VECTOR('',#334,1.);
#334 = DIRECTION('',(1.528187327934E-13,1.,4.119927421363E-14));
#335 = ORIENTED_EDGE('',*,*,#336,.T.);
#336 = EDGE_CURVE('',#329,#337,#339,.T.);
#337 = VERTEX_POINT('',#338);
#338 = CARTESIAN_POINT('',(-12.90797034515,24.297303782616,
    64.813474771155));
#339 = LINE('',#340,#341);
#340 = CARTESIAN_POINT('',(-12.90797034515,30.846979425728,
    58.259806810596));
#341 = VECTOR('',#342,1.);
#342 = DIRECTION('',(1.006438518014E-13,0.706891307583,-0.70732218915));
#343 = ORIENTED_EDGE('',*,*,#344,.T.);
#344 = EDGE_CURVE('',#337,#345,#347,.T.);
#345 = VERTEX_POINT('',#346);
#346 = CARTESIAN_POINT('',(-12.90797034515,24.297303782616,
    63.612743317996));
#347 = LINE('',#348,#349);
#348 = CARTESIAN_POINT('',(-12.90797034515,24.297303782616,
    49.516959983413));
#349 = VECTOR('',#350,1.);
#350 = DIRECTION('',(-1.043938636351E-14,4.074518500372E-14,-1.));
#351 = ORIENTED_EDGE('',*,*,#352,.T.);
#352 = EDGE_CURVE('',#345,#353,#355,.T.);
#353 = VERTEX_POINT('',#354);
#354 = CARTESIAN_POINT('',(-12.90797034515,23.897303782616,
    63.212499500276));
#355 = LINE('',#356,#357);
#356 = CARTESIAN_POINT('',(-12.90797034516,15.626303853004,
    54.936458029811));
#357 = VECTOR('',#358,1.);
#358 = DIRECTION('',(-1.154089589382E-13,-0.706891307583,-0.70732218915)
  );
#359 = ORIENTED_EDGE('',*,*,#360,.T.);
#360 = EDGE_CURVE('',#353,#361,#363,.T.);
#361 = VERTEX_POINT('',#362);
#362 = CARTESIAN_POINT('',(-12.90797034515,22.868561243658,
    63.212499500277));
#363 = LINE('',#364,#365);
#364 = CARTESIAN_POINT('',(-12.90797034515,19.843859326786,
    63.212499500277));
#365 = VECTOR('',#366,1.);
#366 = DIRECTION('',(-1.528187327934E-13,-1.,-4.119927421363E-14));
#367 = ORIENTED_EDGE('',*,*,#368,.T.);
#368 = EDGE_CURVE('',#361,#369,#371,.T.);
#369 = VERTEX_POINT('',#370);
#370 = CARTESIAN_POINT('',(-12.90797034515,22.868561243658,
    61.011158502818));
#371 = LINE('',#372,#373);
#372 = CARTESIAN_POINT('',(-12.90797034515,22.868561243659,
    47.490352995262));
#373 = VECTOR('',#374,1.);
#374 = DIRECTION('',(-1.043938636351E-14,4.074518500372E-14,-1.));
#375 = ORIENTED_EDGE('',*,*,#376,.F.);
#376 = EDGE_CURVE('',#377,#369,#379,.T.);
#377 = VERTEX_POINT('',#378);
#378 = CARTESIAN_POINT('',(-12.90797034515,22.90340713633,
    61.011158502818));
#379 = LINE('',#380,#381);
#380 = CARTESIAN_POINT('',(-12.90797034515,44.410089395979,
    61.011158502819));
#381 = VECTOR('',#382,1.);
#382 = DIRECTION('',(-1.528187327934E-13,-1.,-2.849927421363E-14));
#383 = ORIENTED_EDGE('',*,*,#384,.F.);
#384 = EDGE_CURVE('',#385,#377,#387,.T.);
#385 = VERTEX_POINT('',#386);
#386 = CARTESIAN_POINT('',(-12.90797034515,24.79938686959,
    58.224740859252));
#387 = LINE('',#388,#389);
#388 = CARTESIAN_POINT('',(-12.90797034515,37.302064082076,
    39.850240454231));
#389 = VECTOR('',#390,1.);
#390 = DIRECTION('',(-7.727344414962E-14,-0.562556660265,0.826758733847)
  );
#391 = ORIENTED_EDGE('',*,*,#392,.F.);
#392 = EDGE_CURVE('',#393,#385,#395,.T.);
#393 = VERTEX_POINT('',#394);
#394 = CARTESIAN_POINT('',(-12.90797034515,30.20822425891,
    58.224740859252));
#395 = LINE('',#396,#397);
#396 = CARTESIAN_POINT('',(-12.90797034515,47.530025735512,
    58.224740859253));
#397 = VECTOR('',#398,1.);
#398 = DIRECTION('',(-1.528187327934E-13,-1.,-4.118927421363E-14));
#399 = ORIENTED_EDGE('',*,*,#400,.F.);
#400 = EDGE_CURVE('',#401,#393,#403,.T.);
#401 = VERTEX_POINT('',#402);
#402 = CARTESIAN_POINT('',(-12.90797034515,30.80822425891,
    57.624740859252));
#403 = CIRCLE('',#404,0.6);
#404 = AXIS2_PLACEMENT_3D('',#405,#406,#407);
#405 = CARTESIAN_POINT('',(-12.90797034515,30.20822425891,
    57.624740859252));
#406 = DIRECTION('',(1.,-1.528187327934E-13,-1.051938636352E-14));
#407 = DIRECTION('',(1.154974916821E-13,0.707106781187,0.707106781187));
#408 = ORIENTED_EDGE('',*,*,#409,.F.);
#409 = EDGE_CURVE('',#410,#401,#412,.T.);
#410 = VERTEX_POINT('',#411);
#411 = CARTESIAN_POINT('',(-12.90797034515,30.80822425891,43.39612025367
    ));
#412 = LINE('',#413,#414);
#413 = CARTESIAN_POINT('',(-12.90797034515,30.80822425891,
    43.764979661711));
#414 = VECTOR('',#415,1.);
#415 = DIRECTION('',(1.043938636351E-14,-4.074518500372E-14,1.));
#416 = ORIENTED_EDGE('',*,*,#417,.F.);
#417 = EDGE_CURVE('',#418,#410,#420,.T.);
#418 = VERTEX_POINT('',#419);
#419 = CARTESIAN_POINT('',(-12.90797034515,38.641089811363,
    36.181638823779));
#420 = LINE('',#421,#422);
#421 = CARTESIAN_POINT('',(-12.90797034515,44.122441808411,
    31.133025142288));
#422 = VECTOR('',#423,1.);
#423 = DIRECTION('',(-1.06072117308E-13,-0.735545105159,0.677475754752)
  );
#424 = ORIENTED_EDGE('',*,*,#425,.F.);
#425 = EDGE_CURVE('',#426,#418,#428,.T.);
#426 = VERTEX_POINT('',#427);
#427 = CARTESIAN_POINT('',(-12.90797034515,41.621983132271,
    35.018037286479));
#428 = CIRCLE('',#429,4.4);
#429 = AXIS2_PLACEMENT_3D('',#430,#431,#432);
#430 = CARTESIAN_POINT('',(-12.90797034515,41.621983132271,
    39.418037286479));
#431 = DIRECTION('',(-1.,1.528187327934E-13,9.359386363519E-15));
#432 = DIRECTION('',(-6.428828851595E-14,-0.363630921981,-0.93154310291)
  );
#433 = ORIENTED_EDGE('',*,*,#434,.F.);
#434 = EDGE_CURVE('',#435,#426,#437,.T.);
#435 = VERTEX_POINT('',#436);
#436 = CARTESIAN_POINT('',(-12.90797034515,42.542576001829,
    35.018037286479));
#437 = LINE('',#438,#439);
#438 = CARTESIAN_POINT('',(-12.90797034515,41.849237643452,
    35.018037286479));
#439 = VECTOR('',#440,1.);
#440 = DIRECTION('',(-1.528187327934E-13,-1.,-4.118927421363E-14));
#441 = ORIENTED_EDGE('',*,*,#442,.F.);
#442 = EDGE_CURVE('',#443,#435,#445,.T.);
#443 = VERTEX_POINT('',#444);
#444 = CARTESIAN_POINT('',(-12.90797034515,46.142576001829,
    31.418037286479));
#445 = CIRCLE('',#446,3.6);
#446 = AXIS2_PLACEMENT_3D('',#447,#448,#449);
#447 = CARTESIAN_POINT('',(-12.90797034515,42.542576001829,
    31.418037286479));
#448 = DIRECTION('',(1.,-1.528187327934E-13,-8.359386363519E-15));
#449 = DIRECTION('',(1.139701410347E-13,0.707106781187,0.707106781187));
#450 = ORIENTED_EDGE('',*,*,#451,.F.);
#451 = EDGE_CURVE('',#452,#443,#454,.T.);
#452 = VERTEX_POINT('',#453);
#453 = CARTESIAN_POINT('',(-12.90797034515,46.14257600183,
    15.064120921278));
#454 = LINE('',#455,#456);
#455 = CARTESIAN_POINT('',(-12.90797034515,46.14257600183,
    22.054477494247));
#456 = VECTOR('',#457,1.);
#457 = DIRECTION('',(8.359386363513E-15,-4.089518500372E-14,1.));
#458 = ORIENTED_EDGE('',*,*,#459,.F.);
#459 = EDGE_CURVE('',#460,#452,#462,.T.);
#460 = VERTEX_POINT('',#461);
#461 = CARTESIAN_POINT('',(-12.90797034515,46.846283213787,
    13.849552539787));
#462 = CIRCLE('',#463,1.4);
#463 = AXIS2_PLACEMENT_3D('',#464,#465,#466);
#464 = CARTESIAN_POINT('',(-12.90797034515,47.54257600183,
    15.064120921278));
#465 = DIRECTION('',(-1.,1.528187327934E-13,8.359386363519E-15));
#466 = DIRECTION('',(-1.364187827894E-13,-0.865260651902,-0.50132225591)
  );
#467 = ORIENTED_EDGE('',*,*,#468,.F.);
#468 = EDGE_CURVE('',#469,#460,#471,.T.);
#469 = VERTEX_POINT('',#470);
#470 = CARTESIAN_POINT('',(-12.90797034515,47.95357600183,
    12.744699722555));
#471 = CIRCLE('',#472,3.);
#472 = AXIS2_PLACEMENT_3D('',#473,#474,#475);
#473 = CARTESIAN_POINT('',(-12.90797034515,45.354227239409,
    11.246906008019));
#474 = DIRECTION('',(1.,-1.528187327934E-13,-8.359386363519E-15));
#475 = DIRECTION('',(1.528187327934E-13,1.,4.118927421363E-14));
#476 = ORIENTED_EDGE('',*,*,#477,.T.);
#477 = EDGE_CURVE('',#469,#478,#480,.T.);
#478 = VERTEX_POINT('',#479);
#479 = CARTESIAN_POINT('',(-12.90797034515,47.95357600183,
    11.347053422467));
#480 = LINE('',#481,#482);
#481 = CARTESIAN_POINT('',(-12.90797034515,47.953576001829,
    31.627994072772));
#482 = VECTOR('',#483,1.);
#483 = DIRECTION('',(-9.439386363513E-15,3.981518500372E-14,-1.));
#484 = ORIENTED_EDGE('',*,*,#485,.T.);
#485 = EDGE_CURVE('',#478,#486,#488,.T.);
#486 = VERTEX_POINT('',#487);
#487 = CARTESIAN_POINT('',(-12.90797034515,47.95357600183,
    11.146758593571));
#488 = CIRCLE('',#489,2.601277281129);
#489 = AXIS2_PLACEMENT_3D('',#490,#491,#492);
#490 = CARTESIAN_POINT('',(-12.90797034515,45.354227239409,
    11.246906008019));
#491 = DIRECTION('',(-1.,1.528187327934E-13,9.439386363519E-15));
#492 = DIRECTION('',(1.528187327934E-13,1.,4.118927421363E-14));
#493 = ORIENTED_EDGE('',*,*,#494,.F.);
#494 = EDGE_CURVE('',#495,#486,#497,.T.);
#495 = VERTEX_POINT('',#496);
#496 = CARTESIAN_POINT('',(-12.90797034515,47.95357600183,9.240245175899
    ));
#497 = LINE('',#498,#499);
#498 = CARTESIAN_POINT('',(-12.90797034515,47.953576001829,
    32.374307191454));
#499 = VECTOR('',#500,1.);
#500 = DIRECTION('',(8.359386363513E-15,-4.089518500372E-14,1.));
#501 = ORIENTED_EDGE('',*,*,#502,.F.);
#502 = EDGE_CURVE('',#503,#495,#505,.T.);
#503 = VERTEX_POINT('',#504);
#504 = CARTESIAN_POINT('',(-12.90797034515,45.261170260511,
    6.736814228859));
#505 = CIRCLE('',#506,2.510062836194);
#506 = AXIS2_PLACEMENT_3D('',#507,#508,#509);
#507 = CARTESIAN_POINT('',(-12.90797034515,45.443513165636,
    9.240245175899));
#508 = DIRECTION('',(1.,-1.528187327934E-13,-1.051938636352E-14));
#509 = DIRECTION('',(9.627534497173E-14,0.680440078173,-0.732803725438)
  );
#510 = ORIENTED_EDGE('',*,*,#511,.F.);
#511 = EDGE_CURVE('',#512,#503,#514,.T.);
#512 = VERTEX_POINT('',#513);
#513 = CARTESIAN_POINT('',(-12.90797034515,45.218369190662,
    6.219906848658));
#514 = LINE('',#515,#516);
#515 = CARTESIAN_POINT('',(-12.90797034515,46.331832322681,
    19.667171427809));
#516 = VECTOR('',#517,1.);
#517 = DIRECTION('',(2.27484072028E-14,8.251979994135E-02,0.996589425299
    ));
#518 = ORIENTED_EDGE('',*,*,#519,.T.);
#519 = EDGE_CURVE('',#512,#520,#522,.T.);
#520 = VERTEX_POINT('',#521);
#521 = CARTESIAN_POINT('',(-12.90797034515,45.761450308043,
    3.794766111004));
#522 = CIRCLE('',#523,4.165533243496);
#523 = AXIS2_PLACEMENT_3D('',#524,#525,#526);
#524 = CARTESIAN_POINT('',(-12.90797034515,49.369695571862,
    5.876167878756));
#525 = DIRECTION('',(1.,7.613535357723E-10,-7.86952925047E-09));
#526 = DIRECTION('',(-7.61353535772E-10,1.,4.130029651577E-14));
#527 = ORIENTED_EDGE('',*,*,#528,.F.);
#528 = EDGE_CURVE('',#529,#520,#531,.T.);
#529 = VERTEX_POINT('',#530);
#530 = CARTESIAN_POINT('',(-12.90797034515,46.304151497458,
    2.628855891446));
#531 = CIRCLE('',#532,0.878972464496);
#532 = AXIS2_PLACEMENT_3D('',#533,#534,#535);
#533 = CARTESIAN_POINT('',(-12.90797034515,45.489504342596,2.95892044031
    ));
#534 = DIRECTION('',(1.,7.613535357723E-10,-7.86952925047E-09));
#535 = DIRECTION('',(-7.61353535772E-10,1.,4.130029651577E-14));
#536 = ORIENTED_EDGE('',*,*,#537,.F.);
#537 = EDGE_CURVE('',#538,#529,#540,.T.);
#538 = VERTEX_POINT('',#539);
#539 = CARTESIAN_POINT('',(-12.90797036096,42.970724419354,
    0.148411339598));
#540 = CIRCLE('',#541,4.);
#541 = AXIS2_PLACEMENT_3D('',#542,#543,#544);
#542 = CARTESIAN_POINT('',(-12.90797034515,42.596881075376,
    4.130903166854));
#543 = DIRECTION('',(1.,7.613535357723E-10,-7.86952925047E-09));
#544 = DIRECTION('',(-7.61353535772E-10,1.,4.130029651577E-14));
#545 = ORIENTED_EDGE('',*,*,#546,.F.);
#546 = EDGE_CURVE('',#547,#538,#549,.T.);
#547 = VERTEX_POINT('',#548);
#548 = CARTESIAN_POINT('',(-12.90797034515,43.344086978889,
    -1.546277021171));
#549 = LINE('',#550,#551);
#550 = CARTESIAN_POINT('',(-12.90797034515,40.411952334709,
    11.762648383362));
#551 = VECTOR('',#552,1.);
#552 = DIRECTION('',(-2.471491943221E-14,-0.215153706517,0.976580197716)
  );
#553 = ORIENTED_EDGE('',*,*,#554,.F.);
#554 = EDGE_CURVE('',#555,#547,#557,.T.);
#555 = VERTEX_POINT('',#556);
#556 = CARTESIAN_POINT('',(-12.90797034515,37.667123007059,
    -3.823463317323));
#557 = B_SPLINE_CURVE_WITH_KNOTS('',3,(#558,#559,#560,#561,#562,#563,
    #564,#565,#566),.UNSPECIFIED.,.F.,.F.,(4,1,2,2,4),(0.,0.337931993039
    ,0.563219988399,0.919602807503,1.010742328193),.UNSPECIFIED.);
#558 = CARTESIAN_POINT('',(-12.90797034515,37.667123007059,
    -3.823463317323));
#559 = CARTESIAN_POINT('',(-12.90797034515,38.190786153184,
    -4.689062257978));
#560 = CARTESIAN_POINT('',(-12.90797034515,39.722007957316,
    -5.719212833207));
#561 = CARTESIAN_POINT('',(-12.90797034515,41.418553594627,
    -5.349279832432));
#562 = CARTESIAN_POINT('',(-12.90797034515,42.864641461429,
    -4.457912443608));
#563 = CARTESIAN_POINT('',(-12.90797034515,43.414579689689,
    -3.421161064456));
#564 = CARTESIAN_POINT('',(-12.90797034515,43.429625860444,
    -2.084578601405));
#565 = CARTESIAN_POINT('',(-12.90797034515,43.402755437352,
    -1.81257247893));
#566 = CARTESIAN_POINT('',(-12.90797034515,43.344086978889,
    -1.54627702117));
#567 = ORIENTED_EDGE('',*,*,#568,.F.);
#568 = EDGE_CURVE('',#569,#555,#571,.T.);
#569 = VERTEX_POINT('',#570);
#570 = CARTESIAN_POINT('',(-12.90797034515,36.708701662993,
    -2.239222558234));
#571 = LINE('',#572,#573);
#572 = CARTESIAN_POINT('',(-12.90797034515,29.223438104605,
    10.133685970088));
#573 = VECTOR('',#574,1.);
#574 = DIRECTION('',(7.102595646084E-14,0.51762036049,-0.8556104034));
#575 = ORIENTED_EDGE('',*,*,#576,.F.);
#576 = EDGE_CURVE('',#577,#569,#579,.T.);
#577 = VERTEX_POINT('',#578);
#578 = CARTESIAN_POINT('',(-12.90797034515,36.708701662978,
    3.277429822126));
#579 = LINE('',#580,#581);
#580 = CARTESIAN_POINT('',(-12.90797034515,36.708701662948,
    14.769019803665));
#581 = VECTOR('',#582,1.);
#582 = DIRECTION('',(-9.439386363111E-15,2.665765185004E-12,-1.));
#583 = ORIENTED_EDGE('',*,*,#584,.F.);
#584 = EDGE_CURVE('',#585,#577,#587,.T.);
#585 = VERTEX_POINT('',#586);
#586 = CARTESIAN_POINT('',(-12.90797034515,33.371281287462,
    3.277429822125));
#587 = LINE('',#588,#589);
#588 = CARTESIAN_POINT('',(-12.90797034515,48.707543450864,3.27742982213
    ));
#589 = VECTOR('',#590,1.);
#590 = DIRECTION('',(1.528187327934E-13,1.,2.707392742136E-13));
#591 = ORIENTED_EDGE('',*,*,#592,.F.);
#592 = EDGE_CURVE('',#593,#585,#595,.T.);
#593 = VERTEX_POINT('',#594);
#594 = CARTESIAN_POINT('',(-12.90797034515,30.59345608771,7.86908873114)
  );
#595 = LINE('',#596,#597);
#596 = CARTESIAN_POINT('',(-12.90797034515,29.223438104605,
    10.133685970088));
#597 = VECTOR('',#598,1.);
#598 = DIRECTION('',(7.102595646084E-14,0.51762036049,-0.8556104034));
#599 = ORIENTED_EDGE('',*,*,#600,.F.);
#600 = EDGE_CURVE('',#601,#593,#603,.T.);
#601 = VERTEX_POINT('',#602);
#602 = CARTESIAN_POINT('',(-12.90797034515,25.973159909352,
    10.473938784492));
#603 = CIRCLE('',#604,5.4);
#604 = AXIS2_PLACEMENT_3D('',#605,#606,#607);
#605 = CARTESIAN_POINT('',(-12.90797034515,25.973159909352,
    5.073938784492));
#606 = DIRECTION('',(-1.,1.528187327934E-13,9.439386363519E-15));
#607 = DIRECTION('',(8.327355261891E-14,0.491110801912,0.871097112982));
#608 = ORIENTED_EDGE('',*,*,#609,.F.);
#609 = EDGE_CURVE('',#610,#601,#612,.T.);
#610 = VERTEX_POINT('',#611);
#611 = CARTESIAN_POINT('',(-12.90797034516,13.70128853185,
    10.473938784491));
#612 = LINE('',#613,#614);
#613 = CARTESIAN_POINT('',(-12.90797034515,41.849192821539,
    10.473938784492));
#614 = VECTOR('',#615,1.);
#615 = DIRECTION('',(1.528187327934E-13,1.,4.378927421363E-14));
#616 = ORIENTED_EDGE('',*,*,#617,.F.);
#617 = EDGE_CURVE('',#618,#610,#620,.T.);
#618 = VERTEX_POINT('',#619);
#619 = CARTESIAN_POINT('',(-12.90797034516,9.080992353492,7.869088731139
    ));
#620 = CIRCLE('',#621,5.4);
#621 = AXIS2_PLACEMENT_3D('',#622,#623,#624);
#622 = CARTESIAN_POINT('',(-12.90797034516,13.70128853185,5.073938784491
    ));
#623 = DIRECTION('',(-1.,1.528187327934E-13,9.439386363519E-15));
#624 = DIRECTION('',(-6.682830819976E-14,-0.491110801912,0.871097112982)
  );
#625 = ORIENTED_EDGE('',*,*,#626,.F.);
#626 = EDGE_CURVE('',#627,#618,#629,.T.);
#627 = VERTEX_POINT('',#628);
#628 = CARTESIAN_POINT('',(-12.90797034516,6.303165787821,3.277427564302
    ));
#629 = LINE('',#630,#631);
#630 = CARTESIAN_POINT('',(-12.90797034515,17.978474715498,
    22.576351145983));
#631 = VECTOR('',#632,1.);
#632 = DIRECTION('',(8.718420957809E-14,0.51762036049,0.8556104034));
#633 = ORIENTED_EDGE('',*,*,#634,.T.);
#634 = EDGE_CURVE('',#627,#635,#637,.T.);
#635 = VERTEX_POINT('',#636);
#636 = CARTESIAN_POINT('',(-12.90797034516,3.409000115937,3.277427564301
    ));
#637 = LINE('',#638,#639);
#638 = CARTESIAN_POINT('',(-12.90797034515,41.851216100852,
    3.277427564312));
#639 = VECTOR('',#640,1.);
#640 = DIRECTION('',(-1.528187327934E-13,-1.,-2.707392742136E-13));
#641 = ORIENTED_EDGE('',*,*,#642,.F.);
#642 = EDGE_CURVE('',#643,#635,#645,.T.);
#643 = VERTEX_POINT('',#644);
#644 = CARTESIAN_POINT('',(-12.90797034516,3.409000115937,
    -1.506538537186));
#645 = LINE('',#646,#647);
#646 = CARTESIAN_POINT('',(-12.90797034516,3.409000115936,
    14.769019803677));
#647 = VECTOR('',#648,1.);
#648 = DIRECTION('',(9.439386363511E-15,-5.031518500372E-14,1.));
#649 = ORIENTED_EDGE('',*,*,#650,.F.);
#650 = EDGE_CURVE('',#651,#643,#653,.T.);
#651 = VERTEX_POINT('',#652);
#652 = CARTESIAN_POINT('',(-12.90797034516,2.009313141656,-3.82017769845
    ));
#653 = LINE('',#654,#655);
#654 = CARTESIAN_POINT('',(-12.90797034515,17.978474715498,
    22.576351145983));
#655 = VECTOR('',#656,1.);
#656 = DIRECTION('',(8.625420957809E-14,0.51762036049,0.8556104034));
#657 = ORIENTED_EDGE('',*,*,#658,.F.);
#658 = EDGE_CURVE('',#659,#651,#661,.T.);
#659 = VERTEX_POINT('',#660);
#660 = CARTESIAN_POINT('',(-12.90797034516,-3.668811212808,
    -1.542521803072));
#661 = B_SPLINE_CURVE_WITH_KNOTS('',3,(#662,#663,#664,#665,#666,#667,
    #668,#669,#670,#671,#672,#673,#674,#675,#676,#677),.UNSPECIFIED.,.F.
  ,.F.,(4,3,3,3,3,4),(-2.868216367685E-05,0.154186091746,0.385508252611,
    0.590526499451,0.744290184581,0.898053869711),.UNSPECIFIED.);
#662 = CARTESIAN_POINT('',(-12.90797034516,-3.668811212808,
    -1.542521803072));
#663 = CARTESIAN_POINT('',(-12.90797034516,-3.780643146275,
    -2.050125731947));
#664 = CARTESIAN_POINT('',(-12.90797034516,-3.780402139416,
    -2.58154730984));
#665 = CARTESIAN_POINT('',(-12.90797034516,-3.660611766116,
    -3.081362080931));
#666 = CARTESIAN_POINT('',(-12.90797034516,-3.480926206166,
    -3.831084237568));
#667 = CARTESIAN_POINT('',(-12.90797034516,-3.032254571723,
    -4.509691078899));
#668 = CARTESIAN_POINT('',(-12.90797034516,-2.402152749531,
    -4.936765308846));
#669 = CARTESIAN_POINT('',(-12.90797034516,-1.843700544026,
    -5.315276427569));
#670 = CARTESIAN_POINT('',(-12.90797034516,-1.156354724956,
    -5.487590155949));
#671 = CARTESIAN_POINT('',(-12.90797034516,-0.484576045854,
    -5.426801266827));
#672 = CARTESIAN_POINT('',(-12.90797034516,1.92579634732E-02,
    -5.381209599986));
#673 = CARTESIAN_POINT('',(-12.90797034516,0.514335456568,
    -5.204497710799));
#674 = CARTESIAN_POINT('',(-12.90797034516,0.944840916123,
    -4.925002433321));
#675 = CARTESIAN_POINT('',(-12.90797034516,1.375346375678,
    -4.645507155843));
#676 = CARTESIAN_POINT('',(-12.90797034516,1.741279801694,
    -4.263228490073));
#677 = CARTESIAN_POINT('',(-12.90797034516,2.009313141656,-3.82017769845
    ));
#678 = ORIENTED_EDGE('',*,*,#679,.F.);
#679 = EDGE_CURVE('',#680,#659,#682,.T.);
#680 = VERTEX_POINT('',#681);
#681 = CARTESIAN_POINT('',(-12.90797034516,-3.307913953972,
    9.558670128894E-02));
#682 = LINE('',#683,#684);
#683 = CARTESIAN_POINT('',(-12.90797034516,2.570545657856,26.77784722529
    ));
#684 = VECTOR('',#685,1.);
#685 = DIRECTION('',(-3.998726639944E-14,-0.215153706517,-0.976580197717
    ));
#686 = ORIENTED_EDGE('',*,*,#687,.F.);
#687 = EDGE_CURVE('',#688,#680,#690,.T.);
#688 = VERTEX_POINT('',#689);
#689 = CARTESIAN_POINT('',(-12.90797034516,-3.417846691591,
    0.119806356799));
#690 = LINE('',#691,#692);
#691 = CARTESIAN_POINT('',(-12.90797034516,-17.77565099626,
    3.283023080649));
#692 = VECTOR('',#693,1.);
#693 = DIRECTION('',(1.472098729125E-13,0.976580197716,-0.215153706517)
  );
#694 = ORIENTED_EDGE('',*,*,#695,.T.);
#695 = EDGE_CURVE('',#688,#696,#698,.T.);
#696 = VERTEX_POINT('',#697);
#697 = CARTESIAN_POINT('',(-12.90797034516,-3.32475124765,0.542365505426
    ));
#698 = LINE('',#699,#700);
#699 = CARTESIAN_POINT('',(-12.90797034516,-0.852772545847,
    11.762648383361));
#700 = VECTOR('',#701,1.);
#701 = DIRECTION('',(4.104726639947E-14,0.215153706517,0.976580197716));
#702 = ORIENTED_EDGE('',*,*,#703,.T.);
#703 = EDGE_CURVE('',#696,#704,#706,.T.);
#704 = VERTEX_POINT('',#705);
#705 = CARTESIAN_POINT('',(-12.90797034516,-6.374244669434,
    2.779060587507));
#706 = CIRCLE('',#707,3.6);
#707 = AXIS2_PLACEMENT_3D('',#708,#709,#710);
#708 = CARTESIAN_POINT('',(-12.90797034516,-3.03770128956,4.130903135375
    ));
#709 = DIRECTION('',(-1.,1.528187327934E-13,8.359386363519E-15));
#710 = DIRECTION('',(-1.528187327934E-13,-1.,-4.300927421363E-14));
#711 = ORIENTED_EDGE('',*,*,#712,.T.);
#712 = EDGE_CURVE('',#704,#713,#715,.T.);
#713 = VERTEX_POINT('',#714);
#714 = CARTESIAN_POINT('',(-12.90797034516,-6.095863813887,
    3.408377165484));
#715 = CIRCLE('',#716,0.478972464496);
#716 = AXIS2_PLACEMENT_3D('',#717,#718,#719);
#717 = CARTESIAN_POINT('',(-12.90797034516,-5.930324556779,2.95892040883
    ));
#718 = DIRECTION('',(-1.,1.528187327934E-13,9.439386363519E-15));
#719 = DIRECTION('',(-1.011601037138E-13,-0.705723615158,0.708487246891)
  );
#720 = ORIENTED_EDGE('',*,*,#721,.T.);
#721 = EDGE_CURVE('',#713,#722,#724,.T.);
#722 = VERTEX_POINT('',#723);
#723 = CARTESIAN_POINT('',(-12.90797034516,-5.665393968938,
    3.231157999208));
#724 = CIRCLE('',#725,0.343904251095);
#725 = AXIS2_PLACEMENT_3D('',#726,#727,#728);
#726 = CARTESIAN_POINT('',(-12.90797034516,-5.977005928596,
    3.085665317196));
#727 = DIRECTION('',(-1.,1.528187327934E-13,9.439386363519E-15));
#728 = DIRECTION('',(6.690503586164E-14,0.380688967393,0.924703147018));
#729 = ORIENTED_EDGE('',*,*,#730,.T.);
#730 = EDGE_CURVE('',#722,#731,#733,.T.);
#731 = VERTEX_POINT('',#732);
#732 = CARTESIAN_POINT('',(-12.90797034516,-4.212268032487,
    7.109525454002));
#733 = CIRCLE('',#734,2.9);
#734 = AXIS2_PLACEMENT_3D('',#735,#736,#737);
#735 = CARTESIAN_POINT('',(-12.90797034516,-3.03770128956,4.45803663328)
  );
#736 = DIRECTION('',(1.,-1.528187327934E-13,-9.439386363519E-15));
#737 = DIRECTION('',(1.528187327934E-13,1.,4.300927421363E-14));
#738 = ORIENTED_EDGE('',*,*,#739,.T.);
#739 = EDGE_CURVE('',#731,#740,#742,.T.);
#740 = VERTEX_POINT('',#741);
#741 = CARTESIAN_POINT('',(-12.90797034516,-5.976075329067,
    6.725087424914));
#742 = CIRCLE('',#743,4.490098198916);
#743 = AXIS2_PLACEMENT_3D('',#744,#745,#746);
#744 = CARTESIAN_POINT('',(-12.90797034516,-6.03086114177,
    11.214851377577));
#745 = DIRECTION('',(-1.,1.528187327934E-13,9.439386363519E-15));
#746 = DIRECTION('',(-1.934466939946E-14,-6.494761781161E-02,
    -0.997888674623));
#747 = ORIENTED_EDGE('',*,*,#748,.T.);
#748 = EDGE_CURVE('',#740,#749,#751,.T.);
#749 = VERTEX_POINT('',#750);
#750 = CARTESIAN_POINT('',(-12.90797034516,-6.583396212969,
    7.325042760467));
#751 = CIRCLE('',#752,0.6);
#752 = AXIS2_PLACEMENT_3D('',#753,#754,#755);
#753 = CARTESIAN_POINT('',(-12.90797034516,-5.983396212969,
    7.325042760467));
#754 = DIRECTION('',(-1.,1.528187327934E-13,9.439386363519E-15));
#755 = DIRECTION('',(-1.141131494318E-13,-0.702779669182,-0.711407574169
    ));
#756 = ORIENTED_EDGE('',*,*,#757,.T.);
#757 = EDGE_CURVE('',#749,#758,#760,.T.);
#758 = VERTEX_POINT('',#759);
#759 = CARTESIAN_POINT('',(-12.90797034516,-6.58339621297,
    31.418037286477));
#760 = LINE('',#761,#762);
#761 = CARTESIAN_POINT('',(-12.90797034516,-6.583396212969,
    22.054477494245));
#762 = VECTOR('',#763,1.);
#763 = DIRECTION('',(9.439386363513E-15,-4.089518500372E-14,1.));
#764 = ORIENTED_EDGE('',*,*,#765,.T.);
#765 = EDGE_CURVE('',#758,#766,#768,.T.);
#766 = VERTEX_POINT('',#767);
#767 = CARTESIAN_POINT('',(-12.90797034516,-2.98339621297,
    35.018037286477));
#768 = CIRCLE('',#769,3.6);
#769 = AXIS2_PLACEMENT_3D('',#770,#771,#772);
#770 = CARTESIAN_POINT('',(-12.90797034516,-2.98339621297,
    31.418037286477));
#771 = DIRECTION('',(-1.,1.528187327934E-13,9.439386363519E-15));
#772 = DIRECTION('',(-1.013845081426E-13,-0.707106781187,0.707106781187)
  );
#773 = ORIENTED_EDGE('',*,*,#774,.T.);
#774 = EDGE_CURVE('',#766,#775,#777,.T.);
#775 = VERTEX_POINT('',#776);
#776 = CARTESIAN_POINT('',(-12.90797034516,-2.062803343412,
    35.018037286477));
#777 = LINE('',#778,#779);
#778 = CARTESIAN_POINT('',(-12.90797034516,-2.290057854592,
    35.018037286477));
#779 = VECTOR('',#780,1.);
#780 = DIRECTION('',(1.528187327934E-13,1.,4.148927421363E-14));
#781 = ORIENTED_EDGE('',*,*,#782,.T.);
#782 = EDGE_CURVE('',#775,#783,#785,.T.);
#783 = VERTEX_POINT('',#784);
#784 = CARTESIAN_POINT('',(-12.90797034516,0.918089977496,
    36.181638823777));
#785 = CIRCLE('',#786,4.4);
#786 = AXIS2_PLACEMENT_3D('',#787,#788,#789);
#787 = CARTESIAN_POINT('',(-12.90797034516,-2.062803343412,
    39.418037286477));
#788 = DIRECTION('',(1.,-1.528187327934E-13,-9.359386363519E-15));
#789 = DIRECTION('',(4.685094488715E-14,0.363630921981,-0.93154310291));
#790 = ORIENTED_EDGE('',*,*,#791,.T.);
#791 = EDGE_CURVE('',#783,#792,#794,.T.);
#792 = VERTEX_POINT('',#793);
#793 = CARTESIAN_POINT('',(-12.90797034516,1.005493257168,
    36.262141844528));
#794 = LINE('',#795,#796);
#795 = CARTESIAN_POINT('',(-12.90797034516,-4.563262019551,
    31.133025142286));
#796 = VECTOR('',#797,1.);
#797 = DIRECTION('',(1.187481097933E-13,0.735545105159,0.677475754752));
#798 = ORIENTED_EDGE('',*,*,#799,.F.);
#799 = EDGE_CURVE('',#800,#792,#802,.T.);
#800 = VERTEX_POINT('',#801);
#801 = CARTESIAN_POINT('',(-12.90797034516,1.005493257168,
    36.156193339127));
#802 = LINE('',#803,#804);
#803 = CARTESIAN_POINT('',(-12.90797034516,1.005493257168,
    32.374307191452));
#804 = VECTOR('',#805,1.);
#805 = DIRECTION('',(9.439386363514E-15,-3.385518500372E-14,1.));
#806 = ORIENTED_EDGE('',*,*,#807,.F.);
#807 = EDGE_CURVE('',#808,#800,#810,.T.);
#808 = VERTEX_POINT('',#809);
#809 = CARTESIAN_POINT('',(-12.90797034516,1.033358629828,
    36.181638823778));
#810 = CIRCLE('',#811,4.4);
#811 = AXIS2_PLACEMENT_3D('',#812,#813,#814);
#812 = CARTESIAN_POINT('',(-12.90797034516,-1.94753469108,
    39.418037286477));
#813 = DIRECTION('',(-1.,1.528187327934E-13,1.043938636352E-14));
#814 = DIRECTION('',(4.584487833601E-14,0.363630921981,-0.93154310291));
#815 = ORIENTED_EDGE('',*,*,#816,.F.);
#816 = EDGE_CURVE('',#817,#808,#819,.T.);
#817 = VERTEX_POINT('',#818);
#818 = CARTESIAN_POINT('',(-12.90797034516,9.537224497329,
    44.014146859635));
#819 = LINE('',#820,#821);
#820 = CARTESIAN_POINT('',(-12.90797034515,19.365077736219,
    53.066116948087));
#821 = VECTOR('',#822,1.);
#822 = DIRECTION('',(-1.194781097933E-13,-0.735545105159,-0.677475754752
    ));
#823 = ORIENTED_EDGE('',*,*,#824,.F.);
#824 = EDGE_CURVE('',#825,#817,#827,.T.);
#825 = VERTEX_POINT('',#826);
#826 = CARTESIAN_POINT('',(-12.90797034516,9.537224497329,
    51.159008707975));
#827 = LINE('',#828,#829);
#828 = CARTESIAN_POINT('',(-12.90797034516,9.537224497329,
    43.449859120283));
#829 = VECTOR('',#830,1.);
#830 = DIRECTION('',(-1.051938636351E-14,4.074518500372E-14,-1.));
#831 = ORIENTED_EDGE('',*,*,#832,.F.);
#832 = EDGE_CURVE('',#833,#825,#835,.T.);
#833 = VERTEX_POINT('',#834);
#834 = CARTESIAN_POINT('',(-12.90797034516,10.16127057447,
    52.061561544356));
#835 = B_SPLINE_CURVE_WITH_KNOTS('',3,(#836,#837,#838,#839,#840,#841,
    #842,#843,#844,#845,#846,#847,#848,#849,#850,#851,#852,#853,#854,
    #855,#856,#857,#858,#859,#860,#861,#862,#863,#864,#865,#866,#867,
    #868,#869,#870,#871,#872,#873,#874,#875,#876,#877,#878,#879,#880,
    #881),.UNSPECIFIED.,.F.,.F.,(4,3,3,3,3,3,3,3,3,3,3,3,3,3,3,4),(0.,
    8.746781976359E-03,1.814395347525E-02,2.821943463701E-02,
    3.829491579877E-02,4.860494572785E-02,4.991577804635E-02,
    6.002529642002E-02,7.016186966843E-02,7.626318945199E-02,
    8.426025507644E-02,9.433661125992E-02,9.706593538133E-02,
    0.10703756966,0.116099045529,0.117009203939),.UNSPECIFIED.);
#836 = CARTESIAN_POINT('',(-12.90797034516,10.16127057447,
    52.061561544356));
#837 = CARTESIAN_POINT('',(-12.90797034516,10.133992910371,
    52.051266017464));
#838 = CARTESIAN_POINT('',(-12.9079679982,10.107228720241,
    52.039656217957));
#839 = CARTESIAN_POINT('',(-12.90796501193,10.081073861651,
    52.026870765389));
#840 = CARTESIAN_POINT('',(-12.90796180361,10.052974191126,
    52.013134617535));
#841 = CARTESIAN_POINT('',(-12.90795788725,10.0255770667,51.998041589049
    ));
#842 = CARTESIAN_POINT('',(-12.90795485846,9.998976515196,
    51.981708749234));
#843 = CARTESIAN_POINT('',(-12.90795161106,9.970455874107,51.96419696711
    ));
#844 = CARTESIAN_POINT('',(-12.90794942836,9.942849738899,
    51.945259994845));
#845 = CARTESIAN_POINT('',(-12.90794910063,9.916262408428,
    51.924979873534));
#846 = CARTESIAN_POINT('',(-12.90794877289,9.889675077958,
    51.904699752224));
#847 = CARTESIAN_POINT('',(-12.90795033369,9.864105168334,
    51.883075881756));
#848 = CARTESIAN_POINT('',(-12.90795285723,9.839666019731,
    51.860135413181));
#849 = CARTESIAN_POINT('',(-12.90795543952,9.814657948205,
    51.836660909701));
#850 = CARTESIAN_POINT('',(-12.90795893055,9.790973589184,
    51.811938431342));
#851 = CARTESIAN_POINT('',(-12.90796021185,9.768731397328,51.78600739412
    ));
#852 = CARTESIAN_POINT('',(-12.90796037476,9.765903492451,
    51.782710484036));
#853 = CARTESIAN_POINT('',(-12.90796049931,9.763098929499,
    51.779393975157));
#854 = CARTESIAN_POINT('',(-12.90796057674,9.760317980864,
    51.776057895241));
#855 = CARTESIAN_POINT('',(-12.90796117383,9.738870499807,
    51.750329081013));
#856 = CARTESIAN_POINT('',(-12.90795915777,9.718824459926,
    51.723439321102));
#857 = CARTESIAN_POINT('',(-12.90795762379,9.700207073234,
    51.695550808042));
#858 = CARTESIAN_POINT('',(-12.90795608571,9.681539863094,
    51.667587660345));
#859 = CARTESIAN_POINT('',(-12.90795502121,9.664308353513,
    51.638619088261));
#860 = CARTESIAN_POINT('',(-12.90795532206,9.648583547258,
    51.608782064898));
#861 = CARTESIAN_POINT('',(-12.90795550314,9.639118605887,
    51.590822818073));
#862 = CARTESIAN_POINT('',(-12.90795613686,9.630200415802,
    51.572548511573));
#863 = CARTESIAN_POINT('',(-12.90795705358,9.621853501034,
    51.553987456101));
#864 = CARTESIAN_POINT('',(-12.90795825515,9.610913109851,
    51.529659280568));
#865 = CARTESIAN_POINT('',(-12.90795996869,9.600988154016,
    51.504916073478));
#866 = CARTESIAN_POINT('',(-12.90796103547,9.592131751266,
    51.479823889189));
#867 = CARTESIAN_POINT('',(-12.90796237962,9.580972624557,
    51.448207569129));
#868 = CARTESIAN_POINT('',(-12.90796270728,9.571508979734,
    51.416036109279));
#869 = CARTESIAN_POINT('',(-12.90796339762,9.563727419979,
    51.383418810981));
#870 = CARTESIAN_POINT('',(-12.90796358461,9.561619674049,
    51.374583952685));
#871 = CARTESIAN_POINT('',(-12.90796379052,9.559635614305,
    51.365716483236));
#872 = CARTESIAN_POINT('',(-12.90796402725,9.557775581949,
    51.356818852714));
#873 = CARTESIAN_POINT('',(-12.90796489213,9.550979920615,
    51.324311201162));
#874 = CARTESIAN_POINT('',(-12.90796627171,9.545854690182,
    51.291488916884));
#875 = CARTESIAN_POINT('',(-12.9079676461,9.542415787352,51.258473278479
    ));
#876 = CARTESIAN_POINT('',(-12.90796889505,9.539290769512,
    51.228471134165));
#877 = CARTESIAN_POINT('',(-12.90797009854,9.537559025197,51.19830866783
    ));
#878 = CARTESIAN_POINT('',(-12.9079703124,9.537268328232,51.168109438481
    ));
#879 = CARTESIAN_POINT('',(-12.90797033388,9.537239129866,
    51.165076148652));
#880 = CARTESIAN_POINT('',(-12.90797034516,9.537224497329,
    51.162042522038));
#881 = CARTESIAN_POINT('',(-12.90797034516,9.537224497329,
    51.159008707975));
#882 = ORIENTED_EDGE('',*,*,#883,.F.);
#883 = EDGE_CURVE('',#46,#833,#884,.T.);
#884 = CIRCLE('',#885,2.9);
#885 = AXIS2_PLACEMENT_3D('',#886,#887,#888);
#886 = CARTESIAN_POINT('',(-12.90797034516,9.137224425785,
    54.774738553945));
#887 = DIRECTION('',(-1.,1.528187327934E-13,1.051938636352E-14));
#888 = DIRECTION('',(1.528187327934E-13,1.,3.963927421363E-14));
#889 = FACE_BOUND('',#890,.T.);
#890 = EDGE_LOOP('',(#891));
#891 = ORIENTED_EDGE('',*,*,#892,.T.);
#892 = EDGE_CURVE('',#893,#893,#895,.T.);
#893 = VERTEX_POINT('',#894);
#894 = CARTESIAN_POINT('',(-12.90797034515,39.234607582428,
    30.749329474668));
#895 = CIRCLE('',#896,2.75);
#896 = AXIS2_PLACEMENT_3D('',#897,#898,#899);
#897 = CARTESIAN_POINT('',(-12.90797034515,41.984607582428,
    30.749329474668));
#898 = DIRECTION('',(1.,-1.528187327934E-13,-9.359386363519E-15));
#899 = DIRECTION('',(1.528187327934E-13,1.,4.125927421363E-14));
#900 = FACE_BOUND('',#901,.T.);
#901 = EDGE_LOOP('',(#902,#913,#921,#930));
#902 = ORIENTED_EDGE('',*,*,#903,.F.);
#903 = EDGE_CURVE('',#904,#906,#908,.T.);
#904 = VERTEX_POINT('',#905);
#905 = CARTESIAN_POINT('',(-12.90797034515,44.052304226764,
    21.20196158577));
#906 = VERTEX_POINT('',#907);
#907 = CARTESIAN_POINT('',(-12.90797034515,39.853686531692,
    21.094214425096));
#908 = CIRCLE('',#909,2.1);
#909 = AXIS2_PLACEMENT_3D('',#910,#911,#912);
#910 = CARTESIAN_POINT('',(-12.90797034515,41.952995379228,
    21.148088005432));
#911 = DIRECTION('',(-1.,1.528187327934E-13,8.309386363519E-15));
#912 = DIRECTION('',(-1.529935230678E-13,-0.999593439727,
    -2.851237020918E-02));
#913 = ORIENTED_EDGE('',*,*,#914,.F.);
#914 = EDGE_CURVE('',#915,#904,#917,.T.);
#915 = VERTEX_POINT('',#916);
#916 = CARTESIAN_POINT('',(-12.90797034515,44.052304226763,
    24.314163706143));
#917 = LINE('',#918,#919);
#918 = CARTESIAN_POINT('',(-12.90797034515,44.052304226763,
    27.600623605607));
#919 = VECTOR('',#920,1.);
#920 = DIRECTION('',(-8.309386363513E-15,4.081518500372E-14,-1.));
#921 = ORIENTED_EDGE('',*,*,#922,.F.);
#922 = EDGE_CURVE('',#923,#915,#925,.T.);
#923 = VERTEX_POINT('',#924);
#924 = CARTESIAN_POINT('',(-12.90797034515,39.853686531692,
    24.421910866814));
#925 = CIRCLE('',#926,2.1);
#926 = AXIS2_PLACEMENT_3D('',#927,#928,#929);
#927 = CARTESIAN_POINT('',(-12.90797034515,41.952995379228,
    24.368037286479));
#928 = DIRECTION('',(-1.,1.528187327934E-13,9.309386363519E-15));
#929 = DIRECTION('',(1.524911700972E-13,0.999593439727,
    -2.85123702091E-02));
#930 = ORIENTED_EDGE('',*,*,#931,.F.);
#931 = EDGE_CURVE('',#906,#923,#932,.T.);
#932 = LINE('',#933,#934);
#933 = CARTESIAN_POINT('',(-12.90797034515,39.853686531692,
    26.350623605607));
#934 = VECTOR('',#935,1.);
#935 = DIRECTION('',(9.399386363512E-15,-4.765518500372E-14,1.));
#936 = FACE_BOUND('',#937,.T.);
#937 = EDGE_LOOP('',(#938));
#938 = ORIENTED_EDGE('',*,*,#939,.F.);
#939 = EDGE_CURVE('',#940,#940,#942,.T.);
#940 = VERTEX_POINT('',#941);
#941 = CARTESIAN_POINT('',(-12.90797034515,43.864607658722,
    15.619329360227));
#942 = CIRCLE('',#943,1.8);
#943 = AXIS2_PLACEMENT_3D('',#944,#945,#946);
#944 = CARTESIAN_POINT('',(-12.90797034515,42.064607658722,
    15.619329360227));
#945 = DIRECTION('',(-1.,1.528187327934E-13,1.051938636352E-14));
#946 = DIRECTION('',(-1.528187327934E-13,-1.,-4.100927421363E-14));
#947 = FACE_BOUND('',#948,.T.);
#948 = EDGE_LOOP('',(#949));
#949 = ORIENTED_EDGE('',*,*,#950,.F.);
#950 = EDGE_CURVE('',#951,#951,#953,.T.);
#951 = VERTEX_POINT('',#952);
#952 = CARTESIAN_POINT('',(-12.90797034515,38.487224220602,
    -2.780920464533));
#953 = CIRCLE('',#954,2.);
#954 = AXIS2_PLACEMENT_3D('',#955,#956,#957);
#955 = CARTESIAN_POINT('',(-12.90797034515,40.487224220602,
    -2.780920464533));
#956 = DIRECTION('',(-1.,1.528187327934E-13,1.051938636352E-14));
#957 = DIRECTION('',(1.528187327934E-13,1.,4.118927421363E-14));
#958 = FACE_BOUND('',#959,.T.);
#959 = EDGE_LOOP('',(#960,#970,#978,#986));
#960 = ORIENTED_EDGE('',*,*,#961,.F.);
#961 = EDGE_CURVE('',#962,#964,#966,.T.);
#962 = VERTEX_POINT('',#963);
#963 = CARTESIAN_POINT('',(-12.90797034515,27.80452416443,
    29.939568122051));
#964 = VERTEX_POINT('',#965);
#965 = CARTESIAN_POINT('',(-12.90797034515,23.028480944614,
    22.639544166937));
#966 = LINE('',#967,#968);
#967 = CARTESIAN_POINT('',(-12.90797034515,26.708805555028,
    28.264798500303));
#968 = VECTOR('',#969,1.);
#969 = DIRECTION('',(-9.247007710189E-14,-0.547486281764,-0.836814657663
    ));
#970 = ORIENTED_EDGE('',*,*,#971,.F.);
#971 = EDGE_CURVE('',#972,#962,#974,.T.);
#972 = VERTEX_POINT('',#973);
#973 = CARTESIAN_POINT('',(-12.90797034515,23.831864127249,
    29.939568122051));
#974 = LINE('',#975,#976);
#975 = CARTESIAN_POINT('',(-12.90797034515,21.865085122145,
    29.939568122051));
#976 = VECTOR('',#977,1.);
#977 = DIRECTION('',(1.529887327934E-13,1.,4.118927421363E-14));
#978 = ORIENTED_EDGE('',*,*,#979,.F.);
#979 = EDGE_CURVE('',#980,#972,#982,.T.);
#980 = VERTEX_POINT('',#981);
#981 = CARTESIAN_POINT('',(-12.90797034515,19.055820907433,
    22.639544166937));
#982 = LINE('',#983,#984);
#983 = CARTESIAN_POINT('',(-12.90797034515,21.348486284277,
    26.143807298932));
#984 = VECTOR('',#985,1.);
#985 = DIRECTION('',(9.247007710189E-14,0.547486281764,0.836814657663));
#986 = ORIENTED_EDGE('',*,*,#987,.F.);
#987 = EDGE_CURVE('',#964,#980,#988,.T.);
#988 = LINE('',#989,#990);
#989 = CARTESIAN_POINT('',(-12.90797034515,21.247090570983,
    22.639544166937));
#990 = VECTOR('',#991,1.);
#991 = DIRECTION('',(-1.529887327934E-13,-1.,-4.707927421363E-14));
#992 = FACE_BOUND('',#993,.T.);
#993 = EDGE_LOOP('',(#994));
#994 = ORIENTED_EDGE('',*,*,#995,.F.);
#995 = EDGE_CURVE('',#996,#996,#998,.T.);
#996 = VERTEX_POINT('',#997);
#997 = CARTESIAN_POINT('',(-12.90797034515,17.087224220595,
    55.711262277239));
#998 = CIRCLE('',#999,2.75);
#999 = AXIS2_PLACEMENT_3D('',#1000,#1001,#1002);
#1000 = CARTESIAN_POINT('',(-12.90797034515,19.837224220595,
    55.711262277239));
#1001 = DIRECTION('',(-1.,1.528187327934E-13,1.051938636352E-14));
#1002 = DIRECTION('',(1.528187327934E-13,1.,4.118927421363E-14));
#1003 = FACE_BOUND('',#1004,.T.);
#1004 = EDGE_LOOP('',(#1005,#1015,#1023,#1031));
#1005 = ORIENTED_EDGE('',*,*,#1006,.F.);
#1006 = EDGE_CURVE('',#1007,#1009,#1011,.T.);
#1007 = VERTEX_POINT('',#1008);
#1008 = CARTESIAN_POINT('',(-12.90797034515,17.292894680601,
    22.639544166937));
#1009 = VERTEX_POINT('',#1010);
#1010 = CARTESIAN_POINT('',(-12.90797034516,13.320234194254,
    22.639544166937));
#1011 = LINE('',#1012,#1013);
#1012 = CARTESIAN_POINT('',(-12.90797034515,18.379297531788,
    22.639544166937));
#1013 = VECTOR('',#1014,1.);
#1014 = DIRECTION('',(-1.529887327934E-13,-1.,-2.940927421363E-14));
#1015 = ORIENTED_EDGE('',*,*,#1016,.F.);
#1016 = EDGE_CURVE('',#1017,#1007,#1019,.T.);
#1017 = VERTEX_POINT('',#1018);
#1018 = CARTESIAN_POINT('',(-12.90797034515,26.321581661506,
    36.439571699991));
#1019 = LINE('',#1020,#1021);
#1020 = CARTESIAN_POINT('',(-12.90797034515,23.959138651959,
    32.828661426329));
#1021 = VECTOR('',#1022,1.);
#1022 = DIRECTION('',(-9.228016436838E-14,-0.547486882704,
    -0.836814264498));
#1023 = ORIENTED_EDGE('',*,*,#1024,.F.);
#1024 = EDGE_CURVE('',#1025,#1017,#1027,.T.);
#1025 = VERTEX_POINT('',#1026);
#1026 = CARTESIAN_POINT('',(-12.90797034515,22.348921175159,
    36.439571699991));
#1027 = LINE('',#1028,#1029);
#1028 = CARTESIAN_POINT('',(-12.90797034515,21.123613553288,
    36.439571699991));
#1029 = VECTOR('',#1030,1.);
#1030 = DIRECTION('',(1.529887327934E-13,1.,2.940927421363E-14));
#1031 = ORIENTED_EDGE('',*,*,#1032,.F.);
#1032 = EDGE_CURVE('',#1009,#1025,#1033,.T.);
#1033 = LINE('',#1034,#1035);
#1034 = CARTESIAN_POINT('',(-12.90797034516,16.472499217902,
    27.457669350568));
#1035 = VECTOR('',#1036,1.);
#1036 = DIRECTION('',(9.221016436838E-14,0.547486882704,0.836814264498)
  );
#1037 = FACE_BOUND('',#1038,.T.);
#1038 = EDGE_LOOP('',(#1039,#1049,#1057,#1065));
#1039 = ORIENTED_EDGE('',*,*,#1040,.F.);
#1040 = EDGE_CURVE('',#1041,#1043,#1045,.T.);
#1041 = VERTEX_POINT('',#1042);
#1042 = CARTESIAN_POINT('',(-12.90797034516,16.613314279135,
    36.43957169999));
#1043 = VERTEX_POINT('',#1044);
#1044 = CARTESIAN_POINT('',(-12.90797034515,20.585975164445,
    36.439571699991));
#1045 = LINE('',#1046,#1047);
#1046 = CARTESIAN_POINT('',(-12.90797034515,18.255810016762,
    36.439571699991));
#1047 = VECTOR('',#1048,1.);
#1048 = DIRECTION('',(1.529887327934E-13,1.,4.118927421363E-14));
#1049 = ORIENTED_EDGE('',*,*,#1050,.F.);
#1050 = EDGE_CURVE('',#1051,#1041,#1053,.T.);
#1051 = VERTEX_POINT('',#1052);
#1052 = CARTESIAN_POINT('',(-12.90797034516,11.837269765231,
    29.139568122051));
#1053 = LINE('',#1054,#1055);
#1054 = CARTESIAN_POINT('',(-12.90797034516,13.722815014779,
    32.021552791162));
#1055 = VECTOR('',#1056,1.);
#1056 = DIRECTION('',(9.232024759308E-14,0.547487455812,0.836813889541)
  );
#1057 = ORIENTED_EDGE('',*,*,#1058,.F.);
#1058 = EDGE_CURVE('',#1059,#1051,#1061,.T.);
#1059 = VERTEX_POINT('',#1060);
#1060 = CARTESIAN_POINT('',(-12.90797034516,15.809930997285,
    29.139568122051));
#1061 = LINE('',#1062,#1063);
#1062 = CARTESIAN_POINT('',(-12.90797034515,17.637815774345,
    29.139568122051));
#1063 = VECTOR('',#1064,1.);
#1064 = DIRECTION('',(-1.529887327934E-13,-1.,-2.940927421363E-14));
#1065 = ORIENTED_EDGE('',*,*,#1066,.F.);
#1066 = EDGE_CURVE('',#1043,#1059,#1067,.T.);
#1067 = LINE('',#1068,#1069);
#1068 = CARTESIAN_POINT('',(-12.90797034515,19.083131618624,
    34.142531957978));
#1069 = VECTOR('',#1070,1.);
#1070 = DIRECTION('',(-9.243024355114E-14,-0.547487427978,
    -0.836813907752));
#1071 = FACE_BOUND('',#1072,.T.);
#1072 = EDGE_LOOP('',(#1073));
#1073 = ORIENTED_EDGE('',*,*,#1074,.F.);
#1074 = EDGE_CURVE('',#1075,#1075,#1077,.T.);
#1075 = VERTEX_POINT('',#1076);
#1076 = CARTESIAN_POINT('',(-12.90797034516,0.884572206432,
    30.749329474667));
#1077 = CIRCLE('',#1078,2.75);
#1078 = AXIS2_PLACEMENT_3D('',#1079,#1080,#1081);
#1079 = CARTESIAN_POINT('',(-12.90797034516,-1.865427793568,
    30.749329474666));
#1080 = DIRECTION('',(-1.,1.528187327934E-13,9.359386363519E-15));
#1081 = DIRECTION('',(-1.528187327934E-13,-1.,-4.141927421363E-14));
#1082 = FACE_BOUND('',#1083,.T.);
#1083 = EDGE_LOOP('',(#1084,#1094,#1103,#1111));
#1084 = ORIENTED_EDGE('',*,*,#1085,.T.);
#1085 = EDGE_CURVE('',#1086,#1088,#1090,.T.);
#1086 = VERTEX_POINT('',#1087);
#1087 = CARTESIAN_POINT('',(-12.90797034516,0.249493257169,
    21.094214425094));
#1088 = VERTEX_POINT('',#1089);
#1089 = CARTESIAN_POINT('',(-12.90797034516,0.249493257168,
    24.421910866813));
#1090 = LINE('',#1091,#1092);
#1091 = CARTESIAN_POINT('',(-12.90797034516,0.249493257168,
    26.350623605605));
#1092 = VECTOR('',#1093,1.);
#1093 = DIRECTION('',(9.399386363514E-15,-3.413518500372E-14,1.));
#1094 = ORIENTED_EDGE('',*,*,#1095,.T.);
#1095 = EDGE_CURVE('',#1088,#1096,#1098,.T.);
#1096 = VERTEX_POINT('',#1097);
#1097 = CARTESIAN_POINT('',(-12.90797034516,-3.949124437903,
    24.314163706141));
#1098 = CIRCLE('',#1099,2.1);
#1099 = AXIS2_PLACEMENT_3D('',#1100,#1101,#1102);
#1100 = CARTESIAN_POINT('',(-12.90797034516,-1.849815590367,
    24.368037286477));
#1101 = DIRECTION('',(1.,-1.528187327934E-13,-9.309386363519E-15));
#1102 = DIRECTION('',(-1.53022035438E-13,-0.999593439727,
    -2.851237020918E-02));
#1103 = ORIENTED_EDGE('',*,*,#1104,.T.);
#1104 = EDGE_CURVE('',#1096,#1105,#1107,.T.);
#1105 = VERTEX_POINT('',#1106);
#1106 = CARTESIAN_POINT('',(-12.90797034516,-3.949124437903,
    21.201961585768));
#1107 = LINE('',#1108,#1109);
#1108 = CARTESIAN_POINT('',(-12.90797034516,-3.949124437903,
    27.600623605605));
#1109 = VECTOR('',#1110,1.);
#1110 = DIRECTION('',(-9.399386363513E-15,4.097518500372E-14,-1.));
#1111 = ORIENTED_EDGE('',*,*,#1112,.T.);
#1112 = EDGE_CURVE('',#1105,#1086,#1113,.T.);
#1113 = CIRCLE('',#1114,2.1);
#1114 = AXIS2_PLACEMENT_3D('',#1115,#1116,#1117);
#1115 = CARTESIAN_POINT('',(-12.90797034516,-1.849815590367,
    21.148088005431));
#1116 = DIRECTION('',(1.,-1.528187327934E-13,-9.399386363519E-15));
#1117 = DIRECTION('',(1.524886039839E-13,0.999593439727,
    -2.85123702091E-02));
#1118 = FACE_BOUND('',#1119,.T.);
#1119 = EDGE_LOOP('',(#1120));
#1120 = ORIENTED_EDGE('',*,*,#1121,.F.);
#1121 = EDGE_CURVE('',#1122,#1122,#1124,.T.);
#1122 = VERTEX_POINT('',#1123);
#1123 = CARTESIAN_POINT('',(-12.90797034516,-0.135392400883,
    15.619329777466));
#1124 = CIRCLE('',#1125,1.8);
#1125 = AXIS2_PLACEMENT_3D('',#1126,#1127,#1128);
#1126 = CARTESIAN_POINT('',(-12.90797034516,-1.935392400883,
    15.619329777466));
#1127 = DIRECTION('',(-1.,1.528187327934E-13,1.051938636352E-14));
#1128 = DIRECTION('',(-1.528187327934E-13,-1.,-4.100927421363E-14));
#1129 = FACE_BOUND('',#1130,.T.);
#1130 = EDGE_LOOP('',(#1131));
#1131 = ORIENTED_EDGE('',*,*,#1132,.F.);
#1132 = EDGE_CURVE('',#1133,#1133,#1135,.T.);
#1133 = VERTEX_POINT('',#1134);
#1134 = CARTESIAN_POINT('',(-12.90797034516,1.187224220602,
    -2.780920464534));
#1135 = CIRCLE('',#1136,2.);
#1136 = AXIS2_PLACEMENT_3D('',#1137,#1138,#1139);
#1137 = CARTESIAN_POINT('',(-12.90797034516,-0.812775779398,
    -2.780920464534));
#1138 = DIRECTION('',(-1.,1.528187327934E-13,1.051938636352E-14));
#1139 = DIRECTION('',(-1.528187327934E-13,-1.,-4.118927421363E-14));
#1140 = FACE_BOUND('',#1141,.T.);
#1141 = EDGE_LOOP('',(#1142));
#1142 = ORIENTED_EDGE('',*,*,#1143,.T.);
#1143 = EDGE_CURVE('',#1144,#1144,#1146,.T.);
#1144 = VERTEX_POINT('',#1145);
#1145 = CARTESIAN_POINT('',(-12.90797028973,13.388188059201,
    37.614353190614));
#1146 = B_SPLINE_CURVE_WITH_KNOTS('',14,(#1147,#1148,#1149,#1150,#1151,
    #1152,#1153,#1154,#1155,#1156,#1157,#1158,#1159,#1160,#1161),
  .UNSPECIFIED.,.T.,.F.,(15,15),(6.386968476247E-17,11.309733552923),
  .PIECEWISE_BEZIER_KNOTS.);
#1147 = CARTESIAN_POINT('',(-12.90797028973,13.388188059201,
    37.614353190614));
#1148 = CARTESIAN_POINT('',(-12.90797028844,13.388188059197,
    38.587428058088));
#1149 = CARTESIAN_POINT('',(-12.90797028664,12.924762564685,
    39.581216623764));
#1150 = CARTESIAN_POINT('',(-12.90797028431,11.965231895256,
    40.336694971511));
#1151 = CARTESIAN_POINT('',(-12.90797028283,10.656501099692,
    40.585060324735));
#1152 = CARTESIAN_POINT('',(-12.90797028114,9.300806523793,
    40.093442088646));
#1153 = CARTESIAN_POINT('',(-12.90797028233,8.391356140768,
    39.120071022406));
#1154 = CARTESIAN_POINT('',(-12.90797028248,7.816029024018,
    37.614353190769));
#1155 = CARTESIAN_POINT('',(-12.90797028625,8.391356140744,
    36.108635358539));
#1156 = CARTESIAN_POINT('',(-12.90797028774,9.300806523826,
    35.135264292798));
#1157 = CARTESIAN_POINT('',(-12.9079702906,10.656501099666,
    34.643646056359));
#1158 = CARTESIAN_POINT('',(-12.90797029152,11.965231895271,
    34.892011409784));
#1159 = CARTESIAN_POINT('',(-12.90797029181,12.92476256468,
    35.64748975744));
#1160 = CARTESIAN_POINT('',(-12.90797029101,13.388188059198,
    36.641278323146));
#1161 = CARTESIAN_POINT('',(-12.90797028973,13.388188059201,
    37.614353190614));
#1162 = PLANE('',#1163);
#1163 = AXIS2_PLACEMENT_3D('',#1164,#1165,#1166);
#1164 = CARTESIAN_POINT('',(-12.90797030522,18.646734696072,
    30.635379527754));
#1165 = DIRECTION('',(-1.,-1.196061900964E-09,1.31758438431E-09));
#1166 = DIRECTION('',(-1.317584550844E-09,4.124478556654E-14,-1.));
#1167 = ADVANCED_FACE('',(#1168),#1197,.T.);
#1168 = FACE_BOUND('',#1169,.T.);
#1169 = EDGE_LOOP('',(#1170,#1177,#1195,#1196));
#1170 = ORIENTED_EDGE('',*,*,#1171,.T.);
#1171 = EDGE_CURVE('',#22,#1172,#1174,.T.);
#1172 = VERTEX_POINT('',#1173);
#1173 = CARTESIAN_POINT('',(-12.50797036794,43.544296037246,
    6.160123820951));
#1174 = B_SPLINE_CURVE_WITH_KNOTS('',1,(#1175,#1176),.UNSPECIFIED.,.F.,
  .F.,(2,2),(0.,11.309733552923),.PIECEWISE_BEZIER_KNOTS.);
#1175 = CARTESIAN_POINT('',(-12.90797036772,43.944296036613,
    6.16012382436));
#1176 = CARTESIAN_POINT('',(-12.50797036794,43.544296037246,
    6.160123820951));
#1177 = ORIENTED_EDGE('',*,*,#1178,.T.);
#1178 = EDGE_CURVE('',#1172,#1172,#1179,.T.);
#1179 = B_SPLINE_CURVE_WITH_KNOTS('',14,(#1180,#1181,#1182,#1183,#1184,
    #1185,#1186,#1187,#1188,#1189,#1190,#1191,#1192,#1193,#1194),
  .UNSPECIFIED.,.T.,.F.,(15,15),(-4.419697822488E-16,11.309733552923),
  .PIECEWISE_BEZIER_KNOTS.);
#1180 = CARTESIAN_POINT('',(-12.50797036794,43.544296037246,
    6.160123820951));
#1181 = CARTESIAN_POINT('',(-12.50797036115,43.544296037249,
    6.956275985237));
#1182 = CARTESIAN_POINT('',(-12.50797035364,43.165129723523,
    7.769375720851));
#1183 = CARTESIAN_POINT('',(-12.50797034708,42.380059175918,
    8.387494368816));
#1184 = CARTESIAN_POINT('',(-12.50797034376,41.30927943384,
    8.590702385526));
#1185 = CARTESIAN_POINT('',(-12.50797034524,40.200074781291,
    8.18846928249));
#1186 = CARTESIAN_POINT('',(-12.50797035115,39.455979012682,
    7.392074774888));
#1187 = CARTESIAN_POINT('',(-12.50797036053,38.985256827076,
    6.160123820358));
#1188 = CARTESIAN_POINT('',(-12.50797037215,39.455979012661,
    4.928172868083));
#1189 = CARTESIAN_POINT('',(-12.50797037981,40.200074781318,
    4.131778358621));
#1190 = CARTESIAN_POINT('',(-12.50797038519,41.309279433821,
    3.729545256848));
#1191 = CARTESIAN_POINT('',(-12.50797038505,42.380059175926,
    3.932753272862));
#1192 = CARTESIAN_POINT('',(-12.50797038107,43.165129723521,
    4.550871921129));
#1193 = CARTESIAN_POINT('',(-12.50797037472,43.54429603725,
    5.363971656648));
#1194 = CARTESIAN_POINT('',(-12.50797036794,43.544296037246,
    6.160123820951));
#1195 = ORIENTED_EDGE('',*,*,#1171,.F.);
#1196 = ORIENTED_EDGE('',*,*,#21,.F.);
#1197 = B_SPLINE_SURFACE_WITH_KNOTS('',1,14,(
    (#1198,#1199,#1200,#1201,#1202,#1203,#1204,#1205,#1206,#1207,#1208
      ,#1209,#1210,#1211,#1212)
    ,(#1213,#1214,#1215,#1216,#1217,#1218,#1219,#1220,#1221,#1222,#1223
      ,#1224,#1225,#1226,#1227
  )),.UNSPECIFIED.,.F.,.T.,.F.,(2,2),(15,15),(0.,11.309733552923),(
    -4.419697822488E-16,11.309733552923),.PIECEWISE_BEZIER_KNOTS.);
#1198 = CARTESIAN_POINT('',(-12.90797036772,43.944296036613,
    6.16012382436));
#1199 = CARTESIAN_POINT('',(-12.90797036644,43.944296036613,
    7.133198691826));
#1200 = CARTESIAN_POINT('',(-12.90797036459,43.480870542083,
    8.126987257543));
#1201 = CARTESIAN_POINT('',(-12.9079703624,42.521339872707,
    8.882465605162));
#1202 = CARTESIAN_POINT('',(-12.90797036062,41.212609077031,
    9.130830958675));
#1203 = CARTESIAN_POINT('',(-12.90797035943,39.856914501326,
    8.639212722069));
#1204 = CARTESIAN_POINT('',(-12.90797035997,38.947464118012,
    7.665841656585));
#1205 = CARTESIAN_POINT('',(-12.90797036081,38.372137001628,
    6.160123824033));
#1206 = CARTESIAN_POINT('',(-12.90797036397,38.947464117965,
    4.654405992724));
#1207 = CARTESIAN_POINT('',(-12.90797036592,39.856914501388,
    3.681034926214));
#1208 = CARTESIAN_POINT('',(-12.90797036849,41.212609076985,
    3.189416690305));
#1209 = CARTESIAN_POINT('',(-12.90797036955,42.521339872727,
    3.437782043432));
#1210 = CARTESIAN_POINT('',(-12.90797036978,43.480870542077,
    4.193260391221));
#1211 = CARTESIAN_POINT('',(-12.907970369,43.944296036614,5.187048956884
    ));
#1212 = CARTESIAN_POINT('',(-12.90797036772,43.944296036613,
    6.16012382436));
#1213 = CARTESIAN_POINT('',(-12.50797036794,43.544296037246,
    6.160123820951));
#1214 = CARTESIAN_POINT('',(-12.50797036115,43.544296037249,
    6.956275985237));
#1215 = CARTESIAN_POINT('',(-12.50797035364,43.165129723523,
    7.769375720851));
#1216 = CARTESIAN_POINT('',(-12.50797034708,42.380059175918,
    8.387494368816));
#1217 = CARTESIAN_POINT('',(-12.50797034376,41.30927943384,
    8.590702385526));
#1218 = CARTESIAN_POINT('',(-12.50797034524,40.200074781291,
    8.18846928249));
#1219 = CARTESIAN_POINT('',(-12.50797035115,39.455979012682,
    7.392074774888));
#1220 = CARTESIAN_POINT('',(-12.50797036053,38.985256827076,
    6.160123820358));
#1221 = CARTESIAN_POINT('',(-12.50797037215,39.455979012661,
    4.928172868083));
#1222 = CARTESIAN_POINT('',(-12.50797037981,40.200074781318,
    4.131778358621));
#1223 = CARTESIAN_POINT('',(-12.50797038519,41.309279433821,
    3.729545256848));
#1224 = CARTESIAN_POINT('',(-12.50797038505,42.380059175926,
    3.932753272862));
#1225 = CARTESIAN_POINT('',(-12.50797038107,43.165129723521,
    4.550871921129));
#1226 = CARTESIAN_POINT('',(-12.50797037472,43.54429603725,
    5.363971656648));
#1227 = CARTESIAN_POINT('',(-12.50797036794,43.544296037246,
    6.160123820951));
#1228 = ADVANCED_FACE('',(#1229),#1255,.T.);
#1229 = FACE_BOUND('',#1230,.T.);
#1230 = EDGE_LOOP('',(#1231,#1242,#1248,#1249));
#1231 = ORIENTED_EDGE('',*,*,#1232,.T.);
#1232 = EDGE_CURVE('',#1233,#1235,#1237,.T.);
#1233 = VERTEX_POINT('',#1234);
#1234 = CARTESIAN_POINT('',(-12.50797034516,7.369057146874,
    53.007372017602));
#1235 = VERTEX_POINT('',#1236);
#1236 = CARTESIAN_POINT('',(-12.50797034516,7.260022018414,
    51.943333309746));
#1237 = CIRCLE('',#1238,0.689749220871);
#1238 = AXIS2_PLACEMENT_3D('',#1239,#1240,#1241);
#1239 = CARTESIAN_POINT('',(-12.50797034516,6.881220345674,
    52.519756141027));
#1240 = DIRECTION('',(-1.,1.528187327934E-13,1.051938636352E-14));
#1241 = DIRECTION('',(1.155202777486E-13,0.707266911564,0.706946614538)
  );
#1242 = ORIENTED_EDGE('',*,*,#1243,.T.);
#1243 = EDGE_CURVE('',#1235,#44,#1244,.T.);
#1244 = LINE('',#1245,#1246);
#1245 = CARTESIAN_POINT('',(-12.50797034516,7.260022018414,
    51.943333309746));
#1246 = VECTOR('',#1247,1.);
#1247 = DIRECTION('',(-0.707106781187,-0.388334228462,0.590928529523));
#1248 = ORIENTED_EDGE('',*,*,#43,.T.);
#1249 = ORIENTED_EDGE('',*,*,#1250,.T.);
#1250 = EDGE_CURVE('',#46,#1233,#1251,.T.);
#1251 = LINE('',#1252,#1253);
#1252 = CARTESIAN_POINT('',(-12.70797034516,7.227603764561,
    52.865982694694));
#1253 = VECTOR('',#1254,1.);
#1254 = DIRECTION('',(0.707106781187,0.500113229276,0.499886745076));
#1255 = CONICAL_SURFACE('',#1256,0.489749220871,0.785398163397);
#1256 = AXIS2_PLACEMENT_3D('',#1257,#1258,#1259);
#1257 = CARTESIAN_POINT('',(-12.70797034516,6.881220345674,
    52.519756141027));
#1258 = DIRECTION('',(1.,-1.527666881884E-13,-1.121325254872E-14));
#1259 = DIRECTION('',(1.166019605194E-13,0.707266911564,0.706946614538)
  );
#1260 = ADVANCED_FACE('',(#1261),#1280,.T.);
#1261 = FACE_BOUND('',#1262,.T.);
#1262 = EDGE_LOOP('',(#1263,#1264,#1273,#1279));
#1263 = ORIENTED_EDGE('',*,*,#1243,.F.);
#1264 = ORIENTED_EDGE('',*,*,#1265,.T.);
#1265 = EDGE_CURVE('',#1235,#1266,#1268,.T.);
#1266 = VERTEX_POINT('',#1267);
#1267 = CARTESIAN_POINT('',(-12.50797034516,6.182424593246,
    52.078600955522));
#1268 = CIRCLE('',#1269,0.83671705246);
#1269 = AXIS2_PLACEMENT_3D('',#1270,#1271,#1272);
#1270 = CARTESIAN_POINT('',(-12.50797034516,6.800507444869,
    52.642577031617));
#1271 = DIRECTION('',(-1.,1.528187327934E-13,1.051938636352E-14));
#1272 = DIRECTION('',(4.542899504606E-14,0.361455420395,-0.932389392404)
  );
#1273 = ORIENTED_EDGE('',*,*,#1274,.T.);
#1274 = EDGE_CURVE('',#1266,#55,#1275,.T.);
#1275 = LINE('',#1276,#1277);
#1276 = CARTESIAN_POINT('',(-12.50797034516,6.182424593246,
    52.078600955522));
#1277 = VECTOR('',#1278,1.);
#1278 = DIRECTION('',(-0.707106781186,0.522339749659,0.476614294714));
#1279 = ORIENTED_EDGE('',*,*,#54,.T.);
#1280 = CONICAL_SURFACE('',#1281,0.63671705246,0.785398163398);
#1281 = AXIS2_PLACEMENT_3D('',#1282,#1283,#1284);
#1282 = CARTESIAN_POINT('',(-12.70797034516,6.800507444869,
    52.642577031617));
#1283 = DIRECTION('',(1.,-1.527666881884E-13,-1.121325254872E-14));
#1284 = DIRECTION('',(4.422239289386E-14,0.361455420395,-0.932389392404)
  );
#1285 = ADVANCED_FACE('',(#1286),#1321,.F.);
#1286 = FACE_BOUND('',#1287,.F.);
#1287 = EDGE_LOOP('',(#1288,#1297,#1298,#1299,#1308));
#1288 = ORIENTED_EDGE('',*,*,#1289,.T.);
#1289 = EDGE_CURVE('',#1290,#833,#1292,.T.);
#1290 = VERTEX_POINT('',#1291);
#1291 = CARTESIAN_POINT('',(-12.89978049054,10.158105661026,
    52.069120801846));
#1292 = B_SPLINE_CURVE_WITH_KNOTS('',3,(#1293,#1294,#1295,#1296),
  .UNSPECIFIED.,.F.,.F.,(4,4),(0.184432059932,0.185959425669),
  .PIECEWISE_BEZIER_KNOTS.);
#1293 = CARTESIAN_POINT('',(-12.89978049122,10.158105628512,
    52.069120789005));
#1294 = CARTESIAN_POINT('',(-12.90251046642,10.159160384864,
    52.066600924824));
#1295 = CARTESIAN_POINT('',(-12.90524042262,10.160215370715,
    52.064081172819));
#1296 = CARTESIAN_POINT('',(-12.90797034516,10.16127057447,
    52.061561544356));
#1297 = ORIENTED_EDGE('',*,*,#883,.F.);
#1298 = ORIENTED_EDGE('',*,*,#1250,.T.);
#1299 = ORIENTED_EDGE('',*,*,#1300,.F.);
#1300 = EDGE_CURVE('',#1301,#1233,#1303,.T.);
#1301 = VERTEX_POINT('',#1302);
#1302 = CARTESIAN_POINT('',(-12.50797034516,10.011273586489,
    52.432509260159));
#1303 = CIRCLE('',#1304,2.5);
#1304 = AXIS2_PLACEMENT_3D('',#1305,#1306,#1307);
#1305 = CARTESIAN_POINT('',(-12.50797034516,9.137224425785,
    54.774738553945));
#1306 = DIRECTION('',(1.,-1.528187327934E-13,-1.051938636352E-14));
#1307 = DIRECTION('',(1.528187327934E-13,1.,3.963927421363E-14));
#1308 = ORIENTED_EDGE('',*,*,#1309,.T.);
#1309 = EDGE_CURVE('',#1301,#1290,#1310,.T.);
#1310 = B_SPLINE_CURVE_WITH_KNOTS('',3,(#1311,#1312,#1313,#1314,#1315,
    #1316,#1317,#1318,#1319,#1320),.UNSPECIFIED.,.F.,.F.,(4,1,1,1,2,1,4)
  ,(0.110011192473,0.114890144976,0.116582346507,0.11996674957,
    0.126847595558,0.166255482299,0.184432059932),.UNSPECIFIED.);
#1311 = CARTESIAN_POINT('',(-12.50797034552,10.011273507512,
    52.432509230322));
#1312 = CARTESIAN_POINT('',(-12.51624303126,10.014230352896,
    52.424782709029));
#1313 = CARTESIAN_POINT('',(-12.5272141958,10.018081623698,
    52.414509727113));
#1314 = CARTESIAN_POINT('',(-12.54321814471,10.023435477107,
    52.399425639543));
#1315 = CARTESIAN_POINT('',(-12.56144749283,10.029087268176,
    52.382077611091));
#1316 = CARTESIAN_POINT('',(-12.57858060202,10.035088104757,
    52.366029765736));
#1317 = CARTESIAN_POINT('',(-12.66164600784,10.066749240653,
    52.28918349724));
#1318 = CARTESIAN_POINT('',(-12.76435858111,10.105890127844,
    52.194162490025));
#1319 = CARTESIAN_POINT('',(-12.86729213243,10.1455533889,
    52.099108699427));
#1320 = CARTESIAN_POINT('',(-12.89978049122,10.158105628512,
    52.069120789005));
#1321 = CONICAL_SURFACE('',#1322,2.7,0.785398163397);
#1322 = AXIS2_PLACEMENT_3D('',#1323,#1324,#1325);
#1323 = CARTESIAN_POINT('',(-12.70797034516,9.137224425785,
    54.774738553945));
#1324 = DIRECTION('',(-1.,1.527666881884E-13,1.013325254872E-14));
#1325 = DIRECTION('',(4.310467530477E-14,0.212777682372,0.977100638565)
  );
#1326 = ADVANCED_FACE('',(#1327),#1347,.T.);
#1327 = FACE_BOUND('',#1328,.T.);
#1328 = EDGE_LOOP('',(#1329,#1330,#1331,#1340));
#1329 = ORIENTED_EDGE('',*,*,#63,.T.);
#1330 = ORIENTED_EDGE('',*,*,#1274,.F.);
#1331 = ORIENTED_EDGE('',*,*,#1332,.T.);
#1332 = EDGE_CURVE('',#1266,#1333,#1335,.T.);
#1333 = VERTEX_POINT('',#1334);
#1334 = CARTESIAN_POINT('',(-12.50797034516,10.222341753775,
    58.624741201282));
#1335 = CIRCLE('',#1336,4.);
#1336 = AXIS2_PLACEMENT_3D('',#1337,#1338,#1339);
#1337 = CARTESIAN_POINT('',(-12.50797034516,9.137224425785,
    54.774738553945));
#1338 = DIRECTION('',(-1.,1.528187327934E-13,1.051938636352E-14));
#1339 = DIRECTION('',(-1.528187327934E-13,-1.,-3.963927421363E-14));
#1340 = ORIENTED_EDGE('',*,*,#1341,.F.);
#1341 = EDGE_CURVE('',#64,#1333,#1342,.T.);
#1342 = B_SPLINE_CURVE_WITH_KNOTS('',3,(#1343,#1344,#1345,#1346),
  .UNSPECIFIED.,.F.,.F.,(4,4),(-5.680216851064E-02,0.),
  .PIECEWISE_BEZIER_KNOTS.);
#1343 = CARTESIAN_POINT('',(-12.90797034516,10.165563734269,
    58.224741201282));
#1344 = CARTESIAN_POINT('',(-12.77479101863,10.184989760526,
    58.357920527808));
#1345 = CARTESIAN_POINT('',(-12.64121932515,10.203922552709,
    58.49149222129));
#1346 = CARTESIAN_POINT('',(-12.50797034516,10.222341753775,
    58.624741201282));
#1347 = CONICAL_SURFACE('',#1348,3.8,0.785398163397);
#1348 = AXIS2_PLACEMENT_3D('',#1349,#1350,#1351);
#1349 = CARTESIAN_POINT('',(-12.70797034516,9.137224425785,
    54.774738553945));
#1350 = DIRECTION('',(1.,-1.527666881884E-13,-1.013325254872E-14));
#1351 = DIRECTION('',(-1.529887327934E-13,-1.,-3.963927421363E-14));
#1352 = ADVANCED_FACE('',(#1353),#1429,.T.);
#1353 = FACE_BOUND('',#1354,.T.);
#1354 = EDGE_LOOP('',(#1355,#1387,#1394,#1395,#1396,#1397,#1412,#1420));
#1355 = ORIENTED_EDGE('',*,*,#1356,.F.);
#1356 = EDGE_CURVE('',#1357,#1359,#1361,.T.);
#1357 = VERTEX_POINT('',#1358);
#1358 = CARTESIAN_POINT('',(-12.50797022209,10.010839000603,
    52.432347131773));
#1359 = VERTEX_POINT('',#1360);
#1360 = CARTESIAN_POINT('',(-12.50776320049,9.478947598957,
    52.069120793726));
#1361 = B_SPLINE_CURVE_WITH_KNOTS('',3,(#1362,#1363,#1364,#1365,#1366,
    #1367,#1368,#1369,#1370,#1371,#1372,#1373,#1374,#1375,#1376,#1377,
    #1378,#1379,#1380,#1381,#1382,#1383,#1384,#1385,#1386),
  .UNSPECIFIED.,.F.,.F.,(4,3,3,3,3,3,3,3,4),(-0.163395848883,
    -0.152452571178,-0.14862804121,-0.136945315887,-0.1353952252,
    -0.123022303215,-0.110288030894,-0.106167419646,-9.828951818563E-02)
  ,.UNSPECIFIED.);
#1362 = CARTESIAN_POINT('',(-12.50797005765,10.010838894919,
    52.432347259253));
#1363 = CARTESIAN_POINT('',(-12.50795285681,9.976664237608,
    52.419598037267));
#1364 = CARTESIAN_POINT('',(-12.50793528463,9.943031071581,
    52.405347221852));
#1365 = CARTESIAN_POINT('',(-12.50791779305,9.91003863437,
    52.389736648748));
#1366 = CARTESIAN_POINT('',(-12.50791167997,9.8985082165,52.384280961132
    ));
#1367 = CARTESIAN_POINT('',(-12.50790558073,9.887055831912,
    52.378658767303));
#1368 = CARTESIAN_POINT('',(-12.50789952732,9.875685089675,
    52.372874804224));
#1369 = CARTESIAN_POINT('',(-12.50788103607,9.840951080684,
    52.355206632579));
#1370 = CARTESIAN_POINT('',(-12.50786293577,9.806979800019,
    52.336032829002));
#1371 = CARTESIAN_POINT('',(-12.50784692522,9.77386380376,
    52.315452483234));
#1372 = CARTESIAN_POINT('',(-12.5078448009,9.76946989772,52.31272183594)
  );
#1373 = CARTESIAN_POINT('',(-12.50784271376,9.76509103322,
    52.309966353942));
#1374 = CARTESIAN_POINT('',(-12.50784066794,9.760727415047,
    52.307186203056));
#1375 = CARTESIAN_POINT('',(-12.50782433805,9.725896738552,
    52.284994862692));
#1376 = CARTESIAN_POINT('',(-12.50781065187,9.692124608231,
    52.261291341252));
#1377 = CARTESIAN_POINT('',(-12.50779952029,9.659513931479,
    52.236166628009));
#1378 = CARTESIAN_POINT('',(-12.50778806362,9.625950862153,
    52.210308149243));
#1379 = CARTESIAN_POINT('',(-12.5077793139,9.593616834706,
    52.182943986378));
#1380 = CARTESIAN_POINT('',(-12.50777293264,9.562627040596,
    52.15411924585));
#1381 = CARTESIAN_POINT('',(-12.50777086776,9.552599228171,
    52.144792010884));
#1382 = CARTESIAN_POINT('',(-12.50776904923,9.542712268987,
    52.135311447795));
#1383 = CARTESIAN_POINT('',(-12.50776746168,9.532970468874,
    52.125677990649));
#1384 = CARTESIAN_POINT('',(-12.50776442661,9.514346227661,
    52.10726087805));
#1385 = CARTESIAN_POINT('',(-12.50776204615,9.496293997765,
    52.088326768565));
#1386 = CARTESIAN_POINT('',(-12.50776023747,9.478841067019,
    52.068883092839));
#1387 = ORIENTED_EDGE('',*,*,#1388,.T.);
#1388 = EDGE_CURVE('',#1357,#1301,#1389,.T.);
#1389 = CIRCLE('',#1390,2.5);
#1390 = AXIS2_PLACEMENT_3D('',#1391,#1392,#1393);
#1391 = CARTESIAN_POINT('',(-12.50797034516,9.137224425785,
    54.774738553945));
#1392 = DIRECTION('',(1.,-1.528187327934E-13,-1.051938636352E-14));
#1393 = DIRECTION('',(1.528187327934E-13,1.,3.963927421363E-14));
#1394 = ORIENTED_EDGE('',*,*,#1309,.T.);
#1395 = ORIENTED_EDGE('',*,*,#1289,.T.);
#1396 = ORIENTED_EDGE('',*,*,#832,.T.);
#1397 = ORIENTED_EDGE('',*,*,#1398,.T.);
#1398 = EDGE_CURVE('',#825,#1399,#1401,.T.);
#1399 = VERTEX_POINT('',#1400);
#1400 = CARTESIAN_POINT('',(-12.50797034516,9.137224497328,
    51.173416222803));
#1401 = B_SPLINE_CURVE_WITH_KNOTS('',3,(#1402,#1403,#1404,#1405,#1406,
    #1407,#1408,#1409,#1410,#1411),.UNSPECIFIED.,.F.,.F.,(4,1,2,1,1,1,4)
  ,(-0.185959425669,-0.166255482299,-0.126847595558,-0.11996674957,
    -0.116582346507,-0.114890144976,-0.110011192567),.UNSPECIFIED.);
#1402 = CARTESIAN_POINT('',(-12.90797034516,9.537224497329,
    51.159008707975));
#1403 = CARTESIAN_POINT('',(-12.87275269049,9.502006842664,
    51.160684867222));
#1404 = CARTESIAN_POINT('',(-12.76708292121,9.396337073381,
    51.165728509895));
#1405 = CARTESIAN_POINT('',(-12.66164600784,9.29090016001,51.17062093234
    ));
#1406 = CARTESIAN_POINT('',(-12.57858060202,9.207834754196,
    51.174805516206));
#1407 = CARTESIAN_POINT('',(-12.56144749283,9.190701645002,
    51.174839226522));
#1408 = CARTESIAN_POINT('',(-12.54321814471,9.172472296881,
    51.173678626354));
#1409 = CARTESIAN_POINT('',(-12.52721419595,9.156468348127,
    51.173286324711));
#1410 = CARTESIAN_POINT('',(-12.51624303157,9.145497183747,
    51.173310418516));
#1411 = CARTESIAN_POINT('',(-12.50797034599,9.137224498166,
    51.173416353556));
#1412 = ORIENTED_EDGE('',*,*,#1413,.T.);
#1413 = EDGE_CURVE('',#1399,#1414,#1416,.T.);
#1414 = VERTEX_POINT('',#1415);
#1415 = CARTESIAN_POINT('',(-12.50797034516,9.137224497328,
    51.174129315092));
#1416 = LINE('',#1417,#1418);
#1417 = CARTESIAN_POINT('',(-12.50797034516,9.137224497329,
    43.449859120283));
#1418 = VECTOR('',#1419,1.);
#1419 = DIRECTION('',(1.051938636351E-14,-4.074518500372E-14,1.));
#1420 = ORIENTED_EDGE('',*,*,#1421,.F.);
#1421 = EDGE_CURVE('',#1359,#1414,#1422,.T.);
#1422 = B_SPLINE_CURVE_WITH_KNOTS('',3,(#1423,#1424,#1425,#1426,#1427,
    #1428),.UNSPECIFIED.,.F.,.F.,(4,2,4),(-9.828951818568E-02,
    -5.329030130902E-02,0.),.UNSPECIFIED.);
#1423 = CARTESIAN_POINT('',(-12.50776320049,9.478947585963,
    52.069120805342));
#1424 = CARTESIAN_POINT('',(-12.50774728937,9.379222251895,
    51.957566169461));
#1425 = CARTESIAN_POINT('',(-12.50775293019,9.29871261349,
    51.829978606141));
#1426 = CARTESIAN_POINT('',(-12.50781307202,9.172470397714,
    51.527645269688));
#1427 = CARTESIAN_POINT('',(-12.50787591037,9.137224497329,
    51.351763627788));
#1428 = CARTESIAN_POINT('',(-12.50797015599,9.137224497328,
    51.174129315093));
#1429 = B_SPLINE_SURFACE_WITH_KNOTS('',3,3,(
    (#1430,#1431,#1432,#1433,#1434,#1435,#1436,#1437,#1438,#1439,#1440)
    ,(#1441,#1442,#1443,#1444,#1445,#1446,#1447,#1448,#1449,#1450,#1451)
    ,(#1452,#1453,#1454,#1455,#1456,#1457,#1458,#1459,#1460,#1461,#1462)
    ,(#1463,#1464,#1465,#1466,#1467,#1468,#1469,#1470,#1471,#1472,#1473)
    ,(#1474,#1475,#1476,#1477,#1478,#1479,#1480,#1481,#1482,#1483,#1484)
    ,(#1485,#1486,#1487,#1488,#1489,#1490,#1491,#1492,#1493,#1494,#1495
    )),.UNSPECIFIED.,.F.,.F.,.F.,(4,1,1,4),(4,1,1,1,1,2,1,4),(0.,
    0.285714285714,0.571428571429,1.),(0.109344892235,0.109813540381,
    0.114890144976,0.116582346507,0.11996674957,0.126847595558,
    0.166255482299,0.185959425669),.UNSPECIFIED.);
#1430 = CARTESIAN_POINT('',(-12.50457525842,9.133829410589,
    51.173463766842));
#1431 = CARTESIAN_POINT('',(-12.50537197578,9.13462612795,
    51.173452144359));
#1432 = CARTESIAN_POINT('',(-12.51479933727,9.144053489439,
    51.173314449511));
#1433 = CARTESIAN_POINT('',(-12.5268964623,9.156150614477,
    51.173278536169));
#1434 = CARTESIAN_POINT('',(-12.54321814471,9.172472296881,
    51.173678626354));
#1435 = CARTESIAN_POINT('',(-12.56144749283,9.190701645002,
    51.174839226522));
#1436 = CARTESIAN_POINT('',(-12.57858060202,9.207834754196,
    51.174805516206));
#1437 = CARTESIAN_POINT('',(-12.66164600784,9.29090016001,51.17062093234
    ));
#1438 = CARTESIAN_POINT('',(-12.76708292121,9.396337073381,
    51.165728509895));
#1439 = CARTESIAN_POINT('',(-12.87275269049,9.502006842664,
    51.160684867222));
#1440 = CARTESIAN_POINT('',(-12.90797034516,9.537224497329,
    51.159008707975));
#1441 = CARTESIAN_POINT('',(-12.50564258398,9.134896736156,
    51.319793398133));
#1442 = CARTESIAN_POINT('',(-12.50641623059,9.135670382756,
    51.319705139181));
#1443 = CARTESIAN_POINT('',(-12.51566556478,9.14491971695,
    51.318484099228));
#1444 = CARTESIAN_POINT('',(-12.52642832264,9.155682474817,
    51.317277822791));
#1445 = CARTESIAN_POINT('',(-12.54015890013,9.169413052306,
    51.315688969997));
#1446 = CARTESIAN_POINT('',(-12.55662074664,9.185874898811,
    51.314809926578));
#1447 = CARTESIAN_POINT('',(-12.58195114981,9.21120530198,
    51.312885076103));
#1448 = CARTESIAN_POINT('',(-12.66467507299,9.293929225162,
    51.300158409193));
#1449 = CARTESIAN_POINT('',(-12.7699708991,9.399225051273,
    51.284549456269));
#1450 = CARTESIAN_POINT('',(-12.87530405431,9.504558206486,
    51.26869948501));
#1451 = CARTESIAN_POINT('',(-12.91045581975,9.539709971919,
    51.263452943727));
#1452 = CARTESIAN_POINT('',(-12.5073717879,9.185499739328,
    51.627269308409));
#1453 = CARTESIAN_POINT('',(-12.50811635465,9.186215971996,
    51.627019079521));
#1454 = CARTESIAN_POINT('',(-12.5170014146,9.194764579504,
    51.623790446241));
#1455 = CARTESIAN_POINT('',(-12.5256613294,9.203004858555,
    51.620814378701));
#1456 = CARTESIAN_POINT('',(-12.53509642174,9.211841398838,
    51.61710138569));
#1457 = CARTESIAN_POINT('',(-12.54868908268,9.224752587049,
    51.613016244519));
#1458 = CARTESIAN_POINT('',(-12.58739199647,9.262771786703,
    51.601458070082));
#1459 = CARTESIAN_POINT('',(-12.66949218597,9.342003335835,
    51.571040626916));
#1460 = CARTESIAN_POINT('',(-12.77460405627,9.443478860621,
    51.532827158667));
#1461 = CARTESIAN_POINT('',(-12.87941386279,9.544662277029,
    51.494487497611));
#1462 = CARTESIAN_POINT('',(-12.91445301159,9.578498134972,
    51.481740234777));
#1463 = CARTESIAN_POINT('',(-12.50805068394,9.468543002163,
    52.127094190553));
#1464 = CARTESIAN_POINT('',(-12.50878486551,9.469091676079,
    52.126572275364));
#1465 = CARTESIAN_POINT('',(-12.51751605094,9.475776675842,
    52.120377666076));
#1466 = CARTESIAN_POINT('',(-12.52538979192,9.481616894211,
    52.114869452586));
#1467 = CARTESIAN_POINT('',(-12.53308538363,9.487605707155,
    52.109732367065));
#1468 = CARTESIAN_POINT('',(-12.54558487049,9.496743920498,
    52.101172804268));
#1469 = CARTESIAN_POINT('',(-12.58952741719,9.529593418898,
    52.069271667685));
#1470 = CARTESIAN_POINT('',(-12.67137045498,9.592315483789,
    52.010615617729));
#1471 = CARTESIAN_POINT('',(-12.77643015148,9.672574308088,
    51.935458951627));
#1472 = CARTESIAN_POINT('',(-12.88100953073,9.752814454341,
    51.860879427418));
#1473 = CARTESIAN_POINT('',(-12.91601200474,9.779656542811,
    51.835931041168));
#1474 = CARTESIAN_POINT('',(-12.50617624677,9.80497390605,52.35744230179
    ));
#1475 = CARTESIAN_POINT('',(-12.50693835799,9.805355124771,
    52.356771138186));
#1476 = CARTESIAN_POINT('',(-12.51609867853,9.810169011073,
    52.34877473239));
#1477 = CARTESIAN_POINT('',(-12.52619425281,9.815364466552,
    52.339943511427));
#1478 = CARTESIAN_POINT('',(-12.53862927785,9.822254732704,
    52.329261204975));
#1479 = CARTESIAN_POINT('',(-12.55420737354,9.829823889179,
    52.315533470775));
#1480 = CARTESIAN_POINT('',(-12.5836364237,9.842780113325,
    52.288947828568));
#1481 = CARTESIAN_POINT('',(-12.66618960557,9.886348622078,
    52.216856751028));
#1482 = CARTESIAN_POINT('',(-12.77141488805,9.941597174792,
    52.124926885332));
#1483 = CARTESIAN_POINT('',(-12.87657973622,9.997400053327,
    52.033334666859));
#1484 = CARTESIAN_POINT('',(-12.91169855704,10.01601344074,
    52.002751587517));
#1485 = CARTESIAN_POINT('',(-12.50457525842,10.010057666128,
    52.435679292732));
#1486 = CARTESIAN_POINT('',(-12.50537197578,10.01034327749,
    52.434935490548));
#1487 = CARTESIAN_POINT('',(-12.51479933727,10.013723033046,
    52.426134330785));
#1488 = CARTESIAN_POINT('',(-12.5268964623,10.01797533127,
    52.414809198196));
#1489 = CARTESIAN_POINT('',(-12.54321814471,10.023435477107,
    52.399425639543));
#1490 = CARTESIAN_POINT('',(-12.56144749283,10.029087268176,
    52.382077611091));
#1491 = CARTESIAN_POINT('',(-12.57858060202,10.035088104757,
    52.366029765736));
#1492 = CARTESIAN_POINT('',(-12.66164600784,10.066749240653,
    52.28918349724));
#1493 = CARTESIAN_POINT('',(-12.76708292121,10.106928297613,
    52.191642160413));
#1494 = CARTESIAN_POINT('',(-12.87275269049,10.147657806742,
    52.094066278051));
#1495 = CARTESIAN_POINT('',(-12.90797034516,10.16127057447,
    52.061561544356));
#1496 = ADVANCED_FACE('',(#1497),#1523,.T.);
#1497 = FACE_BOUND('',#1498,.T.);
#1498 = EDGE_LOOP('',(#1499,#1500,#1501,#1509,#1517));
#1499 = ORIENTED_EDGE('',*,*,#72,.T.);
#1500 = ORIENTED_EDGE('',*,*,#1341,.T.);
#1501 = ORIENTED_EDGE('',*,*,#1502,.T.);
#1502 = EDGE_CURVE('',#1333,#1503,#1505,.T.);
#1503 = VERTEX_POINT('',#1504);
#1504 = CARTESIAN_POINT('',(-12.50797034515,14.67292378695,
    58.624741201282));
#1505 = LINE('',#1506,#1507);
#1506 = CARTESIAN_POINT('',(-12.50797034515,47.530025735512,
    58.624741201283));
#1507 = VECTOR('',#1508,1.);
#1508 = DIRECTION('',(1.528187327934E-13,1.,4.118927421363E-14));
#1509 = ORIENTED_EDGE('',*,*,#1510,.F.);
#1510 = EDGE_CURVE('',#1511,#1503,#1513,.T.);
#1511 = VERTEX_POINT('',#1512);
#1512 = CARTESIAN_POINT('',(-12.50804750733,14.672869449526,
    58.624664039106));
#1513 = LINE('',#1514,#1515);
#1514 = CARTESIAN_POINT('',(-7.19280884466,18.41584811647,
    63.939902701781));
#1515 = VECTOR('',#1516,1.);
#1516 = DIRECTION('',(0.632975500203,0.445739870647,0.632975500203));
#1517 = ORIENTED_EDGE('',*,*,#1518,.F.);
#1518 = EDGE_CURVE('',#73,#1511,#1519,.T.);
#1519 = LINE('',#1520,#1521);
#1520 = CARTESIAN_POINT('',(-16.08692967773,16.482275027697,
    55.045781868704));
#1521 = VECTOR('',#1522,1.);
#1522 = DIRECTION('',(0.665837175208,-0.336632904246,0.665837175208));
#1523 = PLANE('',#1524);
#1524 = AXIS2_PLACEMENT_3D('',#1525,#1526,#1527);
#1525 = CARTESIAN_POINT('',(-12.70797034515,47.530025735512,
    58.424741201283));
#1526 = DIRECTION('',(-0.707106781187,7.909116454061E-14,0.707106781187)
  );
#1527 = DIRECTION('',(-1.528188799796E-13,-1.,-4.118912702737E-14));
#1528 = ADVANCED_FACE('',(#1529),#1547,.T.);
#1529 = FACE_BOUND('',#1530,.T.);
#1530 = EDGE_LOOP('',(#1531,#1532,#1533,#1541));
#1531 = ORIENTED_EDGE('',*,*,#1398,.F.);
#1532 = ORIENTED_EDGE('',*,*,#824,.T.);
#1533 = ORIENTED_EDGE('',*,*,#1534,.F.);
#1534 = EDGE_CURVE('',#1535,#817,#1537,.T.);
#1535 = VERTEX_POINT('',#1536);
#1536 = CARTESIAN_POINT('',(-12.50797034516,9.137224497329,
    44.189540179764));
#1537 = LINE('',#1538,#1539);
#1538 = CARTESIAN_POINT('',(-14.11816618508,10.747420337257,
    43.483496193703));
#1539 = VECTOR('',#1540,1.);
#1540 = DIRECTION('',(-0.675387808467,0.675387808467,-0.296146275256));
#1541 = ORIENTED_EDGE('',*,*,#1542,.T.);
#1542 = EDGE_CURVE('',#1535,#1399,#1543,.T.);
#1543 = LINE('',#1544,#1545);
#1544 = CARTESIAN_POINT('',(-12.50797034516,9.137224497329,
    43.449859120283));
#1545 = VECTOR('',#1546,1.);
#1546 = DIRECTION('',(1.051938636351E-14,-4.074518500372E-14,1.));
#1547 = PLANE('',#1548);
#1548 = AXIS2_PLACEMENT_3D('',#1549,#1550,#1551);
#1549 = CARTESIAN_POINT('',(-12.70797034516,9.337224497329,
    43.449859120283));
#1550 = DIRECTION('',(-0.707106781187,-0.707106781186,
    -2.215624819225E-14));
#1551 = DIRECTION('',(0.707106781186,-0.707106781187,-3.629418202497E-14
    ));
#1552 = ADVANCED_FACE('',(#1553),#1571,.T.);
#1553 = FACE_BOUND('',#1554,.T.);
#1554 = EDGE_LOOP('',(#1555,#1563,#1569,#1570));
#1555 = ORIENTED_EDGE('',*,*,#1556,.T.);
#1556 = EDGE_CURVE('',#1511,#1557,#1559,.T.);
#1557 = VERTEX_POINT('',#1558);
#1558 = CARTESIAN_POINT('',(-12.50804750733,16.287224220594,
    60.997192889584));
#1559 = LINE('',#1560,#1561);
#1560 = CARTESIAN_POINT('',(-12.50804750733,15.978600909662,
    60.543626101019));
#1561 = VECTOR('',#1562,1.);
#1562 = DIRECTION('',(9.467621700717E-14,0.562556660265,0.826758733847)
  );
#1563 = ORIENTED_EDGE('',*,*,#1564,.T.);
#1564 = EDGE_CURVE('',#1557,#81,#1565,.T.);
#1565 = LINE('',#1566,#1567);
#1566 = CARTESIAN_POINT('',(-12.97595910787,16.853292483903,
    61.013532722729));
#1567 = VECTOR('',#1568,1.);
#1568 = DIRECTION('',(-0.6369584861,0.770577142379,2.224308046893E-02));
#1569 = ORIENTED_EDGE('',*,*,#80,.T.);
#1570 = ORIENTED_EDGE('',*,*,#1518,.T.);
#1571 = PLANE('',#1572);
#1572 = AXIS2_PLACEMENT_3D('',#1573,#1574,#1575);
#1573 = CARTESIAN_POINT('',(-12.70800892624,16.140704962625,
    60.433324617749));
#1574 = DIRECTION('',(-0.700128159036,-0.590319955654,0.401675131021));
#1575 = DIRECTION('',(0.644607350531,-0.764513808666,-3.79685133799E-14)
  );
#1576 = ADVANCED_FACE('',(#1577),#1603,.T.);
#1577 = FACE_BOUND('',#1578,.T.);
#1578 = EDGE_LOOP('',(#1579,#1589,#1595,#1596,#1597));
#1579 = ORIENTED_EDGE('',*,*,#1580,.T.);
#1580 = EDGE_CURVE('',#1581,#1583,#1585,.T.);
#1581 = VERTEX_POINT('',#1582);
#1582 = CARTESIAN_POINT('',(-12.86683917188,1.005493257168,
    36.211892656951));
#1583 = VERTEX_POINT('',#1584);
#1584 = CARTESIAN_POINT('',(-12.50797034516,1.005493257168,
    36.699787721721));
#1585 = LINE('',#1586,#1587);
#1586 = CARTESIAN_POINT('',(-8.998054199449,1.005493257167,
    41.471644839788));
#1587 = VECTOR('',#1588,1.);
#1588 = DIRECTION('',(0.592521674985,-1.08190041409E-13,0.805554507574)
  );
#1589 = ORIENTED_EDGE('',*,*,#1590,.T.);
#1590 = EDGE_CURVE('',#1583,#1535,#1591,.T.);
#1591 = LINE('',#1592,#1593);
#1592 = CARTESIAN_POINT('',(-12.50797034515,19.094087434319,
    53.36033499015));
#1593 = VECTOR('',#1594,1.);
#1594 = DIRECTION('',(1.194781097933E-13,0.735545105159,0.677475754752)
  );
#1595 = ORIENTED_EDGE('',*,*,#1534,.T.);
#1596 = ORIENTED_EDGE('',*,*,#816,.T.);
#1597 = ORIENTED_EDGE('',*,*,#1598,.F.);
#1598 = EDGE_CURVE('',#1581,#808,#1599,.T.);
#1599 = LINE('',#1600,#1601);
#1600 = CARTESIAN_POINT('',(-12.50797034516,0.762368327927,
    36.475856865841));
#1601 = VECTOR('',#1602,1.);
#1602 = DIRECTION('',(-0.707106781186,0.479047700275,-0.520108931727));
#1603 = PLANE('',#1604);
#1604 = AXIS2_PLACEMENT_3D('',#1605,#1606,#1607);
#1605 = CARTESIAN_POINT('',(-12.70797034515,19.229582585269,
    53.213225969119));
#1606 = DIRECTION('',(-0.707106781187,-0.479047700274,0.520108931727));
#1607 = DIRECTION('',(0.560880150656,-0.82789700845,-3.958485598769E-14)
  );
#1608 = ADVANCED_FACE('',(#1609),#1635,.F.);
#1609 = FACE_BOUND('',#1610,.T.);
#1610 = EDGE_LOOP('',(#1611,#1619,#1620,#1621,#1629));
#1611 = ORIENTED_EDGE('',*,*,#1612,.T.);
#1612 = EDGE_CURVE('',#1613,#89,#1615,.T.);
#1613 = VERTEX_POINT('',#1614);
#1614 = CARTESIAN_POINT('',(-7.907925188595,16.805666089426,
    60.836553078457));
#1615 = LINE('',#1616,#1617);
#1616 = CARTESIAN_POINT('',(-4.319393919073,16.805666089426,
    60.71123880518));
#1617 = VECTOR('',#1618,1.);
#1618 = DIRECTION('',(-0.999390827019,1.512516403999E-13,
    3.489949670251E-02));
#1619 = ORIENTED_EDGE('',*,*,#88,.T.);
#1620 = ORIENTED_EDGE('',*,*,#1564,.F.);
#1621 = ORIENTED_EDGE('',*,*,#1622,.F.);
#1622 = EDGE_CURVE('',#1623,#1557,#1625,.T.);
#1623 = VERTEX_POINT('',#1624);
#1624 = CARTESIAN_POINT('',(-7.907925188595,16.287224220594,
    60.836553078457));
#1625 = LINE('',#1626,#1627);
#1626 = CARTESIAN_POINT('',(-8.526606499859,16.287224220594,
    60.858157905916));
#1627 = VECTOR('',#1628,1.);
#1628 = DIRECTION('',(-0.999390827019,1.512516403999E-13,
    3.489949670251E-02));
#1629 = ORIENTED_EDGE('',*,*,#1630,.T.);
#1630 = EDGE_CURVE('',#1623,#1613,#1631,.T.);
#1631 = LINE('',#1632,#1633);
#1632 = CARTESIAN_POINT('',(-7.907925188594,22.409478264278,
    60.836553078458));
#1633 = VECTOR('',#1634,1.);
#1634 = DIRECTION('',(1.506487327934E-13,1.,2.856927421363E-14));
#1635 = PLANE('',#1636);
#1636 = AXIS2_PLACEMENT_3D('',#1637,#1638,#1639);
#1637 = CARTESIAN_POINT('',(-4.319393919071,24.968351541527,
    60.711238805181));
#1638 = DIRECTION('',(-3.489949670251E-02,3.33618446686E-14,
    -0.999390827019));
#1639 = DIRECTION('',(-1.525486501327E-13,-1.,-2.850690712163E-14));
#1640 = ADVANCED_FACE('',(#1641),#1651,.F.);
#1641 = FACE_BOUND('',#1642,.F.);
#1642 = EDGE_LOOP('',(#1643,#1644,#1645));
#1643 = ORIENTED_EDGE('',*,*,#807,.F.);
#1644 = ORIENTED_EDGE('',*,*,#1598,.F.);
#1645 = ORIENTED_EDGE('',*,*,#1646,.F.);
#1646 = EDGE_CURVE('',#800,#1581,#1647,.T.);
#1647 = ( BOUNDED_CURVE() B_SPLINE_CURVE(2,(#1648,#1649,#1650),
.UNSPECIFIED.,.F.,.F.) B_SPLINE_CURVE_WITH_KNOTS((3,3),(0.,
6.536709878784E-03),.PIECEWISE_BEZIER_KNOTS.) CURVE() 
GEOMETRIC_REPRESENTATION_ITEM() RATIONAL_B_SPLINE_CURVE((1.,
1.000213684954,1.000386958978)) REPRESENTATION_ITEM('') );
#1648 = CARTESIAN_POINT('',(-12.90797034516,1.005493257168,
    36.156193339127));
#1649 = CARTESIAN_POINT('',(-12.88722765722,1.005493257168,
    36.184173778528));
#1650 = CARTESIAN_POINT('',(-12.86683917188,1.005493257168,
    36.211892656951));
#1651 = CONICAL_SURFACE('',#1652,4.2,0.785398163398);
#1652 = AXIS2_PLACEMENT_3D('',#1653,#1654,#1655);
#1653 = CARTESIAN_POINT('',(-12.70797034516,-1.94753469108,
    39.418037286477));
#1654 = DIRECTION('',(-1.,1.527666881884E-13,1.004325254872E-14));
#1655 = DIRECTION('',(4.565517895496E-14,0.363630921981,-0.93154310291)
  );
#1656 = ADVANCED_FACE('',(#1657),#1675,.T.);
#1657 = FACE_BOUND('',#1658,.T.);
#1658 = EDGE_LOOP('',(#1659,#1667,#1668,#1669));
#1659 = ORIENTED_EDGE('',*,*,#1660,.F.);
#1660 = EDGE_CURVE('',#97,#1661,#1663,.T.);
#1661 = VERTEX_POINT('',#1662);
#1662 = CARTESIAN_POINT('',(-7.907925188595,16.805666089426,
    63.037894075915));
#1663 = LINE('',#1664,#1665);
#1664 = CARTESIAN_POINT('',(-9.814018726071,16.805666089427,
    63.104456328967));
#1665 = VECTOR('',#1666,1.);
#1666 = DIRECTION('',(0.999390827019,-1.513316403999E-13,
    -3.48994967025E-02));
#1667 = ORIENTED_EDGE('',*,*,#96,.F.);
#1668 = ORIENTED_EDGE('',*,*,#1612,.F.);
#1669 = ORIENTED_EDGE('',*,*,#1670,.F.);
#1670 = EDGE_CURVE('',#1661,#1613,#1671,.T.);
#1671 = LINE('',#1672,#1673);
#1672 = CARTESIAN_POINT('',(-7.907925188594,16.805666089427,
    47.766251142974));
#1673 = VECTOR('',#1674,1.);
#1674 = DIRECTION('',(-2.989386363513E-15,4.074518500372E-14,-1.));
#1675 = PLANE('',#1676);
#1676 = AXIS2_PLACEMENT_3D('',#1677,#1678,#1679);
#1677 = CARTESIAN_POINT('',(-10.97545525902,16.805666089427,
    61.343917406676));
#1678 = DIRECTION('',(-1.530687327934E-13,-1.,-4.118927421363E-14));
#1679 = DIRECTION('',(0.999390827019,-1.513315916661E-13,
    -3.489949670251E-02));
#1680 = ADVANCED_FACE('',(#1681),#1716,.T.);
#1681 = FACE_BOUND('',#1682,.T.);
#1682 = EDGE_LOOP('',(#1683,#1691,#1692,#1693,#1694,#1702,#1710));
#1683 = ORIENTED_EDGE('',*,*,#1684,.F.);
#1684 = EDGE_CURVE('',#1583,#1685,#1687,.T.);
#1685 = VERTEX_POINT('',#1686);
#1686 = CARTESIAN_POINT('',(-8.907970242712,1.005493257167,
    36.699787721721));
#1687 = LINE('',#1688,#1689);
#1688 = CARTESIAN_POINT('',(-9.913812611557,1.005493257168,
    36.699787721721));
#1689 = VECTOR('',#1690,1.);
#1690 = DIRECTION('',(1.,-1.365666881884E-13,6.346747451278E-15));
#1691 = ORIENTED_EDGE('',*,*,#1580,.F.);
#1692 = ORIENTED_EDGE('',*,*,#1646,.F.);
#1693 = ORIENTED_EDGE('',*,*,#799,.T.);
#1694 = ORIENTED_EDGE('',*,*,#1695,.T.);
#1695 = EDGE_CURVE('',#792,#1696,#1698,.T.);
#1696 = VERTEX_POINT('',#1697);
#1697 = CARTESIAN_POINT('',(-12.50797034516,1.005493257168,
    36.80595621729));
#1698 = LINE('',#1699,#1700);
#1699 = CARTESIAN_POINT('',(-13.97577242269,1.005493257168,
    34.810426551953));
#1700 = VECTOR('',#1701,1.);
#1701 = DIRECTION('',(0.592521674985,-1.08190041409E-13,0.805554507574)
  );
#1702 = ORIENTED_EDGE('',*,*,#1703,.T.);
#1703 = EDGE_CURVE('',#1696,#1704,#1706,.T.);
#1704 = VERTEX_POINT('',#1705);
#1705 = CARTESIAN_POINT('',(-8.907970242712,1.005493257167,
    36.80595621729));
#1706 = LINE('',#1707,#1708);
#1707 = CARTESIAN_POINT('',(-9.038283243506,1.005493257167,
    36.80595621729));
#1708 = VECTOR('',#1709,1.);
#1709 = DIRECTION('',(1.,-1.365666881884E-13,7.156747451278E-15));
#1710 = ORIENTED_EDGE('',*,*,#1711,.T.);
#1711 = EDGE_CURVE('',#1704,#1685,#1712,.T.);
#1712 = LINE('',#1713,#1714);
#1713 = CARTESIAN_POINT('',(-8.907970242713,1.005493257168,
    24.473562429261));
#1714 = VECTOR('',#1715,1.);
#1715 = DIRECTION('',(-8.249386363514E-15,3.385518500372E-14,-1.));
#1716 = PLANE('',#1717);
#1717 = AXIS2_PLACEMENT_3D('',#1718,#1719,#1720);
#1718 = CARTESIAN_POINT('',(-9.161302345347,1.005493257168,
    33.866933428815));
#1719 = DIRECTION('',(1.367887327934E-13,1.,3.429927421363E-14));
#1720 = DIRECTION('',(2.639386363514E-15,-3.385518500372E-14,1.));
#1721 = ADVANCED_FACE('',(#1722),#1740,.T.);
#1722 = FACE_BOUND('',#1723,.T.);
#1723 = EDGE_LOOP('',(#1724,#1732,#1733,#1734));
#1724 = ORIENTED_EDGE('',*,*,#1725,.F.);
#1725 = EDGE_CURVE('',#105,#1726,#1728,.T.);
#1726 = VERTEX_POINT('',#1727);
#1727 = CARTESIAN_POINT('',(-7.907925188595,15.776923550469,
    63.037894075914));
#1728 = LINE('',#1729,#1730);
#1729 = CARTESIAN_POINT('',(-6.479008156756,15.776923550469,
    62.987995193623));
#1730 = VECTOR('',#1731,1.);
#1731 = DIRECTION('',(0.999390827019,-1.512516403999E-13,
    -3.48994967025E-02));
#1732 = ORIENTED_EDGE('',*,*,#104,.F.);
#1733 = ORIENTED_EDGE('',*,*,#1660,.T.);
#1734 = ORIENTED_EDGE('',*,*,#1735,.F.);
#1735 = EDGE_CURVE('',#1726,#1661,#1736,.T.);
#1736 = LINE('',#1737,#1738);
#1737 = CARTESIAN_POINT('',(-7.907925188594,19.843859326785,
    63.037894075916));
#1738 = VECTOR('',#1739,1.);
#1739 = DIRECTION('',(1.506487327934E-13,1.,4.126927421363E-14));
#1740 = PLANE('',#1741);
#1741 = AXIS2_PLACEMENT_3D('',#1742,#1743,#1744);
#1742 = CARTESIAN_POINT('',(-8.715401287183,19.837113666542,
    63.066091762625));
#1743 = DIRECTION('',(-3.489949670251E-02,4.60518446686E-14,
    -0.999390827019));
#1744 = DIRECTION('',(-0.999390827019,1.512516403999E-13,
    3.489949670251E-02));
#1745 = ADVANCED_FACE('',(#1746),#1764,.F.);
#1746 = FACE_BOUND('',#1747,.T.);
#1747 = EDGE_LOOP('',(#1748,#1749,#1750,#1758));
#1748 = ORIENTED_EDGE('',*,*,#1695,.F.);
#1749 = ORIENTED_EDGE('',*,*,#791,.F.);
#1750 = ORIENTED_EDGE('',*,*,#1751,.T.);
#1751 = EDGE_CURVE('',#783,#1752,#1754,.T.);
#1752 = VERTEX_POINT('',#1753);
#1753 = CARTESIAN_POINT('',(-12.50797034516,0.647099675595,
    36.475856865841));
#1754 = LINE('',#1755,#1756);
#1755 = CARTESIAN_POINT('',(-12.90797034516,0.918089977496,
    36.181638823777));
#1756 = VECTOR('',#1757,1.);
#1757 = DIRECTION('',(0.707106781186,-0.479047700275,0.520108931727));
#1758 = ORIENTED_EDGE('',*,*,#1759,.F.);
#1759 = EDGE_CURVE('',#1696,#1752,#1760,.T.);
#1760 = LINE('',#1761,#1762);
#1761 = CARTESIAN_POINT('',(-12.50797034516,-4.834252321452,
    31.42724318435));
#1762 = VECTOR('',#1763,1.);
#1763 = DIRECTION('',(-1.187481097933E-13,-0.735545105159,
    -0.677475754752));
#1764 = PLANE('',#1765);
#1765 = AXIS2_PLACEMENT_3D('',#1766,#1767,#1768);
#1766 = CARTESIAN_POINT('',(-12.70797034516,-4.698757170502,
    31.280134163318));
#1767 = DIRECTION('',(0.707106781187,0.479047700274,-0.520108931726));
#1768 = DIRECTION('',(-0.560880150656,0.82789700845,3.936281138277E-14)
  );
#1769 = ADVANCED_FACE('',(#1770),#1788,.T.);
#1770 = FACE_BOUND('',#1771,.T.);
#1771 = EDGE_LOOP('',(#1772,#1780,#1781,#1782));
#1772 = ORIENTED_EDGE('',*,*,#1773,.T.);
#1773 = EDGE_CURVE('',#1774,#113,#1776,.T.);
#1774 = VERTEX_POINT('',#1775);
#1775 = CARTESIAN_POINT('',(-7.907925188595,15.376923550469,
    63.438137893633));
#1776 = LINE('',#1777,#1778);
#1777 = CARTESIAN_POINT('',(-6.465048358075,15.376923550469,
    63.38775152443));
#1778 = VECTOR('',#1779,1.);
#1779 = DIRECTION('',(-0.999390827019,1.512516403999E-13,
    3.48994967025E-02));
#1780 = ORIENTED_EDGE('',*,*,#112,.F.);
#1781 = ORIENTED_EDGE('',*,*,#1725,.T.);
#1782 = ORIENTED_EDGE('',*,*,#1783,.F.);
#1783 = EDGE_CURVE('',#1774,#1726,#1784,.T.);
#1784 = LINE('',#1785,#1786);
#1785 = CARTESIAN_POINT('',(-7.907925188593,23.919584940717,
    54.89026937284));
#1786 = VECTOR('',#1787,1.);
#1787 = DIRECTION('',(1.043838518014E-13,0.706891307583,-0.70732218915)
  );
#1788 = PLANE('',#1789);
#1789 = AXIS2_PLACEMENT_3D('',#1790,#1791,#1792);
#1790 = CARTESIAN_POINT('',(-6.472028257415,15.576923550469,
    63.187873359027));
#1791 = DIRECTION('',(-2.467767077845E-02,-0.707106781187,
    -0.706676030841));
#1792 = DIRECTION('',(0.999391568299,-3.487826274252E-02,
    -1.089096966786E-14));
#1793 = ADVANCED_FACE('',(#1794),#1813,.F.);
#1794 = FACE_BOUND('',#1795,.F.);
#1795 = EDGE_LOOP('',(#1796,#1805,#1811,#1812));
#1796 = ORIENTED_EDGE('',*,*,#1797,.T.);
#1797 = EDGE_CURVE('',#1752,#1798,#1800,.T.);
#1798 = VERTEX_POINT('',#1799);
#1799 = CARTESIAN_POINT('',(-12.50797034516,-2.062803343412,
    35.418037286477));
#1800 = CIRCLE('',#1801,4.);
#1801 = AXIS2_PLACEMENT_3D('',#1802,#1803,#1804);
#1802 = CARTESIAN_POINT('',(-12.50797034516,-2.062803343412,
    39.418037286477));
#1803 = DIRECTION('',(-1.,1.528187327934E-13,9.359386363519E-15));
#1804 = DIRECTION('',(4.685094488715E-14,0.363630921981,-0.93154310291)
  );
#1805 = ORIENTED_EDGE('',*,*,#1806,.F.);
#1806 = EDGE_CURVE('',#775,#1798,#1807,.T.);
#1807 = LINE('',#1808,#1809);
#1808 = CARTESIAN_POINT('',(-12.90797034516,-2.062803343412,
    35.018037286477));
#1809 = VECTOR('',#1810,1.);
#1810 = DIRECTION('',(0.707106781187,-1.368135577743E-13,0.707106781187)
  );
#1811 = ORIENTED_EDGE('',*,*,#782,.T.);
#1812 = ORIENTED_EDGE('',*,*,#1751,.T.);
#1813 = CONICAL_SURFACE('',#1814,4.2,0.785398163397);
#1814 = AXIS2_PLACEMENT_3D('',#1815,#1816,#1817);
#1815 = CARTESIAN_POINT('',(-12.70797034516,-2.062803343412,
    39.418037286477));
#1816 = DIRECTION('',(-1.,1.524366881884E-13,8.963252548722E-15));
#1817 = DIRECTION('',(4.654124730185E-14,0.363630921981,-0.93154310291)
  );
#1818 = ADVANCED_FACE('',(#1819),#1837,.T.);
#1819 = FACE_BOUND('',#1820,.T.);
#1820 = EDGE_LOOP('',(#1821,#1829,#1830,#1831));
#1821 = ORIENTED_EDGE('',*,*,#1822,.F.);
#1822 = EDGE_CURVE('',#121,#1823,#1825,.T.);
#1823 = VERTEX_POINT('',#1824);
#1824 = CARTESIAN_POINT('',(-7.907925188595,15.376923550469,
    64.638869346792));
#1825 = LINE('',#1826,#1827);
#1826 = CARTESIAN_POINT('',(-6.423168962032,15.376923550469,
    64.587020516853));
#1827 = VECTOR('',#1828,1.);
#1828 = DIRECTION('',(0.999390827019,-1.512516403999E-13,
    -3.48994967025E-02));
#1829 = ORIENTED_EDGE('',*,*,#120,.F.);
#1830 = ORIENTED_EDGE('',*,*,#1773,.F.);
#1831 = ORIENTED_EDGE('',*,*,#1832,.F.);
#1832 = EDGE_CURVE('',#1823,#1774,#1833,.T.);
#1833 = LINE('',#1834,#1835);
#1834 = CARTESIAN_POINT('',(-7.907925188595,15.37692355047,
    49.548632578967));
#1835 = VECTOR('',#1836,1.);
#1836 = DIRECTION('',(-2.989386363513E-15,4.074518500372E-14,-1.));
#1837 = PLANE('',#1838);
#1838 = AXIS2_PLACEMENT_3D('',#1839,#1840,#1841);
#1839 = CARTESIAN_POINT('',(-4.172816032922,15.376923550468,
    64.908680278661));
#1840 = DIRECTION('',(-1.529887327934E-13,-1.,-4.118927421363E-14));
#1841 = DIRECTION('',(-0.999390827019,1.512516403999E-13,
    3.489949670251E-02));
#1842 = ADVANCED_FACE('',(#1843),#1861,.F.);
#1843 = FACE_BOUND('',#1844,.T.);
#1844 = EDGE_LOOP('',(#1845,#1853,#1859,#1860));
#1845 = ORIENTED_EDGE('',*,*,#1846,.T.);
#1846 = EDGE_CURVE('',#766,#1847,#1849,.T.);
#1847 = VERTEX_POINT('',#1848);
#1848 = CARTESIAN_POINT('',(-12.50797034516,-2.98339621297,
    35.418037286477));
#1849 = LINE('',#1850,#1851);
#1850 = CARTESIAN_POINT('',(-12.70797034516,-2.98339621297,
    35.218037286477));
#1851 = VECTOR('',#1852,1.);
#1852 = DIRECTION('',(0.707106781187,-1.368135577743E-13,0.707106781187)
  );
#1853 = ORIENTED_EDGE('',*,*,#1854,.F.);
#1854 = EDGE_CURVE('',#1798,#1847,#1855,.T.);
#1855 = LINE('',#1856,#1857);
#1856 = CARTESIAN_POINT('',(-12.50797034516,-2.290057854592,
    35.418037286477));
#1857 = VECTOR('',#1858,1.);
#1858 = DIRECTION('',(-1.528187327934E-13,-1.,-4.148927421363E-14));
#1859 = ORIENTED_EDGE('',*,*,#1806,.F.);
#1860 = ORIENTED_EDGE('',*,*,#774,.F.);
#1861 = PLANE('',#1862);
#1862 = AXIS2_PLACEMENT_3D('',#1863,#1864,#1865);
#1863 = CARTESIAN_POINT('',(-12.70797034516,-2.290057854592,
    35.218037286477));
#1864 = DIRECTION('',(0.707106781187,-7.888116454061E-14,-0.707106781187
    ));
#1865 = DIRECTION('',(1.528203875556E-13,1.,4.148761945142E-14));
#1866 = ADVANCED_FACE('',(#1867),#1885,.T.);
#1867 = FACE_BOUND('',#1868,.T.);
#1868 = EDGE_LOOP('',(#1869,#1877,#1878,#1879));
#1869 = ORIENTED_EDGE('',*,*,#1870,.T.);
#1870 = EDGE_CURVE('',#1871,#129,#1873,.T.);
#1871 = VERTEX_POINT('',#1872);
#1872 = CARTESIAN_POINT('',(-7.907925188595,15.776923550469,
    65.039113164511));
#1873 = LINE('',#1874,#1875);
#1874 = CARTESIAN_POINT('',(-6.409209163351,15.776923550469,
    64.98677684766));
#1875 = VECTOR('',#1876,1.);
#1876 = DIRECTION('',(-0.999390827019,1.512516403999E-13,
    3.48994967025E-02));
#1877 = ORIENTED_EDGE('',*,*,#128,.F.);
#1878 = ORIENTED_EDGE('',*,*,#1822,.T.);
#1879 = ORIENTED_EDGE('',*,*,#1880,.F.);
#1880 = EDGE_CURVE('',#1871,#1823,#1881,.T.);
#1881 = LINE('',#1882,#1883);
#1882 = CARTESIAN_POINT('',(-7.907925188596,8.969069546157,
    58.227109471605));
#1883 = VECTOR('',#1884,1.);
#1884 = DIRECTION('',(-1.086089589382E-13,-0.706891307583,-0.70732218915
    ));
#1885 = PLANE('',#1886);
#1886 = AXIS2_PLACEMENT_3D('',#1887,#1888,#1889);
#1887 = CARTESIAN_POINT('',(-6.416189062691,15.576923550469,
    64.786898682258));
#1888 = DIRECTION('',(2.467767077823E-02,-0.707106781187,0.706676030841)
  );
#1889 = DIRECTION('',(0.999391568299,3.487826274222E-02,
    -7.989993435863E-15));
#1890 = ADVANCED_FACE('',(#1891),#1910,.T.);
#1891 = FACE_BOUND('',#1892,.T.);
#1892 = EDGE_LOOP('',(#1893,#1894,#1895,#1903));
#1893 = ORIENTED_EDGE('',*,*,#1846,.F.);
#1894 = ORIENTED_EDGE('',*,*,#765,.F.);
#1895 = ORIENTED_EDGE('',*,*,#1896,.T.);
#1896 = EDGE_CURVE('',#758,#1897,#1899,.T.);
#1897 = VERTEX_POINT('',#1898);
#1898 = CARTESIAN_POINT('',(-12.50797034516,-6.98339621297,
    31.418037286477));
#1899 = LINE('',#1900,#1901);
#1900 = CARTESIAN_POINT('',(-12.90797034516,-6.58339621297,
    31.418037286477));
#1901 = VECTOR('',#1902,1.);
#1902 = DIRECTION('',(0.707106781186,-0.707106781187,-3.573418202497E-14
    ));
#1903 = ORIENTED_EDGE('',*,*,#1904,.F.);
#1904 = EDGE_CURVE('',#1847,#1897,#1905,.T.);
#1905 = CIRCLE('',#1906,4.);
#1906 = AXIS2_PLACEMENT_3D('',#1907,#1908,#1909);
#1907 = CARTESIAN_POINT('',(-12.50797034516,-2.98339621297,
    31.418037286477));
#1908 = DIRECTION('',(1.,-1.528187327934E-13,-9.439386363519E-15));
#1909 = DIRECTION('',(-1.013845081426E-13,-0.707106781187,0.707106781187
    ));
#1910 = CONICAL_SURFACE('',#1911,3.8,0.785398163397);
#1911 = AXIS2_PLACEMENT_3D('',#1912,#1913,#1914);
#1912 = CARTESIAN_POINT('',(-12.70797034516,-2.98339621297,
    31.418037286477));
#1913 = DIRECTION('',(1.,-1.524366881884E-13,-9.053252548722E-15));
#1914 = DIRECTION('',(-1.010733811589E-13,-0.707106781187,0.707106781187
    ));
#1915 = ADVANCED_FACE('',(#1916),#1934,.T.);
#1916 = FACE_BOUND('',#1917,.T.);
#1917 = EDGE_LOOP('',(#1918,#1926,#1927,#1928));
#1918 = ORIENTED_EDGE('',*,*,#1919,.T.);
#1919 = EDGE_CURVE('',#1920,#137,#1922,.T.);
#1920 = VERTEX_POINT('',#1921);
#1921 = CARTESIAN_POINT('',(-7.907925188595,16.805666089426,
    65.039113164513));
#1922 = LINE('',#1923,#1924);
#1923 = CARTESIAN_POINT('',(-9.744219732666,16.805666089427,
    65.103237983005));
#1924 = VECTOR('',#1925,1.);
#1925 = DIRECTION('',(-0.999390827019,1.513316403999E-13,
    3.48994967025E-02));
#1926 = ORIENTED_EDGE('',*,*,#136,.F.);
#1927 = ORIENTED_EDGE('',*,*,#1870,.F.);
#1928 = ORIENTED_EDGE('',*,*,#1929,.F.);
#1929 = EDGE_CURVE('',#1920,#1871,#1930,.T.);
#1930 = LINE('',#1931,#1932);
#1931 = CARTESIAN_POINT('',(-7.907925188594,19.843859326785,
    65.039113164514));
#1932 = VECTOR('',#1933,1.);
#1933 = DIRECTION('',(-1.506487327934E-13,-1.,-4.126927421363E-14));
#1934 = PLANE('',#1935);
#1935 = AXIS2_PLACEMENT_3D('',#1936,#1937,#1938);
#1936 = CARTESIAN_POINT('',(-8.645602293778,19.837113666542,
    65.064873416663));
#1937 = DIRECTION('',(3.489949670251E-02,-4.60518446686E-14,
    0.999390827019));
#1938 = DIRECTION('',(1.529887327934E-13,1.,4.118927421363E-14));
#1939 = ADVANCED_FACE('',(#1940),#1958,.F.);
#1940 = FACE_BOUND('',#1941,.T.);
#1941 = EDGE_LOOP('',(#1942,#1943,#1951,#1957));
#1942 = ORIENTED_EDGE('',*,*,#757,.F.);
#1943 = ORIENTED_EDGE('',*,*,#1944,.T.);
#1944 = EDGE_CURVE('',#749,#1945,#1947,.T.);
#1945 = VERTEX_POINT('',#1946);
#1946 = CARTESIAN_POINT('',(-12.50797034516,-6.983396212969,
    7.325042760467));
#1947 = LINE('',#1948,#1949);
#1948 = CARTESIAN_POINT('',(-12.90797034516,-6.583396212969,
    7.325042760467));
#1949 = VECTOR('',#1950,1.);
#1950 = DIRECTION('',(0.707106781187,-0.707106781186,-3.573418202496E-14
    ));
#1951 = ORIENTED_EDGE('',*,*,#1952,.F.);
#1952 = EDGE_CURVE('',#1897,#1945,#1953,.T.);
#1953 = LINE('',#1954,#1955);
#1954 = CARTESIAN_POINT('',(-12.50797034516,-6.98339621297,
    32.374307191452));
#1955 = VECTOR('',#1956,1.);
#1956 = DIRECTION('',(-9.439386363513E-15,4.089518500372E-14,-1.));
#1957 = ORIENTED_EDGE('',*,*,#1896,.F.);
#1958 = PLANE('',#1959);
#1959 = AXIS2_PLACEMENT_3D('',#1960,#1961,#1962);
#1960 = CARTESIAN_POINT('',(-12.70797034516,-6.783396212969,
    22.054477494245));
#1961 = DIRECTION('',(0.707106781187,0.707106781186,2.302624819225E-14)
  );
#1962 = DIRECTION('',(-0.707106781186,0.707106781187,3.573418202497E-14)
  );
#1963 = ADVANCED_FACE('',(#1964),#1982,.T.);
#1964 = FACE_BOUND('',#1965,.T.);
#1965 = EDGE_LOOP('',(#1966,#1974,#1975,#1976));
#1966 = ORIENTED_EDGE('',*,*,#1967,.T.);
#1967 = EDGE_CURVE('',#1968,#145,#1970,.T.);
#1968 = VERTEX_POINT('',#1969);
#1969 = CARTESIAN_POINT('',(-7.907925188594,16.805666089426,
    67.240454161968));
#1970 = LINE('',#1971,#1972);
#1971 = CARTESIAN_POINT('',(-9.66744083992,16.805666089426,
    67.301897802445));
#1972 = VECTOR('',#1973,1.);
#1973 = DIRECTION('',(-0.999390827019,1.513316403999E-13,
    3.489949670251E-02));
#1974 = ORIENTED_EDGE('',*,*,#144,.F.);
#1975 = ORIENTED_EDGE('',*,*,#1919,.F.);
#1976 = ORIENTED_EDGE('',*,*,#1977,.F.);
#1977 = EDGE_CURVE('',#1968,#1920,#1978,.T.);
#1978 = LINE('',#1979,#1980);
#1979 = CARTESIAN_POINT('',(-7.907925188594,16.805666089427,
    47.766251142974));
#1980 = VECTOR('',#1981,1.);
#1981 = DIRECTION('',(-2.989386363513E-15,4.074518500372E-14,-1.));
#1982 = PLANE('',#1983);
#1983 = AXIS2_PLACEMENT_3D('',#1984,#1985,#1986);
#1984 = CARTESIAN_POINT('',(-10.97545525902,16.805666089427,
    61.343917406675));
#1985 = DIRECTION('',(-1.530687327934E-13,-1.,-4.118927421363E-14));
#1986 = DIRECTION('',(0.999390827019,-1.513315916661E-13,
    -3.489949670251E-02));
#1987 = ADVANCED_FACE('',(#1988),#2007,.T.);
#1988 = FACE_BOUND('',#1989,.T.);
#1989 = EDGE_LOOP('',(#1990,#1991,#1992,#2000));
#1990 = ORIENTED_EDGE('',*,*,#1944,.F.);
#1991 = ORIENTED_EDGE('',*,*,#748,.F.);
#1992 = ORIENTED_EDGE('',*,*,#1993,.T.);
#1993 = EDGE_CURVE('',#740,#1994,#1996,.T.);
#1994 = VERTEX_POINT('',#1995);
#1995 = CARTESIAN_POINT('',(-12.50797034516,-5.971194739799,
    6.325117201211));
#1996 = LINE('',#1997,#1998);
#1997 = CARTESIAN_POINT('',(-12.90797034516,-5.976075329067,
    6.725087424914));
#1998 = VECTOR('',#1999,1.);
#1999 = DIRECTION('',(0.707106781187,8.627744418597E-03,-0.707054143631)
  );
#2000 = ORIENTED_EDGE('',*,*,#2001,.F.);
#2001 = EDGE_CURVE('',#1945,#1994,#2002,.T.);
#2002 = CIRCLE('',#2003,1.);
#2003 = AXIS2_PLACEMENT_3D('',#2004,#2005,#2006);
#2004 = CARTESIAN_POINT('',(-12.50797034516,-5.983396212969,
    7.325042760467));
#2005 = DIRECTION('',(1.,-1.528187327934E-13,-9.439386363519E-15));
#2006 = DIRECTION('',(-1.141131494318E-13,-0.702779669182,
    -0.711407574169));
#2007 = CONICAL_SURFACE('',#2008,0.8,0.785398163397);
#2008 = AXIS2_PLACEMENT_3D('',#2009,#2010,#2011);
#2009 = CARTESIAN_POINT('',(-12.70797034516,-5.983396212969,
    7.325042760467));
#2010 = DIRECTION('',(1.,-1.524366881884E-13,-9.053252548722E-15));
#2011 = DIRECTION('',(-1.141998988055E-13,-0.702779669182,
    -0.711407574169));
#2012 = ADVANCED_FACE('',(#2013),#2031,.T.);
#2013 = FACE_BOUND('',#2014,.T.);
#2014 = EDGE_LOOP('',(#2015,#2023,#2024,#2025));
#2015 = ORIENTED_EDGE('',*,*,#2016,.F.);
#2016 = EDGE_CURVE('',#153,#2017,#2019,.T.);
#2017 = VERTEX_POINT('',#2018);
#2018 = CARTESIAN_POINT('',(-7.907925188595,15.776923550469,
    67.240454161968));
#2019 = LINE('',#2020,#2021);
#2020 = CARTESIAN_POINT('',(-6.332430270605,15.776923550469,
    67.185436667102));
#2021 = VECTOR('',#2022,1.);
#2022 = DIRECTION('',(0.999390827019,-1.512516403999E-13,
    -3.489949670251E-02));
#2023 = ORIENTED_EDGE('',*,*,#152,.F.);
#2024 = ORIENTED_EDGE('',*,*,#1967,.F.);
#2025 = ORIENTED_EDGE('',*,*,#2026,.F.);
#2026 = EDGE_CURVE('',#2017,#1968,#2027,.T.);
#2027 = LINE('',#2028,#2029);
#2028 = CARTESIAN_POINT('',(-7.907925188594,19.843859326785,
    67.24045416197));
#2029 = VECTOR('',#2030,1.);
#2030 = DIRECTION('',(1.506487327934E-13,1.,5.293927421363E-14));
#2031 = PLANE('',#2032);
#2032 = AXIS2_PLACEMENT_3D('',#2033,#2034,#2035);
#2033 = CARTESIAN_POINT('',(-8.568823401033,19.837113666542,
    67.263533236104));
#2034 = DIRECTION('',(-3.489949670251E-02,5.77118446686E-14,
    -0.999390827019));
#2035 = DIRECTION('',(-0.999390827019,1.512516403999E-13,
    3.489949670251E-02));
#2036 = ADVANCED_FACE('',(#2037),#2056,.T.);
#2037 = FACE_BOUND('',#2038,.T.);
#2038 = EDGE_LOOP('',(#2039,#2040,#2041,#2049));
#2039 = ORIENTED_EDGE('',*,*,#1993,.F.);
#2040 = ORIENTED_EDGE('',*,*,#739,.F.);
#2041 = ORIENTED_EDGE('',*,*,#2042,.T.);
#2042 = EDGE_CURVE('',#731,#2043,#2045,.T.);
#2043 = VERTEX_POINT('',#2044);
#2044 = CARTESIAN_POINT('',(-12.50797034516,-4.050258826566,
    6.74380285804));
#2045 = LINE('',#2046,#2047);
#2046 = CARTESIAN_POINT('',(-12.90797034516,-4.212268032487,
    7.109525454002));
#2047 = VECTOR('',#2048,1.);
#2048 = DIRECTION('',(0.707106781187,0.286394520303,-0.646512319094));
#2049 = ORIENTED_EDGE('',*,*,#2050,.F.);
#2050 = EDGE_CURVE('',#1994,#2043,#2051,.T.);
#2051 = CIRCLE('',#2052,4.890098198916);
#2052 = AXIS2_PLACEMENT_3D('',#2053,#2054,#2055);
#2053 = CARTESIAN_POINT('',(-12.50797034516,-6.03086114177,
    11.214851377577));
#2054 = DIRECTION('',(1.,-1.528187327934E-13,-9.439386363519E-15));
#2055 = DIRECTION('',(-1.934466939946E-14,-6.494761781161E-02,
    -0.997888674623));
#2056 = CONICAL_SURFACE('',#2057,4.690098198916,0.785398163397);
#2057 = AXIS2_PLACEMENT_3D('',#2058,#2059,#2060);
#2058 = CARTESIAN_POINT('',(-12.70797034516,-6.03086114177,
    11.214851377577));
#2059 = DIRECTION('',(1.,-1.524366881884E-13,-9.053252548722E-15));
#2060 = DIRECTION('',(-1.961368660951E-14,-6.494761781161E-02,
    -0.997888674623));
#2061 = ADVANCED_FACE('',(#2062),#2080,.T.);
#2062 = FACE_BOUND('',#2063,.T.);
#2063 = EDGE_LOOP('',(#2064,#2072,#2073,#2074));
#2064 = ORIENTED_EDGE('',*,*,#2065,.T.);
#2065 = EDGE_CURVE('',#2066,#161,#2068,.T.);
#2066 = VERTEX_POINT('',#2067);
#2067 = CARTESIAN_POINT('',(-7.907925188595,15.376923550469,
    67.640697979688));
#2068 = LINE('',#2069,#2070);
#2069 = CARTESIAN_POINT('',(-6.318470471925,15.376923550469,
    67.585192997909));
#2070 = VECTOR('',#2071,1.);
#2071 = DIRECTION('',(-0.999390827019,1.512516403999E-13,
    3.489949670251E-02));
#2072 = ORIENTED_EDGE('',*,*,#160,.F.);
#2073 = ORIENTED_EDGE('',*,*,#2016,.T.);
#2074 = ORIENTED_EDGE('',*,*,#2075,.F.);
#2075 = EDGE_CURVE('',#2066,#2017,#2076,.T.);
#2076 = LINE('',#2077,#2078);
#2077 = CARTESIAN_POINT('',(-7.907925188593,24.971504420076,
    58.040268788015));
#2078 = VECTOR('',#2079,1.);
#2079 = DIRECTION('',(1.043838518014E-13,0.706891307583,-0.70732218915)
  );
#2080 = PLANE('',#2081);
#2081 = AXIS2_PLACEMENT_3D('',#2082,#2083,#2084);
#2082 = CARTESIAN_POINT('',(-6.325450371265,15.576923550469,
    67.385314832507));
#2083 = DIRECTION('',(-2.467767077845E-02,-0.707106781187,
    -0.706676030841));
#2084 = DIRECTION('',(0.999391568299,-3.487826274253E-02,
    -1.072790566112E-14));
#2085 = ADVANCED_FACE('',(#2086),#2105,.F.);
#2086 = FACE_BOUND('',#2087,.F.);
#2087 = EDGE_LOOP('',(#2088,#2096,#2097,#2098));
#2088 = ORIENTED_EDGE('',*,*,#2089,.F.);
#2089 = EDGE_CURVE('',#722,#2090,#2092,.T.);
#2090 = VERTEX_POINT('',#2091);
#2091 = CARTESIAN_POINT('',(-12.50797034516,-5.302953599369,
    3.40038263839));
#2092 = LINE('',#2093,#2094);
#2093 = CARTESIAN_POINT('',(-12.90797034516,-5.665393968938,
    3.231157999208));
#2094 = VECTOR('',#2095,1.);
#2095 = DIRECTION('',(0.707106781187,0.640710107745,0.299149724774));
#2096 = ORIENTED_EDGE('',*,*,#730,.T.);
#2097 = ORIENTED_EDGE('',*,*,#2042,.T.);
#2098 = ORIENTED_EDGE('',*,*,#2099,.T.);
#2099 = EDGE_CURVE('',#2043,#2090,#2100,.T.);
#2100 = CIRCLE('',#2101,2.5);
#2101 = AXIS2_PLACEMENT_3D('',#2102,#2103,#2104);
#2102 = CARTESIAN_POINT('',(-12.50797034516,-3.03770128956,4.45803663328
    ));
#2103 = DIRECTION('',(-1.,1.528187327934E-13,9.439386363519E-15));
#2104 = DIRECTION('',(1.528187327934E-13,1.,4.300927421363E-14));
#2105 = CONICAL_SURFACE('',#2106,2.7,0.785398163397);
#2106 = AXIS2_PLACEMENT_3D('',#2107,#2108,#2109);
#2107 = CARTESIAN_POINT('',(-12.70797034516,-3.03770128956,4.45803663328
    ));
#2108 = DIRECTION('',(-1.,1.524366881884E-13,9.053252548722E-15));
#2109 = DIRECTION('',(1.526587327934E-13,1.,4.300927421363E-14));
#2110 = ADVANCED_FACE('',(#2111),#2129,.T.);
#2111 = FACE_BOUND('',#2112,.T.);
#2112 = EDGE_LOOP('',(#2113,#2121,#2122,#2123));
#2113 = ORIENTED_EDGE('',*,*,#2114,.F.);
#2114 = EDGE_CURVE('',#169,#2115,#2117,.T.);
#2115 = VERTEX_POINT('',#2116);
#2116 = CARTESIAN_POINT('',(-7.907925188595,15.376923550469,
    68.841429432846));
#2117 = LINE('',#2118,#2119);
#2118 = CARTESIAN_POINT('',(-5.815832001645,15.376923550468,
    68.76837192891));
#2119 = VECTOR('',#2120,1.);
#2120 = DIRECTION('',(0.999390827019,-1.512516403999E-13,
    -3.48994967025E-02));
#2121 = ORIENTED_EDGE('',*,*,#168,.F.);
#2122 = ORIENTED_EDGE('',*,*,#2065,.F.);
#2123 = ORIENTED_EDGE('',*,*,#2124,.F.);
#2124 = EDGE_CURVE('',#2115,#2066,#2125,.T.);
#2125 = LINE('',#2126,#2127);
#2126 = CARTESIAN_POINT('',(-7.907925188595,15.37692355047,
    51.647353315706));
#2127 = VECTOR('',#2128,1.);
#2128 = DIRECTION('',(-2.989386363511E-15,5.239518500372E-14,-1.));
#2129 = PLANE('',#2130);
#2130 = AXIS2_PLACEMENT_3D('',#2131,#2132,#2133);
#2131 = CARTESIAN_POINT('',(-4.026238146772,15.376923550468,
    69.106121752141));
#2132 = DIRECTION('',(-1.533987327934E-13,-1.,-5.283927421363E-14));
#2133 = DIRECTION('',(-0.999390827019,1.512548115024E-13,
    3.489949670251E-02));
#2134 = ADVANCED_FACE('',(#2135),#2154,.T.);
#2135 = FACE_BOUND('',#2136,.T.);
#2136 = EDGE_LOOP('',(#2137,#2145,#2152,#2153));
#2137 = ORIENTED_EDGE('',*,*,#2138,.T.);
#2138 = EDGE_CURVE('',#713,#2139,#2141,.T.);
#2139 = VERTEX_POINT('',#2140);
#2140 = CARTESIAN_POINT('',(-12.50797034516,-6.234109136429,
    3.783727975787));
#2141 = LINE('',#2142,#2143);
#2142 = CARTESIAN_POINT('',(-12.90797034516,-6.095863813887,
    3.408377165484));
#2143 = VECTOR('',#2144,1.);
#2144 = DIRECTION('',(0.707106781187,-0.244385512592,0.663532758223));
#2145 = ORIENTED_EDGE('',*,*,#2146,.F.);
#2146 = EDGE_CURVE('',#2090,#2139,#2147,.T.);
#2147 = CIRCLE('',#2148,0.743904251095);
#2148 = AXIS2_PLACEMENT_3D('',#2149,#2150,#2151);
#2149 = CARTESIAN_POINT('',(-12.50797034516,-5.977005928596,
    3.085665317196));
#2150 = DIRECTION('',(1.,-1.528187327934E-13,-9.439386363519E-15));
#2151 = DIRECTION('',(6.690503586164E-14,0.380688967393,0.924703147018)
  );
#2152 = ORIENTED_EDGE('',*,*,#2089,.F.);
#2153 = ORIENTED_EDGE('',*,*,#721,.F.);
#2154 = CONICAL_SURFACE('',#2155,0.543904251095,0.785398163397);
#2155 = AXIS2_PLACEMENT_3D('',#2156,#2157,#2158);
#2156 = CARTESIAN_POINT('',(-12.70797034516,-5.977005928596,
    3.085665317196));
#2157 = DIRECTION('',(1.,-1.524366881884E-13,-9.053252548722E-15));
#2158 = DIRECTION('',(6.710304250803E-14,0.380688967393,0.924703147018)
  );
#2159 = ADVANCED_FACE('',(#2160),#2178,.T.);
#2160 = FACE_BOUND('',#2161,.T.);
#2161 = EDGE_LOOP('',(#2162,#2170,#2171,#2172));
#2162 = ORIENTED_EDGE('',*,*,#2163,.T.);
#2163 = EDGE_CURVE('',#2164,#177,#2166,.T.);
#2164 = VERTEX_POINT('',#2165);
#2165 = CARTESIAN_POINT('',(-7.907925188595,15.776923550469,
    69.241673250566));
#2166 = LINE('',#2167,#2168);
#2167 = CARTESIAN_POINT('',(-5.801872202964,15.776923550468,
    69.168128259718));
#2168 = VECTOR('',#2169,1.);
#2169 = DIRECTION('',(-0.999390827019,1.512516403999E-13,
    3.48994967025E-02));
#2170 = ORIENTED_EDGE('',*,*,#176,.F.);
#2171 = ORIENTED_EDGE('',*,*,#2114,.T.);
#2172 = ORIENTED_EDGE('',*,*,#2173,.F.);
#2173 = EDGE_CURVE('',#2164,#2115,#2174,.T.);
#2174 = LINE('',#2175,#2176);
#2175 = CARTESIAN_POINT('',(-7.907925188596,7.913127552189,
    61.373083920269));
#2176 = VECTOR('',#2177,1.);
#2177 = DIRECTION('',(-1.086089589382E-13,-0.706891307583,-0.70732218915
    ));
#2178 = PLANE('',#2179);
#2179 = AXIS2_PLACEMENT_3D('',#2180,#2181,#2182);
#2180 = CARTESIAN_POINT('',(-5.808852102304,15.576923550469,
    68.968250094315));
#2181 = DIRECTION('',(2.467767077823E-02,-0.707106781187,0.706676030841)
  );
#2182 = DIRECTION('',(0.999391568299,3.487826274222E-02,
    -7.91366560292E-15));
#2183 = ADVANCED_FACE('',(#2184),#2203,.T.);
#2184 = FACE_BOUND('',#2185,.T.);
#2185 = EDGE_LOOP('',(#2186,#2194,#2201,#2202));
#2186 = ORIENTED_EDGE('',*,*,#2187,.F.);
#2187 = EDGE_CURVE('',#2188,#704,#2190,.T.);
#2188 = VERTEX_POINT('',#2189);
#2189 = CARTESIAN_POINT('',(-12.50797034516,-6.744971711642,
    2.628855859967));
#2190 = LINE('',#2191,#2192);
#2191 = CARTESIAN_POINT('',(-12.70797021023,-6.559608190538,
    2.703958223737));
#2192 = VECTOR('',#2193,1.);
#2193 = DIRECTION('',(-0.707107331441,0.655358503801,0.265526746899));
#2194 = ORIENTED_EDGE('',*,*,#2195,.F.);
#2195 = EDGE_CURVE('',#2139,#2188,#2196,.T.);
#2196 = CIRCLE('',#2197,0.878972464496);
#2197 = AXIS2_PLACEMENT_3D('',#2198,#2199,#2200);
#2198 = CARTESIAN_POINT('',(-12.50797034516,-5.93032455678,2.95892040883
    ));
#2199 = DIRECTION('',(1.,-1.528187327934E-13,-9.439386363519E-15));
#2200 = DIRECTION('',(-1.011601037138E-13,-0.705723615158,0.708487246891
    ));
#2201 = ORIENTED_EDGE('',*,*,#2138,.F.);
#2202 = ORIENTED_EDGE('',*,*,#712,.F.);
#2203 = CONICAL_SURFACE('',#2204,0.678972464496,0.785398163397);
#2204 = AXIS2_PLACEMENT_3D('',#2205,#2206,#2207);
#2205 = CARTESIAN_POINT('',(-12.70797034516,-5.930324556779,
    2.95892040883));
#2206 = DIRECTION('',(1.,-1.524366881884E-13,-9.053252548722E-15));
#2207 = DIRECTION('',(-1.008488115062E-13,-0.705723615158,0.708487246891
    ));
#2208 = ADVANCED_FACE('',(#2209),#2227,.T.);
#2209 = FACE_BOUND('',#2210,.T.);
#2210 = EDGE_LOOP('',(#2211,#2219,#2220,#2221));
#2211 = ORIENTED_EDGE('',*,*,#2212,.T.);
#2212 = EDGE_CURVE('',#2213,#185,#2215,.T.);
#2213 = VERTEX_POINT('',#2214);
#2214 = CARTESIAN_POINT('',(-7.907925188595,16.805666089426,
    69.241673250567));
#2215 = LINE('',#2216,#2217);
#2216 = CARTESIAN_POINT('',(-9.21008225411,16.805666089426,
    69.287145577295));
#2217 = VECTOR('',#2218,1.);
#2218 = DIRECTION('',(-0.999390827019,1.513316403999E-13,
    3.489949670251E-02));
#2219 = ORIENTED_EDGE('',*,*,#184,.T.);
#2220 = ORIENTED_EDGE('',*,*,#2163,.F.);
#2221 = ORIENTED_EDGE('',*,*,#2222,.F.);
#2222 = EDGE_CURVE('',#2213,#2164,#2223,.T.);
#2223 = LINE('',#2224,#2225);
#2224 = CARTESIAN_POINT('',(-7.907925188594,19.843859326785,
    69.241673250568));
#2225 = VECTOR('',#2226,1.);
#2226 = DIRECTION('',(-1.506487327934E-13,-1.,-4.126927421363E-14));
#2227 = PLANE('',#2228);
#2228 = AXIS2_PLACEMENT_3D('',#2229,#2230,#2231);
#2229 = CARTESIAN_POINT('',(-7.577506259155,19.837113666542,
    69.230134767297));
#2230 = DIRECTION('',(3.489949670251E-02,-4.60518446686E-14,
    0.999390827019));
#2231 = DIRECTION('',(1.529887327934E-13,1.,4.118927421363E-14));
#2232 = ADVANCED_FACE('',(#2233),#2261,.T.);
#2233 = FACE_BOUND('',#2234,.T.);
#2234 = EDGE_LOOP('',(#2235,#2245,#2252,#2253,#2254));
#2235 = ORIENTED_EDGE('',*,*,#2236,.F.);
#2236 = EDGE_CURVE('',#2237,#2239,#2241,.T.);
#2237 = VERTEX_POINT('',#2238);
#2238 = CARTESIAN_POINT('',(-12.50796980544,-3.987700509231,
    0.245352790491));
#2239 = VERTEX_POINT('',#2240);
#2240 = CARTESIAN_POINT('',(-12.50797034516,-3.808478770677,
    0.205867839406));
#2241 = ( BOUNDED_CURVE() B_SPLINE_CURVE(2,(#2242,#2243,#2244),
.UNSPECIFIED.,.F.,.F.) B_SPLINE_CURVE_WITH_KNOTS((3,3),(0.,
1.835317968664E-02),.PIECEWISE_BEZIER_KNOTS.) CURVE() 
GEOMETRIC_REPRESENTATION_ITEM() RATIONAL_B_SPLINE_CURVE((1.,
1.000263224908,1.000000000035)) REPRESENTATION_ITEM('') );
#2242 = CARTESIAN_POINT('',(-12.50796980544,-3.987700509231,
    0.245352790491));
#2243 = CARTESIAN_POINT('',(-12.51007477645,-3.898089645993,
    0.225610316279));
#2244 = CARTESIAN_POINT('',(-12.50796980573,-3.808478782762,
    0.205867842068));
#2245 = ORIENTED_EDGE('',*,*,#2246,.F.);
#2246 = EDGE_CURVE('',#2188,#2237,#2247,.T.);
#2247 = CIRCLE('',#2248,4.);
#2248 = AXIS2_PLACEMENT_3D('',#2249,#2250,#2251);
#2249 = CARTESIAN_POINT('',(-12.50796980544,-3.03770128956,
    4.130903135375));
#2250 = DIRECTION('',(1.,-1.528187327934E-13,-8.359386363519E-15));
#2251 = DIRECTION('',(-1.528187327934E-13,-1.,-4.300927421363E-14));
#2252 = ORIENTED_EDGE('',*,*,#2187,.T.);
#2253 = ORIENTED_EDGE('',*,*,#703,.F.);
#2254 = ORIENTED_EDGE('',*,*,#2255,.T.);
#2255 = EDGE_CURVE('',#696,#2239,#2256,.T.);
#2256 = B_SPLINE_CURVE_WITH_KNOTS('',3,(#2257,#2258,#2259,#2260),
  .UNSPECIFIED.,.F.,.F.,(4,4),(-7.113411525274E-02,0.),
  .PIECEWISE_BEZIER_KNOTS.);
#2257 = CARTESIAN_POINT('',(-12.90797034516,-3.32475124765,
    0.542365505426));
#2258 = CARTESIAN_POINT('',(-12.77777507628,-3.484037031199,
    0.424495943595));
#2259 = CARTESIAN_POINT('',(-12.64380892466,-3.645916937579,
    0.312378147691));
#2260 = CARTESIAN_POINT('',(-12.50797016387,-3.808478871481,
    0.20586822447));
#2261 = CONICAL_SURFACE('',#2262,3.8,0.785397488755);
#2262 = AXIS2_PLACEMENT_3D('',#2263,#2264,#2265);
#2263 = CARTESIAN_POINT('',(-12.7079700753,-3.03770128956,4.130903135375
    ));
#2264 = DIRECTION('',(1.,-1.524366881884E-13,-7.973252548722E-15));
#2265 = DIRECTION('',(-1.526587327934E-13,-1.,-4.300927421363E-14));
#2266 = ADVANCED_FACE('',(#2267),#2285,.T.);
#2267 = FACE_BOUND('',#2268,.T.);
#2268 = EDGE_LOOP('',(#2269,#2277,#2283,#2284));
#2269 = ORIENTED_EDGE('',*,*,#2270,.F.);
#2270 = EDGE_CURVE('',#2271,#2213,#2273,.T.);
#2271 = VERTEX_POINT('',#2272);
#2272 = CARTESIAN_POINT('',(-7.907925188595,16.805666089426,
    71.43789980449));
#2273 = LINE('',#2274,#2275);
#2274 = CARTESIAN_POINT('',(-7.907925188595,16.805666089426,
    68.478396849164));
#2275 = VECTOR('',#2276,1.);
#2276 = DIRECTION('',(-8.293863635127E-16,4.074518500372E-14,-1.));
#2277 = ORIENTED_EDGE('',*,*,#2278,.T.);
#2278 = EDGE_CURVE('',#2271,#193,#2279,.T.);
#2279 = LINE('',#2280,#2281);
#2280 = CARTESIAN_POINT('',(-9.667440300206,16.805666089426,
    71.49934342612));
#2281 = VECTOR('',#2282,1.);
#2282 = DIRECTION('',(-0.999390827019,1.513316403999E-13,
    3.48994967025E-02));
#2283 = ORIENTED_EDGE('',*,*,#192,.F.);
#2284 = ORIENTED_EDGE('',*,*,#2212,.F.);
#2285 = PLANE('',#2286);
#2286 = AXIS2_PLACEMENT_3D('',#2287,#2288,#2289);
#2287 = CARTESIAN_POINT('',(-10.9754547193,16.805666089427,
    65.541363030349));
#2288 = DIRECTION('',(-1.530687327934E-13,-1.,-4.118927421363E-14));
#2289 = DIRECTION('',(0.999390827019,-1.513315916661E-13,
    -3.489949670251E-02));
#2290 = ADVANCED_FACE('',(#2291),#2301,.F.);
#2291 = FACE_BOUND('',#2292,.T.);
#2292 = EDGE_LOOP('',(#2293,#2299,#2300));
#2293 = ORIENTED_EDGE('',*,*,#2294,.F.);
#2294 = EDGE_CURVE('',#2239,#688,#2295,.T.);
#2295 = LINE('',#2296,#2297);
#2296 = CARTESIAN_POINT('',(-11.27117618213,-5.016307458946,
    0.47196868778));
#2297 = VECTOR('',#2298,1.);
#2298 = DIRECTION('',(-0.707106781186,0.690546480178,-0.152136644876));
#2299 = ORIENTED_EDGE('',*,*,#2255,.F.);
#2300 = ORIENTED_EDGE('',*,*,#695,.F.);
#2301 = PLANE('',#2302);
#2302 = AXIS2_PLACEMENT_3D('',#2303,#2304,#2305);
#2303 = CARTESIAN_POINT('',(-12.70797034516,-1.048088585391,
    11.805679124664));
#2304 = DIRECTION('',(0.707106781187,0.690546480178,-0.152136644876));
#2305 = DIRECTION('',(-0.698679479854,0.715434821931,3.520716456171E-14)
  );
#2306 = ADVANCED_FACE('',(#2307),#2325,.T.);
#2307 = FACE_BOUND('',#2308,.T.);
#2308 = EDGE_LOOP('',(#2309,#2317,#2323,#2324));
#2309 = ORIENTED_EDGE('',*,*,#2310,.F.);
#2310 = EDGE_CURVE('',#2311,#2271,#2313,.T.);
#2311 = VERTEX_POINT('',#2312);
#2312 = CARTESIAN_POINT('',(-7.907925188595,15.776923550469,
    71.437899804489));
#2313 = LINE('',#2314,#2315);
#2314 = CARTESIAN_POINT('',(-7.907925188594,19.837113666542,
    71.437899804492));
#2315 = VECTOR('',#2316,1.);
#2316 = DIRECTION('',(1.506487327934E-13,1.,5.293927421363E-14));
#2317 = ORIENTED_EDGE('',*,*,#2318,.F.);
#2318 = EDGE_CURVE('',#201,#2311,#2319,.T.);
#2319 = LINE('',#2320,#2321);
#2320 = CARTESIAN_POINT('',(-4.096036600463,15.776923550468,
    71.304785721775));
#2321 = VECTOR('',#2322,1.);
#2322 = DIRECTION('',(0.999390827019,-1.527316403999E-13,
    -3.489949670248E-02));
#2323 = ORIENTED_EDGE('',*,*,#200,.F.);
#2324 = ORIENTED_EDGE('',*,*,#2278,.F.);
#2325 = PLANE('',#2326);
#2326 = AXIS2_PLACEMENT_3D('',#2327,#2328,#2329);
#2327 = CARTESIAN_POINT('',(-8.568822861319,19.837113666542,
    71.460978859779));
#2328 = DIRECTION('',(-3.489949670251E-02,5.77118446686E-14,
    -0.999390827019));
#2329 = DIRECTION('',(-0.999390827019,1.512516403999E-13,
    3.489949670251E-02));
#2330 = ADVANCED_FACE('',(#2331),#2366,.T.);
#2331 = FACE_BOUND('',#2332,.T.);
#2332 = EDGE_LOOP('',(#2333,#2341,#2342,#2343,#2344,#2352,#2360));
#2333 = ORIENTED_EDGE('',*,*,#2334,.T.);
#2334 = EDGE_CURVE('',#2335,#2237,#2337,.T.);
#2335 = VERTEX_POINT('',#2336);
#2336 = CARTESIAN_POINT('',(-8.907970242714,-3.987700509233,
    0.245352790491));
#2337 = LINE('',#2338,#2339);
#2338 = CARTESIAN_POINT('',(-10.90797002408,-3.987700509232,
    0.245352790491));
#2339 = VECTOR('',#2340,1.);
#2340 = DIRECTION('',(-1.,1.528466881884E-13,6.503252548722E-15));
#2341 = ORIENTED_EDGE('',*,*,#2236,.T.);
#2342 = ORIENTED_EDGE('',*,*,#2294,.T.);
#2343 = ORIENTED_EDGE('',*,*,#687,.T.);
#2344 = ORIENTED_EDGE('',*,*,#2345,.T.);
#2345 = EDGE_CURVE('',#680,#2346,#2348,.T.);
#2346 = VERTEX_POINT('',#2347);
#2347 = CARTESIAN_POINT('',(-12.50797034516,-3.698546033058,
    0.181648183896));
#2348 = LINE('',#2349,#2350);
#2349 = CARTESIAN_POINT('',(-11.2430339113,-4.933857905733,
    0.453803946148));
#2350 = VECTOR('',#2351,1.);
#2351 = DIRECTION('',(0.707106781187,-0.690546480178,0.152136644876));
#2352 = ORIENTED_EDGE('',*,*,#2353,.T.);
#2353 = EDGE_CURVE('',#2346,#2354,#2356,.T.);
#2354 = VERTEX_POINT('',#2355);
#2355 = CARTESIAN_POINT('',(-8.907971381733,-3.698546033059,
    0.181648183895));
#2356 = LINE('',#2357,#2358);
#2357 = CARTESIAN_POINT('',(-11.03428298725,-3.698546033059,
    0.181648183896));
#2358 = VECTOR('',#2359,1.);
#2359 = DIRECTION('',(1.,-1.518966881884E-13,-4.543252548722E-15));
#2360 = ORIENTED_EDGE('',*,*,#2361,.T.);
#2361 = EDGE_CURVE('',#2354,#2335,#2362,.T.);
#2362 = LINE('',#2363,#2364);
#2363 = CARTESIAN_POINT('',(-8.907970242714,-6.021903793716,
    0.693515038189));
#2364 = VECTOR('',#2365,1.);
#2365 = DIRECTION('',(-1.479398729125E-13,-0.976580197716,0.215153706517
    ));
#2366 = PLANE('',#2367);
#2367 = AXIS2_PLACEMENT_3D('',#2368,#2369,#2370);
#2368 = CARTESIAN_POINT('',(-9.160595629351,-5.761445741039,
    0.636132638304));
#2369 = DIRECTION('',(-3.887726639947E-14,-0.215153706517,
    -0.976580197716));
#2370 = DIRECTION('',(1.465198729125E-13,0.976580197716,-0.215153706517)
  );
#2371 = ADVANCED_FACE('',(#2372),#2390,.T.);
#2372 = FACE_BOUND('',#2373,.T.);
#2373 = EDGE_LOOP('',(#2374,#2382,#2388,#2389));
#2374 = ORIENTED_EDGE('',*,*,#2375,.F.);
#2375 = EDGE_CURVE('',#2376,#2311,#2378,.T.);
#2376 = VERTEX_POINT('',#2377);
#2377 = CARTESIAN_POINT('',(-7.907925188595,15.376923550469,
    71.838143622209));
#2378 = LINE('',#2379,#2380);
#2379 = CARTESIAN_POINT('',(-7.907925188595,16.710785146433,
    70.503468978515));
#2380 = VECTOR('',#2381,1.);
#2381 = DIRECTION('',(1.059138518014E-13,0.706891307583,-0.70732218915)
  );
#2382 = ORIENTED_EDGE('',*,*,#2383,.T.);
#2383 = EDGE_CURVE('',#2376,#209,#2384,.T.);
#2384 = LINE('',#2385,#2386);
#2385 = CARTESIAN_POINT('',(-6.31846993221,15.376923550468,
    71.782638621583));
#2386 = VECTOR('',#2387,1.);
#2387 = DIRECTION('',(-0.999390827019,1.512516403999E-13,
    3.48994967025E-02));
#2388 = ORIENTED_EDGE('',*,*,#208,.F.);
#2389 = ORIENTED_EDGE('',*,*,#2318,.T.);
#2390 = PLANE('',#2391);
#2391 = AXIS2_PLACEMENT_3D('',#2392,#2393,#2394);
#2392 = CARTESIAN_POINT('',(-6.32544983155,15.576923550468,
    71.582760456181));
#2393 = DIRECTION('',(-2.467767077845E-02,-0.707106781187,
    -0.706676030841));
#2394 = DIRECTION('',(0.999391568299,-3.487826274253E-02,
    -9.641968765157E-15));
#2395 = ADVANCED_FACE('',(#2396),#2414,.T.);
#2396 = FACE_BOUND('',#2397,.T.);
#2397 = EDGE_LOOP('',(#2398,#2399,#2400,#2408));
#2398 = ORIENTED_EDGE('',*,*,#2345,.F.);
#2399 = ORIENTED_EDGE('',*,*,#679,.T.);
#2400 = ORIENTED_EDGE('',*,*,#2401,.T.);
#2401 = EDGE_CURVE('',#659,#2402,#2404,.T.);
#2402 = VERTEX_POINT('',#2403);
#2403 = CARTESIAN_POINT('',(-12.50797034516,-4.059443291895,
    -1.456460320465));
#2404 = LINE('',#2405,#2406);
#2405 = CARTESIAN_POINT('',(-12.90797034516,-3.668811212808,
    -1.542521803072));
#2406 = VECTOR('',#2407,1.);
#2407 = DIRECTION('',(0.707106781187,-0.690546480178,0.152136644875));
#2408 = ORIENTED_EDGE('',*,*,#2409,.T.);
#2409 = EDGE_CURVE('',#2402,#2346,#2410,.T.);
#2410 = LINE('',#2411,#2412);
#2411 = CARTESIAN_POINT('',(-12.50797034516,2.179913578769,
    26.863908707897));
#2412 = VECTOR('',#2413,1.);
#2413 = DIRECTION('',(3.998726639944E-14,0.215153706517,0.976580197717)
  );
#2414 = PLANE('',#2415);
#2415 = AXIS2_PLACEMENT_3D('',#2416,#2417,#2418);
#2416 = CARTESIAN_POINT('',(-12.70797034516,2.375229618312,
    26.820877966594));
#2417 = DIRECTION('',(-0.707106781186,-0.690546480178,0.152136644876));
#2418 = DIRECTION('',(0.698679479854,-0.71543482193,-3.498511995678E-14)
  );
#2419 = ADVANCED_FACE('',(#2420),#2438,.T.);
#2420 = FACE_BOUND('',#2421,.T.);
#2421 = EDGE_LOOP('',(#2422,#2430,#2436,#2437));
#2422 = ORIENTED_EDGE('',*,*,#2423,.F.);
#2423 = EDGE_CURVE('',#2424,#2376,#2426,.T.);
#2424 = VERTEX_POINT('',#2425);
#2425 = CARTESIAN_POINT('',(-7.907925188595,15.376923550469,
    73.038875075368));
#2426 = LINE('',#2427,#2428);
#2427 = CARTESIAN_POINT('',(-7.907925188595,15.376923550469,
    72.359499021896));
#2428 = VECTOR('',#2429,1.);
#2429 = DIRECTION('',(-8.293863635109E-16,5.239518500372E-14,-1.));
#2430 = ORIENTED_EDGE('',*,*,#2431,.F.);
#2431 = EDGE_CURVE('',#217,#2424,#2432,.T.);
#2432 = LINE('',#2433,#2434);
#2433 = CARTESIAN_POINT('',(-5.815831461931,15.376923550468,
    72.965817552584));
#2434 = VECTOR('',#2435,1.);
#2435 = DIRECTION('',(0.999390827019,-1.512516403999E-13,
    -3.48994967025E-02));
#2436 = ORIENTED_EDGE('',*,*,#216,.F.);
#2437 = ORIENTED_EDGE('',*,*,#2383,.F.);
#2438 = PLANE('',#2439);
#2439 = AXIS2_PLACEMENT_3D('',#2440,#2441,#2442);
#2440 = CARTESIAN_POINT('',(-4.026237607057,15.376923550468,
    73.303567375815));
#2441 = DIRECTION('',(-1.533987327934E-13,-1.,-5.283927421363E-14));
#2442 = DIRECTION('',(-0.999390827019,1.512548115024E-13,
    3.489949670251E-02));
#2443 = ADVANCED_FACE('',(#2444),#2484,.T.);
#2444 = FACE_BOUND('',#2445,.T.);
#2445 = EDGE_LOOP('',(#2446,#2447,#2455,#2467,#2483));
#2446 = ORIENTED_EDGE('',*,*,#658,.T.);
#2447 = ORIENTED_EDGE('',*,*,#2448,.T.);
#2448 = EDGE_CURVE('',#651,#2449,#2451,.T.);
#2449 = VERTEX_POINT('',#2450);
#2450 = CARTESIAN_POINT('',(-12.50797034516,2.351557303016,
    -4.027225842646));
#2451 = LINE('',#2452,#2453);
#2452 = CARTESIAN_POINT('',(-12.90797034516,2.009313141656,
    -3.82017769845));
#2453 = VECTOR('',#2454,1.);
#2454 = DIRECTION('',(0.707106781187,0.605007918298,-0.366012866983));
#2455 = ORIENTED_EDGE('',*,*,#2456,.F.);
#2456 = EDGE_CURVE('',#2457,#2449,#2459,.T.);
#2457 = VERTEX_POINT('',#2458);
#2458 = CARTESIAN_POINT('',(-12.50797034516,1.005493241334,
    -5.356735047174));
#2459 = B_SPLINE_CURVE_WITH_KNOTS('',3,(#2460,#2461,#2462,#2463,#2464,
    #2465,#2466),.UNSPECIFIED.,.F.,.F.,(4,3,4),(0.819443673747,
    0.837874402095,1.010965078012),.UNSPECIFIED.);
#2460 = CARTESIAN_POINT('',(-12.50797034516,1.006189746192,
    -5.356614872422));
#2461 = CARTESIAN_POINT('',(-12.50797034516,1.059207649387,
    -5.325866295393));
#2462 = CARTESIAN_POINT('',(-12.50797034516,1.111450139577,
    -5.29379051935));
#2463 = CARTESIAN_POINT('',(-12.50797034516,1.162842243408,
    -5.260430064389));
#2464 = CARTESIAN_POINT('',(-12.50797034516,1.645486977833,
    -4.947128083648));
#2465 = CARTESIAN_POINT('',(-12.50797034516,2.053128712016,
    -4.520519048673));
#2466 = CARTESIAN_POINT('',(-12.50797034516,2.351557303016,
    -4.027225842646));
#2467 = ORIENTED_EDGE('',*,*,#2468,.F.);
#2468 = EDGE_CURVE('',#2402,#2457,#2469,.T.);
#2469 = B_SPLINE_CURVE_WITH_KNOTS('',3,(#2470,#2471,#2472,#2473,#2474,
    #2475,#2476,#2477,#2478,#2479,#2480,#2481,#2482),.UNSPECIFIED.,.F.,
  .F.,(4,3,3,3,4),(0.,0.173598463316,0.43399615829,0.664783726179,
    0.819443673747),.UNSPECIFIED.);
#2470 = CARTESIAN_POINT('',(-12.50797034516,-4.059443291895,
    -1.456460320465));
#2471 = CARTESIAN_POINT('',(-12.50797034516,-4.183944467988,
    -2.021569725892));
#2472 = CARTESIAN_POINT('',(-12.50797034516,-4.184454158495,
    -2.613976301204));
#2473 = CARTESIAN_POINT('',(-12.50797034516,-4.050095806153,
    -3.174139967957));
#2474 = CARTESIAN_POINT('',(-12.50797034516,-3.84855827764,
    -4.014385468088));
#2475 = CARTESIAN_POINT('',(-12.50797034516,-3.343567652716,
    -4.782084423963));
#2476 = CARTESIAN_POINT('',(-12.50797034516,-2.62725831629,
    -5.267858751856));
#2477 = CARTESIAN_POINT('',(-12.50797034516,-1.992401354033,
    -5.698395111591));
#2478 = CARTESIAN_POINT('',(-12.50797034516,-1.208732316626,
    -5.893818975622));
#2479 = CARTESIAN_POINT('',(-12.50797034516,-0.44799969323,
    -5.825194973345));
#2480 = CARTESIAN_POINT('',(-12.50797034516,6.179755765305E-02,
    -5.779207294324));
#2481 = CARTESIAN_POINT('',(-12.50797034516,0.561294353385,
    -5.614639038437));
#2482 = CARTESIAN_POINT('',(-12.50797034516,1.00618974619,
    -5.356614872423));
#2483 = ORIENTED_EDGE('',*,*,#2401,.F.);
#2484 = B_SPLINE_SURFACE_WITH_KNOTS('',3,3,(
    (#2485,#2486,#2487,#2488,#2489,#2490,#2491,#2492,#2493)
    ,(#2494,#2495,#2496,#2497,#2498,#2499,#2500,#2501,#2502)
    ,(#2503,#2504,#2505,#2506,#2507,#2508,#2509,#2510,#2511)
    ,(#2512,#2513,#2514,#2515,#2516,#2517,#2518,#2519,#2520
  )),.UNSPECIFIED.,.F.,.F.,.F.,(4,4),(4,1,2,1,1,4),(-3.5379E-13,
    1.000021151341),(0.,0.173598463316,0.433996158289,0.664783726178,
    0.837874402095,1.010965078011),.UNSPECIFIED.);
#2485 = CARTESIAN_POINT('',(-12.50797034516,-4.059443291895,
    -1.456460320465));
#2486 = CARTESIAN_POINT('',(-12.50797034516,-4.183944467989,
    -2.021569725892));
#2487 = CARTESIAN_POINT('',(-12.50797034516,-4.185218694256,
    -3.502586164171));
#2488 = CARTESIAN_POINT('',(-12.50797034516,-3.343567652716,
    -4.782084423963));
#2489 = CARTESIAN_POINT('',(-12.50797034516,-1.992401354033,
    -5.698395111591));
#2490 = CARTESIAN_POINT('',(-12.50797034516,-0.620980538571,
    -6.040386873646));
#2491 = CARTESIAN_POINT('',(-12.50797034516,1.237845243649,
    -5.373737118624));
#2492 = CARTESIAN_POINT('',(-12.50797034516,2.053128712016,
    -4.520519048673));
#2493 = CARTESIAN_POINT('',(-12.50797034516,2.351557303016,
    -4.027225842646));
#2494 = CARTESIAN_POINT('',(-12.64130649867,-3.929229844736,
    -1.485148088106));
#2495 = CARTESIAN_POINT('',(-12.64130649867,-4.049771092557,
    -2.031181404938));
#2496 = CARTESIAN_POINT('',(-12.64130649867,-4.050045766675,
    -3.461206238626));
#2497 = CARTESIAN_POINT('',(-12.64130649867,-3.239889986591,
    -4.691386511258));
#2498 = CARTESIAN_POINT('',(-12.64130649867,-1.942838661106,
    -5.570591615756));
#2499 = CARTESIAN_POINT('',(-12.64130649867,-0.627582607692,
    -5.899223161883));
#2500 = CARTESIAN_POINT('',(-12.64130649867,1.16169738086,
    -5.258424588698));
#2501 = CARTESIAN_POINT('',(-12.64130649867,1.949252811481,
    -4.434739477583));
#2502 = CARTESIAN_POINT('',(-12.64130649867,2.237473502922,
    -3.958208334799));
#2503 = CARTESIAN_POINT('',(-12.77464265218,-3.799016397576,
    -1.513835855747));
#2504 = CARTESIAN_POINT('',(-12.77464265218,-3.914808008045,
    -2.040514662787));
#2505 = CARTESIAN_POINT('',(-12.77464265218,-3.915204979625,
    -3.420056976559));
#2506 = CARTESIAN_POINT('',(-12.77464265218,-3.135925659222,
    -4.600383236578));
#2507 = CARTESIAN_POINT('',(-12.77464265218,-1.893260092068,
    -5.44307181393));
#2508 = CARTESIAN_POINT('',(-12.77464265218,-0.634243710452,
    -5.757980206781));
#2509 = CARTESIAN_POINT('',(-12.77464265218,1.085555980666,
    -5.143091034649));
#2510 = CARTESIAN_POINT('',(-12.77464265218,1.845149111025,
    -4.349002618219));
#2511 = CARTESIAN_POINT('',(-12.77464265218,2.123389702828,
    -3.889190826951));
#2512 = CARTESIAN_POINT('',(-12.90797880569,-3.668802950416,
    -1.542523623387));
#2513 = CARTESIAN_POINT('',(-12.90797880569,-3.780634632614,
    -2.050126341833));
#2514 = CARTESIAN_POINT('',(-12.90797880569,-3.780032052043,
    -3.378677051014));
#2515 = CARTESIAN_POINT('',(-12.90797880569,-3.032247993097,
    -4.509685323873));
#2516 = CARTESIAN_POINT('',(-12.90797880569,-1.843697399141,
    -5.315268318095));
#2517 = CARTESIAN_POINT('',(-12.90797880569,-0.640845779573,
    -5.616816495018));
#2518 = CARTESIAN_POINT('',(-12.90797880569,1.009408117877,
    -5.027778504724));
#2519 = CARTESIAN_POINT('',(-12.90797880569,1.741273210489,
    -4.263223047129));
#2520 = CARTESIAN_POINT('',(-12.90797880569,2.009305902733,
    -3.820173319104));
#2521 = ADVANCED_FACE('',(#2522),#2540,.T.);
#2522 = FACE_BOUND('',#2523,.T.);
#2523 = EDGE_LOOP('',(#2524,#2532,#2538,#2539));
#2524 = ORIENTED_EDGE('',*,*,#2525,.F.);
#2525 = EDGE_CURVE('',#2526,#2424,#2528,.T.);
#2526 = VERTEX_POINT('',#2527);
#2527 = CARTESIAN_POINT('',(-7.907925188595,15.776923550469,
    73.439118893088));
#2528 = LINE('',#2529,#2530);
#2529 = CARTESIAN_POINT('',(-7.907925188595,16.167105276113,
    73.82953845178));
#2530 = VECTOR('',#2531,1.);
#2531 = DIRECTION('',(-1.070789589382E-13,-0.706891307583,-0.70732218915
    ));
#2532 = ORIENTED_EDGE('',*,*,#2533,.T.);
#2533 = EDGE_CURVE('',#2526,#225,#2534,.T.);
#2534 = LINE('',#2535,#2536);
#2535 = CARTESIAN_POINT('',(-5.80187166325,15.776923550468,
    73.365573883392));
#2536 = VECTOR('',#2537,1.);
#2537 = DIRECTION('',(-0.999390827019,1.512516403999E-13,
    3.48994967025E-02));
#2538 = ORIENTED_EDGE('',*,*,#224,.F.);
#2539 = ORIENTED_EDGE('',*,*,#2431,.T.);
#2540 = PLANE('',#2541);
#2541 = AXIS2_PLACEMENT_3D('',#2542,#2543,#2544);
#2542 = CARTESIAN_POINT('',(-5.80885156259,15.576923550468,
    73.165695717989));
#2543 = DIRECTION('',(2.467767077823E-02,-0.707106781187,0.706676030841)
  );
#2544 = DIRECTION('',(0.999391568299,3.487826274222E-02,
    -6.813850919151E-15));
#2545 = ADVANCED_FACE('',(#2546),#2564,.T.);
#2546 = FACE_BOUND('',#2547,.T.);
#2547 = EDGE_LOOP('',(#2548,#2556,#2562,#2563));
#2548 = ORIENTED_EDGE('',*,*,#2549,.T.);
#2549 = EDGE_CURVE('',#643,#2550,#2552,.T.);
#2550 = VERTEX_POINT('',#2551);
#2551 = CARTESIAN_POINT('',(-12.50797034516,3.809000115937,
    -1.61811807124));
#2552 = LINE('',#2553,#2554);
#2553 = CARTESIAN_POINT('',(-9.098762263955,7.218208197143,
    -2.569112694223));
#2554 = VECTOR('',#2555,1.);
#2555 = DIRECTION('',(0.693740146402,0.693740146402,-0.193518005725));
#2556 = ORIENTED_EDGE('',*,*,#2557,.T.);
#2557 = EDGE_CURVE('',#2550,#2449,#2558,.T.);
#2558 = LINE('',#2559,#2560);
#2559 = CARTESIAN_POINT('',(-12.50797034515,18.320718876858,
    22.369303001786));
#2560 = VECTOR('',#2561,1.);
#2561 = DIRECTION('',(-8.625420957809E-14,-0.51762036049,-0.8556104034)
  );
#2562 = ORIENTED_EDGE('',*,*,#2448,.F.);
#2563 = ORIENTED_EDGE('',*,*,#650,.T.);
#2564 = PLANE('',#2565);
#2565 = AXIS2_PLACEMENT_3D('',#2566,#2567,#2568);
#2566 = CARTESIAN_POINT('',(-12.70797034515,18.149596796178,
    22.472827073885));
#2567 = DIRECTION('',(-0.707106781187,0.605007918298,-0.366012866983));
#2568 = DIRECTION('',(-0.650119872812,-0.75983165963,-2.597760213262E-14
    ));
#2569 = ADVANCED_FACE('',(#2570),#2588,.T.);
#2570 = FACE_BOUND('',#2571,.T.);
#2571 = EDGE_LOOP('',(#2572,#2580,#2586,#2587));
#2572 = ORIENTED_EDGE('',*,*,#2573,.F.);
#2573 = EDGE_CURVE('',#2574,#2526,#2576,.T.);
#2574 = VERTEX_POINT('',#2575);
#2575 = CARTESIAN_POINT('',(-7.907925188594,23.897303782614,
    73.439118893088));
#2576 = LINE('',#2577,#2578);
#2577 = CARTESIAN_POINT('',(-7.907925188594,19.837113666542,
    73.439118893089));
#2578 = VECTOR('',#2579,1.);
#2579 = DIRECTION('',(-1.506487327934E-13,-1.,-4.126927421363E-14));
#2580 = ORIENTED_EDGE('',*,*,#2581,.F.);
#2581 = EDGE_CURVE('',#233,#2574,#2582,.T.);
#2582 = LINE('',#2583,#2584);
#2583 = CARTESIAN_POINT('',(-9.460565863694,23.897303782615,
    73.493338300207));
#2584 = VECTOR('',#2585,1.);
#2585 = DIRECTION('',(0.999390827019,-1.513316403999E-13,
    -3.48994967025E-02));
#2586 = ORIENTED_EDGE('',*,*,#232,.F.);
#2587 = ORIENTED_EDGE('',*,*,#2533,.F.);
#2588 = PLANE('',#2589);
#2589 = AXIS2_PLACEMENT_3D('',#2590,#2591,#2592);
#2590 = CARTESIAN_POINT('',(-7.577505719441,19.837113666542,
    73.427580390971));
#2591 = DIRECTION('',(3.489949670251E-02,-4.60518446686E-14,
    0.999390827019));
#2592 = DIRECTION('',(1.529887327934E-13,1.,4.118927421363E-14));
#2593 = ADVANCED_FACE('',(#2594),#2612,.F.);
#2594 = FACE_BOUND('',#2595,.T.);
#2595 = EDGE_LOOP('',(#2596,#2604,#2605,#2606));
#2596 = ORIENTED_EDGE('',*,*,#2597,.F.);
#2597 = EDGE_CURVE('',#2550,#2598,#2600,.T.);
#2598 = VERTEX_POINT('',#2599);
#2599 = CARTESIAN_POINT('',(-9.546302176334,6.770668284764,
    3.277427564302));
#2600 = LINE('',#2601,#2602);
#2601 = CARTESIAN_POINT('',(-12.35608060061,3.960889860484,
    -1.367049033922));
#2602 = VECTOR('',#2603,1.);
#2603 = DIRECTION('',(0.459688425323,0.459688425323,0.759850711159));
#2604 = ORIENTED_EDGE('',*,*,#2549,.F.);
#2605 = ORIENTED_EDGE('',*,*,#642,.T.);
#2606 = ORIENTED_EDGE('',*,*,#2607,.T.);
#2607 = EDGE_CURVE('',#635,#2598,#2608,.T.);
#2608 = LINE('',#2609,#2610);
#2609 = CARTESIAN_POINT('',(-4.894793882163,11.422176578933,
    3.277427564303));
#2610 = VECTOR('',#2611,1.);
#2611 = DIRECTION('',(0.707106781187,0.707106781186,1.847762481922E-13)
  );
#2612 = PLANE('',#2613);
#2613 = AXIS2_PLACEMENT_3D('',#2614,#2615,#2616);
#2614 = CARTESIAN_POINT('',(-9.096220656523,7.220749804575,
    -1.343641346734));
#2615 = DIRECTION('',(0.707106781186,-0.707106781187,-4.209418202497E-14
    ));
#2616 = DIRECTION('',(-1.53820454069E-15,5.82140031809E-14,-1.));
#2617 = ADVANCED_FACE('',(#2618),#2636,.T.);
#2618 = FACE_BOUND('',#2619,.T.);
#2619 = EDGE_LOOP('',(#2620,#2628,#2634,#2635));
#2620 = ORIENTED_EDGE('',*,*,#2621,.F.);
#2621 = EDGE_CURVE('',#2622,#2574,#2624,.T.);
#2622 = VERTEX_POINT('',#2623);
#2623 = CARTESIAN_POINT('',(-7.907925188593,24.297303782614,
    73.038875075369));
#2624 = LINE('',#2625,#2626);
#2625 = CARTESIAN_POINT('',(-7.907925188594,23.475180958696,
    73.861499019568));
#2626 = VECTOR('',#2627,1.);
#2627 = DIRECTION('',(-1.059138518014E-13,-0.706891307583,0.70732218915)
  );
#2628 = ORIENTED_EDGE('',*,*,#2629,.T.);
#2629 = EDGE_CURVE('',#2622,#241,#2630,.T.);
#2630 = LINE('',#2631,#2632);
#2631 = CARTESIAN_POINT('',(-9.474525662375,24.297303782615,
    73.093581969399));
#2632 = VECTOR('',#2633,1.);
#2633 = DIRECTION('',(-0.999390827019,1.513316403999E-13,
    3.48994967025E-02));
#2634 = ORIENTED_EDGE('',*,*,#240,.F.);
#2635 = ORIENTED_EDGE('',*,*,#2581,.T.);
#2636 = PLANE('',#2637);
#2637 = AXIS2_PLACEMENT_3D('',#2638,#2639,#2640);
#2638 = CARTESIAN_POINT('',(-9.467545763034,24.097303782615,
    73.293460134804));
#2639 = DIRECTION('',(2.467767077845E-02,0.707106781187,0.706676030841)
  );
#2640 = DIRECTION('',(-0.999391568299,3.487826274252E-02,
    9.759929961523E-15));
#2641 = ADVANCED_FACE('',(#2642),#2660,.T.);
#2642 = FACE_BOUND('',#2643,.T.);
#2643 = EDGE_LOOP('',(#2644,#2645,#2646,#2654));
#2644 = ORIENTED_EDGE('',*,*,#2607,.F.);
#2645 = ORIENTED_EDGE('',*,*,#634,.F.);
#2646 = ORIENTED_EDGE('',*,*,#2647,.T.);
#2647 = EDGE_CURVE('',#627,#2648,#2650,.T.);
#2648 = VERTEX_POINT('',#2649);
#2649 = CARTESIAN_POINT('',(-12.50797034516,6.770668284764,
    3.277427564302));
#2650 = LINE('',#2651,#2652);
#2651 = CARTESIAN_POINT('',(-4.905648388995,15.655929527452,
    3.277427564305));
#2652 = VECTOR('',#2653,1.);
#2653 = DIRECTION('',(0.650119872811,0.75983165963,1.995869562639E-13));
#2654 = ORIENTED_EDGE('',*,*,#2655,.T.);
#2655 = EDGE_CURVE('',#2648,#2598,#2656,.T.);
#2656 = LINE('',#2657,#2658);
#2657 = CARTESIAN_POINT('',(-8.914169525469,6.770668284764,
    3.277427564302));
#2658 = VECTOR('',#2659,1.);
#2659 = DIRECTION('',(1.,-1.521766881884E-13,-9.433252548722E-15));
#2660 = PLANE('',#2661);
#2661 = AXIS2_PLACEMENT_3D('',#2662,#2663,#2664);
#2662 = CARTESIAN_POINT('',(-4.920368705776,19.850604951265,
    3.277427564306));
#2663 = DIRECTION('',(-1.009938636348E-14,2.702951850037E-13,-1.));
#2664 = DIRECTION('',(1.506187327934E-13,1.,2.707392742136E-13));
#2665 = ADVANCED_FACE('',(#2666),#2684,.T.);
#2666 = FACE_BOUND('',#2667,.T.);
#2667 = EDGE_LOOP('',(#2668,#2676,#2682,#2683));
#2668 = ORIENTED_EDGE('',*,*,#2669,.F.);
#2669 = EDGE_CURVE('',#2670,#2622,#2672,.T.);
#2670 = VERTEX_POINT('',#2671);
#2671 = CARTESIAN_POINT('',(-7.907925188593,24.297303782615,
    71.838143622209));
#2672 = LINE('',#2673,#2674);
#2673 = CARTESIAN_POINT('',(-7.907925188593,24.297303782615,
    72.487263438711));
#2674 = VECTOR('',#2675,1.);
#2675 = DIRECTION('',(8.293863635109E-16,-5.239518500372E-14,1.));
#2676 = ORIENTED_EDGE('',*,*,#2677,.F.);
#2677 = EDGE_CURVE('',#249,#2670,#2678,.T.);
#2678 = LINE('',#2679,#2680);
#2679 = CARTESIAN_POINT('',(-4.08207680178,24.297303782614,
    71.704542052583));
#2680 = VECTOR('',#2681,1.);
#2681 = DIRECTION('',(0.999390827019,-1.527316403999E-13,
    -3.489949670248E-02));
#2682 = ORIENTED_EDGE('',*,*,#248,.F.);
#2683 = ORIENTED_EDGE('',*,*,#2629,.F.);
#2684 = PLANE('',#2685);
#2685 = AXIS2_PLACEMENT_3D('',#2686,#2687,#2688);
#2686 = CARTESIAN_POINT('',(-11.34362600794,24.297303782615,
    73.559096209445));
#2687 = DIRECTION('',(1.534687327934E-13,1.,5.283927421363E-14));
#2688 = DIRECTION('',(0.999390827019,-1.513247688603E-13,
    -3.489949670251E-02));
#2689 = ADVANCED_FACE('',(#2690),#2708,.T.);
#2690 = FACE_BOUND('',#2691,.T.);
#2691 = EDGE_LOOP('',(#2692,#2693,#2694,#2702));
#2692 = ORIENTED_EDGE('',*,*,#2647,.F.);
#2693 = ORIENTED_EDGE('',*,*,#626,.T.);
#2694 = ORIENTED_EDGE('',*,*,#2695,.T.);
#2695 = EDGE_CURVE('',#618,#2696,#2698,.T.);
#2696 = VERTEX_POINT('',#2697);
#2697 = CARTESIAN_POINT('',(-12.50797034516,9.423236514852,
    7.662040586943));
#2698 = LINE('',#2699,#2700);
#2699 = CARTESIAN_POINT('',(-12.90797034516,9.080992353492,
    7.869088731139));
#2700 = VECTOR('',#2701,1.);
#2701 = DIRECTION('',(0.707106781187,0.605007918298,-0.366012866983));
#2702 = ORIENTED_EDGE('',*,*,#2703,.T.);
#2703 = EDGE_CURVE('',#2696,#2648,#2704,.T.);
#2704 = LINE('',#2705,#2706);
#2705 = CARTESIAN_POINT('',(-12.50797034515,18.320718876858,
    22.369303001787));
#2706 = VECTOR('',#2707,1.);
#2707 = DIRECTION('',(-8.718420957809E-14,-0.51762036049,-0.8556104034)
  );
#2708 = PLANE('',#2709);
#2709 = AXIS2_PLACEMENT_3D('',#2710,#2711,#2712);
#2710 = CARTESIAN_POINT('',(-12.70797034515,18.149596796178,
    22.472827073885));
#2711 = DIRECTION('',(-0.707106781187,0.605007918298,-0.366012866983));
#2712 = DIRECTION('',(-0.650119872812,-0.75983165963,-2.561677964961E-14
    ));
#2713 = ADVANCED_FACE('',(#2714),#2732,.T.);
#2714 = FACE_BOUND('',#2715,.T.);
#2715 = EDGE_LOOP('',(#2716,#2724,#2730,#2731));
#2716 = ORIENTED_EDGE('',*,*,#2717,.F.);
#2717 = EDGE_CURVE('',#2718,#2670,#2720,.T.);
#2718 = VERTEX_POINT('',#2719);
#2719 = CARTESIAN_POINT('',(-7.907925188594,23.897303782615,
    71.43789980449));
#2720 = LINE('',#2721,#2722);
#2721 = CARTESIAN_POINT('',(-7.907925188594,22.995383284924,
    70.535429546303));
#2722 = VECTOR('',#2723,1.);
#2723 = DIRECTION('',(1.070789589382E-13,0.706891307583,0.70732218915));
#2724 = ORIENTED_EDGE('',*,*,#2725,.F.);
#2725 = EDGE_CURVE('',#257,#2718,#2726,.T.);
#2726 = LINE('',#2727,#2728);
#2727 = CARTESIAN_POINT('',(-4.096036600461,23.897303782614,
    71.304785721776));
#2728 = VECTOR('',#2729,1.);
#2729 = DIRECTION('',(0.999390827019,-1.527316403999E-13,
    -3.489949670248E-02));
#2730 = ORIENTED_EDGE('',*,*,#256,.F.);
#2731 = ORIENTED_EDGE('',*,*,#2677,.T.);
#2732 = PLANE('',#2733);
#2733 = AXIS2_PLACEMENT_3D('',#2734,#2735,#2736);
#2734 = CARTESIAN_POINT('',(-9.984144031995,24.097303782615,
    71.710524872996));
#2735 = DIRECTION('',(-2.467767077824E-02,0.707106781187,-0.706676030841
    ));
#2736 = DIRECTION('',(-0.999391568299,-3.487826274223E-02,
    6.83119815391E-15));
#2737 = ADVANCED_FACE('',(#2738),#2757,.F.);
#2738 = FACE_BOUND('',#2739,.F.);
#2739 = EDGE_LOOP('',(#2740,#2741,#2742,#2751));
#2740 = ORIENTED_EDGE('',*,*,#617,.F.);
#2741 = ORIENTED_EDGE('',*,*,#2695,.T.);
#2742 = ORIENTED_EDGE('',*,*,#2743,.F.);
#2743 = EDGE_CURVE('',#2744,#2696,#2746,.T.);
#2744 = VERTEX_POINT('',#2745);
#2745 = CARTESIAN_POINT('',(-12.50797034516,13.70128853185,
    10.073938784491));
#2746 = CIRCLE('',#2747,5.);
#2747 = AXIS2_PLACEMENT_3D('',#2748,#2749,#2750);
#2748 = CARTESIAN_POINT('',(-12.50797034516,13.70128853185,
    5.073938784491));
#2749 = DIRECTION('',(1.,-1.528187327934E-13,-9.439386363519E-15));
#2750 = DIRECTION('',(-6.682830819976E-14,-0.491110801912,0.871097112982
    ));
#2751 = ORIENTED_EDGE('',*,*,#2752,.F.);
#2752 = EDGE_CURVE('',#610,#2744,#2753,.T.);
#2753 = LINE('',#2754,#2755);
#2754 = CARTESIAN_POINT('',(-12.90797034516,13.70128853185,
    10.473938784491));
#2755 = VECTOR('',#2756,1.);
#2756 = DIRECTION('',(0.707106781187,-7.627116454067E-14,-0.707106781186
    ));
#2757 = CONICAL_SURFACE('',#2758,5.2,0.785398163397);
#2758 = AXIS2_PLACEMENT_3D('',#2759,#2760,#2761);
#2759 = CARTESIAN_POINT('',(-12.70797034516,13.70128853185,
    5.073938784491));
#2760 = DIRECTION('',(-1.,1.527666881884E-13,9.053252548722E-15));
#2761 = DIRECTION('',(-6.666788984446E-14,-0.491110801912,0.871097112982
    ));
#2762 = ADVANCED_FACE('',(#2763),#2781,.T.);
#2763 = FACE_BOUND('',#2764,.T.);
#2764 = EDGE_LOOP('',(#2765,#2773,#2779,#2780));
#2765 = ORIENTED_EDGE('',*,*,#2766,.F.);
#2766 = EDGE_CURVE('',#2767,#2718,#2769,.T.);
#2767 = VERTEX_POINT('',#2768);
#2768 = CARTESIAN_POINT('',(-7.907925188594,22.868561243657,
    71.437899804491));
#2769 = LINE('',#2770,#2771);
#2770 = CARTESIAN_POINT('',(-7.907925188594,19.837113666542,
    71.437899804492));
#2771 = VECTOR('',#2772,1.);
#2772 = DIRECTION('',(1.506487327934E-13,1.,5.293927421363E-14));
#2773 = ORIENTED_EDGE('',*,*,#2774,.F.);
#2774 = EDGE_CURVE('',#265,#2767,#2775,.T.);
#2775 = LINE('',#2776,#2777);
#2776 = CARTESIAN_POINT('',(-6.33242973089,22.868561243657,
    71.382882290777));
#2777 = VECTOR('',#2778,1.);
#2778 = DIRECTION('',(0.999390827019,-1.513316403999E-13,
    -3.489949670251E-02));
#2779 = ORIENTED_EDGE('',*,*,#264,.F.);
#2780 = ORIENTED_EDGE('',*,*,#2725,.T.);
#2781 = PLANE('',#2782);
#2782 = AXIS2_PLACEMENT_3D('',#2783,#2784,#2785);
#2783 = CARTESIAN_POINT('',(-8.568822861319,19.837113666542,
    71.460978859779));
#2784 = DIRECTION('',(-3.489949670251E-02,5.77118446686E-14,
    -0.999390827019));
#2785 = DIRECTION('',(-0.999390827019,1.512516403999E-13,
    3.489949670251E-02));
#2786 = ADVANCED_FACE('',(#2787),#2805,.T.);
#2787 = FACE_BOUND('',#2788,.T.);
#2788 = EDGE_LOOP('',(#2789,#2797,#2803,#2804));
#2789 = ORIENTED_EDGE('',*,*,#2790,.T.);
#2790 = EDGE_CURVE('',#601,#2791,#2793,.T.);
#2791 = VERTEX_POINT('',#2792);
#2792 = CARTESIAN_POINT('',(-12.50797034515,25.973159909352,
    10.073938784492));
#2793 = LINE('',#2794,#2795);
#2794 = CARTESIAN_POINT('',(-12.90797034515,25.973159909352,
    10.473938784492));
#2795 = VECTOR('',#2796,1.);
#2796 = DIRECTION('',(0.707106781187,-8.117116454061E-14,-0.707106781187
    ));
#2797 = ORIENTED_EDGE('',*,*,#2798,.T.);
#2798 = EDGE_CURVE('',#2791,#2744,#2799,.T.);
#2799 = LINE('',#2800,#2801);
#2800 = CARTESIAN_POINT('',(-12.50797034515,41.849192821539,
    10.073938784492));
#2801 = VECTOR('',#2802,1.);
#2802 = DIRECTION('',(-1.528187327934E-13,-1.,-4.378927421363E-14));
#2803 = ORIENTED_EDGE('',*,*,#2752,.F.);
#2804 = ORIENTED_EDGE('',*,*,#609,.T.);
#2805 = PLANE('',#2806);
#2806 = AXIS2_PLACEMENT_3D('',#2807,#2808,#2809);
#2807 = CARTESIAN_POINT('',(-12.70797034515,41.849192821539,
    10.273938784492));
#2808 = DIRECTION('',(-0.707106781187,1.385535577743E-13,-0.707106781187
    ));
#2809 = DIRECTION('',(-1.55419956457E-13,-1.,-4.119049787727E-14));
#2810 = ADVANCED_FACE('',(#2811),#2829,.T.);
#2811 = FACE_BOUND('',#2812,.T.);
#2812 = EDGE_LOOP('',(#2813,#2821,#2827,#2828));
#2813 = ORIENTED_EDGE('',*,*,#2814,.F.);
#2814 = EDGE_CURVE('',#2815,#2767,#2817,.T.);
#2815 = VERTEX_POINT('',#2816);
#2816 = CARTESIAN_POINT('',(-7.907925188594,22.868561243657,
    69.241673250567));
#2817 = LINE('',#2818,#2819);
#2818 = CARTESIAN_POINT('',(-7.907925188594,22.868561243657,
    68.36193571382));
#2819 = VECTOR('',#2820,1.);
#2820 = DIRECTION('',(8.293863635127E-16,-4.074518500372E-14,1.));
#2821 = ORIENTED_EDGE('',*,*,#2822,.F.);
#2822 = EDGE_CURVE('',#273,#2815,#2823,.T.);
#2823 = LINE('',#2824,#2825);
#2824 = CARTESIAN_POINT('',(-5.875071684794,22.868561243657,
    69.170684441951));
#2825 = VECTOR('',#2826,1.);
#2826 = DIRECTION('',(0.999390827019,-1.513316403999E-13,
    -3.489949670251E-02));
#2827 = ORIENTED_EDGE('',*,*,#272,.F.);
#2828 = ORIENTED_EDGE('',*,*,#2774,.T.);
#2829 = PLANE('',#2830);
#2830 = AXIS2_PLACEMENT_3D('',#2831,#2832,#2833);
#2831 = CARTESIAN_POINT('',(-4.305433580676,22.868561243657,
    65.308440759663));
#2832 = DIRECTION('',(1.530687327934E-13,1.,4.118927421363E-14));
#2833 = DIRECTION('',(-0.999390827019,1.513315916661E-13,
    3.489949670251E-02));
#2834 = ADVANCED_FACE('',(#2835),#2854,.F.);
#2835 = FACE_BOUND('',#2836,.F.);
#2836 = EDGE_LOOP('',(#2837,#2838,#2839,#2848));
#2837 = ORIENTED_EDGE('',*,*,#600,.F.);
#2838 = ORIENTED_EDGE('',*,*,#2790,.T.);
#2839 = ORIENTED_EDGE('',*,*,#2840,.F.);
#2840 = EDGE_CURVE('',#2841,#2791,#2843,.T.);
#2841 = VERTEX_POINT('',#2842);
#2842 = CARTESIAN_POINT('',(-12.50797034515,30.25121192635,
    7.662040586944));
#2843 = CIRCLE('',#2844,5.);
#2844 = AXIS2_PLACEMENT_3D('',#2845,#2846,#2847);
#2845 = CARTESIAN_POINT('',(-12.50797034515,25.973159909352,
    5.073938784492));
#2846 = DIRECTION('',(1.,-1.528187327934E-13,-9.439386363519E-15));
#2847 = DIRECTION('',(8.327355261891E-14,0.491110801912,0.871097112982)
  );
#2848 = ORIENTED_EDGE('',*,*,#2849,.F.);
#2849 = EDGE_CURVE('',#593,#2841,#2850,.T.);
#2850 = LINE('',#2851,#2852);
#2851 = CARTESIAN_POINT('',(-12.90797034515,30.59345608771,7.86908873114
    ));
#2852 = VECTOR('',#2853,1.);
#2853 = DIRECTION('',(0.707106781186,-0.605007918298,-0.366012866983));
#2854 = CONICAL_SURFACE('',#2855,5.2,0.785398163397);
#2855 = AXIS2_PLACEMENT_3D('',#2856,#2857,#2858);
#2856 = CARTESIAN_POINT('',(-12.70797034515,25.973159909352,
    5.073938784492));
#2857 = DIRECTION('',(-1.,1.527666881884E-13,9.053252548722E-15));
#2858 = DIRECTION('',(8.360094864687E-14,0.491110801912,0.871097112982)
  );
#2859 = ADVANCED_FACE('',(#2860),#2878,.T.);
#2860 = FACE_BOUND('',#2861,.T.);
#2861 = EDGE_LOOP('',(#2862,#2863,#2871,#2877));
#2862 = ORIENTED_EDGE('',*,*,#2822,.T.);
#2863 = ORIENTED_EDGE('',*,*,#2864,.F.);
#2864 = EDGE_CURVE('',#2865,#2815,#2867,.T.);
#2865 = VERTEX_POINT('',#2866);
#2866 = CARTESIAN_POINT('',(-7.907925188593,23.897303782615,
    69.241673250567));
#2867 = LINE('',#2868,#2869);
#2868 = CARTESIAN_POINT('',(-7.907925188594,19.843859326785,
    69.241673250568));
#2869 = VECTOR('',#2870,1.);
#2870 = DIRECTION('',(-1.506487327934E-13,-1.,-4.126927421363E-14));
#2871 = ORIENTED_EDGE('',*,*,#2872,.F.);
#2872 = EDGE_CURVE('',#281,#2865,#2873,.T.);
#2873 = LINE('',#2874,#2875);
#2874 = CARTESIAN_POINT('',(-9.460566403408,23.897303782615,
    69.295892676533));
#2875 = VECTOR('',#2876,1.);
#2876 = DIRECTION('',(0.999390827019,-1.513316403999E-13,
    -3.48994967025E-02));
#2877 = ORIENTED_EDGE('',*,*,#280,.T.);
#2878 = PLANE('',#2879);
#2879 = AXIS2_PLACEMENT_3D('',#2880,#2881,#2882);
#2880 = CARTESIAN_POINT('',(-7.577506259155,19.837113666542,
    69.230134767297));
#2881 = DIRECTION('',(3.489949670251E-02,-4.60518446686E-14,
    0.999390827019));
#2882 = DIRECTION('',(1.529887327934E-13,1.,4.118927421363E-14));
#2883 = ADVANCED_FACE('',(#2884),#2902,.T.);
#2884 = FACE_BOUND('',#2885,.T.);
#2885 = EDGE_LOOP('',(#2886,#2894,#2900,#2901));
#2886 = ORIENTED_EDGE('',*,*,#2887,.T.);
#2887 = EDGE_CURVE('',#585,#2888,#2890,.T.);
#2888 = VERTEX_POINT('',#2889);
#2889 = CARTESIAN_POINT('',(-12.50797034515,32.903778790519,
    3.277429822125));
#2890 = LINE('',#2891,#2892);
#2891 = CARTESIAN_POINT('',(-18.13873656531,39.484771959596,
    3.277429822127));
#2892 = VECTOR('',#2893,1.);
#2893 = DIRECTION('',(0.650119872811,-0.75983165963,-2.125568729055E-13)
  );
#2894 = ORIENTED_EDGE('',*,*,#2895,.T.);
#2895 = EDGE_CURVE('',#2888,#2841,#2896,.T.);
#2896 = LINE('',#2897,#2898);
#2897 = CARTESIAN_POINT('',(-12.50797034515,28.881193943245,
    9.926637825892));
#2898 = VECTOR('',#2899,1.);
#2899 = DIRECTION('',(-7.102595646084E-14,-0.51762036049,0.8556104034));
#2900 = ORIENTED_EDGE('',*,*,#2849,.F.);
#2901 = ORIENTED_EDGE('',*,*,#592,.T.);
#2902 = PLANE('',#2903);
#2903 = AXIS2_PLACEMENT_3D('',#2904,#2905,#2906);
#2904 = CARTESIAN_POINT('',(-12.70797034515,29.052316023925,
    10.03016189799));
#2905 = DIRECTION('',(-0.707106781187,-0.605007918297,-0.366012866983));
#2906 = DIRECTION('',(0.650119872811,-0.75983165963,-3.70603162466E-14)
  );
#2907 = ADVANCED_FACE('',(#2908),#2926,.T.);
#2908 = FACE_BOUND('',#2909,.T.);
#2909 = EDGE_LOOP('',(#2910,#2918,#2919,#2920));
#2910 = ORIENTED_EDGE('',*,*,#2911,.T.);
#2911 = EDGE_CURVE('',#2912,#289,#2914,.T.);
#2912 = VERTEX_POINT('',#2913);
#2913 = CARTESIAN_POINT('',(-7.907925188593,24.297303782615,
    68.841429432848));
#2914 = LINE('',#2915,#2916);
#2915 = CARTESIAN_POINT('',(-9.474526202089,24.297303782615,
    68.896136345726));
#2916 = VECTOR('',#2917,1.);
#2917 = DIRECTION('',(-0.999390827019,1.513316403999E-13,
    3.48994967025E-02));
#2918 = ORIENTED_EDGE('',*,*,#288,.F.);
#2919 = ORIENTED_EDGE('',*,*,#2872,.T.);
#2920 = ORIENTED_EDGE('',*,*,#2921,.F.);
#2921 = EDGE_CURVE('',#2912,#2865,#2922,.T.);
#2922 = LINE('',#2923,#2924);
#2923 = CARTESIAN_POINT('',(-7.907925188592,31.735900232339,
    61.398298829068));
#2924 = VECTOR('',#2925,1.);
#2925 = DIRECTION('',(-1.043838518014E-13,-0.706891307583,0.70732218915)
  );
#2926 = PLANE('',#2927);
#2927 = AXIS2_PLACEMENT_3D('',#2928,#2929,#2930);
#2928 = CARTESIAN_POINT('',(-9.467546302749,24.097303782615,
    69.09601451113));
#2929 = DIRECTION('',(2.467767077845E-02,0.707106781187,0.706676030841)
  );
#2930 = DIRECTION('',(-0.999391568299,3.487826274252E-02,
    1.079729460016E-14));
#2931 = ADVANCED_FACE('',(#2932),#2950,.F.);
#2932 = FACE_BOUND('',#2933,.T.);
#2933 = EDGE_LOOP('',(#2934,#2942,#2943,#2944));
#2934 = ORIENTED_EDGE('',*,*,#2935,.F.);
#2935 = EDGE_CURVE('',#2888,#2936,#2938,.T.);
#2936 = VERTEX_POINT('',#2937);
#2937 = CARTESIAN_POINT('',(-9.103047473098,32.903778790518,
    3.277429822125));
#2938 = LINE('',#2939,#2940);
#2939 = CARTESIAN_POINT('',(-27.79563780155,32.903778790521,
    3.277429822125));
#2940 = VECTOR('',#2941,1.);
#2941 = DIRECTION('',(1.,-1.519766881884E-13,-9.433252548722E-15));
#2942 = ORIENTED_EDGE('',*,*,#2887,.F.);
#2943 = ORIENTED_EDGE('',*,*,#584,.T.);
#2944 = ORIENTED_EDGE('',*,*,#2945,.T.);
#2945 = EDGE_CURVE('',#577,#2936,#2946,.T.);
#2946 = LINE('',#2947,#2948);
#2947 = CARTESIAN_POINT('',(-17.659568725,41.460300043322,3.277429822128
    ));
#2948 = VECTOR('',#2949,1.);
#2949 = DIRECTION('',(0.707106781149,-0.707106781224,-1.981141820261E-13
    ));
#2950 = PLANE('',#2951);
#2951 = AXIS2_PLACEMENT_3D('',#2952,#2953,#2954);
#2952 = CARTESIAN_POINT('',(-42.68330525796,33.563259651296,
    3.277429822126));
#2953 = DIRECTION('',(1.117938636348E-14,-2.702951850037E-13,1.));
#2954 = DIRECTION('',(1.388126720665E-14,-1.,-2.707392742136E-13));
#2955 = ADVANCED_FACE('',(#2956),#2974,.T.);
#2956 = FACE_BOUND('',#2957,.T.);
#2957 = EDGE_LOOP('',(#2958,#2966,#2967,#2968));
#2958 = ORIENTED_EDGE('',*,*,#2959,.F.);
#2959 = EDGE_CURVE('',#297,#2960,#2962,.T.);
#2960 = VERTEX_POINT('',#2961);
#2961 = CARTESIAN_POINT('',(-7.907925188593,24.297303782615,
    67.640697979689));
#2962 = LINE('',#2963,#2964);
#2963 = CARTESIAN_POINT('',(-9.977164672369,24.297303782615,
    67.712957414725));
#2964 = VECTOR('',#2965,1.);
#2965 = DIRECTION('',(0.999390827019,-1.513316403999E-13,
    -3.489949670251E-02));
#2966 = ORIENTED_EDGE('',*,*,#296,.F.);
#2967 = ORIENTED_EDGE('',*,*,#2911,.F.);
#2968 = ORIENTED_EDGE('',*,*,#2969,.F.);
#2969 = EDGE_CURVE('',#2960,#2912,#2970,.T.);
#2970 = LINE('',#2971,#2972);
#2971 = CARTESIAN_POINT('',(-7.907925188593,24.297303782616,
    51.775117732522));
#2972 = VECTOR('',#2973,1.);
#2973 = DIRECTION('',(2.989386363511E-15,-5.239518500372E-14,1.));
#2974 = PLANE('',#2975);
#2975 = AXIS2_PLACEMENT_3D('',#2976,#2977,#2978);
#2976 = CARTESIAN_POINT('',(-11.34362654766,24.297303782615,
    69.361650585771));
#2977 = DIRECTION('',(1.534687327934E-13,1.,5.283927421363E-14));
#2978 = DIRECTION('',(0.999390827019,-1.513247688603E-13,
    -3.489949670251E-02));
#2979 = ADVANCED_FACE('',(#2980),#2998,.T.);
#2980 = FACE_BOUND('',#2981,.T.);
#2981 = EDGE_LOOP('',(#2982,#2983,#2984,#2992));
#2982 = ORIENTED_EDGE('',*,*,#2945,.F.);
#2983 = ORIENTED_EDGE('',*,*,#576,.T.);
#2984 = ORIENTED_EDGE('',*,*,#2985,.F.);
#2985 = EDGE_CURVE('',#2986,#569,#2988,.T.);
#2986 = VERTEX_POINT('',#2987);
#2987 = CARTESIAN_POINT('',(-12.50797034515,36.308701662951,
    -2.350802092218));
#2988 = LINE('',#2989,#2990);
#2989 = CARTESIAN_POINT('',(-10.06663277197,33.867364089514,
    -3.031810364005));
#2990 = VECTOR('',#2991,1.);
#2991 = DIRECTION('',(-0.693740146383,0.693740146456,0.1935180056));
#2992 = ORIENTED_EDGE('',*,*,#2993,.F.);
#2993 = EDGE_CURVE('',#2936,#2986,#2994,.T.);
#2994 = LINE('',#2995,#2996);
#2995 = CARTESIAN_POINT('',(-8.689257728287,32.489989045662,
    3.961411437886));
#2996 = VECTOR('',#2997,1.);
#2997 = DIRECTION('',(-0.459688425283,0.459688425334,-0.759850711176));
#2998 = PLANE('',#2999);
#2999 = AXIS2_PLACEMENT_3D('',#3000,#3001,#3002);
#3000 = CARTESIAN_POINT('',(-9.096220655845,32.896951973277,
    -1.3436413467));
#3001 = DIRECTION('',(-0.707106781224,-0.707106781149,-1.87909624819E-12
    ));
#3002 = DIRECTION('',(-1.535697528173E-15,2.657868873839E-12,-1.));
#3003 = ADVANCED_FACE('',(#3004),#3022,.T.);
#3004 = FACE_BOUND('',#3005,.T.);
#3005 = EDGE_LOOP('',(#3006,#3014,#3015,#3016));
#3006 = ORIENTED_EDGE('',*,*,#3007,.T.);
#3007 = EDGE_CURVE('',#3008,#305,#3010,.T.);
#3008 = VERTEX_POINT('',#3009);
#3009 = CARTESIAN_POINT('',(-7.907925188593,23.897303782615,
    67.24045416197));
#3010 = LINE('',#3011,#3012);
#3011 = CARTESIAN_POINT('',(-9.99112447105,23.897303782615,
    67.313201083918));
#3012 = VECTOR('',#3013,1.);
#3013 = DIRECTION('',(-0.999390827019,1.513316403999E-13,
    3.489949670251E-02));
#3014 = ORIENTED_EDGE('',*,*,#304,.F.);
#3015 = ORIENTED_EDGE('',*,*,#2959,.T.);
#3016 = ORIENTED_EDGE('',*,*,#3017,.F.);
#3017 = EDGE_CURVE('',#3008,#2960,#3018,.T.);
#3018 = LINE('',#3019,#3020);
#3019 = CARTESIAN_POINT('',(-7.907925188595,14.741405560999,
    58.078975014794));
#3020 = VECTOR('',#3021,1.);
#3021 = DIRECTION('',(1.086089589382E-13,0.706891307583,0.70732218915));
#3022 = PLANE('',#3023);
#3023 = AXIS2_PLACEMENT_3D('',#3024,#3025,#3026);
#3024 = CARTESIAN_POINT('',(-9.984144571709,24.097303782615,
    67.513079249322));
#3025 = DIRECTION('',(-2.467767077824E-02,0.707106781187,-0.706676030841
    ));
#3026 = DIRECTION('',(-0.999391568299,-3.487826274223E-02,
    7.93101283768E-15));
#3027 = ADVANCED_FACE('',(#3028),#3046,.T.);
#3028 = FACE_BOUND('',#3029,.T.);
#3029 = EDGE_LOOP('',(#3030,#3031,#3032,#3040));
#3030 = ORIENTED_EDGE('',*,*,#2985,.T.);
#3031 = ORIENTED_EDGE('',*,*,#568,.T.);
#3032 = ORIENTED_EDGE('',*,*,#3033,.F.);
#3033 = EDGE_CURVE('',#3034,#555,#3036,.T.);
#3034 = VERTEX_POINT('',#3035);
#3035 = CARTESIAN_POINT('',(-12.50797034515,37.324878845699,
    -4.030511461519));
#3036 = LINE('',#3037,#3038);
#3037 = CARTESIAN_POINT('',(-12.50797034515,37.324878845699,
    -4.030511461519));
#3038 = VECTOR('',#3039,1.);
#3039 = DIRECTION('',(-0.707106781186,0.605007918298,0.366012866983));
#3040 = ORIENTED_EDGE('',*,*,#3041,.T.);
#3041 = EDGE_CURVE('',#3034,#2986,#3042,.T.);
#3042 = LINE('',#3043,#3044);
#3043 = CARTESIAN_POINT('',(-12.50797034515,28.881193943245,
    9.926637825892));
#3044 = VECTOR('',#3045,1.);
#3045 = DIRECTION('',(-7.102595646084E-14,-0.51762036049,0.8556104034));
#3046 = PLANE('',#3047);
#3047 = AXIS2_PLACEMENT_3D('',#3048,#3049,#3050);
#3048 = CARTESIAN_POINT('',(-12.70797034515,29.052316023925,
    10.03016189799));
#3049 = DIRECTION('',(-0.707106781187,-0.605007918298,-0.366012866983));
#3050 = DIRECTION('',(0.650119872811,-0.75983165963,-3.70603162466E-14)
  );
#3051 = ADVANCED_FACE('',(#3052),#3070,.T.);
#3052 = FACE_BOUND('',#3053,.T.);
#3053 = EDGE_LOOP('',(#3054,#3062,#3063,#3064));
#3054 = ORIENTED_EDGE('',*,*,#3055,.F.);
#3055 = EDGE_CURVE('',#313,#3056,#3058,.T.);
#3056 = VERTEX_POINT('',#3057);
#3057 = CARTESIAN_POINT('',(-7.907925188594,22.868561243657,
    67.240454161969));
#3058 = LINE('',#3059,#3060);
#3059 = CARTESIAN_POINT('',(-6.332430270604,22.868561243657,
    67.185436667103));
#3060 = VECTOR('',#3061,1.);
#3061 = DIRECTION('',(0.999390827019,-1.513316403999E-13,
    -3.489949670251E-02));
#3062 = ORIENTED_EDGE('',*,*,#312,.F.);
#3063 = ORIENTED_EDGE('',*,*,#3007,.F.);
#3064 = ORIENTED_EDGE('',*,*,#3065,.F.);
#3065 = EDGE_CURVE('',#3056,#3008,#3066,.T.);
#3066 = LINE('',#3067,#3068);
#3067 = CARTESIAN_POINT('',(-7.907925188594,19.843859326785,
    67.24045416197));
#3068 = VECTOR('',#3069,1.);
#3069 = DIRECTION('',(1.506487327934E-13,1.,5.293927421363E-14));
#3070 = PLANE('',#3071);
#3071 = AXIS2_PLACEMENT_3D('',#3072,#3073,#3074);
#3072 = CARTESIAN_POINT('',(-8.568823401033,19.837113666542,
    67.263533236104));
#3073 = DIRECTION('',(-3.489949670251E-02,5.77118446686E-14,
    -0.999390827019));
#3074 = DIRECTION('',(-0.999390827019,1.512516403999E-13,
    3.489949670251E-02));
#3075 = ADVANCED_FACE('',(#3076),#3118,.T.);
#3076 = FACE_BOUND('',#3077,.T.);
#3077 = EDGE_LOOP('',(#3078,#3092,#3099,#3100,#3101,#3109));
#3078 = ORIENTED_EDGE('',*,*,#3079,.T.);
#3079 = EDGE_CURVE('',#3080,#3082,#3084,.T.);
#3080 = VERTEX_POINT('',#3081);
#3081 = CARTESIAN_POINT('',(-12.50797034515,43.65422723941,
    -3.427743191164));
#3082 = VERTEX_POINT('',#3083);
#3083 = CARTESIAN_POINT('',(-12.50797034515,38.553686534117,
    -5.288842858802));
#3084 = B_SPLINE_CURVE_WITH_KNOTS('',3,(#3085,#3086,#3087,#3088,#3089,
    #3090,#3091),.UNSPECIFIED.,.F.,.F.,(4,2,1,4),(-0.811217873696,
    -0.563219988399,-0.337931993039,-0.177369682886),.UNSPECIFIED.);
#3085 = CARTESIAN_POINT('',(-12.50797034515,43.653589870155,
    -3.427539799398));
#3086 = CARTESIAN_POINT('',(-12.50797034515,43.403034003132,
    -4.212707402227));
#3087 = CARTESIAN_POINT('',(-12.50797034515,42.891597265508,
    -4.911487947734));
#3088 = CARTESIAN_POINT('',(-12.50797034515,41.553501534913,
    -5.737826633187));
#3089 = CARTESIAN_POINT('',(-12.50797034515,40.228320584341,
    -6.02311979656));
#3090 = CARTESIAN_POINT('',(-12.50797034515,39.007866563988,
    -5.568556604798));
#3091 = CARTESIAN_POINT('',(-12.50797034515,38.557109409631,
    -5.283431598501));
#3092 = ORIENTED_EDGE('',*,*,#3093,.T.);
#3093 = EDGE_CURVE('',#3082,#3034,#3094,.T.);
#3094 = B_SPLINE_CURVE_WITH_KNOTS('',3,(#3095,#3096,#3097,#3098),
  .UNSPECIFIED.,.F.,.F.,(4,4),(-0.177369682886,0.),
  .PIECEWISE_BEZIER_KNOTS.);
#3095 = CARTESIAN_POINT('',(-12.50797034515,38.557109409631,
    -5.283431598501));
#3096 = CARTESIAN_POINT('',(-12.50797034515,38.059167810194,
    -4.968460221336));
#3097 = CARTESIAN_POINT('',(-12.50797034515,37.630912709684,
    -4.536375947936));
#3098 = CARTESIAN_POINT('',(-12.50797034515,37.324878845699,
    -4.030511461519));
#3099 = ORIENTED_EDGE('',*,*,#3033,.T.);
#3100 = ORIENTED_EDGE('',*,*,#554,.T.);
#3101 = ORIENTED_EDGE('',*,*,#3102,.F.);
#3102 = EDGE_CURVE('',#3103,#547,#3105,.T.);
#3103 = VERTEX_POINT('',#3104);
#3104 = CARTESIAN_POINT('',(-12.50797034515,43.734719057976,
    -1.460215538564));
#3105 = LINE('',#3106,#3107);
#3106 = CARTESIAN_POINT('',(-12.50797034515,43.734719057976,
    -1.460215538564));
#3107 = VECTOR('',#3108,1.);
#3108 = DIRECTION('',(-0.707106781187,-0.690546480178,-0.152136644876));
#3109 = ORIENTED_EDGE('',*,*,#3110,.T.);
#3110 = EDGE_CURVE('',#3103,#3080,#3111,.T.);
#3111 = B_SPLINE_CURVE_WITH_KNOTS('',3,(#3112,#3113,#3114,#3115,#3116,
    #3117),.UNSPECIFIED.,.F.,.F.,(4,2,4),(-1.010742328193,
    -0.919602807503,-0.811217873696),.UNSPECIFIED.);
#3112 = CARTESIAN_POINT('',(-12.50797034515,43.734719057976,
    -1.460215538564));
#3113 = CARTESIAN_POINT('',(-12.50797034515,43.800036327616,
    -1.756689873735));
#3114 = CARTESIAN_POINT('',(-12.50797034515,43.829952694813,
    -2.059859226029));
#3115 = CARTESIAN_POINT('',(-12.50797034515,43.822766394359,
    -2.724740642296));
#3116 = CARTESIAN_POINT('',(-12.50797034515,43.763092743656,
    -3.0843903465));
#3117 = CARTESIAN_POINT('',(-12.50797034515,43.653589870155,
    -3.427539799398));
#3118 = B_SPLINE_SURFACE_WITH_KNOTS('',3,3,(
    (#3119,#3120,#3121,#3122,#3123,#3124,#3125,#3126,#3127)
    ,(#3128,#3129,#3130,#3131,#3132,#3133,#3134,#3135,#3136)
    ,(#3137,#3138,#3139,#3140,#3141,#3142,#3143,#3144,#3145)
    ,(#3146,#3147,#3148,#3149,#3150,#3151,#3152,#3153,#3154
  )),.UNSPECIFIED.,.F.,.F.,.F.,(4,4),(4,2,2,1,4),(0.,1.),(
    -1.010742328193,-0.919602807503,-0.563219988399,-0.337931993039,0.),
  .UNSPECIFIED.);
#3119 = CARTESIAN_POINT('',(-12.90797034515,43.344086978889,
    -1.54627702117));
#3120 = CARTESIAN_POINT('',(-12.90797034515,43.402755437352,
    -1.81257247893));
#3121 = CARTESIAN_POINT('',(-12.90797034515,43.429625860444,
    -2.084578601405));
#3122 = CARTESIAN_POINT('',(-12.90797034515,43.414579689689,
    -3.421161064456));
#3123 = CARTESIAN_POINT('',(-12.90797034515,42.864641461429,
    -4.457912443608));
#3124 = CARTESIAN_POINT('',(-12.90797034515,41.418553594627,
    -5.349279832432));
#3125 = CARTESIAN_POINT('',(-12.90797034515,39.722007957316,
    -5.719212833207));
#3126 = CARTESIAN_POINT('',(-12.90797034515,38.190786153184,
    -4.689062257978));
#3127 = CARTESIAN_POINT('',(-12.90797034515,37.667123007059,
    -3.823463317323));
#3128 = CARTESIAN_POINT('',(-12.77463701182,43.474297671918,
    -1.517589860301));
#3129 = CARTESIAN_POINT('',(-12.77463701182,43.535324690317,
    -1.793901938627));
#3130 = CARTESIAN_POINT('',(-12.77463701182,43.562924793587,
    -2.076375762279));
#3131 = CARTESIAN_POINT('',(-12.77463701182,43.547989568547,
    -3.46430533135));
#3132 = CARTESIAN_POINT('',(-12.77463701182,42.975541647964,
    -4.545887128764));
#3133 = CARTESIAN_POINT('',(-12.77463701182,41.463350475557,
    -5.478742927823));
#3134 = CARTESIAN_POINT('',(-12.77463701182,39.687812061858,
    -5.864212662854));
#3135 = CARTESIAN_POINT('',(-12.77463701182,38.095677837164,
    -4.790399212249));
#3136 = CARTESIAN_POINT('',(-12.77463701182,37.553041619939,
    -3.892479365388));
#3137 = CARTESIAN_POINT('',(-12.64130367848,43.604508364947,
    -1.488902699432));
#3138 = CARTESIAN_POINT('',(-12.64130367848,43.667467074651,
    -1.775360414039));
#3139 = CARTESIAN_POINT('',(-12.64130367848,43.69665376167,
    -2.068062065154));
#3140 = CARTESIAN_POINT('',(-12.64130367848,43.680424340646,
    -3.508007281393));
#3141 = CARTESIAN_POINT('',(-12.64130367848,43.087127976481,
    -4.634277396086));
#3142 = CARTESIAN_POINT('',(-12.64130367848,41.508704653983,
    -5.608363537796));
#3143 = CARTESIAN_POINT('',(-12.64130367849,39.653350381931,
    -6.009265017712));
#3144 = CARTESIAN_POINT('',(-12.64130367849,38.00305542858,
    -4.892968270202));
#3145 = CARTESIAN_POINT('',(-12.64130367849,37.438960232819,
    -3.961495413454));
#3146 = CARTESIAN_POINT('',(-12.50797034515,43.734719057976,
    -1.460215538564));
#3147 = CARTESIAN_POINT('',(-12.50797034515,43.800036327616,
    -1.756689873735));
#3148 = CARTESIAN_POINT('',(-12.50797034515,43.829952694813,
    -2.059859226029));
#3149 = CARTESIAN_POINT('',(-12.50797034515,43.813834219504,
    -3.551151548287));
#3150 = CARTESIAN_POINT('',(-12.50797034515,43.198028163015,
    -4.722252081242));
#3151 = CARTESIAN_POINT('',(-12.50797034515,41.553501534913,
    -5.737826633187));
#3152 = CARTESIAN_POINT('',(-12.50797034515,39.619154486474,
    -6.154264847359));
#3153 = CARTESIAN_POINT('',(-12.50797034515,37.90794711256,
    -4.994305224472));
#3154 = CARTESIAN_POINT('',(-12.50797034515,37.324878845699,
    -4.030511461519));
#3155 = ADVANCED_FACE('',(#3156),#3174,.T.);
#3156 = FACE_BOUND('',#3157,.T.);
#3157 = EDGE_LOOP('',(#3158,#3166,#3167,#3168));
#3158 = ORIENTED_EDGE('',*,*,#3159,.F.);
#3159 = EDGE_CURVE('',#321,#3160,#3162,.T.);
#3160 = VERTEX_POINT('',#3161);
#3161 = CARTESIAN_POINT('',(-7.907925188594,22.868561243658,
    65.039113164513));
#3162 = LINE('',#3163,#3164);
#3163 = CARTESIAN_POINT('',(-6.40920916335,22.868561243657,
    64.986776847662));
#3164 = VECTOR('',#3165,1.);
#3165 = DIRECTION('',(0.999390827019,-1.513316403999E-13,
    -3.489949670251E-02));
#3166 = ORIENTED_EDGE('',*,*,#320,.F.);
#3167 = ORIENTED_EDGE('',*,*,#3055,.T.);
#3168 = ORIENTED_EDGE('',*,*,#3169,.F.);
#3169 = EDGE_CURVE('',#3160,#3056,#3170,.T.);
#3170 = LINE('',#3171,#3172);
#3171 = CARTESIAN_POINT('',(-7.907925188594,22.868561243658,
    47.64979000763));
#3172 = VECTOR('',#3173,1.);
#3173 = DIRECTION('',(2.989386363513E-15,-4.074518500372E-14,1.));
#3174 = PLANE('',#3175);
#3175 = AXIS2_PLACEMENT_3D('',#3176,#3177,#3178);
#3176 = CARTESIAN_POINT('',(-4.305434120391,22.868561243657,
    61.110995135989));
#3177 = DIRECTION('',(1.530687327934E-13,1.,4.118927421363E-14));
#3178 = DIRECTION('',(-0.999390827019,1.513315916661E-13,
    3.489949670251E-02));
#3179 = ADVANCED_FACE('',(#3180),#3199,.T.);
#3180 = FACE_BOUND('',#3181,.T.);
#3181 = EDGE_LOOP('',(#3182,#3190,#3191,#3192));
#3182 = ORIENTED_EDGE('',*,*,#3183,.T.);
#3183 = EDGE_CURVE('',#3184,#3103,#3186,.T.);
#3184 = VERTEX_POINT('',#3185);
#3185 = CARTESIAN_POINT('',(-12.50797034515,43.367658559539,
    0.205867839408));
#3186 = LINE('',#3187,#3188);
#3187 = CARTESIAN_POINT('',(-12.50797034515,40.802584413795,
    11.848709865969));
#3188 = VECTOR('',#3189,1.);
#3189 = DIRECTION('',(2.577491943221E-14,0.215153706517,-0.976580197716)
  );
#3190 = ORIENTED_EDGE('',*,*,#3102,.T.);
#3191 = ORIENTED_EDGE('',*,*,#546,.T.);
#3192 = ORIENTED_EDGE('',*,*,#3193,.F.);
#3193 = EDGE_CURVE('',#3184,#538,#3194,.T.);
#3194 = ELLIPSE('',#3195,5.656854244121,4.);
#3195 = AXIS2_PLACEMENT_3D('',#3196,#3197,#3198);
#3196 = CARTESIAN_POINT('',(-12.41621047459,42.596881075751,
    4.130903162985));
#3197 = DIRECTION('',(-0.707106781186,0.690546480178,0.152136644876));
#3198 = DIRECTION('',(0.707106781187,0.690546482566,0.152136634035));
#3199 = PLANE('',#3200);
#3200 = AXIS2_PLACEMENT_3D('',#3201,#3202,#3203);
#3201 = CARTESIAN_POINT('',(-12.70797034515,40.607268374252,
    11.805679124666));
#3202 = DIRECTION('',(-0.707106781186,0.690546480178,0.152136644876));
#3203 = DIRECTION('',(-0.698679479854,-0.71543482193,-2.382646207789E-14
    ));
#3204 = ADVANCED_FACE('',(#3205),#3223,.T.);
#3205 = FACE_BOUND('',#3206,.T.);
#3206 = EDGE_LOOP('',(#3207,#3215,#3216,#3217));
#3207 = ORIENTED_EDGE('',*,*,#3208,.F.);
#3208 = EDGE_CURVE('',#329,#3209,#3211,.T.);
#3209 = VERTEX_POINT('',#3210);
#3210 = CARTESIAN_POINT('',(-7.907925188593,23.897303782615,
    65.039113164513));
#3211 = LINE('',#3212,#3213);
#3212 = CARTESIAN_POINT('',(-10.06790336379,23.897303782615,
    65.114541264476));
#3213 = VECTOR('',#3214,1.);
#3214 = DIRECTION('',(0.999390827019,-1.512516403999E-13,
    -3.489949670251E-02));
#3215 = ORIENTED_EDGE('',*,*,#328,.F.);
#3216 = ORIENTED_EDGE('',*,*,#3159,.T.);
#3217 = ORIENTED_EDGE('',*,*,#3218,.F.);
#3218 = EDGE_CURVE('',#3209,#3160,#3219,.T.);
#3219 = LINE('',#3220,#3221);
#3220 = CARTESIAN_POINT('',(-7.907925188594,19.843859326785,
    65.039113164514));
#3221 = VECTOR('',#3222,1.);
#3222 = DIRECTION('',(-1.506487327934E-13,-1.,-4.126927421363E-14));
#3223 = PLANE('',#3224);
#3224 = AXIS2_PLACEMENT_3D('',#3225,#3226,#3227);
#3225 = CARTESIAN_POINT('',(-8.645602293778,19.837113666542,
    65.064873416663));
#3226 = DIRECTION('',(3.489949670251E-02,-4.60518446686E-14,
    0.999390827019));
#3227 = DIRECTION('',(1.529887327934E-13,1.,4.118927421363E-14));
#3228 = ADVANCED_FACE('',(#3229),#3248,.T.);
#3229 = FACE_BOUND('',#3230,.T.);
#3230 = EDGE_LOOP('',(#3231,#3240,#3241,#3242));
#3231 = ORIENTED_EDGE('',*,*,#3232,.T.);
#3232 = EDGE_CURVE('',#3233,#3184,#3235,.T.);
#3233 = VERTEX_POINT('',#3234);
#3234 = CARTESIAN_POINT('',(-12.50797034515,46.304151500504,
    2.628855859969));
#3235 = CIRCLE('',#3236,4.);
#3236 = AXIS2_PLACEMENT_3D('',#3237,#3238,#3239);
#3237 = CARTESIAN_POINT('',(-12.50796980544,42.596881078422,
    4.130903135377));
#3238 = DIRECTION('',(-1.,1.528187327934E-13,7.279386363519E-15));
#3239 = DIRECTION('',(1.528187327934E-13,1.,3.966927421363E-14));
#3240 = ORIENTED_EDGE('',*,*,#3193,.T.);
#3241 = ORIENTED_EDGE('',*,*,#537,.T.);
#3242 = ORIENTED_EDGE('',*,*,#3243,.F.);
#3243 = EDGE_CURVE('',#3233,#529,#3244,.T.);
#3244 = LINE('',#3245,#3246);
#3245 = CARTESIAN_POINT('',(-8.907970545149,46.304151500503,
    2.628855859968));
#3246 = VECTOR('',#3247,1.);
#3247 = DIRECTION('',(-1.,-7.613535912832E-10,7.869529028426E-09));
#3248 = CYLINDRICAL_SURFACE('',#3249,4.);
#3249 = AXIS2_PLACEMENT_3D('',#3250,#3251,#3252);
#3250 = CARTESIAN_POINT('',(-8.907970530506,42.596881078422,
    4.130903135376));
#3251 = DIRECTION('',(1.,7.613535912835E-10,-7.869529083937E-09));
#3252 = DIRECTION('',(-7.61353535772E-10,1.,4.130029651577E-14));
#3253 = ADVANCED_FACE('',(#3254),#3272,.T.);
#3254 = FACE_BOUND('',#3255,.T.);
#3255 = EDGE_LOOP('',(#3256,#3264,#3265,#3266));
#3256 = ORIENTED_EDGE('',*,*,#3257,.T.);
#3257 = EDGE_CURVE('',#3258,#337,#3260,.T.);
#3258 = VERTEX_POINT('',#3259);
#3259 = CARTESIAN_POINT('',(-7.907925188593,24.297303782615,
    64.638869346793));
#3260 = LINE('',#3261,#3262);
#3261 = CARTESIAN_POINT('',(-10.08186316247,24.297303782615,
    64.714784933669));
#3262 = VECTOR('',#3263,1.);
#3263 = DIRECTION('',(-0.999390827019,1.512516403999E-13,
    3.489949670251E-02));
#3264 = ORIENTED_EDGE('',*,*,#336,.F.);
#3265 = ORIENTED_EDGE('',*,*,#3208,.T.);
#3266 = ORIENTED_EDGE('',*,*,#3267,.F.);
#3267 = EDGE_CURVE('',#3258,#3209,#3268,.T.);
#3268 = LINE('',#3269,#3270);
#3269 = CARTESIAN_POINT('',(-7.907925188592,30.679958238371,
    58.252324380403));
#3270 = VECTOR('',#3271,1.);
#3271 = DIRECTION('',(-1.043838518014E-13,-0.706891307583,0.70732218915)
  );
#3272 = PLANE('',#3273);
#3273 = AXIS2_PLACEMENT_3D('',#3274,#3275,#3276);
#3274 = CARTESIAN_POINT('',(-10.07488326313,24.097303782615,
    64.914663099073));
#3275 = DIRECTION('',(2.467767077845E-02,0.707106781187,0.706676030841)
  );
#3276 = DIRECTION('',(-0.999391568299,3.487826274252E-02,
    1.098464473556E-14));
#3277 = ADVANCED_FACE('',(#3278),#3314,.T.);
#3278 = FACE_BOUND('',#3279,.T.);
#3279 = EDGE_LOOP('',(#3280,#3291,#3299,#3306,#3307,#3308));
#3280 = ORIENTED_EDGE('',*,*,#3281,.F.);
#3281 = EDGE_CURVE('',#3282,#3284,#3286,.T.);
#3282 = VERTEX_POINT('',#3283);
#3283 = CARTESIAN_POINT('',(-8.907970242706,45.79328892529,
    3.783727975788));
#3284 = VERTEX_POINT('',#3285);
#3285 = CARTESIAN_POINT('',(-8.90797053556,45.761450311088,
    3.794766079526));
#3286 = CIRCLE('',#3287,0.878972464496);
#3287 = AXIS2_PLACEMENT_3D('',#3288,#3289,#3290);
#3288 = CARTESIAN_POINT('',(-8.907970541931,45.489504345641,
    2.958920408832));
#3289 = DIRECTION('',(1.,7.613535357723E-10,-7.869529305982E-09));
#3290 = DIRECTION('',(-7.61353535772E-10,1.,4.135580766729E-14));
#3291 = ORIENTED_EDGE('',*,*,#3292,.T.);
#3292 = EDGE_CURVE('',#3282,#3293,#3295,.T.);
#3293 = VERTEX_POINT('',#3294);
#3294 = CARTESIAN_POINT('',(-12.50797034515,45.793288925291,
    3.783727975789));
#3295 = LINE('',#3296,#3297);
#3296 = CARTESIAN_POINT('',(-10.90797002407,45.79328892529,
    3.783727975788));
#3297 = VECTOR('',#3298,1.);
#3298 = DIRECTION('',(-1.,1.523466881884E-13,5.423252548722E-15));
#3299 = ORIENTED_EDGE('',*,*,#3300,.T.);
#3300 = EDGE_CURVE('',#3293,#3233,#3301,.T.);
#3301 = CIRCLE('',#3302,0.878972464496);
#3302 = AXIS2_PLACEMENT_3D('',#3303,#3304,#3305);
#3303 = CARTESIAN_POINT('',(-12.50797034515,45.489504345641,
    2.958920408832));
#3304 = DIRECTION('',(-1.,1.528187327934E-13,8.359386363519E-15));
#3305 = DIRECTION('',(1.137703072012E-13,0.705723615158,0.708487246892)
  );
#3306 = ORIENTED_EDGE('',*,*,#3243,.T.);
#3307 = ORIENTED_EDGE('',*,*,#528,.T.);
#3308 = ORIENTED_EDGE('',*,*,#3309,.F.);
#3309 = EDGE_CURVE('',#3284,#520,#3310,.T.);
#3310 = LINE('',#3311,#3312);
#3311 = CARTESIAN_POINT('',(-8.90797053556,45.761450311088,
    3.794766079526));
#3312 = VECTOR('',#3313,1.);
#3313 = DIRECTION('',(-1.,-7.613535912832E-10,7.869529028426E-09));
#3314 = CYLINDRICAL_SURFACE('',#3315,0.878972464496);
#3315 = AXIS2_PLACEMENT_3D('',#3316,#3317,#3318);
#3316 = CARTESIAN_POINT('',(-8.907970541931,45.489504345641,
    2.958920408832));
#3317 = DIRECTION('',(1.,7.613535912835E-10,-7.869529083937E-09));
#3318 = DIRECTION('',(-7.61353535772E-10,1.,4.130029651577E-14));
#3319 = ADVANCED_FACE('',(#3320),#3338,.T.);
#3320 = FACE_BOUND('',#3321,.T.);
#3321 = EDGE_LOOP('',(#3322,#3330,#3331,#3332));
#3322 = ORIENTED_EDGE('',*,*,#3323,.F.);
#3323 = EDGE_CURVE('',#345,#3324,#3326,.T.);
#3324 = VERTEX_POINT('',#3325);
#3325 = CARTESIAN_POINT('',(-7.907925188593,24.297303782615,
    63.438137893635));
#3326 = LINE('',#3327,#3328);
#3327 = CARTESIAN_POINT('',(-10.12374255851,24.297303782615,
    63.515515941246));
#3328 = VECTOR('',#3329,1.);
#3329 = DIRECTION('',(0.999390827019,-1.512516403999E-13,
    -3.489949670251E-02));
#3330 = ORIENTED_EDGE('',*,*,#344,.F.);
#3331 = ORIENTED_EDGE('',*,*,#3257,.F.);
#3332 = ORIENTED_EDGE('',*,*,#3333,.F.);
#3333 = EDGE_CURVE('',#3324,#3258,#3334,.T.);
#3334 = LINE('',#3335,#3336);
#3335 = CARTESIAN_POINT('',(-7.907925188593,24.297303782616,
    49.676396995782));
#3336 = VECTOR('',#3337,1.);
#3337 = DIRECTION('',(2.989386363513E-15,-4.074518500372E-14,1.));
#3338 = PLANE('',#3339);
#3339 = AXIS2_PLACEMENT_3D('',#3340,#3341,#3342);
#3340 = CARTESIAN_POINT('',(-11.49020443381,24.297303782616,
    65.164209112291));
#3341 = DIRECTION('',(1.529887327934E-13,1.,4.118927421363E-14));
#3342 = DIRECTION('',(0.999390827019,-1.512516403999E-13,
    -3.489949670251E-02));
#3343 = ADVANCED_FACE('',(#3344),#3363,.F.);
#3344 = FACE_BOUND('',#3345,.F.);
#3345 = EDGE_LOOP('',(#3346,#3355,#3361,#3362));
#3346 = ORIENTED_EDGE('',*,*,#3347,.F.);
#3347 = EDGE_CURVE('',#3348,#3284,#3350,.T.);
#3348 = VERTEX_POINT('',#3349);
#3349 = CARTESIAN_POINT('',(-8.907970516062,45.218369193708,
    6.21990681718));
#3350 = CIRCLE('',#3351,4.165533243496);
#3351 = AXIS2_PLACEMENT_3D('',#3352,#3353,#3354);
#3352 = CARTESIAN_POINT('',(-8.907970521928,49.369695574908,
    5.876167847278));
#3353 = DIRECTION('',(1.,7.613535357723E-10,-7.869529305982E-09));
#3354 = DIRECTION('',(-7.61353535772E-10,1.,4.135580766729E-14));
#3355 = ORIENTED_EDGE('',*,*,#3356,.T.);
#3356 = EDGE_CURVE('',#3348,#512,#3357,.T.);
#3357 = LINE('',#3358,#3359);
#3358 = CARTESIAN_POINT('',(-8.907970516062,45.218369193708,
    6.21990681718));
#3359 = VECTOR('',#3360,1.);
#3360 = DIRECTION('',(-1.,-7.613535912832E-10,7.869529028426E-09));
#3361 = ORIENTED_EDGE('',*,*,#519,.T.);
#3362 = ORIENTED_EDGE('',*,*,#3309,.F.);
#3363 = CYLINDRICAL_SURFACE('',#3364,4.165533243496);
#3364 = AXIS2_PLACEMENT_3D('',#3365,#3366,#3367);
#3365 = CARTESIAN_POINT('',(-8.907970521928,49.369695574908,
    5.876167847278));
#3366 = DIRECTION('',(1.,7.613535912835E-10,-7.869529083937E-09));
#3367 = DIRECTION('',(-7.61353535772E-10,1.,4.130029651577E-14));
#3368 = ADVANCED_FACE('',(#3369),#3387,.T.);
#3369 = FACE_BOUND('',#3370,.T.);
#3370 = EDGE_LOOP('',(#3371,#3379,#3380,#3381));
#3371 = ORIENTED_EDGE('',*,*,#3372,.T.);
#3372 = EDGE_CURVE('',#3373,#353,#3375,.T.);
#3373 = VERTEX_POINT('',#3374);
#3374 = CARTESIAN_POINT('',(-7.907925188593,23.897303782615,
    63.037894075915));
#3375 = LINE('',#3376,#3377);
#3376 = CARTESIAN_POINT('',(-10.1377023572,23.897303782615,
    63.115759610438));
#3377 = VECTOR('',#3378,1.);
#3378 = DIRECTION('',(-0.999390827019,1.512516403999E-13,
    3.489949670251E-02));
#3379 = ORIENTED_EDGE('',*,*,#352,.F.);
#3380 = ORIENTED_EDGE('',*,*,#3323,.T.);
#3381 = ORIENTED_EDGE('',*,*,#3382,.F.);
#3382 = EDGE_CURVE('',#3373,#3324,#3383,.T.);
#3383 = LINE('',#3384,#3385);
#3384 = CARTESIAN_POINT('',(-7.907925188595,15.793325040359,
    54.928975599619));
#3385 = VECTOR('',#3386,1.);
#3386 = DIRECTION('',(1.086089589382E-13,0.706891307583,0.70732218915));
#3387 = PLANE('',#3388);
#3388 = AXIS2_PLACEMENT_3D('',#3389,#3390,#3391);
#3389 = CARTESIAN_POINT('',(-10.13072245785,24.097303782615,
    63.315637775843));
#3390 = DIRECTION('',(-2.467767077823E-02,0.707106781187,-0.706676030841
    ));
#3391 = DIRECTION('',(-0.999391568299,-3.487826274222E-02,
    8.10795463223E-15));
#3392 = ADVANCED_FACE('',(#3393),#3420,.F.);
#3393 = FACE_BOUND('',#3394,.F.);
#3394 = EDGE_LOOP('',(#3395,#3403,#3411,#3418,#3419));
#3395 = ORIENTED_EDGE('',*,*,#3396,.F.);
#3396 = EDGE_CURVE('',#3397,#3348,#3399,.T.);
#3397 = VERTEX_POINT('',#3398);
#3398 = CARTESIAN_POINT('',(-8.907970490625,45.228160949502,
    6.338161591023));
#3399 = LINE('',#3400,#3401);
#3400 = CARTESIAN_POINT('',(-8.907970509284,45.290266746657,
    7.08821164856));
#3401 = VECTOR('',#3402,1.);
#3402 = DIRECTION('',(-7.779862946965E-09,-8.251979994135E-02,
    -0.996589425299));
#3403 = ORIENTED_EDGE('',*,*,#3404,.T.);
#3404 = EDGE_CURVE('',#3397,#3405,#3407,.T.);
#3405 = VERTEX_POINT('',#3406);
#3406 = CARTESIAN_POINT('',(-12.50797034515,45.228160949503,
    6.338161591023));
#3407 = LINE('',#3408,#3409);
#3408 = CARTESIAN_POINT('',(-4.453517999847,45.228160949501,
    6.338161591023));
#3409 = VECTOR('',#3410,1.);
#3410 = DIRECTION('',(-1.,1.525966881884E-13,5.114274851184E-15));
#3411 = ORIENTED_EDGE('',*,*,#3412,.T.);
#3412 = EDGE_CURVE('',#3405,#503,#3413,.T.);
#3413 = HYPERBOLA('',#3414,2.486160635603E-02,2.486160635602E-02);
#3414 = AXIS2_PLACEMENT_3D('',#3415,#3416,#3417);
#3415 = CARTESIAN_POINT('',(-15.41803318138,45.468289979627,
    9.238193601116));
#3416 = DIRECTION('',(1.408148899045E-09,-0.996589425299,
    8.251979994135E-02));
#3417 = DIRECTION('',(1.,1.403344414729E-09,-1.162229583681E-10));
#3418 = ORIENTED_EDGE('',*,*,#511,.F.);
#3419 = ORIENTED_EDGE('',*,*,#3356,.F.);
#3420 = PLANE('',#3421);
#3421 = AXIS2_PLACEMENT_3D('',#3422,#3423,#3424);
#3422 = CARTESIAN_POINT('',(-8.907970509284,45.290266746657,
    7.08821164856));
#3423 = DIRECTION('',(1.408148857465E-09,-0.996589425299,
    8.251979994135E-02));
#3424 = DIRECTION('',(-7.779862891643E-09,-8.251979994135E-02,
    -0.996589425299));
#3425 = ADVANCED_FACE('',(#3426),#3444,.T.);
#3426 = FACE_BOUND('',#3427,.T.);
#3427 = EDGE_LOOP('',(#3428,#3436,#3437,#3438));
#3428 = ORIENTED_EDGE('',*,*,#3429,.T.);
#3429 = EDGE_CURVE('',#3430,#361,#3432,.T.);
#3430 = VERTEX_POINT('',#3431);
#3431 = CARTESIAN_POINT('',(-7.907925188594,22.868561243658,
    63.037894075916));
#3432 = LINE('',#3433,#3434);
#3433 = CARTESIAN_POINT('',(-6.479008156755,22.868561243657,
    62.987995193624));
#3434 = VECTOR('',#3435,1.);
#3435 = DIRECTION('',(-0.999390827019,1.513316403999E-13,
    3.489949670251E-02));
#3436 = ORIENTED_EDGE('',*,*,#360,.F.);
#3437 = ORIENTED_EDGE('',*,*,#3372,.F.);
#3438 = ORIENTED_EDGE('',*,*,#3439,.F.);
#3439 = EDGE_CURVE('',#3430,#3373,#3440,.T.);
#3440 = LINE('',#3441,#3442);
#3441 = CARTESIAN_POINT('',(-7.907925188594,19.843859326785,
    63.037894075916));
#3442 = VECTOR('',#3443,1.);
#3443 = DIRECTION('',(1.506487327934E-13,1.,4.126927421363E-14));
#3444 = PLANE('',#3445);
#3445 = AXIS2_PLACEMENT_3D('',#3446,#3447,#3448);
#3446 = CARTESIAN_POINT('',(-8.715401287183,19.837113666542,
    63.066091762625));
#3447 = DIRECTION('',(-3.489949670251E-02,4.60518446686E-14,
    -0.999390827019));
#3448 = DIRECTION('',(-0.999390827019,1.512516403999E-13,
    3.489949670251E-02));
#3449 = ADVANCED_FACE('',(#3450),#3469,.T.);
#3450 = FACE_BOUND('',#3451,.T.);
#3451 = EDGE_LOOP('',(#3452,#3453,#3461,#3468));
#3452 = ORIENTED_EDGE('',*,*,#502,.T.);
#3453 = ORIENTED_EDGE('',*,*,#3454,.T.);
#3454 = EDGE_CURVE('',#495,#3455,#3457,.T.);
#3455 = VERTEX_POINT('',#3456);
#3456 = CARTESIAN_POINT('',(-12.50797034515,48.35357600183,
    9.240245175899));
#3457 = LINE('',#3458,#3459);
#3458 = CARTESIAN_POINT('',(-12.70797034515,48.153576001831,
    9.240245175899));
#3459 = VECTOR('',#3460,1.);
#3460 = DIRECTION('',(0.707106781187,0.707106781186,1.964624819225E-14)
  );
#3461 = ORIENTED_EDGE('',*,*,#3462,.T.);
#3462 = EDGE_CURVE('',#3455,#3405,#3463,.T.);
#3463 = CIRCLE('',#3464,2.910062836194);
#3464 = AXIS2_PLACEMENT_3D('',#3465,#3466,#3467);
#3465 = CARTESIAN_POINT('',(-12.50797034515,45.443513165636,
    9.240245175899));
#3466 = DIRECTION('',(-1.,1.528187327934E-13,1.051938636352E-14));
#3467 = DIRECTION('',(9.627534497173E-14,0.680440078173,-0.732803725438)
  );
#3468 = ORIENTED_EDGE('',*,*,#3412,.T.);
#3469 = CONICAL_SURFACE('',#3470,2.710062836194,0.785398163397);
#3470 = AXIS2_PLACEMENT_3D('',#3471,#3472,#3473);
#3471 = CARTESIAN_POINT('',(-12.70797034515,45.443513165636,
    9.240245175899));
#3472 = DIRECTION('',(1.,-1.527666881884E-13,-1.013325254872E-14));
#3473 = DIRECTION('',(9.618583474189E-14,0.680440078173,-0.732803725438)
  );
#3474 = ADVANCED_FACE('',(#3475),#3493,.T.);
#3475 = FACE_BOUND('',#3476,.T.);
#3476 = EDGE_LOOP('',(#3477,#3485,#3486,#3487));
#3477 = ORIENTED_EDGE('',*,*,#3478,.T.);
#3478 = EDGE_CURVE('',#3479,#369,#3481,.T.);
#3479 = VERTEX_POINT('',#3480);
#3480 = CARTESIAN_POINT('',(-7.907925188594,22.868561243658,
    60.836553078457));
#3481 = LINE('',#3482,#3483);
#3482 = CARTESIAN_POINT('',(-4.319393919072,22.868561243657,
    60.71123880518));
#3483 = VECTOR('',#3484,1.);
#3484 = DIRECTION('',(-0.999390827019,1.512516403999E-13,
    3.489949670251E-02));
#3485 = ORIENTED_EDGE('',*,*,#368,.F.);
#3486 = ORIENTED_EDGE('',*,*,#3429,.F.);
#3487 = ORIENTED_EDGE('',*,*,#3488,.F.);
#3488 = EDGE_CURVE('',#3479,#3430,#3489,.T.);
#3489 = LINE('',#3490,#3491);
#3490 = CARTESIAN_POINT('',(-7.907925188594,22.868561243658,
    47.649790007631));
#3491 = VECTOR('',#3492,1.);
#3492 = DIRECTION('',(2.989386363513E-15,-4.074518500372E-14,1.));
#3493 = PLANE('',#3494);
#3494 = AXIS2_PLACEMENT_3D('',#3495,#3496,#3497);
#3495 = CARTESIAN_POINT('',(-4.305434120391,22.868561243657,
    61.110995135989));
#3496 = DIRECTION('',(1.530687327934E-13,1.,4.118927421363E-14));
#3497 = DIRECTION('',(-0.999390827019,1.513315916661E-13,
    3.489949670251E-02));
#3498 = ADVANCED_FACE('',(#3499),#3534,.T.);
#3499 = FACE_BOUND('',#3500,.T.);
#3500 = EDGE_LOOP('',(#3501,#3502,#3503,#3510,#3511,#3519,#3528));
#3501 = ORIENTED_EDGE('',*,*,#3454,.F.);
#3502 = ORIENTED_EDGE('',*,*,#494,.T.);
#3503 = ORIENTED_EDGE('',*,*,#3504,.F.);
#3504 = EDGE_CURVE('',#478,#486,#3505,.T.);
#3505 = ELLIPSE('',#3506,3.678761610466,2.601277281129);
#3506 = AXIS2_PLACEMENT_3D('',#3507,#3508,#3509);
#3507 = CARTESIAN_POINT('',(-15.50731910757,45.35422723941,
    11.246906008019));
#3508 = DIRECTION('',(-0.707106781186,0.707106781187,3.483119127081E-14)
  );
#3509 = DIRECTION('',(0.707106781187,0.707106781186,2.529624819225E-14)
  );
#3510 = ORIENTED_EDGE('',*,*,#477,.F.);
#3511 = ORIENTED_EDGE('',*,*,#3512,.T.);
#3512 = EDGE_CURVE('',#469,#3513,#3515,.T.);
#3513 = VERTEX_POINT('',#3514);
#3514 = CARTESIAN_POINT('',(-12.54362418196,48.31792216502,
    12.839181237218));
#3515 = ( BOUNDED_CURVE() B_SPLINE_CURVE(2,(#3516,#3517,#3518),
.UNSPECIFIED.,.F.,.F.) B_SPLINE_CURVE_WITH_KNOTS((3,3),(0.,
5.253236442145E-02),.PIECEWISE_BEZIER_KNOTS.) CURVE() 
GEOMETRIC_REPRESENTATION_ITEM() RATIONAL_B_SPLINE_CURVE((1.,
1.000000018079,1.000000003127)) REPRESENTATION_ITEM('') );
#3516 = CARTESIAN_POINT('',(-12.90797034515,47.95357600183,
    12.744699722555));
#3517 = CARTESIAN_POINT('',(-12.73136736215,48.130178984831,
    12.791940428861));
#3518 = CARTESIAN_POINT('',(-12.54362418196,48.31792216502,
    12.839181237218));
#3519 = ORIENTED_EDGE('',*,*,#3520,.F.);
#3520 = EDGE_CURVE('',#3521,#3513,#3523,.T.);
#3521 = VERTEX_POINT('',#3522);
#3522 = CARTESIAN_POINT('',(-12.50797034515,48.35357600183,
    12.574537179017));
#3523 = ELLIPSE('',#3524,1.414213562373,1.);
#3524 = AXIS2_PLACEMENT_3D('',#3525,#3526,#3527);
#3525 = CARTESIAN_POINT('',(-13.50797034515,47.35357600183,
    12.574537179017));
#3526 = DIRECTION('',(0.707106781186,-0.707106781187,-3.483119127081E-14
    ));
#3527 = DIRECTION('',(0.707106781187,0.707106781186,2.755624819225E-14)
  );
#3528 = ORIENTED_EDGE('',*,*,#3529,.F.);
#3529 = EDGE_CURVE('',#3455,#3521,#3530,.T.);
#3530 = LINE('',#3531,#3532);
#3531 = CARTESIAN_POINT('',(-12.50797034515,48.353576001829,
    33.120620310135));
#3532 = VECTOR('',#3533,1.);
#3533 = DIRECTION('',(8.359386363513E-15,-4.089518500372E-14,1.));
#3534 = PLANE('',#3535);
#3535 = AXIS2_PLACEMENT_3D('',#3536,#3537,#3538);
#3536 = CARTESIAN_POINT('',(-12.70797034515,48.153576001829,
    32.374307191454));
#3537 = DIRECTION('',(-0.707106781186,0.707106781187,3.467418202497E-14)
  );
#3538 = DIRECTION('',(-0.707106781187,-0.707106781186,
    -2.348624819225E-14));
#3539 = ADVANCED_FACE('',(#3540),#3566,.F.);
#3540 = FACE_BOUND('',#3541,.T.);
#3541 = EDGE_LOOP('',(#3542,#3552,#3558,#3559,#3560));
#3542 = ORIENTED_EDGE('',*,*,#3543,.F.);
#3543 = EDGE_CURVE('',#3544,#3546,#3548,.T.);
#3544 = VERTEX_POINT('',#3545);
#3545 = CARTESIAN_POINT('',(-12.50804750733,23.387224220594,
    60.997192889584));
#3546 = VERTEX_POINT('',#3547);
#3547 = CARTESIAN_POINT('',(-7.907925188594,23.387224220594,
    60.836553078457));
#3548 = LINE('',#3549,#3550);
#3549 = CARTESIAN_POINT('',(-8.388269000994,23.387224220594,
    60.853327054006));
#3550 = VECTOR('',#3551,1.);
#3551 = DIRECTION('',(0.999390827019,-1.512516403999E-13,
    -3.489949670251E-02));
#3552 = ORIENTED_EDGE('',*,*,#3553,.F.);
#3553 = EDGE_CURVE('',#377,#3544,#3554,.T.);
#3554 = LINE('',#3555,#3556);
#3555 = CARTESIAN_POINT('',(-6.893736974608,30.179282825905,
    60.801136845616));
#3556 = VECTOR('',#3557,1.);
#3557 = DIRECTION('',(0.636958486099,0.770577142379,-2.224308046887E-02)
  );
#3558 = ORIENTED_EDGE('',*,*,#376,.T.);
#3559 = ORIENTED_EDGE('',*,*,#3478,.F.);
#3560 = ORIENTED_EDGE('',*,*,#3561,.T.);
#3561 = EDGE_CURVE('',#3479,#3546,#3562,.T.);
#3562 = LINE('',#3563,#3564);
#3563 = CARTESIAN_POINT('',(-7.907925188594,22.409478264278,
    60.836553078458));
#3564 = VECTOR('',#3565,1.);
#3565 = DIRECTION('',(1.506487327934E-13,1.,2.856927421363E-14));
#3566 = PLANE('',#3567);
#3567 = AXIS2_PLACEMENT_3D('',#3568,#3569,#3570);
#3568 = CARTESIAN_POINT('',(-4.319393919071,24.968351541527,
    60.711238805181));
#3569 = DIRECTION('',(-3.489949670251E-02,3.33618446686E-14,
    -0.999390827019));
#3570 = DIRECTION('',(-1.525486501327E-13,-1.,-2.850690712163E-14));
#3571 = ADVANCED_FACE('',(#3572),#3576,.F.);
#3572 = FACE_BOUND('',#3573,.F.);
#3573 = EDGE_LOOP('',(#3574,#3575));
#3574 = ORIENTED_EDGE('',*,*,#485,.T.);
#3575 = ORIENTED_EDGE('',*,*,#3504,.F.);
#3576 = CYLINDRICAL_SURFACE('',#3577,2.601277281129);
#3577 = AXIS2_PLACEMENT_3D('',#3578,#3579,#3580);
#3578 = CARTESIAN_POINT('',(-9.907970242706,45.354227239409,
    11.246906008019));
#3579 = DIRECTION('',(-1.,1.523466881884E-13,5.423252548722E-15));
#3580 = DIRECTION('',(1.525687327934E-13,1.,4.118927421363E-14));
#3581 = ADVANCED_FACE('',(#3582),#3600,.T.);
#3582 = FACE_BOUND('',#3583,.T.);
#3583 = EDGE_LOOP('',(#3584,#3585,#3593,#3599));
#3584 = ORIENTED_EDGE('',*,*,#3553,.T.);
#3585 = ORIENTED_EDGE('',*,*,#3586,.T.);
#3586 = EDGE_CURVE('',#3544,#3587,#3589,.T.);
#3587 = VERTEX_POINT('',#3588);
#3588 = CARTESIAN_POINT('',(-12.50804750733,25.001579224393,
    58.624663697076));
#3589 = LINE('',#3590,#3591);
#3590 = CARTESIAN_POINT('',(-12.50804750733,37.626272188002,
    40.070843420772));
#3591 = VECTOR('',#3592,1.);
#3592 = DIRECTION('',(7.727344414962E-14,0.562556660265,-0.826758733847)
  );
#3593 = ORIENTED_EDGE('',*,*,#3594,.T.);
#3594 = EDGE_CURVE('',#3587,#385,#3595,.T.);
#3595 = LINE('',#3596,#3597);
#3596 = CARTESIAN_POINT('',(-12.85678175699,24.825266714901,
    58.275929447412));
#3597 = VECTOR('',#3598,1.);
#3598 = DIRECTION('',(-0.665837175208,-0.336632904246,-0.665837175208));
#3599 = ORIENTED_EDGE('',*,*,#384,.T.);
#3600 = PLANE('',#3601);
#3601 = AXIS2_PLACEMENT_3D('',#3602,#3603,#3604);
#3602 = CARTESIAN_POINT('',(-12.70800892624,37.464168135039,
    39.960541937501));
#3603 = DIRECTION('',(-0.700128159037,0.590319955654,0.401675131021));
#3604 = DIRECTION('',(-0.644607350531,-0.764513808666,
    -2.506653558185E-14));
#3605 = ADVANCED_FACE('',(#3606),#3632,.T.);
#3606 = FACE_BOUND('',#3607,.T.);
#3607 = EDGE_LOOP('',(#3608,#3618,#3624,#3625,#3626));
#3608 = ORIENTED_EDGE('',*,*,#3609,.T.);
#3609 = EDGE_CURVE('',#3610,#3612,#3614,.T.);
#3610 = VERTEX_POINT('',#3611);
#3611 = CARTESIAN_POINT('',(-12.50797034515,25.001524886969,
    58.624740859251));
#3612 = VERTEX_POINT('',#3613);
#3613 = CARTESIAN_POINT('',(-12.50797034515,30.20822425891,
    58.624740859252));
#3614 = LINE('',#3615,#3616);
#3615 = CARTESIAN_POINT('',(-12.50797034515,47.530025735512,
    58.624740859252));
#3616 = VECTOR('',#3617,1.);
#3617 = DIRECTION('',(1.528187327934E-13,1.,4.118927421363E-14));
#3618 = ORIENTED_EDGE('',*,*,#3619,.F.);
#3619 = EDGE_CURVE('',#393,#3612,#3620,.T.);
#3620 = LINE('',#3621,#3622);
#3621 = CARTESIAN_POINT('',(-12.90797034515,30.20822425891,
    58.224740859252));
#3622 = VECTOR('',#3623,1.);
#3623 = DIRECTION('',(0.707106781187,-1.368335577743E-13,0.707106781187)
  );
#3624 = ORIENTED_EDGE('',*,*,#392,.T.);
#3625 = ORIENTED_EDGE('',*,*,#3594,.F.);
#3626 = ORIENTED_EDGE('',*,*,#3627,.F.);
#3627 = EDGE_CURVE('',#3610,#3587,#3628,.T.);
#3628 = LINE('',#3629,#3630);
#3629 = CARTESIAN_POINT('',(-14.97937742755,26.741883989132,
    56.153333776853));
#3630 = VECTOR('',#3631,1.);
#3631 = DIRECTION('',(-0.632975500203,0.445739870647,-0.632975500203));
#3632 = PLANE('',#3633);
#3633 = AXIS2_PLACEMENT_3D('',#3634,#3635,#3636);
#3634 = CARTESIAN_POINT('',(-12.70797034515,47.530025735512,
    58.424740859253));
#3635 = DIRECTION('',(-0.707106781187,7.909116454061E-14,0.707106781187)
  );
#3636 = DIRECTION('',(-1.528188799796E-13,-1.,-4.118912702737E-14));
#3637 = ADVANCED_FACE('',(#3638),#3668,.T.);
#3638 = FACE_BOUND('',#3639,.T.);
#3639 = EDGE_LOOP('',(#3640,#3651,#3660,#3661,#3662));
#3640 = ORIENTED_EDGE('',*,*,#3641,.T.);
#3641 = EDGE_CURVE('',#3642,#3644,#3646,.T.);
#3642 = VERTEX_POINT('',#3643);
#3643 = CARTESIAN_POINT('',(-12.50797082025,47.045224010371,
    14.196572077356));
#3644 = VERTEX_POINT('',#3645);
#3645 = CARTESIAN_POINT('',(-12.50797082025,48.186637986172,
    13.1277168336));
#3646 = CIRCLE('',#3647,3.4);
#3647 = AXIS2_PLACEMENT_3D('',#3648,#3649,#3650);
#3648 = CARTESIAN_POINT('',(-12.50797082025,45.354227239409,
    11.246906008019));
#3649 = DIRECTION('',(-1.,1.528187327934E-13,8.359386363519E-15));
#3650 = DIRECTION('',(1.528187327934E-13,1.,4.118927421363E-14));
#3651 = ORIENTED_EDGE('',*,*,#3652,.F.);
#3652 = EDGE_CURVE('',#3513,#3644,#3653,.T.);
#3653 = B_SPLINE_CURVE_WITH_KNOTS('',3,(#3654,#3655,#3656,#3657,#3658,
    #3659),.UNSPECIFIED.,.F.,.F.,(4,2,4),(0.199362069944,0.206406426625,
    0.229671845125),.UNSPECIFIED.);
#3654 = CARTESIAN_POINT('',(-12.54362418196,48.31792216502,
    12.839181237218));
#3655 = CARTESIAN_POINT('',(-12.53813007672,48.311410137844,
    12.862910651226));
#3656 = CARTESIAN_POINT('',(-12.53320448093,48.303941822006,
    12.886673504386));
#3657 = CARTESIAN_POINT('',(-12.51476836254,48.267855250849,
    12.987941314803));
#3658 = CARTESIAN_POINT('',(-12.50797082025,48.229537840071,
    13.063111714592));
#3659 = CARTESIAN_POINT('',(-12.50797082025,48.186637986172,
    13.1277168336));
#3660 = ORIENTED_EDGE('',*,*,#3512,.F.);
#3661 = ORIENTED_EDGE('',*,*,#468,.T.);
#3662 = ORIENTED_EDGE('',*,*,#3663,.T.);
#3663 = EDGE_CURVE('',#460,#3642,#3664,.T.);
#3664 = LINE('',#3665,#3666);
#3665 = CARTESIAN_POINT('',(-12.90797034515,46.846283213787,
    13.849552539787));
#3666 = VECTOR('',#3667,1.);
#3667 = DIRECTION('',(0.707106361256,0.35168117465,0.613450034858));
#3668 = CONICAL_SURFACE('',#3669,3.2,0.785398757269);
#3669 = AXIS2_PLACEMENT_3D('',#3670,#3671,#3672);
#3670 = CARTESIAN_POINT('',(-12.7079705827,45.354227239409,
    11.246906008019));
#3671 = DIRECTION('',(1.,-1.527666881884E-13,-7.973252548722E-15));
#3672 = DIRECTION('',(1.529887327934E-13,1.,4.118927421363E-14));
#3673 = ADVANCED_FACE('',(#3674),#3693,.T.);
#3674 = FACE_BOUND('',#3675,.T.);
#3675 = EDGE_LOOP('',(#3676,#3684,#3685,#3686));
#3676 = ORIENTED_EDGE('',*,*,#3677,.F.);
#3677 = EDGE_CURVE('',#401,#3678,#3680,.T.);
#3678 = VERTEX_POINT('',#3679);
#3679 = CARTESIAN_POINT('',(-12.50797034515,31.20822425891,
    57.624740859252));
#3680 = LINE('',#3681,#3682);
#3681 = CARTESIAN_POINT('',(-12.70797034515,31.00822425891,
    57.624740859252));
#3682 = VECTOR('',#3683,1.);
#3683 = DIRECTION('',(0.707106781186,0.707106781187,2.195624819227E-14)
  );
#3684 = ORIENTED_EDGE('',*,*,#400,.T.);
#3685 = ORIENTED_EDGE('',*,*,#3619,.T.);
#3686 = ORIENTED_EDGE('',*,*,#3687,.T.);
#3687 = EDGE_CURVE('',#3612,#3678,#3688,.T.);
#3688 = CIRCLE('',#3689,1.);
#3689 = AXIS2_PLACEMENT_3D('',#3690,#3691,#3692);
#3690 = CARTESIAN_POINT('',(-12.50797034515,30.20822425891,
    57.624740859252));
#3691 = DIRECTION('',(-1.,1.528187327934E-13,1.051938636352E-14));
#3692 = DIRECTION('',(1.154974916821E-13,0.707106781187,0.707106781187)
  );
#3693 = CONICAL_SURFACE('',#3694,0.8,0.785398163397);
#3694 = AXIS2_PLACEMENT_3D('',#3695,#3696,#3697);
#3695 = CARTESIAN_POINT('',(-12.70797034515,30.20822425891,
    57.624740859252));
#3696 = DIRECTION('',(1.,-1.527666881884E-13,-1.013325254872E-14));
#3697 = DIRECTION('',(1.158156897336E-13,0.707106781187,0.707106781187)
  );
#3698 = ADVANCED_FACE('',(#3699),#3718,.F.);
#3699 = FACE_BOUND('',#3700,.F.);
#3700 = EDGE_LOOP('',(#3701,#3702,#3703,#3712));
#3701 = ORIENTED_EDGE('',*,*,#459,.F.);
#3702 = ORIENTED_EDGE('',*,*,#3663,.T.);
#3703 = ORIENTED_EDGE('',*,*,#3704,.F.);
#3704 = EDGE_CURVE('',#3705,#3642,#3707,.T.);
#3705 = VERTEX_POINT('',#3706);
#3706 = CARTESIAN_POINT('',(-12.50797034515,46.54257600183,
    15.064120921278));
#3707 = CIRCLE('',#3708,1.);
#3708 = AXIS2_PLACEMENT_3D('',#3709,#3710,#3711);
#3709 = CARTESIAN_POINT('',(-12.50797034515,47.54257600183,
    15.064120921278));
#3710 = DIRECTION('',(1.,-1.528187327934E-13,-8.359386363519E-15));
#3711 = DIRECTION('',(-1.364187827894E-13,-0.865260651902,-0.50132225591
    ));
#3712 = ORIENTED_EDGE('',*,*,#3713,.F.);
#3713 = EDGE_CURVE('',#452,#3705,#3714,.T.);
#3714 = LINE('',#3715,#3716);
#3715 = CARTESIAN_POINT('',(-12.90797034515,46.14257600183,
    15.064120921278));
#3716 = VECTOR('',#3717,1.);
#3717 = DIRECTION('',(0.707106781187,0.707106781186,2.348624819224E-14)
  );
#3718 = CONICAL_SURFACE('',#3719,1.2,0.785398163397);
#3719 = AXIS2_PLACEMENT_3D('',#3720,#3721,#3722);
#3720 = CARTESIAN_POINT('',(-12.70797034515,47.54257600183,
    15.064120921278));
#3721 = DIRECTION('',(-1.,1.527666881884E-13,7.973252548722E-15));
#3722 = DIRECTION('',(-1.367062473318E-13,-0.865260651902,-0.50132225591
    ));
#3723 = ADVANCED_FACE('',(#3724),#3742,.T.);
#3724 = FACE_BOUND('',#3725,.T.);
#3725 = EDGE_LOOP('',(#3726,#3727,#3728,#3736));
#3726 = ORIENTED_EDGE('',*,*,#409,.T.);
#3727 = ORIENTED_EDGE('',*,*,#3677,.T.);
#3728 = ORIENTED_EDGE('',*,*,#3729,.T.);
#3729 = EDGE_CURVE('',#3678,#3730,#3732,.T.);
#3730 = VERTEX_POINT('',#3731);
#3731 = CARTESIAN_POINT('',(-12.50797034515,31.20822425891,43.5715135738
    ));
#3732 = LINE('',#3733,#3734);
#3733 = CARTESIAN_POINT('',(-12.50797034515,31.20822425891,
    43.764979661711));
#3734 = VECTOR('',#3735,1.);
#3735 = DIRECTION('',(-1.043938636351E-14,4.074518500372E-14,-1.));
#3736 = ORIENTED_EDGE('',*,*,#3737,.F.);
#3737 = EDGE_CURVE('',#410,#3730,#3738,.T.);
#3738 = LINE('',#3739,#3740);
#3739 = CARTESIAN_POINT('',(-12.90797034515,30.80822425891,
    43.39612025367));
#3740 = VECTOR('',#3741,1.);
#3741 = DIRECTION('',(0.675387808467,0.675387808467,0.296146275256));
#3742 = PLANE('',#3743);
#3743 = AXIS2_PLACEMENT_3D('',#3744,#3745,#3746);
#3744 = CARTESIAN_POINT('',(-12.70797034515,31.00822425891,
    43.764979661711));
#3745 = DIRECTION('',(-0.707106781187,0.707106781186,3.603418202496E-14)
  );
#3746 = DIRECTION('',(-0.707106781186,-0.707106781187,
    -2.201624819227E-14));
#3747 = ADVANCED_FACE('',(#3748),#3766,.T.);
#3748 = FACE_BOUND('',#3749,.T.);
#3749 = EDGE_LOOP('',(#3750,#3751,#3759,#3765));
#3750 = ORIENTED_EDGE('',*,*,#451,.T.);
#3751 = ORIENTED_EDGE('',*,*,#3752,.T.);
#3752 = EDGE_CURVE('',#443,#3753,#3755,.T.);
#3753 = VERTEX_POINT('',#3754);
#3754 = CARTESIAN_POINT('',(-12.50797034515,46.542576001829,
    31.418037286479));
#3755 = LINE('',#3756,#3757);
#3756 = CARTESIAN_POINT('',(-12.90797034515,46.142576001829,
    31.418037286479));
#3757 = VECTOR('',#3758,1.);
#3758 = DIRECTION('',(0.707106781187,0.707106781186,2.348624819225E-14)
  );
#3759 = ORIENTED_EDGE('',*,*,#3760,.T.);
#3760 = EDGE_CURVE('',#3753,#3705,#3761,.T.);
#3761 = LINE('',#3762,#3763);
#3762 = CARTESIAN_POINT('',(-12.50797034515,46.54257600183,
    22.054477494246));
#3763 = VECTOR('',#3764,1.);
#3764 = DIRECTION('',(-8.359386363513E-15,4.089518500372E-14,-1.));
#3765 = ORIENTED_EDGE('',*,*,#3713,.F.);
#3766 = PLANE('',#3767);
#3767 = AXIS2_PLACEMENT_3D('',#3768,#3769,#3770);
#3768 = CARTESIAN_POINT('',(-12.70797034515,46.34257600183,
    22.054477494247));
#3769 = DIRECTION('',(-0.707106781186,0.707106781187,3.467418202497E-14)
  );
#3770 = DIRECTION('',(-0.707106781187,-0.707106781186,
    -2.348624819225E-14));
#3771 = ADVANCED_FACE('',(#3772),#3790,.T.);
#3772 = FACE_BOUND('',#3773,.T.);
#3773 = EDGE_LOOP('',(#3774,#3775,#3776,#3784));
#3774 = ORIENTED_EDGE('',*,*,#417,.T.);
#3775 = ORIENTED_EDGE('',*,*,#3737,.T.);
#3776 = ORIENTED_EDGE('',*,*,#3777,.T.);
#3777 = EDGE_CURVE('',#3730,#3778,#3780,.T.);
#3778 = VERTEX_POINT('',#3779);
#3779 = CARTESIAN_POINT('',(-12.50797034515,38.912080113264,
    36.475856865842));
#3780 = LINE('',#3781,#3782);
#3781 = CARTESIAN_POINT('',(-12.50797034515,44.393432110312,
    31.427243184352));
#3782 = VECTOR('',#3783,1.);
#3783 = DIRECTION('',(1.06072117308E-13,0.735545105159,-0.677475754752)
  );
#3784 = ORIENTED_EDGE('',*,*,#3785,.F.);
#3785 = EDGE_CURVE('',#418,#3778,#3786,.T.);
#3786 = LINE('',#3787,#3788);
#3787 = CARTESIAN_POINT('',(-12.90797034515,38.641089811363,
    36.181638823779));
#3788 = VECTOR('',#3789,1.);
#3789 = DIRECTION('',(0.707106781187,0.479047700274,0.520108931727));
#3790 = PLANE('',#3791);
#3791 = AXIS2_PLACEMENT_3D('',#3792,#3793,#3794);
#3792 = CARTESIAN_POINT('',(-12.70797034515,44.257936959361,
    31.28013416332));
#3793 = DIRECTION('',(-0.707106781187,0.479047700274,0.520108931727));
#3794 = DIRECTION('',(-0.560880150656,-0.82789700845,-2.872712011812E-14
    ));
#3795 = ADVANCED_FACE('',(#3796),#3815,.T.);
#3796 = FACE_BOUND('',#3797,.T.);
#3797 = EDGE_LOOP('',(#3798,#3799,#3807,#3814));
#3798 = ORIENTED_EDGE('',*,*,#442,.T.);
#3799 = ORIENTED_EDGE('',*,*,#3800,.T.);
#3800 = EDGE_CURVE('',#435,#3801,#3803,.T.);
#3801 = VERTEX_POINT('',#3802);
#3802 = CARTESIAN_POINT('',(-12.50797034515,42.542576001829,
    35.418037286479));
#3803 = LINE('',#3804,#3805);
#3804 = CARTESIAN_POINT('',(-12.70797034515,42.542576001829,
    35.218037286479));
#3805 = VECTOR('',#3806,1.);
#3806 = DIRECTION('',(0.707106781187,-1.368335577743E-13,0.707106781187)
  );
#3807 = ORIENTED_EDGE('',*,*,#3808,.T.);
#3808 = EDGE_CURVE('',#3801,#3753,#3809,.T.);
#3809 = CIRCLE('',#3810,4.);
#3810 = AXIS2_PLACEMENT_3D('',#3811,#3812,#3813);
#3811 = CARTESIAN_POINT('',(-12.50797034515,42.542576001829,
    31.418037286479));
#3812 = DIRECTION('',(-1.,1.528187327934E-13,8.359386363519E-15));
#3813 = DIRECTION('',(1.139701410347E-13,0.707106781187,0.707106781187)
  );
#3814 = ORIENTED_EDGE('',*,*,#3752,.F.);
#3815 = CONICAL_SURFACE('',#3816,3.8,0.785398163397);
#3816 = AXIS2_PLACEMENT_3D('',#3817,#3818,#3819);
#3817 = CARTESIAN_POINT('',(-12.70797034515,42.542576001829,
    31.418037286479));
#3818 = DIRECTION('',(1.,-1.527666881884E-13,-9.053252548722E-15));
#3819 = DIRECTION('',(1.150520144099E-13,0.707106781187,0.707106781187)
  );
#3820 = ADVANCED_FACE('',(#3821),#3840,.F.);
#3821 = FACE_BOUND('',#3822,.F.);
#3822 = EDGE_LOOP('',(#3823,#3824,#3832,#3839));
#3823 = ORIENTED_EDGE('',*,*,#425,.F.);
#3824 = ORIENTED_EDGE('',*,*,#3825,.T.);
#3825 = EDGE_CURVE('',#426,#3826,#3828,.T.);
#3826 = VERTEX_POINT('',#3827);
#3827 = CARTESIAN_POINT('',(-12.50797034515,41.621983132271,
    35.418037286479));
#3828 = LINE('',#3829,#3830);
#3829 = CARTESIAN_POINT('',(-12.90797034515,41.621983132271,
    35.018037286479));
#3830 = VECTOR('',#3831,1.);
#3831 = DIRECTION('',(0.707106781187,-1.368335577743E-13,0.707106781187)
  );
#3832 = ORIENTED_EDGE('',*,*,#3833,.F.);
#3833 = EDGE_CURVE('',#3778,#3826,#3834,.T.);
#3834 = CIRCLE('',#3835,4.);
#3835 = AXIS2_PLACEMENT_3D('',#3836,#3837,#3838);
#3836 = CARTESIAN_POINT('',(-12.50797034515,41.621983132271,
    39.418037286479));
#3837 = DIRECTION('',(1.,-1.528187327934E-13,-9.359386363519E-15));
#3838 = DIRECTION('',(-6.428828851595E-14,-0.363630921981,-0.93154310291
    ));
#3839 = ORIENTED_EDGE('',*,*,#3785,.F.);
#3840 = CONICAL_SURFACE('',#3841,4.2,0.785398163397);
#3841 = AXIS2_PLACEMENT_3D('',#3842,#3843,#3844);
#3842 = CARTESIAN_POINT('',(-12.70797034515,41.621983132271,
    39.418037286479));
#3843 = DIRECTION('',(-1.,1.527666881884E-13,8.963252548722E-15));
#3844 = DIRECTION('',(-6.460162241048E-14,-0.363630921981,-0.93154310291
    ));
#3845 = ADVANCED_FACE('',(#3846),#3857,.T.);
#3846 = FACE_BOUND('',#3847,.T.);
#3847 = EDGE_LOOP('',(#3848,#3849,#3850,#3851));
#3848 = ORIENTED_EDGE('',*,*,#3800,.F.);
#3849 = ORIENTED_EDGE('',*,*,#434,.T.);
#3850 = ORIENTED_EDGE('',*,*,#3825,.T.);
#3851 = ORIENTED_EDGE('',*,*,#3852,.T.);
#3852 = EDGE_CURVE('',#3826,#3801,#3853,.T.);
#3853 = LINE('',#3854,#3855);
#3854 = CARTESIAN_POINT('',(-12.50797034515,41.849237643452,
    35.418037286479));
#3855 = VECTOR('',#3856,1.);
#3856 = DIRECTION('',(1.528187327934E-13,1.,4.118927421363E-14));
#3857 = PLANE('',#3858);
#3858 = AXIS2_PLACEMENT_3D('',#3859,#3860,#3861);
#3859 = CARTESIAN_POINT('',(-12.70797034515,41.849237643452,
    35.218037286479));
#3860 = DIRECTION('',(-0.707106781187,7.909116454061E-14,0.707106781187)
  );
#3861 = DIRECTION('',(-1.528188799796E-13,-1.,-4.118912702737E-14));
#3862 = ADVANCED_FACE('',(#3863),#3882,.F.);
#3863 = FACE_BOUND('',#3864,.F.);
#3864 = EDGE_LOOP('',(#3865,#3873,#3880,#3881));
#3865 = ORIENTED_EDGE('',*,*,#3866,.T.);
#3866 = EDGE_CURVE('',#893,#3867,#3869,.T.);
#3867 = VERTEX_POINT('',#3868);
#3868 = CARTESIAN_POINT('',(-12.50797034515,39.634607582428,
    30.749329474668));
#3869 = LINE('',#3870,#3871);
#3870 = CARTESIAN_POINT('',(-12.70797034515,39.434607582428,
    30.749329474668));
#3871 = VECTOR('',#3872,1.);
#3872 = DIRECTION('',(0.707106781187,0.707106781186,2.291624819221E-14)
  );
#3873 = ORIENTED_EDGE('',*,*,#3874,.F.);
#3874 = EDGE_CURVE('',#3867,#3867,#3875,.T.);
#3875 = CIRCLE('',#3876,2.35);
#3876 = AXIS2_PLACEMENT_3D('',#3877,#3878,#3879);
#3877 = CARTESIAN_POINT('',(-12.50797034515,41.984607582428,
    30.749329474668));
#3878 = DIRECTION('',(1.,-1.528187327934E-13,-9.399386363519E-15));
#3879 = DIRECTION('',(1.528187327934E-13,1.,4.125927421363E-14));
#3880 = ORIENTED_EDGE('',*,*,#3866,.F.);
#3881 = ORIENTED_EDGE('',*,*,#892,.T.);
#3882 = CONICAL_SURFACE('',#3883,2.55,0.785398163397);
#3883 = AXIS2_PLACEMENT_3D('',#3884,#3885,#3886);
#3884 = CARTESIAN_POINT('',(-12.70797034515,41.984607582428,
    30.749329474668));
#3885 = DIRECTION('',(-1.,1.525966881884E-13,8.733252548722E-15));
#3886 = DIRECTION('',(1.528187327934E-13,1.,4.125927421363E-14));
#3887 = ADVANCED_FACE('',(#3888),#3922,.F.);
#3888 = FACE_BOUND('',#3889,.F.);
#3889 = EDGE_LOOP('',(#3890,#3898,#3906,#3915,#3921));
#3890 = ORIENTED_EDGE('',*,*,#3891,.F.);
#3891 = EDGE_CURVE('',#3892,#904,#3894,.T.);
#3892 = VERTEX_POINT('',#3893);
#3893 = CARTESIAN_POINT('',(-12.5098933578,43.654227239409,
    21.196586447425));
#3894 = ( BOUNDED_CURVE() B_SPLINE_CURVE(2,(#3895,#3896,#3897),
.UNSPECIFIED.,.F.,.F.) B_SPLINE_CURVE_WITH_KNOTS((3,3),(3.694666390211,
3.786683263679),.PIECEWISE_BEZIER_KNOTS.) CURVE() 
GEOMETRIC_REPRESENTATION_ITEM() RATIONAL_B_SPLINE_CURVE((1.00000001611,
1.000000015946,1.000000015764)) REPRESENTATION_ITEM('') );
#3895 = CARTESIAN_POINT('',(-12.5098933578,43.654227239409,
    21.196586447425));
#3896 = CARTESIAN_POINT('',(-12.69848115006,43.842815031668,
    21.199274016595));
#3897 = CARTESIAN_POINT('',(-12.90797034515,44.052304226763,
    21.201961585767));
#3898 = ORIENTED_EDGE('',*,*,#3899,.F.);
#3899 = EDGE_CURVE('',#3900,#3892,#3902,.T.);
#3900 = VERTEX_POINT('',#3901);
#3901 = CARTESIAN_POINT('',(-12.50797034515,43.652304226764,
    21.196559034779));
#3902 = ( BOUNDED_CURVE() B_SPLINE_CURVE(2,(#3903,#3904,#3905),
.UNSPECIFIED.,.F.,.F.) B_SPLINE_CURVE_WITH_KNOTS((3,3),(3.694197113723,
3.694666390211),.PIECEWISE_BEZIER_KNOTS.) CURVE() 
GEOMETRIC_REPRESENTATION_ITEM() RATIONAL_B_SPLINE_CURVE((1.000000016111,
1.000000016111,1.00000001611)) REPRESENTATION_ITEM('') );
#3903 = CARTESIAN_POINT('',(-12.50797034515,43.652304226764,
    21.196559034779));
#3904 = CARTESIAN_POINT('',(-12.50893157966,43.653265461275,
    21.196572741102));
#3905 = CARTESIAN_POINT('',(-12.5098933578,43.654227239409,
    21.196586447425));
#3906 = ORIENTED_EDGE('',*,*,#3907,.F.);
#3907 = EDGE_CURVE('',#3908,#3900,#3910,.T.);
#3908 = VERTEX_POINT('',#3909);
#3909 = CARTESIAN_POINT('',(-12.50797034515,40.253686531692,
    21.099616976085));
#3910 = CIRCLE('',#3911,1.7);
#3911 = AXIS2_PLACEMENT_3D('',#3912,#3913,#3914);
#3912 = CARTESIAN_POINT('',(-12.50797034515,41.952995379228,
    21.148088005432));
#3913 = DIRECTION('',(1.,-1.528187327934E-13,-9.399386363519E-15));
#3914 = DIRECTION('',(-1.530246015513E-13,-0.999593439727,
    -2.851237020918E-02));
#3915 = ORIENTED_EDGE('',*,*,#3916,.T.);
#3916 = EDGE_CURVE('',#3908,#906,#3917,.T.);
#3917 = ( BOUNDED_CURVE() B_SPLINE_CURVE(2,(#3918,#3919,#3920),
.UNSPECIFIED.,.F.,.F.) B_SPLINE_CURVE_WITH_KNOTS((3,3),(3.694197112481,
3.786683262328),.PIECEWISE_BEZIER_KNOTS.) CURVE() 
GEOMETRIC_REPRESENTATION_ITEM() RATIONAL_B_SPLINE_CURVE((1.000000013118,
1.000000012984,1.000000012835)) REPRESENTATION_ITEM('') );
#3918 = CARTESIAN_POINT('',(-12.50797034515,40.253686531692,
    21.099616976085));
#3919 = CARTESIAN_POINT('',(-12.69741277694,40.0642440999,
    21.096915700592));
#3920 = CARTESIAN_POINT('',(-12.90797034515,39.853686531692,
    21.094214425098));
#3921 = ORIENTED_EDGE('',*,*,#903,.F.);
#3922 = CONICAL_SURFACE('',#3923,1.9,0.785398163396);
#3923 = AXIS2_PLACEMENT_3D('',#3924,#3925,#3926);
#3924 = CARTESIAN_POINT('',(-12.70797034515,41.952995379228,
    21.148088005432));
#3925 = DIRECTION('',(-1.,1.525966881884E-13,8.733252548722E-15));
#3926 = DIRECTION('',(-1.530246015513E-13,-0.999593439727,
    -2.851237020918E-02));
#3927 = ADVANCED_FACE('',(#3928),#3966,.T.);
#3928 = FACE_BOUND('',#3929,.T.);
#3929 = EDGE_LOOP('',(#3930,#3931,#3939,#3948,#3957,#3964,#3965));
#3930 = ORIENTED_EDGE('',*,*,#3899,.F.);
#3931 = ORIENTED_EDGE('',*,*,#3932,.T.);
#3932 = EDGE_CURVE('',#3900,#3933,#3935,.T.);
#3933 = VERTEX_POINT('',#3934);
#3934 = CARTESIAN_POINT('',(-12.50797034515,43.652304226763,
    24.319566257123));
#3935 = LINE('',#3936,#3937);
#3936 = CARTESIAN_POINT('',(-12.50797034515,43.652304226763,
    27.600623605607));
#3937 = VECTOR('',#3938,1.);
#3938 = DIRECTION('',(9.399386363513E-15,-4.081518500372E-14,1.));
#3939 = ORIENTED_EDGE('',*,*,#3940,.F.);
#3940 = EDGE_CURVE('',#3941,#3933,#3943,.T.);
#3941 = VERTEX_POINT('',#3942);
#3942 = CARTESIAN_POINT('',(-12.5098933578,43.654227239409,
    24.319538844488));
#3943 = B_SPLINE_CURVE_WITH_KNOTS('',3,(#3944,#3945,#3946,#3947),
  .UNSPECIFIED.,.F.,.F.,(4,4),(5.609805253633E-02,5.636997881875E-02),
  .PIECEWISE_BEZIER_KNOTS.);
#3944 = CARTESIAN_POINT('',(-12.5098933578,43.654227239409,
    24.319538844488));
#3945 = CARTESIAN_POINT('',(-12.50925232133,43.653586202945,
    24.319547979914));
#3946 = CARTESIAN_POINT('',(-12.50861131701,43.652945198625,
    24.319557117463));
#3947 = CARTESIAN_POINT('',(-12.50797034515,43.652304226764,
    24.319566257135));
#3948 = ORIENTED_EDGE('',*,*,#3949,.F.);
#3949 = EDGE_CURVE('',#3950,#3941,#3952,.T.);
#3950 = VERTEX_POINT('',#3951);
#3951 = CARTESIAN_POINT('',(-12.84815577395,43.992489655565,
    24.314936620933));
#3952 = B_SPLINE_CURVE_WITH_KNOTS('',3,(#3953,#3954,#3955,#3956),
  .UNSPECIFIED.,.F.,.F.,(4,4),(8.447327792086E-03,5.609805253633E-02),
  .PIECEWISE_BEZIER_KNOTS.);
#3953 = CARTESIAN_POINT('',(-12.84815577395,43.992489655565,
    24.314936620933));
#3954 = CARTESIAN_POINT('',(-12.73554313179,43.879877013398,
    24.316402374789));
#3955 = CARTESIAN_POINT('',(-12.62222472865,43.766558610267,
    24.317938007415));
#3956 = CARTESIAN_POINT('',(-12.5098933578,43.654227239409,
    24.319538844488));
#3957 = ORIENTED_EDGE('',*,*,#3958,.F.);
#3958 = EDGE_CURVE('',#915,#3950,#3959,.T.);
#3959 = B_SPLINE_CURVE_WITH_KNOTS('',3,(#3960,#3961,#3962,#3963),
  .UNSPECIFIED.,.F.,.F.,(4,4),(0.,8.447327791936E-03),
  .PIECEWISE_BEZIER_KNOTS.);
#3960 = CARTESIAN_POINT('',(-12.90797034515,44.052304226763,
    24.314163706142));
#3961 = CARTESIAN_POINT('',(-12.88806062181,44.032394503419,
    24.314419131052));
#3962 = CARTESIAN_POINT('',(-12.86811928777,44.012453169385,
    24.314676778015));
#3963 = CARTESIAN_POINT('',(-12.84815577395,43.992489655566,
    24.314936620932));
#3964 = ORIENTED_EDGE('',*,*,#914,.T.);
#3965 = ORIENTED_EDGE('',*,*,#3891,.F.);
#3966 = PLANE('',#3967);
#3967 = AXIS2_PLACEMENT_3D('',#3968,#3969,#3970);
#3968 = CARTESIAN_POINT('',(-12.70797034515,43.852304226763,
    27.600623605607));
#3969 = DIRECTION('',(-0.707106781186,-0.707106781187,-2.29962481923E-14
    ));
#3970 = DIRECTION('',(-0.707106781187,0.707106781186,3.538418202494E-14)
  );
#3971 = ADVANCED_FACE('',(#3972),#4000,.T.);
#3972 = FACE_BOUND('',#3973,.T.);
#3973 = EDGE_LOOP('',(#3974,#3985,#3991,#3992,#3993));
#3974 = ORIENTED_EDGE('',*,*,#3975,.T.);
#3975 = EDGE_CURVE('',#3976,#3978,#3980,.T.);
#3976 = VERTEX_POINT('',#3977);
#3977 = CARTESIAN_POINT('',(-12.84444882742,39.917208049419,
    24.421089680873));
#3978 = VERTEX_POINT('',#3979);
#3979 = CARTESIAN_POINT('',(-12.50797034515,40.253686531692,
    24.416508315834));
#3980 = B_SPLINE_CURVE_WITH_KNOTS('',3,(#3981,#3982,#3983,#3984),
  .UNSPECIFIED.,.F.,.F.,(4,4),(-4.740486838907E-02,0.),
  .PIECEWISE_BEZIER_KNOTS.);
#3981 = CARTESIAN_POINT('',(-12.84444882742,39.917208049419,
    24.421089680873));
#3982 = CARTESIAN_POINT('',(-12.73241390375,40.029242973095,
    24.419630119724));
#3983 = CARTESIAN_POINT('',(-12.61969901242,40.141957864426,
    24.418101464244));
#3984 = CARTESIAN_POINT('',(-12.50797034515,40.253686531692,
    24.416508315824));
#3985 = ORIENTED_EDGE('',*,*,#3986,.T.);
#3986 = EDGE_CURVE('',#3978,#3908,#3987,.T.);
#3987 = LINE('',#3988,#3989);
#3988 = CARTESIAN_POINT('',(-12.50797034515,40.253686531692,
    26.350623605607));
#3989 = VECTOR('',#3990,1.);
#3990 = DIRECTION('',(-9.399386363512E-15,4.765518500372E-14,-1.));
#3991 = ORIENTED_EDGE('',*,*,#3916,.T.);
#3992 = ORIENTED_EDGE('',*,*,#931,.T.);
#3993 = ORIENTED_EDGE('',*,*,#3994,.T.);
#3994 = EDGE_CURVE('',#923,#3976,#3995,.T.);
#3995 = B_SPLINE_CURVE_WITH_KNOTS('',3,(#3996,#3997,#3998,#3999),
  .UNSPECIFIED.,.F.,.F.,(4,4),(-5.637596302705E-02,-4.740486838853E-02),
  .PIECEWISE_BEZIER_KNOTS.);
#3996 = CARTESIAN_POINT('',(-12.90797034515,39.853686531692,
    24.421910866814));
#3997 = CARTESIAN_POINT('',(-12.8868283862,39.874828490639,
    24.421639633364));
#3998 = CARTESIAN_POINT('',(-12.86565078277,39.89600609407,
    24.421365894301));
#3999 = CARTESIAN_POINT('',(-12.84444882742,39.917208049423,
    24.421089680873));
#4000 = PLANE('',#4001);
#4001 = AXIS2_PLACEMENT_3D('',#4002,#4003,#4004);
#4002 = CARTESIAN_POINT('',(-12.70797034515,40.053686531692,
    26.350623605607));
#4003 = DIRECTION('',(-0.707106781185,0.707106781188,4.0184182025E-14));
#4004 = DIRECTION('',(0.707106781188,0.707106781185,2.30362481922E-14));
#4005 = ADVANCED_FACE('',(#4006),#4021,.F.);
#4006 = FACE_BOUND('',#4007,.F.);
#4007 = EDGE_LOOP('',(#4008,#4009,#4010,#4011,#4012,#4013,#4020));
#4008 = ORIENTED_EDGE('',*,*,#3949,.F.);
#4009 = ORIENTED_EDGE('',*,*,#3958,.F.);
#4010 = ORIENTED_EDGE('',*,*,#922,.F.);
#4011 = ORIENTED_EDGE('',*,*,#3994,.T.);
#4012 = ORIENTED_EDGE('',*,*,#3975,.T.);
#4013 = ORIENTED_EDGE('',*,*,#4014,.F.);
#4014 = EDGE_CURVE('',#3933,#3978,#4015,.T.);
#4015 = CIRCLE('',#4016,1.7);
#4016 = AXIS2_PLACEMENT_3D('',#4017,#4018,#4019);
#4017 = CARTESIAN_POINT('',(-12.50797034515,41.952995379228,
    24.368037286479));
#4018 = DIRECTION('',(1.,-1.528187327934E-13,-9.399386363519E-15));
#4019 = DIRECTION('',(1.524886039839E-13,0.999593439727,
    -2.85123702091E-02));
#4020 = ORIENTED_EDGE('',*,*,#3940,.F.);
#4021 = CONICAL_SURFACE('',#4022,1.9,0.785398163396);
#4022 = AXIS2_PLACEMENT_3D('',#4023,#4024,#4025);
#4023 = CARTESIAN_POINT('',(-12.70797034515,41.952995379228,
    24.368037286479));
#4024 = DIRECTION('',(-1.,1.525966881884E-13,8.733252548722E-15));
#4025 = DIRECTION('',(1.353476731234E-14,2.708325571984E-02,
    0.999633181352));
#4026 = ADVANCED_FACE('',(#4027),#4046,.F.);
#4027 = FACE_BOUND('',#4028,.F.);
#4028 = EDGE_LOOP('',(#4029,#4037,#4038,#4039));
#4029 = ORIENTED_EDGE('',*,*,#4030,.T.);
#4030 = EDGE_CURVE('',#4031,#940,#4033,.T.);
#4031 = VERTEX_POINT('',#4032);
#4032 = CARTESIAN_POINT('',(-12.50797034515,43.464607658722,
    15.619329360227));
#4033 = LINE('',#4034,#4035);
#4034 = CARTESIAN_POINT('',(-12.70797034515,43.664607658722,
    15.619329360227));
#4035 = VECTOR('',#4036,1.);
#4036 = DIRECTION('',(-0.707106781187,0.707106781186,3.625418202496E-14)
  );
#4037 = ORIENTED_EDGE('',*,*,#939,.F.);
#4038 = ORIENTED_EDGE('',*,*,#4030,.F.);
#4039 = ORIENTED_EDGE('',*,*,#4040,.F.);
#4040 = EDGE_CURVE('',#4031,#4031,#4041,.T.);
#4041 = CIRCLE('',#4042,1.4);
#4042 = AXIS2_PLACEMENT_3D('',#4043,#4044,#4045);
#4043 = CARTESIAN_POINT('',(-12.50797034515,42.064607658722,
    15.619329360227));
#4044 = DIRECTION('',(1.,-1.528187327934E-13,-1.051938636352E-14));
#4045 = DIRECTION('',(-1.528187327934E-13,-1.,-4.100927421363E-14));
#4046 = CONICAL_SURFACE('',#4047,1.6,0.785398163397);
#4047 = AXIS2_PLACEMENT_3D('',#4048,#4049,#4050);
#4048 = CARTESIAN_POINT('',(-12.70797034515,42.064607658722,
    15.619329360227));
#4049 = DIRECTION('',(-1.,1.527666881884E-13,1.013325254872E-14));
#4050 = DIRECTION('',(-1.529887327934E-13,-1.,-4.100927421363E-14));
#4051 = ADVANCED_FACE('',(#4052),#4071,.F.);
#4052 = FACE_BOUND('',#4053,.F.);
#4053 = EDGE_LOOP('',(#4054,#4062,#4069,#4070));
#4054 = ORIENTED_EDGE('',*,*,#4055,.T.);
#4055 = EDGE_CURVE('',#951,#4056,#4058,.T.);
#4056 = VERTEX_POINT('',#4057);
#4057 = CARTESIAN_POINT('',(-12.50797034515,38.887224220602,
    -2.780920464533));
#4058 = LINE('',#4059,#4060);
#4059 = CARTESIAN_POINT('',(-12.70797034515,38.687224220602,
    -2.780920464533));
#4060 = VECTOR('',#4061,1.);
#4061 = DIRECTION('',(0.707106781187,0.707106781186,2.187624819224E-14)
  );
#4062 = ORIENTED_EDGE('',*,*,#4063,.F.);
#4063 = EDGE_CURVE('',#4056,#4056,#4064,.T.);
#4064 = CIRCLE('',#4065,1.6);
#4065 = AXIS2_PLACEMENT_3D('',#4066,#4067,#4068);
#4066 = CARTESIAN_POINT('',(-12.50797034515,40.487224220602,
    -2.780920464533));
#4067 = DIRECTION('',(1.,-1.528187327934E-13,-1.051938636352E-14));
#4068 = DIRECTION('',(1.528187327934E-13,1.,4.118927421363E-14));
#4069 = ORIENTED_EDGE('',*,*,#4055,.F.);
#4070 = ORIENTED_EDGE('',*,*,#950,.F.);
#4071 = CONICAL_SURFACE('',#4072,1.8,0.785398163397);
#4072 = AXIS2_PLACEMENT_3D('',#4073,#4074,#4075);
#4073 = CARTESIAN_POINT('',(-12.70797034515,40.487224220602,
    -2.780920464533));
#4074 = DIRECTION('',(-1.,1.527666881884E-13,1.013325254872E-14));
#4075 = DIRECTION('',(1.529887327934E-13,1.,4.118927421363E-14));
#4076 = ADVANCED_FACE('',(#4077),#4102,.T.);
#4077 = FACE_BOUND('',#4078,.T.);
#4078 = EDGE_LOOP('',(#4079,#4087,#4095,#4101));
#4079 = ORIENTED_EDGE('',*,*,#4080,.F.);
#4080 = EDGE_CURVE('',#4081,#964,#4083,.T.);
#4081 = VERTEX_POINT('',#4082);
#4082 = CARTESIAN_POINT('',(-12.50797034515,22.812177984769,
    23.039544166938));
#4083 = LINE('',#4084,#4085);
#4084 = CARTESIAN_POINT('',(-12.50797034515,22.812177984769,
    23.039544166937));
#4085 = VECTOR('',#4086,1.);
#4086 = DIRECTION('',(-0.660469917478,0.357153995098,-0.660469917478));
#4087 = ORIENTED_EDGE('',*,*,#4088,.T.);
#4088 = EDGE_CURVE('',#4081,#4089,#4091,.T.);
#4089 = VERTEX_POINT('',#4090);
#4090 = CARTESIAN_POINT('',(-12.50797034515,27.064820925443,
    29.539568122051));
#4091 = LINE('',#4092,#4093);
#4092 = CARTESIAN_POINT('',(-12.50797034515,26.374079691962,
    28.483793013009));
#4093 = VECTOR('',#4094,1.);
#4094 = DIRECTION('',(9.254007710189E-14,0.547486281764,0.836814657663)
  );
#4095 = ORIENTED_EDGE('',*,*,#4096,.F.);
#4096 = EDGE_CURVE('',#962,#4089,#4097,.T.);
#4097 = LINE('',#4098,#4099);
#4098 = CARTESIAN_POINT('',(-12.90797034515,27.80452416443,
    29.939568122051));
#4099 = VECTOR('',#4100,1.);
#4100 = DIRECTION('',(0.42954646783,-0.794342283874,-0.42954646783));
#4101 = ORIENTED_EDGE('',*,*,#961,.T.);
#4102 = PLANE('',#4103);
#4103 = AXIS2_PLACEMENT_3D('',#4104,#4105,#4106);
#4104 = CARTESIAN_POINT('',(-12.70797034515,26.541442623495,
    28.374295756656));
#4105 = DIRECTION('',(-0.707106781187,-0.59171731903,0.387131262442));
#4106 = DIRECTION('',(0.641758702699,-0.766906622419,-3.792410673168E-14
    ));
#4107 = ADVANCED_FACE('',(#4108),#4126,.T.);
#4108 = FACE_BOUND('',#4109,.T.);
#4109 = EDGE_LOOP('',(#4110,#4111,#4119,#4125));
#4110 = ORIENTED_EDGE('',*,*,#4096,.T.);
#4111 = ORIENTED_EDGE('',*,*,#4112,.T.);
#4112 = EDGE_CURVE('',#4089,#4113,#4115,.T.);
#4113 = VERTEX_POINT('',#4114);
#4114 = CARTESIAN_POINT('',(-12.50797034515,24.048167087094,
    29.539568122051));
#4115 = LINE('',#4116,#4117);
#4116 = CARTESIAN_POINT('',(-12.50797034515,21.865085122145,
    29.539568122051));
#4117 = VECTOR('',#4118,1.);
#4118 = DIRECTION('',(-1.529887327934E-13,-1.,-4.118927421363E-14));
#4119 = ORIENTED_EDGE('',*,*,#4120,.T.);
#4120 = EDGE_CURVE('',#4113,#972,#4121,.T.);
#4121 = LINE('',#4122,#4123);
#4122 = CARTESIAN_POINT('',(-12.50797034515,24.048167087094,
    29.539568122051));
#4123 = VECTOR('',#4124,1.);
#4124 = DIRECTION('',(-0.660469917478,-0.357153995098,0.660469917478));
#4125 = ORIENTED_EDGE('',*,*,#971,.T.);
#4126 = PLANE('',#4127);
#4127 = AXIS2_PLACEMENT_3D('',#4128,#4129,#4130);
#4128 = CARTESIAN_POINT('',(-12.70797034515,21.865085122145,
    29.739568122051));
#4129 = DIRECTION('',(-0.707106781187,1.368335577743E-13,-0.707106781187
    ));
#4130 = DIRECTION('',(-1.529887327934E-13,-1.,-4.118927421363E-14));
#4131 = ADVANCED_FACE('',(#4132),#4150,.T.);
#4132 = FACE_BOUND('',#4133,.T.);
#4133 = EDGE_LOOP('',(#4134,#4142,#4148,#4149));
#4134 = ORIENTED_EDGE('',*,*,#4135,.F.);
#4135 = EDGE_CURVE('',#4136,#980,#4138,.T.);
#4136 = VERTEX_POINT('',#4137);
#4137 = CARTESIAN_POINT('',(-12.50797034515,19.795524146421,
    23.039544166937));
#4138 = LINE('',#4139,#4140);
#4139 = CARTESIAN_POINT('',(-12.50797034515,19.795524146421,
    23.039544166937));
#4140 = VECTOR('',#4141,1.);
#4141 = DIRECTION('',(-0.42954646783,-0.794342283874,-0.42954646783));
#4142 = ORIENTED_EDGE('',*,*,#4143,.T.);
#4143 = EDGE_CURVE('',#4136,#4081,#4144,.T.);
#4144 = LINE('',#4145,#4146);
#4145 = CARTESIAN_POINT('',(-12.50797034515,21.247090570983,
    23.039544166938));
#4146 = VECTOR('',#4147,1.);
#4147 = DIRECTION('',(1.529887327934E-13,1.,4.707927421363E-14));
#4148 = ORIENTED_EDGE('',*,*,#4080,.T.);
#4149 = ORIENTED_EDGE('',*,*,#987,.T.);
#4150 = PLANE('',#4151);
#4151 = AXIS2_PLACEMENT_3D('',#4152,#4153,#4154);
#4152 = CARTESIAN_POINT('',(-12.70797034515,21.247090570983,
    22.839544166938));
#4153 = DIRECTION('',(-0.707106781187,7.505116454061E-14,0.707106781187)
  );
#4154 = DIRECTION('',(-1.471021685836E-13,-1.,-4.118583842336E-14));
#4155 = ADVANCED_FACE('',(#4156),#4167,.T.);
#4156 = FACE_BOUND('',#4157,.T.);
#4157 = EDGE_LOOP('',(#4158,#4159,#4165,#4166));
#4158 = ORIENTED_EDGE('',*,*,#4120,.F.);
#4159 = ORIENTED_EDGE('',*,*,#4160,.T.);
#4160 = EDGE_CURVE('',#4113,#4136,#4161,.T.);
#4161 = LINE('',#4162,#4163);
#4162 = CARTESIAN_POINT('',(-12.50797034515,21.683212147342,
    25.924812786227));
#4163 = VECTOR('',#4164,1.);
#4164 = DIRECTION('',(-9.254007710189E-14,-0.547486281764,
    -0.836814657663));
#4165 = ORIENTED_EDGE('',*,*,#4135,.T.);
#4166 = ORIENTED_EDGE('',*,*,#979,.T.);
#4167 = PLANE('',#4168);
#4168 = AXIS2_PLACEMENT_3D('',#4169,#4170,#4171);
#4169 = CARTESIAN_POINT('',(-12.70797034515,21.515849215809,
    26.03431004258));
#4170 = DIRECTION('',(-0.707106781186,0.59171731903,-0.387131262442));
#4171 = DIRECTION('',(-0.641758702699,-0.766906622419,
    -2.516928087559E-14));
#4172 = ADVANCED_FACE('',(#4173),#4201,.F.);
#4173 = FACE_BOUND('',#4174,.F.);
#4174 = EDGE_LOOP('',(#4175,#4183,#4192,#4199,#4200));
#4175 = ORIENTED_EDGE('',*,*,#4176,.T.);
#4176 = EDGE_CURVE('',#996,#4177,#4179,.T.);
#4177 = VERTEX_POINT('',#4178);
#4178 = CARTESIAN_POINT('',(-12.50797034515,17.487224220595,
    55.711262277239));
#4179 = LINE('',#4180,#4181);
#4180 = CARTESIAN_POINT('',(-12.70797034515,17.287224220595,
    55.711262277239));
#4181 = VECTOR('',#4182,1.);
#4182 = DIRECTION('',(0.707106781187,0.707106781186,2.187624819225E-14)
  );
#4183 = ORIENTED_EDGE('',*,*,#4184,.F.);
#4184 = EDGE_CURVE('',#4185,#4177,#4187,.T.);
#4185 = VERTEX_POINT('',#4186);
#4186 = CARTESIAN_POINT('',(-12.50797034515,22.187224220595,
    55.711262277239));
#4187 = CIRCLE('',#4188,2.35);
#4188 = AXIS2_PLACEMENT_3D('',#4189,#4190,#4191);
#4189 = CARTESIAN_POINT('',(-12.50797034515,19.837224220595,
    55.711262277239));
#4190 = DIRECTION('',(1.,-1.528187327934E-13,-1.051938636352E-14));
#4191 = DIRECTION('',(1.528187327934E-13,1.,4.118927421363E-14));
#4192 = ORIENTED_EDGE('',*,*,#4193,.F.);
#4193 = EDGE_CURVE('',#4177,#4185,#4194,.T.);
#4194 = CIRCLE('',#4195,2.35);
#4195 = AXIS2_PLACEMENT_3D('',#4196,#4197,#4198);
#4196 = CARTESIAN_POINT('',(-12.50797034515,19.837224220595,
    55.711262277239));
#4197 = DIRECTION('',(1.,-1.528187327934E-13,-1.051938636352E-14));
#4198 = DIRECTION('',(1.528187327934E-13,1.,4.118927421363E-14));
#4199 = ORIENTED_EDGE('',*,*,#4176,.F.);
#4200 = ORIENTED_EDGE('',*,*,#995,.F.);
#4201 = CONICAL_SURFACE('',#4202,2.55,0.785398163398);
#4202 = AXIS2_PLACEMENT_3D('',#4203,#4204,#4205);
#4203 = CARTESIAN_POINT('',(-12.70797034515,19.837224220595,
    55.711262277239));
#4204 = DIRECTION('',(-1.,1.527666881884E-13,1.013325254872E-14));
#4205 = DIRECTION('',(1.529887327934E-13,1.,4.118927421363E-14));
#4206 = ADVANCED_FACE('',(#4207),#4232,.T.);
#4207 = FACE_BOUND('',#4208,.T.);
#4208 = EDGE_LOOP('',(#4209,#4217,#4225,#4231));
#4209 = ORIENTED_EDGE('',*,*,#4210,.F.);
#4210 = EDGE_CURVE('',#4211,#1009,#4213,.T.);
#4211 = VERTEX_POINT('',#4212);
#4212 = CARTESIAN_POINT('',(-12.50797034516,14.059938068032,
    23.039544166937));
#4213 = LINE('',#4214,#4215);
#4214 = CARTESIAN_POINT('',(-12.50797034516,14.059938068032,
    23.039544166937));
#4215 = VECTOR('',#4216,1.);
#4216 = DIRECTION('',(-0.429546235236,-0.794342535427,-0.429546235236));
#4217 = ORIENTED_EDGE('',*,*,#4218,.T.);
#4218 = EDGE_CURVE('',#4211,#4219,#4221,.T.);
#4219 = VERTEX_POINT('',#4220);
#4220 = CARTESIAN_POINT('',(-12.50797034515,17.076591906381,
    23.039544166937));
#4221 = LINE('',#4222,#4223);
#4222 = CARTESIAN_POINT('',(-12.50797034515,18.379297531788,
    23.039544166937));
#4223 = VECTOR('',#4224,1.);
#4224 = DIRECTION('',(1.529887327934E-13,1.,2.940927421363E-14));
#4225 = ORIENTED_EDGE('',*,*,#4226,.F.);
#4226 = EDGE_CURVE('',#1007,#4219,#4227,.T.);
#4227 = LINE('',#4228,#4229);
#4228 = CARTESIAN_POINT('',(-12.90797034515,17.292894680601,
    22.639544166937));
#4229 = VECTOR('',#4230,1.);
#4230 = DIRECTION('',(0.660469989777,-0.357153727696,0.660469989777));
#4231 = ORIENTED_EDGE('',*,*,#1006,.T.);
#4232 = PLANE('',#4233);
#4233 = AXIS2_PLACEMENT_3D('',#4234,#4235,#4236);
#4234 = CARTESIAN_POINT('',(-12.70797034515,18.379297531788,
    22.839544166938));
#4235 = DIRECTION('',(-0.707106781187,8.754116454061E-14,0.707106781187)
  );
#4236 = DIRECTION('',(-1.647689322806E-13,-1.,-4.118907472634E-14));
#4237 = ADVANCED_FACE('',(#4238),#4256,.T.);
#4238 = FACE_BOUND('',#4239,.T.);
#4239 = EDGE_LOOP('',(#4240,#4241,#4249,#4255));
#4240 = ORIENTED_EDGE('',*,*,#4226,.T.);
#4241 = ORIENTED_EDGE('',*,*,#4242,.T.);
#4242 = EDGE_CURVE('',#4219,#4243,#4245,.T.);
#4243 = VERTEX_POINT('',#4244);
#4244 = CARTESIAN_POINT('',(-12.50797034515,25.581877787728,
    36.039571699991));
#4245 = LINE('',#4246,#4247);
#4246 = CARTESIAN_POINT('',(-12.50797034515,23.62441294616,
    33.047656179411));
#4247 = VECTOR('',#4248,1.);
#4248 = DIRECTION('',(9.221016436838E-14,0.547486882704,0.836814264498)
  );
#4249 = ORIENTED_EDGE('',*,*,#4250,.T.);
#4250 = EDGE_CURVE('',#4243,#1017,#4251,.T.);
#4251 = LINE('',#4252,#4253);
#4252 = CARTESIAN_POINT('',(-12.50797034515,25.581877787728,
    36.039571699991));
#4253 = VECTOR('',#4254,1.);
#4254 = DIRECTION('',(-0.429546235236,0.794342535427,0.429546235236));
#4255 = ORIENTED_EDGE('',*,*,#1016,.T.);
#4256 = PLANE('',#4257);
#4257 = AXIS2_PLACEMENT_3D('',#4258,#4259,#4260);
#4258 = CARTESIAN_POINT('',(-12.70797034515,23.791775799059,
    32.938158802872));
#4259 = DIRECTION('',(-0.707106781187,-0.59171704102,0.387131687371));
#4260 = DIRECTION('',(0.64175852536,-0.766906770818,-3.784084412876E-14)
  );
#4261 = ADVANCED_FACE('',(#4262),#4280,.T.);
#4262 = FACE_BOUND('',#4263,.T.);
#4263 = EDGE_LOOP('',(#4264,#4272,#4273,#4274));
#4264 = ORIENTED_EDGE('',*,*,#4265,.T.);
#4265 = EDGE_CURVE('',#4266,#4211,#4268,.T.);
#4266 = VERTEX_POINT('',#4267);
#4267 = CARTESIAN_POINT('',(-12.50797034515,22.56522394938,
    36.039571699991));
#4268 = LINE('',#4269,#4270);
#4269 = CARTESIAN_POINT('',(-12.50797034516,16.807224923701,
    27.238674597487));
#4270 = VECTOR('',#4271,1.);
#4271 = DIRECTION('',(-9.232016436838E-14,-0.547486882704,
    -0.836814264498));
#4272 = ORIENTED_EDGE('',*,*,#4210,.T.);
#4273 = ORIENTED_EDGE('',*,*,#1032,.T.);
#4274 = ORIENTED_EDGE('',*,*,#4275,.F.);
#4275 = EDGE_CURVE('',#4266,#1025,#4276,.T.);
#4276 = LINE('',#4277,#4278);
#4277 = CARTESIAN_POINT('',(-12.50797034515,22.56522394938,
    36.039571699991));
#4278 = VECTOR('',#4279,1.);
#4279 = DIRECTION('',(-0.660469989777,-0.357153727696,0.660469989777));
#4280 = PLANE('',#4281);
#4281 = AXIS2_PLACEMENT_3D('',#4282,#4283,#4284);
#4282 = CARTESIAN_POINT('',(-12.70797034515,16.639862070802,
    27.348171974029));
#4283 = DIRECTION('',(-0.707106781186,0.59171704102,-0.387131687371));
#4284 = DIRECTION('',(-0.641758525361,-0.766906770818,
    -2.533582243029E-14));
#4285 = ADVANCED_FACE('',(#4286),#4297,.T.);
#4286 = FACE_BOUND('',#4287,.T.);
#4287 = EDGE_LOOP('',(#4288,#4289,#4290,#4296));
#4288 = ORIENTED_EDGE('',*,*,#1024,.T.);
#4289 = ORIENTED_EDGE('',*,*,#4250,.F.);
#4290 = ORIENTED_EDGE('',*,*,#4291,.T.);
#4291 = EDGE_CURVE('',#4243,#4266,#4292,.T.);
#4292 = LINE('',#4293,#4294);
#4293 = CARTESIAN_POINT('',(-12.50797034515,21.123613553288,
    36.039571699991));
#4294 = VECTOR('',#4295,1.);
#4295 = DIRECTION('',(-1.529887327934E-13,-1.,-2.940927421363E-14));
#4296 = ORIENTED_EDGE('',*,*,#4275,.T.);
#4297 = PLANE('',#4298);
#4298 = AXIS2_PLACEMENT_3D('',#4299,#4300,#4301);
#4299 = CARTESIAN_POINT('',(-12.70797034515,21.123613553288,
    36.239571699991));
#4300 = DIRECTION('',(-0.707106781187,1.285035577743E-13,-0.707106781187
    ));
#4301 = DIRECTION('',(-1.412085333061E-13,-1.,-4.118907472634E-14));
#4302 = ADVANCED_FACE('',(#4303),#4328,.T.);
#4303 = FACE_BOUND('',#4304,.T.);
#4304 = EDGE_LOOP('',(#4305,#4306,#4314,#4322));
#4305 = ORIENTED_EDGE('',*,*,#1040,.T.);
#4306 = ORIENTED_EDGE('',*,*,#4307,.T.);
#4307 = EDGE_CURVE('',#1043,#4308,#4310,.T.);
#4308 = VERTEX_POINT('',#4309);
#4309 = CARTESIAN_POINT('',(-12.50797034515,19.846270714677,
    36.039571699991));
#4310 = LINE('',#4311,#4312);
#4311 = CARTESIAN_POINT('',(-12.90797034515,20.585975164445,
    36.439571699991));
#4312 = VECTOR('',#4313,1.);
#4313 = DIRECTION('',(0.429546024188,-0.794342763679,-0.429546024188));
#4314 = ORIENTED_EDGE('',*,*,#4315,.T.);
#4315 = EDGE_CURVE('',#4308,#4316,#4318,.T.);
#4316 = VERTEX_POINT('',#4317);
#4317 = CARTESIAN_POINT('',(-12.50797034516,16.829616876329,
    36.03957169999));
#4318 = LINE('',#4319,#4320);
#4319 = CARTESIAN_POINT('',(-12.50797034516,18.255810016762,
    36.03957169999));
#4320 = VECTOR('',#4321,1.);
#4321 = DIRECTION('',(-1.529887327934E-13,-1.,-4.118927421363E-14));
#4322 = ORIENTED_EDGE('',*,*,#4323,.T.);
#4323 = EDGE_CURVE('',#4316,#1041,#4324,.T.);
#4324 = LINE('',#4325,#4326);
#4325 = CARTESIAN_POINT('',(-12.50797034516,16.829616876329,
    36.03957169999));
#4326 = VECTOR('',#4327,1.);
#4327 = DIRECTION('',(-0.660470058728,-0.357153472679,0.660470058728));
#4328 = PLANE('',#4329);
#4329 = AXIS2_PLACEMENT_3D('',#4330,#4331,#4332);
#4330 = CARTESIAN_POINT('',(-12.70797034515,18.255810016762,
    36.239571699991));
#4331 = DIRECTION('',(-0.707106781187,1.368335577743E-13,-0.707106781187
    ));
#4332 = DIRECTION('',(-1.529887327934E-13,-1.,-4.118927421363E-14));
#4333 = ADVANCED_FACE('',(#4334),#4352,.T.);
#4334 = FACE_BOUND('',#4335,.T.);
#4335 = EDGE_LOOP('',(#4336,#4344,#4350,#4351));
#4336 = ORIENTED_EDGE('',*,*,#4337,.T.);
#4337 = EDGE_CURVE('',#4316,#4338,#4340,.T.);
#4338 = VERTEX_POINT('',#4339);
#4339 = CARTESIAN_POINT('',(-12.50797034516,12.5769742444,
    29.539568122051));
#4340 = LINE('',#4341,#4342);
#4341 = CARTESIAN_POINT('',(-12.50797034516,14.057540570596,
    31.802557808837));
#4342 = VECTOR('',#4343,1.);
#4343 = DIRECTION('',(-9.221024759308E-14,-0.547487455812,
    -0.836813889541));
#4344 = ORIENTED_EDGE('',*,*,#4345,.T.);
#4345 = EDGE_CURVE('',#4338,#1051,#4346,.T.);
#4346 = LINE('',#4347,#4348);
#4347 = CARTESIAN_POINT('',(-12.50797034516,12.5769742444,
    29.539568122051));
#4348 = VECTOR('',#4349,1.);
#4349 = DIRECTION('',(-0.429546013415,-0.79434277533,-0.429546013415));
#4350 = ORIENTED_EDGE('',*,*,#1050,.T.);
#4351 = ORIENTED_EDGE('',*,*,#4323,.F.);
#4352 = PLANE('',#4353);
#4353 = AXIS2_PLACEMENT_3D('',#4354,#4355,#4356);
#4354 = CARTESIAN_POINT('',(-12.70797034516,13.890177792687,
    31.912055300002));
#4355 = DIRECTION('',(-0.707106781186,0.591716775886,-0.387132092619));
#4356 = DIRECTION('',(-0.641758356235,-0.766906912345,
    -2.491949652187E-14));
#4357 = ADVANCED_FACE('',(#4358),#4376,.T.);
#4358 = FACE_BOUND('',#4359,.T.);
#4359 = EDGE_LOOP('',(#4360,#4368,#4374,#4375));
#4360 = ORIENTED_EDGE('',*,*,#4361,.F.);
#4361 = EDGE_CURVE('',#4362,#1059,#4364,.T.);
#4362 = VERTEX_POINT('',#4363);
#4363 = CARTESIAN_POINT('',(-12.50797034516,15.593628391494,
    29.539568122051));
#4364 = LINE('',#4365,#4366);
#4365 = CARTESIAN_POINT('',(-12.50797034516,15.593628391494,
    29.539568122051));
#4366 = VECTOR('',#4367,1.);
#4367 = DIRECTION('',(-0.66047005538,0.357153485064,-0.66047005538));
#4368 = ORIENTED_EDGE('',*,*,#4369,.T.);
#4369 = EDGE_CURVE('',#4362,#4308,#4370,.T.);
#4370 = LINE('',#4371,#4372);
#4371 = CARTESIAN_POINT('',(-12.50797034515,18.748406055523,
    34.361526929168));
#4372 = VECTOR('',#4373,1.);
#4373 = DIRECTION('',(9.217024355114E-14,0.547487427978,0.836813907752)
  );
#4374 = ORIENTED_EDGE('',*,*,#4307,.F.);
#4375 = ORIENTED_EDGE('',*,*,#1066,.T.);
#4376 = PLANE('',#4377);
#4377 = AXIS2_PLACEMENT_3D('',#4378,#4379,#4380);
#4378 = CARTESIAN_POINT('',(-12.70797034515,18.915768837074,
    34.252029443574));
#4379 = DIRECTION('',(-0.707106781187,-0.591716788762,0.387132072937));
#4380 = DIRECTION('',(0.641758364449,-0.766906905471,-3.767431441698E-14
    ));
#4381 = ADVANCED_FACE('',(#4382),#4393,.T.);
#4382 = FACE_BOUND('',#4383,.T.);
#4383 = EDGE_LOOP('',(#4384,#4385,#4391,#4392));
#4384 = ORIENTED_EDGE('',*,*,#4345,.F.);
#4385 = ORIENTED_EDGE('',*,*,#4386,.T.);
#4386 = EDGE_CURVE('',#4338,#4362,#4387,.T.);
#4387 = LINE('',#4388,#4389);
#4388 = CARTESIAN_POINT('',(-12.50797034515,17.637815774345,
    29.539568122051));
#4389 = VECTOR('',#4390,1.);
#4390 = DIRECTION('',(1.529887327934E-13,1.,2.940927421363E-14));
#4391 = ORIENTED_EDGE('',*,*,#4361,.T.);
#4392 = ORIENTED_EDGE('',*,*,#1058,.T.);
#4393 = PLANE('',#4394);
#4394 = AXIS2_PLACEMENT_3D('',#4395,#4396,#4397);
#4395 = CARTESIAN_POINT('',(-12.70797034515,17.637815774345,
    29.339568122051));
#4396 = DIRECTION('',(-0.707106781187,8.754116454061E-14,0.707106781187)
  );
#4397 = DIRECTION('',(-1.647689322806E-13,-1.,-4.118907472634E-14));
#4398 = ADVANCED_FACE('',(#4399),#4418,.F.);
#4399 = FACE_BOUND('',#4400,.F.);
#4400 = EDGE_LOOP('',(#4401,#4409,#4416,#4417));
#4401 = ORIENTED_EDGE('',*,*,#4402,.T.);
#4402 = EDGE_CURVE('',#1075,#4403,#4405,.T.);
#4403 = VERTEX_POINT('',#4404);
#4404 = CARTESIAN_POINT('',(-12.50797034516,0.484572206432,
    30.749329474667));
#4405 = LINE('',#4406,#4407);
#4406 = CARTESIAN_POINT('',(-12.70797034516,0.684572206432,
    30.749329474667));
#4407 = VECTOR('',#4408,1.);
#4408 = DIRECTION('',(0.707106781187,-0.707106781186,-3.554418202495E-14
    ));
#4409 = ORIENTED_EDGE('',*,*,#4410,.T.);
#4410 = EDGE_CURVE('',#4403,#4403,#4411,.T.);
#4411 = CIRCLE('',#4412,2.35);
#4412 = AXIS2_PLACEMENT_3D('',#4413,#4414,#4415);
#4413 = CARTESIAN_POINT('',(-12.50797034516,-1.865427793568,
    30.749329474667));
#4414 = DIRECTION('',(-1.,1.528187327934E-13,9.399386363519E-15));
#4415 = DIRECTION('',(-1.528187327934E-13,-1.,-4.141927421363E-14));
#4416 = ORIENTED_EDGE('',*,*,#4402,.F.);
#4417 = ORIENTED_EDGE('',*,*,#1074,.F.);
#4418 = CONICAL_SURFACE('',#4419,2.55,0.785398163397);
#4419 = AXIS2_PLACEMENT_3D('',#4420,#4421,#4422);
#4420 = CARTESIAN_POINT('',(-12.70797034516,-1.865427793568,
    30.749329474667));
#4421 = DIRECTION('',(-1.,1.525966881884E-13,8.733252548722E-15));
#4422 = DIRECTION('',(-1.528187327934E-13,-1.,-4.141927421363E-14));
#4423 = ADVANCED_FACE('',(#4424),#4459,.F.);
#4424 = FACE_BOUND('',#4425,.T.);
#4425 = EDGE_LOOP('',(#4426,#4437,#4444,#4445,#4453));
#4426 = ORIENTED_EDGE('',*,*,#4427,.F.);
#4427 = EDGE_CURVE('',#4428,#4430,#4432,.T.);
#4428 = VERTEX_POINT('',#4429);
#4429 = CARTESIAN_POINT('',(-12.84444882743,0.185971739441,
    24.421089680872));
#4430 = VERTEX_POINT('',#4431);
#4431 = CARTESIAN_POINT('',(-12.50797034516,-0.150506742832,
    24.416508315833));
#4432 = B_SPLINE_CURVE_WITH_KNOTS('',3,(#4433,#4434,#4435,#4436),
  .UNSPECIFIED.,.F.,.F.,(4,4),(-4.740486838907E-02,0.),
  .PIECEWISE_BEZIER_KNOTS.);
#4433 = CARTESIAN_POINT('',(-12.84444882743,0.185971739441,
    24.421089680872));
#4434 = CARTESIAN_POINT('',(-12.73241390375,7.393681576515E-02,
    24.419630119723));
#4435 = CARTESIAN_POINT('',(-12.61969901242,-3.877807556587E-02,
    24.418101464244));
#4436 = CARTESIAN_POINT('',(-12.50797034516,-0.150506742831,
    24.416508315823));
#4437 = ORIENTED_EDGE('',*,*,#4438,.F.);
#4438 = EDGE_CURVE('',#1088,#4428,#4439,.T.);
#4439 = B_SPLINE_CURVE_WITH_KNOTS('',3,(#4440,#4441,#4442,#4443),
  .UNSPECIFIED.,.F.,.F.,(4,4),(-5.637596302705E-02,-4.740486838853E-02),
  .PIECEWISE_BEZIER_KNOTS.);
#4440 = CARTESIAN_POINT('',(-12.90797034516,0.249493257168,
    24.421910866813));
#4441 = CARTESIAN_POINT('',(-12.88682838621,0.228351298221,
    24.421639633363));
#4442 = CARTESIAN_POINT('',(-12.86565078278,0.207173694791,24.4213658943
    ));
#4443 = CARTESIAN_POINT('',(-12.84444882743,0.185971739437,
    24.421089680872));
#4444 = ORIENTED_EDGE('',*,*,#1085,.F.);
#4445 = ORIENTED_EDGE('',*,*,#4446,.F.);
#4446 = EDGE_CURVE('',#4447,#1086,#4449,.T.);
#4447 = VERTEX_POINT('',#4448);
#4448 = CARTESIAN_POINT('',(-12.50797034516,-0.150506742832,
    21.099616976083));
#4449 = ( BOUNDED_CURVE() B_SPLINE_CURVE(2,(#4450,#4451,#4452),
.UNSPECIFIED.,.F.,.F.) B_SPLINE_CURVE_WITH_KNOTS((3,3),(3.694197112481,
3.786683262328),.PIECEWISE_BEZIER_KNOTS.) CURVE() 
GEOMETRIC_REPRESENTATION_ITEM() RATIONAL_B_SPLINE_CURVE((1.000000013118,
1.000000012984,1.000000012835)) REPRESENTATION_ITEM('') );
#4450 = CARTESIAN_POINT('',(-12.50797034516,-0.150506742832,
    21.099616976083));
#4451 = CARTESIAN_POINT('',(-12.69741277695,3.893568896088E-02,
    21.096915700591));
#4452 = CARTESIAN_POINT('',(-12.90797034516,0.249493257169,
    21.094214425096));
#4453 = ORIENTED_EDGE('',*,*,#4454,.F.);
#4454 = EDGE_CURVE('',#4430,#4447,#4455,.T.);
#4455 = LINE('',#4456,#4457);
#4456 = CARTESIAN_POINT('',(-12.50797034516,-0.150506742832,
    26.350623605605));
#4457 = VECTOR('',#4458,1.);
#4458 = DIRECTION('',(-9.399386363514E-15,3.413518500372E-14,-1.));
#4459 = PLANE('',#4460);
#4460 = AXIS2_PLACEMENT_3D('',#4461,#4462,#4463);
#4461 = CARTESIAN_POINT('',(-12.70797034516,4.949325716837E-02,
    26.350623605605));
#4462 = DIRECTION('',(0.707106781186,0.707106781187,1.82862481923E-14));
#4463 = DIRECTION('',(0.707106781187,-0.707106781186,-3.542418202494E-14
    ));
#4464 = ADVANCED_FACE('',(#4465),#4484,.F.);
#4465 = FACE_BOUND('',#4466,.F.);
#4466 = EDGE_LOOP('',(#4467,#4468,#4477,#4483));
#4467 = ORIENTED_EDGE('',*,*,#4446,.F.);
#4468 = ORIENTED_EDGE('',*,*,#4469,.T.);
#4469 = EDGE_CURVE('',#4447,#4470,#4472,.T.);
#4470 = VERTEX_POINT('',#4471);
#4471 = CARTESIAN_POINT('',(-12.50797034516,-3.549124437903,
    21.196559034777));
#4472 = CIRCLE('',#4473,1.7);
#4473 = AXIS2_PLACEMENT_3D('',#4474,#4475,#4476);
#4474 = CARTESIAN_POINT('',(-12.50797034516,-1.849815590367,
    21.148088005431));
#4475 = DIRECTION('',(-1.,1.528187327934E-13,9.399386363519E-15));
#4476 = DIRECTION('',(1.524886039839E-13,0.999593439727,
    -2.85123702091E-02));
#4477 = ORIENTED_EDGE('',*,*,#4478,.T.);
#4478 = EDGE_CURVE('',#4470,#1105,#4479,.T.);
#4479 = ( BOUNDED_CURVE() B_SPLINE_CURVE(2,(#4480,#4481,#4482),
.UNSPECIFIED.,.F.,.F.) B_SPLINE_CURVE_WITH_KNOTS((3,3),(3.694197113723,
3.786683263679),.PIECEWISE_BEZIER_KNOTS.) CURVE() 
GEOMETRIC_REPRESENTATION_ITEM() RATIONAL_B_SPLINE_CURVE((1.000000016111,
1.000000015947,1.000000015764)) REPRESENTATION_ITEM('') );
#4480 = CARTESIAN_POINT('',(-12.50797034516,-3.549124437903,
    21.196559034777));
#4481 = CARTESIAN_POINT('',(-12.69741277695,-3.738566869692,
    21.19926031027));
#4482 = CARTESIAN_POINT('',(-12.90797034516,-3.949124437903,
    21.201961585765));
#4483 = ORIENTED_EDGE('',*,*,#1112,.T.);
#4484 = CONICAL_SURFACE('',#4485,1.9,0.785398163396);
#4485 = AXIS2_PLACEMENT_3D('',#4486,#4487,#4488);
#4486 = CARTESIAN_POINT('',(-12.70797034516,-1.849815590367,
    21.148088005431));
#4487 = DIRECTION('',(-1.,1.525966881884E-13,8.733252548722E-15));
#4488 = DIRECTION('',(1.524886039839E-13,0.999593439727,
    -2.85123702091E-02));
#4489 = ADVANCED_FACE('',(#4490),#4520,.F.);
#4490 = FACE_BOUND('',#4491,.F.);
#4491 = EDGE_LOOP('',(#4492,#4501,#4502,#4503,#4504,#4513));
#4492 = ORIENTED_EDGE('',*,*,#4493,.T.);
#4493 = EDGE_CURVE('',#4494,#4430,#4496,.T.);
#4494 = VERTEX_POINT('',#4495);
#4495 = CARTESIAN_POINT('',(-12.50797034516,-3.549124437903,
    24.319566257122));
#4496 = CIRCLE('',#4497,1.7);
#4497 = AXIS2_PLACEMENT_3D('',#4498,#4499,#4500);
#4498 = CARTESIAN_POINT('',(-12.50797034516,-1.849815590367,
    24.368037286477));
#4499 = DIRECTION('',(-1.,1.528187327934E-13,9.399386363519E-15));
#4500 = DIRECTION('',(-1.530246015513E-13,-0.999593439727,
    -2.851237020918E-02));
#4501 = ORIENTED_EDGE('',*,*,#4427,.F.);
#4502 = ORIENTED_EDGE('',*,*,#4438,.F.);
#4503 = ORIENTED_EDGE('',*,*,#1095,.T.);
#4504 = ORIENTED_EDGE('',*,*,#4505,.T.);
#4505 = EDGE_CURVE('',#1096,#4506,#4508,.T.);
#4506 = VERTEX_POINT('',#4507);
#4507 = CARTESIAN_POINT('',(-12.84815577396,-3.889309866705,
    24.314936620931));
#4508 = B_SPLINE_CURVE_WITH_KNOTS('',3,(#4509,#4510,#4511,#4512),
  .UNSPECIFIED.,.F.,.F.,(4,4),(0.,8.447327791936E-03),
  .PIECEWISE_BEZIER_KNOTS.);
#4509 = CARTESIAN_POINT('',(-12.90797034516,-3.949124437903,
    24.314163706141));
#4510 = CARTESIAN_POINT('',(-12.88806062181,-3.929214714559,
    24.31441913105));
#4511 = CARTESIAN_POINT('',(-12.86811928778,-3.909273380525,
    24.314676778014));
#4512 = CARTESIAN_POINT('',(-12.84815577396,-3.889309866706,
    24.31493662093));
#4513 = ORIENTED_EDGE('',*,*,#4514,.T.);
#4514 = EDGE_CURVE('',#4506,#4494,#4515,.T.);
#4515 = B_SPLINE_CURVE_WITH_KNOTS('',3,(#4516,#4517,#4518,#4519),
  .UNSPECIFIED.,.F.,.F.,(4,4),(8.447327792086E-03,5.636997881875E-02),
  .PIECEWISE_BEZIER_KNOTS.);
#4516 = CARTESIAN_POINT('',(-12.84815577396,-3.889309866705,
    24.314936620931));
#4517 = CARTESIAN_POINT('',(-12.73490049021,-3.776054582956,
    24.31641073934));
#4518 = CARTESIAN_POINT('',(-12.62093136744,-3.66208546019,
    24.317955536459));
#4519 = CARTESIAN_POINT('',(-12.50797034516,-3.549124437903,
    24.319566257133));
#4520 = CONICAL_SURFACE('',#4521,1.9,0.785398163396);
#4521 = AXIS2_PLACEMENT_3D('',#4522,#4523,#4524);
#4522 = CARTESIAN_POINT('',(-12.70797034516,-1.849815590367,
    24.368037286477));
#4523 = DIRECTION('',(-1.,1.525966881884E-13,8.733252548722E-15));
#4524 = DIRECTION('',(5.257109674271E-15,-2.708325572E-02,0.999633181352
    ));
#4525 = ADVANCED_FACE('',(#4526),#4538,.F.);
#4526 = FACE_BOUND('',#4527,.T.);
#4527 = EDGE_LOOP('',(#4528,#4529,#4530,#4531,#4537));
#4528 = ORIENTED_EDGE('',*,*,#1104,.F.);
#4529 = ORIENTED_EDGE('',*,*,#4505,.T.);
#4530 = ORIENTED_EDGE('',*,*,#4514,.T.);
#4531 = ORIENTED_EDGE('',*,*,#4532,.F.);
#4532 = EDGE_CURVE('',#4470,#4494,#4533,.T.);
#4533 = LINE('',#4534,#4535);
#4534 = CARTESIAN_POINT('',(-12.50797034516,-3.549124437903,
    27.600623605605));
#4535 = VECTOR('',#4536,1.);
#4536 = DIRECTION('',(9.399386363513E-15,-4.097518500372E-14,1.));
#4537 = ORIENTED_EDGE('',*,*,#4478,.T.);
#4538 = PLANE('',#4539);
#4539 = AXIS2_PLACEMENT_3D('',#4540,#4541,#4542);
#4540 = CARTESIAN_POINT('',(-12.70797034516,-3.749124437903,
    27.600623605605));
#4541 = DIRECTION('',(0.707106781185,-0.707106781188,-3.5464182025E-14)
  );
#4542 = DIRECTION('',(-0.707106781188,-0.707106781185,
    -2.307624819219E-14));
#4543 = ADVANCED_FACE('',(#4544),#4563,.F.);
#4544 = FACE_BOUND('',#4545,.F.);
#4545 = EDGE_LOOP('',(#4546,#4554,#4555,#4556));
#4546 = ORIENTED_EDGE('',*,*,#4547,.T.);
#4547 = EDGE_CURVE('',#4548,#1122,#4550,.T.);
#4548 = VERTEX_POINT('',#4549);
#4549 = CARTESIAN_POINT('',(-12.50797034516,-0.535392400883,
    15.619329777466));
#4550 = LINE('',#4551,#4552);
#4551 = CARTESIAN_POINT('',(-12.70797034516,-0.335392400883,
    15.619329777466));
#4552 = VECTOR('',#4553,1.);
#4553 = DIRECTION('',(-0.707106781187,0.707106781186,3.625418202496E-14)
  );
#4554 = ORIENTED_EDGE('',*,*,#1121,.F.);
#4555 = ORIENTED_EDGE('',*,*,#4547,.F.);
#4556 = ORIENTED_EDGE('',*,*,#4557,.F.);
#4557 = EDGE_CURVE('',#4548,#4548,#4558,.T.);
#4558 = CIRCLE('',#4559,1.4);
#4559 = AXIS2_PLACEMENT_3D('',#4560,#4561,#4562);
#4560 = CARTESIAN_POINT('',(-12.50797034516,-1.935392400883,
    15.619329777466));
#4561 = DIRECTION('',(1.,-1.528187327934E-13,-1.051938636352E-14));
#4562 = DIRECTION('',(-1.528187327934E-13,-1.,-4.100927421363E-14));
#4563 = CONICAL_SURFACE('',#4564,1.6,0.785398163397);
#4564 = AXIS2_PLACEMENT_3D('',#4565,#4566,#4567);
#4565 = CARTESIAN_POINT('',(-12.70797034516,-1.935392400883,
    15.619329777466));
#4566 = DIRECTION('',(-1.,1.527666881884E-13,1.013325254872E-14));
#4567 = DIRECTION('',(-1.529887327934E-13,-1.,-4.100927421363E-14));
#4568 = ADVANCED_FACE('',(#4569),#4597,.F.);
#4569 = FACE_BOUND('',#4570,.F.);
#4570 = EDGE_LOOP('',(#4571,#4579,#4588,#4595,#4596));
#4571 = ORIENTED_EDGE('',*,*,#4572,.T.);
#4572 = EDGE_CURVE('',#1133,#4573,#4575,.T.);
#4573 = VERTEX_POINT('',#4574);
#4574 = CARTESIAN_POINT('',(-12.50797034516,0.787224220602,
    -2.780920464534));
#4575 = LINE('',#4576,#4577);
#4576 = CARTESIAN_POINT('',(-12.70797034516,0.987224220602,
    -2.780920464534));
#4577 = VECTOR('',#4578,1.);
#4578 = DIRECTION('',(0.707106781187,-0.707106781186,-3.620418202496E-14
    ));
#4579 = ORIENTED_EDGE('',*,*,#4580,.F.);
#4580 = EDGE_CURVE('',#4581,#4573,#4583,.T.);
#4581 = VERTEX_POINT('',#4582);
#4582 = CARTESIAN_POINT('',(-12.50797034516,-2.412775779398,
    -2.780920464534));
#4583 = CIRCLE('',#4584,1.6);
#4584 = AXIS2_PLACEMENT_3D('',#4585,#4586,#4587);
#4585 = CARTESIAN_POINT('',(-12.50797034516,-0.812775779398,
    -2.780920464534));
#4586 = DIRECTION('',(1.,-1.528187327934E-13,-1.051938636352E-14));
#4587 = DIRECTION('',(-1.528187327934E-13,-1.,-4.118927421363E-14));
#4588 = ORIENTED_EDGE('',*,*,#4589,.F.);
#4589 = EDGE_CURVE('',#4573,#4581,#4590,.T.);
#4590 = CIRCLE('',#4591,1.6);
#4591 = AXIS2_PLACEMENT_3D('',#4592,#4593,#4594);
#4592 = CARTESIAN_POINT('',(-12.50797034516,-0.812775779398,
    -2.780920464534));
#4593 = DIRECTION('',(1.,-1.528187327934E-13,-1.051938636352E-14));
#4594 = DIRECTION('',(-1.528187327934E-13,-1.,-4.118927421363E-14));
#4595 = ORIENTED_EDGE('',*,*,#4572,.F.);
#4596 = ORIENTED_EDGE('',*,*,#1132,.F.);
#4597 = CONICAL_SURFACE('',#4598,1.8,0.785398163397);
#4598 = AXIS2_PLACEMENT_3D('',#4599,#4600,#4601);
#4599 = CARTESIAN_POINT('',(-12.70797034516,-0.812775779398,
    -2.780920464534));
#4600 = DIRECTION('',(-1.,1.527666881884E-13,1.013325254872E-14));
#4601 = DIRECTION('',(-1.529887327934E-13,-1.,-4.118927421363E-14));
#4602 = ADVANCED_FACE('',(#4603),#4632,.T.);
#4603 = FACE_BOUND('',#4604,.T.);
#4604 = EDGE_LOOP('',(#4605,#4612,#4630,#4631));
#4605 = ORIENTED_EDGE('',*,*,#4606,.T.);
#4606 = EDGE_CURVE('',#1144,#4607,#4609,.T.);
#4607 = VERTEX_POINT('',#4608);
#4608 = CARTESIAN_POINT('',(-12.50797028995,12.988188059834,
    37.614353187205));
#4609 = B_SPLINE_CURVE_WITH_KNOTS('',1,(#4610,#4611),.UNSPECIFIED.,.F.,
  .F.,(2,2),(0.,11.309733552923),.PIECEWISE_BEZIER_KNOTS.);
#4610 = CARTESIAN_POINT('',(-12.90797028973,13.388188059201,
    37.614353190614));
#4611 = CARTESIAN_POINT('',(-12.50797028995,12.988188059834,
    37.614353187205));
#4612 = ORIENTED_EDGE('',*,*,#4613,.T.);
#4613 = EDGE_CURVE('',#4607,#4607,#4614,.T.);
#4614 = B_SPLINE_CURVE_WITH_KNOTS('',14,(#4615,#4616,#4617,#4618,#4619,
    #4620,#4621,#4622,#4623,#4624,#4625,#4626,#4627,#4628,#4629),
  .UNSPECIFIED.,.T.,.F.,(15,15),(6.386968476247E-17,11.309733552923),
  .PIECEWISE_BEZIER_KNOTS.);
#4615 = CARTESIAN_POINT('',(-12.50797028995,12.988188059834,
    37.614353187205));
#4616 = CARTESIAN_POINT('',(-12.50797028316,12.988188059829,
    38.410505351503));
#4617 = CARTESIAN_POINT('',(-12.50797027568,12.609021746148,
    39.223605087052));
#4618 = CARTESIAN_POINT('',(-12.50797026902,11.823951198401,
    39.841723735221));
#4619 = CARTESIAN_POINT('',(-12.50797026592,10.753171456644,
    40.044931751466));
#4620 = CARTESIAN_POINT('',(-12.50797026704,9.643966803522,
    39.642698649263));
#4621 = CARTESIAN_POINT('',(-12.50797027339,8.899871035752,
    38.846304140449));
#4622 = CARTESIAN_POINT('',(-12.50797028232,8.429148849128,
    37.614353187373));
#4623 = CARTESIAN_POINT('',(-12.50797029433,8.899871035739,
    36.382402233654));
#4624 = CARTESIAN_POINT('',(-12.5079703017,9.643966803543,35.58600772538
    ));
#4625 = CARTESIAN_POINT('',(-12.50797030726,10.753171456625,
    35.183774622801));
#4626 = CARTESIAN_POINT('',(-12.50797030703,11.823951198414,
    35.386982639259));
#4627 = CARTESIAN_POINT('',(-12.50797030308,12.609021746143,
    36.005101287334));
#4628 = CARTESIAN_POINT('',(-12.50797029673,12.98818805983,
    36.818201022914));
#4629 = CARTESIAN_POINT('',(-12.50797028995,12.988188059834,
    37.614353187205));
#4630 = ORIENTED_EDGE('',*,*,#4606,.F.);
#4631 = ORIENTED_EDGE('',*,*,#1143,.F.);
#4632 = B_SPLINE_SURFACE_WITH_KNOTS('',1,14,(
    (#4633,#4634,#4635,#4636,#4637,#4638,#4639,#4640,#4641,#4642,#4643
      ,#4644,#4645,#4646,#4647)
    ,(#4648,#4649,#4650,#4651,#4652,#4653,#4654,#4655,#4656,#4657,#4658
      ,#4659,#4660,#4661,#4662
  )),.UNSPECIFIED.,.F.,.T.,.F.,(2,2),(15,15),(0.,11.309733552923),(
    6.386968476247E-17,11.309733552923),.PIECEWISE_BEZIER_KNOTS.);
#4633 = CARTESIAN_POINT('',(-12.90797028973,13.388188059201,
    37.614353190614));
#4634 = CARTESIAN_POINT('',(-12.90797028844,13.388188059197,
    38.587428058088));
#4635 = CARTESIAN_POINT('',(-12.90797028664,12.924762564685,
    39.581216623764));
#4636 = CARTESIAN_POINT('',(-12.90797028431,11.965231895256,
    40.336694971511));
#4637 = CARTESIAN_POINT('',(-12.90797028283,10.656501099692,
    40.585060324735));
#4638 = CARTESIAN_POINT('',(-12.90797028114,9.300806523793,
    40.093442088646));
#4639 = CARTESIAN_POINT('',(-12.90797028233,8.391356140768,
    39.120071022406));
#4640 = CARTESIAN_POINT('',(-12.90797028248,7.816029024018,
    37.614353190769));
#4641 = CARTESIAN_POINT('',(-12.90797028625,8.391356140744,
    36.108635358539));
#4642 = CARTESIAN_POINT('',(-12.90797028774,9.300806523826,
    35.135264292798));
#4643 = CARTESIAN_POINT('',(-12.9079702906,10.656501099666,
    34.643646056359));
#4644 = CARTESIAN_POINT('',(-12.90797029152,11.965231895271,
    34.892011409784));
#4645 = CARTESIAN_POINT('',(-12.90797029181,12.92476256468,
    35.64748975744));
#4646 = CARTESIAN_POINT('',(-12.90797029101,13.388188059198,
    36.641278323146));
#4647 = CARTESIAN_POINT('',(-12.90797028973,13.388188059201,
    37.614353190614));
#4648 = CARTESIAN_POINT('',(-12.50797028995,12.988188059834,
    37.614353187205));
#4649 = CARTESIAN_POINT('',(-12.50797028316,12.988188059829,
    38.410505351503));
#4650 = CARTESIAN_POINT('',(-12.50797027568,12.609021746148,
    39.223605087052));
#4651 = CARTESIAN_POINT('',(-12.50797026902,11.823951198401,
    39.841723735221));
#4652 = CARTESIAN_POINT('',(-12.50797026592,10.753171456644,
    40.044931751466));
#4653 = CARTESIAN_POINT('',(-12.50797026704,9.643966803522,
    39.642698649263));
#4654 = CARTESIAN_POINT('',(-12.50797027339,8.899871035752,
    38.846304140449));
#4655 = CARTESIAN_POINT('',(-12.50797028232,8.429148849128,
    37.614353187373));
#4656 = CARTESIAN_POINT('',(-12.50797029433,8.899871035739,
    36.382402233654));
#4657 = CARTESIAN_POINT('',(-12.5079703017,9.643966803543,35.58600772538
    ));
#4658 = CARTESIAN_POINT('',(-12.50797030726,10.753171456625,
    35.183774622801));
#4659 = CARTESIAN_POINT('',(-12.50797030703,11.823951198414,
    35.386982639259));
#4660 = CARTESIAN_POINT('',(-12.50797030308,12.609021746143,
    36.005101287334));
#4661 = CARTESIAN_POINT('',(-12.50797029673,12.98818805983,
    36.818201022914));
#4662 = CARTESIAN_POINT('',(-12.50797028995,12.988188059834,
    37.614353187205));
#4663 = ADVANCED_FACE('',(#4664),#4683,.F.);
#4664 = FACE_BOUND('',#4665,.F.);
#4665 = EDGE_LOOP('',(#4666,#4674,#4681,#4682));
#4666 = ORIENTED_EDGE('',*,*,#4667,.F.);
#4667 = EDGE_CURVE('',#4668,#1172,#4670,.T.);
#4668 = VERTEX_POINT('',#4669);
#4669 = CARTESIAN_POINT('',(-8.907970557441,43.544296042943,
    6.160123790271));
#4670 = LINE('',#4671,#4672);
#4671 = CARTESIAN_POINT('',(-8.907970557441,43.544296042943,
    6.160123790271));
#4672 = VECTOR('',#4673,1.);
#4673 = DIRECTION('',(-1.,-1.582307562753E-09,8.522151095924E-09));
#4674 = ORIENTED_EDGE('',*,*,#4675,.F.);
#4675 = EDGE_CURVE('',#4668,#4668,#4676,.T.);
#4676 = CIRCLE('',#4677,1.8);
#4677 = AXIS2_PLACEMENT_3D('',#4678,#4679,#4680);
#4678 = CARTESIAN_POINT('',(-8.907970554592,41.744296042943,
    6.160123790271));
#4679 = DIRECTION('',(1.,1.582307451731E-09,-8.522151206947E-09));
#4680 = DIRECTION('',(-1.582307451731E-09,1.,4.130029651771E-14));
#4681 = ORIENTED_EDGE('',*,*,#4667,.T.);
#4682 = ORIENTED_EDGE('',*,*,#1178,.T.);
#4683 = CYLINDRICAL_SURFACE('',#4684,1.8);
#4684 = AXIS2_PLACEMENT_3D('',#4685,#4686,#4687);
#4685 = CARTESIAN_POINT('',(-8.907970554592,41.744296042943,
    6.160123790271));
#4686 = DIRECTION('',(1.,1.582307451731E-09,-8.522151151435E-09));
#4687 = DIRECTION('',(-1.582307451731E-09,1.,4.124478536456E-14));
#4688 = ADVANCED_FACE('',(#4689),#4715,.T.);
#4689 = FACE_BOUND('',#4690,.T.);
#4690 = EDGE_LOOP('',(#4691,#4702,#4708,#4709));
#4691 = ORIENTED_EDGE('',*,*,#4692,.F.);
#4692 = EDGE_CURVE('',#4693,#4695,#4697,.T.);
#4693 = VERTEX_POINT('',#4694);
#4694 = CARTESIAN_POINT('',(-7.907925188596,7.260022018413,
    51.943333309745));
#4695 = VERTEX_POINT('',#4696);
#4696 = CARTESIAN_POINT('',(-7.907925188596,7.369057146873,
    53.007372017601));
#4697 = CIRCLE('',#4698,0.689749220871);
#4698 = AXIS2_PLACEMENT_3D('',#4699,#4700,#4701);
#4699 = CARTESIAN_POINT('',(-7.907925188596,6.881220345673,
    52.519756141027));
#4700 = DIRECTION('',(1.,-1.506487327934E-13,-2.989386363519E-15));
#4701 = DIRECTION('',(-1.086622005431E-13,-0.707266911564,
    -0.706946614538));
#4702 = ORIENTED_EDGE('',*,*,#4703,.F.);
#4703 = EDGE_CURVE('',#1235,#4693,#4704,.T.);
#4704 = LINE('',#4705,#4706);
#4705 = CARTESIAN_POINT('',(-10.90797002407,7.260022018414,
    51.943333309745));
#4706 = VECTOR('',#4707,1.);
#4707 = DIRECTION('',(1.,-1.534266881884E-13,-6.403252548723E-15));
#4708 = ORIENTED_EDGE('',*,*,#1232,.F.);
#4709 = ORIENTED_EDGE('',*,*,#4710,.T.);
#4710 = EDGE_CURVE('',#1233,#4695,#4711,.T.);
#4711 = LINE('',#4712,#4713);
#4712 = CARTESIAN_POINT('',(-10.90797002407,7.369057146873,
    53.007372017601));
#4713 = VECTOR('',#4714,1.);
#4714 = DIRECTION('',(1.,-1.527666881884E-13,-6.893252548722E-15));
#4715 = CYLINDRICAL_SURFACE('',#4716,0.689749220871);
#4716 = AXIS2_PLACEMENT_3D('',#4717,#4718,#4719);
#4717 = CARTESIAN_POINT('',(-10.90797002407,6.881220345674,
    52.519756141027));
#4718 = DIRECTION('',(-1.,1.527666881884E-13,1.121325254872E-14));
#4719 = DIRECTION('',(-1.166019605194E-13,-0.707266911564,
    -0.706946614538));
#4720 = ADVANCED_FACE('',(#4721),#4740,.T.);
#4721 = FACE_BOUND('',#4722,.T.);
#4722 = EDGE_LOOP('',(#4723,#4724,#4725,#4734));
#4723 = ORIENTED_EDGE('',*,*,#1265,.F.);
#4724 = ORIENTED_EDGE('',*,*,#4703,.T.);
#4725 = ORIENTED_EDGE('',*,*,#4726,.F.);
#4726 = EDGE_CURVE('',#4727,#4693,#4729,.T.);
#4727 = VERTEX_POINT('',#4728);
#4728 = CARTESIAN_POINT('',(-7.907925188596,6.182424593245,
    52.078600955522));
#4729 = CIRCLE('',#4730,0.83671705246);
#4730 = AXIS2_PLACEMENT_3D('',#4731,#4732,#4733);
#4731 = CARTESIAN_POINT('',(-7.907925188596,6.800507444868,
    52.642577031617));
#4732 = DIRECTION('',(1.,-1.506487327934E-13,-4.069386363519E-15));
#4733 = DIRECTION('',(5.065854836481E-14,0.361455420395,-0.932389392404)
  );
#4734 = ORIENTED_EDGE('',*,*,#4735,.T.);
#4735 = EDGE_CURVE('',#4727,#1266,#4736,.T.);
#4736 = LINE('',#4737,#4738);
#4737 = CARTESIAN_POINT('',(-10.90797002407,6.182424593246,
    52.078600955522));
#4738 = VECTOR('',#4739,1.);
#4739 = DIRECTION('',(-1.,1.523466881884E-13,6.503252548722E-15));
#4740 = CYLINDRICAL_SURFACE('',#4741,0.83671705246);
#4741 = AXIS2_PLACEMENT_3D('',#4742,#4743,#4744);
#4742 = CARTESIAN_POINT('',(-10.90797002407,6.800507444869,
    52.642577031617));
#4743 = DIRECTION('',(1.,-1.534266881884E-13,-9.643252548723E-15));
#4744 = DIRECTION('',(4.592480481739E-14,0.361455420395,-0.932389392404)
  );
#4745 = ADVANCED_FACE('',(#4746),#4801,.F.);
#4746 = FACE_BOUND('',#4747,.F.);
#4747 = EDGE_LOOP('',(#4748,#4759,#4767,#4776,#4782,#4783,#4784,#4785,
    #4794));
#4748 = ORIENTED_EDGE('',*,*,#4749,.F.);
#4749 = EDGE_CURVE('',#4750,#4752,#4754,.T.);
#4750 = VERTEX_POINT('',#4751);
#4751 = CARTESIAN_POINT('',(-5.408970345161,11.599687830136,
    54.343143857236));
#4752 = VERTEX_POINT('',#4753);
#4753 = CARTESIAN_POINT('',(-5.408970345161,11.035442132832,
    56.401628082047));
#4754 = CIRCLE('',#4755,2.5);
#4755 = AXIS2_PLACEMENT_3D('',#4756,#4757,#4758);
#4756 = CARTESIAN_POINT('',(-5.408970345161,9.137224425784,
    54.774738553944));
#4757 = DIRECTION('',(1.,-1.529887327934E-13,-1.189386363519E-15));
#4758 = DIRECTION('',(-1.529887327934E-13,-1.,-3.963927421363E-14));
#4759 = ORIENTED_EDGE('',*,*,#4760,.T.);
#4760 = EDGE_CURVE('',#4750,#4761,#4763,.T.);
#4761 = VERTEX_POINT('',#4762);
#4762 = CARTESIAN_POINT('',(-7.724710719312,11.599687830136,
    54.343143857237));
#4763 = LINE('',#4764,#4765);
#4764 = CARTESIAN_POINT('',(-10.90797002407,11.599687830136,
    54.343143857236));
#4765 = VECTOR('',#4766,1.);
#4766 = DIRECTION('',(-1.,1.523466881884E-13,7.583252548722E-15));
#4767 = ORIENTED_EDGE('',*,*,#4768,.T.);
#4768 = EDGE_CURVE('',#4761,#4769,#4771,.T.);
#4769 = VERTEX_POINT('',#4770);
#4770 = CARTESIAN_POINT('',(-7.791437211308,10.010839000602,
    52.432347131773));
#4771 = ELLIPSE('',#4772,2.501523860747,2.5);
#4772 = AXIS2_PLACEMENT_3D('',#4773,#4774,#4775);
#4773 = CARTESIAN_POINT('',(-7.709639100395,9.137224425784,
    54.774738553945));
#4774 = DIRECTION('',(-0.999390827019,1.491380512514E-13,
    3.48994967025E-02));
#4775 = DIRECTION('',(3.48994967025E-02,-4.44918446686E-14,
    0.999390827019));
#4776 = ORIENTED_EDGE('',*,*,#4777,.T.);
#4777 = EDGE_CURVE('',#4769,#1357,#4778,.T.);
#4778 = LINE('',#4779,#4780);
#4779 = CARTESIAN_POINT('',(-10.90797002407,10.010839000602,
    52.432347131773));
#4780 = VECTOR('',#4781,1.);
#4781 = DIRECTION('',(-1.,1.523466881884E-13,8.663252548722E-15));
#4782 = ORIENTED_EDGE('',*,*,#1388,.T.);
#4783 = ORIENTED_EDGE('',*,*,#1300,.T.);
#4784 = ORIENTED_EDGE('',*,*,#4710,.T.);
#4785 = ORIENTED_EDGE('',*,*,#4786,.T.);
#4786 = EDGE_CURVE('',#4695,#4787,#4789,.T.);
#4787 = VERTEX_POINT('',#4788);
#4788 = CARTESIAN_POINT('',(-7.907925188595,11.002042225995,
    56.439807493063));
#4789 = CIRCLE('',#4790,2.5);
#4790 = AXIS2_PLACEMENT_3D('',#4791,#4792,#4793);
#4791 = CARTESIAN_POINT('',(-7.907925188596,9.137224425784,
    54.774738553945));
#4792 = DIRECTION('',(-1.,1.506487327934E-13,1.909386363519E-15));
#4793 = DIRECTION('',(-1.506487327934E-13,-1.,-3.963927421363E-14));
#4794 = ORIENTED_EDGE('',*,*,#4795,.F.);
#4795 = EDGE_CURVE('',#4752,#4787,#4796,.T.);
#4796 = ELLIPSE('',#4797,127.28397182382,2.5);
#4797 = AXIS2_PLACEMENT_3D('',#4798,#4799,#4800);
#4798 = CARTESIAN_POINT('',(-38.70769657537,9.137224425789,
    54.774738553945));
#4799 = DIRECTION('',(1.964112184875E-02,-0.826599247589,0.562448140025)
  );
#4800 = DIRECTION('',(-0.99980709456,-1.623846903095E-02,
    1.104924391116E-02));
#4801 = CYLINDRICAL_SURFACE('',#4802,2.5);
#4802 = AXIS2_PLACEMENT_3D('',#4803,#4804,#4805);
#4803 = CARTESIAN_POINT('',(-10.90797002407,9.137224425784,
    54.774738553945));
#4804 = DIRECTION('',(-1.,1.523466881884E-13,9.743252548722E-15));
#4805 = DIRECTION('',(4.262038577485E-14,0.212685510529,0.977120705753)
  );
#4806 = ADVANCED_FACE('',(#4807),#4826,.T.);
#4807 = FACE_BOUND('',#4808,.T.);
#4808 = EDGE_LOOP('',(#4809,#4817,#4818,#4819));
#4809 = ORIENTED_EDGE('',*,*,#4810,.F.);
#4810 = EDGE_CURVE('',#1333,#4811,#4813,.T.);
#4811 = VERTEX_POINT('',#4812);
#4812 = CARTESIAN_POINT('',(-7.907925188595,10.222341753774,
    58.624741201281));
#4813 = LINE('',#4814,#4815);
#4814 = CARTESIAN_POINT('',(-10.90797002407,10.222341753775,
    58.624741201281));
#4815 = VECTOR('',#4816,1.);
#4816 = DIRECTION('',(1.,-1.523466881884E-13,-6.503252548722E-15));
#4817 = ORIENTED_EDGE('',*,*,#1332,.F.);
#4818 = ORIENTED_EDGE('',*,*,#4735,.F.);
#4819 = ORIENTED_EDGE('',*,*,#4820,.F.);
#4820 = EDGE_CURVE('',#4811,#4727,#4821,.T.);
#4821 = CIRCLE('',#4822,4.);
#4822 = AXIS2_PLACEMENT_3D('',#4823,#4824,#4825);
#4823 = CARTESIAN_POINT('',(-7.907925188595,9.137224425784,
    54.774738553945));
#4824 = DIRECTION('',(1.,-1.506487327934E-13,-2.989386363519E-15));
#4825 = DIRECTION('',(-1.506487327934E-13,-1.,-3.963927421363E-14));
#4826 = CYLINDRICAL_SURFACE('',#4827,4.);
#4827 = AXIS2_PLACEMENT_3D('',#4828,#4829,#4830);
#4828 = CARTESIAN_POINT('',(-10.90797002407,9.137224425784,
    54.774738553945));
#4829 = DIRECTION('',(-1.,1.523466881884E-13,9.743252548722E-15));
#4830 = DIRECTION('',(-1.525687327934E-13,-1.,-3.963927421363E-14));
#4831 = ADVANCED_FACE('',(#4832),#4852,.T.);
#4832 = FACE_BOUND('',#4833,.T.);
#4833 = EDGE_LOOP('',(#4834,#4843,#4844,#4845,#4846));
#4834 = ORIENTED_EDGE('',*,*,#4835,.T.);
#4835 = EDGE_CURVE('',#4836,#4769,#4838,.T.);
#4836 = VERTEX_POINT('',#4837);
#4837 = CARTESIAN_POINT('',(-7.835375145655,9.137224497328,
    51.174129315092));
#4838 = ELLIPSE('',#4839,1.343695959886,1.342877416613);
#4839 = AXIS2_PLACEMENT_3D('',#4840,#4841,#4842);
#4840 = CARTESIAN_POINT('',(-7.835375145654,10.480101913941,
    51.174129315092));
#4841 = DIRECTION('',(-0.999390827019,1.491380512514E-13,
    3.48994967025E-02));
#4842 = DIRECTION('',(3.48994967025E-02,-8.90118446686E-14,
    0.999390827019));
#4843 = ORIENTED_EDGE('',*,*,#4777,.T.);
#4844 = ORIENTED_EDGE('',*,*,#1356,.T.);
#4845 = ORIENTED_EDGE('',*,*,#1421,.T.);
#4846 = ORIENTED_EDGE('',*,*,#4847,.T.);
#4847 = EDGE_CURVE('',#1414,#4836,#4848,.T.);
#4848 = LINE('',#4849,#4850);
#4849 = CARTESIAN_POINT('',(-10.90797002407,9.137224497328,
    51.174129315092));
#4850 = VECTOR('',#4851,1.);
#4851 = DIRECTION('',(1.,-1.527666881884E-13,-8.663252548722E-15));
#4852 = CYLINDRICAL_SURFACE('',#4853,1.342877416613);
#4853 = AXIS2_PLACEMENT_3D('',#4854,#4855,#4856);
#4854 = CARTESIAN_POINT('',(-10.90797002407,10.480101913941,
    51.174129315092));
#4855 = DIRECTION('',(1.,-1.523466881884E-13,-9.743252548722E-15));
#4856 = DIRECTION('',(-1.193854822838E-13,-0.821415190366,0.570330680427
    ));
#4857 = ADVANCED_FACE('',(#4858),#4904,.T.);
#4858 = FACE_BOUND('',#4859,.T.);
#4859 = EDGE_LOOP('',(#4860,#4861,#4862,#4863,#4871,#4879,#4890,#4898));
#4860 = ORIENTED_EDGE('',*,*,#4847,.F.);
#4861 = ORIENTED_EDGE('',*,*,#1413,.F.);
#4862 = ORIENTED_EDGE('',*,*,#1542,.F.);
#4863 = ORIENTED_EDGE('',*,*,#4864,.F.);
#4864 = EDGE_CURVE('',#4865,#1535,#4867,.T.);
#4865 = VERTEX_POINT('',#4866);
#4866 = CARTESIAN_POINT('',(-8.907970242711,9.137224497328,
    44.189540179765));
#4867 = LINE('',#4868,#4869);
#4868 = CARTESIAN_POINT('',(-10.91161724341,9.137224497328,
    44.189540179764));
#4869 = VECTOR('',#4870,1.);
#4870 = DIRECTION('',(-1.,1.527666881884E-13,8.483252548722E-15));
#4871 = ORIENTED_EDGE('',*,*,#4872,.F.);
#4872 = EDGE_CURVE('',#4873,#4865,#4875,.T.);
#4873 = VERTEX_POINT('',#4874);
#4874 = CARTESIAN_POINT('',(-8.907970242711,9.137224497328,
    46.370598279659));
#4875 = LINE('',#4876,#4877);
#4876 = CARTESIAN_POINT('',(-8.907970242711,9.137224497328,
    44.942485357646));
#4877 = VECTOR('',#4878,1.);
#4878 = DIRECTION('',(-8.249386363513E-15,4.074518500372E-14,-1.));
#4879 = ORIENTED_EDGE('',*,*,#4880,.T.);
#4880 = EDGE_CURVE('',#4873,#4881,#4883,.T.);
#4881 = VERTEX_POINT('',#4882);
#4882 = CARTESIAN_POINT('',(-8.507970242711,9.137224497328,
    47.063418602687));
#4883 = B_SPLINE_CURVE_WITH_KNOTS('',3,(#4884,#4885,#4886,#4887,#4888,
    #4889),.UNSPECIFIED.,.F.,.F.,(4,2,4),(0.202212896015,0.23279818664,
    0.279823314294),.UNSPECIFIED.);
#4884 = CARTESIAN_POINT('',(-8.907970242711,9.137224497328,
    46.370598279659));
#4885 = CARTESIAN_POINT('',(-8.907970242711,9.137224497328,
    46.47254924841));
#4886 = CARTESIAN_POINT('',(-8.872141442752,9.137224497328,
    46.589526413426));
#4887 = CARTESIAN_POINT('',(-8.749535329187,9.137224497328,
    46.817329293805));
#4888 = CARTESIAN_POINT('',(-8.618809531544,9.137224497328,
    46.952579313855));
#4889 = CARTESIAN_POINT('',(-8.507970242711,9.137224497328,
    47.063418602687));
#4890 = ORIENTED_EDGE('',*,*,#4891,.T.);
#4891 = EDGE_CURVE('',#4881,#4892,#4894,.T.);
#4892 = VERTEX_POINT('',#4893);
#4893 = CARTESIAN_POINT('',(-7.97892432689,9.137224497328,
    47.063418602687));
#4894 = LINE('',#4895,#4896);
#4895 = CARTESIAN_POINT('',(-14.77396980544,9.137224497329,
    47.063418602687));
#4896 = VECTOR('',#4897,1.);
#4897 = DIRECTION('',(1.,-1.527666881884E-13,-5.313252548722E-15));
#4898 = ORIENTED_EDGE('',*,*,#4899,.F.);
#4899 = EDGE_CURVE('',#4836,#4892,#4900,.T.);
#4900 = LINE('',#4901,#4902);
#4901 = CARTESIAN_POINT('',(-8.05167385094,9.137224497328,
    44.980144805785));
#4902 = VECTOR('',#4903,1.);
#4903 = DIRECTION('',(-3.48994967025E-02,4.60518446686E-14,
    -0.999390827019));
#4904 = PLANE('',#4905);
#4905 = AXIS2_PLACEMENT_3D('',#4906,#4907,#4908);
#4906 = CARTESIAN_POINT('',(-14.77396980544,9.137224497329,
    56.018037286477));
#4907 = DIRECTION('',(-1.529887327934E-13,-1.,-4.118927421363E-14));
#4908 = DIRECTION('',(-1.025938636351E-14,4.074518500372E-14,-1.));
#4909 = ADVANCED_FACE('',(#4910),#4928,.T.);
#4910 = FACE_BOUND('',#4911,.T.);
#4911 = EDGE_LOOP('',(#4912,#4913,#4921,#4927));
#4912 = ORIENTED_EDGE('',*,*,#4810,.T.);
#4913 = ORIENTED_EDGE('',*,*,#4914,.F.);
#4914 = EDGE_CURVE('',#4915,#4811,#4917,.T.);
#4915 = VERTEX_POINT('',#4916);
#4916 = CARTESIAN_POINT('',(-7.907925188595,14.782227113433,
    58.624741201282));
#4917 = LINE('',#4918,#4919);
#4918 = CARTESIAN_POINT('',(-7.907925188593,25.529414603811,
    58.624741201282));
#4919 = VECTOR('',#4920,1.);
#4920 = DIRECTION('',(-1.506487327934E-13,-1.,-4.118927421363E-14));
#4921 = ORIENTED_EDGE('',*,*,#4922,.F.);
#4922 = EDGE_CURVE('',#1503,#4915,#4923,.T.);
#4923 = LINE('',#4924,#4925);
#4924 = CARTESIAN_POINT('',(-11.49524633994,14.696987486069,
    58.624741201282));
#4925 = VECTOR('',#4926,1.);
#4926 = DIRECTION('',(0.999717818383,2.375465443804E-02,
    -8.351651399482E-15));
#4927 = ORIENTED_EDGE('',*,*,#1502,.F.);
#4928 = PLANE('',#4929);
#4929 = AXIS2_PLACEMENT_3D('',#4930,#4931,#4932);
#4930 = CARTESIAN_POINT('',(-14.77396980544,31.208224220595,
    58.624741201282));
#4931 = DIRECTION('',(9.999386363513E-15,-4.074518500372E-14,1.));
#4932 = DIRECTION('',(1.,-1.527666881884E-13,-9.333252548722E-15));
#4933 = ADVANCED_FACE('',(#4934),#4946,.T.);
#4934 = FACE_BOUND('',#4935,.T.);
#4935 = EDGE_LOOP('',(#4936,#4942,#4943,#4944,#4945));
#4936 = ORIENTED_EDGE('',*,*,#4937,.F.);
#4937 = EDGE_CURVE('',#1623,#4915,#4938,.T.);
#4938 = LINE('',#4939,#4940);
#4939 = CARTESIAN_POINT('',(-7.907925188596,9.859799195193,
    51.390518303238));
#4940 = VECTOR('',#4941,1.);
#4941 = DIRECTION('',(-8.721621700717E-14,-0.562556660265,
    -0.826758733847));
#4942 = ORIENTED_EDGE('',*,*,#1622,.T.);
#4943 = ORIENTED_EDGE('',*,*,#1556,.F.);
#4944 = ORIENTED_EDGE('',*,*,#1510,.T.);
#4945 = ORIENTED_EDGE('',*,*,#4922,.T.);
#4946 = PLANE('',#4947);
#4947 = AXIS2_PLACEMENT_3D('',#4948,#4949,#4950);
#4948 = CARTESIAN_POINT('',(-8.60862031711,14.687224220594,
    58.509589462423));
#4949 = DIRECTION('',(1.964112184875E-02,-0.826599247589,0.562448140025)
  );
#4950 = DIRECTION('',(0.999717818383,2.375465443804E-02,
    -8.633971078108E-15));
#4951 = ADVANCED_FACE('',(#4952),#4963,.T.);
#4952 = FACE_BOUND('',#4953,.T.);
#4953 = EDGE_LOOP('',(#4954,#4955,#4956,#4957));
#4954 = ORIENTED_EDGE('',*,*,#4864,.T.);
#4955 = ORIENTED_EDGE('',*,*,#1590,.F.);
#4956 = ORIENTED_EDGE('',*,*,#1684,.T.);
#4957 = ORIENTED_EDGE('',*,*,#4958,.T.);
#4958 = EDGE_CURVE('',#1685,#4865,#4959,.T.);
#4959 = LINE('',#4960,#4961);
#4960 = CARTESIAN_POINT('',(-8.907970242709,20.621727076106,
    54.767371502324));
#4961 = VECTOR('',#4962,1.);
#4962 = DIRECTION('',(1.187981097933E-13,0.735545105159,0.677475754752)
  );
#4963 = PLANE('',#4964);
#4964 = AXIS2_PLACEMENT_3D('',#4965,#4966,#4967);
#4965 = CARTESIAN_POINT('',(-8.915264141663,6.08038701225,
    41.374031969824));
#4966 = DIRECTION('',(-9.605833272572E-14,-0.677475754752,0.735545105159
    ));
#4967 = DIRECTION('',(1.,-1.529193334518E-13,-9.790380548528E-15));
#4968 = ADVANCED_FACE('',(#4969),#5086,.T.);
#4969 = FACE_BOUND('',#4970,.T.);
#4970 = EDGE_LOOP('',(#4971,#4972,#4973,#4974,#4982,#4990,#4998,#5007,
    #5015,#5023,#5032,#5040,#5046,#5047,#5048,#5049,#5050,#5051,#5052,
    #5053,#5054,#5055,#5056,#5057,#5058,#5059,#5060,#5061,#5062,#5063,
    #5064,#5065,#5066,#5067,#5068,#5069,#5070,#5071,#5072,#5073,#5074,
    #5075,#5076,#5077,#5078,#5079,#5080,#5081,#5082,#5083,#5084,#5085));
#4971 = ORIENTED_EDGE('',*,*,#4726,.T.);
#4972 = ORIENTED_EDGE('',*,*,#4692,.T.);
#4973 = ORIENTED_EDGE('',*,*,#4786,.T.);
#4974 = ORIENTED_EDGE('',*,*,#4975,.T.);
#4975 = EDGE_CURVE('',#4787,#4976,#4978,.T.);
#4976 = VERTEX_POINT('',#4977);
#4977 = CARTESIAN_POINT('',(-7.907925188595,12.488453276822,
    58.624304460495));
#4978 = LINE('',#4979,#4980);
#4979 = CARTESIAN_POINT('',(-7.907925188596,8.980252509318,
    53.468493802675));
#4980 = VECTOR('',#4981,1.);
#4981 = DIRECTION('',(8.721621700717E-14,0.562556660265,0.826758733847)
  );
#4982 = ORIENTED_EDGE('',*,*,#4983,.T.);
#4983 = EDGE_CURVE('',#4976,#4984,#4986,.T.);
#4984 = VERTEX_POINT('',#4985);
#4985 = CARTESIAN_POINT('',(-7.907925188595,16.157328778553,
    58.624304460495));
#4986 = LINE('',#4987,#4988);
#4987 = CARTESIAN_POINT('',(-7.907925188594,22.690009795419,
    58.624304460495));
#4988 = VECTOR('',#4989,1.);
#4989 = DIRECTION('',(1.506487327934E-13,1.,4.120927421363E-14));
#4990 = ORIENTED_EDGE('',*,*,#4991,.T.);
#4991 = EDGE_CURVE('',#4984,#4992,#4994,.T.);
#4992 = VERTEX_POINT('',#4993);
#4993 = CARTESIAN_POINT('',(-7.907925188595,16.506571045648,
    48.3604699125));
#4994 = LINE('',#4995,#4996);
#4995 = CARTESIAN_POINT('',(-7.907925188595,16.53312315603,
    47.580133471167));
#4996 = VECTOR('',#4997,1.);
#4997 = DIRECTION('',(3.220143344809E-15,3.400680945787E-02,
    -0.999421601183));
#4998 = ORIENTED_EDGE('',*,*,#4999,.T.);
#4999 = EDGE_CURVE('',#4992,#5000,#5002,.T.);
#5000 = VERTEX_POINT('',#5001);
#5001 = CARTESIAN_POINT('',(-7.907925188594,23.165194217514,
    48.300112253296));
#5002 = CIRCLE('',#5003,17.300000000001);
#5003 = AXIS2_PLACEMENT_3D('',#5004,#5005,#5006);
#5004 = CARTESIAN_POINT('',(-7.907925188594,19.682003157195,
    31.354393618864));
#5005 = DIRECTION('',(-1.,1.506487327934E-13,1.909386363519E-15));
#5006 = DIRECTION('',(4.386063501362E-14,0.278973828601,0.960298705068)
  );
#5007 = ORIENTED_EDGE('',*,*,#5008,.F.);
#5008 = EDGE_CURVE('',#5009,#5000,#5011,.T.);
#5009 = VERTEX_POINT('',#5010);
#5010 = CARTESIAN_POINT('',(-7.907925188594,23.516490243917,
    58.624304460495));
#5011 = LINE('',#5012,#5013);
#5012 = CARTESIAN_POINT('',(-7.907925188594,23.140711704751,
    47.58059894122));
#5013 = VECTOR('',#5014,1.);
#5014 = DIRECTION('',(-7.0251740258E-15,-3.400680945787E-02,
    -0.999421601183));
#5015 = ORIENTED_EDGE('',*,*,#5016,.T.);
#5016 = EDGE_CURVE('',#5009,#5017,#5019,.T.);
#5017 = VERTEX_POINT('',#5018);
#5018 = CARTESIAN_POINT('',(-7.907925188592,30.23776418221,
    58.624304460495));
#5019 = LINE('',#5020,#5021);
#5020 = CARTESIAN_POINT('',(-7.907925188594,22.690009795419,
    58.624304460495));
#5021 = VECTOR('',#5022,1.);
#5022 = DIRECTION('',(1.506487327934E-13,1.,4.120927421363E-14));
#5023 = ORIENTED_EDGE('',*,*,#5024,.T.);
#5024 = EDGE_CURVE('',#5017,#5025,#5027,.T.);
#5025 = VERTEX_POINT('',#5026);
#5026 = CARTESIAN_POINT('',(-7.907925188593,30.208224258909,
    58.624740859251));
#5027 = CIRCLE('',#5028,1.);
#5028 = AXIS2_PLACEMENT_3D('',#5029,#5030,#5031);
#5029 = CARTESIAN_POINT('',(-7.907925188592,30.208224258909,
    57.624740859252));
#5030 = DIRECTION('',(1.,-1.506487327934E-13,-1.909386363519E-15));
#5031 = DIRECTION('',(1.078748805809E-13,0.707106781187,0.707106781187)
  );
#5032 = ORIENTED_EDGE('',*,*,#5033,.T.);
#5033 = EDGE_CURVE('',#5025,#5034,#5036,.T.);
#5034 = VERTEX_POINT('',#5035);
#5035 = CARTESIAN_POINT('',(-7.907925188593,24.892221560485,
    58.624740859251));
#5036 = LINE('',#5037,#5038);
#5037 = CARTESIAN_POINT('',(-7.907925188593,25.946657057511,
    58.624740859251));
#5038 = VECTOR('',#5039,1.);
#5039 = DIRECTION('',(-1.506487327934E-13,-1.,-4.118927421363E-14));
#5040 = ORIENTED_EDGE('',*,*,#5041,.T.);
#5041 = EDGE_CURVE('',#5034,#3546,#5042,.T.);
#5042 = LINE('',#5043,#5044);
#5043 = CARTESIAN_POINT('',(-7.907925188593,30.02685181088,
    51.078655807859));
#5044 = VECTOR('',#5045,1.);
#5045 = DIRECTION('',(-8.317344414962E-14,-0.562556660265,0.826758733847
    ));
#5046 = ORIENTED_EDGE('',*,*,#3561,.F.);
#5047 = ORIENTED_EDGE('',*,*,#3488,.T.);
#5048 = ORIENTED_EDGE('',*,*,#3439,.T.);
#5049 = ORIENTED_EDGE('',*,*,#3382,.T.);
#5050 = ORIENTED_EDGE('',*,*,#3333,.T.);
#5051 = ORIENTED_EDGE('',*,*,#3267,.T.);
#5052 = ORIENTED_EDGE('',*,*,#3218,.T.);
#5053 = ORIENTED_EDGE('',*,*,#3169,.T.);
#5054 = ORIENTED_EDGE('',*,*,#3065,.T.);
#5055 = ORIENTED_EDGE('',*,*,#3017,.T.);
#5056 = ORIENTED_EDGE('',*,*,#2969,.T.);
#5057 = ORIENTED_EDGE('',*,*,#2921,.T.);
#5058 = ORIENTED_EDGE('',*,*,#2864,.T.);
#5059 = ORIENTED_EDGE('',*,*,#2814,.T.);
#5060 = ORIENTED_EDGE('',*,*,#2766,.T.);
#5061 = ORIENTED_EDGE('',*,*,#2717,.T.);
#5062 = ORIENTED_EDGE('',*,*,#2669,.T.);
#5063 = ORIENTED_EDGE('',*,*,#2621,.T.);
#5064 = ORIENTED_EDGE('',*,*,#2573,.T.);
#5065 = ORIENTED_EDGE('',*,*,#2525,.T.);
#5066 = ORIENTED_EDGE('',*,*,#2423,.T.);
#5067 = ORIENTED_EDGE('',*,*,#2375,.T.);
#5068 = ORIENTED_EDGE('',*,*,#2310,.T.);
#5069 = ORIENTED_EDGE('',*,*,#2270,.T.);
#5070 = ORIENTED_EDGE('',*,*,#2222,.T.);
#5071 = ORIENTED_EDGE('',*,*,#2173,.T.);
#5072 = ORIENTED_EDGE('',*,*,#2124,.T.);
#5073 = ORIENTED_EDGE('',*,*,#2075,.T.);
#5074 = ORIENTED_EDGE('',*,*,#2026,.T.);
#5075 = ORIENTED_EDGE('',*,*,#1977,.T.);
#5076 = ORIENTED_EDGE('',*,*,#1929,.T.);
#5077 = ORIENTED_EDGE('',*,*,#1880,.T.);
#5078 = ORIENTED_EDGE('',*,*,#1832,.T.);
#5079 = ORIENTED_EDGE('',*,*,#1783,.T.);
#5080 = ORIENTED_EDGE('',*,*,#1735,.T.);
#5081 = ORIENTED_EDGE('',*,*,#1670,.T.);
#5082 = ORIENTED_EDGE('',*,*,#1630,.F.);
#5083 = ORIENTED_EDGE('',*,*,#4937,.T.);
#5084 = ORIENTED_EDGE('',*,*,#4914,.T.);
#5085 = ORIENTED_EDGE('',*,*,#4820,.T.);
#5086 = PLANE('',#5087);
#5087 = AXIS2_PLACEMENT_3D('',#5088,#5089,#5090);
#5088 = CARTESIAN_POINT('',(-7.907925188594,19.850604987029,
    34.188584879272));
#5089 = DIRECTION('',(1.,-1.504266881884E-13,-3.403252548722E-15));
#5090 = DIRECTION('',(4.069386363513E-15,-4.108518500372E-14,1.));
#5091 = ADVANCED_FACE('',(#5092),#5110,.F.);
#5092 = FACE_BOUND('',#5093,.T.);
#5093 = EDGE_LOOP('',(#5094,#5095,#5096,#5104));
#5094 = ORIENTED_EDGE('',*,*,#1703,.F.);
#5095 = ORIENTED_EDGE('',*,*,#1759,.T.);
#5096 = ORIENTED_EDGE('',*,*,#5097,.T.);
#5097 = EDGE_CURVE('',#1752,#5098,#5100,.T.);
#5098 = VERTEX_POINT('',#5099);
#5099 = CARTESIAN_POINT('',(-8.907970242713,0.647099675594,
    36.475856865841));
#5100 = LINE('',#5101,#5102);
#5101 = CARTESIAN_POINT('',(-6.918911039915,0.647099675594,
    36.475856865841));
#5102 = VECTOR('',#5103,1.);
#5103 = DIRECTION('',(1.,-1.526166881884E-13,-7.533252548722E-15));
#5104 = ORIENTED_EDGE('',*,*,#5105,.F.);
#5105 = EDGE_CURVE('',#1704,#5098,#5106,.T.);
#5106 = LINE('',#5107,#5108);
#5107 = CARTESIAN_POINT('',(-8.907970242713,-3.601329468654,
    32.562830022454));
#5108 = VECTOR('',#5109,1.);
#5109 = DIRECTION('',(-1.178881097933E-13,-0.735545105159,
    -0.677475754752));
#5110 = PLANE('',#5111);
#5111 = AXIS2_PLACEMENT_3D('',#5112,#5113,#5114);
#5112 = CARTESIAN_POINT('',(-8.915264141663,5.965118359918,
    41.374031969823));
#5113 = DIRECTION('',(9.665833272572E-14,0.677475754752,-0.735545105159)
  );
#5114 = DIRECTION('',(-1.,1.525372014449E-13,8.622695298845E-15));
#5115 = ADVANCED_FACE('',(#5116,#5512,#5523,#5526,#5537,#5593,#5674,
    #5708,#5805,#5816,#5827,#5861,#5895,#5906),#5987,.T.);
#5116 = FACE_BOUND('',#5117,.T.);
#5117 = EDGE_LOOP('',(#5118,#5129,#5138,#5147,#5156,#5165,#5174,#5181,
    #5182,#5183,#5184,#5185,#5194,#5202,#5211,#5219,#5228,#5237,#5246,
    #5255,#5264,#5271,#5272,#5280,#5310,#5318,#5327,#5335,#5344,#5352,
    #5385,#5393,#5402,#5409,#5410,#5411,#5412,#5421,#5429,#5438,#5447,
    #5456,#5464,#5472,#5481,#5489,#5498,#5506));
#5118 = ORIENTED_EDGE('',*,*,#5119,.F.);
#5119 = EDGE_CURVE('',#5120,#5122,#5124,.T.);
#5120 = VERTEX_POINT('',#5121);
#5121 = CARTESIAN_POINT('',(-8.907970242708,30.332321643123,
    45.742797292242));
#5122 = VERTEX_POINT('',#5123);
#5123 = CARTESIAN_POINT('',(-8.907970242708,31.208224258909,
    45.69302961114));
#5124 = CIRCLE('',#5125,0.8);
#5125 = AXIS2_PLACEMENT_3D('',#5126,#5127,#5128);
#5126 = CARTESIAN_POINT('',(-8.907970242708,30.80822425891,
    46.385849934168));
#5127 = DIRECTION('',(1.,-1.525687327934E-13,-9.329386363519E-15));
#5128 = DIRECTION('',(6.033515639805E-14,0.450067622845,-0.892994476392)
  );
#5129 = ORIENTED_EDGE('',*,*,#5130,.F.);
#5130 = EDGE_CURVE('',#5131,#5120,#5133,.T.);
#5131 = VERTEX_POINT('',#5132);
#5132 = CARTESIAN_POINT('',(-8.907970242709,25.662886566069,
    48.22645112608));
#5133 = CIRCLE('',#5134,17.9);
#5134 = AXIS2_PLACEMENT_3D('',#5135,#5136,#5137);
#5135 = CARTESIAN_POINT('',(-8.90797024271,19.6840006149,31.354494429154
    ));
#5136 = DIRECTION('',(-1.,1.525687327934E-13,9.329386363519E-15));
#5137 = DIRECTION('',(7.988299449546E-14,0.469599969992,0.882879305558)
  );
#5138 = ORIENTED_EDGE('',*,*,#5139,.F.);
#5139 = EDGE_CURVE('',#5140,#5131,#5142,.T.);
#5140 = VERTEX_POINT('',#5141);
#5141 = CARTESIAN_POINT('',(-8.907970242709,24.910719636292,
    47.425190860484));
#5142 = CIRCLE('',#5143,0.6);
#5143 = AXIS2_PLACEMENT_3D('',#5144,#5145,#5146);
#5144 = CARTESIAN_POINT('',(-8.907970242709,25.462476981114,
    47.660910678138));
#5145 = DIRECTION('',(-1.,1.525687327934E-13,9.329386363519E-15));
#5146 = DIRECTION('',(-8.671139618393E-14,-0.616489432598,0.787363181445
    ));
#5147 = ORIENTED_EDGE('',*,*,#5148,.T.);
#5148 = EDGE_CURVE('',#5140,#5149,#5151,.T.);
#5149 = VERTEX_POINT('',#5150);
#5150 = CARTESIAN_POINT('',(-8.90797024271,14.739652624778,
    47.515556052759));
#5151 = CIRCLE('',#5152,16.9);
#5152 = AXIS2_PLACEMENT_3D('',#5153,#5154,#5155);
#5153 = CARTESIAN_POINT('',(-8.90797024271,19.682003157195,
    31.354393618864));
#5154 = DIRECTION('',(1.,-1.527387327934E-13,-7.669386363519E-15));
#5155 = DIRECTION('',(-1.527387327934E-13,-1.,-4.118927421363E-14));
#5156 = ORIENTED_EDGE('',*,*,#5157,.T.);
#5157 = EDGE_CURVE('',#5149,#5158,#5160,.T.);
#5158 = VERTEX_POINT('',#5159);
#5159 = CARTESIAN_POINT('',(-8.90797024271,14.001334167139,
    48.329080650602));
#5160 = CIRCLE('',#5161,0.6);
#5161 = AXIS2_PLACEMENT_3D('',#5162,#5163,#5164);
#5162 = CARTESIAN_POINT('',(-8.90797024271,14.191747652839,
    47.76009672775));
#5163 = DIRECTION('',(1.,-1.527387327934E-13,-7.669386363519E-15));
#5164 = DIRECTION('',(1.527387327934E-13,1.,4.118927421363E-14));
#5165 = ORIENTED_EDGE('',*,*,#5166,.T.);
#5166 = EDGE_CURVE('',#5158,#5167,#5169,.T.);
#5167 = VERTEX_POINT('',#5168);
#5168 = CARTESIAN_POINT('',(-8.907970242711,9.971225723418,
    46.391374753112));
#5169 = CIRCLE('',#5170,17.9);
#5170 = AXIS2_PLACEMENT_3D('',#5171,#5172,#5173);
#5171 = CARTESIAN_POINT('',(-8.90797024271,19.682003157195,
    31.354393618865));
#5172 = DIRECTION('',(1.,-1.527387327934E-13,-7.669386363519E-15));
#5173 = DIRECTION('',(1.527387327934E-13,1.,4.118927421363E-14));
#5174 = ORIENTED_EDGE('',*,*,#5175,.F.);
#5175 = EDGE_CURVE('',#4873,#5167,#5176,.T.);
#5176 = CIRCLE('',#5177,0.8);
#5177 = AXIS2_PLACEMENT_3D('',#5178,#5179,#5180);
#5178 = CARTESIAN_POINT('',(-8.907970242711,9.537224497328,
    47.063418602687));
#5179 = DIRECTION('',(1.,-1.527387327934E-13,-7.669386363519E-15));
#5180 = DIRECTION('',(1.527387327934E-13,1.,4.118927421363E-14));
#5181 = ORIENTED_EDGE('',*,*,#4872,.T.);
#5182 = ORIENTED_EDGE('',*,*,#4958,.F.);
#5183 = ORIENTED_EDGE('',*,*,#1711,.F.);
#5184 = ORIENTED_EDGE('',*,*,#5105,.T.);
#5185 = ORIENTED_EDGE('',*,*,#5186,.T.);
#5186 = EDGE_CURVE('',#5098,#5187,#5189,.T.);
#5187 = VERTEX_POINT('',#5188);
#5188 = CARTESIAN_POINT('',(-8.907970242713,-2.062803343413,
    35.418037286477));
#5189 = CIRCLE('',#5190,4.);
#5190 = AXIS2_PLACEMENT_3D('',#5191,#5192,#5193);
#5191 = CARTESIAN_POINT('',(-8.907970242713,-2.062803343413,
    39.418037286477));
#5192 = DIRECTION('',(-1.,1.527387327934E-13,8.349386363519E-15));
#5193 = DIRECTION('',(4.776271294733E-14,0.363630921981,-0.93154310291)
  );
#5194 = ORIENTED_EDGE('',*,*,#5195,.T.);
#5195 = EDGE_CURVE('',#5187,#5196,#5198,.T.);
#5196 = VERTEX_POINT('',#5197);
#5197 = CARTESIAN_POINT('',(-8.907970242713,-2.98339621297,
    35.418037286477));
#5198 = LINE('',#5199,#5200);
#5199 = CARTESIAN_POINT('',(-8.907970242713,-2.562425967409,
    35.418037286477));
#5200 = VECTOR('',#5201,1.);
#5201 = DIRECTION('',(-1.527387327934E-13,-1.,-4.148927421363E-14));
#5202 = ORIENTED_EDGE('',*,*,#5203,.T.);
#5203 = EDGE_CURVE('',#5196,#5204,#5206,.T.);
#5204 = VERTEX_POINT('',#5205);
#5205 = CARTESIAN_POINT('',(-8.907970242714,-6.98339621297,
    31.418037286477));
#5206 = CIRCLE('',#5207,4.);
#5207 = AXIS2_PLACEMENT_3D('',#5208,#5209,#5210);
#5208 = CARTESIAN_POINT('',(-8.907970242713,-2.98339621297,
    31.418037286477));
#5209 = DIRECTION('',(1.,-1.530687327934E-13,-8.249386363519E-15));
#5210 = DIRECTION('',(-1.024027419075E-13,-0.707106781187,0.707106781187
    ));
#5211 = ORIENTED_EDGE('',*,*,#5212,.T.);
#5212 = EDGE_CURVE('',#5204,#5213,#5215,.T.);
#5213 = VERTEX_POINT('',#5214);
#5214 = CARTESIAN_POINT('',(-8.907970242714,-6.983396212969,
    7.325042760466));
#5215 = LINE('',#5216,#5217);
#5216 = CARTESIAN_POINT('',(-8.907970242714,-6.98339621297,
    24.473562429261));
#5217 = VECTOR('',#5218,1.);
#5218 = DIRECTION('',(-8.249386363513E-15,4.089518500372E-14,-1.));
#5219 = ORIENTED_EDGE('',*,*,#5220,.T.);
#5220 = EDGE_CURVE('',#5213,#5221,#5223,.T.);
#5221 = VERTEX_POINT('',#5222);
#5222 = CARTESIAN_POINT('',(-8.907970242714,-5.9711947398,6.325117201211
    ));
#5223 = CIRCLE('',#5224,1.);
#5224 = AXIS2_PLACEMENT_3D('',#5225,#5226,#5227);
#5225 = CARTESIAN_POINT('',(-8.907970242714,-5.983396212969,
    7.325042760466));
#5226 = DIRECTION('',(1.,-1.530687327934E-13,-7.169386363519E-15));
#5227 = DIRECTION('',(-1.126739491557E-13,-0.702779669182,
    -0.711407574169));
#5228 = ORIENTED_EDGE('',*,*,#5229,.T.);
#5229 = EDGE_CURVE('',#5221,#5230,#5232,.T.);
#5230 = VERTEX_POINT('',#5231);
#5231 = CARTESIAN_POINT('',(-8.907970242713,-4.050258826566,
    6.74380285804));
#5232 = CIRCLE('',#5233,4.890098198916);
#5233 = AXIS2_PLACEMENT_3D('',#5234,#5235,#5236);
#5234 = CARTESIAN_POINT('',(-8.907970242714,-6.03086114177,
    11.214851377577));
#5235 = DIRECTION('',(1.,-1.530687327934E-13,-7.169386363519E-15));
#5236 = DIRECTION('',(-1.709569901252E-14,-6.494761781161E-02,
    -0.997888674623));
#5237 = ORIENTED_EDGE('',*,*,#5238,.F.);
#5238 = EDGE_CURVE('',#5239,#5230,#5241,.T.);
#5239 = VERTEX_POINT('',#5240);
#5240 = CARTESIAN_POINT('',(-8.907970242714,-5.302953599369,
    3.40038263839));
#5241 = CIRCLE('',#5242,2.5);
#5242 = AXIS2_PLACEMENT_3D('',#5243,#5244,#5245);
#5243 = CARTESIAN_POINT('',(-8.907970242713,-3.037701289561,
    4.45803663328));
#5244 = DIRECTION('',(1.,-1.530687327934E-13,-6.089386363519E-15));
#5245 = DIRECTION('',(-1.530687327934E-13,-1.,-4.148927421363E-14));
#5246 = ORIENTED_EDGE('',*,*,#5247,.T.);
#5247 = EDGE_CURVE('',#5239,#5248,#5250,.T.);
#5248 = VERTEX_POINT('',#5249);
#5249 = CARTESIAN_POINT('',(-8.907970242714,-6.234109136429,
    3.783727975786));
#5250 = CIRCLE('',#5251,0.743904251095);
#5251 = AXIS2_PLACEMENT_3D('',#5252,#5253,#5254);
#5252 = CARTESIAN_POINT('',(-8.907970242714,-5.977005928597,
    3.085665317195));
#5253 = DIRECTION('',(1.,-1.530687327934E-13,-7.169386363519E-15));
#5254 = DIRECTION('',(6.490113195976E-14,0.380688967393,0.924703147018)
  );
#5255 = ORIENTED_EDGE('',*,*,#5256,.T.);
#5256 = EDGE_CURVE('',#5248,#5257,#5259,.T.);
#5257 = VERTEX_POINT('',#5258);
#5258 = CARTESIAN_POINT('',(-8.907970242714,-6.744971711642,
    2.628855859966));
#5259 = CIRCLE('',#5260,0.878972464496);
#5260 = AXIS2_PLACEMENT_3D('',#5261,#5262,#5263);
#5261 = CARTESIAN_POINT('',(-8.907970242714,-5.93032455678,2.95892040883
    ));
#5262 = DIRECTION('',(1.,-1.530687327934E-13,-6.089386363519E-15));
#5263 = DIRECTION('',(-1.037099668947E-13,-0.705723615158,0.708487246891
    ));
#5264 = ORIENTED_EDGE('',*,*,#5265,.T.);
#5265 = EDGE_CURVE('',#5257,#2335,#5266,.T.);
#5266 = CIRCLE('',#5267,4.);
#5267 = AXIS2_PLACEMENT_3D('',#5268,#5269,#5270);
#5268 = CARTESIAN_POINT('',(-8.907970242713,-3.037701289561,
    4.130903135375));
#5269 = DIRECTION('',(1.,-1.530687327934E-13,-6.089386363519E-15));
#5270 = DIRECTION('',(1.530687327934E-13,1.,4.300927421363E-14));
#5271 = ORIENTED_EDGE('',*,*,#2361,.F.);
#5272 = ORIENTED_EDGE('',*,*,#5273,.T.);
#5273 = EDGE_CURVE('',#2354,#5274,#5276,.T.);
#5274 = VERTEX_POINT('',#5275);
#5275 = CARTESIAN_POINT('',(-8.907971381733,-4.059443291896,
    -1.456460320466));
#5276 = LINE('',#5277,#5278);
#5277 = CARTESIAN_POINT('',(-8.907971381731,2.765885283977,
    29.523627534001));
#5278 = VECTOR('',#5279,1.);
#5279 = DIRECTION('',(-3.871726639944E-14,-0.215153706517,
    -0.976580197717));
#5280 = ORIENTED_EDGE('',*,*,#5281,.F.);
#5281 = EDGE_CURVE('',#5282,#5274,#5284,.T.);
#5282 = VERTEX_POINT('',#5283);
#5283 = CARTESIAN_POINT('',(-8.907971381732,2.351557303016,
    -4.027225842646));
#5284 = B_SPLINE_CURVE_WITH_KNOTS('',3,(#5285,#5286,#5287,#5288,#5289,
    #5290,#5291,#5292,#5293,#5294,#5295,#5296,#5297,#5298,#5299,#5300,
    #5301,#5302,#5303,#5304,#5305,#5306,#5307,#5308,#5309),
  .UNSPECIFIED.,.F.,.F.,(4,3,3,3,3,3,3,3,4),(-6.723583475194E-04,
    9.47669890511E-02,0.195629186522,0.324197374945,0.451711006478,
    0.583496653313,0.719209033047,0.862154821195,1.010963463138),
  .UNSPECIFIED.);
#5285 = CARTESIAN_POINT('',(-8.907970242713,2.351557303015,
    -4.027225842646));
#5286 = CARTESIAN_POINT('',(-8.907970242713,2.187203440383,
    -4.29889768062));
#5287 = CARTESIAN_POINT('',(-8.907970242713,1.990288249683,
    -4.549993148269));
#5288 = CARTESIAN_POINT('',(-8.907970242713,1.764940028402,
    -4.773680338059));
#5289 = CARTESIAN_POINT('',(-8.907970242713,1.52678755341,
    -5.010077401987));
#5290 = CARTESIAN_POINT('',(-8.907970242713,1.258379392417,
    -5.214370514997));
#5291 = CARTESIAN_POINT('',(-8.907970242713,0.96612566066,
    -5.379269277496));
#5292 = CARTESIAN_POINT('',(-8.907970242713,0.593592305308,
    -5.589464332724));
#5293 = CARTESIAN_POINT('',(-8.907970242713,0.187281241181,
    -5.73280864921));
#5294 = CARTESIAN_POINT('',(-8.907970242713,-0.235106449701,
    -5.798322300212));
#5295 = CARTESIAN_POINT('',(-8.907970242713,-0.654029583329,
    -5.863298587555));
#5296 = CARTESIAN_POINT('',(-8.907970242713,-1.080392341517,
    -5.850344369012));
#5297 = CARTESIAN_POINT('',(-8.907970242713,-1.493747171745,
    -5.75712556925));
#5298 = CARTESIAN_POINT('',(-8.907970242713,-1.920950389311,
    -5.660783714061));
#5299 = CARTESIAN_POINT('',(-8.907970242713,-2.323466111704,
    -5.481098699594));
#5300 = CARTESIAN_POINT('',(-8.907970242713,-2.680738384352,
    -5.227780178119));
#5301 = CARTESIAN_POINT('',(-8.907970242713,-3.048656071127,
    -4.966913686166));
#5302 = CARTESIAN_POINT('',(-8.907970242714,-3.359064337854,
    -4.634814483577));
#5303 = CARTESIAN_POINT('',(-8.907970242714,-3.598439431073,
    -4.252206315038));
#5304 = CARTESIAN_POINT('',(-8.907970242714,-3.850573108418,
    -3.849205304288));
#5305 = CARTESIAN_POINT('',(-8.907970242714,-4.018393936073,
    -3.399190494622));
#5306 = CARTESIAN_POINT('',(-8.907970242714,-4.097812573063,
    -2.930036779015));
#5307 = CARTESIAN_POINT('',(-8.907970242714,-4.180488527834,
    -2.441640945974));
#5308 = CARTESIAN_POINT('',(-8.907970242714,-4.166088619426,
    -1.940522234767));
#5309 = CARTESIAN_POINT('',(-8.907970242714,-4.059443291896,
    -1.456460320465));
#5310 = ORIENTED_EDGE('',*,*,#5311,.T.);
#5311 = EDGE_CURVE('',#5282,#5312,#5314,.T.);
#5312 = VERTEX_POINT('',#5313);
#5313 = CARTESIAN_POINT('',(-8.907971381731,9.423236514851,
    7.662040586942));
#5314 = LINE('',#5315,#5316);
#5315 = CARTESIAN_POINT('',(-8.907971381728,22.430292075536,
    29.162300052734));
#5316 = VECTOR('',#5317,1.);
#5317 = DIRECTION('',(8.518420957809E-14,0.51762036049,0.8556104034));
#5318 = ORIENTED_EDGE('',*,*,#5319,.F.);
#5319 = EDGE_CURVE('',#5320,#5312,#5322,.T.);
#5320 = VERTEX_POINT('',#5321);
#5321 = CARTESIAN_POINT('',(-8.907970242711,13.701288531849,
    10.073938784491));
#5322 = CIRCLE('',#5323,5.);
#5323 = AXIS2_PLACEMENT_3D('',#5324,#5325,#5326);
#5324 = CARTESIAN_POINT('',(-8.907970242711,13.701288531849,
    5.07393878449));
#5325 = DIRECTION('',(1.,-1.529087327934E-13,-7.099386363519E-15));
#5326 = DIRECTION('',(-6.891087541631E-14,-0.491110801912,0.871097112982
    ));
#5327 = ORIENTED_EDGE('',*,*,#5328,.F.);
#5328 = EDGE_CURVE('',#5329,#5320,#5331,.T.);
#5329 = VERTEX_POINT('',#5330);
#5330 = CARTESIAN_POINT('',(-8.907970242709,25.973159909351,
    10.073938784491));
#5331 = LINE('',#5332,#5333);
#5332 = CARTESIAN_POINT('',(-8.907970242706,42.121560934354,
    10.073938784492));
#5333 = VECTOR('',#5334,1.);
#5334 = DIRECTION('',(-1.529087327934E-13,-1.,-4.378927421363E-14));
#5335 = ORIENTED_EDGE('',*,*,#5336,.F.);
#5336 = EDGE_CURVE('',#5337,#5329,#5339,.T.);
#5337 = VERTEX_POINT('',#5338);
#5338 = CARTESIAN_POINT('',(-8.907971381727,30.25121192635,
    7.662040586943));
#5339 = CIRCLE('',#5340,5.);
#5340 = AXIS2_PLACEMENT_3D('',#5341,#5342,#5343);
#5341 = CARTESIAN_POINT('',(-8.907970242709,25.973159909351,
    5.073938784491));
#5342 = DIRECTION('',(1.,-1.529087327934E-13,-7.099386363519E-15));
#5343 = DIRECTION('',(8.127938534671E-14,0.491110801912,0.871097112982)
  );
#5344 = ORIENTED_EDGE('',*,*,#5345,.T.);
#5345 = EDGE_CURVE('',#5337,#5346,#5348,.T.);
#5346 = VERTEX_POINT('',#5347);
#5347 = CARTESIAN_POINT('',(-8.907971381726,37.324878845698,
    -4.030511461519));
#5348 = LINE('',#5349,#5350);
#5349 = CARTESIAN_POINT('',(-8.907971381728,28.623028256769,
    10.353377699375));
#5350 = VECTOR('',#5351,1.);
#5351 = DIRECTION('',(7.401595646084E-14,0.51762036049,-0.8556104034));
#5352 = ORIENTED_EDGE('',*,*,#5353,.F.);
#5353 = EDGE_CURVE('',#5354,#5346,#5356,.T.);
#5354 = VERTEX_POINT('',#5355);
#5355 = CARTESIAN_POINT('',(-8.907971381725,43.734719057975,
    -1.460215538564));
#5356 = B_SPLINE_CURVE_WITH_KNOTS('',3,(#5357,#5358,#5359,#5360,#5361,
    #5362,#5363,#5364,#5365,#5366,#5367,#5368,#5369,#5370,#5371,#5372,
    #5373,#5374,#5375,#5376,#5377,#5378,#5379,#5380,#5381,#5382,#5383,
    #5384),.UNSPECIFIED.,.F.,.F.,(4,3,3,3,3,3,3,3,3,4),(
    -7.759696023152E-04,8.969629317123E-02,0.195965615778,0.324851122143
    ,0.452538156034,0.584267545205,0.71974911919,0.85194389167,
    0.983805279832,1.010988119411),.UNSPECIFIED.);
#5357 = CARTESIAN_POINT('',(-8.907970242706,43.734719057975,
    -1.460215538563));
#5358 = CARTESIAN_POINT('',(-8.907970242706,43.799495859925,
    -1.75423669711));
#5359 = CARTESIAN_POINT('',(-8.907970242706,43.830337046233,
    -2.055044374366));
#5360 = CARTESIAN_POINT('',(-8.907970242706,43.825805266511,
    -2.356045550041));
#5361 = CARTESIAN_POINT('',(-8.907970242706,43.820482207857,
    -2.709603536349));
#5362 = CARTESIAN_POINT('',(-8.907970242707,43.766382727306,
    -3.061067100091));
#5363 = CARTESIAN_POINT('',(-8.907970242707,43.663100342845,
    -3.399118990921));
#5364 = CARTESIAN_POINT('',(-8.907970242707,43.537837453299,
    -3.809114915033));
#5365 = CARTESIAN_POINT('',(-8.907970242706,43.341856880147,
    -4.193943759869));
#5366 = CARTESIAN_POINT('',(-8.907970242706,43.080438536886,
    -4.533332978505));
#5367 = CARTESIAN_POINT('',(-8.907970242706,42.821451054142,
    -4.869566305933));
#5368 = CARTESIAN_POINT('',(-8.907970242706,42.503321772494,
    -5.154481603106));
#5369 = CARTESIAN_POINT('',(-8.907970242707,42.13922620073,
    -5.37217121544));
#5370 = CARTESIAN_POINT('',(-8.907970242707,41.763603979687,
    -5.596752512286));
#5371 = CARTESIAN_POINT('',(-8.907970242707,41.348475152486,
    -5.744098588068));
#5372 = CARTESIAN_POINT('',(-8.907970242707,40.915345601528,
    -5.806929072268));
#5373 = CARTESIAN_POINT('',(-8.907970242707,40.469878772355,
    -5.871549222313));
#5374 = CARTESIAN_POINT('',(-8.907970242707,40.016995601335,
    -5.845161999547));
#5375 = CARTESIAN_POINT('',(-8.907970242707,39.580677216856,
    -5.733320801238));
#5376 = CARTESIAN_POINT('',(-8.907970242707,39.154943976026,
    -5.624192885689));
#5377 = CARTESIAN_POINT('',(-8.907970242707,38.753803026741,
    -5.436071168854));
#5378 = CARTESIAN_POINT('',(-8.907970242707,38.394811009026,
    -5.182726203363));
#5379 = CARTESIAN_POINT('',(-8.907970242707,38.036724339587,
    -4.930020152992));
#5380 = CARTESIAN_POINT('',(-8.907970242707,37.725320429691,
    -4.615784459227));
#5381 = CARTESIAN_POINT('',(-8.907970242707,37.473072082181,
    -4.257375221201));
#5382 = CARTESIAN_POINT('',(-8.907970242707,37.421071822969,
    -4.183490204845));
#5383 = CARTESIAN_POINT('',(-8.907970242707,37.371645559102,
    -4.107815388441));
#5384 = CARTESIAN_POINT('',(-8.907970242707,37.324878845699,
    -4.03051146152));
#5385 = ORIENTED_EDGE('',*,*,#5386,.T.);
#5386 = EDGE_CURVE('',#5354,#5387,#5389,.T.);
#5387 = VERTEX_POINT('',#5388);
#5388 = CARTESIAN_POINT('',(-8.907971381725,43.367658559539,
    0.205867839407));
#5389 = LINE('',#5390,#5391);
#5390 = CARTESIAN_POINT('',(-8.907971381726,39.707676135398,
    16.818485940509));
#5391 = VECTOR('',#5392,1.);
#5392 = DIRECTION('',(-2.817491943221E-14,-0.215153706517,0.976580197716
    ));
#5393 = ORIENTED_EDGE('',*,*,#5394,.F.);
#5394 = EDGE_CURVE('',#5395,#5387,#5397,.T.);
#5395 = VERTEX_POINT('',#5396);
#5396 = CARTESIAN_POINT('',(-8.907970393927,46.304151500503,
    2.628855859968));
#5397 = CIRCLE('',#5398,4.);
#5398 = AXIS2_PLACEMENT_3D('',#5399,#5400,#5401);
#5399 = CARTESIAN_POINT('',(-8.907970242706,42.596881078422,
    4.130903135376));
#5400 = DIRECTION('',(-1.,1.525687327934E-13,6.089386363519E-15));
#5401 = DIRECTION('',(-1.525687327934E-13,-1.,-3.966927421363E-14));
#5402 = ORIENTED_EDGE('',*,*,#5403,.F.);
#5403 = EDGE_CURVE('',#3282,#5395,#5404,.T.);
#5404 = CIRCLE('',#5405,0.878972464496);
#5405 = AXIS2_PLACEMENT_3D('',#5406,#5407,#5408);
#5406 = CARTESIAN_POINT('',(-8.907970242706,45.489504345641,
    2.958920408832));
#5407 = DIRECTION('',(-1.,1.525687327934E-13,5.009386363519E-15));
#5408 = DIRECTION('',(1.112204440203E-13,0.705723615158,0.708487246892)
  );
#5409 = ORIENTED_EDGE('',*,*,#3281,.T.);
#5410 = ORIENTED_EDGE('',*,*,#3347,.F.);
#5411 = ORIENTED_EDGE('',*,*,#3396,.F.);
#5412 = ORIENTED_EDGE('',*,*,#5413,.F.);
#5413 = EDGE_CURVE('',#5414,#3397,#5416,.T.);
#5414 = VERTEX_POINT('',#5415);
#5415 = CARTESIAN_POINT('',(-8.907970469041,48.35357600183,
    9.240245175899));
#5416 = CIRCLE('',#5417,2.910062836194);
#5417 = AXIS2_PLACEMENT_3D('',#5418,#5419,#5420);
#5418 = CARTESIAN_POINT('',(-8.907970468343,45.443513165635,
    9.240245175899));
#5419 = DIRECTION('',(-1.,1.529087327933E-13,1.034836406106E-14));
#5420 = DIRECTION('',(9.646191035914E-14,0.680440078173,-0.732803725438)
  );
#5421 = ORIENTED_EDGE('',*,*,#5422,.F.);
#5422 = EDGE_CURVE('',#5423,#5414,#5425,.T.);
#5423 = VERTEX_POINT('',#5424);
#5424 = CARTESIAN_POINT('',(-8.90797044338,48.353576001829,
    12.574537179017));
#5425 = LINE('',#5426,#5427);
#5426 = CARTESIAN_POINT('',(-8.907970421724,48.353576001829,
    15.388558689911));
#5427 = VECTOR('',#5428,1.);
#5428 = DIRECTION('',(-7.695921126305E-09,4.100620848168E-14,-1.));
#5429 = ORIENTED_EDGE('',*,*,#5430,.F.);
#5430 = EDGE_CURVE('',#5431,#5423,#5433,.T.);
#5431 = VERTEX_POINT('',#5432);
#5432 = CARTESIAN_POINT('',(-8.907970439083,48.186637986171,
    13.1277168336));
#5433 = CIRCLE('',#5434,1.);
#5434 = AXIS2_PLACEMENT_3D('',#5435,#5436,#5437);
#5435 = CARTESIAN_POINT('',(-8.90797044314,47.353576001829,
    12.574537179017));
#5436 = DIRECTION('',(-1.,1.529087327933E-13,9.268364061057E-15));
#5437 = DIRECTION('',(1.490658546168E-13,0.95735625144,0.288910034144));
#5438 = ORIENTED_EDGE('',*,*,#5439,.F.);
#5439 = EDGE_CURVE('',#5440,#5431,#5442,.T.);
#5440 = VERTEX_POINT('',#5441);
#5441 = CARTESIAN_POINT('',(-8.907970430583,47.04522401037,
    14.196572077356));
#5442 = CIRCLE('',#5443,3.4);
#5443 = AXIS2_PLACEMENT_3D('',#5444,#5445,#5446);
#5444 = CARTESIAN_POINT('',(-8.907970452878,45.354227239409,
    11.246906008019));
#5445 = DIRECTION('',(-1.,1.525687327933E-13,5.978364061057E-15));
#5446 = DIRECTION('',(1.525687327933E-13,1.,4.107825191115E-14));
#5447 = ORIENTED_EDGE('',*,*,#5448,.T.);
#5448 = EDGE_CURVE('',#5440,#5449,#5451,.T.);
#5449 = VERTEX_POINT('',#5450);
#5450 = CARTESIAN_POINT('',(-8.907970423786,46.542576001829,
    15.064120921278));
#5451 = CIRCLE('',#5452,1.);
#5452 = AXIS2_PLACEMENT_3D('',#5453,#5454,#5455);
#5453 = CARTESIAN_POINT('',(-8.907970424026,47.542576001829,
    15.064120921278));
#5454 = DIRECTION('',(-1.,1.525687327933E-13,7.058364061057E-15));
#5455 = DIRECTION('',(-1.355502361907E-13,-0.865260651902,-0.50132225591
    ));
#5456 = ORIENTED_EDGE('',*,*,#5457,.T.);
#5457 = EDGE_CURVE('',#5449,#5458,#5460,.T.);
#5458 = VERTEX_POINT('',#5459);
#5459 = CARTESIAN_POINT('',(-8.907970333163,46.542576001829,
    15.085678726124));
#5460 = LINE('',#5461,#5462);
#5461 = CARTESIAN_POINT('',(-8.907970411709,46.542576001829,
    16.633350561041));
#5462 = VECTOR('',#5463,1.);
#5463 = DIRECTION('',(7.695921126305E-09,-4.100620848168E-14,1.));
#5464 = ORIENTED_EDGE('',*,*,#5465,.F.);
#5465 = EDGE_CURVE('',#5466,#5458,#5468,.T.);
#5466 = VERTEX_POINT('',#5467);
#5467 = CARTESIAN_POINT('',(-8.907970242706,46.542576001829,
    31.418037286479));
#5468 = LINE('',#5469,#5470);
#5469 = CARTESIAN_POINT('',(-8.907970242706,46.542576001829,
    24.473562429262));
#5470 = VECTOR('',#5471,1.);
#5471 = DIRECTION('',(-6.089386363513E-15,4.089518500372E-14,-1.));
#5472 = ORIENTED_EDGE('',*,*,#5473,.F.);
#5473 = EDGE_CURVE('',#5474,#5466,#5476,.T.);
#5474 = VERTEX_POINT('',#5475);
#5475 = CARTESIAN_POINT('',(-8.907970242706,42.542576001829,
    35.418037286479));
#5476 = CIRCLE('',#5477,4.);
#5477 = AXIS2_PLACEMENT_3D('',#5478,#5479,#5480);
#5478 = CARTESIAN_POINT('',(-8.907970242706,42.542576001829,
    31.418037286479));
#5479 = DIRECTION('',(-1.,1.525687327934E-13,8.249386363519E-15));
#5480 = DIRECTION('',(1.137155825935E-13,0.707106781187,0.707106781187)
  );
#5481 = ORIENTED_EDGE('',*,*,#5482,.F.);
#5482 = EDGE_CURVE('',#5483,#5474,#5485,.T.);
#5483 = VERTEX_POINT('',#5484);
#5484 = CARTESIAN_POINT('',(-8.907970242706,41.621983132271,
    35.418037286479));
#5485 = LINE('',#5486,#5487);
#5486 = CARTESIAN_POINT('',(-8.907970242706,42.121605756267,
    35.418037286479));
#5487 = VECTOR('',#5488,1.);
#5488 = DIRECTION('',(1.529087327934E-13,1.,4.118927421363E-14));
#5489 = ORIENTED_EDGE('',*,*,#5490,.F.);
#5490 = EDGE_CURVE('',#5491,#5483,#5493,.T.);
#5491 = VERTEX_POINT('',#5492);
#5492 = CARTESIAN_POINT('',(-8.907970242707,38.912080113264,
    36.475856865843));
#5493 = CIRCLE('',#5494,4.);
#5494 = AXIS2_PLACEMENT_3D('',#5495,#5496,#5497);
#5495 = CARTESIAN_POINT('',(-8.907970242706,41.621983132271,
    39.418037286479));
#5496 = DIRECTION('',(1.,-1.529087327934E-13,-8.349386363519E-15));
#5497 = DIRECTION('',(-6.338015676499E-14,-0.363630921981,-0.93154310291
    ));
#5498 = ORIENTED_EDGE('',*,*,#5499,.F.);
#5499 = EDGE_CURVE('',#5500,#5491,#5502,.T.);
#5500 = VERTEX_POINT('',#5501);
#5501 = CARTESIAN_POINT('',(-8.907970242708,31.20822425891,43.5715135738
    ));
#5502 = LINE('',#5503,#5504);
#5503 = CARTESIAN_POINT('',(-8.907970242706,43.160509257513,
    32.562830022456));
#5504 = VECTOR('',#5505,1.);
#5505 = DIRECTION('',(1.06932117308E-13,0.735545105159,-0.677475754752)
  );
#5506 = ORIENTED_EDGE('',*,*,#5507,.T.);
#5507 = EDGE_CURVE('',#5500,#5122,#5508,.T.);
#5508 = LINE('',#5509,#5510);
#5509 = CARTESIAN_POINT('',(-8.907970242708,31.20822425891,
    45.257605899074));
#5510 = VECTOR('',#5511,1.);
#5511 = DIRECTION('',(8.249386363513E-15,-4.074518500372E-14,1.));
#5512 = FACE_BOUND('',#5513,.T.);
#5513 = EDGE_LOOP('',(#5514));
#5514 = ORIENTED_EDGE('',*,*,#5515,.T.);
#5515 = EDGE_CURVE('',#5516,#5516,#5518,.T.);
#5516 = VERTEX_POINT('',#5517);
#5517 = CARTESIAN_POINT('',(-8.907971381726,38.887224220601,
    -2.780920464534));
#5518 = CIRCLE('',#5519,1.6);
#5519 = AXIS2_PLACEMENT_3D('',#5520,#5521,#5522);
#5520 = CARTESIAN_POINT('',(-8.907970242707,40.487224220601,
    -2.780920464534));
#5521 = DIRECTION('',(-1.,1.529087327933E-13,4.722852909827E-15));
#5522 = DIRECTION('',(1.529087327933E-13,1.,4.102274075991E-14));
#5523 = FACE_BOUND('',#5524,.T.);
#5524 = EDGE_LOOP('',(#5525));
#5525 = ORIENTED_EDGE('',*,*,#4675,.F.);
#5526 = FACE_BOUND('',#5527,.T.);
#5527 = EDGE_LOOP('',(#5528));
#5528 = ORIENTED_EDGE('',*,*,#5529,.T.);
#5529 = EDGE_CURVE('',#5530,#5530,#5532,.T.);
#5530 = VERTEX_POINT('',#5531);
#5531 = CARTESIAN_POINT('',(-8.907970242706,43.464607658721,
    15.619329360227));
#5532 = CIRCLE('',#5533,1.4);
#5533 = AXIS2_PLACEMENT_3D('',#5534,#5535,#5536);
#5534 = CARTESIAN_POINT('',(-8.907970242706,42.064607658721,
    15.619329360227));
#5535 = DIRECTION('',(-1.,1.522932216421E-13,4.778364061051E-15));
#5536 = DIRECTION('',(-1.522932216421E-13,-1.,-4.095376306239E-14));
#5537 = FACE_BOUND('',#5538,.T.);
#5538 = EDGE_LOOP('',(#5539,#5550,#5559,#5568,#5577,#5586));
#5539 = ORIENTED_EDGE('',*,*,#5540,.T.);
#5540 = EDGE_CURVE('',#5541,#5543,#5545,.T.);
#5541 = VERTEX_POINT('',#5542);
#5542 = CARTESIAN_POINT('',(-8.907969580527,28.971282082877,
    15.23868050322));
#5543 = VERTEX_POINT('',#5544);
#5544 = CARTESIAN_POINT('',(-8.907969580527,28.758232459408,
    14.549576615838));
#5545 = CIRCLE('',#5546,0.5);
#5546 = AXIS2_PLACEMENT_3D('',#5547,#5548,#5549);
#5547 = CARTESIAN_POINT('',(-8.907970242709,28.533891072367,
    14.996422161928));
#5548 = DIRECTION('',(-1.,1.525687327933E-13,8.082852909827E-15));
#5549 = DIRECTION('',(6.123138862299E-14,0.448682774082,-0.89369109218)
  );
#5550 = ORIENTED_EDGE('',*,*,#5551,.T.);
#5551 = EDGE_CURVE('',#5543,#5552,#5554,.T.);
#5552 = VERTEX_POINT('',#5553);
#5553 = CARTESIAN_POINT('',(-8.907970242709,27.248792860828,
    13.876647860796));
#5554 = CIRCLE('',#5555,17.999690035921);
#5555 = AXIS2_PLACEMENT_3D('',#5556,#5557,#5558);
#5556 = CARTESIAN_POINT('',(-8.90797024271,20.682081601473,
    30.635739262944));
#5557 = DIRECTION('',(-1.,1.525687327933E-13,8.082852909827E-15));
#5558 = DIRECTION('',(2.677416499235E-14,0.227083589965,-0.973875270848)
  );
#5559 = ORIENTED_EDGE('',*,*,#5560,.T.);
#5560 = EDGE_CURVE('',#5552,#5561,#5563,.T.);
#5561 = VERTEX_POINT('',#5562);
#5562 = CARTESIAN_POINT('',(-8.907970242709,25.883969286297,
    14.807724615023));
#5563 = CIRCLE('',#5564,1.);
#5564 = AXIS2_PLACEMENT_3D('',#5565,#5566,#5567);
#5565 = CARTESIAN_POINT('',(-8.907970242709,26.883969286297,
    14.8077245276));
#5566 = DIRECTION('',(-1.,1.525687327934E-13,8.249386363519E-15));
#5567 = DIRECTION('',(-9.279473307786E-14,-0.563549690296,
    -0.826082166958));
#5568 = ORIENTED_EDGE('',*,*,#5569,.T.);
#5569 = EDGE_CURVE('',#5561,#5570,#5572,.T.);
#5570 = VERTEX_POINT('',#5571);
#5571 = CARTESIAN_POINT('',(-8.907970242709,26.488828460768,
    15.434935233873));
#5572 = CIRCLE('',#5573,1.);
#5573 = AXIS2_PLACEMENT_3D('',#5574,#5575,#5576);
#5574 = CARTESIAN_POINT('',(-8.907970242709,26.834308682573,
    14.496509202509));
#5575 = DIRECTION('',(-1.,1.525687327933E-13,8.082852909827E-15));
#5576 = DIRECTION('',(-4.512432006771E-14,-0.345480221805,0.938426031364
    ));
#5577 = ORIENTED_EDGE('',*,*,#5578,.T.);
#5578 = EDGE_CURVE('',#5570,#5579,#5581,.T.);
#5579 = VERTEX_POINT('',#5580);
#5580 = CARTESIAN_POINT('',(-8.907969580527,28.24743377921,
    15.742707705837));
#5581 = CIRCLE('',#5582,5.);
#5582 = AXIS2_PLACEMENT_3D('',#5583,#5584,#5585);
#5583 = CARTESIAN_POINT('',(-8.907970242709,28.216229569793,
    10.742805077053));
#5584 = DIRECTION('',(-1.,1.525687327933E-13,8.082852909827E-15));
#5585 = DIRECTION('',(9.034852840078E-15,6.240841883282E-03,
    0.999980525757));
#5586 = ORIENTED_EDGE('',*,*,#5587,.T.);
#5587 = EDGE_CURVE('',#5579,#5541,#5588,.T.);
#5588 = CIRCLE('',#5589,1.);
#5589 = AXIS2_PLACEMENT_3D('',#5590,#5591,#5592);
#5590 = CARTESIAN_POINT('',(-8.907970242709,28.096500061858,
    14.754163820637));
#5591 = DIRECTION('',(-1.,1.525687327933E-13,8.082852909827E-15));
#5592 = DIRECTION('',(1.37380661495E-13,0.874782021019,0.484516682583));
#5593 = FACE_BOUND('',#5594,.T.);
#5594 = EDGE_LOOP('',(#5595,#5606,#5614,#5623,#5632,#5641,#5650,#5658,
    #5667));
#5595 = ORIENTED_EDGE('',*,*,#5596,.T.);
#5596 = EDGE_CURVE('',#5597,#5599,#5601,.T.);
#5597 = VERTEX_POINT('',#5598);
#5598 = CARTESIAN_POINT('',(-8.907970242707,40.030545283207,
    18.343772468922));
#5599 = VERTEX_POINT('',#5600);
#5600 = CARTESIAN_POINT('',(-8.907970242707,38.553686531691,
    21.216639876778));
#5601 = CIRCLE('',#5602,3.4);
#5602 = AXIS2_PLACEMENT_3D('',#5603,#5604,#5605);
#5603 = CARTESIAN_POINT('',(-8.907970242706,41.952995379227,
    21.148088005432));
#5604 = DIRECTION('',(-1.,1.525687327934E-13,7.169386363519E-15));
#5605 = DIRECTION('',(1.525687327934E-13,1.,4.118927421363E-14));
#5606 = ORIENTED_EDGE('',*,*,#5607,.F.);
#5607 = EDGE_CURVE('',#5608,#5599,#5610,.T.);
#5608 = VERTEX_POINT('',#5609);
#5609 = CARTESIAN_POINT('',(-8.907970242707,38.553686531691,
    24.299485415141));
#5610 = LINE('',#5611,#5612);
#5611 = CARTESIAN_POINT('',(-8.907970242707,38.553686531691,
    33.369069275952));
#5612 = VECTOR('',#5613,1.);
#5613 = DIRECTION('',(-9.429386363512E-15,4.793518500372E-14,-1.));
#5614 = ORIENTED_EDGE('',*,*,#5615,.T.);
#5615 = EDGE_CURVE('',#5608,#5616,#5618,.T.);
#5616 = VERTEX_POINT('',#5617);
#5617 = CARTESIAN_POINT('',(-8.907970242707,40.79428296626,
    27.564501824689));
#5618 = CIRCLE('',#5619,3.4);
#5619 = AXIS2_PLACEMENT_3D('',#5620,#5621,#5622);
#5620 = CARTESIAN_POINT('',(-8.907970242706,41.952995379227,
    24.368037286479));
#5621 = DIRECTION('',(-1.,1.525687327934E-13,8.249386363519E-15));
#5622 = DIRECTION('',(1.525687327934E-13,1.,2.940927421363E-14));
#5623 = ORIENTED_EDGE('',*,*,#5624,.T.);
#5624 = EDGE_CURVE('',#5616,#5625,#5627,.T.);
#5625 = VERTEX_POINT('',#5626);
#5626 = CARTESIAN_POINT('',(-8.907970247134,45.384607561592,
    30.749329474668));
#5627 = CIRCLE('',#5628,3.4);
#5628 = AXIS2_PLACEMENT_3D('',#5629,#5630,#5631);
#5629 = CARTESIAN_POINT('',(-8.907970242706,41.984607582427,
    30.749329474668));
#5630 = DIRECTION('',(-1.,1.525687327934E-13,9.329386363519E-15));
#5631 = DIRECTION('',(-1.525687327934E-13,-1.,-4.125927421363E-14));
#5632 = ORIENTED_EDGE('',*,*,#5633,.T.);
#5633 = EDGE_CURVE('',#5625,#5634,#5636,.T.);
#5634 = VERTEX_POINT('',#5635);
#5635 = CARTESIAN_POINT('',(-8.907970243039,43.143319995714,
    27.552864959585));
#5636 = CIRCLE('',#5637,3.4);
#5637 = AXIS2_PLACEMENT_3D('',#5638,#5639,#5640);
#5638 = CARTESIAN_POINT('',(-8.907970242706,41.984607582427,
    30.749329474668));
#5639 = DIRECTION('',(-1.,1.525687327934E-13,9.329386363519E-15));
#5640 = DIRECTION('',(-1.525687327934E-13,-1.,-4.125927421363E-14));
#5641 = ORIENTED_EDGE('',*,*,#5642,.T.);
#5642 = EDGE_CURVE('',#5634,#5643,#5645,.T.);
#5643 = VERTEX_POINT('',#5644);
#5644 = CARTESIAN_POINT('',(-8.907970242706,45.343686531691,
    24.116614318948));
#5645 = CIRCLE('',#5646,3.4);
#5646 = AXIS2_PLACEMENT_3D('',#5647,#5648,#5649);
#5647 = CARTESIAN_POINT('',(-8.907970242706,41.952995379227,
    24.368037286479));
#5648 = DIRECTION('',(-1.,1.525687327934E-13,8.249386363519E-15));
#5649 = DIRECTION('',(1.525687327934E-13,1.,2.940927421363E-14));
#5650 = ORIENTED_EDGE('',*,*,#5651,.T.);
#5651 = EDGE_CURVE('',#5643,#5652,#5654,.T.);
#5652 = VERTEX_POINT('',#5653);
#5653 = CARTESIAN_POINT('',(-8.907970242706,45.343686531691,
    21.39951097296));
#5654 = LINE('',#5655,#5656);
#5655 = CARTESIAN_POINT('',(-8.907970242706,45.343686531691,
    25.798628673892));
#5656 = VECTOR('',#5657,1.);
#5657 = DIRECTION('',(-7.219386363512E-15,4.793518500372E-14,-1.));
#5658 = ORIENTED_EDGE('',*,*,#5659,.T.);
#5659 = EDGE_CURVE('',#5652,#5660,#5662,.T.);
#5660 = VERTEX_POINT('',#5661);
#5661 = CARTESIAN_POINT('',(-8.907970242707,43.987057754742,
    18.423644896737));
#5662 = CIRCLE('',#5663,3.4);
#5663 = AXIS2_PLACEMENT_3D('',#5664,#5665,#5666);
#5664 = CARTESIAN_POINT('',(-8.907970242706,41.952995379227,
    21.148088005432));
#5665 = DIRECTION('',(-1.,1.525687327934E-13,6.089386363519E-15));
#5666 = DIRECTION('',(1.525687327934E-13,1.,4.118927421363E-14));
#5667 = ORIENTED_EDGE('',*,*,#5668,.T.);
#5668 = EDGE_CURVE('',#5660,#5597,#5669,.T.);
#5669 = CIRCLE('',#5670,3.4);
#5670 = AXIS2_PLACEMENT_3D('',#5671,#5672,#5673);
#5671 = CARTESIAN_POINT('',(-8.907970242706,41.952995379227,
    21.148088005432));
#5672 = DIRECTION('',(-1.,1.528532216421E-13,9.268364061051E-15));
#5673 = DIRECTION('',(-5.149790324846E-15,2.692265228445E-02,
    -0.999637519701));
#5674 = FACE_BOUND('',#5675,.T.);
#5675 = EDGE_LOOP('',(#5676,#5686,#5694,#5702));
#5676 = ORIENTED_EDGE('',*,*,#5677,.F.);
#5677 = EDGE_CURVE('',#5678,#5680,#5682,.T.);
#5678 = VERTEX_POINT('',#5679);
#5679 = CARTESIAN_POINT('',(-8.907970345158,28.174375783924,
    30.139568122051));
#5680 = VERTEX_POINT('',#5681);
#5681 = CARTESIAN_POINT('',(-8.907970345158,23.723712647326,
    30.139568122051));
#5682 = LINE('',#5683,#5684);
#5683 = CARTESIAN_POINT('',(-8.907970345159,21.865085122145,
    30.139568122051));
#5684 = VECTOR('',#5685,1.);
#5685 = DIRECTION('',(-1.529887327934E-13,-1.,-4.118927421363E-14));
#5686 = ORIENTED_EDGE('',*,*,#5687,.F.);
#5687 = EDGE_CURVE('',#5688,#5678,#5690,.T.);
#5688 = VERTEX_POINT('',#5689);
#5689 = CARTESIAN_POINT('',(-8.907970345158,23.136632424536,
    22.439544166937));
#5690 = LINE('',#5691,#5692);
#5691 = CARTESIAN_POINT('',(-8.907970345158,26.87616848656,
    28.15530124395));
#5692 = VECTOR('',#5693,1.);
#5693 = DIRECTION('',(9.164007710189E-14,0.547486281764,0.836814657663)
  );
#5694 = ORIENTED_EDGE('',*,*,#5695,.F.);
#5695 = EDGE_CURVE('',#5696,#5688,#5698,.T.);
#5696 = VERTEX_POINT('',#5697);
#5697 = CARTESIAN_POINT('',(-8.907970345159,18.685969287939,
    22.439544166937));
#5698 = LINE('',#5699,#5700);
#5699 = CARTESIAN_POINT('',(-8.907970345159,21.247090570982,
    22.439544166937));
#5700 = VECTOR('',#5701,1.);
#5701 = DIRECTION('',(1.529887327934E-13,1.,4.707927421363E-14));
#5702 = ORIENTED_EDGE('',*,*,#5703,.F.);
#5703 = EDGE_CURVE('',#5680,#5696,#5704,.T.);
#5704 = LINE('',#5705,#5706);
#5705 = CARTESIAN_POINT('',(-8.907970345159,21.181123352743,
    26.253304555285));
#5706 = VECTOR('',#5707,1.);
#5707 = DIRECTION('',(-9.164007710189E-14,-0.547486281764,
    -0.836814657663));
#5708 = FACE_BOUND('',#5709,.T.);
#5709 = EDGE_LOOP('',(#5710,#5721,#5729,#5738,#5746,#5755,#5764,#5773,
    #5781,#5790,#5799));
#5710 = ORIENTED_EDGE('',*,*,#5711,.T.);
#5711 = EDGE_CURVE('',#5712,#5714,#5716,.T.);
#5712 = VERTEX_POINT('',#5713);
#5713 = CARTESIAN_POINT('',(-8.907969580529,11.490653857103,
    15.600019727756));
#5714 = VERTEX_POINT('',#5715);
#5715 = CARTESIAN_POINT('',(-8.907969580529,12.466313911708,
    16.422380653545));
#5716 = CIRCLE('',#5717,0.75);
#5717 = AXIS2_PLACEMENT_3D('',#5718,#5719,#5720);
#5718 = CARTESIAN_POINT('',(-8.907970242711,12.232586282678,
    15.709729690291));
#5719 = DIRECTION('',(-1.,1.525687327933E-13,8.082852909827E-15));
#5720 = DIRECTION('',(5.522637478915E-14,0.311636838706,0.95020128434));
#5721 = ORIENTED_EDGE('',*,*,#5722,.T.);
#5722 = EDGE_CURVE('',#5714,#5723,#5725,.T.);
#5723 = VERTEX_POINT('',#5724);
#5724 = CARTESIAN_POINT('',(-8.907969580529,14.824029037271,
    15.649122502447));
#5725 = LINE('',#5726,#5727);
#5726 = CARTESIAN_POINT('',(-8.907970242709,27.485677798477,
    11.496490573004));
#5727 = VECTOR('',#5728,1.);
#5728 = DIRECTION('',(1.424599339367E-13,0.95020128434,-0.311636838706)
  );
#5729 = ORIENTED_EDGE('',*,*,#5730,.T.);
#5730 = EDGE_CURVE('',#5723,#5731,#5733,.T.);
#5731 = VERTEX_POINT('',#5732);
#5732 = CARTESIAN_POINT('',(-8.907969580529,14.964333930041,
    15.533566466037));
#5733 = CIRCLE('',#5734,0.25);
#5734 = AXIS2_PLACEMENT_3D('',#5735,#5736,#5737);
#5735 = CARTESIAN_POINT('',(-8.907970242711,14.746119827594,
    15.411572181362));
#5736 = DIRECTION('',(-1.,1.525687327933E-13,8.082852909827E-15));
#5737 = DIRECTION('',(1.371148437873E-13,0.872856409787,0.487977138699)
  );
#5738 = ORIENTED_EDGE('',*,*,#5739,.T.);
#5739 = EDGE_CURVE('',#5731,#5740,#5742,.T.);
#5740 = VERTEX_POINT('',#5741);
#5741 = CARTESIAN_POINT('',(-8.907969580529,15.543946242208,
    14.496800024038));
#5742 = LINE('',#5743,#5744);
#5743 = CARTESIAN_POINT('',(-8.90797024271,18.651093002268,
    8.938972104271));
#5744 = VECTOR('',#5745,1.);
#5745 = DIRECTION('',(6.740136534245E-14,0.487977138699,-0.872856409787)
  );
#5746 = ORIENTED_EDGE('',*,*,#5747,.T.);
#5747 = EDGE_CURVE('',#5740,#5748,#5750,.T.);
#5748 = VERTEX_POINT('',#5749);
#5749 = CARTESIAN_POINT('',(-8.907969580529,15.670666611765,
    14.386138131399));
#5750 = CIRCLE('',#5751,0.25);
#5751 = AXIS2_PLACEMENT_3D('',#5752,#5753,#5754);
#5752 = CARTESIAN_POINT('',(-8.90797024271,15.762160344655,
    14.618794308712));
#5753 = DIRECTION('',(1.,-1.525687327933E-13,-8.082852909827E-15));
#5754 = DIRECTION('',(-1.371148437873E-13,-0.872856409787,
    -0.487977138699));
#5755 = ORIENTED_EDGE('',*,*,#5756,.T.);
#5756 = EDGE_CURVE('',#5748,#5757,#5759,.T.);
#5757 = VERTEX_POINT('',#5758);
#5758 = CARTESIAN_POINT('',(-8.907969580529,16.469074658098,
    14.094984244029));
#5759 = CIRCLE('',#5760,16.999690035947);
#5760 = AXIS2_PLACEMENT_3D('',#5761,#5762,#5763);
#5761 = CARTESIAN_POINT('',(-8.90797024271,21.892127009203,
    30.206469728473));
#5762 = DIRECTION('',(1.,-1.525687327933E-13,-8.082852909827E-15));
#5763 = DIRECTION('',(-6.33584341813E-14,-0.36597493156,-0.930624709252)
  );
#5764 = ORIENTED_EDGE('',*,*,#5765,.T.);
#5765 = EDGE_CURVE('',#5757,#5766,#5768,.T.);
#5766 = VERTEX_POINT('',#5767);
#5767 = CARTESIAN_POINT('',(-8.907969580529,16.638321609371,
    13.880393812814));
#5768 = CIRCLE('',#5769,0.25);
#5769 = AXIS2_PLACEMENT_3D('',#5770,#5771,#5772);
#5770 = CARTESIAN_POINT('',(-8.90797024271,16.389322434093,
    13.858046313832));
#5771 = DIRECTION('',(-1.,1.525687327933E-13,8.082852909827E-15));
#5772 = DIRECTION('',(1.526804807439E-13,0.995996701113,
    8.938999592554E-02));
#5773 = ORIENTED_EDGE('',*,*,#5774,.T.);
#5774 = EDGE_CURVE('',#5766,#5775,#5777,.T.);
#5775 = VERTEX_POINT('',#5776);
#5776 = CARTESIAN_POINT('',(-8.90797024271,16.652834196884,
    13.718692392674));
#5777 = LINE('',#5778,#5779);
#5778 = CARTESIAN_POINT('',(-8.90797024271,16.69622997545,
    13.235170138904));
#5779 = VECTOR('',#5780,1.);
#5780 = DIRECTION('',(5.58969934221E-15,8.938999592535E-02,
    -0.995996701113));
#5781 = ORIENTED_EDGE('',*,*,#5782,.T.);
#5782 = EDGE_CURVE('',#5775,#5783,#5785,.T.);
#5783 = VERTEX_POINT('',#5784);
#5784 = CARTESIAN_POINT('',(-8.907969580529,15.990910338187,
    13.201632675685));
#5785 = CIRCLE('',#5786,0.5);
#5786 = AXIS2_PLACEMENT_3D('',#5787,#5788,#5789);
#5787 = CARTESIAN_POINT('',(-8.90797024271,16.154835846327,
    13.673997394711));
#5788 = DIRECTION('',(-1.,1.525687327933E-13,8.082852909827E-15));
#5789 = DIRECTION('',(-5.765592318627E-14,-0.32785101628,-0.944729438053
    ));
#5790 = ORIENTED_EDGE('',*,*,#5791,.T.);
#5791 = EDGE_CURVE('',#5783,#5792,#5794,.T.);
#5792 = VERTEX_POINT('',#5793);
#5793 = CARTESIAN_POINT('',(-8.907969580529,11.857675271933,
    15.263290022584));
#5794 = CIRCLE('',#5795,17.999690035923);
#5795 = AXIS2_PLACEMENT_3D('',#5796,#5797,#5798);
#5796 = CARTESIAN_POINT('',(-8.90797024271,21.892127009195,
    30.206469728451));
#5797 = DIRECTION('',(-1.,1.525687327933E-13,8.082852909827E-15));
#5798 = DIRECTION('',(-9.176419738903E-14,-0.557479140876,
    -0.830190946402));
#5799 = ORIENTED_EDGE('',*,*,#5800,.T.);
#5800 = EDGE_CURVE('',#5792,#5712,#5801,.T.);
#5801 = LINE('',#5802,#5803);
#5802 = CARTESIAN_POINT('',(-8.90797024271,20.088720800352,
    7.711584803068));
#5803 = VECTOR('',#5804,1.);
#5804 = DIRECTION('',(-1.069629650236E-13,-0.736860647583,0.676044662758
    ));
#5805 = FACE_BOUND('',#5806,.T.);
#5806 = EDGE_LOOP('',(#5807));
#5807 = ORIENTED_EDGE('',*,*,#5808,.T.);
#5808 = EDGE_CURVE('',#5809,#5809,#5811,.T.);
#5809 = VERTEX_POINT('',#5810);
#5810 = CARTESIAN_POINT('',(-8.907971381732,-2.412775779399,
    -2.780920464535));
#5811 = CIRCLE('',#5812,1.6);
#5812 = AXIS2_PLACEMENT_3D('',#5813,#5814,#5815);
#5813 = CARTESIAN_POINT('',(-8.907970242713,-0.812775779399,
    -2.780920464535));
#5814 = DIRECTION('',(-1.,1.529087327933E-13,4.852852909827E-15));
#5815 = DIRECTION('',(1.529087327933E-13,1.,4.102274075991E-14));
#5816 = FACE_BOUND('',#5817,.T.);
#5817 = EDGE_LOOP('',(#5818));
#5818 = ORIENTED_EDGE('',*,*,#5819,.T.);
#5819 = EDGE_CURVE('',#5820,#5820,#5822,.T.);
#5820 = VERTEX_POINT('',#5821);
#5821 = CARTESIAN_POINT('',(-8.907970242713,-0.535392400883,
    15.619329777466));
#5822 = CIRCLE('',#5823,1.4);
#5823 = AXIS2_PLACEMENT_3D('',#5824,#5825,#5826);
#5824 = CARTESIAN_POINT('',(-8.907970242713,-1.935392400883,
    15.619329777466));
#5825 = DIRECTION('',(-1.,1.522932216421E-13,5.858364061051E-15));
#5826 = DIRECTION('',(-1.522932216421E-13,-1.,-4.095376306239E-14));
#5827 = FACE_BOUND('',#5828,.T.);
#5828 = EDGE_LOOP('',(#5829,#5839,#5847,#5855));
#5829 = ORIENTED_EDGE('',*,*,#5830,.F.);
#5830 = EDGE_CURVE('',#5831,#5833,#5835,.T.);
#5831 = VERTEX_POINT('',#5832);
#5832 = CARTESIAN_POINT('',(-8.907970345158,26.691433598394,
    36.639571699991));
#5833 = VERTEX_POINT('',#5834);
#5834 = CARTESIAN_POINT('',(-8.907970345159,22.240769788048,
    36.639571699991));
#5835 = LINE('',#5836,#5837);
#5836 = CARTESIAN_POINT('',(-8.907970345159,21.123613553287,
    36.639571699991));
#5837 = VECTOR('',#5838,1.);
#5838 = DIRECTION('',(-1.529887327934E-13,-1.,-2.940927421363E-14));
#5839 = ORIENTED_EDGE('',*,*,#5840,.F.);
#5840 = EDGE_CURVE('',#5841,#5831,#5843,.T.);
#5841 = VERTEX_POINT('',#5842);
#5842 = CARTESIAN_POINT('',(-8.907970345159,17.401046067711,
    22.439544166937));
#5843 = LINE('',#5844,#5845);
#5844 = CARTESIAN_POINT('',(-8.907970345158,24.126501504858,
    32.719164049788));
#5845 = VECTOR('',#5846,1.);
#5846 = DIRECTION('',(9.138016436838E-14,0.547486882704,0.836814264498)
  );
#5847 = ORIENTED_EDGE('',*,*,#5848,.F.);
#5848 = EDGE_CURVE('',#5849,#5841,#5851,.T.);
#5849 = VERTEX_POINT('',#5850);
#5850 = CARTESIAN_POINT('',(-8.90797034516,12.950382257364,
    22.439544166937));
#5851 = LINE('',#5852,#5853);
#5852 = CARTESIAN_POINT('',(-8.907970345159,18.379297531788,
    22.439544166937));
#5853 = VECTOR('',#5854,1.);
#5854 = DIRECTION('',(1.529887327934E-13,1.,2.940927421363E-14));
#5855 = ORIENTED_EDGE('',*,*,#5856,.F.);
#5856 = EDGE_CURVE('',#5833,#5849,#5857,.T.);
#5857 = LINE('',#5858,#5859);
#5858 = CARTESIAN_POINT('',(-8.90797034516,16.305136365002,
    27.567166727109));
#5859 = VECTOR('',#5860,1.);
#5860 = DIRECTION('',(-9.145016436838E-14,-0.547486882704,
    -0.836814264498));
#5861 = FACE_BOUND('',#5862,.T.);
#5862 = EDGE_LOOP('',(#5863,#5873,#5881,#5889));
#5863 = ORIENTED_EDGE('',*,*,#5864,.F.);
#5864 = EDGE_CURVE('',#5865,#5867,#5869,.T.);
#5865 = VERTEX_POINT('',#5866);
#5866 = CARTESIAN_POINT('',(-8.90797034516,11.467417525646,
    28.939568122051));
#5867 = VERTEX_POINT('',#5868);
#5868 = CARTESIAN_POINT('',(-8.907970345159,15.91808230018,
    28.939568122051));
#5869 = LINE('',#5870,#5871);
#5870 = CARTESIAN_POINT('',(-8.907970345159,17.637815774344,
    28.939568122051));
#5871 = VECTOR('',#5872,1.);
#5872 = DIRECTION('',(1.529887327934E-13,1.,2.940927421363E-14));
#5873 = ORIENTED_EDGE('',*,*,#5874,.F.);
#5874 = EDGE_CURVE('',#5875,#5865,#5877,.T.);
#5875 = VERTEX_POINT('',#5876);
#5876 = CARTESIAN_POINT('',(-8.90797034516,16.505162980538,
    36.639571699991));
#5877 = LINE('',#5878,#5879);
#5878 = CARTESIAN_POINT('',(-8.90797034516,13.55545223687,
    32.131050282325));
#5879 = VECTOR('',#5880,1.);
#5880 = DIRECTION('',(-9.163024759308E-14,-0.547487455812,
    -0.836813889541));
#5881 = ORIENTED_EDGE('',*,*,#5882,.F.);
#5882 = EDGE_CURVE('',#5883,#5875,#5885,.T.);
#5883 = VERTEX_POINT('',#5884);
#5884 = CARTESIAN_POINT('',(-8.907970345159,20.955827389328,
    36.639571699991));
#5885 = LINE('',#5886,#5887);
#5886 = CARTESIAN_POINT('',(-8.907970345159,18.255810016762,
    36.639571699991));
#5887 = VECTOR('',#5888,1.);
#5888 = DIRECTION('',(-1.529887327934E-13,-1.,-4.118927421363E-14));
#5889 = ORIENTED_EDGE('',*,*,#5890,.F.);
#5890 = EDGE_CURVE('',#5867,#5883,#5891,.T.);
#5891 = LINE('',#5892,#5893);
#5892 = CARTESIAN_POINT('',(-8.907970345159,19.250494400174,
    34.033034472382));
#5893 = VECTOR('',#5894,1.);
#5894 = DIRECTION('',(9.145024355114E-14,0.547487427978,0.836813907752)
  );
#5895 = FACE_BOUND('',#5896,.T.);
#5896 = EDGE_LOOP('',(#5897));
#5897 = ORIENTED_EDGE('',*,*,#5898,.F.);
#5898 = EDGE_CURVE('',#5899,#5899,#5901,.T.);
#5899 = VERTEX_POINT('',#5900);
#5900 = CARTESIAN_POINT('',(-8.907970241034,12.98818806553,
    37.614353156526));
#5901 = CIRCLE('',#5902,1.8);
#5902 = AXIS2_PLACEMENT_3D('',#5903,#5904,#5905);
#5903 = CARTESIAN_POINT('',(-8.907970238186,11.18818806553,
    37.614353156526));
#5904 = DIRECTION('',(1.,1.582307451731E-09,-8.522151206947E-09));
#5905 = DIRECTION('',(-1.582307451731E-09,1.,4.130029651771E-14));
#5906 = FACE_BOUND('',#5907,.T.);
#5907 = EDGE_LOOP('',(#5908,#5919,#5928,#5937,#5945,#5954,#5963,#5972,
    #5981));
#5908 = ORIENTED_EDGE('',*,*,#5909,.T.);
#5909 = EDGE_CURVE('',#5910,#5912,#5914,.T.);
#5910 = VERTEX_POINT('',#5911);
#5911 = CARTESIAN_POINT('',(-8.907970242712,1.549493257168,
    21.079536134085));
#5912 = VERTEX_POINT('',#5913);
#5913 = CARTESIAN_POINT('',(-8.907970242714,8.614287846772E-02,
    18.35308088434));
#5914 = CIRCLE('',#5915,3.4);
#5915 = AXIS2_PLACEMENT_3D('',#5916,#5917,#5918);
#5916 = CARTESIAN_POINT('',(-8.907970242713,-1.849815590368,
    21.14808800543));
#5917 = DIRECTION('',(-1.,1.530687327934E-13,7.169386363519E-15));
#5918 = DIRECTION('',(-1.530687327934E-13,-1.,-4.148927421363E-14));
#5919 = ORIENTED_EDGE('',*,*,#5920,.F.);
#5920 = EDGE_CURVE('',#5921,#5912,#5923,.T.);
#5921 = VERTEX_POINT('',#5922);
#5922 = CARTESIAN_POINT('',(-8.907970242714,-3.871350869719,
    18.414336898555));
#5923 = CIRCLE('',#5924,3.4);
#5924 = AXIS2_PLACEMENT_3D('',#5925,#5926,#5927);
#5925 = CARTESIAN_POINT('',(-8.907970242713,-1.849815590368,
    21.14808800543));
#5926 = DIRECTION('',(1.,-1.526832216421E-13,-8.188364061051E-15));
#5927 = DIRECTION('',(-1.526832216421E-13,-1.,-4.143376306239E-14));
#5928 = ORIENTED_EDGE('',*,*,#5929,.T.);
#5929 = EDGE_CURVE('',#5921,#5930,#5932,.T.);
#5930 = VERTEX_POINT('',#5931);
#5931 = CARTESIAN_POINT('',(-8.907970242713,-5.240506742832,
    21.399510972959));
#5932 = CIRCLE('',#5933,3.4);
#5933 = AXIS2_PLACEMENT_3D('',#5934,#5935,#5936);
#5934 = CARTESIAN_POINT('',(-8.907970242713,-1.849815590368,
    21.14808800543));
#5935 = DIRECTION('',(-1.,1.530687327934E-13,6.089386363519E-15));
#5936 = DIRECTION('',(-1.530687327934E-13,-1.,-4.148927421363E-14));
#5937 = ORIENTED_EDGE('',*,*,#5938,.F.);
#5938 = EDGE_CURVE('',#5939,#5930,#5941,.T.);
#5939 = VERTEX_POINT('',#5940);
#5940 = CARTESIAN_POINT('',(-8.907970242714,-5.240506742832,
    24.116614318946));
#5941 = LINE('',#5942,#5943);
#5942 = CARTESIAN_POINT('',(-8.907970242714,-5.240506742832,
    25.79862867389));
#5943 = VECTOR('',#5944,1.);
#5944 = DIRECTION('',(-8.299386363514E-15,3.385518500372E-14,-1.));
#5945 = ORIENTED_EDGE('',*,*,#5946,.T.);
#5946 = EDGE_CURVE('',#5939,#5947,#5949,.T.);
#5947 = VERTEX_POINT('',#5948);
#5948 = CARTESIAN_POINT('',(-8.907970242713,-3.032214586548,
    27.555815919606));
#5949 = CIRCLE('',#5950,3.4);
#5950 = AXIS2_PLACEMENT_3D('',#5951,#5952,#5953);
#5951 = CARTESIAN_POINT('',(-8.907970242713,-1.849815590368,
    24.368037286477));
#5952 = DIRECTION('',(-1.,1.530687327934E-13,7.169386363519E-15));
#5953 = DIRECTION('',(-1.530687327934E-13,-1.,-5.326927421363E-14));
#5954 = ORIENTED_EDGE('',*,*,#5955,.T.);
#5955 = EDGE_CURVE('',#5947,#5956,#5958,.T.);
#5956 = VERTEX_POINT('',#5957);
#5957 = CARTESIAN_POINT('',(-8.907970247141,1.534606361593,
    30.749329474667));
#5958 = CIRCLE('',#5959,3.4);
#5959 = AXIS2_PLACEMENT_3D('',#5960,#5961,#5962);
#5960 = CARTESIAN_POINT('',(-8.907970242713,-1.865393617572,
    30.749329474667));
#5961 = DIRECTION('',(-1.,1.525687327934E-13,9.329386363519E-15));
#5962 = DIRECTION('',(-1.525687327934E-13,-1.,-4.100927421363E-14));
#5963 = ORIENTED_EDGE('',*,*,#5964,.T.);
#5964 = EDGE_CURVE('',#5956,#5965,#5967,.T.);
#5965 = VERTEX_POINT('',#5966);
#5966 = CARTESIAN_POINT('',(-8.907970242713,-0.682994652936,
    27.561550853064));
#5967 = CIRCLE('',#5968,3.4);
#5968 = AXIS2_PLACEMENT_3D('',#5969,#5970,#5971);
#5969 = CARTESIAN_POINT('',(-8.907970242713,-1.865393617572,
    30.749329474667));
#5970 = DIRECTION('',(-1.,1.525687327934E-13,9.329386363519E-15));
#5971 = DIRECTION('',(-1.525687327934E-13,-1.,-4.100927421363E-14));
#5972 = ORIENTED_EDGE('',*,*,#5973,.T.);
#5973 = EDGE_CURVE('',#5965,#5974,#5976,.T.);
#5974 = VERTEX_POINT('',#5975);
#5975 = CARTESIAN_POINT('',(-8.907970242712,1.549493257168,
    24.436589157815));
#5976 = CIRCLE('',#5977,3.4);
#5977 = AXIS2_PLACEMENT_3D('',#5978,#5979,#5980);
#5978 = CARTESIAN_POINT('',(-8.907970242713,-1.849815590368,
    24.368037286477));
#5979 = DIRECTION('',(-1.,1.530687327934E-13,7.169386363519E-15));
#5980 = DIRECTION('',(-1.530687327934E-13,-1.,-5.326927421363E-14));
#5981 = ORIENTED_EDGE('',*,*,#5982,.T.);
#5982 = EDGE_CURVE('',#5974,#5910,#5983,.T.);
#5983 = LINE('',#5984,#5985);
#5984 = CARTESIAN_POINT('',(-8.907970242713,1.549493257168,
    24.473562429261));
#5985 = VECTOR('',#5986,1.);
#5986 = DIRECTION('',(-9.329386363514E-15,3.385518500372E-14,-1.));
#5987 = PLANE('',#5988);
#5988 = AXIS2_PLACEMENT_3D('',#5989,#5990,#5991);
#5989 = CARTESIAN_POINT('',(-8.907970412336,18.985763135286,
    18.627058603643));
#5990 = DIRECTION('',(1.,1.582307612774E-09,-8.522150971027E-09));
#5991 = DIRECTION('',(8.52215113756E-09,-4.124478666956E-14,1.));
#5992 = ADVANCED_FACE('',(#5993),#6004,.F.);
#5993 = FACE_BOUND('',#5994,.F.);
#5994 = EDGE_LOOP('',(#5995,#5996,#6002,#6003));
#5995 = ORIENTED_EDGE('',*,*,#5186,.T.);
#5996 = ORIENTED_EDGE('',*,*,#5997,.T.);
#5997 = EDGE_CURVE('',#5187,#1798,#5998,.T.);
#5998 = LINE('',#5999,#6000);
#5999 = CARTESIAN_POINT('',(-6.918911039916,-2.062803343413,
    35.418037286477));
#6000 = VECTOR('',#6001,1.);
#6001 = DIRECTION('',(-1.,1.526166881884E-13,7.533252548722E-15));
#6002 = ORIENTED_EDGE('',*,*,#1797,.F.);
#6003 = ORIENTED_EDGE('',*,*,#5097,.T.);
#6004 = CYLINDRICAL_SURFACE('',#6005,4.);
#6005 = AXIS2_PLACEMENT_3D('',#6006,#6007,#6008);
#6006 = CARTESIAN_POINT('',(-6.918911039916,-2.062803343413,
    39.418037286477));
#6007 = DIRECTION('',(-1.,1.526166881884E-13,8.703252548722E-15));
#6008 = DIRECTION('',(4.684890207456E-14,0.363630921981,-0.93154310291)
  );
#6009 = ADVANCED_FACE('',(#6010),#6021,.F.);
#6010 = FACE_BOUND('',#6011,.T.);
#6011 = EDGE_LOOP('',(#6012,#6013,#6014,#6020));
#6012 = ORIENTED_EDGE('',*,*,#5997,.T.);
#6013 = ORIENTED_EDGE('',*,*,#1854,.T.);
#6014 = ORIENTED_EDGE('',*,*,#6015,.T.);
#6015 = EDGE_CURVE('',#1847,#5196,#6016,.T.);
#6016 = LINE('',#6017,#6018);
#6017 = CARTESIAN_POINT('',(-4.452766641665,-2.983396212971,
    35.418037286477));
#6018 = VECTOR('',#6019,1.);
#6019 = DIRECTION('',(1.,-1.525966881884E-13,-7.623252548722E-15));
#6020 = ORIENTED_EDGE('',*,*,#5195,.F.);
#6021 = PLANE('',#6022);
#6022 = AXIS2_PLACEMENT_3D('',#6023,#6024,#6025);
#6023 = CARTESIAN_POINT('',(-4.922557938163,19.712531752385,
    35.418037286478));
#6024 = DIRECTION('',(-9.369386363513E-15,4.104518500372E-14,-1.));
#6025 = DIRECTION('',(1.548987327934E-13,1.,4.148927421363E-14));
#6026 = ADVANCED_FACE('',(#6027),#6038,.T.);
#6027 = FACE_BOUND('',#6028,.T.);
#6028 = EDGE_LOOP('',(#6029,#6030,#6031,#6037));
#6029 = ORIENTED_EDGE('',*,*,#6015,.F.);
#6030 = ORIENTED_EDGE('',*,*,#1904,.T.);
#6031 = ORIENTED_EDGE('',*,*,#6032,.F.);
#6032 = EDGE_CURVE('',#5204,#1897,#6033,.T.);
#6033 = LINE('',#6034,#6035);
#6034 = CARTESIAN_POINT('',(-4.452766641665,-6.983396212971,
    31.418037286477));
#6035 = VECTOR('',#6036,1.);
#6036 = DIRECTION('',(-1.,1.525966881884E-13,7.623252548722E-15));
#6037 = ORIENTED_EDGE('',*,*,#5203,.F.);
#6038 = CYLINDRICAL_SURFACE('',#6039,4.);
#6039 = AXIS2_PLACEMENT_3D('',#6040,#6041,#6042);
#6040 = CARTESIAN_POINT('',(-4.452766641665,-2.983396212971,
    31.418037286477));
#6041 = DIRECTION('',(1.,-1.525966881884E-13,-8.703252548722E-15));
#6042 = DIRECTION('',(-1.014340056173E-13,-0.707106781187,0.707106781187
    ));
#6043 = ADVANCED_FACE('',(#6044),#6055,.F.);
#6044 = FACE_BOUND('',#6045,.T.);
#6045 = EDGE_LOOP('',(#6046,#6047,#6048,#6049));
#6046 = ORIENTED_EDGE('',*,*,#5212,.F.);
#6047 = ORIENTED_EDGE('',*,*,#6032,.T.);
#6048 = ORIENTED_EDGE('',*,*,#1952,.T.);
#6049 = ORIENTED_EDGE('',*,*,#6050,.T.);
#6050 = EDGE_CURVE('',#1945,#5213,#6051,.T.);
#6051 = LINE('',#6052,#6053);
#6052 = CARTESIAN_POINT('',(-4.453517999855,-6.98339621297,
    7.325042760467));
#6053 = VECTOR('',#6054,1.);
#6054 = DIRECTION('',(1.,-1.525966881884E-13,-3.923252548722E-15));
#6055 = PLANE('',#6056);
#6056 = AXIS2_PLACEMENT_3D('',#6057,#6058,#6059);
#6057 = CARTESIAN_POINT('',(-4.920368705779,-6.983396212971,
    33.866933428815));
#6058 = DIRECTION('',(1.528187327934E-13,1.,4.133927421363E-14));
#6059 = DIRECTION('',(2.639386363513E-15,-4.089518500372E-14,1.));
#6060 = ADVANCED_FACE('',(#6061),#6072,.T.);
#6061 = FACE_BOUND('',#6062,.T.);
#6062 = EDGE_LOOP('',(#6063,#6064,#6065,#6071));
#6063 = ORIENTED_EDGE('',*,*,#6050,.F.);
#6064 = ORIENTED_EDGE('',*,*,#2001,.T.);
#6065 = ORIENTED_EDGE('',*,*,#6066,.F.);
#6066 = EDGE_CURVE('',#5221,#1994,#6067,.T.);
#6067 = LINE('',#6068,#6069);
#6068 = CARTESIAN_POINT('',(-4.453517999855,-5.9711947398,6.325117201211
    ));
#6069 = VECTOR('',#6070,1.);
#6070 = DIRECTION('',(-1.,1.525966881884E-13,3.923252548722E-15));
#6071 = ORIENTED_EDGE('',*,*,#5220,.F.);
#6072 = CYLINDRICAL_SURFACE('',#6073,1.);
#6073 = AXIS2_PLACEMENT_3D('',#6074,#6075,#6076);
#6074 = CARTESIAN_POINT('',(-4.453517999855,-5.98339621297,
    7.325042760467));
#6075 = DIRECTION('',(1.,-1.525966881884E-13,-5.003252548722E-15));
#6076 = DIRECTION('',(-1.114311428772E-13,-0.702779669182,
    -0.711407574169));
#6077 = ADVANCED_FACE('',(#6078),#6089,.T.);
#6078 = FACE_BOUND('',#6079,.T.);
#6079 = EDGE_LOOP('',(#6080,#6081,#6082,#6088));
#6080 = ORIENTED_EDGE('',*,*,#6066,.T.);
#6081 = ORIENTED_EDGE('',*,*,#2050,.T.);
#6082 = ORIENTED_EDGE('',*,*,#6083,.F.);
#6083 = EDGE_CURVE('',#5230,#2043,#6084,.T.);
#6084 = LINE('',#6085,#6086);
#6085 = CARTESIAN_POINT('',(-4.453517999855,-4.050258826567,
    6.74380285804));
#6086 = VECTOR('',#6087,1.);
#6087 = DIRECTION('',(-1.,1.528466881884E-13,6.503252548722E-15));
#6088 = ORIENTED_EDGE('',*,*,#5229,.F.);
#6089 = CYLINDRICAL_SURFACE('',#6090,4.890098198916);
#6090 = AXIS2_PLACEMENT_3D('',#6091,#6092,#6093);
#6091 = CARTESIAN_POINT('',(-4.453517999855,-6.030861141771,
    11.214851377577));
#6092 = DIRECTION('',(1.,-1.525966881884E-13,-5.003252548722E-15));
#6093 = DIRECTION('',(-1.558262909613E-14,-6.494761781161E-02,
    -0.997888674623));
#6094 = ADVANCED_FACE('',(#6095),#6106,.F.);
#6095 = FACE_BOUND('',#6096,.F.);
#6096 = EDGE_LOOP('',(#6097,#6098,#6104,#6105));
#6097 = ORIENTED_EDGE('',*,*,#5238,.F.);
#6098 = ORIENTED_EDGE('',*,*,#6099,.F.);
#6099 = EDGE_CURVE('',#2090,#5239,#6100,.T.);
#6100 = LINE('',#6101,#6102);
#6101 = CARTESIAN_POINT('',(-10.90797002408,-5.302953599369,
    3.40038263839));
#6102 = VECTOR('',#6103,1.);
#6103 = DIRECTION('',(1.,-1.528466881884E-13,-5.423252548722E-15));
#6104 = ORIENTED_EDGE('',*,*,#2099,.F.);
#6105 = ORIENTED_EDGE('',*,*,#6083,.F.);
#6106 = CYLINDRICAL_SURFACE('',#6107,2.5);
#6107 = AXIS2_PLACEMENT_3D('',#6108,#6109,#6110);
#6108 = CARTESIAN_POINT('',(-10.90797002408,-3.037701289561,
    4.45803663328));
#6109 = DIRECTION('',(1.,-1.528466881884E-13,-7.583252548722E-15));
#6110 = DIRECTION('',(1.530687327934E-13,1.,4.300927421363E-14));
#6111 = ADVANCED_FACE('',(#6112),#6123,.T.);
#6112 = FACE_BOUND('',#6113,.T.);
#6113 = EDGE_LOOP('',(#6114,#6115,#6116,#6122));
#6114 = ORIENTED_EDGE('',*,*,#6099,.F.);
#6115 = ORIENTED_EDGE('',*,*,#2146,.T.);
#6116 = ORIENTED_EDGE('',*,*,#6117,.F.);
#6117 = EDGE_CURVE('',#5248,#2139,#6118,.T.);
#6118 = LINE('',#6119,#6120);
#6119 = CARTESIAN_POINT('',(-10.90797002408,-6.234109136429,
    3.783727975786));
#6120 = VECTOR('',#6121,1.);
#6121 = DIRECTION('',(-1.,1.528466881884E-13,6.503252548722E-15));
#6122 = ORIENTED_EDGE('',*,*,#5247,.F.);
#6123 = CYLINDRICAL_SURFACE('',#6124,0.743904251095);
#6124 = AXIS2_PLACEMENT_3D('',#6125,#6126,#6127);
#6125 = CARTESIAN_POINT('',(-10.90797002408,-5.977005928597,
    3.085665317196));
#6126 = DIRECTION('',(1.,-1.528466881884E-13,-7.583252548722E-15));
#6127 = DIRECTION('',(6.589981135854E-14,0.380688967393,0.924703147018)
  );
#6128 = ADVANCED_FACE('',(#6129),#6140,.T.);
#6129 = FACE_BOUND('',#6130,.T.);
#6130 = EDGE_LOOP('',(#6131,#6132,#6133,#6139));
#6131 = ORIENTED_EDGE('',*,*,#6117,.T.);
#6132 = ORIENTED_EDGE('',*,*,#2195,.T.);
#6133 = ORIENTED_EDGE('',*,*,#6134,.F.);
#6134 = EDGE_CURVE('',#5257,#2188,#6135,.T.);
#6135 = LINE('',#6136,#6137);
#6136 = CARTESIAN_POINT('',(-10.90797002408,-6.744971711642,
    2.628855859966));
#6137 = VECTOR('',#6138,1.);
#6138 = DIRECTION('',(-1.,1.528466881884E-13,6.503252548722E-15));
#6139 = ORIENTED_EDGE('',*,*,#5256,.F.);
#6140 = CYLINDRICAL_SURFACE('',#6141,0.878972464496);
#6141 = AXIS2_PLACEMENT_3D('',#6142,#6143,#6144);
#6142 = CARTESIAN_POINT('',(-10.90797002408,-5.93032455678,2.95892040883
    ));
#6143 = DIRECTION('',(-1.,1.528466881884E-13,7.583252548722E-15));
#6144 = DIRECTION('',(-1.021796344414E-13,-0.705723615158,0.708487246891
    ));
#6145 = ADVANCED_FACE('',(#6146),#6152,.T.);
#6146 = FACE_BOUND('',#6147,.T.);
#6147 = EDGE_LOOP('',(#6148,#6149,#6150,#6151));
#6148 = ORIENTED_EDGE('',*,*,#6134,.T.);
#6149 = ORIENTED_EDGE('',*,*,#2246,.T.);
#6150 = ORIENTED_EDGE('',*,*,#2334,.F.);
#6151 = ORIENTED_EDGE('',*,*,#5265,.F.);
#6152 = CYLINDRICAL_SURFACE('',#6153,4.);
#6153 = AXIS2_PLACEMENT_3D('',#6154,#6155,#6156);
#6154 = CARTESIAN_POINT('',(-10.90797002408,-3.037701289561,
    4.130903135375));
#6155 = DIRECTION('',(1.,-1.528466881884E-13,-7.583252548722E-15));
#6156 = DIRECTION('',(1.530687327934E-13,1.,4.300927421363E-14));
#6157 = ADVANCED_FACE('',(#6158),#6169,.T.);
#6158 = FACE_BOUND('',#6159,.T.);
#6159 = EDGE_LOOP('',(#6160,#6161,#6162,#6168));
#6160 = ORIENTED_EDGE('',*,*,#2353,.F.);
#6161 = ORIENTED_EDGE('',*,*,#2409,.F.);
#6162 = ORIENTED_EDGE('',*,*,#6163,.T.);
#6163 = EDGE_CURVE('',#2402,#5274,#6164,.T.);
#6164 = LINE('',#6165,#6166);
#6165 = CARTESIAN_POINT('',(-12.90797034516,-4.059443291895,
    -1.456460320465));
#6166 = VECTOR('',#6167,1.);
#6167 = DIRECTION('',(1.,-1.526866881884E-13,-8.103252548722E-15));
#6168 = ORIENTED_EDGE('',*,*,#5273,.F.);
#6169 = PLANE('',#6170);
#6170 = AXIS2_PLACEMENT_3D('',#6171,#6172,#6173);
#6171 = CARTESIAN_POINT('',(-12.90797034516,-1.51914182884,
    10.07393878449));
#6172 = DIRECTION('',(-1.472098729125E-13,-0.976580197717,0.215153706517
    ));
#6173 = DIRECTION('',(-4.091726639944E-14,-0.215153706517,
    -0.976580197717));
#6174 = ADVANCED_FACE('',(#6175),#6187,.T.);
#6175 = FACE_BOUND('',#6176,.T.);
#6176 = EDGE_LOOP('',(#6177,#6178,#6179,#6180,#6186));
#6177 = ORIENTED_EDGE('',*,*,#6163,.F.);
#6178 = ORIENTED_EDGE('',*,*,#2468,.T.);
#6179 = ORIENTED_EDGE('',*,*,#2456,.T.);
#6180 = ORIENTED_EDGE('',*,*,#6181,.T.);
#6181 = EDGE_CURVE('',#2449,#5282,#6182,.T.);
#6182 = LINE('',#6183,#6184);
#6183 = CARTESIAN_POINT('',(-12.90797034516,2.351557303016,
    -4.027225842646));
#6184 = VECTOR('',#6185,1.);
#6185 = DIRECTION('',(1.,-1.526866881884E-13,-9.103252548722E-15));
#6186 = ORIENTED_EDGE('',*,*,#5281,.T.);
#6187 = B_SPLINE_SURFACE_WITH_KNOTS('',3,1,(
    (#6188,#6189)
    ,(#6190,#6191)
    ,(#6192,#6193)
    ,(#6194,#6195)
    ,(#6196,#6197)
    ,(#6198,#6199)
    ,(#6200,#6201)
    ,(#6202,#6203)
    ,(#6204,#6205)
    ,(#6206,#6207)
    ,(#6208,#6209)
    ,(#6210,#6211)
    ,(#6212,#6213)
    ,(#6214,#6215)
    ,(#6216,#6217)
    ,(#6218,#6219)
    ,(#6220,#6221)
    ,(#6222,#6223)
    ,(#6224,#6225
  )),.UNSPECIFIED.,.F.,.F.,.F.,(4,2,2,2,2,2,2,3,4),(2,2),(0.,
    0.148701125243,0.291543632699,0.427157957998,0.558848387528,
    0.686269888356,0.814745184141,0.915534507009,1.010904897903),(
    -1.039999689029,0.417861104318),.UNSPECIFIED.);
#6188 = CARTESIAN_POINT('',(-23.30796723545,-4.059443291893,
    -1.456460320465));
#6189 = CARTESIAN_POINT('',(-8.729359301985,-4.059443291896,
    -1.456460320465));
#6190 = CARTESIAN_POINT('',(-23.30796723545,-4.166088619424,
    -1.940522234766));
#6191 = CARTESIAN_POINT('',(-8.729359301985,-4.166088619426,
    -1.940522234767));
#6192 = CARTESIAN_POINT('',(-23.30796723545,-4.180488527831,
    -2.441640945973));
#6193 = CARTESIAN_POINT('',(-8.729359301985,-4.180488527834,
    -2.441640945973));
#6194 = CARTESIAN_POINT('',(-23.30796723545,-4.018393936071,
    -3.399190494621));
#6195 = CARTESIAN_POINT('',(-8.729359301985,-4.018393936073,
    -3.399190494622));
#6196 = CARTESIAN_POINT('',(-23.30796723545,-3.850573108415,
    -3.849205304288));
#6197 = CARTESIAN_POINT('',(-8.729359301985,-3.850573108418,
    -3.849205304288));
#6198 = CARTESIAN_POINT('',(-23.30796723545,-3.359064337851,
    -4.634814483577));
#6199 = CARTESIAN_POINT('',(-8.729359301985,-3.359064337854,
    -4.634814483577));
#6200 = CARTESIAN_POINT('',(-23.30796723545,-3.048656071125,
    -4.966913686166));
#6201 = CARTESIAN_POINT('',(-8.729359301985,-3.048656071127,
    -4.966913686166));
#6202 = CARTESIAN_POINT('',(-23.30796723545,-2.323466111701,
    -5.481098699594));
#6203 = CARTESIAN_POINT('',(-8.729359301985,-2.323466111704,
    -5.481098699594));
#6204 = CARTESIAN_POINT('',(-23.30796723545,-1.920950389308,
    -5.660783714061));
#6205 = CARTESIAN_POINT('',(-8.729359301985,-1.920950389311,
    -5.660783714061));
#6206 = CARTESIAN_POINT('',(-23.30796723545,-1.080392341515,
    -5.850344369012));
#6207 = CARTESIAN_POINT('',(-8.729359301985,-1.080392341518,
    -5.850344369012));
#6208 = CARTESIAN_POINT('',(-23.30796723545,-0.654029583327,
    -5.863298587555));
#6209 = CARTESIAN_POINT('',(-8.729359301985,-0.654029583329,
    -5.863298587555));
#6210 = CARTESIAN_POINT('',(-23.30796723545,0.187281241184,
    -5.73280864921));
#6211 = CARTESIAN_POINT('',(-8.729359301984,0.187281241181,
    -5.73280864921));
#6212 = CARTESIAN_POINT('',(-23.30796723545,0.593592305311,
    -5.589464332723));
#6213 = CARTESIAN_POINT('',(-8.729359301985,0.593592305308,
    -5.589464332724));
#6214 = CARTESIAN_POINT('',(-23.30796723545,1.258379392419,
    -5.214370514997));
#6215 = CARTESIAN_POINT('',(-8.729359301985,1.258379392417,
    -5.214370514997));
#6216 = CARTESIAN_POINT('',(-23.30796723545,1.526787553412,
    -5.010077401987));
#6217 = CARTESIAN_POINT('',(-8.729359301984,1.52678755341,
    -5.010077401987));
#6218 = CARTESIAN_POINT('',(-23.30796723545,1.764940028404,
    -4.773680338059));
#6219 = CARTESIAN_POINT('',(-8.729359301984,1.764940028402,
    -4.773680338059));
#6220 = CARTESIAN_POINT('',(-23.30796723545,1.990288249685,
    -4.549993148269));
#6221 = CARTESIAN_POINT('',(-8.729359301984,1.990288249683,
    -4.549993148269));
#6222 = CARTESIAN_POINT('',(-23.30796723545,2.187203440385,
    -4.29889768062));
#6223 = CARTESIAN_POINT('',(-8.729359301984,2.187203440383,
    -4.29889768062));
#6224 = CARTESIAN_POINT('',(-23.30796723545,2.351557303018,
    -4.027225842646));
#6225 = CARTESIAN_POINT('',(-8.729359301984,2.351557303015,
    -4.027225842646));
#6226 = ADVANCED_FACE('',(#6227),#6241,.T.);
#6227 = FACE_BOUND('',#6228,.T.);
#6228 = EDGE_LOOP('',(#6229,#6230,#6231,#6232,#6233,#6234,#6240));
#6229 = ORIENTED_EDGE('',*,*,#6181,.F.);
#6230 = ORIENTED_EDGE('',*,*,#2557,.F.);
#6231 = ORIENTED_EDGE('',*,*,#2597,.T.);
#6232 = ORIENTED_EDGE('',*,*,#2655,.F.);
#6233 = ORIENTED_EDGE('',*,*,#2703,.F.);
#6234 = ORIENTED_EDGE('',*,*,#6235,.F.);
#6235 = EDGE_CURVE('',#5312,#2696,#6236,.T.);
#6236 = LINE('',#6237,#6238);
#6237 = CARTESIAN_POINT('',(-8.915264141663,9.423236514851,
    7.662040586943));
#6238 = VECTOR('',#6239,1.);
#6239 = DIRECTION('',(-1.,1.501066881884E-13,4.833252548722E-15));
#6240 = ORIENTED_EDGE('',*,*,#5311,.F.);
#6241 = PLANE('',#6242);
#6242 = AXIS2_PLACEMENT_3D('',#6243,#6244,#6245);
#6243 = CARTESIAN_POINT('',(-12.90797034516,2.351557303016,
    -4.027225842645));
#6244 = DIRECTION('',(1.25169739129E-13,0.8556104034,-0.51762036049));
#6245 = DIRECTION('',(8.710420957809E-14,0.51762036049,0.8556104034));
#6246 = ADVANCED_FACE('',(#6247),#6258,.F.);
#6247 = FACE_BOUND('',#6248,.F.);
#6248 = EDGE_LOOP('',(#6249,#6250,#6256,#6257));
#6249 = ORIENTED_EDGE('',*,*,#5319,.F.);
#6250 = ORIENTED_EDGE('',*,*,#6251,.F.);
#6251 = EDGE_CURVE('',#2744,#5320,#6252,.T.);
#6252 = LINE('',#6253,#6254);
#6253 = CARTESIAN_POINT('',(-8.915264141662,13.701288531849,
    10.073938784491));
#6254 = VECTOR('',#6255,1.);
#6255 = DIRECTION('',(1.,-1.501066881884E-13,-4.833252548722E-15));
#6256 = ORIENTED_EDGE('',*,*,#2743,.T.);
#6257 = ORIENTED_EDGE('',*,*,#6235,.F.);
#6258 = CYLINDRICAL_SURFACE('',#6259,5.);
#6259 = AXIS2_PLACEMENT_3D('',#6260,#6261,#6262);
#6260 = CARTESIAN_POINT('',(-8.915264141662,13.70128853185,
    5.073938784491));
#6261 = DIRECTION('',(1.,-1.501066881884E-13,-6.003252548722E-15));
#6262 = DIRECTION('',(-6.801838130596E-14,-0.491110801912,0.871097112982
    ));
#6263 = ADVANCED_FACE('',(#6264),#6275,.T.);
#6264 = FACE_BOUND('',#6265,.T.);
#6265 = EDGE_LOOP('',(#6266,#6267,#6268,#6274));
#6266 = ORIENTED_EDGE('',*,*,#6251,.F.);
#6267 = ORIENTED_EDGE('',*,*,#2798,.F.);
#6268 = ORIENTED_EDGE('',*,*,#6269,.F.);
#6269 = EDGE_CURVE('',#5329,#2791,#6270,.T.);
#6270 = LINE('',#6271,#6272);
#6271 = CARTESIAN_POINT('',(-8.915264141661,25.973159909351,
    10.073938784491));
#6272 = VECTOR('',#6273,1.);
#6273 = DIRECTION('',(-1.,1.547066881884E-13,4.833252548723E-15));
#6274 = ORIENTED_EDGE('',*,*,#5328,.T.);
#6275 = PLANE('',#6276);
#6276 = AXIS2_PLACEMENT_3D('',#6277,#6278,#6279);
#6277 = CARTESIAN_POINT('',(-4.922557938164,19.846558392645,
    10.073938784491));
#6278 = DIRECTION('',(-6.669386363512E-15,4.334518500372E-14,-1.));
#6279 = DIRECTION('',(1.506887327934E-13,1.,4.378927421363E-14));
#6280 = ADVANCED_FACE('',(#6281),#6292,.F.);
#6281 = FACE_BOUND('',#6282,.F.);
#6282 = EDGE_LOOP('',(#6283,#6284,#6290,#6291));
#6283 = ORIENTED_EDGE('',*,*,#5336,.F.);
#6284 = ORIENTED_EDGE('',*,*,#6285,.F.);
#6285 = EDGE_CURVE('',#2841,#5337,#6286,.T.);
#6286 = LINE('',#6287,#6288);
#6287 = CARTESIAN_POINT('',(-8.91526414166,30.25121192635,7.662040586943
    ));
#6288 = VECTOR('',#6289,1.);
#6289 = DIRECTION('',(1.,-1.547066881884E-13,-3.753252548723E-15));
#6290 = ORIENTED_EDGE('',*,*,#2840,.T.);
#6291 = ORIENTED_EDGE('',*,*,#6269,.F.);
#6292 = CYLINDRICAL_SURFACE('',#6293,5.);
#6293 = AXIS2_PLACEMENT_3D('',#6294,#6295,#6296);
#6294 = CARTESIAN_POINT('',(-8.915264141661,25.973159909351,
    5.073938784492));
#6295 = DIRECTION('',(1.,-1.547066881884E-13,-6.003252548723E-15));
#6296 = DIRECTION('',(8.189685740799E-14,0.491110801912,0.871097112982)
  );
#6297 = ADVANCED_FACE('',(#6298),#6312,.T.);
#6298 = FACE_BOUND('',#6299,.T.);
#6299 = EDGE_LOOP('',(#6300,#6301,#6302,#6308,#6309,#6310,#6311));
#6300 = ORIENTED_EDGE('',*,*,#2993,.T.);
#6301 = ORIENTED_EDGE('',*,*,#3041,.F.);
#6302 = ORIENTED_EDGE('',*,*,#6303,.T.);
#6303 = EDGE_CURVE('',#3034,#5346,#6304,.T.);
#6304 = LINE('',#6305,#6306);
#6305 = CARTESIAN_POINT('',(-12.90797034515,37.324878845699,
    -4.030511461519));
#6306 = VECTOR('',#6307,1.);
#6307 = DIRECTION('',(1.,-1.521266881884E-13,-8.023252548722E-15));
#6308 = ORIENTED_EDGE('',*,*,#5345,.F.);
#6309 = ORIENTED_EDGE('',*,*,#6285,.F.);
#6310 = ORIENTED_EDGE('',*,*,#2895,.F.);
#6311 = ORIENTED_EDGE('',*,*,#2935,.T.);
#6312 = PLANE('',#6313);
#6313 = AXIS2_PLACEMENT_3D('',#6314,#6315,#6316);
#6314 = CARTESIAN_POINT('',(-12.90797034515,28.792080983668,
    10.073938784492));
#6315 = DIRECTION('',(-1.360077636328E-13,-0.8556104034,-0.51762036049)
  );
#6316 = DIRECTION('',(7.117595646084E-14,0.51762036049,-0.8556104034));
#6317 = ADVANCED_FACE('',(#6318),#6331,.T.);
#6318 = FACE_BOUND('',#6319,.T.);
#6319 = EDGE_LOOP('',(#6320,#6321,#6322,#6323,#6324,#6330));
#6320 = ORIENTED_EDGE('',*,*,#6303,.F.);
#6321 = ORIENTED_EDGE('',*,*,#3093,.F.);
#6322 = ORIENTED_EDGE('',*,*,#3079,.F.);
#6323 = ORIENTED_EDGE('',*,*,#3110,.F.);
#6324 = ORIENTED_EDGE('',*,*,#6325,.T.);
#6325 = EDGE_CURVE('',#3103,#5354,#6326,.T.);
#6326 = LINE('',#6327,#6328);
#6327 = CARTESIAN_POINT('',(-12.90797034515,43.734719057976,
    -1.460215538564));
#6328 = VECTOR('',#6329,1.);
#6329 = DIRECTION('',(1.,-1.521266881884E-13,-4.773252548722E-15));
#6330 = ORIENTED_EDGE('',*,*,#5353,.T.);
#6331 = B_SPLINE_SURFACE_WITH_KNOTS('',3,1,(
    (#6332,#6333)
    ,(#6334,#6335)
    ,(#6336,#6337)
    ,(#6338,#6339)
    ,(#6340,#6341)
    ,(#6342,#6343)
    ,(#6344,#6345)
    ,(#6346,#6347)
    ,(#6348,#6349)
    ,(#6350,#6351)
    ,(#6352,#6353)
    ,(#6354,#6355)
    ,(#6356,#6357)
    ,(#6358,#6359)
    ,(#6360,#6361)
    ,(#6362,#6363)
    ,(#6364,#6365)
    ,(#6366,#6367)
    ,(#6368,#6369)
    ,(#6370,#6371)
    ,(#6372,#6373
    )),.UNSPECIFIED.,.F.,.F.,.F.,(4,2,3,2,2,2,2,2,2,4),(2,2),(
    -1.327205823691E-04,2.702320002566E-02,0.158754006799,0.290817867744
    ,0.426165275297,0.557764213798,0.685324800134,0.814082672105,
    0.920246756964,1.010629425704),(-0.18627416998,0.400000010245),
  .UNSPECIFIED.);
#6332 = CARTESIAN_POINT('',(-14.77071204495,37.324878845699,
    -4.030511461519));
#6333 = CARTESIAN_POINT('',(-8.907970242707,37.324878845698,
    -4.030511461519));
#6334 = CARTESIAN_POINT('',(-14.77071204495,37.371645559102,
    -4.107815388441));
#6335 = CARTESIAN_POINT('',(-8.907970242707,37.371645559102,
    -4.107815388441));
#6336 = CARTESIAN_POINT('',(-14.77071204495,37.421071822969,
    -4.183490204845));
#6337 = CARTESIAN_POINT('',(-8.907970242707,37.421071822969,
    -4.183490204845));
#6338 = CARTESIAN_POINT('',(-14.77071204495,37.725320429692,
    -4.615784459227));
#6339 = CARTESIAN_POINT('',(-8.907970242707,37.725320429691,
    -4.615784459227));
#6340 = CARTESIAN_POINT('',(-14.77071204495,38.036724339588,
    -4.930020152992));
#6341 = CARTESIAN_POINT('',(-8.907970242707,38.036724339587,
    -4.930020152992));
#6342 = CARTESIAN_POINT('',(-14.77071204495,38.394811009026,
    -5.182726203363));
#6343 = CARTESIAN_POINT('',(-8.907970242707,38.394811009026,
    -5.182726203363));
#6344 = CARTESIAN_POINT('',(-14.77071204495,38.753803026742,
    -5.436071168854));
#6345 = CARTESIAN_POINT('',(-8.907970242707,38.753803026741,
    -5.436071168854));
#6346 = CARTESIAN_POINT('',(-14.77071204495,39.154943976026,
    -5.624192885688));
#6347 = CARTESIAN_POINT('',(-8.907970242707,39.154943976026,
    -5.624192885689));
#6348 = CARTESIAN_POINT('',(-14.77071204495,40.016995601336,
    -5.845161999547));
#6349 = CARTESIAN_POINT('',(-8.907970242707,40.016995601335,
    -5.845161999547));
#6350 = CARTESIAN_POINT('',(-14.77071204495,40.469878772356,
    -5.871549222313));
#6351 = CARTESIAN_POINT('',(-8.907970242707,40.469878772355,
    -5.871549222313));
#6352 = CARTESIAN_POINT('',(-14.77071204495,41.348475152486,
    -5.744098588068));
#6353 = CARTESIAN_POINT('',(-8.907970242707,41.348475152486,
    -5.744098588068));
#6354 = CARTESIAN_POINT('',(-14.77071204495,41.763603979688,
    -5.596752512286));
#6355 = CARTESIAN_POINT('',(-8.907970242707,41.763603979687,
    -5.596752512286));
#6356 = CARTESIAN_POINT('',(-14.77071204495,42.503321772495,
    -5.154481603106));
#6357 = CARTESIAN_POINT('',(-8.907970242706,42.503321772494,
    -5.154481603106));
#6358 = CARTESIAN_POINT('',(-14.77071204495,42.821451054143,
    -4.869566305933));
#6359 = CARTESIAN_POINT('',(-8.907970242706,42.821451054142,
    -4.869566305933));
#6360 = CARTESIAN_POINT('',(-14.77071204495,43.341856880148,
    -4.193943759869));
#6361 = CARTESIAN_POINT('',(-8.907970242706,43.341856880147,
    -4.193943759869));
#6362 = CARTESIAN_POINT('',(-14.77071204495,43.5378374533,
    -3.809114915033));
#6363 = CARTESIAN_POINT('',(-8.907970242707,43.537837453299,
    -3.809114915033));
#6364 = CARTESIAN_POINT('',(-14.77071204495,43.766382727307,
    -3.061067100091));
#6365 = CARTESIAN_POINT('',(-8.907970242707,43.766382727306,
    -3.061067100091));
#6366 = CARTESIAN_POINT('',(-14.77071204495,43.820482207858,
    -2.709603536349));
#6367 = CARTESIAN_POINT('',(-8.907970242706,43.820482207857,
    -2.709603536349));
#6368 = CARTESIAN_POINT('',(-14.77071204495,43.830337046234,
    -2.055044374366));
#6369 = CARTESIAN_POINT('',(-8.907970242706,43.830337046233,
    -2.055044374366));
#6370 = CARTESIAN_POINT('',(-14.77071204495,43.799495859926,
    -1.75423669711));
#6371 = CARTESIAN_POINT('',(-8.907970242706,43.799495859925,
    -1.75423669711));
#6372 = CARTESIAN_POINT('',(-14.77071204495,43.734719057976,
    -1.460215538564));
#6373 = CARTESIAN_POINT('',(-8.907970242706,43.734719057975,
    -1.460215538563));
#6374 = ADVANCED_FACE('',(#6375),#6386,.T.);
#6375 = FACE_BOUND('',#6376,.T.);
#6376 = EDGE_LOOP('',(#6377,#6378,#6379,#6385));
#6377 = ORIENTED_EDGE('',*,*,#6325,.F.);
#6378 = ORIENTED_EDGE('',*,*,#3183,.F.);
#6379 = ORIENTED_EDGE('',*,*,#6380,.T.);
#6380 = EDGE_CURVE('',#3184,#5387,#6381,.T.);
#6381 = LINE('',#6382,#6383);
#6382 = CARTESIAN_POINT('',(-10.90797002407,43.367658559539,
    0.205867839408));
#6383 = VECTOR('',#6384,1.);
#6384 = DIRECTION('',(1.,-1.523466881884E-13,-6.503252548722E-15));
#6385 = ORIENTED_EDGE('',*,*,#5386,.F.);
#6386 = PLANE('',#6387);
#6387 = AXIS2_PLACEMENT_3D('',#6388,#6389,#6390);
#6388 = CARTESIAN_POINT('',(-12.90797034515,43.734719057976,
    -1.460215538563));
#6389 = DIRECTION('',(1.50901660927E-13,0.976580197716,0.215153706517));
#6390 = DIRECTION('',(-2.492491943221E-14,-0.215153706517,0.976580197716
    ));
#6391 = ADVANCED_FACE('',(#6392),#6403,.T.);
#6392 = FACE_BOUND('',#6393,.T.);
#6393 = EDGE_LOOP('',(#6394,#6395,#6396,#6402));
#6394 = ORIENTED_EDGE('',*,*,#6380,.F.);
#6395 = ORIENTED_EDGE('',*,*,#3232,.F.);
#6396 = ORIENTED_EDGE('',*,*,#6397,.F.);
#6397 = EDGE_CURVE('',#5395,#3233,#6398,.T.);
#6398 = LINE('',#6399,#6400);
#6399 = CARTESIAN_POINT('',(-10.90797002407,46.304151500503,
    2.628855859968));
#6400 = VECTOR('',#6401,1.);
#6401 = DIRECTION('',(-1.,1.523466881884E-13,4.343252548722E-15));
#6402 = ORIENTED_EDGE('',*,*,#5394,.T.);
#6403 = CYLINDRICAL_SURFACE('',#6404,4.);
#6404 = AXIS2_PLACEMENT_3D('',#6405,#6406,#6407);
#6405 = CARTESIAN_POINT('',(-10.90797002407,42.596881078422,
    4.130903135377));
#6406 = DIRECTION('',(-1.,1.523466881884E-13,7.583252548722E-15));
#6407 = DIRECTION('',(-1.525687327934E-13,-1.,-3.966927421363E-14));
#6408 = ADVANCED_FACE('',(#6409),#6415,.T.);
#6409 = FACE_BOUND('',#6410,.T.);
#6410 = EDGE_LOOP('',(#6411,#6412,#6413,#6414));
#6411 = ORIENTED_EDGE('',*,*,#6397,.T.);
#6412 = ORIENTED_EDGE('',*,*,#3300,.F.);
#6413 = ORIENTED_EDGE('',*,*,#3292,.F.);
#6414 = ORIENTED_EDGE('',*,*,#5403,.T.);
#6415 = CYLINDRICAL_SURFACE('',#6416,0.878972464496);
#6416 = AXIS2_PLACEMENT_3D('',#6417,#6418,#6419);
#6417 = CARTESIAN_POINT('',(-10.90797002407,45.489504345641,
    2.958920408832));
#6418 = DIRECTION('',(1.,-1.523466881884E-13,-6.503252548722E-15));
#6419 = DIRECTION('',(1.127507764736E-13,0.705723615158,0.708487246892)
  );
#6420 = ADVANCED_FACE('',(#6421),#6432,.T.);
#6421 = FACE_BOUND('',#6422,.T.);
#6422 = EDGE_LOOP('',(#6423,#6424,#6425,#6431));
#6423 = ORIENTED_EDGE('',*,*,#3404,.T.);
#6424 = ORIENTED_EDGE('',*,*,#3462,.F.);
#6425 = ORIENTED_EDGE('',*,*,#6426,.T.);
#6426 = EDGE_CURVE('',#3455,#5414,#6427,.T.);
#6427 = LINE('',#6428,#6429);
#6428 = CARTESIAN_POINT('',(-10.9079702427,48.35357600183,9.240245175899
    ));
#6429 = VECTOR('',#6430,1.);
#6430 = DIRECTION('',(1.,-1.527421993396E-13,-9.959786002422E-15));
#6431 = ORIENTED_EDGE('',*,*,#5413,.T.);
#6432 = CYLINDRICAL_SURFACE('',#6433,2.910062836194);
#6433 = AXIS2_PLACEMENT_3D('',#6434,#6435,#6436);
#6434 = CARTESIAN_POINT('',(-10.90796958052,45.443513165635,
    9.240245175899));
#6435 = DIRECTION('',(-1.,1.527977104909E-13,1.001529715366E-14));
#6436 = DIRECTION('',(9.646191035914E-14,0.680440078173,-0.732803725438)
  );
#6437 = ADVANCED_FACE('',(#6438),#6455,.T.);
#6438 = FACE_BOUND('',#6439,.T.);
#6439 = EDGE_LOOP('',(#6440,#6446,#6447,#6453,#6454));
#6440 = ORIENTED_EDGE('',*,*,#6441,.T.);
#6441 = EDGE_CURVE('',#3644,#5431,#6442,.T.);
#6442 = LINE('',#6443,#6444);
#6443 = CARTESIAN_POINT('',(-10.9079702427,48.186637986172,13.1277168336
    ));
#6444 = VECTOR('',#6445,1.);
#6445 = DIRECTION('',(1.,-1.527421993396E-13,-9.959786002422E-15));
#6446 = ORIENTED_EDGE('',*,*,#5430,.T.);
#6447 = ORIENTED_EDGE('',*,*,#6448,.T.);
#6448 = EDGE_CURVE('',#5423,#3521,#6449,.T.);
#6449 = LINE('',#6450,#6451);
#6450 = CARTESIAN_POINT('',(-9.907970242705,48.35357600183,
    12.574537179017));
#6451 = VECTOR('',#6452,1.);
#6452 = DIRECTION('',(-1.,1.525966881884E-13,5.154274851184E-15));
#6453 = ORIENTED_EDGE('',*,*,#3520,.T.);
#6454 = ORIENTED_EDGE('',*,*,#3652,.T.);
#6455 = CYLINDRICAL_SURFACE('',#6456,1.);
#6456 = AXIS2_PLACEMENT_3D('',#6457,#6458,#6459);
#6457 = CARTESIAN_POINT('',(-10.90796958052,47.35357600183,
    12.574537179017));
#6458 = DIRECTION('',(-1.,1.527977104909E-13,8.935297153659E-15));
#6459 = DIRECTION('',(1.490658546168E-13,0.95735625144,0.288910034144));
#6460 = ADVANCED_FACE('',(#6461),#6467,.T.);
#6461 = FACE_BOUND('',#6462,.T.);
#6462 = EDGE_LOOP('',(#6463,#6464,#6465,#6466));
#6463 = ORIENTED_EDGE('',*,*,#6426,.F.);
#6464 = ORIENTED_EDGE('',*,*,#3529,.T.);
#6465 = ORIENTED_EDGE('',*,*,#6448,.F.);
#6466 = ORIENTED_EDGE('',*,*,#5422,.T.);
#6467 = PLANE('',#6468);
#6468 = AXIS2_PLACEMENT_3D('',#6469,#6470,#6471);
#6469 = CARTESIAN_POINT('',(-10.70797040067,48.35357600183,
    10.90739118054));
#6470 = DIRECTION('',(1.534188171411E-13,1.,4.049095875058E-14));
#6471 = DIRECTION('',(1.199040866596E-14,-4.026891414563E-14,1.));
#6472 = ADVANCED_FACE('',(#6473),#6485,.T.);
#6473 = FACE_BOUND('',#6474,.T.);
#6474 = EDGE_LOOP('',(#6475,#6476,#6482,#6483,#6484));
#6475 = ORIENTED_EDGE('',*,*,#5041,.F.);
#6476 = ORIENTED_EDGE('',*,*,#6477,.T.);
#6477 = EDGE_CURVE('',#5034,#3610,#6478,.T.);
#6478 = LINE('',#6479,#6480);
#6479 = CARTESIAN_POINT('',(-11.69615457013,24.982235040526,
    58.624740859251));
#6480 = VECTOR('',#6481,1.);
#6481 = DIRECTION('',(-0.999717818383,2.375465443834E-02,
    9.228525350491E-15));
#6482 = ORIENTED_EDGE('',*,*,#3627,.T.);
#6483 = ORIENTED_EDGE('',*,*,#3586,.F.);
#6484 = ORIENTED_EDGE('',*,*,#3543,.T.);
#6485 = PLANE('',#6486);
#6486 = AXIS2_PLACEMENT_3D('',#6487,#6488,#6489);
#6487 = CARTESIAN_POINT('',(-8.470282818245,24.987224220594,
    58.504758610513));
#6488 = DIRECTION('',(1.9641121849E-02,0.826599247589,0.562448140025));
#6489 = DIRECTION('',(-0.999717818383,2.375465443834E-02,
    1.046767966232E-14));
#6490 = ADVANCED_FACE('',(#6491),#6502,.T.);
#6491 = FACE_BOUND('',#6492,.T.);
#6492 = EDGE_LOOP('',(#6493,#6494,#6500,#6501));
#6493 = ORIENTED_EDGE('',*,*,#5033,.F.);
#6494 = ORIENTED_EDGE('',*,*,#6495,.F.);
#6495 = EDGE_CURVE('',#3612,#5025,#6496,.T.);
#6496 = LINE('',#6497,#6498);
#6497 = CARTESIAN_POINT('',(-14.77396980544,30.20822425891,
    58.624740859251));
#6498 = VECTOR('',#6499,1.);
#6499 = DIRECTION('',(1.,-1.527666881884E-13,-6.093252548722E-15));
#6500 = ORIENTED_EDGE('',*,*,#3609,.F.);
#6501 = ORIENTED_EDGE('',*,*,#6477,.F.);
#6502 = PLANE('',#6503);
#6503 = AXIS2_PLACEMENT_3D('',#6504,#6505,#6506);
#6504 = CARTESIAN_POINT('',(-14.77396980544,31.208224220595,
    58.624740859252));
#6505 = DIRECTION('',(8.919386363513E-15,-4.074518500372E-14,1.));
#6506 = DIRECTION('',(1.,-1.527666881884E-13,-8.253252548722E-15));
#6507 = ADVANCED_FACE('',(#6508),#6519,.T.);
#6508 = FACE_BOUND('',#6509,.T.);
#6509 = EDGE_LOOP('',(#6510,#6516,#6517,#6518));
#6510 = ORIENTED_EDGE('',*,*,#6511,.T.);
#6511 = EDGE_CURVE('',#3642,#5440,#6512,.T.);
#6512 = LINE('',#6513,#6514);
#6513 = CARTESIAN_POINT('',(-10.9079702427,47.04522401037,
    14.196572077356));
#6514 = VECTOR('',#6515,1.);
#6515 = DIRECTION('',(1.,-1.527421993396E-13,-9.959786002422E-15));
#6516 = ORIENTED_EDGE('',*,*,#5439,.T.);
#6517 = ORIENTED_EDGE('',*,*,#6441,.F.);
#6518 = ORIENTED_EDGE('',*,*,#3641,.F.);
#6519 = CYLINDRICAL_SURFACE('',#6520,3.4);
#6520 = AXIS2_PLACEMENT_3D('',#6521,#6522,#6523);
#6521 = CARTESIAN_POINT('',(-10.9079702427,45.354227239409,
    11.246906008019));
#6522 = DIRECTION('',(-1.,1.524577104909E-13,5.645297153659E-15));
#6523 = DIRECTION('',(1.525687327933E-13,1.,4.107825191115E-14));
#6524 = ADVANCED_FACE('',(#6525),#6545,.T.);
#6525 = FACE_BOUND('',#6526,.T.);
#6526 = EDGE_LOOP('',(#6527,#6536,#6542,#6543,#6544));
#6527 = ORIENTED_EDGE('',*,*,#6528,.T.);
#6528 = EDGE_CURVE('',#5017,#6529,#6531,.T.);
#6529 = VERTEX_POINT('',#6530);
#6530 = CARTESIAN_POINT('',(-6.942657839164,31.208224258909,
    57.624740859251));
#6531 = ELLIPSE('',#6532,1.390163591017,1.);
#6532 = AXIS2_PLACEMENT_3D('',#6533,#6534,#6535);
#6533 = CARTESIAN_POINT('',(-6.942657839165,30.208224258909,
    57.624740859252));
#6534 = DIRECTION('',(-0.719339800339,1.369933586072E-13,-0.694658370459
    ));
#6535 = DIRECTION('',(-0.694658370459,7.851102543207E-14,0.719339800339)
  );
#6536 = ORIENTED_EDGE('',*,*,#6537,.T.);
#6537 = EDGE_CURVE('',#6529,#3678,#6538,.T.);
#6538 = LINE('',#6539,#6540);
#6539 = CARTESIAN_POINT('',(-14.77396980544,31.20822425891,
    57.624740859251));
#6540 = VECTOR('',#6541,1.);
#6541 = DIRECTION('',(-1.,1.527666881884E-13,6.093252548722E-15));
#6542 = ORIENTED_EDGE('',*,*,#3687,.F.);
#6543 = ORIENTED_EDGE('',*,*,#6495,.T.);
#6544 = ORIENTED_EDGE('',*,*,#5024,.F.);
#6545 = CYLINDRICAL_SURFACE('',#6546,1.);
#6546 = AXIS2_PLACEMENT_3D('',#6547,#6548,#6549);
#6547 = CARTESIAN_POINT('',(-14.77396980544,30.20822425891,
    57.624740859252));
#6548 = DIRECTION('',(1.,-1.527666881884E-13,-9.333252548722E-15));
#6549 = DIRECTION('',(1.152500043087E-13,0.707106781187,0.707106781187)
  );
#6550 = ADVANCED_FACE('',(#6551),#6562,.F.);
#6551 = FACE_BOUND('',#6552,.T.);
#6552 = EDGE_LOOP('',(#6553,#6559,#6560,#6561));
#6553 = ORIENTED_EDGE('',*,*,#6554,.T.);
#6554 = EDGE_CURVE('',#3705,#5449,#6555,.T.);
#6555 = LINE('',#6556,#6557);
#6556 = CARTESIAN_POINT('',(-10.9079702427,46.54257600183,
    15.064120921278));
#6557 = VECTOR('',#6558,1.);
#6558 = DIRECTION('',(1.,-1.527421993396E-13,-9.959786002422E-15));
#6559 = ORIENTED_EDGE('',*,*,#5448,.F.);
#6560 = ORIENTED_EDGE('',*,*,#6511,.F.);
#6561 = ORIENTED_EDGE('',*,*,#3704,.F.);
#6562 = CYLINDRICAL_SURFACE('',#6563,1.);
#6563 = AXIS2_PLACEMENT_3D('',#6564,#6565,#6566);
#6564 = CARTESIAN_POINT('',(-10.9079702427,47.54257600183,
    15.064120921278));
#6565 = DIRECTION('',(-1.,1.524577104909E-13,6.725297153659E-15));
#6566 = DIRECTION('',(-1.355502361907E-13,-0.865260651902,-0.50132225591
    ));
#6567 = ADVANCED_FACE('',(#6568),#6686,.T.);
#6568 = FACE_BOUND('',#6569,.T.);
#6569 = EDGE_LOOP('',(#6570,#6580,#6588,#6597,#6605,#6613,#6622,#6623,
    #6629,#6630,#6631,#6639,#6647,#6655,#6663,#6671,#6680));
#6570 = ORIENTED_EDGE('',*,*,#6571,.T.);
#6571 = EDGE_CURVE('',#6572,#6574,#6576,.T.);
#6572 = VERTEX_POINT('',#6573);
#6573 = CARTESIAN_POINT('',(-6.995615737606,31.208224258909,
    51.439141294112));
#6574 = VERTEX_POINT('',#6575);
#6575 = CARTESIAN_POINT('',(-7.047599556209,31.208224258909,
    49.950519497993));
#6576 = LINE('',#6577,#6578);
#6577 = CARTESIAN_POINT('',(-6.997170027621,31.208224258909,
    51.394632251585));
#6578 = VECTOR('',#6579,1.);
#6579 = DIRECTION('',(-3.48994967025E-02,4.60518446686E-14,
    -0.999390827019));
#6580 = ORIENTED_EDGE('',*,*,#6581,.F.);
#6581 = EDGE_CURVE('',#6582,#6574,#6584,.T.);
#6582 = VERTEX_POINT('',#6583);
#6583 = CARTESIAN_POINT('',(-6.076510540947,31.208224258909,
    49.916608322336));
#6584 = LINE('',#6585,#6586);
#6585 = CARTESIAN_POINT('',(-6.547904142699,31.208224258909,
    49.933069749642));
#6586 = VECTOR('',#6587,1.);
#6587 = DIRECTION('',(-0.999390827019,1.512516403999E-13,
    3.48994967025E-02));
#6588 = ORIENTED_EDGE('',*,*,#6589,.F.);
#6589 = EDGE_CURVE('',#6590,#6582,#6592,.T.);
#6590 = VERTEX_POINT('',#6591);
#6591 = CARTESIAN_POINT('',(-6.053410653165,31.208224258909,
    49.766656388791));
#6592 = B_SPLINE_CURVE_WITH_KNOTS('',3,(#6593,#6594,#6595,#6596),
  .UNSPECIFIED.,.F.,.F.,(4,4),(5.938738872396E-02,7.374400225112E-02),
  .PIECEWISE_BEZIER_KNOTS.);
#6593 = CARTESIAN_POINT('',(-6.053410653165,31.208224258909,
    49.766656388791));
#6594 = CARTESIAN_POINT('',(-6.051740524543,31.208224258909,
    49.814482615011));
#6595 = CARTESIAN_POINT('',(-6.060316478892,31.208224258909,
    49.87086545381));
#6596 = CARTESIAN_POINT('',(-6.076510540947,31.208224258909,
    49.916608322336));
#6597 = ORIENTED_EDGE('',*,*,#6598,.F.);
#6598 = EDGE_CURVE('',#6599,#6590,#6601,.T.);
#6599 = VERTEX_POINT('',#6600);
#6600 = CARTESIAN_POINT('',(-6.171471016063,31.208224258909,
    46.385849934167));
#6601 = LINE('',#6602,#6603);
#6602 = CARTESIAN_POINT('',(-6.29254827749,31.208224258909,
    42.918650809146));
#6603 = VECTOR('',#6604,1.);
#6604 = DIRECTION('',(3.48994967025E-02,-4.60518446686E-14,
    0.999390827019));
#6605 = ORIENTED_EDGE('',*,*,#6606,.F.);
#6606 = EDGE_CURVE('',#6607,#6599,#6609,.T.);
#6607 = VERTEX_POINT('',#6608);
#6608 = CARTESIAN_POINT('',(-8.507970242708,31.20822425891,
    46.385849934168));
#6609 = LINE('',#6610,#6611);
#6610 = CARTESIAN_POINT('',(-12.90797034515,31.20822425891,
    46.385849934167));
#6611 = VECTOR('',#6612,1.);
#6612 = DIRECTION('',(1.,-1.527666881884E-13,-4.063252548722E-15));
#6613 = ORIENTED_EDGE('',*,*,#6614,.F.);
#6614 = EDGE_CURVE('',#5122,#6607,#6615,.T.);
#6615 = B_SPLINE_CURVE_WITH_KNOTS('',3,(#6616,#6617,#6618,#6619,#6620,
    #6621),.UNSPECIFIED.,.F.,.F.,(4,2,4),(0.202212896015,0.23279818664,
    0.279823314294),.UNSPECIFIED.);
#6616 = CARTESIAN_POINT('',(-8.907970242708,31.20822425891,
    45.69302961114));
#6617 = CARTESIAN_POINT('',(-8.907970242708,31.20822425891,
    45.79498057989));
#6618 = CARTESIAN_POINT('',(-8.872141442749,31.20822425891,
    45.911957744907));
#6619 = CARTESIAN_POINT('',(-8.749535329183,31.20822425891,
    46.139760625286));
#6620 = CARTESIAN_POINT('',(-8.61880953154,31.20822425891,
    46.275010645335));
#6621 = CARTESIAN_POINT('',(-8.507970242708,31.20822425891,
    46.385849934168));
#6622 = ORIENTED_EDGE('',*,*,#5507,.F.);
#6623 = ORIENTED_EDGE('',*,*,#6624,.F.);
#6624 = EDGE_CURVE('',#3730,#5500,#6625,.T.);
#6625 = LINE('',#6626,#6627);
#6626 = CARTESIAN_POINT('',(-10.9116172434,31.20822425891,43.5715135738)
  );
#6627 = VECTOR('',#6628,1.);
#6628 = DIRECTION('',(1.,-1.527666881884E-13,-9.523252548722E-15));
#6629 = ORIENTED_EDGE('',*,*,#3729,.F.);
#6630 = ORIENTED_EDGE('',*,*,#6537,.F.);
#6631 = ORIENTED_EDGE('',*,*,#6632,.T.);
#6632 = EDGE_CURVE('',#6529,#6633,#6635,.T.);
#6633 = VERTEX_POINT('',#6634);
#6634 = CARTESIAN_POINT('',(-5.665612607645,31.208224258909,
    56.302321809931));
#6635 = LINE('',#6636,#6637);
#6636 = CARTESIAN_POINT('',(-5.630772949346,31.208224258909,
    56.26624428764));
#6637 = VECTOR('',#6638,1.);
#6638 = DIRECTION('',(0.694658370459,-7.681102543207E-14,-0.719339800339
    ));
#6639 = ORIENTED_EDGE('',*,*,#6640,.F.);
#6640 = EDGE_CURVE('',#6641,#6633,#6643,.T.);
#6641 = VERTEX_POINT('',#6642);
#6642 = CARTESIAN_POINT('',(-5.408970345158,31.208224258908,
    56.302321809931));
#6643 = LINE('',#6644,#6645);
#6644 = CARTESIAN_POINT('',(-14.77396980544,31.20822425891,
    56.302321809931));
#6645 = VECTOR('',#6646,1.);
#6646 = DIRECTION('',(-1.,1.527666881884E-13,6.093252548722E-15));
#6647 = ORIENTED_EDGE('',*,*,#6648,.F.);
#6648 = EDGE_CURVE('',#6649,#6641,#6651,.T.);
#6649 = VERTEX_POINT('',#6650);
#6650 = CARTESIAN_POINT('',(-5.408970345158,31.208224258909,
    52.66912014698));
#6651 = LINE('',#6652,#6653);
#6652 = CARTESIAN_POINT('',(-5.408970345158,31.208224258909,
    43.935186849753));
#6653 = VECTOR('',#6654,1.);
#6654 = DIRECTION('',(1.093863635127E-16,-4.074518500372E-14,1.));
#6655 = ORIENTED_EDGE('',*,*,#6656,.T.);
#6656 = EDGE_CURVE('',#6649,#6657,#6659,.T.);
#6657 = VERTEX_POINT('',#6658);
#6658 = CARTESIAN_POINT('',(-5.952054383649,31.208224258909,
    52.669120194458));
#6659 = LINE('',#6660,#6661);
#6660 = CARTESIAN_POINT('',(-11.96955766163,31.20822425891,
    52.669120720525));
#6661 = VECTOR('',#6662,1.);
#6662 = DIRECTION('',(-1.,1.527666846264E-13,8.742274118325E-08));
#6663 = ORIENTED_EDGE('',*,*,#6664,.F.);
#6664 = EDGE_CURVE('',#6665,#6657,#6667,.T.);
#6665 = VERTEX_POINT('',#6666);
#6666 = CARTESIAN_POINT('',(-5.991022986612,31.208224258909,
    51.553205409909));
#6667 = LINE('',#6668,#6669);
#6668 = CARTESIAN_POINT('',(-6.29254827749,31.208224258909,
    42.918650809146));
#6669 = VECTOR('',#6670,1.);
#6670 = DIRECTION('',(3.48994967025E-02,-4.60518446686E-14,
    0.999390827019));
#6671 = ORIENTED_EDGE('',*,*,#6672,.F.);
#6672 = EDGE_CURVE('',#6673,#6665,#6675,.T.);
#6673 = VERTEX_POINT('',#6674);
#6674 = CARTESIAN_POINT('',(-6.024526722345,31.208224258909,
    51.405230118454));
#6675 = B_SPLINE_CURVE_WITH_KNOTS('',3,(#6676,#6677,#6678,#6679),
  .UNSPECIFIED.,.F.,.F.,(4,4),(0.164181568983,0.17853818251),
  .PIECEWISE_BEZIER_KNOTS.);
#6676 = CARTESIAN_POINT('',(-6.024526722345,31.208224258909,
    51.405230118454));
#6677 = CARTESIAN_POINT('',(-6.005181247003,31.208224258909,
    51.449731918986));
#6678 = CARTESIAN_POINT('',(-5.992693115234,31.208224258909,
    51.505379183689));
#6679 = CARTESIAN_POINT('',(-5.991022986612,31.208224258909,
    51.553205409909));
#6680 = ORIENTED_EDGE('',*,*,#6681,.F.);
#6681 = EDGE_CURVE('',#6572,#6673,#6682,.T.);
#6682 = LINE('',#6683,#6684);
#6683 = CARTESIAN_POINT('',(-6.495920324097,31.208224258909,
    51.42169154576));
#6684 = VECTOR('',#6685,1.);
#6685 = DIRECTION('',(0.999390827019,-1.512516403999E-13,
    -3.48994967025E-02));
#6686 = PLANE('',#6687);
#6687 = AXIS2_PLACEMENT_3D('',#6688,#6689,#6690);
#6688 = CARTESIAN_POINT('',(-14.77396980544,31.20822425891,
    52.366859320012));
#6689 = DIRECTION('',(1.529887327934E-13,1.,4.118927421363E-14));
#6690 = DIRECTION('',(2.029938636351E-14,-4.074518500372E-14,1.));
#6691 = ADVANCED_FACE('',(#6692),#6704,.T.);
#6692 = FACE_BOUND('',#6693,.T.);
#6693 = EDGE_LOOP('',(#6694,#6695,#6701,#6702,#6703));
#6694 = ORIENTED_EDGE('',*,*,#3760,.F.);
#6695 = ORIENTED_EDGE('',*,*,#6696,.F.);
#6696 = EDGE_CURVE('',#5466,#3753,#6697,.T.);
#6697 = LINE('',#6698,#6699);
#6698 = CARTESIAN_POINT('',(-4.452766641657,46.542576001828,
    31.418037286479));
#6699 = VECTOR('',#6700,1.);
#6700 = DIRECTION('',(-1.,1.525966881884E-13,7.623252548722E-15));
#6701 = ORIENTED_EDGE('',*,*,#5465,.T.);
#6702 = ORIENTED_EDGE('',*,*,#5457,.F.);
#6703 = ORIENTED_EDGE('',*,*,#6554,.F.);
#6704 = PLANE('',#6705);
#6705 = AXIS2_PLACEMENT_3D('',#6706,#6707,#6708);
#6706 = CARTESIAN_POINT('',(-10.70797030219,46.542576001829,
    23.241079140974));
#6707 = DIRECTION('',(1.530997550958E-13,1.,4.130029651607E-14));
#6708 = DIRECTION('',(1.,-1.529887327933E-13,-1.165734175857E-14));
#6709 = ADVANCED_FACE('',(#6710),#6721,.T.);
#6710 = FACE_BOUND('',#6711,.T.);
#6711 = EDGE_LOOP('',(#6712,#6718,#6719,#6720));
#6712 = ORIENTED_EDGE('',*,*,#6713,.F.);
#6713 = EDGE_CURVE('',#3778,#5491,#6714,.T.);
#6714 = LINE('',#6715,#6716);
#6715 = CARTESIAN_POINT('',(-6.918911039909,38.912080113263,
    36.475856865842));
#6716 = VECTOR('',#6717,1.);
#6717 = DIRECTION('',(1.,-1.525766881884E-13,-8.613252548722E-15));
#6718 = ORIENTED_EDGE('',*,*,#3777,.F.);
#6719 = ORIENTED_EDGE('',*,*,#6624,.T.);
#6720 = ORIENTED_EDGE('',*,*,#5499,.T.);
#6721 = PLANE('',#6722);
#6722 = AXIS2_PLACEMENT_3D('',#6723,#6724,#6725);
#6723 = CARTESIAN_POINT('',(-8.915264141659,33.59406142894,
    41.374031969825));
#6724 = DIRECTION('',(1.112039817097E-13,0.677475754752,0.735545105159)
  );
#6725 = DIRECTION('',(-1.,1.526656182403E-13,9.702090890764E-15));
#6726 = ADVANCED_FACE('',(#6727),#6738,.T.);
#6727 = FACE_BOUND('',#6728,.T.);
#6728 = EDGE_LOOP('',(#6729,#6730,#6736,#6737));
#6729 = ORIENTED_EDGE('',*,*,#3808,.F.);
#6730 = ORIENTED_EDGE('',*,*,#6731,.T.);
#6731 = EDGE_CURVE('',#3801,#5474,#6732,.T.);
#6732 = LINE('',#6733,#6734);
#6733 = CARTESIAN_POINT('',(-4.452766641658,42.542576001828,
    35.418037286479));
#6734 = VECTOR('',#6735,1.);
#6735 = DIRECTION('',(1.,-1.525966881884E-13,-8.703252548722E-15));
#6736 = ORIENTED_EDGE('',*,*,#5473,.T.);
#6737 = ORIENTED_EDGE('',*,*,#6696,.T.);
#6738 = CYLINDRICAL_SURFACE('',#6739,4.);
#6739 = AXIS2_PLACEMENT_3D('',#6740,#6741,#6742);
#6740 = CARTESIAN_POINT('',(-4.452766641658,42.542576001828,
    31.418037286479));
#6741 = DIRECTION('',(-1.,1.525966881884E-13,8.703252548722E-15));
#6742 = DIRECTION('',(1.146843188837E-13,0.707106781187,0.707106781187)
  );
#6743 = ADVANCED_FACE('',(#6744),#6755,.F.);
#6744 = FACE_BOUND('',#6745,.F.);
#6745 = EDGE_LOOP('',(#6746,#6747,#6748,#6749));
#6746 = ORIENTED_EDGE('',*,*,#5490,.F.);
#6747 = ORIENTED_EDGE('',*,*,#6713,.F.);
#6748 = ORIENTED_EDGE('',*,*,#3833,.T.);
#6749 = ORIENTED_EDGE('',*,*,#6750,.F.);
#6750 = EDGE_CURVE('',#5483,#3826,#6751,.T.);
#6751 = LINE('',#6752,#6753);
#6752 = CARTESIAN_POINT('',(-6.918911039909,41.621983132271,
    35.418037286479));
#6753 = VECTOR('',#6754,1.);
#6754 = DIRECTION('',(-1.,1.525766881884E-13,8.613252548722E-15));
#6755 = CYLINDRICAL_SURFACE('',#6756,4.);
#6756 = AXIS2_PLACEMENT_3D('',#6757,#6758,#6759);
#6757 = CARTESIAN_POINT('',(-6.918911039909,41.62198313227,
    39.418037286479));
#6758 = DIRECTION('',(1.,-1.525766881884E-13,-8.703252548722E-15));
#6759 = DIRECTION('',(-6.429033132854E-14,-0.363630921981,-0.93154310291
    ));
#6760 = ADVANCED_FACE('',(#6761),#6767,.T.);
#6761 = FACE_BOUND('',#6762,.T.);
#6762 = EDGE_LOOP('',(#6763,#6764,#6765,#6766));
#6763 = ORIENTED_EDGE('',*,*,#6731,.F.);
#6764 = ORIENTED_EDGE('',*,*,#3852,.F.);
#6765 = ORIENTED_EDGE('',*,*,#6750,.F.);
#6766 = ORIENTED_EDGE('',*,*,#5482,.T.);
#6767 = PLANE('',#6768);
#6768 = AXIS2_PLACEMENT_3D('',#6769,#6770,#6771);
#6769 = CARTESIAN_POINT('',(-4.922557938163,19.846648036472,
    35.418037286478));
#6770 = DIRECTION('',(9.369386363513E-15,-4.074518500372E-14,1.));
#6771 = DIRECTION('',(-1.507387327934E-13,-1.,-4.118927421363E-14));
#6772 = ADVANCED_FACE('',(#6773),#6928,.F.);
#6773 = FACE_BOUND('',#6774,.F.);
#6774 = EDGE_LOOP('',(#6775,#6785,#6794,#6802,#6811,#6819,#6828,#6836,
    #6845,#6853,#6862,#6868,#6869,#6870,#6879,#6887,#6896,#6904,#6913,
    #6921));
#6775 = ORIENTED_EDGE('',*,*,#6776,.T.);
#6776 = EDGE_CURVE('',#6777,#6779,#6781,.T.);
#6777 = VERTEX_POINT('',#6778);
#6778 = CARTESIAN_POINT('',(-8.707971109785,43.684607582427,
    32.371827548627));
#6779 = VERTEX_POINT('',#6780);
#6780 = CARTESIAN_POINT('',(-8.907971109785,43.684607582427,
    32.371827548627));
#6781 = LINE('',#6782,#6783);
#6782 = CARTESIAN_POINT('',(-8.307972525933,43.684607582427,
    32.371827548626));
#6783 = VECTOR('',#6784,1.);
#6784 = DIRECTION('',(-1.,1.526466881884E-13,5.132525487225E-16));
#6785 = ORIENTED_EDGE('',*,*,#6786,.T.);
#6786 = EDGE_CURVE('',#6779,#6787,#6789,.T.);
#6787 = VERTEX_POINT('',#6788);
#6788 = CARTESIAN_POINT('',(-8.907971109785,43.684607582427,
    29.126831400709));
#6789 = CIRCLE('',#6790,2.35);
#6790 = AXIS2_PLACEMENT_3D('',#6791,#6792,#6793);
#6791 = CARTESIAN_POINT('',(-8.907970242706,41.984607582427,
    30.749329474668));
#6792 = DIRECTION('',(-1.,1.525687327934E-13,7.169386363519E-15));
#6793 = DIRECTION('',(1.525687327934E-13,1.,4.125927421363E-14));
#6794 = ORIENTED_EDGE('',*,*,#6795,.T.);
#6795 = EDGE_CURVE('',#6787,#6796,#6798,.T.);
#6796 = VERTEX_POINT('',#6797);
#6797 = CARTESIAN_POINT('',(-8.707971109785,43.684607582427,
    29.126831400709));
#6798 = LINE('',#6799,#6800);
#6799 = CARTESIAN_POINT('',(-8.307972525933,43.684607582427,
    29.126831400709));
#6800 = VECTOR('',#6801,1.);
#6801 = DIRECTION('',(1.,-1.526466881884E-13,-5.132525487225E-16));
#6802 = ORIENTED_EDGE('',*,*,#6803,.T.);
#6803 = EDGE_CURVE('',#6796,#6804,#6806,.T.);
#6804 = VERTEX_POINT('',#6805);
#6805 = CARTESIAN_POINT('',(-8.707971109785,43.607105656386,
    29.049329474668));
#6806 = CIRCLE('',#6807,2.35);
#6807 = AXIS2_PLACEMENT_3D('',#6808,#6809,#6810);
#6808 = CARTESIAN_POINT('',(-8.707972525933,41.984607582427,
    30.749329474668));
#6809 = DIRECTION('',(-1.,1.530187327934E-13,3.919386363519E-15));
#6810 = DIRECTION('',(-1.530187327934E-13,-1.,-4.130927421363E-14));
#6811 = ORIENTED_EDGE('',*,*,#6812,.T.);
#6812 = EDGE_CURVE('',#6804,#6813,#6815,.T.);
#6813 = VERTEX_POINT('',#6814);
#6814 = CARTESIAN_POINT('',(-8.907971109785,43.607105656386,
    29.049329474668));
#6815 = LINE('',#6816,#6817);
#6816 = CARTESIAN_POINT('',(-8.307972525933,43.607105656386,
    29.049329474668));
#6817 = VECTOR('',#6818,1.);
#6818 = DIRECTION('',(-1.,1.526466881884E-13,1.593252548722E-15));
#6819 = ORIENTED_EDGE('',*,*,#6820,.T.);
#6820 = EDGE_CURVE('',#6813,#6821,#6823,.T.);
#6821 = VERTEX_POINT('',#6822);
#6822 = CARTESIAN_POINT('',(-8.907971109786,40.362109508469,
    29.049329474669));
#6823 = CIRCLE('',#6824,2.35);
#6824 = AXIS2_PLACEMENT_3D('',#6825,#6826,#6827);
#6825 = CARTESIAN_POINT('',(-8.907970242706,41.984607582427,
    30.749329474668));
#6826 = DIRECTION('',(-1.,1.525687327934E-13,8.249386363519E-15));
#6827 = DIRECTION('',(1.525687327934E-13,1.,4.125927421363E-14));
#6828 = ORIENTED_EDGE('',*,*,#6829,.T.);
#6829 = EDGE_CURVE('',#6821,#6830,#6832,.T.);
#6830 = VERTEX_POINT('',#6831);
#6831 = CARTESIAN_POINT('',(-8.707971109786,40.362109508469,
    29.049329474668));
#6832 = LINE('',#6833,#6834);
#6833 = CARTESIAN_POINT('',(-8.307972525933,40.362109508468,
    29.049329474668));
#6834 = VECTOR('',#6835,1.);
#6835 = DIRECTION('',(1.,-1.526466881884E-13,-1.593252548722E-15));
#6836 = ORIENTED_EDGE('',*,*,#6837,.T.);
#6837 = EDGE_CURVE('',#6830,#6838,#6840,.T.);
#6838 = VERTEX_POINT('',#6839);
#6839 = CARTESIAN_POINT('',(-8.707971109786,40.284607582427,
    29.126831400709));
#6840 = CIRCLE('',#6841,2.35);
#6841 = AXIS2_PLACEMENT_3D('',#6842,#6843,#6844);
#6842 = CARTESIAN_POINT('',(-8.707972525933,41.984607582427,
    30.749329474668));
#6843 = DIRECTION('',(-1.,1.530187327934E-13,4.999386363519E-15));
#6844 = DIRECTION('',(-1.530187327934E-13,-1.,-4.130927421363E-14));
#6845 = ORIENTED_EDGE('',*,*,#6846,.T.);
#6846 = EDGE_CURVE('',#6838,#6847,#6849,.T.);
#6847 = VERTEX_POINT('',#6848);
#6848 = CARTESIAN_POINT('',(-8.907971109786,40.284607582427,
    29.126831400709));
#6849 = LINE('',#6850,#6851);
#6850 = CARTESIAN_POINT('',(-8.307972525933,40.284607582427,
    29.126831400709));
#6851 = VECTOR('',#6852,1.);
#6852 = DIRECTION('',(-1.,1.526466881884E-13,1.593252548722E-15));
#6853 = ORIENTED_EDGE('',*,*,#6854,.T.);
#6854 = EDGE_CURVE('',#6847,#6855,#6857,.T.);
#6855 = VERTEX_POINT('',#6856);
#6856 = CARTESIAN_POINT('',(-8.907970242706,39.634607582427,
    30.749329474668));
#6857 = CIRCLE('',#6858,2.35);
#6858 = AXIS2_PLACEMENT_3D('',#6859,#6860,#6861);
#6859 = CARTESIAN_POINT('',(-8.907970242706,41.984607582427,
    30.749329474668));
#6860 = DIRECTION('',(-1.,1.525687327934E-13,8.249386363519E-15));
#6861 = DIRECTION('',(1.525687327934E-13,1.,4.125927421363E-14));
#6862 = ORIENTED_EDGE('',*,*,#6863,.T.);
#6863 = EDGE_CURVE('',#6855,#3867,#6864,.T.);
#6864 = LINE('',#6865,#6866);
#6865 = CARTESIAN_POINT('',(-12.90797034515,39.634607582428,
    30.749329474668));
#6866 = VECTOR('',#6867,1.);
#6867 = DIRECTION('',(-1.,1.689066881884E-13,-2.766747451277E-15));
#6868 = ORIENTED_EDGE('',*,*,#3874,.T.);
#6869 = ORIENTED_EDGE('',*,*,#6863,.F.);
#6870 = ORIENTED_EDGE('',*,*,#6871,.T.);
#6871 = EDGE_CURVE('',#6855,#6872,#6874,.T.);
#6872 = VERTEX_POINT('',#6873);
#6873 = CARTESIAN_POINT('',(-8.907971109786,40.284607582427,
    32.371827548627));
#6874 = CIRCLE('',#6875,2.35);
#6875 = AXIS2_PLACEMENT_3D('',#6876,#6877,#6878);
#6876 = CARTESIAN_POINT('',(-8.907970242706,41.984607582427,
    30.749329474668));
#6877 = DIRECTION('',(-1.,1.525687327934E-13,8.249386363519E-15));
#6878 = DIRECTION('',(1.525687327934E-13,1.,4.125927421363E-14));
#6879 = ORIENTED_EDGE('',*,*,#6880,.T.);
#6880 = EDGE_CURVE('',#6872,#6881,#6883,.T.);
#6881 = VERTEX_POINT('',#6882);
#6882 = CARTESIAN_POINT('',(-8.707971109786,40.284607582427,
    32.371827548627));
#6883 = LINE('',#6884,#6885);
#6884 = CARTESIAN_POINT('',(-8.307972525933,40.284607582427,
    32.371827548627));
#6885 = VECTOR('',#6886,1.);
#6886 = DIRECTION('',(1.,-1.526466881884E-13,-1.593252548722E-15));
#6887 = ORIENTED_EDGE('',*,*,#6888,.T.);
#6888 = EDGE_CURVE('',#6881,#6889,#6891,.T.);
#6889 = VERTEX_POINT('',#6890);
#6890 = CARTESIAN_POINT('',(-8.707971109786,40.362109508468,
    32.449329474668));
#6891 = CIRCLE('',#6892,2.35);
#6892 = AXIS2_PLACEMENT_3D('',#6893,#6894,#6895);
#6893 = CARTESIAN_POINT('',(-8.707972525933,41.984607582427,
    30.749329474668));
#6894 = DIRECTION('',(-1.,1.530187327934E-13,4.999386363519E-15));
#6895 = DIRECTION('',(-1.530187327934E-13,-1.,-4.130927421363E-14));
#6896 = ORIENTED_EDGE('',*,*,#6897,.T.);
#6897 = EDGE_CURVE('',#6889,#6898,#6900,.T.);
#6898 = VERTEX_POINT('',#6899);
#6899 = CARTESIAN_POINT('',(-8.907971109786,40.362109508468,
    32.449329474668));
#6900 = LINE('',#6901,#6902);
#6901 = CARTESIAN_POINT('',(-8.307972525933,40.362109508469,
    32.449329474668));
#6902 = VECTOR('',#6903,1.);
#6903 = DIRECTION('',(-1.,1.526466881884E-13,1.593252548722E-15));
#6904 = ORIENTED_EDGE('',*,*,#6905,.T.);
#6905 = EDGE_CURVE('',#6898,#6906,#6908,.T.);
#6906 = VERTEX_POINT('',#6907);
#6907 = CARTESIAN_POINT('',(-8.907971109785,43.607105656386,
    32.449329474668));
#6908 = CIRCLE('',#6909,2.35);
#6909 = AXIS2_PLACEMENT_3D('',#6910,#6911,#6912);
#6910 = CARTESIAN_POINT('',(-8.907970242706,41.984607582427,
    30.749329474668));
#6911 = DIRECTION('',(-1.,1.525687327934E-13,8.249386363519E-15));
#6912 = DIRECTION('',(1.525687327934E-13,1.,4.125927421363E-14));
#6913 = ORIENTED_EDGE('',*,*,#6914,.T.);
#6914 = EDGE_CURVE('',#6906,#6915,#6917,.T.);
#6915 = VERTEX_POINT('',#6916);
#6916 = CARTESIAN_POINT('',(-8.707971109785,43.607105656386,
    32.449329474668));
#6917 = LINE('',#6918,#6919);
#6918 = CARTESIAN_POINT('',(-8.307972525933,43.607105656386,
    32.449329474668));
#6919 = VECTOR('',#6920,1.);
#6920 = DIRECTION('',(1.,-1.526466881884E-13,-1.593252548722E-15));
#6921 = ORIENTED_EDGE('',*,*,#6922,.T.);
#6922 = EDGE_CURVE('',#6915,#6777,#6923,.T.);
#6923 = CIRCLE('',#6924,2.35);
#6924 = AXIS2_PLACEMENT_3D('',#6925,#6926,#6927);
#6925 = CARTESIAN_POINT('',(-8.707972525933,41.984607582427,
    30.749329474668));
#6926 = DIRECTION('',(-1.,1.530187327934E-13,3.919386363519E-15));
#6927 = DIRECTION('',(-1.530187327934E-13,-1.,-4.130927421363E-14));
#6928 = CYLINDRICAL_SURFACE('',#6929,2.35);
#6929 = AXIS2_PLACEMENT_3D('',#6930,#6931,#6932);
#6930 = CARTESIAN_POINT('',(-12.90797034515,41.984607582428,
    30.749329474668));
#6931 = DIRECTION('',(1.,-1.689066881884E-13,2.766747451277E-15));
#6932 = DIRECTION('',(1.691287327934E-13,1.,4.125927421363E-14));
#6933 = ADVANCED_FACE('',(#6934),#6960,.F.);
#6934 = FACE_BOUND('',#6935,.F.);
#6935 = EDGE_LOOP('',(#6936,#6944,#6945,#6953));
#6936 = ORIENTED_EDGE('',*,*,#6937,.F.);
#6937 = EDGE_CURVE('',#3908,#6938,#6940,.T.);
#6938 = VERTEX_POINT('',#6939);
#6939 = CARTESIAN_POINT('',(-10.90796958052,40.253686531692,
    21.099616976077));
#6940 = LINE('',#6941,#6942);
#6941 = CARTESIAN_POINT('',(-12.90797034515,40.253686531692,
    21.099616976077));
#6942 = VECTOR('',#6943,1.);
#6943 = DIRECTION('',(1.,-1.689066881884E-13,2.766747451277E-15));
#6944 = ORIENTED_EDGE('',*,*,#3907,.T.);
#6945 = ORIENTED_EDGE('',*,*,#6946,.T.);
#6946 = EDGE_CURVE('',#3900,#6947,#6949,.T.);
#6947 = VERTEX_POINT('',#6948);
#6948 = CARTESIAN_POINT('',(-10.90796958052,43.652304226763,
    21.196559034788));
#6949 = LINE('',#6950,#6951);
#6950 = CARTESIAN_POINT('',(-12.90797034515,43.652304226764,
    21.196559034788));
#6951 = VECTOR('',#6952,1.);
#6952 = DIRECTION('',(1.,-1.689066881884E-13,2.766747451277E-15));
#6953 = ORIENTED_EDGE('',*,*,#6954,.F.);
#6954 = EDGE_CURVE('',#6938,#6947,#6955,.T.);
#6955 = CIRCLE('',#6956,1.7);
#6956 = AXIS2_PLACEMENT_3D('',#6957,#6958,#6959);
#6957 = CARTESIAN_POINT('',(-10.90796958052,41.952995379227,
    21.148088005432));
#6958 = DIRECTION('',(1.,-1.529087327934E-13,-9.329386363519E-15));
#6959 = DIRECTION('',(-1.53112569095E-13,-0.999593439727,
    -2.851237020918E-02));
#6960 = CYLINDRICAL_SURFACE('',#6961,1.7);
#6961 = AXIS2_PLACEMENT_3D('',#6962,#6963,#6964);
#6962 = CARTESIAN_POINT('',(-12.90797034515,41.952995379228,
    21.148088005432));
#6963 = DIRECTION('',(1.,-1.689066881884E-13,2.766747451277E-15));
#6964 = DIRECTION('',(-1.690000782959E-13,-0.999593439727,
    -2.851237020918E-02));
#6965 = ADVANCED_FACE('',(#6966),#6984,.T.);
#6966 = FACE_BOUND('',#6967,.T.);
#6967 = EDGE_LOOP('',(#6968,#6976,#6982,#6983));
#6968 = ORIENTED_EDGE('',*,*,#6969,.T.);
#6969 = EDGE_CURVE('',#6947,#6970,#6972,.T.);
#6970 = VERTEX_POINT('',#6971);
#6971 = CARTESIAN_POINT('',(-10.90796958052,43.652304226763,
    24.319566257123));
#6972 = LINE('',#6973,#6974);
#6973 = CARTESIAN_POINT('',(-10.90796958052,43.652304226763,
    23.093801771801));
#6974 = VECTOR('',#6975,1.);
#6975 = DIRECTION('',(9.329386363513E-15,-4.081518500372E-14,1.));
#6976 = ORIENTED_EDGE('',*,*,#6977,.F.);
#6977 = EDGE_CURVE('',#3933,#6970,#6978,.T.);
#6978 = LINE('',#6979,#6980);
#6979 = CARTESIAN_POINT('',(-12.90797034515,43.652304226763,
    24.319566257123));
#6980 = VECTOR('',#6981,1.);
#6981 = DIRECTION('',(1.,-1.689066881884E-13,2.766747451277E-15));
#6982 = ORIENTED_EDGE('',*,*,#3932,.F.);
#6983 = ORIENTED_EDGE('',*,*,#6946,.T.);
#6984 = PLANE('',#6985);
#6985 = AXIS2_PLACEMENT_3D('',#6986,#6987,#6988);
#6986 = CARTESIAN_POINT('',(-12.90797034515,43.652304226763,
    24.319566257123));
#6987 = DIRECTION('',(-1.691287327934E-13,-1.,-4.125927421363E-14));
#6988 = DIRECTION('',(-3.938636351267E-17,4.081518500372E-14,-1.));
#6989 = ADVANCED_FACE('',(#6990),#7008,.T.);
#6990 = FACE_BOUND('',#6991,.T.);
#6991 = EDGE_LOOP('',(#6992,#7000,#7001,#7002));
#6992 = ORIENTED_EDGE('',*,*,#6993,.T.);
#6993 = EDGE_CURVE('',#6994,#6938,#6996,.T.);
#6994 = VERTEX_POINT('',#6995);
#6995 = CARTESIAN_POINT('',(-10.90796958052,40.253686531692,
    24.416508315834));
#6996 = LINE('',#6997,#6998);
#6997 = CARTESIAN_POINT('',(-10.90796958052,40.253686531692,
    21.843801771801));
#6998 = VECTOR('',#6999,1.);
#6999 = DIRECTION('',(-9.329386363512E-15,4.765518500372E-14,-1.));
#7000 = ORIENTED_EDGE('',*,*,#6937,.F.);
#7001 = ORIENTED_EDGE('',*,*,#3986,.F.);
#7002 = ORIENTED_EDGE('',*,*,#7003,.T.);
#7003 = EDGE_CURVE('',#3978,#6994,#7004,.T.);
#7004 = LINE('',#7005,#7006);
#7005 = CARTESIAN_POINT('',(-12.90797034515,40.253686531692,
    24.416508315834));
#7006 = VECTOR('',#7007,1.);
#7007 = DIRECTION('',(1.,-1.689066881884E-13,2.766747451277E-15));
#7008 = PLANE('',#7009);
#7009 = AXIS2_PLACEMENT_3D('',#7010,#7011,#7012);
#7010 = CARTESIAN_POINT('',(-12.90797034515,40.253686531692,
    21.819566257123));
#7011 = DIRECTION('',(1.691287327934E-13,1.,4.809927421363E-14));
#7012 = DIRECTION('',(-9.061363648837E-17,-4.765518500372E-14,1.));
#7013 = ADVANCED_FACE('',(#7014),#7026,.F.);
#7014 = FACE_BOUND('',#7015,.F.);
#7015 = EDGE_LOOP('',(#7016,#7017,#7018,#7019));
#7016 = ORIENTED_EDGE('',*,*,#6977,.F.);
#7017 = ORIENTED_EDGE('',*,*,#4014,.T.);
#7018 = ORIENTED_EDGE('',*,*,#7003,.T.);
#7019 = ORIENTED_EDGE('',*,*,#7020,.F.);
#7020 = EDGE_CURVE('',#6970,#6994,#7021,.T.);
#7021 = CIRCLE('',#7022,1.7);
#7022 = AXIS2_PLACEMENT_3D('',#7023,#7024,#7025);
#7023 = CARTESIAN_POINT('',(-10.90796958052,41.952995379227,
    24.368037286479));
#7024 = DIRECTION('',(1.,-1.529087327934E-13,-9.329386363519E-15));
#7025 = DIRECTION('',(1.525805632594E-13,0.999593439727,
    -2.85123702091E-02));
#7026 = CYLINDRICAL_SURFACE('',#7027,1.7);
#7027 = AXIS2_PLACEMENT_3D('',#7028,#7029,#7030);
#7028 = CARTESIAN_POINT('',(-12.90797034515,41.952995379228,
    24.368037286479));
#7029 = DIRECTION('',(1.,-1.689066881884E-13,2.766747451277E-15));
#7030 = DIRECTION('',(1.691198652432E-13,0.999593439727,
    -2.85123702091E-02));
#7031 = ADVANCED_FACE('',(#7032),#7043,.F.);
#7032 = FACE_BOUND('',#7033,.F.);
#7033 = EDGE_LOOP('',(#7034,#7035,#7041,#7042));
#7034 = ORIENTED_EDGE('',*,*,#5529,.T.);
#7035 = ORIENTED_EDGE('',*,*,#7036,.T.);
#7036 = EDGE_CURVE('',#5530,#4031,#7037,.T.);
#7037 = LINE('',#7038,#7039);
#7038 = CARTESIAN_POINT('',(-5.407970345154,43.464607658721,
    15.619329360227));
#7039 = VECTOR('',#7040,1.);
#7040 = DIRECTION('',(-1.,1.521266881884E-13,4.223252548722E-15));
#7041 = ORIENTED_EDGE('',*,*,#4040,.T.);
#7042 = ORIENTED_EDGE('',*,*,#7036,.F.);
#7043 = CYLINDRICAL_SURFACE('',#7044,1.4);
#7044 = AXIS2_PLACEMENT_3D('',#7045,#7046,#7047);
#7045 = CARTESIAN_POINT('',(-5.407970345154,42.064607658721,
    15.619329360227));
#7046 = DIRECTION('',(-1.,1.521266881884E-13,4.223252548722E-15));
#7047 = DIRECTION('',(-1.523487327934E-13,-1.,-4.100927421363E-14));
#7048 = ADVANCED_FACE('',(#7049),#7060,.F.);
#7049 = FACE_BOUND('',#7050,.F.);
#7050 = EDGE_LOOP('',(#7051,#7057,#7058,#7059));
#7051 = ORIENTED_EDGE('',*,*,#7052,.T.);
#7052 = EDGE_CURVE('',#5516,#4056,#7053,.T.);
#7053 = LINE('',#7054,#7055);
#7054 = CARTESIAN_POINT('',(-13.4079702427,38.887224220602,
    -2.780920464533));
#7055 = VECTOR('',#7056,1.);
#7056 = DIRECTION('',(-1.,1.526866881884E-13,6.463252548722E-15));
#7057 = ORIENTED_EDGE('',*,*,#4063,.T.);
#7058 = ORIENTED_EDGE('',*,*,#7052,.F.);
#7059 = ORIENTED_EDGE('',*,*,#5515,.T.);
#7060 = CYLINDRICAL_SURFACE('',#7061,1.6);
#7061 = AXIS2_PLACEMENT_3D('',#7062,#7063,#7064);
#7062 = CARTESIAN_POINT('',(-13.4079702427,40.487224220602,
    -2.780920464533));
#7063 = DIRECTION('',(-1.,1.526866881884E-13,6.463252548722E-15));
#7064 = DIRECTION('',(1.529087327934E-13,1.,4.118927421363E-14));
#7065 = ADVANCED_FACE('',(#7066),#7091,.F.);
#7066 = FACE_BOUND('',#7067,.T.);
#7067 = EDGE_LOOP('',(#7068,#7069,#7077,#7085));
#7068 = ORIENTED_EDGE('',*,*,#4088,.F.);
#7069 = ORIENTED_EDGE('',*,*,#7070,.F.);
#7070 = EDGE_CURVE('',#7071,#4081,#7073,.T.);
#7071 = VERTEX_POINT('',#7072);
#7072 = CARTESIAN_POINT('',(-11.50797034515,22.812177984769,
    23.039544166938));
#7073 = LINE('',#7074,#7075);
#7074 = CARTESIAN_POINT('',(-8.907970345158,22.812177984769,
    23.039544166938));
#7075 = VECTOR('',#7076,1.);
#7076 = DIRECTION('',(-1.,1.531166881884E-13,8.013252548723E-15));
#7077 = ORIENTED_EDGE('',*,*,#7078,.F.);
#7078 = EDGE_CURVE('',#7079,#7071,#7081,.T.);
#7079 = VERTEX_POINT('',#7080);
#7080 = CARTESIAN_POINT('',(-11.50797034515,27.064820925443,
    29.539568122051));
#7081 = LINE('',#7082,#7083);
#7082 = CARTESIAN_POINT('',(-11.50797034515,26.374079691962,
    28.483793013009));
#7083 = VECTOR('',#7084,1.);
#7084 = DIRECTION('',(-9.254007710189E-14,-0.547486281764,
    -0.836814657663));
#7085 = ORIENTED_EDGE('',*,*,#7086,.T.);
#7086 = EDGE_CURVE('',#7079,#4089,#7087,.T.);
#7087 = LINE('',#7088,#7089);
#7088 = CARTESIAN_POINT('',(-8.907970345158,27.064820925442,
    29.539568122051));
#7089 = VECTOR('',#7090,1.);
#7090 = DIRECTION('',(-1.,1.531166881884E-13,8.013252548723E-15));
#7091 = PLANE('',#7092);
#7092 = AXIS2_PLACEMENT_3D('',#7093,#7094,#7095);
#7093 = CARTESIAN_POINT('',(-8.907970345158,27.064820925442,
    29.539568122051));
#7094 = DIRECTION('',(1.23559412989E-13,0.836814657663,-0.547486281764)
  );
#7095 = DIRECTION('',(-9.483007710189E-14,-0.547486281764,
    -0.836814657663));
#7096 = ADVANCED_FACE('',(#7097),#7115,.F.);
#7097 = FACE_BOUND('',#7098,.T.);
#7098 = EDGE_LOOP('',(#7099,#7100,#7101,#7109));
#7099 = ORIENTED_EDGE('',*,*,#4112,.F.);
#7100 = ORIENTED_EDGE('',*,*,#7086,.F.);
#7101 = ORIENTED_EDGE('',*,*,#7102,.F.);
#7102 = EDGE_CURVE('',#7103,#7079,#7105,.T.);
#7103 = VERTEX_POINT('',#7104);
#7104 = CARTESIAN_POINT('',(-11.50797034515,24.048167087094,
    29.539568122051));
#7105 = LINE('',#7106,#7107);
#7106 = CARTESIAN_POINT('',(-11.50797034515,21.865085122145,
    29.539568122051));
#7107 = VECTOR('',#7108,1.);
#7108 = DIRECTION('',(1.529887327934E-13,1.,4.118927421363E-14));
#7109 = ORIENTED_EDGE('',*,*,#7110,.T.);
#7110 = EDGE_CURVE('',#7103,#4113,#7111,.T.);
#7111 = LINE('',#7112,#7113);
#7112 = CARTESIAN_POINT('',(-8.907970345158,24.048167087094,
    29.539568122051));
#7113 = VECTOR('',#7114,1.);
#7114 = DIRECTION('',(-1.,1.531166881884E-13,8.013252548723E-15));
#7115 = PLANE('',#7116);
#7116 = AXIS2_PLACEMENT_3D('',#7117,#7118,#7119);
#7117 = CARTESIAN_POINT('',(-8.907970345158,24.048167087094,
    29.539568122051));
#7118 = DIRECTION('',(8.679386363513E-15,-4.074518500372E-14,1.));
#7119 = DIRECTION('',(1.470987327934E-13,1.,4.118927421363E-14));
#7120 = ADVANCED_FACE('',(#7121),#7139,.F.);
#7121 = FACE_BOUND('',#7122,.T.);
#7122 = EDGE_LOOP('',(#7123,#7124,#7132,#7138));
#7123 = ORIENTED_EDGE('',*,*,#4143,.F.);
#7124 = ORIENTED_EDGE('',*,*,#7125,.F.);
#7125 = EDGE_CURVE('',#7126,#4136,#7128,.T.);
#7126 = VERTEX_POINT('',#7127);
#7127 = CARTESIAN_POINT('',(-11.50797034515,19.795524146421,
    23.039544166937));
#7128 = LINE('',#7129,#7130);
#7129 = CARTESIAN_POINT('',(-8.907970345159,19.79552414642,
    23.039544166938));
#7130 = VECTOR('',#7131,1.);
#7131 = DIRECTION('',(-1.,1.531166881884E-13,8.013252548723E-15));
#7132 = ORIENTED_EDGE('',*,*,#7133,.F.);
#7133 = EDGE_CURVE('',#7071,#7126,#7134,.T.);
#7134 = LINE('',#7135,#7136);
#7135 = CARTESIAN_POINT('',(-11.50797034515,21.247090570982,
    23.039544166938));
#7136 = VECTOR('',#7137,1.);
#7137 = DIRECTION('',(-1.529887327934E-13,-1.,-4.707927421363E-14));
#7138 = ORIENTED_EDGE('',*,*,#7070,.T.);
#7139 = PLANE('',#7140);
#7140 = AXIS2_PLACEMENT_3D('',#7141,#7142,#7143);
#7141 = CARTESIAN_POINT('',(-8.907970345158,22.812177984769,
    23.039544166938));
#7142 = DIRECTION('',(-8.679386363512E-15,4.663518500372E-14,-1.));
#7143 = DIRECTION('',(-1.470987327934E-13,-1.,-4.707927421363E-14));
#7144 = ADVANCED_FACE('',(#7145),#7156,.F.);
#7145 = FACE_BOUND('',#7146,.T.);
#7146 = EDGE_LOOP('',(#7147,#7148,#7149,#7155));
#7147 = ORIENTED_EDGE('',*,*,#4160,.F.);
#7148 = ORIENTED_EDGE('',*,*,#7110,.F.);
#7149 = ORIENTED_EDGE('',*,*,#7150,.F.);
#7150 = EDGE_CURVE('',#7126,#7103,#7151,.T.);
#7151 = LINE('',#7152,#7153);
#7152 = CARTESIAN_POINT('',(-11.50797034515,21.683212147342,
    25.924812786227));
#7153 = VECTOR('',#7154,1.);
#7154 = DIRECTION('',(9.254007710189E-14,0.547486281764,0.836814657663)
  );
#7155 = ORIENTED_EDGE('',*,*,#7125,.T.);
#7156 = PLANE('',#7157);
#7157 = AXIS2_PLACEMENT_3D('',#7158,#7159,#7160);
#7158 = CARTESIAN_POINT('',(-8.907970345159,19.79552414642,
    23.039544166938));
#7159 = DIRECTION('',(-1.23559412989E-13,-0.836814657663,0.547486281764)
  );
#7160 = DIRECTION('',(9.483007710189E-14,0.547486281764,0.836814657663)
  );
#7161 = ADVANCED_FACE('',(#7162),#7182,.F.);
#7162 = FACE_BOUND('',#7163,.F.);
#7163 = EDGE_LOOP('',(#7164,#7172,#7179,#7180,#7181));
#7164 = ORIENTED_EDGE('',*,*,#7165,.T.);
#7165 = EDGE_CURVE('',#4185,#7166,#7168,.T.);
#7166 = VERTEX_POINT('',#7167);
#7167 = CARTESIAN_POINT('',(-8.907970345158,22.187224220594,
    55.711262277239));
#7168 = LINE('',#7169,#7170);
#7169 = CARTESIAN_POINT('',(-10.90797034515,22.187224220594,
    55.711262277239));
#7170 = VECTOR('',#7171,1.);
#7171 = DIRECTION('',(1.,-1.525966881884E-13,-8.773252548722E-15));
#7172 = ORIENTED_EDGE('',*,*,#7173,.F.);
#7173 = EDGE_CURVE('',#7166,#7166,#7174,.T.);
#7174 = CIRCLE('',#7175,2.35);
#7175 = AXIS2_PLACEMENT_3D('',#7176,#7177,#7178);
#7176 = CARTESIAN_POINT('',(-8.907970345159,19.837224220594,
    55.711262277239));
#7177 = DIRECTION('',(1.,-1.528187327934E-13,-8.359386363519E-15));
#7178 = DIRECTION('',(-1.528187327934E-13,-1.,-4.118927421363E-14));
#7179 = ORIENTED_EDGE('',*,*,#7165,.F.);
#7180 = ORIENTED_EDGE('',*,*,#4184,.T.);
#7181 = ORIENTED_EDGE('',*,*,#4193,.T.);
#7182 = CYLINDRICAL_SURFACE('',#7183,2.35);
#7183 = AXIS2_PLACEMENT_3D('',#7184,#7185,#7186);
#7184 = CARTESIAN_POINT('',(-10.90797034515,19.837224220594,
    55.711262277239));
#7185 = DIRECTION('',(1.,-1.525966881884E-13,-8.773252548722E-15));
#7186 = DIRECTION('',(-1.528187327934E-13,-1.,-4.118927421363E-14));
#7187 = ADVANCED_FACE('',(#7188),#7213,.F.);
#7188 = FACE_BOUND('',#7189,.T.);
#7189 = EDGE_LOOP('',(#7190,#7191,#7199,#7207));
#7190 = ORIENTED_EDGE('',*,*,#4218,.F.);
#7191 = ORIENTED_EDGE('',*,*,#7192,.F.);
#7192 = EDGE_CURVE('',#7193,#4211,#7195,.T.);
#7193 = VERTEX_POINT('',#7194);
#7194 = CARTESIAN_POINT('',(-11.50797034516,14.059938068032,
    23.039544166937));
#7195 = LINE('',#7196,#7197);
#7196 = CARTESIAN_POINT('',(-8.90797034516,14.059938068032,
    23.039544166937));
#7197 = VECTOR('',#7198,1.);
#7198 = DIRECTION('',(-1.,1.525566881884E-13,8.013252548722E-15));
#7199 = ORIENTED_EDGE('',*,*,#7200,.F.);
#7200 = EDGE_CURVE('',#7201,#7193,#7203,.T.);
#7201 = VERTEX_POINT('',#7202);
#7202 = CARTESIAN_POINT('',(-11.50797034515,17.07659190638,
    23.039544166937));
#7203 = LINE('',#7204,#7205);
#7204 = CARTESIAN_POINT('',(-11.50797034515,18.379297531788,
    23.039544166937));
#7205 = VECTOR('',#7206,1.);
#7206 = DIRECTION('',(-1.529887327934E-13,-1.,-2.940927421363E-14));
#7207 = ORIENTED_EDGE('',*,*,#7208,.T.);
#7208 = EDGE_CURVE('',#7201,#4219,#7209,.T.);
#7209 = LINE('',#7210,#7211);
#7210 = CARTESIAN_POINT('',(-8.907970345159,17.07659190638,
    23.039544166937));
#7211 = VECTOR('',#7212,1.);
#7212 = DIRECTION('',(-1.,1.525566881884E-13,8.013252548722E-15));
#7213 = PLANE('',#7214);
#7214 = AXIS2_PLACEMENT_3D('',#7215,#7216,#7217);
#7215 = CARTESIAN_POINT('',(-8.907970345159,17.07659190638,
    23.039544166937));
#7216 = DIRECTION('',(-8.679386363514E-15,2.896518500372E-14,-1.));
#7217 = DIRECTION('',(-1.470987327934E-13,-1.,-2.940927421363E-14));
#7218 = ADVANCED_FACE('',(#7219),#7237,.F.);
#7219 = FACE_BOUND('',#7220,.T.);
#7220 = EDGE_LOOP('',(#7221,#7222,#7223,#7231));
#7221 = ORIENTED_EDGE('',*,*,#4242,.F.);
#7222 = ORIENTED_EDGE('',*,*,#7208,.F.);
#7223 = ORIENTED_EDGE('',*,*,#7224,.F.);
#7224 = EDGE_CURVE('',#7225,#7201,#7227,.T.);
#7225 = VERTEX_POINT('',#7226);
#7226 = CARTESIAN_POINT('',(-11.50797034515,25.581877787728,
    36.039571699991));
#7227 = LINE('',#7228,#7229);
#7228 = CARTESIAN_POINT('',(-11.50797034515,23.62441294616,
    33.047656179412));
#7229 = VECTOR('',#7230,1.);
#7230 = DIRECTION('',(-9.242016436838E-14,-0.547486882704,
    -0.836814264498));
#7231 = ORIENTED_EDGE('',*,*,#7232,.T.);
#7232 = EDGE_CURVE('',#7225,#4243,#7233,.T.);
#7233 = LINE('',#7234,#7235);
#7234 = CARTESIAN_POINT('',(-8.907970345158,25.581877787727,
    36.039571699991));
#7235 = VECTOR('',#7236,1.);
#7236 = DIRECTION('',(-1.,1.525566881884E-13,7.563252548722E-15));
#7237 = PLANE('',#7238);
#7238 = AXIS2_PLACEMENT_3D('',#7239,#7240,#7241);
#7239 = CARTESIAN_POINT('',(-8.907970345158,25.581877787728,
    36.039571699993));
#7240 = DIRECTION('',(1.230993457003E-13,0.836814264498,-0.547486882704)
  );
#7241 = DIRECTION('',(-9.483016436838E-14,-0.547486882704,
    -0.836814264498));
#7242 = ADVANCED_FACE('',(#7243),#7261,.F.);
#7243 = FACE_BOUND('',#7244,.T.);
#7244 = EDGE_LOOP('',(#7245,#7253,#7259,#7260));
#7245 = ORIENTED_EDGE('',*,*,#7246,.F.);
#7246 = EDGE_CURVE('',#7247,#4266,#7249,.T.);
#7247 = VERTEX_POINT('',#7248);
#7248 = CARTESIAN_POINT('',(-11.50797034515,22.56522394938,
    36.039571699991));
#7249 = LINE('',#7250,#7251);
#7250 = CARTESIAN_POINT('',(-8.907970345158,22.565223949379,
    36.039571699991));
#7251 = VECTOR('',#7252,1.);
#7252 = DIRECTION('',(-1.,1.525566881884E-13,7.653252548722E-15));
#7253 = ORIENTED_EDGE('',*,*,#7254,.F.);
#7254 = EDGE_CURVE('',#7193,#7247,#7255,.T.);
#7255 = LINE('',#7256,#7257);
#7256 = CARTESIAN_POINT('',(-11.50797034516,16.807224923701,
    27.238674597486));
#7257 = VECTOR('',#7258,1.);
#7258 = DIRECTION('',(9.224016436838E-14,0.547486882704,0.836814264498)
  );
#7259 = ORIENTED_EDGE('',*,*,#7192,.T.);
#7260 = ORIENTED_EDGE('',*,*,#4265,.F.);
#7261 = PLANE('',#7262);
#7262 = AXIS2_PLACEMENT_3D('',#7263,#7264,#7265);
#7263 = CARTESIAN_POINT('',(-8.90797034516,14.059938068032,
    23.039544166937));
#7264 = DIRECTION('',(-1.230993457003E-13,-0.836814264498,0.547486882704
    ));
#7265 = DIRECTION('',(9.254016436838E-14,0.547486882704,0.836814264498)
  );
#7266 = ADVANCED_FACE('',(#7267),#7278,.F.);
#7267 = FACE_BOUND('',#7268,.T.);
#7268 = EDGE_LOOP('',(#7269,#7270,#7276,#7277));
#7269 = ORIENTED_EDGE('',*,*,#7232,.F.);
#7270 = ORIENTED_EDGE('',*,*,#7271,.F.);
#7271 = EDGE_CURVE('',#7247,#7225,#7272,.T.);
#7272 = LINE('',#7273,#7274);
#7273 = CARTESIAN_POINT('',(-11.50797034515,21.123613553287,
    36.039571699991));
#7274 = VECTOR('',#7275,1.);
#7275 = DIRECTION('',(1.529887327934E-13,1.,2.940927421363E-14));
#7276 = ORIENTED_EDGE('',*,*,#7246,.T.);
#7277 = ORIENTED_EDGE('',*,*,#4291,.F.);
#7278 = PLANE('',#7279);
#7279 = AXIS2_PLACEMENT_3D('',#7280,#7281,#7282);
#7280 = CARTESIAN_POINT('',(-8.907970345158,22.565223949379,
    36.039571699991));
#7281 = DIRECTION('',(8.319386363514E-15,-2.896518500372E-14,1.));
#7282 = DIRECTION('',(1.588787327934E-13,1.,2.940927421363E-14));
#7283 = ADVANCED_FACE('',(#7284),#7309,.F.);
#7284 = FACE_BOUND('',#7285,.T.);
#7285 = EDGE_LOOP('',(#7286,#7294,#7302,#7308));
#7286 = ORIENTED_EDGE('',*,*,#7287,.F.);
#7287 = EDGE_CURVE('',#7288,#4308,#7290,.T.);
#7288 = VERTEX_POINT('',#7289);
#7289 = CARTESIAN_POINT('',(-11.50797034515,19.846270714677,
    36.039571699991));
#7290 = LINE('',#7291,#7292);
#7291 = CARTESIAN_POINT('',(-8.907970345159,19.846270714677,
    36.039571699991));
#7292 = VECTOR('',#7293,1.);
#7293 = DIRECTION('',(-1.,1.525566881884E-13,7.563252548722E-15));
#7294 = ORIENTED_EDGE('',*,*,#7295,.F.);
#7295 = EDGE_CURVE('',#7296,#7288,#7298,.T.);
#7296 = VERTEX_POINT('',#7297);
#7297 = CARTESIAN_POINT('',(-11.50797034516,16.829616876329,
    36.039571699991));
#7298 = LINE('',#7299,#7300);
#7299 = CARTESIAN_POINT('',(-11.50797034515,18.255810016762,
    36.039571699991));
#7300 = VECTOR('',#7301,1.);
#7301 = DIRECTION('',(1.529887327934E-13,1.,4.118927421363E-14));
#7302 = ORIENTED_EDGE('',*,*,#7303,.T.);
#7303 = EDGE_CURVE('',#7296,#4316,#7304,.T.);
#7304 = LINE('',#7305,#7306);
#7305 = CARTESIAN_POINT('',(-8.907970345159,16.829616876328,
    36.03957169999));
#7306 = VECTOR('',#7307,1.);
#7307 = DIRECTION('',(-1.,1.525566881884E-13,7.563252548722E-15));
#7308 = ORIENTED_EDGE('',*,*,#4315,.F.);
#7309 = PLANE('',#7310);
#7310 = AXIS2_PLACEMENT_3D('',#7311,#7312,#7313);
#7311 = CARTESIAN_POINT('',(-8.907970345159,16.829616876328,
    36.039571699991));
#7312 = DIRECTION('',(8.319386363513E-15,-4.074518500372E-14,1.));
#7313 = DIRECTION('',(1.470987327934E-13,1.,4.118927421363E-14));
#7314 = ADVANCED_FACE('',(#7315),#7333,.F.);
#7315 = FACE_BOUND('',#7316,.T.);
#7316 = EDGE_LOOP('',(#7317,#7318,#7326,#7332));
#7317 = ORIENTED_EDGE('',*,*,#7303,.F.);
#7318 = ORIENTED_EDGE('',*,*,#7319,.F.);
#7319 = EDGE_CURVE('',#7320,#7296,#7322,.T.);
#7320 = VERTEX_POINT('',#7321);
#7321 = CARTESIAN_POINT('',(-11.50797034516,12.5769742444,
    29.539568122051));
#7322 = LINE('',#7323,#7324);
#7323 = CARTESIAN_POINT('',(-11.50797034516,14.057540570595,
    31.802557808837));
#7324 = VECTOR('',#7325,1.);
#7325 = DIRECTION('',(9.231024759308E-14,0.547487455812,0.836813889541)
  );
#7326 = ORIENTED_EDGE('',*,*,#7327,.T.);
#7327 = EDGE_CURVE('',#7320,#4338,#7328,.T.);
#7328 = LINE('',#7329,#7330);
#7329 = CARTESIAN_POINT('',(-8.90797034516,12.5769742444,29.539568122051
    ));
#7330 = VECTOR('',#7331,1.);
#7331 = DIRECTION('',(-1.,1.525566881884E-13,8.013252548722E-15));
#7332 = ORIENTED_EDGE('',*,*,#4337,.F.);
#7333 = PLANE('',#7334);
#7334 = AXIS2_PLACEMENT_3D('',#7335,#7336,#7337);
#7335 = CARTESIAN_POINT('',(-8.90797034516,12.5769742444,29.539568122051
    ));
#7336 = DIRECTION('',(-1.23099281528E-13,-0.836813889541,0.547487455811)
  );
#7337 = DIRECTION('',(9.483024759308E-14,0.547487455812,0.836813889541)
  );
#7338 = ADVANCED_FACE('',(#7339),#7357,.F.);
#7339 = FACE_BOUND('',#7340,.T.);
#7340 = EDGE_LOOP('',(#7341,#7342,#7350,#7356));
#7341 = ORIENTED_EDGE('',*,*,#4369,.F.);
#7342 = ORIENTED_EDGE('',*,*,#7343,.F.);
#7343 = EDGE_CURVE('',#7344,#4362,#7346,.T.);
#7344 = VERTEX_POINT('',#7345);
#7345 = CARTESIAN_POINT('',(-11.50797034516,15.593628391494,
    29.539568122051));
#7346 = LINE('',#7347,#7348);
#7347 = CARTESIAN_POINT('',(-8.907970345159,15.593628391493,
    29.539568122051));
#7348 = VECTOR('',#7349,1.);
#7349 = DIRECTION('',(-1.,1.525566881884E-13,8.013252548722E-15));
#7350 = ORIENTED_EDGE('',*,*,#7351,.F.);
#7351 = EDGE_CURVE('',#7288,#7344,#7352,.T.);
#7352 = LINE('',#7353,#7354);
#7353 = CARTESIAN_POINT('',(-11.50797034515,18.748406055523,
    34.361526929168));
#7354 = VECTOR('',#7355,1.);
#7355 = DIRECTION('',(-9.224024355114E-14,-0.547487427978,
    -0.836813907752));
#7356 = ORIENTED_EDGE('',*,*,#7287,.T.);
#7357 = PLANE('',#7358);
#7358 = AXIS2_PLACEMENT_3D('',#7359,#7360,#7361);
#7359 = CARTESIAN_POINT('',(-8.907970345159,19.846270714677,
    36.039571699993));
#7360 = DIRECTION('',(1.230992846446E-13,0.836813907752,-0.547487427978)
  );
#7361 = DIRECTION('',(-9.025024355114E-14,-0.547487427978,
    -0.836813907752));
#7362 = ADVANCED_FACE('',(#7363),#7374,.F.);
#7363 = FACE_BOUND('',#7364,.T.);
#7364 = EDGE_LOOP('',(#7365,#7366,#7367,#7373));
#7365 = ORIENTED_EDGE('',*,*,#4386,.F.);
#7366 = ORIENTED_EDGE('',*,*,#7327,.F.);
#7367 = ORIENTED_EDGE('',*,*,#7368,.F.);
#7368 = EDGE_CURVE('',#7344,#7320,#7369,.T.);
#7369 = LINE('',#7370,#7371);
#7370 = CARTESIAN_POINT('',(-11.50797034515,17.637815774345,
    29.539568122051));
#7371 = VECTOR('',#7372,1.);
#7372 = DIRECTION('',(-1.529887327934E-13,-1.,-2.940927421363E-14));
#7373 = ORIENTED_EDGE('',*,*,#7343,.T.);
#7374 = PLANE('',#7375);
#7375 = AXIS2_PLACEMENT_3D('',#7376,#7377,#7378);
#7376 = CARTESIAN_POINT('',(-8.907970345159,15.593628391493,
    29.539568122051));
#7377 = DIRECTION('',(-8.679386363514E-15,2.896518500372E-14,-1.));
#7378 = DIRECTION('',(-1.588787327934E-13,-1.,-2.940927421363E-14));
#7379 = ADVANCED_FACE('',(#7380),#7435,.F.);
#7380 = FACE_BOUND('',#7381,.F.);
#7381 = EDGE_LOOP('',(#7382,#7393,#7399,#7400,#7401,#7410,#7419,#7428));
#7382 = ORIENTED_EDGE('',*,*,#7383,.T.);
#7383 = EDGE_CURVE('',#7384,#7386,#7388,.T.);
#7384 = VERTEX_POINT('',#7385);
#7385 = CARTESIAN_POINT('',(-8.907970242714,-0.165393617572,
    32.371822005597));
#7386 = VERTEX_POINT('',#7387);
#7387 = CARTESIAN_POINT('',(-8.907970242713,0.484572206432,
    30.749329474667));
#7388 = CIRCLE('',#7389,2.35);
#7389 = AXIS2_PLACEMENT_3D('',#7390,#7391,#7392);
#7390 = CARTESIAN_POINT('',(-8.907970242713,-1.865427793568,
    30.749329474666));
#7391 = DIRECTION('',(-1.,1.530687327934E-13,7.169386363519E-15));
#7392 = DIRECTION('',(-1.530687327934E-13,-1.,-4.141927421363E-14));
#7393 = ORIENTED_EDGE('',*,*,#7394,.T.);
#7394 = EDGE_CURVE('',#7386,#4403,#7395,.T.);
#7395 = LINE('',#7396,#7397);
#7396 = CARTESIAN_POINT('',(-12.90797034516,0.484572206432,
    30.749329474667));
#7397 = VECTOR('',#7398,1.);
#7398 = DIRECTION('',(-1.,1.362966881884E-13,-2.766747451278E-15));
#7399 = ORIENTED_EDGE('',*,*,#4410,.F.);
#7400 = ORIENTED_EDGE('',*,*,#7394,.F.);
#7401 = ORIENTED_EDGE('',*,*,#7402,.T.);
#7402 = EDGE_CURVE('',#7386,#7403,#7405,.T.);
#7403 = VERTEX_POINT('',#7404);
#7404 = CARTESIAN_POINT('',(-8.907969799574,-0.165393617572,
    29.126861628271));
#7405 = CIRCLE('',#7406,2.35);
#7406 = AXIS2_PLACEMENT_3D('',#7407,#7408,#7409);
#7407 = CARTESIAN_POINT('',(-8.907970242713,-1.865427793568,
    30.749329474666));
#7408 = DIRECTION('',(-1.,1.530687327934E-13,7.169386363519E-15));
#7409 = DIRECTION('',(-1.530687327934E-13,-1.,-4.141927421363E-14));
#7410 = ORIENTED_EDGE('',*,*,#7411,.T.);
#7411 = EDGE_CURVE('',#7403,#7412,#7414,.T.);
#7412 = VERTEX_POINT('',#7413);
#7413 = CARTESIAN_POINT('',(-8.907969846014,-0.24292495078,
    29.049329474667));
#7414 = CIRCLE('',#7415,2.35);
#7415 = AXIS2_PLACEMENT_3D('',#7416,#7417,#7418);
#7416 = CARTESIAN_POINT('',(-8.907970242713,-1.865427793568,
    30.749329474666));
#7417 = DIRECTION('',(-1.,1.530687327934E-13,7.169386363519E-15));
#7418 = DIRECTION('',(-1.530687327934E-13,-1.,-4.141927421363E-14));
#7419 = ORIENTED_EDGE('',*,*,#7420,.T.);
#7420 = EDGE_CURVE('',#7412,#7421,#7423,.T.);
#7421 = VERTEX_POINT('',#7422);
#7422 = CARTESIAN_POINT('',(-8.907970242714,-0.242900270021,
    32.449329474668));
#7423 = CIRCLE('',#7424,2.35);
#7424 = AXIS2_PLACEMENT_3D('',#7425,#7426,#7427);
#7425 = CARTESIAN_POINT('',(-8.907970242713,-1.865427793568,
    30.749329474666));
#7426 = DIRECTION('',(-1.,1.530687327934E-13,7.169386363519E-15));
#7427 = DIRECTION('',(-1.530687327934E-13,-1.,-4.141927421363E-14));
#7428 = ORIENTED_EDGE('',*,*,#7429,.F.);
#7429 = EDGE_CURVE('',#7384,#7421,#7430,.T.);
#7430 = CIRCLE('',#7431,2.35);
#7431 = AXIS2_PLACEMENT_3D('',#7432,#7433,#7434);
#7432 = CARTESIAN_POINT('',(-8.907970242714,-1.865393617572,
    30.749329474668));
#7433 = DIRECTION('',(1.,-1.525687327934E-13,-9.329386363519E-15));
#7434 = DIRECTION('',(1.525687327934E-13,1.,4.100927421363E-14));
#7435 = CYLINDRICAL_SURFACE('',#7436,2.35);
#7436 = AXIS2_PLACEMENT_3D('',#7437,#7438,#7439);
#7437 = CARTESIAN_POINT('',(-12.90797034516,-1.865427793568,
    30.749329474667));
#7438 = DIRECTION('',(-1.,1.362966881884E-13,-2.766747451278E-15));
#7439 = DIRECTION('',(-1.365187327934E-13,-1.,-4.141927421363E-14));
#7440 = ADVANCED_FACE('',(#7441),#7466,.F.);
#7441 = FACE_BOUND('',#7442,.T.);
#7442 = EDGE_LOOP('',(#7443,#7453,#7459,#7460));
#7443 = ORIENTED_EDGE('',*,*,#7444,.F.);
#7444 = EDGE_CURVE('',#7445,#7447,#7449,.T.);
#7445 = VERTEX_POINT('',#7446);
#7446 = CARTESIAN_POINT('',(-10.90796958053,-0.150506742832,
    24.416508315833));
#7447 = VERTEX_POINT('',#7448);
#7448 = CARTESIAN_POINT('',(-10.90796958053,-0.150506742832,
    21.099616976075));
#7449 = LINE('',#7450,#7451);
#7450 = CARTESIAN_POINT('',(-10.90796958053,-0.150506742832,
    21.843801771799));
#7451 = VECTOR('',#7452,1.);
#7452 = DIRECTION('',(-9.329386363514E-15,3.413518500372E-14,-1.));
#7453 = ORIENTED_EDGE('',*,*,#7454,.F.);
#7454 = EDGE_CURVE('',#4430,#7445,#7455,.T.);
#7455 = LINE('',#7456,#7457);
#7456 = CARTESIAN_POINT('',(-12.90797034516,-0.150506742832,
    24.416508315833));
#7457 = VECTOR('',#7458,1.);
#7458 = DIRECTION('',(1.,-1.362966881884E-13,2.766747451278E-15));
#7459 = ORIENTED_EDGE('',*,*,#4454,.T.);
#7460 = ORIENTED_EDGE('',*,*,#7461,.T.);
#7461 = EDGE_CURVE('',#4447,#7447,#7462,.T.);
#7462 = LINE('',#7463,#7464);
#7463 = CARTESIAN_POINT('',(-12.90797034516,-0.150506742831,
    21.099616976075));
#7464 = VECTOR('',#7465,1.);
#7465 = DIRECTION('',(1.,-1.362966881884E-13,2.766747451278E-15));
#7466 = PLANE('',#7467);
#7467 = AXIS2_PLACEMENT_3D('',#7468,#7469,#7470);
#7468 = CARTESIAN_POINT('',(-12.90797034516,-0.150506742832,
    21.819566257122));
#7469 = DIRECTION('',(1.365187327934E-13,1.,3.457927421363E-14));
#7470 = DIRECTION('',(-9.061363648631E-17,-3.413518500372E-14,1.));
#7471 = ADVANCED_FACE('',(#7472),#7491,.F.);
#7472 = FACE_BOUND('',#7473,.F.);
#7473 = EDGE_LOOP('',(#7474,#7482,#7483,#7484));
#7474 = ORIENTED_EDGE('',*,*,#7475,.F.);
#7475 = EDGE_CURVE('',#4470,#7476,#7478,.T.);
#7476 = VERTEX_POINT('',#7477);
#7477 = CARTESIAN_POINT('',(-10.90796958053,-3.549124437903,
    21.196559034786));
#7478 = LINE('',#7479,#7480);
#7479 = CARTESIAN_POINT('',(-12.90797034516,-3.549124437903,
    21.196559034786));
#7480 = VECTOR('',#7481,1.);
#7481 = DIRECTION('',(1.,-1.362966881884E-13,2.766747451278E-15));
#7482 = ORIENTED_EDGE('',*,*,#4469,.F.);
#7483 = ORIENTED_EDGE('',*,*,#7461,.T.);
#7484 = ORIENTED_EDGE('',*,*,#7485,.T.);
#7485 = EDGE_CURVE('',#7447,#7476,#7486,.T.);
#7486 = CIRCLE('',#7487,1.7);
#7487 = AXIS2_PLACEMENT_3D('',#7488,#7489,#7490);
#7488 = CARTESIAN_POINT('',(-10.90796958053,-1.849815590367,
    21.148088005431));
#7489 = DIRECTION('',(-1.,1.527387327934E-13,9.329386363519E-15));
#7490 = DIRECTION('',(1.524106323746E-13,0.999593439727,
    -2.85123702091E-02));
#7491 = CYLINDRICAL_SURFACE('',#7492,1.7);
#7492 = AXIS2_PLACEMENT_3D('',#7493,#7494,#7495);
#7493 = CARTESIAN_POINT('',(-12.90797034516,-1.849815590367,
    21.148088005431));
#7494 = DIRECTION('',(-1.,1.362966881884E-13,-2.766747451278E-15));
#7495 = DIRECTION('',(1.365231231737E-13,0.999593439727,
    -2.85123702091E-02));
#7496 = ADVANCED_FACE('',(#7497),#7516,.F.);
#7497 = FACE_BOUND('',#7498,.F.);
#7498 = EDGE_LOOP('',(#7499,#7500,#7501,#7509));
#7499 = ORIENTED_EDGE('',*,*,#7454,.F.);
#7500 = ORIENTED_EDGE('',*,*,#4493,.F.);
#7501 = ORIENTED_EDGE('',*,*,#7502,.T.);
#7502 = EDGE_CURVE('',#4494,#7503,#7505,.T.);
#7503 = VERTEX_POINT('',#7504);
#7504 = CARTESIAN_POINT('',(-10.90796958053,-3.549124437903,
    24.319566257122));
#7505 = LINE('',#7506,#7507);
#7506 = CARTESIAN_POINT('',(-12.90797034516,-3.549124437903,
    24.319566257122));
#7507 = VECTOR('',#7508,1.);
#7508 = DIRECTION('',(1.,-1.362966881884E-13,2.766747451278E-15));
#7509 = ORIENTED_EDGE('',*,*,#7510,.T.);
#7510 = EDGE_CURVE('',#7503,#7445,#7511,.T.);
#7511 = CIRCLE('',#7512,1.7);
#7512 = AXIS2_PLACEMENT_3D('',#7513,#7514,#7515);
#7513 = CARTESIAN_POINT('',(-10.90796958053,-1.849815590368,
    24.368037286477));
#7514 = DIRECTION('',(-1.,1.527387327934E-13,9.329386363519E-15));
#7515 = DIRECTION('',(-1.529426382103E-13,-0.999593439727,
    -2.851237020918E-02));
#7516 = CYLINDRICAL_SURFACE('',#7517,1.7);
#7517 = AXIS2_PLACEMENT_3D('',#7518,#7519,#7520);
#7518 = CARTESIAN_POINT('',(-12.90797034516,-1.849815590367,
    24.368037286477));
#7519 = DIRECTION('',(-1.,1.362966881884E-13,-2.766747451278E-15));
#7520 = DIRECTION('',(-1.364033362264E-13,-0.999593439727,
    -2.851237020918E-02));
#7521 = ADVANCED_FACE('',(#7522),#7533,.F.);
#7522 = FACE_BOUND('',#7523,.T.);
#7523 = EDGE_LOOP('',(#7524,#7530,#7531,#7532));
#7524 = ORIENTED_EDGE('',*,*,#7525,.F.);
#7525 = EDGE_CURVE('',#7476,#7503,#7526,.T.);
#7526 = LINE('',#7527,#7528);
#7527 = CARTESIAN_POINT('',(-10.90796958053,-3.549124437903,
    23.093801771799));
#7528 = VECTOR('',#7529,1.);
#7529 = DIRECTION('',(9.329386363513E-15,-4.097518500372E-14,1.));
#7530 = ORIENTED_EDGE('',*,*,#7475,.F.);
#7531 = ORIENTED_EDGE('',*,*,#4532,.T.);
#7532 = ORIENTED_EDGE('',*,*,#7502,.T.);
#7533 = PLANE('',#7534);
#7534 = AXIS2_PLACEMENT_3D('',#7535,#7536,#7537);
#7535 = CARTESIAN_POINT('',(-12.90797034516,-3.549124437903,
    24.319566257122));
#7536 = DIRECTION('',(-1.365187327934E-13,-1.,-4.141927421363E-14));
#7537 = DIRECTION('',(-3.938636351265E-17,4.097518500372E-14,-1.));
#7538 = ADVANCED_FACE('',(#7539),#7550,.F.);
#7539 = FACE_BOUND('',#7540,.F.);
#7540 = EDGE_LOOP('',(#7541,#7542,#7548,#7549));
#7541 = ORIENTED_EDGE('',*,*,#5819,.T.);
#7542 = ORIENTED_EDGE('',*,*,#7543,.T.);
#7543 = EDGE_CURVE('',#5820,#4548,#7544,.T.);
#7544 = LINE('',#7545,#7546);
#7545 = CARTESIAN_POINT('',(-5.407970345161,-0.535392400884,
    15.619329777466));
#7546 = VECTOR('',#7547,1.);
#7547 = DIRECTION('',(-1.,1.521266881884E-13,5.303252548722E-15));
#7548 = ORIENTED_EDGE('',*,*,#4557,.T.);
#7549 = ORIENTED_EDGE('',*,*,#7543,.F.);
#7550 = CYLINDRICAL_SURFACE('',#7551,1.4);
#7551 = AXIS2_PLACEMENT_3D('',#7552,#7553,#7554);
#7552 = CARTESIAN_POINT('',(-5.407970345161,-1.935392400884,
    15.619329777466));
#7553 = DIRECTION('',(-1.,1.521266881884E-13,5.303252548722E-15));
#7554 = DIRECTION('',(-1.523487327934E-13,-1.,-4.100927421363E-14));
#7555 = ADVANCED_FACE('',(#7556),#7568,.F.);
#7556 = FACE_BOUND('',#7557,.F.);
#7557 = EDGE_LOOP('',(#7558,#7564,#7565,#7566,#7567));
#7558 = ORIENTED_EDGE('',*,*,#7559,.T.);
#7559 = EDGE_CURVE('',#5809,#4581,#7560,.T.);
#7560 = LINE('',#7561,#7562);
#7561 = CARTESIAN_POINT('',(-13.40797024271,-2.412775779398,
    -2.780920464534));
#7562 = VECTOR('',#7563,1.);
#7563 = DIRECTION('',(-1.,1.526866881884E-13,6.603252548722E-15));
#7564 = ORIENTED_EDGE('',*,*,#4580,.T.);
#7565 = ORIENTED_EDGE('',*,*,#4589,.T.);
#7566 = ORIENTED_EDGE('',*,*,#7559,.F.);
#7567 = ORIENTED_EDGE('',*,*,#5808,.T.);
#7568 = CYLINDRICAL_SURFACE('',#7569,1.6);
#7569 = AXIS2_PLACEMENT_3D('',#7570,#7571,#7572);
#7570 = CARTESIAN_POINT('',(-13.40797024271,-0.812775779398,
    -2.780920464534));
#7571 = DIRECTION('',(-1.,1.526866881884E-13,6.603252548722E-15));
#7572 = DIRECTION('',(1.529087327934E-13,1.,4.118927421363E-14));
#7573 = ADVANCED_FACE('',(#7574),#7585,.F.);
#7574 = FACE_BOUND('',#7575,.F.);
#7575 = EDGE_LOOP('',(#7576,#7582,#7583,#7584));
#7576 = ORIENTED_EDGE('',*,*,#7577,.F.);
#7577 = EDGE_CURVE('',#5899,#4607,#7578,.T.);
#7578 = LINE('',#7579,#7580);
#7579 = CARTESIAN_POINT('',(-8.907970241034,12.98818806553,
    37.614353156526));
#7580 = VECTOR('',#7581,1.);
#7581 = DIRECTION('',(-1.,-1.582307562753E-09,8.522151095924E-09));
#7582 = ORIENTED_EDGE('',*,*,#5898,.F.);
#7583 = ORIENTED_EDGE('',*,*,#7577,.T.);
#7584 = ORIENTED_EDGE('',*,*,#4613,.T.);
#7585 = CYLINDRICAL_SURFACE('',#7586,1.8);
#7586 = AXIS2_PLACEMENT_3D('',#7587,#7588,#7589);
#7587 = CARTESIAN_POINT('',(-8.907970238186,11.18818806553,
    37.614353156526));
#7588 = DIRECTION('',(1.,1.582307451731E-09,-8.522151151435E-09));
#7589 = DIRECTION('',(-1.582307451731E-09,1.,4.124478536456E-14));
#7590 = ADVANCED_FACE('',(#7591),#7643,.F.);
#7591 = FACE_BOUND('',#7592,.T.);
#7592 = EDGE_LOOP('',(#7593,#7603,#7611,#7617,#7618,#7627,#7636));
#7593 = ORIENTED_EDGE('',*,*,#7594,.T.);
#7594 = EDGE_CURVE('',#7595,#7597,#7599,.T.);
#7595 = VERTEX_POINT('',#7596);
#7596 = CARTESIAN_POINT('',(-5.40897034516,14.207434131196,
    51.303570692103));
#7597 = VERTEX_POINT('',#7598);
#7598 = CARTESIAN_POINT('',(-5.40897034516,14.003317684235,
    57.302321809931));
#7599 = LINE('',#7600,#7601);
#7600 = CARTESIAN_POINT('',(-5.40897034516,14.030822179039,
    56.493995869482));
#7601 = VECTOR('',#7602,1.);
#7602 = DIRECTION('',(-4.020143344809E-15,-3.400680945787E-02,
    0.999421601183));
#7603 = ORIENTED_EDGE('',*,*,#7604,.T.);
#7604 = EDGE_CURVE('',#7597,#7605,#7607,.T.);
#7605 = VERTEX_POINT('',#7606);
#7606 = CARTESIAN_POINT('',(-5.408970345161,11.648306847453,
    57.30232180993));
#7607 = LINE('',#7608,#7609);
#7608 = CARTESIAN_POINT('',(-5.408970345158,26.046819849019,
    57.30232180993));
#7609 = VECTOR('',#7610,1.);
#7610 = DIRECTION('',(-1.529887327934E-13,-1.,-4.118927421363E-14));
#7611 = ORIENTED_EDGE('',*,*,#7612,.T.);
#7612 = EDGE_CURVE('',#7605,#4752,#7613,.T.);
#7613 = LINE('',#7614,#7615);
#7614 = CARTESIAN_POINT('',(-5.408970345161,12.547758214239,
    58.624196255093));
#7615 = VECTOR('',#7616,1.);
#7616 = DIRECTION('',(-8.704621700717E-14,-0.562556660265,
    -0.826758733847));
#7617 = ORIENTED_EDGE('',*,*,#4749,.F.);
#7618 = ORIENTED_EDGE('',*,*,#7619,.F.);
#7619 = EDGE_CURVE('',#7620,#4750,#7622,.T.);
#7620 = VERTEX_POINT('',#7621);
#7621 = CARTESIAN_POINT('',(-5.408970345161,11.599687830136,
    50.924913859303));
#7622 = CIRCLE('',#7623,9.9);
#7623 = AXIS2_PLACEMENT_3D('',#7624,#7625,#7626);
#7624 = CARTESIAN_POINT('',(-5.408970345159,21.35104291137,
    52.63402885827));
#7625 = DIRECTION('',(-1.,1.529887327934E-13,1.189386363519E-15));
#7626 = DIRECTION('',(-1.529887327934E-13,-1.,-3.640927421363E-14));
#7627 = ORIENTED_EDGE('',*,*,#7628,.T.);
#7628 = EDGE_CURVE('',#7620,#7629,#7631,.T.);
#7629 = VERTEX_POINT('',#7630);
#7630 = CARTESIAN_POINT('',(-5.408970345161,11.635908827843,
    50.412225026531));
#7631 = CIRCLE('',#7632,2.5);
#7632 = AXIS2_PLACEMENT_3D('',#7633,#7634,#7635);
#7633 = CARTESIAN_POINT('',(-5.408970345161,9.137224425784,
    50.493319162593));
#7634 = DIRECTION('',(-1.,1.529887327934E-13,1.093863635189E-16));
#7635 = DIRECTION('',(-1.529887327934E-13,-1.,-3.963927421363E-14));
#7636 = ORIENTED_EDGE('',*,*,#7637,.F.);
#7637 = EDGE_CURVE('',#7595,#7629,#7638,.T.);
#7638 = CIRCLE('',#7639,20.686724533379);
#7639 = AXIS2_PLACEMENT_3D('',#7640,#7641,#7642);
#7640 = CARTESIAN_POINT('',(-5.408970345159,19.682003157194,
    31.354393618862));
#7641 = DIRECTION('',(1.,-1.529887327934E-13,-1.189386363519E-15));
#7642 = DIRECTION('',(-6.01819140096E-14,-0.400498419604,0.916297449464)
  );
#7643 = PLANE('',#7644);
#7644 = AXIS2_PLACEMENT_3D('',#7645,#7646,#7647);
#7645 = CARTESIAN_POINT('',(-5.40897034516,15.887224220594,
    52.051738778581));
#7646 = DIRECTION('',(-1.,1.527666881884E-13,5.232525487225E-16));
#7647 = DIRECTION('',(-1.529887327934E-13,-1.,-4.118927421363E-14));
#7648 = ADVANCED_FACE('',(#7649),#7668,.T.);
#7649 = FACE_BOUND('',#7650,.T.);
#7650 = EDGE_LOOP('',(#7651,#7652,#7661,#7667));
#7651 = ORIENTED_EDGE('',*,*,#4760,.T.);
#7652 = ORIENTED_EDGE('',*,*,#7653,.F.);
#7653 = EDGE_CURVE('',#7654,#4761,#7656,.T.);
#7654 = VERTEX_POINT('',#7655);
#7655 = CARTESIAN_POINT('',(-7.84407794114,11.599687830136,
    50.924913859303));
#7656 = ELLIPSE('',#7657,9.906034488558,9.9);
#7657 = AXIS2_PLACEMENT_3D('',#7658,#7659,#7660);
#7658 = CARTESIAN_POINT('',(-7.784394330224,21.35104291137,
    52.63402885827));
#7659 = DIRECTION('',(-0.999390827019,1.491380512514E-13,
    3.48994967025E-02));
#7660 = DIRECTION('',(-3.48994967025E-02,4.12618446686E-14,
    -0.999390827019));
#7661 = ORIENTED_EDGE('',*,*,#7662,.T.);
#7662 = EDGE_CURVE('',#7654,#7620,#7663,.T.);
#7663 = LINE('',#7664,#7665);
#7664 = CARTESIAN_POINT('',(-10.90797002407,11.599687830137,
    50.924913859303));
#7665 = VECTOR('',#7666,1.);
#7666 = DIRECTION('',(1.,-1.523466881884E-13,-6.503252548722E-15));
#7667 = ORIENTED_EDGE('',*,*,#7619,.T.);
#7668 = CYLINDRICAL_SURFACE('',#7669,9.9);
#7669 = AXIS2_PLACEMENT_3D('',#7670,#7671,#7672);
#7670 = CARTESIAN_POINT('',(-10.90797002407,21.351042911371,
    52.63402885827));
#7671 = DIRECTION('',(1.,-1.523466881884E-13,-8.663252548722E-15));
#7672 = DIRECTION('',(-1.525687327934E-13,-1.,-3.640927421363E-14));
#7673 = ADVANCED_FACE('',(#7674),#7705,.T.);
#7674 = FACE_BOUND('',#7675,.T.);
#7675 = EDGE_LOOP('',(#7676,#7677,#7678,#7679,#7680,#7689,#7698));
#7676 = ORIENTED_EDGE('',*,*,#7653,.T.);
#7677 = ORIENTED_EDGE('',*,*,#4768,.T.);
#7678 = ORIENTED_EDGE('',*,*,#4835,.F.);
#7679 = ORIENTED_EDGE('',*,*,#4899,.T.);
#7680 = ORIENTED_EDGE('',*,*,#7681,.T.);
#7681 = EDGE_CURVE('',#4892,#7682,#7684,.T.);
#7682 = VERTEX_POINT('',#7683);
#7683 = CARTESIAN_POINT('',(-7.981026370293,9.14177967888,
    47.003223955392));
#7684 = ELLIPSE('',#7685,0.40024381772,0.4);
#7685 = AXIS2_PLACEMENT_3D('',#7686,#7687,#7688);
#7686 = CARTESIAN_POINT('',(-7.97892432689,9.537224497328,
    47.063418602687));
#7687 = DIRECTION('',(0.999390827019,-1.491380512514E-13,
    -3.48994967025E-02));
#7688 = DIRECTION('',(-3.48994967025E-02,1.353318446686E-13,
    -0.999390827019));
#7689 = ORIENTED_EDGE('',*,*,#7690,.T.);
#7690 = EDGE_CURVE('',#7682,#7691,#7693,.T.);
#7691 = VERTEX_POINT('',#7692);
#7692 = CARTESIAN_POINT('',(-7.940947670971,10.010839000602,
    48.150927740422));
#7693 = ELLIPSE('',#7694,1.343695959886,1.342877416613);
#7694 = AXIS2_PLACEMENT_3D('',#7695,#7696,#7697);
#7695 = CARTESIAN_POINT('',(-7.984885605317,10.480101913941,
    46.892709923741));
#7696 = DIRECTION('',(-0.999390827019,1.491380512514E-13,
    3.48994967025E-02));
#7697 = DIRECTION('',(3.48994967025E-02,-8.90118446686E-14,
    0.999390827019));
#7698 = ORIENTED_EDGE('',*,*,#7699,.T.);
#7699 = EDGE_CURVE('',#7691,#7654,#7700,.T.);
#7700 = ELLIPSE('',#7701,2.501523860747,2.5);
#7701 = AXIS2_PLACEMENT_3D('',#7702,#7703,#7704);
#7702 = CARTESIAN_POINT('',(-7.859149560058,9.137224425784,
    50.493319162594));
#7703 = DIRECTION('',(0.999390827019,-1.491380512514E-13,
    -3.48994967025E-02));
#7704 = DIRECTION('',(3.48994967025E-02,-4.44918446686E-14,
    0.999390827019));
#7705 = PLANE('',#7706);
#7706 = AXIS2_PLACEMENT_3D('',#7707,#7708,#7709);
#7707 = CARTESIAN_POINT('',(-8.428468491906,19.850604987029,
    34.190158031378));
#7708 = DIRECTION('',(0.999390827019,-1.489316403999E-13,
    -3.48994967025E-02));
#7709 = DIRECTION('',(3.48994967025E-02,-4.63118446686E-14,
    0.999390827019));
#7710 = ADVANCED_FACE('',(#7711),#7730,.T.);
#7711 = FACE_BOUND('',#7712,.T.);
#7712 = EDGE_LOOP('',(#7713,#7721,#7727,#7728,#7729));
#7713 = ORIENTED_EDGE('',*,*,#7714,.T.);
#7714 = EDGE_CURVE('',#7605,#7715,#7717,.T.);
#7715 = VERTEX_POINT('',#7716);
#7716 = CARTESIAN_POINT('',(-6.631301382455,11.6192626003,57.30232180993
    ));
#7717 = LINE('',#7718,#7719);
#7718 = CARTESIAN_POINT('',(-11.4194120348,11.505490581971,
    57.302321809931));
#7719 = VECTOR('',#7720,1.);
#7720 = DIRECTION('',(-0.999717818383,-2.375465443804E-02,
    5.111651399482E-15));
#7721 = ORIENTED_EDGE('',*,*,#7722,.T.);
#7722 = EDGE_CURVE('',#7715,#4976,#7723,.T.);
#7723 = LINE('',#7724,#7725);
#7724 = CARTESIAN_POINT('',(-10.34819121401,14.149910996258,
    61.151273903532));
#7725 = VECTOR('',#7726,1.);
#7726 = DIRECTION('',(-0.627965157714,0.427550745678,0.650276956817));
#7727 = ORIENTED_EDGE('',*,*,#4975,.F.);
#7728 = ORIENTED_EDGE('',*,*,#4795,.F.);
#7729 = ORIENTED_EDGE('',*,*,#7612,.F.);
#7730 = PLANE('',#7731);
#7731 = AXIS2_PLACEMENT_3D('',#7732,#7733,#7734);
#7732 = CARTESIAN_POINT('',(-8.604073357391,14.495864810906,
    61.598797352605));
#7733 = DIRECTION('',(1.964112184875E-02,-0.826599247589,0.562448140025)
  );
#7734 = DIRECTION('',(0.999717818383,2.375465443804E-02,
    -6.422198646237E-15));
#7735 = ADVANCED_FACE('',(#7736),#7756,.F.);
#7736 = FACE_BOUND('',#7737,.F.);
#7737 = EDGE_LOOP('',(#7738,#7747,#7754,#7755));
#7738 = ORIENTED_EDGE('',*,*,#7739,.F.);
#7739 = EDGE_CURVE('',#7740,#4881,#7742,.T.);
#7740 = VERTEX_POINT('',#7741);
#7741 = CARTESIAN_POINT('',(-8.507970242711,9.754225110373,
    46.727396677899));
#7742 = CIRCLE('',#7743,0.4);
#7743 = AXIS2_PLACEMENT_3D('',#7744,#7745,#7746);
#7744 = CARTESIAN_POINT('',(-8.507970242711,9.537224497328,
    47.063418602687));
#7745 = DIRECTION('',(-1.,1.529087327934E-13,6.019386363519E-15));
#7746 = DIRECTION('',(-7.841906345262E-14,-0.478277360632,
    -0.878208839802));
#7747 = ORIENTED_EDGE('',*,*,#7748,.T.);
#7748 = EDGE_CURVE('',#7740,#5167,#7749,.T.);
#7749 = CIRCLE('',#7750,0.4);
#7750 = AXIS2_PLACEMENT_3D('',#7751,#7752,#7753);
#7751 = CARTESIAN_POINT('',(-8.507970242711,9.971225723418,
    46.391374753112));
#7752 = DIRECTION('',(-1.313955982145E-13,-0.840054811969,
    -0.542501532613));
#7753 = DIRECTION('',(-7.769728633503E-14,-0.542501532613,0.840054811969
    ));
#7754 = ORIENTED_EDGE('',*,*,#5175,.F.);
#7755 = ORIENTED_EDGE('',*,*,#4880,.T.);
#7756 = TOROIDAL_SURFACE('',#7757,0.8,0.4);
#7757 = AXIS2_PLACEMENT_3D('',#7758,#7759,#7760);
#7758 = CARTESIAN_POINT('',(-8.507970242711,9.537224497328,
    47.063418602687));
#7759 = DIRECTION('',(1.,-1.526866881884E-13,-5.353252548722E-15));
#7760 = DIRECTION('',(1.529087327934E-13,1.,4.118927421363E-14));
#7761 = ADVANCED_FACE('',(#7762),#7840,.T.);
#7762 = FACE_BOUND('',#7763,.T.);
#7763 = EDGE_LOOP('',(#7764,#7772,#7773,#7774,#7775,#7783,#7794,#7833));
#7764 = ORIENTED_EDGE('',*,*,#7765,.F.);
#7765 = EDGE_CURVE('',#7682,#7766,#7768,.T.);
#7766 = VERTEX_POINT('',#7767);
#7767 = CARTESIAN_POINT('',(-6.149911840181,9.14177967888,
    47.003223955391));
#7768 = LINE('',#7769,#7770);
#7769 = CARTESIAN_POINT('',(-10.90797002407,9.141779678881,
    47.003223955391));
#7770 = VECTOR('',#7771,1.);
#7771 = DIRECTION('',(1.,-1.523466881884E-13,-4.343252548722E-15));
#7772 = ORIENTED_EDGE('',*,*,#7681,.F.);
#7773 = ORIENTED_EDGE('',*,*,#4891,.F.);
#7774 = ORIENTED_EDGE('',*,*,#7739,.F.);
#7775 = ORIENTED_EDGE('',*,*,#7776,.T.);
#7776 = EDGE_CURVE('',#7740,#7777,#7779,.T.);
#7777 = VERTEX_POINT('',#7778);
#7778 = CARTESIAN_POINT('',(-6.645181032882,9.754225110373,
    46.727396677899));
#7779 = LINE('',#7780,#7781);
#7780 = CARTESIAN_POINT('',(-14.77396980544,9.754225110374,
    46.727396677899));
#7781 = VECTOR('',#7782,1.);
#7782 = DIRECTION('',(1.,-1.527666881884E-13,-4.153252548722E-15));
#7783 = ORIENTED_EDGE('',*,*,#7784,.F.);
#7784 = EDGE_CURVE('',#7785,#7777,#7787,.T.);
#7785 = VERTEX_POINT('',#7786);
#7786 = CARTESIAN_POINT('',(-6.507969840058,9.640113516767,
    46.676877725574));
#7787 = B_SPLINE_CURVE_WITH_KNOTS('',3,(#7788,#7789,#7790,#7791,#7792,
    #7793),.UNSPECIFIED.,.F.,.F.,(4,2,4),(7.006998293506E-02,
    8.803207939737E-02,8.844557854278E-02),.UNSPECIFIED.);
#7788 = CARTESIAN_POINT('',(-6.507969837617,9.640113516767,
    46.676877725574));
#7789 = CARTESIAN_POINT('',(-6.551994530693,9.680118227267,
    46.687526134785));
#7790 = CARTESIAN_POINT('',(-6.597151098088,9.717747772102,
    46.704187621169));
#7791 = CARTESIAN_POINT('',(-6.643112502742,9.752659184108,
    46.726389282757));
#7792 = CARTESIAN_POINT('',(-6.64414676887,9.753443030427,46.72689161613
    ));
#7793 = CARTESIAN_POINT('',(-6.645181032882,9.754225110381,
    46.727396677904));
#7794 = ORIENTED_EDGE('',*,*,#7795,.F.);
#7795 = EDGE_CURVE('',#7796,#7785,#7798,.T.);
#7796 = VERTEX_POINT('',#7797);
#7797 = CARTESIAN_POINT('',(-6.152839269899,9.164053326549,
    46.919393336501));
#7798 = B_SPLINE_CURVE_WITH_KNOTS('',3,(#7799,#7800,#7801,#7802,#7803,
    #7804,#7805,#7806,#7807,#7808,#7809,#7810,#7811,#7812,#7813,#7814,
    #7815,#7816,#7817,#7818,#7819,#7820,#7821,#7822,#7823,#7824,#7825,
    #7826,#7827,#7828,#7829,#7830,#7831,#7832),.UNSPECIFIED.,.F.,.F.,(4,
    3,3,3,3,3,3,3,3,3,3,4),(0.,5.376577754997E-03,1.49393214085E-02,
    1.783895600689E-02,2.514060042904E-02,3.235384201463E-02,
    4.034119173018E-02,4.788213573933E-02,5.183955222172E-02,
    6.070717382083E-02,6.957479541993E-02,7.006998311122E-02),
  .UNSPECIFIED.);
#7799 = CARTESIAN_POINT('',(-6.152839270677,9.1640533383,46.919393314241
    ));
#7800 = CARTESIAN_POINT('',(-6.153422835962,9.170502917386,
    46.902682319596));
#7801 = CARTESIAN_POINT('',(-6.154951885053,9.178031040944,
    46.88651236724));
#7802 = CARTESIAN_POINT('',(-6.157446472414,9.18656854639,46.87095937081
    ));
#7803 = CARTESIAN_POINT('',(-6.161883328078,9.201753293964,
    46.843296919957));
#7804 = CARTESIAN_POINT('',(-6.169264620075,9.219754962255,
    46.818240544219));
#7805 = CARTESIAN_POINT('',(-6.179289031451,9.239882882225,
    46.795890437615));
#7806 = CARTESIAN_POINT('',(-6.182328653876,9.245986111095,
    46.78911339279));
#7807 = CARTESIAN_POINT('',(-6.185611559998,9.252285056606,
    46.78258503377));
#7808 = CARTESIAN_POINT('',(-6.18913001746,9.258761012983,
    46.776307862389));
#7809 = CARTESIAN_POINT('',(-6.197989935644,9.275068285212,
    46.76050115577));
#7810 = CARTESIAN_POINT('',(-6.208200727844,9.292232345038,
    46.746535055654));
#7811 = CARTESIAN_POINT('',(-6.219518545212,9.309915783265,
    46.734316275018));
#7812 = CARTESIAN_POINT('',(-6.230699334932,9.327385123678,
    46.722245430217));
#7813 = CARTESIAN_POINT('',(-6.242960869855,9.345361766968,
    46.71187936258));
#7814 = CARTESIAN_POINT('',(-6.256102806605,9.363546542864,
    46.703103667698));
#7815 = CARTESIAN_POINT('',(-6.270655105113,9.383682866161,
    46.693386185872));
#7816 = CARTESIAN_POINT('',(-6.286262438417,9.404032592925,
    46.685628679719));
#7817 = CARTESIAN_POINT('',(-6.302688858096,9.424310691681,46.679690032)
  );
#7818 = CARTESIAN_POINT('',(-6.318197220128,9.443455465952,
    46.674083289897));
#7819 = CARTESIAN_POINT('',(-6.334434646523,9.462538052048,
    46.670095636664));
#7820 = CARTESIAN_POINT('',(-6.351152096795,9.481385508721,
    46.667515647418));
#7821 = CARTESIAN_POINT('',(-6.359925257445,9.491276476695,
    46.66616169333));
#7822 = CARTESIAN_POINT('',(-6.368831541314,9.50110273815,
    46.665195494973));
#7823 = CARTESIAN_POINT('',(-6.377840564977,9.510839475595,
    46.664587095383));
#7824 = CARTESIAN_POINT('',(-6.398027627214,9.532657169958,
    46.663223817758));
#7825 = CARTESIAN_POINT('',(-6.418838316791,9.554158914622,
    46.663656847946));
#7826 = CARTESIAN_POINT('',(-6.440012005751,9.575169916159,
    46.665686426561));
#7827 = CARTESIAN_POINT('',(-6.46118569471,9.596180917695,
    46.667716005176));
#7828 = CARTESIAN_POINT('',(-6.482723280447,9.616701403734,
    46.671341977756));
#7829 = CARTESIAN_POINT('',(-6.504417318728,9.63655099085,
    46.676380048401));
#7830 = CARTESIAN_POINT('',(-6.505628746572,9.637659421758,
    46.676661381871));
#7831 = CARTESIAN_POINT('',(-6.506841050562,9.63876615115,
    46.676947241483));
#7832 = CARTESIAN_POINT('',(-6.508054201654,9.639871114834,
    46.677237585963));
#7833 = ORIENTED_EDGE('',*,*,#7834,.F.);
#7834 = EDGE_CURVE('',#7766,#7796,#7835,.T.);
#7835 = ELLIPSE('',#7836,0.40024381772,0.4);
#7836 = AXIS2_PLACEMENT_3D('',#7837,#7838,#7839);
#7837 = CARTESIAN_POINT('',(-6.147809796778,9.537224497328,
    47.063418602687));
#7838 = DIRECTION('',(0.999390827019,-1.514580512514E-13,
    -3.48994967025E-02));
#7839 = DIRECTION('',(-3.48994967025E-02,4.33618446686E-14,
    -0.999390827019));
#7840 = CYLINDRICAL_SURFACE('',#7841,0.4);
#7841 = AXIS2_PLACEMENT_3D('',#7842,#7843,#7844);
#7842 = CARTESIAN_POINT('',(-14.77396980544,9.537224497329,
    47.063418602687));
#7843 = DIRECTION('',(1.,-1.527666881884E-13,-5.313252548722E-15));
#7844 = DIRECTION('',(-7.842219728792E-14,-0.478277360632,
    -0.878208839802));
#7845 = ADVANCED_FACE('',(#7846),#7865,.T.);
#7846 = FACE_BOUND('',#7847,.T.);
#7847 = EDGE_LOOP('',(#7848,#7849,#7850,#7858));
#7848 = ORIENTED_EDGE('',*,*,#4983,.F.);
#7849 = ORIENTED_EDGE('',*,*,#7722,.F.);
#7850 = ORIENTED_EDGE('',*,*,#7851,.T.);
#7851 = EDGE_CURVE('',#7715,#7852,#7854,.T.);
#7852 = VERTEX_POINT('',#7853);
#7853 = CARTESIAN_POINT('',(-6.631301382455,14.204313961904,
    57.302321809931));
#7854 = LINE('',#7855,#7856);
#7855 = CARTESIAN_POINT('',(-6.631301382453,28.368819412202,
    57.302321809931));
#7856 = VECTOR('',#7857,1.);
#7857 = DIRECTION('',(1.506687327934E-13,1.,4.118927421363E-14));
#7858 = ORIENTED_EDGE('',*,*,#7859,.T.);
#7859 = EDGE_CURVE('',#7852,#4984,#7860,.T.);
#7860 = ELLIPSE('',#7861,3.168857250462,2.2);
#7861 = AXIS2_PLACEMENT_3D('',#7862,#7863,#7864);
#7862 = CARTESIAN_POINT('',(-5.707925188595,16.234846795433,
    56.346137770157));
#7863 = DIRECTION('',(-0.719339800339,1.369876434509E-13,-0.694658370459
    ));
#7864 = DIRECTION('',(-0.693882517626,-4.724955671886E-02,0.718536381211
    ));
#7865 = PLANE('',#7866);
#7866 = AXIS2_PLACEMENT_3D('',#7867,#7868,#7869);
#7867 = CARTESIAN_POINT('',(-7.113851634101,25.529414603811,
    57.80201722344));
#7868 = DIRECTION('',(0.719339800339,-1.365251427986E-13,0.694658370459)
  );
#7869 = DIRECTION('',(1.50667918743E-13,1.,4.11884880943E-14));
#7870 = ADVANCED_FACE('',(#7871),#7961,.F.);
#7871 = FACE_BOUND('',#7872,.F.);
#7872 = EDGE_LOOP('',(#7873,#7890,#7899,#7911,#7919,#7926,#7927,#7928,
    #7939,#7954));
#7873 = ORIENTED_EDGE('',*,*,#7874,.F.);
#7874 = EDGE_CURVE('',#7875,#7877,#7879,.T.);
#7875 = VERTEX_POINT('',#7876);
#7876 = CARTESIAN_POINT('',(-6.071860984459,14.305756536067,
    49.238308028749));
#7877 = VERTEX_POINT('',#7878);
#7878 = CARTESIAN_POINT('',(-6.507969662811,14.443359382905,
    48.732322258587));
#7879 = B_SPLINE_CURVE_WITH_KNOTS('',3,(#7880,#7881,#7882,#7883,#7884,
    #7885,#7886,#7887,#7888,#7889),.UNSPECIFIED.,.F.,.F.,(4,2,2,2,4),(
    -8.093505084114E-02,-6.463452683471E-02,-4.811811641271E-02,
    -2.559245372308E-02,-7.195010492353E-03),.UNSPECIFIED.);
#7880 = CARTESIAN_POINT('',(-6.07186098446,14.305756536067,
    49.238308028749));
#7881 = CARTESIAN_POINT('',(-6.073750562547,14.30791485874,
    49.18419759203));
#7882 = CARTESIAN_POINT('',(-6.084311511218,14.311456943608,
    49.130850823478));
#7883 = CARTESIAN_POINT('',(-6.121729735326,14.321760737844,
    49.02883952391));
#7884 = CARTESIAN_POINT('',(-6.14847882341,14.328498186629,
    48.981087360518));
#7885 = CARTESIAN_POINT('',(-6.227227643955,14.34932333783,
    48.879833102788));
#7886 = CARTESIAN_POINT('',(-6.283519707982,14.364909861036,
    48.832202360816));
#7887 = CARTESIAN_POINT('',(-6.397536927788,14.401726601333,
    48.766780112148));
#7888 = CARTESIAN_POINT('',(-6.452337233931,14.421178143472,
    48.74556495903));
#7889 = CARTESIAN_POINT('',(-6.507969662812,14.443359382903,
    48.732322258588));
#7890 = ORIENTED_EDGE('',*,*,#7891,.F.);
#7891 = EDGE_CURVE('',#7892,#7875,#7894,.T.);
#7892 = VERTEX_POINT('',#7893);
#7893 = CARTESIAN_POINT('',(-5.999577867639,14.224425090426,
    51.308225671002));
#7894 = ELLIPSE('',#7895,63.07464066282,2.2);
#7895 = AXIS2_PLACEMENT_3D('',#7896,#7897,#7898);
#7896 = CARTESIAN_POINT('',(-5.707925188595,16.122085460176,
    59.660065657846));
#7897 = DIRECTION('',(0.999390827019,-1.514580561662E-13,
    -3.48994967025E-02));
#7898 = DIRECTION('',(-3.487928628044E-02,3.402751412088E-02,
    -0.998812076254));
#7899 = ORIENTED_EDGE('',*,*,#7900,.F.);
#7900 = EDGE_CURVE('',#7901,#7892,#7903,.T.);
#7901 = VERTEX_POINT('',#7902);
#7902 = CARTESIAN_POINT('',(-5.690660724647,14.205242695917,
    51.302969019941));
#7903 = B_SPLINE_CURVE_WITH_KNOTS('',3,(#7904,#7905,#7906,#7907,#7908,
    #7909,#7910),.UNSPECIFIED.,.F.,.F.,(4,3,4),(1.330663629026,
    1.332387802107,1.361084986176),.UNSPECIFIED.);
#7904 = CARTESIAN_POINT('',(-5.690660724959,14.205242690644,
    51.302969174825));
#7905 = CARTESIAN_POINT('',(-5.696422996901,14.205197862521,
    51.302956867536));
#7906 = CARTESIAN_POINT('',(-5.702177944993,14.205175536443,
    51.302950737925));
#7907 = CARTESIAN_POINT('',(-5.707925188595,14.205175536443,
    51.302950737925));
#7908 = CARTESIAN_POINT('',(-5.803582468825,14.205175536443,
    51.302950737925));
#7909 = CARTESIAN_POINT('',(-5.901401583914,14.211407570406,
    51.30466524554));
#7910 = CARTESIAN_POINT('',(-5.99957786764,14.224425090421,
    51.308225671002));
#7911 = ORIENTED_EDGE('',*,*,#7912,.F.);
#7912 = EDGE_CURVE('',#7913,#7901,#7915,.T.);
#7913 = VERTEX_POINT('',#7914);
#7914 = CARTESIAN_POINT('',(-5.690660724647,14.001105776164,
    57.302321809931));
#7915 = LINE('',#7916,#7917);
#7916 = CARTESIAN_POINT('',(-5.690660724647,14.334463336588,
    47.505320794061));
#7917 = VECTOR('',#7918,1.);
#7918 = DIRECTION('',(4.300143344809E-15,3.400680945787E-02,
    -0.999421601183));
#7919 = ORIENTED_EDGE('',*,*,#7920,.T.);
#7920 = EDGE_CURVE('',#7913,#7852,#7921,.T.);
#7921 = ELLIPSE('',#7922,2.201273213824,2.2);
#7922 = AXIS2_PLACEMENT_3D('',#7923,#7924,#7925);
#7923 = CARTESIAN_POINT('',(-5.707925188595,16.202311208441,
    57.302321809931));
#7924 = DIRECTION('',(-6.093252548716E-15,4.118927421363E-14,-1.));
#7925 = DIRECTION('',(-2.844987327934E-13,-1.,-4.118927421363E-14));
#7926 = ORIENTED_EDGE('',*,*,#7859,.T.);
#7927 = ORIENTED_EDGE('',*,*,#4991,.T.);
#7928 = ORIENTED_EDGE('',*,*,#7929,.F.);
#7929 = EDGE_CURVE('',#7930,#4992,#7932,.T.);
#7930 = VERTEX_POINT('',#7931);
#7931 = CARTESIAN_POINT('',(-7.431264467667,15.148830176325,
    48.049912260869));
#7932 = B_SPLINE_CURVE_WITH_KNOTS('',3,(#7933,#7934,#7935,#7936,#7937,
    #7938),.UNSPECIFIED.,.F.,.F.,(4,2,4),(0.192100093566,0.251086664764,
    0.335239735642),.UNSPECIFIED.);
#7933 = CARTESIAN_POINT('',(-7.431264467667,15.148830176325,
    48.049912260869));
#7934 = CARTESIAN_POINT('',(-7.555513384228,15.304064614605,
    48.0920615691));
#7935 = CARTESIAN_POINT('',(-7.661444528354,15.481100605278,
    48.13771578285));
#7936 = CARTESIAN_POINT('',(-7.852383294424,15.938113499831,
    48.246687263745));
#7937 = CARTESIAN_POINT('',(-7.907925188595,16.230826624894,
    48.30898198118));
#7938 = CARTESIAN_POINT('',(-7.907925188595,16.506571045648,
    48.3604699125));
#7939 = ORIENTED_EDGE('',*,*,#7940,.F.);
#7940 = EDGE_CURVE('',#7941,#7930,#7943,.T.);
#7941 = VERTEX_POINT('',#7942);
#7942 = CARTESIAN_POINT('',(-6.573482276511,14.470576760428,
    48.72043746351));
#7943 = B_SPLINE_CURVE_WITH_KNOTS('',3,(#7944,#7945,#7946,#7947,#7948,
    #7949,#7950,#7951,#7952,#7953),.UNSPECIFIED.,.F.,.F.,(4,2,2,2,4),(
    0.806833493548,0.831324031852,0.878926449619,0.921302119244,
    0.937915678929),.UNSPECIFIED.);
#7944 = CARTESIAN_POINT('',(-6.573482276511,14.470576760428,
    48.720437463511));
#7945 = CARTESIAN_POINT('',(-6.651885181252,14.50448352351,
    48.710592840514));
#7946 = CARTESIAN_POINT('',(-6.726432944732,14.542310097789,
    48.697640092353));
#7947 = CARTESIAN_POINT('',(-6.930011174532,14.659862092836,
    48.647777696362));
#7948 = CARTESIAN_POINT('',(-7.074042806324,14.768265061281,
    48.586462703821));
#7949 = CARTESIAN_POINT('',(-7.262349036636,14.941906418399,
    48.430431864423));
#7950 = CARTESIAN_POINT('',(-7.337349109535,15.026782654512,
    48.327382221473));
#7951 = CARTESIAN_POINT('',(-7.404683263572,15.112085179198,
    48.154956959886));
#7952 = CARTESIAN_POINT('',(-7.419878259163,15.132655488654,
    48.103327309836));
#7953 = CARTESIAN_POINT('',(-7.431264467667,15.148830176325,
    48.049912260869));
#7954 = ORIENTED_EDGE('',*,*,#7955,.F.);
#7955 = EDGE_CURVE('',#7877,#7941,#7956,.T.);
#7956 = B_SPLINE_CURVE_WITH_KNOTS('',3,(#7957,#7958,#7959,#7960),
  .UNSPECIFIED.,.F.,.F.,(4,4),(-7.195010491786E-03,0.),
  .PIECEWISE_BEZIER_KNOTS.);
#7957 = CARTESIAN_POINT('',(-6.508001069884,14.443406494799,
    48.732458247854));
#7958 = CARTESIAN_POINT('',(-6.529740778555,14.452053011709,
    48.72720801379));
#7959 = CARTESIAN_POINT('',(-6.551609450913,14.461117458915,
    48.723183914328));
#7960 = CARTESIAN_POINT('',(-6.573482276511,14.470576760428,
    48.72043746351));
#7961 = CYLINDRICAL_SURFACE('',#7962,2.2);
#7962 = AXIS2_PLACEMENT_3D('',#7963,#7964,#7965);
#7963 = CARTESIAN_POINT('',(-5.707925188595,16.53312315603,
    47.580133471167));
#7964 = DIRECTION('',(-3.220143344809E-15,-3.400680945787E-02,
    0.999421601183));
#7965 = DIRECTION('',(-0.704326812065,-0.709465272299,
    -2.414061323421E-02));
#7966 = ADVANCED_FACE('',(#7967),#8005,.F.);
#7967 = FACE_BOUND('',#7968,.F.);
#7968 = EDGE_LOOP('',(#7969,#7970,#7971,#7982,#7990,#7999));
#7969 = ORIENTED_EDGE('',*,*,#7929,.T.);
#7970 = ORIENTED_EDGE('',*,*,#4999,.T.);
#7971 = ORIENTED_EDGE('',*,*,#7972,.T.);
#7972 = EDGE_CURVE('',#5000,#7973,#7975,.T.);
#7973 = VERTEX_POINT('',#7974);
#7974 = CARTESIAN_POINT('',(-7.440491408182,24.510449200919,
    47.966922288602));
#7975 = B_SPLINE_CURVE_WITH_KNOTS('',3,(#7976,#7977,#7978,#7979,#7980,
    #7981),.UNSPECIFIED.,.F.,.F.,(4,2,4),(0.332711537908,0.417678759242,
    0.474855802489),.UNSPECIFIED.);
#7976 = CARTESIAN_POINT('',(-7.907925188594,23.165194217514,
    48.300112253296));
#7977 = CARTESIAN_POINT('',(-7.907925188594,23.442618230204,
    48.243087770489));
#7978 = CARTESIAN_POINT('',(-7.851655743333,23.736889462735,
    48.174785188242));
#7979 = CARTESIAN_POINT('',(-7.661604487014,24.188337047198,
    48.058229379143));
#7980 = CARTESIAN_POINT('',(-7.559811329717,24.359377888601,
    48.010831298168));
#7981 = CARTESIAN_POINT('',(-7.440491408182,24.510449200919,
    47.966922288602));
#7982 = ORIENTED_EDGE('',*,*,#7983,.F.);
#7983 = EDGE_CURVE('',#7984,#7973,#7986,.T.);
#7984 = VERTEX_POINT('',#7985);
#7985 = CARTESIAN_POINT('',(-8.507970242709,24.510449200919,
    47.966922288602));
#7986 = LINE('',#7987,#7988);
#7987 = CARTESIAN_POINT('',(-8.907970345158,24.510449200919,
    47.966922288602));
#7988 = VECTOR('',#7989,1.);
#7989 = DIRECTION('',(1.,-1.527666881884E-13,-4.023252548722E-15));
#7990 = ORIENTED_EDGE('',*,*,#7991,.T.);
#7991 = EDGE_CURVE('',#7984,#7992,#7994,.T.);
#7992 = VERTEX_POINT('',#7993);
#7993 = CARTESIAN_POINT('',(-8.50797024271,15.148830176325,
    48.049912260869));
#7994 = CIRCLE('',#7995,17.300000000001);
#7995 = AXIS2_PLACEMENT_3D('',#7996,#7997,#7998);
#7996 = CARTESIAN_POINT('',(-8.50797024271,19.682003157195,
    31.354393618864));
#7997 = DIRECTION('',(1.,-1.529087327934E-13,-6.019386363519E-15));
#7998 = DIRECTION('',(7.374619765244E-15,8.864568327918E-03,
    0.999960708942));
#7999 = ORIENTED_EDGE('',*,*,#8000,.F.);
#8000 = EDGE_CURVE('',#7930,#7992,#8001,.T.);
#8001 = LINE('',#8002,#8003);
#8002 = CARTESIAN_POINT('',(-8.90797034516,15.148830176325,
    48.049912260869));
#8003 = VECTOR('',#8004,1.);
#8004 = DIRECTION('',(-1.,1.527666881884E-13,2.853252548722E-15));
#8005 = CYLINDRICAL_SURFACE('',#8006,17.300000000001);
#8006 = AXIS2_PLACEMENT_3D('',#8007,#8008,#8009);
#8007 = CARTESIAN_POINT('',(-8.907970345159,19.682003157195,
    31.354393618864));
#8008 = DIRECTION('',(1.,-1.527666881884E-13,-5.103252548722E-15));
#8009 = DIRECTION('',(4.822018677411E-14,0.278973828601,0.960298705068)
  );
#8010 = ADVANCED_FACE('',(#8011),#8097,.F.);
#8011 = FACE_BOUND('',#8012,.F.);
#8012 = EDGE_LOOP('',(#8013,#8026,#8027,#8028,#8037,#8046,#8054,#8063,
    #8072,#8081,#8090));
#8013 = ORIENTED_EDGE('',*,*,#8014,.F.);
#8014 = EDGE_CURVE('',#7973,#8015,#8017,.T.);
#8015 = VERTEX_POINT('',#8016);
#8016 = CARTESIAN_POINT('',(-7.087611794452,24.885847643437,
    48.477916557512));
#8017 = B_SPLINE_CURVE_WITH_KNOTS('',3,(#8018,#8019,#8020,#8021,#8022,
    #8023,#8024,#8025),.UNSPECIFIED.,.F.,.F.,(4,2,2,4),(0.513681609631,
    0.528963098952,0.571689846155,0.585851937021),.UNSPECIFIED.);
#8018 = CARTESIAN_POINT('',(-7.440491408182,24.510449200919,
    47.966922288602));
#8019 = CARTESIAN_POINT('',(-7.429519493194,24.526139079914,
    48.0157348178));
#8020 = CARTESIAN_POINT('',(-7.415376950064,24.545492272005,
    48.062938503656));
#8021 = CARTESIAN_POINT('',(-7.349765111943,24.63004475657,
    48.232310271525));
#8022 = CARTESIAN_POINT('',(-7.274720281969,24.716370204461,
    48.335957458037));
#8023 = CARTESIAN_POINT('',(-7.156222914258,24.827219886084,
    48.43409029717));
#8024 = CARTESIAN_POINT('',(-7.123246479449,24.85643397158,
    48.45715687077));
#8025 = CARTESIAN_POINT('',(-7.087611794452,24.885847643437,
    48.477916557512));
#8026 = ORIENTED_EDGE('',*,*,#7972,.F.);
#8027 = ORIENTED_EDGE('',*,*,#5008,.F.);
#8028 = ORIENTED_EDGE('',*,*,#8029,.T.);
#8029 = EDGE_CURVE('',#5009,#8030,#8032,.T.);
#8030 = VERTEX_POINT('',#8031);
#8031 = CARTESIAN_POINT('',(-6.631301382453,25.469505060565,
    57.302321809931));
#8032 = ELLIPSE('',#8033,3.168857250462,2.2);
#8033 = AXIS2_PLACEMENT_3D('',#8034,#8035,#8036);
#8034 = CARTESIAN_POINT('',(-5.707925188594,23.438972227036,
    56.346137770157));
#8035 = DIRECTION('',(-0.719339800339,1.369876434509E-13,-0.694658370459
    ));
#8036 = DIRECTION('',(-0.693882517626,4.724955671912E-02,0.718536381211)
  );
#8037 = ORIENTED_EDGE('',*,*,#8038,.T.);
#8038 = EDGE_CURVE('',#8030,#8039,#8041,.T.);
#8039 = VERTEX_POINT('',#8040);
#8040 = CARTESIAN_POINT('',(-5.690660724646,25.672713246305,
    57.302321809931));
#8041 = ELLIPSE('',#8042,2.201273213824,2.2);
#8042 = AXIS2_PLACEMENT_3D('',#8043,#8044,#8045);
#8043 = CARTESIAN_POINT('',(-5.707925188594,23.471507814028,
    57.302321809931));
#8044 = DIRECTION('',(-7.173252548716E-15,4.118927421363E-14,-1.));
#8045 = DIRECTION('',(3.307873279335E-14,1.,4.118927421363E-14));
#8046 = ORIENTED_EDGE('',*,*,#8047,.F.);
#8047 = EDGE_CURVE('',#8048,#8039,#8050,.T.);
#8048 = VERTEX_POINT('',#8049);
#8049 = CARTESIAN_POINT('',(-5.690660724646,25.515061655517,
    52.669120171606));
#8050 = LINE('',#8051,#8052);
#8051 = CARTESIAN_POINT('',(-5.690660724646,25.339371524193,
    47.505786264113));
#8052 = VECTOR('',#8053,1.);
#8053 = DIRECTION('',(5.9451740258E-15,3.400680945787E-02,0.999421601183
    ));
#8054 = ORIENTED_EDGE('',*,*,#8055,.F.);
#8055 = EDGE_CURVE('',#8056,#8048,#8058,.T.);
#8056 = VERTEX_POINT('',#8057);
#8057 = CARTESIAN_POINT('',(-5.95205438365,25.501534375415,
    52.669120194458));
#8058 = ELLIPSE('',#8059,2.201273213824,2.2);
#8059 = AXIS2_PLACEMENT_3D('',#8060,#8061,#8062);
#8060 = CARTESIAN_POINT('',(-5.707925188594,23.313856223291,
    52.669120173115));
#8061 = DIRECTION('',(-8.742274118325E-08,4.123928758832E-14,-1.));
#8062 = DIRECTION('',(-2.569255256631E-06,0.999999999997,
    2.658506249224E-13));
#8063 = ORIENTED_EDGE('',*,*,#8064,.F.);
#8064 = EDGE_CURVE('',#8065,#8056,#8067,.T.);
#8065 = VERTEX_POINT('',#8066);
#8066 = CARTESIAN_POINT('',(-6.014019902398,25.433340249338,
    50.89465990476));
#8067 = ELLIPSE('',#8068,63.074640662819,2.2);
#8068 = AXIS2_PLACEMENT_3D('',#8069,#8070,#8071);
#8069 = CARTESIAN_POINT('',(-5.707925188594,23.551733562292,
    59.660065657845));
#8070 = DIRECTION('',(0.999390827019,-1.514578393258E-13,
    -3.48994967025E-02));
#8071 = DIRECTION('',(-3.487928628046E-02,-3.402751412087E-02,
    -0.998812076254));
#8072 = ORIENTED_EDGE('',*,*,#8073,.T.);
#8073 = EDGE_CURVE('',#8065,#8074,#8076,.T.);
#8074 = VERTEX_POINT('',#8075);
#8075 = CARTESIAN_POINT('',(-6.81302170006,25.157946695998,
    50.925926345973));
#8076 = ELLIPSE('',#8077,2.203651478066,2.2);
#8077 = AXIS2_PLACEMENT_3D('',#8078,#8079,#8080);
#8078 = CARTESIAN_POINT('',(-5.707925188594,23.252589376446,
    50.868556958002));
#8079 = DIRECTION('',(4.122546015905E-02,-6.172810863474E-03,
    0.999130801167));
#8080 = DIRECTION('',(-0.715232721043,0.698067386296,3.382423597782E-02)
  );
#8081 = ORIENTED_EDGE('',*,*,#8082,.T.);
#8082 = EDGE_CURVE('',#8074,#8083,#8085,.T.);
#8083 = VERTEX_POINT('',#8084);
#8084 = CARTESIAN_POINT('',(-6.880955387406,25.038563136284,
    48.626602850445));
#8085 = ELLIPSE('',#8086,74.529877519497,2.2);
#8086 = AXIS2_PLACEMENT_3D('',#8087,#8088,#8089);
#8087 = CARTESIAN_POINT('',(-5.707925188593,24.526718692585,
    88.313774005686));
#8088 = DIRECTION('',(-0.999563533348,-1.825137008754E-04,
    2.954165685026E-02));
#8089 = DIRECTION('',(-2.951834246796E-02,-3.402702464211E-02,
    -0.998984899311));
#8090 = ORIENTED_EDGE('',*,*,#8091,.T.);
#8091 = EDGE_CURVE('',#8083,#8015,#8092,.T.);
#8092 = B_SPLINE_CURVE_WITH_KNOTS('',3,(#8093,#8094,#8095,#8096),
  .UNSPECIFIED.,.F.,.F.,(4,4),(4.20768799289E-02,6.427125643597E-02),
  .PIECEWISE_BEZIER_KNOTS.);
#8093 = CARTESIAN_POINT('',(-6.880955387406,25.038563136284,
    48.626602850445));
#8094 = CARTESIAN_POINT('',(-6.945143618415,24.996081375495,
    48.567736150014));
#8095 = CARTESIAN_POINT('',(-7.017105847975,24.944044840181,
    48.518991183608));
#8096 = CARTESIAN_POINT('',(-7.087611794452,24.885847643437,
    48.477916557512));
#8097 = CYLINDRICAL_SURFACE('',#8098,2.2);
#8098 = AXIS2_PLACEMENT_3D('',#8099,#8100,#8101);
#8099 = CARTESIAN_POINT('',(-5.707925188594,23.140711704751,
    47.58059894122));
#8100 = DIRECTION('',(7.0251740258E-15,3.400680945787E-02,0.999421601183
    ));
#8101 = DIRECTION('',(-0.704326812065,0.7094652723,-2.414061323421E-02)
  );
#8102 = ADVANCED_FACE('',(#8103),#8124,.T.);
#8103 = FACE_BOUND('',#8104,.T.);
#8104 = EDGE_LOOP('',(#8105,#8106,#8107,#8108,#8109,#8117));
#8105 = ORIENTED_EDGE('',*,*,#6632,.F.);
#8106 = ORIENTED_EDGE('',*,*,#6528,.F.);
#8107 = ORIENTED_EDGE('',*,*,#5016,.F.);
#8108 = ORIENTED_EDGE('',*,*,#8029,.T.);
#8109 = ORIENTED_EDGE('',*,*,#8110,.T.);
#8110 = EDGE_CURVE('',#8030,#8111,#8113,.T.);
#8111 = VERTEX_POINT('',#8112);
#8112 = CARTESIAN_POINT('',(-6.631301382452,30.208224258909,
    57.302321809931));
#8113 = LINE('',#8114,#8115);
#8114 = CARTESIAN_POINT('',(-6.631301382452,25.529414603811,
    57.30232180993));
#8115 = VECTOR('',#8116,1.);
#8116 = DIRECTION('',(1.506687327934E-13,1.,4.118927421363E-14));
#8117 = ORIENTED_EDGE('',*,*,#8118,.T.);
#8118 = EDGE_CURVE('',#8111,#6633,#8119,.T.);
#8119 = ELLIPSE('',#8120,1.390163591017,1.);
#8120 = AXIS2_PLACEMENT_3D('',#8121,#8122,#8123);
#8121 = CARTESIAN_POINT('',(-5.665612607645,30.208224258909,
    56.302321809931));
#8122 = DIRECTION('',(-0.719339800339,1.369933586072E-13,-0.694658370459
    ));
#8123 = DIRECTION('',(-0.694658370459,7.851102543207E-14,0.719339800339)
  );
#8124 = PLANE('',#8125);
#8125 = AXIS2_PLACEMENT_3D('',#8126,#8127,#8128);
#8126 = CARTESIAN_POINT('',(-7.113851634101,25.529414603811,
    57.80201722344));
#8127 = DIRECTION('',(0.719339800339,-1.365251427986E-13,0.694658370459)
  );
#8128 = DIRECTION('',(1.50667918743E-13,1.,4.11884880943E-14));
#8129 = ADVANCED_FACE('',(#8130),#8150,.F.);
#8130 = FACE_BOUND('',#8131,.F.);
#8131 = EDGE_LOOP('',(#8132,#8133,#8142,#8149));
#8132 = ORIENTED_EDGE('',*,*,#5119,.F.);
#8133 = ORIENTED_EDGE('',*,*,#8134,.T.);
#8134 = EDGE_CURVE('',#5120,#8135,#8137,.T.);
#8135 = VERTEX_POINT('',#8136);
#8136 = CARTESIAN_POINT('',(-8.507970242708,30.570272951016,
    46.064323613205));
#8137 = CIRCLE('',#8138,0.4);
#8138 = AXIS2_PLACEMENT_3D('',#8139,#8140,#8141);
#8139 = CARTESIAN_POINT('',(-8.507970242708,30.332321643123,
    45.742797292242));
#8140 = DIRECTION('',(1.16765757773E-13,0.803815802407,-0.594878269733)
  );
#8141 = DIRECTION('',(-1.,1.527647039439E-13,1.013472102436E-14));
#8142 = ORIENTED_EDGE('',*,*,#8143,.F.);
#8143 = EDGE_CURVE('',#6607,#8135,#8144,.T.);
#8144 = CIRCLE('',#8145,0.4);
#8145 = AXIS2_PLACEMENT_3D('',#8146,#8147,#8148);
#8146 = CARTESIAN_POINT('',(-8.507970242708,30.80822425891,
    46.385849934167));
#8147 = DIRECTION('',(-1.,1.525687327934E-13,9.329386363519E-15));
#8148 = DIRECTION('',(6.033515639805E-14,0.450067622845,-0.892994476392)
  );
#8149 = ORIENTED_EDGE('',*,*,#6614,.F.);
#8150 = TOROIDAL_SURFACE('',#8151,0.8,0.4);
#8151 = AXIS2_PLACEMENT_3D('',#8152,#8153,#8154);
#8152 = CARTESIAN_POINT('',(-8.507970242708,30.80822425891,
    46.385849934167));
#8153 = DIRECTION('',(1.,-1.523466881884E-13,-8.663252548722E-15));
#8154 = DIRECTION('',(1.525687327934E-13,1.,4.118927421363E-14));
#8155 = ADVANCED_FACE('',(#8156),#8176,.F.);
#8156 = FACE_BOUND('',#8157,.F.);
#8157 = EDGE_LOOP('',(#8158,#8159,#8168,#8175));
#8158 = ORIENTED_EDGE('',*,*,#5130,.F.);
#8159 = ORIENTED_EDGE('',*,*,#8160,.T.);
#8160 = EDGE_CURVE('',#5131,#8161,#8163,.T.);
#8161 = VERTEX_POINT('',#8162);
#8162 = CARTESIAN_POINT('',(-8.507970242709,25.796492956039,
    48.603478091374));
#8163 = CIRCLE('',#8164,0.4);
#8164 = AXIS2_PLACEMENT_3D('',#8165,#8166,#8167);
#8165 = CARTESIAN_POINT('',(-8.507970242709,25.662886566069,
    48.22645112608));
#8166 = DIRECTION('',(1.406074966322E-13,0.942567413236,-0.334015974926)
  );
#8167 = DIRECTION('',(-1.,1.527659932778E-13,1.013349880298E-14));
#8168 = ORIENTED_EDGE('',*,*,#8169,.F.);
#8169 = EDGE_CURVE('',#8135,#8161,#8170,.T.);
#8170 = CIRCLE('',#8171,18.300000000001);
#8171 = AXIS2_PLACEMENT_3D('',#8172,#8173,#8174);
#8172 = CARTESIAN_POINT('',(-8.50797024271,19.6840006149,31.354494429154
    ));
#8173 = DIRECTION('',(1.,-1.525687327934E-13,-9.329386363519E-15));
#8174 = DIRECTION('',(7.988299449546E-14,0.469599969992,0.882879305558)
  );
#8175 = ORIENTED_EDGE('',*,*,#8134,.F.);
#8176 = TOROIDAL_SURFACE('',#8177,17.9,0.4);
#8177 = AXIS2_PLACEMENT_3D('',#8178,#8179,#8180);
#8178 = CARTESIAN_POINT('',(-8.50797024271,19.6840006149,31.354494429154
    ));
#8179 = DIRECTION('',(-1.,1.523466881884E-13,8.663252548722E-15));
#8180 = DIRECTION('',(-1.525687327934E-13,-1.,-4.118927421363E-14));
#8181 = ADVANCED_FACE('',(#8182),#8210,.F.);
#8182 = FACE_BOUND('',#8183,.F.);
#8183 = EDGE_LOOP('',(#8184,#8185,#8202,#8209));
#8184 = ORIENTED_EDGE('',*,*,#5139,.F.);
#8185 = ORIENTED_EDGE('',*,*,#8186,.F.);
#8186 = EDGE_CURVE('',#7984,#5140,#8187,.T.);
#8187 = B_SPLINE_CURVE_WITH_KNOTS('',3,(#8188,#8189,#8190,#8191,#8192,
    #8193,#8194,#8195,#8196,#8197,#8198,#8199,#8200,#8201),
  .UNSPECIFIED.,.F.,.F.,(4,2,2,2,2,2,4),(9.876870661678E-02,
    0.112613376499,0.128022367959,0.147697715349,0.180744493252,
    0.197537410424,0.197960427632),.UNSPECIFIED.);
#8188 = CARTESIAN_POINT('',(-8.507970242709,24.510449200919,
    47.966922288602));
#8189 = CARTESIAN_POINT('',(-8.545817825649,24.510449200919,
    47.966922288602));
#8190 = CARTESIAN_POINT('',(-8.582901587965,24.513939438622,
    47.960302881865));
#8191 = CARTESIAN_POINT('',(-8.657159272833,24.52815104201,
    47.934018131822));
#8192 = CARTESIAN_POINT('',(-8.69250507532,24.539384269337,
    47.913481010239));
#8193 = CARTESIAN_POINT('',(-8.763190736072,24.57180459666,
    47.856779930182));
#8194 = CARTESIAN_POINT('',(-8.795059309161,24.594521919084,
    47.818568679628));
#8195 = CARTESIAN_POINT('',(-8.862229470388,24.664067459545,
    47.710117935762));
#8196 = CARTESIAN_POINT('',(-8.887983601432,24.719424899505,
    47.63074385946));
#8197 = CARTESIAN_POINT('',(-8.905720805256,24.827617101436,
    47.506319729654));
#8198 = CARTESIAN_POINT('',(-8.907864082808,24.86641285068,
    47.465955246486));
#8199 = CARTESIAN_POINT('',(-8.907968968138,24.908640070516,
    47.42709570641));
#8200 = CARTESIAN_POINT('',(-8.907970242709,24.909679114255,
    47.42614248058));
#8201 = CARTESIAN_POINT('',(-8.907970242709,24.910719636292,
    47.425190860484));
#8202 = ORIENTED_EDGE('',*,*,#8203,.F.);
#8203 = EDGE_CURVE('',#8161,#7984,#8204,.T.);
#8204 = CIRCLE('',#8205,1.);
#8205 = AXIS2_PLACEMENT_3D('',#8206,#8207,#8208);
#8206 = CARTESIAN_POINT('',(-8.507970242709,25.462476981113,
    47.660910678138));
#8207 = DIRECTION('',(1.,-1.525687327934E-13,-9.329386363519E-15));
#8208 = DIRECTION('',(-8.671139618393E-14,-0.616489432598,0.787363181445
    ));
#8209 = ORIENTED_EDGE('',*,*,#8160,.F.);
#8210 = TOROIDAL_SURFACE('',#8211,0.6,0.4);
#8211 = AXIS2_PLACEMENT_3D('',#8212,#8213,#8214);
#8212 = CARTESIAN_POINT('',(-8.507970242709,25.462476981113,
    47.660910678138));
#8213 = DIRECTION('',(-1.,1.523466881884E-13,8.663252548722E-15));
#8214 = DIRECTION('',(-1.525687327934E-13,-1.,-4.118927421363E-14));
#8215 = ADVANCED_FACE('',(#8216),#8238,.F.);
#8216 = FACE_BOUND('',#8217,.F.);
#8217 = EDGE_LOOP('',(#8218,#8219,#8220,#8237));
#8218 = ORIENTED_EDGE('',*,*,#8186,.T.);
#8219 = ORIENTED_EDGE('',*,*,#5148,.T.);
#8220 = ORIENTED_EDGE('',*,*,#8221,.T.);
#8221 = EDGE_CURVE('',#5149,#7992,#8222,.T.);
#8222 = B_SPLINE_CURVE_WITH_KNOTS('',3,(#8223,#8224,#8225,#8226,#8227,
    #8228,#8229,#8230,#8231,#8232,#8233,#8234,#8235,#8236),
  .UNSPECIFIED.,.F.,.F.,(4,2,2,2,2,2,4),(-4.226524813943E-04,0.,
    1.674412825026E-02,4.977736181746E-02,6.945309340364E-02,
    8.486532101979E-02,9.871404475498E-02),.UNSPECIFIED.);
#8223 = CARTESIAN_POINT('',(-8.90797024271,14.739652624778,
    47.515556052759));
#8224 = CARTESIAN_POINT('',(-8.90797024271,14.740708172773,
    47.516489140695));
#8225 = CARTESIAN_POINT('',(-8.907968965491,14.741762277642,
    47.517423859899));
#8226 = CARTESIAN_POINT('',(-8.907864076441,14.784518043522,
    47.555454896069));
#8227 = CARTESIAN_POINT('',(-8.90572490665,14.823884128634,
    47.595034255855));
#8228 = CARTESIAN_POINT('',(-8.888025146416,14.934072712947,
    47.717422435452));
#8229 = CARTESIAN_POINT('',(-8.86228250493,14.990775015524,
    47.795796646183));
#8230 = CARTESIAN_POINT('',(-8.795131665841,15.062179110437,
    47.903008538431));
#8231 = CARTESIAN_POINT('',(-8.763261572757,15.085557649657,
    47.940823315114));
#8232 = CARTESIAN_POINT('',(-8.692565446925,15.118963150014,
    47.996964484558));
#8233 = CARTESIAN_POINT('',(-8.657209900781,15.130554115697,
    48.017309258008));
#8234 = CARTESIAN_POINT('',(-8.58292886947,15.145224374332,
    48.043352099044));
#8235 = CARTESIAN_POINT('',(-8.545831461892,15.148830176325,
    48.049912260869));
#8236 = CARTESIAN_POINT('',(-8.50797024271,15.148830176325,
    48.049912260869));
#8237 = ORIENTED_EDGE('',*,*,#7991,.F.);
#8238 = TOROIDAL_SURFACE('',#8239,16.9,0.4);
#8239 = AXIS2_PLACEMENT_3D('',#8240,#8241,#8242);
#8240 = CARTESIAN_POINT('',(-8.50797024271,19.682003157195,
    31.354393618864));
#8241 = DIRECTION('',(-1.,1.526866881884E-13,5.353252548722E-15));
#8242 = DIRECTION('',(-1.529087327934E-13,-1.,-4.118927421363E-14));
#8243 = ADVANCED_FACE('',(#8244),#8264,.F.);
#8244 = FACE_BOUND('',#8245,.F.);
#8245 = EDGE_LOOP('',(#8246,#8247,#8248,#8257));
#8246 = ORIENTED_EDGE('',*,*,#8221,.F.);
#8247 = ORIENTED_EDGE('',*,*,#5157,.T.);
#8248 = ORIENTED_EDGE('',*,*,#8249,.F.);
#8249 = EDGE_CURVE('',#8250,#5158,#8252,.T.);
#8250 = VERTEX_POINT('',#8251);
#8251 = CARTESIAN_POINT('',(-8.507970242711,13.874391843339,
    48.708403265836));
#8252 = CIRCLE('',#8253,0.4);
#8253 = AXIS2_PLACEMENT_3D('',#8254,#8255,#8256);
#8254 = CARTESIAN_POINT('',(-8.50797024271,14.001334167139,
    48.329080650602));
#8255 = DIRECTION('',(-1.466582400505E-13,-0.948306538086,-0.3173558095)
  );
#8256 = DIRECTION('',(-4.257656338309E-14,-0.3173558095,0.948306538086)
  );
#8257 = ORIENTED_EDGE('',*,*,#8258,.F.);
#8258 = EDGE_CURVE('',#7992,#8250,#8259,.T.);
#8259 = CIRCLE('',#8260,1.);
#8260 = AXIS2_PLACEMENT_3D('',#8261,#8262,#8263);
#8261 = CARTESIAN_POINT('',(-8.50797024271,14.191747652839,
    47.76009672775));
#8262 = DIRECTION('',(1.,-1.529087327934E-13,-6.019386363519E-15));
#8263 = DIRECTION('',(7.553852479855E-14,0.459037218592,0.888417037178)
  );
#8264 = TOROIDAL_SURFACE('',#8265,0.6,0.4);
#8265 = AXIS2_PLACEMENT_3D('',#8266,#8267,#8268);
#8266 = CARTESIAN_POINT('',(-8.50797024271,14.191747652839,
    47.76009672775));
#8267 = DIRECTION('',(1.,-1.526866881884E-13,-5.353252548722E-15));
#8268 = DIRECTION('',(1.529087327934E-13,1.,4.118927421363E-14));
#8269 = ADVANCED_FACE('',(#8270),#8282,.F.);
#8270 = FACE_BOUND('',#8271,.F.);
#8271 = EDGE_LOOP('',(#8272,#8279,#8280,#8281));
#8272 = ORIENTED_EDGE('',*,*,#8273,.F.);
#8273 = EDGE_CURVE('',#8250,#7740,#8274,.T.);
#8274 = CIRCLE('',#8275,18.300000000001);
#8275 = AXIS2_PLACEMENT_3D('',#8276,#8277,#8278);
#8276 = CARTESIAN_POINT('',(-8.50797024271,19.682003157195,
    31.354393618865));
#8277 = DIRECTION('',(1.,-1.529087327934E-13,-6.019386363519E-15));
#8278 = DIRECTION('',(-6.083386786334E-14,-0.433322364122,0.901238996466
    ));
#8279 = ORIENTED_EDGE('',*,*,#8249,.T.);
#8280 = ORIENTED_EDGE('',*,*,#5166,.T.);
#8281 = ORIENTED_EDGE('',*,*,#7748,.F.);
#8282 = TOROIDAL_SURFACE('',#8283,17.9,0.4);
#8283 = AXIS2_PLACEMENT_3D('',#8284,#8285,#8286);
#8284 = CARTESIAN_POINT('',(-8.50797024271,19.682003157195,
    31.354393618865));
#8285 = DIRECTION('',(1.,-1.526866881884E-13,-5.353252548722E-15));
#8286 = DIRECTION('',(1.529087327934E-13,1.,4.118927421363E-14));
#8287 = ADVANCED_FACE('',(#8288),#8314,.T.);
#8288 = FACE_BOUND('',#8289,.T.);
#8289 = EDGE_LOOP('',(#8290,#8298,#8299,#8307));
#8290 = ORIENTED_EDGE('',*,*,#8291,.F.);
#8291 = EDGE_CURVE('',#5543,#8292,#8294,.T.);
#8292 = VERTEX_POINT('',#8293);
#8293 = CARTESIAN_POINT('',(-5.407969580527,28.758232459407,
    14.549576615836));
#8294 = LINE('',#8295,#8296);
#8295 = CARTESIAN_POINT('',(-8.907969580527,28.758232459408,
    14.549576615837));
#8296 = VECTOR('',#8297,1.);
#8297 = DIRECTION('',(1.,-1.526866881884E-13,2.846747451278E-15));
#8298 = ORIENTED_EDGE('',*,*,#5540,.F.);
#8299 = ORIENTED_EDGE('',*,*,#8300,.T.);
#8300 = EDGE_CURVE('',#5541,#8301,#8303,.T.);
#8301 = VERTEX_POINT('',#8302);
#8302 = CARTESIAN_POINT('',(-5.407969580527,28.971282082876,
    15.238680503218));
#8303 = LINE('',#8304,#8305);
#8304 = CARTESIAN_POINT('',(-8.907969580527,28.971282082877,
    15.238680503218));
#8305 = VECTOR('',#8306,1.);
#8306 = DIRECTION('',(1.,-1.526866881884E-13,1.766747451278E-15));
#8307 = ORIENTED_EDGE('',*,*,#8308,.F.);
#8308 = EDGE_CURVE('',#8292,#8301,#8309,.T.);
#8309 = CIRCLE('',#8310,0.5);
#8310 = AXIS2_PLACEMENT_3D('',#8311,#8312,#8313);
#8311 = CARTESIAN_POINT('',(-5.407969580527,28.533891072366,
    14.996422161926));
#8312 = DIRECTION('',(1.,-1.530287327934E-13,8.106136364811E-16));
#8313 = DIRECTION('',(6.938579453011E-14,0.448682774082,-0.89369109218)
  );
#8314 = CYLINDRICAL_SURFACE('',#8315,0.5);
#8315 = AXIS2_PLACEMENT_3D('',#8316,#8317,#8318);
#8316 = CARTESIAN_POINT('',(-8.907969580527,28.533891072367,
    14.996422161928));
#8317 = DIRECTION('',(1.,-1.527366881884E-13,-6.432525487225E-16));
#8318 = DIRECTION('',(6.74597616205E-14,0.448682774082,-0.89369109218));
#8319 = ADVANCED_FACE('',(#8320),#8339,.T.);
#8320 = FACE_BOUND('',#8321,.T.);
#8321 = EDGE_LOOP('',(#8322,#8323,#8324,#8332));
#8322 = ORIENTED_EDGE('',*,*,#8300,.F.);
#8323 = ORIENTED_EDGE('',*,*,#5587,.F.);
#8324 = ORIENTED_EDGE('',*,*,#8325,.T.);
#8325 = EDGE_CURVE('',#5579,#8326,#8328,.T.);
#8326 = VERTEX_POINT('',#8327);
#8327 = CARTESIAN_POINT('',(-5.407969580527,28.247433779209,
    15.742707705835));
#8328 = LINE('',#8329,#8330);
#8329 = CARTESIAN_POINT('',(-8.907969580527,28.24743377921,
    15.742707705836));
#8330 = VECTOR('',#8331,1.);
#8331 = DIRECTION('',(1.,-1.527166881884E-13,2.676747451278E-15));
#8332 = ORIENTED_EDGE('',*,*,#8333,.F.);
#8333 = EDGE_CURVE('',#8301,#8326,#8334,.T.);
#8334 = CIRCLE('',#8335,1.);
#8335 = AXIS2_PLACEMENT_3D('',#8336,#8337,#8338);
#8336 = CARTESIAN_POINT('',(-5.407969580527,28.096500061857,
    14.754163820635));
#8337 = DIRECTION('',(1.,-1.530287327934E-13,8.20613636481E-16));
#8338 = DIRECTION('',(1.334691831502E-13,0.874782021019,0.484516682583)
  );
#8339 = CYLINDRICAL_SURFACE('',#8340,1.);
#8340 = AXIS2_PLACEMENT_3D('',#8341,#8342,#8343);
#8341 = CARTESIAN_POINT('',(-8.907969580527,28.096500061858,
    14.754163820637));
#8342 = DIRECTION('',(1.,-1.527366881884E-13,-6.432525487225E-16));
#8343 = DIRECTION('',(1.344399689426E-13,0.874782021019,0.484516682583)
  );
#8344 = ADVANCED_FACE('',(#8345),#8364,.T.);
#8345 = FACE_BOUND('',#8346,.T.);
#8346 = EDGE_LOOP('',(#8347,#8355,#8356,#8357));
#8347 = ORIENTED_EDGE('',*,*,#8348,.F.);
#8348 = EDGE_CURVE('',#5552,#8349,#8351,.T.);
#8349 = VERTEX_POINT('',#8350);
#8350 = CARTESIAN_POINT('',(-5.407969580527,27.248792860828,
    13.876647860795));
#8351 = LINE('',#8352,#8353);
#8352 = CARTESIAN_POINT('',(-8.907969580527,27.248792860828,
    13.876647860796));
#8353 = VECTOR('',#8354,1.);
#8354 = DIRECTION('',(1.,-1.527366881884E-13,2.596747451278E-15));
#8355 = ORIENTED_EDGE('',*,*,#5551,.F.);
#8356 = ORIENTED_EDGE('',*,*,#8291,.T.);
#8357 = ORIENTED_EDGE('',*,*,#8358,.F.);
#8358 = EDGE_CURVE('',#8349,#8292,#8359,.T.);
#8359 = CIRCLE('',#8360,17.999690035921);
#8360 = AXIS2_PLACEMENT_3D('',#8361,#8362,#8363);
#8361 = CARTESIAN_POINT('',(-5.407969580528,20.682081601473,
    30.635739262942));
#8362 = DIRECTION('',(1.,-1.530287327934E-13,8.106136364811E-16));
#8363 = DIRECTION('',(3.55397505853E-14,0.227083589965,-0.973875270848)
  );
#8364 = CYLINDRICAL_SURFACE('',#8365,17.999690035921);
#8365 = AXIS2_PLACEMENT_3D('',#8366,#8367,#8368);
#8366 = CARTESIAN_POINT('',(-8.907969580528,20.682081601473,
    30.635739262944));
#8367 = DIRECTION('',(1.,-1.527366881884E-13,-6.432525487225E-16));
#8368 = DIRECTION('',(3.34592391598E-14,0.227083589965,-0.973875270848)
  );
#8369 = ADVANCED_FACE('',(#8370),#8389,.T.);
#8370 = FACE_BOUND('',#8371,.T.);
#8371 = EDGE_LOOP('',(#8372,#8373,#8374,#8382));
#8372 = ORIENTED_EDGE('',*,*,#8325,.F.);
#8373 = ORIENTED_EDGE('',*,*,#5578,.F.);
#8374 = ORIENTED_EDGE('',*,*,#8375,.F.);
#8375 = EDGE_CURVE('',#8376,#5570,#8378,.T.);
#8376 = VERTEX_POINT('',#8377);
#8377 = CARTESIAN_POINT('',(-5.407969580527,26.488828460767,
    15.434935233872));
#8378 = LINE('',#8379,#8380);
#8379 = CARTESIAN_POINT('',(-8.907969580527,26.488828460768,
    15.434935233872));
#8380 = VECTOR('',#8381,1.);
#8381 = DIRECTION('',(-1.,1.531366881884E-13,-2.466747451277E-15));
#8382 = ORIENTED_EDGE('',*,*,#8383,.T.);
#8383 = EDGE_CURVE('',#8376,#8326,#8384,.T.);
#8384 = CIRCLE('',#8385,5.);
#8385 = AXIS2_PLACEMENT_3D('',#8386,#8387,#8388);
#8386 = CARTESIAN_POINT('',(-5.407969580527,28.216229569793,
    10.742805077052));
#8387 = DIRECTION('',(-1.,1.530087327934E-13,-7.806136364811E-16));
#8388 = DIRECTION('',(1.743048735035E-16,6.240841883282E-03,
    0.999980525757));
#8389 = CYLINDRICAL_SURFACE('',#8390,5.);
#8390 = AXIS2_PLACEMENT_3D('',#8391,#8392,#8393);
#8391 = CARTESIAN_POINT('',(-8.907969580527,28.216229569793,
    10.742805077053));
#8392 = DIRECTION('',(1.,-1.531366881884E-13,-7.732525487225E-16));
#8393 = DIRECTION('',(2.396445935343E-15,6.240841883282E-03,
    0.999980525757));
#8394 = ADVANCED_FACE('',(#8395),#8414,.T.);
#8395 = FACE_BOUND('',#8396,.T.);
#8396 = EDGE_LOOP('',(#8397,#8405,#8406,#8407));
#8397 = ORIENTED_EDGE('',*,*,#8398,.T.);
#8398 = EDGE_CURVE('',#8399,#5561,#8401,.T.);
#8399 = VERTEX_POINT('',#8400);
#8400 = CARTESIAN_POINT('',(-5.407969580527,25.883969286296,
    14.807724615022));
#8401 = LINE('',#8402,#8403);
#8402 = CARTESIAN_POINT('',(-8.907969580527,25.883969286297,
    14.807724615022));
#8403 = VECTOR('',#8404,1.);
#8404 = DIRECTION('',(-1.,1.446366881884E-13,-5.766747451278E-15));
#8405 = ORIENTED_EDGE('',*,*,#5560,.F.);
#8406 = ORIENTED_EDGE('',*,*,#8348,.T.);
#8407 = ORIENTED_EDGE('',*,*,#8408,.T.);
#8408 = EDGE_CURVE('',#8349,#8399,#8409,.T.);
#8409 = CIRCLE('',#8410,1.);
#8410 = AXIS2_PLACEMENT_3D('',#8411,#8412,#8413);
#8411 = CARTESIAN_POINT('',(-5.407969580527,26.883969286296,
    14.8077245276));
#8412 = DIRECTION('',(-1.,1.530087327934E-13,-7.806136364811E-16));
#8413 = DIRECTION('',(-8.558317297395E-14,-0.563549690296,
    -0.826082166958));
#8414 = CYLINDRICAL_SURFACE('',#8415,1.);
#8415 = AXIS2_PLACEMENT_3D('',#8416,#8417,#8418);
#8416 = CARTESIAN_POINT('',(-8.907969580527,26.883969286297,
    14.8077245276));
#8417 = DIRECTION('',(-1.,1.446366881884E-13,-2.526747451278E-15));
#8418 = DIRECTION('',(-8.009807425772E-14,-0.563549690296,
    -0.826082166958));
#8419 = ADVANCED_FACE('',(#8420),#8432,.T.);
#8420 = FACE_BOUND('',#8421,.T.);
#8421 = EDGE_LOOP('',(#8422,#8423,#8424,#8425));
#8422 = ORIENTED_EDGE('',*,*,#8375,.T.);
#8423 = ORIENTED_EDGE('',*,*,#5569,.F.);
#8424 = ORIENTED_EDGE('',*,*,#8398,.F.);
#8425 = ORIENTED_EDGE('',*,*,#8426,.T.);
#8426 = EDGE_CURVE('',#8399,#8376,#8427,.T.);
#8427 = CIRCLE('',#8428,1.);
#8428 = AXIS2_PLACEMENT_3D('',#8429,#8430,#8431);
#8429 = CARTESIAN_POINT('',(-5.407969580527,26.834308682572,
    14.496509202508));
#8430 = DIRECTION('',(-1.,1.530087327934E-13,-7.806136364811E-16));
#8431 = DIRECTION('',(-5.359403910048E-14,-0.345480221805,0.938426031364
    ));
#8432 = CYLINDRICAL_SURFACE('',#8433,1.);
#8433 = AXIS2_PLACEMENT_3D('',#8434,#8435,#8436);
#8434 = CARTESIAN_POINT('',(-8.907969580527,26.834308682573,
    14.496509202509));
#8435 = DIRECTION('',(1.,-1.531366881884E-13,-7.732525487225E-16));
#8436 = DIRECTION('',(-5.163165138849E-14,-0.345480221805,0.938426031364
    ));
#8437 = ADVANCED_FACE('',(#8438),#8466,.F.);
#8438 = FACE_BOUND('',#8439,.F.);
#8439 = EDGE_LOOP('',(#8440,#8441,#8442,#8443,#8451,#8460));
#8440 = ORIENTED_EDGE('',*,*,#5659,.T.);
#8441 = ORIENTED_EDGE('',*,*,#5668,.T.);
#8442 = ORIENTED_EDGE('',*,*,#5596,.T.);
#8443 = ORIENTED_EDGE('',*,*,#8444,.T.);
#8444 = EDGE_CURVE('',#5599,#8445,#8447,.T.);
#8445 = VERTEX_POINT('',#8446);
#8446 = CARTESIAN_POINT('',(-10.90796958052,38.553686531692,
    21.216639876779));
#8447 = LINE('',#8448,#8449);
#8448 = CARTESIAN_POINT('',(-9.907969911616,38.553686531691,
    21.216639876778));
#8449 = VECTOR('',#8450,1.);
#8450 = DIRECTION('',(-1.,1.526866881884E-13,8.713252548722E-15));
#8451 = ORIENTED_EDGE('',*,*,#8452,.T.);
#8452 = EDGE_CURVE('',#8445,#8453,#8455,.T.);
#8453 = VERTEX_POINT('',#8454);
#8454 = CARTESIAN_POINT('',(-10.90796958052,45.343686531692,
    21.39951097296));
#8455 = CIRCLE('',#8456,3.4);
#8456 = AXIS2_PLACEMENT_3D('',#8457,#8458,#8459);
#8457 = CARTESIAN_POINT('',(-10.90796958052,41.952995379227,
    21.148088005432));
#8458 = DIRECTION('',(1.,-1.529087327934E-13,-9.379386363519E-15));
#8459 = DIRECTION('',(1.529087327934E-13,1.,4.118927421363E-14));
#8460 = ORIENTED_EDGE('',*,*,#8461,.F.);
#8461 = EDGE_CURVE('',#5652,#8453,#8462,.T.);
#8462 = LINE('',#8463,#8464);
#8463 = CARTESIAN_POINT('',(-9.907969911615,45.343686531691,
    21.39951097296));
#8464 = VECTOR('',#8465,1.);
#8465 = DIRECTION('',(-1.,1.526866881884E-13,6.503252548722E-15));
#8466 = CYLINDRICAL_SURFACE('',#8467,3.4);
#8467 = AXIS2_PLACEMENT_3D('',#8468,#8469,#8470);
#8468 = CARTESIAN_POINT('',(-9.907969911615,41.952995379227,
    21.148088005432));
#8469 = DIRECTION('',(-1.,1.526866881884E-13,8.713252548722E-15));
#8470 = DIRECTION('',(-5.259277876495E-15,2.692265228445E-02,
    -0.999637519701));
#8471 = ADVANCED_FACE('',(#8472),#8490,.T.);
#8472 = FACE_BOUND('',#8473,.T.);
#8473 = EDGE_LOOP('',(#8474,#8482,#8488,#8489));
#8474 = ORIENTED_EDGE('',*,*,#8475,.F.);
#8475 = EDGE_CURVE('',#8476,#8445,#8478,.T.);
#8476 = VERTEX_POINT('',#8477);
#8477 = CARTESIAN_POINT('',(-10.90796958052,38.553686531691,
    24.299485415138));
#8478 = LINE('',#8479,#8480);
#8479 = CARTESIAN_POINT('',(-10.90796958052,38.553686531691,
    26.092344698518));
#8480 = VECTOR('',#8481,1.);
#8481 = DIRECTION('',(-1.045938636351E-14,4.793518500372E-14,-1.));
#8482 = ORIENTED_EDGE('',*,*,#8483,.T.);
#8483 = EDGE_CURVE('',#8476,#5608,#8484,.T.);
#8484 = LINE('',#8485,#8486);
#8485 = CARTESIAN_POINT('',(-8.907970345156,38.553686531691,
    24.299485415141));
#8486 = VECTOR('',#8487,1.);
#8487 = DIRECTION('',(1.,-1.689066881884E-13,-6.103252548723E-15));
#8488 = ORIENTED_EDGE('',*,*,#5607,.T.);
#8489 = ORIENTED_EDGE('',*,*,#8444,.T.);
#8490 = PLANE('',#8491);
#8491 = AXIS2_PLACEMENT_3D('',#8492,#8493,#8494);
#8492 = CARTESIAN_POINT('',(-4.92255793816,38.55368653169,
    30.316652110558));
#8493 = DIRECTION('',(1.688487327934E-13,1.,4.837927421363E-14));
#8494 = DIRECTION('',(6.549386363512E-15,-4.793518500372E-14,1.));
#8495 = ADVANCED_FACE('',(#8496),#8581,.F.);
#8496 = FACE_BOUND('',#8497,.F.);
#8497 = EDGE_LOOP('',(#8498,#8527,#8538,#8545,#8546,#8554,#8561,#8562,
    #8563,#8572));
#8498 = ORIENTED_EDGE('',*,*,#8499,.F.);
#8499 = EDGE_CURVE('',#8500,#8502,#8504,.T.);
#8500 = VERTEX_POINT('',#8501);
#8501 = CARTESIAN_POINT('',(-7.907925188592,42.786254489285,
    27.664350265475));
#8502 = VERTEX_POINT('',#8503);
#8503 = CARTESIAN_POINT('',(-7.907925188593,41.152435491629,
    27.672444020881));
#8504 = B_SPLINE_CURVE_WITH_KNOTS('',3,(#8505,#8506,#8507,#8508,#8509,
    #8510,#8511,#8512,#8513,#8514,#8515,#8516,#8517,#8518,#8519,#8520,
    #8521,#8522,#8523,#8524,#8525,#8526),.UNSPECIFIED.,.F.,.F.,(4,2,2,2,
    2,2,2,2,2,2,4),(-1.265309616164,-1.255588001262,-1.183263540377,
    -1.160695034584,-1.149410781688,-1.138126528792,-1.126842275896,
    -1.115558022999,-1.092989517207,-1.020665056322,-1.010943441419),
  .UNSPECIFIED.);
#8505 = CARTESIAN_POINT('',(-7.907925188593,42.786254489284,
    27.664350265475));
#8506 = CARTESIAN_POINT('',(-7.87571743226,42.772456640748,
    27.66783815727));
#8507 = CARTESIAN_POINT('',(-7.843610792807,42.758374724352,
    27.671305682571));
#8508 = CARTESIAN_POINT('',(-7.574134124439,42.637027939134,
    27.700333913638));
#8509 = CARTESIAN_POINT('',(-7.344348991567,42.518183214786,
    27.724505607558));
#8510 = CARTESIAN_POINT('',(-7.106715072978,42.310922796848,
    27.74950932174));
#8511 = CARTESIAN_POINT('',(-7.049397877088,42.251665047299,
    27.755546556599));
#8512 = CARTESIAN_POINT('',(-6.986034743809,42.152143257826,
    27.762362819712));
#8513 = CARTESIAN_POINT('',(-6.968654446661,42.117150112048,
    27.764265862525));
#8514 = CARTESIAN_POINT('',(-6.94486838231,42.044806314318,
    27.766989473025));
#8515 = CARTESIAN_POINT('',(-6.938473344666,42.007452104625,
    27.767809233435));
#8516 = CARTESIAN_POINT('',(-6.938473344666,41.932224675056,
    27.768181901654));
#8517 = CARTESIAN_POINT('',(-6.94486838231,41.894864176935,
    27.767732269496));
#8518 = CARTESIAN_POINT('',(-6.968654446661,41.822496945639,
    27.765725541144));
#8519 = CARTESIAN_POINT('',(-6.986034743809,41.787486662894,
    27.764169287436));
#8520 = CARTESIAN_POINT('',(-7.049397877088,41.687902225688,
    27.758339374158));
#8521 = CARTESIAN_POINT('',(-7.106715072977,41.62858757046,
    27.752889533645));
#8522 = CARTESIAN_POINT('',(-7.344348991567,41.421089599936,
    27.729940485834));
#8523 = CARTESIAN_POINT('',(-7.574134124439,41.302011226758,
    27.706947436157));
#8524 = CARTESIAN_POINT('',(-7.843610792807,41.180382799216,
    27.679122876944));
#8525 = CARTESIAN_POINT('',(-7.87571743226,41.166267219356,
    27.675795038865));
#8526 = CARTESIAN_POINT('',(-7.907925188593,41.15243549163,
    27.672444020881));
#8527 = ORIENTED_EDGE('',*,*,#8528,.F.);
#8528 = EDGE_CURVE('',#8529,#8500,#8531,.T.);
#8529 = VERTEX_POINT('',#8530);
#8530 = CARTESIAN_POINT('',(-8.659258279084,43.064554921415,
    27.581203230555));
#8531 = B_SPLINE_CURVE_WITH_KNOTS('',3,(#8532,#8533,#8534,#8535,#8536,
    #8537),.UNSPECIFIED.,.F.,.F.,(4,2,4),(-1.342293328997,
    -1.327912462146,-1.265309616165),.UNSPECIFIED.);
#8532 = CARTESIAN_POINT('',(-8.659258279084,43.064554921415,
    27.581203230554));
#8533 = CARTESIAN_POINT('',(-8.613737638045,43.049671185164,
    27.586352095985));
#8534 = CARTESIAN_POINT('',(-8.568404679858,43.034574192325,
    27.591459083333));
#8535 = CARTESIAN_POINT('',(-8.32679352253,42.952483215078,
    27.618570551036));
#8536 = CARTESIAN_POINT('',(-8.115328714581,42.875106454256,
    27.64188980443));
#8537 = CARTESIAN_POINT('',(-7.907925188594,42.786254489285,
    27.664350265475));
#8538 = ORIENTED_EDGE('',*,*,#8539,.F.);
#8539 = EDGE_CURVE('',#5634,#8529,#8540,.T.);
#8540 = B_SPLINE_CURVE_WITH_KNOTS('',3,(#8541,#8542,#8543,#8544),
  .UNSPECIFIED.,.F.,.F.,(4,4),(-1.368296617295,-1.342293328997),
  .PIECEWISE_BEZIER_KNOTS.);
#8541 = CARTESIAN_POINT('',(-8.907970243372,43.143319995714,
    27.552864959585));
#8542 = CARTESIAN_POINT('',(-8.82449092761,43.117684655017,
    27.562446130127));
#8543 = CARTESIAN_POINT('',(-8.741568084516,43.09146749134,
    27.57189312195));
#8544 = CARTESIAN_POINT('',(-8.659258279084,43.064554921415,
    27.581203230555));
#8545 = ORIENTED_EDGE('',*,*,#5642,.T.);
#8546 = ORIENTED_EDGE('',*,*,#8547,.F.);
#8547 = EDGE_CURVE('',#8548,#5643,#8550,.T.);
#8548 = VERTEX_POINT('',#8549);
#8549 = CARTESIAN_POINT('',(-10.90796958052,45.343686531691,
    24.116614318949));
#8550 = LINE('',#8551,#8552);
#8551 = CARTESIAN_POINT('',(-8.907970345155,45.343686531691,
    24.116614318948));
#8552 = VECTOR('',#8553,1.);
#8553 = DIRECTION('',(1.,-1.689066881884E-13,-3.893252548723E-15));
#8554 = ORIENTED_EDGE('',*,*,#8555,.T.);
#8555 = EDGE_CURVE('',#8548,#8476,#8556,.T.);
#8556 = CIRCLE('',#8557,3.4);
#8557 = AXIS2_PLACEMENT_3D('',#8558,#8559,#8560);
#8558 = CARTESIAN_POINT('',(-10.90796958052,41.952995379227,
    24.368037286479));
#8559 = DIRECTION('',(1.,-1.529087327934E-13,-9.379386363519E-15));
#8560 = DIRECTION('',(1.529087327934E-13,1.,2.940927421363E-14));
#8561 = ORIENTED_EDGE('',*,*,#8483,.T.);
#8562 = ORIENTED_EDGE('',*,*,#5615,.T.);
#8563 = ORIENTED_EDGE('',*,*,#8564,.F.);
#8564 = EDGE_CURVE('',#8565,#5616,#8567,.T.);
#8565 = VERTEX_POINT('',#8566);
#8566 = CARTESIAN_POINT('',(-8.658877750492,40.873449783751,
    27.592100143696));
#8567 = B_SPLINE_CURVE_WITH_KNOTS('',3,(#8568,#8569,#8570,#8571),
  .UNSPECIFIED.,.F.,.F.,(4,4),(-0.933999801216,-0.907956440288),
  .PIECEWISE_BEZIER_KNOTS.);
#8568 = CARTESIAN_POINT('',(-8.658877750492,40.873449783751,
    27.592100143696));
#8569 = CARTESIAN_POINT('',(-8.741312504729,40.846402528362,
    27.583043637443));
#8570 = CARTESIAN_POINT('',(-8.82436228097,40.820051624246,
    27.573842914985));
#8571 = CARTESIAN_POINT('',(-8.907970243372,40.794282966055,
    27.564501824614));
#8572 = ORIENTED_EDGE('',*,*,#8573,.F.);
#8573 = EDGE_CURVE('',#8502,#8565,#8574,.T.);
#8574 = B_SPLINE_CURVE_WITH_KNOTS('',3,(#8575,#8576,#8577,#8578,#8579,
    #8580),.UNSPECIFIED.,.F.,.F.,(4,2,4),(-1.010943441419,
    -0.948340595437,-0.933999801216),.UNSPECIFIED.);
#8575 = CARTESIAN_POINT('',(-7.907925188594,41.152435491629,
    27.672444020881));
#8576 = CARTESIAN_POINT('',(-8.115328714581,41.063365359853,
    27.650864965876));
#8577 = CARTESIAN_POINT('',(-8.326793522529,40.985761360501,
    27.628313469722));
#8578 = CARTESIAN_POINT('',(-8.56827891307,40.903448673474,
    27.602030340018));
#8579 = CARTESIAN_POINT('',(-8.613484997593,40.888343373134,
    27.597087114959));
#8580 = CARTESIAN_POINT('',(-8.658877750492,40.873449783751,
    27.592100143695));
#8581 = CYLINDRICAL_SURFACE('',#8582,3.4);
#8582 = AXIS2_PLACEMENT_3D('',#8583,#8584,#8585);
#8583 = CARTESIAN_POINT('',(-8.907970345155,41.952995379227,
    24.368037286479));
#8584 = DIRECTION('',(1.,-1.689066881884E-13,-6.103252548723E-15));
#8585 = DIRECTION('',(1.132032665883E-14,2.692265228564E-02,
    0.999637519701));
#8586 = ADVANCED_FACE('',(#8587),#8598,.F.);
#8587 = FACE_BOUND('',#8588,.T.);
#8588 = EDGE_LOOP('',(#8589,#8595,#8596,#8597));
#8589 = ORIENTED_EDGE('',*,*,#8590,.F.);
#8590 = EDGE_CURVE('',#8453,#8548,#8591,.T.);
#8591 = LINE('',#8592,#8593);
#8592 = CARTESIAN_POINT('',(-10.90796958052,45.343686531692,
    18.521904096458));
#8593 = VECTOR('',#8594,1.);
#8594 = DIRECTION('',(9.379386363512E-15,-4.793518500372E-14,1.));
#8595 = ORIENTED_EDGE('',*,*,#8461,.F.);
#8596 = ORIENTED_EDGE('',*,*,#5651,.F.);
#8597 = ORIENTED_EDGE('',*,*,#8547,.F.);
#8598 = PLANE('',#8599);
#8599 = AXIS2_PLACEMENT_3D('',#8600,#8601,#8602);
#8600 = CARTESIAN_POINT('',(-10.09679916301,45.343686531692,
    15.175770906437));
#8601 = DIRECTION('',(1.688487327934E-13,1.,4.837927421363E-14));
#8602 = DIRECTION('',(4.339386363512E-15,-4.793518500372E-14,1.));
#8603 = ADVANCED_FACE('',(#8604),#8629,.T.);
#8604 = FACE_BOUND('',#8605,.T.);
#8605 = EDGE_LOOP('',(#8606,#8615,#8621,#8622,#8623,#8624,#8625,#8626,
    #8627,#8628));
#8606 = ORIENTED_EDGE('',*,*,#8607,.T.);
#8607 = EDGE_CURVE('',#8608,#8608,#8610,.T.);
#8608 = VERTEX_POINT('',#8609);
#8609 = CARTESIAN_POINT('',(-5.407970345154,44.640659616581,
    30.749329474668));
#8610 = CIRCLE('',#8611,2.656052034155);
#8611 = AXIS2_PLACEMENT_3D('',#8612,#8613,#8614);
#8612 = CARTESIAN_POINT('',(-5.407970345155,41.984607582426,
    30.749329474665));
#8613 = DIRECTION('',(-1.,1.529087327934E-13,-7.306136364811E-16));
#8614 = DIRECTION('',(-1.529087327934E-13,-1.,-4.125927421363E-14));
#8615 = ORIENTED_EDGE('',*,*,#8616,.T.);
#8616 = EDGE_CURVE('',#8608,#5625,#8617,.T.);
#8617 = LINE('',#8618,#8619);
#8618 = CARTESIAN_POINT('',(-8.907970345154,45.384607582427,
    30.749329474668));
#8619 = VECTOR('',#8620,1.);
#8620 = DIRECTION('',(-0.978147600734,0.207911690818,1.531194772227E-14)
  );
#8621 = ORIENTED_EDGE('',*,*,#5624,.F.);
#8622 = ORIENTED_EDGE('',*,*,#8564,.F.);
#8623 = ORIENTED_EDGE('',*,*,#8573,.F.);
#8624 = ORIENTED_EDGE('',*,*,#8499,.F.);
#8625 = ORIENTED_EDGE('',*,*,#8528,.F.);
#8626 = ORIENTED_EDGE('',*,*,#8539,.F.);
#8627 = ORIENTED_EDGE('',*,*,#5633,.F.);
#8628 = ORIENTED_EDGE('',*,*,#8616,.F.);
#8629 = CONICAL_SURFACE('',#8630,3.4,0.209439510239);
#8630 = AXIS2_PLACEMENT_3D('',#8631,#8632,#8633);
#8631 = CARTESIAN_POINT('',(-8.907970345154,41.984607582427,
    30.749329474668));
#8632 = DIRECTION('',(-1.,1.536766881884E-13,6.863252548723E-15));
#8633 = DIRECTION('',(-1.538987327934E-13,-1.,-4.125927421363E-14));
#8634 = ADVANCED_FACE('',(#8635),#8651,.T.);
#8635 = FACE_BOUND('',#8636,.T.);
#8636 = EDGE_LOOP('',(#8637,#8643,#8644,#8650));
#8637 = ORIENTED_EDGE('',*,*,#8638,.T.);
#8638 = EDGE_CURVE('',#5680,#7103,#8639,.T.);
#8639 = LINE('',#8640,#8641);
#8640 = CARTESIAN_POINT('',(-8.907970345158,23.723712647326,
    30.139568122051));
#8641 = VECTOR('',#8642,1.);
#8642 = DIRECTION('',(-0.967266812266,0.120705389108,-0.223215418215));
#8643 = ORIENTED_EDGE('',*,*,#7102,.T.);
#8644 = ORIENTED_EDGE('',*,*,#8645,.T.);
#8645 = EDGE_CURVE('',#7079,#5678,#8646,.T.);
#8646 = LINE('',#8647,#8648);
#8647 = CARTESIAN_POINT('',(-11.50797034515,27.064820925443,
    29.539568122051));
#8648 = VECTOR('',#8649,1.);
#8649 = DIRECTION('',(0.899707196478,0.383951727332,0.207624737649));
#8650 = ORIENTED_EDGE('',*,*,#5677,.T.);
#8651 = PLANE('',#8652);
#8652 = AXIS2_PLACEMENT_3D('',#8653,#8654,#8655);
#8653 = CARTESIAN_POINT('',(-10.20797034515,21.865085122145,
    29.839568122051));
#8654 = DIRECTION('',(0.224859506699,5.350707388523E-15,-0.974391195695)
  );
#8655 = DIRECTION('',(-0.974391195695,1.580164581665E-13,-0.224859506699
    ));
#8656 = ADVANCED_FACE('',(#8657),#8668,.T.);
#8657 = FACE_BOUND('',#8658,.T.);
#8658 = EDGE_LOOP('',(#8659,#8660,#8661,#8667));
#8659 = ORIENTED_EDGE('',*,*,#8645,.F.);
#8660 = ORIENTED_EDGE('',*,*,#7078,.T.);
#8661 = ORIENTED_EDGE('',*,*,#8662,.F.);
#8662 = EDGE_CURVE('',#5688,#7071,#8663,.T.);
#8663 = LINE('',#8664,#8665);
#8664 = CARTESIAN_POINT('',(-8.907970345158,23.136632424536,
    22.439544166938));
#8665 = VECTOR('',#8666,1.);
#8666 = DIRECTION('',(-0.967266812266,-0.120705389107,0.223215418215));
#8667 = ORIENTED_EDGE('',*,*,#5687,.T.);
#8668 = PLANE('',#8669);
#8669 = AXIS2_PLACEMENT_3D('',#8670,#8671,#8672);
#8670 = CARTESIAN_POINT('',(-10.20797034515,26.625124089261,
    28.31954712848));
#8671 = DIRECTION('',(0.224859506699,-0.815384834855,0.533465812715));
#8672 = DIRECTION('',(0.964015115844,0.265847430726,1.555852124795E-15)
  );
#8673 = ADVANCED_FACE('',(#8674),#8685,.T.);
#8674 = FACE_BOUND('',#8675,.T.);
#8675 = EDGE_LOOP('',(#8676,#8682,#8683,#8684));
#8676 = ORIENTED_EDGE('',*,*,#8677,.T.);
#8677 = EDGE_CURVE('',#5696,#7126,#8678,.T.);
#8678 = LINE('',#8679,#8680);
#8679 = CARTESIAN_POINT('',(-8.907970345159,18.685969287939,
    22.439544166937));
#8680 = VECTOR('',#8681,1.);
#8681 = DIRECTION('',(-0.899707196478,0.383951727332,0.207624737649));
#8682 = ORIENTED_EDGE('',*,*,#7150,.T.);
#8683 = ORIENTED_EDGE('',*,*,#8638,.F.);
#8684 = ORIENTED_EDGE('',*,*,#5703,.T.);
#8685 = PLANE('',#8686);
#8686 = AXIS2_PLACEMENT_3D('',#8687,#8688,#8689);
#8687 = CARTESIAN_POINT('',(-10.20797034515,21.432167750043,
    26.089058670756));
#8688 = DIRECTION('',(0.224859506699,0.815384834855,-0.533465812715));
#8689 = DIRECTION('',(-0.964015115844,0.265847430726,2.020549544342E-14)
  );
#8690 = ADVANCED_FACE('',(#8691),#8697,.T.);
#8691 = FACE_BOUND('',#8692,.T.);
#8692 = EDGE_LOOP('',(#8693,#8694,#8695,#8696));
#8693 = ORIENTED_EDGE('',*,*,#8662,.T.);
#8694 = ORIENTED_EDGE('',*,*,#7133,.T.);
#8695 = ORIENTED_EDGE('',*,*,#8677,.F.);
#8696 = ORIENTED_EDGE('',*,*,#5695,.T.);
#8697 = PLANE('',#8698);
#8698 = AXIS2_PLACEMENT_3D('',#8699,#8700,#8701);
#8699 = CARTESIAN_POINT('',(-10.20797034515,21.247090570982,
    22.739544166938));
#8700 = DIRECTION('',(0.224859506699,-7.979279168062E-14,0.974391195695)
  );
#8701 = DIRECTION('',(0.974391195695,-1.396925737659E-13,-0.224859506699
    ));
#8702 = ADVANCED_FACE('',(#8703),#8729,.T.);
#8703 = FACE_BOUND('',#8704,.T.);
#8704 = EDGE_LOOP('',(#8705,#8713,#8714,#8722));
#8705 = ORIENTED_EDGE('',*,*,#8706,.F.);
#8706 = EDGE_CURVE('',#5714,#8707,#8709,.T.);
#8707 = VERTEX_POINT('',#8708);
#8708 = CARTESIAN_POINT('',(-5.407969580529,12.466313911707,
    16.422380653544));
#8709 = LINE('',#8710,#8711);
#8710 = CARTESIAN_POINT('',(-8.907969580529,12.466313911708,
    16.422380653544));
#8711 = VECTOR('',#8712,1.);
#8712 = DIRECTION('',(1.,-1.529566881884E-13,3.796747451277E-15));
#8713 = ORIENTED_EDGE('',*,*,#5711,.F.);
#8714 = ORIENTED_EDGE('',*,*,#8715,.T.);
#8715 = EDGE_CURVE('',#5712,#8716,#8718,.T.);
#8716 = VERTEX_POINT('',#8717);
#8717 = CARTESIAN_POINT('',(-5.407969580529,11.490653857102,
    15.600019727754));
#8718 = LINE('',#8719,#8720);
#8719 = CARTESIAN_POINT('',(-8.907969580529,11.490653857103,
    15.600019727754));
#8720 = VECTOR('',#8721,1.);
#8721 = DIRECTION('',(1.,-1.529566881884E-13,3.796747451277E-15));
#8722 = ORIENTED_EDGE('',*,*,#8723,.F.);
#8723 = EDGE_CURVE('',#8707,#8716,#8724,.T.);
#8724 = CIRCLE('',#8725,0.75);
#8725 = AXIS2_PLACEMENT_3D('',#8726,#8727,#8728);
#8726 = CARTESIAN_POINT('',(-5.407969580529,12.232586282678,
    15.709729690288));
#8727 = DIRECTION('',(1.,-1.524587327934E-13,1.610613636481E-15));
#8728 = DIRECTION('',(4.598135037489E-14,0.311636838706,0.95020128434));
#8729 = CYLINDRICAL_SURFACE('',#8730,0.75);
#8730 = AXIS2_PLACEMENT_3D('',#8731,#8732,#8733);
#8731 = CARTESIAN_POINT('',(-8.907969580529,12.232586282678,
    15.709729690291));
#8732 = DIRECTION('',(1.,-1.529566881884E-13,-7.832525487225E-16));
#8733 = DIRECTION('',(4.911334482884E-14,0.311636838706,0.95020128434));
#8734 = ADVANCED_FACE('',(#8735),#8753,.T.);
#8735 = FACE_BOUND('',#8736,.T.);
#8736 = EDGE_LOOP('',(#8737,#8738,#8739,#8747));
#8737 = ORIENTED_EDGE('',*,*,#8715,.F.);
#8738 = ORIENTED_EDGE('',*,*,#5800,.F.);
#8739 = ORIENTED_EDGE('',*,*,#8740,.T.);
#8740 = EDGE_CURVE('',#5792,#8741,#8743,.T.);
#8741 = VERTEX_POINT('',#8742);
#8742 = CARTESIAN_POINT('',(-5.407969580529,11.857675271932,
    15.263290022582));
#8743 = LINE('',#8744,#8745);
#8744 = CARTESIAN_POINT('',(-8.907969580529,11.857675271932,
    15.263290022582));
#8745 = VECTOR('',#8746,1.);
#8746 = DIRECTION('',(1.,-1.529566881884E-13,1.636747451277E-15));
#8747 = ORIENTED_EDGE('',*,*,#8748,.F.);
#8748 = EDGE_CURVE('',#8716,#8741,#8749,.T.);
#8749 = LINE('',#8750,#8751);
#8750 = CARTESIAN_POINT('',(-5.407969580529,11.490653857102,
    15.600019727754));
#8751 = VECTOR('',#8752,1.);
#8752 = DIRECTION('',(1.130603809711E-13,0.736860647583,-0.676044662758)
  );
#8753 = PLANE('',#8754);
#8754 = AXIS2_PLACEMENT_3D('',#8755,#8756,#8757);
#8755 = CARTESIAN_POINT('',(-8.907969580529,11.490653857103,
    15.600019727756));
#8756 = DIRECTION('',(-1.046306685958E-13,-0.676044662758,
    -0.736860647583));
#8757 = DIRECTION('',(1.099603809711E-13,0.736860647583,-0.676044662758)
  );
#8758 = ADVANCED_FACE('',(#8759),#8777,.T.);
#8759 = FACE_BOUND('',#8760,.T.);
#8760 = EDGE_LOOP('',(#8761,#8769,#8770,#8771));
#8761 = ORIENTED_EDGE('',*,*,#8762,.F.);
#8762 = EDGE_CURVE('',#5723,#8763,#8765,.T.);
#8763 = VERTEX_POINT('',#8764);
#8764 = CARTESIAN_POINT('',(-5.407969580529,14.82402903727,
    15.649122502445));
#8765 = LINE('',#8766,#8767);
#8766 = CARTESIAN_POINT('',(-8.907969580529,14.824029037271,
    15.649122502446));
#8767 = VECTOR('',#8768,1.);
#8768 = DIRECTION('',(1.,-1.529566881884E-13,3.796747451277E-15));
#8769 = ORIENTED_EDGE('',*,*,#5722,.F.);
#8770 = ORIENTED_EDGE('',*,*,#8706,.T.);
#8771 = ORIENTED_EDGE('',*,*,#8772,.F.);
#8772 = EDGE_CURVE('',#8763,#8707,#8773,.T.);
#8773 = LINE('',#8774,#8775);
#8774 = CARTESIAN_POINT('',(-5.407969580529,14.82402903727,
    15.649122502445));
#8775 = VECTOR('',#8776,1.);
#8776 = DIRECTION('',(-1.453680359777E-13,-0.95020128434,0.311636838706)
  );
#8777 = PLANE('',#8778);
#8778 = AXIS2_PLACEMENT_3D('',#8779,#8780,#8781);
#8779 = CARTESIAN_POINT('',(-8.907969580529,14.824029037271,
    15.649122502447));
#8780 = DIRECTION('',(4.903473322515E-14,0.311636838706,0.95020128434));
#8781 = DIRECTION('',(-1.439380359777E-13,-0.95020128434,0.311636838706)
  );
#8782 = ADVANCED_FACE('',(#8783),#8802,.T.);
#8783 = FACE_BOUND('',#8784,.T.);
#8784 = EDGE_LOOP('',(#8785,#8786,#8787,#8795));
#8785 = ORIENTED_EDGE('',*,*,#8740,.F.);
#8786 = ORIENTED_EDGE('',*,*,#5791,.F.);
#8787 = ORIENTED_EDGE('',*,*,#8788,.T.);
#8788 = EDGE_CURVE('',#5783,#8789,#8791,.T.);
#8789 = VERTEX_POINT('',#8790);
#8790 = CARTESIAN_POINT('',(-5.407969580529,15.990910338186,
    13.201632675683));
#8791 = LINE('',#8792,#8793);
#8792 = CARTESIAN_POINT('',(-8.907969580529,15.990910338187,
    13.201632675684));
#8793 = VECTOR('',#8794,1.);
#8794 = DIRECTION('',(1.,-1.529566881884E-13,2.626747451277E-15));
#8795 = ORIENTED_EDGE('',*,*,#8796,.F.);
#8796 = EDGE_CURVE('',#8741,#8789,#8797,.T.);
#8797 = CIRCLE('',#8798,17.999690035923);
#8798 = AXIS2_PLACEMENT_3D('',#8799,#8800,#8801);
#8799 = CARTESIAN_POINT('',(-5.407969580528,21.892127009194,
    30.206469728449));
#8800 = DIRECTION('',(1.,-1.527187327934E-13,8.006136364811E-16));
#8801 = DIRECTION('',(-8.447284576075E-14,-0.557479140876,
    -0.830190946402));
#8802 = CYLINDRICAL_SURFACE('',#8803,17.999690035923);
#8803 = AXIS2_PLACEMENT_3D('',#8804,#8805,#8806);
#8804 = CARTESIAN_POINT('',(-8.907969580528,21.892127009195,
    30.206469728451));
#8805 = DIRECTION('',(1.,-1.529566881884E-13,-7.832525487225E-16));
#8806 = DIRECTION('',(-8.659721579496E-14,-0.557479140876,
    -0.830190946402));
#8807 = ADVANCED_FACE('',(#8808),#8827,.T.);
#8808 = FACE_BOUND('',#8809,.T.);
#8809 = EDGE_LOOP('',(#8810,#8818,#8819,#8820));
#8810 = ORIENTED_EDGE('',*,*,#8811,.F.);
#8811 = EDGE_CURVE('',#5731,#8812,#8814,.T.);
#8812 = VERTEX_POINT('',#8813);
#8813 = CARTESIAN_POINT('',(-5.407969580529,14.964333930041,
    15.533566466035));
#8814 = LINE('',#8815,#8816);
#8815 = CARTESIAN_POINT('',(-8.907969580529,14.964333930041,
    15.533566466035));
#8816 = VECTOR('',#8817,1.);
#8817 = DIRECTION('',(1.,-1.529566881884E-13,3.796747451277E-15));
#8818 = ORIENTED_EDGE('',*,*,#5730,.F.);
#8819 = ORIENTED_EDGE('',*,*,#8762,.T.);
#8820 = ORIENTED_EDGE('',*,*,#8821,.F.);
#8821 = EDGE_CURVE('',#8812,#8763,#8822,.T.);
#8822 = CIRCLE('',#8823,0.25);
#8823 = AXIS2_PLACEMENT_3D('',#8824,#8825,#8826);
#8824 = CARTESIAN_POINT('',(-5.407969580529,14.746119827594,
    15.41157218136));
#8825 = DIRECTION('',(1.,-1.544887327934E-13,-1.89386363519E-16));
#8826 = DIRECTION('',(1.349388968744E-13,0.872856409787,0.487977138699)
  );
#8827 = CYLINDRICAL_SURFACE('',#8828,0.25);
#8828 = AXIS2_PLACEMENT_3D('',#8829,#8830,#8831);
#8829 = CARTESIAN_POINT('',(-8.907969580529,14.746119827594,
    15.411572181362));
#8830 = DIRECTION('',(1.,-1.529566881884E-13,-7.032525487225E-16));
#8831 = DIRECTION('',(1.343712680012E-13,0.872856409787,0.487977138699)
  );
#8832 = ADVANCED_FACE('',(#8833),#8852,.T.);
#8833 = FACE_BOUND('',#8834,.T.);
#8834 = EDGE_LOOP('',(#8835,#8836,#8837,#8845));
#8835 = ORIENTED_EDGE('',*,*,#8788,.F.);
#8836 = ORIENTED_EDGE('',*,*,#5782,.F.);
#8837 = ORIENTED_EDGE('',*,*,#8838,.T.);
#8838 = EDGE_CURVE('',#5775,#8839,#8841,.T.);
#8839 = VERTEX_POINT('',#8840);
#8840 = CARTESIAN_POINT('',(-5.407969580529,16.652834196883,
    13.718692392672));
#8841 = LINE('',#8842,#8843);
#8842 = CARTESIAN_POINT('',(-8.907969580529,16.652834196884,
    13.718692392673));
#8843 = VECTOR('',#8844,1.);
#8844 = DIRECTION('',(1.,-1.529566881884E-13,2.716747451278E-15));
#8845 = ORIENTED_EDGE('',*,*,#8846,.F.);
#8846 = EDGE_CURVE('',#8789,#8839,#8847,.T.);
#8847 = CIRCLE('',#8848,0.5);
#8848 = AXIS2_PLACEMENT_3D('',#8849,#8850,#8851);
#8849 = CARTESIAN_POINT('',(-5.407969580529,16.154835846326,
    13.673997394709));
#8850 = DIRECTION('',(1.,-1.527187327934E-13,8.106136364811E-16));
#8851 = DIRECTION('',(-4.930318118608E-14,-0.32785101628,-0.944729438053
    ));
#8852 = CYLINDRICAL_SURFACE('',#8853,0.5);
#8853 = AXIS2_PLACEMENT_3D('',#8854,#8855,#8856);
#8854 = CARTESIAN_POINT('',(-8.907969580529,16.154835846327,
    13.673997394711));
#8855 = DIRECTION('',(1.,-1.529566881884E-13,-7.032525487225E-16));
#8856 = DIRECTION('',(-5.151350282852E-14,-0.32785101628,-0.944729438053
    ));
#8857 = ADVANCED_FACE('',(#8858),#8876,.T.);
#8858 = FACE_BOUND('',#8859,.T.);
#8859 = EDGE_LOOP('',(#8860,#8868,#8869,#8870));
#8860 = ORIENTED_EDGE('',*,*,#8861,.F.);
#8861 = EDGE_CURVE('',#5740,#8862,#8864,.T.);
#8862 = VERTEX_POINT('',#8863);
#8863 = CARTESIAN_POINT('',(-5.407969580529,15.543946242207,
    14.496800024036));
#8864 = LINE('',#8865,#8866);
#8865 = CARTESIAN_POINT('',(-8.907969580529,15.543946242208,
    14.496800024036));
#8866 = VECTOR('',#8867,1.);
#8867 = DIRECTION('',(1.,-1.529566881884E-13,3.796747451277E-15));
#8868 = ORIENTED_EDGE('',*,*,#5739,.F.);
#8869 = ORIENTED_EDGE('',*,*,#8811,.T.);
#8870 = ORIENTED_EDGE('',*,*,#8871,.F.);
#8871 = EDGE_CURVE('',#8862,#8812,#8872,.T.);
#8872 = LINE('',#8873,#8874);
#8873 = CARTESIAN_POINT('',(-5.407969580529,15.543946242207,
    14.496800024036));
#8874 = VECTOR('',#8875,1.);
#8875 = DIRECTION('',(-7.522600554996E-14,-0.487977138699,0.872856409787
    ));
#8876 = PLANE('',#8877);
#8877 = AXIS2_PLACEMENT_3D('',#8878,#8879,#8880);
#8878 = CARTESIAN_POINT('',(-8.907969580529,15.543946242208,
    14.496800024038));
#8879 = DIRECTION('',(1.343740650111E-13,0.872856409787,0.487977138699)
  );
#8880 = DIRECTION('',(-7.122600554996E-14,-0.487977138699,0.872856409787
    ));
#8881 = ADVANCED_FACE('',(#8882),#8900,.T.);
#8882 = FACE_BOUND('',#8883,.T.);
#8883 = EDGE_LOOP('',(#8884,#8885,#8886,#8894));
#8884 = ORIENTED_EDGE('',*,*,#8838,.F.);
#8885 = ORIENTED_EDGE('',*,*,#5774,.F.);
#8886 = ORIENTED_EDGE('',*,*,#8887,.T.);
#8887 = EDGE_CURVE('',#5766,#8888,#8890,.T.);
#8888 = VERTEX_POINT('',#8889);
#8889 = CARTESIAN_POINT('',(-5.407969580529,16.63832160937,
    13.880393812812));
#8890 = LINE('',#8891,#8892);
#8891 = CARTESIAN_POINT('',(-8.907969580529,16.638321609371,
    13.880393812812));
#8892 = VECTOR('',#8893,1.);
#8893 = DIRECTION('',(1.,-1.529566881884E-13,2.716747451278E-15));
#8894 = ORIENTED_EDGE('',*,*,#8895,.F.);
#8895 = EDGE_CURVE('',#8839,#8888,#8896,.T.);
#8896 = LINE('',#8897,#8898);
#8897 = CARTESIAN_POINT('',(-5.407969580529,16.652834196883,
    13.718692392672));
#8898 = VECTOR('',#8899,1.);
#8899 = DIRECTION('',(-1.454383257171E-14,-8.938999592535E-02,
    0.995996701113));
#8900 = PLANE('',#8901);
#8901 = AXIS2_PLACEMENT_3D('',#8902,#8903,#8904);
#8902 = CARTESIAN_POINT('',(-8.907969580529,16.652834196884,
    13.718692392674));
#8903 = DIRECTION('',(1.526881714683E-13,0.995996701113,
    8.938999592535E-02));
#8904 = DIRECTION('',(-9.983832571708E-15,-8.938999592535E-02,
    0.995996701113));
#8905 = ADVANCED_FACE('',(#8906),#8925,.F.);
#8906 = FACE_BOUND('',#8907,.F.);
#8907 = EDGE_LOOP('',(#8908,#8917,#8918,#8919));
#8908 = ORIENTED_EDGE('',*,*,#8909,.T.);
#8909 = EDGE_CURVE('',#8910,#8862,#8912,.T.);
#8910 = VERTEX_POINT('',#8911);
#8911 = CARTESIAN_POINT('',(-5.407969580529,15.670666611764,
    14.386138131397));
#8912 = CIRCLE('',#8913,0.25);
#8913 = AXIS2_PLACEMENT_3D('',#8914,#8915,#8916);
#8914 = CARTESIAN_POINT('',(-5.407969580529,15.762160344654,
    14.61879430871));
#8915 = DIRECTION('',(-1.,1.527187327934E-13,-8.106136364811E-16));
#8916 = DIRECTION('',(-1.329059638904E-13,-0.872856409787,
    -0.487977138699));
#8917 = ORIENTED_EDGE('',*,*,#8861,.F.);
#8918 = ORIENTED_EDGE('',*,*,#5747,.T.);
#8919 = ORIENTED_EDGE('',*,*,#8920,.T.);
#8920 = EDGE_CURVE('',#5748,#8910,#8921,.T.);
#8921 = LINE('',#8922,#8923);
#8922 = CARTESIAN_POINT('',(-8.907969580529,15.670666611765,
    14.386138131398));
#8923 = VECTOR('',#8924,1.);
#8924 = DIRECTION('',(1.,-1.529566881884E-13,1.636747451277E-15));
#8925 = CYLINDRICAL_SURFACE('',#8926,0.25);
#8926 = AXIS2_PLACEMENT_3D('',#8927,#8928,#8929);
#8927 = CARTESIAN_POINT('',(-8.907969580529,15.762160344655,
    14.618794308712));
#8928 = DIRECTION('',(1.,-1.529566881884E-13,-7.032525487225E-16));
#8929 = DIRECTION('',(-1.343712680012E-13,-0.872856409787,
    -0.487977138699));
#8930 = ADVANCED_FACE('',(#8931),#8950,.T.);
#8931 = FACE_BOUND('',#8932,.T.);
#8932 = EDGE_LOOP('',(#8933,#8934,#8935,#8943));
#8933 = ORIENTED_EDGE('',*,*,#8887,.F.);
#8934 = ORIENTED_EDGE('',*,*,#5765,.F.);
#8935 = ORIENTED_EDGE('',*,*,#8936,.T.);
#8936 = EDGE_CURVE('',#5757,#8937,#8939,.T.);
#8937 = VERTEX_POINT('',#8938);
#8938 = CARTESIAN_POINT('',(-5.407969580529,16.469074658098,
    14.094984244027));
#8939 = LINE('',#8940,#8941);
#8940 = CARTESIAN_POINT('',(-8.907969580529,16.469074658098,
    14.094984244028));
#8941 = VECTOR('',#8942,1.);
#8942 = DIRECTION('',(1.,-1.529566881884E-13,2.716747451278E-15));
#8943 = ORIENTED_EDGE('',*,*,#8944,.F.);
#8944 = EDGE_CURVE('',#8888,#8937,#8945,.T.);
#8945 = CIRCLE('',#8946,0.25);
#8946 = AXIS2_PLACEMENT_3D('',#8947,#8948,#8949);
#8947 = CARTESIAN_POINT('',(-5.407969580529,16.389322434092,
    13.85804631383));
#8948 = DIRECTION('',(1.,-1.526687327934E-13,8.106136364811E-16));
#8949 = DIRECTION('',(1.519850934757E-13,0.995996701113,
    8.938999592554E-02));
#8950 = CYLINDRICAL_SURFACE('',#8951,0.25);
#8951 = AXIS2_PLACEMENT_3D('',#8952,#8953,#8954);
#8952 = CARTESIAN_POINT('',(-8.907969580529,16.389322434093,
    13.858046313832));
#8953 = DIRECTION('',(1.,-1.529566881884E-13,-7.032525487225E-16));
#8954 = DIRECTION('',(1.526879219843E-13,0.995996701113,
    8.938999592554E-02));
#8955 = ADVANCED_FACE('',(#8956),#8968,.F.);
#8956 = FACE_BOUND('',#8957,.F.);
#8957 = EDGE_LOOP('',(#8958,#8965,#8966,#8967));
#8958 = ORIENTED_EDGE('',*,*,#8959,.T.);
#8959 = EDGE_CURVE('',#8937,#8910,#8960,.T.);
#8960 = CIRCLE('',#8961,16.999690035947);
#8961 = AXIS2_PLACEMENT_3D('',#8962,#8963,#8964);
#8962 = CARTESIAN_POINT('',(-5.407969580528,21.892127009202,
    30.206469728471));
#8963 = DIRECTION('',(-1.,1.527187327934E-13,-8.106136364811E-16));
#8964 = DIRECTION('',(-5.513685070214E-14,-0.36597493156,-0.930624709252
    ));
#8965 = ORIENTED_EDGE('',*,*,#8920,.F.);
#8966 = ORIENTED_EDGE('',*,*,#5756,.T.);
#8967 = ORIENTED_EDGE('',*,*,#8936,.T.);
#8968 = CYLINDRICAL_SURFACE('',#8969,16.999690035947);
#8969 = AXIS2_PLACEMENT_3D('',#8970,#8971,#8972);
#8970 = CARTESIAN_POINT('',(-8.907969580528,21.892127009203,
    30.206469728473));
#8971 = DIRECTION('',(1.,-1.529566881884E-13,-7.032525487225E-16));
#8972 = DIRECTION('',(-5.733396103682E-14,-0.36597493156,-0.930624709252
    ));
#8973 = ADVANCED_FACE('',(#8974),#8990,.T.);
#8974 = FACE_BOUND('',#8975,.T.);
#8975 = EDGE_LOOP('',(#8976,#8982,#8983,#8989));
#8976 = ORIENTED_EDGE('',*,*,#8977,.T.);
#8977 = EDGE_CURVE('',#5833,#7247,#8978,.T.);
#8978 = LINE('',#8979,#8980);
#8979 = CARTESIAN_POINT('',(-8.907970345159,22.240769788048,
    36.639571699991));
#8980 = VECTOR('',#8981,1.);
#8981 = DIRECTION('',(-0.96726682436,0.120705287031,-0.223215421006));
#8982 = ORIENTED_EDGE('',*,*,#7271,.T.);
#8983 = ORIENTED_EDGE('',*,*,#8984,.F.);
#8984 = EDGE_CURVE('',#5831,#7225,#8985,.T.);
#8985 = LINE('',#8986,#8987);
#8986 = CARTESIAN_POINT('',(-8.907970345158,26.691433598395,
    36.639571699991));
#8987 = VECTOR('',#8988,1.);
#8988 = DIRECTION('',(-0.899707082656,-0.383952008254,-0.207624711382));
#8989 = ORIENTED_EDGE('',*,*,#5830,.T.);
#8990 = PLANE('',#8991);
#8991 = AXIS2_PLACEMENT_3D('',#8992,#8993,#8994);
#8992 = CARTESIAN_POINT('',(-10.20797034515,21.123613553287,
    36.339571699991));
#8993 = DIRECTION('',(0.224859506699,-6.129292611477E-15,-0.974391195695
    ));
#8994 = DIRECTION('',(-0.974391195695,1.580164581665E-13,-0.224859506699
    ));
#8995 = ADVANCED_FACE('',(#8996),#9007,.T.);
#8996 = FACE_BOUND('',#8997,.T.);
#8997 = EDGE_LOOP('',(#8998,#8999,#9000,#9006));
#8998 = ORIENTED_EDGE('',*,*,#8984,.T.);
#8999 = ORIENTED_EDGE('',*,*,#7224,.T.);
#9000 = ORIENTED_EDGE('',*,*,#9001,.T.);
#9001 = EDGE_CURVE('',#7201,#5841,#9002,.T.);
#9002 = LINE('',#9003,#9004);
#9003 = CARTESIAN_POINT('',(-11.50797034515,17.07659190638,
    23.039544166937));
#9004 = VECTOR('',#9005,1.);
#9005 = DIRECTION('',(0.96726682436,0.120705287031,-0.223215421006));
#9006 = ORIENTED_EDGE('',*,*,#5840,.T.);
#9007 = PLANE('',#9008);
#9008 = AXIS2_PLACEMENT_3D('',#9009,#9010,#9011);
#9009 = CARTESIAN_POINT('',(-10.20797034515,23.875457225509,
    32.883410114601));
#9010 = DIRECTION('',(0.224859506699,-0.815384451758,0.533466398265));
#9011 = DIRECTION('',(0.964015083834,0.265847546803,1.333812659945E-15)
  );
#9012 = ADVANCED_FACE('',(#9013),#9024,.T.);
#9013 = FACE_BOUND('',#9014,.T.);
#9014 = EDGE_LOOP('',(#9015,#9021,#9022,#9023));
#9015 = ORIENTED_EDGE('',*,*,#9016,.T.);
#9016 = EDGE_CURVE('',#5849,#7193,#9017,.T.);
#9017 = LINE('',#9018,#9019);
#9018 = CARTESIAN_POINT('',(-8.90797034516,12.950382257364,
    22.439544166937));
#9019 = VECTOR('',#9020,1.);
#9020 = DIRECTION('',(-0.899707082656,0.383952008254,0.207624711382));
#9021 = ORIENTED_EDGE('',*,*,#7254,.T.);
#9022 = ORIENTED_EDGE('',*,*,#8977,.F.);
#9023 = ORIENTED_EDGE('',*,*,#5856,.T.);
#9024 = PLANE('',#9025);
#9025 = AXIS2_PLACEMENT_3D('',#9026,#9027,#9028);
#9026 = CARTESIAN_POINT('',(-10.20797034515,16.556180644352,
    27.4029206623));
#9027 = DIRECTION('',(0.224859506699,0.815384451758,-0.533466398265));
#9028 = DIRECTION('',(-0.964015083834,0.265847546803,2.031652216807E-14)
  );
#9029 = ADVANCED_FACE('',(#9030),#9036,.T.);
#9030 = FACE_BOUND('',#9031,.T.);
#9031 = EDGE_LOOP('',(#9032,#9033,#9034,#9035));
#9032 = ORIENTED_EDGE('',*,*,#9001,.F.);
#9033 = ORIENTED_EDGE('',*,*,#7200,.T.);
#9034 = ORIENTED_EDGE('',*,*,#9016,.F.);
#9035 = ORIENTED_EDGE('',*,*,#5848,.T.);
#9036 = PLANE('',#9037);
#9037 = AXIS2_PLACEMENT_3D('',#9038,#9039,#9040);
#9038 = CARTESIAN_POINT('',(-10.20797034515,18.379297531788,
    22.739544166937));
#9039 = DIRECTION('',(0.224859506699,-6.257279168062E-14,0.974391195695)
  );
#9040 = DIRECTION('',(0.974391195695,-1.396925737659E-13,-0.224859506699
    ));
#9041 = ADVANCED_FACE('',(#9042),#9058,.T.);
#9042 = FACE_BOUND('',#9043,.T.);
#9043 = EDGE_LOOP('',(#9044,#9050,#9051,#9057));
#9044 = ORIENTED_EDGE('',*,*,#9045,.T.);
#9045 = EDGE_CURVE('',#5867,#7344,#9046,.T.);
#9046 = LINE('',#9047,#9048);
#9047 = CARTESIAN_POINT('',(-8.907970345159,15.91808230018,
    28.939568122051));
#9048 = VECTOR('',#9049,1.);
#9049 = DIRECTION('',(-0.967266835334,-0.12070519441,0.223215423539));
#9050 = ORIENTED_EDGE('',*,*,#7368,.T.);
#9051 = ORIENTED_EDGE('',*,*,#9052,.F.);
#9052 = EDGE_CURVE('',#5865,#7320,#9053,.T.);
#9053 = LINE('',#9054,#9055);
#9054 = CARTESIAN_POINT('',(-8.90797034516,11.467417525646,
    28.939568122051));
#9055 = VECTOR('',#9056,1.);
#9056 = DIRECTION('',(-0.899706974105,0.383952276165,0.207624686332));
#9057 = ORIENTED_EDGE('',*,*,#5864,.T.);
#9058 = PLANE('',#9059);
#9059 = AXIS2_PLACEMENT_3D('',#9060,#9061,#9062);
#9060 = CARTESIAN_POINT('',(-10.20797034515,17.637815774344,
    29.239568122051));
#9061 = DIRECTION('',(0.224859506699,-6.257279168062E-14,0.974391195695)
  );
#9062 = DIRECTION('',(0.974391195695,-1.396925737659E-13,-0.224859506699
    ));
#9063 = ADVANCED_FACE('',(#9064),#9075,.T.);
#9064 = FACE_BOUND('',#9065,.T.);
#9065 = EDGE_LOOP('',(#9066,#9067,#9068,#9074));
#9066 = ORIENTED_EDGE('',*,*,#9052,.T.);
#9067 = ORIENTED_EDGE('',*,*,#7319,.T.);
#9068 = ORIENTED_EDGE('',*,*,#9069,.F.);
#9069 = EDGE_CURVE('',#5875,#7296,#9070,.T.);
#9070 = LINE('',#9071,#9072);
#9071 = CARTESIAN_POINT('',(-8.90797034516,16.505162980538,
    36.639571699991));
#9072 = VECTOR('',#9073,1.);
#9073 = DIRECTION('',(-0.967266835894,0.120705189683,-0.223215423668));
#9074 = ORIENTED_EDGE('',*,*,#5874,.T.);
#9075 = PLANE('',#9076);
#9076 = AXIS2_PLACEMENT_3D('',#9077,#9078,#9079);
#9077 = CARTESIAN_POINT('',(-10.20797034516,13.806496403733,
    31.966804045583));
#9078 = DIRECTION('',(0.224859506699,0.815384086404,-0.533466956696));
#9079 = DIRECTION('',(-0.964015053305,0.265847657504,2.063571550503E-14)
  );
#9080 = ADVANCED_FACE('',(#9081),#9092,.T.);
#9081 = FACE_BOUND('',#9082,.T.);
#9082 = EDGE_LOOP('',(#9083,#9089,#9090,#9091));
#9083 = ORIENTED_EDGE('',*,*,#9084,.F.);
#9084 = EDGE_CURVE('',#7288,#5883,#9085,.T.);
#9085 = LINE('',#9086,#9087);
#9086 = CARTESIAN_POINT('',(-11.50797034515,19.846270714677,
    36.039571699991));
#9087 = VECTOR('',#9088,1.);
#9088 = DIRECTION('',(0.899706979377,0.383952263153,0.207624687549));
#9089 = ORIENTED_EDGE('',*,*,#7351,.T.);
#9090 = ORIENTED_EDGE('',*,*,#9045,.F.);
#9091 = ORIENTED_EDGE('',*,*,#5890,.T.);
#9092 = PLANE('',#9093);
#9093 = AXIS2_PLACEMENT_3D('',#9094,#9095,#9096);
#9094 = CARTESIAN_POINT('',(-10.20797034515,18.999450227848,
    34.197280700777));
#9095 = DIRECTION('',(0.224859506699,-0.815384104148,0.533466929575));
#9096 = DIRECTION('',(0.964015054788,0.265847652127,1.306061748277E-15)
  );
#9097 = ADVANCED_FACE('',(#9098),#9104,.T.);
#9098 = FACE_BOUND('',#9099,.T.);
#9099 = EDGE_LOOP('',(#9100,#9101,#9102,#9103));
#9100 = ORIENTED_EDGE('',*,*,#9069,.T.);
#9101 = ORIENTED_EDGE('',*,*,#7295,.T.);
#9102 = ORIENTED_EDGE('',*,*,#9084,.T.);
#9103 = ORIENTED_EDGE('',*,*,#5882,.T.);
#9104 = PLANE('',#9105);
#9105 = AXIS2_PLACEMENT_3D('',#9106,#9107,#9108);
#9106 = CARTESIAN_POINT('',(-10.20797034515,18.255810016762,
    36.339571699991));
#9107 = DIRECTION('',(0.224859506699,5.350707388523E-15,-0.974391195695)
  );
#9108 = DIRECTION('',(-0.974391195695,1.580164581665E-13,-0.224859506699
    ));
#9109 = ADVANCED_FACE('',(#9110),#9138,.F.);
#9110 = FACE_BOUND('',#9111,.F.);
#9111 = EDGE_LOOP('',(#9112,#9113,#9114,#9115,#9123,#9132));
#9112 = ORIENTED_EDGE('',*,*,#5909,.T.);
#9113 = ORIENTED_EDGE('',*,*,#5920,.F.);
#9114 = ORIENTED_EDGE('',*,*,#5929,.T.);
#9115 = ORIENTED_EDGE('',*,*,#9116,.T.);
#9116 = EDGE_CURVE('',#5930,#9117,#9119,.T.);
#9117 = VERTEX_POINT('',#9118);
#9118 = CARTESIAN_POINT('',(-10.90796958053,-5.240506742832,
    21.399510972958));
#9119 = LINE('',#9120,#9121);
#9120 = CARTESIAN_POINT('',(-9.907969911623,-5.240506742832,
    21.399510972958));
#9121 = VECTOR('',#9122,1.);
#9122 = DIRECTION('',(-1.,1.525166881884E-13,7.583252548722E-15));
#9123 = ORIENTED_EDGE('',*,*,#9124,.T.);
#9124 = EDGE_CURVE('',#9117,#9125,#9127,.T.);
#9125 = VERTEX_POINT('',#9126);
#9126 = CARTESIAN_POINT('',(-10.90796958053,1.549493257168,
    21.079536134083));
#9127 = CIRCLE('',#9128,3.4);
#9128 = AXIS2_PLACEMENT_3D('',#9129,#9130,#9131);
#9129 = CARTESIAN_POINT('',(-10.90796958053,-1.849815590367,
    21.14808800543));
#9130 = DIRECTION('',(1.,-1.529087327934E-13,-1.045938636352E-14));
#9131 = DIRECTION('',(-1.529087327934E-13,-1.,-4.148927421363E-14));
#9132 = ORIENTED_EDGE('',*,*,#9133,.T.);
#9133 = EDGE_CURVE('',#9125,#5910,#9134,.T.);
#9134 = LINE('',#9135,#9136);
#9135 = CARTESIAN_POINT('',(-9.907969911622,1.549493257168,
    21.079536134086));
#9136 = VECTOR('',#9137,1.);
#9137 = DIRECTION('',(1.,-1.525166881884E-13,-7.633252548722E-15));
#9138 = CYLINDRICAL_SURFACE('',#9139,3.4);
#9139 = AXIS2_PLACEMENT_3D('',#9140,#9141,#9142);
#9140 = CARTESIAN_POINT('',(-9.907969911622,-1.849815590368,
    21.14808800543));
#9141 = DIRECTION('',(1.,-1.525166881884E-13,-7.633252548722E-15));
#9142 = DIRECTION('',(-1.527387327934E-13,-1.,-4.148927421363E-14));
#9143 = ADVANCED_FACE('',(#9144),#9162,.F.);
#9144 = FACE_BOUND('',#9145,.T.);
#9145 = EDGE_LOOP('',(#9146,#9147,#9148,#9156));
#9146 = ORIENTED_EDGE('',*,*,#9133,.T.);
#9147 = ORIENTED_EDGE('',*,*,#5982,.F.);
#9148 = ORIENTED_EDGE('',*,*,#9149,.T.);
#9149 = EDGE_CURVE('',#5974,#9150,#9152,.T.);
#9150 = VERTEX_POINT('',#9151);
#9151 = CARTESIAN_POINT('',(-10.90796958053,1.549493257168,
    24.436589157818));
#9152 = LINE('',#9153,#9154);
#9153 = CARTESIAN_POINT('',(-8.907970345161,1.549493257168,
    24.436589157815));
#9154 = VECTOR('',#9155,1.);
#9155 = DIRECTION('',(-1.,1.362966881884E-13,5.023252548722E-15));
#9156 = ORIENTED_EDGE('',*,*,#9157,.F.);
#9157 = EDGE_CURVE('',#9125,#9150,#9158,.T.);
#9158 = LINE('',#9159,#9160);
#9159 = CARTESIAN_POINT('',(-10.90796958053,1.549493257168,
    27.867485357647));
#9160 = VECTOR('',#9161,1.);
#9161 = DIRECTION('',(1.045938636351E-14,-3.385518500372E-14,1.));
#9162 = PLANE('',#9163);
#9163 = AXIS2_PLACEMENT_3D('',#9164,#9165,#9166);
#9164 = CARTESIAN_POINT('',(-10.91236108145,1.549493257168,
    33.866933428815));
#9165 = DIRECTION('',(1.367887327934E-13,1.,3.429927421363E-14));
#9166 = DIRECTION('',(2.639386363514E-15,-3.385518500372E-14,1.));
#9167 = ADVANCED_FACE('',(#9168),#9195,.F.);
#9168 = FACE_BOUND('',#9169,.F.);
#9169 = EDGE_LOOP('',(#9170,#9171,#9178,#9179,#9180,#9189));
#9170 = ORIENTED_EDGE('',*,*,#5946,.T.);
#9171 = ORIENTED_EDGE('',*,*,#9172,.T.);
#9172 = EDGE_CURVE('',#5947,#5965,#9173,.T.);
#9173 = CIRCLE('',#9174,3.4);
#9174 = AXIS2_PLACEMENT_3D('',#9175,#9176,#9177);
#9175 = CARTESIAN_POINT('',(-8.907970242713,-1.849815590368,
    24.368037286477));
#9176 = DIRECTION('',(-1.,1.530687327934E-13,7.169386363519E-15));
#9177 = DIRECTION('',(-1.530687327934E-13,-1.,-5.326927421363E-14));
#9178 = ORIENTED_EDGE('',*,*,#5973,.T.);
#9179 = ORIENTED_EDGE('',*,*,#9149,.T.);
#9180 = ORIENTED_EDGE('',*,*,#9181,.T.);
#9181 = EDGE_CURVE('',#9150,#9182,#9184,.T.);
#9182 = VERTEX_POINT('',#9183);
#9183 = CARTESIAN_POINT('',(-10.90796958053,-5.240506742832,
    24.116614318947));
#9184 = CIRCLE('',#9185,3.4);
#9185 = AXIS2_PLACEMENT_3D('',#9186,#9187,#9188);
#9186 = CARTESIAN_POINT('',(-10.90796958053,-1.849815590368,
    24.368037286477));
#9187 = DIRECTION('',(1.,-1.529087327934E-13,-1.045938636352E-14));
#9188 = DIRECTION('',(-1.529087327934E-13,-1.,-5.326927421363E-14));
#9189 = ORIENTED_EDGE('',*,*,#9190,.T.);
#9190 = EDGE_CURVE('',#9182,#5939,#9191,.T.);
#9191 = LINE('',#9192,#9193);
#9192 = CARTESIAN_POINT('',(-8.907970345162,-5.240506742832,
    24.116614318946));
#9193 = VECTOR('',#9194,1.);
#9194 = DIRECTION('',(1.,-1.362966881884E-13,-4.973252548722E-15));
#9195 = CYLINDRICAL_SURFACE('',#9196,3.4);
#9196 = AXIS2_PLACEMENT_3D('',#9197,#9198,#9199);
#9197 = CARTESIAN_POINT('',(-8.907970345162,-1.849815590368,
    24.368037286477));
#9198 = DIRECTION('',(-1.,1.362966881884E-13,5.023252548722E-15));
#9199 = DIRECTION('',(-1.365187327934E-13,-1.,-5.326927421363E-14));
#9200 = ADVANCED_FACE('',(#9201),#9228,.T.);
#9201 = FACE_BOUND('',#9202,.T.);
#9202 = EDGE_LOOP('',(#9203,#9212,#9218,#9219,#9226,#9227));
#9203 = ORIENTED_EDGE('',*,*,#9204,.T.);
#9204 = EDGE_CURVE('',#9205,#9205,#9207,.T.);
#9205 = VERTEX_POINT('',#9206);
#9206 = CARTESIAN_POINT('',(-5.40797034516,0.790658416582,
    30.749329474667));
#9207 = CIRCLE('',#9208,2.656052034155);
#9208 = AXIS2_PLACEMENT_3D('',#9209,#9210,#9211);
#9209 = CARTESIAN_POINT('',(-5.407970345161,-1.865393617573,
    30.749329474665));
#9210 = DIRECTION('',(-1.,1.523087327934E-13,-4.320613636481E-15));
#9211 = DIRECTION('',(-1.523087327934E-13,-1.,-4.100927421363E-14));
#9212 = ORIENTED_EDGE('',*,*,#9213,.T.);
#9213 = EDGE_CURVE('',#9205,#5956,#9214,.T.);
#9214 = LINE('',#9215,#9216);
#9215 = CARTESIAN_POINT('',(-8.90797034516,1.534606382428,
    30.749329474667));
#9216 = VECTOR('',#9217,1.);
#9217 = DIRECTION('',(-0.978147600734,0.207911690818,1.162194772227E-14)
  );
#9218 = ORIENTED_EDGE('',*,*,#5955,.F.);
#9219 = ORIENTED_EDGE('',*,*,#9220,.F.);
#9220 = EDGE_CURVE('',#5965,#5947,#9221,.T.);
#9221 = CIRCLE('',#9222,3.4);
#9222 = AXIS2_PLACEMENT_3D('',#9223,#9224,#9225);
#9223 = CARTESIAN_POINT('',(-8.907970242713,-1.865393617572,
    30.749329474667));
#9224 = DIRECTION('',(-1.,1.525687327934E-13,8.249386363519E-15));
#9225 = DIRECTION('',(-1.525687327934E-13,-1.,-4.100927421363E-14));
#9226 = ORIENTED_EDGE('',*,*,#5964,.F.);
#9227 = ORIENTED_EDGE('',*,*,#9213,.F.);
#9228 = CONICAL_SURFACE('',#9229,3.4,0.209439510239);
#9229 = AXIS2_PLACEMENT_3D('',#9230,#9231,#9232);
#9230 = CARTESIAN_POINT('',(-8.90797034516,-1.865393617572,
    30.749329474667));
#9231 = DIRECTION('',(-1.,1.520566881884E-13,3.143252548722E-15));
#9232 = DIRECTION('',(-1.522787327934E-13,-1.,-4.100927421363E-14));
#9233 = ADVANCED_FACE('',(#9234),#9245,.T.);
#9234 = FACE_BOUND('',#9235,.T.);
#9235 = EDGE_LOOP('',(#9236,#9242,#9243,#9244));
#9236 = ORIENTED_EDGE('',*,*,#9237,.F.);
#9237 = EDGE_CURVE('',#9182,#9117,#9238,.T.);
#9238 = LINE('',#9239,#9240);
#9239 = CARTESIAN_POINT('',(-10.90796958053,-5.240506742832,
    18.521904096456));
#9240 = VECTOR('',#9241,1.);
#9241 = DIRECTION('',(-1.045938636351E-14,3.385518500372E-14,-1.));
#9242 = ORIENTED_EDGE('',*,*,#9190,.T.);
#9243 = ORIENTED_EDGE('',*,*,#5938,.T.);
#9244 = ORIENTED_EDGE('',*,*,#9116,.T.);
#9245 = PLANE('',#9246);
#9246 = AXIS2_PLACEMENT_3D('',#9247,#9248,#9249);
#9247 = CARTESIAN_POINT('',(-10.09679916302,-5.240506742832,
    15.175770906435));
#9248 = DIRECTION('',(1.367887327934E-13,1.,3.429927421363E-14));
#9249 = DIRECTION('',(5.419386363514E-15,-3.385518500372E-14,1.));
#9250 = ADVANCED_FACE('',(#9251),#9279,.F.);
#9251 = FACE_BOUND('',#9252,.T.);
#9252 = EDGE_LOOP('',(#9253,#9254,#9263,#9272));
#9253 = ORIENTED_EDGE('',*,*,#6571,.F.);
#9254 = ORIENTED_EDGE('',*,*,#9255,.T.);
#9255 = EDGE_CURVE('',#6572,#9256,#9258,.T.);
#9256 = VERTEX_POINT('',#9257);
#9257 = CARTESIAN_POINT('',(-7.007167697296,31.032800988982,
    51.10833645053));
#9258 = CIRCLE('',#9259,0.4);
#9259 = AXIS2_PLACEMENT_3D('',#9260,#9261,#9262);
#9260 = CARTESIAN_POINT('',(-6.995615737606,30.808224258909,
    51.439141294112));
#9261 = DIRECTION('',(-0.999390827019,1.514552372406E-13,
    3.48994967025E-02));
#9262 = DIRECTION('',(-1.634247282377E-02,0.883584128757,-0.467987191055
    ));
#9263 = ORIENTED_EDGE('',*,*,#9264,.T.);
#9264 = EDGE_CURVE('',#9256,#9265,#9267,.T.);
#9265 = VERTEX_POINT('',#9266);
#9266 = CARTESIAN_POINT('',(-7.03604759652,31.032800988982,
    50.281324341575));
#9267 = CIRCLE('',#9268,0.5);
#9268 = AXIS2_PLACEMENT_3D('',#9269,#9270,#9271);
#9269 = CARTESIAN_POINT('',(-7.021607646908,31.313521901573,
    50.694830396053));
#9270 = DIRECTION('',(0.999390827019,-1.514580512514E-13,
    -3.48994967025E-02));
#9271 = DIRECTION('',(1.529887327934E-13,1.,4.118927421363E-14));
#9272 = ORIENTED_EDGE('',*,*,#9273,.T.);
#9273 = EDGE_CURVE('',#9265,#6574,#9274,.T.);
#9274 = CIRCLE('',#9275,0.4);
#9275 = AXIS2_PLACEMENT_3D('',#9276,#9277,#9278);
#9276 = CARTESIAN_POINT('',(-7.047599556209,30.808224258909,
    49.950519497993));
#9277 = DIRECTION('',(-0.999390827019,1.514587066875E-13,
    3.48994967025E-02));
#9278 = DIRECTION('',(1.634247282404E-02,0.883584128757,0.467987191055)
  );
#9279 = PLANE('',#9280);
#9280 = AXIS2_PLACEMENT_3D('',#9281,#9282,#9283);
#9281 = CARTESIAN_POINT('',(-7.021607646908,31.313521901573,
    50.694830396053));
#9282 = DIRECTION('',(-0.999390827019,1.512516403999E-13,
    3.48994967025E-02));
#9283 = DIRECTION('',(1.529887327934E-13,1.,4.118927421363E-14));
#9284 = ADVANCED_FACE('',(#9285),#9310,.T.);
#9285 = FACE_BOUND('',#9286,.T.);
#9286 = EDGE_LOOP('',(#9287,#9288,#9289,#9297));
#9287 = ORIENTED_EDGE('',*,*,#6581,.T.);
#9288 = ORIENTED_EDGE('',*,*,#9273,.F.);
#9289 = ORIENTED_EDGE('',*,*,#9290,.T.);
#9290 = EDGE_CURVE('',#9265,#9291,#9293,.T.);
#9291 = VERTEX_POINT('',#9292);
#9292 = CARTESIAN_POINT('',(-6.436413100308,31.032800988982,
    50.260384643554));
#9293 = LINE('',#9294,#9295);
#9294 = CARTESIAN_POINT('',(-6.53635218301,31.032800988982,
    50.263874593224));
#9295 = VECTOR('',#9296,1.);
#9296 = DIRECTION('',(0.999390827019,-1.512516403999E-13,
    -3.48994967025E-02));
#9297 = ORIENTED_EDGE('',*,*,#9298,.T.);
#9298 = EDGE_CURVE('',#9291,#6582,#9299,.T.);
#9299 = B_SPLINE_CURVE_WITH_KNOTS('',3,(#9300,#9301,#9302,#9303,#9304,
    #9305,#9306,#9307,#9308,#9309),.UNSPECIFIED.,.F.,.F.,(4,2,2,2,4),(
    -5.403627329093E-02,-5.373293314988E-02,-2.933091258597E-02,
    -1.246852545471E-02,0.),.UNSPECIFIED.);
#9300 = CARTESIAN_POINT('',(-6.436413100308,31.032800988982,
    50.260384643554));
#9301 = CARTESIAN_POINT('',(-6.435615645263,31.033300453304,
    50.260017719565));
#9302 = CARTESIAN_POINT('',(-6.434818223655,31.0337991544,
    50.259649663014));
#9303 = CARTESIAN_POINT('',(-6.369877043249,31.074353098237,
    50.229581536319));
#9304 = CARTESIAN_POINT('',(-6.302402728777,31.111849086118,
    50.190799279222));
#9305 = CARTESIAN_POINT('',(-6.202887719546,31.163014523914,
    50.109724280206));
#9306 = CARTESIAN_POINT('',(-6.164527883508,31.18142771304,
    50.070782761972));
#9307 = CARTESIAN_POINT('',(-6.109757798258,31.202674691881,
    49.992303302996));
#9308 = CARTESIAN_POINT('',(-6.090380837697,31.208224258909,
    49.955787322542));
#9309 = CARTESIAN_POINT('',(-6.076510540947,31.208224258909,
    49.916608322336));
#9310 = CYLINDRICAL_SURFACE('',#9311,0.4);
#9311 = AXIS2_PLACEMENT_3D('',#9312,#9313,#9314);
#9312 = CARTESIAN_POINT('',(-6.547904142699,30.808224258909,
    49.933069749642));
#9313 = DIRECTION('',(0.999390827019,-1.512516403999E-13,
    -3.48994967025E-02));
#9314 = DIRECTION('',(1.634247282404E-02,0.883584128757,0.467987191055)
  );
#9315 = ADVANCED_FACE('',(#9316),#9350,.T.);
#9316 = FACE_BOUND('',#9317,.T.);
#9317 = EDGE_LOOP('',(#9318,#9325,#9326,#9327,#9336,#9349));
#9318 = ORIENTED_EDGE('',*,*,#9319,.T.);
#9319 = EDGE_CURVE('',#6665,#6590,#9320,.T.);
#9320 = CIRCLE('',#9321,0.9);
#9321 = AXIS2_PLACEMENT_3D('',#9322,#9323,#9324);
#9322 = CARTESIAN_POINT('',(-6.022216819888,31.313521901572,
    50.65993089935));
#9323 = DIRECTION('',(0.999390827019,-1.514580512514E-13,
    -3.48994967025E-02));
#9324 = DIRECTION('',(-1.66337896367E-13,-1.,-4.234593034223E-13));
#9325 = ORIENTED_EDGE('',*,*,#6589,.T.);
#9326 = ORIENTED_EDGE('',*,*,#9298,.F.);
#9327 = ORIENTED_EDGE('',*,*,#9328,.T.);
#9328 = EDGE_CURVE('',#9291,#9329,#9331,.T.);
#9329 = VERTEX_POINT('',#9330);
#9330 = CARTESIAN_POINT('',(-6.407533201084,31.032800988982,
    51.087396752508));
#9331 = CIRCLE('',#9332,0.5);
#9332 = AXIS2_PLACEMENT_3D('',#9333,#9334,#9335);
#9333 = CARTESIAN_POINT('',(-6.421973150696,31.313521901573,
    50.673890698031));
#9334 = DIRECTION('',(-0.999390827019,1.514580512514E-13,
    3.48994967025E-02));
#9335 = DIRECTION('',(-1.66337896367E-13,-1.,-4.234593034223E-13));
#9336 = ORIENTED_EDGE('',*,*,#9337,.T.);
#9337 = EDGE_CURVE('',#9329,#6673,#9338,.T.);
#9338 = B_SPLINE_CURVE_WITH_KNOTS('',3,(#9339,#9340,#9341,#9342,#9343,
    #9344,#9345,#9346,#9347,#9348),.UNSPECIFIED.,.F.,.F.,(4,2,2,2,4),(
    -3.029899558347E-04,0.,2.437385012651E-02,4.121677080337E-02,
    5.36709022117E-02),.UNSPECIFIED.);
#9339 = CARTESIAN_POINT('',(-6.407533201084,31.032800988982,
    51.087396752508));
#9340 = CARTESIAN_POINT('',(-6.406712093277,31.033300453304,
    51.087707155037));
#9341 = CARTESIAN_POINT('',(-6.40589093982,31.033799154401,
    51.088018689701));
#9342 = CARTESIAN_POINT('',(-6.339010506375,31.074353098237,
    51.113483504205));
#9343 = CARTESIAN_POINT('',(-6.268995242443,31.111849086118,
    51.147464519427));
#9344 = CARTESIAN_POINT('',(-6.164067140733,31.163014523914,
    51.221400207691));
#9345 = CARTESIAN_POINT('',(-6.123084324334,31.18142771304,
    51.257571019449));
#9346 = CARTESIAN_POINT('',(-6.062973205938,31.202674691881,
    51.332038738394));
#9347 = CARTESIAN_POINT('',(-6.041096220647,31.208224258909,
    51.367114099314));
#9348 = CARTESIAN_POINT('',(-6.024526722345,31.208224258909,
    51.405230118454));
#9349 = ORIENTED_EDGE('',*,*,#6672,.T.);
#9350 = TOROIDAL_SURFACE('',#9351,0.9,0.4);
#9351 = AXIS2_PLACEMENT_3D('',#9352,#9353,#9354);
#9352 = CARTESIAN_POINT('',(-6.421973150696,31.313521901573,
    50.673890698031));
#9353 = DIRECTION('',(-0.999390827019,1.512516403999E-13,
    3.48994967025E-02));
#9354 = DIRECTION('',(-1.529887327934E-13,-1.,-4.118927421363E-14));
#9355 = ADVANCED_FACE('',(#9356),#9409,.T.);
#9356 = FACE_BOUND('',#9357,.T.);
#9357 = EDGE_LOOP('',(#9358,#9359,#9360,#9366,#9367,#9376,#9384,#9392,
    #9401,#9408));
#9358 = ORIENTED_EDGE('',*,*,#9319,.F.);
#9359 = ORIENTED_EDGE('',*,*,#6664,.T.);
#9360 = ORIENTED_EDGE('',*,*,#9361,.F.);
#9361 = EDGE_CURVE('',#8056,#6657,#9362,.T.);
#9362 = LINE('',#9363,#9364);
#9363 = CARTESIAN_POINT('',(-5.95205438365,20.685089894428,
    52.669120194458));
#9364 = VECTOR('',#9365,1.);
#9365 = DIRECTION('',(1.529887327934E-13,1.,4.123927421363E-14));
#9366 = ORIENTED_EDGE('',*,*,#8064,.F.);
#9367 = ORIENTED_EDGE('',*,*,#9368,.F.);
#9368 = EDGE_CURVE('',#9369,#8065,#9371,.T.);
#9369 = VERTEX_POINT('',#9370);
#9370 = CARTESIAN_POINT('',(-6.014557511489,25.433040650334,
    50.879264794668));
#9371 = B_SPLINE_CURVE_WITH_KNOTS('',3,(#9372,#9373,#9374,#9375),
  .UNSPECIFIED.,.F.,.F.,(4,4),(6.32545639039E-02,6.479659872582E-02),
  .PIECEWISE_BEZIER_KNOTS.);
#9372 = CARTESIAN_POINT('',(-6.014559572356,25.433056127113,
    50.879267499268));
#9373 = CARTESIAN_POINT('',(-6.014379116294,25.433046305298,
    50.8843965446));
#9374 = CARTESIAN_POINT('',(-6.014199104858,25.433140443428,
    50.889528217738));
#9375 = CARTESIAN_POINT('',(-6.014019902398,25.433340249338,
    50.89465990476));
#9376 = ORIENTED_EDGE('',*,*,#9377,.F.);
#9377 = EDGE_CURVE('',#9378,#9369,#9380,.T.);
#9378 = VERTEX_POINT('',#9379);
#9379 = CARTESIAN_POINT('',(-6.014557511489,27.166967466924,
    50.879264794668));
#9380 = LINE('',#9381,#9382);
#9381 = CARTESIAN_POINT('',(-6.01455751149,23.325966342292,
    50.879264794668));
#9382 = VECTOR('',#9383,1.);
#9383 = DIRECTION('',(-1.509487327934E-13,-1.,1.723072578637E-14));
#9384 = ORIENTED_EDGE('',*,*,#9385,.F.);
#9385 = EDGE_CURVE('',#9386,#9378,#9388,.T.);
#9386 = VERTEX_POINT('',#9387);
#9387 = CARTESIAN_POINT('',(-6.09472233685,27.166967466924,
    48.583644551256));
#9388 = LINE('',#9389,#9390);
#9389 = CARTESIAN_POINT('',(-6.341461433033,27.166967466924,
    41.517961298162));
#9390 = VECTOR('',#9391,1.);
#9391 = DIRECTION('',(3.48994967025E-02,1.24081553314E-14,0.999390827019
    ));
#9392 = ORIENTED_EDGE('',*,*,#9393,.F.);
#9393 = EDGE_CURVE('',#9394,#9386,#9396,.T.);
#9394 = VERTEX_POINT('',#9395);
#9395 = CARTESIAN_POINT('',(-6.177298670636,31.171749132687,
    46.218967741754));
#9396 = ELLIPSE('',#9397,18.811459432818,18.800000000001);
#9397 = AXIS2_PLACEMENT_3D('',#9398,#9399,#9400);
#9398 = CARTESIAN_POINT('',(-6.696986875443,19.6840006149,
    31.337044680802));
#9399 = DIRECTION('',(0.999390827019,-1.514580512514E-13,
    -3.48994967025E-02));
#9400 = DIRECTION('',(3.48994967025E-02,-3.68418446686E-14,
    0.999390827019));
#9401 = ORIENTED_EDGE('',*,*,#9402,.T.);
#9402 = EDGE_CURVE('',#9394,#6599,#9403,.T.);
#9403 = ELLIPSE('',#9404,0.40024381772,0.4);
#9404 = AXIS2_PLACEMENT_3D('',#9405,#9406,#9407);
#9405 = CARTESIAN_POINT('',(-6.171471016063,30.808224258909,
    46.385849934167));
#9406 = DIRECTION('',(0.999390827019,-1.514580512514E-13,
    -3.48994967025E-02));
#9407 = DIRECTION('',(-3.48994967025E-02,4.99518446686E-14,
    -0.999390827019));
#9408 = ORIENTED_EDGE('',*,*,#6598,.T.);
#9409 = PLANE('',#9410);
#9410 = AXIS2_PLACEMENT_3D('',#9411,#9412,#9413);
#9411 = CARTESIAN_POINT('',(-6.611754973666,20.685089894429,
    33.777767007877));
#9412 = DIRECTION('',(0.999390827019,-1.512516403999E-13,
    -3.48994967025E-02));
#9413 = DIRECTION('',(3.48994967025E-02,-4.59718446686E-14,
    0.999390827019));
#9414 = ADVANCED_FACE('',(#9415),#9461,.T.);
#9415 = FACE_BOUND('',#9416,.T.);
#9416 = EDGE_LOOP('',(#9417,#9437,#9443,#9444,#9445,#9446));
#9417 = ORIENTED_EDGE('',*,*,#9418,.F.);
#9418 = EDGE_CURVE('',#9419,#9421,#9423,.T.);
#9419 = VERTEX_POINT('',#9420);
#9420 = CARTESIAN_POINT('',(-6.668968801577,30.570272951016,
    46.064323613204));
#9421 = VERTEX_POINT('',#9422);
#9422 = CARTESIAN_POINT('',(-6.507969901669,30.702757281596,
    46.000004477156));
#9423 = B_SPLINE_CURVE_WITH_KNOTS('',3,(#9424,#9425,#9426,#9427,#9428,
    #9429,#9430,#9431,#9432,#9433,#9434,#9435,#9436),.UNSPECIFIED.,.F.,
  .F.,(4,3,3,3,4),(-4.165433734936E-04,0.,1.070244663695E-02,
    2.06362608164E-02,2.14048932739E-02),.UNSPECIFIED.);
#9424 = CARTESIAN_POINT('',(-6.668969329326,30.57026384259,
    46.064308902391));
#9425 = CARTESIAN_POINT('',(-6.667938120494,30.571011352175,
    46.063755789432));
#9426 = CARTESIAN_POINT('',(-6.666906943617,30.571760894297,
    46.06320542207));
#9427 = CARTESIAN_POINT('',(-6.665875813246,30.572512450661,
    46.062657803819));
#9428 = CARTESIAN_POINT('',(-6.639382188174,30.591822765946,
    46.048587427226));
#9429 = CARTESIAN_POINT('',(-6.612817072072,30.612543434495,
    46.0362672881));
#9430 = CARTESIAN_POINT('',(-6.586426935783,30.634391224467,
    46.025837283295));
#9431 = CARTESIAN_POINT('',(-6.561932096522,30.654669941397,
    46.016156344614));
#9432 = CARTESIAN_POINT('',(-6.537587177047,30.675920305941,
    46.008104498008));
#9433 = CARTESIAN_POINT('',(-6.513619397595,30.697937305064,
    46.00182719523));
#9434 = CARTESIAN_POINT('',(-6.511764882009,30.699640878318,
    46.001341486662));
#9435 = CARTESIAN_POINT('',(-6.509912643842,30.701349050241,
    46.00086641712));
#9436 = CARTESIAN_POINT('',(-6.508062798709,30.703061730181,
    46.000402061378));
#9437 = ORIENTED_EDGE('',*,*,#9438,.T.);
#9438 = EDGE_CURVE('',#9419,#8135,#9439,.T.);
#9439 = LINE('',#9440,#9441);
#9440 = CARTESIAN_POINT('',(-12.90797034515,30.570272951017,
    46.064323613205));
#9441 = VECTOR('',#9442,1.);
#9442 = DIRECTION('',(-1.,1.527666881884E-13,5.143252548722E-15));
#9443 = ORIENTED_EDGE('',*,*,#8143,.F.);
#9444 = ORIENTED_EDGE('',*,*,#6606,.T.);
#9445 = ORIENTED_EDGE('',*,*,#9402,.F.);
#9446 = ORIENTED_EDGE('',*,*,#9447,.F.);
#9447 = EDGE_CURVE('',#9421,#9394,#9448,.T.);
#9448 = B_SPLINE_CURVE_WITH_KNOTS('',3,(#9449,#9450,#9451,#9452,#9453,
    #9454,#9455,#9456,#9457,#9458,#9459,#9460),.UNSPECIFIED.,.F.,.F.,(4,
    2,2,2,2,4),(2.140489327374E-02,2.369316997011E-02,4.597144898457E-02
    ,6.305303630209E-02,7.649704372219E-02,8.898430402951E-02),
  .UNSPECIFIED.);
#9449 = CARTESIAN_POINT('',(-6.50796990167,30.702757281595,
    46.000004477156));
#9450 = CARTESIAN_POINT('',(-6.502463023732,30.707849192025,
    45.998612654622));
#9451 = CARTESIAN_POINT('',(-6.496977700464,30.712982535549,
    45.997317825836));
#9452 = CARTESIAN_POINT('',(-6.438349424968,30.768514932732,
    45.984483851815));
#9453 = CARTESIAN_POINT('',(-6.386511145754,30.823576780913,
    45.982029783174));
#9454 = CARTESIAN_POINT('',(-6.304617376059,30.923511249087,
    46.000294873498));
#9455 = CARTESIAN_POINT('',(-6.272045020574,30.96811945397,
    46.015837750508));
#9456 = CARTESIAN_POINT('',(-6.224388799602,31.044760222771,
    46.060912768993));
#9457 = CARTESIAN_POINT('',(-6.207378440012,31.076953263296,
    46.086496031843));
#9458 = CARTESIAN_POINT('',(-6.184635886875,31.132118976979,
    46.14779674535));
#9459 = CARTESIAN_POINT('',(-6.17860455652,31.15458201886,46.18157206282
    ));
#9460 = CARTESIAN_POINT('',(-6.177298670636,31.171749132687,
    46.218967741754));
#9461 = CYLINDRICAL_SURFACE('',#9462,0.4);
#9462 = AXIS2_PLACEMENT_3D('',#9463,#9464,#9465);
#9463 = CARTESIAN_POINT('',(-12.90797034515,30.80822425891,
    46.385849934168));
#9464 = DIRECTION('',(-1.,1.527666881884E-13,5.143252548722E-15));
#9465 = DIRECTION('',(6.366752535654E-14,0.450067622845,-0.892994476392)
  );
#9466 = ADVANCED_FACE('',(#9467),#9486,.T.);
#9467 = FACE_BOUND('',#9468,.T.);
#9468 = EDGE_LOOP('',(#9469,#9470,#9478,#9485));
#9469 = ORIENTED_EDGE('',*,*,#8118,.F.);
#9470 = ORIENTED_EDGE('',*,*,#9471,.T.);
#9471 = EDGE_CURVE('',#8111,#9472,#9474,.T.);
#9472 = VERTEX_POINT('',#9473);
#9473 = CARTESIAN_POINT('',(-5.408970345158,30.208224258908,
    57.30232180993));
#9474 = LINE('',#9475,#9476);
#9475 = CARTESIAN_POINT('',(-14.77396980544,30.20822425891,
    57.302321809931));
#9476 = VECTOR('',#9477,1.);
#9477 = DIRECTION('',(1.,-1.527666881884E-13,-6.093252548722E-15));
#9478 = ORIENTED_EDGE('',*,*,#9479,.T.);
#9479 = EDGE_CURVE('',#9472,#6641,#9480,.T.);
#9480 = CIRCLE('',#9481,1.);
#9481 = AXIS2_PLACEMENT_3D('',#9482,#9483,#9484);
#9482 = CARTESIAN_POINT('',(-5.408970345158,30.208224258909,
    56.302321809931));
#9483 = DIRECTION('',(-1.,1.529887327934E-13,1.189386363519E-15));
#9484 = DIRECTION('',(1.090203935664E-13,0.707106781187,0.707106781187)
  );
#9485 = ORIENTED_EDGE('',*,*,#6640,.T.);
#9486 = CYLINDRICAL_SURFACE('',#9487,1.);
#9487 = AXIS2_PLACEMENT_3D('',#9488,#9489,#9490);
#9488 = CARTESIAN_POINT('',(-14.77396980544,30.20822425891,
    56.302321809932));
#9489 = DIRECTION('',(-1.,1.527666881884E-13,7.173252548722E-15));
#9490 = DIRECTION('',(1.137226536613E-13,0.707106781187,0.707106781187)
  );
#9491 = ADVANCED_FACE('',(#9492),#9518,.F.);
#9492 = FACE_BOUND('',#9493,.T.);
#9493 = EDGE_LOOP('',(#9494,#9502,#9503,#9504,#9512));
#9494 = ORIENTED_EDGE('',*,*,#9495,.F.);
#9495 = EDGE_CURVE('',#6649,#9496,#9498,.T.);
#9496 = VERTEX_POINT('',#9497);
#9497 = CARTESIAN_POINT('',(-5.408970345159,25.512849746607,
    52.66912014698));
#9498 = LINE('',#9499,#9500);
#9499 = CARTESIAN_POINT('',(-5.40897034516,18.286157057511,
    52.66912014698));
#9500 = VECTOR('',#9501,1.);
#9501 = DIRECTION('',(-1.529887327934E-13,-1.,-4.123927421363E-14));
#9502 = ORIENTED_EDGE('',*,*,#6648,.T.);
#9503 = ORIENTED_EDGE('',*,*,#9479,.F.);
#9504 = ORIENTED_EDGE('',*,*,#9505,.T.);
#9505 = EDGE_CURVE('',#9472,#9506,#9508,.T.);
#9506 = VERTEX_POINT('',#9507);
#9507 = CARTESIAN_POINT('',(-5.408970345159,25.670501338233,
    57.302321809929));
#9508 = LINE('',#9509,#9510);
#9509 = CARTESIAN_POINT('',(-5.408970345159,25.527391306618,
    57.302321809929));
#9510 = VECTOR('',#9511,1.);
#9511 = DIRECTION('',(-1.529887327934E-13,-1.,-4.118927421363E-14));
#9512 = ORIENTED_EDGE('',*,*,#9513,.T.);
#9513 = EDGE_CURVE('',#9506,#9496,#9514,.T.);
#9514 = LINE('',#9515,#9516);
#9515 = CARTESIAN_POINT('',(-5.408970345159,25.638429178176,
    56.359757362713));
#9516 = VECTOR('',#9517,1.);
#9517 = DIRECTION('',(-6.3851740258E-15,-3.400680945787E-02,
    -0.999421601183));
#9518 = PLANE('',#9519);
#9519 = AXIS2_PLACEMENT_3D('',#9520,#9521,#9522);
#9520 = CARTESIAN_POINT('',(-5.40897034516,15.887224220594,
    52.051738778581));
#9521 = DIRECTION('',(-1.,1.527666881884E-13,5.232525487225E-16));
#9522 = DIRECTION('',(-1.529887327934E-13,-1.,-4.118927421363E-14));
#9523 = ADVANCED_FACE('',(#9524),#9536,.F.);
#9524 = FACE_BOUND('',#9525,.T.);
#9525 = EDGE_LOOP('',(#9526,#9527,#9528,#9529,#9535));
#9526 = ORIENTED_EDGE('',*,*,#9361,.T.);
#9527 = ORIENTED_EDGE('',*,*,#6656,.F.);
#9528 = ORIENTED_EDGE('',*,*,#9495,.T.);
#9529 = ORIENTED_EDGE('',*,*,#9530,.F.);
#9530 = EDGE_CURVE('',#8048,#9496,#9531,.T.);
#9531 = LINE('',#9532,#9533);
#9532 = CARTESIAN_POINT('',(-7.630108017734,25.530290719267,
    52.669120341158));
#9533 = VECTOR('',#9534,1.);
#9534 = DIRECTION('',(0.999969172354,-7.852027909292E-03,
    -8.742004647633E-08));
#9535 = ORIENTED_EDGE('',*,*,#8055,.F.);
#9536 = PLANE('',#9537);
#9537 = AXIS2_PLACEMENT_3D('',#9538,#9539,#9540);
#9538 = CARTESIAN_POINT('',(-9.165145544258,20.685089894428,
    52.669120475355));
#9539 = DIRECTION('',(8.742274184939E-08,-4.0795198359E-14,1.));
#9540 = DIRECTION('',(-1.506187327934E-13,-1.,-4.123927442082E-14));
#9541 = ADVANCED_FACE('',(#9542),#9553,.T.);
#9542 = FACE_BOUND('',#9543,.T.);
#9543 = EDGE_LOOP('',(#9544,#9550,#9551,#9552));
#9544 = ORIENTED_EDGE('',*,*,#9545,.T.);
#9545 = EDGE_CURVE('',#9329,#9256,#9546,.T.);
#9546 = LINE('',#9547,#9548);
#9547 = CARTESIAN_POINT('',(-6.507472283786,31.032800988982,
    51.090886702179));
#9548 = VECTOR('',#9549,1.);
#9549 = DIRECTION('',(-0.999390827019,1.512516403999E-13,
    3.48994967025E-02));
#9550 = ORIENTED_EDGE('',*,*,#9255,.F.);
#9551 = ORIENTED_EDGE('',*,*,#6681,.T.);
#9552 = ORIENTED_EDGE('',*,*,#9337,.F.);
#9553 = CYLINDRICAL_SURFACE('',#9554,0.4);
#9554 = AXIS2_PLACEMENT_3D('',#9555,#9556,#9557);
#9555 = CARTESIAN_POINT('',(-6.495920324097,30.808224258909,
    51.42169154576));
#9556 = DIRECTION('',(-0.999390827019,1.512516403999E-13,
    3.48994967025E-02));
#9557 = DIRECTION('',(-1.634247282377E-02,0.883584128757,-0.467987191055
    ));
#9558 = ADVANCED_FACE('',(#9559),#9615,.F.);
#9559 = FACE_BOUND('',#9560,.T.);
#9560 = EDGE_LOOP('',(#9561,#9571,#9577,#9578,#9584,#9585,#9593,#9601,
    #9609));
#9561 = ORIENTED_EDGE('',*,*,#9562,.F.);
#9562 = EDGE_CURVE('',#9563,#9565,#9567,.T.);
#9563 = VERTEX_POINT('',#9564);
#9564 = CARTESIAN_POINT('',(-8.707972525933,43.684607582427,
    31.453492530702));
#9565 = VERTEX_POINT('',#9566);
#9566 = CARTESIAN_POINT('',(-8.507971109785,43.684607582427,
    31.453492530702));
#9567 = LINE('',#9568,#9569);
#9568 = CARTESIAN_POINT('',(-8.907971109785,43.684607582427,
    31.453492530702));
#9569 = VECTOR('',#9570,1.);
#9570 = DIRECTION('',(1.,-1.522766881884E-13,6.467474512775E-16));
#9571 = ORIENTED_EDGE('',*,*,#9572,.T.);
#9572 = EDGE_CURVE('',#9563,#6777,#9573,.T.);
#9573 = LINE('',#9574,#9575);
#9574 = CARTESIAN_POINT('',(-8.707971109785,43.684607582427,
    32.371827548627));
#9575 = VECTOR('',#9576,1.);
#9576 = DIRECTION('',(3.919386363513E-15,-4.086518500372E-14,1.));
#9577 = ORIENTED_EDGE('',*,*,#6776,.T.);
#9578 = ORIENTED_EDGE('',*,*,#9579,.F.);
#9579 = EDGE_CURVE('',#6787,#6779,#9580,.T.);
#9580 = LINE('',#9581,#9582);
#9581 = CARTESIAN_POINT('',(-8.907969580524,43.684607582427,
    32.589805015122));
#9582 = VECTOR('',#9583,1.);
#9583 = DIRECTION('',(3.929386363513E-15,-4.086518500372E-14,1.));
#9584 = ORIENTED_EDGE('',*,*,#6795,.T.);
#9585 = ORIENTED_EDGE('',*,*,#9586,.T.);
#9586 = EDGE_CURVE('',#6796,#9587,#9589,.T.);
#9587 = VERTEX_POINT('',#9588);
#9588 = CARTESIAN_POINT('',(-8.707972525933,43.684607582427,
    30.045166418634));
#9589 = LINE('',#9590,#9591);
#9590 = CARTESIAN_POINT('',(-8.707971109785,43.684607582427,
    32.371827548627));
#9591 = VECTOR('',#9592,1.);
#9592 = DIRECTION('',(3.919386363513E-15,-4.086518500372E-14,1.));
#9593 = ORIENTED_EDGE('',*,*,#9594,.T.);
#9594 = EDGE_CURVE('',#9587,#9595,#9597,.T.);
#9595 = VERTEX_POINT('',#9596);
#9596 = CARTESIAN_POINT('',(-8.507971109785,43.684607582427,
    30.045166418633));
#9597 = LINE('',#9598,#9599);
#9598 = CARTESIAN_POINT('',(-8.907971109785,43.684607582427,
    30.045166418633));
#9599 = VECTOR('',#9600,1.);
#9600 = DIRECTION('',(1.,-1.522766881884E-13,5.667474512775E-16));
#9601 = ORIENTED_EDGE('',*,*,#9602,.T.);
#9602 = EDGE_CURVE('',#9595,#9603,#9605,.T.);
#9603 = VERTEX_POINT('',#9604);
#9604 = CARTESIAN_POINT('',(-8.507971109785,43.684607582427,
    30.749329474667));
#9605 = LINE('',#9606,#9607);
#9606 = CARTESIAN_POINT('',(-8.507971109785,43.684607582427,
    32.371827548626));
#9607 = VECTOR('',#9608,1.);
#9608 = DIRECTION('',(2.749386363513E-15,-4.086518500372E-14,1.));
#9609 = ORIENTED_EDGE('',*,*,#9610,.T.);
#9610 = EDGE_CURVE('',#9603,#9565,#9611,.T.);
#9611 = LINE('',#9612,#9613);
#9612 = CARTESIAN_POINT('',(-8.507971109785,43.684607582427,
    32.371827548626));
#9613 = VECTOR('',#9614,1.);
#9614 = DIRECTION('',(2.749386363513E-15,-4.086518500372E-14,1.));
#9615 = PLANE('',#9616);
#9616 = AXIS2_PLACEMENT_3D('',#9617,#9618,#9619);
#9617 = CARTESIAN_POINT('',(-8.907971109785,43.684607582427,
    29.126831400709));
#9618 = DIRECTION('',(1.524987327934E-13,1.,4.130927421363E-14));
#9619 = DIRECTION('',(3.919386363513E-15,-4.086518500372E-14,1.));
#9620 = ADVANCED_FACE('',(#9621),#9625,.F.);
#9621 = FACE_BOUND('',#9622,.T.);
#9622 = EDGE_LOOP('',(#9623,#9624));
#9623 = ORIENTED_EDGE('',*,*,#6786,.T.);
#9624 = ORIENTED_EDGE('',*,*,#9579,.T.);
#9625 = PLANE('',#9626);
#9626 = AXIS2_PLACEMENT_3D('',#9627,#9628,#9629);
#9627 = CARTESIAN_POINT('',(-8.90797024271,20.885415477447,
    33.866933428816));
#9628 = DIRECTION('',(1.,-1.523466881884E-13,-5.423252548722E-15));
#9629 = DIRECTION('',(6.089386363513E-15,-4.074518500372E-14,1.));
#9630 = ADVANCED_FACE('',(#9631),#9649,.T.);
#9631 = FACE_BOUND('',#9632,.T.);
#9632 = EDGE_LOOP('',(#9633,#9634,#9642,#9648));
#9633 = ORIENTED_EDGE('',*,*,#6803,.T.);
#9634 = ORIENTED_EDGE('',*,*,#9635,.F.);
#9635 = EDGE_CURVE('',#9636,#6804,#9638,.T.);
#9636 = VERTEX_POINT('',#9637);
#9637 = CARTESIAN_POINT('',(-8.707972525933,42.688770638462,
    29.049329474668));
#9638 = LINE('',#9639,#9640);
#9639 = CARTESIAN_POINT('',(-8.707971109786,40.362109508469,
    29.049329474668));
#9640 = VECTOR('',#9641,1.);
#9641 = DIRECTION('',(1.530187327934E-13,1.,4.130927421363E-14));
#9642 = ORIENTED_EDGE('',*,*,#9643,.T.);
#9643 = EDGE_CURVE('',#9636,#9587,#9644,.T.);
#9644 = LINE('',#9645,#9646);
#9645 = CARTESIAN_POINT('',(-8.707972525933,43.186689105776,
    29.547247941983));
#9646 = VECTOR('',#9647,1.);
#9647 = DIRECTION('',(1.109693650573E-13,0.707106781187,0.707106781187)
  );
#9648 = ORIENTED_EDGE('',*,*,#9586,.F.);
#9649 = PLANE('',#9650);
#9650 = AXIS2_PLACEMENT_3D('',#9651,#9652,#9653);
#9651 = CARTESIAN_POINT('',(-8.707972525933,41.766915203812,
    31.118037286478));
#9652 = DIRECTION('',(-1.,1.527966881884E-13,4.333252548722E-15));
#9653 = DIRECTION('',(1.530187327934E-13,1.,4.130927421363E-14));
#9654 = ADVANCED_FACE('',(#9655),#9704,.F.);
#9655 = FACE_BOUND('',#9656,.T.);
#9656 = EDGE_LOOP('',(#9657,#9665,#9666,#9667,#9673,#9674,#9682,#9690,
    #9698));
#9657 = ORIENTED_EDGE('',*,*,#9658,.F.);
#9658 = EDGE_CURVE('',#9636,#9659,#9661,.T.);
#9659 = VERTEX_POINT('',#9660);
#9660 = CARTESIAN_POINT('',(-8.507971109786,42.688770638462,
    29.049329474667));
#9661 = LINE('',#9662,#9663);
#9662 = CARTESIAN_POINT('',(-8.907971109786,42.688770638462,
    29.049329474667));
#9663 = VECTOR('',#9664,1.);
#9664 = DIRECTION('',(1.,-1.522766881884E-13,-4.332525487225E-16));
#9665 = ORIENTED_EDGE('',*,*,#9635,.T.);
#9666 = ORIENTED_EDGE('',*,*,#6812,.T.);
#9667 = ORIENTED_EDGE('',*,*,#9668,.F.);
#9668 = EDGE_CURVE('',#6821,#6813,#9669,.T.);
#9669 = LINE('',#9670,#9671);
#9670 = CARTESIAN_POINT('',(-8.907969580523,52.135858845448,
    29.049329474668));
#9671 = VECTOR('',#9672,1.);
#9672 = DIRECTION('',(1.529087327934E-13,1.,4.130927421363E-14));
#9673 = ORIENTED_EDGE('',*,*,#6829,.T.);
#9674 = ORIENTED_EDGE('',*,*,#9675,.T.);
#9675 = EDGE_CURVE('',#6830,#9676,#9678,.T.);
#9676 = VERTEX_POINT('',#9677);
#9677 = CARTESIAN_POINT('',(-8.707971109786,41.280444526393,
    29.049329474668));
#9678 = LINE('',#9679,#9680);
#9679 = CARTESIAN_POINT('',(-8.707971109786,40.362109508469,
    29.049329474668));
#9680 = VECTOR('',#9681,1.);
#9681 = DIRECTION('',(1.530187327934E-13,1.,4.130927421363E-14));
#9682 = ORIENTED_EDGE('',*,*,#9683,.T.);
#9683 = EDGE_CURVE('',#9676,#9684,#9686,.T.);
#9684 = VERTEX_POINT('',#9685);
#9685 = CARTESIAN_POINT('',(-8.507971109786,41.280444526393,
    29.049329474667));
#9686 = LINE('',#9687,#9688);
#9687 = CARTESIAN_POINT('',(-8.907971109786,41.280444526393,
    29.049329474668));
#9688 = VECTOR('',#9689,1.);
#9689 = DIRECTION('',(1.,-1.522766881884E-13,-5.132525487225E-16));
#9690 = ORIENTED_EDGE('',*,*,#9691,.T.);
#9691 = EDGE_CURVE('',#9684,#9692,#9694,.T.);
#9692 = VERTEX_POINT('',#9693);
#9693 = CARTESIAN_POINT('',(-8.507971109786,41.984607582427,
    29.049329474667));
#9694 = LINE('',#9695,#9696);
#9695 = CARTESIAN_POINT('',(-8.507971109786,40.362109508469,
    29.049329474667));
#9696 = VECTOR('',#9697,1.);
#9697 = DIRECTION('',(1.530187327934E-13,1.,4.130927421363E-14));
#9698 = ORIENTED_EDGE('',*,*,#9699,.T.);
#9699 = EDGE_CURVE('',#9692,#9659,#9700,.T.);
#9700 = LINE('',#9701,#9702);
#9701 = CARTESIAN_POINT('',(-8.507971109786,40.362109508469,
    29.049329474667));
#9702 = VECTOR('',#9703,1.);
#9703 = DIRECTION('',(1.530187327934E-13,1.,4.130927421363E-14));
#9704 = PLANE('',#9705);
#9705 = AXIS2_PLACEMENT_3D('',#9706,#9707,#9708);
#9706 = CARTESIAN_POINT('',(-8.907971109786,40.362109508469,
    29.049329474668));
#9707 = DIRECTION('',(-2.259386363513E-15,4.086518500372E-14,-1.));
#9708 = DIRECTION('',(1.530187327934E-13,1.,4.130927421363E-14));
#9709 = ADVANCED_FACE('',(#9710),#9714,.F.);
#9710 = FACE_BOUND('',#9711,.T.);
#9711 = EDGE_LOOP('',(#9712,#9713));
#9712 = ORIENTED_EDGE('',*,*,#6820,.T.);
#9713 = ORIENTED_EDGE('',*,*,#9668,.T.);
#9714 = PLANE('',#9715);
#9715 = AXIS2_PLACEMENT_3D('',#9716,#9717,#9718);
#9716 = CARTESIAN_POINT('',(-8.90797024271,20.885415477447,
    33.866933428816));
#9717 = DIRECTION('',(1.,-1.523466881884E-13,-6.503252548722E-15));
#9718 = DIRECTION('',(7.169386363513E-15,-4.074518500372E-14,1.));
#9719 = ADVANCED_FACE('',(#9720),#9738,.T.);
#9720 = FACE_BOUND('',#9721,.T.);
#9721 = EDGE_LOOP('',(#9722,#9730,#9731,#9732));
#9722 = ORIENTED_EDGE('',*,*,#9723,.T.);
#9723 = EDGE_CURVE('',#9724,#9676,#9726,.T.);
#9724 = VERTEX_POINT('',#9725);
#9725 = CARTESIAN_POINT('',(-8.707972525933,40.284607582427,
    30.045166418634));
#9726 = LINE('',#9727,#9728);
#9727 = CARTESIAN_POINT('',(-8.707972525933,40.533566818419,
    29.796207182642));
#9728 = VECTOR('',#9729,1.);
#9729 = DIRECTION('',(1.046693757493E-13,0.707106781187,-0.707106781187)
  );
#9730 = ORIENTED_EDGE('',*,*,#9675,.F.);
#9731 = ORIENTED_EDGE('',*,*,#6837,.T.);
#9732 = ORIENTED_EDGE('',*,*,#9733,.F.);
#9733 = EDGE_CURVE('',#9724,#6838,#9734,.T.);
#9734 = LINE('',#9735,#9736);
#9735 = CARTESIAN_POINT('',(-8.707971109786,40.284607582427,
    32.371827548627));
#9736 = VECTOR('',#9737,1.);
#9737 = DIRECTION('',(-4.999386363513E-15,4.086518500372E-14,-1.));
#9738 = PLANE('',#9739);
#9739 = AXIS2_PLACEMENT_3D('',#9740,#9741,#9742);
#9740 = CARTESIAN_POINT('',(-8.707972525933,41.766915203812,
    31.118037286478));
#9741 = DIRECTION('',(-1.,1.527966881884E-13,4.333252548722E-15));
#9742 = DIRECTION('',(1.530187327934E-13,1.,4.130927421363E-14));
#9743 = ADVANCED_FACE('',(#9744),#9793,.F.);
#9744 = FACE_BOUND('',#9745,.T.);
#9745 = EDGE_LOOP('',(#9746,#9754,#9755,#9756,#9762,#9763,#9771,#9779,
    #9787));
#9746 = ORIENTED_EDGE('',*,*,#9747,.F.);
#9747 = EDGE_CURVE('',#9724,#9748,#9750,.T.);
#9748 = VERTEX_POINT('',#9749);
#9749 = CARTESIAN_POINT('',(-8.507971109786,40.284607582427,
    30.045166418633));
#9750 = LINE('',#9751,#9752);
#9751 = CARTESIAN_POINT('',(-8.907971109786,40.284607582427,
    30.045166418633));
#9752 = VECTOR('',#9753,1.);
#9753 = DIRECTION('',(1.,-1.522766881884E-13,-4.332525487225E-16));
#9754 = ORIENTED_EDGE('',*,*,#9733,.T.);
#9755 = ORIENTED_EDGE('',*,*,#6846,.T.);
#9756 = ORIENTED_EDGE('',*,*,#9757,.F.);
#9757 = EDGE_CURVE('',#6872,#6847,#9758,.T.);
#9758 = LINE('',#9759,#9760);
#9759 = CARTESIAN_POINT('',(-8.907969580525,40.284607582427,
    34.212303089081));
#9760 = VECTOR('',#9761,1.);
#9761 = DIRECTION('',(-5.009386363513E-15,4.086518500372E-14,-1.));
#9762 = ORIENTED_EDGE('',*,*,#6880,.T.);
#9763 = ORIENTED_EDGE('',*,*,#9764,.T.);
#9764 = EDGE_CURVE('',#6881,#9765,#9767,.T.);
#9765 = VERTEX_POINT('',#9766);
#9766 = CARTESIAN_POINT('',(-8.707971109786,40.284607582427,
    31.453492530702));
#9767 = LINE('',#9768,#9769);
#9768 = CARTESIAN_POINT('',(-8.707971109786,40.284607582427,
    32.371827548627));
#9769 = VECTOR('',#9770,1.);
#9770 = DIRECTION('',(-4.999386363513E-15,4.086518500372E-14,-1.));
#9771 = ORIENTED_EDGE('',*,*,#9772,.T.);
#9772 = EDGE_CURVE('',#9765,#9773,#9775,.T.);
#9773 = VERTEX_POINT('',#9774);
#9774 = CARTESIAN_POINT('',(-8.507971109786,40.284607582427,
    31.453492530702));
#9775 = LINE('',#9776,#9777);
#9776 = CARTESIAN_POINT('',(-8.907971109786,40.284607582427,
    31.453492530702));
#9777 = VECTOR('',#9778,1.);
#9778 = DIRECTION('',(1.,-1.522766881884E-13,-1.513252548722E-15));
#9779 = ORIENTED_EDGE('',*,*,#9780,.T.);
#9780 = EDGE_CURVE('',#9773,#9781,#9783,.T.);
#9781 = VERTEX_POINT('',#9782);
#9782 = CARTESIAN_POINT('',(-8.507971109786,40.284607582427,
    30.749329474667));
#9783 = LINE('',#9784,#9785);
#9784 = CARTESIAN_POINT('',(-8.507971109786,40.284607582427,
    32.371827548626));
#9785 = VECTOR('',#9786,1.);
#9786 = DIRECTION('',(-3.829386363513E-15,4.086518500372E-14,-1.));
#9787 = ORIENTED_EDGE('',*,*,#9788,.T.);
#9788 = EDGE_CURVE('',#9781,#9748,#9789,.T.);
#9789 = LINE('',#9790,#9791);
#9790 = CARTESIAN_POINT('',(-8.507971109786,40.284607582427,
    32.371827548626));
#9791 = VECTOR('',#9792,1.);
#9792 = DIRECTION('',(-3.829386363513E-15,4.086518500372E-14,-1.));
#9793 = PLANE('',#9794);
#9794 = AXIS2_PLACEMENT_3D('',#9795,#9796,#9797);
#9795 = CARTESIAN_POINT('',(-8.907971109786,40.284607582427,
    32.371827548627));
#9796 = DIRECTION('',(-1.524987327934E-13,-1.,-4.130927421363E-14));
#9797 = DIRECTION('',(-4.999386363513E-15,4.086518500372E-14,-1.));
#9798 = ADVANCED_FACE('',(#9799),#9804,.F.);
#9799 = FACE_BOUND('',#9800,.T.);
#9800 = EDGE_LOOP('',(#9801,#9802,#9803));
#9801 = ORIENTED_EDGE('',*,*,#6854,.T.);
#9802 = ORIENTED_EDGE('',*,*,#6871,.T.);
#9803 = ORIENTED_EDGE('',*,*,#9757,.T.);
#9804 = PLANE('',#9805);
#9805 = AXIS2_PLACEMENT_3D('',#9806,#9807,#9808);
#9806 = CARTESIAN_POINT('',(-8.90797024271,20.885415477447,
    33.866933428816));
#9807 = DIRECTION('',(1.,-1.523466881884E-13,-6.503252548722E-15));
#9808 = DIRECTION('',(7.169386363513E-15,-4.074518500372E-14,1.));
#9809 = ADVANCED_FACE('',(#9810),#9828,.T.);
#9810 = FACE_BOUND('',#9811,.T.);
#9811 = EDGE_LOOP('',(#9812,#9820,#9821,#9822));
#9812 = ORIENTED_EDGE('',*,*,#9813,.T.);
#9813 = EDGE_CURVE('',#9814,#9765,#9816,.T.);
#9814 = VERTEX_POINT('',#9815);
#9815 = CARTESIAN_POINT('',(-8.707972525933,41.280444526393,
    32.449329474668));
#9816 = LINE('',#9817,#9818);
#9817 = CARTESIAN_POINT('',(-8.707972525933,41.031485290402,
    32.200370238677));
#9818 = VECTOR('',#9819,1.);
#9819 = DIRECTION('',(-1.117293650573E-13,-0.707106781187,
    -0.707106781187));
#9820 = ORIENTED_EDGE('',*,*,#9764,.F.);
#9821 = ORIENTED_EDGE('',*,*,#6888,.T.);
#9822 = ORIENTED_EDGE('',*,*,#9823,.F.);
#9823 = EDGE_CURVE('',#9814,#6889,#9824,.T.);
#9824 = LINE('',#9825,#9826);
#9825 = CARTESIAN_POINT('',(-8.707971109785,43.607105656386,
    32.449329474668));
#9826 = VECTOR('',#9827,1.);
#9827 = DIRECTION('',(-1.530187327934E-13,-1.,-4.130927421363E-14));
#9828 = PLANE('',#9829);
#9829 = AXIS2_PLACEMENT_3D('',#9830,#9831,#9832);
#9830 = CARTESIAN_POINT('',(-8.707972525933,41.766915203812,
    31.118037286478));
#9831 = DIRECTION('',(-1.,1.527966881884E-13,4.333252548722E-15));
#9832 = DIRECTION('',(1.530187327934E-13,1.,4.130927421363E-14));
#9833 = ADVANCED_FACE('',(#9834),#9883,.F.);
#9834 = FACE_BOUND('',#9835,.T.);
#9835 = EDGE_LOOP('',(#9836,#9842,#9843,#9851,#9859,#9867,#9875,#9881,
    #9882));
#9836 = ORIENTED_EDGE('',*,*,#9837,.F.);
#9837 = EDGE_CURVE('',#6906,#6898,#9838,.T.);
#9838 = LINE('',#9839,#9840);
#9839 = CARTESIAN_POINT('',(-8.907969580523,53.758356919407,
    32.449329474668));
#9840 = VECTOR('',#9841,1.);
#9841 = DIRECTION('',(-1.529087327934E-13,-1.,-4.130927421363E-14));
#9842 = ORIENTED_EDGE('',*,*,#6914,.T.);
#9843 = ORIENTED_EDGE('',*,*,#9844,.T.);
#9844 = EDGE_CURVE('',#6915,#9845,#9847,.T.);
#9845 = VERTEX_POINT('',#9846);
#9846 = CARTESIAN_POINT('',(-8.707971109786,42.688770638462,
    32.449329474668));
#9847 = LINE('',#9848,#9849);
#9848 = CARTESIAN_POINT('',(-8.707971109785,43.607105656386,
    32.449329474668));
#9849 = VECTOR('',#9850,1.);
#9850 = DIRECTION('',(-1.530187327934E-13,-1.,-4.130927421363E-14));
#9851 = ORIENTED_EDGE('',*,*,#9852,.T.);
#9852 = EDGE_CURVE('',#9845,#9853,#9855,.T.);
#9853 = VERTEX_POINT('',#9854);
#9854 = CARTESIAN_POINT('',(-8.507971109786,42.688770638461,
    32.449329474668));
#9855 = LINE('',#9856,#9857);
#9856 = CARTESIAN_POINT('',(-8.907971109786,42.688770638462,
    32.449329474668));
#9857 = VECTOR('',#9858,1.);
#9858 = DIRECTION('',(1.,-1.522766881884E-13,-1.593252548722E-15));
#9859 = ORIENTED_EDGE('',*,*,#9860,.T.);
#9860 = EDGE_CURVE('',#9853,#9861,#9863,.T.);
#9861 = VERTEX_POINT('',#9862);
#9862 = CARTESIAN_POINT('',(-8.507971109786,41.984607582427,
    32.449329474668));
#9863 = LINE('',#9864,#9865);
#9864 = CARTESIAN_POINT('',(-8.507971109785,43.607105656386,
    32.449329474668));
#9865 = VECTOR('',#9866,1.);
#9866 = DIRECTION('',(-1.530187327934E-13,-1.,-4.130927421363E-14));
#9867 = ORIENTED_EDGE('',*,*,#9868,.T.);
#9868 = EDGE_CURVE('',#9861,#9869,#9871,.T.);
#9869 = VERTEX_POINT('',#9870);
#9870 = CARTESIAN_POINT('',(-8.507971109786,41.280444526393,
    32.449329474668));
#9871 = LINE('',#9872,#9873);
#9872 = CARTESIAN_POINT('',(-8.507971109785,43.607105656386,
    32.449329474668));
#9873 = VECTOR('',#9874,1.);
#9874 = DIRECTION('',(-1.530187327934E-13,-1.,-4.130927421363E-14));
#9875 = ORIENTED_EDGE('',*,*,#9876,.F.);
#9876 = EDGE_CURVE('',#9814,#9869,#9877,.T.);
#9877 = LINE('',#9878,#9879);
#9878 = CARTESIAN_POINT('',(-8.907971109786,41.280444526393,
    32.449329474668));
#9879 = VECTOR('',#9880,1.);
#9880 = DIRECTION('',(1.,-1.522766881884E-13,-1.593252548722E-15));
#9881 = ORIENTED_EDGE('',*,*,#9823,.T.);
#9882 = ORIENTED_EDGE('',*,*,#6897,.T.);
#9883 = PLANE('',#9884);
#9884 = AXIS2_PLACEMENT_3D('',#9885,#9886,#9887);
#9885 = CARTESIAN_POINT('',(-8.907971109785,43.607105656386,
    32.449329474668));
#9886 = DIRECTION('',(2.259386363513E-15,-4.086518500372E-14,1.));
#9887 = DIRECTION('',(-1.530187327934E-13,-1.,-4.130927421363E-14));
#9888 = ADVANCED_FACE('',(#9889),#9893,.F.);
#9889 = FACE_BOUND('',#9890,.T.);
#9890 = EDGE_LOOP('',(#9891,#9892));
#9891 = ORIENTED_EDGE('',*,*,#6905,.T.);
#9892 = ORIENTED_EDGE('',*,*,#9837,.T.);
#9893 = PLANE('',#9894);
#9894 = AXIS2_PLACEMENT_3D('',#9895,#9896,#9897);
#9895 = CARTESIAN_POINT('',(-8.90797024271,20.885415477447,
    33.866933428816));
#9896 = DIRECTION('',(1.,-1.523466881884E-13,-6.503252548722E-15));
#9897 = DIRECTION('',(7.169386363513E-15,-4.074518500372E-14,1.));
#9898 = ADVANCED_FACE('',(#9899),#9910,.T.);
#9899 = FACE_BOUND('',#9900,.T.);
#9900 = EDGE_LOOP('',(#9901,#9907,#9908,#9909));
#9901 = ORIENTED_EDGE('',*,*,#9902,.T.);
#9902 = EDGE_CURVE('',#9563,#9845,#9903,.T.);
#9903 = LINE('',#9904,#9905);
#9904 = CARTESIAN_POINT('',(-8.707972525933,43.186689110444,
    31.951411002685));
#9905 = VECTOR('',#9906,1.);
#9906 = DIRECTION('',(-1.054293757493E-13,-0.707106781187,0.707106781187
    ));
#9907 = ORIENTED_EDGE('',*,*,#9844,.F.);
#9908 = ORIENTED_EDGE('',*,*,#6922,.T.);
#9909 = ORIENTED_EDGE('',*,*,#9572,.F.);
#9910 = PLANE('',#9911);
#9911 = AXIS2_PLACEMENT_3D('',#9912,#9913,#9914);
#9912 = CARTESIAN_POINT('',(-8.707972525933,41.766915203812,
    31.118037286478));
#9913 = DIRECTION('',(-1.,1.527966881884E-13,4.333252548722E-15));
#9914 = DIRECTION('',(1.530187327934E-13,1.,4.130927421363E-14));
#9915 = ADVANCED_FACE('',(#9916,#9922),#9928,.F.);
#9916 = FACE_BOUND('',#9917,.T.);
#9917 = EDGE_LOOP('',(#9918,#9919,#9920,#9921));
#9918 = ORIENTED_EDGE('',*,*,#8555,.T.);
#9919 = ORIENTED_EDGE('',*,*,#8475,.T.);
#9920 = ORIENTED_EDGE('',*,*,#8452,.T.);
#9921 = ORIENTED_EDGE('',*,*,#8590,.T.);
#9922 = FACE_BOUND('',#9923,.T.);
#9923 = EDGE_LOOP('',(#9924,#9925,#9926,#9927));
#9924 = ORIENTED_EDGE('',*,*,#7020,.F.);
#9925 = ORIENTED_EDGE('',*,*,#6969,.F.);
#9926 = ORIENTED_EDGE('',*,*,#6954,.F.);
#9927 = ORIENTED_EDGE('',*,*,#6993,.F.);
#9928 = PLANE('',#9929);
#9929 = AXIS2_PLACEMENT_3D('',#9930,#9931,#9932);
#9930 = CARTESIAN_POINT('',(-10.90796958052,41.794119824863,
    21.868037286479));
#9931 = DIRECTION('',(-1.,1.526866881884E-13,9.793252548722E-15));
#9932 = DIRECTION('',(1.529087327934E-13,1.,4.118927421363E-14));
#9933 = ADVANCED_FACE('',(#9934),#9937,.F.);
#9934 = FACE_BOUND('',#9935,.T.);
#9935 = EDGE_LOOP('',(#9936));
#9936 = ORIENTED_EDGE('',*,*,#7173,.F.);
#9937 = PLANE('',#9938);
#9938 = AXIS2_PLACEMENT_3D('',#9939,#9940,#9941);
#9939 = CARTESIAN_POINT('',(-8.907970345159,19.837224220594,
    55.711262277238));
#9940 = DIRECTION('',(1.,-1.525966881884E-13,-5.533252548722E-15));
#9941 = DIRECTION('',(-1.528187327934E-13,-1.,-4.118927421363E-14));
#9942 = ADVANCED_FACE('',(#9943),#9953,.F.);
#9943 = FACE_BOUND('',#9944,.F.);
#9944 = EDGE_LOOP('',(#9945,#9951,#9952));
#9945 = ORIENTED_EDGE('',*,*,#9946,.F.);
#9946 = EDGE_CURVE('',#7403,#7384,#9947,.T.);
#9947 = LINE('',#9948,#9949);
#9948 = CARTESIAN_POINT('',(-8.907969580531,-0.165393617572,
    32.589805015122));
#9949 = VECTOR('',#9950,1.);
#9950 = DIRECTION('',(1.339386363513E-15,-4.062518500372E-14,1.));
#9951 = ORIENTED_EDGE('',*,*,#7402,.F.);
#9952 = ORIENTED_EDGE('',*,*,#7383,.F.);
#9953 = PLANE('',#9954);
#9954 = AXIS2_PLACEMENT_3D('',#9955,#9956,#9957);
#9955 = CARTESIAN_POINT('',(-8.907969580535,-24.00808659618,
    36.421486441345));
#9956 = DIRECTION('',(1.,-1.520866881884E-13,-6.732525487225E-16));
#9957 = DIRECTION('',(-1.523087327934E-13,-1.,-4.100927421363E-14));
#9958 = ADVANCED_FACE('',(#9959),#9985,.F.);
#9959 = FACE_BOUND('',#9960,.F.);
#9960 = EDGE_LOOP('',(#9961,#9969,#9978,#9984));
#9961 = ORIENTED_EDGE('',*,*,#9962,.T.);
#9962 = EDGE_CURVE('',#7403,#9963,#9965,.T.);
#9963 = VERTEX_POINT('',#9964);
#9964 = CARTESIAN_POINT('',(-8.707967399753,-0.165393617572,
    29.126831400708));
#9965 = LINE('',#9966,#9967);
#9966 = CARTESIAN_POINT('',(-8.307968815901,-0.165393617572,
    29.126831400708));
#9967 = VECTOR('',#9968,1.);
#9968 = DIRECTION('',(1.,-1.520566881884E-13,2.076747451278E-15));
#9969 = ORIENTED_EDGE('',*,*,#9970,.T.);
#9970 = EDGE_CURVE('',#9963,#9971,#9973,.T.);
#9971 = VERTEX_POINT('',#9972);
#9972 = CARTESIAN_POINT('',(-8.707967399753,-0.242895543613,
    29.049329474667));
#9973 = CIRCLE('',#9974,2.35);
#9974 = AXIS2_PLACEMENT_3D('',#9975,#9976,#9977);
#9975 = CARTESIAN_POINT('',(-8.707968815901,-1.865393617572,
    30.749329474667));
#9976 = DIRECTION('',(-1.,1.524187327934E-13,1.329386363519E-15));
#9977 = DIRECTION('',(-1.524187327934E-13,-1.,-4.106927421363E-14));
#9978 = ORIENTED_EDGE('',*,*,#9979,.T.);
#9979 = EDGE_CURVE('',#9971,#7412,#9980,.T.);
#9980 = LINE('',#9981,#9982);
#9981 = CARTESIAN_POINT('',(-8.307968815901,-0.242895543613,
    29.049329474667));
#9982 = VECTOR('',#9983,1.);
#9983 = DIRECTION('',(-1.,1.520566881884E-13,-2.076747451278E-15));
#9984 = ORIENTED_EDGE('',*,*,#7411,.F.);
#9985 = CYLINDRICAL_SURFACE('',#9986,2.35);
#9986 = AXIS2_PLACEMENT_3D('',#9987,#9988,#9989);
#9987 = CARTESIAN_POINT('',(-12.90797034516,-1.865393617572,
    30.749329474668));
#9988 = DIRECTION('',(1.,-1.683066881884E-13,8.596747451277E-15));
#9989 = DIRECTION('',(1.685287327934E-13,1.,4.100927421363E-14));
#9990 = ADVANCED_FACE('',(#9991),#10034,.F.);
#9991 = FACE_BOUND('',#9992,.F.);
#9992 = EDGE_LOOP('',(#9993,#10001,#10010,#10018,#10027,#10033));
#9993 = ORIENTED_EDGE('',*,*,#9994,.F.);
#9994 = EDGE_CURVE('',#9995,#7412,#9997,.T.);
#9995 = VERTEX_POINT('',#9996);
#9996 = CARTESIAN_POINT('',(-8.907967399754,-3.487891691531,
    29.049329474668));
#9997 = LINE('',#9998,#9999);
#9998 = CARTESIAN_POINT('',(-8.907969580533,-13.63914295455,
    29.049329474667));
#9999 = VECTOR('',#10000,1.);
#10000 = DIRECTION('',(1.523087327934E-13,1.,4.106927421363E-14));
#10001 = ORIENTED_EDGE('',*,*,#10002,.T.);
#10002 = EDGE_CURVE('',#9995,#10003,#10005,.T.);
#10003 = VERTEX_POINT('',#10004);
#10004 = CARTESIAN_POINT('',(-8.907967399754,-3.565393617572,
    29.126831400709));
#10005 = CIRCLE('',#10006,2.35);
#10006 = AXIS2_PLACEMENT_3D('',#10007,#10008,#10009);
#10007 = CARTESIAN_POINT('',(-8.907970242713,-1.865393617572,
    30.749329474668));
#10008 = DIRECTION('',(-1.,1.525687327934E-13,7.169386363519E-15));
#10009 = DIRECTION('',(1.525687327934E-13,1.,4.100927421363E-14));
#10010 = ORIENTED_EDGE('',*,*,#10011,.F.);
#10011 = EDGE_CURVE('',#10012,#10003,#10014,.T.);
#10012 = VERTEX_POINT('',#10013);
#10013 = CARTESIAN_POINT('',(-8.907967399754,-3.565393617572,
    32.371827548627));
#10014 = LINE('',#10015,#10016);
#10015 = CARTESIAN_POINT('',(-8.907969580532,-3.565393617572,
    34.212303089081));
#10016 = VECTOR('',#10017,1.);
#10017 = DIRECTION('',(-1.339386363513E-15,4.062518500372E-14,-1.));
#10018 = ORIENTED_EDGE('',*,*,#10019,.T.);
#10019 = EDGE_CURVE('',#10012,#10020,#10022,.T.);
#10020 = VERTEX_POINT('',#10021);
#10021 = CARTESIAN_POINT('',(-8.907967399754,-3.487891691531,
    32.449329474668));
#10022 = CIRCLE('',#10023,2.35);
#10023 = AXIS2_PLACEMENT_3D('',#10024,#10025,#10026);
#10024 = CARTESIAN_POINT('',(-8.907970242713,-1.865393617572,
    30.749329474668));
#10025 = DIRECTION('',(-1.,1.525687327934E-13,7.169386363519E-15));
#10026 = DIRECTION('',(1.525687327934E-13,1.,4.100927421363E-14));
#10027 = ORIENTED_EDGE('',*,*,#10028,.F.);
#10028 = EDGE_CURVE('',#7421,#10020,#10029,.T.);
#10029 = LINE('',#10030,#10031);
#10030 = CARTESIAN_POINT('',(-8.907969580533,-12.01664488059,
    32.449329474667));
#10031 = VECTOR('',#10032,1.);
#10032 = DIRECTION('',(-1.523087327934E-13,-1.,-4.106927421363E-14));
#10033 = ORIENTED_EDGE('',*,*,#7420,.F.);
#10034 = PLANE('',#10035);
#10035 = AXIS2_PLACEMENT_3D('',#10036,#10037,#10038);
#10036 = CARTESIAN_POINT('',(-8.907969580535,-24.00808659618,
    36.421486441345));
#10037 = DIRECTION('',(1.,-1.520866881884E-13,-6.732525487225E-16));
#10038 = DIRECTION('',(-1.523087327934E-13,-1.,-4.100927421363E-14));
#10039 = ADVANCED_FACE('',(#10040),#10066,.F.);
#10040 = FACE_BOUND('',#10041,.F.);
#10041 = EDGE_LOOP('',(#10042,#10050,#10059,#10065));
#10042 = ORIENTED_EDGE('',*,*,#10043,.T.);
#10043 = EDGE_CURVE('',#7421,#10044,#10046,.T.);
#10044 = VERTEX_POINT('',#10045);
#10045 = CARTESIAN_POINT('',(-8.707967399753,-0.242895543613,
    32.449329474667));
#10046 = LINE('',#10047,#10048);
#10047 = CARTESIAN_POINT('',(-8.307968815901,-0.242895543614,
    32.449329474667));
#10048 = VECTOR('',#10049,1.);
#10049 = DIRECTION('',(1.,-1.520566881884E-13,2.076747451278E-15));
#10050 = ORIENTED_EDGE('',*,*,#10051,.T.);
#10051 = EDGE_CURVE('',#10044,#10052,#10054,.T.);
#10052 = VERTEX_POINT('',#10053);
#10053 = CARTESIAN_POINT('',(-8.707967399753,-0.165393617572,
    32.371827548626));
#10054 = CIRCLE('',#10055,2.35);
#10055 = AXIS2_PLACEMENT_3D('',#10056,#10057,#10058);
#10056 = CARTESIAN_POINT('',(-8.707968815901,-1.865393617572,
    30.749329474667));
#10057 = DIRECTION('',(-1.,1.524187327934E-13,1.329386363519E-15));
#10058 = DIRECTION('',(-1.524187327934E-13,-1.,-4.106927421363E-14));
#10059 = ORIENTED_EDGE('',*,*,#10060,.T.);
#10060 = EDGE_CURVE('',#10052,#7384,#10061,.T.);
#10061 = LINE('',#10062,#10063);
#10062 = CARTESIAN_POINT('',(-8.307968815901,-0.165393617572,
    32.371827548626));
#10063 = VECTOR('',#10064,1.);
#10064 = DIRECTION('',(-1.,1.520566881884E-13,-2.076747451278E-15));
#10065 = ORIENTED_EDGE('',*,*,#7429,.T.);
#10066 = CYLINDRICAL_SURFACE('',#10067,2.35);
#10067 = AXIS2_PLACEMENT_3D('',#10068,#10069,#10070);
#10068 = CARTESIAN_POINT('',(-12.90797034516,-1.865393617572,
    30.749329474668));
#10069 = DIRECTION('',(1.,-1.683066881884E-13,8.596747451277E-15));
#10070 = DIRECTION('',(1.685287327934E-13,1.,4.100927421363E-14));
#10071 = ADVANCED_FACE('',(#10072,#10078),#10084,.F.);
#10072 = FACE_BOUND('',#10073,.T.);
#10073 = EDGE_LOOP('',(#10074,#10075,#10076,#10077));
#10074 = ORIENTED_EDGE('',*,*,#9237,.T.);
#10075 = ORIENTED_EDGE('',*,*,#9124,.T.);
#10076 = ORIENTED_EDGE('',*,*,#9157,.T.);
#10077 = ORIENTED_EDGE('',*,*,#9181,.T.);
#10078 = FACE_BOUND('',#10079,.T.);
#10079 = EDGE_LOOP('',(#10080,#10081,#10082,#10083));
#10080 = ORIENTED_EDGE('',*,*,#7485,.T.);
#10081 = ORIENTED_EDGE('',*,*,#7525,.T.);
#10082 = ORIENTED_EDGE('',*,*,#7510,.T.);
#10083 = ORIENTED_EDGE('',*,*,#7444,.T.);
#10084 = PLANE('',#10085);
#10085 = AXIS2_PLACEMENT_3D('',#10086,#10087,#10088);
#10086 = CARTESIAN_POINT('',(-10.90796958052,41.794119824863,
    21.868037286479));
#10087 = DIRECTION('',(-1.,1.526866881884E-13,9.793252548722E-15));
#10088 = DIRECTION('',(1.529087327934E-13,1.,4.118927421363E-14));
#10089 = ADVANCED_FACE('',(#10090),#10106,.T.);
#10090 = FACE_BOUND('',#10091,.T.);
#10091 = EDGE_LOOP('',(#10092,#10093,#10099,#10100));
#10092 = ORIENTED_EDGE('',*,*,#7912,.F.);
#10093 = ORIENTED_EDGE('',*,*,#10094,.F.);
#10094 = EDGE_CURVE('',#7597,#7913,#10095,.T.);
#10095 = LINE('',#10096,#10097);
#10096 = CARTESIAN_POINT('',(-10.38513663003,13.964243497924,
    57.302321809931));
#10097 = VECTOR('',#10098,1.);
#10098 = DIRECTION('',(-0.999969172377,-7.85202493458E-03,
    5.769487662632E-15));
#10099 = ORIENTED_EDGE('',*,*,#7594,.F.);
#10100 = ORIENTED_EDGE('',*,*,#10101,.F.);
#10101 = EDGE_CURVE('',#7901,#7595,#10102,.T.);
#10102 = LINE('',#10103,#10104);
#10103 = CARTESIAN_POINT('',(-5.719918622369,14.205015081508,
    51.302906526992));
#10104 = VECTOR('',#10105,1.);
#10105 = DIRECTION('',(0.999967459481,7.779335499372E-03,
    2.135864861906E-03));
#10106 = PLANE('',#10107);
#10107 = AXIS2_PLACEMENT_3D('',#10108,#10109,#10110);
#10108 = CARTESIAN_POINT('',(-6.130983732559,13.872032819718,
    60.994016761916));
#10109 = DIRECTION('',(-7.84748361241E-03,0.999390827019,
    3.400576232109E-02));
#10110 = DIRECTION('',(3.503181094521E-02,-3.371117370104E-02,
    0.998817465301));
#10111 = ADVANCED_FACE('',(#10112),#10119,.T.);
#10112 = FACE_BOUND('',#10113,.T.);
#10113 = EDGE_LOOP('',(#10114,#10115,#10116,#10117,#10118));
#10114 = ORIENTED_EDGE('',*,*,#7920,.T.);
#10115 = ORIENTED_EDGE('',*,*,#7851,.F.);
#10116 = ORIENTED_EDGE('',*,*,#7714,.F.);
#10117 = ORIENTED_EDGE('',*,*,#7604,.F.);
#10118 = ORIENTED_EDGE('',*,*,#10094,.T.);
#10119 = PLANE('',#10120);
#10120 = AXIS2_PLACEMENT_3D('',#10121,#10122,#10123);
#10121 = CARTESIAN_POINT('',(-14.77396980544,31.208224220595,
    57.302321809932));
#10122 = DIRECTION('',(7.839386363513E-15,-4.074518500372E-14,1.));
#10123 = DIRECTION('',(1.,-1.527666881884E-13,-7.173252548722E-15));
#10124 = ADVANCED_FACE('',(#10125),#10153,.F.);
#10125 = FACE_BOUND('',#10126,.F.);
#10126 = EDGE_LOOP('',(#10127,#10128,#10136,#10145,#10151,#10152));
#10127 = ORIENTED_EDGE('',*,*,#7628,.T.);
#10128 = ORIENTED_EDGE('',*,*,#10129,.F.);
#10129 = EDGE_CURVE('',#10130,#7629,#10132,.T.);
#10130 = VERTEX_POINT('',#10131);
#10131 = CARTESIAN_POINT('',(-6.030866899578,11.635908827843,
    50.412225026531));
#10132 = LINE('',#10133,#10134);
#10133 = CARTESIAN_POINT('',(-10.90797002407,11.635908827844,
    50.412225026531));
#10134 = VECTOR('',#10135,1.);
#10135 = DIRECTION('',(1.,-1.523466881884E-13,-2.173252548722E-15));
#10136 = ORIENTED_EDGE('',*,*,#10137,.T.);
#10137 = EDGE_CURVE('',#10130,#10138,#10140,.T.);
#10138 = VERTEX_POINT('',#10139);
#10139 = CARTESIAN_POINT('',(-6.109833140859,10.010839000602,
    48.150927740422));
#10140 = ELLIPSE('',#10141,2.501523860747,2.5);
#10141 = AXIS2_PLACEMENT_3D('',#10142,#10143,#10144);
#10142 = CARTESIAN_POINT('',(-6.028035029946,9.137224425784,
    50.493319162594));
#10143 = DIRECTION('',(-0.999390827019,1.514580512514E-13,
    3.48994967025E-02));
#10144 = DIRECTION('',(3.48994967025E-02,-4.44918446686E-14,
    0.999390827019));
#10145 = ORIENTED_EDGE('',*,*,#10146,.T.);
#10146 = EDGE_CURVE('',#10138,#7691,#10147,.T.);
#10147 = LINE('',#10148,#10149);
#10148 = CARTESIAN_POINT('',(-10.90797002407,10.010839000602,
    48.150927740422));
#10149 = VECTOR('',#10150,1.);
#10150 = DIRECTION('',(-1.,1.523466881884E-13,4.343252548722E-15));
#10151 = ORIENTED_EDGE('',*,*,#7699,.T.);
#10152 = ORIENTED_EDGE('',*,*,#7662,.T.);
#10153 = CYLINDRICAL_SURFACE('',#10154,2.5);
#10154 = AXIS2_PLACEMENT_3D('',#10155,#10156,#10157);
#10155 = CARTESIAN_POINT('',(-10.90797002407,9.137224425785,
    50.493319162595));
#10156 = DIRECTION('',(-1.,1.523466881884E-13,8.663252548722E-15));
#10157 = DIRECTION('',(1.277534952599E-13,0.867742249077,-0.497014475812
    ));
#10158 = ADVANCED_FACE('',(#10159),#10172,.F.);
#10159 = FACE_BOUND('',#10160,.F.);
#10160 = EDGE_LOOP('',(#10161,#10162,#10169,#10170,#10171));
#10161 = ORIENTED_EDGE('',*,*,#7900,.T.);
#10162 = ORIENTED_EDGE('',*,*,#10163,.T.);
#10163 = EDGE_CURVE('',#7892,#10130,#10164,.T.);
#10164 = ELLIPSE('',#10165,20.69933400838,20.686724533379);
#10165 = AXIS2_PLACEMENT_3D('',#10166,#10167,#10168);
#10166 = CARTESIAN_POINT('',(-6.696381037177,19.682003157194,
    31.354393618863));
#10167 = DIRECTION('',(0.999390827019,-1.514580512514E-13,
    -3.48994967025E-02));
#10168 = DIRECTION('',(3.48994967025E-02,-6.87418446686E-14,
    0.999390827019));
#10169 = ORIENTED_EDGE('',*,*,#10129,.T.);
#10170 = ORIENTED_EDGE('',*,*,#7637,.F.);
#10171 = ORIENTED_EDGE('',*,*,#10101,.F.);
#10172 = CYLINDRICAL_SURFACE('',#10173,20.686724533379);
#10173 = AXIS2_PLACEMENT_3D('',#10174,#10175,#10176);
#10174 = CARTESIAN_POINT('',(-12.90797034516,19.682003157195,
    31.354393618863));
#10175 = DIRECTION('',(1.,-1.527666881884E-13,-4.832525487225E-16));
#10176 = DIRECTION('',(-6.021856590758E-14,-0.400498419604,
    0.916297449464));
#10177 = ADVANCED_FACE('',(#10178),#10190,.T.);
#10178 = FACE_BOUND('',#10179,.T.);
#10179 = EDGE_LOOP('',(#10180,#10181,#10182,#10183));
#10180 = ORIENTED_EDGE('',*,*,#10146,.T.);
#10181 = ORIENTED_EDGE('',*,*,#7690,.F.);
#10182 = ORIENTED_EDGE('',*,*,#7765,.T.);
#10183 = ORIENTED_EDGE('',*,*,#10184,.F.);
#10184 = EDGE_CURVE('',#10138,#7766,#10185,.T.);
#10185 = ELLIPSE('',#10186,1.343695959886,1.342877416613);
#10186 = AXIS2_PLACEMENT_3D('',#10187,#10188,#10189);
#10187 = CARTESIAN_POINT('',(-6.153771075205,10.480101913941,
    46.892709923741));
#10188 = DIRECTION('',(0.999390827019,-1.514580512514E-13,
    -3.48994967025E-02));
#10189 = DIRECTION('',(3.48994967025E-02,-1.18618446686E-14,
    0.999390827019));
#10190 = CYLINDRICAL_SURFACE('',#10191,1.342877416613);
#10191 = AXIS2_PLACEMENT_3D('',#10192,#10193,#10194);
#10192 = CARTESIAN_POINT('',(-10.90797002407,10.480101913941,
    46.892709923741));
#10193 = DIRECTION('',(-1.,1.523466881884E-13,8.663252548722E-15));
#10194 = DIRECTION('',(-1.200014394186E-13,-0.821415190366,
    0.570330680427));
#10195 = ADVANCED_FACE('',(#10196),#10215,.F.);
#10196 = FACE_BOUND('',#10197,.F.);
#10197 = EDGE_LOOP('',(#10198,#10207,#10213,#10214));
#10198 = ORIENTED_EDGE('',*,*,#10199,.T.);
#10199 = EDGE_CURVE('',#7777,#10200,#10202,.T.);
#10200 = VERTEX_POINT('',#10201);
#10201 = CARTESIAN_POINT('',(-6.574112641675,13.874391843338,
    48.708403265835));
#10202 = ELLIPSE('',#10203,18.311772333463,18.300000000001);
#10203 = AXIS2_PLACEMENT_3D('',#10204,#10205,#10206);
#10204 = CARTESIAN_POINT('',(-7.196685809326,19.682003157194,
    31.354393618865));
#10205 = DIRECTION('',(-0.999357116654,1.514936682131E-13,
    3.585182550819E-02));
#10206 = DIRECTION('',(3.585182550819E-02,-3.698595525126E-14,
    0.999357116654));
#10207 = ORIENTED_EDGE('',*,*,#10208,.T.);
#10208 = EDGE_CURVE('',#10200,#8250,#10209,.T.);
#10209 = LINE('',#10210,#10211);
#10210 = CARTESIAN_POINT('',(-12.90797034516,13.874391843339,
    48.708403265835));
#10211 = VECTOR('',#10212,1.);
#10212 = DIRECTION('',(-1.,1.527666881884E-13,2.853252548722E-15));
#10213 = ORIENTED_EDGE('',*,*,#8273,.T.);
#10214 = ORIENTED_EDGE('',*,*,#7776,.T.);
#10215 = CYLINDRICAL_SURFACE('',#10216,18.300000000001);
#10216 = AXIS2_PLACEMENT_3D('',#10217,#10218,#10219);
#10217 = CARTESIAN_POINT('',(-14.77396980544,19.682003157196,
    31.354393618865));
#10218 = DIRECTION('',(1.,-1.527666881884E-13,-5.313252548722E-15));
#10219 = DIRECTION('',(-5.579284922667E-14,-0.400498419604,
    0.916297449464));
#10220 = ADVANCED_FACE('',(#10221),#10242,.F.);
#10221 = FACE_BOUND('',#10222,.F.);
#10222 = EDGE_LOOP('',(#10223,#10224,#10233,#10240,#10241));
#10223 = ORIENTED_EDGE('',*,*,#7795,.F.);
#10224 = ORIENTED_EDGE('',*,*,#10225,.F.);
#10225 = EDGE_CURVE('',#10226,#7796,#10228,.T.);
#10226 = VERTEX_POINT('',#10227);
#10227 = CARTESIAN_POINT('',(-6.074417228166,13.715713938588,
    49.165106786528));
#10228 = ELLIPSE('',#10229,18.811459432818,18.800000000001);
#10229 = AXIS2_PLACEMENT_3D('',#10230,#10231,#10232);
#10230 = CARTESIAN_POINT('',(-6.696990395816,19.682003157194,
    31.336943870513));
#10231 = DIRECTION('',(0.999390827019,-1.514580512514E-13,
    -3.48994967025E-02));
#10232 = DIRECTION('',(3.48994967025E-02,-3.68418446686E-14,
    0.999390827019));
#10233 = ORIENTED_EDGE('',*,*,#10234,.F.);
#10234 = EDGE_CURVE('',#10200,#10226,#10235,.T.);
#10235 = CIRCLE('',#10236,0.500000000001);
#10236 = AXIS2_PLACEMENT_3D('',#10237,#10238,#10239);
#10237 = CARTESIAN_POINT('',(-6.574112641675,13.715713938588,
    49.182556534879));
#10238 = DIRECTION('',(-1.108162858209E-02,-0.948248309095,
    -0.31733632286));
#10239 = DIRECTION('',(-1.644346051921E-14,0.3173558095,-0.948306538086)
  );
#10240 = ORIENTED_EDGE('',*,*,#10199,.F.);
#10241 = ORIENTED_EDGE('',*,*,#7784,.F.);
#10242 = B_SPLINE_SURFACE_WITH_KNOTS('',3,3,(
    (#10243,#10244,#10245,#10246)
    ,(#10247,#10248,#10249,#10250)
    ,(#10251,#10252,#10253,#10254)
    ,(#10255,#10256,#10257,#10258)
    ,(#10259,#10260,#10261,#10262
    )),.UNSPECIFIED.,.F.,.F.,.F.,(4,1,4),(4,4),(0.,0.5,1.),(
    -0.594403132279,-0.322939852651),.UNSPECIFIED.);
#10243 = CARTESIAN_POINT('',(-6.652778113624,9.43374037688,
    46.51563070512));
#10244 = CARTESIAN_POINT('',(-6.619509810167,10.805646757763,
    47.44297304673));
#10245 = CARTESIAN_POINT('',(-6.59296553213,12.304066385519,
    48.182885527815));
#10246 = CARTESIAN_POINT('',(-6.574112641675,13.874391843338,
    48.708403265836));
#10247 = CARTESIAN_POINT('',(-6.524312788198,9.431658991792,
    46.514223789496));
#10248 = CARTESIAN_POINT('',(-6.491186642464,10.803643592159,
    47.44189934627));
#10249 = CARTESIAN_POINT('',(-6.464752119123,12.302478646212,
    48.182215764742));
#10250 = CARTESIAN_POINT('',(-6.445979271506,13.873045235147,
    48.707952616267));
#10251 = CARTESIAN_POINT('',(-6.26839845682,9.369122533795,
    46.597803238476));
#10252 = CARTESIAN_POINT('',(-6.235544350945,10.749478288585,
    47.531371663959));
#10253 = CARTESIAN_POINT('',(-6.209334103041,12.257189448257,
    48.276266598146));
#10254 = CARTESIAN_POINT('',(-6.190714470494,13.837461741036,
    48.805367365796));
#10255 = CARTESIAN_POINT('',(-6.156797099806,9.225719476133,
    46.806055916828));
#10256 = CARTESIAN_POINT('',(-6.123756803599,10.625376978475,
    47.752336328743));
#10257 = CARTESIAN_POINT('',(-6.097382213042,12.154217833522,
    48.507402525598));
#10258 = CARTESIAN_POINT('',(-6.078657855983,13.756402594432,
    49.043671094283));
#10259 = CARTESIAN_POINT('',(-6.153082700114,9.15373319709,
    46.912422407213));
#10260 = CARTESIAN_POINT('',(-6.119814396658,10.563123358872,
    47.865101971272));
#10261 = CARTESIAN_POINT('',(-6.09327011862,12.102483413615,
    48.625230640364));
#10262 = CARTESIAN_POINT('',(-6.074417228166,13.715713938588,
    49.165106786528));
#10263 = ADVANCED_FACE('',(#10264),#10288,.T.);
#10264 = FACE_BOUND('',#10265,.T.);
#10265 = EDGE_LOOP('',(#10266,#10267,#10268,#10269,#10270,#10271,#10280,
    #10287));
#10266 = ORIENTED_EDGE('',*,*,#10163,.T.);
#10267 = ORIENTED_EDGE('',*,*,#10137,.T.);
#10268 = ORIENTED_EDGE('',*,*,#10184,.T.);
#10269 = ORIENTED_EDGE('',*,*,#7834,.T.);
#10270 = ORIENTED_EDGE('',*,*,#10225,.F.);
#10271 = ORIENTED_EDGE('',*,*,#10272,.F.);
#10272 = EDGE_CURVE('',#10273,#10226,#10275,.T.);
#10273 = VERTEX_POINT('',#10274);
#10274 = CARTESIAN_POINT('',(-6.071785292648,14.272429417884,
    49.240475558638));
#10275 = ELLIPSE('',#10276,1.500914316448,1.5);
#10276 = AXIS2_PLACEMENT_3D('',#10277,#10278,#10279);
#10277 = CARTESIAN_POINT('',(-6.124090619202,14.191747652839,
    47.742646979398));
#10278 = DIRECTION('',(0.999390827019,-1.514580512514E-13,
    -3.48994967025E-02));
#10279 = DIRECTION('',(3.48994967025E-02,-4.81818446686E-14,
    0.999390827019));
#10280 = ORIENTED_EDGE('',*,*,#10281,.T.);
#10281 = EDGE_CURVE('',#10273,#7875,#10282,.T.);
#10282 = B_SPLINE_CURVE_WITH_KNOTS('',3,(#10283,#10284,#10285,#10286),
  .UNSPECIFIED.,.F.,.F.,(4,4),(5.381381307772E-02,7.60792928187E-02),
  .PIECEWISE_BEZIER_KNOTS.);
#10283 = CARTESIAN_POINT('',(-6.071801404618,14.272431889893,
    49.240014172172));
#10284 = CARTESIAN_POINT('',(-6.071821904611,14.283547764789,
    49.239427129194));
#10285 = CARTESIAN_POINT('',(-6.07184667233,14.294657017548,
    49.238717874525));
#10286 = CARTESIAN_POINT('',(-6.071875709702,14.3057569144,
    49.237886352984));
#10287 = ORIENTED_EDGE('',*,*,#7891,.F.);
#10288 = PLANE('',#10289);
#10289 = AXIS2_PLACEMENT_3D('',#10290,#10291,#10292);
#10290 = CARTESIAN_POINT('',(-6.611754973666,20.685089894429,
    33.777767007877));
#10291 = DIRECTION('',(0.999390827019,-1.512516403999E-13,
    -3.48994967025E-02));
#10292 = DIRECTION('',(3.48994967025E-02,-4.59718446686E-14,
    0.999390827019));
#10293 = ADVANCED_FACE('',(#10294),#10317,.F.);
#10294 = FACE_BOUND('',#10295,.F.);
#10295 = EDGE_LOOP('',(#10296,#10297,#10298,#10299,#10300,#10309,#10316)
  );
#10296 = ORIENTED_EDGE('',*,*,#10272,.F.);
#10297 = ORIENTED_EDGE('',*,*,#10281,.T.);
#10298 = ORIENTED_EDGE('',*,*,#7874,.T.);
#10299 = ORIENTED_EDGE('',*,*,#7955,.T.);
#10300 = ORIENTED_EDGE('',*,*,#10301,.F.);
#10301 = EDGE_CURVE('',#10302,#7941,#10304,.T.);
#10302 = VERTEX_POINT('',#10303);
#10303 = CARTESIAN_POINT('',(-6.571633120944,14.284998349894,
    48.755739388295));
#10304 = B_SPLINE_CURVE_WITH_KNOTS('',3,(#10305,#10306,#10307,#10308),
  .UNSPECIFIED.,.F.,.F.,(4,4),(9.338637521042E-02,0.282574646179),
  .PIECEWISE_BEZIER_KNOTS.);
#10305 = CARTESIAN_POINT('',(-6.571646576078,14.284997689783,
    48.755482518535));
#10306 = CARTESIAN_POINT('',(-6.571949714221,14.347782656179,
    48.749695358106));
#10307 = CARTESIAN_POINT('',(-6.572561220319,14.410015025982,
    48.738021195764));
#10308 = CARTESIAN_POINT('',(-6.573482276511,14.470576760428,
    48.72043746351));
#10309 = ORIENTED_EDGE('',*,*,#10310,.F.);
#10310 = EDGE_CURVE('',#10200,#10302,#10311,.T.);
#10311 = ELLIPSE('',#10312,1.001370952904,1.);
#10312 = AXIS2_PLACEMENT_3D('',#10313,#10314,#10315);
#10313 = CARTESIAN_POINT('',(-6.623786032711,14.191747652839,
    47.76009672775));
#10314 = DIRECTION('',(-0.998630924035,1.505046917094E-13,
    5.230944045834E-02));
#10315 = DIRECTION('',(5.230944045834E-02,-5.090054173005E-14,
    0.998630924035));
#10316 = ORIENTED_EDGE('',*,*,#10234,.T.);
#10317 = B_SPLINE_SURFACE_WITH_KNOTS('',3,3,(
    (#10318,#10319,#10320,#10321)
    ,(#10322,#10323,#10324,#10325)
    ,(#10326,#10327,#10328,#10329)
    ,(#10330,#10331,#10332,#10333)
    ,(#10334,#10335,#10336,#10337
    )),.UNSPECIFIED.,.F.,.F.,.F.,(4,1,4),(4,4),(0.,0.5,1.),(
    -0.322939852651,0.282574646179),.UNSPECIFIED.);
#10318 = CARTESIAN_POINT('',(-6.574112641675,13.874391843338,
    48.708403265835));
#10319 = CARTESIAN_POINT('',(-6.570757392264,14.065796296054,
    48.772457780482));
#10320 = CARTESIAN_POINT('',(-6.570534351276,14.276743347321,
    48.77671581929));
#10321 = CARTESIAN_POINT('',(-6.573482276511,14.470576760428,
    48.72043746351));
#10322 = CARTESIAN_POINT('',(-6.445979271506,13.873045235147,
    48.707952616267));
#10323 = CARTESIAN_POINT('',(-6.442802562259,14.064987544722,
    48.772495876219));
#10324 = CARTESIAN_POINT('',(-6.442590967919,14.27736410014,
    48.776803382133));
#10325 = CARTESIAN_POINT('',(-6.445382128749,14.471774595143,
    48.720089679466));
#10326 = CARTESIAN_POINT('',(-6.190710547082,13.837462986913,
    48.805363505922));
#10327 = CARTESIAN_POINT('',(-6.187875592884,14.051054428579,
    48.877410174767));
#10328 = CARTESIAN_POINT('',(-6.187687339879,14.286689127313,
    48.882206875235));
#10329 = CARTESIAN_POINT('',(-6.190178419922,14.503049896132,
    48.81889588345));
#10330 = CARTESIAN_POINT('',(-6.078657855983,13.756402594432,
    49.043671094283));
#10331 = CARTESIAN_POINT('',(-6.075589307721,14.01887105982,
    49.13170595666));
#10332 = CARTESIAN_POINT('',(-6.07538402996,14.308432069152,
    49.137564420056));
#10333 = CARTESIAN_POINT('',(-6.078080191762,14.574251492606,
    49.060213233219));
#10334 = CARTESIAN_POINT('',(-6.074417228166,13.715713938588,
    49.165106786527));
#10335 = CARTESIAN_POINT('',(-6.071061978754,14.002820617661,
    49.261188558497));
#10336 = CARTESIAN_POINT('',(-6.070838937767,14.319241194562,
    49.26757561671));
#10337 = CARTESIAN_POINT('',(-6.073786863001,14.609991314222,
    49.183158083039));
#10338 = ADVANCED_FACE('',(#10339),#10347,.F.);
#10339 = FACE_BOUND('',#10340,.F.);
#10340 = EDGE_LOOP('',(#10341,#10342,#10343,#10344,#10345,#10346));
#10341 = ORIENTED_EDGE('',*,*,#10310,.T.);
#10342 = ORIENTED_EDGE('',*,*,#10301,.T.);
#10343 = ORIENTED_EDGE('',*,*,#7940,.T.);
#10344 = ORIENTED_EDGE('',*,*,#8000,.T.);
#10345 = ORIENTED_EDGE('',*,*,#8258,.T.);
#10346 = ORIENTED_EDGE('',*,*,#10208,.F.);
#10347 = CYLINDRICAL_SURFACE('',#10348,1.);
#10348 = AXIS2_PLACEMENT_3D('',#10349,#10350,#10351);
#10349 = CARTESIAN_POINT('',(-12.90797034516,14.19174765284,
    47.76009672775));
#10350 = DIRECTION('',(1.,-1.527666881884E-13,-5.103252548722E-15));
#10351 = DIRECTION('',(7.727293195792E-14,0.471839676604,0.881684365055)
  );
#10352 = ADVANCED_FACE('',(#10353),#10373,.F.);
#10353 = FACE_BOUND('',#10354,.F.);
#10354 = EDGE_LOOP('',(#10355,#10363,#10364,#10365,#10366));
#10355 = ORIENTED_EDGE('',*,*,#10356,.F.);
#10356 = EDGE_CURVE('',#8161,#10357,#10359,.T.);
#10357 = VERTEX_POINT('',#10358);
#10358 = CARTESIAN_POINT('',(-7.081473206919,25.796492956039,
    48.603478091374));
#10359 = LINE('',#10360,#10361);
#10360 = CARTESIAN_POINT('',(-12.90797034515,25.79649295604,
    48.603478091374));
#10361 = VECTOR('',#10362,1.);
#10362 = DIRECTION('',(1.,-1.527666881884E-13,-3.933252548722E-15));
#10363 = ORIENTED_EDGE('',*,*,#8203,.T.);
#10364 = ORIENTED_EDGE('',*,*,#7983,.T.);
#10365 = ORIENTED_EDGE('',*,*,#8014,.T.);
#10366 = ORIENTED_EDGE('',*,*,#10367,.T.);
#10367 = EDGE_CURVE('',#8015,#10357,#10368,.T.);
#10368 = ELLIPSE('',#10369,1.001194357694,1.);
#10369 = AXIS2_PLACEMENT_3D('',#10370,#10371,#10372);
#10370 = CARTESIAN_POINT('',(-7.127554458034,25.462476981113,
    47.660910678138));
#10371 = DIRECTION('',(-0.998807067095,1.497149241051E-13,
    4.883075589945E-02));
#10372 = DIRECTION('',(4.883075589945E-02,-7.033629159229E-14,
    0.998807067095));
#10373 = CYLINDRICAL_SURFACE('',#10374,1.);
#10374 = AXIS2_PLACEMENT_3D('',#10375,#10376,#10377);
#10375 = CARTESIAN_POINT('',(-12.90797034515,25.462476981114,
    47.660910678138));
#10376 = DIRECTION('',(-1.,1.527666881884E-13,5.103252548722E-15));
#10377 = DIRECTION('',(-6.466423144623E-14,-0.456230891009,
    0.889861435331));
#10378 = ADVANCED_FACE('',(#10379),#10391,.T.);
#10379 = FACE_BOUND('',#10380,.T.);
#10380 = EDGE_LOOP('',(#10381,#10382,#10383,#10384,#10390));
#10381 = ORIENTED_EDGE('',*,*,#9471,.F.);
#10382 = ORIENTED_EDGE('',*,*,#8110,.F.);
#10383 = ORIENTED_EDGE('',*,*,#8038,.T.);
#10384 = ORIENTED_EDGE('',*,*,#10385,.T.);
#10385 = EDGE_CURVE('',#8039,#9506,#10386,.T.);
#10386 = LINE('',#10387,#10388);
#10387 = CARTESIAN_POINT('',(-10.47442172413,25.710276614945,
    57.302321809931));
#10388 = VECTOR('',#10389,1.);
#10389 = DIRECTION('',(0.999969172377,-7.852024934878E-03,
    -6.416326078969E-15));
#10390 = ORIENTED_EDGE('',*,*,#9505,.F.);
#10391 = PLANE('',#10392);
#10392 = AXIS2_PLACEMENT_3D('',#10393,#10394,#10395);
#10393 = CARTESIAN_POINT('',(-14.77396980544,31.208224220595,
    57.302321809932));
#10394 = DIRECTION('',(7.839386363513E-15,-4.074518500372E-14,1.));
#10395 = DIRECTION('',(1.,-1.527666881884E-13,-7.173252548722E-15));
#10396 = ADVANCED_FACE('',(#10397),#10403,.T.);
#10397 = FACE_BOUND('',#10398,.T.);
#10398 = EDGE_LOOP('',(#10399,#10400,#10401,#10402));
#10399 = ORIENTED_EDGE('',*,*,#9530,.T.);
#10400 = ORIENTED_EDGE('',*,*,#9513,.F.);
#10401 = ORIENTED_EDGE('',*,*,#10385,.F.);
#10402 = ORIENTED_EDGE('',*,*,#8047,.F.);
#10403 = PLANE('',#10404);
#10404 = AXIS2_PLACEMENT_3D('',#10405,#10406,#10407);
#10405 = CARTESIAN_POINT('',(-6.130983732557,25.80178620275,
    60.994016761916));
#10406 = DIRECTION('',(-7.847483612708E-03,-0.999390827019,
    3.400576232109E-02));
#10407 = DIRECTION('',(-3.503181094522E-02,-3.371117370102E-02,
    -0.998817465301));
#10408 = ADVANCED_FACE('',(#10409),#10489,.F.);
#10409 = FACE_BOUND('',#10410,.F.);
#10410 = EDGE_LOOP('',(#10411,#10412,#10431,#10440,#10451,#10488));
#10411 = ORIENTED_EDGE('',*,*,#9368,.F.);
#10412 = ORIENTED_EDGE('',*,*,#10413,.F.);
#10413 = EDGE_CURVE('',#10414,#9369,#10416,.T.);
#10414 = VERTEX_POINT('',#10415);
#10415 = CARTESIAN_POINT('',(-6.428273640978,25.757078881973,
    50.493468262542));
#10416 = B_SPLINE_CURVE_WITH_KNOTS('',3,(#10417,#10418,#10419,#10420,
    #10421,#10422,#10423,#10424,#10425,#10426,#10427,#10428,#10429,
    #10430),.UNSPECIFIED.,.F.,.F.,(4,2,2,2,2,2,4),(-3.543689277463E-04,
    0.,1.463589712584E-02,2.898431281862E-02,4.634898303523E-02,
    5.990976510722E-02,7.193832035561E-02),.UNSPECIFIED.);
#10417 = CARTESIAN_POINT('',(-6.428273640978,25.757078881974,
    50.493468262542));
#10418 = CARTESIAN_POINT('',(-6.427332699113,25.756365543011,
    50.493435404128));
#10419 = CARTESIAN_POINT('',(-6.426391786824,25.75565200938,
    50.493405872965));
#10420 = CARTESIAN_POINT('',(-6.386591970573,25.725460916057,
    50.492297308907));
#10421 = CARTESIAN_POINT('',(-6.347726227753,25.695595791539,
    50.496883299821));
#10422 = CARTESIAN_POINT('',(-6.273176922946,25.637575100908,
    50.517004494762));
#10423 = CARTESIAN_POINT('',(-6.237233784074,25.609230253515,
    50.532382460532));
#10424 = CARTESIAN_POINT('',(-6.16292565855,25.550053309703,
    50.578430657897));
#10425 = CARTESIAN_POINT('',(-6.125312675254,25.519675619523,
    50.611856763937));
#10426 = CARTESIAN_POINT('',(-6.069927065342,25.475007825657,
    50.685768554159));
#10427 = CARTESIAN_POINT('',(-6.04975363963,25.458781565137,
    50.722949074788));
#10428 = CARTESIAN_POINT('',(-6.023233600791,25.438217933044,
    50.800761175233));
#10429 = CARTESIAN_POINT('',(-6.015946858771,25.433040650334,
    50.839479093999));
#10430 = CARTESIAN_POINT('',(-6.014557511489,25.433040650334,
    50.879264794668));
#10431 = ORIENTED_EDGE('',*,*,#10432,.F.);
#10432 = EDGE_CURVE('',#10433,#10414,#10435,.T.);
#10433 = VERTEX_POINT('',#10434);
#10434 = CARTESIAN_POINT('',(-6.628151806382,25.692017368318,
    50.500448161882));
#10435 = ELLIPSE('',#10436,2.603090439609,2.6);
#10436 = AXIS2_PLACEMENT_3D('',#10437,#10438,#10439);
#10437 = CARTESIAN_POINT('',(-5.721884987275,23.252589376446,
    50.468800627194));
#10438 = DIRECTION('',(-3.489949670251E-02,-1.195571419643E-14,
    -0.999390827019));
#10439 = DIRECTION('',(-0.715569290108,0.698094677965,2.498823023524E-02
    ));
#10440 = ORIENTED_EDGE('',*,*,#10441,.F.);
#10441 = EDGE_CURVE('',#10442,#10433,#10444,.T.);
#10442 = VERTEX_POINT('',#10443);
#10443 = CARTESIAN_POINT('',(-6.626410964348,25.484567124911,
    50.550299355272));
#10444 = B_SPLINE_CURVE_WITH_KNOTS('',3,(#10445,#10446,#10447,#10448,
    #10449,#10450),.UNSPECIFIED.,.F.,.F.,(4,2,4),(-2.157629218054E-02,
    -1.777305072806E-02,0.),.UNSPECIFIED.);
#10445 = CARTESIAN_POINT('',(-6.626410964348,25.484567124911,
    50.550299355272));
#10446 = CARTESIAN_POINT('',(-6.626612113426,25.495823232335,
    50.544539199338));
#10447 = CARTESIAN_POINT('',(-6.626796780601,25.507333632851,
    50.539251026357));
#10448 = CARTESIAN_POINT('',(-6.627747961255,25.573859361971,
    50.512012776224));
#10449 = CARTESIAN_POINT('',(-6.628151806382,25.632773865891,
    50.500448161882));
#10450 = CARTESIAN_POINT('',(-6.628151806382,25.692017368318,
    50.500448161882));
#10451 = ORIENTED_EDGE('',*,*,#10452,.T.);
#10452 = EDGE_CURVE('',#10442,#8074,#10453,.T.);
#10453 = B_SPLINE_CURVE_WITH_KNOTS('',3,(#10454,#10455,#10456,#10457,
    #10458,#10459,#10460,#10461,#10462,#10463,#10464,#10465,#10466,
    #10467,#10468,#10469,#10470,#10471,#10472,#10473,#10474,#10475,
    #10476,#10477,#10478,#10479,#10480,#10481,#10482,#10483,#10484,
    #10485,#10486,#10487),.UNSPECIFIED.,.F.,.F.,(4,3,3,3,3,3,3,3,3,3,3,4
    ),(0.,5.965753461519E-03,1.229848353183E-02,1.346628897882E-02,
    1.467099963627E-02,2.144811374383E-02,2.859086518235E-02,
    3.375954520411E-02,4.218481742316E-02,5.086025230105E-02,
    5.415908496217E-02,5.453589658124E-02),.UNSPECIFIED.);
#10454 = CARTESIAN_POINT('',(-6.626380705109,25.484521853736,
    50.550791493476));
#10455 = CARTESIAN_POINT('',(-6.626060387592,25.466808930428,
    50.559810907026));
#10456 = CARTESIAN_POINT('',(-6.626940134034,25.449615122331,
    50.56980371138));
#10457 = CARTESIAN_POINT('',(-6.628847614683,25.43304716034,
    50.580577656798));
#10458 = CARTESIAN_POINT('',(-6.630872431857,25.415460038816,
    50.592014349342));
#10459 = CARTESIAN_POINT('',(-6.634055181343,25.398577600179,
    50.604331242794));
#10460 = CARTESIAN_POINT('',(-6.638209744251,25.382489047981,
    50.617337210738));
#10461 = CARTESIAN_POINT('',(-6.638975878468,25.379522191873,
    50.61973561396));
#10462 = CARTESIAN_POINT('',(-6.639775114628,25.376582246489,
    50.622157550195));
#10463 = CARTESIAN_POINT('',(-6.64060635761,25.373669662304,
    50.624601953187));
#10464 = CARTESIAN_POINT('',(-6.641463869692,25.370665034079,
    50.627123604669));
#10465 = CARTESIAN_POINT('',(-6.642355443094,25.367689521202,
    50.629669162814));
#10466 = CARTESIAN_POINT('',(-6.643279664139,25.364743015594,
    50.632236891387));
#10467 = CARTESIAN_POINT('',(-6.648478880599,25.34816741331,
    50.646681678959));
#10468 = CARTESIAN_POINT('',(-6.654727844279,25.332441248026,
    50.661885273179));
#10469 = CARTESIAN_POINT('',(-6.661835218494,25.317559879274,
    50.677587648488));
#10470 = CARTESIAN_POINT('',(-6.669326048159,25.301875634273,
    50.694137194806));
#10471 = CARTESIAN_POINT('',(-6.677770592307,25.287129296027,
    50.711240953129));
#10472 = CARTESIAN_POINT('',(-6.68696858516,25.273317233618,
    50.728648779543));
#10473 = CARTESIAN_POINT('',(-6.693624491124,25.263322467365,
    50.741245533804));
#10474 = CARTESIAN_POINT('',(-6.700675446889,25.253816948989,
    50.754002686286));
#10475 = CARTESIAN_POINT('',(-6.708051817256,25.244802028551,
    50.766840861396));
#10476 = CARTESIAN_POINT('',(-6.720075763035,25.230107143512,
    50.787767891051));
#10477 = CARTESIAN_POINT('',(-6.733100828321,25.216550957328,
    50.809138510989));
#10478 = CARTESIAN_POINT('',(-6.746970066101,25.204200680443,
    50.830691210838));
#10479 = CARTESIAN_POINT('',(-6.761251108427,25.191483699905,
    50.852883852111));
#10480 = CARTESIAN_POINT('',(-6.776427407397,25.180044647566,
    50.87527011613));
#10481 = CARTESIAN_POINT('',(-6.792363575835,25.169983213426,
    50.897596633425));
#10482 = CARTESIAN_POINT('',(-6.798423301217,25.166157354777,
    50.906086287891));
#10483 = CARTESIAN_POINT('',(-6.804593241636,25.16253100314,
    50.914567582035));
#10484 = CARTESIAN_POINT('',(-6.810867152543,25.159110901454,
    50.923027486907));
#10485 = CARTESIAN_POINT('',(-6.811583794692,25.15872023779,
    50.923993825846));
#10486 = CARTESIAN_POINT('',(-6.812301978967,25.158332164765,
    50.924960118708));
#10487 = CARTESIAN_POINT('',(-6.81302170006,25.157946695998,
    50.925926345973));
#10488 = ORIENTED_EDGE('',*,*,#8073,.F.);
#10489 = B_SPLINE_SURFACE_WITH_KNOTS('',3,3,(
    (#10490,#10491,#10492,#10493)
    ,(#10494,#10495,#10496,#10497)
    ,(#10498,#10499,#10500,#10501)
    ,(#10502,#10503,#10504,#10505)
    ,(#10506,#10507,#10508,#10509
    )),.UNSPECIFIED.,.F.,.F.,.F.,(4,1,4),(4,4),(0.,0.5,1.),(
    0.272381278705,0.659070285624),.UNSPECIFIED.);
#10490 = CARTESIAN_POINT('',(-7.027908137189,25.503620154674,
    50.514407960563));
#10491 = CARTESIAN_POINT('',(-6.738126253707,25.671714850008,
    50.504288554207));
#10492 = CARTESIAN_POINT('',(-6.415504134565,25.782959891657,
    50.493022341552));
#10493 = CARTESIAN_POINT('',(-6.083633285408,25.82922056761,
    50.481433156127));
#10494 = CARTESIAN_POINT('',(-6.973850978088,25.410316270631,
    50.512520242971));
#10495 = CARTESIAN_POINT('',(-6.696182714564,25.57151586906,
    50.502827877906));
#10496 = CARTESIAN_POINT('',(-6.386954042046,25.678353928009,
    50.49201633784));
#10497 = CARTESIAN_POINT('',(-6.068839130492,25.72295891241,
    50.480916532854));
#10498 = CARTESIAN_POINT('',(-6.863042625162,25.224618274279,
    50.601004197859));
#10499 = CARTESIAN_POINT('',(-6.609364335204,25.372156300255,
    50.591940421874));
#10500 = CARTESIAN_POINT('',(-6.327061660435,25.470143560307,
    50.581739753603));
#10501 = CARTESIAN_POINT('',(-6.036206017732,25.511448696538,
    50.571119014442));
#10502 = CARTESIAN_POINT('',(-6.814245178437,25.153569081153,
    50.818173414253));
#10503 = CARTESIAN_POINT('',(-6.569809000813,25.295556608433,
    50.809064987271));
#10504 = CARTESIAN_POINT('',(-6.297307441703,25.389818756414,
    50.79857851839));
#10505 = CARTESIAN_POINT('',(-6.017191674008,25.429247981739,
    50.787497101065));
#10506 = CARTESIAN_POINT('',(-6.81302170006,25.157946695998,
    50.925926345973));
#10507 = CARTESIAN_POINT('',(-6.567821644806,25.300157663685,
    50.916687672026));
#10508 = CARTESIAN_POINT('',(-6.29483369784,25.394248967302,
    50.906005140872));
#10509 = CARTESIAN_POINT('',(-6.014019902398,25.433340249338,
    50.89465990476));
#10510 = ADVANCED_FACE('',(#10511),#10535,.F.);
#10511 = FACE_BOUND('',#10512,.F.);
#10512 = EDGE_LOOP('',(#10513,#10514,#10523,#10534));
#10513 = ORIENTED_EDGE('',*,*,#10452,.F.);
#10514 = ORIENTED_EDGE('',*,*,#10515,.F.);
#10515 = EDGE_CURVE('',#10516,#10442,#10518,.T.);
#10516 = VERTEX_POINT('',#10517);
#10517 = CARTESIAN_POINT('',(-6.678955290456,25.401601032648,
    49.045626724283));
#10518 = ELLIPSE('',#10519,74.542757146964,2.6);
#10519 = AXIS2_PLACEMENT_3D('',#10520,#10521,#10522);
#10520 = CARTESIAN_POINT('',(-5.308168857786,24.526718692585,
    88.299814207005));
#10521 = DIRECTION('',(0.999390827019,-1.511275913441E-13,
    -3.489949670251E-02));
#10522 = DIRECTION('',(-3.487928628046E-02,-3.402751412087E-02,
    -0.998812076254));
#10523 = ORIENTED_EDGE('',*,*,#10524,.T.);
#10524 = EDGE_CURVE('',#10516,#8083,#10525,.T.);
#10525 = B_SPLINE_CURVE_WITH_KNOTS('',3,(#10526,#10527,#10528,#10529,
    #10530,#10531,#10532,#10533),.UNSPECIFIED.,.F.,.F.,(4,2,2,4),(
    -4.099375302294E-04,0.,3.788210882143E-02,6.446772456501E-02),
  .UNSPECIFIED.);
#10526 = CARTESIAN_POINT('',(-6.678955290456,25.401601032648,
    49.045626724283));
#10527 = CARTESIAN_POINT('',(-6.678988806978,25.400628976569,
    49.044666936664));
#10528 = CARTESIAN_POINT('',(-6.679025494555,25.399657439166,
    49.043706730026));
#10529 = CARTESIAN_POINT('',(-6.682747567984,25.308956671795,
    48.953976434084));
#10530 = CARTESIAN_POINT('',(-6.713228160608,25.224992184459,
    48.862112343366));
#10531 = CARTESIAN_POINT('',(-6.794429139983,25.108214065204,
    48.720711794729));
#10532 = CARTESIAN_POINT('',(-6.835777984946,25.068462941501,
    48.668034816633));
#10533 = CARTESIAN_POINT('',(-6.880955387406,25.038563136284,
    48.626602850445));
#10534 = ORIENTED_EDGE('',*,*,#8082,.F.);
#10535 = B_SPLINE_SURFACE_WITH_KNOTS('',3,3,(
    (#10536,#10537,#10538,#10539)
    ,(#10540,#10541,#10542,#10543)
    ,(#10544,#10545,#10546,#10547)
    ,(#10548,#10549,#10550,#10551)
    ,(#10552,#10553,#10554,#10555
    )),.UNSPECIFIED.,.F.,.F.,.F.,(4,1,4),(4,4),(0.,0.571428571429,1.),(
    1.009610506014,1.045708047795),.UNSPECIFIED.);
#10536 = CARTESIAN_POINT('',(-6.694477274565,25.376764219037,
    48.601135255889));
#10537 = CARTESIAN_POINT('',(-6.668010806341,25.419243341711,
    49.359035743428));
#10538 = CARTESIAN_POINT('',(-6.641243238688,25.461537836979,
    50.125558590531));
#10539 = CARTESIAN_POINT('',(-6.614192007701,25.503620154674,
    50.90020449269));
#10540 = CARTESIAN_POINT('',(-6.694327079159,25.299932814287,
    48.605436289572));
#10541 = CARTESIAN_POINT('',(-6.667849713336,25.341491482034,
    49.363342819878));
#10542 = CARTESIAN_POINT('',(-6.641104456257,25.382876177136,
    50.129871794515));
#10543 = CARTESIAN_POINT('',(-6.614041218815,25.424037506745,
    50.904522521403));
#10544 = CARTESIAN_POINT('',(-6.734047660457,25.165727825631,
    48.614345340022));
#10545 = CARTESIAN_POINT('',(-6.70856212641,25.205701147181,
    49.372296571545));
#10546 = CARTESIAN_POINT('',(-6.682785581027,25.245486889786,
    50.138869040422));
#10547 = CARTESIAN_POINT('',(-6.656754591679,25.285065769766,
    50.913563687286));
#10548 = CARTESIAN_POINT('',(-6.83217133585,25.069211185323,
    48.623181499188));
#10549 = CARTESIAN_POINT('',(-6.808825946364,25.108902141578,
    49.381166555669));
#10550 = CARTESIAN_POINT('',(-6.785221175358,25.148462220132,
    50.147771705997));
#10551 = CARTESIAN_POINT('',(-6.761377317127,25.187848943286,
    50.922498457186));
#10552 = CARTESIAN_POINT('',(-6.880955387406,25.038563136284,
    48.626602850445));
#10553 = CARTESIAN_POINT('',(-6.858560683525,25.078477470159,
    49.384590608745));
#10554 = CARTESIAN_POINT('',(-6.835911203203,25.118280632511,
    50.151198227164));
#10555 = CARTESIAN_POINT('',(-6.81302170006,25.157946695998,
    50.925926345973));
#10556 = ADVANCED_FACE('',(#10557),#10578,.F.);
#10557 = FACE_BOUND('',#10558,.F.);
#10558 = EDGE_LOOP('',(#10559,#10560,#10561,#10570,#10577));
#10559 = ORIENTED_EDGE('',*,*,#8091,.F.);
#10560 = ORIENTED_EDGE('',*,*,#10524,.F.);
#10561 = ORIENTED_EDGE('',*,*,#10562,.F.);
#10562 = EDGE_CURVE('',#10563,#10516,#10565,.T.);
#10563 = VERTEX_POINT('',#10564);
#10564 = CARTESIAN_POINT('',(-6.681716876111,25.930099346009,
    48.966545257988));
#10565 = ELLIPSE('',#10566,1.400853362018,1.4);
#10566 = AXIS2_PLACEMENT_3D('',#10567,#10568,#10569);
#10567 = CARTESIAN_POINT('',(-6.727798127227,25.462476981113,
    47.646950879457));
#10568 = DIRECTION('',(0.999390827019,-1.511280512514E-13,
    -3.489949670251E-02));
#10569 = DIRECTION('',(3.489949670251E-02,-6.86418446686E-14,
    0.999390827019));
#10570 = ORIENTED_EDGE('',*,*,#10571,.T.);
#10571 = EDGE_CURVE('',#10563,#10357,#10572,.T.);
#10572 = CIRCLE('',#10573,0.4);
#10573 = AXIS2_PLACEMENT_3D('',#10574,#10575,#10576);
#10574 = CARTESIAN_POINT('',(-7.081473206919,25.930099346009,
    48.980505056669));
#10575 = DIRECTION('',(-1.166330149123E-02,0.942503301107,
    -0.333993255622));
#10576 = DIRECTION('',(0.999390827019,-1.512013334191E-13,
    -3.48994967025E-02));
#10577 = ORIENTED_EDGE('',*,*,#10367,.F.);
#10578 = B_SPLINE_SURFACE_WITH_KNOTS('',3,3,(
    (#10579,#10580,#10581,#10582)
    ,(#10583,#10584,#10585,#10586)
    ,(#10587,#10588,#10589,#10590)
    ,(#10591,#10592,#10593,#10594)
    ,(#10595,#10596,#10597,#10598
    )),.UNSPECIFIED.,.F.,.F.,.F.,(4,1,4),(4,4),(0.,0.5,1.),(
    -0.340561052965,0.614597026845),.UNSPECIFIED.);
#10579 = CARTESIAN_POINT('',(-6.681716876111,25.930099346009,
    48.966545257988));
#10580 = CARTESIAN_POINT('',(-6.676517717365,25.509958935101,
    49.115429684698));
#10581 = CARTESIAN_POINT('',(-6.678879882567,25.01936846627,
    49.047786123684));
#10582 = CARTESIAN_POINT('',(-6.687855463645,24.655195908366,
    48.79075911058));
#10583 = CARTESIAN_POINT('',(-6.685089264179,25.895835363604,
    48.869972699098));
#10584 = CARTESIAN_POINT('',(-6.680270995715,25.506610883822,
    49.00816661801));
#10585 = CARTESIAN_POINT('',(-6.682472144833,25.051640965537,
    48.945294624798));
#10586 = CARTESIAN_POINT('',(-6.690786546574,24.714508258997,
    48.706823877425));
#10587 = CARTESIAN_POINT('',(-6.774716375229,25.827575208873,
    48.680477635696));
#10588 = CARTESIAN_POINT('',(-6.770208476232,25.499680583057,
    48.797431049964));
#10589 = CARTESIAN_POINT('',(-6.772257425019,25.116172760685,
    48.744139302598));
#10590 = CARTESIAN_POINT('',(-6.78003179253,24.832663669723,
    48.542530133732));
#10591 = CARTESIAN_POINT('',(-6.978953829753,25.797620074137,
    48.603078676494));
#10592 = CARTESIAN_POINT('',(-6.97399187994,25.4968644204,
    48.710069562989));
#10593 = CARTESIAN_POINT('',(-6.976250705879,25.144459259329,
    48.661264552208));
#10594 = CARTESIAN_POINT('',(-6.984814008637,24.884156464808,
    48.476722951398));
#10595 = CARTESIAN_POINT('',(-7.081473206919,25.796492956039,
    48.603478091374));
#10596 = CARTESIAN_POINT('',(-7.076274048173,25.496392662533,
    48.709824110453));
#10597 = CARTESIAN_POINT('',(-7.078636213375,25.145970899082,
    48.661507281157));
#10598 = CARTESIAN_POINT('',(-7.087611794452,24.885847643437,
    48.477916557512));
#10599 = ADVANCED_FACE('',(#10600),#10629,.F.);
#10600 = FACE_BOUND('',#10601,.F.);
#10601 = EDGE_LOOP('',(#10602,#10612,#10619,#10620,#10621,#10622));
#10602 = ORIENTED_EDGE('',*,*,#10603,.T.);
#10603 = EDGE_CURVE('',#10604,#10606,#10608,.T.);
#10604 = VERTEX_POINT('',#10605);
#10605 = CARTESIAN_POINT('',(-7.098531048587,27.006904004849,
    48.125454030247));
#10606 = VERTEX_POINT('',#10607);
#10607 = CARTESIAN_POINT('',(-6.595025976906,27.006904004849,
    48.125454030247));
#10608 = LINE('',#10609,#10610);
#10609 = CARTESIAN_POINT('',(-12.90797034515,27.00690400485,
    48.125454030247));
#10610 = VECTOR('',#10611,1.);
#10611 = DIRECTION('',(1.,-1.527666881884E-13,-5.143252548722E-15));
#10612 = ORIENTED_EDGE('',*,*,#10613,.T.);
#10613 = EDGE_CURVE('',#10606,#9419,#10614,.T.);
#10614 = ELLIPSE('',#10615,18.311772333463,18.300000000001);
#10615 = AXIS2_PLACEMENT_3D('',#10616,#10617,#10618);
#10616 = CARTESIAN_POINT('',(-7.196682288953,19.6840006149,
    31.354494429154));
#10617 = DIRECTION('',(-0.999357116654,1.514936682131E-13,
    3.585182550819E-02));
#10618 = DIRECTION('',(3.585182550819E-02,-3.698595525126E-14,
    0.999357116654));
#10619 = ORIENTED_EDGE('',*,*,#9438,.T.);
#10620 = ORIENTED_EDGE('',*,*,#8169,.T.);
#10621 = ORIENTED_EDGE('',*,*,#10356,.T.);
#10622 = ORIENTED_EDGE('',*,*,#10623,.T.);
#10623 = EDGE_CURVE('',#10357,#10604,#10624,.T.);
#10624 = ELLIPSE('',#10625,18.311647468675,18.300000000001);
#10625 = AXIS2_PLACEMENT_3D('',#10626,#10627,#10628);
#10626 = CARTESIAN_POINT('',(-7.696987061102,19.6840006149,
    31.354494429154));
#10627 = DIRECTION('',(-0.999363931143,1.510925555811E-13,
    3.566136747733E-02));
#10628 = DIRECTION('',(3.566136747733E-02,-1.235971372662E-13,
    0.999363931143));
#10629 = CYLINDRICAL_SURFACE('',#10630,18.300000000001);
#10630 = AXIS2_PLACEMENT_3D('',#10631,#10632,#10633);
#10631 = CARTESIAN_POINT('',(-12.90797034515,19.684000614901,
    31.354494429154));
#10632 = DIRECTION('',(1.,-1.527666881884E-13,-5.143252548722E-15));
#10633 = DIRECTION('',(-5.594861979308E-14,-0.400498419604,
    0.916297449464));
#10634 = ADVANCED_FACE('',(#10635),#10643,.T.);
#10635 = FACE_BOUND('',#10636,.T.);
#10636 = EDGE_LOOP('',(#10637,#10638,#10639,#10640,#10641,#10642));
#10637 = ORIENTED_EDGE('',*,*,#8426,.F.);
#10638 = ORIENTED_EDGE('',*,*,#8408,.F.);
#10639 = ORIENTED_EDGE('',*,*,#8358,.T.);
#10640 = ORIENTED_EDGE('',*,*,#8308,.T.);
#10641 = ORIENTED_EDGE('',*,*,#8333,.T.);
#10642 = ORIENTED_EDGE('',*,*,#8383,.F.);
#10643 = PLANE('',#10644);
#10644 = AXIS2_PLACEMENT_3D('',#10645,#10646,#10647);
#10645 = CARTESIAN_POINT('',(-5.407969580528,19.232345826783,
    25.452305486115));
#10646 = DIRECTION('',(1.,-1.527866881884E-13,1.446747451278E-15));
#10647 = DIRECTION('',(1.51373668103E-13,0.9885438852,-0.150933717352));
#10648 = ADVANCED_FACE('',(#10649,#10652),#10663,.T.);
#10649 = FACE_BOUND('',#10650,.T.);
#10650 = EDGE_LOOP('',(#10651));
#10651 = ORIENTED_EDGE('',*,*,#8607,.F.);
#10652 = FACE_BOUND('',#10653,.T.);
#10653 = EDGE_LOOP('',(#10654));
#10654 = ORIENTED_EDGE('',*,*,#10655,.T.);
#10655 = EDGE_CURVE('',#10656,#10656,#10658,.T.);
#10656 = VERTEX_POINT('',#10657);
#10657 = CARTESIAN_POINT('',(-5.407969580524,44.084610527843,
    30.749329474667));
#10658 = CIRCLE('',#10659,2.100002945416);
#10659 = AXIS2_PLACEMENT_3D('',#10660,#10661,#10662);
#10660 = CARTESIAN_POINT('',(-5.407969580525,41.984607582426,
    30.749329474666));
#10661 = DIRECTION('',(-1.,1.529087327934E-13,-1.730613636481E-15));
#10662 = DIRECTION('',(-1.529087327934E-13,-1.,-4.130927421363E-14));
#10663 = PLANE('',#10664);
#10664 = AXIS2_PLACEMENT_3D('',#10665,#10666,#10667);
#10665 = CARTESIAN_POINT('',(-5.407969580521,63.691915803811,
    36.421486441345));
#10666 = DIRECTION('',(1.,-1.526866881884E-13,1.226747451278E-15));
#10667 = DIRECTION('',(-1.529087327934E-13,-1.,-4.125927421363E-14));
#10668 = ADVANCED_FACE('',(#10669),#10682,.T.);
#10669 = FACE_BOUND('',#10670,.T.);
#10670 = EDGE_LOOP('',(#10671,#10672,#10673,#10674,#10675,#10676,#10677,
    #10678,#10679,#10680,#10681));
#10671 = ORIENTED_EDGE('',*,*,#8796,.T.);
#10672 = ORIENTED_EDGE('',*,*,#8846,.T.);
#10673 = ORIENTED_EDGE('',*,*,#8895,.T.);
#10674 = ORIENTED_EDGE('',*,*,#8944,.T.);
#10675 = ORIENTED_EDGE('',*,*,#8959,.T.);
#10676 = ORIENTED_EDGE('',*,*,#8909,.T.);
#10677 = ORIENTED_EDGE('',*,*,#8871,.T.);
#10678 = ORIENTED_EDGE('',*,*,#8821,.T.);
#10679 = ORIENTED_EDGE('',*,*,#8772,.T.);
#10680 = ORIENTED_EDGE('',*,*,#8723,.T.);
#10681 = ORIENTED_EDGE('',*,*,#8748,.T.);
#10682 = PLANE('',#10683);
#10683 = AXIS2_PLACEMENT_3D('',#10684,#10685,#10686);
#10684 = CARTESIAN_POINT('',(-5.407969580528,21.721558489181,
    24.826820491263));
#10685 = DIRECTION('',(1.,-1.524666881884E-13,1.366747451278E-15));
#10686 = DIRECTION('',(1.520148463092E-13,0.995996701113,
    8.938999592554E-02));
#10687 = ADVANCED_FACE('',(#10688),#10692,.F.);
#10688 = FACE_BOUND('',#10689,.F.);
#10689 = EDGE_LOOP('',(#10690,#10691));
#10690 = ORIENTED_EDGE('',*,*,#9220,.F.);
#10691 = ORIENTED_EDGE('',*,*,#9172,.F.);
#10692 = PLANE('',#10693);
#10693 = AXIS2_PLACEMENT_3D('',#10694,#10695,#10696);
#10694 = CARTESIAN_POINT('',(-8.907969580535,-24.00808659618,
    36.421486441345));
#10695 = DIRECTION('',(1.,-1.520866881884E-13,-6.732525487225E-16));
#10696 = DIRECTION('',(-1.523087327934E-13,-1.,-4.100927421363E-14));
#10697 = ADVANCED_FACE('',(#10698,#10701),#10712,.T.);
#10698 = FACE_BOUND('',#10699,.T.);
#10699 = EDGE_LOOP('',(#10700));
#10700 = ORIENTED_EDGE('',*,*,#9204,.F.);
#10701 = FACE_BOUND('',#10702,.T.);
#10702 = EDGE_LOOP('',(#10703));
#10703 = ORIENTED_EDGE('',*,*,#10704,.T.);
#10704 = EDGE_CURVE('',#10705,#10705,#10707,.T.);
#10705 = VERTEX_POINT('',#10706);
#10706 = CARTESIAN_POINT('',(-5.407969580531,0.234605617791,
    30.749329474666));
#10707 = CIRCLE('',#10708,2.099999235364);
#10708 = AXIS2_PLACEMENT_3D('',#10709,#10710,#10711);
#10709 = CARTESIAN_POINT('',(-5.407969580531,-1.865393617573,
    30.749329474665));
#10710 = DIRECTION('',(-1.,1.523087327934E-13,-4.230613636481E-15));
#10711 = DIRECTION('',(-1.523087327934E-13,-1.,-4.106927421363E-14));
#10712 = PLANE('',#10713);
#10713 = AXIS2_PLACEMENT_3D('',#10714,#10715,#10716);
#10714 = CARTESIAN_POINT('',(-5.407969580535,-24.00808659618,
    36.421486441343));
#10715 = DIRECTION('',(1.,-1.520866881884E-13,4.896747451278E-15));
#10716 = DIRECTION('',(-1.523087327934E-13,-1.,-4.100927421363E-14));
#10717 = ADVANCED_FACE('',(#10718),#10724,.F.);
#10718 = FACE_BOUND('',#10719,.F.);
#10719 = EDGE_LOOP('',(#10720,#10721,#10722,#10723));
#10720 = ORIENTED_EDGE('',*,*,#9328,.T.);
#10721 = ORIENTED_EDGE('',*,*,#9545,.T.);
#10722 = ORIENTED_EDGE('',*,*,#9264,.T.);
#10723 = ORIENTED_EDGE('',*,*,#9290,.T.);
#10724 = CYLINDRICAL_SURFACE('',#10725,0.5);
#10725 = AXIS2_PLACEMENT_3D('',#10726,#10727,#10728);
#10726 = CARTESIAN_POINT('',(-6.521912233398,31.313521901573,
    50.677380647701));
#10727 = DIRECTION('',(-0.999390827019,1.512516403999E-13,
    3.48994967025E-02));
#10728 = DIRECTION('',(-1.529929181818E-13,-1.,-4.130912805664E-14));
#10729 = ADVANCED_FACE('',(#10730),#10749,.T.);
#10730 = FACE_BOUND('',#10731,.T.);
#10731 = EDGE_LOOP('',(#10732,#10733,#10734,#10742));
#10732 = ORIENTED_EDGE('',*,*,#9377,.T.);
#10733 = ORIENTED_EDGE('',*,*,#10413,.F.);
#10734 = ORIENTED_EDGE('',*,*,#10735,.T.);
#10735 = EDGE_CURVE('',#10414,#10736,#10738,.T.);
#10736 = VERTEX_POINT('',#10737);
#10737 = CARTESIAN_POINT('',(-6.428273640978,26.766967466924,
    50.493468262542));
#10738 = LINE('',#10739,#10740);
#10739 = CARTESIAN_POINT('',(-6.428273640978,23.325966342292,
    50.493468262542));
#10740 = VECTOR('',#10741,1.);
#10741 = DIRECTION('',(1.509487327934E-13,1.,-1.723072578637E-14));
#10742 = ORIENTED_EDGE('',*,*,#10743,.F.);
#10743 = EDGE_CURVE('',#9378,#10736,#10744,.T.);
#10744 = ELLIPSE('',#10745,0.565685424949,0.4);
#10745 = AXIS2_PLACEMENT_3D('',#10746,#10747,#10748);
#10746 = CARTESIAN_POINT('',(-6.414313842297,27.166967466924,
    50.893224593349));
#10747 = DIRECTION('',(-2.467767077823E-02,0.707106781187,
    -0.706676030841));
#10748 = DIRECTION('',(2.467767077844E-02,0.707106781187,0.706676030841)
  );
#10749 = CYLINDRICAL_SURFACE('',#10750,0.4);
#10750 = AXIS2_PLACEMENT_3D('',#10751,#10752,#10753);
#10751 = CARTESIAN_POINT('',(-6.414313842297,23.325966342292,
    50.893224593349));
#10752 = DIRECTION('',(1.509487327934E-13,1.,-1.723072578637E-14));
#10753 = DIRECTION('',(0.681998360062,-1.157218955351E-13,
    -0.731353701619));
#10754 = ADVANCED_FACE('',(#10755),#10774,.T.);
#10755 = FACE_BOUND('',#10756,.T.);
#10756 = EDGE_LOOP('',(#10757,#10765,#10772,#10773));
#10757 = ORIENTED_EDGE('',*,*,#10758,.T.);
#10758 = EDGE_CURVE('',#10736,#10759,#10761,.T.);
#10759 = VERTEX_POINT('',#10760);
#10760 = CARTESIAN_POINT('',(-6.494478667657,26.766967466924,
    48.597604349937));
#10761 = LINE('',#10762,#10763);
#10762 = CARTESIAN_POINT('',(-6.74121776384,26.766967466924,
    41.531921096843));
#10763 = VECTOR('',#10764,1.);
#10764 = DIRECTION('',(-3.48994967025E-02,-1.24081553314E-14,
    -0.999390827019));
#10765 = ORIENTED_EDGE('',*,*,#10766,.T.);
#10766 = EDGE_CURVE('',#10759,#9386,#10767,.T.);
#10767 = CIRCLE('',#10768,0.4);
#10768 = AXIS2_PLACEMENT_3D('',#10769,#10770,#10771);
#10769 = CARTESIAN_POINT('',(-6.494478667657,27.166967466924,
    48.597604349937));
#10770 = DIRECTION('',(3.48994967025E-02,8.976587403686E-15,
    0.999390827019));
#10771 = DIRECTION('',(-1.529885996451E-13,-1.,1.432453865443E-14));
#10772 = ORIENTED_EDGE('',*,*,#9385,.T.);
#10773 = ORIENTED_EDGE('',*,*,#10743,.T.);
#10774 = CYLINDRICAL_SURFACE('',#10775,0.4);
#10775 = AXIS2_PLACEMENT_3D('',#10776,#10777,#10778);
#10776 = CARTESIAN_POINT('',(-6.74121776384,27.166967466924,
    41.531921096843));
#10777 = DIRECTION('',(-3.48994967025E-02,-1.24081553314E-14,
    -0.999390827019));
#10778 = DIRECTION('',(0.706676030841,-0.707106781187,
    -2.467767077832E-02));
#10779 = ADVANCED_FACE('',(#10780),#10794,.F.);
#10780 = FACE_BOUND('',#10781,.F.);
#10781 = EDGE_LOOP('',(#10782,#10783,#10784,#10785,#10786));
#10782 = ORIENTED_EDGE('',*,*,#9393,.F.);
#10783 = ORIENTED_EDGE('',*,*,#9447,.F.);
#10784 = ORIENTED_EDGE('',*,*,#9418,.F.);
#10785 = ORIENTED_EDGE('',*,*,#10613,.F.);
#10786 = ORIENTED_EDGE('',*,*,#10787,.T.);
#10787 = EDGE_CURVE('',#10606,#9386,#10788,.T.);
#10788 = B_SPLINE_CURVE_WITH_KNOTS('',3,(#10789,#10790,#10791,#10792,
    #10793),.UNSPECIFIED.,.F.,.F.,(4,1,4),(0.,8.0535360159E-03,
    1.61070720318E-02),.UNSPECIFIED.);
#10789 = CARTESIAN_POINT('',(-6.595025976906,27.006904004849,
    48.125454030247));
#10790 = CARTESIAN_POINT('',(-6.46082145265,27.008286231232,
    48.124850492315));
#10791 = CARTESIAN_POINT('',(-6.199689990265,27.048357074951,
    48.233956166874));
#10792 = CARTESIAN_POINT('',(-6.098812420704,27.127742038357,
    48.466519874067));
#10793 = CARTESIAN_POINT('',(-6.09472233685,27.166967466924,
    48.583644551255));
#10794 = B_SPLINE_SURFACE_WITH_KNOTS('',3,3,(
    (#10795,#10796,#10797,#10798)
    ,(#10799,#10800,#10801,#10802)
    ,(#10803,#10804,#10805,#10806)
    ,(#10807,#10808,#10809,#10810)
    ,(#10811,#10812,#10813,#10814
    )),.UNSPECIFIED.,.F.,.F.,.F.,(4,1,4),(4,4),(0.,0.5,1.),(
    0.409368570812,0.658042666135),.UNSPECIFIED.);
#10795 = CARTESIAN_POINT('',(-6.594417750359,26.967952391073,
    48.14240813284));
#10796 = CARTESIAN_POINT('',(-6.616078172597,28.35952547528,
    47.538631426735));
#10797 = CARTESIAN_POINT('',(-6.643976228166,29.675553842072,
    46.760982869682));
#10798 = CARTESIAN_POINT('',(-6.677257253168,30.875720633808,
    45.833285919413));
#10799 = CARTESIAN_POINT('',(-6.466198883646,26.969587314246,
    48.141698771226));
#10800 = CARTESIAN_POINT('',(-6.487767190529,28.361340814334,
    47.537679277862));
#10801 = CARTESIAN_POINT('',(-6.515549654882,29.677696910344,
    46.759620252506));
#10802 = CARTESIAN_POINT('',(-6.548688181901,30.877893071269,
    45.831606683142));
#10803 = CARTESIAN_POINT('',(-6.210770780573,27.014171326059,
    48.235535408924));
#10804 = CARTESIAN_POINT('',(-6.232162775852,28.414498580889,
    47.62765828094));
#10805 = CARTESIAN_POINT('',(-6.259709061552,29.738614579564,
    46.844800419929));
#10806 = CARTESIAN_POINT('',(-6.292574920476,30.946101989048,
    45.910905273706));
#10807 = CARTESIAN_POINT('',(-6.098827370639,27.115901383877,
    48.466091763928));
#10808 = CARTESIAN_POINT('',(-6.120339918606,28.535686452655,
    47.849968784896));
#10809 = CARTESIAN_POINT('',(-6.148059352956,29.878408942047,
    47.056402751545));
#10810 = CARTESIAN_POINT('',(-6.181111909481,31.102828496208,
    46.109770868371));
#10811 = CARTESIAN_POINT('',(-6.09472233685,27.166967466924,
    48.583644551256));
#10812 = CARTESIAN_POINT('',(-6.116382759087,28.59656167365,
    47.963371213837));
#10813 = CARTESIAN_POINT('',(-6.144280814657,29.948547099645,
    47.164475428449));
#10814 = CARTESIAN_POINT('',(-6.177561839659,31.181505333778,
    46.21143156697));
#10815 = ADVANCED_FACE('',(#10816),#10835,.F.);
#10816 = FACE_BOUND('',#10817,.T.);
#10817 = EDGE_LOOP('',(#10818,#10826,#10832,#10833,#10834));
#10818 = ORIENTED_EDGE('',*,*,#10819,.T.);
#10819 = EDGE_CURVE('',#9565,#10820,#10822,.T.);
#10820 = VERTEX_POINT('',#10821);
#10821 = CARTESIAN_POINT('',(-8.507971109785,43.186689110444,
    31.951411002685));
#10822 = LINE('',#10823,#10824);
#10823 = CARTESIAN_POINT('',(-8.507971109786,42.039409719886,
    33.098690393243));
#10824 = VECTOR('',#10825,1.);
#10825 = DIRECTION('',(-1.047086280608E-13,-0.707106781187,
    0.707106781187));
#10826 = ORIENTED_EDGE('',*,*,#10827,.T.);
#10827 = EDGE_CURVE('',#10820,#9853,#10828,.T.);
#10828 = LINE('',#10829,#10830);
#10829 = CARTESIAN_POINT('',(-8.507971109786,42.039409719886,
    33.098690393243));
#10830 = VECTOR('',#10831,1.);
#10831 = DIRECTION('',(-1.046693757493E-13,-0.707106781187,
    0.707106781187));
#10832 = ORIENTED_EDGE('',*,*,#9852,.F.);
#10833 = ORIENTED_EDGE('',*,*,#9902,.F.);
#10834 = ORIENTED_EDGE('',*,*,#9562,.T.);
#10835 = PLANE('',#10836);
#10836 = AXIS2_PLACEMENT_3D('',#10837,#10838,#10839);
#10837 = CARTESIAN_POINT('',(-8.907971109785,43.684607582427,
    31.453492530702));
#10838 = DIRECTION('',(1.094393650573E-13,0.707106781187,0.707106781187)
  );
#10839 = DIRECTION('',(-1.046693757493E-13,-0.707106781187,
    0.707106781187));
#10840 = ADVANCED_FACE('',(#10841),#10860,.F.);
#10841 = FACE_BOUND('',#10842,.T.);
#10842 = EDGE_LOOP('',(#10843,#10844,#10845,#10846,#10854));
#10843 = ORIENTED_EDGE('',*,*,#9594,.F.);
#10844 = ORIENTED_EDGE('',*,*,#9643,.F.);
#10845 = ORIENTED_EDGE('',*,*,#9658,.T.);
#10846 = ORIENTED_EDGE('',*,*,#10847,.T.);
#10847 = EDGE_CURVE('',#9659,#10848,#10850,.T.);
#10848 = VERTEX_POINT('',#10849);
#10849 = CARTESIAN_POINT('',(-8.507971109785,43.186689101108,
    29.547247937314));
#10850 = LINE('',#10851,#10852);
#10851 = CARTESIAN_POINT('',(-8.507971109786,42.039409719886,
    28.399968556092));
#10852 = VECTOR('',#10853,1.);
#10853 = DIRECTION('',(1.109093650573E-13,0.707106781187,0.707106781187)
  );
#10854 = ORIENTED_EDGE('',*,*,#10855,.T.);
#10855 = EDGE_CURVE('',#10848,#9595,#10856,.T.);
#10856 = LINE('',#10857,#10858);
#10857 = CARTESIAN_POINT('',(-8.507971109786,42.039409719886,
    28.399968556092));
#10858 = VECTOR('',#10859,1.);
#10859 = DIRECTION('',(1.101393650573E-13,0.707106781187,0.707106781187)
  );
#10860 = PLANE('',#10861);
#10861 = AXIS2_PLACEMENT_3D('',#10862,#10863,#10864);
#10862 = CARTESIAN_POINT('',(-8.907971109786,42.688770638462,
    29.049329474668));
#10863 = DIRECTION('',(1.062393757493E-13,0.707106781187,-0.707106781187
    ));
#10864 = DIRECTION('',(1.117293650573E-13,0.707106781187,0.707106781187)
  );
#10865 = ADVANCED_FACE('',(#10866),#10877,.T.);
#10866 = FACE_BOUND('',#10867,.T.);
#10867 = EDGE_LOOP('',(#10868,#10869,#10876));
#10868 = ORIENTED_EDGE('',*,*,#10855,.F.);
#10869 = ORIENTED_EDGE('',*,*,#10870,.F.);
#10870 = EDGE_CURVE('',#9603,#10848,#10871,.T.);
#10871 = CIRCLE('',#10872,1.7);
#10872 = AXIS2_PLACEMENT_3D('',#10873,#10874,#10875);
#10873 = CARTESIAN_POINT('',(-8.507972525933,41.984607582427,
    30.749329474667));
#10874 = DIRECTION('',(-1.,1.530187327934E-13,3.829386363519E-15));
#10875 = DIRECTION('',(-1.530187327934E-13,-1.,-4.125927421363E-14));
#10876 = ORIENTED_EDGE('',*,*,#9602,.F.);
#10877 = PLANE('',#10878);
#10878 = AXIS2_PLACEMENT_3D('',#10879,#10880,#10881);
#10879 = CARTESIAN_POINT('',(-8.507972525933,41.766915203812,
    31.118037286477));
#10880 = DIRECTION('',(-1.,1.527966881884E-13,3.163252548722E-15));
#10881 = DIRECTION('',(1.530187327934E-13,1.,4.130927421363E-14));
#10882 = ADVANCED_FACE('',(#10883),#10894,.T.);
#10883 = FACE_BOUND('',#10884,.T.);
#10884 = EDGE_LOOP('',(#10885,#10892,#10893));
#10885 = ORIENTED_EDGE('',*,*,#10886,.F.);
#10886 = EDGE_CURVE('',#10820,#9603,#10887,.T.);
#10887 = CIRCLE('',#10888,1.7);
#10888 = AXIS2_PLACEMENT_3D('',#10889,#10890,#10891);
#10889 = CARTESIAN_POINT('',(-8.507972525933,41.984607582427,
    30.749329474667));
#10890 = DIRECTION('',(-1.,1.530187327934E-13,4.909386363519E-15));
#10891 = DIRECTION('',(-1.530187327934E-13,-1.,-4.125927421363E-14));
#10892 = ORIENTED_EDGE('',*,*,#10819,.F.);
#10893 = ORIENTED_EDGE('',*,*,#9610,.F.);
#10894 = PLANE('',#10895);
#10895 = AXIS2_PLACEMENT_3D('',#10896,#10897,#10898);
#10896 = CARTESIAN_POINT('',(-8.507972525933,41.766915203812,
    31.118037286478));
#10897 = DIRECTION('',(-1.,1.527966881884E-13,4.333252548722E-15));
#10898 = DIRECTION('',(1.530187327934E-13,1.,4.130927421363E-14));
#10899 = ADVANCED_FACE('',(#10900),#10919,.F.);
#10900 = FACE_BOUND('',#10901,.T.);
#10901 = EDGE_LOOP('',(#10902,#10903,#10904,#10905,#10913));
#10902 = ORIENTED_EDGE('',*,*,#9683,.F.);
#10903 = ORIENTED_EDGE('',*,*,#9723,.F.);
#10904 = ORIENTED_EDGE('',*,*,#9747,.T.);
#10905 = ORIENTED_EDGE('',*,*,#10906,.T.);
#10906 = EDGE_CURVE('',#9748,#10907,#10909,.T.);
#10907 = VERTEX_POINT('',#10908);
#10908 = CARTESIAN_POINT('',(-8.507971109786,40.78252605441,
    29.54724794665));
#10909 = LINE('',#10910,#10911);
#10910 = CARTESIAN_POINT('',(-8.507971109786,39.635246663852,
    30.694527337209));
#10911 = VECTOR('',#10912,1.);
#10912 = DIRECTION('',(1.054893757493E-13,0.707106781187,-0.707106781187
    ));
#10913 = ORIENTED_EDGE('',*,*,#10914,.T.);
#10914 = EDGE_CURVE('',#10907,#9684,#10915,.T.);
#10915 = LINE('',#10916,#10917);
#10916 = CARTESIAN_POINT('',(-8.507971109786,39.635246663852,
    30.694527337209));
#10917 = VECTOR('',#10918,1.);
#10918 = DIRECTION('',(1.054893757493E-13,0.707106781187,-0.707106781187
    ));
#10919 = PLANE('',#10920);
#10920 = AXIS2_PLACEMENT_3D('',#10921,#10922,#10923);
#10921 = CARTESIAN_POINT('',(-8.907971109786,40.284607582427,
    30.045166418634));
#10922 = DIRECTION('',(-1.094393650573E-13,-0.707106781187,
    -0.707106781187));
#10923 = DIRECTION('',(1.046693757493E-13,0.707106781187,-0.707106781187
    ));
#10924 = ADVANCED_FACE('',(#10925),#10936,.T.);
#10925 = FACE_BOUND('',#10926,.T.);
#10926 = EDGE_LOOP('',(#10927,#10928,#10929));
#10927 = ORIENTED_EDGE('',*,*,#9691,.F.);
#10928 = ORIENTED_EDGE('',*,*,#10914,.F.);
#10929 = ORIENTED_EDGE('',*,*,#10930,.F.);
#10930 = EDGE_CURVE('',#9692,#10907,#10931,.T.);
#10931 = CIRCLE('',#10932,1.7);
#10932 = AXIS2_PLACEMENT_3D('',#10933,#10934,#10935);
#10933 = CARTESIAN_POINT('',(-8.507972525933,41.984607582427,
    30.749329474667));
#10934 = DIRECTION('',(-1.,1.530187327934E-13,3.829386363519E-15));
#10935 = DIRECTION('',(-1.530187327934E-13,-1.,-4.125927421363E-14));
#10936 = PLANE('',#10937);
#10937 = AXIS2_PLACEMENT_3D('',#10938,#10939,#10940);
#10938 = CARTESIAN_POINT('',(-8.507972525933,41.766915203812,
    31.118037286477));
#10939 = DIRECTION('',(-1.,1.527966881884E-13,3.163252548722E-15));
#10940 = DIRECTION('',(1.530187327934E-13,1.,4.130927421363E-14));
#10941 = ADVANCED_FACE('',(#10942),#10953,.T.);
#10942 = FACE_BOUND('',#10943,.T.);
#10943 = EDGE_LOOP('',(#10944,#10945,#10946));
#10944 = ORIENTED_EDGE('',*,*,#10847,.F.);
#10945 = ORIENTED_EDGE('',*,*,#9699,.F.);
#10946 = ORIENTED_EDGE('',*,*,#10947,.F.);
#10947 = EDGE_CURVE('',#10848,#9692,#10948,.T.);
#10948 = CIRCLE('',#10949,1.7);
#10949 = AXIS2_PLACEMENT_3D('',#10950,#10951,#10952);
#10950 = CARTESIAN_POINT('',(-8.507972525933,41.984607582427,
    30.749329474667));
#10951 = DIRECTION('',(-1.,1.530187327934E-13,3.829386363519E-15));
#10952 = DIRECTION('',(-1.530187327934E-13,-1.,-4.125927421363E-14));
#10953 = PLANE('',#10954);
#10954 = AXIS2_PLACEMENT_3D('',#10955,#10956,#10957);
#10955 = CARTESIAN_POINT('',(-8.507972525933,41.766915203812,
    31.118037286477));
#10956 = DIRECTION('',(-1.,1.527966881884E-13,3.163252548722E-15));
#10957 = DIRECTION('',(1.530187327934E-13,1.,4.130927421363E-14));
#10958 = ADVANCED_FACE('',(#10959),#10978,.F.);
#10959 = FACE_BOUND('',#10960,.T.);
#10960 = EDGE_LOOP('',(#10961,#10962,#10963,#10964,#10972));
#10961 = ORIENTED_EDGE('',*,*,#9772,.F.);
#10962 = ORIENTED_EDGE('',*,*,#9813,.F.);
#10963 = ORIENTED_EDGE('',*,*,#9876,.T.);
#10964 = ORIENTED_EDGE('',*,*,#10965,.T.);
#10965 = EDGE_CURVE('',#9869,#10966,#10968,.T.);
#10966 = VERTEX_POINT('',#10967);
#10967 = CARTESIAN_POINT('',(-8.507971109786,40.782525993633,
    31.951410941908));
#10968 = LINE('',#10969,#10970);
#10969 = CARTESIAN_POINT('',(-8.507971109786,39.635246663852,
    30.804131612127));
#10970 = VECTOR('',#10971,1.);
#10971 = DIRECTION('',(-1.117293650573E-13,-0.707106781187,
    -0.707106781187));
#10972 = ORIENTED_EDGE('',*,*,#10973,.T.);
#10973 = EDGE_CURVE('',#10966,#9773,#10974,.T.);
#10974 = LINE('',#10975,#10976);
#10975 = CARTESIAN_POINT('',(-8.507971109786,39.635246663852,
    30.804131612126));
#10976 = VECTOR('',#10977,1.);
#10977 = DIRECTION('',(-1.116693650573E-13,-0.707106781187,
    -0.707106781187));
#10978 = PLANE('',#10979);
#10979 = AXIS2_PLACEMENT_3D('',#10980,#10981,#10982);
#10980 = CARTESIAN_POINT('',(-8.907971109786,41.280444526393,
    32.449329474668));
#10981 = DIRECTION('',(-1.062393757493E-13,-0.707106781187,
    0.707106781187));
#10982 = DIRECTION('',(-1.117293650573E-13,-0.707106781187,
    -0.707106781187));
#10983 = ADVANCED_FACE('',(#10984),#10995,.T.);
#10984 = FACE_BOUND('',#10985,.T.);
#10985 = EDGE_LOOP('',(#10986,#10987,#10994));
#10986 = ORIENTED_EDGE('',*,*,#10973,.F.);
#10987 = ORIENTED_EDGE('',*,*,#10988,.F.);
#10988 = EDGE_CURVE('',#9781,#10966,#10989,.T.);
#10989 = CIRCLE('',#10990,1.7);
#10990 = AXIS2_PLACEMENT_3D('',#10991,#10992,#10993);
#10991 = CARTESIAN_POINT('',(-8.507972525933,41.984607582427,
    30.749329474667));
#10992 = DIRECTION('',(-1.,1.530187327934E-13,3.829386363519E-15));
#10993 = DIRECTION('',(-1.530187327934E-13,-1.,-4.125927421363E-14));
#10994 = ORIENTED_EDGE('',*,*,#9780,.F.);
#10995 = PLANE('',#10996);
#10996 = AXIS2_PLACEMENT_3D('',#10997,#10998,#10999);
#10997 = CARTESIAN_POINT('',(-8.507972525933,41.766915203812,
    31.118037286478));
#10998 = DIRECTION('',(-1.,1.527966881884E-13,4.333252548722E-15));
#10999 = DIRECTION('',(1.530187327934E-13,1.,4.130927421363E-14));
#11000 = ADVANCED_FACE('',(#11001),#11012,.T.);
#11001 = FACE_BOUND('',#11002,.T.);
#11002 = EDGE_LOOP('',(#11003,#11004,#11005));
#11003 = ORIENTED_EDGE('',*,*,#10906,.F.);
#11004 = ORIENTED_EDGE('',*,*,#9788,.F.);
#11005 = ORIENTED_EDGE('',*,*,#11006,.F.);
#11006 = EDGE_CURVE('',#10907,#9781,#11007,.T.);
#11007 = CIRCLE('',#11008,1.7);
#11008 = AXIS2_PLACEMENT_3D('',#11009,#11010,#11011);
#11009 = CARTESIAN_POINT('',(-8.507972525933,41.984607582427,
    30.749329474667));
#11010 = DIRECTION('',(-1.,1.530187327934E-13,3.829386363519E-15));
#11011 = DIRECTION('',(-1.530187327934E-13,-1.,-4.125927421363E-14));
#11012 = PLANE('',#11013);
#11013 = AXIS2_PLACEMENT_3D('',#11014,#11015,#11016);
#11014 = CARTESIAN_POINT('',(-8.507972525933,41.766915203812,
    31.118037286477));
#11015 = DIRECTION('',(-1.,1.527966881884E-13,3.163252548722E-15));
#11016 = DIRECTION('',(1.530187327934E-13,1.,4.130927421363E-14));
#11017 = ADVANCED_FACE('',(#11018),#11029,.T.);
#11018 = FACE_BOUND('',#11019,.T.);
#11019 = EDGE_LOOP('',(#11020,#11021,#11022));
#11020 = ORIENTED_EDGE('',*,*,#9860,.F.);
#11021 = ORIENTED_EDGE('',*,*,#10827,.F.);
#11022 = ORIENTED_EDGE('',*,*,#11023,.F.);
#11023 = EDGE_CURVE('',#9861,#10820,#11024,.T.);
#11024 = CIRCLE('',#11025,1.7);
#11025 = AXIS2_PLACEMENT_3D('',#11026,#11027,#11028);
#11026 = CARTESIAN_POINT('',(-8.507972525933,41.984607582427,
    30.749329474667));
#11027 = DIRECTION('',(-1.,1.530187327934E-13,4.999386363519E-15));
#11028 = DIRECTION('',(-1.530187327934E-13,-1.,-4.125927421363E-14));
#11029 = PLANE('',#11030);
#11030 = AXIS2_PLACEMENT_3D('',#11031,#11032,#11033);
#11031 = CARTESIAN_POINT('',(-8.507972525933,41.766915203812,
    31.118037286478));
#11032 = DIRECTION('',(-1.,1.527966881884E-13,4.333252548722E-15));
#11033 = DIRECTION('',(1.530187327934E-13,1.,4.130927421363E-14));
#11034 = ADVANCED_FACE('',(#11035),#11046,.T.);
#11035 = FACE_BOUND('',#11036,.T.);
#11036 = EDGE_LOOP('',(#11037,#11038,#11039));
#11037 = ORIENTED_EDGE('',*,*,#10965,.F.);
#11038 = ORIENTED_EDGE('',*,*,#9868,.F.);
#11039 = ORIENTED_EDGE('',*,*,#11040,.F.);
#11040 = EDGE_CURVE('',#10966,#9861,#11041,.T.);
#11041 = CIRCLE('',#11042,1.7);
#11042 = AXIS2_PLACEMENT_3D('',#11043,#11044,#11045);
#11043 = CARTESIAN_POINT('',(-8.507972525933,41.984607582427,
    30.749329474667));
#11044 = DIRECTION('',(-1.,1.530187327934E-13,4.999386363519E-15));
#11045 = DIRECTION('',(-1.530187327934E-13,-1.,-4.125927421363E-14));
#11046 = PLANE('',#11047);
#11047 = AXIS2_PLACEMENT_3D('',#11048,#11049,#11050);
#11048 = CARTESIAN_POINT('',(-8.507972525933,41.766915203812,
    31.118037286478));
#11049 = DIRECTION('',(-1.,1.527966881884E-13,4.333252548722E-15));
#11050 = DIRECTION('',(1.530187327934E-13,1.,4.130927421363E-14));
#11051 = ADVANCED_FACE('',(#11052),#11103,.F.);
#11052 = FACE_BOUND('',#11053,.T.);
#11053 = EDGE_LOOP('',(#11054,#11055,#11063,#11071,#11079,#11087,#11095,
    #11101,#11102));
#11054 = ORIENTED_EDGE('',*,*,#9962,.T.);
#11055 = ORIENTED_EDGE('',*,*,#11056,.T.);
#11056 = EDGE_CURVE('',#9963,#11057,#11059,.T.);
#11057 = VERTEX_POINT('',#11058);
#11058 = CARTESIAN_POINT('',(-8.707968815901,-0.165393617572,
    30.045166418633));
#11059 = LINE('',#11060,#11061);
#11060 = CARTESIAN_POINT('',(-8.707967399753,-0.165393617572,
    32.371827548626));
#11061 = VECTOR('',#11062,1.);
#11062 = DIRECTION('',(1.329386363513E-15,-4.062518500372E-14,1.));
#11063 = ORIENTED_EDGE('',*,*,#11064,.T.);
#11064 = EDGE_CURVE('',#11057,#11065,#11067,.T.);
#11065 = VERTEX_POINT('',#11066);
#11066 = CARTESIAN_POINT('',(-8.507967399753,-0.165393617572,
    30.045166418632));
#11067 = LINE('',#11068,#11069);
#11068 = CARTESIAN_POINT('',(-8.907967399753,-0.165393617572,
    30.045166418633));
#11069 = VECTOR('',#11070,1.);
#11070 = DIRECTION('',(1.,-1.516866881884E-13,3.156747451278E-15));
#11071 = ORIENTED_EDGE('',*,*,#11072,.T.);
#11072 = EDGE_CURVE('',#11065,#11073,#11075,.T.);
#11073 = VERTEX_POINT('',#11074);
#11074 = CARTESIAN_POINT('',(-8.507967399753,-0.165393617572,
    30.749329474667));
#11075 = LINE('',#11076,#11077);
#11076 = CARTESIAN_POINT('',(-8.507967399753,-0.165393617572,
    32.371827548626));
#11077 = VECTOR('',#11078,1.);
#11078 = DIRECTION('',(1.593863635127E-16,-4.062518500372E-14,1.));
#11079 = ORIENTED_EDGE('',*,*,#11080,.T.);
#11080 = EDGE_CURVE('',#11073,#11081,#11083,.T.);
#11081 = VERTEX_POINT('',#11082);
#11082 = CARTESIAN_POINT('',(-8.507967399753,-0.165393617572,
    31.453492530701));
#11083 = LINE('',#11084,#11085);
#11084 = CARTESIAN_POINT('',(-8.507967399753,-0.165393617572,
    32.371827548626));
#11085 = VECTOR('',#11086,1.);
#11086 = DIRECTION('',(1.593863635127E-16,-4.062518500372E-14,1.));
#11087 = ORIENTED_EDGE('',*,*,#11088,.F.);
#11088 = EDGE_CURVE('',#11089,#11081,#11091,.T.);
#11089 = VERTEX_POINT('',#11090);
#11090 = CARTESIAN_POINT('',(-8.707968815901,-0.165393617572,
    31.453492530702));
#11091 = LINE('',#11092,#11093);
#11092 = CARTESIAN_POINT('',(-8.907967399753,-0.165393617572,
    31.453492530701));
#11093 = VECTOR('',#11094,1.);
#11094 = DIRECTION('',(1.,-1.516866881884E-13,3.236747451278E-15));
#11095 = ORIENTED_EDGE('',*,*,#11096,.T.);
#11096 = EDGE_CURVE('',#11089,#10052,#11097,.T.);
#11097 = LINE('',#11098,#11099);
#11098 = CARTESIAN_POINT('',(-8.707967399753,-0.165393617572,
    32.371827548626));
#11099 = VECTOR('',#11100,1.);
#11100 = DIRECTION('',(1.329386363513E-15,-4.062518500372E-14,1.));
#11101 = ORIENTED_EDGE('',*,*,#10060,.T.);
#11102 = ORIENTED_EDGE('',*,*,#9946,.F.);
#11103 = PLANE('',#11104);
#11104 = AXIS2_PLACEMENT_3D('',#11105,#11106,#11107);
#11105 = CARTESIAN_POINT('',(-8.907967399753,-0.165393617572,
    29.126831400708));
#11106 = DIRECTION('',(1.519087327934E-13,1.,4.106927421363E-14));
#11107 = DIRECTION('',(1.329386363513E-15,-4.062518500372E-14,1.));
#11108 = ADVANCED_FACE('',(#11109),#11127,.T.);
#11109 = FACE_BOUND('',#11110,.T.);
#11110 = EDGE_LOOP('',(#11111,#11112,#11113,#11121));
#11111 = ORIENTED_EDGE('',*,*,#11056,.F.);
#11112 = ORIENTED_EDGE('',*,*,#9970,.T.);
#11113 = ORIENTED_EDGE('',*,*,#11114,.F.);
#11114 = EDGE_CURVE('',#11115,#9971,#11117,.T.);
#11115 = VERTEX_POINT('',#11116);
#11116 = CARTESIAN_POINT('',(-8.707968815901,-1.161230561538,
    29.049329474667));
#11117 = LINE('',#11118,#11119);
#11118 = CARTESIAN_POINT('',(-8.707967399754,-3.487891691531,
    29.049329474667));
#11119 = VECTOR('',#11120,1.);
#11120 = DIRECTION('',(1.524187327934E-13,1.,4.106927421363E-14));
#11121 = ORIENTED_EDGE('',*,*,#11122,.T.);
#11122 = EDGE_CURVE('',#11115,#11057,#11123,.T.);
#11123 = LINE('',#11124,#11125);
#11124 = CARTESIAN_POINT('',(-8.707968815901,-0.663312094223,
    29.547247941982));
#11125 = VECTOR('',#11126,1.);
#11126 = DIRECTION('',(1.087093650573E-13,0.707106781187,0.707106781187)
  );
#11127 = PLANE('',#11128);
#11128 = AXIS2_PLACEMENT_3D('',#11129,#11130,#11131);
#11129 = CARTESIAN_POINT('',(-8.707968815901,-2.083085996187,
    31.118037286477));
#11130 = DIRECTION('',(-1.,1.521966881884E-13,6.632525487225E-16));
#11131 = DIRECTION('',(1.524187327934E-13,1.,4.106927421363E-14));
#11132 = ADVANCED_FACE('',(#11133),#11184,.F.);
#11133 = FACE_BOUND('',#11134,.T.);
#11134 = EDGE_LOOP('',(#11135,#11136,#11144,#11152,#11160,#11168,#11176,
    #11182,#11183));
#11135 = ORIENTED_EDGE('',*,*,#9994,.F.);
#11136 = ORIENTED_EDGE('',*,*,#11137,.T.);
#11137 = EDGE_CURVE('',#9995,#11138,#11140,.T.);
#11138 = VERTEX_POINT('',#11139);
#11139 = CARTESIAN_POINT('',(-8.707967399754,-3.487891691531,
    29.049329474667));
#11140 = LINE('',#11141,#11142);
#11141 = CARTESIAN_POINT('',(-8.307968815901,-3.487891691531,
    29.049329474667));
#11142 = VECTOR('',#11143,1.);
#11143 = DIRECTION('',(1.,-1.520566881884E-13,2.076747451278E-15));
#11144 = ORIENTED_EDGE('',*,*,#11145,.T.);
#11145 = EDGE_CURVE('',#11138,#11146,#11148,.T.);
#11146 = VERTEX_POINT('',#11147);
#11147 = CARTESIAN_POINT('',(-8.707967399754,-2.569556673606,
    29.049329474667));
#11148 = LINE('',#11149,#11150);
#11149 = CARTESIAN_POINT('',(-8.707967399754,-3.487891691531,
    29.049329474667));
#11150 = VECTOR('',#11151,1.);
#11151 = DIRECTION('',(1.524187327934E-13,1.,4.106927421363E-14));
#11152 = ORIENTED_EDGE('',*,*,#11153,.T.);
#11153 = EDGE_CURVE('',#11146,#11154,#11156,.T.);
#11154 = VERTEX_POINT('',#11155);
#11155 = CARTESIAN_POINT('',(-8.507967399754,-2.569556673606,
    29.049329474667));
#11156 = LINE('',#11157,#11158);
#11157 = CARTESIAN_POINT('',(-8.907967399754,-2.569556673606,
    29.049329474667));
#11158 = VECTOR('',#11159,1.);
#11159 = DIRECTION('',(1.,-1.516866881884E-13,2.156747451278E-15));
#11160 = ORIENTED_EDGE('',*,*,#11161,.T.);
#11161 = EDGE_CURVE('',#11154,#11162,#11164,.T.);
#11162 = VERTEX_POINT('',#11163);
#11163 = CARTESIAN_POINT('',(-8.507967399754,-1.865393617572,
    29.049329474667));
#11164 = LINE('',#11165,#11166);
#11165 = CARTESIAN_POINT('',(-8.507967399754,-3.487891691531,
    29.049329474667));
#11166 = VECTOR('',#11167,1.);
#11167 = DIRECTION('',(1.524187327934E-13,1.,4.106927421363E-14));
#11168 = ORIENTED_EDGE('',*,*,#11169,.T.);
#11169 = EDGE_CURVE('',#11162,#11170,#11172,.T.);
#11170 = VERTEX_POINT('',#11171);
#11171 = CARTESIAN_POINT('',(-8.507967399754,-1.161230561538,
    29.049329474667));
#11172 = LINE('',#11173,#11174);
#11173 = CARTESIAN_POINT('',(-8.507967399754,-3.487891691531,
    29.049329474667));
#11174 = VECTOR('',#11175,1.);
#11175 = DIRECTION('',(1.524187327934E-13,1.,4.106927421363E-14));
#11176 = ORIENTED_EDGE('',*,*,#11177,.F.);
#11177 = EDGE_CURVE('',#11115,#11170,#11178,.T.);
#11178 = LINE('',#11179,#11180);
#11179 = CARTESIAN_POINT('',(-8.907967399754,-1.161230561538,
    29.049329474667));
#11180 = VECTOR('',#11181,1.);
#11181 = DIRECTION('',(1.,-1.516866881884E-13,3.236747451278E-15));
#11182 = ORIENTED_EDGE('',*,*,#11114,.T.);
#11183 = ORIENTED_EDGE('',*,*,#9979,.T.);
#11184 = PLANE('',#11185);
#11185 = AXIS2_PLACEMENT_3D('',#11186,#11187,#11188);
#11186 = CARTESIAN_POINT('',(-8.907967399754,-3.487891691531,
    29.049329474667));
#11187 = DIRECTION('',(1.410613636487E-15,4.062518500372E-14,-1.));
#11188 = DIRECTION('',(1.524187327934E-13,1.,4.106927421363E-14));
#11189 = ADVANCED_FACE('',(#11190),#11209,.F.);
#11190 = FACE_BOUND('',#11191,.F.);
#11191 = EDGE_LOOP('',(#11192,#11193,#11202,#11208));
#11192 = ORIENTED_EDGE('',*,*,#11137,.T.);
#11193 = ORIENTED_EDGE('',*,*,#11194,.T.);
#11194 = EDGE_CURVE('',#11138,#11195,#11197,.T.);
#11195 = VERTEX_POINT('',#11196);
#11196 = CARTESIAN_POINT('',(-8.707967399754,-3.565393617572,
    29.126831400708));
#11197 = CIRCLE('',#11198,2.35);
#11198 = AXIS2_PLACEMENT_3D('',#11199,#11200,#11201);
#11199 = CARTESIAN_POINT('',(-8.707968815901,-1.865393617572,
    30.749329474667));
#11200 = DIRECTION('',(-1.,1.524187327934E-13,1.329386363519E-15));
#11201 = DIRECTION('',(-1.524187327934E-13,-1.,-4.106927421363E-14));
#11202 = ORIENTED_EDGE('',*,*,#11203,.T.);
#11203 = EDGE_CURVE('',#11195,#10003,#11204,.T.);
#11204 = LINE('',#11205,#11206);
#11205 = CARTESIAN_POINT('',(-8.307968815901,-3.565393617572,
    29.126831400708));
#11206 = VECTOR('',#11207,1.);
#11207 = DIRECTION('',(-1.,1.520566881884E-13,-2.076747451278E-15));
#11208 = ORIENTED_EDGE('',*,*,#10002,.F.);
#11209 = CYLINDRICAL_SURFACE('',#11210,2.35);
#11210 = AXIS2_PLACEMENT_3D('',#11211,#11212,#11213);
#11211 = CARTESIAN_POINT('',(-12.90797034516,-1.865393617572,
    30.749329474668));
#11212 = DIRECTION('',(1.,-1.683066881884E-13,8.596747451277E-15));
#11213 = DIRECTION('',(1.685287327934E-13,1.,4.100927421363E-14));
#11214 = ADVANCED_FACE('',(#11215),#11273,.F.);
#11215 = FACE_BOUND('',#11216,.T.);
#11216 = EDGE_LOOP('',(#11217,#11227,#11233,#11234,#11235,#11243,#11251,
    #11259,#11267));
#11217 = ORIENTED_EDGE('',*,*,#11218,.F.);
#11218 = EDGE_CURVE('',#11219,#11221,#11223,.T.);
#11219 = VERTEX_POINT('',#11220);
#11220 = CARTESIAN_POINT('',(-8.707968815901,-3.565393617572,
    30.045166418633));
#11221 = VERTEX_POINT('',#11222);
#11222 = CARTESIAN_POINT('',(-8.507967399754,-3.565393617572,
    30.045166418632));
#11223 = LINE('',#11224,#11225);
#11224 = CARTESIAN_POINT('',(-8.907967399754,-3.565393617572,
    30.045166418632));
#11225 = VECTOR('',#11226,1.);
#11226 = DIRECTION('',(1.,-1.516866881884E-13,3.236747451278E-15));
#11227 = ORIENTED_EDGE('',*,*,#11228,.T.);
#11228 = EDGE_CURVE('',#11219,#11195,#11229,.T.);
#11229 = LINE('',#11230,#11231);
#11230 = CARTESIAN_POINT('',(-8.707967399754,-3.565393617572,
    32.371827548626));
#11231 = VECTOR('',#11232,1.);
#11232 = DIRECTION('',(-1.329386363513E-15,4.062518500372E-14,-1.));
#11233 = ORIENTED_EDGE('',*,*,#11203,.T.);
#11234 = ORIENTED_EDGE('',*,*,#10011,.F.);
#11235 = ORIENTED_EDGE('',*,*,#11236,.T.);
#11236 = EDGE_CURVE('',#10012,#11237,#11239,.T.);
#11237 = VERTEX_POINT('',#11238);
#11238 = CARTESIAN_POINT('',(-8.707967399754,-3.565393617572,
    32.371827548626));
#11239 = LINE('',#11240,#11241);
#11240 = CARTESIAN_POINT('',(-8.307968815901,-3.565393617572,
    32.371827548626));
#11241 = VECTOR('',#11242,1.);
#11242 = DIRECTION('',(1.,-1.520566881884E-13,2.076747451278E-15));
#11243 = ORIENTED_EDGE('',*,*,#11244,.T.);
#11244 = EDGE_CURVE('',#11237,#11245,#11247,.T.);
#11245 = VERTEX_POINT('',#11246);
#11246 = CARTESIAN_POINT('',(-8.707967399754,-3.565393617572,
    31.453492530701));
#11247 = LINE('',#11248,#11249);
#11248 = CARTESIAN_POINT('',(-8.707967399754,-3.565393617572,
    32.371827548626));
#11249 = VECTOR('',#11250,1.);
#11250 = DIRECTION('',(-1.329386363513E-15,4.062518500372E-14,-1.));
#11251 = ORIENTED_EDGE('',*,*,#11252,.T.);
#11252 = EDGE_CURVE('',#11245,#11253,#11255,.T.);
#11253 = VERTEX_POINT('',#11254);
#11254 = CARTESIAN_POINT('',(-8.507967399754,-3.565393617572,
    31.453492530701));
#11255 = LINE('',#11256,#11257);
#11256 = CARTESIAN_POINT('',(-8.907967399754,-3.565393617572,
    31.453492530701));
#11257 = VECTOR('',#11258,1.);
#11258 = DIRECTION('',(1.,-1.516866881884E-13,2.156747451278E-15));
#11259 = ORIENTED_EDGE('',*,*,#11260,.T.);
#11260 = EDGE_CURVE('',#11253,#11261,#11263,.T.);
#11261 = VERTEX_POINT('',#11262);
#11262 = CARTESIAN_POINT('',(-8.507967399754,-3.565393617572,
    30.749329474667));
#11263 = LINE('',#11264,#11265);
#11264 = CARTESIAN_POINT('',(-8.507967399754,-3.565393617572,
    32.371827548625));
#11265 = VECTOR('',#11266,1.);
#11266 = DIRECTION('',(-1.593863635127E-16,4.062518500372E-14,-1.));
#11267 = ORIENTED_EDGE('',*,*,#11268,.T.);
#11268 = EDGE_CURVE('',#11261,#11221,#11269,.T.);
#11269 = LINE('',#11270,#11271);
#11270 = CARTESIAN_POINT('',(-8.507967399754,-3.565393617572,
    32.371827548625));
#11271 = VECTOR('',#11272,1.);
#11272 = DIRECTION('',(-1.593863635127E-16,4.062518500372E-14,-1.));
#11273 = PLANE('',#11274);
#11274 = AXIS2_PLACEMENT_3D('',#11275,#11276,#11277);
#11275 = CARTESIAN_POINT('',(-8.907967399754,-3.565393617572,
    32.371827548626));
#11276 = DIRECTION('',(-1.519087327934E-13,-1.,-4.106927421363E-14));
#11277 = DIRECTION('',(-1.329386363513E-15,4.062518500372E-14,-1.));
#11278 = ADVANCED_FACE('',(#11279),#11298,.F.);
#11279 = FACE_BOUND('',#11280,.F.);
#11280 = EDGE_LOOP('',(#11281,#11282,#11291,#11297));
#11281 = ORIENTED_EDGE('',*,*,#11236,.T.);
#11282 = ORIENTED_EDGE('',*,*,#11283,.T.);
#11283 = EDGE_CURVE('',#11237,#11284,#11286,.T.);
#11284 = VERTEX_POINT('',#11285);
#11285 = CARTESIAN_POINT('',(-8.707967399754,-3.487891691531,
    32.449329474667));
#11286 = CIRCLE('',#11287,2.35);
#11287 = AXIS2_PLACEMENT_3D('',#11288,#11289,#11290);
#11288 = CARTESIAN_POINT('',(-8.707968815901,-1.865393617572,
    30.749329474667));
#11289 = DIRECTION('',(-1.,1.524187327934E-13,1.329386363519E-15));
#11290 = DIRECTION('',(-1.524187327934E-13,-1.,-4.106927421363E-14));
#11291 = ORIENTED_EDGE('',*,*,#11292,.T.);
#11292 = EDGE_CURVE('',#11284,#10020,#11293,.T.);
#11293 = LINE('',#11294,#11295);
#11294 = CARTESIAN_POINT('',(-8.307968815901,-3.487891691531,
    32.449329474667));
#11295 = VECTOR('',#11296,1.);
#11296 = DIRECTION('',(-1.,1.520566881884E-13,-2.076747451278E-15));
#11297 = ORIENTED_EDGE('',*,*,#10019,.F.);
#11298 = CYLINDRICAL_SURFACE('',#11299,2.35);
#11299 = AXIS2_PLACEMENT_3D('',#11300,#11301,#11302);
#11300 = CARTESIAN_POINT('',(-12.90797034516,-1.865393617572,
    30.749329474668));
#11301 = DIRECTION('',(1.,-1.683066881884E-13,8.596747451277E-15));
#11302 = DIRECTION('',(1.685287327934E-13,1.,4.100927421363E-14));
#11303 = ADVANCED_FACE('',(#11304),#11355,.F.);
#11304 = FACE_BOUND('',#11305,.T.);
#11305 = EDGE_LOOP('',(#11306,#11307,#11315,#11323,#11331,#11339,#11347,
    #11353,#11354));
#11306 = ORIENTED_EDGE('',*,*,#10043,.T.);
#11307 = ORIENTED_EDGE('',*,*,#11308,.T.);
#11308 = EDGE_CURVE('',#10044,#11309,#11311,.T.);
#11309 = VERTEX_POINT('',#11310);
#11310 = CARTESIAN_POINT('',(-8.707967399753,-1.161230561538,
    32.449329474667));
#11311 = LINE('',#11312,#11313);
#11312 = CARTESIAN_POINT('',(-8.707967399753,-0.242895543613,
    32.449329474667));
#11313 = VECTOR('',#11314,1.);
#11314 = DIRECTION('',(-1.524187327934E-13,-1.,-4.106927421363E-14));
#11315 = ORIENTED_EDGE('',*,*,#11316,.T.);
#11316 = EDGE_CURVE('',#11309,#11317,#11319,.T.);
#11317 = VERTEX_POINT('',#11318);
#11318 = CARTESIAN_POINT('',(-8.507967399753,-1.161230561538,
    32.449329474667));
#11319 = LINE('',#11320,#11321);
#11320 = CARTESIAN_POINT('',(-8.907967399753,-1.161230561538,
    32.449329474667));
#11321 = VECTOR('',#11322,1.);
#11322 = DIRECTION('',(1.,-1.516866881884E-13,2.076747451278E-15));
#11323 = ORIENTED_EDGE('',*,*,#11324,.T.);
#11324 = EDGE_CURVE('',#11317,#11325,#11327,.T.);
#11325 = VERTEX_POINT('',#11326);
#11326 = CARTESIAN_POINT('',(-8.507967399754,-1.865393617572,
    32.449329474667));
#11327 = LINE('',#11328,#11329);
#11328 = CARTESIAN_POINT('',(-8.507967399753,-0.242895543614,
    32.449329474667));
#11329 = VECTOR('',#11330,1.);
#11330 = DIRECTION('',(-1.524187327934E-13,-1.,-4.106927421363E-14));
#11331 = ORIENTED_EDGE('',*,*,#11332,.T.);
#11332 = EDGE_CURVE('',#11325,#11333,#11335,.T.);
#11333 = VERTEX_POINT('',#11334);
#11334 = CARTESIAN_POINT('',(-8.507967399754,-2.569556673607,
    32.449329474667));
#11335 = LINE('',#11336,#11337);
#11336 = CARTESIAN_POINT('',(-8.507967399753,-0.242895543614,
    32.449329474667));
#11337 = VECTOR('',#11338,1.);
#11338 = DIRECTION('',(-1.524187327934E-13,-1.,-4.106927421363E-14));
#11339 = ORIENTED_EDGE('',*,*,#11340,.F.);
#11340 = EDGE_CURVE('',#11341,#11333,#11343,.T.);
#11341 = VERTEX_POINT('',#11342);
#11342 = CARTESIAN_POINT('',(-8.707968815901,-2.569556673606,
    32.449329474667));
#11343 = LINE('',#11344,#11345);
#11344 = CARTESIAN_POINT('',(-8.907967399754,-2.569556673606,
    32.449329474667));
#11345 = VECTOR('',#11346,1.);
#11346 = DIRECTION('',(1.,-1.516866881884E-13,2.076747451278E-15));
#11347 = ORIENTED_EDGE('',*,*,#11348,.T.);
#11348 = EDGE_CURVE('',#11341,#11284,#11349,.T.);
#11349 = LINE('',#11350,#11351);
#11350 = CARTESIAN_POINT('',(-8.707967399753,-0.242895543613,
    32.449329474667));
#11351 = VECTOR('',#11352,1.);
#11352 = DIRECTION('',(-1.524187327934E-13,-1.,-4.106927421363E-14));
#11353 = ORIENTED_EDGE('',*,*,#11292,.T.);
#11354 = ORIENTED_EDGE('',*,*,#10028,.F.);
#11355 = PLANE('',#11356);
#11356 = AXIS2_PLACEMENT_3D('',#11357,#11358,#11359);
#11357 = CARTESIAN_POINT('',(-8.907967399753,-0.242895543613,
    32.449329474667));
#11358 = DIRECTION('',(-1.410613636487E-15,-4.062518500372E-14,1.));
#11359 = DIRECTION('',(-1.524187327934E-13,-1.,-4.106927421363E-14));
#11360 = ADVANCED_FACE('',(#11361),#11372,.T.);
#11361 = FACE_BOUND('',#11362,.T.);
#11362 = EDGE_LOOP('',(#11363,#11369,#11370,#11371));
#11363 = ORIENTED_EDGE('',*,*,#11364,.T.);
#11364 = EDGE_CURVE('',#11089,#11309,#11365,.T.);
#11365 = LINE('',#11366,#11367);
#11366 = CARTESIAN_POINT('',(-8.707968815901,-0.663312089555,
    31.951411002684));
#11367 = VECTOR('',#11368,1.);
#11368 = DIRECTION('',(-1.068393757493E-13,-0.707106781187,
    0.707106781187));
#11369 = ORIENTED_EDGE('',*,*,#11308,.F.);
#11370 = ORIENTED_EDGE('',*,*,#10051,.T.);
#11371 = ORIENTED_EDGE('',*,*,#11096,.F.);
#11372 = PLANE('',#11373);
#11373 = AXIS2_PLACEMENT_3D('',#11374,#11375,#11376);
#11374 = CARTESIAN_POINT('',(-8.707968815901,-2.083085996187,
    31.118037286477));
#11375 = DIRECTION('',(-1.,1.521966881884E-13,6.632525487225E-16));
#11376 = DIRECTION('',(1.524187327934E-13,1.,4.106927421363E-14));
#11377 = ADVANCED_FACE('',(#11378),#11396,.T.);
#11378 = FACE_BOUND('',#11379,.T.);
#11379 = EDGE_LOOP('',(#11380,#11381,#11389,#11395));
#11380 = ORIENTED_EDGE('',*,*,#10432,.F.);
#11381 = ORIENTED_EDGE('',*,*,#11382,.T.);
#11382 = EDGE_CURVE('',#10433,#11383,#11385,.T.);
#11383 = VERTEX_POINT('',#11384);
#11384 = CARTESIAN_POINT('',(-6.628151806381,26.766967466924,
    50.500448161882));
#11385 = LINE('',#11386,#11387);
#11386 = CARTESIAN_POINT('',(-6.628151806382,25.966842790155,
    50.500448161882));
#11387 = VECTOR('',#11388,1.);
#11388 = DIRECTION('',(1.506187327934E-13,1.,-1.722072578637E-14));
#11389 = ORIENTED_EDGE('',*,*,#11390,.T.);
#11390 = EDGE_CURVE('',#11383,#10736,#11391,.T.);
#11391 = LINE('',#11392,#11393);
#11392 = CARTESIAN_POINT('',(-6.328334558276,26.766967466924,
    50.489978312872));
#11393 = VECTOR('',#11394,1.);
#11394 = DIRECTION('',(0.999390827019,-1.509216403999E-13,
    -3.489949670251E-02));
#11395 = ORIENTED_EDGE('',*,*,#10735,.F.);
#11396 = PLANE('',#11397);
#11397 = AXIS2_PLACEMENT_3D('',#11398,#11399,#11400);
#11398 = CARTESIAN_POINT('',(-6.328334558276,25.966842790155,
    50.489978312872));
#11399 = DIRECTION('',(-3.489949670251E-02,-1.24081553314E-14,
    -0.999390827019));
#11400 = DIRECTION('',(-0.999390827019,1.509216403999E-13,
    3.489949670251E-02));
#11401 = ADVANCED_FACE('',(#11402),#11423,.F.);
#11402 = FACE_BOUND('',#11403,.T.);
#11403 = EDGE_LOOP('',(#11404,#11413,#11419,#11420,#11421,#11422));
#11404 = ORIENTED_EDGE('',*,*,#11405,.F.);
#11405 = EDGE_CURVE('',#11406,#10563,#11408,.T.);
#11406 = VERTEX_POINT('',#11407);
#11407 = CARTESIAN_POINT('',(-6.692867735772,26.766967466924,
    48.647226416402));
#11408 = ELLIPSE('',#11409,18.711398478388,18.700000000001);
#11409 = AXIS2_PLACEMENT_3D('',#11410,#11411,#11412);
#11410 = CARTESIAN_POINT('',(-7.297230730295,19.6840006149,
    31.340534630473));
#11411 = DIRECTION('',(0.999390827019,-1.511280512514E-13,
    -3.489949670251E-02));
#11412 = DIRECTION('',(3.489949670251E-02,-1.234818446686E-13,
    0.999390827019));
#11413 = ORIENTED_EDGE('',*,*,#11414,.F.);
#11414 = EDGE_CURVE('',#11383,#11406,#11415,.T.);
#11415 = LINE('',#11416,#11417);
#11416 = CARTESIAN_POINT('',(-6.670802388612,26.766967466924,
    49.279095286468));
#11417 = VECTOR('',#11418,1.);
#11418 = DIRECTION('',(-3.489949670251E-02,-1.24081553314E-14,
    -0.999390827019));
#11419 = ORIENTED_EDGE('',*,*,#11382,.F.);
#11420 = ORIENTED_EDGE('',*,*,#10441,.F.);
#11421 = ORIENTED_EDGE('',*,*,#10515,.F.);
#11422 = ORIENTED_EDGE('',*,*,#10562,.F.);
#11423 = PLANE('',#11424);
#11424 = AXIS2_PLACEMENT_3D('',#11425,#11426,#11427);
#11425 = CARTESIAN_POINT('',(-6.670802388612,25.966842790155,
    49.279095286468));
#11426 = DIRECTION('',(-0.999390827019,1.509216403999E-13,
    3.489949670251E-02));
#11427 = DIRECTION('',(3.489949670251E-02,1.24081553314E-14,
    0.999390827019));
#11428 = ADVANCED_FACE('',(#11429),#11464,.F.);
#11429 = FACE_BOUND('',#11430,.F.);
#11430 = EDGE_LOOP('',(#11431,#11446,#11461,#11462,#11463));
#11431 = ORIENTED_EDGE('',*,*,#11432,.F.);
#11432 = EDGE_CURVE('',#11433,#11406,#11435,.T.);
#11433 = VERTEX_POINT('',#11434);
#11434 = CARTESIAN_POINT('',(-6.72530988912,26.766967466924,
    48.492032382184));
#11435 = B_SPLINE_CURVE_WITH_KNOTS('',3,(#11436,#11437,#11438,#11439,
    #11440,#11441,#11442,#11443,#11444,#11445),.UNSPECIFIED.,.F.,.F.,(4,
    3,3,4),(-1.59669407527E-02,-8.770759504633E-03,-1.625762524154E-03,
    0.),.UNSPECIFIED.);
#11436 = CARTESIAN_POINT('',(-6.725728593287,26.766995168926,
    48.492113277158));
#11437 = CARTESIAN_POINT('',(-6.71685346696,26.76699748387,
    48.514365747097));
#11438 = CARTESIAN_POINT('',(-6.709696383595,26.766995024487,
    48.537268202506));
#11439 = CARTESIAN_POINT('',(-6.704326616553,26.766988552801,
    48.560578439742));
#11440 = CARTESIAN_POINT('',(-6.698995043045,26.766982127146,
    48.583722878288));
#11441 = CARTESIAN_POINT('',(-6.695424937841,26.766972259296,
    48.607270549483));
#11442 = CARTESIAN_POINT('',(-6.693730622932,26.766968520236,
    48.631000920289));
#11443 = CARTESIAN_POINT('',(-6.69334510091,26.766967669456,
    48.636400495355));
#11444 = CARTESIAN_POINT('',(-6.693056905508,26.766967154504,
    48.641809554803));
#11445 = CARTESIAN_POINT('',(-6.692867767064,26.766967110479,
    48.647225520322));
#11446 = ORIENTED_EDGE('',*,*,#11447,.F.);
#11447 = EDGE_CURVE('',#10604,#11433,#11448,.T.);
#11448 = B_SPLINE_CURVE_WITH_KNOTS('',3,(#11449,#11450,#11451,#11452,
    #11453,#11454,#11455,#11456,#11457,#11458,#11459,#11460),
  .UNSPECIFIED.,.F.,.F.,(4,2,2,2,2,4),(-7.465333116688E-02,
    -7.425809973009E-02,-5.387774455292E-02,-3.47627656142E-02,
    -1.909555631413E-02,-1.522438182014E-02),.UNSPECIFIED.);
#11449 = CARTESIAN_POINT('',(-7.098531048587,27.006904004849,
    48.125454030247));
#11450 = CARTESIAN_POINT('',(-7.09757860437,27.006052638293,
    48.125825772544));
#11451 = CARTESIAN_POINT('',(-7.09662615808,27.005202562797,
    48.126200482486));
#11452 = CARTESIAN_POINT('',(-7.04656106898,26.960586496886,
    48.146052988716));
#11453 = CARTESIAN_POINT('',(-6.997028297095,26.919880427375,
    48.173584837659));
#11454 = CARTESIAN_POINT('',(-6.905432390263,26.851758814818,
    48.241416624859));
#11455 = CARTESIAN_POINT('',(-6.862245492169,26.823045914477,
    48.281462356046));
#11456 = CARTESIAN_POINT('',(-6.792229535292,26.784878384028,
    48.366456826255));
#11457 = CARTESIAN_POINT('',(-6.763497454268,26.772702593354,
    48.409689375461));
#11458 = CARTESIAN_POINT('',(-6.735264192131,26.767502858875,
    48.468286263303));
#11459 = CARTESIAN_POINT('',(-6.730063695304,26.766967466924,
    48.480084978682));
#11460 = CARTESIAN_POINT('',(-6.72530988912,26.766967466924,
    48.492032382184));
#11461 = ORIENTED_EDGE('',*,*,#10623,.F.);
#11462 = ORIENTED_EDGE('',*,*,#10571,.F.);
#11463 = ORIENTED_EDGE('',*,*,#11405,.F.);
#11464 = B_SPLINE_SURFACE_WITH_KNOTS('',3,3,(
    (#11465,#11466,#11467,#11468)
    ,(#11469,#11470,#11471,#11472)
    ,(#11473,#11474,#11475,#11476)
    ,(#11477,#11478,#11479,#11480)
    ,(#11481,#11482,#11483,#11484
    )),.UNSPECIFIED.,.F.,.F.,.F.,(4,1,4),(4,4),(0.,0.5,1.),(
    -0.411689959611,-0.340561052965),.UNSPECIFIED.);
#11465 = CARTESIAN_POINT('',(-6.69877471778,27.166967466924,
    48.478072583503));
#11466 = CARTESIAN_POINT('',(-6.69257913014,26.760642687858,
    48.655491000386));
#11467 = CARTESIAN_POINT('',(-6.686888388007,26.348005634163,
    48.818452533473));
#11468 = CARTESIAN_POINT('',(-6.681716876111,25.930099346009,
    48.966545257988));
#11469 = CARTESIAN_POINT('',(-6.702055493846,27.125895315065,
    48.384123449094));
#11470 = CARTESIAN_POINT('',(-6.695893926029,26.721812999966,
    48.560587038682));
#11471 = CARTESIAN_POINT('',(-6.69023241186,26.311439397895,
    48.722676077498));
#11472 = CARTESIAN_POINT('',(-6.685089264179,25.895835363604,
    48.869972699099));
#11473 = CARTESIAN_POINT('',(-6.791604418448,27.044073255533,
    48.199861168853));
#11474 = CARTESIAN_POINT('',(-6.785470585356,26.644439175159,
    48.374427728876));
#11475 = CARTESIAN_POINT('',(-6.779837413512,26.238612454402,
    48.534763737577));
#11476 = CARTESIAN_POINT('',(-6.774717378488,25.827575544182,
    48.680478616946));
#11477 = CARTESIAN_POINT('',(-6.995953905042,27.008217636017,
    48.12488044386));
#11478 = CARTESIAN_POINT('',(-6.989779509573,26.61054328481,
    48.298559605778));
#11479 = CARTESIAN_POINT('',(-6.984107677126,26.206635993851,
    48.458105688674));
#11480 = CARTESIAN_POINT('',(-6.978953829753,25.797620074137,
    48.603078676494));
#11481 = CARTESIAN_POINT('',(-7.098531048587,27.006904004849,
    48.125454030247));
#11482 = CARTESIAN_POINT('',(-7.092335460948,26.609270664908,
    48.29907740078));
#11483 = CARTESIAN_POINT('',(-7.086644718815,26.205460072253,
    48.458553125673));
#11484 = CARTESIAN_POINT('',(-7.081473206919,25.796492956039,
    48.603478091375));
#11485 = ADVANCED_FACE('',(#11486),#11505,.T.);
#11486 = FACE_BOUND('',#11487,.T.);
#11487 = EDGE_LOOP('',(#11488,#11489,#11498,#11504));
#11488 = ORIENTED_EDGE('',*,*,#10603,.T.);
#11489 = ORIENTED_EDGE('',*,*,#11490,.F.);
#11490 = EDGE_CURVE('',#11491,#10606,#11493,.T.);
#11491 = VERTEX_POINT('',#11492);
#11492 = CARTESIAN_POINT('',(-6.595025976906,26.766967466924,
    48.492032382183));
#11493 = CIRCLE('',#11494,0.4);
#11494 = AXIS2_PLACEMENT_3D('',#11495,#11496,#11497);
#11495 = CARTESIAN_POINT('',(-6.595025976906,27.166967466924,
    48.492032382183));
#11496 = DIRECTION('',(1.,-1.529887327934E-13,2.306136364811E-16));
#11497 = DIRECTION('',(-1.529887327934E-13,-1.,1.987072578637E-14));
#11498 = ORIENTED_EDGE('',*,*,#11499,.T.);
#11499 = EDGE_CURVE('',#11491,#11433,#11500,.T.);
#11500 = LINE('',#11501,#11502);
#11501 = CARTESIAN_POINT('',(-12.90797034515,26.766967466925,
    48.492032382184));
#11502 = VECTOR('',#11503,1.);
#11503 = DIRECTION('',(-1.,1.503966881884E-13,5.143252548722E-15));
#11504 = ORIENTED_EDGE('',*,*,#11447,.F.);
#11505 = CYLINDRICAL_SURFACE('',#11506,0.4);
#11506 = AXIS2_PLACEMENT_3D('',#11507,#11508,#11509);
#11507 = CARTESIAN_POINT('',(-12.90797034515,27.166967466925,
    48.492032382184));
#11508 = DIRECTION('',(-1.,1.527666881884E-13,5.143252548722E-15));
#11509 = DIRECTION('',(-1.311883210534E-13,-0.836707432496,
    -0.547650136863));
#11510 = ADVANCED_FACE('',(#11511),#11530,.F.);
#11511 = FACE_BOUND('',#11512,.F.);
#11512 = EDGE_LOOP('',(#11513,#11521,#11528,#11529));
#11513 = ORIENTED_EDGE('',*,*,#11514,.T.);
#11514 = EDGE_CURVE('',#10656,#11515,#11517,.T.);
#11515 = VERTEX_POINT('',#11516);
#11516 = CARTESIAN_POINT('',(-5.807971109785,43.684607582426,
    30.749329474667));
#11517 = LINE('',#11518,#11519);
#11518 = CARTESIAN_POINT('',(-5.607971817858,43.884607582425,
    30.749329474667));
#11519 = VECTOR('',#11520,1.);
#11520 = DIRECTION('',(-0.707105529476,-0.707108032895,
    -2.934631378494E-14));
#11521 = ORIENTED_EDGE('',*,*,#11522,.T.);
#11522 = EDGE_CURVE('',#11515,#11515,#11523,.T.);
#11523 = CIRCLE('',#11524,1.7);
#11524 = AXIS2_PLACEMENT_3D('',#11525,#11526,#11527);
#11525 = CARTESIAN_POINT('',(-5.807971109785,41.984607582426,
    30.749329474666));
#11526 = DIRECTION('',(1.,-1.538987327934E-13,-1.989386363519E-15));
#11527 = DIRECTION('',(-1.538987327934E-13,-1.,-4.125927421363E-14));
#11528 = ORIENTED_EDGE('',*,*,#11514,.F.);
#11529 = ORIENTED_EDGE('',*,*,#10655,.T.);
#11530 = CONICAL_SURFACE('',#11531,1.899999999999,0.785399933582);
#11531 = AXIS2_PLACEMENT_3D('',#11532,#11533,#11534);
#11532 = CARTESIAN_POINT('',(-5.607971817859,41.984607582427,
    30.749329474667));
#11533 = DIRECTION('',(1.,-1.526266881884E-13,6.674745127751E-17));
#11534 = DIRECTION('',(-1.528487327934E-13,-1.,-4.130927421363E-14));
#11535 = ADVANCED_FACE('',(#11536),#11555,.F.);
#11536 = FACE_BOUND('',#11537,.F.);
#11537 = EDGE_LOOP('',(#11538,#11546,#11553,#11554));
#11538 = ORIENTED_EDGE('',*,*,#11539,.T.);
#11539 = EDGE_CURVE('',#10705,#11540,#11542,.T.);
#11540 = VERTEX_POINT('',#11541);
#11541 = CARTESIAN_POINT('',(-5.807967399753,-0.165393617573,
    30.749329474666));
#11542 = LINE('',#11543,#11544);
#11543 = CARTESIAN_POINT('',(-5.607968107826,3.460638242591E-02,
    30.749329474666));
#11544 = VECTOR('',#11545,1.);
#11545 = DIRECTION('',(-0.707105529476,-0.707108032895,
    -3.176631378494E-14));
#11546 = ORIENTED_EDGE('',*,*,#11547,.T.);
#11547 = EDGE_CURVE('',#11540,#11540,#11548,.T.);
#11548 = CIRCLE('',#11549,1.7);
#11549 = AXIS2_PLACEMENT_3D('',#11550,#11551,#11552);
#11550 = CARTESIAN_POINT('',(-5.807967399753,-1.865393617573,
    30.749329474666));
#11551 = DIRECTION('',(1.,-1.523487327934E-13,6.006136364811E-16));
#11552 = DIRECTION('',(-1.523487327934E-13,-1.,-4.100927421363E-14));
#11553 = ORIENTED_EDGE('',*,*,#11539,.F.);
#11554 = ORIENTED_EDGE('',*,*,#10704,.T.);
#11555 = CONICAL_SURFACE('',#11556,1.899999999999,0.785399933582);
#11556 = AXIS2_PLACEMENT_3D('',#11557,#11558,#11559);
#11557 = CARTESIAN_POINT('',(-5.607968107827,-1.865393617573,
    30.749329474666));
#11558 = DIRECTION('',(1.,-1.520266881884E-13,3.736747451278E-15));
#11559 = DIRECTION('',(-1.522487327934E-13,-1.,-4.106927421363E-14));
#11560 = ADVANCED_FACE('',(#11561),#11576,.T.);
#11561 = FACE_BOUND('',#11562,.T.);
#11562 = EDGE_LOOP('',(#11563,#11564,#11572,#11573,#11574,#11575));
#11563 = ORIENTED_EDGE('',*,*,#11499,.F.);
#11564 = ORIENTED_EDGE('',*,*,#11565,.F.);
#11565 = EDGE_CURVE('',#10759,#11491,#11566,.T.);
#11566 = B_SPLINE_CURVE_WITH_KNOTS('',3,(#11567,#11568,#11569,#11570,
    #11571),.UNSPECIFIED.,.F.,.F.,(4,1,4),(-1.61070720318E-02,
    -8.0535360159E-03,0.),.UNSPECIFIED.);
#11567 = CARTESIAN_POINT('',(-6.494478667657,26.766967466924,
    48.597604349937));
#11568 = CARTESIAN_POINT('',(-6.495415548836,26.766967466924,
    48.570775583206));
#11569 = CARTESIAN_POINT('',(-6.515832288758,26.766967466924,
    48.517355032658));
#11570 = CARTESIAN_POINT('',(-6.568180856853,26.766967466924,
    48.492032382183));
#11571 = CARTESIAN_POINT('',(-6.595025976906,26.766967466924,
    48.492032382183));
#11572 = ORIENTED_EDGE('',*,*,#10758,.F.);
#11573 = ORIENTED_EDGE('',*,*,#11390,.F.);
#11574 = ORIENTED_EDGE('',*,*,#11414,.T.);
#11575 = ORIENTED_EDGE('',*,*,#11432,.F.);
#11576 = PLANE('',#11577);
#11577 = AXIS2_PLACEMENT_3D('',#11578,#11579,#11580);
#11578 = CARTESIAN_POINT('',(-6.370985140506,26.766967466924,
    49.268625437457));
#11579 = DIRECTION('',(-1.506187327934E-13,-1.,1.722072578637E-14));
#11580 = DIRECTION('',(0.999390827019,-1.509215637423E-13,
    -3.489949670251E-02));
#11581 = ADVANCED_FACE('',(#11582),#11588,.F.);
#11582 = FACE_BOUND('',#11583,.F.);
#11583 = EDGE_LOOP('',(#11584,#11585,#11586,#11587));
#11584 = ORIENTED_EDGE('',*,*,#10787,.F.);
#11585 = ORIENTED_EDGE('',*,*,#11490,.F.);
#11586 = ORIENTED_EDGE('',*,*,#11565,.F.);
#11587 = ORIENTED_EDGE('',*,*,#10766,.T.);
#11588 = B_SPLINE_SURFACE_WITH_KNOTS('',3,3,(
    (#11589,#11590,#11591,#11592,#11593)
    ,(#11594,#11595,#11596,#11597,#11598)
    ,(#11599,#11600,#11601,#11602,#11603)
    ,(#11604,#11605,#11606,#11607,#11608)
    ,(#11609,#11610,#11611,#11612,#11613
    )),.UNSPECIFIED.,.F.,.F.,.F.,(4,1,4),(4,1,4),(0.,0.5,1.),(0.,
    8.0535360159E-03,1.61070720318E-02),.UNSPECIFIED.);
#11589 = CARTESIAN_POINT('',(-6.595025976906,27.006904004849,
    48.125454030247));
#11590 = CARTESIAN_POINT('',(-6.46082145265,27.008286231232,
    48.124850492315));
#11591 = CARTESIAN_POINT('',(-6.199689990265,27.048357074951,
    48.233956166874));
#11592 = CARTESIAN_POINT('',(-6.098812420704,27.127742038357,
    48.466519874067));
#11593 = CARTESIAN_POINT('',(-6.09472233685,27.166967466924,
    48.583644551255));
#11594 = CARTESIAN_POINT('',(-6.595025976906,26.936086787882,
    48.156375793254));
#11595 = CARTESIAN_POINT('',(-6.469816157771,26.937120940452,
    48.155602618821));
#11596 = CARTESIAN_POINT('',(-6.224843307257,26.966815366467,
    48.249914097366));
#11597 = CARTESIAN_POINT('',(-6.109313927827,27.029541544268,
    48.466696431316));
#11598 = CARTESIAN_POINT('',(-6.09472233685,27.062247711805,
    48.583644551255));
#11599 = CARTESIAN_POINT('',(-6.595025976906,26.813066736626,
    48.260393728269));
#11600 = CARTESIAN_POINT('',(-6.500366462074,26.813376890597,
    48.25964403777));
#11601 = CARTESIAN_POINT('',(-6.313254015121,26.82200856127,
    48.325106825176));
#11602 = CARTESIAN_POINT('',(-6.204011990387,26.842234238766,
    48.48987973719));
#11603 = CARTESIAN_POINT('',(-6.181408823224,26.853706792552,
    48.586671710064));
#11604 = CARTESIAN_POINT('',(-6.595025976906,26.766967466924,
    48.414758624371));
#11605 = CARTESIAN_POINT('',(-6.545538358425,26.766964236198,
    48.41450658946));
#11606 = CARTESIAN_POINT('',(-6.448350280396,26.767179248423,
    48.453146317937));
#11607 = CARTESIAN_POINT('',(-6.398184362519,26.767180609913,
    48.543668311836));
#11608 = CARTESIAN_POINT('',(-6.389822704983,26.766967466924,
    48.593949683188));
#11609 = CARTESIAN_POINT('',(-6.595025976906,26.766967466924,
    48.492032382183));
#11610 = CARTESIAN_POINT('',(-6.568180856853,26.766967466924,
    48.492032382183));
#11611 = CARTESIAN_POINT('',(-6.515832288758,26.766967466924,
    48.517355032658));
#11612 = CARTESIAN_POINT('',(-6.495415548836,26.766967466924,
    48.570775583206));
#11613 = CARTESIAN_POINT('',(-6.494478667657,26.766967466924,
    48.597604349937));
#11614 = ADVANCED_FACE('',(#11615),#11633,.F.);
#11615 = FACE_BOUND('',#11616,.F.);
#11616 = EDGE_LOOP('',(#11617,#11623,#11624,#11625,#11626,#11627,#11628,
    #11629,#11630,#11631,#11632));
#11617 = ORIENTED_EDGE('',*,*,#11618,.T.);
#11618 = EDGE_CURVE('',#11515,#9603,#11619,.T.);
#11619 = LINE('',#11620,#11621);
#11620 = CARTESIAN_POINT('',(-5.407970345154,43.684607582426,
    30.749329474667));
#11621 = VECTOR('',#11622,1.);
#11622 = DIRECTION('',(-1.,1.536766881884E-13,6.813252548723E-15));
#11623 = ORIENTED_EDGE('',*,*,#10886,.F.);
#11624 = ORIENTED_EDGE('',*,*,#11023,.F.);
#11625 = ORIENTED_EDGE('',*,*,#11040,.F.);
#11626 = ORIENTED_EDGE('',*,*,#10988,.F.);
#11627 = ORIENTED_EDGE('',*,*,#11006,.F.);
#11628 = ORIENTED_EDGE('',*,*,#10930,.F.);
#11629 = ORIENTED_EDGE('',*,*,#10947,.F.);
#11630 = ORIENTED_EDGE('',*,*,#10870,.F.);
#11631 = ORIENTED_EDGE('',*,*,#11618,.F.);
#11632 = ORIENTED_EDGE('',*,*,#11522,.F.);
#11633 = CYLINDRICAL_SURFACE('',#11634,1.7);
#11634 = AXIS2_PLACEMENT_3D('',#11635,#11636,#11637);
#11635 = CARTESIAN_POINT('',(-5.407970345154,41.984607582426,
    30.749329474667));
#11636 = DIRECTION('',(-1.,1.536766881884E-13,6.813252548723E-15));
#11637 = DIRECTION('',(-1.538987327934E-13,-1.,-4.125927421363E-14));
#11638 = ADVANCED_FACE('',(#11639),#11658,.F.);
#11639 = FACE_BOUND('',#11640,.T.);
#11640 = EDGE_LOOP('',(#11641,#11642,#11643,#11644,#11652));
#11641 = ORIENTED_EDGE('',*,*,#11064,.F.);
#11642 = ORIENTED_EDGE('',*,*,#11122,.F.);
#11643 = ORIENTED_EDGE('',*,*,#11177,.T.);
#11644 = ORIENTED_EDGE('',*,*,#11645,.T.);
#11645 = EDGE_CURVE('',#11170,#11646,#11648,.T.);
#11646 = VERTEX_POINT('',#11647);
#11647 = CARTESIAN_POINT('',(-8.507967399753,-0.663312098891,
    29.547247937313));
#11648 = LINE('',#11649,#11650);
#11649 = CARTESIAN_POINT('',(-8.507967399754,-1.810591480113,
    28.399968556091));
#11650 = VECTOR('',#11651,1.);
#11651 = DIRECTION('',(1.078893650573E-13,0.707106781187,0.707106781187)
  );
#11652 = ORIENTED_EDGE('',*,*,#11653,.T.);
#11653 = EDGE_CURVE('',#11646,#11065,#11654,.T.);
#11654 = LINE('',#11655,#11656);
#11655 = CARTESIAN_POINT('',(-8.507967399754,-1.810591480113,
    28.399968556091));
#11656 = VECTOR('',#11657,1.);
#11657 = DIRECTION('',(1.078893650573E-13,0.707106781187,0.707106781187)
  );
#11658 = PLANE('',#11659);
#11659 = AXIS2_PLACEMENT_3D('',#11660,#11661,#11662);
#11660 = CARTESIAN_POINT('',(-8.907967399753,-1.161230561538,
    29.049329474667));
#11661 = DIRECTION('',(1.084093757493E-13,0.707106781187,-0.707106781187
    ));
#11662 = DIRECTION('',(1.087093650573E-13,0.707106781187,0.707106781187)
  );
#11663 = ADVANCED_FACE('',(#11664),#11675,.T.);
#11664 = FACE_BOUND('',#11665,.T.);
#11665 = EDGE_LOOP('',(#11666,#11667,#11674));
#11666 = ORIENTED_EDGE('',*,*,#11653,.F.);
#11667 = ORIENTED_EDGE('',*,*,#11668,.F.);
#11668 = EDGE_CURVE('',#11073,#11646,#11669,.T.);
#11669 = CIRCLE('',#11670,1.7);
#11670 = AXIS2_PLACEMENT_3D('',#11671,#11672,#11673);
#11671 = CARTESIAN_POINT('',(-8.507968815901,-1.865393617572,
    30.749329474666));
#11672 = DIRECTION('',(-1.,1.524187327934E-13,1.593863635189E-16));
#11673 = DIRECTION('',(-1.524187327934E-13,-1.,-4.100927421363E-14));
#11674 = ORIENTED_EDGE('',*,*,#11072,.F.);
#11675 = PLANE('',#11676);
#11676 = AXIS2_PLACEMENT_3D('',#11677,#11678,#11679);
#11677 = CARTESIAN_POINT('',(-8.507968815901,-2.083085996187,
    31.118037286477));
#11678 = DIRECTION('',(-1.,1.521966881884E-13,-5.067474512775E-16));
#11679 = DIRECTION('',(1.524187327934E-13,1.,4.106927421363E-14));
#11680 = ADVANCED_FACE('',(#11681),#11699,.T.);
#11681 = FACE_BOUND('',#11682,.T.);
#11682 = EDGE_LOOP('',(#11683,#11692,#11698));
#11683 = ORIENTED_EDGE('',*,*,#11684,.F.);
#11684 = EDGE_CURVE('',#11685,#11073,#11687,.T.);
#11685 = VERTEX_POINT('',#11686);
#11686 = CARTESIAN_POINT('',(-8.507967399753,-0.663312089555,
    31.951411002684));
#11687 = CIRCLE('',#11688,1.7);
#11688 = AXIS2_PLACEMENT_3D('',#11689,#11690,#11691);
#11689 = CARTESIAN_POINT('',(-8.507968815901,-1.865393617572,
    30.749329474667));
#11690 = DIRECTION('',(-1.,1.524187327934E-13,2.493863635189E-16));
#11691 = DIRECTION('',(-1.524187327934E-13,-1.,-4.100927421363E-14));
#11692 = ORIENTED_EDGE('',*,*,#11693,.F.);
#11693 = EDGE_CURVE('',#11081,#11685,#11694,.T.);
#11694 = LINE('',#11695,#11696);
#11695 = CARTESIAN_POINT('',(-8.507967399754,-1.810591480114,
    33.098690393243));
#11696 = VECTOR('',#11697,1.);
#11697 = DIRECTION('',(-1.068786280608E-13,-0.707106781187,
    0.707106781187));
#11698 = ORIENTED_EDGE('',*,*,#11080,.F.);
#11699 = PLANE('',#11700);
#11700 = AXIS2_PLACEMENT_3D('',#11701,#11702,#11703);
#11701 = CARTESIAN_POINT('',(-8.507968815901,-2.083085996187,
    31.118037286477));
#11702 = DIRECTION('',(-1.,1.521966881884E-13,6.632525487225E-16));
#11703 = DIRECTION('',(1.524187327934E-13,1.,4.106927421363E-14));
#11704 = ADVANCED_FACE('',(#11705),#11717,.F.);
#11705 = FACE_BOUND('',#11706,.T.);
#11706 = EDGE_LOOP('',(#11707,#11708,#11714,#11715,#11716));
#11707 = ORIENTED_EDGE('',*,*,#11693,.T.);
#11708 = ORIENTED_EDGE('',*,*,#11709,.T.);
#11709 = EDGE_CURVE('',#11685,#11317,#11710,.T.);
#11710 = LINE('',#11711,#11712);
#11711 = CARTESIAN_POINT('',(-8.507967399754,-1.810591480114,
    33.098690393243));
#11712 = VECTOR('',#11713,1.);
#11713 = DIRECTION('',(-1.068393757493E-13,-0.707106781187,
    0.707106781187));
#11714 = ORIENTED_EDGE('',*,*,#11316,.F.);
#11715 = ORIENTED_EDGE('',*,*,#11364,.F.);
#11716 = ORIENTED_EDGE('',*,*,#11088,.T.);
#11717 = PLANE('',#11718);
#11718 = AXIS2_PLACEMENT_3D('',#11719,#11720,#11721);
#11719 = CARTESIAN_POINT('',(-8.907967399753,-0.165393617572,
    31.453492530702));
#11720 = DIRECTION('',(1.064193650573E-13,0.707106781187,0.707106781187)
  );
#11721 = DIRECTION('',(-1.068393757493E-13,-0.707106781187,
    0.707106781187));
#11722 = ADVANCED_FACE('',(#11723),#11734,.T.);
#11723 = FACE_BOUND('',#11724,.T.);
#11724 = EDGE_LOOP('',(#11725,#11731,#11732,#11733));
#11725 = ORIENTED_EDGE('',*,*,#11726,.T.);
#11726 = EDGE_CURVE('',#11219,#11146,#11727,.T.);
#11727 = LINE('',#11728,#11729);
#11728 = CARTESIAN_POINT('',(-8.707968815901,-3.316434381581,
    29.796207182641));
#11729 = VECTOR('',#11730,1.);
#11730 = DIRECTION('',(1.068393757493E-13,0.707106781187,-0.707106781187
    ));
#11731 = ORIENTED_EDGE('',*,*,#11145,.F.);
#11732 = ORIENTED_EDGE('',*,*,#11194,.T.);
#11733 = ORIENTED_EDGE('',*,*,#11228,.F.);
#11734 = PLANE('',#11735);
#11735 = AXIS2_PLACEMENT_3D('',#11736,#11737,#11738);
#11736 = CARTESIAN_POINT('',(-8.707968815901,-2.083085996187,
    31.118037286477));
#11737 = DIRECTION('',(-1.,1.521966881884E-13,6.632525487225E-16));
#11738 = DIRECTION('',(1.524187327934E-13,1.,4.106927421363E-14));
#11739 = ADVANCED_FACE('',(#11740),#11759,.F.);
#11740 = FACE_BOUND('',#11741,.T.);
#11741 = EDGE_LOOP('',(#11742,#11743,#11744,#11745,#11753));
#11742 = ORIENTED_EDGE('',*,*,#11153,.F.);
#11743 = ORIENTED_EDGE('',*,*,#11726,.F.);
#11744 = ORIENTED_EDGE('',*,*,#11218,.T.);
#11745 = ORIENTED_EDGE('',*,*,#11746,.T.);
#11746 = EDGE_CURVE('',#11221,#11747,#11749,.T.);
#11747 = VERTEX_POINT('',#11748);
#11748 = CARTESIAN_POINT('',(-8.507967399754,-3.067475145589,
    29.547247946649));
#11749 = LINE('',#11750,#11751);
#11750 = CARTESIAN_POINT('',(-8.507967399754,-4.214754536148,
    30.694527337208));
#11751 = VECTOR('',#11752,1.);
#11752 = DIRECTION('',(1.076593757493E-13,0.707106781187,-0.707106781187
    ));
#11753 = ORIENTED_EDGE('',*,*,#11754,.T.);
#11754 = EDGE_CURVE('',#11747,#11154,#11755,.T.);
#11755 = LINE('',#11756,#11757);
#11756 = CARTESIAN_POINT('',(-8.507967399754,-4.214754536148,
    30.694527337208));
#11757 = VECTOR('',#11758,1.);
#11758 = DIRECTION('',(1.076593757493E-13,0.707106781187,-0.707106781187
    ));
#11759 = PLANE('',#11760);
#11760 = AXIS2_PLACEMENT_3D('',#11761,#11762,#11763);
#11761 = CARTESIAN_POINT('',(-8.907967399754,-3.565393617572,
    30.045166418633));
#11762 = DIRECTION('',(-1.064193650573E-13,-0.707106781187,
    -0.707106781187));
#11763 = DIRECTION('',(1.068393757493E-13,0.707106781187,-0.707106781187
    ));
#11764 = ADVANCED_FACE('',(#11765),#11776,.T.);
#11765 = FACE_BOUND('',#11766,.T.);
#11766 = EDGE_LOOP('',(#11767,#11768,#11769));
#11767 = ORIENTED_EDGE('',*,*,#11161,.F.);
#11768 = ORIENTED_EDGE('',*,*,#11754,.F.);
#11769 = ORIENTED_EDGE('',*,*,#11770,.F.);
#11770 = EDGE_CURVE('',#11162,#11747,#11771,.T.);
#11771 = CIRCLE('',#11772,1.7);
#11772 = AXIS2_PLACEMENT_3D('',#11773,#11774,#11775);
#11773 = CARTESIAN_POINT('',(-8.507968815901,-1.865393617572,
    30.749329474666));
#11774 = DIRECTION('',(-1.,1.524187327934E-13,1.593863635189E-16));
#11775 = DIRECTION('',(-1.524187327934E-13,-1.,-4.100927421363E-14));
#11776 = PLANE('',#11777);
#11777 = AXIS2_PLACEMENT_3D('',#11778,#11779,#11780);
#11778 = CARTESIAN_POINT('',(-8.507968815901,-2.083085996187,
    31.118037286477));
#11779 = DIRECTION('',(-1.,1.521966881884E-13,-5.067474512775E-16));
#11780 = DIRECTION('',(1.524187327934E-13,1.,4.106927421363E-14));
#11781 = ADVANCED_FACE('',(#11782),#11793,.T.);
#11782 = FACE_BOUND('',#11783,.T.);
#11783 = EDGE_LOOP('',(#11784,#11785,#11786));
#11784 = ORIENTED_EDGE('',*,*,#11645,.F.);
#11785 = ORIENTED_EDGE('',*,*,#11169,.F.);
#11786 = ORIENTED_EDGE('',*,*,#11787,.F.);
#11787 = EDGE_CURVE('',#11646,#11162,#11788,.T.);
#11788 = CIRCLE('',#11789,1.7);
#11789 = AXIS2_PLACEMENT_3D('',#11790,#11791,#11792);
#11790 = CARTESIAN_POINT('',(-8.507968815901,-1.865393617572,
    30.749329474666));
#11791 = DIRECTION('',(-1.,1.524187327934E-13,1.593863635189E-16));
#11792 = DIRECTION('',(-1.524187327934E-13,-1.,-4.100927421363E-14));
#11793 = PLANE('',#11794);
#11794 = AXIS2_PLACEMENT_3D('',#11795,#11796,#11797);
#11795 = CARTESIAN_POINT('',(-8.507968815901,-2.083085996187,
    31.118037286477));
#11796 = DIRECTION('',(-1.,1.521966881884E-13,-5.067474512775E-16));
#11797 = DIRECTION('',(1.524187327934E-13,1.,4.106927421363E-14));
#11798 = ADVANCED_FACE('',(#11799),#11810,.T.);
#11799 = FACE_BOUND('',#11800,.T.);
#11800 = EDGE_LOOP('',(#11801,#11807,#11808,#11809));
#11801 = ORIENTED_EDGE('',*,*,#11802,.T.);
#11802 = EDGE_CURVE('',#11341,#11245,#11803,.T.);
#11803 = LINE('',#11804,#11805);
#11804 = CARTESIAN_POINT('',(-8.707968815901,-2.818515909598,
    32.200370238676));
#11805 = VECTOR('',#11806,1.);
#11806 = DIRECTION('',(-1.087093650573E-13,-0.707106781187,
    -0.707106781187));
#11807 = ORIENTED_EDGE('',*,*,#11244,.F.);
#11808 = ORIENTED_EDGE('',*,*,#11283,.T.);
#11809 = ORIENTED_EDGE('',*,*,#11348,.F.);
#11810 = PLANE('',#11811);
#11811 = AXIS2_PLACEMENT_3D('',#11812,#11813,#11814);
#11812 = CARTESIAN_POINT('',(-8.707968815901,-2.083085996187,
    31.118037286477));
#11813 = DIRECTION('',(-1.,1.521966881884E-13,6.632525487225E-16));
#11814 = DIRECTION('',(1.524187327934E-13,1.,4.106927421363E-14));
#11815 = ADVANCED_FACE('',(#11816),#11835,.F.);
#11816 = FACE_BOUND('',#11817,.T.);
#11817 = EDGE_LOOP('',(#11818,#11819,#11820,#11821,#11829));
#11818 = ORIENTED_EDGE('',*,*,#11252,.F.);
#11819 = ORIENTED_EDGE('',*,*,#11802,.F.);
#11820 = ORIENTED_EDGE('',*,*,#11340,.T.);
#11821 = ORIENTED_EDGE('',*,*,#11822,.T.);
#11822 = EDGE_CURVE('',#11333,#11823,#11825,.T.);
#11823 = VERTEX_POINT('',#11824);
#11824 = CARTESIAN_POINT('',(-8.507967399754,-3.067475206367,
    31.951410941907));
#11825 = LINE('',#11826,#11827);
#11826 = CARTESIAN_POINT('',(-8.507967399754,-4.214754536148,
    30.804131612126));
#11827 = VECTOR('',#11828,1.);
#11828 = DIRECTION('',(-1.087093650573E-13,-0.707106781187,
    -0.707106781187));
#11829 = ORIENTED_EDGE('',*,*,#11830,.T.);
#11830 = EDGE_CURVE('',#11823,#11253,#11831,.T.);
#11831 = LINE('',#11832,#11833);
#11832 = CARTESIAN_POINT('',(-8.507967399754,-4.214754536148,
    30.804131612125));
#11833 = VECTOR('',#11834,1.);
#11834 = DIRECTION('',(-1.086493650573E-13,-0.707106781187,
    -0.707106781187));
#11835 = PLANE('',#11836);
#11836 = AXIS2_PLACEMENT_3D('',#11837,#11838,#11839);
#11837 = CARTESIAN_POINT('',(-8.907967399754,-2.569556673606,
    32.449329474667));
#11838 = DIRECTION('',(-1.084093757493E-13,-0.707106781187,
    0.707106781187));
#11839 = DIRECTION('',(-1.087093650573E-13,-0.707106781187,
    -0.707106781187));
#11840 = ADVANCED_FACE('',(#11841),#11852,.T.);
#11841 = FACE_BOUND('',#11842,.T.);
#11842 = EDGE_LOOP('',(#11843,#11844,#11851));
#11843 = ORIENTED_EDGE('',*,*,#11830,.F.);
#11844 = ORIENTED_EDGE('',*,*,#11845,.F.);
#11845 = EDGE_CURVE('',#11261,#11823,#11846,.T.);
#11846 = CIRCLE('',#11847,1.7);
#11847 = AXIS2_PLACEMENT_3D('',#11848,#11849,#11850);
#11848 = CARTESIAN_POINT('',(-8.507968815901,-1.865393617572,
    30.749329474666));
#11849 = DIRECTION('',(-1.,1.524187327934E-13,1.593863635189E-16));
#11850 = DIRECTION('',(-1.524187327934E-13,-1.,-4.100927421363E-14));
#11851 = ORIENTED_EDGE('',*,*,#11260,.F.);
#11852 = PLANE('',#11853);
#11853 = AXIS2_PLACEMENT_3D('',#11854,#11855,#11856);
#11854 = CARTESIAN_POINT('',(-8.507968815901,-2.083085996187,
    31.118037286477));
#11855 = DIRECTION('',(-1.,1.521966881884E-13,6.632525487225E-16));
#11856 = DIRECTION('',(1.524187327934E-13,1.,4.106927421363E-14));
#11857 = ADVANCED_FACE('',(#11858),#11869,.T.);
#11858 = FACE_BOUND('',#11859,.T.);
#11859 = EDGE_LOOP('',(#11860,#11867,#11868));
#11860 = ORIENTED_EDGE('',*,*,#11861,.F.);
#11861 = EDGE_CURVE('',#11747,#11261,#11862,.T.);
#11862 = CIRCLE('',#11863,1.7);
#11863 = AXIS2_PLACEMENT_3D('',#11864,#11865,#11866);
#11864 = CARTESIAN_POINT('',(-8.507968815901,-1.865393617572,
    30.749329474666));
#11865 = DIRECTION('',(-1.,1.524187327934E-13,1.593863635189E-16));
#11866 = DIRECTION('',(-1.524187327934E-13,-1.,-4.100927421363E-14));
#11867 = ORIENTED_EDGE('',*,*,#11746,.F.);
#11868 = ORIENTED_EDGE('',*,*,#11268,.F.);
#11869 = PLANE('',#11870);
#11870 = AXIS2_PLACEMENT_3D('',#11871,#11872,#11873);
#11871 = CARTESIAN_POINT('',(-8.507968815901,-2.083085996187,
    31.118037286477));
#11872 = DIRECTION('',(-1.,1.521966881884E-13,-5.067474512775E-16));
#11873 = DIRECTION('',(1.524187327934E-13,1.,4.106927421363E-14));
#11874 = ADVANCED_FACE('',(#11875),#11886,.T.);
#11875 = FACE_BOUND('',#11876,.T.);
#11876 = EDGE_LOOP('',(#11877,#11878,#11879));
#11877 = ORIENTED_EDGE('',*,*,#11324,.F.);
#11878 = ORIENTED_EDGE('',*,*,#11709,.F.);
#11879 = ORIENTED_EDGE('',*,*,#11880,.F.);
#11880 = EDGE_CURVE('',#11325,#11685,#11881,.T.);
#11881 = CIRCLE('',#11882,1.7);
#11882 = AXIS2_PLACEMENT_3D('',#11883,#11884,#11885);
#11883 = CARTESIAN_POINT('',(-8.507968815901,-1.865393617572,
    30.749329474667));
#11884 = DIRECTION('',(-1.,1.524187327934E-13,1.329386363519E-15));
#11885 = DIRECTION('',(-1.524187327934E-13,-1.,-4.100927421363E-14));
#11886 = PLANE('',#11887);
#11887 = AXIS2_PLACEMENT_3D('',#11888,#11889,#11890);
#11888 = CARTESIAN_POINT('',(-8.507968815901,-2.083085996187,
    31.118037286477));
#11889 = DIRECTION('',(-1.,1.521966881884E-13,6.632525487225E-16));
#11890 = DIRECTION('',(1.524187327934E-13,1.,4.106927421363E-14));
#11891 = ADVANCED_FACE('',(#11892),#11903,.T.);
#11892 = FACE_BOUND('',#11893,.T.);
#11893 = EDGE_LOOP('',(#11894,#11895,#11896));
#11894 = ORIENTED_EDGE('',*,*,#11822,.F.);
#11895 = ORIENTED_EDGE('',*,*,#11332,.F.);
#11896 = ORIENTED_EDGE('',*,*,#11897,.F.);
#11897 = EDGE_CURVE('',#11823,#11325,#11898,.T.);
#11898 = CIRCLE('',#11899,1.7);
#11899 = AXIS2_PLACEMENT_3D('',#11900,#11901,#11902);
#11900 = CARTESIAN_POINT('',(-8.507968815901,-1.865393617572,
    30.749329474667));
#11901 = DIRECTION('',(-1.,1.524187327934E-13,1.329386363519E-15));
#11902 = DIRECTION('',(-1.524187327934E-13,-1.,-4.100927421363E-14));
#11903 = PLANE('',#11904);
#11904 = AXIS2_PLACEMENT_3D('',#11905,#11906,#11907);
#11905 = CARTESIAN_POINT('',(-8.507968815901,-2.083085996187,
    31.118037286477));
#11906 = DIRECTION('',(-1.,1.521966881884E-13,6.632525487225E-16));
#11907 = DIRECTION('',(1.524187327934E-13,1.,4.106927421363E-14));
#11908 = ADVANCED_FACE('',(#11909),#11927,.F.);
#11909 = FACE_BOUND('',#11910,.F.);
#11910 = EDGE_LOOP('',(#11911,#11917,#11918,#11919,#11920,#11921,#11922,
    #11923,#11924,#11925,#11926));
#11911 = ORIENTED_EDGE('',*,*,#11912,.T.);
#11912 = EDGE_CURVE('',#11540,#11073,#11913,.T.);
#11913 = LINE('',#11914,#11915);
#11914 = CARTESIAN_POINT('',(-5.40797034516,-0.165393617573,
    30.749329474667));
#11915 = VECTOR('',#11916,1.);
#11916 = DIRECTION('',(-1.,1.521266881884E-13,3.143252548722E-15));
#11917 = ORIENTED_EDGE('',*,*,#11684,.F.);
#11918 = ORIENTED_EDGE('',*,*,#11880,.F.);
#11919 = ORIENTED_EDGE('',*,*,#11897,.F.);
#11920 = ORIENTED_EDGE('',*,*,#11845,.F.);
#11921 = ORIENTED_EDGE('',*,*,#11861,.F.);
#11922 = ORIENTED_EDGE('',*,*,#11770,.F.);
#11923 = ORIENTED_EDGE('',*,*,#11787,.F.);
#11924 = ORIENTED_EDGE('',*,*,#11668,.F.);
#11925 = ORIENTED_EDGE('',*,*,#11912,.F.);
#11926 = ORIENTED_EDGE('',*,*,#11547,.F.);
#11927 = CYLINDRICAL_SURFACE('',#11928,1.7);
#11928 = AXIS2_PLACEMENT_3D('',#11929,#11930,#11931);
#11929 = CARTESIAN_POINT('',(-5.40797034516,-1.865393617573,
    30.749329474667));
#11930 = DIRECTION('',(-1.,1.521266881884E-13,3.143252548722E-15));
#11931 = DIRECTION('',(-1.523487327934E-13,-1.,-4.100927421363E-14));
#11932 = ( GEOMETRIC_REPRESENTATION_CONTEXT(3) 
GLOBAL_UNCERTAINTY_ASSIGNED_CONTEXT((#11936)) 
GLOBAL_UNIT_ASSIGNED_CONTEXT((#11933,#11934,#11935)) 
REPRESENTATION_CONTEXT('Context #1',
  '3D Context with UNIT and UNCERTAINTY') );
#11933 = ( LENGTH_UNIT() NAMED_UNIT(*) SI_UNIT(.MILLI.,.METRE.) );
#11934 = ( NAMED_UNIT(*) PLANE_ANGLE_UNIT() SI_UNIT($,.RADIAN.) );
#11935 = ( NAMED_UNIT(*) SI_UNIT($,.STERADIAN.) SOLID_ANGLE_UNIT() );
#11936 = UNCERTAINTY_MEASURE_WITH_UNIT(LENGTH_MEASURE(5.E-06),#11933,
  'distance_accuracy_value','confusion accuracy');
#11937 = PRODUCT_RELATED_PRODUCT_CATEGORY('part',$,(#7));
#11938 = MECHANICAL_DESIGN_GEOMETRIC_PRESENTATION_REPRESENTATION('',(
    #11939),#11932);
#11939 = STYLED_ITEM('color',(#11940),#15);
#11940 = PRESENTATION_STYLE_ASSIGNMENT((#11941,#11949));
#11941 = SURFACE_STYLE_USAGE(.BOTH.,#11942);
#11942 = SURFACE_SIDE_STYLE('',(#11943,#11947));
#11943 = SURFACE_STYLE_FILL_AREA(#11944);
#11944 = FILL_AREA_STYLE('',(#11945));
#11945 = FILL_AREA_STYLE_COLOUR('',#11946);
#11946 = COLOUR_RGB('',0.447059003357,0.474510015008,0.501960993452);
#11947 = SURFACE_STYLE_RENDERING_WITH_PROPERTIES(.NORMAL_SHADING.,#11946
  ,(#11948));
#11948 = SURFACE_STYLE_TRANSPARENT(0.699999988079);
#11949 = CURVE_STYLE('',#11950,POSITIVE_LENGTH_MEASURE(0.1),#11951);
#11950 = DRAUGHTING_PRE_DEFINED_CURVE_FONT('continuous');
#11951 = COLOUR_RGB('',9.803921802644E-02,9.803921802644E-02,
  9.803921802644E-02);
ENDSEC;
END-ISO-10303-21;
