ISO-10303-21;
HEADER;
FILE_DESCRIPTION(('FreeCAD Model'),'2;1');
FILE_NAME('Open CASCADE Shape Model','2026-01-18T13:05:50',(''),(''),
  'Open CASCADE STEP processor 7.8','FreeCAD','Unknown');
FILE_SCHEMA(('AUTOMOTIVE_DESIGN { 1 0 10303 214 1 1 1 1 }'));
ENDSEC;
DATA;
#1 = APPLICATION_PROTOCOL_DEFINITION('international standard',
  'automotive_design',2000,#2);
#2 = APPLICATION_CONTEXT(
  'core data for automotive mechanical design processes');
#3 = SHAPE_DEFINITION_REPRESENTATION(#4,#10);
#4 = PRODUCT_DEFINITION_SHAPE('','',#5);
#5 = PRODUCT_DEFINITION('design','',#6,#9);
#6 = PRODUCT_DEFINITION_FORMATION('','',#7);
#7 = PRODUCT('RoundTrip_Mount001','RoundTrip_Mount001','',(#8));
#8 = PRODUCT_CONTEXT('',#2,'mechanical');
#9 = PRODUCT_DEFINITION_CONTEXT('part definition',#2,'design');
#10 = ADVANCED_BREP_SHAPE_REPRESENTATION('',(#11,#15),#2420);
#11 = AXIS2_PLACEMENT_3D('',#12,#13,#14);
#12 = CARTESIAN_POINT('',(0.,0.,0.));
#13 = DIRECTION('',(0.,0.,1.));
#14 = DIRECTION('',(1.,0.,-0.));
#15 = MANIFOLD_SOLID_BREP('',#16);
#16 = CLOSED_SHELL('',(#17,#57,#105,#145,#176,#215,#239,#272,#298,#453,
    #491,#523,#547,#578,#617,#650,#676,#700,#732,#764,#803,#829,#862,
    #894,#920,#946,#996,#1027,#1068,#1184,#1203,#1221,#1258,#1291,#1337,
    #1369,#1394,#1433,#1453,#1478,#1506,#1531,#1550,#1568,#1591,#1605,
    #1630,#1655,#1680,#1713,#1738,#1755,#1772,#1789,#1806,#1823,#1848,
    #1888,#1919,#1933,#1966,#1975,#2008,#2074,#2105,#2129,#2146,#2170,
    #2194,#2212,#2231,#2254,#2287,#2304,#2335,#2352,#2374,#2391,#2408));
#17 = ADVANCED_FACE('',(#18),#52,.T.);
#18 = FACE_BOUND('',#19,.T.);
#19 = EDGE_LOOP('',(#20,#30,#38,#46));
#20 = ORIENTED_EDGE('',*,*,#21,.T.);
#21 = EDGE_CURVE('',#22,#24,#26,.T.);
#22 = VERTEX_POINT('',#23);
#23 = CARTESIAN_POINT('',(121.61851202416,-138.9115080161,
    111.91586920746));
#24 = VERTEX_POINT('',#25);
#25 = CARTESIAN_POINT('',(121.22851202416,-138.5215080161,
    111.75432591814));
#26 = LINE('',#27,#28);
#27 = CARTESIAN_POINT('',(122.24117824499,-139.5341742369,
    112.17378600096));
#28 = VECTOR('',#29,1.);
#29 = DIRECTION('',(-0.678598344546,0.678598344546,-0.281084637715));
#30 = ORIENTED_EDGE('',*,*,#31,.T.);
#31 = EDGE_CURVE('',#24,#32,#34,.T.);
#32 = VERTEX_POINT('',#33);
#33 = CARTESIAN_POINT('',(122.20851202416,-138.5215080161,
    110.77432591814));
#34 = LINE('',#35,#36);
#35 = CARTESIAN_POINT('',(123.24316235447,-138.5215080161,
    109.73967558783));
#36 = VECTOR('',#37,1.);
#37 = DIRECTION('',(0.707106781187,-1.17E-15,-0.707106781187));
#38 = ORIENTED_EDGE('',*,*,#39,.T.);
#39 = EDGE_CURVE('',#32,#40,#42,.T.);
#40 = VERTEX_POINT('',#41);
#41 = CARTESIAN_POINT('',(122.37005531349,-138.9115080161,
    111.16432591814));
#42 = LINE('',#43,#44);
#43 = CARTESIAN_POINT('',(122.96475095036,-140.3472302881,
    112.60004819014));
#44 = VECTOR('',#45,1.);
#45 = DIRECTION('',(0.281084637715,-0.678598344546,0.678598344546));
#46 = ORIENTED_EDGE('',*,*,#47,.T.);
#47 = EDGE_CURVE('',#40,#22,#48,.T.);
#48 = LINE('',#49,#50);
#49 = CARTESIAN_POINT('',(123.51893399913,-138.9115080161,
    110.01544723249));
#50 = VECTOR('',#51,1.);
#51 = DIRECTION('',(-0.707106781187,1.17E-15,0.707106781187));
#52 = PLANE('',#53);
#53 = AXIS2_PLACEMENT_3D('',#54,#55,#56);
#54 = CARTESIAN_POINT('',(123.3810481768,-138.7165080161,109.87756141016
    ));
#55 = DIRECTION('',(-0.5,-0.707106781187,-0.5));
#56 = DIRECTION('',(-0.707106781187,-2.22044604925E-16,0.707106781187));
#57 = ADVANCED_FACE('',(#58),#100,.T.);
#58 = FACE_BOUND('',#59,.T.);
#59 = EDGE_LOOP('',(#60,#61,#69,#77,#85,#94));
#60 = ORIENTED_EDGE('',*,*,#39,.F.);
#61 = ORIENTED_EDGE('',*,*,#62,.F.);
#62 = EDGE_CURVE('',#63,#32,#65,.T.);
#63 = VERTEX_POINT('',#64);
#64 = CARTESIAN_POINT('',(122.21851202416,-138.5115080161,
    110.76432591814));
#65 = LINE('',#66,#67);
#66 = CARTESIAN_POINT('',(125.9907605937,-134.7392594465,106.99207734861
    ));
#67 = VECTOR('',#68,1.);
#68 = DIRECTION('',(-0.57735026919,-0.57735026919,0.57735026919));
#69 = ORIENTED_EDGE('',*,*,#70,.T.);
#70 = EDGE_CURVE('',#63,#71,#73,.T.);
#71 = VERTEX_POINT('',#72);
#72 = CARTESIAN_POINT('',(122.55089439028,-138.5115080161,
    110.76432591814));
#73 = LINE('',#74,#75);
#74 = CARTESIAN_POINT('',(140.95599584376,-138.5115080161,
    110.76432591814));
#75 = VECTOR('',#76,1.);
#76 = DIRECTION('',(1.,6.8E-16,-2.1E-16));
#77 = ORIENTED_EDGE('',*,*,#78,.F.);
#78 = EDGE_CURVE('',#79,#71,#81,.T.);
#79 = VERTEX_POINT('',#80);
#80 = CARTESIAN_POINT('',(122.35865934862,-138.8533174982,
    111.10613540028));
#81 = LINE('',#82,#83);
#82 = CARTESIAN_POINT('',(123.50003022479,-136.8238675875,
    109.07668548962));
#83 = VECTOR('',#84,1.);
#84 = DIRECTION('',(0.369531276921,0.657056555928,-0.657056555928));
#85 = ORIENTED_EDGE('',*,*,#86,.F.);
#86 = EDGE_CURVE('',#87,#79,#89,.T.);
#87 = VERTEX_POINT('',#88);
#88 = CARTESIAN_POINT('',(122.39537790318,-138.9115080161,
    111.16432591814));
#89 = ELLIPSE('',#90,19.799362884618,14.000263758886);
#90 = AXIS2_PLACEMENT_3D('',#91,#92,#93);
#91 = CARTESIAN_POINT('',(134.21711334539,-131.4112442572,
    103.66406215925));
#92 = DIRECTION('',(3.4E-16,-0.707106781187,-0.707106781187));
#93 = DIRECTION('',(2.25E-15,-0.707106781187,0.707106781187));
#94 = ORIENTED_EDGE('',*,*,#95,.T.);
#95 = EDGE_CURVE('',#87,#40,#96,.T.);
#96 = LINE('',#97,#98);
#97 = CARTESIAN_POINT('',(140.95599584376,-138.9115080161,
    111.16432591814));
#98 = VECTOR('',#99,1.);
#99 = DIRECTION('',(-1.,-6.8E-16,2.1E-16));
#100 = PLANE('',#101);
#101 = AXIS2_PLACEMENT_3D('',#102,#103,#104);
#102 = CARTESIAN_POINT('',(140.95599584376,-138.7115080161,
    110.96432591814));
#103 = DIRECTION('',(3.4E-16,-0.707106781187,-0.707106781187));
#104 = DIRECTION('',(-1.,-5.416305603421E-18,-4.754163056034E-16));
#105 = ADVANCED_FACE('',(#106),#140,.T.);
#106 = FACE_BOUND('',#107,.T.);
#107 = EDGE_LOOP('',(#108,#109,#117,#125,#133,#139));
#108 = ORIENTED_EDGE('',*,*,#31,.F.);
#109 = ORIENTED_EDGE('',*,*,#110,.T.);
#110 = EDGE_CURVE('',#24,#111,#113,.T.);
#111 = VERTEX_POINT('',#112);
#112 = CARTESIAN_POINT('',(121.21851202416,-138.5115080161,
    111.76432591814));
#113 = LINE('',#114,#115);
#114 = CARTESIAN_POINT('',(119.58584409123,-136.8788400831,
    113.39699385107));
#115 = VECTOR('',#116,1.);
#116 = DIRECTION('',(-0.57735026919,0.57735026919,0.57735026919));
#117 = ORIENTED_EDGE('',*,*,#118,.T.);
#118 = EDGE_CURVE('',#111,#119,#121,.T.);
#119 = VERTEX_POINT('',#120);
#120 = CARTESIAN_POINT('',(121.21851202416,-119.8194928209,
    111.76432591814));
#121 = LINE('',#122,#123);
#122 = CARTESIAN_POINT('',(121.21851202416,-133.2155004185,
    111.76432591814));
#123 = VECTOR('',#124,1.);
#124 = DIRECTION('',(-0.,1.,-1.93E-15));
#125 = ORIENTED_EDGE('',*,*,#126,.F.);
#126 = EDGE_CURVE('',#127,#119,#129,.T.);
#127 = VERTEX_POINT('',#128);
#128 = CARTESIAN_POINT('',(122.21851202416,-119.8194928209,
    110.76432591814));
#129 = LINE('',#130,#131);
#130 = CARTESIAN_POINT('',(121.71260360366,-119.8194928209,
    111.27023433864));
#131 = VECTOR('',#132,1.);
#132 = DIRECTION('',(-0.707106781187,2.85E-15,0.707106781187));
#133 = ORIENTED_EDGE('',*,*,#134,.T.);
#134 = EDGE_CURVE('',#127,#63,#135,.T.);
#135 = LINE('',#136,#137);
#136 = CARTESIAN_POINT('',(122.21851202416,-133.2155004185,
    110.76432591814));
#137 = VECTOR('',#138,1.);
#138 = DIRECTION('',(0.,-1.,1.93E-15));
#139 = ORIENTED_EDGE('',*,*,#62,.T.);
#140 = PLANE('',#141);
#141 = AXIS2_PLACEMENT_3D('',#142,#143,#144);
#142 = CARTESIAN_POINT('',(121.71851202416,-133.2155004185,
    111.26432591814));
#143 = DIRECTION('',(-0.707106781187,-1.36E-15,-0.707106781187));
#144 = DIRECTION('',(-0.707106781187,9.860761315263E-32,0.707106781187)
  );
#145 = ADVANCED_FACE('',(#146),#171,.T.);
#146 = FACE_BOUND('',#147,.T.);
#147 = EDGE_LOOP('',(#148,#156,#157,#165));
#148 = ORIENTED_EDGE('',*,*,#149,.T.);
#149 = EDGE_CURVE('',#150,#127,#152,.T.);
#150 = VERTEX_POINT('',#151);
#151 = CARTESIAN_POINT('',(122.38419744911,-119.4194928209,
    111.16432591814));
#152 = LINE('',#153,#154);
#153 = CARTESIAN_POINT('',(122.80606717113,-118.4010092164,
    112.18280952259));
#154 = VECTOR('',#155,1.);
#155 = DIRECTION('',(-0.281084637715,-0.678598344546,-0.678598344546));
#156 = ORIENTED_EDGE('',*,*,#126,.T.);
#157 = ORIENTED_EDGE('',*,*,#158,.T.);
#158 = EDGE_CURVE('',#119,#159,#161,.T.);
#159 = VERTEX_POINT('',#160);
#160 = CARTESIAN_POINT('',(121.61851202416,-119.4194928209,
    111.93001134309));
#161 = LINE('',#162,#163);
#162 = CARTESIAN_POINT('',(121.70301231379,-119.3349925312,
    111.96501250908));
#163 = VECTOR('',#164,1.);
#164 = DIRECTION('',(0.678598344546,0.678598344546,0.281084637715));
#165 = ORIENTED_EDGE('',*,*,#166,.T.);
#166 = EDGE_CURVE('',#159,#150,#167,.T.);
#167 = LINE('',#168,#169);
#168 = CARTESIAN_POINT('',(121.99544631613,-119.4194928209,
    111.55307705112));
#169 = VECTOR('',#170,1.);
#170 = DIRECTION('',(0.707106781187,-2.85E-15,-0.707106781187));
#171 = PLANE('',#172);
#172 = AXIS2_PLACEMENT_3D('',#173,#174,#175);
#173 = CARTESIAN_POINT('',(121.85402495989,-119.6194928209,
    111.41165569488));
#174 = DIRECTION('',(-0.5,0.707106781187,-0.5));
#175 = DIRECTION('',(-0.707106781187,5.551115123126E-17,0.707106781187)
  );
#176 = ADVANCED_FACE('',(#177),#210,.T.);
#177 = FACE_BOUND('',#178,.T.);
#178 = EDGE_LOOP('',(#179,#180,#188,#196,#204));
#179 = ORIENTED_EDGE('',*,*,#158,.F.);
#180 = ORIENTED_EDGE('',*,*,#181,.T.);
#181 = EDGE_CURVE('',#119,#182,#184,.T.);
#182 = VERTEX_POINT('',#183);
#183 = CARTESIAN_POINT('',(121.21851202416,-119.8194928209,
    117.26432591814));
#184 = LINE('',#185,#186);
#185 = CARTESIAN_POINT('',(121.21851202416,-119.8194928209,
    114.21432591814));
#186 = VECTOR('',#187,1.);
#187 = DIRECTION('',(0.,2.15E-15,1.));
#188 = ORIENTED_EDGE('',*,*,#189,.T.);
#189 = EDGE_CURVE('',#182,#190,#192,.T.);
#190 = VERTEX_POINT('',#191);
#191 = CARTESIAN_POINT('',(121.41851202416,-119.6194928209,
    117.46432591814));
#192 = LINE('',#193,#194);
#193 = CARTESIAN_POINT('',(118.61084409123,-122.4271607538,
    114.65665798521));
#194 = VECTOR('',#195,1.);
#195 = DIRECTION('',(0.57735026919,0.57735026919,0.57735026919));
#196 = ORIENTED_EDGE('',*,*,#197,.F.);
#197 = EDGE_CURVE('',#198,#190,#200,.T.);
#198 = VERTEX_POINT('',#199);
#199 = CARTESIAN_POINT('',(121.61851202416,-119.4194928209,
    117.26432591814));
#200 = LINE('',#201,#202);
#201 = CARTESIAN_POINT('',(124.13123974383,-116.9067651012,
    114.75159819848));
#202 = VECTOR('',#203,1.);
#203 = DIRECTION('',(-0.57735026919,-0.57735026919,0.57735026919));
#204 = ORIENTED_EDGE('',*,*,#205,.T.);
#205 = EDGE_CURVE('',#198,#159,#206,.T.);
#206 = LINE('',#207,#208);
#207 = CARTESIAN_POINT('',(121.61851202416,-119.4194928209,
    114.21432591814));
#208 = VECTOR('',#209,1.);
#209 = DIRECTION('',(-0.,-2.15E-15,-1.));
#210 = PLANE('',#211);
#211 = AXIS2_PLACEMENT_3D('',#212,#213,#214);
#212 = CARTESIAN_POINT('',(121.41851202416,-119.6194928209,
    114.21432591814));
#213 = DIRECTION('',(-0.707106781187,0.707106781187,-1.52E-15));
#214 = DIRECTION('',(-2.149802307404E-15,-1.976925964241E-19,1.));
#215 = ADVANCED_FACE('',(#216),#234,.T.);
#216 = FACE_BOUND('',#217,.T.);
#217 = EDGE_LOOP('',(#218,#219,#227,#233));
#218 = ORIENTED_EDGE('',*,*,#118,.F.);
#219 = ORIENTED_EDGE('',*,*,#220,.F.);
#220 = EDGE_CURVE('',#221,#111,#223,.T.);
#221 = VERTEX_POINT('',#222);
#222 = CARTESIAN_POINT('',(121.21851202416,-138.5115080161,
    117.26432591814));
#223 = LINE('',#224,#225);
#224 = CARTESIAN_POINT('',(121.21851202416,-138.5115080161,
    117.66432591814));
#225 = VECTOR('',#226,1.);
#226 = DIRECTION('',(0.,-2.34E-15,-1.));
#227 = ORIENTED_EDGE('',*,*,#228,.F.);
#228 = EDGE_CURVE('',#182,#221,#229,.T.);
#229 = LINE('',#230,#231);
#230 = CARTESIAN_POINT('',(121.21851202416,-133.2155004185,
    117.26432591814));
#231 = VECTOR('',#232,1.);
#232 = DIRECTION('',(0.,-1.,1.93E-15));
#233 = ORIENTED_EDGE('',*,*,#181,.F.);
#234 = PLANE('',#235);
#235 = AXIS2_PLACEMENT_3D('',#236,#237,#238);
#236 = CARTESIAN_POINT('',(121.21851202416,-138.5115080161,
    117.66432591814));
#237 = DIRECTION('',(-1.,-0.,0.));
#238 = DIRECTION('',(-0.,1.,-1.9E-15));
#239 = ADVANCED_FACE('',(#240),#267,.T.);
#240 = FACE_BOUND('',#241,.T.);
#241 = EDGE_LOOP('',(#242,#243,#251,#259,#265,#266));
#242 = ORIENTED_EDGE('',*,*,#21,.F.);
#243 = ORIENTED_EDGE('',*,*,#244,.T.);
#244 = EDGE_CURVE('',#22,#245,#247,.T.);
#245 = VERTEX_POINT('',#246);
#246 = CARTESIAN_POINT('',(121.61851202416,-138.9115080161,
    117.26432591814));
#247 = LINE('',#248,#249);
#248 = CARTESIAN_POINT('',(121.61851202416,-138.9115080161,
    117.66432591814));
#249 = VECTOR('',#250,1.);
#250 = DIRECTION('',(0.,2.34E-15,1.));
#251 = ORIENTED_EDGE('',*,*,#252,.T.);
#252 = EDGE_CURVE('',#245,#253,#255,.T.);
#253 = VERTEX_POINT('',#254);
#254 = CARTESIAN_POINT('',(121.41851202416,-138.7115080161,
    117.46432591814));
#255 = LINE('',#256,#257);
#256 = CARTESIAN_POINT('',(124.6414259941,-141.934421986,114.2414119482)
  );
#257 = VECTOR('',#258,1.);
#258 = DIRECTION('',(-0.57735026919,0.57735026919,0.57735026919));
#259 = ORIENTED_EDGE('',*,*,#260,.F.);
#260 = EDGE_CURVE('',#221,#253,#261,.T.);
#261 = LINE('',#262,#263);
#262 = CARTESIAN_POINT('',(120.53584409123,-137.8288400831,
    116.58165798521));
#263 = VECTOR('',#264,1.);
#264 = DIRECTION('',(0.57735026919,-0.57735026919,0.57735026919));
#265 = ORIENTED_EDGE('',*,*,#220,.T.);
#266 = ORIENTED_EDGE('',*,*,#110,.F.);
#267 = PLANE('',#268);
#268 = AXIS2_PLACEMENT_3D('',#269,#270,#271);
#269 = CARTESIAN_POINT('',(121.41851202416,-138.7115080161,
    117.66432591814));
#270 = DIRECTION('',(-0.707106781187,-0.707106781187,1.65E-15));
#271 = DIRECTION('',(2.336726188958E-15,-3.273811042197E-18,1.));
#272 = ADVANCED_FACE('',(#273),#293,.T.);
#273 = FACE_BOUND('',#274,.T.);
#274 = EDGE_LOOP('',(#275,#276,#277,#286,#292));
#275 = ORIENTED_EDGE('',*,*,#47,.F.);
#276 = ORIENTED_EDGE('',*,*,#95,.F.);
#277 = ORIENTED_EDGE('',*,*,#278,.F.);
#278 = EDGE_CURVE('',#279,#87,#281,.T.);
#279 = VERTEX_POINT('',#280);
#280 = CARTESIAN_POINT('',(130.89443204753,-138.9115080161,
    117.26432591814));
#281 = CIRCLE('',#282,14.000263758886);
#282 = AXIS2_PLACEMENT_3D('',#283,#284,#285);
#283 = CARTESIAN_POINT('',(134.21711334539,-138.9115080161,
    103.66406215925));
#284 = DIRECTION('',(6.8E-16,-1.,2.34E-15));
#285 = DIRECTION('',(5.08E-15,2.34E-15,1.));
#286 = ORIENTED_EDGE('',*,*,#287,.F.);
#287 = EDGE_CURVE('',#245,#279,#288,.T.);
#288 = LINE('',#289,#290);
#289 = CARTESIAN_POINT('',(140.95599584376,-138.9115080161,
    117.26432591814));
#290 = VECTOR('',#291,1.);
#291 = DIRECTION('',(1.,6.8E-16,-2.1E-16));
#292 = ORIENTED_EDGE('',*,*,#244,.F.);
#293 = PLANE('',#294);
#294 = AXIS2_PLACEMENT_3D('',#295,#296,#297);
#295 = CARTESIAN_POINT('',(134.21711334539,-138.9115080161,
    117.66432591814));
#296 = DIRECTION('',(6.8E-16,-1.,2.34E-15));
#297 = DIRECTION('',(-1.,-6.8E-16,2.1E-16));
#298 = ADVANCED_FACE('',(#299,#381,#392,#403,#414),#448,.F.);
#299 = FACE_BOUND('',#300,.T.);
#300 = EDGE_LOOP('',(#301,#302,#310,#318,#326,#334,#342,#350,#358,#366,
    #374,#380));
#301 = ORIENTED_EDGE('',*,*,#134,.F.);
#302 = ORIENTED_EDGE('',*,*,#303,.F.);
#303 = EDGE_CURVE('',#304,#127,#306,.T.);
#304 = VERTEX_POINT('',#305);
#305 = CARTESIAN_POINT('',(144.57668460639,-119.8194928209,
    110.76432591814));
#306 = LINE('',#307,#308);
#307 = CARTESIAN_POINT('',(134.44487834214,-119.8194928209,
    110.76432591814));
#308 = VECTOR('',#309,1.);
#309 = DIRECTION('',(-1.,1.89E-15,2.1E-16));
#310 = ORIENTED_EDGE('',*,*,#311,.F.);
#311 = EDGE_CURVE('',#312,#304,#314,.T.);
#312 = VERTEX_POINT('',#313);
#313 = CARTESIAN_POINT('',(144.57668460639,-116.7307771246,
    110.76432591814));
#314 = LINE('',#315,#316);
#315 = CARTESIAN_POINT('',(144.57668460639,-123.6944928209,
    110.76432591814));
#316 = VECTOR('',#317,1.);
#317 = DIRECTION('',(-1.76E-15,-1.,1.93E-15));
#318 = ORIENTED_EDGE('',*,*,#319,.F.);
#319 = EDGE_CURVE('',#320,#312,#322,.T.);
#320 = VERTEX_POINT('',#321);
#321 = CARTESIAN_POINT('',(150.77753352758,-116.7307771246,
    110.76432591814));
#322 = LINE('',#323,#324);
#323 = CARTESIAN_POINT('',(146.24487834214,-116.7307771246,
    110.76432591814));
#324 = VECTOR('',#325,1.);
#325 = DIRECTION('',(-1.,-3.06E-15,2.1E-16));
#326 = ORIENTED_EDGE('',*,*,#327,.F.);
#327 = EDGE_CURVE('',#328,#320,#330,.T.);
#328 = VERTEX_POINT('',#329);
#329 = CARTESIAN_POINT('',(150.77753352758,-119.8194928209,
    110.76432591814));
#330 = LINE('',#331,#332);
#331 = CARTESIAN_POINT('',(150.77753352758,-125.8069928209,
    110.76432591814));
#332 = VECTOR('',#333,1.);
#333 = DIRECTION('',(9.63E-15,1.,-1.93E-15));
#334 = ORIENTED_EDGE('',*,*,#335,.F.);
#335 = EDGE_CURVE('',#336,#328,#338,.T.);
#336 = VERTEX_POINT('',#337);
#337 = CARTESIAN_POINT('',(173.21851202416,-119.8194928209,
    110.76432591814));
#338 = LINE('',#339,#340);
#339 = CARTESIAN_POINT('',(134.44487834214,-119.8194928209,
    110.76432591814));
#340 = VECTOR('',#341,1.);
#341 = DIRECTION('',(-1.,1.89E-15,2.1E-16));
#342 = ORIENTED_EDGE('',*,*,#343,.F.);
#343 = EDGE_CURVE('',#344,#336,#346,.T.);
#344 = VERTEX_POINT('',#345);
#345 = CARTESIAN_POINT('',(173.21851202416,-138.5115080161,
    110.76432591814));
#346 = LINE('',#347,#348);
#347 = CARTESIAN_POINT('',(173.21851202416,-123.9846951688,
    110.76432591814));
#348 = VECTOR('',#349,1.);
#349 = DIRECTION('',(-0.,1.,-1.93E-15));
#350 = ORIENTED_EDGE('',*,*,#351,.F.);
#351 = EDGE_CURVE('',#352,#344,#354,.T.);
#352 = VERTEX_POINT('',#353);
#353 = CARTESIAN_POINT('',(172.88333214468,-138.5115080161,
    110.76432591814));
#354 = LINE('',#355,#356);
#355 = CARTESIAN_POINT('',(160.75669518315,-138.5115080161,
    110.76432591814));
#356 = VECTOR('',#357,1.);
#357 = DIRECTION('',(1.,6.8E-16,-2.1E-16));
#358 = ORIENTED_EDGE('',*,*,#359,.F.);
#359 = EDGE_CURVE('',#360,#352,#362,.T.);
#360 = VERTEX_POINT('',#361);
#361 = CARTESIAN_POINT('',(172.88333214468,-140.0194928209,
    110.76432591814));
#362 = LINE('',#363,#364);
#363 = CARTESIAN_POINT('',(172.88333214468,-134.1694928209,
    110.76432591814));
#364 = VECTOR('',#365,1.);
#365 = DIRECTION('',(1.89E-15,1.,-1.93E-15));
#366 = ORIENTED_EDGE('',*,*,#367,.F.);
#367 = EDGE_CURVE('',#368,#360,#370,.T.);
#368 = VERTEX_POINT('',#369);
#369 = CARTESIAN_POINT('',(122.55089439028,-140.0194928209,
    110.76432591814));
#370 = LINE('',#371,#372);
#371 = CARTESIAN_POINT('',(147.69487834214,-140.0194928209,
    110.76432591814));
#372 = VECTOR('',#373,1.);
#373 = DIRECTION('',(1.,-1.89E-15,-2.1E-16));
#374 = ORIENTED_EDGE('',*,*,#375,.F.);
#375 = EDGE_CURVE('',#71,#368,#376,.T.);
#376 = LINE('',#377,#378);
#377 = CARTESIAN_POINT('',(122.55089439028,-140.4194928209,
    110.76432591814));
#378 = VECTOR('',#379,1.);
#379 = DIRECTION('',(-1.89E-15,-1.,1.93E-15));
#380 = ORIENTED_EDGE('',*,*,#70,.F.);
#381 = FACE_BOUND('',#382,.T.);
#382 = EDGE_LOOP('',(#383));
#383 = ORIENTED_EDGE('',*,*,#384,.F.);
#384 = EDGE_CURVE('',#385,#385,#387,.T.);
#385 = VERTEX_POINT('',#386);
#386 = CARTESIAN_POINT('',(150.35337834214,-130.7794928209,
    110.76432591814));
#387 = CIRCLE('',#388,2.6585);
#388 = AXIS2_PLACEMENT_3D('',#389,#390,#391);
#389 = CARTESIAN_POINT('',(147.69487834214,-130.7794928209,
    110.76432591814));
#390 = DIRECTION('',(-2.1E-16,-1.93E-15,-1.));
#391 = DIRECTION('',(-1.,1.89E-15,2.1E-16));
#392 = FACE_BOUND('',#393,.T.);
#393 = EDGE_LOOP('',(#394));
#394 = ORIENTED_EDGE('',*,*,#395,.F.);
#395 = EDGE_CURVE('',#396,#396,#398,.T.);
#396 = VERTEX_POINT('',#397);
#397 = CARTESIAN_POINT('',(171.55337834214,-130.8294928209,
    110.76432591814));
#398 = CIRCLE('',#399,2.1085);
#399 = AXIS2_PLACEMENT_3D('',#400,#401,#402);
#400 = CARTESIAN_POINT('',(169.44487834214,-130.8294928209,
    110.76432591814));
#401 = DIRECTION('',(-2.1E-16,-1.93E-15,-1.));
#402 = DIRECTION('',(-1.,1.89E-15,2.1E-16));
#403 = FACE_BOUND('',#404,.T.);
#404 = EDGE_LOOP('',(#405));
#405 = ORIENTED_EDGE('',*,*,#406,.F.);
#406 = EDGE_CURVE('',#407,#407,#409,.T.);
#407 = VERTEX_POINT('',#408);
#408 = CARTESIAN_POINT('',(128.05337834214,-130.8294928209,
    110.76432591814));
#409 = CIRCLE('',#410,2.1085);
#410 = AXIS2_PLACEMENT_3D('',#411,#412,#413);
#411 = CARTESIAN_POINT('',(125.94487834214,-130.8294928209,
    110.76432591814));
#412 = DIRECTION('',(-2.1E-16,-1.93E-15,-1.));
#413 = DIRECTION('',(-1.,1.89E-15,2.1E-16));
#414 = FACE_BOUND('',#415,.T.);
#415 = EDGE_LOOP('',(#416,#426,#434,#442));
#416 = ORIENTED_EDGE('',*,*,#417,.T.);
#417 = EDGE_CURVE('',#418,#420,#422,.T.);
#418 = VERTEX_POINT('',#419);
#419 = CARTESIAN_POINT('',(147.42847275204,-120.5367099249,
    110.76432591814));
#420 = VERTEX_POINT('',#421);
#421 = CARTESIAN_POINT('',(147.42847275204,-123.3367099249,
    110.76432591814));
#422 = LINE('',#423,#424);
#423 = CARTESIAN_POINT('',(147.42847275204,-124.3281013729,
    110.76432591814));
#424 = VECTOR('',#425,1.);
#425 = DIRECTION('',(-3.34E-15,-1.,1.93E-15));
#426 = ORIENTED_EDGE('',*,*,#427,.T.);
#427 = EDGE_CURVE('',#420,#428,#430,.T.);
#428 = VERTEX_POINT('',#429);
#429 = CARTESIAN_POINT('',(147.96128393223,-123.3367099249,
    110.76432591814));
#430 = LINE('',#431,#432);
#431 = CARTESIAN_POINT('',(147.69487834214,-123.3367099249,
    110.76432591814));
#432 = VECTOR('',#433,1.);
#433 = DIRECTION('',(1.,-0.,-2.1E-16));
#434 = ORIENTED_EDGE('',*,*,#435,.T.);
#435 = EDGE_CURVE('',#428,#436,#438,.T.);
#436 = VERTEX_POINT('',#437);
#437 = CARTESIAN_POINT('',(147.96128393223,-120.5367099249,
    110.76432591814));
#438 = LINE('',#439,#440);
#439 = CARTESIAN_POINT('',(147.96128393223,-124.3281013729,
    110.76432591814));
#440 = VECTOR('',#441,1.);
#441 = DIRECTION('',(-3.34E-15,1.,-1.93E-15));
#442 = ORIENTED_EDGE('',*,*,#443,.T.);
#443 = EDGE_CURVE('',#436,#418,#444,.T.);
#444 = LINE('',#445,#446);
#445 = CARTESIAN_POINT('',(147.69487834214,-120.5367099249,
    110.76432591814));
#446 = VECTOR('',#447,1.);
#447 = DIRECTION('',(-1.,0.,2.1E-16));
#448 = PLANE('',#449);
#449 = AXIS2_PLACEMENT_3D('',#450,#451,#452);
#450 = CARTESIAN_POINT('',(147.69487834214,-127.9194928209,
    110.76432591814));
#451 = DIRECTION('',(2.1E-16,1.93E-15,1.));
#452 = DIRECTION('',(1.89E-15,1.,-1.93E-15));
#453 = ADVANCED_FACE('',(#454),#486,.T.);
#454 = FACE_BOUND('',#455,.T.);
#455 = EDGE_LOOP('',(#456,#466,#472,#480));
#456 = ORIENTED_EDGE('',*,*,#457,.T.);
#457 = EDGE_CURVE('',#458,#460,#462,.T.);
#458 = VERTEX_POINT('',#459);
#459 = CARTESIAN_POINT('',(173.81851202416,-119.4194928209,
    111.93001134309));
#460 = VERTEX_POINT('',#461);
#461 = CARTESIAN_POINT('',(174.21851202416,-119.8194928209,
    111.76432591814));
#462 = LINE('',#463,#464);
#463 = CARTESIAN_POINT('',(171.94530997548,-117.5462907722,
    112.70591703672));
#464 = VECTOR('',#465,1.);
#465 = DIRECTION('',(0.678598344546,-0.678598344546,-0.281084637715));
#466 = ORIENTED_EDGE('',*,*,#467,.T.);
#467 = EDGE_CURVE('',#460,#336,#468,.T.);
#468 = LINE('',#469,#470);
#469 = CARTESIAN_POINT('',(160.46260360366,-119.8194928209,
    98.008417497635));
#470 = VECTOR('',#471,1.);
#471 = DIRECTION('',(-0.707106781187,-1.8E-16,-0.707106781187));
#472 = ORIENTED_EDGE('',*,*,#473,.T.);
#473 = EDGE_CURVE('',#336,#474,#476,.T.);
#474 = VERTEX_POINT('',#475);
#475 = CARTESIAN_POINT('',(173.05282659921,-119.4194928209,
    111.16432591814));
#476 = LINE('',#477,#478);
#477 = CARTESIAN_POINT('',(172.32313054167,-117.6578507023,
    112.92596803667));
#478 = VECTOR('',#479,1.);
#479 = DIRECTION('',(-0.281084637715,0.678598344546,0.678598344546));
#480 = ORIENTED_EDGE('',*,*,#481,.T.);
#481 = EDGE_CURVE('',#474,#458,#482,.T.);
#482 = LINE('',#483,#484);
#483 = CARTESIAN_POINT('',(160.17976089118,-119.4194928209,
    98.29126021011));
#484 = VECTOR('',#485,1.);
#485 = DIRECTION('',(0.707106781187,1.8E-16,0.707106781187));
#486 = PLANE('',#487);
#487 = AXIS2_PLACEMENT_3D('',#488,#489,#490);
#488 = CARTESIAN_POINT('',(160.32118224742,-119.6194928209,
    98.149838853872));
#489 = DIRECTION('',(0.5,0.707106781187,-0.5));
#490 = DIRECTION('',(-0.707106781187,1.110223024625E-16,-0.707106781187)
  );
#491 = ADVANCED_FACE('',(#492),#518,.T.);
#492 = FACE_BOUND('',#493,.T.);
#493 = EDGE_LOOP('',(#494,#495,#496,#504,#512));
#494 = ORIENTED_EDGE('',*,*,#473,.F.);
#495 = ORIENTED_EDGE('',*,*,#335,.T.);
#496 = ORIENTED_EDGE('',*,*,#497,.F.);
#497 = EDGE_CURVE('',#498,#328,#500,.T.);
#498 = VERTEX_POINT('',#499);
#499 = CARTESIAN_POINT('',(151.37744892049,-119.4730338252,
    111.1107849138));
#500 = LINE('',#501,#502);
#501 = CARTESIAN_POINT('',(145.39689371508,-122.9268827754,
    107.65693596361));
#502 = VECTOR('',#503,1.);
#503 = DIRECTION('',(-0.774509289876,-0.447289257581,-0.447289257581));
#504 = ORIENTED_EDGE('',*,*,#505,.F.);
#505 = EDGE_CURVE('',#506,#498,#508,.T.);
#506 = VERTEX_POINT('',#507);
#507 = CARTESIAN_POINT('',(151.40834340166,-119.4194928209,
    111.16432591814));
#508 = LINE('',#509,#510);
#509 = CARTESIAN_POINT('',(151.25486934968,-119.6854676672,
    110.8983510718));
#510 = VECTOR('',#511,1.);
#511 = DIRECTION('',(-0.377781755427,-0.654706401858,-0.654706401858));
#512 = ORIENTED_EDGE('',*,*,#513,.T.);
#513 = EDGE_CURVE('',#506,#474,#514,.T.);
#514 = LINE('',#515,#516);
#515 = CARTESIAN_POINT('',(134.44487834214,-119.4194928209,
    111.16432591814));
#516 = VECTOR('',#517,1.);
#517 = DIRECTION('',(1.,-1.89E-15,-2.1E-16));
#518 = PLANE('',#519);
#519 = AXIS2_PLACEMENT_3D('',#520,#521,#522);
#520 = CARTESIAN_POINT('',(134.44487834214,-119.6194928209,
    110.96432591814));
#521 = DIRECTION('',(1.19E-15,0.707106781187,-0.707106781187));
#522 = DIRECTION('',(-1.,1.45706961201E-18,-1.681457069612E-15));
#523 = ADVANCED_FACE('',(#524),#542,.T.);
#524 = FACE_BOUND('',#525,.T.);
#525 = EDGE_LOOP('',(#526,#527,#535,#541));
#526 = ORIENTED_EDGE('',*,*,#467,.F.);
#527 = ORIENTED_EDGE('',*,*,#528,.T.);
#528 = EDGE_CURVE('',#460,#529,#531,.T.);
#529 = VERTEX_POINT('',#530);
#530 = CARTESIAN_POINT('',(174.21851202416,-138.5115080161,
    111.76432591814));
#531 = LINE('',#532,#533);
#532 = CARTESIAN_POINT('',(174.21851202416,-123.9846951688,
    111.76432591814));
#533 = VECTOR('',#534,1.);
#534 = DIRECTION('',(0.,-1.,1.93E-15));
#535 = ORIENTED_EDGE('',*,*,#536,.F.);
#536 = EDGE_CURVE('',#344,#529,#537,.T.);
#537 = LINE('',#538,#539);
#538 = CARTESIAN_POINT('',(175.34351202416,-138.5115080161,
    112.88932591814));
#539 = VECTOR('',#540,1.);
#540 = DIRECTION('',(0.707106781187,2.14E-15,0.707106781187));
#541 = ORIENTED_EDGE('',*,*,#343,.T.);
#542 = PLANE('',#543);
#543 = AXIS2_PLACEMENT_3D('',#544,#545,#546);
#544 = CARTESIAN_POINT('',(173.71851202416,-123.9846951688,
    111.26432591814));
#545 = DIRECTION('',(0.707106781187,-1.36E-15,-0.707106781187));
#546 = DIRECTION('',(-0.707106781187,9.860761315263E-32,-0.707106781187)
  );
#547 = ADVANCED_FACE('',(#548),#573,.T.);
#548 = FACE_BOUND('',#549,.T.);
#549 = EDGE_LOOP('',(#550,#558,#559,#567));
#550 = ORIENTED_EDGE('',*,*,#551,.T.);
#551 = EDGE_CURVE('',#552,#344,#554,.T.);
#552 = VERTEX_POINT('',#553);
#553 = CARTESIAN_POINT('',(173.05282659921,-138.9115080161,
    111.16432591814));
#554 = LINE('',#555,#556);
#555 = CARTESIAN_POINT('',(172.53120097641,-140.1708236691,
    112.42364157119));
#556 = VECTOR('',#557,1.);
#557 = DIRECTION('',(0.281084637715,0.678598344546,-0.678598344546));
#558 = ORIENTED_EDGE('',*,*,#536,.T.);
#559 = ORIENTED_EDGE('',*,*,#560,.T.);
#560 = EDGE_CURVE('',#529,#561,#563,.T.);
#561 = VERTEX_POINT('',#562);
#562 = CARTESIAN_POINT('',(173.81851202416,-138.9115080161,
    111.93001134309));
#563 = LINE('',#564,#565);
#564 = CARTESIAN_POINT('',(173.62335578853,-139.1066642517,
    112.01084770267));
#565 = VECTOR('',#566,1.);
#566 = DIRECTION('',(-0.678598344546,-0.678598344546,0.281084637715));
#567 = ORIENTED_EDGE('',*,*,#568,.T.);
#568 = EDGE_CURVE('',#561,#552,#569,.T.);
#569 = LINE('',#570,#571);
#570 = CARTESIAN_POINT('',(175.06066931169,-138.9115080161,
    113.17216863061));
#571 = VECTOR('',#572,1.);
#572 = DIRECTION('',(-0.707106781187,-2.14E-15,-0.707106781187));
#573 = PLANE('',#574);
#574 = AXIS2_PLACEMENT_3D('',#575,#576,#577);
#575 = CARTESIAN_POINT('',(175.20209066793,-138.7115080161,
    113.03074727437));
#576 = DIRECTION('',(0.5,-0.707106781187,-0.5));
#577 = DIRECTION('',(-0.707106781187,2.775557561563E-16,-0.707106781187)
  );
#578 = ADVANCED_FACE('',(#579),#612,.T.);
#579 = FACE_BOUND('',#580,.T.);
#580 = EDGE_LOOP('',(#581,#582,#590,#598,#606));
#581 = ORIENTED_EDGE('',*,*,#560,.F.);
#582 = ORIENTED_EDGE('',*,*,#583,.T.);
#583 = EDGE_CURVE('',#529,#584,#586,.T.);
#584 = VERTEX_POINT('',#585);
#585 = CARTESIAN_POINT('',(174.21851202416,-138.5115080161,
    117.26432591814));
#586 = LINE('',#587,#588);
#587 = CARTESIAN_POINT('',(174.21851202416,-138.5115080161,
    117.66432591814));
#588 = VECTOR('',#589,1.);
#589 = DIRECTION('',(0.,2.34E-15,1.));
#590 = ORIENTED_EDGE('',*,*,#591,.T.);
#591 = EDGE_CURVE('',#584,#592,#594,.T.);
#592 = VERTEX_POINT('',#593);
#593 = CARTESIAN_POINT('',(174.01851202416,-138.7115080161,
    117.46432591814));
#594 = LINE('',#595,#596);
#595 = CARTESIAN_POINT('',(176.43964749871,-136.2903725415,
    115.04319044359));
#596 = VECTOR('',#597,1.);
#597 = DIRECTION('',(-0.57735026919,-0.57735026919,0.57735026919));
#598 = ORIENTED_EDGE('',*,*,#599,.F.);
#599 = EDGE_CURVE('',#600,#592,#602,.T.);
#600 = VERTEX_POINT('',#601);
#601 = CARTESIAN_POINT('',(173.81851202416,-138.9115080161,
    117.26432591814));
#602 = LINE('',#603,#604);
#603 = CARTESIAN_POINT('',(171.84154255066,-140.8884774896,
    115.28735644464));
#604 = VECTOR('',#605,1.);
#605 = DIRECTION('',(0.57735026919,0.57735026919,0.57735026919));
#606 = ORIENTED_EDGE('',*,*,#607,.T.);
#607 = EDGE_CURVE('',#600,#561,#608,.T.);
#608 = LINE('',#609,#610);
#609 = CARTESIAN_POINT('',(173.81851202416,-138.9115080161,
    117.66432591814));
#610 = VECTOR('',#611,1.);
#611 = DIRECTION('',(0.,-2.34E-15,-1.));
#612 = PLANE('',#613);
#613 = AXIS2_PLACEMENT_3D('',#614,#615,#616);
#614 = CARTESIAN_POINT('',(174.01851202416,-138.7115080161,
    117.66432591814));
#615 = DIRECTION('',(0.707106781187,-0.707106781187,1.65E-15));
#616 = DIRECTION('',(2.336726188958E-15,3.273811042197E-18,-1.));
#617 = ADVANCED_FACE('',(#618),#645,.T.);
#618 = FACE_BOUND('',#619,.T.);
#619 = EDGE_LOOP('',(#620,#621,#629,#638,#644));
#620 = ORIENTED_EDGE('',*,*,#551,.F.);
#621 = ORIENTED_EDGE('',*,*,#622,.T.);
#622 = EDGE_CURVE('',#552,#623,#625,.T.);
#623 = VERTEX_POINT('',#624);
#624 = CARTESIAN_POINT('',(173.03884862603,-138.9115080161,
    111.16432591814));
#625 = LINE('',#626,#627);
#626 = CARTESIAN_POINT('',(160.75669518315,-138.9115080161,
    111.16432591814));
#627 = VECTOR('',#628,1.);
#628 = DIRECTION('',(-1.,-6.8E-16,2.1E-16));
#629 = ORIENTED_EDGE('',*,*,#630,.F.);
#630 = EDGE_CURVE('',#631,#623,#633,.T.);
#631 = VERTEX_POINT('',#632);
#632 = CARTESIAN_POINT('',(173.07556718278,-138.853317496,
    111.10613539812));
#633 = ELLIPSE('',#634,19.799363254129,14.00026402017);
#634 = AXIS2_PLACEMENT_3D('',#635,#636,#637);
#635 = CARTESIAN_POINT('',(161.21711304016,-131.4112439959,
    103.66406189797));
#636 = DIRECTION('',(3.4E-16,-0.707106781187,-0.707106781187));
#637 = DIRECTION('',(-3.06E-15,-0.707106781187,0.707106781187));
#638 = ORIENTED_EDGE('',*,*,#639,.F.);
#639 = EDGE_CURVE('',#352,#631,#640,.T.);
#640 = LINE('',#641,#642);
#641 = CARTESIAN_POINT('',(172.36286905005,-137.586082446,
    109.83890034804));
#642 = VECTOR('',#643,1.);
#643 = DIRECTION('',(0.369531273036,-0.657056557021,0.657056557021));
#644 = ORIENTED_EDGE('',*,*,#351,.T.);
#645 = PLANE('',#646);
#646 = AXIS2_PLACEMENT_3D('',#647,#648,#649);
#647 = CARTESIAN_POINT('',(160.75669518315,-138.7115080161,
    110.96432591814));
#648 = DIRECTION('',(3.4E-16,-0.707106781187,-0.707106781187));
#649 = DIRECTION('',(-1.,-5.416305603426E-18,-4.754163056034E-16));
#650 = ADVANCED_FACE('',(#651),#671,.T.);
#651 = FACE_BOUND('',#652,.T.);
#652 = EDGE_LOOP('',(#653,#654,#655,#663,#670));
#653 = ORIENTED_EDGE('',*,*,#568,.F.);
#654 = ORIENTED_EDGE('',*,*,#607,.F.);
#655 = ORIENTED_EDGE('',*,*,#656,.F.);
#656 = EDGE_CURVE('',#657,#600,#659,.T.);
#657 = VERTEX_POINT('',#658);
#658 = CARTESIAN_POINT('',(164.53979436946,-138.9115080161,
    117.26432591814));
#659 = LINE('',#660,#661);
#660 = CARTESIAN_POINT('',(160.75669518315,-138.9115080161,
    117.26432591814));
#661 = VECTOR('',#662,1.);
#662 = DIRECTION('',(1.,6.8E-16,-2.1E-16));
#663 = ORIENTED_EDGE('',*,*,#664,.F.);
#664 = EDGE_CURVE('',#623,#657,#665,.T.);
#665 = CIRCLE('',#666,14.00026402017);
#666 = AXIS2_PLACEMENT_3D('',#667,#668,#669);
#667 = CARTESIAN_POINT('',(161.21711304016,-138.9115080161,
    103.66406189797));
#668 = DIRECTION('',(6.8E-16,-1.,2.34E-15));
#669 = DIRECTION('',(0.999981160321,6.943508637967E-16,
    6.138322554966E-03));
#670 = ORIENTED_EDGE('',*,*,#622,.F.);
#671 = PLANE('',#672);
#672 = AXIS2_PLACEMENT_3D('',#673,#674,#675);
#673 = CARTESIAN_POINT('',(173.81851202416,-138.9115080161,
    117.66432591814));
#674 = DIRECTION('',(6.8E-16,-1.,2.34E-15));
#675 = DIRECTION('',(-1.,-6.8E-16,2.1E-16));
#676 = ADVANCED_FACE('',(#677),#695,.T.);
#677 = FACE_BOUND('',#678,.T.);
#678 = EDGE_LOOP('',(#679,#680,#688,#694));
#679 = ORIENTED_EDGE('',*,*,#528,.F.);
#680 = ORIENTED_EDGE('',*,*,#681,.F.);
#681 = EDGE_CURVE('',#682,#460,#684,.T.);
#682 = VERTEX_POINT('',#683);
#683 = CARTESIAN_POINT('',(174.21851202416,-119.8194928209,
    117.26432591814));
#684 = LINE('',#685,#686);
#685 = CARTESIAN_POINT('',(174.21851202416,-119.8194928209,
    114.21432591814));
#686 = VECTOR('',#687,1.);
#687 = DIRECTION('',(-0.,-2.15E-15,-1.));
#688 = ORIENTED_EDGE('',*,*,#689,.F.);
#689 = EDGE_CURVE('',#584,#682,#690,.T.);
#690 = LINE('',#691,#692);
#691 = CARTESIAN_POINT('',(174.21851202416,-123.9846951688,
    117.26432591814));
#692 = VECTOR('',#693,1.);
#693 = DIRECTION('',(-0.,1.,-1.93E-15));
#694 = ORIENTED_EDGE('',*,*,#583,.F.);
#695 = PLANE('',#696);
#696 = AXIS2_PLACEMENT_3D('',#697,#698,#699);
#697 = CARTESIAN_POINT('',(174.21851202416,-120.0498975167,
    117.66432591814));
#698 = DIRECTION('',(1.,0.,-0.));
#699 = DIRECTION('',(0.,-1.,1.96E-15));
#700 = ADVANCED_FACE('',(#701),#727,.T.);
#701 = FACE_BOUND('',#702,.T.);
#702 = EDGE_LOOP('',(#703,#704,#712,#720,#726));
#703 = ORIENTED_EDGE('',*,*,#149,.F.);
#704 = ORIENTED_EDGE('',*,*,#705,.T.);
#705 = EDGE_CURVE('',#150,#706,#708,.T.);
#706 = VERTEX_POINT('',#707);
#707 = CARTESIAN_POINT('',(143.94561422869,-119.4194928209,
    111.16432591814));
#708 = LINE('',#709,#710);
#709 = CARTESIAN_POINT('',(134.44487834214,-119.4194928209,
    111.16432591814));
#710 = VECTOR('',#711,1.);
#711 = DIRECTION('',(1.,-1.89E-15,-2.1E-16));
#712 = ORIENTED_EDGE('',*,*,#713,.F.);
#713 = EDGE_CURVE('',#714,#706,#716,.T.);
#714 = VERTEX_POINT('',#715);
#715 = CARTESIAN_POINT('',(143.97660001143,-119.4731315141,
    111.11068722495));
#716 = LINE('',#717,#718);
#717 = CARTESIAN_POINT('',(143.34677249083,-118.3828532588,
    112.20096548023));
#718 = VECTOR('',#719,1.);
#719 = DIRECTION('',(-0.378147197516,0.65460090781,0.65460090781));
#720 = ORIENTED_EDGE('',*,*,#721,.F.);
#721 = EDGE_CURVE('',#304,#714,#722,.T.);
#722 = LINE('',#723,#724);
#723 = CARTESIAN_POINT('',(142.018283601,-118.3428158273,112.24100291172
    ));
#724 = VECTOR('',#725,1.);
#725 = DIRECTION('',(-0.774684041006,0.447137918662,0.447137918662));
#726 = ORIENTED_EDGE('',*,*,#303,.T.);
#727 = PLANE('',#728);
#728 = AXIS2_PLACEMENT_3D('',#729,#730,#731);
#729 = CARTESIAN_POINT('',(134.44487834214,-119.6194928209,
    110.96432591814));
#730 = DIRECTION('',(1.19E-15,0.707106781187,-0.707106781187));
#731 = DIRECTION('',(-1.,1.457069611992E-18,-1.681457069612E-15));
#732 = ADVANCED_FACE('',(#733),#759,.T.);
#733 = FACE_BOUND('',#734,.T.);
#734 = EDGE_LOOP('',(#735,#736,#744,#752,#758));
#735 = ORIENTED_EDGE('',*,*,#457,.F.);
#736 = ORIENTED_EDGE('',*,*,#737,.T.);
#737 = EDGE_CURVE('',#458,#738,#740,.T.);
#738 = VERTEX_POINT('',#739);
#739 = CARTESIAN_POINT('',(173.81851202416,-119.4194928209,
    117.26432591814));
#740 = LINE('',#741,#742);
#741 = CARTESIAN_POINT('',(173.81851202416,-119.4194928209,
    114.21432591814));
#742 = VECTOR('',#743,1.);
#743 = DIRECTION('',(0.,2.15E-15,1.));
#744 = ORIENTED_EDGE('',*,*,#745,.T.);
#745 = EDGE_CURVE('',#738,#746,#748,.T.);
#746 = VERTEX_POINT('',#747);
#747 = CARTESIAN_POINT('',(174.01851202416,-119.6194928209,
    117.46432591814));
#748 = LINE('',#749,#750);
#749 = CARTESIAN_POINT('',(166.88123974383,-112.4822205405,
    110.3270536378));
#750 = VECTOR('',#751,1.);
#751 = DIRECTION('',(0.57735026919,-0.57735026919,0.57735026919));
#752 = ORIENTED_EDGE('',*,*,#753,.F.);
#753 = EDGE_CURVE('',#682,#746,#754,.T.);
#754 = LINE('',#755,#756);
#755 = CARTESIAN_POINT('',(175.28771241548,-120.8886932122,
    116.19512552682));
#756 = VECTOR('',#757,1.);
#757 = DIRECTION('',(-0.57735026919,0.57735026919,0.57735026919));
#758 = ORIENTED_EDGE('',*,*,#681,.T.);
#759 = PLANE('',#760);
#760 = AXIS2_PLACEMENT_3D('',#761,#762,#763);
#761 = CARTESIAN_POINT('',(174.01851202416,-119.6194928209,
    114.21432591814));
#762 = DIRECTION('',(0.707106781187,0.707106781187,-1.52E-15));
#763 = DIRECTION('',(-2.149802307404E-15,1.976925964478E-19,-1.));
#764 = ADVANCED_FACE('',(#765),#798,.T.);
#765 = FACE_BOUND('',#766,.T.);
#766 = EDGE_LOOP('',(#767,#768,#776,#784,#792));
#767 = ORIENTED_EDGE('',*,*,#745,.F.);
#768 = ORIENTED_EDGE('',*,*,#769,.T.);
#769 = EDGE_CURVE('',#738,#770,#772,.T.);
#770 = VERTEX_POINT('',#771);
#771 = CARTESIAN_POINT('',(154.89000909368,-119.4194928209,
    117.26432591814));
#772 = LINE('',#773,#774);
#773 = CARTESIAN_POINT('',(134.44487834214,-119.4194928209,
    117.26432591814));
#774 = VECTOR('',#775,1.);
#775 = DIRECTION('',(-1.,1.89E-15,2.1E-16));
#776 = ORIENTED_EDGE('',*,*,#777,.F.);
#777 = EDGE_CURVE('',#778,#770,#780,.T.);
#778 = VERTEX_POINT('',#779);
#779 = CARTESIAN_POINT('',(154.65900385543,-119.8194928209,
    117.66432591814));
#780 = LINE('',#781,#782);
#781 = CARTESIAN_POINT('',(152.82016484647,-123.0035574298,
    120.84839052708));
#782 = VECTOR('',#783,1.);
#783 = DIRECTION('',(0.378055834561,0.654627293181,-0.654627293181));
#784 = ORIENTED_EDGE('',*,*,#785,.T.);
#785 = EDGE_CURVE('',#778,#786,#788,.T.);
#786 = VERTEX_POINT('',#787);
#787 = CARTESIAN_POINT('',(173.81851202416,-119.8194928209,
    117.66432591814));
#788 = LINE('',#789,#790);
#789 = CARTESIAN_POINT('',(134.44487834214,-119.8194928209,
    117.66432591814));
#790 = VECTOR('',#791,1.);
#791 = DIRECTION('',(1.,-1.89E-15,-2.1E-16));
#792 = ORIENTED_EDGE('',*,*,#793,.F.);
#793 = EDGE_CURVE('',#746,#786,#794,.T.);
#794 = LINE('',#795,#796);
#795 = CARTESIAN_POINT('',(166.69537268584,-126.9426321592,
    124.78746525646));
#796 = VECTOR('',#797,1.);
#797 = DIRECTION('',(-0.57735026919,-0.57735026919,0.57735026919));
#798 = PLANE('',#799);
#799 = AXIS2_PLACEMENT_3D('',#800,#801,#802);
#800 = CARTESIAN_POINT('',(134.44487834214,-119.6194928209,
    117.46432591814));
#801 = DIRECTION('',(1.48E-15,0.707106781187,0.707106781187));
#802 = DIRECTION('',(1.,-1.518036156044E-18,-2.091518036156E-15));
#803 = ADVANCED_FACE('',(#804),#824,.T.);
#804 = FACE_BOUND('',#805,.T.);
#805 = EDGE_LOOP('',(#806,#807,#815,#821,#822,#823));
#806 = ORIENTED_EDGE('',*,*,#793,.T.);
#807 = ORIENTED_EDGE('',*,*,#808,.T.);
#808 = EDGE_CURVE('',#786,#809,#811,.T.);
#809 = VERTEX_POINT('',#810);
#810 = CARTESIAN_POINT('',(173.81851202416,-138.5115080161,
    117.66432591814));
#811 = LINE('',#812,#813);
#812 = CARTESIAN_POINT('',(173.81851202416,-123.9846951688,
    117.66432591814));
#813 = VECTOR('',#814,1.);
#814 = DIRECTION('',(0.,-1.,1.93E-15));
#815 = ORIENTED_EDGE('',*,*,#816,.F.);
#816 = EDGE_CURVE('',#592,#809,#817,.T.);
#817 = LINE('',#818,#819);
#818 = CARTESIAN_POINT('',(169.35374040945,-134.0467364013,
    122.12909753285));
#819 = VECTOR('',#820,1.);
#820 = DIRECTION('',(-0.57735026919,0.57735026919,0.57735026919));
#821 = ORIENTED_EDGE('',*,*,#591,.F.);
#822 = ORIENTED_EDGE('',*,*,#689,.T.);
#823 = ORIENTED_EDGE('',*,*,#753,.T.);
#824 = PLANE('',#825);
#825 = AXIS2_PLACEMENT_3D('',#826,#827,#828);
#826 = CARTESIAN_POINT('',(174.01851202416,-123.9846951688,
    117.46432591814));
#827 = DIRECTION('',(0.707106781187,1.36E-15,0.707106781187));
#828 = DIRECTION('',(0.707106781187,0.,-0.707106781187));
#829 = ADVANCED_FACE('',(#830),#857,.T.);
#830 = FACE_BOUND('',#831,.T.);
#831 = EDGE_LOOP('',(#832,#833,#834,#835,#843,#851));
#832 = ORIENTED_EDGE('',*,*,#189,.F.);
#833 = ORIENTED_EDGE('',*,*,#228,.T.);
#834 = ORIENTED_EDGE('',*,*,#260,.T.);
#835 = ORIENTED_EDGE('',*,*,#836,.T.);
#836 = EDGE_CURVE('',#253,#837,#839,.T.);
#837 = VERTEX_POINT('',#838);
#838 = CARTESIAN_POINT('',(121.61851202416,-138.5115080161,
    117.66432591814));
#839 = LINE('',#840,#841);
#840 = CARTESIAN_POINT('',(125.5907605937,-134.5392594465,
    121.63657448767));
#841 = VECTOR('',#842,1.);
#842 = DIRECTION('',(0.57735026919,0.57735026919,0.57735026919));
#843 = ORIENTED_EDGE('',*,*,#844,.T.);
#844 = EDGE_CURVE('',#837,#845,#847,.T.);
#845 = VERTEX_POINT('',#846);
#846 = CARTESIAN_POINT('',(121.61851202416,-119.8194928209,
    117.66432591814));
#847 = LINE('',#848,#849);
#848 = CARTESIAN_POINT('',(121.61851202416,-133.2155004185,
    117.66432591814));
#849 = VECTOR('',#850,1.);
#850 = DIRECTION('',(-0.,1.,-1.93E-15));
#851 = ORIENTED_EDGE('',*,*,#852,.F.);
#852 = EDGE_CURVE('',#190,#845,#853,.T.);
#853 = LINE('',#854,#855);
#854 = CARTESIAN_POINT('',(125.85557434342,-124.0565551401,
    121.9013882374));
#855 = VECTOR('',#856,1.);
#856 = DIRECTION('',(0.57735026919,-0.57735026919,0.57735026919));
#857 = PLANE('',#858);
#858 = AXIS2_PLACEMENT_3D('',#859,#860,#861);
#859 = CARTESIAN_POINT('',(121.41851202416,-133.2155004185,
    117.46432591814));
#860 = DIRECTION('',(-0.707106781187,1.36E-15,0.707106781187));
#861 = DIRECTION('',(0.707106781187,0.,0.707106781187));
#862 = ADVANCED_FACE('',(#863),#889,.T.);
#863 = FACE_BOUND('',#864,.T.);
#864 = EDGE_LOOP('',(#865,#866,#874,#882,#888));
#865 = ORIENTED_EDGE('',*,*,#852,.T.);
#866 = ORIENTED_EDGE('',*,*,#867,.T.);
#867 = EDGE_CURVE('',#845,#868,#870,.T.);
#868 = VERTEX_POINT('',#869);
#869 = CARTESIAN_POINT('',(140.69072059117,-119.8194928209,
    117.66432591814));
#870 = LINE('',#871,#872);
#871 = CARTESIAN_POINT('',(134.44487834214,-119.8194928209,
    117.66432591814));
#872 = VECTOR('',#873,1.);
#873 = DIRECTION('',(1.,-1.89E-15,-2.1E-16));
#874 = ORIENTED_EDGE('',*,*,#875,.F.);
#875 = EDGE_CURVE('',#876,#868,#878,.T.);
#876 = VERTEX_POINT('',#877);
#877 = CARTESIAN_POINT('',(140.45984560473,-119.4194928209,
    117.26432591814));
#878 = LINE('',#879,#880);
#879 = CARTESIAN_POINT('',(140.63894077555,-119.7297822525,
    117.5746153498));
#880 = VECTOR('',#881,1.);
#881 = DIRECTION('',(0.377873113516,-0.654680040203,0.654680040203));
#882 = ORIENTED_EDGE('',*,*,#883,.T.);
#883 = EDGE_CURVE('',#876,#198,#884,.T.);
#884 = LINE('',#885,#886);
#885 = CARTESIAN_POINT('',(134.44487834214,-119.4194928209,
    117.26432591814));
#886 = VECTOR('',#887,1.);
#887 = DIRECTION('',(-1.,1.89E-15,2.1E-16));
#888 = ORIENTED_EDGE('',*,*,#197,.T.);
#889 = PLANE('',#890);
#890 = AXIS2_PLACEMENT_3D('',#891,#892,#893);
#891 = CARTESIAN_POINT('',(134.44487834214,-119.6194928209,
    117.46432591814));
#892 = DIRECTION('',(1.48E-15,0.707106781187,0.707106781187));
#893 = DIRECTION('',(1.,-1.518036156067E-18,-2.091518036156E-15));
#894 = ADVANCED_FACE('',(#895),#915,.T.);
#895 = FACE_BOUND('',#896,.T.);
#896 = EDGE_LOOP('',(#897,#898,#899,#908,#914));
#897 = ORIENTED_EDGE('',*,*,#252,.F.);
#898 = ORIENTED_EDGE('',*,*,#287,.T.);
#899 = ORIENTED_EDGE('',*,*,#900,.F.);
#900 = EDGE_CURVE('',#901,#279,#903,.T.);
#901 = VERTEX_POINT('',#902);
#902 = CARTESIAN_POINT('',(134.21711334539,-138.5115080161,
    117.66432591814));
#903 = ELLIPSE('',#904,19.799362884618,14.000263758886);
#904 = AXIS2_PLACEMENT_3D('',#905,#906,#907);
#905 = CARTESIAN_POINT('',(134.21711334539,-152.5117717749,
    103.66406215925));
#906 = DIRECTION('',(6.3E-16,-0.707106781187,0.707106781187));
#907 = DIRECTION('',(4.92E-15,0.707106781187,0.707106781187));
#908 = ORIENTED_EDGE('',*,*,#909,.T.);
#909 = EDGE_CURVE('',#901,#837,#910,.T.);
#910 = LINE('',#911,#912);
#911 = CARTESIAN_POINT('',(140.95599584376,-138.5115080161,
    117.66432591814));
#912 = VECTOR('',#913,1.);
#913 = DIRECTION('',(-1.,-6.8E-16,2.1E-16));
#914 = ORIENTED_EDGE('',*,*,#836,.F.);
#915 = PLANE('',#916);
#916 = AXIS2_PLACEMENT_3D('',#917,#918,#919);
#917 = CARTESIAN_POINT('',(140.95599584376,-138.7115080161,
    117.46432591814));
#918 = DIRECTION('',(6.3E-16,-0.707106781187,0.707106781187));
#919 = DIRECTION('',(1.,4.772721475151E-19,-8.904772721475E-16));
#920 = ADVANCED_FACE('',(#921),#941,.T.);
#921 = FACE_BOUND('',#922,.T.);
#922 = EDGE_LOOP('',(#923,#924,#932,#939,#940));
#923 = ORIENTED_EDGE('',*,*,#816,.T.);
#924 = ORIENTED_EDGE('',*,*,#925,.T.);
#925 = EDGE_CURVE('',#809,#926,#928,.T.);
#926 = VERTEX_POINT('',#927);
#927 = CARTESIAN_POINT('',(161.21711304016,-138.5115080161,
    117.66432591814));
#928 = LINE('',#929,#930);
#929 = CARTESIAN_POINT('',(160.75669518315,-138.5115080161,
    117.66432591814));
#930 = VECTOR('',#931,1.);
#931 = DIRECTION('',(-1.,-6.8E-16,2.1E-16));
#932 = ORIENTED_EDGE('',*,*,#933,.F.);
#933 = EDGE_CURVE('',#657,#926,#934,.T.);
#934 = ELLIPSE('',#935,19.799363254129,14.00026402017);
#935 = AXIS2_PLACEMENT_3D('',#936,#937,#938);
#936 = CARTESIAN_POINT('',(161.21711304016,-152.5117720362,
    103.66406189797));
#937 = DIRECTION('',(6.3E-16,-0.707106781187,0.707106781187));
#938 = DIRECTION('',(3.22E-15,0.707106781187,0.707106781187));
#939 = ORIENTED_EDGE('',*,*,#656,.T.);
#940 = ORIENTED_EDGE('',*,*,#599,.T.);
#941 = PLANE('',#942);
#942 = AXIS2_PLACEMENT_3D('',#943,#944,#945);
#943 = CARTESIAN_POINT('',(160.75669518315,-138.7115080161,
    117.46432591814));
#944 = DIRECTION('',(6.3E-16,-0.707106781187,0.707106781187));
#945 = DIRECTION('',(1.,4.772721475151E-19,-8.904772721475E-16));
#946 = ADVANCED_FACE('',(#947),#991,.T.);
#947 = FACE_BOUND('',#948,.T.);
#948 = EDGE_LOOP('',(#949,#959,#968,#976,#985));
#949 = ORIENTED_EDGE('',*,*,#950,.T.);
#950 = EDGE_CURVE('',#951,#953,#955,.T.);
#951 = VERTEX_POINT('',#952);
#952 = CARTESIAN_POINT('',(172.97974105549,-140.190915679,
    110.93574877631));
#953 = VERTEX_POINT('',#954);
#954 = CARTESIAN_POINT('',(173.07556718278,-140.0194928209,
    111.10613539812));
#955 = ( BOUNDED_CURVE() B_SPLINE_CURVE(2,(#956,#957,#958),
.UNSPECIFIED.,.F.,.F.) B_SPLINE_CURVE_WITH_KNOTS((3,3),(
    2.721752859047E-02,5.417053153987E-02),.PIECEWISE_BEZIER_KNOTS.) 
CURVE() GEOMETRIC_REPRESENTATION_ITEM() RATIONAL_B_SPLINE_CURVE((
1.000354189348,1.000504644245,1.0006057463)) REPRESENTATION_ITEM('') );
#956 = CARTESIAN_POINT('',(172.97974105549,-140.190915679,
    110.93574877631));
#957 = CARTESIAN_POINT('',(173.02735898229,-140.1058908377,
    111.02041730998));
#958 = CARTESIAN_POINT('',(173.07556718278,-140.0194928209,
    111.10613539812));
#959 = ORIENTED_EDGE('',*,*,#960,.T.);
#960 = EDGE_CURVE('',#953,#961,#963,.T.);
#961 = VERTEX_POINT('',#962);
#962 = CARTESIAN_POINT('',(161.21711329984,-140.0194928209,
    117.66432591814));
#963 = CIRCLE('',#964,14.00026402017);
#964 = AXIS2_PLACEMENT_3D('',#965,#966,#967);
#965 = CARTESIAN_POINT('',(161.21711304016,-140.0194928209,
    103.66406189797));
#966 = DIRECTION('',(-1.89E-15,-1.,1.93E-15));
#967 = DIRECTION('',(0.999981160321,-1.878117430475E-15,
    6.138322554966E-03));
#968 = ORIENTED_EDGE('',*,*,#969,.T.);
#969 = EDGE_CURVE('',#961,#970,#972,.T.);
#970 = VERTEX_POINT('',#971);
#971 = CARTESIAN_POINT('',(161.21711329242,-140.4194928209,
    117.26432591814));
#972 = LINE('',#973,#974);
#973 = CARTESIAN_POINT('',(161.21711329984,-140.0194928209,
    117.66432591814));
#974 = VECTOR('',#975,1.);
#975 = DIRECTION('',(-1.311586156E-08,-0.707106781186,-0.707106781187));
#976 = ORIENTED_EDGE('',*,*,#977,.T.);
#977 = EDGE_CURVE('',#970,#978,#980,.T.);
#978 = VERTEX_POINT('',#979);
#979 = CARTESIAN_POINT('',(172.56229796796,-140.4194928209,
    111.16432591814));
#980 = CIRCLE('',#981,13.60026402017);
#981 = AXIS2_PLACEMENT_3D('',#982,#983,#984);
#982 = CARTESIAN_POINT('',(161.21711304016,-140.4194928209,
    103.66406189797));
#983 = DIRECTION('',(1.89E-15,1.,-1.93E-15));
#984 = DIRECTION('',(0.999981160321,-1.878117430475E-15,
    6.138322554966E-03));
#985 = ORIENTED_EDGE('',*,*,#986,.T.);
#986 = EDGE_CURVE('',#978,#951,#987,.T.);
#987 = B_SPLINE_CURVE_WITH_KNOTS('',2,(#988,#989,#990),.UNSPECIFIED.,.F.
  ,.F.,(3,3),(0.,5.305970685363E-02),.PIECEWISE_BEZIER_KNOTS.);
#988 = CARTESIAN_POINT('',(172.56229796796,-140.4194928209,
    111.16432591814));
#989 = CARTESIAN_POINT('',(172.77101951173,-140.3072688752,
    111.05210197247));
#990 = CARTESIAN_POINT('',(172.97974105549,-140.190915679,
    110.93574877631));
#991 = CONICAL_SURFACE('',#992,13.80026402017,0.785398163397);
#992 = AXIS2_PLACEMENT_3D('',#993,#994,#995);
#993 = CARTESIAN_POINT('',(161.21711304016,-140.2194928209,
    103.66406189797));
#994 = DIRECTION('',(0.,1.,0.));
#995 = DIRECTION('',(0.999981160321,-0.,6.138322554966E-03));
#996 = ADVANCED_FACE('',(#997),#1022,.T.);
#997 = FACE_BOUND('',#998,.T.);
#998 = EDGE_LOOP('',(#999,#1009,#1015,#1016));
#999 = ORIENTED_EDGE('',*,*,#1000,.T.);
#1000 = EDGE_CURVE('',#1001,#1003,#1005,.T.);
#1001 = VERTEX_POINT('',#1002);
#1002 = CARTESIAN_POINT('',(134.21711334539,-140.0194928209,
    117.66432591814));
#1003 = VERTEX_POINT('',#1004);
#1004 = CARTESIAN_POINT('',(134.21711334539,-140.4194928209,
    117.26432591814));
#1005 = LINE('',#1006,#1007);
#1006 = CARTESIAN_POINT('',(134.21711334539,-140.0194928209,
    117.66432591814));
#1007 = VECTOR('',#1008,1.);
#1008 = DIRECTION('',(0.,-0.707106781187,-0.707106781187));
#1009 = ORIENTED_EDGE('',*,*,#1010,.T.);
#1010 = EDGE_CURVE('',#1003,#970,#1011,.T.);
#1011 = LINE('',#1012,#1013);
#1012 = CARTESIAN_POINT('',(147.69487834214,-140.4194928209,
    117.26432591814));
#1013 = VECTOR('',#1014,1.);
#1014 = DIRECTION('',(1.,-1.89E-15,-2.1E-16));
#1015 = ORIENTED_EDGE('',*,*,#969,.F.);
#1016 = ORIENTED_EDGE('',*,*,#1017,.T.);
#1017 = EDGE_CURVE('',#961,#1001,#1018,.T.);
#1018 = LINE('',#1019,#1020);
#1019 = CARTESIAN_POINT('',(147.69487834214,-140.0194928209,
    117.66432591814));
#1020 = VECTOR('',#1021,1.);
#1021 = DIRECTION('',(-1.,1.89E-15,2.1E-16));
#1022 = PLANE('',#1023);
#1023 = AXIS2_PLACEMENT_3D('',#1024,#1025,#1026);
#1024 = CARTESIAN_POINT('',(147.69487834214,-140.2194928209,
    117.46432591814));
#1025 = DIRECTION('',(-1.19E-15,-0.707106781187,0.707106781187));
#1026 = DIRECTION('',(1.,-1.457069611954E-18,1.681457069612E-15));
#1027 = ADVANCED_FACE('',(#1028),#1063,.T.);
#1028 = FACE_BOUND('',#1029,.T.);
#1029 = EDGE_LOOP('',(#1030,#1040,#1047,#1048,#1057));
#1030 = ORIENTED_EDGE('',*,*,#1031,.T.);
#1031 = EDGE_CURVE('',#1032,#1034,#1036,.T.);
#1032 = VERTEX_POINT('',#1033);
#1033 = CARTESIAN_POINT('',(122.45448547767,-140.1909156801,
    110.9357487774));
#1034 = VERTEX_POINT('',#1035);
#1035 = CARTESIAN_POINT('',(122.87192855807,-140.4194928209,
    111.16432591814));
#1036 = B_SPLINE_CURVE_WITH_KNOTS('',2,(#1037,#1038,#1039),
  .UNSPECIFIED.,.F.,.F.,(3,3),(3.858838403965E-02,9.164809023641E-02),
  .PIECEWISE_BEZIER_KNOTS.);
#1037 = CARTESIAN_POINT('',(122.45448547767,-140.1909156801,
    110.9357487774));
#1038 = CARTESIAN_POINT('',(122.66320701787,-140.3072688757,
    111.05210197299));
#1039 = CARTESIAN_POINT('',(122.87192855807,-140.4194928209,
    111.16432591814));
#1040 = ORIENTED_EDGE('',*,*,#1041,.T.);
#1041 = EDGE_CURVE('',#1034,#1003,#1042,.T.);
#1042 = CIRCLE('',#1043,13.600263758886);
#1043 = AXIS2_PLACEMENT_3D('',#1044,#1045,#1046);
#1044 = CARTESIAN_POINT('',(134.21711334539,-140.4194928209,
    103.66406215925));
#1045 = DIRECTION('',(1.89E-15,1.,-1.93E-15));
#1046 = DIRECTION('',(5.08E-15,1.93E-15,1.));
#1047 = ORIENTED_EDGE('',*,*,#1000,.F.);
#1048 = ORIENTED_EDGE('',*,*,#1049,.T.);
#1049 = EDGE_CURVE('',#1001,#1050,#1052,.T.);
#1050 = VERTEX_POINT('',#1051);
#1051 = CARTESIAN_POINT('',(122.35865934862,-140.0194928209,
    111.10613540028));
#1052 = CIRCLE('',#1053,14.000263758886);
#1053 = AXIS2_PLACEMENT_3D('',#1054,#1055,#1056);
#1054 = CARTESIAN_POINT('',(134.21711334539,-140.0194928209,
    103.66406215925));
#1055 = DIRECTION('',(-1.89E-15,-1.,1.93E-15));
#1056 = DIRECTION('',(5.08E-15,1.93E-15,1.));
#1057 = ORIENTED_EDGE('',*,*,#1058,.T.);
#1058 = EDGE_CURVE('',#1050,#1032,#1059,.T.);
#1059 = ( BOUNDED_CURVE() B_SPLINE_CURVE(2,(#1060,#1061,#1062),
.UNSPECIFIED.,.F.,.F.) B_SPLINE_CURVE_WITH_KNOTS((3,3),(0.16459999538,
0.191552998563),.PIECEWISE_BEZIER_KNOTS.) CURVE() 
GEOMETRIC_REPRESENTATION_ITEM() RATIONAL_B_SPLINE_CURVE((1.000605746323,
1.000504644265,1.000354189362)) REPRESENTATION_ITEM('') );
#1060 = CARTESIAN_POINT('',(122.35865934862,-140.0194928209,
    111.10613540028));
#1061 = CARTESIAN_POINT('',(122.40686755,-140.1058908383,111.0204173116)
  );
#1062 = CARTESIAN_POINT('',(122.45448547767,-140.1909156801,
    110.9357487774));
#1063 = CONICAL_SURFACE('',#1064,13.800263758886,0.785398163397);
#1064 = AXIS2_PLACEMENT_3D('',#1065,#1066,#1067);
#1065 = CARTESIAN_POINT('',(134.21711334539,-140.2194928209,
    103.66406215925));
#1066 = DIRECTION('',(0.,1.,0.));
#1067 = DIRECTION('',(5.08E-15,-0.,1.));
#1068 = ADVANCED_FACE('',(#1069,#1112,#1123,#1134,#1168),#1179,.F.);
#1069 = FACE_BOUND('',#1070,.T.);
#1070 = EDGE_LOOP('',(#1071,#1072,#1078,#1079,#1080,#1081,#1089,#1097,
    #1103,#1104,#1105,#1106));
#1071 = ORIENTED_EDGE('',*,*,#1017,.F.);
#1072 = ORIENTED_EDGE('',*,*,#1073,.F.);
#1073 = EDGE_CURVE('',#926,#961,#1074,.T.);
#1074 = LINE('',#1075,#1076);
#1075 = CARTESIAN_POINT('',(161.21711329984,-140.4194928209,
    117.66432591814));
#1076 = VECTOR('',#1077,1.);
#1077 = DIRECTION('',(-1.89E-15,-1.,1.93E-15));
#1078 = ORIENTED_EDGE('',*,*,#925,.F.);
#1079 = ORIENTED_EDGE('',*,*,#808,.F.);
#1080 = ORIENTED_EDGE('',*,*,#785,.F.);
#1081 = ORIENTED_EDGE('',*,*,#1082,.F.);
#1082 = EDGE_CURVE('',#1083,#778,#1085,.T.);
#1083 = VERTEX_POINT('',#1084);
#1084 = CARTESIAN_POINT('',(154.65900385543,-116.7307771246,
    117.66432591814));
#1085 = LINE('',#1086,#1087);
#1086 = CARTESIAN_POINT('',(154.65900385543,-123.6944928209,
    117.66432591814));
#1087 = VECTOR('',#1088,1.);
#1088 = DIRECTION('',(-9.63E-15,-1.,1.93E-15));
#1089 = ORIENTED_EDGE('',*,*,#1090,.F.);
#1090 = EDGE_CURVE('',#1091,#1083,#1093,.T.);
#1091 = VERTEX_POINT('',#1092);
#1092 = CARTESIAN_POINT('',(140.69072059117,-116.7307771246,
    117.66432591814));
#1093 = LINE('',#1094,#1095);
#1094 = CARTESIAN_POINT('',(146.24487834214,-116.7307771246,
    117.66432591814));
#1095 = VECTOR('',#1096,1.);
#1096 = DIRECTION('',(1.,3.06E-15,-2.1E-16));
#1097 = ORIENTED_EDGE('',*,*,#1098,.F.);
#1098 = EDGE_CURVE('',#868,#1091,#1099,.T.);
#1099 = LINE('',#1100,#1101);
#1100 = CARTESIAN_POINT('',(140.69072059117,-123.6944928209,
    117.66432591814));
#1101 = VECTOR('',#1102,1.);
#1102 = DIRECTION('',(1.76E-15,1.,-1.93E-15));
#1103 = ORIENTED_EDGE('',*,*,#867,.F.);
#1104 = ORIENTED_EDGE('',*,*,#844,.F.);
#1105 = ORIENTED_EDGE('',*,*,#909,.F.);
#1106 = ORIENTED_EDGE('',*,*,#1107,.F.);
#1107 = EDGE_CURVE('',#1001,#901,#1108,.T.);
#1108 = LINE('',#1109,#1110);
#1109 = CARTESIAN_POINT('',(134.21711334539,-140.4194928209,
    117.66432591814));
#1110 = VECTOR('',#1111,1.);
#1111 = DIRECTION('',(1.89E-15,1.,-1.91E-15));
#1112 = FACE_BOUND('',#1113,.T.);
#1113 = EDGE_LOOP('',(#1114));
#1114 = ORIENTED_EDGE('',*,*,#1115,.F.);
#1115 = EDGE_CURVE('',#1116,#1116,#1118,.T.);
#1116 = VERTEX_POINT('',#1117);
#1117 = CARTESIAN_POINT('',(128.05337834214,-130.8294928209,
    117.66432591814));
#1118 = CIRCLE('',#1119,2.1085);
#1119 = AXIS2_PLACEMENT_3D('',#1120,#1121,#1122);
#1120 = CARTESIAN_POINT('',(125.94487834214,-130.8294928209,
    117.66432591814));
#1121 = DIRECTION('',(2.1E-16,1.93E-15,1.));
#1122 = DIRECTION('',(-1.,1.89E-15,2.1E-16));
#1123 = FACE_BOUND('',#1124,.T.);
#1124 = EDGE_LOOP('',(#1125));
#1125 = ORIENTED_EDGE('',*,*,#1126,.F.);
#1126 = EDGE_CURVE('',#1127,#1127,#1129,.T.);
#1127 = VERTEX_POINT('',#1128);
#1128 = CARTESIAN_POINT('',(171.55337834214,-130.8294928209,
    117.66432591814));
#1129 = CIRCLE('',#1130,2.1085);
#1130 = AXIS2_PLACEMENT_3D('',#1131,#1132,#1133);
#1131 = CARTESIAN_POINT('',(169.44487834214,-130.8294928209,
    117.66432591814));
#1132 = DIRECTION('',(2.1E-16,1.93E-15,1.));
#1133 = DIRECTION('',(-1.,1.89E-15,2.1E-16));
#1134 = FACE_BOUND('',#1135,.T.);
#1135 = EDGE_LOOP('',(#1136,#1146,#1154,#1162));
#1136 = ORIENTED_EDGE('',*,*,#1137,.F.);
#1137 = EDGE_CURVE('',#1138,#1140,#1142,.T.);
#1138 = VERTEX_POINT('',#1139);
#1139 = CARTESIAN_POINT('',(151.04487834214,-120.1367099249,
    117.66432591814));
#1140 = VERTEX_POINT('',#1141);
#1141 = CARTESIAN_POINT('',(144.34487834214,-120.1367099249,
    117.66432591814));
#1142 = LINE('',#1143,#1144);
#1143 = CARTESIAN_POINT('',(146.21987834214,-120.1367099249,
    117.66432591814));
#1144 = VECTOR('',#1145,1.);
#1145 = DIRECTION('',(-1.,0.,2.1E-16));
#1146 = ORIENTED_EDGE('',*,*,#1147,.F.);
#1147 = EDGE_CURVE('',#1148,#1138,#1150,.T.);
#1148 = VERTEX_POINT('',#1149);
#1149 = CARTESIAN_POINT('',(151.04487834214,-123.7367099249,
    117.66432591814));
#1150 = LINE('',#1151,#1152);
#1151 = CARTESIAN_POINT('',(151.04487834214,-124.2281013729,
    117.66432591814));
#1152 = VECTOR('',#1153,1.);
#1153 = DIRECTION('',(0.,1.,-1.93E-15));
#1154 = ORIENTED_EDGE('',*,*,#1155,.F.);
#1155 = EDGE_CURVE('',#1156,#1148,#1158,.T.);
#1156 = VERTEX_POINT('',#1157);
#1157 = CARTESIAN_POINT('',(144.34487834214,-123.7367099249,
    117.66432591814));
#1158 = LINE('',#1159,#1160);
#1159 = CARTESIAN_POINT('',(149.16987834214,-123.7367099249,
    117.66432591814));
#1160 = VECTOR('',#1161,1.);
#1161 = DIRECTION('',(1.,-0.,-2.1E-16));
#1162 = ORIENTED_EDGE('',*,*,#1163,.F.);
#1163 = EDGE_CURVE('',#1140,#1156,#1164,.T.);
#1164 = LINE('',#1165,#1166);
#1165 = CARTESIAN_POINT('',(144.34487834214,-125.6281013729,
    117.66432591814));
#1166 = VECTOR('',#1167,1.);
#1167 = DIRECTION('',(-0.,-1.,1.93E-15));
#1168 = FACE_BOUND('',#1169,.T.);
#1169 = EDGE_LOOP('',(#1170));
#1170 = ORIENTED_EDGE('',*,*,#1171,.F.);
#1171 = EDGE_CURVE('',#1172,#1172,#1174,.T.);
#1172 = VERTEX_POINT('',#1173);
#1173 = CARTESIAN_POINT('',(150.35337834214,-130.7794928209,
    117.66432591814));
#1174 = CIRCLE('',#1175,2.6585);
#1175 = AXIS2_PLACEMENT_3D('',#1176,#1177,#1178);
#1176 = CARTESIAN_POINT('',(147.69487834214,-130.7794928209,
    117.66432591814));
#1177 = DIRECTION('',(2.1E-16,1.93E-15,1.));
#1178 = DIRECTION('',(-1.,1.89E-15,2.1E-16));
#1179 = PLANE('',#1180);
#1180 = AXIS2_PLACEMENT_3D('',#1181,#1182,#1183);
#1181 = CARTESIAN_POINT('',(147.69487834214,-127.9194928209,
    117.66432591814));
#1182 = DIRECTION('',(-2.1E-16,-1.93E-15,-1.));
#1183 = DIRECTION('',(-1.89E-15,-1.,1.93E-15));
#1184 = ADVANCED_FACE('',(#1185),#1198,.T.);
#1185 = FACE_BOUND('',#1186,.T.);
#1186 = EDGE_LOOP('',(#1187,#1188,#1194,#1195,#1196,#1197));
#1187 = ORIENTED_EDGE('',*,*,#960,.F.);
#1188 = ORIENTED_EDGE('',*,*,#1189,.F.);
#1189 = EDGE_CURVE('',#631,#953,#1190,.T.);
#1190 = LINE('',#1191,#1192);
#1191 = CARTESIAN_POINT('',(173.07556718278,-140.4194928209,
    111.10613539812));
#1192 = VECTOR('',#1193,1.);
#1193 = DIRECTION('',(-1.89E-15,-1.,1.93E-15));
#1194 = ORIENTED_EDGE('',*,*,#630,.T.);
#1195 = ORIENTED_EDGE('',*,*,#664,.T.);
#1196 = ORIENTED_EDGE('',*,*,#933,.T.);
#1197 = ORIENTED_EDGE('',*,*,#1073,.T.);
#1198 = CYLINDRICAL_SURFACE('',#1199,14.00026402017);
#1199 = AXIS2_PLACEMENT_3D('',#1200,#1201,#1202);
#1200 = CARTESIAN_POINT('',(161.21711304016,-140.4194928209,
    103.66406189797));
#1201 = DIRECTION('',(1.89E-15,1.,-1.93E-15));
#1202 = DIRECTION('',(0.999981160321,-1.878117430475E-15,
    6.138322554966E-03));
#1203 = ADVANCED_FACE('',(#1204),#1216,.T.);
#1204 = FACE_BOUND('',#1205,.T.);
#1205 = EDGE_LOOP('',(#1206,#1207,#1213,#1214,#1215));
#1206 = ORIENTED_EDGE('',*,*,#950,.F.);
#1207 = ORIENTED_EDGE('',*,*,#1208,.T.);
#1208 = EDGE_CURVE('',#951,#360,#1209,.T.);
#1209 = LINE('',#1210,#1211);
#1210 = CARTESIAN_POINT('',(171.28797997339,-137.1828273438,
    107.92766044111));
#1211 = VECTOR('',#1212,1.);
#1212 = DIRECTION('',(-0.369531273036,0.657056557021,-0.657056557021));
#1213 = ORIENTED_EDGE('',*,*,#359,.T.);
#1214 = ORIENTED_EDGE('',*,*,#639,.T.);
#1215 = ORIENTED_EDGE('',*,*,#1189,.T.);
#1216 = PLANE('',#1217);
#1217 = AXIS2_PLACEMENT_3D('',#1218,#1219,#1220);
#1218 = CARTESIAN_POINT('',(172.97944966373,-140.4194928209,
    110.93523065813));
#1219 = DIRECTION('',(0.871611267924,-2.59E-15,-0.490197712794));
#1220 = DIRECTION('',(0.490197712794,9.5E-16,0.871611267924));
#1221 = ADVANCED_FACE('',(#1222,#1242),#1253,.F.);
#1222 = FACE_BOUND('',#1223,.T.);
#1223 = EDGE_LOOP('',(#1224,#1225,#1226,#1227,#1235,#1241));
#1224 = ORIENTED_EDGE('',*,*,#166,.F.);
#1225 = ORIENTED_EDGE('',*,*,#205,.F.);
#1226 = ORIENTED_EDGE('',*,*,#883,.F.);
#1227 = ORIENTED_EDGE('',*,*,#1228,.F.);
#1228 = EDGE_CURVE('',#1229,#876,#1231,.T.);
#1229 = VERTEX_POINT('',#1230);
#1230 = CARTESIAN_POINT('',(140.44082633487,-119.4194928209,
    117.23137428462));
#1231 = LINE('',#1232,#1233);
#1232 = CARTESIAN_POINT('',(136.69861439158,-119.4194928209,
    110.74784481971));
#1233 = VECTOR('',#1234,1.);
#1234 = DIRECTION('',(0.499894245114,9.2E-16,0.866086452787));
#1235 = ORIENTED_EDGE('',*,*,#1236,.T.);
#1236 = EDGE_CURVE('',#1229,#706,#1237,.T.);
#1237 = LINE('',#1238,#1239);
#1238 = CARTESIAN_POINT('',(141.22928809232,-119.4194928209,
    115.86648837355));
#1239 = VECTOR('',#1240,1.);
#1240 = DIRECTION('',(0.500211487403,-2.8E-15,-0.86590326704));
#1241 = ORIENTED_EDGE('',*,*,#705,.F.);
#1242 = FACE_BOUND('',#1243,.T.);
#1243 = EDGE_LOOP('',(#1244));
#1244 = ORIENTED_EDGE('',*,*,#1245,.T.);
#1245 = EDGE_CURVE('',#1246,#1246,#1248,.T.);
#1246 = VERTEX_POINT('',#1247);
#1247 = CARTESIAN_POINT('',(138.17683648726,-119.4194928209,
    114.21432591814));
#1248 = CIRCLE('',#1249,3.);
#1249 = AXIS2_PLACEMENT_3D('',#1250,#1251,#1252);
#1250 = CARTESIAN_POINT('',(135.17683648726,-119.4194928209,
    114.21432591814));
#1251 = DIRECTION('',(-1.89E-15,-1.,2.15E-15));
#1252 = DIRECTION('',(-1.,1.89E-15,0.));
#1253 = PLANE('',#1254);
#1254 = AXIS2_PLACEMENT_3D('',#1255,#1256,#1257);
#1255 = CARTESIAN_POINT('',(121.19487834214,-119.4194928209,
    110.76432591814));
#1256 = DIRECTION('',(-1.89E-15,-1.,2.15E-15));
#1257 = DIRECTION('',(1.,-1.89E-15,9.524E-14));
#1258 = ADVANCED_FACE('',(#1259),#1286,.T.);
#1259 = FACE_BOUND('',#1260,.T.);
#1260 = EDGE_LOOP('',(#1261,#1262,#1263,#1264,#1272,#1280));
#1261 = ORIENTED_EDGE('',*,*,#1228,.T.);
#1262 = ORIENTED_EDGE('',*,*,#875,.T.);
#1263 = ORIENTED_EDGE('',*,*,#1098,.T.);
#1264 = ORIENTED_EDGE('',*,*,#1265,.F.);
#1265 = EDGE_CURVE('',#1266,#1091,#1268,.T.);
#1266 = VERTEX_POINT('',#1267);
#1267 = CARTESIAN_POINT('',(140.56577346302,-116.5143013078,
    117.44785010138));
#1268 = LINE('',#1269,#1270);
#1269 = CARTESIAN_POINT('',(141.86344299375,-118.7625648391,
    119.69611363261));
#1270 = VECTOR('',#1271,1.);
#1271 = DIRECTION('',(0.377873113516,-0.654680040203,0.654680040203));
#1272 = ORIENTED_EDGE('',*,*,#1273,.F.);
#1273 = EDGE_CURVE('',#1274,#1266,#1276,.T.);
#1274 = VERTEX_POINT('',#1275);
#1275 = CARTESIAN_POINT('',(140.44082633487,-116.7307771246,
    117.23137428462));
#1276 = LINE('',#1277,#1278);
#1277 = CARTESIAN_POINT('',(139.34397950089,-118.6311074304,
    115.3310439788));
#1278 = VECTOR('',#1279,1.);
#1279 = DIRECTION('',(0.377873113516,0.654680040203,0.654680040203));
#1280 = ORIENTED_EDGE('',*,*,#1281,.T.);
#1281 = EDGE_CURVE('',#1274,#1229,#1282,.T.);
#1282 = LINE('',#1283,#1284);
#1283 = CARTESIAN_POINT('',(140.44082633487,-123.6944928209,
    117.23137428462));
#1284 = VECTOR('',#1285,1.);
#1285 = DIRECTION('',(-1.76E-15,-1.,1.93E-15));
#1286 = PLANE('',#1287);
#1287 = AXIS2_PLACEMENT_3D('',#1288,#1289,#1290);
#1288 = CARTESIAN_POINT('',(140.56577346302,-123.6944928209,
    117.44785010138));
#1289 = DIRECTION('',(-0.866086452787,2.49E-15,0.499894245114));
#1290 = DIRECTION('',(-0.499894245114,-9.2E-16,-0.866086452787));
#1291 = ADVANCED_FACE('',(#1292,#1312),#1332,.F.);
#1292 = FACE_BOUND('',#1293,.T.);
#1293 = EDGE_LOOP('',(#1294,#1295,#1296,#1304,#1310,#1311));
#1294 = ORIENTED_EDGE('',*,*,#481,.F.);
#1295 = ORIENTED_EDGE('',*,*,#513,.F.);
#1296 = ORIENTED_EDGE('',*,*,#1297,.T.);
#1297 = EDGE_CURVE('',#506,#1298,#1300,.T.);
#1298 = VERTEX_POINT('',#1299);
#1299 = CARTESIAN_POINT('',(154.90910961429,-119.4194928209,
    117.23125217355));
#1300 = LINE('',#1301,#1302);
#1301 = CARTESIAN_POINT('',(149.49570462712,-119.4194928209,
    107.84966915628));
#1302 = VECTOR('',#1303,1.);
#1303 = DIRECTION('',(0.499788482269,9.2E-16,0.866147489167));
#1304 = ORIENTED_EDGE('',*,*,#1305,.F.);
#1305 = EDGE_CURVE('',#770,#1298,#1306,.T.);
#1306 = LINE('',#1307,#1308);
#1307 = CARTESIAN_POINT('',(152.03084946083,-119.4194928209,
    122.21513942271));
#1308 = VECTOR('',#1309,1.);
#1309 = DIRECTION('',(0.500105747683,-2.8E-15,-0.865964341722));
#1310 = ORIENTED_EDGE('',*,*,#769,.F.);
#1311 = ORIENTED_EDGE('',*,*,#737,.F.);
#1312 = FACE_BOUND('',#1313,.T.);
#1313 = EDGE_LOOP('',(#1314,#1325));
#1314 = ORIENTED_EDGE('',*,*,#1315,.T.);
#1315 = EDGE_CURVE('',#1316,#1318,#1320,.T.);
#1316 = VERTEX_POINT('',#1317);
#1317 = CARTESIAN_POINT('',(160.1495268877,-119.4194928209,
    117.21432940472));
#1318 = VERTEX_POINT('',#1319);
#1319 = CARTESIAN_POINT('',(163.17645184404,-119.4194928209,
    114.2144502228));
#1320 = CIRCLE('',#1321,3.000001093607);
#1321 = AXIS2_PLACEMENT_3D('',#1322,#1323,#1324);
#1322 = CARTESIAN_POINT('',(160.17645075043,-119.4194928209,
    114.2144502228));
#1323 = DIRECTION('',(-1.89E-15,-1.,2.15E-15));
#1324 = DIRECTION('',(-1.,1.89E-15,0.));
#1325 = ORIENTED_EDGE('',*,*,#1326,.T.);
#1326 = EDGE_CURVE('',#1318,#1316,#1327,.T.);
#1327 = CIRCLE('',#1328,3.000001093607);
#1328 = AXIS2_PLACEMENT_3D('',#1329,#1330,#1331);
#1329 = CARTESIAN_POINT('',(160.17645075043,-119.4194928209,
    114.2144502228));
#1330 = DIRECTION('',(-1.89E-15,-1.,2.15E-15));
#1331 = DIRECTION('',(-1.,1.89E-15,0.));
#1332 = PLANE('',#1333);
#1333 = AXIS2_PLACEMENT_3D('',#1334,#1335,#1336);
#1334 = CARTESIAN_POINT('',(121.19487834214,-119.4194928209,
    110.76432591814));
#1335 = DIRECTION('',(-1.89E-15,-1.,2.15E-15));
#1336 = DIRECTION('',(1.,-1.89E-15,9.524E-14));
#1337 = ADVANCED_FACE('',(#1338),#1364,.T.);
#1338 = FACE_BOUND('',#1339,.T.);
#1339 = EDGE_LOOP('',(#1340,#1348,#1356,#1362,#1363));
#1340 = ORIENTED_EDGE('',*,*,#1341,.T.);
#1341 = EDGE_CURVE('',#498,#1342,#1344,.T.);
#1342 = VERTEX_POINT('',#1343);
#1343 = CARTESIAN_POINT('',(151.37744892049,-116.7307771246,
    111.1107849138));
#1344 = LINE('',#1345,#1346);
#1345 = CARTESIAN_POINT('',(151.37744892049,-121.5819928209,
    111.1107849138));
#1346 = VECTOR('',#1347,1.);
#1347 = DIRECTION('',(9.63E-15,1.,-1.93E-15));
#1348 = ORIENTED_EDGE('',*,*,#1349,.F.);
#1349 = EDGE_CURVE('',#1350,#1342,#1352,.T.);
#1350 = VERTEX_POINT('',#1351);
#1351 = CARTESIAN_POINT('',(154.90910961429,-116.7307771246,
    117.23125217355));
#1352 = LINE('',#1353,#1354);
#1353 = CARTESIAN_POINT('',(153.93668160549,-116.7307771246,
    115.54600709868));
#1354 = VECTOR('',#1355,1.);
#1355 = DIRECTION('',(-0.499788482269,-3.39E-15,-0.866147489167));
#1356 = ORIENTED_EDGE('',*,*,#1357,.F.);
#1357 = EDGE_CURVE('',#1298,#1350,#1358,.T.);
#1358 = LINE('',#1359,#1360);
#1359 = CARTESIAN_POINT('',(154.90910961429,-123.6944928209,
    117.23125217355));
#1360 = VECTOR('',#1361,1.);
#1361 = DIRECTION('',(9.63E-15,1.,-1.93E-15));
#1362 = ORIENTED_EDGE('',*,*,#1297,.F.);
#1363 = ORIENTED_EDGE('',*,*,#505,.T.);
#1364 = PLANE('',#1365);
#1365 = AXIS2_PLACEMENT_3D('',#1366,#1367,#1368);
#1366 = CARTESIAN_POINT('',(155.30319900125,-119.4694928209,
    117.91422015927));
#1367 = DIRECTION('',(0.866147489167,-9.31E-15,-0.499788482269));
#1368 = DIRECTION('',(-0.499788482269,2.66E-15,-0.866147489167));
#1369 = ADVANCED_FACE('',(#1370),#1389,.T.);
#1370 = FACE_BOUND('',#1371,.T.);
#1371 = EDGE_LOOP('',(#1372,#1373,#1381,#1387,#1388));
#1372 = ORIENTED_EDGE('',*,*,#327,.T.);
#1373 = ORIENTED_EDGE('',*,*,#1374,.F.);
#1374 = EDGE_CURVE('',#1375,#320,#1377,.T.);
#1375 = VERTEX_POINT('',#1376);
#1376 = CARTESIAN_POINT('',(151.07749122404,-116.5575476268,
    110.93755541597));
#1377 = LINE('',#1378,#1379);
#1378 = CARTESIAN_POINT('',(148.40108368844,-118.1032080278,
    109.39189501495));
#1379 = VECTOR('',#1380,1.);
#1380 = DIRECTION('',(-0.774509289876,-0.447289257581,-0.447289257581));
#1381 = ORIENTED_EDGE('',*,*,#1382,.T.);
#1382 = EDGE_CURVE('',#1375,#1342,#1383,.T.);
#1383 = LINE('',#1384,#1385);
#1384 = CARTESIAN_POINT('',(153.93025188341,-118.2050542662,
    112.58506205542));
#1385 = VECTOR('',#1386,1.);
#1386 = DIRECTION('',(0.774509289876,-0.447289257581,0.447289257581));
#1387 = ORIENTED_EDGE('',*,*,#1341,.F.);
#1388 = ORIENTED_EDGE('',*,*,#497,.T.);
#1389 = PLANE('',#1390);
#1390 = AXIS2_PLACEMENT_3D('',#1391,#1392,#1393);
#1391 = CARTESIAN_POINT('',(151.07749122404,-123.6944928209,
    110.93755541597));
#1392 = DIRECTION('',(0.500105747683,-6.49E-15,-0.865964341722));
#1393 = DIRECTION('',(0.865964341722,-5.6E-16,0.500105747683));
#1394 = ADVANCED_FACE('',(#1395),#1414,.T.);
#1395 = FACE_BOUND('',#1396,.T.);
#1396 = EDGE_LOOP('',(#1397,#1398,#1399,#1406,#1413));
#1397 = ORIENTED_EDGE('',*,*,#1315,.F.);
#1398 = ORIENTED_EDGE('',*,*,#1326,.F.);
#1399 = ORIENTED_EDGE('',*,*,#1400,.T.);
#1400 = EDGE_CURVE('',#1318,#1401,#1403,.T.);
#1401 = VERTEX_POINT('',#1402);
#1402 = CARTESIAN_POINT('',(163.17886691123,-123.4194853061,
    114.2144502228));
#1403 = B_SPLINE_CURVE_WITH_KNOTS('',1,(#1404,#1405),.UNSPECIFIED.,.F.,
  .F.,(2,2),(-0.212357101801,1.12097372662),.PIECEWISE_BEZIER_KNOTS.);
#1404 = CARTESIAN_POINT('',(163.17645184404,-119.4194928209,
    114.2144502228));
#1405 = CARTESIAN_POINT('',(163.17886691123,-123.4194853061,
    114.2144502228));
#1406 = ORIENTED_EDGE('',*,*,#1407,.T.);
#1407 = EDGE_CURVE('',#1401,#1401,#1408,.T.);
#1408 = CIRCLE('',#1409,3.000001093607);
#1409 = AXIS2_PLACEMENT_3D('',#1410,#1411,#1412);
#1410 = CARTESIAN_POINT('',(160.17886581762,-123.4194853061,
    114.2144502228));
#1411 = DIRECTION('',(-1.89E-15,-1.,2.15E-15));
#1412 = DIRECTION('',(-1.,1.89E-15,0.));
#1413 = ORIENTED_EDGE('',*,*,#1400,.F.);
#1414 = ( BOUNDED_SURFACE() B_SPLINE_SURFACE(1,2,(
    (#1415,#1416,#1417,#1418,#1419,#1420,#1421,#1422,#1423)
    ,(#1424,#1425,#1426,#1427,#1428,#1429,#1430,#1431,#1432
)),.UNSPECIFIED.,.F.,.T.,.F.) B_SPLINE_SURFACE_WITH_KNOTS((2,2),(1,2,2,2
    ,2,2,1),(-0.213912840428,1.12097372662),(-4.712388980385,
    -3.14159265359,-1.570796326795,0.,1.570796326795,3.14159265359,
4.712388980385),.UNSPECIFIED.) GEOMETRIC_REPRESENTATION_ITEM() 
RATIONAL_B_SPLINE_SURFACE((
    (1.,0.707106781187,1.,0.707106781187,1.,0.707106781187,1.
      ,0.707106781187,1.)
    ,(1.,0.707106781187,1.,0.707106781187,1.,0.707106781187,1.
,0.707106781187,1.))) REPRESENTATION_ITEM('') SURFACE() );
#1415 = CARTESIAN_POINT('',(163.17644902612,-119.414825605,
    114.2144502228));
#1416 = CARTESIAN_POINT('',(163.17644902612,-119.414825605,
    117.2144502228));
#1417 = CARTESIAN_POINT('',(160.17644902612,-119.4166369088,
    117.2144502228));
#1418 = CARTESIAN_POINT('',(157.17644902612,-119.4184482126,
    117.2144502228));
#1419 = CARTESIAN_POINT('',(157.17644902612,-119.4184482126,
    114.2144502228));
#1420 = CARTESIAN_POINT('',(157.17644902612,-119.4184482126,
    111.2144502228));
#1421 = CARTESIAN_POINT('',(160.17644902612,-119.4166369088,
    111.2144502228));
#1422 = CARTESIAN_POINT('',(163.17644902612,-119.414825605,
    111.2144502228));
#1423 = CARTESIAN_POINT('',(163.17644902612,-119.414825605,
    114.2144502228));
#1424 = CARTESIAN_POINT('',(163.17886691123,-123.4194853061,
    114.2144502228));
#1425 = CARTESIAN_POINT('',(163.17886691123,-123.4194853061,
    117.2144502228));
#1426 = CARTESIAN_POINT('',(160.17886691123,-123.4212966099,
    117.2144502228));
#1427 = CARTESIAN_POINT('',(157.17886691123,-123.4231079137,
    117.2144502228));
#1428 = CARTESIAN_POINT('',(157.17886691123,-123.4231079137,
    114.2144502228));
#1429 = CARTESIAN_POINT('',(157.17886691123,-123.4231079137,
    111.2144502228));
#1430 = CARTESIAN_POINT('',(160.17886691123,-123.4212966099,
    111.2144502228));
#1431 = CARTESIAN_POINT('',(163.17886691123,-123.4194853061,
    111.2144502228));
#1432 = CARTESIAN_POINT('',(163.17886691123,-123.4194853061,
    114.2144502228));
#1433 = ADVANCED_FACE('',(#1434,#1437),#1448,.T.);
#1434 = FACE_BOUND('',#1435,.T.);
#1435 = EDGE_LOOP('',(#1436));
#1436 = ORIENTED_EDGE('',*,*,#1407,.F.);
#1437 = FACE_BOUND('',#1438,.T.);
#1438 = EDGE_LOOP('',(#1439));
#1439 = ORIENTED_EDGE('',*,*,#1440,.F.);
#1440 = EDGE_CURVE('',#1441,#1441,#1443,.T.);
#1441 = VERTEX_POINT('',#1442);
#1442 = CARTESIAN_POINT('',(161.87683648726,-123.4194853061,
    114.2144502228));
#1443 = CIRCLE('',#1444,1.7);
#1444 = AXIS2_PLACEMENT_3D('',#1445,#1446,#1447);
#1445 = CARTESIAN_POINT('',(160.17683648726,-123.4194853061,
    114.2144502228));
#1446 = DIRECTION('',(1.89E-15,1.,-2.15E-15));
#1447 = DIRECTION('',(-1.,1.89E-15,0.));
#1448 = PLANE('',#1449);
#1449 = AXIS2_PLACEMENT_3D('',#1450,#1451,#1452);
#1450 = CARTESIAN_POINT('',(147.71711326244,-123.4194853061,
    114.22285010138));
#1451 = DIRECTION('',(1.89E-15,1.,-2.15E-15));
#1452 = DIRECTION('',(-1.,1.89E-15,0.));
#1453 = ADVANCED_FACE('',(#1454),#1473,.F.);
#1454 = FACE_BOUND('',#1455,.F.);
#1455 = EDGE_LOOP('',(#1456,#1464,#1471,#1472));
#1456 = ORIENTED_EDGE('',*,*,#1457,.T.);
#1457 = EDGE_CURVE('',#1441,#1458,#1460,.T.);
#1458 = VERTEX_POINT('',#1459);
#1459 = CARTESIAN_POINT('',(161.87683648726,-140.4194928209,
    114.2144502228));
#1460 = LINE('',#1461,#1462);
#1461 = CARTESIAN_POINT('',(161.87683648726,-119.419492821,
    114.2144502228));
#1462 = VECTOR('',#1463,1.);
#1463 = DIRECTION('',(-1.54E-15,-1.,2.31E-15));
#1464 = ORIENTED_EDGE('',*,*,#1465,.T.);
#1465 = EDGE_CURVE('',#1458,#1458,#1466,.T.);
#1466 = CIRCLE('',#1467,1.7);
#1467 = AXIS2_PLACEMENT_3D('',#1468,#1469,#1470);
#1468 = CARTESIAN_POINT('',(160.17683648726,-140.4194928209,
    114.2144502228));
#1469 = DIRECTION('',(1.89E-15,1.,-1.93E-15));
#1470 = DIRECTION('',(-1.,1.89E-15,0.));
#1471 = ORIENTED_EDGE('',*,*,#1457,.F.);
#1472 = ORIENTED_EDGE('',*,*,#1440,.F.);
#1473 = CYLINDRICAL_SURFACE('',#1474,1.7);
#1474 = AXIS2_PLACEMENT_3D('',#1475,#1476,#1477);
#1475 = CARTESIAN_POINT('',(160.17683648726,-119.419492821,
    114.2144502228));
#1476 = DIRECTION('',(-1.54E-15,-1.,2.31E-15));
#1477 = DIRECTION('',(-1.,1.54E-15,0.));
#1478 = ADVANCED_FACE('',(#1479,#1490),#1501,.T.);
#1479 = FACE_BOUND('',#1480,.T.);
#1480 = EDGE_LOOP('',(#1481));
#1481 = ORIENTED_EDGE('',*,*,#1482,.F.);
#1482 = EDGE_CURVE('',#1483,#1483,#1485,.T.);
#1483 = VERTEX_POINT('',#1484);
#1484 = CARTESIAN_POINT('',(138.17683648726,-123.4194928209,
    114.21432591814));
#1485 = CIRCLE('',#1486,3.);
#1486 = AXIS2_PLACEMENT_3D('',#1487,#1488,#1489);
#1487 = CARTESIAN_POINT('',(135.17683648726,-123.4194928209,
    114.21432591814));
#1488 = DIRECTION('',(-1.89E-15,-1.,2.15E-15));
#1489 = DIRECTION('',(-1.,1.89E-15,0.));
#1490 = FACE_BOUND('',#1491,.T.);
#1491 = EDGE_LOOP('',(#1492));
#1492 = ORIENTED_EDGE('',*,*,#1493,.F.);
#1493 = EDGE_CURVE('',#1494,#1494,#1496,.T.);
#1494 = VERTEX_POINT('',#1495);
#1495 = CARTESIAN_POINT('',(136.87683648726,-123.4194853061,
    114.21432591814));
#1496 = CIRCLE('',#1497,1.7);
#1497 = AXIS2_PLACEMENT_3D('',#1498,#1499,#1500);
#1498 = CARTESIAN_POINT('',(135.17683648726,-123.4194853061,
    114.21432591814));
#1499 = DIRECTION('',(1.89E-15,1.,-2.15E-15));
#1500 = DIRECTION('',(-1.,1.89E-15,0.));
#1501 = PLANE('',#1502);
#1502 = AXIS2_PLACEMENT_3D('',#1503,#1504,#1505);
#1503 = CARTESIAN_POINT('',(147.71711326244,-123.4194853061,
    114.22285010138));
#1504 = DIRECTION('',(1.89E-15,1.,-2.15E-15));
#1505 = DIRECTION('',(-1.,1.89E-15,0.));
#1506 = ADVANCED_FACE('',(#1507),#1526,.F.);
#1507 = FACE_BOUND('',#1508,.F.);
#1508 = EDGE_LOOP('',(#1509,#1517,#1524,#1525));
#1509 = ORIENTED_EDGE('',*,*,#1510,.T.);
#1510 = EDGE_CURVE('',#1494,#1511,#1513,.T.);
#1511 = VERTEX_POINT('',#1512);
#1512 = CARTESIAN_POINT('',(136.87683648726,-140.4194928209,
    114.21432591814));
#1513 = LINE('',#1514,#1515);
#1514 = CARTESIAN_POINT('',(136.87683648726,-119.4194853061,
    114.21432591814));
#1515 = VECTOR('',#1516,1.);
#1516 = DIRECTION('',(-1.54E-15,-1.,2.31E-15));
#1517 = ORIENTED_EDGE('',*,*,#1518,.T.);
#1518 = EDGE_CURVE('',#1511,#1511,#1519,.T.);
#1519 = CIRCLE('',#1520,1.7);
#1520 = AXIS2_PLACEMENT_3D('',#1521,#1522,#1523);
#1521 = CARTESIAN_POINT('',(135.17683648726,-140.4194928209,
    114.21432591814));
#1522 = DIRECTION('',(1.89E-15,1.,-1.93E-15));
#1523 = DIRECTION('',(-1.,1.89E-15,0.));
#1524 = ORIENTED_EDGE('',*,*,#1510,.F.);
#1525 = ORIENTED_EDGE('',*,*,#1493,.F.);
#1526 = CYLINDRICAL_SURFACE('',#1527,1.7);
#1527 = AXIS2_PLACEMENT_3D('',#1528,#1529,#1530);
#1528 = CARTESIAN_POINT('',(135.17683648726,-119.4194853061,
    114.21432591814));
#1529 = DIRECTION('',(-1.54E-15,-1.,2.31E-15));
#1530 = DIRECTION('',(-1.,1.54E-15,0.));
#1531 = ADVANCED_FACE('',(#1532),#1545,.T.);
#1532 = FACE_BOUND('',#1533,.T.);
#1533 = EDGE_LOOP('',(#1534,#1535,#1536,#1537,#1538,#1539));
#1534 = ORIENTED_EDGE('',*,*,#1049,.F.);
#1535 = ORIENTED_EDGE('',*,*,#1107,.T.);
#1536 = ORIENTED_EDGE('',*,*,#900,.T.);
#1537 = ORIENTED_EDGE('',*,*,#278,.T.);
#1538 = ORIENTED_EDGE('',*,*,#86,.T.);
#1539 = ORIENTED_EDGE('',*,*,#1540,.F.);
#1540 = EDGE_CURVE('',#1050,#79,#1541,.T.);
#1541 = LINE('',#1542,#1543);
#1542 = CARTESIAN_POINT('',(122.35865934862,-140.4194928209,
    111.10613540028));
#1543 = VECTOR('',#1544,1.);
#1544 = DIRECTION('',(1.89E-15,1.,-1.91E-15));
#1545 = CYLINDRICAL_SURFACE('',#1546,14.000263758886);
#1546 = AXIS2_PLACEMENT_3D('',#1547,#1548,#1549);
#1547 = CARTESIAN_POINT('',(134.21711334539,-140.4194928209,
    103.66406215925));
#1548 = DIRECTION('',(1.89E-15,1.,-1.91E-15));
#1549 = DIRECTION('',(5.08E-15,1.91E-15,1.));
#1550 = ADVANCED_FACE('',(#1551),#1563,.T.);
#1551 = FACE_BOUND('',#1552,.T.);
#1552 = EDGE_LOOP('',(#1553,#1554,#1555,#1556,#1557));
#1553 = ORIENTED_EDGE('',*,*,#1058,.F.);
#1554 = ORIENTED_EDGE('',*,*,#1540,.T.);
#1555 = ORIENTED_EDGE('',*,*,#78,.T.);
#1556 = ORIENTED_EDGE('',*,*,#375,.T.);
#1557 = ORIENTED_EDGE('',*,*,#1558,.T.);
#1558 = EDGE_CURVE('',#368,#1032,#1559,.T.);
#1559 = LINE('',#1560,#1561);
#1560 = CARTESIAN_POINT('',(124.14321034243,-137.1882260221,
    107.93305911932));
#1561 = VECTOR('',#1562,1.);
#1562 = DIRECTION('',(-0.369531276921,-0.657056555928,0.657056555928));
#1563 = PLANE('',#1564);
#1564 = AXIS2_PLACEMENT_3D('',#1565,#1566,#1567);
#1565 = CARTESIAN_POINT('',(122.45477686945,-140.4194928209,
    110.93523065921));
#1566 = DIRECTION('',(-0.871611265373,7.1E-16,-0.490197717329));
#1567 = DIRECTION('',(0.490197717329,-2.8E-15,-0.871611265373));
#1568 = ADVANCED_FACE('',(#1569,#1580,#1583),#1586,.F.);
#1569 = FACE_BOUND('',#1570,.T.);
#1570 = EDGE_LOOP('',(#1571,#1572,#1578,#1579));
#1571 = ORIENTED_EDGE('',*,*,#1041,.F.);
#1572 = ORIENTED_EDGE('',*,*,#1573,.F.);
#1573 = EDGE_CURVE('',#978,#1034,#1574,.T.);
#1574 = LINE('',#1575,#1576);
#1575 = CARTESIAN_POINT('',(147.69487834214,-140.4194928209,
    111.16432591814));
#1576 = VECTOR('',#1577,1.);
#1577 = DIRECTION('',(-1.,1.89E-15,2.1E-16));
#1578 = ORIENTED_EDGE('',*,*,#977,.F.);
#1579 = ORIENTED_EDGE('',*,*,#1010,.F.);
#1580 = FACE_BOUND('',#1581,.T.);
#1581 = EDGE_LOOP('',(#1582));
#1582 = ORIENTED_EDGE('',*,*,#1465,.T.);
#1583 = FACE_BOUND('',#1584,.T.);
#1584 = EDGE_LOOP('',(#1585));
#1585 = ORIENTED_EDGE('',*,*,#1518,.T.);
#1586 = PLANE('',#1587);
#1587 = AXIS2_PLACEMENT_3D('',#1588,#1589,#1590);
#1588 = CARTESIAN_POINT('',(147.69487834214,-140.4194928209,
    114.46432591814));
#1589 = DIRECTION('',(1.89E-15,1.,-1.93E-15));
#1590 = DIRECTION('',(-1.,1.89E-15,2.1E-16));
#1591 = ADVANCED_FACE('',(#1592),#1600,.T.);
#1592 = FACE_BOUND('',#1593,.T.);
#1593 = EDGE_LOOP('',(#1594,#1595,#1596,#1597,#1598,#1599));
#1594 = ORIENTED_EDGE('',*,*,#1031,.F.);
#1595 = ORIENTED_EDGE('',*,*,#1558,.F.);
#1596 = ORIENTED_EDGE('',*,*,#367,.T.);
#1597 = ORIENTED_EDGE('',*,*,#1208,.F.);
#1598 = ORIENTED_EDGE('',*,*,#986,.F.);
#1599 = ORIENTED_EDGE('',*,*,#1573,.T.);
#1600 = PLANE('',#1601);
#1601 = AXIS2_PLACEMENT_3D('',#1602,#1603,#1604);
#1602 = CARTESIAN_POINT('',(147.69487834214,-140.2194928209,
    110.96432591814));
#1603 = DIRECTION('',(-1.48E-15,-0.707106781187,-0.707106781187));
#1604 = DIRECTION('',(1.,-1.886518036156E-15,-2.065180361561E-16));
#1605 = ADVANCED_FACE('',(#1606),#1625,.F.);
#1606 = FACE_BOUND('',#1607,.F.);
#1607 = EDGE_LOOP('',(#1608,#1616,#1617,#1618));
#1608 = ORIENTED_EDGE('',*,*,#1609,.T.);
#1609 = EDGE_CURVE('',#1610,#1116,#1612,.T.);
#1610 = VERTEX_POINT('',#1611);
#1611 = CARTESIAN_POINT('',(127.65337834214,-130.8294928209,
    117.26432591814));
#1612 = LINE('',#1613,#1614);
#1613 = CARTESIAN_POINT('',(127.85337834214,-130.8294928209,
    117.46432591814));
#1614 = VECTOR('',#1615,1.);
#1615 = DIRECTION('',(0.707106781187,1.E-16,0.707106781187));
#1616 = ORIENTED_EDGE('',*,*,#1115,.F.);
#1617 = ORIENTED_EDGE('',*,*,#1609,.F.);
#1618 = ORIENTED_EDGE('',*,*,#1619,.F.);
#1619 = EDGE_CURVE('',#1610,#1610,#1620,.T.);
#1620 = CIRCLE('',#1621,1.7085);
#1621 = AXIS2_PLACEMENT_3D('',#1622,#1623,#1624);
#1622 = CARTESIAN_POINT('',(125.94487834214,-130.8294928209,
    117.26432591814));
#1623 = DIRECTION('',(-2.1E-16,-1.93E-15,-1.));
#1624 = DIRECTION('',(-1.,1.89E-15,2.1E-16));
#1625 = CONICAL_SURFACE('',#1626,1.9085,0.785398163397);
#1626 = AXIS2_PLACEMENT_3D('',#1627,#1628,#1629);
#1627 = CARTESIAN_POINT('',(125.94487834214,-130.8294928209,
    117.46432591814));
#1628 = DIRECTION('',(2.1E-16,2.15E-15,1.));
#1629 = DIRECTION('',(-1.,1.89E-15,2.1E-16));
#1630 = ADVANCED_FACE('',(#1631),#1650,.F.);
#1631 = FACE_BOUND('',#1632,.F.);
#1632 = EDGE_LOOP('',(#1633,#1641,#1642,#1643));
#1633 = ORIENTED_EDGE('',*,*,#1634,.T.);
#1634 = EDGE_CURVE('',#1635,#1127,#1637,.T.);
#1635 = VERTEX_POINT('',#1636);
#1636 = CARTESIAN_POINT('',(171.15337834214,-130.8294928209,
    117.26432591814));
#1637 = LINE('',#1638,#1639);
#1638 = CARTESIAN_POINT('',(171.35337834214,-130.8294928209,
    117.46432591814));
#1639 = VECTOR('',#1640,1.);
#1640 = DIRECTION('',(0.707106781187,1.E-16,0.707106781187));
#1641 = ORIENTED_EDGE('',*,*,#1126,.F.);
#1642 = ORIENTED_EDGE('',*,*,#1634,.F.);
#1643 = ORIENTED_EDGE('',*,*,#1644,.F.);
#1644 = EDGE_CURVE('',#1635,#1635,#1645,.T.);
#1645 = CIRCLE('',#1646,1.7085);
#1646 = AXIS2_PLACEMENT_3D('',#1647,#1648,#1649);
#1647 = CARTESIAN_POINT('',(169.44487834214,-130.8294928209,
    117.26432591814));
#1648 = DIRECTION('',(-2.1E-16,-1.93E-15,-1.));
#1649 = DIRECTION('',(-1.,1.89E-15,2.1E-16));
#1650 = CONICAL_SURFACE('',#1651,1.9085,0.785398163398);
#1651 = AXIS2_PLACEMENT_3D('',#1652,#1653,#1654);
#1652 = CARTESIAN_POINT('',(169.44487834214,-130.8294928209,
    117.46432591814));
#1653 = DIRECTION('',(2.1E-16,2.15E-15,1.));
#1654 = DIRECTION('',(-1.,1.89E-15,2.1E-16));
#1655 = ADVANCED_FACE('',(#1656),#1675,.F.);
#1656 = FACE_BOUND('',#1657,.F.);
#1657 = EDGE_LOOP('',(#1658,#1666,#1667,#1668));
#1658 = ORIENTED_EDGE('',*,*,#1659,.T.);
#1659 = EDGE_CURVE('',#1660,#1610,#1662,.T.);
#1660 = VERTEX_POINT('',#1661);
#1661 = CARTESIAN_POINT('',(127.65337834214,-130.8294928209,
    111.16432591814));
#1662 = LINE('',#1663,#1664);
#1663 = CARTESIAN_POINT('',(127.65337834214,-130.8294928209,
    110.75582587045));
#1664 = VECTOR('',#1665,1.);
#1665 = DIRECTION('',(2.1E-16,1.96E-15,1.));
#1666 = ORIENTED_EDGE('',*,*,#1619,.T.);
#1667 = ORIENTED_EDGE('',*,*,#1659,.F.);
#1668 = ORIENTED_EDGE('',*,*,#1669,.T.);
#1669 = EDGE_CURVE('',#1660,#1660,#1670,.T.);
#1670 = CIRCLE('',#1671,1.7085);
#1671 = AXIS2_PLACEMENT_3D('',#1672,#1673,#1674);
#1672 = CARTESIAN_POINT('',(125.94487834214,-130.8294928209,
    111.16432591814));
#1673 = DIRECTION('',(2.1E-16,1.93E-15,1.));
#1674 = DIRECTION('',(-1.,1.89E-15,2.1E-16));
#1675 = CYLINDRICAL_SURFACE('',#1676,1.7085);
#1676 = AXIS2_PLACEMENT_3D('',#1677,#1678,#1679);
#1677 = CARTESIAN_POINT('',(125.94487834214,-130.8294928209,
    110.75582587045));
#1678 = DIRECTION('',(2.1E-16,1.96E-15,1.));
#1679 = DIRECTION('',(-1.,1.89E-15,2.1E-16));
#1680 = ADVANCED_FACE('',(#1681),#1708,.F.);
#1681 = FACE_BOUND('',#1682,.F.);
#1682 = EDGE_LOOP('',(#1683,#1693,#1700,#1701));
#1683 = ORIENTED_EDGE('',*,*,#1684,.T.);
#1684 = EDGE_CURVE('',#1685,#1687,#1689,.T.);
#1685 = VERTEX_POINT('',#1686);
#1686 = CARTESIAN_POINT('',(149.95337834214,-130.7794928209,
    111.16432591814));
#1687 = VERTEX_POINT('',#1688);
#1688 = CARTESIAN_POINT('',(149.95337834214,-130.7794928209,
    117.26432591814));
#1689 = LINE('',#1690,#1691);
#1690 = CARTESIAN_POINT('',(149.95337834214,-130.7794928209,
    110.75582587045));
#1691 = VECTOR('',#1692,1.);
#1692 = DIRECTION('',(2.1E-16,1.98E-15,1.));
#1693 = ORIENTED_EDGE('',*,*,#1694,.T.);
#1694 = EDGE_CURVE('',#1687,#1687,#1695,.T.);
#1695 = CIRCLE('',#1696,2.2585);
#1696 = AXIS2_PLACEMENT_3D('',#1697,#1698,#1699);
#1697 = CARTESIAN_POINT('',(147.69487834214,-130.7794928209,
    117.26432591814));
#1698 = DIRECTION('',(-2.1E-16,-1.93E-15,-1.));
#1699 = DIRECTION('',(-1.,1.89E-15,2.1E-16));
#1700 = ORIENTED_EDGE('',*,*,#1684,.F.);
#1701 = ORIENTED_EDGE('',*,*,#1702,.T.);
#1702 = EDGE_CURVE('',#1685,#1685,#1703,.T.);
#1703 = CIRCLE('',#1704,2.2585);
#1704 = AXIS2_PLACEMENT_3D('',#1705,#1706,#1707);
#1705 = CARTESIAN_POINT('',(147.69487834214,-130.7794928209,
    111.16432591814));
#1706 = DIRECTION('',(2.1E-16,1.93E-15,1.));
#1707 = DIRECTION('',(-1.,1.89E-15,2.1E-16));
#1708 = CYLINDRICAL_SURFACE('',#1709,2.2585);
#1709 = AXIS2_PLACEMENT_3D('',#1710,#1711,#1712);
#1710 = CARTESIAN_POINT('',(147.69487834214,-130.7794928209,
    110.75582587045));
#1711 = DIRECTION('',(2.1E-16,1.98E-15,1.));
#1712 = DIRECTION('',(-1.,1.89E-15,2.1E-16));
#1713 = ADVANCED_FACE('',(#1714),#1733,.F.);
#1714 = FACE_BOUND('',#1715,.F.);
#1715 = EDGE_LOOP('',(#1716,#1724,#1725,#1726));
#1716 = ORIENTED_EDGE('',*,*,#1717,.T.);
#1717 = EDGE_CURVE('',#1718,#1635,#1720,.T.);
#1718 = VERTEX_POINT('',#1719);
#1719 = CARTESIAN_POINT('',(171.15337834214,-130.8294928209,
    111.16432591814));
#1720 = LINE('',#1721,#1722);
#1721 = CARTESIAN_POINT('',(171.15337834214,-130.8294928209,
    110.75582587045));
#1722 = VECTOR('',#1723,1.);
#1723 = DIRECTION('',(2.1E-16,1.96E-15,1.));
#1724 = ORIENTED_EDGE('',*,*,#1644,.T.);
#1725 = ORIENTED_EDGE('',*,*,#1717,.F.);
#1726 = ORIENTED_EDGE('',*,*,#1727,.T.);
#1727 = EDGE_CURVE('',#1718,#1718,#1728,.T.);
#1728 = CIRCLE('',#1729,1.7085);
#1729 = AXIS2_PLACEMENT_3D('',#1730,#1731,#1732);
#1730 = CARTESIAN_POINT('',(169.44487834214,-130.8294928209,
    111.16432591814));
#1731 = DIRECTION('',(2.1E-16,1.93E-15,1.));
#1732 = DIRECTION('',(-1.,1.89E-15,2.1E-16));
#1733 = CYLINDRICAL_SURFACE('',#1734,1.7085);
#1734 = AXIS2_PLACEMENT_3D('',#1735,#1736,#1737);
#1735 = CARTESIAN_POINT('',(169.44487834214,-130.8294928209,
    110.75582587045));
#1736 = DIRECTION('',(2.1E-16,1.96E-15,1.));
#1737 = DIRECTION('',(-1.,1.89E-15,2.1E-16));
#1738 = ADVANCED_FACE('',(#1739),#1750,.F.);
#1739 = FACE_BOUND('',#1740,.F.);
#1740 = EDGE_LOOP('',(#1741,#1747,#1748,#1749));
#1741 = ORIENTED_EDGE('',*,*,#1742,.T.);
#1742 = EDGE_CURVE('',#1172,#1687,#1743,.T.);
#1743 = LINE('',#1744,#1745);
#1744 = CARTESIAN_POINT('',(150.15337834214,-130.7794928209,
    117.46432591814));
#1745 = VECTOR('',#1746,1.);
#1746 = DIRECTION('',(-0.707106781187,-2.7E-16,-0.707106781186));
#1747 = ORIENTED_EDGE('',*,*,#1694,.F.);
#1748 = ORIENTED_EDGE('',*,*,#1742,.F.);
#1749 = ORIENTED_EDGE('',*,*,#1171,.F.);
#1750 = CONICAL_SURFACE('',#1751,2.4585,0.785398163398);
#1751 = AXIS2_PLACEMENT_3D('',#1752,#1753,#1754);
#1752 = CARTESIAN_POINT('',(147.69487834214,-130.7794928209,
    117.46432591814));
#1753 = DIRECTION('',(2.1E-16,2.15E-15,1.));
#1754 = DIRECTION('',(-1.,1.89E-15,2.1E-16));
#1755 = ADVANCED_FACE('',(#1756),#1767,.F.);
#1756 = FACE_BOUND('',#1757,.F.);
#1757 = EDGE_LOOP('',(#1758,#1764,#1765,#1766));
#1758 = ORIENTED_EDGE('',*,*,#1759,.T.);
#1759 = EDGE_CURVE('',#1246,#1483,#1760,.T.);
#1760 = LINE('',#1761,#1762);
#1761 = CARTESIAN_POINT('',(138.17683648726,-119.4194928209,
    114.21432591814));
#1762 = VECTOR('',#1763,1.);
#1763 = DIRECTION('',(-0.,-1.,-0.));
#1764 = ORIENTED_EDGE('',*,*,#1482,.F.);
#1765 = ORIENTED_EDGE('',*,*,#1759,.F.);
#1766 = ORIENTED_EDGE('',*,*,#1245,.T.);
#1767 = CYLINDRICAL_SURFACE('',#1768,3.);
#1768 = AXIS2_PLACEMENT_3D('',#1769,#1770,#1771);
#1769 = CARTESIAN_POINT('',(135.17683648726,-119.4194928209,
    114.21432591814));
#1770 = DIRECTION('',(-0.,-1.,-0.));
#1771 = DIRECTION('',(-1.,0.,-0.));
#1772 = ADVANCED_FACE('',(#1773),#1784,.F.);
#1773 = FACE_BOUND('',#1774,.F.);
#1774 = EDGE_LOOP('',(#1775,#1781,#1782,#1783));
#1775 = ORIENTED_EDGE('',*,*,#1776,.T.);
#1776 = EDGE_CURVE('',#1660,#407,#1777,.T.);
#1777 = LINE('',#1778,#1779);
#1778 = CARTESIAN_POINT('',(127.85337834214,-130.8294928209,
    110.96432591814));
#1779 = VECTOR('',#1780,1.);
#1780 = DIRECTION('',(0.707106781187,-2.77E-15,-0.707106781187));
#1781 = ORIENTED_EDGE('',*,*,#406,.F.);
#1782 = ORIENTED_EDGE('',*,*,#1776,.F.);
#1783 = ORIENTED_EDGE('',*,*,#1669,.F.);
#1784 = CONICAL_SURFACE('',#1785,1.9085,0.785398163397);
#1785 = AXIS2_PLACEMENT_3D('',#1786,#1787,#1788);
#1786 = CARTESIAN_POINT('',(125.94487834214,-130.8294928209,
    110.96432591814));
#1787 = DIRECTION('',(-2.1E-16,-2.15E-15,-1.));
#1788 = DIRECTION('',(-1.,1.89E-15,2.1E-16));
#1789 = ADVANCED_FACE('',(#1790),#1801,.F.);
#1790 = FACE_BOUND('',#1791,.F.);
#1791 = EDGE_LOOP('',(#1792,#1798,#1799,#1800));
#1792 = ORIENTED_EDGE('',*,*,#1793,.T.);
#1793 = EDGE_CURVE('',#1685,#385,#1794,.T.);
#1794 = LINE('',#1795,#1796);
#1795 = CARTESIAN_POINT('',(150.15337834214,-130.7794928209,
    110.96432591814));
#1796 = VECTOR('',#1797,1.);
#1797 = DIRECTION('',(0.707106781187,-2.77E-15,-0.707106781187));
#1798 = ORIENTED_EDGE('',*,*,#384,.F.);
#1799 = ORIENTED_EDGE('',*,*,#1793,.F.);
#1800 = ORIENTED_EDGE('',*,*,#1702,.F.);
#1801 = CONICAL_SURFACE('',#1802,2.4585,0.785398163397);
#1802 = AXIS2_PLACEMENT_3D('',#1803,#1804,#1805);
#1803 = CARTESIAN_POINT('',(147.69487834214,-130.7794928209,
    110.96432591814));
#1804 = DIRECTION('',(-2.1E-16,-2.15E-15,-1.));
#1805 = DIRECTION('',(-1.,1.89E-15,2.1E-16));
#1806 = ADVANCED_FACE('',(#1807),#1818,.F.);
#1807 = FACE_BOUND('',#1808,.F.);
#1808 = EDGE_LOOP('',(#1809,#1815,#1816,#1817));
#1809 = ORIENTED_EDGE('',*,*,#1810,.T.);
#1810 = EDGE_CURVE('',#1718,#396,#1811,.T.);
#1811 = LINE('',#1812,#1813);
#1812 = CARTESIAN_POINT('',(171.35337834214,-130.8294928209,
    110.96432591814));
#1813 = VECTOR('',#1814,1.);
#1814 = DIRECTION('',(0.707106781187,-2.77E-15,-0.707106781187));
#1815 = ORIENTED_EDGE('',*,*,#395,.F.);
#1816 = ORIENTED_EDGE('',*,*,#1810,.F.);
#1817 = ORIENTED_EDGE('',*,*,#1727,.F.);
#1818 = CONICAL_SURFACE('',#1819,1.9085,0.785398163397);
#1819 = AXIS2_PLACEMENT_3D('',#1820,#1821,#1822);
#1820 = CARTESIAN_POINT('',(169.44487834214,-130.8294928209,
    110.96432591814));
#1821 = DIRECTION('',(-2.1E-16,-2.15E-15,-1.));
#1822 = DIRECTION('',(-1.,1.89E-15,2.1E-16));
#1823 = ADVANCED_FACE('',(#1824),#1843,.T.);
#1824 = FACE_BOUND('',#1825,.T.);
#1825 = EDGE_LOOP('',(#1826,#1827,#1828,#1836,#1842));
#1826 = ORIENTED_EDGE('',*,*,#1236,.F.);
#1827 = ORIENTED_EDGE('',*,*,#1281,.F.);
#1828 = ORIENTED_EDGE('',*,*,#1829,.F.);
#1829 = EDGE_CURVE('',#1830,#1274,#1832,.T.);
#1830 = VERTEX_POINT('',#1831);
#1831 = CARTESIAN_POINT('',(143.97660001143,-116.7307771246,
    111.11068722495));
#1832 = LINE('',#1833,#1834);
#1833 = CARTESIAN_POINT('',(142.68746924547,-116.7307771246,
    113.3422684061));
#1834 = VECTOR('',#1835,1.);
#1835 = DIRECTION('',(-0.500211487403,3.3E-16,0.86590326704));
#1836 = ORIENTED_EDGE('',*,*,#1837,.F.);
#1837 = EDGE_CURVE('',#714,#1830,#1838,.T.);
#1838 = LINE('',#1839,#1840);
#1839 = CARTESIAN_POINT('',(143.97660001143,-123.6944928209,
    111.11068722495));
#1840 = VECTOR('',#1841,1.);
#1841 = DIRECTION('',(1.76E-15,1.,-1.93E-15));
#1842 = ORIENTED_EDGE('',*,*,#713,.T.);
#1843 = PLANE('',#1844);
#1844 = AXIS2_PLACEMENT_3D('',#1845,#1846,#1847);
#1845 = CARTESIAN_POINT('',(144.03220453474,-119.4694928209,
    111.01443166184));
#1846 = DIRECTION('',(-0.86590326704,5.6E-16,-0.500211487403));
#1847 = DIRECTION('',(-0.500211487403,-7.7E-16,0.86590326704));
#1848 = ADVANCED_FACE('',(#1849),#1883,.T.);
#1849 = FACE_BOUND('',#1850,.T.);
#1850 = EDGE_LOOP('',(#1851,#1861,#1869,#1875,#1876,#1877));
#1851 = ORIENTED_EDGE('',*,*,#1852,.T.);
#1852 = EDGE_CURVE('',#1853,#1855,#1857,.T.);
#1853 = VERTEX_POINT('',#1854);
#1854 = CARTESIAN_POINT('',(154.78405673486,-116.5142402523,
    117.44778904585));
#1855 = VERTEX_POINT('',#1856);
#1856 = CARTESIAN_POINT('',(154.46637886903,-116.3307771246,
    117.26432591814));
#1857 = LINE('',#1858,#1859);
#1858 = CARTESIAN_POINT('',(151.61325942566,-114.6830632827,
    115.61661207623));
#1859 = VECTOR('',#1860,1.);
#1860 = DIRECTION('',(-0.774509289876,0.447289257581,-0.447289257581));
#1861 = ORIENTED_EDGE('',*,*,#1862,.T.);
#1862 = EDGE_CURVE('',#1855,#1863,#1865,.T.);
#1863 = VERTEX_POINT('',#1864);
#1864 = CARTESIAN_POINT('',(140.883736333,-116.3307771246,
    117.26432591814));
#1865 = LINE('',#1866,#1867);
#1866 = CARTESIAN_POINT('',(146.24487834214,-116.3307771246,
    117.26432591814));
#1867 = VECTOR('',#1868,1.);
#1868 = DIRECTION('',(-1.,-3.06E-15,2.1E-16));
#1869 = ORIENTED_EDGE('',*,*,#1870,.T.);
#1870 = EDGE_CURVE('',#1863,#1266,#1871,.T.);
#1871 = LINE('',#1872,#1873);
#1872 = CARTESIAN_POINT('',(143.64368756488,-114.7377678665,
    115.67131666003));
#1873 = VECTOR('',#1874,1.);
#1874 = DIRECTION('',(-0.774684041006,-0.447137918662,0.447137918662));
#1875 = ORIENTED_EDGE('',*,*,#1265,.T.);
#1876 = ORIENTED_EDGE('',*,*,#1090,.T.);
#1877 = ORIENTED_EDGE('',*,*,#1878,.T.);
#1878 = EDGE_CURVE('',#1083,#1853,#1879,.T.);
#1879 = LINE('',#1880,#1881);
#1880 = CARTESIAN_POINT('',(153.2812230762,-119.1164906083,
    120.05003940183));
#1881 = VECTOR('',#1882,1.);
#1882 = DIRECTION('',(0.378055834561,0.654627293181,-0.654627293181));
#1883 = PLANE('',#1884);
#1884 = AXIS2_PLACEMENT_3D('',#1885,#1886,#1887);
#1885 = CARTESIAN_POINT('',(146.24487834214,-116.5307771246,
    117.46432591814));
#1886 = DIRECTION('',(-2.02E-15,0.707106781187,0.707106781187));
#1887 = DIRECTION('',(-1.,1.886644302003E-15,-4.743355697997E-15));
#1888 = ADVANCED_FACE('',(#1889),#1914,.T.);
#1889 = FACE_BOUND('',#1890,.T.);
#1890 = EDGE_LOOP('',(#1891,#1899,#1905,#1906,#1912,#1913));
#1891 = ORIENTED_EDGE('',*,*,#1892,.F.);
#1892 = EDGE_CURVE('',#1893,#1375,#1895,.T.);
#1893 = VERTEX_POINT('',#1894);
#1894 = CARTESIAN_POINT('',(150.94652828934,-116.3307771246,
    111.16432591814));
#1895 = LINE('',#1896,#1897);
#1896 = CARTESIAN_POINT('',(150.33151490976,-115.2658430404,
    112.22926000231));
#1897 = VECTOR('',#1898,1.);
#1898 = DIRECTION('',(0.378055834561,-0.654627293181,-0.654627293181));
#1899 = ORIENTED_EDGE('',*,*,#1900,.T.);
#1900 = EDGE_CURVE('',#1893,#1855,#1901,.T.);
#1901 = LINE('',#1902,#1903);
#1902 = CARTESIAN_POINT('',(153.59022260982,-116.3307771246,
    115.74592249159));
#1903 = VECTOR('',#1904,1.);
#1904 = DIRECTION('',(0.499788482269,3.39E-15,0.866147489167));
#1905 = ORIENTED_EDGE('',*,*,#1852,.F.);
#1906 = ORIENTED_EDGE('',*,*,#1907,.T.);
#1907 = EDGE_CURVE('',#1853,#1350,#1908,.T.);
#1908 = LINE('',#1909,#1910);
#1909 = CARTESIAN_POINT('',(155.82463511585,-118.3160667198,
    115.64596257839));
#1910 = VECTOR('',#1911,1.);
#1911 = DIRECTION('',(0.378055834561,-0.654627293181,-0.654627293181));
#1912 = ORIENTED_EDGE('',*,*,#1349,.T.);
#1913 = ORIENTED_EDGE('',*,*,#1382,.F.);
#1914 = PLANE('',#1915);
#1915 = AXIS2_PLACEMENT_3D('',#1916,#1917,#1918);
#1916 = CARTESIAN_POINT('',(153.76345210766,-116.5307771246,
    115.64596479514));
#1917 = DIRECTION('',(0.612458763098,0.707106781187,-0.353403824971));
#1918 = DIRECTION('',(0.499788482269,8.604228440845E-16,0.866147489167)
  );
#1919 = ADVANCED_FACE('',(#1920),#1928,.T.);
#1920 = FACE_BOUND('',#1921,.T.);
#1921 = EDGE_LOOP('',(#1922,#1923,#1924,#1925,#1926,#1927));
#1922 = ORIENTED_EDGE('',*,*,#1305,.T.);
#1923 = ORIENTED_EDGE('',*,*,#1357,.T.);
#1924 = ORIENTED_EDGE('',*,*,#1907,.F.);
#1925 = ORIENTED_EDGE('',*,*,#1878,.F.);
#1926 = ORIENTED_EDGE('',*,*,#1082,.T.);
#1927 = ORIENTED_EDGE('',*,*,#777,.T.);
#1928 = PLANE('',#1929);
#1929 = AXIS2_PLACEMENT_3D('',#1930,#1931,#1932);
#1930 = CARTESIAN_POINT('',(154.78405673486,-123.6944928209,
    117.44778904585));
#1931 = DIRECTION('',(0.865964341722,-7.38E-15,0.500105747683));
#1932 = DIRECTION('',(-0.500105747683,2.8E-15,0.865964341722));
#1933 = ADVANCED_FACE('',(#1934),#1961,.F.);
#1934 = FACE_BOUND('',#1935,.F.);
#1935 = EDGE_LOOP('',(#1936,#1946,#1953,#1954));
#1936 = ORIENTED_EDGE('',*,*,#1937,.T.);
#1937 = EDGE_CURVE('',#1938,#1940,#1942,.T.);
#1938 = VERTEX_POINT('',#1939);
#1939 = CARTESIAN_POINT('',(149.39487834214,-123.3367099249,
    113.90141311336));
#1940 = VERTEX_POINT('',#1941);
#1941 = CARTESIAN_POINT('',(149.39487834214,-126.3307771246,
    113.90141311336));
#1942 = LINE('',#1943,#1944);
#1943 = CARTESIAN_POINT('',(149.39487834214,-126.3307771246,
    113.90141311336));
#1944 = VECTOR('',#1945,1.);
#1945 = DIRECTION('',(3.55E-15,-1.,3.55E-15));
#1946 = ORIENTED_EDGE('',*,*,#1947,.T.);
#1947 = EDGE_CURVE('',#1940,#1940,#1948,.T.);
#1948 = CIRCLE('',#1949,1.7);
#1949 = AXIS2_PLACEMENT_3D('',#1950,#1951,#1952);
#1950 = CARTESIAN_POINT('',(147.69487834214,-126.3307771246,
    113.90141311336));
#1951 = DIRECTION('',(-3.06E-15,1.,-2.15E-15));
#1952 = DIRECTION('',(-1.,-3.06E-15,0.));
#1953 = ORIENTED_EDGE('',*,*,#1937,.F.);
#1954 = ORIENTED_EDGE('',*,*,#1955,.F.);
#1955 = EDGE_CURVE('',#1938,#1938,#1956,.T.);
#1956 = CIRCLE('',#1957,1.7);
#1957 = AXIS2_PLACEMENT_3D('',#1958,#1959,#1960);
#1958 = CARTESIAN_POINT('',(147.69487834214,-123.3367099249,
    113.90141311336));
#1959 = DIRECTION('',(0.,1.,-3.23E-15));
#1960 = DIRECTION('',(-1.,0.,0.));
#1961 = CYLINDRICAL_SURFACE('',#1962,1.7);
#1962 = AXIS2_PLACEMENT_3D('',#1963,#1964,#1965);
#1963 = CARTESIAN_POINT('',(147.69487834214,-126.3307771246,
    113.90141311336));
#1964 = DIRECTION('',(-3.55E-15,1.,-3.55E-15));
#1965 = DIRECTION('',(-1.,-3.55E-15,0.));
#1966 = ADVANCED_FACE('',(#1967),#1970,.T.);
#1967 = FACE_BOUND('',#1968,.T.);
#1968 = EDGE_LOOP('',(#1969));
#1969 = ORIENTED_EDGE('',*,*,#1947,.T.);
#1970 = PLANE('',#1971);
#1971 = AXIS2_PLACEMENT_3D('',#1972,#1973,#1974);
#1972 = CARTESIAN_POINT('',(147.67505760101,-126.3307771246,
    114.21432591814));
#1973 = DIRECTION('',(-3.06E-15,1.,-2.15E-15));
#1974 = DIRECTION('',(-1.,-3.06E-15,0.));
#1975 = ADVANCED_FACE('',(#1976),#2003,.T.);
#1976 = FACE_BOUND('',#1977,.T.);
#1977 = EDGE_LOOP('',(#1978,#1988,#1994,#1995,#1996,#1997));
#1978 = ORIENTED_EDGE('',*,*,#1979,.F.);
#1979 = EDGE_CURVE('',#1980,#1982,#1984,.T.);
#1980 = VERTEX_POINT('',#1981);
#1981 = CARTESIAN_POINT('',(144.27664230891,-116.5575964712,
    110.93750657155));
#1982 = VERTEX_POINT('',#1983);
#1983 = CARTESIAN_POINT('',(144.40755959283,-116.3307771246,
    111.16432591814));
#1984 = LINE('',#1985,#1986);
#1985 = CARTESIAN_POINT('',(144.63584802959,-115.9352584237,
    111.55984461902));
#1986 = VECTOR('',#1987,1.);
#1987 = DIRECTION('',(0.377873113516,0.654680040203,0.654680040203));
#1988 = ORIENTED_EDGE('',*,*,#1989,.F.);
#1989 = EDGE_CURVE('',#1830,#1980,#1990,.T.);
#1990 = LINE('',#1991,#1992);
#1991 = CARTESIAN_POINT('',(142.18649647976,-117.7640024461,
    112.14391254647));
#1992 = VECTOR('',#1993,1.);
#1993 = DIRECTION('',(0.774684041006,0.447137918662,-0.447137918662));
#1994 = ORIENTED_EDGE('',*,*,#1829,.T.);
#1995 = ORIENTED_EDGE('',*,*,#1273,.T.);
#1996 = ORIENTED_EDGE('',*,*,#1870,.F.);
#1997 = ORIENTED_EDGE('',*,*,#1998,.T.);
#1998 = EDGE_CURVE('',#1863,#1982,#1999,.T.);
#1999 = LINE('',#2000,#2001);
#2000 = CARTESIAN_POINT('',(143.03383055229,-116.3307771246,
    113.54235300106));
#2001 = VECTOR('',#2002,1.);
#2002 = DIRECTION('',(0.500211487403,-3.3E-16,-0.86590326704));
#2003 = PLANE('',#2004);
#2004 = AXIS2_PLACEMENT_3D('',#2005,#2006,#2007);
#2005 = CARTESIAN_POINT('',(142.86064989888,-116.5307771246,
    113.44231070358));
#2006 = DIRECTION('',(-0.612286071975,0.707106781187,-0.35370293477));
#2007 = DIRECTION('',(0.500211487403,-2.747801985947E-15,-0.86590326704)
  );
#2008 = ADVANCED_FACE('',(#2009,#2066),#2069,.F.);
#2009 = FACE_BOUND('',#2010,.T.);
#2010 = EDGE_LOOP('',(#2011,#2021,#2029,#2037,#2043,#2044,#2052,#2060));
#2011 = ORIENTED_EDGE('',*,*,#2012,.F.);
#2012 = EDGE_CURVE('',#2013,#2015,#2017,.T.);
#2013 = VERTEX_POINT('',#2014);
#2014 = CARTESIAN_POINT('',(150.64487834214,-123.3367099249,
    117.26432591814));
#2015 = VERTEX_POINT('',#2016);
#2016 = CARTESIAN_POINT('',(144.74487834214,-123.3367099249,
    117.26432591814));
#2017 = LINE('',#2018,#2019);
#2018 = CARTESIAN_POINT('',(149.16987834214,-123.3367099249,
    117.26432591814));
#2019 = VECTOR('',#2020,1.);
#2020 = DIRECTION('',(-1.,0.,2.1E-16));
#2021 = ORIENTED_EDGE('',*,*,#2022,.T.);
#2022 = EDGE_CURVE('',#2013,#2023,#2025,.T.);
#2023 = VERTEX_POINT('',#2024);
#2024 = CARTESIAN_POINT('',(150.64487834214,-123.3367099249,
    111.16432950771));
#2025 = LINE('',#2026,#2027);
#2026 = CARTESIAN_POINT('',(150.64487834214,-123.3367099249,
    117.66432950771));
#2027 = VECTOR('',#2028,1.);
#2028 = DIRECTION('',(-0.,-3.23E-15,-1.));
#2029 = ORIENTED_EDGE('',*,*,#2030,.T.);
#2030 = EDGE_CURVE('',#2023,#2031,#2033,.T.);
#2031 = VERTEX_POINT('',#2032);
#2032 = CARTESIAN_POINT('',(148.65411047258,-123.3367099249,
    111.16432950771));
#2033 = LINE('',#2034,#2035);
#2034 = CARTESIAN_POINT('',(144.74487834214,-123.3367099249,
    111.16432950771));
#2035 = VECTOR('',#2036,1.);
#2036 = DIRECTION('',(-1.,0.,2.1E-16));
#2037 = ORIENTED_EDGE('',*,*,#2038,.F.);
#2038 = EDGE_CURVE('',#428,#2031,#2039,.T.);
#2039 = LINE('',#2040,#2041);
#2040 = CARTESIAN_POINT('',(147.82968349472,-123.3367099249,
    110.68834637011));
#2041 = VECTOR('',#2042,1.);
#2042 = DIRECTION('',(0.866025403784,1.61E-15,0.5));
#2043 = ORIENTED_EDGE('',*,*,#427,.F.);
#2044 = ORIENTED_EDGE('',*,*,#2045,.F.);
#2045 = EDGE_CURVE('',#2046,#420,#2048,.T.);
#2046 = VERTEX_POINT('',#2047);
#2047 = CARTESIAN_POINT('',(146.73564621169,-123.3367099249,
    111.16432950771));
#2048 = LINE('',#2049,#2050);
#2049 = CARTESIAN_POINT('',(147.21365991938,-123.3367099249,
    110.8883481649));
#2050 = VECTOR('',#2051,1.);
#2051 = DIRECTION('',(0.866025403784,-1.61E-15,-0.5));
#2052 = ORIENTED_EDGE('',*,*,#2053,.T.);
#2053 = EDGE_CURVE('',#2046,#2054,#2056,.T.);
#2054 = VERTEX_POINT('',#2055);
#2055 = CARTESIAN_POINT('',(144.74487834214,-123.3367099249,
    111.16432950771));
#2056 = LINE('',#2057,#2058);
#2057 = CARTESIAN_POINT('',(144.74487834214,-123.3367099249,
    111.16432950771));
#2058 = VECTOR('',#2059,1.);
#2059 = DIRECTION('',(-1.,0.,2.1E-16));
#2060 = ORIENTED_EDGE('',*,*,#2061,.F.);
#2061 = EDGE_CURVE('',#2015,#2054,#2062,.T.);
#2062 = LINE('',#2063,#2064);
#2063 = CARTESIAN_POINT('',(144.74487834214,-123.3367099249,
    117.66432950771));
#2064 = VECTOR('',#2065,1.);
#2065 = DIRECTION('',(-0.,-3.23E-15,-1.));
#2066 = FACE_BOUND('',#2067,.T.);
#2067 = EDGE_LOOP('',(#2068));
#2068 = ORIENTED_EDGE('',*,*,#1955,.F.);
#2069 = PLANE('',#2070);
#2070 = AXIS2_PLACEMENT_3D('',#2071,#2072,#2073);
#2071 = CARTESIAN_POINT('',(150.64487834214,-123.3367099249,
    117.66432950771));
#2072 = DIRECTION('',(-0.,-1.,3.23E-15));
#2073 = DIRECTION('',(-1.,6.783E-31,2.1E-16));
#2074 = ADVANCED_FACE('',(#2075),#2100,.F.);
#2075 = FACE_BOUND('',#2076,.T.);
#2076 = EDGE_LOOP('',(#2077,#2085,#2086,#2094));
#2077 = ORIENTED_EDGE('',*,*,#2078,.F.);
#2078 = EDGE_CURVE('',#2015,#2079,#2081,.T.);
#2079 = VERTEX_POINT('',#2080);
#2080 = CARTESIAN_POINT('',(144.74487834214,-120.5367099249,
    117.26432591814));
#2081 = LINE('',#2082,#2083);
#2082 = CARTESIAN_POINT('',(144.74487834214,-125.6281013729,
    117.26432591814));
#2083 = VECTOR('',#2084,1.);
#2084 = DIRECTION('',(0.,1.,-1.93E-15));
#2085 = ORIENTED_EDGE('',*,*,#2061,.T.);
#2086 = ORIENTED_EDGE('',*,*,#2087,.T.);
#2087 = EDGE_CURVE('',#2054,#2088,#2090,.T.);
#2088 = VERTEX_POINT('',#2089);
#2089 = CARTESIAN_POINT('',(144.74487834214,-120.5367099249,
    111.16432950771));
#2090 = LINE('',#2091,#2092);
#2091 = CARTESIAN_POINT('',(144.74487834214,-120.982330018,
    111.16432950771));
#2092 = VECTOR('',#2093,1.);
#2093 = DIRECTION('',(0.,1.,-1.93E-15));
#2094 = ORIENTED_EDGE('',*,*,#2095,.F.);
#2095 = EDGE_CURVE('',#2079,#2088,#2096,.T.);
#2096 = LINE('',#2097,#2098);
#2097 = CARTESIAN_POINT('',(144.74487834214,-120.5367099249,
    117.66432950771));
#2098 = VECTOR('',#2099,1.);
#2099 = DIRECTION('',(-0.,-3.23E-15,-1.));
#2100 = PLANE('',#2101);
#2101 = AXIS2_PLACEMENT_3D('',#2102,#2103,#2104);
#2102 = CARTESIAN_POINT('',(144.74487834214,-123.3367099249,
    117.66432950771));
#2103 = DIRECTION('',(-1.,0.,0.));
#2104 = DIRECTION('',(0.,1.,-1.93E-15));
#2105 = ADVANCED_FACE('',(#2106),#2124,.T.);
#2106 = FACE_BOUND('',#2107,.T.);
#2107 = EDGE_LOOP('',(#2108,#2116,#2117,#2118));
#2108 = ORIENTED_EDGE('',*,*,#2109,.F.);
#2109 = EDGE_CURVE('',#2046,#2110,#2112,.T.);
#2110 = VERTEX_POINT('',#2111);
#2111 = CARTESIAN_POINT('',(146.73564621169,-120.5367099249,
    111.16432950771));
#2112 = LINE('',#2113,#2114);
#2113 = CARTESIAN_POINT('',(146.73564621169,-124.5559224488,
    111.16432950771));
#2114 = VECTOR('',#2115,1.);
#2115 = DIRECTION('',(0.,1.,0.));
#2116 = ORIENTED_EDGE('',*,*,#2045,.T.);
#2117 = ORIENTED_EDGE('',*,*,#417,.F.);
#2118 = ORIENTED_EDGE('',*,*,#2119,.T.);
#2119 = EDGE_CURVE('',#418,#2110,#2120,.T.);
#2120 = LINE('',#2121,#2122);
#2121 = CARTESIAN_POINT('',(147.48507318956,-120.5367099249,
    110.7316476403));
#2122 = VECTOR('',#2123,1.);
#2123 = DIRECTION('',(-0.866025403784,1.61E-15,0.5));
#2124 = PLANE('',#2125);
#2125 = AXIS2_PLACEMENT_3D('',#2126,#2127,#2128);
#2126 = CARTESIAN_POINT('',(147.64487834214,-120.7367099249,
    110.63938409244));
#2127 = DIRECTION('',(0.5,-1.3E-16,0.866025403784));
#2128 = DIRECTION('',(0.866025403784,-4.28E-15,-0.5));
#2129 = ADVANCED_FACE('',(#2130),#2141,.F.);
#2130 = FACE_BOUND('',#2131,.T.);
#2131 = EDGE_LOOP('',(#2132,#2133,#2139,#2140));
#2132 = ORIENTED_EDGE('',*,*,#2109,.T.);
#2133 = ORIENTED_EDGE('',*,*,#2134,.F.);
#2134 = EDGE_CURVE('',#2088,#2110,#2135,.T.);
#2135 = LINE('',#2136,#2137);
#2136 = CARTESIAN_POINT('',(150.64487834214,-120.5367099249,
    111.16432950771));
#2137 = VECTOR('',#2138,1.);
#2138 = DIRECTION('',(1.,-0.,-2.1E-16));
#2139 = ORIENTED_EDGE('',*,*,#2087,.F.);
#2140 = ORIENTED_EDGE('',*,*,#2053,.F.);
#2141 = PLANE('',#2142);
#2142 = AXIS2_PLACEMENT_3D('',#2143,#2144,#2145);
#2143 = CARTESIAN_POINT('',(147.71711332261,-128.3751349727,
    111.16432950771));
#2144 = DIRECTION('',(-0.,0.,-1.));
#2145 = DIRECTION('',(-1.,0.,0.));
#2146 = ADVANCED_FACE('',(#2147),#2165,.T.);
#2147 = FACE_BOUND('',#2148,.T.);
#2148 = EDGE_LOOP('',(#2149,#2150,#2151,#2159));
#2149 = ORIENTED_EDGE('',*,*,#435,.F.);
#2150 = ORIENTED_EDGE('',*,*,#2038,.T.);
#2151 = ORIENTED_EDGE('',*,*,#2152,.F.);
#2152 = EDGE_CURVE('',#2153,#2031,#2155,.T.);
#2153 = VERTEX_POINT('',#2154);
#2154 = CARTESIAN_POINT('',(148.65411047258,-120.5367099249,
    111.16432950771));
#2155 = LINE('',#2156,#2157);
#2156 = CARTESIAN_POINT('',(148.65411047258,-124.5559224488,
    111.16432950771));
#2157 = VECTOR('',#2158,1.);
#2158 = DIRECTION('',(-7.29E-15,-1.,-0.));
#2159 = ORIENTED_EDGE('',*,*,#2160,.T.);
#2160 = EDGE_CURVE('',#2153,#436,#2161,.T.);
#2161 = LINE('',#2162,#2163);
#2162 = CARTESIAN_POINT('',(148.25109676489,-120.5367099249,
    110.93164943509));
#2163 = VECTOR('',#2164,1.);
#2164 = DIRECTION('',(-0.866025403784,-1.61E-15,-0.5));
#2165 = PLANE('',#2166);
#2166 = AXIS2_PLACEMENT_3D('',#2167,#2168,#2169);
#2167 = CARTESIAN_POINT('',(150.49487834214,-120.7367099249,
    112.22709733271));
#2168 = DIRECTION('',(-0.5,3.64E-15,0.866025403784));
#2169 = DIRECTION('',(0.866025403784,-2.26E-15,0.5));
#2170 = ADVANCED_FACE('',(#2171),#2189,.F.);
#2171 = FACE_BOUND('',#2172,.T.);
#2172 = EDGE_LOOP('',(#2173,#2174,#2175,#2183));
#2173 = ORIENTED_EDGE('',*,*,#2152,.T.);
#2174 = ORIENTED_EDGE('',*,*,#2030,.F.);
#2175 = ORIENTED_EDGE('',*,*,#2176,.F.);
#2176 = EDGE_CURVE('',#2177,#2023,#2179,.T.);
#2177 = VERTEX_POINT('',#2178);
#2178 = CARTESIAN_POINT('',(150.64487834214,-120.5367099249,
    111.16432950771));
#2179 = LINE('',#2180,#2181);
#2180 = CARTESIAN_POINT('',(150.64487834214,-122.8910898319,
    111.16432950771));
#2181 = VECTOR('',#2182,1.);
#2182 = DIRECTION('',(-0.,-1.,1.93E-15));
#2183 = ORIENTED_EDGE('',*,*,#2184,.F.);
#2184 = EDGE_CURVE('',#2153,#2177,#2185,.T.);
#2185 = LINE('',#2186,#2187);
#2186 = CARTESIAN_POINT('',(150.64487834214,-120.5367099249,
    111.16432950771));
#2187 = VECTOR('',#2188,1.);
#2188 = DIRECTION('',(1.,-0.,-2.1E-16));
#2189 = PLANE('',#2190);
#2190 = AXIS2_PLACEMENT_3D('',#2191,#2192,#2193);
#2191 = CARTESIAN_POINT('',(147.71711332261,-128.3751349727,
    111.16432950771));
#2192 = DIRECTION('',(-0.,0.,-1.));
#2193 = DIRECTION('',(-1.,0.,0.));
#2194 = ADVANCED_FACE('',(#2195),#2207,.T.);
#2195 = FACE_BOUND('',#2196,.T.);
#2196 = EDGE_LOOP('',(#2197,#2198,#2199,#2205,#2206));
#2197 = ORIENTED_EDGE('',*,*,#1837,.T.);
#2198 = ORIENTED_EDGE('',*,*,#1989,.T.);
#2199 = ORIENTED_EDGE('',*,*,#2200,.F.);
#2200 = EDGE_CURVE('',#312,#1980,#2201,.T.);
#2201 = LINE('',#2202,#2203);
#2202 = CARTESIAN_POINT('',(146.09403330163,-117.6065717732,
    109.88853126953));
#2203 = VECTOR('',#2204,1.);
#2204 = DIRECTION('',(-0.774684041006,0.447137918662,0.447137918662));
#2205 = ORIENTED_EDGE('',*,*,#311,.T.);
#2206 = ORIENTED_EDGE('',*,*,#721,.T.);
#2207 = PLANE('',#2208);
#2208 = AXIS2_PLACEMENT_3D('',#2209,#2210,#2211);
#2209 = CARTESIAN_POINT('',(144.27664230891,-123.6944928209,
    110.93750657155));
#2210 = DIRECTION('',(-0.499894245114,-7.9E-16,-0.866086452787));
#2211 = DIRECTION('',(0.866086452787,-2.71E-15,-0.499894245114));
#2212 = ADVANCED_FACE('',(#2213),#2226,.T.);
#2213 = FACE_BOUND('',#2214,.T.);
#2214 = EDGE_LOOP('',(#2215,#2216,#2222,#2223,#2224,#2225));
#2215 = ORIENTED_EDGE('',*,*,#1979,.T.);
#2216 = ORIENTED_EDGE('',*,*,#2217,.T.);
#2217 = EDGE_CURVE('',#1982,#1893,#2218,.T.);
#2218 = LINE('',#2219,#2220);
#2219 = CARTESIAN_POINT('',(146.24487834214,-116.3307771246,
    111.16432591814));
#2220 = VECTOR('',#2221,1.);
#2221 = DIRECTION('',(1.,3.06E-15,-2.1E-16));
#2222 = ORIENTED_EDGE('',*,*,#1892,.T.);
#2223 = ORIENTED_EDGE('',*,*,#1374,.T.);
#2224 = ORIENTED_EDGE('',*,*,#319,.T.);
#2225 = ORIENTED_EDGE('',*,*,#2200,.T.);
#2226 = PLANE('',#2227);
#2227 = AXIS2_PLACEMENT_3D('',#2228,#2229,#2230);
#2228 = CARTESIAN_POINT('',(146.24487834214,-116.5307771246,
    110.96432591814));
#2229 = DIRECTION('',(-2.31E-15,0.707106781187,-0.707106781187));
#2230 = DIRECTION('',(1.,-1.891583335459E-15,-5.158416664541E-15));
#2231 = ADVANCED_FACE('',(#2232,#2238),#2249,.T.);
#2232 = FACE_BOUND('',#2233,.T.);
#2233 = EDGE_LOOP('',(#2234,#2235,#2236,#2237));
#2234 = ORIENTED_EDGE('',*,*,#2217,.F.);
#2235 = ORIENTED_EDGE('',*,*,#1998,.F.);
#2236 = ORIENTED_EDGE('',*,*,#1862,.F.);
#2237 = ORIENTED_EDGE('',*,*,#1900,.F.);
#2238 = FACE_BOUND('',#2239,.T.);
#2239 = EDGE_LOOP('',(#2240));
#2240 = ORIENTED_EDGE('',*,*,#2241,.F.);
#2241 = EDGE_CURVE('',#2242,#2242,#2244,.T.);
#2242 = VERTEX_POINT('',#2243);
#2243 = CARTESIAN_POINT('',(149.79487834214,-116.3307771246,
    113.90141311336));
#2244 = CIRCLE('',#2245,2.1);
#2245 = AXIS2_PLACEMENT_3D('',#2246,#2247,#2248);
#2246 = CARTESIAN_POINT('',(147.69487834214,-116.3307771246,
    113.90141311336));
#2247 = DIRECTION('',(-3.06E-15,1.,-2.15E-15));
#2248 = DIRECTION('',(-1.,-3.06E-15,0.));
#2249 = PLANE('',#2250);
#2250 = AXIS2_PLACEMENT_3D('',#2251,#2252,#2253);
#2251 = CARTESIAN_POINT('',(144.79487834214,-116.3307771246,
    117.66432591814));
#2252 = DIRECTION('',(-3.06E-15,1.,-2.15E-15));
#2253 = DIRECTION('',(1.,3.06E-15,-2.1E-16));
#2254 = ADVANCED_FACE('',(#2255),#2282,.F.);
#2255 = FACE_BOUND('',#2256,.F.);
#2256 = EDGE_LOOP('',(#2257,#2267,#2274,#2275));
#2257 = ORIENTED_EDGE('',*,*,#2258,.T.);
#2258 = EDGE_CURVE('',#2259,#2261,#2263,.T.);
#2259 = VERTEX_POINT('',#2260);
#2260 = CARTESIAN_POINT('',(149.39487834214,-120.5367099249,
    113.90141311336));
#2261 = VERTEX_POINT('',#2262);
#2262 = CARTESIAN_POINT('',(149.39487834214,-116.7307771246,
    113.90141311336));
#2263 = LINE('',#2264,#2265);
#2264 = CARTESIAN_POINT('',(149.39487834214,-126.3307771246,
    113.90141311336));
#2265 = VECTOR('',#2266,1.);
#2266 = DIRECTION('',(-3.23E-15,1.,-1.61E-15));
#2267 = ORIENTED_EDGE('',*,*,#2268,.T.);
#2268 = EDGE_CURVE('',#2261,#2261,#2269,.T.);
#2269 = CIRCLE('',#2270,1.7);
#2270 = AXIS2_PLACEMENT_3D('',#2271,#2272,#2273);
#2271 = CARTESIAN_POINT('',(147.69487834214,-116.7307771246,
    113.90141311336));
#2272 = DIRECTION('',(3.06E-15,-1.,2.15E-15));
#2273 = DIRECTION('',(-1.,-3.06E-15,0.));
#2274 = ORIENTED_EDGE('',*,*,#2258,.F.);
#2275 = ORIENTED_EDGE('',*,*,#2276,.T.);
#2276 = EDGE_CURVE('',#2259,#2259,#2277,.T.);
#2277 = CIRCLE('',#2278,1.7);
#2278 = AXIS2_PLACEMENT_3D('',#2279,#2280,#2281);
#2279 = CARTESIAN_POINT('',(147.69487834214,-120.5367099249,
    113.90141311336));
#2280 = DIRECTION('',(0.,1.,-3.23E-15));
#2281 = DIRECTION('',(-1.,0.,0.));
#2282 = CYLINDRICAL_SURFACE('',#2283,1.7);
#2283 = AXIS2_PLACEMENT_3D('',#2284,#2285,#2286);
#2284 = CARTESIAN_POINT('',(147.69487834214,-126.3307771246,
    113.90141311336));
#2285 = DIRECTION('',(-3.23E-15,1.,-1.61E-15));
#2286 = DIRECTION('',(-1.,-3.23E-15,0.));
#2287 = ADVANCED_FACE('',(#2288),#2299,.F.);
#2288 = FACE_BOUND('',#2289,.F.);
#2289 = EDGE_LOOP('',(#2290,#2296,#2297,#2298));
#2290 = ORIENTED_EDGE('',*,*,#2291,.T.);
#2291 = EDGE_CURVE('',#2242,#2261,#2292,.T.);
#2292 = LINE('',#2293,#2294);
#2293 = CARTESIAN_POINT('',(149.59487834214,-116.5307771246,
    113.90141311336));
#2294 = VECTOR('',#2295,1.);
#2295 = DIRECTION('',(-0.707106781187,-0.707106781187,1.61E-15));
#2296 = ORIENTED_EDGE('',*,*,#2268,.F.);
#2297 = ORIENTED_EDGE('',*,*,#2291,.F.);
#2298 = ORIENTED_EDGE('',*,*,#2241,.F.);
#2299 = CONICAL_SURFACE('',#2300,1.9,0.785398163397);
#2300 = AXIS2_PLACEMENT_3D('',#2301,#2302,#2303);
#2301 = CARTESIAN_POINT('',(147.69487834214,-116.5307771246,
    113.90141311336));
#2302 = DIRECTION('',(1.89E-15,1.,-2.15E-15));
#2303 = DIRECTION('',(-1.,1.89E-15,0.));
#2304 = ADVANCED_FACE('',(#2305,#2327),#2330,.F.);
#2305 = FACE_BOUND('',#2306,.T.);
#2306 = EDGE_LOOP('',(#2307,#2315,#2316,#2317,#2318,#2319,#2320,#2321));
#2307 = ORIENTED_EDGE('',*,*,#2308,.F.);
#2308 = EDGE_CURVE('',#2079,#2309,#2311,.T.);
#2309 = VERTEX_POINT('',#2310);
#2310 = CARTESIAN_POINT('',(150.64487834214,-120.5367099249,
    117.26432591814));
#2311 = LINE('',#2312,#2313);
#2312 = CARTESIAN_POINT('',(146.21987834214,-120.5367099249,
    117.26432591814));
#2313 = VECTOR('',#2314,1.);
#2314 = DIRECTION('',(1.,-0.,-2.1E-16));
#2315 = ORIENTED_EDGE('',*,*,#2095,.T.);
#2316 = ORIENTED_EDGE('',*,*,#2134,.T.);
#2317 = ORIENTED_EDGE('',*,*,#2119,.F.);
#2318 = ORIENTED_EDGE('',*,*,#443,.F.);
#2319 = ORIENTED_EDGE('',*,*,#2160,.F.);
#2320 = ORIENTED_EDGE('',*,*,#2184,.T.);
#2321 = ORIENTED_EDGE('',*,*,#2322,.F.);
#2322 = EDGE_CURVE('',#2309,#2177,#2323,.T.);
#2323 = LINE('',#2324,#2325);
#2324 = CARTESIAN_POINT('',(150.64487834214,-120.5367099249,
    117.66432950771));
#2325 = VECTOR('',#2326,1.);
#2326 = DIRECTION('',(-0.,-3.23E-15,-1.));
#2327 = FACE_BOUND('',#2328,.T.);
#2328 = EDGE_LOOP('',(#2329));
#2329 = ORIENTED_EDGE('',*,*,#2276,.T.);
#2330 = PLANE('',#2331);
#2331 = AXIS2_PLACEMENT_3D('',#2332,#2333,#2334);
#2332 = CARTESIAN_POINT('',(144.74487834214,-120.5367099249,
    117.66432950771));
#2333 = DIRECTION('',(0.,1.,-3.23E-15));
#2334 = DIRECTION('',(1.,-6.783E-31,-2.1E-16));
#2335 = ADVANCED_FACE('',(#2336),#2347,.F.);
#2336 = FACE_BOUND('',#2337,.T.);
#2337 = EDGE_LOOP('',(#2338,#2344,#2345,#2346));
#2338 = ORIENTED_EDGE('',*,*,#2339,.F.);
#2339 = EDGE_CURVE('',#2309,#2013,#2340,.T.);
#2340 = LINE('',#2341,#2342);
#2341 = CARTESIAN_POINT('',(150.64487834214,-124.2281013729,
    117.26432591814));
#2342 = VECTOR('',#2343,1.);
#2343 = DIRECTION('',(-0.,-1.,1.93E-15));
#2344 = ORIENTED_EDGE('',*,*,#2322,.T.);
#2345 = ORIENTED_EDGE('',*,*,#2176,.T.);
#2346 = ORIENTED_EDGE('',*,*,#2022,.F.);
#2347 = PLANE('',#2348);
#2348 = AXIS2_PLACEMENT_3D('',#2349,#2350,#2351);
#2349 = CARTESIAN_POINT('',(150.64487834214,-120.5367099249,
    117.66432950771));
#2350 = DIRECTION('',(1.,-0.,-0.));
#2351 = DIRECTION('',(0.,-1.,1.93E-15));
#2352 = ADVANCED_FACE('',(#2353),#2369,.T.);
#2353 = FACE_BOUND('',#2354,.T.);
#2354 = EDGE_LOOP('',(#2355,#2356,#2362,#2363));
#2355 = ORIENTED_EDGE('',*,*,#2339,.T.);
#2356 = ORIENTED_EDGE('',*,*,#2357,.F.);
#2357 = EDGE_CURVE('',#1148,#2013,#2358,.T.);
#2358 = LINE('',#2359,#2360);
#2359 = CARTESIAN_POINT('',(151.04487834214,-123.7367099249,
    117.66432591814));
#2360 = VECTOR('',#2361,1.);
#2361 = DIRECTION('',(-0.57735026919,0.57735026919,-0.57735026919));
#2362 = ORIENTED_EDGE('',*,*,#1147,.T.);
#2363 = ORIENTED_EDGE('',*,*,#2364,.F.);
#2364 = EDGE_CURVE('',#2309,#1138,#2365,.T.);
#2365 = LINE('',#2366,#2367);
#2366 = CARTESIAN_POINT('',(150.64487834214,-120.5367099249,
    117.26432591814));
#2367 = VECTOR('',#2368,1.);
#2368 = DIRECTION('',(0.57735026919,0.57735026919,0.57735026919));
#2369 = PLANE('',#2370);
#2370 = AXIS2_PLACEMENT_3D('',#2371,#2372,#2373);
#2371 = CARTESIAN_POINT('',(150.84487834214,-124.2281013729,
    117.46432591814));
#2372 = DIRECTION('',(-0.707106781187,1.36E-15,0.707106781187));
#2373 = DIRECTION('',(-0.707106781187,-1.9E-16,-0.707106781187));
#2374 = ADVANCED_FACE('',(#2375),#2386,.T.);
#2375 = FACE_BOUND('',#2376,.T.);
#2376 = EDGE_LOOP('',(#2377,#2378,#2379,#2380));
#2377 = ORIENTED_EDGE('',*,*,#1155,.T.);
#2378 = ORIENTED_EDGE('',*,*,#2357,.T.);
#2379 = ORIENTED_EDGE('',*,*,#2012,.T.);
#2380 = ORIENTED_EDGE('',*,*,#2381,.F.);
#2381 = EDGE_CURVE('',#1156,#2015,#2382,.T.);
#2382 = LINE('',#2383,#2384);
#2383 = CARTESIAN_POINT('',(144.34487834214,-123.7367099249,
    117.66432591814));
#2384 = VECTOR('',#2385,1.);
#2385 = DIRECTION('',(0.57735026919,0.57735026919,-0.57735026919));
#2386 = PLANE('',#2387);
#2387 = AXIS2_PLACEMENT_3D('',#2388,#2389,#2390);
#2388 = CARTESIAN_POINT('',(149.16987834214,-123.5367099249,
    117.46432591814));
#2389 = DIRECTION('',(1.5E-16,0.707106781187,0.707106781187));
#2390 = DIRECTION('',(-1.,1.891066017178E-15,-1.678933982822E-15));
#2391 = ADVANCED_FACE('',(#2392),#2403,.T.);
#2392 = FACE_BOUND('',#2393,.T.);
#2393 = EDGE_LOOP('',(#2394,#2395,#2396,#2397));
#2394 = ORIENTED_EDGE('',*,*,#1163,.T.);
#2395 = ORIENTED_EDGE('',*,*,#2381,.T.);
#2396 = ORIENTED_EDGE('',*,*,#2078,.T.);
#2397 = ORIENTED_EDGE('',*,*,#2398,.F.);
#2398 = EDGE_CURVE('',#1140,#2079,#2399,.T.);
#2399 = LINE('',#2400,#2401);
#2400 = CARTESIAN_POINT('',(144.34487834214,-120.1367099249,
    117.66432591814));
#2401 = VECTOR('',#2402,1.);
#2402 = DIRECTION('',(0.57735026919,-0.57735026919,-0.57735026919));
#2403 = PLANE('',#2404);
#2404 = AXIS2_PLACEMENT_3D('',#2405,#2406,#2407);
#2405 = CARTESIAN_POINT('',(144.54487834214,-125.6281013729,
    117.46432591814));
#2406 = DIRECTION('',(0.707106781187,1.36E-15,0.707106781187));
#2407 = DIRECTION('',(-0.707106781187,2.85E-15,0.707106781187));
#2408 = ADVANCED_FACE('',(#2409),#2415,.T.);
#2409 = FACE_BOUND('',#2410,.T.);
#2410 = EDGE_LOOP('',(#2411,#2412,#2413,#2414));
#2411 = ORIENTED_EDGE('',*,*,#1137,.T.);
#2412 = ORIENTED_EDGE('',*,*,#2398,.T.);
#2413 = ORIENTED_EDGE('',*,*,#2308,.T.);
#2414 = ORIENTED_EDGE('',*,*,#2364,.T.);
#2415 = PLANE('',#2416);
#2416 = AXIS2_PLACEMENT_3D('',#2417,#2418,#2419);
#2417 = CARTESIAN_POINT('',(146.21987834214,-120.3367099249,
    117.46432591814));
#2418 = DIRECTION('',(1.5E-16,-0.707106781187,0.707106781187));
#2419 = DIRECTION('',(-1.,1.883933982822E-15,2.096066017178E-15));
#2420 = ( GEOMETRIC_REPRESENTATION_CONTEXT(3) 
GLOBAL_UNCERTAINTY_ASSIGNED_CONTEXT((#2424)) 
GLOBAL_UNIT_ASSIGNED_CONTEXT((#2421,#2422,#2423)) REPRESENTATION_CONTEXT
('Context #1','3D Context with UNIT and UNCERTAINTY') );
#2421 = ( LENGTH_UNIT() NAMED_UNIT(*) SI_UNIT(.MILLI.,.METRE.) );
#2422 = ( NAMED_UNIT(*) PLANE_ANGLE_UNIT() SI_UNIT($,.RADIAN.) );
#2423 = ( NAMED_UNIT(*) SI_UNIT($,.STERADIAN.) SOLID_ANGLE_UNIT() );
#2424 = UNCERTAINTY_MEASURE_WITH_UNIT(LENGTH_MEASURE(5.E-05),#2421,
  'distance_accuracy_value','confusion accuracy');
#2425 = PRODUCT_RELATED_PRODUCT_CATEGORY('part',$,(#7));
#2426 = MECHANICAL_DESIGN_GEOMETRIC_PRESENTATION_REPRESENTATION('',(
    #2427),#2420);
#2427 = STYLED_ITEM('color',(#2428),#15);
#2428 = PRESENTATION_STYLE_ASSIGNMENT((#2429,#2435));
#2429 = SURFACE_STYLE_USAGE(.BOTH.,#2430);
#2430 = SURFACE_SIDE_STYLE('',(#2431));
#2431 = SURFACE_STYLE_FILL_AREA(#2432);
#2432 = FILL_AREA_STYLE('',(#2433));
#2433 = FILL_AREA_STYLE_COLOUR('',#2434);
#2434 = COLOUR_RGB('',2.74509795662E-02,0.784313732475,
  6.666667149455E-02);
#2435 = CURVE_STYLE('',#2436,POSITIVE_LENGTH_MEASURE(0.1),#2437);
#2436 = DRAUGHTING_PRE_DEFINED_CURVE_FONT('continuous');
#2437 = COLOUR_RGB('',9.803921802644E-02,9.803921802644E-02,
  9.803921802644E-02);
ENDSEC;
END-ISO-10303-21;
