ISO-10303-21;
HEADER;
FILE_DESCRIPTION(('FreeCAD Model'),'2;1');
FILE_NAME('Open CASCADE Shape Model','2026-01-21T16:57:42',(''),(''),
  'Open CASCADE STEP processor 7.8','FreeCAD','Unknown');
FILE_SCHEMA(('AUTOMOTIVE_DESIGN { 1 0 10303 214 1 1 1 1 }'));
ENDSEC;
DATA;
#1 = APPLICATION_PROTOCOL_DEFINITION('international standard',
  'automotive_design',2000,#2);
#2 = APPLICATION_CONTEXT(
  'core data for automotive mechanical design processes');
#3 = SHAPE_DEFINITION_REPRESENTATION(#4,#10);
#4 = PRODUCT_DEFINITION_SHAPE('','',#5);
#5 = PRODUCT_DEFINITION('design','',#6,#9);
#6 = PRODUCT_DEFINITION_FORMATION('','',#7);
#7 = PRODUCT('HoleRoofBridge','HoleRoofBridge','',(#8));
#8 = PRODUCT_CONTEXT('',#2,'mechanical');
#9 = PRODUCT_DEFINITION_CONTEXT('part definition',#2,'design');
#10 = ADVANCED_BREP_SHAPE_REPRESENTATION('',(#11,#15),#3117);
#11 = AXIS2_PLACEMENT_3D('',#12,#13,#14);
#12 = CARTESIAN_POINT('',(0.,0.,0.));
#13 = DIRECTION('',(0.,0.,1.));
#14 = DIRECTION('',(1.,0.,-0.));
#15 = MANIFOLD_SOLID_BREP('',#16);
#16 = CLOSED_SHELL('',(#17,#273,#312,#343,#393,#424,#448,#494,#530,#587,
    #611,#635,#660,#691,#722,#753,#784,#808,#832,#861,#892,#916,#940,
    #971,#995,#1019,#1043,#1156,#1228,#1245,#1317,#1341,#1367,#1385,
    #1409,#1421,#1446,#1471,#1496,#1577,#1595,#1612,#1629,#1646,#1663,
    #1680,#1704,#1716,#1741,#1812,#1883,#1895,#1921,#1938,#1962,#1979,
    #2024,#2041,#2065,#2082,#2103,#2115,#2127,#2139,#2191,#2243,#2336,
    #2348,#2441,#2466,#2491,#2514,#2537,#2560,#2583,#2606,#2629,#2652,
    #2675,#2707,#2746,#2756,#2780,#2812,#2822,#2854,#2893,#2903,#2927,
    #2959,#2969,#2994,#3019,#3032,#3045,#3058,#3071,#3080,#3089,#3103));
#17 = ADVANCED_FACE('',(#18,#180,#224),#268,.T.);
#18 = FACE_BOUND('',#19,.T.);
#19 = EDGE_LOOP('',(#20,#30,#38,#46,#54,#62,#70,#78,#86,#94,#102,#110,
    #118,#126,#134,#142,#150,#158,#166,#174));
#20 = ORIENTED_EDGE('',*,*,#21,.F.);
#21 = EDGE_CURVE('',#22,#24,#26,.T.);
#22 = VERTEX_POINT('',#23);
#23 = CARTESIAN_POINT('',(-29.99904164427,-14.99999999999,
    10.100956022754));
#24 = VERTEX_POINT('',#25);
#25 = CARTESIAN_POINT('',(-29.99904152876,-24.59999999999,
    10.100956022757));
#26 = LINE('',#27,#28);
#27 = CARTESIAN_POINT('',(-29.99904152876,-14.7477230837,10.100956022754
    ));
#28 = VECTOR('',#29,1.);
#29 = DIRECTION('',(-7.255078401828E-21,-1.,1.9097E-13));
#30 = ORIENTED_EDGE('',*,*,#31,.F.);
#31 = EDGE_CURVE('',#32,#22,#34,.T.);
#32 = VERTEX_POINT('',#33);
#33 = CARTESIAN_POINT('',(-29.99903839337,-7.89999999999,10.100956022753
    ));
#34 = LINE('',#35,#36);
#35 = CARTESIAN_POINT('',(-29.99903839337,-7.89999999999,10.100956022753
    ));
#36 = VECTOR('',#37,1.);
#37 = DIRECTION('',(-4.578729022844E-07,-1.,1.548682934631E-13));
#38 = ORIENTED_EDGE('',*,*,#39,.F.);
#39 = EDGE_CURVE('',#40,#32,#42,.T.);
#40 = VERTEX_POINT('',#41);
#41 = CARTESIAN_POINT('',(-29.99904164427,4.900000000009,10.100956022748
    ));
#42 = LINE('',#43,#44);
#43 = CARTESIAN_POINT('',(-29.99904164427,4.900000000009,10.100956022748
    ));
#44 = VECTOR('',#45,1.);
#45 = DIRECTION('',(2.539763827025E-07,-1.,4.218847493576E-13));
#46 = ORIENTED_EDGE('',*,*,#47,.T.);
#47 = EDGE_CURVE('',#40,#48,#50,.T.);
#48 = VERTEX_POINT('',#49);
#49 = CARTESIAN_POINT('',(30.000958355724,4.900000000009,10.100960581628
    ));
#50 = LINE('',#51,#52);
#51 = CARTESIAN_POINT('',(-29.99904164427,4.900000000009,10.100956022748
    ));
#52 = VECTOR('',#53,1.);
#53 = DIRECTION('',(1.,5.166237807922E-15,7.598134056745E-08));
#54 = ORIENTED_EDGE('',*,*,#55,.T.);
#55 = EDGE_CURVE('',#48,#56,#58,.T.);
#56 = VERTEX_POINT('',#57);
#57 = CARTESIAN_POINT('',(30.000957835405,-7.89999999999,10.100960581633
    ));
#58 = LINE('',#59,#60);
#59 = CARTESIAN_POINT('',(30.000957315086,-2.39999999999,10.100960581633
    ));
#60 = VECTOR('',#61,1.);
#61 = DIRECTION('',(5.409999999997E-15,-1.,1.909700004111E-13));
#62 = ORIENTED_EDGE('',*,*,#63,.F.);
#63 = EDGE_CURVE('',#64,#56,#66,.T.);
#64 = VERTEX_POINT('',#65);
#65 = CARTESIAN_POINT('',(30.000958355724,-14.99999999999,
    10.100960581632));
#66 = LINE('',#67,#68);
#67 = CARTESIAN_POINT('',(30.000958355724,-14.99999999999,
    10.100960581632));
#68 = VECTOR('',#69,1.);
#69 = DIRECTION('',(-7.328438000412E-08,1.,9.857529503143E-14));
#70 = ORIENTED_EDGE('',*,*,#71,.F.);
#71 = EDGE_CURVE('',#72,#64,#74,.T.);
#72 = VERTEX_POINT('',#73);
#73 = CARTESIAN_POINT('',(30.000958337236,-24.59999999999,
    10.100960581637));
#74 = LINE('',#75,#76);
#75 = CARTESIAN_POINT('',(30.000958337236,-24.99999999999,
    10.100960581637));
#76 = VECTOR('',#77,1.);
#77 = DIRECTION('',(7.255078401828E-21,1.,-1.9097E-13));
#78 = ORIENTED_EDGE('',*,*,#79,.F.);
#79 = EDGE_CURVE('',#80,#72,#82,.T.);
#80 = VERTEX_POINT('',#81);
#81 = CARTESIAN_POINT('',(28.66229198975,-24.59999999999,10.10096047992)
  );
#82 = LINE('',#83,#84);
#83 = CARTESIAN_POINT('',(28.66229198975,-24.59999999999,10.100960479923
    ));
#84 = VECTOR('',#85,1.);
#85 = DIRECTION('',(1.,7.255078401828E-21,7.598134159112E-08));
#86 = ORIENTED_EDGE('',*,*,#87,.F.);
#87 = EDGE_CURVE('',#88,#80,#90,.T.);
#88 = VERTEX_POINT('',#89);
#89 = CARTESIAN_POINT('',(28.66229198975,-15.1477230837,10.100960479919)
  );
#90 = LINE('',#91,#92);
#91 = CARTESIAN_POINT('',(28.66229198975,-14.7477230837,10.100960479919)
  );
#92 = VECTOR('',#93,1.);
#93 = DIRECTION('',(0.,-1.,1.910138713868E-13));
#94 = ORIENTED_EDGE('',*,*,#95,.F.);
#95 = EDGE_CURVE('',#96,#88,#98,.T.);
#96 = VERTEX_POINT('',#97);
#97 = CARTESIAN_POINT('',(28.26229198975,-14.7477230837,10.100960449526)
  );
#98 = LINE('',#99,#100);
#99 = CARTESIAN_POINT('',(20.122527931756,-6.607959025709,
    10.100959831055));
#100 = VECTOR('',#101,1.);
#101 = DIRECTION('',(0.707106781187,-0.707106781187,5.372712001002E-08)
  );
#102 = ORIENTED_EDGE('',*,*,#103,.F.);
#103 = EDGE_CURVE('',#104,#96,#106,.T.);
#104 = VERTEX_POINT('',#105);
#105 = CARTESIAN_POINT('',(18.81229198975,-14.7477230837,10.100959731503
    ));
#106 = LINE('',#107,#108);
#107 = CARTESIAN_POINT('',(18.41229198975,-14.7477230837,10.10095970111)
  );
#108 = VECTOR('',#109,1.);
#109 = DIRECTION('',(1.,1.451769923824E-20,7.59812956184E-08));
#110 = ORIENTED_EDGE('',*,*,#111,.T.);
#111 = EDGE_CURVE('',#104,#112,#114,.T.);
#112 = VERTEX_POINT('',#113);
#113 = CARTESIAN_POINT('',(18.41229198975,-15.1477230837,10.10095970111)
  );
#114 = LINE('',#115,#116);
#115 = CARTESIAN_POINT('',(15.183889394367,-18.37612567908,
    10.100959455814));
#116 = VECTOR('',#117,1.);
#117 = DIRECTION('',(-0.707106781187,-0.707106781187,-5.372671980356E-08
    ));
#118 = ORIENTED_EDGE('',*,*,#119,.T.);
#119 = EDGE_CURVE('',#112,#120,#122,.T.);
#120 = VERTEX_POINT('',#121);
#121 = CARTESIAN_POINT('',(18.41229198975,-24.59999999999,
    10.100959701112));
#122 = LINE('',#123,#124);
#123 = CARTESIAN_POINT('',(18.41229198975,-14.7477230837,10.10095970111)
  );
#124 = VECTOR('',#125,1.);
#125 = DIRECTION('',(0.,-1.,1.910138713868E-13));
#126 = ORIENTED_EDGE('',*,*,#127,.F.);
#127 = EDGE_CURVE('',#128,#120,#130,.T.);
#128 = VERTEX_POINT('',#129);
#129 = CARTESIAN_POINT('',(-18.41037531774,-24.59999999999,
    10.100956903278));
#130 = LINE('',#131,#132);
#131 = CARTESIAN_POINT('',(-18.41037531774,-24.59999999999,
    10.100956903279));
#132 = VECTOR('',#133,1.);
#133 = DIRECTION('',(1.,7.255078401828E-21,7.598134159112E-08));
#134 = ORIENTED_EDGE('',*,*,#135,.F.);
#135 = EDGE_CURVE('',#136,#128,#138,.T.);
#136 = VERTEX_POINT('',#137);
#137 = CARTESIAN_POINT('',(-18.41037531774,-15.1477230837,
    10.100956903276));
#138 = LINE('',#139,#140);
#139 = CARTESIAN_POINT('',(-18.41037531774,-14.7477230837,
    10.100956903276));
#140 = VECTOR('',#141,1.);
#141 = DIRECTION('',(0.,-1.,1.910138713868E-13));
#142 = ORIENTED_EDGE('',*,*,#143,.T.);
#143 = EDGE_CURVE('',#136,#144,#146,.T.);
#144 = VERTEX_POINT('',#145);
#145 = CARTESIAN_POINT('',(-18.81037531774,-14.7477230837,
    10.100956872884));
#146 = LINE('',#147,#148);
#147 = CARTESIAN_POINT('',(-15.18197263368,-18.37612576776,
    10.100957148576));
#148 = VECTOR('',#149,1.);
#149 = DIRECTION('',(-0.707106781187,0.707106781187,-5.372712001002E-08)
  );
#150 = ORIENTED_EDGE('',*,*,#151,.F.);
#151 = EDGE_CURVE('',#152,#144,#154,.T.);
#152 = VERTEX_POINT('',#153);
#153 = CARTESIAN_POINT('',(-28.26037531775,-14.7477230837,
    10.100956154861));
#154 = LINE('',#155,#156);
#155 = CARTESIAN_POINT('',(-28.66037531775,-14.7477230837,
    10.100956124468));
#156 = VECTOR('',#157,1.);
#157 = DIRECTION('',(1.,1.451769920512E-20,7.598129544505E-08));
#158 = ORIENTED_EDGE('',*,*,#159,.F.);
#159 = EDGE_CURVE('',#160,#152,#162,.T.);
#160 = VERTEX_POINT('',#161);
#161 = CARTESIAN_POINT('',(-28.66037531775,-15.1477230837,
    10.100956124468));
#162 = LINE('',#163,#164);
#163 = CARTESIAN_POINT('',(-20.12061100144,-6.607958767395,
    10.100956773328));
#164 = VECTOR('',#165,1.);
#165 = DIRECTION('',(0.707106781187,0.707106781187,5.372671980356E-08));
#166 = ORIENTED_EDGE('',*,*,#167,.T.);
#167 = EDGE_CURVE('',#160,#168,#170,.T.);
#168 = VERTEX_POINT('',#169);
#169 = CARTESIAN_POINT('',(-28.66037531775,-24.59999999999,
    10.10095612447));
#170 = LINE('',#171,#172);
#171 = CARTESIAN_POINT('',(-28.66037531775,-14.7477230837,
    10.100956124468));
#172 = VECTOR('',#173,1.);
#173 = DIRECTION('',(0.,-1.,1.910138713868E-13));
#174 = ORIENTED_EDGE('',*,*,#175,.F.);
#175 = EDGE_CURVE('',#24,#168,#176,.T.);
#176 = LINE('',#177,#178);
#177 = CARTESIAN_POINT('',(-29.99904152876,-24.59999999999,
    10.100956022757));
#178 = VECTOR('',#179,1.);
#179 = DIRECTION('',(1.,7.255078401828E-21,7.598134159112E-08));
#180 = FACE_BOUND('',#181,.T.);
#181 = EDGE_LOOP('',(#182,#193,#202,#210,#218));
#182 = ORIENTED_EDGE('',*,*,#183,.F.);
#183 = EDGE_CURVE('',#184,#186,#188,.T.);
#184 = VERTEX_POINT('',#185);
#185 = CARTESIAN_POINT('',(11.025,-10.04999999999,10.100959139814));
#186 = VERTEX_POINT('',#187);
#187 = CARTESIAN_POINT('',(6.501167029856,-8.176167029854,
    10.100958938463));
#188 = CIRCLE('',#189,2.65);
#189 = AXIS2_PLACEMENT_3D('',#190,#191,#192);
#190 = CARTESIAN_POINT('',(8.375,-10.04999999999,10.100958938463));
#191 = DIRECTION('',(5.191115123126E-15,-1.924E-13,-1.));
#192 = DIRECTION('',(1.,0.,5.191115123126E-15));
#193 = ORIENTED_EDGE('',*,*,#194,.F.);
#194 = EDGE_CURVE('',#195,#184,#197,.T.);
#195 = VERTEX_POINT('',#196);
#196 = CARTESIAN_POINT('',(10.248832970144,-8.176167029854,
    10.100958938463));
#197 = CIRCLE('',#198,2.65);
#198 = AXIS2_PLACEMENT_3D('',#199,#200,#201);
#199 = CARTESIAN_POINT('',(8.375,-10.04999999999,10.100958938463));
#200 = DIRECTION('',(5.191115123126E-15,-1.924E-13,-1.));
#201 = DIRECTION('',(1.,0.,5.191115123126E-15));
#202 = ORIENTED_EDGE('',*,*,#203,.T.);
#203 = EDGE_CURVE('',#195,#204,#206,.T.);
#204 = VERTEX_POINT('',#205);
#205 = CARTESIAN_POINT('',(9.272665940289,-7.199999999998,
    10.100959006669));
#206 = LINE('',#207,#208);
#207 = CARTESIAN_POINT('',(7.667239386925,-5.594573446634,
    10.100958884686));
#208 = VECTOR('',#209,1.);
#209 = DIRECTION('',(-0.707106781187,0.707106781187,-5.372712001002E-08)
  );
#210 = ORIENTED_EDGE('',*,*,#211,.T.);
#211 = EDGE_CURVE('',#204,#212,#214,.T.);
#212 = VERTEX_POINT('',#213);
#213 = CARTESIAN_POINT('',(7.477334059711,-7.199999999998,
    10.100958870257));
#214 = LINE('',#215,#216);
#215 = CARTESIAN_POINT('',(3.739146898845,-7.199999999998,
    10.100958586224));
#216 = VECTOR('',#217,1.);
#217 = DIRECTION('',(-1.,-1.46188090851E-20,-7.598133879672E-08));
#218 = ORIENTED_EDGE('',*,*,#219,.T.);
#219 = EDGE_CURVE('',#212,#186,#220,.T.);
#220 = LINE('',#221,#222);
#221 = CARTESIAN_POINT('',(4.407656967137,-10.26967709257,10.10095863702
    ));
#222 = VECTOR('',#223,1.);
#223 = DIRECTION('',(-0.707106781187,-0.707106781187,-5.372671980356E-08
    ));
#224 = FACE_BOUND('',#225,.T.);
#225 = EDGE_LOOP('',(#226,#237,#246,#254,#262));
#226 = ORIENTED_EDGE('',*,*,#227,.F.);
#227 = EDGE_CURVE('',#228,#230,#232,.T.);
#228 = VERTEX_POINT('',#229);
#229 = CARTESIAN_POINT('',(-5.725,-10.04999999999,10.100957867127));
#230 = VERTEX_POINT('',#231);
#231 = CARTESIAN_POINT('',(-10.24883297014,-8.176167029854,
    10.100957665776));
#232 = CIRCLE('',#233,2.65);
#233 = AXIS2_PLACEMENT_3D('',#234,#235,#236);
#234 = CARTESIAN_POINT('',(-8.375,-10.04999999999,10.100957665776));
#235 = DIRECTION('',(5.191115123126E-15,-1.924E-13,-1.));
#236 = DIRECTION('',(1.,0.,5.191115123126E-15));
#237 = ORIENTED_EDGE('',*,*,#238,.F.);
#238 = EDGE_CURVE('',#239,#228,#241,.T.);
#239 = VERTEX_POINT('',#240);
#240 = CARTESIAN_POINT('',(-6.501167029856,-8.176167029854,
    10.100957665776));
#241 = CIRCLE('',#242,2.65);
#242 = AXIS2_PLACEMENT_3D('',#243,#244,#245);
#243 = CARTESIAN_POINT('',(-8.375,-10.04999999999,10.100957665776));
#244 = DIRECTION('',(5.191115123126E-15,-1.924E-13,-1.));
#245 = DIRECTION('',(1.,0.,5.191115123126E-15));
#246 = ORIENTED_EDGE('',*,*,#247,.T.);
#247 = EDGE_CURVE('',#239,#248,#250,.T.);
#248 = VERTEX_POINT('',#249);
#249 = CARTESIAN_POINT('',(-7.477334059709,-7.199999999998,
    10.100957733981));
#250 = LINE('',#251,#252);
#251 = CARTESIAN_POINT('',(-4.895260613078,-9.782073446635,
    10.100957930171));
#252 = VECTOR('',#253,1.);
#253 = DIRECTION('',(-0.707106781186,0.707106781187,-5.372712000996E-08)
  );
#254 = ORIENTED_EDGE('',*,*,#255,.T.);
#255 = EDGE_CURVE('',#248,#256,#258,.T.);
#256 = VERTEX_POINT('',#257);
#257 = CARTESIAN_POINT('',(-9.272665940291,-7.199999999998,
    10.100957597569));
#258 = LINE('',#259,#260);
#259 = CARTESIAN_POINT('',(-4.635853101156,-7.199999999998,
    10.100957949881));
#260 = VECTOR('',#261,1.);
#261 = DIRECTION('',(-1.,-1.46188090851E-20,-7.598133879672E-08));
#262 = ORIENTED_EDGE('',*,*,#263,.T.);
#263 = EDGE_CURVE('',#256,#230,#264,.T.);
#264 = LINE('',#265,#266);
#265 = CARTESIAN_POINT('',(-8.154843032869,-6.082177092574,
    10.100957682503));
#266 = VECTOR('',#267,1.);
#267 = DIRECTION('',(-0.707106781186,-0.707106781187,-5.37267198035E-08)
  );
#268 = PLANE('',#269);
#269 = AXIS2_PLACEMENT_3D('',#270,#271,#272);
#270 = CARTESIAN_POINT('',(9.585133692512E-04,-10.04999998885,
    10.100958302193));
#271 = DIRECTION('',(7.598133879672E-08,-2.829887001843E-13,-1.));
#272 = DIRECTION('',(-1.,0.,-7.598133879672E-08));
#273 = ADVANCED_FACE('',(#274),#307,.F.);
#274 = FACE_BOUND('',#275,.F.);
#275 = EDGE_LOOP('',(#276,#277,#285,#293,#301));
#276 = ORIENTED_EDGE('',*,*,#21,.F.);
#277 = ORIENTED_EDGE('',*,*,#278,.T.);
#278 = EDGE_CURVE('',#22,#279,#281,.T.);
#279 = VERTEX_POINT('',#280);
#280 = CARTESIAN_POINT('',(-29.99904164427,-14.99999999999,
    24.218201956878));
#281 = LINE('',#282,#283);
#282 = CARTESIAN_POINT('',(-29.99904164427,-14.99999999997,
    95.050958276093));
#283 = VECTOR('',#284,1.);
#284 = DIRECTION('',(-1.774111512313E-14,1.9087E-13,1.));
#285 = ORIENTED_EDGE('',*,*,#286,.F.);
#286 = EDGE_CURVE('',#287,#279,#289,.T.);
#287 = VERTEX_POINT('',#288);
#288 = CARTESIAN_POINT('',(-29.99904262058,-14.7477230837,
    24.470478873164));
#289 = LINE('',#290,#291);
#290 = CARTESIAN_POINT('',(-29.99904164427,5.70818908668,44.926391043536
    ));
#291 = VECTOR('',#292,1.);
#292 = DIRECTION('',(1.639523114671E-14,-0.707106781187,-0.707106781186)
  );
#293 = ORIENTED_EDGE('',*,*,#294,.F.);
#294 = EDGE_CURVE('',#295,#287,#297,.T.);
#295 = VERTEX_POINT('',#296);
#296 = CARTESIAN_POINT('',(-29.99904262058,-24.59999999999,
    24.470478873166));
#297 = LINE('',#298,#299);
#298 = CARTESIAN_POINT('',(-29.99904262058,-9.873868238011,
    24.470478873163));
#299 = VECTOR('',#300,1.);
#300 = DIRECTION('',(7.255078401828E-21,1.,-1.9097E-13));
#301 = ORIENTED_EDGE('',*,*,#302,.F.);
#302 = EDGE_CURVE('',#24,#295,#303,.T.);
#303 = LINE('',#304,#305);
#304 = CARTESIAN_POINT('',(-29.99904152876,-24.59999999999,
    10.100956022756));
#305 = VECTOR('',#306,1.);
#306 = DIRECTION('',(-7.598134159112E-08,1.9097E-13,1.));
#307 = PLANE('',#308);
#308 = AXIS2_PLACEMENT_3D('',#309,#310,#311);
#309 = CARTESIAN_POINT('',(-29.99904152876,-14.7477230837,
    10.100956022754));
#310 = DIRECTION('',(1.,7.255078401828E-21,7.598134159112E-08));
#311 = DIRECTION('',(-7.255078401828E-21,-1.,1.9097E-13));
#312 = ADVANCED_FACE('',(#313),#338,.F.);
#313 = FACE_BOUND('',#314,.T.);
#314 = EDGE_LOOP('',(#315,#323,#324,#332));
#315 = ORIENTED_EDGE('',*,*,#316,.F.);
#316 = EDGE_CURVE('',#24,#317,#319,.T.);
#317 = VERTEX_POINT('',#318);
#318 = CARTESIAN_POINT('',(-29.59904155915,-24.99999999999,
    10.500956053149));
#319 = LINE('',#320,#321);
#320 = CARTESIAN_POINT('',(-29.86570820556,-24.73333333332,
    10.234289366221));
#321 = VECTOR('',#322,1.);
#322 = DIRECTION('',(0.577350225322,-0.577350269189,0.577350313058));
#323 = ORIENTED_EDGE('',*,*,#175,.T.);
#324 = ORIENTED_EDGE('',*,*,#325,.F.);
#325 = EDGE_CURVE('',#326,#168,#328,.T.);
#326 = VERTEX_POINT('',#327);
#327 = CARTESIAN_POINT('',(-29.06037531775,-24.99999999999,
    10.500956094078));
#328 = LINE('',#329,#330);
#329 = CARTESIAN_POINT('',(-29.01681968735,-24.9564443696,
    10.457400466992));
#330 = VECTOR('',#331,1.);
#331 = DIRECTION('',(0.577350283812,0.577350283812,-0.577350239945));
#332 = ORIENTED_EDGE('',*,*,#333,.F.);
#333 = EDGE_CURVE('',#317,#326,#334,.T.);
#334 = LINE('',#335,#336);
#335 = CARTESIAN_POINT('',(-29.99904155915,-24.99999999999,
    10.500956022757));
#336 = VECTOR('',#337,1.);
#337 = DIRECTION('',(1.,7.255078401828E-21,7.598134159112E-08));
#338 = PLANE('',#339);
#339 = AXIS2_PLACEMENT_3D('',#340,#341,#342);
#340 = CARTESIAN_POINT('',(-29.99904154396,-24.79999999999,
    10.300956022757));
#341 = DIRECTION('',(-5.372691986945E-08,0.707106781187,0.707106781186)
  );
#342 = DIRECTION('',(-1.,1.423591009537E-15,-7.598134016752E-08));
#343 = ADVANCED_FACE('',(#344),#388,.T.);
#344 = FACE_BOUND('',#345,.T.);
#345 = EDGE_LOOP('',(#346,#356,#364,#372,#378,#379,#380,#381,#382));
#346 = ORIENTED_EDGE('',*,*,#347,.F.);
#347 = EDGE_CURVE('',#348,#350,#352,.T.);
#348 = VERTEX_POINT('',#349);
#349 = CARTESIAN_POINT('',(-29.99904164427,-3.20000000002,
    26.218201956876));
#350 = VERTEX_POINT('',#351);
#351 = CARTESIAN_POINT('',(-29.99904164427,-12.99999999998,
    26.218201956878));
#352 = LINE('',#353,#354);
#353 = CARTESIAN_POINT('',(-29.99904164427,-3.20000000002,
    26.218201956876));
#354 = VECTOR('',#355,1.);
#355 = DIRECTION('',(0.,-1.,1.83798554608E-13));
#356 = ORIENTED_EDGE('',*,*,#357,.F.);
#357 = EDGE_CURVE('',#358,#348,#360,.T.);
#358 = VERTEX_POINT('',#359);
#359 = CARTESIAN_POINT('',(-29.99904164427,-3.200000000022,
    16.900958355718));
#360 = LINE('',#361,#362);
#361 = CARTESIAN_POINT('',(-29.99904164427,-3.200000000007,
    95.050951107638));
#362 = VECTOR('',#363,1.);
#363 = DIRECTION('',(-1.774111512313E-14,1.9096E-13,1.));
#364 = ORIENTED_EDGE('',*,*,#365,.T.);
#365 = EDGE_CURVE('',#358,#366,#368,.T.);
#366 = VERTEX_POINT('',#367);
#367 = CARTESIAN_POINT('',(-29.99904164427,4.90000000001,16.900958355714
    ));
#368 = LINE('',#369,#370);
#369 = CARTESIAN_POINT('',(-29.99904164427,-3.200000000022,
    16.900958355718));
#370 = VECTOR('',#371,1.);
#371 = DIRECTION('',(0.,1.,-5.307140186829E-13));
#372 = ORIENTED_EDGE('',*,*,#373,.T.);
#373 = EDGE_CURVE('',#366,#40,#374,.T.);
#374 = LINE('',#375,#376);
#375 = CARTESIAN_POINT('',(-29.99904164427,4.900000000017,
    54.075958276086));
#376 = VECTOR('',#377,1.);
#377 = DIRECTION('',(1.774111512313E-14,-1.9046E-13,-1.));
#378 = ORIENTED_EDGE('',*,*,#39,.T.);
#379 = ORIENTED_EDGE('',*,*,#31,.T.);
#380 = ORIENTED_EDGE('',*,*,#278,.T.);
#381 = ORIENTED_EDGE('',*,*,#286,.F.);
#382 = ORIENTED_EDGE('',*,*,#383,.F.);
#383 = EDGE_CURVE('',#350,#287,#384,.T.);
#384 = LINE('',#385,#386);
#385 = CARTESIAN_POINT('',(-29.99904164427,5.70818908668,44.926391043536
    ));
#386 = VECTOR('',#387,1.);
#387 = DIRECTION('',(1.639523114671E-14,-0.707106781187,-0.707106781186)
  );
#388 = PLANE('',#389);
#389 = AXIS2_PLACEMENT_3D('',#390,#391,#392);
#390 = CARTESIAN_POINT('',(-29.99904118781,-5.93881599616,
    16.949646269105));
#391 = DIRECTION('',(-1.,-2.84726190198E-08,-7.438450146991E-08));
#392 = DIRECTION('',(7.438450146991E-08,0.,-1.));
#393 = ADVANCED_FACE('',(#394),#419,.T.);
#394 = FACE_BOUND('',#395,.T.);
#395 = EDGE_LOOP('',(#396,#397,#405,#413));
#396 = ORIENTED_EDGE('',*,*,#167,.F.);
#397 = ORIENTED_EDGE('',*,*,#398,.F.);
#398 = EDGE_CURVE('',#399,#160,#401,.T.);
#399 = VERTEX_POINT('',#400);
#400 = CARTESIAN_POINT('',(-28.66037531774,-15.1477230837,
    14.565958355713));
#401 = LINE('',#402,#403);
#402 = CARTESIAN_POINT('',(-28.66037531775,-15.1477230837,
    14.565958355713));
#403 = VECTOR('',#404,1.);
#404 = DIRECTION('',(0.,-1.91069382538E-13,-1.));
#405 = ORIENTED_EDGE('',*,*,#406,.T.);
#406 = EDGE_CURVE('',#399,#407,#409,.T.);
#407 = VERTEX_POINT('',#408);
#408 = CARTESIAN_POINT('',(-28.66037531775,-24.59999999999,
    14.565958355715));
#409 = LINE('',#410,#411);
#410 = CARTESIAN_POINT('',(-28.66037531775,-14.7477230837,
    14.565958355713));
#411 = VECTOR('',#412,1.);
#412 = DIRECTION('',(0.,-1.,1.910138713868E-13));
#413 = ORIENTED_EDGE('',*,*,#414,.F.);
#414 = EDGE_CURVE('',#168,#407,#415,.T.);
#415 = LINE('',#416,#417);
#416 = CARTESIAN_POINT('',(-28.66037531775,-24.59999999999,
    10.10095612447));
#417 = VECTOR('',#418,1.);
#418 = DIRECTION('',(0.,1.9097E-13,1.));
#419 = PLANE('',#420);
#420 = AXIS2_PLACEMENT_3D('',#421,#422,#423);
#421 = CARTESIAN_POINT('',(-28.66037531775,-14.7477230837,
    14.565958355713));
#422 = DIRECTION('',(1.,0.,0.));
#423 = DIRECTION('',(0.,-1.91069382538E-13,-1.));
#424 = ADVANCED_FACE('',(#425),#443,.T.);
#425 = FACE_BOUND('',#426,.T.);
#426 = EDGE_LOOP('',(#427,#435,#436,#437));
#427 = ORIENTED_EDGE('',*,*,#428,.F.);
#428 = EDGE_CURVE('',#399,#429,#431,.T.);
#429 = VERTEX_POINT('',#430);
#430 = CARTESIAN_POINT('',(-28.26037531774,-14.7477230837,
    14.565958355713));
#431 = LINE('',#432,#433);
#432 = CARTESIAN_POINT('',(-28.66037531774,-15.1477230837,
    14.565958355713));
#433 = VECTOR('',#434,1.);
#434 = DIRECTION('',(0.707106781187,0.707106781187,7.141455748499E-14));
#435 = ORIENTED_EDGE('',*,*,#398,.T.);
#436 = ORIENTED_EDGE('',*,*,#159,.T.);
#437 = ORIENTED_EDGE('',*,*,#438,.F.);
#438 = EDGE_CURVE('',#429,#152,#439,.T.);
#439 = LINE('',#440,#441);
#440 = CARTESIAN_POINT('',(-28.26037531775,-14.7477230837,
    14.565958355713));
#441 = VECTOR('',#442,1.);
#442 = DIRECTION('',(0.,-1.91069382538E-13,-1.));
#443 = PLANE('',#444);
#444 = AXIS2_PLACEMENT_3D('',#445,#446,#447);
#445 = CARTESIAN_POINT('',(-28.46037531775,-14.9477230837,
    14.565958355713));
#446 = DIRECTION('',(0.707106781187,-0.707106781187,1.352780271498E-13)
  );
#447 = DIRECTION('',(1.213190741649E-16,-1.911907016122E-13,-1.));
#448 = ADVANCED_FACE('',(#449,#467,#478),#489,.F.);
#449 = FACE_BOUND('',#450,.F.);
#450 = EDGE_LOOP('',(#451,#459,#460,#461));
#451 = ORIENTED_EDGE('',*,*,#452,.F.);
#452 = EDGE_CURVE('',#366,#453,#455,.T.);
#453 = VERTEX_POINT('',#454);
#454 = CARTESIAN_POINT('',(30.000958355724,4.90000000001,16.900958355715
    ));
#455 = LINE('',#456,#457);
#456 = CARTESIAN_POINT('',(-29.99904164427,4.90000000001,16.900958355714
    ));
#457 = VECTOR('',#458,1.);
#458 = DIRECTION('',(1.,5.832371622698E-15,1.723066134218E-14));
#459 = ORIENTED_EDGE('',*,*,#373,.T.);
#460 = ORIENTED_EDGE('',*,*,#47,.T.);
#461 = ORIENTED_EDGE('',*,*,#462,.T.);
#462 = EDGE_CURVE('',#48,#453,#463,.T.);
#463 = LINE('',#464,#465);
#464 = CARTESIAN_POINT('',(30.000958355723,4.900000000017,
    54.075958276087));
#465 = VECTOR('',#466,1.);
#466 = DIRECTION('',(-1.775111512313E-14,1.9046E-13,1.));
#467 = FACE_BOUND('',#468,.F.);
#468 = EDGE_LOOP('',(#469));
#469 = ORIENTED_EDGE('',*,*,#470,.T.);
#470 = EDGE_CURVE('',#471,#471,#473,.T.);
#471 = VERTEX_POINT('',#472);
#472 = CARTESIAN_POINT('',(23.537291989746,4.900000000009,
    12.565958355711));
#473 = CIRCLE('',#474,2.);
#474 = AXIS2_PLACEMENT_3D('',#475,#476,#477);
#475 = CARTESIAN_POINT('',(23.537291989746,4.90000000001,14.565958355711
    ));
#476 = DIRECTION('',(-5.799999999999E-15,1.,-1.9046E-13));
#477 = DIRECTION('',(-5.311115123126E-15,1.9046E-13,1.));
#478 = FACE_BOUND('',#479,.F.);
#479 = EDGE_LOOP('',(#480));
#480 = ORIENTED_EDGE('',*,*,#481,.T.);
#481 = EDGE_CURVE('',#482,#482,#484,.T.);
#482 = VERTEX_POINT('',#483);
#483 = CARTESIAN_POINT('',(-23.53537531774,4.900000000009,12.56595835571
    ));
#484 = CIRCLE('',#485,2.);
#485 = AXIS2_PLACEMENT_3D('',#486,#487,#488);
#486 = CARTESIAN_POINT('',(-23.53537531774,4.900000000009,14.56595835571
    ));
#487 = DIRECTION('',(-5.799999999999E-15,1.,-1.9046E-13));
#488 = DIRECTION('',(-5.311115123126E-15,1.9046E-13,1.));
#489 = PLANE('',#490);
#490 = AXIS2_PLACEMENT_3D('',#491,#492,#493);
#491 = CARTESIAN_POINT('',(38.015546285034,4.900000000009,
    13.100958248654));
#492 = DIRECTION('',(5.799999999999E-15,-1.,1.9046E-13));
#493 = DIRECTION('',(5.331115123126E-15,-1.9046E-13,-1.));
#494 = ADVANCED_FACE('',(#495,#514),#525,.F.);
#495 = FACE_BOUND('',#496,.F.);
#496 = EDGE_LOOP('',(#497,#498,#499,#508));
#497 = ORIENTED_EDGE('',*,*,#151,.F.);
#498 = ORIENTED_EDGE('',*,*,#438,.F.);
#499 = ORIENTED_EDGE('',*,*,#500,.F.);
#500 = EDGE_CURVE('',#501,#429,#503,.T.);
#501 = VERTEX_POINT('',#502);
#502 = CARTESIAN_POINT('',(-18.81037531774,-14.7477230837,
    14.565958355714));
#503 = CIRCLE('',#504,4.725);
#504 = AXIS2_PLACEMENT_3D('',#505,#506,#507);
#505 = CARTESIAN_POINT('',(-23.53537531774,-14.7477230837,
    14.565958355714));
#506 = DIRECTION('',(0.,-1.,1.91146956876E-13));
#507 = DIRECTION('',(1.,2.650108910651E-28,1.386424850264E-15));
#508 = ORIENTED_EDGE('',*,*,#509,.F.);
#509 = EDGE_CURVE('',#144,#501,#510,.T.);
#510 = LINE('',#511,#512);
#511 = CARTESIAN_POINT('',(-18.81037531774,-14.7477230837,
    10.100956903276));
#512 = VECTOR('',#513,1.);
#513 = DIRECTION('',(0.,1.91069382538E-13,1.));
#514 = FACE_BOUND('',#515,.F.);
#515 = EDGE_LOOP('',(#516));
#516 = ORIENTED_EDGE('',*,*,#517,.T.);
#517 = EDGE_CURVE('',#518,#518,#520,.T.);
#518 = VERTEX_POINT('',#519);
#519 = CARTESIAN_POINT('',(-23.53537531774,-14.7477230837,
    17.813681439422));
#520 = CIRCLE('',#521,3.247723083708);
#521 = AXIS2_PLACEMENT_3D('',#522,#523,#524);
#522 = CARTESIAN_POINT('',(-23.53537531774,-14.7477230837,
    14.565958355714));
#523 = DIRECTION('',(4.839999999999E-15,-1.,1.8874E-13));
#524 = DIRECTION('',(5.311115123126E-15,-1.8874E-13,-1.));
#525 = PLANE('',#526);
#526 = AXIS2_PLACEMENT_3D('',#527,#528,#529);
#527 = CARTESIAN_POINT('',(9.557843442476E-04,-14.7477230837,
    13.981120301268));
#528 = DIRECTION('',(0.,1.,-1.91146956876E-13));
#529 = DIRECTION('',(0.,1.91146956876E-13,1.));
#530 = ADVANCED_FACE('',(#531),#582,.T.);
#531 = FACE_BOUND('',#532,.T.);
#532 = EDGE_LOOP('',(#533,#543,#551,#559,#565,#566,#567,#568,#576));
#533 = ORIENTED_EDGE('',*,*,#534,.T.);
#534 = EDGE_CURVE('',#535,#537,#539,.T.);
#535 = VERTEX_POINT('',#536);
#536 = CARTESIAN_POINT('',(30.000958355724,-3.20000000002,
    26.218201956876));
#537 = VERTEX_POINT('',#538);
#538 = CARTESIAN_POINT('',(30.000958355724,-12.99999999998,
    26.218201956878));
#539 = LINE('',#540,#541);
#540 = CARTESIAN_POINT('',(30.000958355724,-3.20000000002,
    26.218201956876));
#541 = VECTOR('',#542,1.);
#542 = DIRECTION('',(0.,-1.,1.939491651189E-13));
#543 = ORIENTED_EDGE('',*,*,#544,.F.);
#544 = EDGE_CURVE('',#545,#537,#547,.T.);
#545 = VERTEX_POINT('',#546);
#546 = CARTESIAN_POINT('',(30.000957245421,-14.7477230837,
    24.470478873164));
#547 = LINE('',#548,#549);
#548 = CARTESIAN_POINT('',(30.000957315085,5.708189086681,
    44.926391043536));
#549 = VECTOR('',#550,1.);
#550 = DIRECTION('',(-1.637523114671E-14,0.707106781187,0.707106781186)
  );
#551 = ORIENTED_EDGE('',*,*,#552,.F.);
#552 = EDGE_CURVE('',#553,#545,#555,.T.);
#553 = VERTEX_POINT('',#554);
#554 = CARTESIAN_POINT('',(30.000957315086,-14.99999999997,
    24.218201956879));
#555 = LINE('',#556,#557);
#556 = CARTESIAN_POINT('',(30.000957315085,5.708189086681,
    44.926391043536));
#557 = VECTOR('',#558,1.);
#558 = DIRECTION('',(-1.637523114671E-14,0.707106781187,0.707106781186)
  );
#559 = ORIENTED_EDGE('',*,*,#560,.F.);
#560 = EDGE_CURVE('',#64,#553,#561,.T.);
#561 = LINE('',#562,#563);
#562 = CARTESIAN_POINT('',(30.000957315085,-14.99999999996,
    95.050962423314));
#563 = VECTOR('',#564,1.);
#564 = DIRECTION('',(-1.775111512313E-14,1.9157E-13,1.));
#565 = ORIENTED_EDGE('',*,*,#63,.T.);
#566 = ORIENTED_EDGE('',*,*,#55,.F.);
#567 = ORIENTED_EDGE('',*,*,#462,.T.);
#568 = ORIENTED_EDGE('',*,*,#569,.T.);
#569 = EDGE_CURVE('',#453,#570,#572,.T.);
#570 = VERTEX_POINT('',#571);
#571 = CARTESIAN_POINT('',(30.000958355724,-3.200000000022,
    16.900958355718));
#572 = LINE('',#573,#574);
#573 = CARTESIAN_POINT('',(30.000958355724,4.90000000001,16.900958355715
    ));
#574 = VECTOR('',#575,1.);
#575 = DIRECTION('',(0.,-1.,4.565894987181E-13));
#576 = ORIENTED_EDGE('',*,*,#577,.F.);
#577 = EDGE_CURVE('',#535,#570,#578,.T.);
#578 = LINE('',#579,#580);
#579 = CARTESIAN_POINT('',(30.000958355723,-3.200000000007,
    95.050951107639));
#580 = VECTOR('',#581,1.);
#581 = DIRECTION('',(1.775111512313E-14,-1.9096E-13,-1.));
#582 = PLANE('',#583);
#583 = AXIS2_PLACEMENT_3D('',#584,#585,#586);
#584 = CARTESIAN_POINT('',(30.000957995632,-5.938816110518,
    16.949648430551));
#585 = DIRECTION('',(1.,-4.370586867021E-08,-1.7263867829E-08));
#586 = DIRECTION('',(4.370586867021E-08,1.,9.860761315263E-32));
#587 = ADVANCED_FACE('',(#588),#606,.F.);
#588 = FACE_BOUND('',#589,.T.);
#589 = EDGE_LOOP('',(#590,#591,#599,#605));
#590 = ORIENTED_EDGE('',*,*,#143,.F.);
#591 = ORIENTED_EDGE('',*,*,#592,.T.);
#592 = EDGE_CURVE('',#136,#593,#595,.T.);
#593 = VERTEX_POINT('',#594);
#594 = CARTESIAN_POINT('',(-18.41037531774,-15.1477230837,
    14.565958355714));
#595 = LINE('',#596,#597);
#596 = CARTESIAN_POINT('',(-18.41037531774,-15.1477230837,
    10.100956903276));
#597 = VECTOR('',#598,1.);
#598 = DIRECTION('',(0.,1.91069382538E-13,1.));
#599 = ORIENTED_EDGE('',*,*,#600,.T.);
#600 = EDGE_CURVE('',#593,#501,#601,.T.);
#601 = LINE('',#602,#603);
#602 = CARTESIAN_POINT('',(-18.61037531774,-14.9477230837,
    14.565958355714));
#603 = VECTOR('',#604,1.);
#604 = DIRECTION('',(-0.707106781187,0.707106781187,-1.351064560697E-13)
  );
#605 = ORIENTED_EDGE('',*,*,#509,.F.);
#606 = PLANE('',#607);
#607 = AXIS2_PLACEMENT_3D('',#608,#609,#610);
#608 = CARTESIAN_POINT('',(-18.61037531774,-14.9477230837,
    10.100956903276));
#609 = DIRECTION('',(0.707106781187,0.707106781187,-1.35152927379E-13));
#610 = DIRECTION('',(-3.286017790879E-17,-1.911022427159E-13,-1.));
#611 = ADVANCED_FACE('',(#612),#630,.F.);
#612 = FACE_BOUND('',#613,.F.);
#613 = EDGE_LOOP('',(#614,#615,#616,#624));
#614 = ORIENTED_EDGE('',*,*,#135,.F.);
#615 = ORIENTED_EDGE('',*,*,#592,.T.);
#616 = ORIENTED_EDGE('',*,*,#617,.T.);
#617 = EDGE_CURVE('',#593,#618,#620,.T.);
#618 = VERTEX_POINT('',#619);
#619 = CARTESIAN_POINT('',(-18.41037531774,-24.59999999999,
    14.565958355716));
#620 = LINE('',#621,#622);
#621 = CARTESIAN_POINT('',(-18.41037531774,-14.7477230837,
    14.565958355714));
#622 = VECTOR('',#623,1.);
#623 = DIRECTION('',(0.,-1.,1.910138713868E-13));
#624 = ORIENTED_EDGE('',*,*,#625,.T.);
#625 = EDGE_CURVE('',#618,#128,#626,.T.);
#626 = LINE('',#627,#628);
#627 = CARTESIAN_POINT('',(-18.41037531774,-24.59999999999,
    14.565958355716));
#628 = VECTOR('',#629,1.);
#629 = DIRECTION('',(0.,-1.9097E-13,-1.));
#630 = PLANE('',#631);
#631 = AXIS2_PLACEMENT_3D('',#632,#633,#634);
#632 = CARTESIAN_POINT('',(-18.41037531774,-14.7477230837,
    14.565958355714));
#633 = DIRECTION('',(1.,0.,0.));
#634 = DIRECTION('',(0.,-1.91069382538E-13,-1.));
#635 = ADVANCED_FACE('',(#636),#655,.F.);
#636 = FACE_BOUND('',#637,.F.);
#637 = EDGE_LOOP('',(#638,#639,#647,#653,#654));
#638 = ORIENTED_EDGE('',*,*,#71,.F.);
#639 = ORIENTED_EDGE('',*,*,#640,.T.);
#640 = EDGE_CURVE('',#72,#641,#643,.T.);
#641 = VERTEX_POINT('',#642);
#642 = CARTESIAN_POINT('',(30.000957245421,-24.59999999999,
    24.470478873166));
#643 = LINE('',#644,#645);
#644 = CARTESIAN_POINT('',(30.000958337236,-24.59999999999,
    10.100960581637));
#645 = VECTOR('',#646,1.);
#646 = DIRECTION('',(-7.598134159112E-08,1.9097E-13,1.));
#647 = ORIENTED_EDGE('',*,*,#648,.F.);
#648 = EDGE_CURVE('',#545,#641,#649,.T.);
#649 = LINE('',#650,#651);
#650 = CARTESIAN_POINT('',(30.000957245421,-15.00000669615,
    24.470478873164));
#651 = VECTOR('',#652,1.);
#652 = DIRECTION('',(-7.255078401828E-21,-1.,1.9097E-13));
#653 = ORIENTED_EDGE('',*,*,#552,.F.);
#654 = ORIENTED_EDGE('',*,*,#560,.F.);
#655 = PLANE('',#656);
#656 = AXIS2_PLACEMENT_3D('',#657,#658,#659);
#657 = CARTESIAN_POINT('',(30.000958337236,-24.99999999999,
    10.100960581637));
#658 = DIRECTION('',(-1.,-7.255078401828E-21,-7.598134159112E-08));
#659 = DIRECTION('',(7.255078401828E-21,1.,-1.9097E-13));
#660 = ADVANCED_FACE('',(#661),#686,.F.);
#661 = FACE_BOUND('',#662,.T.);
#662 = EDGE_LOOP('',(#663,#671,#672,#680));
#663 = ORIENTED_EDGE('',*,*,#664,.T.);
#664 = EDGE_CURVE('',#665,#128,#667,.T.);
#665 = VERTEX_POINT('',#666);
#666 = CARTESIAN_POINT('',(-18.01037531774,-24.99999999999,
    10.500956933672));
#667 = LINE('',#668,#669);
#668 = CARTESIAN_POINT('',(-17.53287506358,-25.47750025416,
    10.978457224119));
#669 = VECTOR('',#670,1.);
#670 = DIRECTION('',(-0.577350254567,0.577350254567,-0.577350298435));
#671 = ORIENTED_EDGE('',*,*,#127,.T.);
#672 = ORIENTED_EDGE('',*,*,#673,.F.);
#673 = EDGE_CURVE('',#674,#120,#676,.T.);
#674 = VERTEX_POINT('',#675);
#675 = CARTESIAN_POINT('',(18.01229198975,-24.99999999999,
    10.500959670722));
#676 = LINE('',#677,#678);
#677 = CARTESIAN_POINT('',(12.141847587182,-30.87044440256,
    16.371403627247));
#678 = VECTOR('',#679,1.);
#679 = DIRECTION('',(0.577350283812,0.577350283812,-0.577350239945));
#680 = ORIENTED_EDGE('',*,*,#681,.F.);
#681 = EDGE_CURVE('',#665,#674,#682,.T.);
#682 = LINE('',#683,#684);
#683 = CARTESIAN_POINT('',(-18.41037534814,-24.99999999999,
    10.500956903279));
#684 = VECTOR('',#685,1.);
#685 = DIRECTION('',(1.,7.255078401828E-21,7.598134159112E-08));
#686 = PLANE('',#687);
#687 = AXIS2_PLACEMENT_3D('',#688,#689,#690);
#688 = CARTESIAN_POINT('',(-18.41037533294,-24.79999999999,
    10.300956903279));
#689 = DIRECTION('',(-5.37269199876E-08,0.707106781187,0.707106781186));
#690 = DIRECTION('',(-1.,1.340046495588E-15,-7.598134025106E-08));
#691 = ADVANCED_FACE('',(#692),#717,.F.);
#692 = FACE_BOUND('',#693,.T.);
#693 = EDGE_LOOP('',(#694,#702,#703,#711));
#694 = ORIENTED_EDGE('',*,*,#695,.T.);
#695 = EDGE_CURVE('',#696,#80,#698,.T.);
#696 = VERTEX_POINT('',#697);
#697 = CARTESIAN_POINT('',(29.06229198975,-24.99999999999,
    10.500960510316));
#698 = LINE('',#699,#700);
#699 = CARTESIAN_POINT('',(29.539791647809,-25.47749965805,
    10.978460204656));
#700 = VECTOR('',#701,1.);
#701 = DIRECTION('',(-0.577350254567,0.577350254567,-0.577350298435));
#702 = ORIENTED_EDGE('',*,*,#79,.T.);
#703 = ORIENTED_EDGE('',*,*,#704,.T.);
#704 = EDGE_CURVE('',#72,#705,#707,.T.);
#705 = VERTEX_POINT('',#706);
#706 = CARTESIAN_POINT('',(29.600958306844,-24.99999999999,
    10.500960551244));
#707 = LINE('',#708,#709);
#708 = CARTESIAN_POINT('',(29.644513918905,-24.95644439124,
    10.457404945802));
#709 = VECTOR('',#710,1.);
#710 = DIRECTION('',(-0.577350313057,-0.577350269189,0.577350225322));
#711 = ORIENTED_EDGE('',*,*,#712,.F.);
#712 = EDGE_CURVE('',#696,#705,#713,.T.);
#713 = LINE('',#714,#715);
#714 = CARTESIAN_POINT('',(28.662291959357,-24.99999999999,
    10.500960479923));
#715 = VECTOR('',#716,1.);
#716 = DIRECTION('',(1.,7.255078401828E-21,7.598134159112E-08));
#717 = PLANE('',#718);
#718 = AXIS2_PLACEMENT_3D('',#719,#720,#721);
#719 = CARTESIAN_POINT('',(28.662291974554,-24.79999999999,
    10.300960479923));
#720 = DIRECTION('',(-5.372691986945E-08,0.707106781187,0.707106781186)
  );
#721 = DIRECTION('',(-1.,1.423591009537E-15,-7.598134016752E-08));
#722 = ADVANCED_FACE('',(#723),#748,.T.);
#723 = FACE_BOUND('',#724,.T.);
#724 = EDGE_LOOP('',(#725,#726,#734,#742));
#725 = ORIENTED_EDGE('',*,*,#119,.F.);
#726 = ORIENTED_EDGE('',*,*,#727,.T.);
#727 = EDGE_CURVE('',#112,#728,#730,.T.);
#728 = VERTEX_POINT('',#729);
#729 = CARTESIAN_POINT('',(18.41229198975,-15.1477230837,14.565958355715
    ));
#730 = LINE('',#731,#732);
#731 = CARTESIAN_POINT('',(18.41229198975,-15.1477230837,10.10095970111)
  );
#732 = VECTOR('',#733,1.);
#733 = DIRECTION('',(0.,1.91069382538E-13,1.));
#734 = ORIENTED_EDGE('',*,*,#735,.T.);
#735 = EDGE_CURVE('',#728,#736,#738,.T.);
#736 = VERTEX_POINT('',#737);
#737 = CARTESIAN_POINT('',(18.41229198975,-24.59999999999,
    14.565958355717));
#738 = LINE('',#739,#740);
#739 = CARTESIAN_POINT('',(18.41229198975,-14.7477230837,14.565958355715
    ));
#740 = VECTOR('',#741,1.);
#741 = DIRECTION('',(0.,-1.,1.910138713868E-13));
#742 = ORIENTED_EDGE('',*,*,#743,.F.);
#743 = EDGE_CURVE('',#120,#736,#744,.T.);
#744 = LINE('',#745,#746);
#745 = CARTESIAN_POINT('',(18.41229198975,-24.59999999999,
    10.100959701114));
#746 = VECTOR('',#747,1.);
#747 = DIRECTION('',(0.,1.9097E-13,1.));
#748 = PLANE('',#749);
#749 = AXIS2_PLACEMENT_3D('',#750,#751,#752);
#750 = CARTESIAN_POINT('',(18.41229198975,-14.7477230837,14.565958355715
    ));
#751 = DIRECTION('',(1.,0.,0.));
#752 = DIRECTION('',(0.,-1.91069382538E-13,-1.));
#753 = ADVANCED_FACE('',(#754),#779,.F.);
#754 = FACE_BOUND('',#755,.F.);
#755 = EDGE_LOOP('',(#756,#757,#765,#773));
#756 = ORIENTED_EDGE('',*,*,#87,.F.);
#757 = ORIENTED_EDGE('',*,*,#758,.F.);
#758 = EDGE_CURVE('',#759,#88,#761,.T.);
#759 = VERTEX_POINT('',#760);
#760 = CARTESIAN_POINT('',(28.66229198975,-15.1477230837,14.565958355715
    ));
#761 = LINE('',#762,#763);
#762 = CARTESIAN_POINT('',(28.66229198975,-15.1477230837,14.565958355715
    ));
#763 = VECTOR('',#764,1.);
#764 = DIRECTION('',(0.,-1.91069382538E-13,-1.));
#765 = ORIENTED_EDGE('',*,*,#766,.T.);
#766 = EDGE_CURVE('',#759,#767,#769,.T.);
#767 = VERTEX_POINT('',#768);
#768 = CARTESIAN_POINT('',(28.66229198975,-24.59999999999,
    14.565958355717));
#769 = LINE('',#770,#771);
#770 = CARTESIAN_POINT('',(28.66229198975,-14.7477230837,14.565958355715
    ));
#771 = VECTOR('',#772,1.);
#772 = DIRECTION('',(0.,-1.,1.910138713868E-13));
#773 = ORIENTED_EDGE('',*,*,#774,.T.);
#774 = EDGE_CURVE('',#767,#80,#775,.T.);
#775 = LINE('',#776,#777);
#776 = CARTESIAN_POINT('',(28.66229198975,-24.59999999999,
    14.565958355717));
#777 = VECTOR('',#778,1.);
#778 = DIRECTION('',(0.,-1.9097E-13,-1.));
#779 = PLANE('',#780);
#780 = AXIS2_PLACEMENT_3D('',#781,#782,#783);
#781 = CARTESIAN_POINT('',(28.66229198975,-14.7477230837,14.565958355715
    ));
#782 = DIRECTION('',(1.,0.,0.));
#783 = DIRECTION('',(0.,-1.91069382538E-13,-1.));
#784 = ADVANCED_FACE('',(#785),#803,.T.);
#785 = FACE_BOUND('',#786,.T.);
#786 = EDGE_LOOP('',(#787,#788,#796,#802));
#787 = ORIENTED_EDGE('',*,*,#111,.F.);
#788 = ORIENTED_EDGE('',*,*,#789,.T.);
#789 = EDGE_CURVE('',#104,#790,#792,.T.);
#790 = VERTEX_POINT('',#791);
#791 = CARTESIAN_POINT('',(18.81229198975,-14.7477230837,14.565958355715
    ));
#792 = LINE('',#793,#794);
#793 = CARTESIAN_POINT('',(18.81229198975,-14.7477230837,10.10095970111)
  );
#794 = VECTOR('',#795,1.);
#795 = DIRECTION('',(0.,1.91069382538E-13,1.));
#796 = ORIENTED_EDGE('',*,*,#797,.T.);
#797 = EDGE_CURVE('',#790,#728,#798,.T.);
#798 = LINE('',#799,#800);
#799 = CARTESIAN_POINT('',(18.61229198975,-14.9477230837,14.565958355715
    ));
#800 = VECTOR('',#801,1.);
#801 = DIRECTION('',(-0.707106781187,-0.707106781187,1.351064560697E-13)
  );
#802 = ORIENTED_EDGE('',*,*,#727,.F.);
#803 = PLANE('',#804);
#804 = AXIS2_PLACEMENT_3D('',#805,#806,#807);
#805 = CARTESIAN_POINT('',(18.61229198975,-14.9477230837,10.10095970111)
  );
#806 = DIRECTION('',(0.707106781187,-0.707106781187,1.35152927379E-13));
#807 = DIRECTION('',(-3.28601779088E-17,1.911022427159E-13,1.));
#808 = ADVANCED_FACE('',(#809),#827,.F.);
#809 = FACE_BOUND('',#810,.T.);
#810 = EDGE_LOOP('',(#811,#819,#825,#826));
#811 = ORIENTED_EDGE('',*,*,#812,.F.);
#812 = EDGE_CURVE('',#813,#759,#815,.T.);
#813 = VERTEX_POINT('',#814);
#814 = CARTESIAN_POINT('',(28.26229198975,-14.7477230837,14.565958355715
    ));
#815 = LINE('',#816,#817);
#816 = CARTESIAN_POINT('',(28.66229198975,-15.1477230837,14.565958355715
    ));
#817 = VECTOR('',#818,1.);
#818 = DIRECTION('',(0.707106781187,-0.707106781187,1.742168339416E-13)
  );
#819 = ORIENTED_EDGE('',*,*,#820,.T.);
#820 = EDGE_CURVE('',#813,#96,#821,.T.);
#821 = LINE('',#822,#823);
#822 = CARTESIAN_POINT('',(28.26229198975,-14.7477230837,14.565958355715
    ));
#823 = VECTOR('',#824,1.);
#824 = DIRECTION('',(0.,-1.91069382538E-13,-1.));
#825 = ORIENTED_EDGE('',*,*,#95,.T.);
#826 = ORIENTED_EDGE('',*,*,#758,.F.);
#827 = PLANE('',#828);
#828 = AXIS2_PLACEMENT_3D('',#829,#830,#831);
#829 = CARTESIAN_POINT('',(28.46229198975,-14.9477230837,14.565958355715
    ));
#830 = DIRECTION('',(0.707106781187,0.707106781187,-1.35152927379E-13));
#831 = DIRECTION('',(3.28601779088E-17,1.911022427159E-13,1.));
#832 = ADVANCED_FACE('',(#833,#845),#856,.F.);
#833 = FACE_BOUND('',#834,.F.);
#834 = EDGE_LOOP('',(#835,#836,#837,#844));
#835 = ORIENTED_EDGE('',*,*,#103,.F.);
#836 = ORIENTED_EDGE('',*,*,#789,.T.);
#837 = ORIENTED_EDGE('',*,*,#838,.T.);
#838 = EDGE_CURVE('',#790,#813,#839,.T.);
#839 = CIRCLE('',#840,4.725);
#840 = AXIS2_PLACEMENT_3D('',#841,#842,#843);
#841 = CARTESIAN_POINT('',(23.53729198975,-14.7477230837,14.565958355715
    ));
#842 = DIRECTION('',(0.,1.,-1.91146956876E-13));
#843 = DIRECTION('',(-1.,3.312636138314E-28,1.73303106283E-15));
#844 = ORIENTED_EDGE('',*,*,#820,.T.);
#845 = FACE_BOUND('',#846,.F.);
#846 = EDGE_LOOP('',(#847));
#847 = ORIENTED_EDGE('',*,*,#848,.T.);
#848 = EDGE_CURVE('',#849,#849,#851,.T.);
#849 = VERTEX_POINT('',#850);
#850 = CARTESIAN_POINT('',(23.53729198975,-14.7477230837,17.813681439423
    ));
#851 = CIRCLE('',#852,3.247723083708);
#852 = AXIS2_PLACEMENT_3D('',#853,#854,#855);
#853 = CARTESIAN_POINT('',(23.53729198975,-14.7477230837,14.565958355715
    ));
#854 = DIRECTION('',(4.839999999999E-15,-1.,1.8874E-13));
#855 = DIRECTION('',(5.311115123126E-15,-1.8874E-13,-1.));
#856 = PLANE('',#857);
#857 = AXIS2_PLACEMENT_3D('',#858,#859,#860);
#858 = CARTESIAN_POINT('',(9.557843442476E-04,-14.7477230837,
    13.981120301268));
#859 = DIRECTION('',(0.,1.,-1.91146956876E-13));
#860 = DIRECTION('',(0.,1.91146956876E-13,1.));
#861 = ADVANCED_FACE('',(#862),#887,.T.);
#862 = FACE_BOUND('',#863,.T.);
#863 = EDGE_LOOP('',(#864,#874,#880,#881));
#864 = ORIENTED_EDGE('',*,*,#865,.F.);
#865 = EDGE_CURVE('',#866,#868,#870,.T.);
#866 = VERTEX_POINT('',#867);
#867 = CARTESIAN_POINT('',(6.501167029856,-8.176167029853,
    14.100958938463));
#868 = VERTEX_POINT('',#869);
#869 = CARTESIAN_POINT('',(7.477334059711,-7.199999999997,
    14.100958870257));
#870 = LINE('',#871,#872);
#871 = CARTESIAN_POINT('',(6.657149076869,-8.020184982839,
    14.100958807938));
#872 = VECTOR('',#873,1.);
#873 = DIRECTION('',(0.707106781187,0.707106781187,5.372671991119E-08));
#874 = ORIENTED_EDGE('',*,*,#875,.T.);
#875 = EDGE_CURVE('',#866,#186,#876,.T.);
#876 = LINE('',#877,#878);
#877 = CARTESIAN_POINT('',(6.501167029856,-8.176167029851,
    26.218201956877));
#878 = VECTOR('',#879,1.);
#879 = DIRECTION('',(5.191115123126E-15,-1.924E-13,-1.));
#880 = ORIENTED_EDGE('',*,*,#219,.F.);
#881 = ORIENTED_EDGE('',*,*,#882,.F.);
#882 = EDGE_CURVE('',#868,#212,#883,.T.);
#883 = LINE('',#884,#885);
#884 = CARTESIAN_POINT('',(7.477334059711,-7.199999999995,
    26.218201956877));
#885 = VECTOR('',#886,1.);
#886 = DIRECTION('',(5.191115123126E-15,-1.924E-13,-1.));
#887 = PLANE('',#888);
#888 = AXIS2_PLACEMENT_3D('',#889,#890,#891);
#889 = CARTESIAN_POINT('',(6.501167029856,-8.176167029851,
    26.218201956877));
#890 = DIRECTION('',(0.707106781187,-0.707106781187,1.397180174058E-13)
  );
#891 = DIRECTION('',(0.707106781187,0.707106781187,-1.323766719948E-13)
  );
#892 = ADVANCED_FACE('',(#893),#911,.T.);
#893 = FACE_BOUND('',#894,.T.);
#894 = EDGE_LOOP('',(#895,#903,#904,#905));
#895 = ORIENTED_EDGE('',*,*,#896,.F.);
#896 = EDGE_CURVE('',#868,#897,#899,.T.);
#897 = VERTEX_POINT('',#898);
#898 = CARTESIAN_POINT('',(9.272665940289,-7.199999999997,
    14.100959006669));
#899 = LINE('',#900,#901);
#900 = CARTESIAN_POINT('',(7.982643600256,-7.199999999997,
    14.100958908651));
#901 = VECTOR('',#902,1.);
#902 = DIRECTION('',(1.,1.461880907302E-20,7.598133873389E-08));
#903 = ORIENTED_EDGE('',*,*,#882,.T.);
#904 = ORIENTED_EDGE('',*,*,#211,.F.);
#905 = ORIENTED_EDGE('',*,*,#906,.F.);
#906 = EDGE_CURVE('',#897,#204,#907,.T.);
#907 = LINE('',#908,#909);
#908 = CARTESIAN_POINT('',(9.272665940289,-7.199999999995,
    26.218201956877));
#909 = VECTOR('',#910,1.);
#910 = DIRECTION('',(5.191115123126E-15,-1.924E-13,-1.));
#911 = PLANE('',#912);
#912 = AXIS2_PLACEMENT_3D('',#913,#914,#915);
#913 = CARTESIAN_POINT('',(7.477334059711,-7.199999999995,
    26.218201956877));
#914 = DIRECTION('',(-4.993852748447E-28,-1.,1.924E-13));
#915 = DIRECTION('',(1.,4.993852748447E-28,5.191115123126E-15));
#916 = ADVANCED_FACE('',(#917),#935,.T.);
#917 = FACE_BOUND('',#918,.T.);
#918 = EDGE_LOOP('',(#919,#927,#928,#929));
#919 = ORIENTED_EDGE('',*,*,#920,.F.);
#920 = EDGE_CURVE('',#897,#921,#923,.T.);
#921 = VERTEX_POINT('',#922);
#922 = CARTESIAN_POINT('',(10.248832970144,-8.176167029853,
    14.100958938463));
#923 = LINE('',#924,#925);
#924 = CARTESIAN_POINT('',(9.661243978603,-7.588578038312,
    14.100959036193));
#925 = VECTOR('',#926,1.);
#926 = DIRECTION('',(0.707106781187,-0.707106781187,5.372711981355E-08)
  );
#927 = ORIENTED_EDGE('',*,*,#906,.T.);
#928 = ORIENTED_EDGE('',*,*,#203,.F.);
#929 = ORIENTED_EDGE('',*,*,#930,.F.);
#930 = EDGE_CURVE('',#921,#195,#931,.T.);
#931 = LINE('',#932,#933);
#932 = CARTESIAN_POINT('',(10.248832970144,-8.176167029851,
    26.218201956877));
#933 = VECTOR('',#934,1.);
#934 = DIRECTION('',(5.191115123126E-15,-1.924E-13,-1.));
#935 = PLANE('',#936);
#936 = AXIS2_PLACEMENT_3D('',#937,#938,#939);
#937 = CARTESIAN_POINT('',(9.272665940289,-7.199999999995,
    26.218201956877));
#938 = DIRECTION('',(-0.707106781187,-0.707106781187,1.323766719948E-13)
  );
#939 = DIRECTION('',(0.707106781187,-0.707106781187,1.397180174058E-13)
  );
#940 = ADVANCED_FACE('',(#941),#966,.T.);
#941 = FACE_BOUND('',#942,.T.);
#942 = EDGE_LOOP('',(#943,#953,#959,#960));
#943 = ORIENTED_EDGE('',*,*,#944,.F.);
#944 = EDGE_CURVE('',#945,#947,#949,.T.);
#945 = VERTEX_POINT('',#946);
#946 = CARTESIAN_POINT('',(-10.24883297014,-8.176167029853,
    14.100957665776));
#947 = VERTEX_POINT('',#948);
#948 = CARTESIAN_POINT('',(-9.272665940291,-7.199999999997,
    14.100957597569));
#949 = LINE('',#950,#951);
#950 = CARTESIAN_POINT('',(-10.09499640463,-8.02233046434,
    14.100957535088));
#951 = VECTOR('',#952,1.);
#952 = DIRECTION('',(0.707106781186,0.707106781187,5.372671989506E-08));
#953 = ORIENTED_EDGE('',*,*,#954,.T.);
#954 = EDGE_CURVE('',#945,#230,#955,.T.);
#955 = LINE('',#956,#957);
#956 = CARTESIAN_POINT('',(-10.24883297014,-8.176167029851,
    26.218201956877));
#957 = VECTOR('',#958,1.);
#958 = DIRECTION('',(5.191115123126E-15,-1.924E-13,-1.));
#959 = ORIENTED_EDGE('',*,*,#263,.F.);
#960 = ORIENTED_EDGE('',*,*,#961,.F.);
#961 = EDGE_CURVE('',#947,#256,#962,.T.);
#962 = LINE('',#963,#964);
#963 = CARTESIAN_POINT('',(-9.272665940291,-7.199999999995,
    26.218201956877));
#964 = VECTOR('',#965,1.);
#965 = DIRECTION('',(5.191115123126E-15,-1.924E-13,-1.));
#966 = PLANE('',#967);
#967 = AXIS2_PLACEMENT_3D('',#968,#969,#970);
#968 = CARTESIAN_POINT('',(-10.24883297014,-8.176167029851,
    26.218201956877));
#969 = DIRECTION('',(0.707106781187,-0.707106781186,1.397180174056E-13)
  );
#970 = DIRECTION('',(0.707106781186,0.707106781187,-1.32376671995E-13));
#971 = ADVANCED_FACE('',(#972),#990,.T.);
#972 = FACE_BOUND('',#973,.T.);
#973 = EDGE_LOOP('',(#974,#982,#983,#984));
#974 = ORIENTED_EDGE('',*,*,#975,.F.);
#975 = EDGE_CURVE('',#947,#976,#978,.T.);
#976 = VERTEX_POINT('',#977);
#977 = CARTESIAN_POINT('',(-7.477334059709,-7.199999999997,
    14.100957733981));
#978 = LINE('',#979,#980);
#979 = CARTESIAN_POINT('',(-8.76497726757,-7.199999999997,
    14.100957636144));
#980 = VECTOR('',#981,1.);
#981 = DIRECTION('',(1.,1.461880909207E-20,7.598133883292E-08));
#982 = ORIENTED_EDGE('',*,*,#961,.T.);
#983 = ORIENTED_EDGE('',*,*,#255,.F.);
#984 = ORIENTED_EDGE('',*,*,#985,.F.);
#985 = EDGE_CURVE('',#976,#248,#986,.T.);
#986 = LINE('',#987,#988);
#987 = CARTESIAN_POINT('',(-7.477334059709,-7.199999999995,
    26.218201956877));
#988 = VECTOR('',#989,1.);
#989 = DIRECTION('',(5.191115123126E-15,-1.924E-13,-1.));
#990 = PLANE('',#991);
#991 = AXIS2_PLACEMENT_3D('',#992,#993,#994);
#992 = CARTESIAN_POINT('',(-9.272665940291,-7.199999999995,
    26.218201956877));
#993 = DIRECTION('',(-4.993852748447E-28,-1.,1.924E-13));
#994 = DIRECTION('',(1.,4.993852748447E-28,5.191115123126E-15));
#995 = ADVANCED_FACE('',(#996),#1014,.T.);
#996 = FACE_BOUND('',#997,.T.);
#997 = EDGE_LOOP('',(#998,#1006,#1007,#1008));
#998 = ORIENTED_EDGE('',*,*,#999,.F.);
#999 = EDGE_CURVE('',#976,#1000,#1002,.T.);
#1000 = VERTEX_POINT('',#1001);
#1001 = CARTESIAN_POINT('',(-6.501167029856,-8.176167029853,
    14.100957665776));
#1002 = LINE('',#1003,#1004);
#1003 = CARTESIAN_POINT('',(-7.08423140772,-7.593102651987,
    14.10095776385));
#1004 = VECTOR('',#1005,1.);
#1005 = DIRECTION('',(0.707106781186,-0.707106781187,5.372711996959E-08)
  );
#1006 = ORIENTED_EDGE('',*,*,#985,.T.);
#1007 = ORIENTED_EDGE('',*,*,#247,.F.);
#1008 = ORIENTED_EDGE('',*,*,#1009,.F.);
#1009 = EDGE_CURVE('',#1000,#239,#1010,.T.);
#1010 = LINE('',#1011,#1012);
#1011 = CARTESIAN_POINT('',(-6.501167029856,-8.176167029851,
    26.218201956877));
#1012 = VECTOR('',#1013,1.);
#1013 = DIRECTION('',(5.191115123126E-15,-1.924E-13,-1.));
#1014 = PLANE('',#1015);
#1015 = AXIS2_PLACEMENT_3D('',#1016,#1017,#1018);
#1016 = CARTESIAN_POINT('',(-7.477334059709,-7.199999999995,
    26.218201956877));
#1017 = DIRECTION('',(-0.707106781187,-0.707106781186,1.323766719947E-13
    ));
#1018 = DIRECTION('',(0.707106781186,-0.707106781187,1.397180174059E-13)
  );
#1019 = ADVANCED_FACE('',(#1020),#1038,.T.);
#1020 = FACE_BOUND('',#1021,.F.);
#1021 = EDGE_LOOP('',(#1022,#1023,#1024,#1032));
#1022 = ORIENTED_EDGE('',*,*,#316,.F.);
#1023 = ORIENTED_EDGE('',*,*,#302,.T.);
#1024 = ORIENTED_EDGE('',*,*,#1025,.F.);
#1025 = EDGE_CURVE('',#1026,#295,#1028,.T.);
#1026 = VERTEX_POINT('',#1027);
#1027 = CARTESIAN_POINT('',(-29.59904259018,-24.99999999999,
    24.070478873166));
#1028 = LINE('',#1029,#1030);
#1029 = CARTESIAN_POINT('',(-17.47078757542,-37.12825409323,
    11.942224779926));
#1030 = VECTOR('',#1031,1.);
#1031 = DIRECTION('',(-0.577350298435,0.577350254567,0.577350254567));
#1032 = ORIENTED_EDGE('',*,*,#1033,.F.);
#1033 = EDGE_CURVE('',#317,#1026,#1034,.T.);
#1034 = LINE('',#1035,#1036);
#1035 = CARTESIAN_POINT('',(-29.59904152876,-24.99999999999,
    10.100956053149));
#1036 = VECTOR('',#1037,1.);
#1037 = DIRECTION('',(-7.598134159112E-08,1.9097E-13,1.));
#1038 = PLANE('',#1039);
#1039 = AXIS2_PLACEMENT_3D('',#1040,#1041,#1042);
#1040 = CARTESIAN_POINT('',(-29.79904152876,-24.79999999999,
    10.100956037953));
#1041 = DIRECTION('',(-0.707106781187,-0.707106781187,
    -5.372678683974E-08));
#1042 = DIRECTION('',(7.59813415863E-08,-1.90974811144E-13,-1.));
#1043 = ADVANCED_FACE('',(#1044),#1151,.T.);
#1044 = FACE_BOUND('',#1045,.T.);
#1045 = EDGE_LOOP('',(#1046,#1047,#1053,#1054,#1062,#1071,#1079,#1087,
    #1095,#1103,#1111,#1119,#1127,#1136,#1145));
#1046 = ORIENTED_EDGE('',*,*,#294,.F.);
#1047 = ORIENTED_EDGE('',*,*,#1048,.F.);
#1048 = EDGE_CURVE('',#641,#295,#1049,.T.);
#1049 = LINE('',#1050,#1051);
#1050 = CARTESIAN_POINT('',(30.000957245421,-24.59999999999,
    24.470478873166));
#1051 = VECTOR('',#1052,1.);
#1052 = DIRECTION('',(-1.,7.255075961018E-21,-1.278111512313E-14));
#1053 = ORIENTED_EDGE('',*,*,#648,.F.);
#1054 = ORIENTED_EDGE('',*,*,#1055,.F.);
#1055 = EDGE_CURVE('',#1056,#545,#1058,.T.);
#1056 = VERTEX_POINT('',#1057);
#1057 = CARTESIAN_POINT('',(10.485425982789,-14.7477230837,
    24.470478873164));
#1058 = LINE('',#1059,#1060);
#1059 = CARTESIAN_POINT('',(-3.301747688865,-14.7477230837,
    24.470478873164));
#1060 = VECTOR('',#1061,1.);
#1061 = DIRECTION('',(1.,-7.255075961018E-21,1.278111512313E-14));
#1062 = ORIENTED_EDGE('',*,*,#1063,.F.);
#1063 = EDGE_CURVE('',#1064,#1056,#1066,.T.);
#1064 = VERTEX_POINT('',#1065);
#1065 = CARTESIAN_POINT('',(4.647642817255,-6.496226170354,
    24.470478873163));
#1066 = CIRCLE('',#1067,5.15);
#1067 = AXIS2_PLACEMENT_3D('',#1068,#1069,#1070);
#1068 = CARTESIAN_POINT('',(8.375,-10.04999999999,24.470478873163));
#1069 = DIRECTION('',(-5.191115123126E-15,1.924E-13,1.));
#1070 = DIRECTION('',(1.,4.993852748447E-28,5.191115123126E-15));
#1071 = ORIENTED_EDGE('',*,*,#1072,.T.);
#1072 = EDGE_CURVE('',#1064,#1073,#1075,.T.);
#1073 = VERTEX_POINT('',#1074);
#1074 = CARTESIAN_POINT('',(6.550904558606,-4.499999999995,
    24.470478873162));
#1075 = LINE('',#1076,#1077);
#1076 = CARTESIAN_POINT('',(0.901100670763,-10.42576739881,
    24.470478873163));
#1077 = VECTOR('',#1078,1.);
#1078 = DIRECTION('',(0.690053170804,0.723758676261,-1.294722039422E-13)
  );
#1079 = ORIENTED_EDGE('',*,*,#1080,.F.);
#1080 = EDGE_CURVE('',#1081,#1073,#1083,.T.);
#1081 = VERTEX_POINT('',#1082);
#1082 = CARTESIAN_POINT('',(8.197291576853,-4.499999999995,
    24.470478873162));
#1083 = LINE('',#1084,#1085);
#1084 = CARTESIAN_POINT('',(5.100026452729,-4.499999999995,
    24.470478873162));
#1085 = VECTOR('',#1086,1.);
#1086 = DIRECTION('',(-1.,-1.960347512507E-27,-1.278447394673E-14));
#1087 = ORIENTED_EDGE('',*,*,#1088,.F.);
#1088 = EDGE_CURVE('',#1089,#1081,#1091,.T.);
#1089 = VERTEX_POINT('',#1090);
#1090 = CARTESIAN_POINT('',(8.197291576853,-2.799999999989,
    24.470478873162));
#1091 = LINE('',#1092,#1093);
#1092 = CARTESIAN_POINT('',(8.197291576853,-2.799999999989,
    24.470478873162));
#1093 = VECTOR('',#1094,1.);
#1094 = DIRECTION('',(2.676193855949E-15,-1.,1.926859576283E-13));
#1095 = ORIENTED_EDGE('',*,*,#1096,.T.);
#1096 = EDGE_CURVE('',#1089,#1097,#1099,.T.);
#1097 = VERTEX_POINT('',#1098);
#1098 = CARTESIAN_POINT('',(-8.195374865404,-2.799999999989,
    24.470478873162));
#1099 = LINE('',#1100,#1101);
#1100 = CARTESIAN_POINT('',(8.197291576853,-2.799999999989,
    24.470478873162));
#1101 = VECTOR('',#1102,1.);
#1102 = DIRECTION('',(-1.,-5.47232634213E-15,-1.278682194795E-14));
#1103 = ORIENTED_EDGE('',*,*,#1104,.F.);
#1104 = EDGE_CURVE('',#1105,#1097,#1107,.T.);
#1105 = VERTEX_POINT('',#1106);
#1106 = CARTESIAN_POINT('',(-8.195374865404,-4.499999999995,
    24.470478873162));
#1107 = LINE('',#1108,#1109);
#1108 = CARTESIAN_POINT('',(-8.195374865404,-14.7477230837,
    24.470478873164));
#1109 = VECTOR('',#1110,1.);
#1110 = DIRECTION('',(-1.471906620772E-14,1.,-1.944700868656E-13));
#1111 = ORIENTED_EDGE('',*,*,#1112,.T.);
#1112 = EDGE_CURVE('',#1105,#1113,#1115,.T.);
#1113 = VERTEX_POINT('',#1114);
#1114 = CARTESIAN_POINT('',(-6.653608358788,-4.499999999995,
    24.470478873162));
#1115 = LINE('',#1116,#1117);
#1116 = CARTESIAN_POINT('',(-5.047717088574,-4.499999999995,
    24.470478873162));
#1117 = VECTOR('',#1118,1.);
#1118 = DIRECTION('',(1.,1.960347512507E-27,1.278447394673E-14));
#1119 = ORIENTED_EDGE('',*,*,#1120,.F.);
#1120 = EDGE_CURVE('',#1121,#1113,#1123,.T.);
#1121 = VERTEX_POINT('',#1122);
#1122 = CARTESIAN_POINT('',(-4.744682020986,-6.397152977296,
    24.470478873162));
#1123 = LINE('',#1124,#1125);
#1124 = CARTESIAN_POINT('',(-0.882984039291,-10.23503382074,
    24.470478873163));
#1125 = VECTOR('',#1126,1.);
#1126 = DIRECTION('',(-0.709290684019,0.70491611243,-1.437616845215E-13)
  );
#1127 = ORIENTED_EDGE('',*,*,#1128,.F.);
#1128 = EDGE_CURVE('',#1129,#1121,#1131,.T.);
#1129 = VERTEX_POINT('',#1130);
#1130 = CARTESIAN_POINT('',(-3.225,-10.04999999999,24.470478873163));
#1131 = CIRCLE('',#1132,5.15);
#1132 = AXIS2_PLACEMENT_3D('',#1133,#1134,#1135);
#1133 = CARTESIAN_POINT('',(-8.375,-10.04999999999,24.470478873163));
#1134 = DIRECTION('',(-5.191115123126E-15,1.924E-13,1.));
#1135 = DIRECTION('',(1.,4.993852748447E-28,5.191115123126E-15));
#1136 = ORIENTED_EDGE('',*,*,#1137,.F.);
#1137 = EDGE_CURVE('',#1138,#1129,#1140,.T.);
#1138 = VERTEX_POINT('',#1139);
#1139 = CARTESIAN_POINT('',(-10.48542598278,-14.7477230837,
    24.470478873164));
#1140 = CIRCLE('',#1141,5.15);
#1141 = AXIS2_PLACEMENT_3D('',#1142,#1143,#1144);
#1142 = CARTESIAN_POINT('',(-8.375,-10.04999999999,24.470478873163));
#1143 = DIRECTION('',(-5.191115123126E-15,1.924E-13,1.));
#1144 = DIRECTION('',(1.,4.993852748447E-28,5.191115123126E-15));
#1145 = ORIENTED_EDGE('',*,*,#1146,.F.);
#1146 = EDGE_CURVE('',#287,#1138,#1147,.T.);
#1147 = LINE('',#1148,#1149);
#1148 = CARTESIAN_POINT('',(-3.301747688865,-14.7477230837,
    24.470478873164));
#1149 = VECTOR('',#1150,1.);
#1150 = DIRECTION('',(1.,-7.255075961018E-21,1.278111512313E-14));
#1151 = PLANE('',#1152);
#1152 = AXIS2_PLACEMENT_3D('',#1153,#1154,#1155);
#1153 = CARTESIAN_POINT('',(9.57464064315E-04,-17.06915051711,
    24.470478873164));
#1154 = DIRECTION('',(-1.278447394673E-14,1.910777380115E-13,1.));
#1155 = DIRECTION('',(0.,1.,-1.910777380115E-13));
#1156 = ADVANCED_FACE('',(#1157),#1223,.F.);
#1157 = FACE_BOUND('',#1158,.F.);
#1158 = EDGE_LOOP('',(#1159,#1167,#1168,#1169,#1177,#1183,#1184,#1192,
    #1201,#1207,#1208,#1216));
#1159 = ORIENTED_EDGE('',*,*,#1160,.F.);
#1160 = EDGE_CURVE('',#326,#1161,#1163,.T.);
#1161 = VERTEX_POINT('',#1162);
#1162 = CARTESIAN_POINT('',(-29.06037531775,-24.99999999999,
    14.565958355715));
#1163 = LINE('',#1164,#1165);
#1164 = CARTESIAN_POINT('',(-29.06037531775,-24.99999999999,
    10.10095612447));
#1165 = VECTOR('',#1166,1.);
#1166 = DIRECTION('',(0.,1.9097E-13,1.));
#1167 = ORIENTED_EDGE('',*,*,#333,.F.);
#1168 = ORIENTED_EDGE('',*,*,#1033,.T.);
#1169 = ORIENTED_EDGE('',*,*,#1170,.F.);
#1170 = EDGE_CURVE('',#1171,#1026,#1173,.T.);
#1171 = VERTEX_POINT('',#1172);
#1172 = CARTESIAN_POINT('',(29.600957275814,-24.99999999999,
    24.070478873166));
#1173 = LINE('',#1174,#1175);
#1174 = CARTESIAN_POINT('',(30.000957245421,-24.99999999999,
    24.070478873166));
#1175 = VECTOR('',#1176,1.);
#1176 = DIRECTION('',(-1.,7.255075961018E-21,-1.278111512313E-14));
#1177 = ORIENTED_EDGE('',*,*,#1178,.F.);
#1178 = EDGE_CURVE('',#705,#1171,#1179,.T.);
#1179 = LINE('',#1180,#1181);
#1180 = CARTESIAN_POINT('',(29.600958337236,-24.99999999999,
    10.100960551244));
#1181 = VECTOR('',#1182,1.);
#1182 = DIRECTION('',(-7.598134159112E-08,1.9097E-13,1.));
#1183 = ORIENTED_EDGE('',*,*,#712,.F.);
#1184 = ORIENTED_EDGE('',*,*,#1185,.F.);
#1185 = EDGE_CURVE('',#1186,#696,#1188,.T.);
#1186 = VERTEX_POINT('',#1187);
#1187 = CARTESIAN_POINT('',(29.06229198975,-24.99999999999,
    14.565958355717));
#1188 = LINE('',#1189,#1190);
#1189 = CARTESIAN_POINT('',(29.06229198975,-24.99999999999,
    14.565958355717));
#1190 = VECTOR('',#1191,1.);
#1191 = DIRECTION('',(0.,-1.9097E-13,-1.));
#1192 = ORIENTED_EDGE('',*,*,#1193,.F.);
#1193 = EDGE_CURVE('',#1194,#1186,#1196,.T.);
#1194 = VERTEX_POINT('',#1195);
#1195 = CARTESIAN_POINT('',(18.01229198975,-24.99999999999,
    14.565958355717));
#1196 = CIRCLE('',#1197,5.525);
#1197 = AXIS2_PLACEMENT_3D('',#1198,#1199,#1200);
#1198 = CARTESIAN_POINT('',(23.53729198975,-24.99999999999,
    14.565958355717));
#1199 = DIRECTION('',(7.255078401828E-21,1.,-1.9097E-13));
#1200 = DIRECTION('',(-1.,7.255078865167E-21,2.426243487961E-15));
#1201 = ORIENTED_EDGE('',*,*,#1202,.F.);
#1202 = EDGE_CURVE('',#674,#1194,#1203,.T.);
#1203 = LINE('',#1204,#1205);
#1204 = CARTESIAN_POINT('',(18.01229198975,-24.99999999999,
    10.100959701115));
#1205 = VECTOR('',#1206,1.);
#1206 = DIRECTION('',(0.,1.9097E-13,1.));
#1207 = ORIENTED_EDGE('',*,*,#681,.F.);
#1208 = ORIENTED_EDGE('',*,*,#1209,.F.);
#1209 = EDGE_CURVE('',#1210,#665,#1212,.T.);
#1210 = VERTEX_POINT('',#1211);
#1211 = CARTESIAN_POINT('',(-18.01037531774,-24.99999999999,
    14.565958355716));
#1212 = LINE('',#1213,#1214);
#1213 = CARTESIAN_POINT('',(-18.01037531774,-24.99999999999,
    14.565958355716));
#1214 = VECTOR('',#1215,1.);
#1215 = DIRECTION('',(0.,-1.9097E-13,-1.));
#1216 = ORIENTED_EDGE('',*,*,#1217,.F.);
#1217 = EDGE_CURVE('',#1161,#1210,#1218,.T.);
#1218 = CIRCLE('',#1219,5.525);
#1219 = AXIS2_PLACEMENT_3D('',#1220,#1221,#1222);
#1220 = CARTESIAN_POINT('',(-23.53537531774,-24.99999999999,
    14.565958355716));
#1221 = DIRECTION('',(7.255078401828E-21,1.,-1.9097E-13));
#1222 = DIRECTION('',(-1.,7.255022668679E-21,-2.918424309805E-13));
#1223 = PLANE('',#1224);
#1224 = AXIS2_PLACEMENT_3D('',#1225,#1226,#1227);
#1225 = CARTESIAN_POINT('',(-29.99904152876,-24.99999999999,
    10.100956022756));
#1226 = DIRECTION('',(7.255078401828E-21,1.,-1.9097E-13));
#1227 = DIRECTION('',(1.,7.255078401828E-21,7.598134159112E-08));
#1228 = ADVANCED_FACE('',(#1229),#1240,.F.);
#1229 = FACE_BOUND('',#1230,.F.);
#1230 = EDGE_LOOP('',(#1231,#1232,#1233,#1239));
#1231 = ORIENTED_EDGE('',*,*,#325,.F.);
#1232 = ORIENTED_EDGE('',*,*,#1160,.T.);
#1233 = ORIENTED_EDGE('',*,*,#1234,.T.);
#1234 = EDGE_CURVE('',#1161,#407,#1235,.T.);
#1235 = LINE('',#1236,#1237);
#1236 = CARTESIAN_POINT('',(-28.86037531775,-24.79999999999,
    14.565958355715));
#1237 = VECTOR('',#1238,1.);
#1238 = DIRECTION('',(0.707106781187,0.707106781187,-1.350361820032E-13)
  );
#1239 = ORIENTED_EDGE('',*,*,#414,.F.);
#1240 = PLANE('',#1241);
#1241 = AXIS2_PLACEMENT_3D('',#1242,#1243,#1244);
#1242 = CARTESIAN_POINT('',(-28.86037531775,-24.79999999999,
    10.10095612447));
#1243 = DIRECTION('',(-0.707106781187,0.707106781187,-1.351564023726E-13
    ));
#1244 = DIRECTION('',(-8.500863846585E-17,1.910550086385E-13,1.));
#1245 = ADVANCED_FACE('',(#1246),#1312,.T.);
#1246 = FACE_BOUND('',#1247,.T.);
#1247 = EDGE_LOOP('',(#1248,#1258,#1266,#1274,#1282,#1288,#1289,#1297,
    #1306));
#1248 = ORIENTED_EDGE('',*,*,#1249,.T.);
#1249 = EDGE_CURVE('',#1250,#1252,#1254,.T.);
#1250 = VERTEX_POINT('',#1251);
#1251 = CARTESIAN_POINT('',(-10.09639164121,-4.499999999995,
    26.218201956876));
#1252 = VERTEX_POINT('',#1253);
#1253 = CARTESIAN_POINT('',(-9.943097882722,-4.499999999995,
    26.218201956876));
#1254 = LINE('',#1255,#1256);
#1255 = CARTESIAN_POINT('',(-10.09639164121,-4.499999999995,
    26.218201956876));
#1256 = VECTOR('',#1257,1.);
#1257 = DIRECTION('',(1.,4.993852748447E-28,5.191115123126E-15));
#1258 = ORIENTED_EDGE('',*,*,#1259,.T.);
#1259 = EDGE_CURVE('',#1252,#1260,#1262,.T.);
#1260 = VERTEX_POINT('',#1261);
#1261 = CARTESIAN_POINT('',(-9.943097882722,-2.799999999989,
    26.218201956876));
#1262 = LINE('',#1263,#1264);
#1263 = CARTESIAN_POINT('',(-9.943097882721,-12.99999999998,
    26.218201956878));
#1264 = VECTOR('',#1265,1.);
#1265 = DIRECTION('',(-1.532543155562E-14,1.,-1.880848418189E-13));
#1266 = ORIENTED_EDGE('',*,*,#1267,.T.);
#1267 = EDGE_CURVE('',#1260,#1268,#1270,.T.);
#1268 = VERTEX_POINT('',#1269);
#1269 = CARTESIAN_POINT('',(-13.03537511142,-2.799999999997,
    26.218201956876));
#1270 = LINE('',#1271,#1272);
#1271 = CARTESIAN_POINT('',(-18.30175131934,-2.799999999989,
    26.218201956876));
#1272 = VECTOR('',#1273,1.);
#1273 = DIRECTION('',(-1.,-5.43E-15,-5.191115123125E-15));
#1274 = ORIENTED_EDGE('',*,*,#1275,.T.);
#1275 = EDGE_CURVE('',#1268,#1276,#1278,.T.);
#1276 = VERTEX_POINT('',#1277);
#1277 = CARTESIAN_POINT('',(-29.59904164427,-2.800000000021,
    26.218201956876));
#1278 = LINE('',#1279,#1280);
#1279 = CARTESIAN_POINT('',(-13.03537511142,-2.799999999997,
    26.218201956876));
#1280 = VECTOR('',#1281,1.);
#1281 = DIRECTION('',(-1.,-1.402432145248E-12,-4.504255570881E-15));
#1282 = ORIENTED_EDGE('',*,*,#1283,.T.);
#1283 = EDGE_CURVE('',#1276,#348,#1284,.T.);
#1284 = LINE('',#1285,#1286);
#1285 = CARTESIAN_POINT('',(-22.84904346412,3.949998180128,
    26.218201956875));
#1286 = VECTOR('',#1287,1.);
#1287 = DIRECTION('',(-0.707106781187,-0.707106781186,1.323847688533E-13
    ));
#1288 = ORIENTED_EDGE('',*,*,#347,.T.);
#1289 = ORIENTED_EDGE('',*,*,#1290,.F.);
#1290 = EDGE_CURVE('',#1291,#350,#1293,.T.);
#1291 = VERTEX_POINT('',#1292);
#1292 = CARTESIAN_POINT('',(-12.59637418384,-12.99999999998,
    26.218201956878));
#1293 = LINE('',#1294,#1295);
#1294 = CARTESIAN_POINT('',(-9.943097882721,-12.99999999998,
    26.218201956878));
#1295 = VECTOR('',#1296,1.);
#1296 = DIRECTION('',(-1.,-4.871355211631E-15,-5.491345874929E-15));
#1297 = ORIENTED_EDGE('',*,*,#1298,.F.);
#1298 = EDGE_CURVE('',#1299,#1291,#1301,.T.);
#1299 = VERTEX_POINT('',#1300);
#1300 = CARTESIAN_POINT('',(-12.00531797901,-6.397152977295,
    26.218201956877));
#1301 = CIRCLE('',#1302,5.15);
#1302 = AXIS2_PLACEMENT_3D('',#1303,#1304,#1305);
#1303 = CARTESIAN_POINT('',(-8.375,-10.04999999999,26.218201956877));
#1304 = DIRECTION('',(-5.191115123126E-15,1.924E-13,1.));
#1305 = DIRECTION('',(1.,4.993852748447E-28,5.191115123126E-15));
#1306 = ORIENTED_EDGE('',*,*,#1307,.F.);
#1307 = EDGE_CURVE('',#1250,#1299,#1308,.T.);
#1308 = LINE('',#1309,#1310);
#1309 = CARTESIAN_POINT('',(-10.09639164121,-4.499999999995,
    26.218201956876));
#1310 = VECTOR('',#1311,1.);
#1311 = DIRECTION('',(-0.709290684019,-0.70491611243,1.31943850435E-13)
  );
#1312 = PLANE('',#1313);
#1313 = AXIS2_PLACEMENT_3D('',#1314,#1315,#1316);
#1314 = CARTESIAN_POINT('',(9.510762849111E-04,-4.999999999985,
    26.218201956877));
#1315 = DIRECTION('',(-5.191115123126E-15,1.924E-13,1.));
#1316 = DIRECTION('',(-1.510000000001E-15,-1.,1.924E-13));
#1317 = ADVANCED_FACE('',(#1318),#1336,.T.);
#1318 = FACE_BOUND('',#1319,.T.);
#1319 = EDGE_LOOP('',(#1320,#1321,#1329,#1335));
#1320 = ORIENTED_EDGE('',*,*,#1283,.F.);
#1321 = ORIENTED_EDGE('',*,*,#1322,.T.);
#1322 = EDGE_CURVE('',#1276,#1323,#1325,.T.);
#1323 = VERTEX_POINT('',#1324);
#1324 = CARTESIAN_POINT('',(-29.59904164427,-2.800000000018,
    16.900958355715));
#1325 = LINE('',#1326,#1327);
#1326 = CARTESIAN_POINT('',(-29.59904164427,-2.800000000007,
    95.050951107638));
#1327 = VECTOR('',#1328,1.);
#1328 = DIRECTION('',(1.774111512313E-14,-1.9096E-13,-1.));
#1329 = ORIENTED_EDGE('',*,*,#1330,.F.);
#1330 = EDGE_CURVE('',#358,#1323,#1331,.T.);
#1331 = LINE('',#1332,#1333);
#1332 = CARTESIAN_POINT('',(-21.11271827681,5.686323367441,
    16.900958355716));
#1333 = VECTOR('',#1334,1.);
#1334 = DIRECTION('',(0.707106781187,0.707106781186,-1.307147688533E-13)
  );
#1335 = ORIENTED_EDGE('',*,*,#357,.T.);
#1336 = PLANE('',#1337);
#1337 = AXIS2_PLACEMENT_3D('',#1338,#1339,#1340);
#1338 = CARTESIAN_POINT('',(-29.79904164427,-3.000000000007,
    95.050951107638));
#1339 = DIRECTION('',(-0.707106781186,0.707106781187,-1.475652311467E-13
    ));
#1340 = DIRECTION('',(-2.086899331728E-13,-1.181950353476E-18,1.));
#1341 = ADVANCED_FACE('',(#1342),#1362,.F.);
#1342 = FACE_BOUND('',#1343,.F.);
#1343 = EDGE_LOOP('',(#1344,#1345,#1346,#1347,#1348,#1356));
#1344 = ORIENTED_EDGE('',*,*,#1330,.F.);
#1345 = ORIENTED_EDGE('',*,*,#365,.T.);
#1346 = ORIENTED_EDGE('',*,*,#452,.T.);
#1347 = ORIENTED_EDGE('',*,*,#569,.T.);
#1348 = ORIENTED_EDGE('',*,*,#1349,.F.);
#1349 = EDGE_CURVE('',#1350,#570,#1352,.T.);
#1350 = VERTEX_POINT('',#1351);
#1351 = CARTESIAN_POINT('',(29.600958355724,-2.800000000017,
    16.900958355716));
#1352 = LINE('',#1353,#1354);
#1353 = CARTESIAN_POINT('',(24.58728172317,2.213676632531,
    16.900958355717));
#1354 = VECTOR('',#1355,1.);
#1355 = DIRECTION('',(0.707106781187,-0.707106781186,1.396252311467E-13)
  );
#1356 = ORIENTED_EDGE('',*,*,#1357,.T.);
#1357 = EDGE_CURVE('',#1350,#1323,#1358,.T.);
#1358 = LINE('',#1359,#1360);
#1359 = CARTESIAN_POINT('',(29.600958355724,-2.800000000017,
    16.900958355716));
#1360 = VECTOR('',#1361,1.);
#1361 = DIRECTION('',(-1.,-5.401084984663E-15,-1.734348400631E-14));
#1362 = PLANE('',#1363);
#1363 = AXIS2_PLACEMENT_3D('',#1364,#1365,#1366);
#1364 = CARTESIAN_POINT('',(6.946251825546,-4.999999999991,
    16.900958355719));
#1365 = DIRECTION('',(6.301115123126E-15,-1.9115E-13,-1.));
#1366 = DIRECTION('',(1.,-7.1E-16,6.301115123126E-15));
#1367 = ADVANCED_FACE('',(#1368),#1380,.T.);
#1368 = FACE_BOUND('',#1369,.T.);
#1369 = EDGE_LOOP('',(#1370,#1371,#1372,#1379));
#1370 = ORIENTED_EDGE('',*,*,#383,.T.);
#1371 = ORIENTED_EDGE('',*,*,#1146,.T.);
#1372 = ORIENTED_EDGE('',*,*,#1373,.F.);
#1373 = EDGE_CURVE('',#1291,#1138,#1374,.T.);
#1374 = ELLIPSE('',#1375,7.283199846221,5.15);
#1375 = AXIS2_PLACEMENT_3D('',#1376,#1377,#1378);
#1376 = CARTESIAN_POINT('',(-8.375,-10.04999999999,29.168201956867));
#1377 = DIRECTION('',(1.647688532898E-16,-0.707106781186,0.707106781187)
  );
#1378 = DIRECTION('',(-7.506114264254E-15,0.707106781187,0.707106781186)
  );
#1379 = ORIENTED_EDGE('',*,*,#1290,.T.);
#1380 = PLANE('',#1381);
#1381 = AXIS2_PLACEMENT_3D('',#1382,#1383,#1384);
#1382 = CARTESIAN_POINT('',(9.501645083132E-04,-13.99999999998,
    25.218201956878));
#1383 = DIRECTION('',(1.647688532898E-16,-0.707106781186,0.707106781187)
  );
#1384 = DIRECTION('',(1.,-7.129332649477E-16,-9.459516119265E-16));
#1385 = ADVANCED_FACE('',(#1386),#1404,.F.);
#1386 = FACE_BOUND('',#1387,.F.);
#1387 = EDGE_LOOP('',(#1388,#1389,#1396,#1397));
#1388 = ORIENTED_EDGE('',*,*,#617,.F.);
#1389 = ORIENTED_EDGE('',*,*,#1390,.T.);
#1390 = EDGE_CURVE('',#593,#399,#1391,.T.);
#1391 = CIRCLE('',#1392,5.125);
#1392 = AXIS2_PLACEMENT_3D('',#1393,#1394,#1395);
#1393 = CARTESIAN_POINT('',(-23.53537531774,-15.1477230837,
    14.565958355714));
#1394 = DIRECTION('',(0.,-1.,1.91146956876E-13));
#1395 = DIRECTION('',(1.,2.650108910651E-28,1.386424850264E-15));
#1396 = ORIENTED_EDGE('',*,*,#406,.T.);
#1397 = ORIENTED_EDGE('',*,*,#1398,.T.);
#1398 = EDGE_CURVE('',#407,#618,#1399,.T.);
#1399 = CIRCLE('',#1400,5.125);
#1400 = AXIS2_PLACEMENT_3D('',#1401,#1402,#1403);
#1401 = CARTESIAN_POINT('',(-23.53537531774,-24.59999999999,
    14.565958355716));
#1402 = DIRECTION('',(7.255078401828E-21,1.,-1.9097E-13));
#1403 = DIRECTION('',(-1.,7.255022668679E-21,-2.918424309805E-13));
#1404 = CYLINDRICAL_SURFACE('',#1405,5.125);
#1405 = AXIS2_PLACEMENT_3D('',#1406,#1407,#1408);
#1406 = CARTESIAN_POINT('',(-23.53537531774,-14.7477230837,
    14.565958355714));
#1407 = DIRECTION('',(0.,1.,-1.91069382538E-13));
#1408 = DIRECTION('',(-1.,0.,0.));
#1409 = ADVANCED_FACE('',(#1410),#1416,.F.);
#1410 = FACE_BOUND('',#1411,.T.);
#1411 = EDGE_LOOP('',(#1412,#1413,#1414,#1415));
#1412 = ORIENTED_EDGE('',*,*,#600,.F.);
#1413 = ORIENTED_EDGE('',*,*,#1390,.T.);
#1414 = ORIENTED_EDGE('',*,*,#428,.T.);
#1415 = ORIENTED_EDGE('',*,*,#500,.F.);
#1416 = CONICAL_SURFACE('',#1417,5.125,0.785398163397);
#1417 = AXIS2_PLACEMENT_3D('',#1418,#1419,#1420);
#1418 = CARTESIAN_POINT('',(-23.53537531774,-15.1477230837,
    14.565958355714));
#1419 = DIRECTION('',(0.,-1.,1.91146956876E-13));
#1420 = DIRECTION('',(1.,2.650108910651E-28,1.386424850264E-15));
#1421 = ADVANCED_FACE('',(#1422),#1441,.F.);
#1422 = FACE_BOUND('',#1423,.F.);
#1423 = EDGE_LOOP('',(#1424,#1432,#1439,#1440));
#1424 = ORIENTED_EDGE('',*,*,#1425,.T.);
#1425 = EDGE_CURVE('',#471,#1426,#1428,.T.);
#1426 = VERTEX_POINT('',#1427);
#1427 = CARTESIAN_POINT('',(23.537291989746,4.499999999999,
    12.965958355711));
#1428 = LINE('',#1429,#1430);
#1429 = CARTESIAN_POINT('',(23.537291989746,4.700000000004,
    12.765958355711));
#1430 = VECTOR('',#1431,1.);
#1431 = DIRECTION('',(-2.452311466607E-16,-0.707106781195,0.707106781178
    ));
#1432 = ORIENTED_EDGE('',*,*,#1433,.F.);
#1433 = EDGE_CURVE('',#1426,#1426,#1434,.T.);
#1434 = CIRCLE('',#1435,1.6);
#1435 = AXIS2_PLACEMENT_3D('',#1436,#1437,#1438);
#1436 = CARTESIAN_POINT('',(23.537291989746,4.5,14.565958355711));
#1437 = DIRECTION('',(5.799999999999E-15,-1.,1.9046E-13));
#1438 = DIRECTION('',(-5.311115123126E-15,1.9046E-13,1.));
#1439 = ORIENTED_EDGE('',*,*,#1425,.F.);
#1440 = ORIENTED_EDGE('',*,*,#470,.F.);
#1441 = CONICAL_SURFACE('',#1442,1.8,0.785398163385);
#1442 = AXIS2_PLACEMENT_3D('',#1443,#1444,#1445);
#1443 = CARTESIAN_POINT('',(23.537291989746,4.700000000005,
    14.565958355711));
#1444 = DIRECTION('',(-4.839999999999E-15,1.,-1.8804E-13));
#1445 = DIRECTION('',(-5.311115123126E-15,1.8804E-13,1.));
#1446 = ADVANCED_FACE('',(#1447),#1466,.F.);
#1447 = FACE_BOUND('',#1448,.F.);
#1448 = EDGE_LOOP('',(#1449,#1457,#1464,#1465));
#1449 = ORIENTED_EDGE('',*,*,#1450,.T.);
#1450 = EDGE_CURVE('',#482,#1451,#1453,.T.);
#1451 = VERTEX_POINT('',#1452);
#1452 = CARTESIAN_POINT('',(-23.53537531774,4.500000000036,
    12.96595835571));
#1453 = LINE('',#1454,#1455);
#1454 = CARTESIAN_POINT('',(-23.53537531774,4.700000000022,
    12.76595835571));
#1455 = VECTOR('',#1456,1.);
#1456 = DIRECTION('',(-2.452311468403E-16,-0.707106781163,0.70710678121)
  );
#1457 = ORIENTED_EDGE('',*,*,#1458,.F.);
#1458 = EDGE_CURVE('',#1451,#1451,#1459,.T.);
#1459 = CIRCLE('',#1460,1.6);
#1460 = AXIS2_PLACEMENT_3D('',#1461,#1462,#1463);
#1461 = CARTESIAN_POINT('',(-23.53537531774,4.500000000036,
    14.56595835571));
#1462 = DIRECTION('',(5.799999999999E-15,-1.,1.9046E-13));
#1463 = DIRECTION('',(-5.311115123126E-15,1.9046E-13,1.));
#1464 = ORIENTED_EDGE('',*,*,#1450,.F.);
#1465 = ORIENTED_EDGE('',*,*,#481,.F.);
#1466 = CONICAL_SURFACE('',#1467,1.8,0.785398163431);
#1467 = AXIS2_PLACEMENT_3D('',#1468,#1469,#1470);
#1468 = CARTESIAN_POINT('',(-23.53537531774,4.700000000023,
    14.56595835571));
#1469 = DIRECTION('',(-4.839999999999E-15,1.,-1.8804E-13));
#1470 = DIRECTION('',(-5.311115123126E-15,1.8804E-13,1.));
#1471 = ADVANCED_FACE('',(#1472),#1491,.F.);
#1472 = FACE_BOUND('',#1473,.F.);
#1473 = EDGE_LOOP('',(#1474,#1482,#1483,#1484));
#1474 = ORIENTED_EDGE('',*,*,#1475,.F.);
#1475 = EDGE_CURVE('',#518,#1476,#1478,.T.);
#1476 = VERTEX_POINT('',#1477);
#1477 = CARTESIAN_POINT('',(-23.53537531774,-14.59999999999,
    17.665958355714));
#1478 = LINE('',#1479,#1480);
#1479 = CARTESIAN_POINT('',(-23.53537531774,-14.79999999999,
    17.865958355716));
#1480 = VECTOR('',#1481,1.);
#1481 = DIRECTION('',(4.152311467236E-16,0.707106781184,-0.707106781189)
  );
#1482 = ORIENTED_EDGE('',*,*,#517,.F.);
#1483 = ORIENTED_EDGE('',*,*,#1475,.T.);
#1484 = ORIENTED_EDGE('',*,*,#1485,.F.);
#1485 = EDGE_CURVE('',#1476,#1476,#1486,.T.);
#1486 = CIRCLE('',#1487,3.1);
#1487 = AXIS2_PLACEMENT_3D('',#1488,#1489,#1490);
#1488 = CARTESIAN_POINT('',(-23.53537531774,-14.59999999999,
    14.565958355714));
#1489 = DIRECTION('',(-5.429999999999E-15,1.,-1.9087E-13));
#1490 = DIRECTION('',(5.311115123126E-15,-1.9087E-13,-1.));
#1491 = CONICAL_SURFACE('',#1492,3.300000000001,0.785398163401);
#1492 = AXIS2_PLACEMENT_3D('',#1493,#1494,#1495);
#1493 = CARTESIAN_POINT('',(-23.53537531774,-14.79999999999,
    14.565958355714));
#1494 = DIRECTION('',(4.839999999999E-15,-1.,1.8874E-13));
#1495 = DIRECTION('',(5.311115123126E-15,-1.8874E-13,-1.));
#1496 = ADVANCED_FACE('',(#1497),#1572,.T.);
#1497 = FACE_BOUND('',#1498,.T.);
#1498 = EDGE_LOOP('',(#1499,#1507,#1508,#1516,#1524,#1532,#1540,#1548,
    #1556,#1565));
#1499 = ORIENTED_EDGE('',*,*,#1500,.F.);
#1500 = EDGE_CURVE('',#537,#1501,#1503,.T.);
#1501 = VERTEX_POINT('',#1502);
#1502 = CARTESIAN_POINT('',(12.596374183848,-12.99999999998,
    26.218201956878));
#1503 = LINE('',#1504,#1505);
#1504 = CARTESIAN_POINT('',(30.000958355724,-12.99999999998,
    26.218201956878));
#1505 = VECTOR('',#1506,1.);
#1506 = DIRECTION('',(-1.,-5.137065495901E-15,-5.491345874929E-15));
#1507 = ORIENTED_EDGE('',*,*,#534,.F.);
#1508 = ORIENTED_EDGE('',*,*,#1509,.T.);
#1509 = EDGE_CURVE('',#535,#1510,#1512,.T.);
#1510 = VERTEX_POINT('',#1511);
#1511 = CARTESIAN_POINT('',(29.600958355724,-2.80000000002,
    26.218201956876));
#1512 = LINE('',#1513,#1514);
#1513 = CARTESIAN_POINT('',(22.850956535853,3.950001819849,
    26.218201956875));
#1514 = VECTOR('',#1515,1.);
#1515 = DIRECTION('',(-0.707106781187,0.707106781186,-1.397152311467E-13
    ));
#1516 = ORIENTED_EDGE('',*,*,#1517,.T.);
#1517 = EDGE_CURVE('',#1510,#1518,#1520,.T.);
#1518 = VERTEX_POINT('',#1519);
#1519 = CARTESIAN_POINT('',(13.037291822873,-2.799999999997,
    26.218201956876));
#1520 = LINE('',#1521,#1522);
#1521 = CARTESIAN_POINT('',(29.600958355724,-2.80000000002,
    26.218201956876));
#1522 = VECTOR('',#1523,1.);
#1523 = DIRECTION('',(-1.,1.391654105132E-12,-7.507092618135E-15));
#1524 = ORIENTED_EDGE('',*,*,#1525,.T.);
#1525 = EDGE_CURVE('',#1518,#1526,#1528,.T.);
#1526 = VERTEX_POINT('',#1527);
#1527 = CARTESIAN_POINT('',(9.94501459417,-2.799999999989,
    26.218201956876));
#1528 = LINE('',#1529,#1530);
#1529 = CARTESIAN_POINT('',(-18.30175131934,-2.799999999989,
    26.218201956876));
#1530 = VECTOR('',#1531,1.);
#1531 = DIRECTION('',(-1.,-5.43E-15,-5.191115123125E-15));
#1532 = ORIENTED_EDGE('',*,*,#1533,.F.);
#1533 = EDGE_CURVE('',#1534,#1526,#1536,.T.);
#1534 = VERTEX_POINT('',#1535);
#1535 = CARTESIAN_POINT('',(9.94501459417,-4.499999999995,
    26.218201956876));
#1536 = LINE('',#1537,#1538);
#1537 = CARTESIAN_POINT('',(9.94501459417,-12.99999999998,
    26.218201956878));
#1538 = VECTOR('',#1539,1.);
#1539 = DIRECTION('',(-2.438136838393E-15,1.,-1.894780628694E-13));
#1540 = ORIENTED_EDGE('',*,*,#1541,.F.);
#1541 = EDGE_CURVE('',#1542,#1534,#1544,.T.);
#1542 = VERTEX_POINT('',#1543);
#1543 = CARTESIAN_POINT('',(10.199095441394,-4.499999999995,
    26.218201956876));
#1544 = LINE('',#1545,#1546);
#1545 = CARTESIAN_POINT('',(10.199095441394,-4.499999999995,
    26.218201956876));
#1546 = VECTOR('',#1547,1.);
#1547 = DIRECTION('',(-1.,-4.993852748447E-28,-5.191115123126E-15));
#1548 = ORIENTED_EDGE('',*,*,#1549,.F.);
#1549 = EDGE_CURVE('',#1550,#1542,#1552,.T.);
#1550 = VERTEX_POINT('',#1551);
#1551 = CARTESIAN_POINT('',(12.102357182745,-6.496226170354,
    26.218201956877));
#1552 = LINE('',#1553,#1554);
#1553 = CARTESIAN_POINT('',(12.102357182745,-6.496226170354,
    26.218201956877));
#1554 = VECTOR('',#1555,1.);
#1555 = DIRECTION('',(-0.690053170804,0.723758676261,-1.428333147634E-13
    ));
#1556 = ORIENTED_EDGE('',*,*,#1557,.F.);
#1557 = EDGE_CURVE('',#1558,#1550,#1560,.T.);
#1558 = VERTEX_POINT('',#1559);
#1559 = CARTESIAN_POINT('',(13.525,-10.04999999999,26.218201956878));
#1560 = CIRCLE('',#1561,5.15);
#1561 = AXIS2_PLACEMENT_3D('',#1562,#1563,#1564);
#1562 = CARTESIAN_POINT('',(8.375,-10.04999999999,26.218201956878));
#1563 = DIRECTION('',(-5.191115123126E-15,1.924E-13,1.));
#1564 = DIRECTION('',(1.,4.993852748447E-28,5.191115123126E-15));
#1565 = ORIENTED_EDGE('',*,*,#1566,.F.);
#1566 = EDGE_CURVE('',#1501,#1558,#1567,.T.);
#1567 = CIRCLE('',#1568,5.15);
#1568 = AXIS2_PLACEMENT_3D('',#1569,#1570,#1571);
#1569 = CARTESIAN_POINT('',(8.375,-10.04999999999,26.218201956878));
#1570 = DIRECTION('',(-5.191115123126E-15,1.924E-13,1.));
#1571 = DIRECTION('',(1.,4.993852748447E-28,5.191115123126E-15));
#1572 = PLANE('',#1573);
#1573 = AXIS2_PLACEMENT_3D('',#1574,#1575,#1576);
#1574 = CARTESIAN_POINT('',(9.510762849111E-04,-4.999999999985,
    26.218201956877));
#1575 = DIRECTION('',(-5.191115123126E-15,1.924E-13,1.));
#1576 = DIRECTION('',(-1.510000000001E-15,-1.,1.924E-13));
#1577 = ADVANCED_FACE('',(#1578),#1590,.T.);
#1578 = FACE_BOUND('',#1579,.T.);
#1579 = EDGE_LOOP('',(#1580,#1581,#1582,#1589));
#1580 = ORIENTED_EDGE('',*,*,#544,.T.);
#1581 = ORIENTED_EDGE('',*,*,#1500,.T.);
#1582 = ORIENTED_EDGE('',*,*,#1583,.F.);
#1583 = EDGE_CURVE('',#1056,#1501,#1584,.T.);
#1584 = ELLIPSE('',#1585,7.283199846221,5.15);
#1585 = AXIS2_PLACEMENT_3D('',#1586,#1587,#1588);
#1586 = CARTESIAN_POINT('',(8.375,-10.04999999999,29.168201956867));
#1587 = DIRECTION('',(1.647688532898E-16,-0.707106781186,0.707106781187)
  );
#1588 = DIRECTION('',(-7.506114264254E-15,0.707106781187,0.707106781186)
  );
#1589 = ORIENTED_EDGE('',*,*,#1055,.T.);
#1590 = PLANE('',#1591);
#1591 = AXIS2_PLACEMENT_3D('',#1592,#1593,#1594);
#1592 = CARTESIAN_POINT('',(9.501645083132E-04,-13.99999999998,
    25.218201956878));
#1593 = DIRECTION('',(1.647688532898E-16,-0.707106781186,0.707106781187)
  );
#1594 = DIRECTION('',(1.,-7.129332649477E-16,-9.459516119265E-16));
#1595 = ADVANCED_FACE('',(#1596),#1607,.T.);
#1596 = FACE_BOUND('',#1597,.T.);
#1597 = EDGE_LOOP('',(#1598,#1599,#1600,#1601));
#1598 = ORIENTED_EDGE('',*,*,#1509,.F.);
#1599 = ORIENTED_EDGE('',*,*,#577,.T.);
#1600 = ORIENTED_EDGE('',*,*,#1349,.F.);
#1601 = ORIENTED_EDGE('',*,*,#1602,.T.);
#1602 = EDGE_CURVE('',#1350,#1510,#1603,.T.);
#1603 = LINE('',#1604,#1605);
#1604 = CARTESIAN_POINT('',(29.600958355723,-2.800000000007,
    95.050951107639));
#1605 = VECTOR('',#1606,1.);
#1606 = DIRECTION('',(-1.775111512313E-14,1.9096E-13,1.));
#1607 = PLANE('',#1608);
#1608 = AXIS2_PLACEMENT_3D('',#1609,#1610,#1611);
#1609 = CARTESIAN_POINT('',(29.800958355723,-3.000000000007,
    95.050951107639));
#1610 = DIRECTION('',(0.707106781186,0.707106781187,-1.224747688533E-13)
  );
#1611 = DIRECTION('',(-1.732071820189E-13,1.702858008814E-18,-1.));
#1612 = ADVANCED_FACE('',(#1613),#1624,.T.);
#1613 = FACE_BOUND('',#1614,.F.);
#1614 = EDGE_LOOP('',(#1615,#1621,#1622,#1623));
#1615 = ORIENTED_EDGE('',*,*,#1616,.F.);
#1616 = EDGE_CURVE('',#1210,#618,#1617,.T.);
#1617 = LINE('',#1618,#1619);
#1618 = CARTESIAN_POINT('',(-18.41037531774,-24.59999999999,
    14.565958355716));
#1619 = VECTOR('',#1620,1.);
#1620 = DIRECTION('',(-0.707106781187,0.707106781187,-1.358044275055E-13
    ));
#1621 = ORIENTED_EDGE('',*,*,#1209,.T.);
#1622 = ORIENTED_EDGE('',*,*,#664,.T.);
#1623 = ORIENTED_EDGE('',*,*,#625,.F.);
#1624 = PLANE('',#1625);
#1625 = AXIS2_PLACEMENT_3D('',#1626,#1627,#1628);
#1626 = CARTESIAN_POINT('',(-18.21037531774,-24.79999999999,
    14.565958355716));
#1627 = DIRECTION('',(-0.707106781187,-0.707106781187,1.351564023726E-13
    ));
#1628 = DIRECTION('',(8.500863846585E-17,1.910550086385E-13,1.));
#1629 = ADVANCED_FACE('',(#1630),#1641,.T.);
#1630 = FACE_BOUND('',#1631,.F.);
#1631 = EDGE_LOOP('',(#1632,#1633,#1634,#1640));
#1632 = ORIENTED_EDGE('',*,*,#704,.T.);
#1633 = ORIENTED_EDGE('',*,*,#1178,.T.);
#1634 = ORIENTED_EDGE('',*,*,#1635,.T.);
#1635 = EDGE_CURVE('',#1171,#641,#1636,.T.);
#1636 = LINE('',#1637,#1638);
#1637 = CARTESIAN_POINT('',(27.472704442835,-27.12825299467,
    21.942225878481));
#1638 = VECTOR('',#1639,1.);
#1639 = DIRECTION('',(0.577350239944,0.577350283812,0.577350283812));
#1640 = ORIENTED_EDGE('',*,*,#640,.F.);
#1641 = PLANE('',#1642);
#1642 = AXIS2_PLACEMENT_3D('',#1643,#1644,#1645);
#1643 = CARTESIAN_POINT('',(29.800958337236,-24.79999999999,
    10.100960566441));
#1644 = DIRECTION('',(0.707106781187,-0.707106781187,5.372705714907E-08)
  );
#1645 = DIRECTION('',(7.598134175386E-08,-1.91132748947E-13,-1.));
#1646 = ADVANCED_FACE('',(#1647),#1658,.F.);
#1647 = FACE_BOUND('',#1648,.F.);
#1648 = EDGE_LOOP('',(#1649,#1650,#1651,#1657));
#1649 = ORIENTED_EDGE('',*,*,#673,.F.);
#1650 = ORIENTED_EDGE('',*,*,#1202,.T.);
#1651 = ORIENTED_EDGE('',*,*,#1652,.T.);
#1652 = EDGE_CURVE('',#1194,#736,#1653,.T.);
#1653 = LINE('',#1654,#1655);
#1654 = CARTESIAN_POINT('',(18.21229198975,-24.79999999999,
    14.565958355717));
#1655 = VECTOR('',#1656,1.);
#1656 = DIRECTION('',(0.707106781187,0.707106781187,-1.350361820032E-13)
  );
#1657 = ORIENTED_EDGE('',*,*,#743,.F.);
#1658 = PLANE('',#1659);
#1659 = AXIS2_PLACEMENT_3D('',#1660,#1661,#1662);
#1660 = CARTESIAN_POINT('',(18.21229198975,-24.79999999999,
    10.100959701114));
#1661 = DIRECTION('',(-0.707106781187,0.707106781187,-1.351564023726E-13
    ));
#1662 = DIRECTION('',(-8.500863846585E-17,1.910550086385E-13,1.));
#1663 = ADVANCED_FACE('',(#1664),#1675,.T.);
#1664 = FACE_BOUND('',#1665,.F.);
#1665 = EDGE_LOOP('',(#1666,#1672,#1673,#1674));
#1666 = ORIENTED_EDGE('',*,*,#1667,.F.);
#1667 = EDGE_CURVE('',#1186,#767,#1668,.T.);
#1668 = LINE('',#1669,#1670);
#1669 = CARTESIAN_POINT('',(28.66229198975,-24.59999999999,
    14.565958355717));
#1670 = VECTOR('',#1671,1.);
#1671 = DIRECTION('',(-0.707106781187,0.707106781187,-1.73601531328E-13)
  );
#1672 = ORIENTED_EDGE('',*,*,#1185,.T.);
#1673 = ORIENTED_EDGE('',*,*,#695,.T.);
#1674 = ORIENTED_EDGE('',*,*,#774,.F.);
#1675 = PLANE('',#1676);
#1676 = AXIS2_PLACEMENT_3D('',#1677,#1678,#1679);
#1677 = CARTESIAN_POINT('',(28.86229198975,-24.79999999999,
    14.565958355717));
#1678 = DIRECTION('',(-0.707106781187,-0.707106781187,1.351564023726E-13
    ));
#1679 = DIRECTION('',(8.500863846585E-17,1.910550086385E-13,1.));
#1680 = ADVANCED_FACE('',(#1681),#1699,.F.);
#1681 = FACE_BOUND('',#1682,.F.);
#1682 = EDGE_LOOP('',(#1683,#1684,#1691,#1692));
#1683 = ORIENTED_EDGE('',*,*,#766,.F.);
#1684 = ORIENTED_EDGE('',*,*,#1685,.F.);
#1685 = EDGE_CURVE('',#728,#759,#1686,.T.);
#1686 = CIRCLE('',#1687,5.125);
#1687 = AXIS2_PLACEMENT_3D('',#1688,#1689,#1690);
#1688 = CARTESIAN_POINT('',(23.53729198975,-15.1477230837,
    14.565958355715));
#1689 = DIRECTION('',(0.,1.,-1.91146956876E-13));
#1690 = DIRECTION('',(-1.,3.312636138314E-28,1.73303106283E-15));
#1691 = ORIENTED_EDGE('',*,*,#735,.T.);
#1692 = ORIENTED_EDGE('',*,*,#1693,.T.);
#1693 = EDGE_CURVE('',#736,#767,#1694,.T.);
#1694 = CIRCLE('',#1695,5.125);
#1695 = AXIS2_PLACEMENT_3D('',#1696,#1697,#1698);
#1696 = CARTESIAN_POINT('',(23.53729198975,-24.59999999999,
    14.565958355717));
#1697 = DIRECTION('',(7.255078401828E-21,1.,-1.9097E-13));
#1698 = DIRECTION('',(-1.,7.255078865167E-21,2.426243487961E-15));
#1699 = CYLINDRICAL_SURFACE('',#1700,5.125);
#1700 = AXIS2_PLACEMENT_3D('',#1701,#1702,#1703);
#1701 = CARTESIAN_POINT('',(23.53729198975,-14.7477230837,
    14.565958355715));
#1702 = DIRECTION('',(0.,1.,-1.91069382538E-13));
#1703 = DIRECTION('',(-1.,0.,0.));
#1704 = ADVANCED_FACE('',(#1705),#1711,.F.);
#1705 = FACE_BOUND('',#1706,.T.);
#1706 = EDGE_LOOP('',(#1707,#1708,#1709,#1710));
#1707 = ORIENTED_EDGE('',*,*,#797,.F.);
#1708 = ORIENTED_EDGE('',*,*,#838,.T.);
#1709 = ORIENTED_EDGE('',*,*,#812,.T.);
#1710 = ORIENTED_EDGE('',*,*,#1685,.F.);
#1711 = CONICAL_SURFACE('',#1712,5.125,0.785398163397);
#1712 = AXIS2_PLACEMENT_3D('',#1713,#1714,#1715);
#1713 = CARTESIAN_POINT('',(23.53729198975,-15.1477230837,
    14.565958355715));
#1714 = DIRECTION('',(0.,-1.,1.91146956876E-13));
#1715 = DIRECTION('',(-1.,3.312636138314E-28,1.73303106283E-15));
#1716 = ADVANCED_FACE('',(#1717),#1736,.F.);
#1717 = FACE_BOUND('',#1718,.F.);
#1718 = EDGE_LOOP('',(#1719,#1727,#1728,#1729));
#1719 = ORIENTED_EDGE('',*,*,#1720,.F.);
#1720 = EDGE_CURVE('',#849,#1721,#1723,.T.);
#1721 = VERTEX_POINT('',#1722);
#1722 = CARTESIAN_POINT('',(23.53729198975,-14.59999999999,
    17.665958355715));
#1723 = LINE('',#1724,#1725);
#1724 = CARTESIAN_POINT('',(23.53729198975,-14.79999999999,
    17.865958355716));
#1725 = VECTOR('',#1726,1.);
#1726 = DIRECTION('',(4.152311467236E-16,0.707106781184,-0.707106781189)
  );
#1727 = ORIENTED_EDGE('',*,*,#848,.F.);
#1728 = ORIENTED_EDGE('',*,*,#1720,.T.);
#1729 = ORIENTED_EDGE('',*,*,#1730,.F.);
#1730 = EDGE_CURVE('',#1721,#1721,#1731,.T.);
#1731 = CIRCLE('',#1732,3.1);
#1732 = AXIS2_PLACEMENT_3D('',#1733,#1734,#1735);
#1733 = CARTESIAN_POINT('',(23.53729198975,-14.59999999999,
    14.565958355715));
#1734 = DIRECTION('',(-5.429999999999E-15,1.,-1.9087E-13));
#1735 = DIRECTION('',(5.311115123126E-15,-1.9087E-13,-1.));
#1736 = CONICAL_SURFACE('',#1737,3.300000000001,0.785398163401);
#1737 = AXIS2_PLACEMENT_3D('',#1738,#1739,#1740);
#1738 = CARTESIAN_POINT('',(23.53729198975,-14.79999999999,
    14.565958355715));
#1739 = DIRECTION('',(4.839999999999E-15,-1.,1.8874E-13));
#1740 = DIRECTION('',(5.311115123126E-15,-1.8874E-13,-1.));
#1741 = ADVANCED_FACE('',(#1742,#1786),#1807,.T.);
#1742 = FACE_BOUND('',#1743,.T.);
#1743 = EDGE_LOOP('',(#1744,#1755,#1764,#1772,#1780));
#1744 = ORIENTED_EDGE('',*,*,#1745,.F.);
#1745 = EDGE_CURVE('',#1746,#1748,#1750,.T.);
#1746 = VERTEX_POINT('',#1747);
#1747 = CARTESIAN_POINT('',(13.525,-10.04999999999,14.100959329767));
#1748 = VERTEX_POINT('',#1749);
#1749 = CARTESIAN_POINT('',(4.647642817255,-6.496226170356,
    14.100958655253));
#1750 = ELLIPSE('',#1751,5.15,5.15);
#1751 = AXIS2_PLACEMENT_3D('',#1752,#1753,#1754);
#1752 = CARTESIAN_POINT('',(8.375,-10.04999999999,14.100958938463));
#1753 = DIRECTION('',(7.598133879672E-08,-2.829887001843E-13,-1.));
#1754 = DIRECTION('',(0.999999999999,-1.192249410288E-06,
    7.5981338797E-08));
#1755 = ORIENTED_EDGE('',*,*,#1756,.F.);
#1756 = EDGE_CURVE('',#1757,#1746,#1759,.T.);
#1757 = VERTEX_POINT('',#1758);
#1758 = CARTESIAN_POINT('',(12.102357182745,-6.496226170356,
    14.100959221672));
#1759 = ELLIPSE('',#1760,5.15,5.15);
#1760 = AXIS2_PLACEMENT_3D('',#1761,#1762,#1763);
#1761 = CARTESIAN_POINT('',(8.375,-10.04999999999,14.100958938463));
#1762 = DIRECTION('',(7.598133879672E-08,-2.829887001843E-13,-1.));
#1763 = DIRECTION('',(0.999999999999,-1.192249410288E-06,
    7.5981338797E-08));
#1764 = ORIENTED_EDGE('',*,*,#1765,.T.);
#1765 = EDGE_CURVE('',#1757,#1766,#1768,.T.);
#1766 = VERTEX_POINT('',#1767);
#1767 = CARTESIAN_POINT('',(10.199095441394,-4.499999999997,
    14.100959077059));
#1768 = LINE('',#1769,#1770);
#1769 = CARTESIAN_POINT('',(10.108609585816,-4.405094381381,
    14.100959070184));
#1770 = VECTOR('',#1771,1.);
#1771 = DIRECTION('',(-0.690053170804,0.723758676261,-5.243136857414E-08
    ));
#1772 = ORIENTED_EDGE('',*,*,#1773,.T.);
#1773 = EDGE_CURVE('',#1766,#1774,#1776,.T.);
#1774 = VERTEX_POINT('',#1775);
#1775 = CARTESIAN_POINT('',(6.550904558606,-4.499999999997,
    14.100958799865));
#1776 = LINE('',#1777,#1778);
#1777 = CARTESIAN_POINT('',(5.100027437724,-4.499999999997,
    14.100958689625));
#1778 = VECTOR('',#1779,1.);
#1779 = DIRECTION('',(-1.,-1.46188090851E-20,-7.598133879672E-08));
#1780 = ORIENTED_EDGE('',*,*,#1781,.F.);
#1781 = EDGE_CURVE('',#1748,#1774,#1782,.T.);
#1782 = LINE('',#1783,#1784);
#1783 = CARTESIAN_POINT('',(2.653895225893,-8.587357953494,
    14.100958503766));
#1784 = VECTOR('',#1785,1.);
#1785 = DIRECTION('',(0.690053170804,0.723758676261,5.243095894309E-08)
  );
#1786 = FACE_BOUND('',#1787,.T.);
#1787 = EDGE_LOOP('',(#1788,#1797,#1804,#1805,#1806));
#1788 = ORIENTED_EDGE('',*,*,#1789,.T.);
#1789 = EDGE_CURVE('',#921,#1790,#1792,.T.);
#1790 = VERTEX_POINT('',#1791);
#1791 = CARTESIAN_POINT('',(11.025,-10.04999999999,14.100959139814));
#1792 = CIRCLE('',#1793,2.65);
#1793 = AXIS2_PLACEMENT_3D('',#1794,#1795,#1796);
#1794 = CARTESIAN_POINT('',(8.375,-10.04999999999,14.100958938463));
#1795 = DIRECTION('',(5.191115123126E-15,-1.924E-13,-1.));
#1796 = DIRECTION('',(1.,0.,5.191115123126E-15));
#1797 = ORIENTED_EDGE('',*,*,#1798,.T.);
#1798 = EDGE_CURVE('',#1790,#866,#1799,.T.);
#1799 = CIRCLE('',#1800,2.65);
#1800 = AXIS2_PLACEMENT_3D('',#1801,#1802,#1803);
#1801 = CARTESIAN_POINT('',(8.375,-10.04999999999,14.100958938463));
#1802 = DIRECTION('',(5.191115123126E-15,-1.924E-13,-1.));
#1803 = DIRECTION('',(1.,0.,5.191115123126E-15));
#1804 = ORIENTED_EDGE('',*,*,#865,.T.);
#1805 = ORIENTED_EDGE('',*,*,#896,.T.);
#1806 = ORIENTED_EDGE('',*,*,#920,.T.);
#1807 = PLANE('',#1808);
#1808 = AXIS2_PLACEMENT_3D('',#1809,#1810,#1811);
#1809 = CARTESIAN_POINT('',(8.487952220117,-9.539024952742,
    14.100958947046));
#1810 = DIRECTION('',(-7.598133873389E-08,2.82773670445E-13,1.));
#1811 = DIRECTION('',(1.,3.009265538105E-36,7.598133873389E-08));
#1812 = ADVANCED_FACE('',(#1813,#1857),#1878,.T.);
#1813 = FACE_BOUND('',#1814,.T.);
#1814 = EDGE_LOOP('',(#1815,#1826,#1835,#1843,#1851));
#1815 = ORIENTED_EDGE('',*,*,#1816,.F.);
#1816 = EDGE_CURVE('',#1817,#1819,#1821,.T.);
#1817 = VERTEX_POINT('',#1818);
#1818 = CARTESIAN_POINT('',(-3.225,-10.04999999999,14.10095805708));
#1819 = VERTEX_POINT('',#1820);
#1820 = CARTESIAN_POINT('',(-12.00531797901,-6.397152977298,
    14.100957389939));
#1821 = ELLIPSE('',#1822,5.15,5.15);
#1822 = AXIS2_PLACEMENT_3D('',#1823,#1824,#1825);
#1823 = CARTESIAN_POINT('',(-8.375,-10.04999999999,14.100957665776));
#1824 = DIRECTION('',(7.598133879672E-08,-2.829887001843E-13,-1.));
#1825 = DIRECTION('',(0.999999999999,-1.192249410288E-06,
    7.5981338797E-08));
#1826 = ORIENTED_EDGE('',*,*,#1827,.F.);
#1827 = EDGE_CURVE('',#1828,#1817,#1830,.T.);
#1828 = VERTEX_POINT('',#1829);
#1829 = CARTESIAN_POINT('',(-4.744682020986,-6.397152977298,
    14.100957941611));
#1830 = ELLIPSE('',#1831,5.15,5.15);
#1831 = AXIS2_PLACEMENT_3D('',#1832,#1833,#1834);
#1832 = CARTESIAN_POINT('',(-8.375,-10.04999999999,14.100957665776));
#1833 = DIRECTION('',(7.598133879672E-08,-2.829887001843E-13,-1.));
#1834 = DIRECTION('',(0.999999999999,-1.192249410288E-06,
    7.5981338797E-08));
#1835 = ORIENTED_EDGE('',*,*,#1836,.T.);
#1836 = EDGE_CURVE('',#1828,#1837,#1839,.T.);
#1837 = VERTEX_POINT('',#1838);
#1838 = CARTESIAN_POINT('',(-6.653608358788,-4.499999999997,
    14.100957796568));
#1839 = LINE('',#1840,#1841);
#1840 = CARTESIAN_POINT('',(-2.637737594659,-8.491102760617,
    14.100958101701));
#1841 = VECTOR('',#1842,1.);
#1842 = DIRECTION('',(-0.709290684019,0.70491611243,-5.389305525112E-08)
  );
#1843 = ORIENTED_EDGE('',*,*,#1844,.F.);
#1844 = EDGE_CURVE('',#1845,#1837,#1847,.T.);
#1845 = VERTEX_POINT('',#1846);
#1846 = CARTESIAN_POINT('',(-10.09639164121,-4.499999999997,
    14.100957534981));
#1847 = LINE('',#1848,#1849);
#1848 = CARTESIAN_POINT('',(-5.047716103579,-4.499999999997,
    14.100957918586));
#1849 = VECTOR('',#1850,1.);
#1850 = DIRECTION('',(1.,1.46188090851E-20,7.598133879672E-08));
#1851 = ORIENTED_EDGE('',*,*,#1852,.T.);
#1852 = EDGE_CURVE('',#1845,#1819,#1853,.T.);
#1853 = LINE('',#1854,#1855);
#1854 = CARTESIAN_POINT('',(-8.943910378214,-3.354626699791,
    14.100957622548));
#1855 = VECTOR('',#1856,1.);
#1856 = DIRECTION('',(-0.709290684019,-0.70491611243,-5.389265628454E-08
    ));
#1857 = FACE_BOUND('',#1858,.T.);
#1858 = EDGE_LOOP('',(#1859,#1868,#1875,#1876,#1877));
#1859 = ORIENTED_EDGE('',*,*,#1860,.T.);
#1860 = EDGE_CURVE('',#1000,#1861,#1863,.T.);
#1861 = VERTEX_POINT('',#1862);
#1862 = CARTESIAN_POINT('',(-5.725,-10.04999999999,14.100957867127));
#1863 = CIRCLE('',#1864,2.65);
#1864 = AXIS2_PLACEMENT_3D('',#1865,#1866,#1867);
#1865 = CARTESIAN_POINT('',(-8.375,-10.04999999999,14.100957665776));
#1866 = DIRECTION('',(5.191115123126E-15,-1.924E-13,-1.));
#1867 = DIRECTION('',(1.,0.,5.191115123126E-15));
#1868 = ORIENTED_EDGE('',*,*,#1869,.T.);
#1869 = EDGE_CURVE('',#1861,#945,#1870,.T.);
#1870 = CIRCLE('',#1871,2.65);
#1871 = AXIS2_PLACEMENT_3D('',#1872,#1873,#1874);
#1872 = CARTESIAN_POINT('',(-8.375,-10.04999999999,14.100957665776));
#1873 = DIRECTION('',(5.191115123126E-15,-1.924E-13,-1.));
#1874 = DIRECTION('',(1.,0.,5.191115123126E-15));
#1875 = ORIENTED_EDGE('',*,*,#944,.T.);
#1876 = ORIENTED_EDGE('',*,*,#975,.T.);
#1877 = ORIENTED_EDGE('',*,*,#999,.T.);
#1878 = PLANE('',#1879);
#1879 = AXIS2_PLACEMENT_3D('',#1880,#1881,#1882);
#1880 = CARTESIAN_POINT('',(-8.257289515534,-9.552365143092,
    14.10095767472));
#1881 = DIRECTION('',(-7.598133883292E-08,2.828954120275E-13,1.));
#1882 = DIRECTION('',(1.,3.009265538105E-36,7.598133883292E-08));
#1883 = ADVANCED_FACE('',(#1884),#1890,.F.);
#1884 = FACE_BOUND('',#1885,.F.);
#1885 = EDGE_LOOP('',(#1886,#1887,#1888,#1889));
#1886 = ORIENTED_EDGE('',*,*,#1635,.F.);
#1887 = ORIENTED_EDGE('',*,*,#1170,.T.);
#1888 = ORIENTED_EDGE('',*,*,#1025,.T.);
#1889 = ORIENTED_EDGE('',*,*,#1048,.F.);
#1890 = PLANE('',#1891);
#1891 = AXIS2_PLACEMENT_3D('',#1892,#1893,#1894);
#1892 = CARTESIAN_POINT('',(30.000957245421,-24.79999999999,
    24.270478873166));
#1893 = DIRECTION('',(9.041933433784E-15,0.707106781186,-0.707106781187)
  );
#1894 = DIRECTION('',(-1.,3.058512039777E-18,-1.278416638009E-14));
#1895 = ADVANCED_FACE('',(#1896),#1916,.F.);
#1896 = FACE_BOUND('',#1897,.F.);
#1897 = EDGE_LOOP('',(#1898,#1899,#1900,#1901,#1907,#1908,#1909,#1915));
#1898 = ORIENTED_EDGE('',*,*,#1137,.F.);
#1899 = ORIENTED_EDGE('',*,*,#1373,.F.);
#1900 = ORIENTED_EDGE('',*,*,#1298,.F.);
#1901 = ORIENTED_EDGE('',*,*,#1902,.T.);
#1902 = EDGE_CURVE('',#1299,#1819,#1903,.T.);
#1903 = LINE('',#1904,#1905);
#1904 = CARTESIAN_POINT('',(-12.00531797901,-6.397152977295,
    26.218201956877));
#1905 = VECTOR('',#1906,1.);
#1906 = DIRECTION('',(5.191115123126E-15,-1.924E-13,-1.));
#1907 = ORIENTED_EDGE('',*,*,#1816,.F.);
#1908 = ORIENTED_EDGE('',*,*,#1827,.F.);
#1909 = ORIENTED_EDGE('',*,*,#1910,.F.);
#1910 = EDGE_CURVE('',#1121,#1828,#1911,.T.);
#1911 = LINE('',#1912,#1913);
#1912 = CARTESIAN_POINT('',(-4.744682020986,-6.397152977295,
    26.218201956877));
#1913 = VECTOR('',#1914,1.);
#1914 = DIRECTION('',(5.191115123126E-15,-1.924E-13,-1.));
#1915 = ORIENTED_EDGE('',*,*,#1128,.F.);
#1916 = CYLINDRICAL_SURFACE('',#1917,5.15);
#1917 = AXIS2_PLACEMENT_3D('',#1918,#1919,#1920);
#1918 = CARTESIAN_POINT('',(-8.375,-10.04999999999,26.218201956877));
#1919 = DIRECTION('',(-5.191115123126E-15,1.924E-13,1.));
#1920 = DIRECTION('',(1.,4.993852748447E-28,5.191115123126E-15));
#1921 = ADVANCED_FACE('',(#1922),#1933,.F.);
#1922 = FACE_BOUND('',#1923,.F.);
#1923 = EDGE_LOOP('',(#1924,#1925,#1926,#1927));
#1924 = ORIENTED_EDGE('',*,*,#1120,.F.);
#1925 = ORIENTED_EDGE('',*,*,#1910,.T.);
#1926 = ORIENTED_EDGE('',*,*,#1836,.T.);
#1927 = ORIENTED_EDGE('',*,*,#1928,.F.);
#1928 = EDGE_CURVE('',#1113,#1837,#1929,.T.);
#1929 = LINE('',#1930,#1931);
#1930 = CARTESIAN_POINT('',(-6.653608358788,-4.499999999995,
    26.218201956876));
#1931 = VECTOR('',#1932,1.);
#1932 = DIRECTION('',(5.191115123126E-15,-1.924E-13,-1.));
#1933 = PLANE('',#1934);
#1934 = AXIS2_PLACEMENT_3D('',#1935,#1936,#1937);
#1935 = CARTESIAN_POINT('',(-4.744682020986,-6.397152977295,
    26.218201956877));
#1936 = DIRECTION('',(0.70491611243,0.709290684019,-1.328082269135E-13)
  );
#1937 = DIRECTION('',(-0.709290684019,0.70491611243,-1.39307869628E-13)
  );
#1938 = ADVANCED_FACE('',(#1939),#1957,.T.);
#1939 = FACE_BOUND('',#1940,.T.);
#1940 = EDGE_LOOP('',(#1941,#1942,#1948,#1949,#1950,#1951));
#1941 = ORIENTED_EDGE('',*,*,#1249,.F.);
#1942 = ORIENTED_EDGE('',*,*,#1943,.T.);
#1943 = EDGE_CURVE('',#1250,#1845,#1944,.T.);
#1944 = LINE('',#1945,#1946);
#1945 = CARTESIAN_POINT('',(-10.09639164121,-4.499999999995,
    26.218201956876));
#1946 = VECTOR('',#1947,1.);
#1947 = DIRECTION('',(5.191115123126E-15,-1.924E-13,-1.));
#1948 = ORIENTED_EDGE('',*,*,#1844,.T.);
#1949 = ORIENTED_EDGE('',*,*,#1928,.F.);
#1950 = ORIENTED_EDGE('',*,*,#1112,.F.);
#1951 = ORIENTED_EDGE('',*,*,#1952,.F.);
#1952 = EDGE_CURVE('',#1252,#1105,#1953,.T.);
#1953 = LINE('',#1954,#1955);
#1954 = CARTESIAN_POINT('',(-9.657207572757,-4.499999999995,
    25.93231163605));
#1955 = VECTOR('',#1956,1.);
#1956 = DIRECTION('',(0.707106767755,-1.360473472846E-13,-0.707106794618
    ));
#1957 = PLANE('',#1958);
#1958 = AXIS2_PLACEMENT_3D('',#1959,#1960,#1961);
#1959 = CARTESIAN_POINT('',(-10.09639164121,-4.499999999995,
    26.218201956876));
#1960 = DIRECTION('',(-4.993852748447E-28,-1.,1.924E-13));
#1961 = DIRECTION('',(1.,4.993852748447E-28,5.191115123126E-15));
#1962 = ADVANCED_FACE('',(#1963),#1974,.T.);
#1963 = FACE_BOUND('',#1964,.T.);
#1964 = EDGE_LOOP('',(#1965,#1966,#1967,#1973));
#1965 = ORIENTED_EDGE('',*,*,#1952,.T.);
#1966 = ORIENTED_EDGE('',*,*,#1104,.T.);
#1967 = ORIENTED_EDGE('',*,*,#1968,.T.);
#1968 = EDGE_CURVE('',#1097,#1260,#1969,.T.);
#1969 = LINE('',#1970,#1971);
#1970 = CARTESIAN_POINT('',(-33.36741191237,-2.799999999985,
    49.642516876435));
#1971 = VECTOR('',#1972,1.);
#1972 = DIRECTION('',(-0.707106767755,1.311258841399E-13,0.707106794618)
  );
#1973 = ORIENTED_EDGE('',*,*,#1259,.F.);
#1974 = PLANE('',#1975);
#1975 = AXIS2_PLACEMENT_3D('',#1976,#1977,#1978);
#1976 = CARTESIAN_POINT('',(-9.294670386458,-5.049999999991,
    25.569774435979));
#1977 = DIRECTION('',(0.707106794618,1.4346E-13,0.707106767755));
#1978 = DIRECTION('',(-2.043815368737E-13,1.,1.498463126385E-15));
#1979 = ADVANCED_FACE('',(#1980,#1997,#2008),#2019,.T.);
#1980 = FACE_BOUND('',#1981,.T.);
#1981 = EDGE_LOOP('',(#1982,#1983,#1984,#1985,#1986,#1987,#1988,#1989,
    #1990,#1991));
#1982 = ORIENTED_EDGE('',*,*,#1525,.F.);
#1983 = ORIENTED_EDGE('',*,*,#1517,.F.);
#1984 = ORIENTED_EDGE('',*,*,#1602,.F.);
#1985 = ORIENTED_EDGE('',*,*,#1357,.T.);
#1986 = ORIENTED_EDGE('',*,*,#1322,.F.);
#1987 = ORIENTED_EDGE('',*,*,#1275,.F.);
#1988 = ORIENTED_EDGE('',*,*,#1267,.F.);
#1989 = ORIENTED_EDGE('',*,*,#1968,.F.);
#1990 = ORIENTED_EDGE('',*,*,#1096,.F.);
#1991 = ORIENTED_EDGE('',*,*,#1992,.F.);
#1992 = EDGE_CURVE('',#1526,#1089,#1993,.T.);
#1993 = LINE('',#1994,#1995);
#1994 = CARTESIAN_POINT('',(15.066623283812,-2.799999999988,
    31.339810841091));
#1995 = VECTOR('',#1996,1.);
#1996 = DIRECTION('',(-0.707106767755,-1.388050636377E-13,
    -0.707106794618));
#1997 = FACE_BOUND('',#1998,.T.);
#1998 = EDGE_LOOP('',(#1999));
#1999 = ORIENTED_EDGE('',*,*,#2000,.F.);
#2000 = EDGE_CURVE('',#2001,#2001,#2003,.T.);
#2001 = VERTEX_POINT('',#2002);
#2002 = CARTESIAN_POINT('',(24.001917088812,-2.800000000023,
    19.115614188453));
#2003 = CIRCLE('',#2004,2.75);
#2004 = AXIS2_PLACEMENT_3D('',#2005,#2006,#2007);
#2005 = CARTESIAN_POINT('',(24.001917088812,-2.800000000022,
    21.865614188453));
#2006 = DIRECTION('',(-2.4596E-13,1.,-1.9096E-13));
#2007 = DIRECTION('',(-3.018111512313E-14,1.9096E-13,1.));
#2008 = FACE_BOUND('',#2009,.T.);
#2009 = EDGE_LOOP('',(#2010));
#2010 = ORIENTED_EDGE('',*,*,#2011,.F.);
#2011 = EDGE_CURVE('',#2012,#2012,#2014,.T.);
#2012 = VERTEX_POINT('',#2013);
#2013 = CARTESIAN_POINT('',(-24.00000037736,-2.800000000023,
    19.115614188452));
#2014 = CIRCLE('',#2015,2.75);
#2015 = AXIS2_PLACEMENT_3D('',#2016,#2017,#2018);
#2016 = CARTESIAN_POINT('',(-24.00000037736,-2.800000000023,
    21.865614188452));
#2017 = DIRECTION('',(2.3511E-13,1.,-1.9096E-13));
#2018 = DIRECTION('',(-5.311115123126E-15,1.9096E-13,1.));
#2019 = PLANE('',#2020);
#2020 = AXIS2_PLACEMENT_3D('',#2021,#2022,#2023);
#2021 = CARTESIAN_POINT('',(-36.60445371496,-2.799999999976,
    94.550958248657));
#2022 = DIRECTION('',(-5.429999999999E-15,1.,-1.9087E-13));
#2023 = DIRECTION('',(-5.331115123126E-15,1.9087E-13,1.));
#2024 = ADVANCED_FACE('',(#2025),#2036,.F.);
#2025 = FACE_BOUND('',#2026,.F.);
#2026 = EDGE_LOOP('',(#2027,#2028,#2034,#2035));
#2027 = ORIENTED_EDGE('',*,*,#1533,.F.);
#2028 = ORIENTED_EDGE('',*,*,#2029,.F.);
#2029 = EDGE_CURVE('',#1081,#1534,#2030,.T.);
#2030 = LINE('',#2031,#2032);
#2031 = CARTESIAN_POINT('',(9.684321055431,-4.499999999995,
    25.957508408234));
#2032 = VECTOR('',#2033,1.);
#2033 = DIRECTION('',(0.707106767755,1.360473472846E-13,0.707106794618)
  );
#2034 = ORIENTED_EDGE('',*,*,#1088,.F.);
#2035 = ORIENTED_EDGE('',*,*,#1992,.F.);
#2036 = PLANE('',#2037);
#2037 = AXIS2_PLACEMENT_3D('',#2038,#2039,#2040);
#2038 = CARTESIAN_POINT('',(9.296587097907,-5.049999999991,
    25.569774435979));
#2039 = DIRECTION('',(0.707106794618,-1.3579E-13,-0.707106767755));
#2040 = DIRECTION('',(1.93533027965E-13,1.,1.496972035069E-15));
#2041 = ADVANCED_FACE('',(#2042),#2060,.F.);
#2042 = FACE_BOUND('',#2043,.F.);
#2043 = EDGE_LOOP('',(#2044,#2045,#2051,#2052,#2058,#2059));
#2044 = ORIENTED_EDGE('',*,*,#1541,.F.);
#2045 = ORIENTED_EDGE('',*,*,#2046,.T.);
#2046 = EDGE_CURVE('',#1542,#1766,#2047,.T.);
#2047 = LINE('',#2048,#2049);
#2048 = CARTESIAN_POINT('',(10.199095441394,-4.499999999995,
    26.218201956876));
#2049 = VECTOR('',#2050,1.);
#2050 = DIRECTION('',(5.191115123126E-15,-1.924E-13,-1.));
#2051 = ORIENTED_EDGE('',*,*,#1773,.T.);
#2052 = ORIENTED_EDGE('',*,*,#2053,.F.);
#2053 = EDGE_CURVE('',#1073,#1774,#2054,.T.);
#2054 = LINE('',#2055,#2056);
#2055 = CARTESIAN_POINT('',(6.550904558606,-4.499999999995,
    26.218201956876));
#2056 = VECTOR('',#2057,1.);
#2057 = DIRECTION('',(5.191115123126E-15,-1.924E-13,-1.));
#2058 = ORIENTED_EDGE('',*,*,#1080,.F.);
#2059 = ORIENTED_EDGE('',*,*,#2029,.T.);
#2060 = PLANE('',#2061);
#2061 = AXIS2_PLACEMENT_3D('',#2062,#2063,#2064);
#2062 = CARTESIAN_POINT('',(10.199095441394,-4.499999999995,
    26.218201956876));
#2063 = DIRECTION('',(4.993852748447E-28,1.,-1.924E-13));
#2064 = DIRECTION('',(-1.,-4.993852748447E-28,-5.191115123126E-15));
#2065 = ADVANCED_FACE('',(#2066),#2077,.T.);
#2066 = FACE_BOUND('',#2067,.T.);
#2067 = EDGE_LOOP('',(#2068,#2069,#2075,#2076));
#2068 = ORIENTED_EDGE('',*,*,#1072,.F.);
#2069 = ORIENTED_EDGE('',*,*,#2070,.T.);
#2070 = EDGE_CURVE('',#1064,#1748,#2071,.T.);
#2071 = LINE('',#2072,#2073);
#2072 = CARTESIAN_POINT('',(4.647642817255,-6.496226170354,
    26.218201956877));
#2073 = VECTOR('',#2074,1.);
#2074 = DIRECTION('',(5.191115123126E-15,-1.924E-13,-1.));
#2075 = ORIENTED_EDGE('',*,*,#1781,.T.);
#2076 = ORIENTED_EDGE('',*,*,#2053,.F.);
#2077 = PLANE('',#2078);
#2078 = AXIS2_PLACEMENT_3D('',#2079,#2080,#2081);
#2079 = CARTESIAN_POINT('',(4.647642817255,-6.496226170354,
    26.218201956877));
#2080 = DIRECTION('',(0.723758676261,-0.690053170804,1.365233446725E-13)
  );
#2081 = DIRECTION('',(0.690053170804,0.723758676261,-1.356690238619E-13)
  );
#2082 = ADVANCED_FACE('',(#2083),#2098,.F.);
#2083 = FACE_BOUND('',#2084,.F.);
#2084 = EDGE_LOOP('',(#2085,#2091,#2092,#2093,#2094,#2095,#2096,#2097));
#2085 = ORIENTED_EDGE('',*,*,#2086,.F.);
#2086 = EDGE_CURVE('',#1550,#1757,#2087,.T.);
#2087 = LINE('',#2088,#2089);
#2088 = CARTESIAN_POINT('',(12.102357182745,-6.496226170354,
    26.218201956877));
#2089 = VECTOR('',#2090,1.);
#2090 = DIRECTION('',(5.191115123126E-15,-1.924E-13,-1.));
#2091 = ORIENTED_EDGE('',*,*,#1557,.F.);
#2092 = ORIENTED_EDGE('',*,*,#1566,.F.);
#2093 = ORIENTED_EDGE('',*,*,#1583,.F.);
#2094 = ORIENTED_EDGE('',*,*,#1063,.F.);
#2095 = ORIENTED_EDGE('',*,*,#2070,.T.);
#2096 = ORIENTED_EDGE('',*,*,#1745,.F.);
#2097 = ORIENTED_EDGE('',*,*,#1756,.F.);
#2098 = CYLINDRICAL_SURFACE('',#2099,5.15);
#2099 = AXIS2_PLACEMENT_3D('',#2100,#2101,#2102);
#2100 = CARTESIAN_POINT('',(8.375,-10.04999999999,26.218201956878));
#2101 = DIRECTION('',(-5.191115123126E-15,1.924E-13,1.));
#2102 = DIRECTION('',(1.,4.993852748447E-28,5.191115123126E-15));
#2103 = ADVANCED_FACE('',(#2104),#2110,.F.);
#2104 = FACE_BOUND('',#2105,.F.);
#2105 = EDGE_LOOP('',(#2106,#2107,#2108,#2109));
#2106 = ORIENTED_EDGE('',*,*,#1234,.F.);
#2107 = ORIENTED_EDGE('',*,*,#1217,.T.);
#2108 = ORIENTED_EDGE('',*,*,#1616,.T.);
#2109 = ORIENTED_EDGE('',*,*,#1398,.F.);
#2110 = CONICAL_SURFACE('',#2111,5.125,0.785398163397);
#2111 = AXIS2_PLACEMENT_3D('',#2112,#2113,#2114);
#2112 = CARTESIAN_POINT('',(-23.53537531774,-24.59999999999,
    14.565958355716));
#2113 = DIRECTION('',(-7.255078401828E-21,-1.,1.9097E-13));
#2114 = DIRECTION('',(-1.,7.255022668679E-21,-2.918424309805E-13));
#2115 = ADVANCED_FACE('',(#2116),#2122,.F.);
#2116 = FACE_BOUND('',#2117,.F.);
#2117 = EDGE_LOOP('',(#2118,#2119,#2120,#2121));
#2118 = ORIENTED_EDGE('',*,*,#1652,.F.);
#2119 = ORIENTED_EDGE('',*,*,#1193,.T.);
#2120 = ORIENTED_EDGE('',*,*,#1667,.T.);
#2121 = ORIENTED_EDGE('',*,*,#1693,.F.);
#2122 = CONICAL_SURFACE('',#2123,5.125,0.785398163397);
#2123 = AXIS2_PLACEMENT_3D('',#2124,#2125,#2126);
#2124 = CARTESIAN_POINT('',(23.53729198975,-24.59999999999,
    14.565958355717));
#2125 = DIRECTION('',(-7.255078401828E-21,-1.,1.9097E-13));
#2126 = DIRECTION('',(-1.,7.255078865167E-21,2.426243487961E-15));
#2127 = ADVANCED_FACE('',(#2128),#2134,.F.);
#2128 = FACE_BOUND('',#2129,.F.);
#2129 = EDGE_LOOP('',(#2130,#2131,#2132,#2133));
#2130 = ORIENTED_EDGE('',*,*,#1307,.F.);
#2131 = ORIENTED_EDGE('',*,*,#1943,.T.);
#2132 = ORIENTED_EDGE('',*,*,#1852,.T.);
#2133 = ORIENTED_EDGE('',*,*,#1902,.F.);
#2134 = PLANE('',#2135);
#2135 = AXIS2_PLACEMENT_3D('',#2136,#2137,#2138);
#2136 = CARTESIAN_POINT('',(-10.09639164121,-4.499999999995,
    26.218201956876));
#2137 = DIRECTION('',(-0.70491611243,0.709290684019,-1.401268282971E-13)
  );
#2138 = DIRECTION('',(-0.709290684019,-0.70491611243,1.31943850435E-13)
  );
#2139 = ADVANCED_FACE('',(#2140),#2186,.F.);
#2140 = FACE_BOUND('',#2141,.F.);
#2141 = EDGE_LOOP('',(#2142,#2150,#2159,#2168,#2177,#2184,#2185));
#2142 = ORIENTED_EDGE('',*,*,#2143,.T.);
#2143 = EDGE_CURVE('',#1426,#2144,#2146,.T.);
#2144 = VERTEX_POINT('',#2145);
#2145 = CARTESIAN_POINT('',(23.537291989749,-7.399999999997,
    12.965958355714));
#2146 = LINE('',#2147,#2148);
#2147 = CARTESIAN_POINT('',(23.537291989749,-8.550000000023,
    12.965958355716));
#2148 = VECTOR('',#2149,1.);
#2149 = DIRECTION('',(2.4596E-13,-1.,1.9026E-13));
#2150 = ORIENTED_EDGE('',*,*,#2151,.F.);
#2151 = EDGE_CURVE('',#2152,#2144,#2154,.T.);
#2152 = VERTEX_POINT('',#2153);
#2153 = CARTESIAN_POINT('',(21.937291989749,-7.399999999997,
    14.565958355716));
#2154 = CIRCLE('',#2155,1.6);
#2155 = AXIS2_PLACEMENT_3D('',#2156,#2157,#2158);
#2156 = CARTESIAN_POINT('',(23.537291989749,-7.399999999997,
    14.565958355716));
#2157 = DIRECTION('',(4.049999999999E-15,-1.,1.7678E-13));
#2158 = DIRECTION('',(-5.311115123126E-15,1.7678E-13,1.));
#2159 = ORIENTED_EDGE('',*,*,#2160,.F.);
#2160 = EDGE_CURVE('',#2161,#2152,#2163,.T.);
#2161 = VERTEX_POINT('',#2162);
#2162 = CARTESIAN_POINT('',(23.537291989749,-7.399999999997,
    16.165958355714));
#2163 = CIRCLE('',#2164,1.6);
#2164 = AXIS2_PLACEMENT_3D('',#2165,#2166,#2167);
#2165 = CARTESIAN_POINT('',(23.537291989749,-7.399999999997,
    14.565958355716));
#2166 = DIRECTION('',(4.049999999999E-15,-1.,1.7678E-13));
#2167 = DIRECTION('',(-5.311115123126E-15,1.7678E-13,1.));
#2168 = ORIENTED_EDGE('',*,*,#2169,.F.);
#2169 = EDGE_CURVE('',#2170,#2161,#2172,.T.);
#2170 = VERTEX_POINT('',#2171);
#2171 = CARTESIAN_POINT('',(25.137291989749,-7.399999999997,
    14.565958355716));
#2172 = CIRCLE('',#2173,1.6);
#2173 = AXIS2_PLACEMENT_3D('',#2174,#2175,#2176);
#2174 = CARTESIAN_POINT('',(23.537291989749,-7.399999999997,
    14.565958355716));
#2175 = DIRECTION('',(4.049999999999E-15,-1.,1.7678E-13));
#2176 = DIRECTION('',(-5.311115123126E-15,1.7678E-13,1.));
#2177 = ORIENTED_EDGE('',*,*,#2178,.F.);
#2178 = EDGE_CURVE('',#2144,#2170,#2179,.T.);
#2179 = CIRCLE('',#2180,1.6);
#2180 = AXIS2_PLACEMENT_3D('',#2181,#2182,#2183);
#2181 = CARTESIAN_POINT('',(23.537291989749,-7.399999999997,
    14.565958355716));
#2182 = DIRECTION('',(4.049999999999E-15,-1.,1.7678E-13));
#2183 = DIRECTION('',(-5.311115123126E-15,1.7678E-13,1.));
#2184 = ORIENTED_EDGE('',*,*,#2143,.F.);
#2185 = ORIENTED_EDGE('',*,*,#1433,.T.);
#2186 = CYLINDRICAL_SURFACE('',#2187,1.6);
#2187 = AXIS2_PLACEMENT_3D('',#2188,#2189,#2190);
#2188 = CARTESIAN_POINT('',(23.537291989749,-8.550000000023,
    14.565958355716));
#2189 = DIRECTION('',(2.4596E-13,-1.,1.9026E-13));
#2190 = DIRECTION('',(-5.311115123126E-15,1.9026E-13,1.));
#2191 = ADVANCED_FACE('',(#2192),#2238,.F.);
#2192 = FACE_BOUND('',#2193,.F.);
#2193 = EDGE_LOOP('',(#2194,#2202,#2211,#2220,#2229,#2236,#2237));
#2194 = ORIENTED_EDGE('',*,*,#2195,.T.);
#2195 = EDGE_CURVE('',#1451,#2196,#2198,.T.);
#2196 = VERTEX_POINT('',#2197);
#2197 = CARTESIAN_POINT('',(-23.53537531774,-7.399999999979,
    12.965958355713));
#2198 = LINE('',#2199,#2200);
#2199 = CARTESIAN_POINT('',(-23.53537531774,-8.550000000024,
    12.965958355716));
#2200 = VECTOR('',#2201,1.);
#2201 = DIRECTION('',(-2.3511E-13,-1.,1.9026E-13));
#2202 = ORIENTED_EDGE('',*,*,#2203,.F.);
#2203 = EDGE_CURVE('',#2204,#2196,#2206,.T.);
#2204 = VERTEX_POINT('',#2205);
#2205 = CARTESIAN_POINT('',(-25.13537531774,-7.399999999979,
    14.565958355715));
#2206 = CIRCLE('',#2207,1.6);
#2207 = AXIS2_PLACEMENT_3D('',#2208,#2209,#2210);
#2208 = CARTESIAN_POINT('',(-23.53537531774,-7.399999999979,
    14.565958355715));
#2209 = DIRECTION('',(4.049999999999E-15,-1.,1.7678E-13));
#2210 = DIRECTION('',(-5.311115123126E-15,1.7678E-13,1.));
#2211 = ORIENTED_EDGE('',*,*,#2212,.F.);
#2212 = EDGE_CURVE('',#2213,#2204,#2215,.T.);
#2213 = VERTEX_POINT('',#2214);
#2214 = CARTESIAN_POINT('',(-23.53537531774,-7.399999999979,
    16.165958355713));
#2215 = CIRCLE('',#2216,1.6);
#2216 = AXIS2_PLACEMENT_3D('',#2217,#2218,#2219);
#2217 = CARTESIAN_POINT('',(-23.53537531774,-7.399999999979,
    14.565958355715));
#2218 = DIRECTION('',(4.049999999999E-15,-1.,1.7678E-13));
#2219 = DIRECTION('',(-5.311115123126E-15,1.7678E-13,1.));
#2220 = ORIENTED_EDGE('',*,*,#2221,.F.);
#2221 = EDGE_CURVE('',#2222,#2213,#2224,.T.);
#2222 = VERTEX_POINT('',#2223);
#2223 = CARTESIAN_POINT('',(-21.93537531774,-7.399999999979,
    14.565958355715));
#2224 = CIRCLE('',#2225,1.6);
#2225 = AXIS2_PLACEMENT_3D('',#2226,#2227,#2228);
#2226 = CARTESIAN_POINT('',(-23.53537531774,-7.399999999979,
    14.565958355715));
#2227 = DIRECTION('',(4.049999999999E-15,-1.,1.7678E-13));
#2228 = DIRECTION('',(-5.311115123126E-15,1.7678E-13,1.));
#2229 = ORIENTED_EDGE('',*,*,#2230,.F.);
#2230 = EDGE_CURVE('',#2196,#2222,#2231,.T.);
#2231 = CIRCLE('',#2232,1.6);
#2232 = AXIS2_PLACEMENT_3D('',#2233,#2234,#2235);
#2233 = CARTESIAN_POINT('',(-23.53537531774,-7.399999999979,
    14.565958355715));
#2234 = DIRECTION('',(4.049999999999E-15,-1.,1.7678E-13));
#2235 = DIRECTION('',(-5.311115123126E-15,1.7678E-13,1.));
#2236 = ORIENTED_EDGE('',*,*,#2195,.F.);
#2237 = ORIENTED_EDGE('',*,*,#1458,.T.);
#2238 = CYLINDRICAL_SURFACE('',#2239,1.6);
#2239 = AXIS2_PLACEMENT_3D('',#2240,#2241,#2242);
#2240 = CARTESIAN_POINT('',(-23.53537531774,-8.550000000023,
    14.565958355716));
#2241 = DIRECTION('',(-2.3511E-13,-1.,1.9026E-13));
#2242 = DIRECTION('',(-5.311115123126E-15,1.9026E-13,1.));
#2243 = ADVANCED_FACE('',(#2244),#2331,.F.);
#2244 = FACE_BOUND('',#2245,.F.);
#2245 = EDGE_LOOP('',(#2246,#2254,#2263,#2271,#2280,#2288,#2297,#2305,
    #2314,#2322,#2329,#2330));
#2246 = ORIENTED_EDGE('',*,*,#2247,.T.);
#2247 = EDGE_CURVE('',#1476,#2248,#2250,.T.);
#2248 = VERTEX_POINT('',#2249);
#2249 = CARTESIAN_POINT('',(-23.53537531774,-7.599999999978,
    17.665958355713));
#2250 = LINE('',#2251,#2252);
#2251 = CARTESIAN_POINT('',(-23.53537531774,-10.49999999998,
    17.665958355713));
#2252 = VECTOR('',#2253,1.);
#2253 = DIRECTION('',(-5.429999999999E-15,1.,-1.9087E-13));
#2254 = ORIENTED_EDGE('',*,*,#2255,.F.);
#2255 = EDGE_CURVE('',#2256,#2248,#2258,.T.);
#2256 = VERTEX_POINT('',#2257);
#2257 = CARTESIAN_POINT('',(-25.13537531774,-7.599999999978,
    17.221141965183));
#2258 = CIRCLE('',#2259,3.1);
#2259 = AXIS2_PLACEMENT_3D('',#2260,#2261,#2262);
#2260 = CARTESIAN_POINT('',(-23.53537531774,-7.599999999979,
    14.565958355713));
#2261 = DIRECTION('',(-5.429999999999E-15,1.,-1.9087E-13));
#2262 = DIRECTION('',(-5.301115123126E-15,1.9087E-13,1.));
#2263 = ORIENTED_EDGE('',*,*,#2264,.F.);
#2264 = EDGE_CURVE('',#2265,#2256,#2267,.T.);
#2265 = VERTEX_POINT('',#2266);
#2266 = CARTESIAN_POINT('',(-25.13537531774,-7.799999999978,
    17.221141965183));
#2267 = LINE('',#2268,#2269);
#2268 = CARTESIAN_POINT('',(-25.13537531774,-7.799999999978,
    17.221141965183));
#2269 = VECTOR('',#2270,1.);
#2270 = DIRECTION('',(1.510000000002E-15,1.,-3.5441E-13));
#2271 = ORIENTED_EDGE('',*,*,#2272,.F.);
#2272 = EDGE_CURVE('',#2273,#2265,#2275,.T.);
#2273 = VERTEX_POINT('',#2274);
#2274 = CARTESIAN_POINT('',(-25.13537531774,-7.799999999979,
    11.910774746243));
#2275 = CIRCLE('',#2276,3.1);
#2276 = AXIS2_PLACEMENT_3D('',#2277,#2278,#2279);
#2277 = CARTESIAN_POINT('',(-23.53537531774,-7.799999999981,
    14.565958355713));
#2278 = DIRECTION('',(-5.429999999999E-15,1.,-1.9087E-13));
#2279 = DIRECTION('',(5.311115123126E-15,-1.9087E-13,-1.));
#2280 = ORIENTED_EDGE('',*,*,#2281,.T.);
#2281 = EDGE_CURVE('',#2273,#2282,#2284,.T.);
#2282 = VERTEX_POINT('',#2283);
#2283 = CARTESIAN_POINT('',(-25.13537531774,-7.599999999979,
    11.910774746243));
#2284 = LINE('',#2285,#2286);
#2285 = CARTESIAN_POINT('',(-25.13537531774,-7.799999999979,
    11.910774746243));
#2286 = VECTOR('',#2287,1.);
#2287 = DIRECTION('',(1.510000000002E-15,1.,-3.5441E-13));
#2288 = ORIENTED_EDGE('',*,*,#2289,.F.);
#2289 = EDGE_CURVE('',#2290,#2282,#2292,.T.);
#2290 = VERTEX_POINT('',#2291);
#2291 = CARTESIAN_POINT('',(-21.93537531774,-7.599999999979,
    11.910774746243));
#2292 = CIRCLE('',#2293,3.1);
#2293 = AXIS2_PLACEMENT_3D('',#2294,#2295,#2296);
#2294 = CARTESIAN_POINT('',(-23.53537531774,-7.599999999979,
    14.565958355713));
#2295 = DIRECTION('',(-5.429999999999E-15,1.,-1.9087E-13));
#2296 = DIRECTION('',(-5.301115123126E-15,1.9087E-13,1.));
#2297 = ORIENTED_EDGE('',*,*,#2298,.F.);
#2298 = EDGE_CURVE('',#2299,#2290,#2301,.T.);
#2299 = VERTEX_POINT('',#2300);
#2300 = CARTESIAN_POINT('',(-21.93537531774,-7.799999999979,
    11.910774746243));
#2301 = LINE('',#2302,#2303);
#2302 = CARTESIAN_POINT('',(-21.93537531774,-7.799999999979,
    11.910774746243));
#2303 = VECTOR('',#2304,1.);
#2304 = DIRECTION('',(1.510000000002E-15,1.,-3.5441E-13));
#2305 = ORIENTED_EDGE('',*,*,#2306,.F.);
#2306 = EDGE_CURVE('',#2307,#2299,#2309,.T.);
#2307 = VERTEX_POINT('',#2308);
#2308 = CARTESIAN_POINT('',(-21.93537531774,-7.799999999978,
    17.221141965183));
#2309 = CIRCLE('',#2310,3.1);
#2310 = AXIS2_PLACEMENT_3D('',#2311,#2312,#2313);
#2311 = CARTESIAN_POINT('',(-23.53537531774,-7.799999999981,
    14.565958355713));
#2312 = DIRECTION('',(-5.429999999999E-15,1.,-1.9087E-13));
#2313 = DIRECTION('',(5.311115123126E-15,-1.9087E-13,-1.));
#2314 = ORIENTED_EDGE('',*,*,#2315,.T.);
#2315 = EDGE_CURVE('',#2307,#2316,#2318,.T.);
#2316 = VERTEX_POINT('',#2317);
#2317 = CARTESIAN_POINT('',(-21.93537531774,-7.599999999978,
    17.221141965183));
#2318 = LINE('',#2319,#2320);
#2319 = CARTESIAN_POINT('',(-21.93537531774,-7.799999999978,
    17.221141965183));
#2320 = VECTOR('',#2321,1.);
#2321 = DIRECTION('',(1.510000000002E-15,1.,-3.5441E-13));
#2322 = ORIENTED_EDGE('',*,*,#2323,.F.);
#2323 = EDGE_CURVE('',#2248,#2316,#2324,.T.);
#2324 = CIRCLE('',#2325,3.1);
#2325 = AXIS2_PLACEMENT_3D('',#2326,#2327,#2328);
#2326 = CARTESIAN_POINT('',(-23.53537531774,-7.599999999979,
    14.565958355713));
#2327 = DIRECTION('',(-5.429999999999E-15,1.,-1.9087E-13));
#2328 = DIRECTION('',(-5.301115123126E-15,1.9087E-13,1.));
#2329 = ORIENTED_EDGE('',*,*,#2247,.F.);
#2330 = ORIENTED_EDGE('',*,*,#1485,.T.);
#2331 = CYLINDRICAL_SURFACE('',#2332,3.1);
#2332 = AXIS2_PLACEMENT_3D('',#2333,#2334,#2335);
#2333 = CARTESIAN_POINT('',(-23.53537531774,-10.49999999998,
    14.565958355713));
#2334 = DIRECTION('',(-5.429999999999E-15,1.,-1.9087E-13));
#2335 = DIRECTION('',(5.311115123126E-15,-1.9087E-13,-1.));
#2336 = ADVANCED_FACE('',(#2337),#2343,.F.);
#2337 = FACE_BOUND('',#2338,.F.);
#2338 = EDGE_LOOP('',(#2339,#2340,#2341,#2342));
#2339 = ORIENTED_EDGE('',*,*,#1549,.F.);
#2340 = ORIENTED_EDGE('',*,*,#2086,.T.);
#2341 = ORIENTED_EDGE('',*,*,#1765,.T.);
#2342 = ORIENTED_EDGE('',*,*,#2046,.F.);
#2343 = PLANE('',#2344);
#2344 = AXIS2_PLACEMENT_3D('',#2345,#2346,#2347);
#2345 = CARTESIAN_POINT('',(12.102357182745,-6.496226170354,
    26.218201956877));
#2346 = DIRECTION('',(0.723758676261,0.690053170804,-1.290091154529E-13)
  );
#2347 = DIRECTION('',(-0.690053170804,0.723758676261,-1.428333147634E-13
    ));
#2348 = ADVANCED_FACE('',(#2349),#2436,.F.);
#2349 = FACE_BOUND('',#2350,.F.);
#2350 = EDGE_LOOP('',(#2351,#2359,#2368,#2376,#2385,#2393,#2402,#2410,
    #2419,#2427,#2434,#2435));
#2351 = ORIENTED_EDGE('',*,*,#2352,.T.);
#2352 = EDGE_CURVE('',#1721,#2353,#2355,.T.);
#2353 = VERTEX_POINT('',#2354);
#2354 = CARTESIAN_POINT('',(23.53729198975,-7.599999999996,
    17.665958355714));
#2355 = LINE('',#2356,#2357);
#2356 = CARTESIAN_POINT('',(23.53729198975,-10.49999999999,
    17.665958355714));
#2357 = VECTOR('',#2358,1.);
#2358 = DIRECTION('',(-5.429999999999E-15,1.,-1.9087E-13));
#2359 = ORIENTED_EDGE('',*,*,#2360,.F.);
#2360 = EDGE_CURVE('',#2361,#2353,#2363,.T.);
#2361 = VERTEX_POINT('',#2362);
#2362 = CARTESIAN_POINT('',(21.937291989749,-7.599999999997,
    17.221141965184));
#2363 = CIRCLE('',#2364,3.1);
#2364 = AXIS2_PLACEMENT_3D('',#2365,#2366,#2367);
#2365 = CARTESIAN_POINT('',(23.537291989749,-7.599999999997,
    14.565958355714));
#2366 = DIRECTION('',(-5.429999999999E-15,1.,-1.9087E-13));
#2367 = DIRECTION('',(-5.301115123126E-15,1.9087E-13,1.));
#2368 = ORIENTED_EDGE('',*,*,#2369,.F.);
#2369 = EDGE_CURVE('',#2370,#2361,#2372,.T.);
#2370 = VERTEX_POINT('',#2371);
#2371 = CARTESIAN_POINT('',(21.937291989749,-7.799999999997,
    17.221141965184));
#2372 = LINE('',#2373,#2374);
#2373 = CARTESIAN_POINT('',(21.937291989749,-7.799999999997,
    17.221141965184));
#2374 = VECTOR('',#2375,1.);
#2375 = DIRECTION('',(-9.599999999998E-15,1.,-3.5441E-13));
#2376 = ORIENTED_EDGE('',*,*,#2377,.F.);
#2377 = EDGE_CURVE('',#2378,#2370,#2380,.T.);
#2378 = VERTEX_POINT('',#2379);
#2379 = CARTESIAN_POINT('',(21.937291989749,-7.799999999998,
    11.910774746243));
#2380 = CIRCLE('',#2381,3.1);
#2381 = AXIS2_PLACEMENT_3D('',#2382,#2383,#2384);
#2382 = CARTESIAN_POINT('',(23.53729198975,-7.799999999999,
    14.565958355714));
#2383 = DIRECTION('',(-5.429999999999E-15,1.,-1.9087E-13));
#2384 = DIRECTION('',(5.311115123126E-15,-1.9087E-13,-1.));
#2385 = ORIENTED_EDGE('',*,*,#2386,.T.);
#2386 = EDGE_CURVE('',#2378,#2387,#2389,.T.);
#2387 = VERTEX_POINT('',#2388);
#2388 = CARTESIAN_POINT('',(21.937291989749,-7.599999999998,
    11.910774746243));
#2389 = LINE('',#2390,#2391);
#2390 = CARTESIAN_POINT('',(21.937291989749,-7.799999999998,
    11.910774746243));
#2391 = VECTOR('',#2392,1.);
#2392 = DIRECTION('',(-9.599999999998E-15,1.,-3.5441E-13));
#2393 = ORIENTED_EDGE('',*,*,#2394,.F.);
#2394 = EDGE_CURVE('',#2395,#2387,#2397,.T.);
#2395 = VERTEX_POINT('',#2396);
#2396 = CARTESIAN_POINT('',(25.137291989749,-7.599999999998,
    11.910774746243));
#2397 = CIRCLE('',#2398,3.1);
#2398 = AXIS2_PLACEMENT_3D('',#2399,#2400,#2401);
#2399 = CARTESIAN_POINT('',(23.537291989749,-7.599999999997,
    14.565958355714));
#2400 = DIRECTION('',(-5.429999999999E-15,1.,-1.9087E-13));
#2401 = DIRECTION('',(-5.301115123126E-15,1.9087E-13,1.));
#2402 = ORIENTED_EDGE('',*,*,#2403,.F.);
#2403 = EDGE_CURVE('',#2404,#2395,#2406,.T.);
#2404 = VERTEX_POINT('',#2405);
#2405 = CARTESIAN_POINT('',(25.137291989749,-7.799999999998,
    11.910774746243));
#2406 = LINE('',#2407,#2408);
#2407 = CARTESIAN_POINT('',(25.137291989749,-7.799999999998,
    11.910774746243));
#2408 = VECTOR('',#2409,1.);
#2409 = DIRECTION('',(-9.599999999998E-15,1.,-3.5441E-13));
#2410 = ORIENTED_EDGE('',*,*,#2411,.F.);
#2411 = EDGE_CURVE('',#2412,#2404,#2414,.T.);
#2412 = VERTEX_POINT('',#2413);
#2413 = CARTESIAN_POINT('',(25.137291989749,-7.799999999997,
    17.221141965184));
#2414 = CIRCLE('',#2415,3.1);
#2415 = AXIS2_PLACEMENT_3D('',#2416,#2417,#2418);
#2416 = CARTESIAN_POINT('',(23.53729198975,-7.799999999999,
    14.565958355714));
#2417 = DIRECTION('',(-5.429999999999E-15,1.,-1.9087E-13));
#2418 = DIRECTION('',(5.311115123126E-15,-1.9087E-13,-1.));
#2419 = ORIENTED_EDGE('',*,*,#2420,.T.);
#2420 = EDGE_CURVE('',#2412,#2421,#2423,.T.);
#2421 = VERTEX_POINT('',#2422);
#2422 = CARTESIAN_POINT('',(25.137291989749,-7.599999999997,
    17.221141965184));
#2423 = LINE('',#2424,#2425);
#2424 = CARTESIAN_POINT('',(25.137291989749,-7.799999999997,
    17.221141965184));
#2425 = VECTOR('',#2426,1.);
#2426 = DIRECTION('',(-9.599999999998E-15,1.,-3.5441E-13));
#2427 = ORIENTED_EDGE('',*,*,#2428,.F.);
#2428 = EDGE_CURVE('',#2353,#2421,#2429,.T.);
#2429 = CIRCLE('',#2430,3.1);
#2430 = AXIS2_PLACEMENT_3D('',#2431,#2432,#2433);
#2431 = CARTESIAN_POINT('',(23.537291989749,-7.599999999997,
    14.565958355714));
#2432 = DIRECTION('',(-5.429999999999E-15,1.,-1.9087E-13));
#2433 = DIRECTION('',(-5.301115123126E-15,1.9087E-13,1.));
#2434 = ORIENTED_EDGE('',*,*,#2352,.F.);
#2435 = ORIENTED_EDGE('',*,*,#1730,.T.);
#2436 = CYLINDRICAL_SURFACE('',#2437,3.1);
#2437 = AXIS2_PLACEMENT_3D('',#2438,#2439,#2440);
#2438 = CARTESIAN_POINT('',(23.53729198975,-10.49999999999,
    14.565958355714));
#2439 = DIRECTION('',(-5.429999999999E-15,1.,-1.9087E-13));
#2440 = DIRECTION('',(5.311115123126E-15,-1.9087E-13,-1.));
#2441 = ADVANCED_FACE('',(#2442),#2461,.F.);
#2442 = FACE_BOUND('',#2443,.F.);
#2443 = EDGE_LOOP('',(#2444,#2452,#2453,#2454));
#2444 = ORIENTED_EDGE('',*,*,#2445,.T.);
#2445 = EDGE_CURVE('',#2446,#2001,#2448,.T.);
#2446 = VERTEX_POINT('',#2447);
#2447 = CARTESIAN_POINT('',(24.001917088812,-3.200000000024,
    19.515614188453));
#2448 = LINE('',#2449,#2450);
#2449 = CARTESIAN_POINT('',(24.001917088812,-3.000000000023,
    19.315614188453));
#2450 = VECTOR('',#2451,1.);
#2451 = DIRECTION('',(-1.507847688533E-13,0.707106781187,-0.707106781186
    ));
#2452 = ORIENTED_EDGE('',*,*,#2000,.F.);
#2453 = ORIENTED_EDGE('',*,*,#2445,.F.);
#2454 = ORIENTED_EDGE('',*,*,#2455,.F.);
#2455 = EDGE_CURVE('',#2446,#2446,#2456,.T.);
#2456 = CIRCLE('',#2457,2.35);
#2457 = AXIS2_PLACEMENT_3D('',#2458,#2459,#2460);
#2458 = CARTESIAN_POINT('',(24.001917088812,-3.200000000023,
    21.865614188453));
#2459 = DIRECTION('',(2.4596E-13,-1.,1.9096E-13));
#2460 = DIRECTION('',(-3.018111512313E-14,1.9096E-13,1.));
#2461 = CONICAL_SURFACE('',#2462,2.55,0.785398163397);
#2462 = AXIS2_PLACEMENT_3D('',#2463,#2464,#2465);
#2463 = CARTESIAN_POINT('',(24.001917088812,-3.000000000023,
    21.865614188453));
#2464 = DIRECTION('',(-2.4354E-13,1.,-1.8874E-13));
#2465 = DIRECTION('',(-3.018111512313E-14,1.8874E-13,1.));
#2466 = ADVANCED_FACE('',(#2467),#2486,.F.);
#2467 = FACE_BOUND('',#2468,.F.);
#2468 = EDGE_LOOP('',(#2469,#2477,#2484,#2485));
#2469 = ORIENTED_EDGE('',*,*,#2470,.T.);
#2470 = EDGE_CURVE('',#2012,#2471,#2473,.T.);
#2471 = VERTEX_POINT('',#2472);
#2472 = CARTESIAN_POINT('',(-24.00000037736,-3.200000000024,
    19.515614188453));
#2473 = LINE('',#2474,#2475);
#2474 = CARTESIAN_POINT('',(-24.00000037736,-3.000000000023,
    19.315614188452));
#2475 = VECTOR('',#2476,1.);
#2476 = DIRECTION('',(-1.690252311467E-13,-0.707106781187,0.707106781186
    ));
#2477 = ORIENTED_EDGE('',*,*,#2478,.F.);
#2478 = EDGE_CURVE('',#2471,#2471,#2479,.T.);
#2479 = CIRCLE('',#2480,2.35);
#2480 = AXIS2_PLACEMENT_3D('',#2481,#2482,#2483);
#2481 = CARTESIAN_POINT('',(-24.00000037736,-3.200000000023,
    21.865614188453));
#2482 = DIRECTION('',(-2.3511E-13,-1.,1.9096E-13));
#2483 = DIRECTION('',(-5.311115123126E-15,1.9096E-13,1.));
#2484 = ORIENTED_EDGE('',*,*,#2470,.F.);
#2485 = ORIENTED_EDGE('',*,*,#2011,.F.);
#2486 = CONICAL_SURFACE('',#2487,2.55,0.785398163397);
#2487 = AXIS2_PLACEMENT_3D('',#2488,#2489,#2490);
#2488 = CARTESIAN_POINT('',(-24.00000037736,-3.000000000023,
    21.865614188452));
#2489 = DIRECTION('',(2.3386E-13,1.,-1.8874E-13));
#2490 = DIRECTION('',(-5.311115123126E-15,1.8874E-13,1.));
#2491 = ADVANCED_FACE('',(#2492),#2509,.F.);
#2492 = FACE_BOUND('',#2493,.T.);
#2493 = EDGE_LOOP('',(#2494,#2495,#2503));
#2494 = ORIENTED_EDGE('',*,*,#2151,.F.);
#2495 = ORIENTED_EDGE('',*,*,#2496,.F.);
#2496 = EDGE_CURVE('',#2497,#2152,#2499,.T.);
#2497 = VERTEX_POINT('',#2498);
#2498 = CARTESIAN_POINT('',(21.937291989749,-7.399999999997,
    12.965958355714));
#2499 = LINE('',#2500,#2501);
#2500 = CARTESIAN_POINT('',(21.937291989749,-7.399999999998,
    11.910774746243));
#2501 = VECTOR('',#2502,1.);
#2502 = DIRECTION('',(-5.301115123126E-15,1.9087E-13,1.));
#2503 = ORIENTED_EDGE('',*,*,#2504,.F.);
#2504 = EDGE_CURVE('',#2144,#2497,#2505,.T.);
#2505 = LINE('',#2506,#2507);
#2506 = CARTESIAN_POINT('',(25.137291989749,-7.399999999997,
    12.965958355714));
#2507 = VECTOR('',#2508,1.);
#2508 = DIRECTION('',(-1.,-5.43E-15,-5.301115123126E-15));
#2509 = PLANE('',#2510);
#2510 = AXIS2_PLACEMENT_3D('',#2511,#2512,#2513);
#2511 = CARTESIAN_POINT('',(23.537291989749,-7.399999999997,
    14.565958355714));
#2512 = DIRECTION('',(-4.049999999999E-15,1.,-1.7678E-13));
#2513 = DIRECTION('',(-1.,-4.05E-15,-5.351115123126E-15));
#2514 = ADVANCED_FACE('',(#2515),#2532,.F.);
#2515 = FACE_BOUND('',#2516,.T.);
#2516 = EDGE_LOOP('',(#2517,#2518,#2526));
#2517 = ORIENTED_EDGE('',*,*,#2160,.F.);
#2518 = ORIENTED_EDGE('',*,*,#2519,.F.);
#2519 = EDGE_CURVE('',#2520,#2161,#2522,.T.);
#2520 = VERTEX_POINT('',#2521);
#2521 = CARTESIAN_POINT('',(21.937291989749,-7.399999999997,
    16.165958355714));
#2522 = LINE('',#2523,#2524);
#2523 = CARTESIAN_POINT('',(25.137291989749,-7.399999999997,
    16.165958355714));
#2524 = VECTOR('',#2525,1.);
#2525 = DIRECTION('',(1.,5.43E-15,5.301115123126E-15));
#2526 = ORIENTED_EDGE('',*,*,#2527,.F.);
#2527 = EDGE_CURVE('',#2152,#2520,#2528,.T.);
#2528 = LINE('',#2529,#2530);
#2529 = CARTESIAN_POINT('',(21.937291989749,-7.399999999998,
    11.910774746243));
#2530 = VECTOR('',#2531,1.);
#2531 = DIRECTION('',(-5.301115123126E-15,1.9087E-13,1.));
#2532 = PLANE('',#2533);
#2533 = AXIS2_PLACEMENT_3D('',#2534,#2535,#2536);
#2534 = CARTESIAN_POINT('',(23.537291989749,-7.399999999997,
    14.565958355714));
#2535 = DIRECTION('',(-4.049999999999E-15,1.,-1.7678E-13));
#2536 = DIRECTION('',(-1.,-4.05E-15,-5.351115123126E-15));
#2537 = ADVANCED_FACE('',(#2538),#2555,.F.);
#2538 = FACE_BOUND('',#2539,.T.);
#2539 = EDGE_LOOP('',(#2540,#2541,#2549));
#2540 = ORIENTED_EDGE('',*,*,#2169,.F.);
#2541 = ORIENTED_EDGE('',*,*,#2542,.F.);
#2542 = EDGE_CURVE('',#2543,#2170,#2545,.T.);
#2543 = VERTEX_POINT('',#2544);
#2544 = CARTESIAN_POINT('',(25.137291989749,-7.399999999997,
    16.165958355714));
#2545 = LINE('',#2546,#2547);
#2546 = CARTESIAN_POINT('',(25.137291989749,-7.399999999998,
    11.910774746243));
#2547 = VECTOR('',#2548,1.);
#2548 = DIRECTION('',(5.301115123126E-15,-1.9087E-13,-1.));
#2549 = ORIENTED_EDGE('',*,*,#2550,.F.);
#2550 = EDGE_CURVE('',#2161,#2543,#2551,.T.);
#2551 = LINE('',#2552,#2553);
#2552 = CARTESIAN_POINT('',(25.137291989749,-7.399999999997,
    16.165958355714));
#2553 = VECTOR('',#2554,1.);
#2554 = DIRECTION('',(1.,5.43E-15,5.301115123126E-15));
#2555 = PLANE('',#2556);
#2556 = AXIS2_PLACEMENT_3D('',#2557,#2558,#2559);
#2557 = CARTESIAN_POINT('',(23.537291989749,-7.399999999997,
    14.565958355714));
#2558 = DIRECTION('',(-4.049999999999E-15,1.,-1.7678E-13));
#2559 = DIRECTION('',(-1.,-4.05E-15,-5.351115123126E-15));
#2560 = ADVANCED_FACE('',(#2561),#2578,.F.);
#2561 = FACE_BOUND('',#2562,.T.);
#2562 = EDGE_LOOP('',(#2563,#2564,#2572));
#2563 = ORIENTED_EDGE('',*,*,#2178,.F.);
#2564 = ORIENTED_EDGE('',*,*,#2565,.F.);
#2565 = EDGE_CURVE('',#2566,#2144,#2568,.T.);
#2566 = VERTEX_POINT('',#2567);
#2567 = CARTESIAN_POINT('',(25.137291989749,-7.399999999997,
    12.965958355714));
#2568 = LINE('',#2569,#2570);
#2569 = CARTESIAN_POINT('',(25.137291989749,-7.399999999997,
    12.965958355714));
#2570 = VECTOR('',#2571,1.);
#2571 = DIRECTION('',(-1.,-5.43E-15,-5.301115123126E-15));
#2572 = ORIENTED_EDGE('',*,*,#2573,.F.);
#2573 = EDGE_CURVE('',#2170,#2566,#2574,.T.);
#2574 = LINE('',#2575,#2576);
#2575 = CARTESIAN_POINT('',(25.137291989749,-7.399999999998,
    11.910774746243));
#2576 = VECTOR('',#2577,1.);
#2577 = DIRECTION('',(5.301115123126E-15,-1.9087E-13,-1.));
#2578 = PLANE('',#2579);
#2579 = AXIS2_PLACEMENT_3D('',#2580,#2581,#2582);
#2580 = CARTESIAN_POINT('',(23.537291989749,-7.399999999997,
    14.565958355714));
#2581 = DIRECTION('',(-4.049999999999E-15,1.,-1.7678E-13));
#2582 = DIRECTION('',(-1.,-4.05E-15,-5.351115123126E-15));
#2583 = ADVANCED_FACE('',(#2584),#2601,.F.);
#2584 = FACE_BOUND('',#2585,.T.);
#2585 = EDGE_LOOP('',(#2586,#2587,#2595));
#2586 = ORIENTED_EDGE('',*,*,#2203,.F.);
#2587 = ORIENTED_EDGE('',*,*,#2588,.F.);
#2588 = EDGE_CURVE('',#2589,#2204,#2591,.T.);
#2589 = VERTEX_POINT('',#2590);
#2590 = CARTESIAN_POINT('',(-25.13537531774,-7.399999999979,
    12.965958355713));
#2591 = LINE('',#2592,#2593);
#2592 = CARTESIAN_POINT('',(-25.13537531774,-7.399999999979,
    11.910774746243));
#2593 = VECTOR('',#2594,1.);
#2594 = DIRECTION('',(-5.301115123126E-15,1.9087E-13,1.));
#2595 = ORIENTED_EDGE('',*,*,#2596,.F.);
#2596 = EDGE_CURVE('',#2196,#2589,#2597,.T.);
#2597 = LINE('',#2598,#2599);
#2598 = CARTESIAN_POINT('',(-21.93537531774,-7.399999999979,
    12.965958355713));
#2599 = VECTOR('',#2600,1.);
#2600 = DIRECTION('',(-1.,-5.43E-15,-5.301115123126E-15));
#2601 = PLANE('',#2602);
#2602 = AXIS2_PLACEMENT_3D('',#2603,#2604,#2605);
#2603 = CARTESIAN_POINT('',(-23.53537531774,-7.399999999979,
    14.565958355713));
#2604 = DIRECTION('',(-4.049999999999E-15,1.,-1.7678E-13));
#2605 = DIRECTION('',(-1.,-4.05E-15,-5.351115123126E-15));
#2606 = ADVANCED_FACE('',(#2607),#2624,.F.);
#2607 = FACE_BOUND('',#2608,.T.);
#2608 = EDGE_LOOP('',(#2609,#2610,#2618));
#2609 = ORIENTED_EDGE('',*,*,#2212,.F.);
#2610 = ORIENTED_EDGE('',*,*,#2611,.F.);
#2611 = EDGE_CURVE('',#2612,#2213,#2614,.T.);
#2612 = VERTEX_POINT('',#2613);
#2613 = CARTESIAN_POINT('',(-25.13537531774,-7.399999999979,
    16.165958355713));
#2614 = LINE('',#2615,#2616);
#2615 = CARTESIAN_POINT('',(-21.93537531774,-7.399999999979,
    16.165958355713));
#2616 = VECTOR('',#2617,1.);
#2617 = DIRECTION('',(1.,5.43E-15,5.301115123126E-15));
#2618 = ORIENTED_EDGE('',*,*,#2619,.F.);
#2619 = EDGE_CURVE('',#2204,#2612,#2620,.T.);
#2620 = LINE('',#2621,#2622);
#2621 = CARTESIAN_POINT('',(-25.13537531774,-7.399999999979,
    11.910774746243));
#2622 = VECTOR('',#2623,1.);
#2623 = DIRECTION('',(-5.301115123126E-15,1.9087E-13,1.));
#2624 = PLANE('',#2625);
#2625 = AXIS2_PLACEMENT_3D('',#2626,#2627,#2628);
#2626 = CARTESIAN_POINT('',(-23.53537531774,-7.399999999979,
    14.565958355713));
#2627 = DIRECTION('',(-4.049999999999E-15,1.,-1.7678E-13));
#2628 = DIRECTION('',(-1.,-4.05E-15,-5.351115123126E-15));
#2629 = ADVANCED_FACE('',(#2630),#2647,.F.);
#2630 = FACE_BOUND('',#2631,.T.);
#2631 = EDGE_LOOP('',(#2632,#2633,#2641));
#2632 = ORIENTED_EDGE('',*,*,#2221,.F.);
#2633 = ORIENTED_EDGE('',*,*,#2634,.F.);
#2634 = EDGE_CURVE('',#2635,#2222,#2637,.T.);
#2635 = VERTEX_POINT('',#2636);
#2636 = CARTESIAN_POINT('',(-21.93537531774,-7.399999999979,
    16.165958355713));
#2637 = LINE('',#2638,#2639);
#2638 = CARTESIAN_POINT('',(-21.93537531774,-7.399999999979,
    11.910774746243));
#2639 = VECTOR('',#2640,1.);
#2640 = DIRECTION('',(5.301115123126E-15,-1.9087E-13,-1.));
#2641 = ORIENTED_EDGE('',*,*,#2642,.F.);
#2642 = EDGE_CURVE('',#2213,#2635,#2643,.T.);
#2643 = LINE('',#2644,#2645);
#2644 = CARTESIAN_POINT('',(-21.93537531774,-7.399999999979,
    16.165958355713));
#2645 = VECTOR('',#2646,1.);
#2646 = DIRECTION('',(1.,5.43E-15,5.301115123126E-15));
#2647 = PLANE('',#2648);
#2648 = AXIS2_PLACEMENT_3D('',#2649,#2650,#2651);
#2649 = CARTESIAN_POINT('',(-23.53537531774,-7.399999999979,
    14.565958355713));
#2650 = DIRECTION('',(-4.049999999999E-15,1.,-1.7678E-13));
#2651 = DIRECTION('',(-1.,-4.05E-15,-5.351115123126E-15));
#2652 = ADVANCED_FACE('',(#2653),#2670,.F.);
#2653 = FACE_BOUND('',#2654,.T.);
#2654 = EDGE_LOOP('',(#2655,#2656,#2664));
#2655 = ORIENTED_EDGE('',*,*,#2230,.F.);
#2656 = ORIENTED_EDGE('',*,*,#2657,.F.);
#2657 = EDGE_CURVE('',#2658,#2196,#2660,.T.);
#2658 = VERTEX_POINT('',#2659);
#2659 = CARTESIAN_POINT('',(-21.93537531774,-7.399999999979,
    12.965958355713));
#2660 = LINE('',#2661,#2662);
#2661 = CARTESIAN_POINT('',(-21.93537531774,-7.399999999979,
    12.965958355713));
#2662 = VECTOR('',#2663,1.);
#2663 = DIRECTION('',(-1.,-5.43E-15,-5.301115123126E-15));
#2664 = ORIENTED_EDGE('',*,*,#2665,.F.);
#2665 = EDGE_CURVE('',#2222,#2658,#2666,.T.);
#2666 = LINE('',#2667,#2668);
#2667 = CARTESIAN_POINT('',(-21.93537531774,-7.399999999979,
    11.910774746243));
#2668 = VECTOR('',#2669,1.);
#2669 = DIRECTION('',(5.301115123126E-15,-1.9087E-13,-1.));
#2670 = PLANE('',#2671);
#2671 = AXIS2_PLACEMENT_3D('',#2672,#2673,#2674);
#2672 = CARTESIAN_POINT('',(-23.53537531774,-7.399999999979,
    14.565958355713));
#2673 = DIRECTION('',(-4.049999999999E-15,1.,-1.7678E-13));
#2674 = DIRECTION('',(-1.,-4.05E-15,-5.351115123126E-15));
#2675 = ADVANCED_FACE('',(#2676),#2702,.T.);
#2676 = FACE_BOUND('',#2677,.T.);
#2677 = EDGE_LOOP('',(#2678,#2686,#2694,#2700,#2701));
#2678 = ORIENTED_EDGE('',*,*,#2679,.F.);
#2679 = EDGE_CURVE('',#2680,#2256,#2682,.T.);
#2680 = VERTEX_POINT('',#2681);
#2681 = CARTESIAN_POINT('',(-25.13537531774,-7.599999999979,
    16.165958355713));
#2682 = LINE('',#2683,#2684);
#2683 = CARTESIAN_POINT('',(-25.13537531774,-7.599999999979,
    11.910774746243));
#2684 = VECTOR('',#2685,1.);
#2685 = DIRECTION('',(-5.301115123126E-15,1.9087E-13,1.));
#2686 = ORIENTED_EDGE('',*,*,#2687,.F.);
#2687 = EDGE_CURVE('',#2688,#2680,#2690,.T.);
#2688 = VERTEX_POINT('',#2689);
#2689 = CARTESIAN_POINT('',(-21.93537531774,-7.599999999979,
    16.165958355713));
#2690 = LINE('',#2691,#2692);
#2691 = CARTESIAN_POINT('',(-21.93537531774,-7.599999999979,
    16.165958355713));
#2692 = VECTOR('',#2693,1.);
#2693 = DIRECTION('',(-1.,-5.43E-15,-5.301115123126E-15));
#2694 = ORIENTED_EDGE('',*,*,#2695,.F.);
#2695 = EDGE_CURVE('',#2316,#2688,#2696,.T.);
#2696 = LINE('',#2697,#2698);
#2697 = CARTESIAN_POINT('',(-21.93537531774,-7.599999999979,
    11.910774746243));
#2698 = VECTOR('',#2699,1.);
#2699 = DIRECTION('',(5.301115123126E-15,-1.9087E-13,-1.));
#2700 = ORIENTED_EDGE('',*,*,#2323,.F.);
#2701 = ORIENTED_EDGE('',*,*,#2255,.F.);
#2702 = PLANE('',#2703);
#2703 = AXIS2_PLACEMENT_3D('',#2704,#2705,#2706);
#2704 = CARTESIAN_POINT('',(-23.53537531774,-7.599999999979,
    14.565958355713));
#2705 = DIRECTION('',(5.429999999999E-15,-1.,1.9087E-13));
#2706 = DIRECTION('',(-5.301115123126E-15,1.9087E-13,1.));
#2707 = ADVANCED_FACE('',(#2708),#2741,.F.);
#2708 = FACE_BOUND('',#2709,.T.);
#2709 = EDGE_LOOP('',(#2710,#2716,#2717,#2725,#2731,#2732,#2733,#2739,
    #2740));
#2710 = ORIENTED_EDGE('',*,*,#2711,.F.);
#2711 = EDGE_CURVE('',#2273,#2265,#2712,.T.);
#2712 = LINE('',#2713,#2714);
#2713 = CARTESIAN_POINT('',(-25.13537531774,-7.799999999981,
    17.415958355713));
#2714 = VECTOR('',#2715,1.);
#2715 = DIRECTION('',(-5.301115123126E-15,1.9087E-13,1.));
#2716 = ORIENTED_EDGE('',*,*,#2281,.T.);
#2717 = ORIENTED_EDGE('',*,*,#2718,.T.);
#2718 = EDGE_CURVE('',#2282,#2719,#2721,.T.);
#2719 = VERTEX_POINT('',#2720);
#2720 = CARTESIAN_POINT('',(-25.13537531774,-7.599999999979,
    12.965958355713));
#2721 = LINE('',#2722,#2723);
#2722 = CARTESIAN_POINT('',(-25.13537531774,-7.599999999979,
    11.910774746243));
#2723 = VECTOR('',#2724,1.);
#2724 = DIRECTION('',(-5.301115123126E-15,1.9087E-13,1.));
#2725 = ORIENTED_EDGE('',*,*,#2726,.T.);
#2726 = EDGE_CURVE('',#2719,#2589,#2727,.T.);
#2727 = LINE('',#2728,#2729);
#2728 = CARTESIAN_POINT('',(-25.13537531774,-7.799999999979,
    12.965958355713));
#2729 = VECTOR('',#2730,1.);
#2730 = DIRECTION('',(-4.049999999999E-15,1.,-1.7678E-13));
#2731 = ORIENTED_EDGE('',*,*,#2588,.T.);
#2732 = ORIENTED_EDGE('',*,*,#2619,.T.);
#2733 = ORIENTED_EDGE('',*,*,#2734,.F.);
#2734 = EDGE_CURVE('',#2680,#2612,#2735,.T.);
#2735 = LINE('',#2736,#2737);
#2736 = CARTESIAN_POINT('',(-25.13537531774,-7.799999999979,
    16.165958355713));
#2737 = VECTOR('',#2738,1.);
#2738 = DIRECTION('',(-4.049999999999E-15,1.,-1.7678E-13));
#2739 = ORIENTED_EDGE('',*,*,#2679,.T.);
#2740 = ORIENTED_EDGE('',*,*,#2264,.F.);
#2741 = PLANE('',#2742);
#2742 = AXIS2_PLACEMENT_3D('',#2743,#2744,#2745);
#2743 = CARTESIAN_POINT('',(-25.13537531774,-7.799999999979,
    16.165958355713));
#2744 = DIRECTION('',(-1.,1.51E-15,-5.301115123126E-15));
#2745 = DIRECTION('',(-5.301115123125E-15,1.9087E-13,1.));
#2746 = ADVANCED_FACE('',(#2747),#2751,.F.);
#2747 = FACE_BOUND('',#2748,.T.);
#2748 = EDGE_LOOP('',(#2749,#2750));
#2749 = ORIENTED_EDGE('',*,*,#2711,.T.);
#2750 = ORIENTED_EDGE('',*,*,#2272,.F.);
#2751 = PLANE('',#2752);
#2752 = AXIS2_PLACEMENT_3D('',#2753,#2754,#2755);
#2753 = CARTESIAN_POINT('',(-23.53537531774,-7.79999999998,
    21.865958355713));
#2754 = DIRECTION('',(-5.429999999999E-15,1.,-1.9087E-13));
#2755 = DIRECTION('',(5.311115123126E-15,-1.9087E-13,-1.));
#2756 = ADVANCED_FACE('',(#2757),#2775,.T.);
#2757 = FACE_BOUND('',#2758,.T.);
#2758 = EDGE_LOOP('',(#2759,#2760,#2768,#2774));
#2759 = ORIENTED_EDGE('',*,*,#2289,.F.);
#2760 = ORIENTED_EDGE('',*,*,#2761,.F.);
#2761 = EDGE_CURVE('',#2762,#2290,#2764,.T.);
#2762 = VERTEX_POINT('',#2763);
#2763 = CARTESIAN_POINT('',(-21.93537531774,-7.599999999979,
    12.965958355713));
#2764 = LINE('',#2765,#2766);
#2765 = CARTESIAN_POINT('',(-21.93537531774,-7.599999999979,
    11.910774746243));
#2766 = VECTOR('',#2767,1.);
#2767 = DIRECTION('',(5.301115123126E-15,-1.9087E-13,-1.));
#2768 = ORIENTED_EDGE('',*,*,#2769,.F.);
#2769 = EDGE_CURVE('',#2719,#2762,#2770,.T.);
#2770 = LINE('',#2771,#2772);
#2771 = CARTESIAN_POINT('',(-21.93537531774,-7.599999999979,
    12.965958355713));
#2772 = VECTOR('',#2773,1.);
#2773 = DIRECTION('',(1.,5.43E-15,5.301115123126E-15));
#2774 = ORIENTED_EDGE('',*,*,#2718,.F.);
#2775 = PLANE('',#2776);
#2776 = AXIS2_PLACEMENT_3D('',#2777,#2778,#2779);
#2777 = CARTESIAN_POINT('',(-23.53537531774,-7.599999999979,
    14.565958355713));
#2778 = DIRECTION('',(5.429999999999E-15,-1.,1.9087E-13));
#2779 = DIRECTION('',(-5.301115123126E-15,1.9087E-13,1.));
#2780 = ADVANCED_FACE('',(#2781),#2807,.F.);
#2781 = FACE_BOUND('',#2782,.T.);
#2782 = EDGE_LOOP('',(#2783,#2789,#2790,#2791,#2797,#2798,#2799,#2805,
    #2806));
#2783 = ORIENTED_EDGE('',*,*,#2784,.F.);
#2784 = EDGE_CURVE('',#2307,#2299,#2785,.T.);
#2785 = LINE('',#2786,#2787);
#2786 = CARTESIAN_POINT('',(-21.93537531774,-7.799999999981,
    17.415958355713));
#2787 = VECTOR('',#2788,1.);
#2788 = DIRECTION('',(5.301115123126E-15,-1.9087E-13,-1.));
#2789 = ORIENTED_EDGE('',*,*,#2315,.T.);
#2790 = ORIENTED_EDGE('',*,*,#2695,.T.);
#2791 = ORIENTED_EDGE('',*,*,#2792,.T.);
#2792 = EDGE_CURVE('',#2688,#2635,#2793,.T.);
#2793 = LINE('',#2794,#2795);
#2794 = CARTESIAN_POINT('',(-21.93537531774,-7.799999999979,
    16.165958355713));
#2795 = VECTOR('',#2796,1.);
#2796 = DIRECTION('',(-4.049999999999E-15,1.,-1.7678E-13));
#2797 = ORIENTED_EDGE('',*,*,#2634,.T.);
#2798 = ORIENTED_EDGE('',*,*,#2665,.T.);
#2799 = ORIENTED_EDGE('',*,*,#2800,.F.);
#2800 = EDGE_CURVE('',#2762,#2658,#2801,.T.);
#2801 = LINE('',#2802,#2803);
#2802 = CARTESIAN_POINT('',(-21.93537531774,-7.799999999979,
    12.965958355713));
#2803 = VECTOR('',#2804,1.);
#2804 = DIRECTION('',(-4.049999999999E-15,1.,-1.7678E-13));
#2805 = ORIENTED_EDGE('',*,*,#2761,.T.);
#2806 = ORIENTED_EDGE('',*,*,#2298,.F.);
#2807 = PLANE('',#2808);
#2808 = AXIS2_PLACEMENT_3D('',#2809,#2810,#2811);
#2809 = CARTESIAN_POINT('',(-21.93537531774,-7.799999999979,
    12.965958355713));
#2810 = DIRECTION('',(1.,-1.51E-15,5.301115123126E-15));
#2811 = DIRECTION('',(5.301115123125E-15,-1.9087E-13,-1.));
#2812 = ADVANCED_FACE('',(#2813),#2817,.F.);
#2813 = FACE_BOUND('',#2814,.T.);
#2814 = EDGE_LOOP('',(#2815,#2816));
#2815 = ORIENTED_EDGE('',*,*,#2784,.T.);
#2816 = ORIENTED_EDGE('',*,*,#2306,.F.);
#2817 = PLANE('',#2818);
#2818 = AXIS2_PLACEMENT_3D('',#2819,#2820,#2821);
#2819 = CARTESIAN_POINT('',(-23.53537531774,-7.79999999998,
    21.865958355713));
#2820 = DIRECTION('',(-5.429999999999E-15,1.,-1.9087E-13));
#2821 = DIRECTION('',(5.311115123126E-15,-1.9087E-13,-1.));
#2822 = ADVANCED_FACE('',(#2823),#2849,.T.);
#2823 = FACE_BOUND('',#2824,.T.);
#2824 = EDGE_LOOP('',(#2825,#2833,#2841,#2847,#2848));
#2825 = ORIENTED_EDGE('',*,*,#2826,.F.);
#2826 = EDGE_CURVE('',#2827,#2361,#2829,.T.);
#2827 = VERTEX_POINT('',#2828);
#2828 = CARTESIAN_POINT('',(21.937291989749,-7.599999999997,
    16.165958355714));
#2829 = LINE('',#2830,#2831);
#2830 = CARTESIAN_POINT('',(21.937291989749,-7.599999999998,
    11.910774746243));
#2831 = VECTOR('',#2832,1.);
#2832 = DIRECTION('',(-5.301115123126E-15,1.9087E-13,1.));
#2833 = ORIENTED_EDGE('',*,*,#2834,.F.);
#2834 = EDGE_CURVE('',#2835,#2827,#2837,.T.);
#2835 = VERTEX_POINT('',#2836);
#2836 = CARTESIAN_POINT('',(25.137291989749,-7.599999999997,
    16.165958355714));
#2837 = LINE('',#2838,#2839);
#2838 = CARTESIAN_POINT('',(25.137291989749,-7.599999999997,
    16.165958355714));
#2839 = VECTOR('',#2840,1.);
#2840 = DIRECTION('',(-1.,-5.43E-15,-5.301115123126E-15));
#2841 = ORIENTED_EDGE('',*,*,#2842,.F.);
#2842 = EDGE_CURVE('',#2421,#2835,#2843,.T.);
#2843 = LINE('',#2844,#2845);
#2844 = CARTESIAN_POINT('',(25.137291989749,-7.599999999998,
    11.910774746243));
#2845 = VECTOR('',#2846,1.);
#2846 = DIRECTION('',(5.301115123126E-15,-1.9087E-13,-1.));
#2847 = ORIENTED_EDGE('',*,*,#2428,.F.);
#2848 = ORIENTED_EDGE('',*,*,#2360,.F.);
#2849 = PLANE('',#2850);
#2850 = AXIS2_PLACEMENT_3D('',#2851,#2852,#2853);
#2851 = CARTESIAN_POINT('',(23.537291989749,-7.599999999997,
    14.565958355714));
#2852 = DIRECTION('',(5.429999999999E-15,-1.,1.9087E-13));
#2853 = DIRECTION('',(-5.301115123126E-15,1.9087E-13,1.));
#2854 = ADVANCED_FACE('',(#2855),#2888,.F.);
#2855 = FACE_BOUND('',#2856,.T.);
#2856 = EDGE_LOOP('',(#2857,#2863,#2864,#2872,#2878,#2879,#2880,#2886,
    #2887));
#2857 = ORIENTED_EDGE('',*,*,#2858,.F.);
#2858 = EDGE_CURVE('',#2378,#2370,#2859,.T.);
#2859 = LINE('',#2860,#2861);
#2860 = CARTESIAN_POINT('',(21.937291989749,-7.799999999999,
    17.415958355714));
#2861 = VECTOR('',#2862,1.);
#2862 = DIRECTION('',(-5.301115123126E-15,1.9087E-13,1.));
#2863 = ORIENTED_EDGE('',*,*,#2386,.T.);
#2864 = ORIENTED_EDGE('',*,*,#2865,.T.);
#2865 = EDGE_CURVE('',#2387,#2866,#2868,.T.);
#2866 = VERTEX_POINT('',#2867);
#2867 = CARTESIAN_POINT('',(21.937291989749,-7.599999999997,
    12.965958355714));
#2868 = LINE('',#2869,#2870);
#2869 = CARTESIAN_POINT('',(21.937291989749,-7.599999999998,
    11.910774746243));
#2870 = VECTOR('',#2871,1.);
#2871 = DIRECTION('',(-5.301115123126E-15,1.9087E-13,1.));
#2872 = ORIENTED_EDGE('',*,*,#2873,.T.);
#2873 = EDGE_CURVE('',#2866,#2497,#2874,.T.);
#2874 = LINE('',#2875,#2876);
#2875 = CARTESIAN_POINT('',(21.937291989749,-7.799999999997,
    12.965958355714));
#2876 = VECTOR('',#2877,1.);
#2877 = DIRECTION('',(-4.049999999999E-15,1.,-1.7678E-13));
#2878 = ORIENTED_EDGE('',*,*,#2496,.T.);
#2879 = ORIENTED_EDGE('',*,*,#2527,.T.);
#2880 = ORIENTED_EDGE('',*,*,#2881,.F.);
#2881 = EDGE_CURVE('',#2827,#2520,#2882,.T.);
#2882 = LINE('',#2883,#2884);
#2883 = CARTESIAN_POINT('',(21.937291989749,-7.799999999997,
    16.165958355714));
#2884 = VECTOR('',#2885,1.);
#2885 = DIRECTION('',(-4.049999999999E-15,1.,-1.7678E-13));
#2886 = ORIENTED_EDGE('',*,*,#2826,.T.);
#2887 = ORIENTED_EDGE('',*,*,#2369,.F.);
#2888 = PLANE('',#2889);
#2889 = AXIS2_PLACEMENT_3D('',#2890,#2891,#2892);
#2890 = CARTESIAN_POINT('',(21.937291989749,-7.799999999997,
    16.165958355714));
#2891 = DIRECTION('',(-1.,-9.6E-15,-5.301115123126E-15));
#2892 = DIRECTION('',(-5.301115123128E-15,1.9087E-13,1.));
#2893 = ADVANCED_FACE('',(#2894),#2898,.F.);
#2894 = FACE_BOUND('',#2895,.T.);
#2895 = EDGE_LOOP('',(#2896,#2897));
#2896 = ORIENTED_EDGE('',*,*,#2858,.T.);
#2897 = ORIENTED_EDGE('',*,*,#2377,.F.);
#2898 = PLANE('',#2899);
#2899 = AXIS2_PLACEMENT_3D('',#2900,#2901,#2902);
#2900 = CARTESIAN_POINT('',(23.53729198975,-7.799999999998,
    21.865958355714));
#2901 = DIRECTION('',(-5.429999999999E-15,1.,-1.9087E-13));
#2902 = DIRECTION('',(5.311115123126E-15,-1.9087E-13,-1.));
#2903 = ADVANCED_FACE('',(#2904),#2922,.T.);
#2904 = FACE_BOUND('',#2905,.T.);
#2905 = EDGE_LOOP('',(#2906,#2907,#2915,#2921));
#2906 = ORIENTED_EDGE('',*,*,#2394,.F.);
#2907 = ORIENTED_EDGE('',*,*,#2908,.F.);
#2908 = EDGE_CURVE('',#2909,#2395,#2911,.T.);
#2909 = VERTEX_POINT('',#2910);
#2910 = CARTESIAN_POINT('',(25.137291989749,-7.599999999997,
    12.965958355714));
#2911 = LINE('',#2912,#2913);
#2912 = CARTESIAN_POINT('',(25.137291989749,-7.599999999998,
    11.910774746243));
#2913 = VECTOR('',#2914,1.);
#2914 = DIRECTION('',(5.301115123126E-15,-1.9087E-13,-1.));
#2915 = ORIENTED_EDGE('',*,*,#2916,.F.);
#2916 = EDGE_CURVE('',#2866,#2909,#2917,.T.);
#2917 = LINE('',#2918,#2919);
#2918 = CARTESIAN_POINT('',(25.137291989749,-7.599999999997,
    12.965958355714));
#2919 = VECTOR('',#2920,1.);
#2920 = DIRECTION('',(1.,5.43E-15,5.301115123126E-15));
#2921 = ORIENTED_EDGE('',*,*,#2865,.F.);
#2922 = PLANE('',#2923);
#2923 = AXIS2_PLACEMENT_3D('',#2924,#2925,#2926);
#2924 = CARTESIAN_POINT('',(23.537291989749,-7.599999999997,
    14.565958355714));
#2925 = DIRECTION('',(5.429999999999E-15,-1.,1.9087E-13));
#2926 = DIRECTION('',(-5.301115123126E-15,1.9087E-13,1.));
#2927 = ADVANCED_FACE('',(#2928),#2954,.F.);
#2928 = FACE_BOUND('',#2929,.T.);
#2929 = EDGE_LOOP('',(#2930,#2936,#2937,#2938,#2944,#2945,#2946,#2952,
    #2953));
#2930 = ORIENTED_EDGE('',*,*,#2931,.F.);
#2931 = EDGE_CURVE('',#2412,#2404,#2932,.T.);
#2932 = LINE('',#2933,#2934);
#2933 = CARTESIAN_POINT('',(25.137291989749,-7.799999999999,
    17.415958355714));
#2934 = VECTOR('',#2935,1.);
#2935 = DIRECTION('',(5.301115123126E-15,-1.9087E-13,-1.));
#2936 = ORIENTED_EDGE('',*,*,#2420,.T.);
#2937 = ORIENTED_EDGE('',*,*,#2842,.T.);
#2938 = ORIENTED_EDGE('',*,*,#2939,.T.);
#2939 = EDGE_CURVE('',#2835,#2543,#2940,.T.);
#2940 = LINE('',#2941,#2942);
#2941 = CARTESIAN_POINT('',(25.137291989749,-7.799999999997,
    16.165958355714));
#2942 = VECTOR('',#2943,1.);
#2943 = DIRECTION('',(-4.049999999999E-15,1.,-1.7678E-13));
#2944 = ORIENTED_EDGE('',*,*,#2542,.T.);
#2945 = ORIENTED_EDGE('',*,*,#2573,.T.);
#2946 = ORIENTED_EDGE('',*,*,#2947,.F.);
#2947 = EDGE_CURVE('',#2909,#2566,#2948,.T.);
#2948 = LINE('',#2949,#2950);
#2949 = CARTESIAN_POINT('',(25.137291989749,-7.799999999997,
    12.965958355714));
#2950 = VECTOR('',#2951,1.);
#2951 = DIRECTION('',(-4.049999999999E-15,1.,-1.7678E-13));
#2952 = ORIENTED_EDGE('',*,*,#2908,.T.);
#2953 = ORIENTED_EDGE('',*,*,#2403,.F.);
#2954 = PLANE('',#2955);
#2955 = AXIS2_PLACEMENT_3D('',#2956,#2957,#2958);
#2956 = CARTESIAN_POINT('',(25.137291989749,-7.799999999997,
    12.965958355714));
#2957 = DIRECTION('',(1.,9.6E-15,5.301115123126E-15));
#2958 = DIRECTION('',(5.301115123128E-15,-1.9087E-13,-1.));
#2959 = ADVANCED_FACE('',(#2960),#2964,.F.);
#2960 = FACE_BOUND('',#2961,.T.);
#2961 = EDGE_LOOP('',(#2962,#2963));
#2962 = ORIENTED_EDGE('',*,*,#2931,.T.);
#2963 = ORIENTED_EDGE('',*,*,#2411,.F.);
#2964 = PLANE('',#2965);
#2965 = AXIS2_PLACEMENT_3D('',#2966,#2967,#2968);
#2966 = CARTESIAN_POINT('',(23.53729198975,-7.799999999998,
    21.865958355714));
#2967 = DIRECTION('',(-5.429999999999E-15,1.,-1.9087E-13));
#2968 = DIRECTION('',(5.311115123126E-15,-1.9087E-13,-1.));
#2969 = ADVANCED_FACE('',(#2970),#2989,.F.);
#2970 = FACE_BOUND('',#2971,.F.);
#2971 = EDGE_LOOP('',(#2972,#2980,#2987,#2988));
#2972 = ORIENTED_EDGE('',*,*,#2973,.T.);
#2973 = EDGE_CURVE('',#2446,#2974,#2976,.T.);
#2974 = VERTEX_POINT('',#2975);
#2975 = CARTESIAN_POINT('',(24.001917088812,-7.79962848199,
    19.515614188454));
#2976 = LINE('',#2977,#2978);
#2977 = CARTESIAN_POINT('',(24.001917088812,17.20037151801,
    19.51561418845));
#2978 = VECTOR('',#2979,1.);
#2979 = DIRECTION('',(5.449999999999E-15,-1.,1.8801E-13));
#2980 = ORIENTED_EDGE('',*,*,#2981,.F.);
#2981 = EDGE_CURVE('',#2974,#2974,#2982,.T.);
#2982 = CIRCLE('',#2983,2.35);
#2983 = AXIS2_PLACEMENT_3D('',#2984,#2985,#2986);
#2984 = CARTESIAN_POINT('',(24.001917088812,-7.799628481989,
    21.865614188454));
#2985 = DIRECTION('',(5.449999999999E-15,-1.,1.8801E-13));
#2986 = DIRECTION('',(-3.018111512313E-14,1.8801E-13,1.));
#2987 = ORIENTED_EDGE('',*,*,#2973,.F.);
#2988 = ORIENTED_EDGE('',*,*,#2455,.T.);
#2989 = CYLINDRICAL_SURFACE('',#2990,2.35);
#2990 = AXIS2_PLACEMENT_3D('',#2991,#2992,#2993);
#2991 = CARTESIAN_POINT('',(24.001917088812,17.200371518011,
    21.86561418845));
#2992 = DIRECTION('',(-5.449999999999E-15,1.,-1.8801E-13));
#2993 = DIRECTION('',(-3.018111512313E-14,1.8801E-13,1.));
#2994 = ADVANCED_FACE('',(#2995),#3014,.F.);
#2995 = FACE_BOUND('',#2996,.F.);
#2996 = EDGE_LOOP('',(#2997,#3005,#3012,#3013));
#2997 = ORIENTED_EDGE('',*,*,#2998,.T.);
#2998 = EDGE_CURVE('',#2471,#2999,#3001,.T.);
#2999 = VERTEX_POINT('',#3000);
#3000 = CARTESIAN_POINT('',(-24.00000037736,-7.79962848199,
    19.515614188453));
#3001 = LINE('',#3002,#3003);
#3002 = CARTESIAN_POINT('',(-24.00000037736,17.20037151801,
    19.515614188449));
#3003 = VECTOR('',#3004,1.);
#3004 = DIRECTION('',(5.389999999999E-15,-1.,1.8801E-13));
#3005 = ORIENTED_EDGE('',*,*,#3006,.T.);
#3006 = EDGE_CURVE('',#2999,#2999,#3007,.T.);
#3007 = CIRCLE('',#3008,2.35);
#3008 = AXIS2_PLACEMENT_3D('',#3009,#3010,#3011);
#3009 = CARTESIAN_POINT('',(-24.00000037736,-7.79962848199,
    21.865614188453));
#3010 = DIRECTION('',(-5.389999999999E-15,1.,-1.8801E-13));
#3011 = DIRECTION('',(-5.311115123126E-15,1.8801E-13,1.));
#3012 = ORIENTED_EDGE('',*,*,#2998,.F.);
#3013 = ORIENTED_EDGE('',*,*,#2478,.T.);
#3014 = CYLINDRICAL_SURFACE('',#3015,2.35);
#3015 = AXIS2_PLACEMENT_3D('',#3016,#3017,#3018);
#3016 = CARTESIAN_POINT('',(-24.00000037736,17.20037151801,
    21.865614188449));
#3017 = DIRECTION('',(5.389999999999E-15,-1.,1.8801E-13));
#3018 = DIRECTION('',(-5.311115123126E-15,1.8801E-13,1.));
#3019 = ADVANCED_FACE('',(#3020),#3027,.F.);
#3020 = FACE_BOUND('',#3021,.T.);
#3021 = EDGE_LOOP('',(#3022,#3023,#3024,#3025,#3026));
#3022 = ORIENTED_EDGE('',*,*,#2916,.T.);
#3023 = ORIENTED_EDGE('',*,*,#2947,.T.);
#3024 = ORIENTED_EDGE('',*,*,#2565,.T.);
#3025 = ORIENTED_EDGE('',*,*,#2504,.T.);
#3026 = ORIENTED_EDGE('',*,*,#2873,.F.);
#3027 = PLANE('',#3028);
#3028 = AXIS2_PLACEMENT_3D('',#3029,#3030,#3031);
#3029 = CARTESIAN_POINT('',(25.137291989749,-7.799999999997,
    12.965958355714));
#3030 = DIRECTION('',(5.301115123126E-15,-1.7678E-13,-1.));
#3031 = DIRECTION('',(-1.,-5.43E-15,-5.301115123125E-15));
#3032 = ADVANCED_FACE('',(#3033),#3040,.F.);
#3033 = FACE_BOUND('',#3034,.T.);
#3034 = EDGE_LOOP('',(#3035,#3036,#3037,#3038,#3039));
#3035 = ORIENTED_EDGE('',*,*,#2834,.T.);
#3036 = ORIENTED_EDGE('',*,*,#2881,.T.);
#3037 = ORIENTED_EDGE('',*,*,#2519,.T.);
#3038 = ORIENTED_EDGE('',*,*,#2550,.T.);
#3039 = ORIENTED_EDGE('',*,*,#2939,.F.);
#3040 = PLANE('',#3041);
#3041 = AXIS2_PLACEMENT_3D('',#3042,#3043,#3044);
#3042 = CARTESIAN_POINT('',(21.937291989749,-7.799999999997,
    16.165958355714));
#3043 = DIRECTION('',(-5.301115123126E-15,1.7678E-13,1.));
#3044 = DIRECTION('',(1.,5.43E-15,5.301115123125E-15));
#3045 = ADVANCED_FACE('',(#3046),#3053,.F.);
#3046 = FACE_BOUND('',#3047,.T.);
#3047 = EDGE_LOOP('',(#3048,#3049,#3050,#3051,#3052));
#3048 = ORIENTED_EDGE('',*,*,#2769,.T.);
#3049 = ORIENTED_EDGE('',*,*,#2800,.T.);
#3050 = ORIENTED_EDGE('',*,*,#2657,.T.);
#3051 = ORIENTED_EDGE('',*,*,#2596,.T.);
#3052 = ORIENTED_EDGE('',*,*,#2726,.F.);
#3053 = PLANE('',#3054);
#3054 = AXIS2_PLACEMENT_3D('',#3055,#3056,#3057);
#3055 = CARTESIAN_POINT('',(-21.93537531774,-7.799999999979,
    12.965958355713));
#3056 = DIRECTION('',(5.301115123126E-15,-1.7678E-13,-1.));
#3057 = DIRECTION('',(-1.,-5.43E-15,-5.301115123125E-15));
#3058 = ADVANCED_FACE('',(#3059),#3066,.F.);
#3059 = FACE_BOUND('',#3060,.T.);
#3060 = EDGE_LOOP('',(#3061,#3062,#3063,#3064,#3065));
#3061 = ORIENTED_EDGE('',*,*,#2687,.T.);
#3062 = ORIENTED_EDGE('',*,*,#2734,.T.);
#3063 = ORIENTED_EDGE('',*,*,#2611,.T.);
#3064 = ORIENTED_EDGE('',*,*,#2642,.T.);
#3065 = ORIENTED_EDGE('',*,*,#2792,.F.);
#3066 = PLANE('',#3067);
#3067 = AXIS2_PLACEMENT_3D('',#3068,#3069,#3070);
#3068 = CARTESIAN_POINT('',(-25.13537531774,-7.799999999979,
    16.165958355713));
#3069 = DIRECTION('',(-5.301115123126E-15,1.7678E-13,1.));
#3070 = DIRECTION('',(1.,5.43E-15,5.301115123125E-15));
#3071 = ADVANCED_FACE('',(#3072),#3075,.T.);
#3072 = FACE_BOUND('',#3073,.T.);
#3073 = EDGE_LOOP('',(#3074));
#3074 = ORIENTED_EDGE('',*,*,#2981,.F.);
#3075 = PLANE('',#3076);
#3076 = AXIS2_PLACEMENT_3D('',#3077,#3078,#3079);
#3077 = CARTESIAN_POINT('',(24.001917088812,-7.799628481989,
    21.865614188454));
#3078 = DIRECTION('',(-5.449999999999E-15,1.,-1.8801E-13));
#3079 = DIRECTION('',(-3.018111512313E-14,1.8801E-13,1.));
#3080 = ADVANCED_FACE('',(#3081),#3084,.F.);
#3081 = FACE_BOUND('',#3082,.T.);
#3082 = EDGE_LOOP('',(#3083));
#3083 = ORIENTED_EDGE('',*,*,#3006,.T.);
#3084 = PLANE('',#3085);
#3085 = AXIS2_PLACEMENT_3D('',#3086,#3087,#3088);
#3086 = CARTESIAN_POINT('',(-24.00000037736,-7.79962848199,
    21.865614188453));
#3087 = DIRECTION('',(5.389999999999E-15,-1.,1.8801E-13));
#3088 = DIRECTION('',(-5.311115123126E-15,1.8801E-13,1.));
#3089 = ADVANCED_FACE('',(#3090),#3098,.F.);
#3090 = FACE_BOUND('',#3091,.T.);
#3091 = EDGE_LOOP('',(#3092,#3093,#3094,#3095,#3096,#3097));
#3092 = ORIENTED_EDGE('',*,*,#1789,.F.);
#3093 = ORIENTED_EDGE('',*,*,#930,.T.);
#3094 = ORIENTED_EDGE('',*,*,#194,.T.);
#3095 = ORIENTED_EDGE('',*,*,#183,.T.);
#3096 = ORIENTED_EDGE('',*,*,#875,.F.);
#3097 = ORIENTED_EDGE('',*,*,#1798,.F.);
#3098 = CYLINDRICAL_SURFACE('',#3099,2.65);
#3099 = AXIS2_PLACEMENT_3D('',#3100,#3101,#3102);
#3100 = CARTESIAN_POINT('',(8.375,-10.04999999999,26.218201956878));
#3101 = DIRECTION('',(5.191115123126E-15,-1.924E-13,-1.));
#3102 = DIRECTION('',(1.,0.,5.191115123126E-15));
#3103 = ADVANCED_FACE('',(#3104),#3112,.F.);
#3104 = FACE_BOUND('',#3105,.T.);
#3105 = EDGE_LOOP('',(#3106,#3107,#3108,#3109,#3110,#3111));
#3106 = ORIENTED_EDGE('',*,*,#1860,.F.);
#3107 = ORIENTED_EDGE('',*,*,#1009,.T.);
#3108 = ORIENTED_EDGE('',*,*,#238,.T.);
#3109 = ORIENTED_EDGE('',*,*,#227,.T.);
#3110 = ORIENTED_EDGE('',*,*,#954,.F.);
#3111 = ORIENTED_EDGE('',*,*,#1869,.F.);
#3112 = CYLINDRICAL_SURFACE('',#3113,2.65);
#3113 = AXIS2_PLACEMENT_3D('',#3114,#3115,#3116);
#3114 = CARTESIAN_POINT('',(-8.375,-10.04999999999,26.218201956877));
#3115 = DIRECTION('',(5.191115123126E-15,-1.924E-13,-1.));
#3116 = DIRECTION('',(1.,0.,5.191115123126E-15));
#3117 = ( GEOMETRIC_REPRESENTATION_CONTEXT(3) 
GLOBAL_UNCERTAINTY_ASSIGNED_CONTEXT((#3121)) 
GLOBAL_UNIT_ASSIGNED_CONTEXT((#3118,#3119,#3120)) REPRESENTATION_CONTEXT
('Context #1','3D Context with UNIT and UNCERTAINTY') );
#3118 = ( LENGTH_UNIT() NAMED_UNIT(*) SI_UNIT(.MILLI.,.METRE.) );
#3119 = ( NAMED_UNIT(*) PLANE_ANGLE_UNIT() SI_UNIT($,.RADIAN.) );
#3120 = ( NAMED_UNIT(*) SI_UNIT($,.STERADIAN.) SOLID_ANGLE_UNIT() );
#3121 = UNCERTAINTY_MEASURE_WITH_UNIT(LENGTH_MEASURE(1.E-05),#3118,
  'distance_accuracy_value','confusion accuracy');
#3122 = PRODUCT_RELATED_PRODUCT_CATEGORY('part',$,(#7));
#3123 = MECHANICAL_DESIGN_GEOMETRIC_PRESENTATION_REPRESENTATION('',(
    #3124),#3117);
#3124 = STYLED_ITEM('color',(#3125),#15);
#3125 = PRESENTATION_STYLE_ASSIGNMENT((#3126,#3134));
#3126 = SURFACE_STYLE_USAGE(.BOTH.,#3127);
#3127 = SURFACE_SIDE_STYLE('',(#3128,#3132));
#3128 = SURFACE_STYLE_FILL_AREA(#3129);
#3129 = FILL_AREA_STYLE('',(#3130));
#3130 = FILL_AREA_STYLE_COLOUR('',#3131);
#3131 = COLOUR_RGB('',0.447059003357,0.474510015008,0.501960993452);
#3132 = SURFACE_STYLE_RENDERING_WITH_PROPERTIES(.NORMAL_SHADING.,#3131,(
    #3133));
#3133 = SURFACE_STYLE_TRANSPARENT(0.699999988079);
#3134 = CURVE_STYLE('',#3135,POSITIVE_LENGTH_MEASURE(0.1),#3136);
#3135 = DRAUGHTING_PRE_DEFINED_CURVE_FONT('continuous');
#3136 = COLOUR_RGB('',9.803921802644E-02,9.803921802644E-02,
  9.803921802644E-02);
ENDSEC;
END-ISO-10303-21;
